stationName,lat,long,crsCode,iataAirportCode,constituentCountry,region
Abbey Wood,51.490719,0.12   0343,ABW,,england,,South East
Aber,51.575363,-3.23089,ABE,,wales,,Wales
Abercynon,51.64262,-3.329549,ACY,,wales,,Wales
Aberdare,51.715019,-3.44313,ABA,,wales,,Wales
Aberdeen,57.143127,-2.097464,ABD,,scotland,,Scotland
Aberdour,56.054646,-3.300575,AUR,,scotland,,Scotland
Aberdovey,52.543934,-4.057118,AVY,,wales,,Wales
Abererch,52.898567,-4.37423,ABH,,wales,,Wales
Abergavenny,51.81665,-3.009679,AGV,,wales,,Wales
Abergele & Pensarn,53.294758,-3.581343,AGL,,wales,,Wales
Aberystwyth,52.414017,-4.081946,AYW,,wales,,Wales
Accrington,53.753193,-2.370016,ACR,,england,,North
Achanalt,57.609921,-4.914243,AAT,,scotland,,Scotland
Achnasheen,57.579205,-5.072421,ACN,,scotland,,Scotland
Achnashellach,57.482697,-5.333001,ACH,,scotland,,Scotland
Acklington,55.307129,-1.651816,ACK,,england,,North
Acle,52.634647,1.543981,ACL,,england,,North
Acocks Green,52.449291,-1.81898,ACG,,england,,Midlands
Acton Bridge,53.265961,-2.602689,ACB,,england,,North
Acton Central,51.508717,-0.263601,ACC,,england,,Midlands
Acton Main Line,51.516865,-0.26762,AML,,england,,Midlands
Adderley Park,52.483505,-1.854184,ADD,,england,,Midlands
Addiewell,55.843449,-3.60655,ADW,,scotland,,Scotland
Addlestone,51.372414,-0.48571,ASN,,england,,South East
Adisham,51.241352,1.199277,ADM,,england,,South East
Adlington (Cheshire),53.319542,-2.133571,ADC,,england,,North
Adlington (Lancashire),53.612926,-2.603084,ADL,,england,,North
Adwick,53.572994,-1.181465,AWK,,england,,North
Aigburth,53.364614,-2.927041,AIG,,england,,North
Ainsdale,53.601818,-3.042691,ANS,,england,,North
Aintree,53.473995,-2.956687,AIN,,england,,North
Airbles,55.782504,-3.994447,AIR,,scotland,,Scotland
Airdrie,55.864029,-3.982952,ADR,,scotland,,Scotland
Albany Park,51.435745,0.126427,AYP,,england,,South East
Albrighton,52.637917,-2.268913,ALB,,england,,North
Alderley Edge,53.303762,-2.236812,ALD,,england,,North
Aldermaston,51.402047,-1.136972,AMT,,england,,South East
Aldershot,51.246151,-0.760657,AHT,,england,,South East
Aldrington,50.836601,-0.182151,AGT,,england,,South East
Alexandra Palace,51.598225,-0.120129,AAP,,england,,Midlands
Alexandra Parade,55.863724,-4.211465,AXP,,scotland,,Scotland
Alexandria,55.98513,-4.577534,ALX,,scotland,,Scotland
Alfreton,53.100414,-1.369689,ALF,,england,,North
Allens West,54.524128,-1.363418,ALW,,england,,North
Alloa,56.1179,-3.7872,ALO,,scotland,,Scotland
Alness,57.694477,-4.249743,ASS,,scotland,,Scotland
Alnmouth,55.392456,-1.636858,ALM,,england,,North
Alresford,51.853828,0.997114,ALR,,england,,Midlands
Alsager,53.093054,-2.29861,ASG,,england,,North
Althorne,51.647526,0.753603,ALN,,england,,Midlands
Althorpe,53.585262,-0.732558,ALP,,england,,North
Altnabreac,58.388439,-3.705279,ABC,,scotland,,Scotland
Alton,51.151947,-0.967658,AON,,england,,South East
Altrincham,53.3874,-2.347212,ALT,,england,,North
Alvechurch,52.346607,-1.967854,ALV,,england,,Midlands
Ambergate,53.060501,-1.4807,AMB,,england,,North
Amberley,50.896507,-0.542446,AMY,,england,,South East
Amersham,51.67439,-0.60613,AMR,,england,,Midlands
Ammanford,51.795933,-3.996783,AMF,,wales,,Wales
Ancaster,52.987888,-0.535596,ANC,,england,,North
Anderston,55.859924,-4.271969,AND,,scotland,,Scotland
Andover,51.212048,-1.493167,ADV,,england,,South East
Anerley,51.41163,-0.064348,ANZ,,england,,South East
Angmering,50.816704,-0.489559,ANG,,england,,South East
Annan,54.98386,-3.262603,ANN,,scotland,,Scotland
Anniesland,55.889553,-4.321684,ANL,,scotland,,Scotland
Ansdell & Fairhaven,53.741558,-2.993077,AFV,,england,,North
Apperley Bridge,53.84138,-1.703065,APY,,england,,North
Appleby,54.58032,-2.486692,APP,,england,,North
Appledore (Kent),51.032623,0.816826,APD,,england,,South East
Appleford,51.639562,-1.242375,APF,,england,,Midlands
Appley Bridge,53.579029,-2.718906,APB,,england,,North
Apsley,51.732712,-0.463568,APS,,england,,Midlands
Arbroath,56.559628,-2.588928,ARB,,scotland,,Scotland
Ardgay,57.881119,-4.362604,ARD,,scotland,,Scotland
Ardlui,56.302025,-4.721712,AUI,,scotland,,Scotland
Ardrossan Harbour,55.640854,-4.823461,ADS,,scotland,,Scotland
Ardrossan South Beach,55.640495,-4.799593,ASB,,scotland,,Scotland
Ardrossan Town,55.639313,-4.812212,ADN,,scotland,,Scotland
Ardwick,53.47134,-2.213893,ADK,,england,,North
Argyle Street,55.855938,-4.244574,AGS,,scotland,,Scotland
Arisaig,56.912617,-5.839141,ARG,,scotland,,Scotland
Arlesey,52.025938,-0.266178,ARL,,england,,Midlands
Armadale,55.88639,-3.68504,ARM,,scotland,,Scotland
Armathwaite,54.809611,-2.77209,AWT,,england,,North
Arnside,54.202114,-2.827783,ARN,,england,,North
Arram,53.884567,-0.426833,ARR,,england,,North
Arrochar & Tarbet,56.204021,-4.722822,ART,,scotland,,Scotland
Arundel,50.848003,-0.546796,ARU,,england,,South East
Ascot,51.406185,-0.675827,ACT,,england,,South East
Ascott-Under-Wychwood,51.867376,-1.564136,AUW,,england,,Midlands
Ash,51.249222,-0.711856,ASH,,england,,South East
Ash Vale,51.272709,-0.721247,AHV,,england,,South East
Ashburys,53.471761,-2.194991,ABY,,england,,North
Ashchurch for Tewkesbury,51.997158,-2.10921,ASC,,england,,Midlands
Ashfield,55.889214,-4.2433,ASF,,scotland,,Scotland
Ashford International,51.14335294,0.875167251,AFK,,england,,South East
Ashford Surrey,51.436047,-0.469229,AFS,,england,,South East
Ashington,55.182,-1.573,ASL,,england,,North
Ashley,53.355984,-2.341029,ASY,,england,,North
Ashley Down,51.4788,-2.5767,ASD,,england,,South East
Ashtead,51.317822,-0.308126,AHD,,england,,South East
Ashton-Under-Lyne,53.491264,-2.093415,AHN,,england,,North
Ashurst Kent,51.128601,0.152298,AHS,,england,,South East
Ashurst New Forest,50.888865,-1.525097,ANF,,england,,South East
Ashwell & Morden,52.030586,-0.10934,AWM,,england,,Midlands
Askam,54.189049,-3.204545,ASK,,england,,North
Aslockton,52.951351,-0.898541,ALK,,england,,North
Aspatria,54.759338,-3.331752,ASP,,england,,North
Aspley Guise,52.020725,-0.631519,APG,,england,,Midlands
Aston,52.505104,-1.871788,AST,,england,,North
Atherstone,52.578949,-1.552808,ATH,,england,,North
Atherton,53.528817,-2.478683,ATN,,england,,North
Attadale,57.394871,-5.456549,ATT,,scotland,,Scotland
Attenborough,52.906322,-1.231262,ATB,,england,,North
Attleborough,52.514214,1.022719,ATL,,england,,North
Auchinleck,55.47031,-4.295389,AUK,,scotland,,Scotland
Audley End,52.004398,0.20719,AUD,,england,,Midlands
Aughton Park,53.55447,-2.895095,AUG,,england,,North
Aviemore,57.18914,-3.828348,AVM,,scotland,,Scotland
Avoncliff,51.339596,-2.281342,AVF,,england,,South East
Avonmouth,51.500194,-2.699332,AVN,,england,,Midlands
Axminster,50.778976,-3.005613,AXM,,england,,South East
Aylesbury,51.813868,-0.815048,AYS,,england,,Midlands
Aylesbury Vale Parkway,51.8327,-0.8623,AVP,,england,,Midlands
Aylesford,51.301384,0.465964,AYL,,england,,South East
Aylesham,51.227185,1.209682,AYH,,england,,South East
Ayr,55.458248,-4.626878,AYR,,scotland,,Scotland
Bache,53.209312,-2.892386,BAC,,england,,North
Baglan,51.61549,-3.811182,BAJ,,wales,,Wales
Bagshot,51.364964,-0.688501,BAG,,england,,South East
Baildon,53.849682,-1.753717,BLD,,england,,North
Baillieston,55.844761,-4.11454,BIO,,scotland,,Scotland
Balcombe,51.05624,-0.137881,BAB,,england,,South East
Baldock,51.993156,-0.188106,BDK,,england,,Midlands
Balham,51.443169,-0.152403,BAL,,england,,South East
Balloch Central,56.002983,-4.583539,BHC,,scotland,,Scotland
Balmossie,56.475548,-2.83764,BSI,,scotland,,Scotland
Bamber Bridge,53.726772,-2.660793,BMB,,england,,North
Bamford,53.338985,-1.689078,BAM,,england,,North
Banavie,56.84338,-5.095477,BNV,,scotland,,Scotland
Banbury,52.060925,-1.327541,BAN,,england,,Midlands
Bangor (Gwynedd),53.222902,-4.135505,BNG,,wales,,Wales
Bank Hall,53.437357,-2.987509,BAH,,england,,North
Banstead,51.329922,-0.214384,BAD,,england,,South East
Barassie,55.5611,-4.651181,BSS,,scotland,,Scotland
Bardon Mill,54.974636,-2.349922,BLL,,england,,North
Bare Lane,54.074473,-2.835331,BAR,,england,,North
Bargeddie,55.851776,-4.071789,BGI,,scotland,,Scotland
Bargoed,51.692268,-3.229717,BGD,,wales,,Wales
Barking,51.539982,0.080804,BKG,,england,,Midlands
Barking Riverside,51.519108,0.114764,BGV,,england,,Midlands
Barlaston,52.942856,-2.168118,BRT,,england,,North
Barming,51.284904,0.479428,BMG,,england,,South East
Barmouth,52.72287,-4.056641,BRM,,wales,,Wales
Barnehurst,51.464798,0.160885,BNH,,england,,South East
Barnes,51.467014,-0.240711,BNS,,england,,South East
Barnes Bridge,51.471676,-0.252051,BNI,,england,,South East
Barnetby,53.574219,-0.409679,BTB,,england,,North
Barnham,50.831135,-0.639627,BAA,,england,,South East
Barnhill,55.877895,-4.223463,BNL,,scotland,,Scotland
Barnsley,53.553978,-1.477688,BNY,,england,,North
Barnstaple,51.073532,-4.064032,BNP,,england,,South East
Barnt Green,52.361328,-1.994098,BTG,,england,,Midlands
Barrhead,55.804535,-4.396411,BRR,,scotland,,Scotland
Barrhill,55.097031,-4.781834,BRL,,scotland,,Scotland
Barrow Haven,53.697128,-0.391427,BAV,,england,,North
Barrow Upon Soar,52.750244,-1.14956,BWS,,england,,North
Barrow-In-Furness,54.118879,-3.22614,BIF,,england,,North
Barry,51.396729,-3.285023,BRY,,wales,,Wales
Barry Docks,51.402393,-3.260749,BYD,,wales,,Wales
Barry Island,51.392361,-3.273405,BYI,,wales,,Wales
Barry Links,56.493206,-2.745444,BYL,,scotland,,Scotland
Barton-On-Humber,53.688824,-0.443233,BAU,,england,,North
Basildon,51.568672,0.457309,BSO,,england,,Midlands
Basingstoke,51.26804,-1.086896,BSK,,england,,South East
Bat & Ball,51.289703,0.194258,BBL,,england,,South East
Bath Spa,51.378059,-2.356302,BTH,,england,,South East
Bathgate,55.898678,-3.644019,BHG,,scotland,,Scotland
Batley,53.709129,-1.622734,BTL,,england,,North
Battersby,54.457687,-1.092945,BTT,,england,,North
Battersea Park,51.477272,-0.148151,BAK,,england,,South East
Battle,50.91312,0.495169,BAT,,england,,South East
Battlesbridge,51.624805,0.565826,BLB,,england,,Midlands
Bayford,51.758808,-0.096074,BAY,,england,,Midlands
Beaconsfield,51.611141,-0.643644,BCF,,england,,Midlands
Bearley,52.244252,-1.750259,BER,,england,,Midlands
Bearsden,55.917202,-4.332945,BRN,,scotland,,Scotland
Bearsted,51.275589,0.57786,BSD,,england,,South East
Beasdale,56.899624,-5.763864,BSL,,scotland,,Scotland
Beaulieu Park,51.7574,0.5187,BPA,,england,,Midlands
Beaulieu Road,50.854206,-1.505586,BEU,,england,,South East
Beauly,57.478,-4.4698,BEL,,scotland,,Scotland
Bebington,53.357651,-3.003659,BEB,,england,,North
Beccles,52.458481,1.569547,BCC,,england,,Midlands
Beckenham Hill,51.424767,-0.016497,BEC,,england,,South East
Beckenham Junction,51.411446,-0.027144,BKJ,,england,,South East
Bedford,52.136175,-0.47945,BDM,,england,,Midlands
Bedford St Johns,52.129299,-0.467348,BSJ,,england,,Midlands
Bedhampton,50.853638,-0.996989,BDH,,england,,South East
Bedlington,55.140419,-1.56863,BEJ,,england,,North
Bedminster,51.440037,-2.594184,BMT,,england,,South East
Bedworth,52.479133,-1.46749,BEH,,england,,Midlands
Bedwyn,51.379715,-1.599077,BDW,,england,,South East
Beeston,52.920551,-1.207211,BEE,,england,,North
Bekesbourne,51.261051,1.136125,BKS,,england,,South East
Belle Vue,53.462181,-2.180809,BLV,,england,,North
Bellgrove,55.857182,-4.22547,BLG,,scotland,,Scotland
Bellingham,51.433826,-0.020421,BGM,,england,,South East
Bellshill,55.816605,-4.025222,BLH,,scotland,,Scotland
Belmont,51.344086,-0.199471,BLM,,england,,South East
Belper,53.024555,-1.482622,BLP,,england,,North
Beltring,51.204651,0.403518,BEG,,england,,South East
Belvedere,51.491936,0.152088,BVD,,england,,South East
Bempton,54.128296,-0.180389,BEM,,england,,North
Ben Rhydding,53.926167,-1.797429,BEY,,england,,North
Benfleet,51.543964,0.561273,BEF,,england,,Midlands
Bentham,54.115791,-2.510918,BEN,,england,,North
Bentley (Hampshire),51.180695,-0.868287,BTY,,england,,South East
Bentley (South Yorkshire),53.542865,-1.148788,BYK,,england,,North
Bere Alston,50.485535,-4.200418,BAS,,england,,South East
Bere Ferrers,50.450798,-4.181901,BFE,,england,,South East
Berkhamsted,51.763638,-0.562498,BKM,,england,,Midlands
Berkswell,52.395851,-1.642845,BKW,,england,,Midlands
Bermuda Park,52.5029,-1.4726,BEP,,england,,North
Berney Arms,52.589745,1.63043,BYA,,england,,North
Berry Brow,53.622368,-1.797371,BBW,,england,,North
Berrylands,51.39838,-0.282157,BRS,,england,,South East
Berwick (Sussex),50.840569,0.164587,BRK,,england,,South East
Berwick-Upon-Tweed,55.774872,-2.01112,BWK,,england,,North
Bescar Lane,53.623531,-2.914703,BES,,england,,North
Bescot Stadium,52.562702,-1.991116,BSC,,england,,North
Betchworth,51.247993,-0.26771,BTO,,england,,South East
Bethnal Green,51.524406,-0.059747,BET,,england,,Midlands
Betws-Y-Coed,53.092056,-3.80091,BYC,,wales,,Wales
Beverley,53.842281,-0.423855,BEV,,england,,North
Bexhill,50.840679,0.475678,BEX,,england,,South East
Bexley,51.440742,0.148248,BXY,,england,,South East
Bexleyheath,51.463493,0.133471,BXH,,england,,South East
Bicester North,51.903401,-1.150517,BCS,,england,,Midlands
Bicester Village,51.893429,-1.148393,BIT,,england,,Midlands
Bickley,51.40033,0.044272,BKL,,england,,South East
Bidston,53.40913,-3.078589,BID,,england,,North
Biggleswade,52.085068,-0.260294,BIW,,england,,Midlands
Bilbrook,52.623695,-2.186101,BBK,,england,,North
Billericay,51.628834,0.418656,BIC,,england,,Midlands
Billingham,54.606327,-1.278525,BIL,,england,,North
Billingshurst,51.014938,-0.450348,BIG,,england,,South East
Bingham,52.954536,-0.952044,BIN,,england,,North
Bingley,53.84803,-1.837327,BIY,,england,,North
Birchgrove,51.521687,-3.203502,BCG,,wales,,Wales
Birchington-On-Sea,51.377956,1.300781,BCH,,england,,South East
Birchwood,53.41193,-2.52802,BWD,,england,,North
Birkbeck,51.403847,-0.056218,BIK,,england,,South East
Birkdale,53.633514,-3.014742,BDL,,england,,North
Birkenhead Central,53.388244,-3.020897,BKC,,england,,North
Birkenhead Hamilton Square,53.39469,-3.01365,BKQ,,england,,North
Birkenhead North,53.404819,-3.057425,BKN,,england,,North
Birkenhead Park,53.397417,-3.03927,BKP,,england,,North
Birmingham International,52.450673,-1.725149,BHI,,england,,Midlands
Birmingham Moor Street,52.479053,-1.892483,BMO,,england,,Midlands
Birmingham New Street,52.478153,-1.898375,BHM,,england,,Midlands
Birmingham Snow Hill,52.483555,-1.899833,BSW,,england,,Midlands
Bishop Auckland,54.657482,-1.677545,BIA,,england,,North
Bishopbriggs,55.903927,-4.224958,BBG,,scotland,,Scotland
Bishops Stortford,51.866692,0.16557,BIS,,england,,Midlands
Bishopstone (Sussex),50.78,0.0824,BIP,,england,,South East
Bishopton,55.902206,-4.501637,BPT,,scotland,,Scotland
Bitterne,50.918343,-1.378279,BTE,,england,,South East
Blackburn,53.746513,-2.479135,BBN,,england,,North
Blackheath,51.465706,0.008317,BKH,,england,,South East
Blackhorse Road,51.586143,-0.04123,BHO,,england,,Midlands
Blackpool North,53.822772,-3.049908,BPN,,england,,North
Blackpool Pleasure Beach,53.788154,-3.053856,BPB,,england,,North
Blackpool South,53.798611,-3.049081,BPS,,england,,North
Blackridge,55.88368,-3.75047,BKR,,scotland,,Scotland
Blackrod,53.591522,-2.56954,BLK,,england,,North
Blackwater,51.33176,-0.777023,BAW,,england,,South East
Blaenau Ffestiniog,52.996284,-3.944449,BFF,,wales,,Wales
Blair Atholl,56.765614,-3.85025,BLA,,scotland,,Scotland
Blairhill,55.866653,-4.04221,BAI,,scotland,,Scotland
Blake Street,52.605054,-1.844888,BKT,,england,,North
Blakedown,52.406147,-2.176365,BKD,,england,,Midlands
Blantyre,55.7976,-4.086466,BLT,,scotland,,Scotland
Blaydon,54.965813,-1.712578,BLO,,england,,North
Bleasby,53.041649,-0.942469,BSB,,england,,North
Bletchley,51.995339,-0.736368,BLY,,england,,Midlands
Bloxwich,52.61853,-2.011783,BLX,,england,,North
Bloxwich North,52.625637,-2.019173,BWN,,england,,North
Blundellsands & Crosby,53.487675,-3.039889,BLN,,england,,North
Blythe Bridge,52.968124,-2.066966,BYB,,england,,North
Bodmin Parkway,50.445822,-4.663026,BOD,,england,,South East
Bodorgan,53.204292,-4.418067,BOR,,wales,,Wales
Bognor Regis,50.786594,-0.676384,BOG,,england,,South East
Bogston,55.937267,-4.713676,BGS,,scotland,,Scotland
Bolton,53.573983,-2.425661,BON,,england,,North
Bolton-On-Dearne,53.518986,-1.312217,BTD,,england,,North
Bond Street,51.514,-0.15,BDS,,england,,Midlands
Bookham,51.288334,-0.385224,BKA,,england,,South East
Bootle (Cumbria),54.290249,-3.394818,BOC,,england,,North
Bootle New Strand,53.453357,-2.994676,BNW,,england,,North
Bootle Oriel Road,53.446559,-2.995791,BOT,,england,,North
Bordesley,52.471844,-1.877771,BBS,,england,,Midlands
Borough Green & Wrotham,51.29295,0.306296,BRG,,england,,South East
Borth,52.491001,-4.050236,BRH,,wales,,Wales
Bosham,50.843262,-0.846655,BOH,,england,,South East
Boston,52.978802,-0.030949,BSN,,england,,North
Botley,50.916748,-1.258809,BOE,,england,,South East
Bottesford,52.944962,-0.796012,BTF,,england,,North
Bourne End,51.576538,-0.711287,BNE,,england,,Midlands
Bournemouth,50.727478,-1.863955,BMH,,england,,South East
Bournville,52.426937,-1.926434,BRV,,england,,Midlands
Bow Brickhill,52.003475,-0.696154,BWB,,england,,Midlands
Bow Street,52.439914,-4.03036,BOW,,wales,,Wales
Bowes Park,51.607216,-0.119761,BOP,,england,,Midlands
Bowling,55.931129,-4.493879,BWG,,scotland,,Scotland
Box Hill & Westhumble,51.253376,-0.329128,BXW,,england,,South East
Bracknell,51.413319,-0.751833,BCE,,england,,South East
Bradford Forster Square,53.79575,-1.752505,BDQ,,england,,North
Bradford Interchange,53.791196,-1.749701,BDI,,england,,North
Bradford-On-Avon,51.345058,-2.252669,BOA,,england,,South East
Brading,50.678509,-1.13801,BDN,,england,,South East
Braintree,51.874989,0.558261,BTR,,england,,Midlands
Braintree Freeport,51.869316,0.568258,BTP,,england,,Midlands
Bramhall,53.359959,-2.162249,BML,,england,,North
Bramley (Hants),51.32988,-1.061265,BMY,,england,,South East
Bramley (West Yorkshire),53.803532,-1.630985,BLE,,england,,North
Brampton (Cumbria),54.932655,-2.703814,BMP,,england,,North
Brampton (Suffolk),52.395397,1.543871,BRP,,england,,Midlands
Branchton,55.940647,-4.803598,BCN,,scotland,,Scotland
Brandon,52.454479,0.624116,BND,,england,,Midlands
Branksome,50.727528,-1.919211,BSM,,england,,South East
Braystones,54.43956,-3.543406,BYS,,england,,North
Bredbury,53.422939,-2.109823,BDY,,england,,North
Breich,55.827351,-3.668147,BRC,,scotland,,Scotland
Brent Cross West,51.5687,-0.2269,BCZ,,england,,Midlands
Brentford,51.487804,-0.309048,BFD,,england,,South East
Brentwood,51.61322,0.30083,BRE,,england,,Midlands
Bricket Wood,51.705223,-0.358846,BWO,,england,,Midlands
Bridge of Allan,56.157429,-3.956166,BEA,,scotland,,Scotland
Bridge of Orchy,56.515926,-4.763048,BRO,,scotland,,Scotland
Bridgend,51.506481,-3.576296,BGN,,wales,,Wales
Bridgeton,55.849968,-4.226668,BDG,,scotland,,Scotland
Bridgwater,51.128025,-2.99031,BWT,,england,,South East
Bridlington,54.084545,-0.200659,BDT,,england,,North
Brierfield,53.824535,-2.236959,BRF,,england,,North
Brigg,53.549137,-0.486094,BGG,,england,,North
Brighouse,53.698734,-1.781855,BGH,,england,,North
Brighton,50.829659,-0.141234,BTN,,england,,South East
Brimsdown,51.655224,-0.031022,BMD,,england,,Midlands
Brinnington,53.431881,-2.134097,BNT,,england,,North
Bristol Parkway,51.514061,-2.53461,BPW,,england,,Midlands
Bristol Temple Meads,51.449093,-2.581349,BRI,,england,,South East
Brithdir,51.710266,-3.228765,BHD,,wales,,Wales
Briton Ferry,51.637852,-3.8193,BNF,,wales,,Wales
Brixton,51.463245,-0.114164,BRX,,england,,South East
Broad Green,53.40654,-2.893267,BGE,,england,,North
Broadbottom,53.440968,-2.01653,BDB,,england,,North
Broadstairs,51.360653,1.43317,BSR,,england,,South East
Brockenhurst,50.816708,-1.574112,BCU,,england,,South East
Brockholes,53.597149,-1.770299,BHS,,england,,North
Brockley,51.464684,-0.037797,BCY,,england,,South East
Brockley Whins,54.958672,-1.462749,BNR,,england,,North
Bromborough,53.322146,-2.987058,BOM,,england,,North
Bromborough Rake,53.329899,-2.989644,BMR,,england,,North
Bromley Cross,53.613743,-2.409614,BMC,,england,,North
Bromley North,51.408894,0.017325,BMN,,england,,South East
Bromley South,51.399887,0.018374,BMS,,england,,South East
Bromsgrove,52.322662,-2.048379,BMV,,england,,Midlands
Brondesbury,51.545574,-0.203063,BSY,,england,,Midlands
Brondesbury Park,51.540896,-0.209955,BSP,,england,,Midlands
Brookmans Park,51.720955,-0.204811,BPK,,england,,Midlands
Brookwood,51.303215,-0.635753,BKO,,england,,South East
Broome,52.422745,-2.88524,BME,,england,,Midlands
Broomfleet,53.740131,-0.673328,BMF,,england,,North
Brora,58.012657,-3.853251,BRA,,scotland,,Scotland
Brough,53.726452,-0.578255,BUH,,england,,North
Broughty Ferry,56.467213,-2.873153,BYF,,scotland,,Scotland
Broxbourne,51.745712,-0.011157,BXB,,england,,Midlands
Bruce Grove,51.592918,-0.06982,BCV,,england,,Midlands
Brundall,52.619747,1.439316,BDA,,england,,North
Brundall Gardens,52.623035,1.418896,BGA,,england,,North
Brunstane,55.94143,-3.10064,BSU,,scotland,,Scotland
Brunswick,53.382153,-2.975665,BRW,,england,,North
Bruton,51.111584,-2.447103,BRU,,england,,South East
Bryn,53.499893,-2.647233,BYN,,england,,North
Buckenham,52.59816,1.47013,BUC,,england,,North
Buckley,53.163021,-3.055948,BCK,,wales,,Wales
Bucknell,52.357525,-2.948551,BUK,,england,,Midlands
Buckshaw Parkway,53.67283,-2.66447,BSV,,england,,North
Bugle,50.399979,-4.791736,BGL,,england,,South East
Builth Road,52.169289,-3.427068,BHR,,wales,,Wales
Bulwell,52.999625,-1.196115,BLW,,england,,North
Bures,51.97094,0.769021,BUE,,england,,Midlands
Burgess Hill,50.953552,-0.127749,BUG,,england,,South East
Burley Park,53.808743,-1.576277,BUY,,england,,North
Burley-In-Wharfedale,53.908112,-1.753363,BUW,,england,,North
Burnage,53.421205,-2.215896,BNA,,england,,North
Burneside,54.355305,-2.766231,BUD,,england,,North
Burnham,51.523538,-0.647335,BNM,,england,,Midlands
Burnham-On-Crouch,51.633526,0.813459,BUU,,england,,Midlands
Burnley Barracks,53.791237,-2.258014,BUB,,england,,North
Burnley Central,53.793776,-2.244644,BNC,,england,,North
Burnley Manchester Road,53.784962,-2.248883,BYM,,england,,North
Burnside,55.817123,-4.204029,BUI,,scotland,,Scotland
Burntisland,56.057133,-3.233214,BTS,,scotland,,Scotland
Burscough Bridge,53.60519,-2.841758,BCB,,england,,North
Burscough Junction,53.598011,-2.840105,BCJ,,england,,North
Bursledon,50.882858,-1.304835,BUO,,england,,South East
Burton Joyce,52.984047,-1.040698,BUJ,,england,,North
Burton-On-Trent,52.805798,-1.64246,BUT,,england,,North
Bury St Edmunds,52.253727,0.713355,BSE,,england,,Midlands
Busby,55.780109,-4.262551,BUS,,scotland,,Scotland
Bush Hill Park,51.642365,-0.06916,BHK,,england,,Midlands
Bushey,51.644669,-0.384806,BSH,,england,,Midlands
Butlers Lane,52.592376,-1.838163,BUL,,england,,North
Buxted,50.990475,0.131651,BXD,,england,,South East
Buxton,53.26058,-1.913086,BUX,,england,,North
Byfleet & New Haw,51.349869,-0.480714,BFN,,england,,South East
Bynea,51.67276,-4.098396,BYE,,wales,,Wales
Cadoxton,51.412422,-3.248087,CAD,,wales,,Wales
Caergwrle,53.107922,-3.033069,CGW,,wales,,Wales
Caerphilly,51.571903,-3.217805,CPH,,wales,,Wales
Caersws,52.516262,-3.43387,CWS,,wales,,Wales
Caldercruix,55.88791,-3.88978,CAC,,scotland,,Scotland
Caldicot,51.58474,-2.760598,CDT,,wales,,Wales
Caledonian Road & Barnsbury,51.543301,-0.115177,CIR,,england,,Midlands
Calstock,50.497487,-4.208665,CSK,,england,,South East
Cam & Dursley,51.71701,-2.366194,CDU,,england,,Midlands
Camberley,51.335911,-0.745328,CAM,,england,,South East
Camborne,50.210392,-5.297921,CBN,,england,,South East
Cambridge,52.194519,0.137584,CBG,,england,,Midlands
Cambridge Heath,51.53157,-0.057997,CBH,,england,,Midlands
Cambridge North,52.223333,0.157778,CMB,,england,,Midlands
Cambuslang,55.819458,-4.173839,CBL,,scotland,,Scotland
Camden Road,51.541889,-0.139764,CMD,,england,,Midlands
Camelon,56.006775,-3.817015,CMO,,scotland,,Scotland
Cameron Bridge,56.189693,-3.046855,CBX,,scotland,,Scotland
Canada Water,51.49823,-0.05076,ZCW,,england,,South East
Canary Wharf,51.5061,-0.01578,CWX,,england,,Midlands
Canley,52.399418,-1.547232,CNL,,england,,Midlands
Cannock,52.686768,-2.022158,CAO,,england,,North
Canonbury,51.548747,-0.091614,CNN,,england,,Midlands
Canterbury East,51.275261,1.075434,CBE,,england,,South East
Canterbury West,51.284279,1.074608,CBW,,england,,South East
Cantley,52.578907,1.512899,CNY,,england,,North
Capenhurst,53.260155,-2.942908,CPU,,england,,North
Carbis Bay,50.19746,-5.463815,CBB,,england,,South East
Cardenden,56.141308,-3.261651,CDD,,scotland,,Scotland
Cardiff Bay,51.466324,-3.166049,CDB,,wales,,Wales
Cardiff Central,51.475193,-3.177794,CDF,,wales,,Wales
Cardiff Queen Street,51.482464,-3.170782,CDQ,,wales,,Wales
Cardonald,55.853252,-4.340297,CDO,,scotland,,Scotland
Cardross,55.960163,-4.652782,CDR,,scotland,,Scotland
Carfin,55.806938,-3.956112,CRF,,scotland,,Scotland
Cark,54.177513,-2.972746,CAK,,england,,North
Carlisle,54.890675,-2.933833,CAR,,england,,North
Carlton,52.964573,-1.078357,CTO,,england,,North
Carluke,55.730408,-3.848761,CLU,,scotland,,Scotland
Carmarthen,51.853233,-4.305732,CMN,,wales,,Wales
Carmyle,55.834053,-4.161873,CML,,scotland,,Scotland
Carnforth,54.129688,-2.771244,CNF,,england,,North
Carnoustie,56.500618,-2.7066,CAN,,scotland,,Scotland
Carntyne,55.854412,-4.17898,CAY,,scotland,,Scotland
Carpenders Park,51.627885,-0.385578,CPK,,england,,Midlands
Carrbridge,57.279873,-3.829541,CAG,,scotland,,Scotland
Carshalton,51.367859,-0.16693,CSH,,england,,South East
Carshalton Beeches,51.357117,-0.17023,CSB,,england,,South East
Carstairs,55.69075,-3.668696,CRS,,scotland,,Scotland
Cartsdyke,55.942261,-4.731633,CDY,,scotland,,Scotland
Castle Bar Park,51.522865,-0.331575,CBP,,england,,Midlands
Castle Cary,51.099583,-2.522683,CLC,,england,,South East
Castleford,53.724171,-1.355852,CFD,,england,,North
Castleton,53.591804,-2.178125,CAS,,england,,North
Castleton Moor,54.467297,-0.947707,CSM,,england,,North
Caterham,51.282803,-0.078539,CAT,,england,,South East
Catford,51.444706,-0.025701,CTF,,england,,South East
Catford Bridge,51.444725,-0.027142,CFB,,england,,South East
Cathays,51.488678,-3.178149,CYS,,wales,,Wales
Cathcart,55.817879,-4.261552,CCT,,scotland,,Scotland
Cattal,53.997515,-1.319808,CTL,,england,,North
Causeland,50.405525,-4.466937,CAU,,england,,South East
Cefn-Y-Bedd,53.098511,-3.031972,CYB,,wales,,Wales
Chadwell Heath,51.567905,0.128263,CTH,,england,,Midlands
Chafford Hundred,51.502792,0.290938,CFH,,england,,Midlands
Chalfont & Latimer,51.66835,-0.560646,CFO,,england,,Midlands
Chalkwell,51.53883,0.6706,CHW,,england,,Midlands
Chandlers Ford,50.983,-1.3845,CFR,,england,,South East
Chapel-En-Le-Frith,53.312405,-1.918915,CEF,,england,,North
Chapeltown,53.464046,-1.466743,CLN,,england,,North
Chapleton,51.01577,-4.024398,CPN,,england,,South East
Chappel & Wakes Colne,51.925312,0.758944,CWC,,england,,Midlands
Charing,51.208649,0.790337,CHG,,england,,South East
Charing Cross (Glasgow),55.865345,-4.270689,CHC,,scotland,,Scotland
Charlbury,51.872929,-1.490133,CBY,,england,,Midlands
Charlton,51.486904,0.030852,CTN,,england,,South East
Chartham,51.256958,1.018303,CRT,,england,,South East
Chassen Road,53.44605,-2.368171,CSR,,england,,North
Chatelherault,55.76521,-4.00466,CTE,,scotland,,Scotland
Chatham,51.381161,0.520559,CTM,,england,,South East
Chathill,55.536404,-1.706846,CHT,,england,,North
Cheadle Hulme,53.375956,-2.188125,CHU,,england,,North
Cheam,51.35601,-0.2148,CHE,,england,,South East
Cheddington,51.857908,-0.662168,CED,,england,,Midlands
Chelford,53.270744,-2.280375,CEL,,england,,North
Chelmsford,51.736595,0.469316,CHM,,england,,Midlands
Chelsfield,51.35603,0.108373,CLD,,england,,South East
Cheltenham Spa,51.896465,-2.100245,CNM,,england,,Midlands
Chepstow,51.640137,-2.67193,CPW,,wales,,Wales
Cherry Tree,53.732868,-2.518401,CYT,,england,,North
Chertsey,51.387108,-0.509667,CHY,,england,,South East
Cheshunt,51.702747,-0.023171,CHN,,england,,Midlands
Chessington North,51.364483,-0.300661,CSN,,england,,South East
Chessington South,51.356491,-0.308144,CSS,,england,,South East
Chester,53.196815,-2.880152,CTR,,england,,North
Chester Road,52.535575,-1.832582,CRD,,england,,North
Chester-Le-Street,54.854885,-1.577847,CLS,,england,,North
Chesterfield,53.238209,-1.42011,CHD,,england,,North
Chestfield & Swalecliffe,51.360004,1.068182,CSW,,england,,South East
Chetnole,50.866428,-2.574072,CNO,,england,,South East
Chichester,50.831821,-0.783032,CCH,,england,,South East
Chilham,51.244549,0.975937,CIL,,england,,South East
Chilworth,51.21553,-0.523795,CHL,,england,,South East
Chingford,51.63385,0.009955,CHI,,england,,Midlands
Chinley,53.340275,-1.9444,CLY,,england,,North
Chippenham,51.462162,-2.115123,CPM,,england,,South East
Chipstead,51.309444,-0.169259,CHP,,england,,South East
Chirk,52.932793,-3.066708,CRK,,wales,,Wales
Chislehurst,51.405506,0.057437,CIT,,england,,South East
Chiswick,51.4809,-0.267538,CHK,,england,,South East
Cholsey,51.570135,-1.157942,CHO,,england,,Midlands
Chorley,53.652428,-2.626693,CRL,,england,,North
Chorleywood,51.654188,-0.51846,CLW,,england,,Midlands
Christchurch,50.738148,-1.784566,CHR,,england,,South East
Christs Hospital,51.050629,-0.363538,CHH,,england,,South East
Church & Oswaldtwistle,53.750431,-2.391216,CTW,,england,,North
Church Fenton,53.827671,-1.226652,CHF,,england,,North
Church Stretton,52.536606,-2.803485,CTT,,england,,North
Cilmeri,52.150936,-3.45719,CIM,,wales,,Wales
City Thameslink,51.514336,-0.103412,CTK,,england,,Midlands
Clacton-On-Sea,51.793953,1.154134,CLT,,england,,Midlands
Clandon,51.263832,-0.503622,CLA,,england,,South East
Clapham (North Yorkshire),54.105392,-2.409858,CPY,,england,,North
Clapham High Street,51.46534,-0.1328,CLP,,england,,South East
Clapham Junction,51.464134,-0.170281,CLJ,,england,,South East
Clapton,51.56213,-0.056685,CPT,,england,,Midlands
Clarbeston Road,51.852207,-4.88221,CLR,,wales,,Wales
Clarkston,55.789753,-4.275865,CKS,,scotland,,Scotland
Claverdon,52.276424,-1.696566,CLV,,england,,Midlands
Claygate,51.360664,-0.348207,CLG,,england,,South East
Cleethorpes,53.56316,-0.029584,CLE,,england,,North
Cleland,55.804073,-3.909695,CEA,,scotland,,Scotland
Clifton,53.522503,-2.314811,CLI,,england,,North
Clifton Down,51.46423,-2.611761,CFN,,england,,South East
Clitheroe,53.87345,-2.394365,CLH,,england,,North
Clock House,51.408096,-0.041668,CLK,,england,,South East
Clunderwen,51.8405,-4.731915,CUW,,wales,,Wales
Clydebank,55.900562,-4.403927,CYK,,scotland,,Scotland
Coatbridge Central,55.863213,-4.032443,CBC,,scotland,,Scotland
Coatbridge Sunnyside,55.866886,-4.027847,CBS,,scotland,,Scotland
Coatdyke,55.864567,-4.005343,COA,,scotland,,Scotland
Cobham & Stoke Dabernon,51.318077,-0.389917,CSD,,england,,South East
Codsall,52.627262,-2.200891,CSL,,england,,North
Cogan,51.445396,-3.189974,CGN,,wales,,Wales
Colchester,51.900478,0.894085,COL,,england,,Midlands
Colchester Town,51.886505,0.904055,CET,,england,,Midlands
Coleshill Parkway,52.5164,-1.7081,CEH,,england,,North
Collingham,53.144047,-0.748588,CLM,,england,,North
Collington,50.839272,0.457142,CLL,,england,,South East
Colne,53.85478,-2.181087,CNE,,england,,North
Colwall,52.080284,-2.357489,CWL,,england,,Midlands
Colwyn Bay,53.296349,-3.725462,CWB,,wales,,Wales
Combe,51.832277,-1.392817,CME,,england,,Midlands
Commondale,54.481018,-0.97514,COM,,england,,North
Congleton,53.157637,-2.192754,CNG,,england,,North
Conisbrough,53.48885,-1.234333,CNS,,england,,North
Connel Ferry,56.451981,-5.384973,CON,,scotland,,Scotland
Conon Bridge,57.5617,-4.4404,CBD,,scotland,,Scotland
Cononley,53.917351,-2.010631,CEY,,england,,North
Conway Park,53.386219,-3.026886,CNP,,england,,North
Conwy,53.280093,-3.83046,CNW,,wales,,Wales
Cooden Beach,50.83271,0.426969,COB,,england,,South East
Cookham,51.556873,-0.721948,COO,,england,,Midlands
Cooksbridge,50.903938,-0.010272,CBR,,england,,South East
Coombe,50.44479,-4.481655,COE,,england,,South East
Copplestone,50.814228,-3.751624,COP,,england,,South East
Corbridge,54.966152,-2.017141,CRB,,england,,North
Corby,52.489196,-0.687944,COR,,england,,Midlands
Corkerhill,55.836494,-4.323322,CKH,,scotland,,Scotland
Corkickle,54.541657,-3.582155,CKL,,england,,North
Corpach,56.842724,-5.121662,CPA,,scotland,,Scotland
Corrour,56.760181,-4.690966,CRR,,scotland,,Scotland
Coryton,51.520512,-3.230858,COY,,wales,,Wales
Coseley,52.545738,-2.086051,CSY,,england,,North
Cosford,52.645031,-2.301479,COS,,england,,North
Cosham,50.841644,-1.068259,CSA,,england,,South East
Cottingham,53.781826,-0.406402,CGM,,england,,North
Cottingley,53.767437,-1.588832,COT,,england,,North
Coulsdon South,51.315231,-0.13746,CDS,,england,,South East
Coulsdon Town,51.32243,-0.13429,CDN,,england,,South East
Coventry,52.400787,-1.513466,COV,,england,,Midlands
Coventry Arena,52.447032,-1.494559,CAA,,england,,Midlands
Cowden,51.155441,0.110653,CWN,,england,,South East
Cowdenbeath,56.111679,-3.344314,COW,,scotland,,Scotland
Cradley Heath,52.469177,-2.08976,CRA,,england,,Midlands
Craigendoran,55.99485,-4.711291,CGD,,scotland,,Scotland
Cramlington,55.088604,-1.598887,CRM,,england,,North
Cranbrook (Devon),50.7501,-3.4206,CBK,,england,,South East
Craven Arms,52.441975,-2.837077,CRV,,england,,Midlands
Crawley,51.111874,-0.187083,CRW,,england,,South East
Crayford,51.448273,0.178826,CRY,,england,,South East
Crediton,50.783375,-3.646912,CDI,,england,,South East
Cressing,51.852028,0.580186,CES,,england,,Midlands
Cressington,53.3588,-2.91172,CSG,,england,,North
Creswell,53.264008,-1.215865,CWD,,england,,North
Crewe,53.089607,-2.432987,CRE,,england,,North
Crewkerne,50.873337,-2.778815,CKN,,england,,South East
Crews Hill,51.684334,-0.106441,CWH,,england,,Midlands
Crianlarich,56.389652,-4.617778,CNR,,scotland,,Scotland
Criccieth,52.918312,-4.236972,CCC,,wales,,Wales
Cricklewood,51.559227,-0.214071,CRI,,england,,Midlands
Croftfoot,55.818455,-4.229643,CFF,,scotland,,Scotland
Crofton Park,51.454777,-0.03678,CFT,,england,,South East
Cromer,52.930595,1.292778,CMR,,england,,North
Cromford,53.112915,-1.548788,CMF,,england,,North
Crookston,55.84388,-4.36049,CKT,,scotland,,Scotland
Cross Gates,53.804638,-1.451798,CRG,,england,,North
Crossflatts,53.858829,-1.844886,CFL,,england,,North
Crosshill,55.833225,-4.257648,COI,,scotland,,Scotland
Crosskeys,51.621,-3.1261,CKY,,wales,,Wales
Crossmyloof,55.833626,-4.284813,CMY,,scotland,,Scotland
Croston,53.66756,-2.777717,CSO,,england,,North
Crouch Hill,51.571205,-0.116907,CRH,,england,,Midlands
Crowborough,51.046085,0.188422,COH,,england,,South East
Crowhurst,50.888702,0.500984,CWU,,england,,South East
Crowle,53.589725,-0.817042,CWE,,england,,North
Crowthorne,51.366356,-0.819194,CRN,,england,,South East
Croy,55.955734,-4.035697,CRO,,scotland,,Scotland
Crystal Palace,51.417603,-0.072899,CYP,,england,,South East
Cuddington,53.23991,-2.599329,CUD,,england,,North
Cuffley,51.708675,-0.109761,CUF,,england,,Midlands
Culham,51.653773,-1.236445,CUM,,england,,Midlands
Culrain,57.919842,-4.405676,CUA,,scotland,,Scotland
Cumbernauld,55.941326,-3.982089,CUB,,scotland,,Scotland
Cupar,56.317043,-3.008772,CUP,,scotland,,Scotland
Curriehill,55.901703,-3.317849,CUH,,scotland,,Scotland
Custom House,51.509639,0.025894,CUS,,england,,Midlands
Cuxton,51.374298,0.462693,CUX,,england,,South East
Cwmbach,51.701885,-3.413774,CMH,,wales,,Wales
Cwmbran,51.656544,-3.016233,CWM,,wales,,Wales
Cynghordy,52.051689,-3.747095,CYN,,wales,,Wales
Dagenham Dock,51.526237,0.14505,DDK,,england,,Midlands
Daisy Hill,53.539389,-2.516212,DSY,,england,,North
Dalgety Bay,56.044178,-3.354809,DAG,,scotland,,Scotland
Dalmally,56.400272,-4.9832,DAL,,scotland,,Scotland
Dalmarnock,55.839371,-4.21647,DAK,,scotland,,Scotland
Dalmeny,55.986362,-3.381645,DAM,,scotland,,Scotland
Dalmuir,55.911793,-4.427038,DMR,,scotland,,Scotland
Dalreoch,55.947365,-4.578226,DLR,,scotland,,Scotland
Dalry,55.705395,-4.711899,DLY,,scotland,,Scotland
Dalston (Cumbria),54.846203,-2.988866,DLS,,england,,North
Dalston Junction,51.546139,-0.07544,DLJ,,england,,Midlands
Dalston Kingsland,51.548035,-0.074594,DLK,,england,,Midlands
Dalton,54.15424,-3.179031,DLT,,england,,North
Dalwhinnie,56.934334,-4.246498,DLW,,scotland,,Scotland
Danby,54.466068,-0.910704,DNY,,england,,North
Danescourt,51.505199,-3.23332,DCT,,wales,,Wales
Danzey,52.324329,-1.819493,DZY,,england,,Midlands
Darlaston,52.57638,-2.01953,DAS,,england,,North
Darlington,54.520462,-1.54732,DAR,,england,,North
Darnall,53.381084,-1.410661,DAN,,england,,North
Darsham,52.272812,1.522343,DSM,,england,,Midlands
Dartford,51.447548,0.217643,DFD,,england,,South East
Darton,53.58836,-1.531646,DRT,,england,,North
Darwen,53.69804,-2.464958,DWN,,england,,North
Datchet,51.483303,-0.579978,DAT,,england,,South East
Davenport,53.390719,-2.153234,DVN,,england,,North
Dawlish,50.580692,-3.464583,DWL,,england,,South East
Dawlish Warren,50.599311,-3.443903,DWW,,england,,South East
Deal,51.223129,1.398559,DEA,,england,,South East
Dean,51.042629,-1.634802,DEN,,england,,South East
Deansgate,53.473961,-2.250061,DGT,,england,,North
Deganwy,53.294739,-3.833424,DGY,,wales,,Wales
Deighton,53.669018,-1.751739,DHN,,england,,North
Delamere,53.228767,-2.666577,DLM,,england,,North
Denby Dale,53.572628,-1.663215,DBD,,england,,North
Denham,51.578495,-0.497633,DNM,,england,,Midlands
Denham Golf Club,51.580544,-0.517774,DGC,,england,,Midlands
Denmark Hill,51.468243,-0.089475,DMK,,england,,South East
Dent,54.282597,-2.363987,DNT,,england,,North
Denton,53.457087,-2.131648,DTN,,england,,North
Deptford,51.478897,-0.02711,DEP,,england,,South East
Derby,52.916381,-1.462555,DBY,,england,,North
Derby Road,52.04953,1.182332,DBR,,england,,Midlands
Devonport,50.378132,-4.171534,DPT,,england,,South East
Dewsbury,53.692089,-1.633487,DEW,,england,,North
Didcot Parkway,51.611275,-1.242614,DID,,england,,Midlands
Digby & Sowton,50.716434,-3.474574,DIG,,england,,South East
Dilton Marsh,51.248928,-2.207723,DMH,,england,,South East
Dinas Powys,51.431614,-3.21839,DNS,,wales,,Wales
Dinas Rhondda,51.617073,-3.437123,DMG,,wales,,Wales
Dingle Road,51.440109,-3.179776,DGL,,wales,,Wales
Dingwall,57.594238,-4.422611,DIN,,scotland,,Scotland
Dinsdale,54.51474,-1.467051,DND,,england,,North
Dinting,53.449382,-1.970276,DTG,,england,,North
Disley,53.358146,-2.042465,DSL,,england,,North
Diss,52.373096,1.123274,DIS,,england,,Midlands
Dockyard,50.382553,-4.175957,DOC,,england,,South East
Dodworth,53.545216,-1.530617,DOD,,england,,North
Dolau,52.295223,-3.263955,DOL,,wales,,Wales
Doleham,50.918686,0.610732,DLH,,england,,South East
Dolgarrog,53.186123,-3.822808,DLG,,wales,,Wales
Dolwyddelan,53.052105,-3.884288,DWD,,wales,,Wales
Doncaster,53.521469,-1.140225,DON,,england,,North
Dorchester South,50.708752,-2.437593,DCH,,england,,South East
Dorchester West,50.710526,-2.443274,DCW,,england,,South East
Dore & Totley,53.327625,-1.514997,DOR,,england,,North
Dorking,51.241615,-0.323822,DKG,,england,,South East
Dorking Deepdene,51.238918,-0.323921,DPD,,england,,South East
Dorking West,51.236443,-0.339762,DKT,,england,,South East
Dormans,51.15567,-0.005183,DMS,,england,,South East
Dorridge,52.371861,-1.753209,DDG,,england,,Midlands
Dove Holes,53.300005,-1.890678,DVH,,england,,North
Dover Priory,51.125988,1.304227,DVP,,england,,South East
Dovercourt,51.938892,1.280724,DVC,,england,,Midlands
Dovey Junction,52.564133,-3.925273,DVY,,wales,,Wales
Downham Market,52.60471,0.365751,DOW,,england,,North
Drayton Green,51.516326,-0.330089,DRG,,england,,Midlands
Drayton Park,51.552124,-0.104723,DYP,,england,,Midlands
Drem,56.005981,-2.785752,DRM,,scotland,,Scotland
Driffield,54.001526,-0.434627,DRF,,england,,North
Drigg,54.376968,-3.444066,DRI,,england,,North
Droitwich Spa,52.26862,-2.158239,DTW,,england,,Midlands
Dronfield,53.301357,-1.468768,DRO,,england,,North
Drumchapel,55.904926,-4.364204,DMC,,scotland,,Scotland
Drumfrochar,55.941292,-4.774822,DFR,,scotland,,Scotland
Drumgelloch,55.867233,-3.95114,DRU,,scotland,,Scotland
Drumry,55.904495,-4.386583,DMY,,scotland,,Scotland
Duddeston,52.488018,-1.871842,DUD,,england,,Midlands
Dudley Port,52.524517,-2.049401,DDP,,england,,North
Duffield,52.987713,-1.486035,DFI,,england,,North
Duirinish,57.319847,-5.692103,DRN,,scotland,,Scotland
Duke Street,55.859207,-4.212814,DST,,scotland,,Scotland
Dullingham,52.200943,0.366197,DUL,,england,,Midlands
Dumbarton Central,55.946705,-4.56697,DBC,,scotland,,Scotland
Dumbarton East,55.942478,-4.55387,DBE,,scotland,,Scotland
Dumbreck,55.841255,-4.309216,DUM,,scotland,,Scotland
Dumfries,55.072395,-3.605261,DMF,,scotland,,Scotland
Dumpton Park,51.345566,1.426291,DMP,,england,,South East
Dunbar,55.998428,-2.514625,DUN,,scotland,,Scotland
Dunblane,56.186001,-3.967296,DBL,,scotland,,Scotland
Duncraig,57.336727,-5.637282,DCG,,scotland,,Scotland
Dundee,56.456669,-2.970576,DEE,,scotland,,Scotland
Dunfermline City,56.068233,-3.452033,DFE,,scotland,,Scotland
Dunfermline Queen Margaret,56.080706,-3.42164,DFL,,scotland,,Scotland
Dunkeld & Birnam,56.557301,-3.578097,DKD,,scotland,,Scotland
Dunlop,55.711926,-4.532435,DNL,,scotland,,Scotland
Dunrobin Castle,57.986111,-3.946595,DNO,,scotland,,Scotland
Dunston,54.952164,-1.648648,DOT,,england,,North
Dunton Green,51.296425,0.171616,DNG,,england,,South East
Durham,54.779408,-1.581746,DHM,,england,,North
Durrington-On-Sea,50.817463,-0.411463,DUR,,england,,South East
Dyce,57.205002,-2.191978,DYC,,scotland,,Scotland
Dyffryn Ardudwy,52.78857,-4.104242,DYF,,wales,,Wales
Eaglescliffe,54.529449,-1.349426,EAG,,england,,North
Ealing Broadway,51.51466,-0.300843,EAL,,england,,Midlands
Earlestown,53.451139,-2.637674,ERL,,england,,North
Earley,51.441051,-0.917989,EAR,,england,,South East
Earlsfield,51.441929,-0.188423,EAD,,england,,South East
Earlswood (Surrey),51.227631,-0.171078,ELD,,england,,South East
Earlswood (West Midlands),52.366638,-1.861907,EWD,,england,,Midlands
East Boldon,54.9468,-1.420767,EBL,,england,,North
East Croydon,51.375679,-0.093335,ECR,,england,,South East
East Didsbury,53.410206,-2.22111,EDY,,england,,North
East Dulwich,51.460911,-0.081151,EDW,,england,,South East
East Farleigh,51.255112,0.48498,EFL,,england,,South East
East Garforth,53.791622,-1.363933,EGF,,england,,North
East Grinstead,51.126213,-0.017887,EGR,,england,,South East
East Kilbride,55.765388,-4.18199,EKL,,scotland,,Scotland
East Linton,55.9856,-2.6579,ELT,,scotland,,Scotland
East Malling,51.285748,0.439308,EML,,england,,South East
East Midlands Parkway,52.862,-1.263,EMD,,england,,North
East Tilbury,51.485065,0.412479,ETL,,england,,South East
East Worthing,50.822071,-0.354517,EWR,,england,,South East
Eastbourne,50.769085,0.281847,EBN,,england,,South East
Eastbrook,51.437126,-3.207031,EBK,,wales,,Wales
Easterhouse,55.860157,-4.107389,EST,,scotland,,Scotland
Eastham Rake,53.307532,-2.9812,ERA,,england,,North
Eastleigh,50.968559,-1.350563,ESL,,england,,South East
Eastrington,53.75481,-0.786612,EGN,,england,,North
Ebbsfleet International,51.443009,0.320887,EBD,,england,,South East
Ebbw Vale Parkway,51.7573,-3.1965,EBV,,wales,,Wales
Ebbw Vale Town,51.782007,-3.205996,EBB,,wales,,Wales
Eccles,53.485443,-2.333014,ECC,,england,,North
Eccles Road,52.470585,0.969656,ECS,,england,,Midlands
Eccleston Park,53.430665,-2.780555,ECL,,england,,North
Edale,53.36477,-1.817395,EDL,,england,,North
Eden Park,51.390762,-0.026587,EDN,,england,,South East
Edenbridge,51.208508,0.060099,EBR,,england,,South East
Edenbridge Town,51.200287,0.06689,EBT,,england,,South East
Edge Hill,53.402663,-2.946986,EDG,,england,,North
Edinburgh Gateway,55.941,-3.32,EGY,,scotland,,Scotland
Edinburgh Park,55.927615,-3.307829,EDP,,scotland,,Scotland
Edinburgh Waverley,55.952442,-3.188236,EDB,,scotland,,Scotland
Edmonton Green,51.623802,-0.059665,EDR,,england,,Midlands
Effingham Junction,51.291504,-0.419536,EFF,,england,,South East
Eggesford,50.887848,-3.875235,EGG,,england,,South East
Egham,51.428925,-0.545701,EGH,,england,,South East
Egton,54.437679,-0.761896,EGT,,england,,North
Elephant & Castle,51.494469,-0.098462,EPH,,england,,South East
Elgin,57.64299,-3.31163,ELG,,scotland,,Scotland
Ellesmere Port,53.282097,-2.895403,ELP,,england,,North
Elmers End,51.398335,-0.049263,ELE,,england,,South East
Elmstead Woods,51.417435,0.043594,ESD,,england,,South East
Elmswell,52.238201,0.911625,ESW,,england,,Midlands
Elsecar,53.498924,-1.428617,ELR,,england,,North
Elsenham,51.92038,0.22779,ESM,,england,,Midlands
Elstree & Borehamwood,51.652836,-0.279779,ELS,,england,,Midlands
Eltham,51.455101,0.0496,ELW,,england,,South East
Elton & Orston,52.951843,-0.855362,ELO,,england,,North
Ely,52.390846,0.266105,ELY,,england,,Midlands
Emerson Park,51.56889,0.220658,EMP,,england,,Midlands
Emsworth,50.851326,-0.938784,EMS,,england,,South East
Energlyn & Churchill Park,51.5838,-3.2287,ECP,,wales,,Wales
Enfield Chase,51.652607,-0.090404,ENC,,england,,Midlands
Enfield Lock,51.671379,-0.028875,ENL,,england,,Midlands
Enfield Town,51.651524,-0.078891,ENF,,england,,Midlands
Entwistle,53.655591,-2.413983,ENT,,england,,North
Epsom,51.334339,-0.268756,EPS,,england,,South East
Epsom Downs,51.321365,-0.243411,EPD,,england,,South East
Erdington,52.528435,-1.839297,ERD,,england,,North
Eridge,51.089024,0.200452,ERI,,england,,South East
Erith,51.481621,0.174651,ERH,,england,,South East
Esher,51.379642,-0.354714,ESH,,england,,South East
Eskbank,55.88956,-3.07845,EKB,,scotland,,Scotland
Essex Road,51.540302,-0.096552,EXR,,england,,Midlands
Etchingham,51.010479,0.441935,ETC,,england,,South East
Euxton Balshaw Lane,53.670071,-2.675045,EBA,,england,,North
Evesham,52.098793,-1.947413,EVE,,england,,Midlands
Ewell East,51.345612,-0.24106,EWE,,england,,South East
Ewell West,51.349445,-0.256711,EWW,,england,,South East
Exeter Central,50.726471,-3.532973,EXC,,england,,South East
Exeter St Davids,50.729019,-3.544387,EXD,,england,,South East
Exeter St Thomas,50.716529,-3.538759,EXT,,england,,South East
Exhibition Centre,55.860619,-4.283207,EXG,,scotland,,Scotland
Exmouth,50.620937,-3.415035,EXM,,england,,South East
Exton,50.668255,-3.443337,EXN,,england,,South East
Eynsford,51.362377,0.203465,EYN,,england,,South East
Fairbourne,52.696018,-4.049464,FRB,,wales,,Wales
Fairfield,53.471215,-2.14581,FRF,,england,,North
Fairlie,55.752514,-4.853834,FRL,,scotland,,Scotland
Fairwater,51.491714,-3.232963,FRW,,wales,,Wales
Falconwood,51.459087,0.078571,FCN,,england,,South East
Falkirk Grahamston,56.002735,-3.786359,FKG,,scotland,,Scotland
Falkirk High,55.991863,-3.792276,FKK,,scotland,,Scotland
Falls of Cruachan,56.386242,-5.114992,FOC,,scotland,,Scotland
Falmer,50.862064,-0.087364,FMR,,england,,South East
Falmouth Docks,50.15075,-5.0559,FAL,,england,,South East
Falmouth Town,50.148392,-5.065443,FMT,,england,,South East
Fareham,50.853352,-1.19162,FRM,,england,,South East
Farnborough Main,51.296471,-0.756436,FNB,,england,,South East
Farnborough North,51.301723,-0.743385,FNN,,england,,South East
Farncombe,51.197639,-0.604522,FNC,,england,,South East
Farnham,51.211422,-0.793093,FNH,,england,,South East
Farningham Road,51.401337,0.235533,FNR,,england,,South East
Farnworth,53.549999,-2.387857,FNW,,england,,North
Farringdon,51.520071,-0.104665,ZFD,,england,,Midlands
Fauldhouse,55.822163,-3.719006,FLD,,scotland,,Scotland
Faversham,51.311436,0.891278,FAV,,england,,South East
Faygate,51.095943,-0.263403,FGT,,england,,South East
Fazakerley,53.469063,-2.936729,FAZ,,england,,North
Fearn,57.777828,-3.994245,FRN,,scotland,,Scotland
Featherstone,53.679253,-1.359562,FEA,,england,,North
Felixstowe,51.967449,1.352707,FLX,,england,,Midlands
Feltham,51.447845,-0.40983,FEL,,england,,South East
Feniton,50.787022,-3.285259,FNT,,england,,South East
Fenny Stratford,52.000103,-0.716636,FEN,,england,,Midlands
Fernhill,51.685932,-3.394469,FER,,wales,,Wales
Ferriby,53.716625,-0.508878,FRY,,england,,North
Ferryside,51.76833,-4.36952,FYS,,wales,,Wales
Ffairfach,51.87244,-3.992916,FFA,,wales,,Wales
Filey,54.209946,-0.293351,FIL,,england,,North
Filton Abbey Wood,51.509438,-2.561933,FIT,,england,,Midlands
Finchley Road & Frognal,51.550198,-0.183324,FNY,,england,,Midlands
Finsbury Park,51.564724,-0.105642,FPK,,england,,Midlands
Finstock,51.85305,-1.47003,FIN,,england,,Midlands
Fishbourne,50.839352,-0.815495,FSB,,england,,South East
Fishersgate,50.834469,-0.219161,FSG,,england,,South East
Fishguard & Goodwick,52.0035,-4.9948,FGW,,wales,,Wales
Fishguard Harbour,52.011505,-4.985713,FGH,,wales,,Wales
Fiskerton,53.060253,-0.912181,FSK,,england,,North
Fitzwilliam,53.632587,-1.375391,FZW,,england,,North
Five Ways,52.470078,-1.913116,FWY,,england,,Midlands
Fleet,51.290947,-0.831169,FLE,,england,,South East
Flimby,54.689815,-3.520544,FLM,,england,,North
Flint,53.249516,-3.13302,FLN,,wales,,Wales
Flitwick,52.003457,-0.4952,FLT,,england,,Midlands
Flixton,53.443746,-2.383878,FLI,,england,,North
Flowery Field,53.461737,-2.080965,FLF,,england,,North
Folkestone Central,51.082985,1.168331,FKC,,england,,South East
Folkestone West,51.085163,1.154209,FKW,,england,,South East
Ford,50.829506,-0.578611,FOD,,england,,South East
Forest Gate,51.549976,0.023568,FOG,,england,,Midlands
Forest Hill,51.438869,-0.053297,FOH,,england,,South East
Formby,53.553796,-3.070706,FBY,,england,,North
Forres,57.609661,-3.62847,FOR,,scotland,,Scotland
Forsinard,58.356998,-3.896903,FRS,,scotland,,Scotland
Fort Matilda,55.958809,-4.7953,FTM,,scotland,,Scotland
Fort William,56.820625,-5.106721,FTW,,scotland,,Scotland
Four Oaks,52.579662,-1.8273,FOK,,england,,North
Foxfield,54.259041,-3.215796,FOX,,england,,North
Foxton,52.119526,0.056572,FXN,,england,,Midlands
Frant,51.104321,0.294034,FRT,,england,,South East
Fratton,50.795818,-1.073422,FTN,,england,,South East
Freshfield,53.566494,-3.072014,FRE,,england,,North
Freshford,51.342251,-2.30146,FFD,,england,,South East
Frimley,51.311653,-0.747426,FML,,england,,South East
Frinton-On-Sea,51.838314,1.242907,FRI,,england,,Midlands
Frizinghall,53.820957,-1.769072,FZH,,england,,North
Frodsham,53.295853,-2.723145,FRD,,england,,North
Frome,51.227131,-2.309302,FRO,,england,,South East
Fulwell,51.433525,-0.349893,FLW,,england,,South East
Furness Vale,53.348385,-1.989445,FNV,,england,,North
Furze Platt,51.533082,-0.728467,FZP,,england,,Midlands
Gainsborough Central,53.399574,-0.769674,GNB,,england,,North
Gainsborough Lea Road,53.386078,-0.768558,GBL,,england,,North
Galashiels,55.610426,-2.809693,GAL,,scotland,,Scotland
Garelochhead,56.079449,-4.826544,GCH,,scotland,,Scotland
Garforth,53.796211,-1.382083,GRF,,england,,North
Gargrave,53.97842,-2.105171,GGV,,england,,North
Garrowhill,55.855286,-4.129497,GAR,,scotland,,Scotland
Garscadden,55.88784,-4.364757,GRS,,scotland,,Scotland
Garsdale,54.32135,-2.325891,GSD,,england,,North
Garston,51.686685,-0.381689,GSN,,england,,Midlands
Garswood,53.488518,-2.672149,GSW,,england,,North
Gartcosh,55.885,-4.078,GRH,,scotland,,Scotland
Garth (Mid Glamorgan),51.596413,-3.641504,GMG,,wales,,Wales
Garth (Powys),52.133816,-3.531142,GTH,,wales,,Wales
Garve,57.613129,-4.688429,GVE,,scotland,,Scotland
Gathurst,53.559399,-2.694418,GST,,england,,North
Gatley,53.394001,-2.230052,GTY,,england,,North
Gatwick Airport,51.156425,-0.161022,GTW,LGW,england,,South East
Georgemas Junction,58.513721,-3.45212,GGJ,,scotland,,Scotland
Gerrards Cross,51.588883,-0.555367,GER,,england,,Midlands
Gidea Park,51.581772,0.205411,GDP,,england,,Midlands
Giffnock,55.804688,-4.294289,GFN,,scotland,,Scotland
Giggleswick,54.061775,-2.302644,GIG,,england,,North
Gilberdyke,53.747955,-0.732223,GBD,,england,,North
Gilfach Fargoed,51.684208,-3.226604,GFF,,wales,,Wales
Gillingham (Dorset),51.033886,-2.272361,GIL,,england,,South East
Gillingham (Kent),51.386829,0.549618,GLM,,england,,South East
Gilshochill,55.897295,-4.28201,GSC,,scotland,,Scotland
Gipsy Hill,51.424984,-0.084096,GIP,,england,,South East
Girvan,55.246517,-4.848927,GIR,,scotland,,Scotland
Glaisdale,54.439796,-0.794221,GLS,,england,,North
Glan Conwy,53.266644,-3.796892,GCW,,wales,,Wales
Glasgow Central,55.860157,-4.259208,GLC,,scotland,,Scotland
Glasgow Queen Street,55.863003,-4.251385,GLQ,,scotland,,Scotland
Glasshoughton,53.70884,-1.34247,GLH,,england,,North
Glazebrook,53.428076,-2.461152,GLZ,,england,,North
Gleneagles,56.274902,-3.7312,GLE,,scotland,,Scotland
Glenfinnan,56.872753,-5.449219,GLF,,scotland,,Scotland
Glengarnock,55.738579,-4.674364,GLG,,scotland,,Scotland
Glenrothes with Thornton,56.162224,-3.143189,GLT,,scotland,,Scotland
Glossop,53.444503,-1.949403,GLO,,england,,North
Gloucester,51.864799,-2.238141,GCR,,england,,Midlands
Glynde,50.859398,0.06883,GLY,,england,,South East
Gobowen,52.893501,-3.036019,GOB,,england,,North
Godalming,51.186115,-0.619175,GOD,,england,,South East
Godley,53.448151,-2.049649,GDL,,england,,North
Godstone,51.217606,-0.051188,GDN,,england,,South East
Goldthorpe,53.533379,-1.313488,GOE,,england,,North
Golf Street,56.497852,-2.719541,GOF,,scotland,,Scotland
Golspie,57.971092,-3.98806,GOL,,scotland,,Scotland
Gomshall,51.218964,-0.442065,GOM,,england,,South East
Goodmayes,51.565502,0.112277,GMY,,england,,Midlands
Goole,53.704426,-0.872907,GOO,,england,,North
Goostrey,53.222634,-2.32628,GTR,,england,,North
Gordon Hill,51.66346,-0.094289,GDH,,england,,Midlands
Gorebridge,55.836732,-3.046099,GBG,,scotland,,Scotland
Goring & Streatley,51.521428,-1.133051,GOR,,england,,Midlands
Goring-By-Sea,50.817753,-0.432751,GBS,,england,,South East
Gorton,53.468712,-2.167182,GTO,,england,,North
Gospel Oak,51.555546,-0.150737,GPO,,england,,Midlands
Gourock,55.962788,-4.818021,GRK,,scotland,,Scotland
Gowerton,51.648701,-4.035124,GWN,,wales,,Wales
Goxhill,53.676613,-0.337699,GOX,,england,,North
Grange Park,51.642811,-0.096599,GPK,,england,,Midlands
Grange-Over-Sands,54.195282,-2.902752,GOS,,england,,North
Grangetown,51.466984,-3.189097,GTN,,wales,,Wales
Grantham,52.906448,-0.642438,GRA,,england,,North
Grateley,51.170269,-1.619497,GRT,,england,,South East
Gravelly Hill,52.514969,-1.852612,GVH,,england,,North
Gravesend,51.441029,0.36699,GRV,,england,,South East
Grays,51.476089,0.322719,GRY,,england,,South East
Great Ayton,54.4902,-1.113845,GTA,,england,,North
Great Bentley,51.85207,1.065258,GRB,,england,,Midlands
Great Chesterford,52.060402,0.1939,GRC,,england,,Midlands
Great Coates,53.575542,-0.128701,GCT,,england,,North
Great Malvern,52.109165,-2.318289,GMV,,england,,Midlands
Great Missenden,51.703304,-0.709132,GMN,,england,,Midlands
Great Yarmouth,52.612122,1.720949,GYM,,england,,North
Green Lane,53.38271,-3.016281,GNL,,england,,North
Green Road,54.244748,-3.245602,GNR,,england,,North
Greenbank,53.251664,-2.533185,GBK,,england,,North
Greenfaulds,55.932064,-3.999232,GRL,,scotland,,Scotland
Greenfield,53.538835,-2.014189,GNF,,england,,North
Greenford,51.54235,-0.3463,GFD,,england,,Midlands
Greenhithe for Bluewater,51.450855,0.279694,GNH,,england,,South East
Greenock Central,55.945385,-4.752692,GKC,,scotland,,Scotland
Greenock West,55.94772,-4.768866,GKW,,scotland,,Scotland
Greenwich,51.477779,-0.014198,GNW,,england,,South East
Gretna Green,55.001934,-3.064608,GEA,,scotland,,Scotland
Grimsby Docks,53.574699,-0.075873,GMD,,england,,North
Grimsby Town,53.564091,-0.086922,GMB,,england,,North
Grindleford,53.30555,-1.62629,GRN,,england,,North
Grosmont,54.436394,-0.724937,GMT,,england,,North
Grove Park,51.430389,0.022597,GRP,,england,,South East
Guide Bridge,53.474171,-2.112961,GUI,,england,,North
Guildford,51.236912,-0.580409,GLD,,england,,South East
Guiseley,53.875668,-1.715537,GSY,,england,,North
Gunnersbury,51.491814,-0.275766,GUN,,england,,South East
Gunnislake,50.515992,-4.219437,GSL,,england,,South East
Gunton,52.866077,1.348821,GNT,,england,,North
Gwersyllt,53.072559,-3.017913,GWE,,wales,,Wales
Gypsy Lane,54.532902,-1.179375,GYP,,england,,North
Habrough,53.605507,-0.267936,HAB,,england,,North
Hackbridge,51.378437,-0.15358,HCB,,england,,South East
Hackney Central,51.546825,-0.055896,HKC,,england,,Midlands
Hackney Downs,51.548695,-0.060144,HAC,,england,,Midlands
Hackney Wick,51.543625,-0.025759,HKW,,england,,Midlands
Haddenham & Thame Parkway,51.770788,-0.942121,HDM,,england,,Midlands
Haddiscoe,52.528835,1.622451,HAD,,england,,North
Hadfield,53.460873,-1.965429,HDF,,england,,North
Hadley Wood,51.668365,-0.176519,HDW,,england,,Midlands
Hag Fold,53.533442,-2.493744,HGF,,england,,North
Haggerston,51.53912,-0.07642,HGG,,england,,Midlands
Hagley,52.422375,-2.147018,HAG,,england,,Midlands
Hairmyres,55.762012,-4.220047,HMY,,scotland,,Scotland
Hale,53.378669,-2.347383,HAL,,england,,North
Halesworth,52.346157,1.506141,HAS,,england,,Midlands
Halewood,53.364466,-2.830149,HED,,england,,North
Halifax,53.720417,-1.854486,HFX,,england,,North
Hall Green,52.436745,-1.845513,HLG,,england,,Midlands
Hall Road,53.497442,-3.049607,HLR,,england,,North
Hall i' th' Wood,53.597546,-2.413986,HID,,england,,North
Halling,51.352169,0.445711,HAI,,england,,South East
Haltwhistle,54.967972,-2.462321,HWH,,england,,North
Ham Street,51.067684,0.854653,HMT,,england,,South East
Hamble,50.871311,-1.329173,HME,,england,,South East
Hamilton Central,55.773239,-4.038928,HNC,,scotland,,Scotland
Hamilton West,55.779232,-4.056781,HNW,,scotland,,Scotland
Hammerton,53.996105,-1.283026,HMM,,england,,North
Hampden Park,50.796124,0.278906,HMD,,england,,South East
Hampstead Heath,51.555779,-0.165159,HDH,,england,,Midlands
Hampton,51.41607,-0.37199,HMP,,england,,South East
Hampton Court,51.401947,-0.342412,HMC,,england,,South East
Hampton Wick,51.41412,-0.313201,HMW,,england,,South East
Hampton-In-Arden,52.428375,-1.699934,HIA,,england,,Midlands
Hamstead,52.530718,-1.92838,HSD,,england,,North
Hamworthy,50.725754,-2.018381,HAM,,england,,South East
Hanborough,51.825172,-1.373471,HND,,england,,Midlands
Handforth,53.34639,-2.213263,HTH,,england,,North
Hanwell,51.511604,-0.338432,HAN,,england,,Midlands
Hapton,53.781393,-2.318115,HPN,,england,,North
Harlech,52.861309,-4.109248,HRL,,wales,,Wales
Harlesden,51.536518,-0.258214,HDN,,england,,Midlands
Harling Road,52.454128,0.908188,HRD,,england,,Midlands
Harlington,51.962012,-0.495715,HLN,,england,,Midlands
Harlow Mill,51.790878,0.131497,HWM,,england,,Midlands
Harlow Town,51.781639,0.094804,HWN,,england,,Midlands
Harold Wood,51.592907,0.234819,HRO,,england,,Midlands
Harpenden,51.814831,-0.351961,HPD,,england,,Midlands
Harrietsham,51.244652,0.673574,HRM,,england,,South East
Harringay,51.577305,-0.105115,HGY,,england,,Midlands
Harringay Green Lanes,51.577336,-0.098104,HRY,,england,,Midlands
Harrington,54.613551,-3.565573,HRR,,england,,North
Harrogate,53.991959,-1.537814,HGT,,england,,North
Harrow & Wealdstone,51.591576,-0.334067,HRW,,england,,Midlands
Harrow-on-the-Hill,51.57931,-0.336628,HOH,,england,,Midlands
Hartford,53.241721,-2.553978,HTF,,england,,North
Hartlebury,52.335049,-2.22158,HBY,,england,,Midlands
Hartlepool,54.686771,-1.2073,HPL,,england,,North
Hartwood,55.810532,-3.839792,HTW,,scotland,,Scotland
Harwich International,51.947701,1.255167,HPQ,,england,,Midlands
Harwich Town,51.944157,1.285469,HWC,,england,,Midlands
Haslemere,51.089237,-0.719162,HSL,,england,,South East
Hassocks,50.923264,-0.146043,HSK,,england,,South East
Hastings,50.858288,0.57608,HGS,,england,,South East
Hatch End,51.610054,-0.369499,HTE,,england,,Midlands
Hatfield,51.763397,-0.216162,HAT,,england,,Midlands
Hatfield & Stainforth,53.589532,-1.020931,HFS,,england,,North
Hatfield Peverel,51.779785,0.593463,HAP,,england,,Midlands
Hathersage,53.325405,-1.651641,HSG,,england,,North
Hattersley,53.445126,-2.040324,HTY,,england,,North
Hatton,52.295242,-1.672982,HTN,,england,,Midlands
Havant,50.854416,-0.982763,HAV,,england,,South East
Havenhouse,53.114548,0.272619,HVN,,england,,North
Haverfordwest,51.802601,-4.960279,HVF,,wales,,Wales
Hawarden,53.185703,-3.032561,HWD,,wales,,Wales
Hawarden Bridge,53.218971,-3.031866,HWB,,wales,,Wales
Hawkhead,55.843136,-4.398792,HKH,,scotland,,Scotland
Haydon Bridge,54.974888,-2.246809,HDB,,england,,North
Haydons Road,51.425755,-0.189073,HYR,,england,,South East
Hayes & Harlington,51.502973,-0.420785,HAY,,england,,Midlands
Hayes (Kent),51.375744,0.010123,HYS,,england,,South East
Hayle,50.186176,-5.419558,HYL,,england,,South East
Haymarket,55.945854,-3.218458,HYM,,scotland,,Scotland
Haywards Heath,51.00536,-0.105717,HHE,,england,,South East
Hazel Grove,53.377415,-2.122121,HAZ,,england,,North
Headbolt Lane,53.492835,-2.878862,HBL,,england,,North
Headcorn,51.165657,0.627507,HCN,,england,,South East
Headingley,53.817787,-1.59289,HDY,,england,,North
Headstone Lane,51.60268,-0.356766,HDL,,england,,Midlands
Heald Green,53.369248,-2.236533,HDG,,england,,North
Healing,53.581425,-0.160163,HLI,,england,,North
Heath High Level,51.516518,-3.181737,HHL,,wales,,Wales
Heath Low Level,51.515606,-3.183163,HLL,,wales,,Wales
Heathrow Terminal 4 Rail,51.458214,-0.445447,HAF,LHR,england,,South East
Heathrow Terminal 5 Rail,51.47,-0.48,HWV,LHR,england,,South East
Heathrow Terminals 1-2-3 Rail,51.471,-0.456,HXX,LHR,england,,South East
Heaton Chapel,53.425556,-2.179046,HTC,,england,,North
Hebden Bridge,53.737587,-2.009063,HBD,,england,,North
Heckington,52.977463,-0.29316,HEC,,england,,North
Hedge End,50.927773,-1.297056,HDE,,england,,South East
Hednesford,52.709922,-2.00199,HNF,,england,,North
Heighington,54.596977,-1.582071,HEI,,england,,North
Helensburgh Central,56.004261,-4.732803,HLC,,scotland,,Scotland
Helensburgh Upper,56.013268,-4.73184,HLU,,scotland,,Scotland
Hellifield,54.010972,-2.227961,HLD,,england,,North
Helmsdale,58.117737,-3.660068,HMS,,scotland,,Scotland
Helsby,53.275784,-2.770786,HSB,,england,,North
Hemel Hempstead,51.742062,-0.490762,HML,,england,,Midlands
Hendon,51.580057,-0.238652,HEN,,england,,Midlands
Hengoed,51.647362,-3.224162,HNG,,wales,,Wales
Henley-In-Arden,52.291,-1.784444,HNL,,england,,Midlands
Henley-On-Thames,51.534182,-0.900133,HOT,,england,,Midlands
Hensall,53.698357,-1.113905,HEL,,england,,North
Hereford,52.060715,-2.708854,HFD,,england,,Midlands
Herne Bay,51.364059,1.118742,HNB,,england,,South East
Herne Hill,51.453148,-0.101624,HNH,,england,,South East
Hersham,51.377419,-0.389271,HER,,england,,South East
Hertford East,51.799793,-0.072591,HFE,,england,,Midlands
Hertford North,51.798328,-0.092961,HFN,,england,,Midlands
Hessle,53.717567,-0.442169,HES,,england,,North
Heswall,53.32917,-3.073568,HSW,,england,,North
Hever,51.180912,0.094648,HEV,,england,,South East
Heworth,54.951862,-1.554976,HEW,,england,,North
Hexham,54.974201,-2.095266,HEX,,england,,North
Heyford,51.91902,-1.299262,HYD,,england,,Midlands
Heysham Port,54.033284,-2.913179,HHB,,england,,North
High Brooms,51.149609,0.277686,HIB,,england,,South East
High Street,55.858719,-4.239953,HST,,scotland,,Scotland
High Wycombe,51.629793,-0.745139,HWY,,england,,Midlands
Higham,51.426376,0.466931,HGM,,england,,South East
Highams Park,51.608837,0.000183,HIP,,england,,Midlands
Highbridge & Burnham,51.218098,-2.972192,HIG,,england,,South East
Highbury & Islington,51.54668,-0.10206,HHY,,england,,Midlands
Hightown,53.525272,-3.057407,HTO,,england,,North
Hildenborough,51.214451,0.226465,HLB,,england,,South East
Hillfoot,55.920143,-4.32032,HLF,,scotland,,Scotland
Hillington East,55.854778,-4.354768,HLE,,scotland,,Scotland
Hillington West,55.85537,-4.370778,HLW,,scotland,,Scotland
Hillside,53.62217,-3.024673,HIL,,england,,North
Hilsea,50.828075,-1.058592,HLS,,england,,South East
Hinchley Wood,51.374939,-0.340508,HYW,,england,,South East
Hinckley,52.534969,-1.371916,HNK,,england,,North
Hindley,53.542053,-2.574909,HIN,,england,,North
Hinton Admiral,50.752384,-1.713616,HNA,,england,,South East
Hitchin,51.952915,-0.262498,HIT,,england,,Midlands
Hither Green,51.452374,-0.000906,HGR,,england,,South East
Hockley,51.603825,0.659971,HOC,,england,,Midlands
Hollingbourne,51.265484,0.627465,HBN,,england,,South East
Holmes Chapel,53.199131,-2.351063,HCH,,england,,North
Holmwood,51.180428,-0.321752,HLM,,england,,South East
Holton Heath,50.711346,-2.077863,HOL,,england,,South East
Holyhead,53.307674,-4.631062,HHD,,wales,,Wales
Holytown,55.812943,-3.973967,HLY,,scotland,,Scotland
Homerton,51.546535,-0.038601,HMN,,england,,Midlands
Honeybourne,52.101383,-1.834989,HYB,,england,,Midlands
Honiton,50.797062,-3.186207,HON,,england,,South East
Honley,53.608849,-1.780814,HOY,,england,,North
Honor Oak Park,51.450428,-0.045607,HPA,,england,,South East
Hook,51.279587,-0.961933,HOK,,england,,South East
Hooton,53.296741,-2.976721,HOO,,england,,North
Hope (Derbyshire),53.346283,-1.729587,HOP,,england,,North
Hope (Flintshire),53.117344,-3.03691,HPE,,wales,,Wales
Hopton Heath,52.391964,-2.912536,HPT,,england,,Midlands
Horden,54.763879,-1.307347,HRE,,england,,North
Horley,51.168137,-0.161994,HOR,,england,,South East
Hornbeam Park,53.980236,-1.527272,HBP,,england,,North
Hornsey,51.586414,-0.111961,HRN,,england,,Midlands
Horsforth,53.847576,-1.630612,HRS,,england,,North
Horsham,51.066174,-0.318753,HRH,,england,,South East
Horsley,51.279114,-0.434304,HSY,,england,,South East
Horton in Ribblesdale,54.149379,-2.302054,HIR,,england,,North
Horwich Parkway,53.579948,-2.543712,HWI,,england,,North
Hoscar,53.597366,-2.803828,HSC,,england,,North
Hough Green,53.372378,-2.775056,HGN,,england,,North
Hounslow,51.462471,-0.361808,HOU,,england,,South East
Hove,50.835514,-0.170824,HOV,,england,,South East
Hoveton & Wroxham,52.715084,1.408312,HXM,,england,,North
How Wood,51.717697,-0.344594,HWW,,england,,Midlands
Howden,53.764526,-0.86068,HOW,,england,,North
Howwood,55.811,-4.56,HOZ,,scotland,,Scotland
Hoxton,51.53193,-0.07672,HOX,,england,,Midlands
Hoylake,53.390202,-3.178861,HYK,,england,,North
Hubberts Bridge,52.975594,-0.110044,HBB,,england,,North
Hucknall,53.038265,-1.195793,HKN,,england,,North
Huddersfield,53.648407,-1.785142,HUD,,england,,North
Hull,53.744144,-0.345645,HUL,,england,,North
Humphrey Park,53.452321,-2.327363,HUP,,england,,North
Huncoat,53.772144,-2.345903,HCT,,england,,North
Hungerford,51.415344,-1.511056,HGD,,england,,South East
Hunmanby,54.17429,-0.314737,HUB,,england,,North
Huntingdon,52.328613,-0.192047,HUN,,england,,Midlands
Huntly,57.444401,-2.776354,HNT,,scotland,,Scotland
Hunts Cross,53.360644,-2.855716,HNX,,england,,North
Hurst Green,51.244545,0.004397,HUR,,england,,South East
Hutton Cranswick,53.955669,-0.43331,HUT,,england,,North
Huyton,53.409813,-2.842991,HUY,,england,,North
Hyde Central,53.451682,-2.085149,HYC,,england,,North
Hyde North,53.464306,-2.085829,HYT,,england,,North
Hykeham,53.194546,-0.600412,HKM,,england,,North
Hyndland,55.879803,-4.314715,HYN,,scotland,,Scotland
Hythe,51.885281,0.926539,HYH,,england,,Midlands
Ifield,51.115902,-0.215505,IFI,,england,,South East
Ilford,51.559078,0.068699,IFD,,england,,Midlands
Ilkeston,52.9794,-1.2949,ILN,,england,,North
Ilkley,53.925304,-1.821799,ILK,,england,,North
Imperial Wharf,51.475134,-0.183026,IMW,,england,,South East
Ince,53.538975,-2.611865,INC,,england,,North
Ince & Elton,53.276736,-2.816234,INE,,england,,North
Ingatestone,51.667301,0.384556,INT,,england,,Midlands
Insch,57.33749,-2.616279,INS,,scotland,,Scotland
Invergordon,57.688587,-4.175563,IGD,,scotland,,Scotland
Invergowrie,56.456795,-3.057897,ING,,scotland,,Scotland
Inverkeithing,56.034725,-3.39621,INK,,scotland,,Scotland
Inverkip,55.905781,-4.873089,INP,,scotland,,Scotland
Inverness,57.480194,-4.223199,INV,,scotland,,Scotland
Inverness Airport,57.5335,-4.0552,IVA,INV,scotland,,Scotland
Invershin,57.925362,-4.399288,INH,,scotland,,Scotland
Inverurie,57.286343,-2.373224,INR,,scotland,,Scotland
Ipswich,52.050552,1.144481,IPS,,england,,Midlands
Irlam,53.434172,-2.432989,IRL,,england,,North
Irvine,55.610916,-4.675196,IRV,,scotland,,Scotland
Isleworth,51.474709,-0.33689,ISL,,england,,South East
Islip,51.82571,-1.238185,ISP,,england,,Midlands
Iver,51.508342,-0.506659,IVR,,england,,Midlands
Ivybridge,50.393515,-3.904954,IVY,,england,,South East
James Cook University Hospital,54.5515,-1.2076,JCH,,england,,North
James Street,53.404748,-2.991993,LVJ,,england,,North
Jewellery Quarter,52.489514,-1.913522,JEQ,,england,,Midlands
Johnston,51.756714,-4.996407,JOH,,wales,,Wales
Johnstone,55.834759,-4.50369,JHN,,scotland,,Scotland
Jordanhill,55.882282,-4.326053,JOR,,scotland,,Scotland
Kearsley,53.54419,-2.375032,KSL,,england,,North
Kearsney,51.149399,1.271566,KSN,,england,,South East
Keighley,53.86787,-1.90112,KEI,,england,,North
Keith,57.550976,-2.954062,KEH,,scotland,,Scotland
Kelvedon,51.841202,0.701529,KEL,,england,,Midlands
Kelvindale,55.8933,-4.3106,KVD,,scotland,,Scotland
Kemble,51.67622,-2.023115,KEM,,england,,Midlands
Kempston Hardwick,52.092026,-0.505266,KMH,,england,,Midlands
Kempton Park,51.421757,-0.40929,KMP,,england,,South East
Kemsing,51.297684,0.247716,KMS,,england,,South East
Kemsley,51.361996,0.733559,KML,,england,,South East
Kendal,54.332108,-2.739667,KEN,,england,,North
Kenilworth,52.3429,-1.5726,KNW,,england,,Midlands
Kenley,51.324547,-0.101199,KLY,,england,,South East
Kennett,52.277523,0.490482,KNE,,england,,Midlands
Kennishead,55.813099,-4.325119,KNS,,scotland,,Scotland
Kensal Green,51.530602,-0.223847,KNL,,england,,Midlands
Kensal Rise,51.534157,-0.220811,KNR,,england,,Midlands
Kensington Olympia,51.497753,-0.210189,KPA,,england,,South East
Kent House,51.412659,-0.045786,KTH,,england,,South East
Kentish Town,51.550338,-0.140446,KTN,,england,,Midlands
Kentish Town West,51.546501,-0.146778,KTW,,england,,Midlands
Kenton,51.581436,-0.317123,KNT,,england,,Midlands
Kents Bank,54.172967,-2.925351,KBK,,england,,North
Kettering,52.393177,-0.731724,KET,,england,,Midlands
Kew Bridge,51.489311,-0.288827,KWB,,england,,South East
Kew Gardens,51.477558,-0.284949,KWG,,england,,South East
Keyham,50.389687,-4.179095,KEY,,england,,South East
Keynsham,51.417122,-2.49465,KYN,,england,,South East
Kidbrooke,51.462662,0.028331,KDB,,england,,South East
Kidderminster,52.384457,-2.239458,KID,,england,,Midlands
Kidsgrove,53.086555,-2.244828,KDG,,england,,North
Kidwelly,51.734299,-4.317046,KWL,,wales,,Wales
Kilburn High Road,51.537312,-0.19186,KBN,,england,,Midlands
Kildale,54.477268,-1.067829,KLD,,england,,North
Kildonan,58.171432,-3.869993,KIL,,scotland,,Scotland
Kilgetty,51.732071,-4.715219,KGT,,wales,,Wales
Kilmarnock,55.612835,-4.499048,KMK,,scotland,,Scotland
Kilmaurs,55.636425,-4.532331,KLM,,scotland,,Scotland
Kilpatrick,55.924755,-4.453454,KPT,,scotland,,Scotland
Kilwinning,55.655994,-4.710071,KWN,,scotland,,Scotland
Kinbrace,58.258408,-3.941063,KBC,,scotland,,Scotland
Kingham,51.902222,-1.629331,KGM,,england,,Midlands
Kinghorn,56.069389,-3.174161,KGH,,scotland,,Scotland
Kings Heath,52.43141,-1.89297,KIH,,england,,Midlands
Kings Langley,51.70631,-0.438411,KGL,,england,,Midlands
Kings Lynn,52.754108,0.403475,KLN,,england,,North
Kings Norton,52.413456,-1.933801,KNN,,england,,Midlands
Kings Nympton,50.935921,-3.905634,KGN,,england,,South East
Kings Park,55.819935,-4.247294,KGP,,scotland,,Scotland
Kings Sutton,52.020184,-1.280066,KGS,,england,,Midlands
Kingsknowe,55.919323,-3.265634,KGE,,scotland,,Scotland
Kingston,51.412155,-0.301768,KNG,,england,,South East
Kingswood,51.294807,-0.211439,KND,,england,,South East
Kingussie,57.07785,-4.052227,KIN,,scotland,,Scotland
Kintbury,51.40247,-1.445059,KIT,,england,,South East
Kintore,57.243611,-2.350278,KTR,,scotland,,Scotland
Kirby Cross,51.840897,1.214045,KBX,,england,,Midlands
Kirk Sandall,53.56347,-1.075006,KKS,,england,,North
Kirkby,53.486619,-2.902021,KIR,,england,,North
Kirkby Stephen,54.455135,-2.368603,KSW,,england,,North
Kirkby in Ashfield,53.099758,-1.253278,KKB,,england,,North
Kirkby-In-Furness,54.232426,-3.187398,KBF,,england,,North
Kirkcaldy,56.112579,-3.167445,KDY,,scotland,,Scotland
Kirkconnel,55.38834,-3.998533,KRK,,scotland,,Scotland
Kirkdale,53.440896,-2.981093,KKD,,england,,North
Kirkham & Wesham,53.787373,-2.881834,KKM,,england,,North
Kirkhill,55.814156,-4.168751,KKH,,scotland,,Scotland
Kirknewton,55.888744,-3.432526,KKN,,scotland,,Scotland
Kirkstall Forge,53.826,-1.62,KLF,,england,,North
Kirkwood,55.85577,-4.048037,KWD,,scotland,,Scotland
Kirton Lindsey,53.484829,-0.593886,KTL,,england,,North
Kiveton Bridge,53.340729,-1.265524,KIV,,england,,North
Kiveton Park,53.336975,-1.240052,KVP,,england,,North
Knaresborough,54.008755,-1.470482,KNA,,england,,North
Knebworth,51.86636,-0.187406,KBW,,england,,Midlands
Knighton,52.345043,-3.042232,KNI,,england,,Midlands
Knockholt,51.34573,0.130865,KCK,,england,,South East
Knottingley,53.706528,-1.259172,KNO,,england,,North
Knucklas,52.359833,-3.096907,KNU,,wales,,Wales
Knutsford,53.301956,-2.372101,KNF,,england,,North
Kyle of Lochalsh,57.280567,-5.713067,KYL,,scotland,,Scotland
Ladybank,56.273834,-3.122284,LDY,,scotland,,Scotland
Ladywell,51.456291,-0.019445,LAD,,england,,South East
Laindon,51.567566,0.424063,LAI,,england,,Midlands
Lairg,58.001701,-4.401,LRG,,scotland,,Scotland
Lake,50.64814,-1.16686,LKE,,england,,South East
Lakenheath,52.447456,0.533911,LAK,,england,,Midlands
Lamphey,51.667145,-4.873332,LAM,,wales,,Wales
Lanark,55.673119,-3.772901,LNK,,scotland,,Scotland
Lancaster,54.048553,-2.807934,LAN,,england,,North
Lancing,50.827015,-0.323103,LAC,,england,,South East
Landywood,52.657101,-2.020659,LAW,,england,,North
Langbank,55.924725,-4.586326,LGB,,scotland,,Scotland
Langho,53.804934,-2.447934,LHO,,england,,North
Langley,51.508011,-0.541747,LNY,,england,,Midlands
Langley Green,52.494385,-2.005857,LGG,,england,,Midlands
Langley Mill,53.018236,-1.330982,LGM,,england,,North
Langside,55.821175,-4.277696,LGS,,scotland,,Scotland
Langwathby,54.694744,-2.662457,LGW,,england,,North
Langwith - Whaley Thorns,53.232885,-1.208882,LAG,,england,,North
Lapford,50.857384,-3.811489,LAP,,england,,South East
Lapworth,52.341232,-1.72549,LPW,,england,,Midlands
Larbert,56.022751,-3.830604,LBT,,scotland,,Scotland
Largs,55.792637,-4.867942,LAR,,scotland,,Scotland
Larkhall,55.739258,-3.974445,LRH,,scotland,,Scotland
Laurencekirk,56.835945,-2.466345,LAU,,scotland,,Scotland
Lawrence Hill,51.458168,-2.564183,LWH,,england,,South East
Layton,53.835625,-3.030249,LAY,,england,,North
Lazonby & Kirkoswald,54.750233,-2.702207,LZB,,england,,North
Lea Bridge,51.5672,-0.00363,LEB,,england,,Midlands
Lea Green,53.42709,-2.72386,LEG,,england,,North
Lea Hall,52.480709,-1.786457,LEH,,england,,Midlands
Leagrave,51.905304,-0.459139,LEA,,england,,Midlands
Lealholm,54.459885,-0.826027,LHM,,england,,North
Leamington Spa,52.284893,-1.536723,LMS,,england,,Midlands
Leasowe,53.408035,-3.099624,LSW,,england,,North
Leatherhead,51.298397,-0.333225,LHD,,england,,South East
Ledbury,52.044991,-2.425728,LED,,england,,Midlands
Lee,51.449432,0.013364,LEE,,england,,South East
Leeds,53.795158,-1.549089,LDS,,england,,North
Leicester,52.631397,-1.125274,LEI,,england,,North
Leigh (Kent),51.194057,0.211179,LIH,,england,,South East
Leigh-on-Sea,51.541309,0.640454,LES,,england,,Midlands
Leighton Buzzard,51.916046,-0.676874,LBZ,,england,,Midlands
Lelant,50.183887,-5.436207,LEL,,england,,South East
Lelant Saltings,50.17923,-5.441468,LTS,,england,,South East
Lenham,51.233986,0.707337,LEN,,england,,South East
Lenzie,55.921364,-4.153932,LNZ,,scotland,,Scotland
Leominster,52.225109,-2.730506,LEO,,england,,Midlands
Letchworth Garden City,51.980305,-0.229403,LET,,england,,Midlands
Leuchars,56.375427,-2.893734,LEU,,scotland,,Scotland
Leven,56.1923,-3.002,LEV,,scotland,,Scotland
Levenshulme,53.444405,-2.192676,LVM,,england,,North
Lewes,50.870281,0.012455,LWS,,england,,South East
Lewisham,51.466099,-0.014703,LEW,,england,,South East
Leyland,53.69886,-2.687101,LEY,,england,,North
Leyton Midland Road,51.569393,-0.007313,LEM,,england,,Midlands
Leytonstone High Road,51.563725,0.008304,LER,,england,,Midlands
Lichfield City,52.680347,-1.825431,LIC,,england,,North
Lichfield Trent Valley,52.6869,-1.800014,LTV,,england,,North
Lidlington,52.041385,-0.558972,LID,,england,,Midlands
Limehouse,51.51239,-0.040071,LHS,,england,,Midlands
Lincoln Central,53.227089,-0.540922,LCN,,england,,North
Lingfield,51.176392,-0.007151,LFD,,england,,South East
Lingwood,52.621872,1.489735,LGD,,england,,North
Linlithgow,55.975689,-3.596,LIN,,scotland,,Scotland
Liphook,51.071213,-0.801027,LIP,,england,,South East
Liskeard,50.446711,-4.46753,LSK,,england,,South East
Liss,51.044254,-0.893023,LIS,,england,,South East
Lisvane & Thornhill,51.544357,-3.185344,LVT,,wales,,Wales
Little Kimble,51.752014,-0.809152,LTK,,england,,Midlands
Little Sutton,53.285537,-2.943134,LTT,,england,,North
Littleborough,53.642988,-2.094698,LTL,,england,,North
Littlehampton,50.810226,-0.546547,LIT,,england,,South East
Littlehaven,51.079514,-0.308276,LVN,,england,,South East
Littleport,52.462696,0.316905,LTP,,england,,Midlands
Liverpool Central,53.40525,-2.977841,LVC,,england,,North
Liverpool Lime Street,53.407299,-2.977746,LIV,,england,,North
Liverpool South Parkway,53.3577,-2.8897,LPY,,england,,North
Livingston North,55.901736,-3.543357,LSN,,scotland,,Scotland
Livingston South,55.871712,-3.503823,LVG,,scotland,,Scotland
Llanaber,52.741375,-4.078263,LLA,,wales,,Wales
Llanbedr,52.820835,-4.110252,LBR,,wales,,Wales
Llanbister Road,52.336231,-3.212283,LLT,,wales,,Wales
Llanbradach,51.60321,-3.233085,LNB,,wales,,Wales
Llandaf,51.507942,-3.229076,LLN,,wales,,Wales
Llandanwg,52.835865,-4.124342,LDN,,wales,,Wales
Llandecwyn,52.920666,-4.057092,LLC,,wales,,Wales
Llandeilo,51.885117,-3.987662,LLL,,wales,,Wales
Llandovery,51.99509,-3.803163,LLV,,wales,,Wales
Llandrindod,52.242687,-3.37963,LLO,,wales,,Wales
Llandudno,53.320911,-3.827043,LLD,,wales,,Wales
Llandudno Junction,53.283953,-3.809102,LLJ,,wales,,Wales
Llandybie,51.820099,-4.003658,LLI,,wales,,Wales
Llanelli,51.673405,-4.162068,LLE,,wales,,Wales
Llanfairfechan,53.257278,-3.983256,LLF,,wales,,Wales
Llanfairpwll,53.22094,-4.209263,LPG,,wales,,Wales
Llangadog,51.940639,-3.892638,LLG,,wales,,Wales
Llangammarch,52.113724,-3.55528,LLM,,wales,,Wales
Llangennech,51.691093,-4.078988,LLH,,wales,,Wales
Llangynllo,52.350227,-3.161273,LGO,,wales,,Wales
Llanharan,51.53759,-3.4408,LLR,,wales,,Wales
Llanhilleth,51.700339,-3.137033,LTH,,wales,,Wales
Llanishen,51.533592,-3.182181,LLS,,wales,,Wales
Llanrwst,53.14401,-3.802844,LWR,,wales,,Wales
Llansamlet,51.660973,-3.892526,LAS,,wales,,Wales
Llantwit Major,51.40623,-3.47503,LWM,,wales,,Wales
Llanwrda,51.962551,-3.871719,LNR,,wales,,Wales
Llanwrtyd,52.104584,-3.632354,LNW,,wales,,Wales
Llwyngwril,52.66658,-4.088024,LLW,,wales,,Wales
Llwynypia,51.633957,-3.453557,LLY,,wales,,Wales
Loch Awe,56.402481,-5.040117,LHA,,scotland,,Scotland
Loch Eil Outward Bound,56.855343,-5.191638,LHE,,scotland,,Scotland
Lochailort,56.881035,-5.663456,LCL,,scotland,,Scotland
Locheilside,56.855473,-5.290086,LCS,,scotland,,Scotland
Lochgelly,56.13538,-3.312958,LCG,,scotland,,Scotland
Lochluichart,57.621277,-4.809628,LCC,,scotland,,Scotland
Lochwinnoch,55.786549,-4.617038,LHW,,scotland,,Scotland
Lockerbie,55.123085,-3.353242,LOC,,scotland,,Scotland
Lockwood,53.635849,-1.800335,LCK,,england,,North
London Blackfriars,51.510735,-0.103554,BFR,,england,,Midlands
London Bridge,51.505035,-0.085058,LBG,,england,,Midlands
London Cannon Street,51.510525,-0.090589,CST,,england,,Midlands
London Charing Cross,51.508362,-0.123835,CHX,,england,,Midlands
London Euston,51.528313,-0.134545,EUS,,england,,Midlands
London Fenchurch Street,51.511234,-0.079039,FST,,england,,Midlands
London Fields,51.541454,-0.057574,LOF,,england,,Midlands
London Kings Cross,51.530827,-0.122907,KGX,,england,,Midlands
London Liverpool Street,51.517551,-0.08021,LST,,england,,Midlands
London Marylebone,51.52248,-0.163605,MYB,,england,,Midlands
London Paddington,51.516014,-0.176049,PAD,,england,,Midlands
London Road (Brighton),50.836773,-0.136696,LRB,,england,,South East
London Road (Guildford),51.24067,-0.56506,LRD,,england,,South East
London St Pancras International,51.531921,-0.126361,STP,,england,,Midlands
London Victoria,51.4966,-0.1448,VIC,,england,,South East
London Waterloo,51.501865,-0.111126,WAT,,england,,Midlands
London Waterloo East,51.504513,-0.10814,WAE,,england,,Midlands
Long Buckby,52.293964,-1.086469,LBK,,england,,Midlands
Long Eaton,52.885105,-1.288114,LGE,,england,,North
Long Preston,54.017115,-2.254533,LPR,,england,,North
Longbeck,54.592896,-1.028041,LGK,,england,,North
Longbridge,52.396385,-1.980861,LOB,,england,,Midlands
Longcross,51.384556,-0.594536,LNG,,england,,South East
Longfield,51.396496,0.299994,LGF,,england,,South East
Longniddry,55.976524,-2.889308,LND,,scotland,,Scotland
Longport,53.041656,-2.21623,LPT,,england,,North
Longton,52.990013,-2.137216,LGN,,england,,North
Looe,50.359234,-4.456029,LOO,,england,,South East
Lostock,53.572969,-2.494276,LOT,,england,,North
Lostock Gralam,53.267677,-2.465197,LTG,,england,,North
Lostock Hall,53.724316,-2.687069,LOH,,england,,North
Lostwithiel,50.40744,-4.665497,LOS,,england,,South East
Loughborough,52.779327,-1.194952,LBO,,england,,North
Loughborough Junction,51.46666,-0.102499,LGJ,,england,,South East
Low Moor,53.74924,-1.750517,LMR,,england,,North
Lowdham,53.007072,-0.998465,LOW,,england,,North
Lower Sydenham,51.425056,-0.033746,LSY,,england,,South East
Lowestoft,52.473618,1.749009,LWT,,england,,Midlands
Ludlow,52.370853,-2.715275,LUD,,england,,Midlands
Luton,51.882233,-0.414881,LUT,,england,,Midlands
Luton Airport Parkway,51.871159,-0.393485,LTN,LTN,england,,Midlands
Luxulyan,50.390244,-4.747551,LUX,,england,,South East
Lydney,51.714584,-2.531189,LYD,,england,,Midlands
Lye,52.459267,-2.116233,LYE,,england,,Midlands
Lymington Pier,50.758083,-1.529275,LYP,,england,,South East
Lymington Town,50.760818,-1.537753,LYT,,england,,South East
Lympstone Commando,50.661121,-3.438876,LYC,,england,,South East
Lympstone Village,50.648621,-3.431419,LYM,,england,,South East
Lytham,53.739101,-2.964206,LTM,,england,,North
Macclesfield,53.259331,-2.121397,MAC,,england,,North
Machynlleth,52.595844,-3.854311,MCN,,wales,,Wales
Maesteg,51.610607,-3.655003,MST,,wales,,Wales
Maesteg (Ewenny Road),51.605297,-3.649038,MEW,,wales,,Wales
Maghull,53.506464,-2.930828,MAG,,england,,North
Maghull North,53.5167,-2.9213,MNS,,england,,North
Maiden Newton,50.780128,-2.568749,MDN,,england,,South East
Maidenhead,51.518601,-0.722464,MAI,,england,,Midlands
Maidstone Barracks,51.277288,0.514148,MDB,,england,,South East
Maidstone East,51.277729,0.520618,MDE,,england,,South East
Maidstone West,51.270943,0.515975,MDW,,england,,South East
Malden Manor,51.384579,-0.261118,MAL,,england,,South East
Mallaig,57.005497,-5.8306,MLG,,scotland,,Scotland
Malton,54.13155,-0.798593,MLT,,england,,North
Malvern Link,52.12534,-2.31987,MVL,,england,,Midlands
Manchester Airport,53.361568,-2.268941,MIA,MAN,england,,North
Manchester Oxford Road,53.47398,-2.242531,MCO,,england,,North
Manchester Piccadilly,53.476704,-2.228991,MAN,,england,,North
Manchester United Football Club,53.463056,-2.291389,MUF,,england,,North
Manchester Victoria,53.487465,-2.242607,MCV,,england,,North
Manea,52.497692,0.178779,MNE,,england,,Midlands
Manningtree,51.948818,1.045653,MNG,,england,,Midlands
Manor Park,51.552296,0.045309,MNP,,england,,Midlands
Manor Road,53.394772,-3.171468,MNR,,england,,North
Manorbier,51.660114,-4.7919,MRB,,wales,,Wales
Manors,54.972698,-1.606296,MAS,,england,,North
Mansfield,53.142232,-1.198192,MFT,,england,,North
Mansfield Woodhouse,53.1636,-1.201651,MSW,,england,,North
March,52.560432,0.090409,MCH,,england,,North
Marden,51.175785,0.49359,MRN,,england,,South East
Margate,51.384926,1.371737,MAR,,england,,South East
Market Harborough,52.480366,-0.908868,MHR,,england,,Midlands
Market Rasen,53.384441,-0.337075,MKR,,england,,North
Markinch,56.200069,-3.131414,MNC,,scotland,,Scotland
Marks Tey,51.880695,0.782372,MKT,,england,,Midlands
Marlow,51.570995,-0.766452,MLW,,england,,Midlands
Marple,53.400763,-2.057168,MPL,,england,,North
Marsden,53.602737,-1.93197,MSN,,england,,North
Marsh Barton,50.704,-3.521,MBT,,england,,South East
Marske,54.587433,-1.018892,MSK,,england,,North
Marston Green,52.467159,-1.755616,MGN,,england,,Midlands
Martin Mill,51.170593,1.348907,MTM,,england,,South East
Martins Heron,51.406689,-0.720386,MAO,,england,,South East
Marton,54.543808,-1.197708,MTO,,england,,North
Maryhill,55.898026,-4.301396,MYH,,scotland,,Scotland
Maryland,51.545784,0.006075,MYL,,england,,Midlands
Maryport,54.711597,-3.494738,MRY,,england,,North
Matlock,53.138126,-1.558988,MAT,,england,,North
Matlock Bath,53.121941,-1.55766,MTB,,england,,North
Mauldeth Road,53.432984,-2.209325,MAU,,england,,North
Maxwell Park,55.837124,-4.289813,MAX,,scotland,,Scotland
Maybole,55.354485,-4.686269,MAY,,scotland,,Scotland
Maze Hill,51.482883,0.003311,MZH,,england,,South East
Meadowhall,53.417046,-1.411669,MHS,,england,,North
Meldreth,52.090687,0.00853,MEL,,england,,Midlands
Melksham,51.379803,-2.14449,MKM,,england,,South East
Melton,52.103683,1.338085,MES,,england,,Midlands
Melton Mowbray,52.760643,-0.885564,MMO,,england,,North
Menheniot,50.426183,-4.40938,MEN,,england,,South East
Menston,53.891895,-1.735205,MNN,,england,,North
Meols,53.399356,-3.15431,MEO,,england,,North
Meols Cop,53.645519,-2.975696,MEC,,england,,North
Meopham,51.386368,0.356977,MEP,,england,,South East
Meridian Water,51.61,-0.0501,MRW,,england,,Midlands
Merryton,55.749013,-3.978667,MEY,,scotland,,Scotland
Merstham,51.264164,-0.149555,MHM,,england,,South East
Merthyr Tydfil,51.745476,-3.377458,MER,,wales,,Wales
Merthyr Vale,51.686607,-3.336622,MEV,,wales,,Wales
Metheringham,53.138866,-0.391421,MGM,,england,,North
Metrocentre,54.958492,-1.662656,MCE,,england,,North
Mexborough,53.490986,-1.28855,MEX,,england,,North
Micheldever,51.182034,-1.260283,MIC,,england,,South East
Micklefield,53.788715,-1.324507,MIK,,england,,North
Middlesbrough,54.579086,-1.232596,MBR,,england,,North
Middlewood,53.359142,-2.084111,MDL,,england,,North
Midgham,51.395805,-1.177683,MDG,,england,,South East
Milford (Surrey),51.163849,-0.63701,MLF,,england,,South East
Milford Haven,51.715977,-5.041485,MFH,,wales,,Wales
Mill Hill (Lancs),53.735433,-2.501433,MLH,,england,,North
Mill Hill Broadway,51.612823,-0.249522,MIL,,england,,Midlands
Millbrook (Bedfordshire),52.053822,-0.532724,MLB,,england,,Midlands
Millbrook (Hants),50.911434,-1.433848,MBK,,england,,South East
Milliken Park,55.825157,-4.533405,MIN,,scotland,,Scotland
Millom,54.210831,-3.271108,MLM,,england,,North
Mills Hill,53.551393,-2.171484,MIH,,england,,North
Milngavie,55.94091,-4.315152,MLN,,scotland,,Scotland
Milton Keynes Central,52.034357,-0.77341,MKC,,england,,Midlands
Minffordd,52.926464,-4.085625,MFF,,wales,,Wales
Minster,51.329807,1.317431,MSR,,england,,South East
Mirfield,53.671577,-1.692696,MIR,,england,,North
Mistley,51.943417,1.080205,MIS,,england,,Midlands
Mitcham Eastfields,51.407725,-0.154764,MTC,,england,,South East
Mitcham Junction,51.392887,-0.157308,MIJ,,england,,South East
Mobberley,53.329941,-2.333309,MOB,,england,,North
Monifieth,56.480167,-2.818249,MON,,scotland,,Scotland
Monks Risborough,51.735134,-0.829882,MRS,,england,,Midlands
Montpelier,51.468205,-2.588525,MTP,,england,,South East
Montrose,56.71286,-2.47207,MTS,,scotland,,Scotland
Moorfields,53.408534,-2.989182,MRF,,england,,North
Moorgate,51.5186,-0.09027,MOG,,england,,Midlands
Moorside,53.516354,-2.35146,MSD,,england,,North
Moorthorpe,53.594452,-1.304952,MRP,,england,,North
Morar,56.969788,-5.821991,MRR,,scotland,,Scotland
Morchard Road,50.831841,-3.776424,MRD,,england,,South East
Morden South,51.396248,-0.200299,MDS,,england,,South East
Morecambe,54.070322,-2.869379,MCM,,england,,North
Moreton (Dorset),50.701057,-2.312914,MTN,,england,,South East
Moreton (Merseyside),53.407917,-3.113156,MRT,,england,,North
Moreton-In-Marsh,51.992336,-1.7014,MIM,,england,,Midlands
Morfa Mawddach,52.7071,-4.032224,MFA,,wales,,Wales
Morley,53.75037,-1.592033,MLY,,england,,North
Morpeth,55.162537,-1.682903,MPT,,england,,North
Mortimer,51.371941,-1.035979,MOR,,england,,South East
Mortlake,51.468288,-0.266575,MTL,,england,,South East
Moses Gate,53.55604,-2.400931,MSS,,england,,North
Moseley Village,52.44582,-1.88451,MOV,,england,,Midlands
Moss Side,53.764431,-2.943548,MOS,,england,,North
Mossley (Manchester),53.514963,-2.041263,MSL,,england,,North
Mossley Hill,53.379025,-2.915464,MSH,,england,,North
Mosspark,55.838947,-4.336232,MPK,,scotland,,Scotland
Moston,53.52264,-2.171925,MSO,,england,,North
Motherwell,55.791927,-3.995234,MTH,,scotland,,Scotland
Motspur Park,51.395042,-0.23916,MOT,,england,,South East
Mottingham,51.439804,0.050353,MTG,,england,,South East
Mottisfont & Dunbridge,51.033987,-1.546942,DBG,,england,,South East
Mouldsworth,53.231976,-2.732546,MLD,,england,,North
Moulsecoomb,50.844616,-0.12076,MCB,,england,,South East
Mount Florida,55.826859,-4.262067,MFL,,scotland,,Scotland
Mount Vernon,55.839882,-4.136638,MTV,,scotland,,Scotland
Mountain Ash,51.683422,-3.378478,MTA,,wales,,Wales
Muir of Ord,57.518017,-4.460981,MOO,,scotland,,Scotland
Muirend,55.810459,-4.273888,MUI,,scotland,,Scotland
Musselburgh,55.930225,-3.062719,MUB,,scotland,,Scotland
Mytholmroyd,53.729496,-1.981773,MYT,,england,,North
Nafferton,54.011684,-0.386948,NFN,,england,,North
Nailsea & Backwell,51.419357,-2.750661,NLS,,england,,South East
Nairn,57.580227,-3.873024,NRN,,scotland,,Scotland
Nantwich,53.063533,-2.518868,NAN,,england,,North
Narberth,51.800156,-4.726567,NAR,,wales,,Wales
Narborough,52.571712,-1.20318,NBR,,england,,North
Navigation Road,53.395412,-2.3435,NVR,,england,,North
Neath,51.662315,-3.807267,NTH,,wales,,Wales
Needham Market,52.156437,1.051047,NMT,,england,,Midlands
Neilston,55.782364,-4.426945,NEI,,scotland,,Scotland
Nelson,53.834469,-2.214223,NEL,,england,,North
Neston,53.292419,-3.063769,NES,,england,,North
Netherfield,52.960972,-1.078427,NET,,england,,North
Nethertown,54.456699,-3.566201,NRT,,england,,North
Netley,50.874977,-1.341913,NTL,,england,,South East
New Barnet,51.648521,-0.172972,NBA,,england,,Midlands
New Beckenham,51.416988,-0.035525,NBC,,england,,South East
New Brighton,53.43726,-3.049191,NBN,,england,,North
New Clee,53.574455,-0.060771,NCE,,england,,North
New Cross,51.476299,-0.032984,NWX,,england,,South East
New Cross Gate,51.475544,-0.041655,NXG,,england,,South East
New Cumnock,55.402271,-4.182457,NCK,,scotland,,Scotland
New Eltham,51.437649,0.0704,NEH,,england,,South East
New Holland,53.702106,-0.360936,NHL,,england,,North
New Hythe,51.312401,0.455075,NHE,,england,,South East
New Lane,53.611298,-2.86758,NLN,,england,,North
New Malden,51.403393,-0.256084,NEM,,england,,South East
New Mills Central,53.364567,-2.007485,NMC,,england,,North
New Mills Newtown,53.359169,-2.00898,NMN,,england,,North
New Milton,50.755836,-1.658313,NWM,,england,,South East
New Pudsey,53.804573,-1.679581,NPD,,england,,North
New Southgate,51.613876,-0.142586,NSG,,england,,Midlands
Newark Castle,53.079987,-0.813151,NCT,,england,,North
Newark Northgate,53.082542,-0.799644,NNG,,england,,North
Newbridge,51.665686,-3.142116,NBE,,wales,,Wales
Newbury,51.397599,-1.322608,NBY,,england,,South East
Newbury Racecourse,51.39814,-1.308549,NRC,,england,,South East
Newcastle,54.968243,-1.617264,NCL,,england,,North
Newcourt,50.705418,-3.47259,NCO,,england,,South East
Newcraighall,55.932619,-3.091582,NEW,,scotland,,Scotland
Newhaven Harbour,50.790398,0.054433,NVH,,england,,South East
Newhaven Town,50.794888,0.054627,NVN,,england,,South East
Newington,51.353733,0.66269,NGT,,england,,South East
Newmarket,52.237904,0.406249,NMK,,england,,Midlands
Newport (Essex),51.97995,0.216176,NWE,,england,,Midlands
Newport (South Wales),51.590145,-2.998873,NWP,,wales,,Wales
Newquay,50.415245,-5.075769,NQY,,england,,South East
Newsham,55.103279,-1.524313,NWH,,england,,North
Newstead,53.069961,-1.222036,NSD,,england,,North
Newton,55.819256,-4.133907,NTN,,scotland,,Scotland
Newton Abbot,50.529507,-3.599957,NTA,,england,,South East
Newton Aycliffe,54.613171,-1.5881,NAY,,england,,North
Newton St Cyres,50.77879,-3.588594,NTC,,england,,South East
Newton for Hyde,53.45623,-2.067735,NWN,,england,,North
Newton-Le-Willows,53.452873,-2.614369,NLW,,england,,North
Newton-On-Ayr,55.473541,-4.62632,NOA,,scotland,,Scotland
Newtongrange,55.865652,-3.066151,NEG,,scotland,,Scotland
Newtonmore,57.059673,-4.118831,NWR,,scotland,,Scotland
Newtown (Powys),52.512291,-3.311432,NWT,,wales,,Wales
Ninian Park,51.475861,-3.200846,NNP,,wales,,Wales
Nitshill,55.811531,-4.360126,NIT,,scotland,,Scotland
Norbiton,51.411907,-0.284525,NBT,,england,,South East
Norbury,51.411236,-0.123492,NRB,,england,,South East
Normans Bay,50.825382,0.389669,NSB,,england,,South East
Normanton,53.700249,-1.424378,NOR,,england,,North
North Berwick,56.057545,-2.728989,NBW,,scotland,,Scotland
North Camp,51.275517,-0.731195,NCM,,england,,South East
North Dulwich,51.454712,-0.087163,NDL,,england,,South East
North Fambridge,51.64859,0.681703,NFA,,england,,Midlands
North Llanrwst,53.141348,-3.792723,NLR,,wales,,Wales
North Queensferry,56.013168,-3.395426,NQU,,scotland,,Scotland
North Road,54.536667,-1.554856,NRD,,england,,North
North Sheen,51.464977,-0.285423,NSH,,england,,South East
North Walsham,52.817383,1.385142,NWA,,england,,North
North Wembley,51.562355,-0.303394,NWB,,england,,Midlands
Northallerton,54.333084,-1.441718,NTR,,england,,North
Northampton,52.237433,-0.906689,NMP,,england,,Midlands
Northfield,52.408073,-1.96469,NFD,,england,,Midlands
Northfleet - Cooper Arms,51.446384,0.324092,NFL,,england,,South East
Northolt Park,51.557762,-0.359827,NLT,,england,,Midlands
Northumberland Park,51.601643,-0.053558,NUM,,england,,Midlands
Northwich,53.261414,-2.496815,NWI,,england,,North
Norton Bridge,52.865513,-2.190102,NTB,,england,,North
Norwich,52.627121,1.306879,NRW,,england,,North
Norwood Junction,51.396965,-0.075201,NWD,,england,,South East
Nottingham,52.946905,-1.146441,NOT,,england,,North
Nuneaton,52.526436,-1.463431,NUN,,england,,North
Nunhead,51.466747,-0.053546,NHD,,england,,South East
Nunthorpe,54.528347,-1.170195,NNT,,england,,North
Nutbourne,50.846313,-0.883508,NUT,,england,,South East
Nutfield,51.22702,-0.132425,NUF,,england,,South East
Oakengates,52.693104,-2.451245,OKN,,england,,North
Oakham,52.671913,-0.734019,OKM,,england,,North
Oakleigh Park,51.637627,-0.166189,OKL,,england,,Midlands
Oban,56.411758,-5.473841,OBN,,scotland,,Scotland
Ockendon,51.521687,0.290439,OCK,,england,,Midlands
Ockley,51.150955,-0.335692,OLY,,england,,South East
Okehampton,50.731679,-3.988267,OKE,,england,,South East
Old Hill,52.470993,-2.055913,OHL,,england,,Midlands
Old Roan,53.486871,-2.951095,ORN,,england,,North
Old Street,51.525776,-0.088515,OLD,,england,,Midlands
Oldfield Park,51.37978,-2.380742,OLF,,england,,South East
Olton,52.43848,-1.804313,OLT,,england,,Midlands
Ore,50.866959,0.590783,ORE,,england,,South East
Ormskirk,53.569014,-2.881615,OMS,,england,,North
Orpington,51.373463,0.089049,ORP,,england,,South East
Orrell,53.530548,-2.709028,ORR,,england,,North
Orrell Park,53.461991,-2.962908,OPK,,england,,North
Otford,51.312141,0.196757,OTF,,england,,South East
Oulton Broad North,52.478226,1.716998,OUN,,england,,Midlands
Oulton Broad South,52.469528,1.707425,OUS,,england,,Midlands
Outwood,53.714115,-1.512068,OUT,,england,,North
Overpool,53.284155,-2.924788,OVE,,england,,North
Overton,51.253971,-1.25913,OVR,,england,,South East
Oxenholme Lake District,54.305169,-2.722249,OXN,,england,,North
Oxford,51.753549,-1.270037,OXF,,england,,Midlands
Oxford Parkway,51.8042,-1.2745,OXP,,england,,Midlands
Oxshott,51.336578,-0.361993,OXS,,england,,South East
Oxted,51.257298,-0.005075,OXT,,england,,South East
Paddock Wood,51.182453,0.389485,PDW,,england,,South East
Padgate,53.405514,-2.556521,PDG,,england,,North
Paignton,50.434658,-3.564361,PGN,,england,,South East
Paisley Canal,55.840878,-4.422606,PCN,,scotland,,Scotland
Paisley Gilmour Street,55.848026,-4.424646,PYG,,scotland,,Scotland
Paisley St James,55.852165,-4.442486,PYJ,,scotland,,Scotland
Palmers Green,51.618736,-0.109164,PAL,,england,,Midlands
Pangbourne,51.485231,-1.090522,PAN,,england,,South East
Pannal,53.958687,-1.533605,PNL,,england,,North
Pantyffynnon,51.778835,-3.997481,PTF,,wales,,Wales
Par,50.355263,-4.704752,PAR,,england,,South East
Parbold,53.590856,-2.770679,PBL,,england,,North
Park Street,51.725651,-0.340727,PKT,,england,,Midlands
Parkstone (Dorset),50.723049,-1.94897,PKS,,england,,South East
Parson Street,51.432758,-2.60991,PSN,,england,,South East
Partick,55.869987,-4.310921,PTK,,scotland,,Scotland
Parton,54.569795,-3.580867,PRN,,england,,North
Patchway,51.52578,-2.562647,PWY,,england,,Midlands
Patricroft,53.484745,-2.357919,PAT,,england,,North
Patterton,55.790443,-4.334935,PTT,,scotland,,Scotland
Peartree,52.89684,-1.473198,PEA,,england,,North
Peckham Rye,51.470585,-0.067782,PMR,,england,,South East
Pegswood,55.178616,-1.64509,PEG,,england,,North
Pemberton,53.530427,-2.670225,PEM,,england,,North
Pembrey & Burry Port,51.683487,-4.247899,PBY,,wales,,Wales
Pembroke,51.673546,-4.905563,PMB,,wales,,Wales
Pembroke Dock,51.69434,-4.93729,PMD,,wales,,Wales
Pen-Y-Bont,52.273914,-3.321972,PNY,,wales,,Wales
Penally,51.65905,-4.72243,PNA,,wales,,Wales
Penarth,51.435669,-3.173908,PEN,,wales,,Wales
Pencoed,51.524567,-3.50053,PCD,,wales,,Wales
Pengam,51.670681,-3.230578,PGM,,wales,,Wales
Penge East,51.419125,-0.055566,PNE,,england,,South East
Penge West,51.417419,-0.061402,PNW,,england,,South East
Penhelig,52.545212,-4.035051,PHG,,wales,,Wales
Penistone,53.525757,-1.62134,PNS,,england,,North
Penkridge,52.723611,-2.119447,PKG,,england,,North
Penmaenmawr,53.270635,-3.923514,PMW,,wales,,Wales
Penmere,50.149736,-5.083108,PNM,,england,,South East
Penrhiwceiber,51.671906,-3.363662,PER,,wales,,Wales
Penrhyndeudraeth,52.928623,-4.064905,PRH,,wales,,Wales
Penrith,54.661831,-2.758044,PNR,,england,,North
Penryn,50.170206,-5.110885,PYN,,england,,South East
Pensarn,52.830692,-4.112216,PES,,wales,,Wales
Penshurst,51.197449,0.174125,PHR,,england,,South East
Pentre-Bach,51.724976,-3.362362,PTB,,wales,,Wales
Penychain,52.903,-4.33845,PNC,,wales,,Wales
Penyffordd,53.143253,-3.055472,PNF,,wales,,Wales
Penzance,50.12162,-5.532489,PNZ,,england,,South East
Perranwell,50.216431,-5.111868,PRW,,england,,South East
Perry Barr,52.516361,-1.90196,PRY,,england,,North
Pershore,52.130249,-2.071555,PSH,,england,,Midlands
Perth,56.39275,-3.440068,PTH,,scotland,,Scotland
Peterborough,52.574947,-0.24981,PBO,,england,,North
Petersfield,51.006924,-0.940951,PTR,,england,,South East
Petts Wood,51.388996,0.075393,PET,,england,,South East
Pevensey & Westham,50.815899,0.325291,PEV,,england,,South East
Pevensey Bay,50.818249,0.342453,PEB,,england,,South East
Pewsey,51.342411,-1.771691,PEW,,england,,South East
Pilning,51.556502,-2.627192,PIL,,england,,Midlands
Pineapple Road,52.42999,-1.90966,PIR,,england,,Midlands
Pinhoe,50.738079,-3.469582,PIN,,england,,South East
Pitlochry,56.70256,-3.736085,PIT,,scotland,,Scotland
Pitsea,51.560387,0.508806,PSE,,england,,Midlands
Pleasington,53.730961,-2.544142,PLS,,england,,North
Plockton,57.333172,-5.666848,PLK,,scotland,,Scotland
Pluckley,51.156578,0.748571,PLC,,england,,South East
Plumley,53.274809,-2.419615,PLM,,england,,North
Plumpton,50.929066,-0.060435,PMP,,england,,South East
Plumstead,51.48959,0.082828,PLU,,england,,South East
Plymouth,50.377762,-4.143386,PLY,,england,,South East
Pokesdown,50.731022,-1.82568,POK,,england,,South East
Polegate,50.820934,0.251705,PLG,,england,,South East
Polesworth,52.625893,-1.60995,PSW,,england,,North
Pollokshaws East,55.824589,-4.287476,PWE,,scotland,,Scotland
Pollokshaws West,55.824318,-4.301826,PWW,,scotland,,Scotland
Pollokshields East,55.841103,-4.269287,PLE,,scotland,,Scotland
Pollokshields West,55.83736,-4.277043,PLW,,scotland,,Scotland
Polmont,55.984856,-3.716614,PMT,,scotland,,Scotland
Polsloe Bridge,50.731274,-3.501785,POL,,england,,South East
Ponders End,51.642693,-0.034453,PON,,england,,Midlands
Pont-Y-Pant,53.065033,-3.862462,PYP,,wales,,Wales
Pontarddulais,51.716866,-4.045417,PTD,,wales,,Wales
Pontefract Baghill,53.691517,-1.303355,PFR,,england,,North
Pontefract Monkhill,53.698711,-1.304749,PFM,,england,,North
Pontefract Tanshelf,53.694313,-1.319964,POT,,england,,North
Pontlottyn,51.74659,-3.278995,PLT,,wales,,Wales
Pontyclun,51.524113,-3.390959,PYC,,wales,,Wales
Pontypool and New Inn,51.697926,-3.014277,PPL,,wales,,Wales
Pontypridd,51.599312,-3.342715,PPD,,wales,,Wales
Poole,50.718559,-1.982964,POO,,england,,South East
Poppleton,53.976345,-1.147657,POP,,england,,North
Port Glasgow,55.9342,-4.689432,PTG,,scotland,,Scotland
Port Sunlight,53.349123,-2.998248,PSL,,england,,North
Port Talbot Parkway,51.591671,-3.781362,PTA,,wales,,Wales
Portchester,50.848389,-1.126361,PTC,,england,,South East
Porth,51.61203,-3.408079,POR,,wales,,Wales
Porthmadog,52.930954,-4.136431,PTM,,wales,,Wales
Portlethen,57.060455,-2.128577,PLN,,scotland,,Scotland
Portslade,50.836044,-0.204898,PLD,,england,,South East
Portsmouth & Southsea,50.797756,-1.090417,PMS,,england,,South East
Portsmouth Arms,50.956768,-3.950633,PMA,,england,,South East
Portsmouth Harbour,50.796097,-1.108895,PMH,,england,,South East
Portway Park & Ride,51.488611,-2.688056,PRI,,england,,South East
Possilpark & Parkhouse,55.890717,-4.259381,PPK,,scotland,,Scotland
Potters Bar,51.697392,-0.192715,PBR,,england,,Midlands
Poulton-Le-Fylde,53.848128,-2.990212,PFY,,england,,North
Poynton,53.350398,-2.13448,PYT,,england,,North
Prees,52.89962,-2.689765,PRS,,england,,North
Prescot,53.423535,-2.799022,PSC,,england,,North
Prestatyn,53.336491,-3.407164,PRT,,wales,,Wales
Prestbury,53.293465,-2.14549,PRB,,england,,North
Preston,53.755721,-2.707191,PRE,,england,,North
Preston Park,50.846054,-0.154787,PRP,,england,,South East
Prestonpans,55.953426,-2.973665,PST,,scotland,,Scotland
Prestwick International Airport,55.511513,-4.616166,PRA,PIK,scotland,,Scotland
Prestwick Town,55.501675,-4.613935,PTW,,scotland,,Scotland
Priesthill & Darnley,55.812737,-4.344246,PTL,,scotland,,Scotland
Princes Risborough,51.717697,-0.844059,PRR,,england,,Midlands
Prittlewell,51.550476,0.71167,PRL,,england,,Midlands
Prudhoe,54.966072,-1.864077,PRU,,england,,North
Pulborough,50.957355,-0.517751,PUL,,england,,South East
Purfleet,51.481358,0.236575,PFL,,england,,South East
Purley,51.337334,-0.113592,PUR,,england,,South East
Purley Oaks,51.346989,-0.098843,PUO,,england,,South East
Putney,51.46125,-0.216463,PUT,,england,,South East
Pwllheli,52.887825,-4.416754,PWL,,wales,,Wales
Pye Corner,51.579513,-3.038295,PYE,,wales,,Wales
Pyle,51.527199,-3.702439,PYL,,wales,,Wales
Quakers Yard,51.660686,-3.322844,QYD,,wales,,Wales
Queenborough,51.416473,0.749756,QBR,,england,,South East
Queens Park (Glasgow),55.835747,-4.267368,QPK,,scotland,,Scotland
Queens Park (London),51.533916,-0.204966,QPW,,england,,Midlands
Queens Road Peckham,51.47401,-0.057553,QRP,,england,,South East
Queenstown Road (Battersea),51.474552,-0.146819,QRB,,england,,South East
Quintrell Downs,50.403908,-5.029838,QUI,,england,,South East
Radcliffe (Nottinghamshire),52.948906,-1.031059,RDF,,england,,North
Radlett,51.68486,-0.317626,RDT,,england,,Midlands
Radley,51.685588,-1.240398,RAD,,england,,Midlands
Radyr,51.515831,-3.248028,RDR,,wales,,Wales
Rainford,53.51694,-2.789454,RNF,,england,,North
Rainham (Essex),51.517449,0.190716,RNM,,england,,Midlands
Rainham (Kent),51.36657,0.611698,RAI,,england,,South East
Rainhill,53.417129,-2.766398,RNH,,england,,North
Ramsgate,51.340767,1.405833,RAM,,england,,South East
Ramsgreave & Wilpshire,53.787868,-2.47657,RGW,,england,,North
Rannoch,56.685318,-4.576208,RAN,,scotland,,Scotland
Rauceby,52.985081,-0.455247,RAU,,england,,North
Ravenglass for Eskdale,54.355804,-3.409456,RAV,,england,,North
Ravensbourne,51.413803,-0.0069,RVB,,england,,South East
Ravensthorpe,53.675964,-1.653298,RVN,,england,,North
Rawcliffe,53.688141,-0.961174,RWC,,england,,North
Rayleigh,51.589851,0.601393,RLG,,england,,Midlands
Raynes Park,51.409294,-0.22998,RAY,,england,,South East
Reading,51.458767,-0.972172,RDG,,england,,South East
Reading Green Park,51.426667,-1.001389,RGP,,england,,South East
Reading West,51.455077,-0.990143,RDW,,england,,South East
Rectory Road,51.55872,-0.068379,REC,,england,,Midlands
Redbridge,50.919697,-1.470737,RDB,,england,,South East
Redcar Central,54.615692,-1.069318,RCC,,england,,North
Redcar East,54.609257,-1.05088,RCE,,england,,North
Reddish North,53.448956,-2.15656,RDN,,england,,North
Reddish South,53.435873,-2.159028,RDS,,england,,North
Redditch,52.306337,-1.945248,RDC,,england,,Midlands
Redhill,51.240124,-0.164851,RDH,,england,,South East
Redland,51.468792,-2.598875,RDA,,england,,South East
Redruth,50.233111,-5.225877,RED,,england,,South East
Reedham (London),51.332108,-0.123854,RHM,,england,,South East
Reedham (Norfolk),52.564045,1.558941,REE,,england,,North
Reigate,51.241623,-0.203474,REI,,england,,South East
Renton,55.970566,-4.586181,RTN,,scotland,,Scotland
Reston,55.8506,-2.1972,RSN,,scotland,,Scotland
Retford,53.315872,-0.94772,RET,,england,,North
Rhiwbina,51.520687,-3.213561,RHI,,wales,,Wales
Rhoose Cardiff Airport,51.387454,-3.347599,RIA,CWL,wales,,Wales
Rhosneigr,53.234782,-4.505768,RHO,,wales,,Wales
Rhyl,53.318409,-3.489144,RHL,,wales,,Wales
Rhymney,51.759064,-3.289494,RHY,,wales,,Wales
Ribblehead,54.205776,-2.36087,RHD,,england,,North
Rice Lane,53.457738,-2.962253,RIL,,england,,North
Richmond,51.462505,-0.301346,RMD,,england,,South East
Rickmansworth,51.640447,-0.473013,RIC,,england,,Midlands
Riddlesdown,51.332611,-0.099436,RDD,,england,,South East
Ridgmont,52.026588,-0.594903,RID,,england,,Midlands
Riding Mill,54.949066,-1.97186,RDM,,england,,North
Risca & Pontymister,51.60443,-3.093533,RCA,,wales,,Wales
Rishton,53.763813,-2.420165,RIS,,england,,North
Robertsbridge,50.984726,0.469092,RBR,,england,,South East
Robroyston,55.887581,-4.172291,RRN,,scotland,,Scotland
Roby,53.410034,-2.855956,ROB,,england,,North
Rochdale,53.610293,-2.153444,RCD,,england,,North
Roche,50.418911,-4.830658,ROC,,england,,South East
Rochester,51.384968,0.510698,RTR,,england,,South East
Rochford,51.581276,0.701959,RFD,,england,,Midlands
Rock Ferry,53.372269,-3.010898,RFY,,england,,North
Rogart,57.988979,-4.158224,ROG,,scotland,,Scotland
Rogerstone,51.593413,-3.065478,ROR,,wales,,Wales
Rolleston,53.065536,-0.900095,ROL,,england,,North
Roman Bridge,53.044319,-3.92125,RMB,,wales,,Wales
Romford,51.575016,0.181986,RMF,,england,,Midlands
Romiley,53.414026,-2.089307,RML,,england,,North
Romsey,50.992641,-1.492716,ROM,,england,,South East
Roose,54.115157,-3.19457,ROO,,england,,North
Rose Grove,53.786686,-2.282282,RSG,,england,,North
Rose Hill Marple,53.396176,-2.076502,RSH,,england,,North
Rosyth,56.046055,-3.427114,ROS,,scotland,,Scotland
Rotherham Central,53.429356,-1.358811,RMC,,england,,North
Rotherhithe,51.50098,-0.05353,ROE,,england,,Midlands
Roughton Road,52.917828,1.299239,RNR,,england,,North
Rowlands Castle,50.892864,-0.957748,RLN,,england,,South East
Rowley Regis,52.477299,-2.030885,ROW,,england,,Midlands
Roy Bridge,56.888184,-4.83645,RYB,,scotland,,Scotland
Roydon,51.775494,0.035088,RYN,,england,,Midlands
Royston,52.053509,-0.026686,RYS,,england,,Midlands
Ruabon,52.986935,-3.044214,RUA,,wales,,Wales
Rufford,53.634817,-2.806792,RUF,,england,,North
Rugby,52.378719,-1.249263,RUG,,england,,Midlands
Rugeley Town,52.754672,-1.936963,RGT,,england,,North
Rugeley Trent Valley,52.769451,-1.930309,RGL,,england,,North
Runcorn,53.338696,-2.73919,RUN,,england,,North
Runcorn East,53.326929,-2.665102,RUE,,england,,North
Ruskington,53.041615,-0.380127,RKT,,england,,North
Ruswarp,54.470367,-0.626664,RUS,,england,,North
Rutherglen,55.830448,-4.212766,RUT,,scotland,,Scotland
Ryde Esplanade,50.733517,-1.159676,RYD,,england,,South East
Ryde Pier Head,50.738914,-1.159578,RYP,,england,,South East
Ryde St Johns Road,50.72361,-1.157028,RYR,,england,,South East
Ryder Brow,53.457916,-2.176173,RRB,,england,,North
Rye,50.951916,0.730782,RYE,,england,,South East
Rye House,51.76881,0.005796,RYH,,england,,Midlands
Salford Central,53.482913,-2.254686,SFD,,england,,North
Salford Crescent,53.486462,-2.275715,SLD,,england,,North
Salfords,51.201412,-0.162096,SAF,,england,,South East
Salhouse,52.675083,1.391886,SAH,,england,,North
Salisbury,51.070915,-1.805864,SAL,,england,,South East
Saltaire,53.838066,-1.790246,SAE,,england,,North
Saltash,50.407108,-4.209449,STS,,england,,South East
Saltburn,54.583462,-0.974116,SLB,,england,,North
Saltcoats,55.633648,-4.784804,SLT,,scotland,,Scotland
Saltmarshe,53.722675,-0.808765,SAM,,england,,North
Salwick,53.781536,-2.817973,SLW,,england,,North
Sandal & Agbrigg,53.664574,-1.485404,SNA,,england,,North
Sandbach,53.150113,-2.393528,SDB,,england,,North
Sanderstead,51.348694,-0.093017,SNR,,england,,South East
Sandhills,53.430021,-2.9915,SDL,,england,,North
Sandhurst,51.34642,-0.803911,SND,,england,,South East
Sandling,51.09021,1.065995,SDG,,england,,South East
Sandown,50.657101,-1.162457,SAN,,england,,South East
Sandplace,50.386684,-4.464549,SDP,,england,,South East
Sandwell & Dudley,52.508431,-2.011281,SAD,,england,,North
Sandwich,51.269711,1.343208,SDW,,england,,South East
Sandy,52.124931,-0.28065,SDY,,england,,Midlands
Sankey for Penketh,53.392452,-2.651094,SNK,,england,,North
Sanquhar,55.370633,-3.923437,SQH,,scotland,,Scotland
Sarn,51.540049,-3.589196,SRR,,wales,,Wales
Saundersfoot,51.722084,-4.718965,SDF,,wales,,Wales
Saunderton,51.675751,-0.825626,SDR,,england,,Midlands
Sawbridgeworth,51.814625,0.160177,SAW,,england,,Midlands
Saxilby,53.267193,-0.664018,SXY,,england,,North
Saxmundham,52.215309,1.489965,SAX,,england,,Midlands
Scarborough,54.2798,-0.405666,SCA,,england,,North
Scotscalder,58.482891,-3.553764,SCT,,scotland,,Scotland
Scotstounhill,55.884491,-4.351765,SCH,,scotland,,Scotland
Scunthorpe,53.58617,-0.650951,SCU,,england,,North
Sea Mills,51.480209,-2.649427,SML,,england,,South East
Seaburn,54.929558,-1.38667,SEB,,england,,North
Seaford,50.772495,0.10045,SEF,,england,,South East
Seaforth & Litherland,53.466336,-3.005619,SFL,,england,,North
Seaham,54.836835,-1.341019,SEA,,england,,North
Seamer,54.241287,-0.416367,SEM,,england,,North
Seascale,54.395351,-3.48476,SSC,,england,,North
Seaton Carew,54.657959,-1.200106,SEC,,england,,North
Seaton Delaval,55.0755,-1.5372,SEJ,,england,,North
Seer Green & Jordans,51.609524,-0.607809,SRG,,england,,Midlands
Selby,53.78336,-1.06355,SBY,,england,,North
Selhurst,51.392704,-0.089759,SRS,,england,,South East
Sellafield,54.416571,-3.510293,SEL,,england,,North
Selling,51.277817,0.940801,SEG,,england,,South East
Selly Oak,52.441322,-1.936708,SLY,,england,,Midlands
Settle,54.066897,-2.280704,SET,,england,,North
Seven Kings,51.563992,0.096325,SVK,,england,,Midlands
Seven Sisters,51.584007,-0.074521,SVS,,england,,Midlands
Sevenoaks,51.27734,0.182193,SEV,,england,,South East
Severn Beach,51.559864,-2.664227,SVB,,england,,Midlands
Severn Tunnel Junction,51.584629,-2.777917,STJ,,wales,,Wales
Shadwell,51.51093,-0.05743,SDE,,england,,Midlands
Shalford,51.214264,-0.566789,SFR,,england,,South East
Shanklin,50.633842,-1.179841,SHN,,england,,South East
Shawfair,55.91993,-3.07872,SFI,,scotland,,Scotland
Shawford,51.021488,-1.328428,SHW,,england,,South East
Shawlands,55.828987,-4.292521,SHL,,scotland,,Scotland
Sheerness-On-Sea,51.440559,0.758397,SSS,,england,,South East
Sheffield,53.378639,-1.463297,SHF,,england,,North
Shelford,52.149517,0.139805,SED,,england,,Midlands
Shenfield,51.630615,0.330602,SNF,,england,,Midlands
Shenstone,52.638985,-1.844528,SEN,,england,,North
Shepherds Bush,51.506,-0.218,SPB,,england,,Midlands
Shepherds Well,51.188339,1.229952,SPH,,england,,South East
Shepley,53.588913,-1.703863,SPY,,england,,North
Shepperton,51.397091,-0.447521,SHP,,england,,South East
Shepreth,52.114567,0.031517,STH,,england,,Midlands
Sherborne,50.94405,-2.513816,SHE,,england,,South East
Sherburn-In-Elmet,53.797142,-1.23176,SIE,,england,,North
Sheringham,52.94096,1.210195,SHM,,england,,North
Shettleston,55.852959,-4.159731,SLS,,scotland,,Scotland
Shieldmuir,55.775532,-3.952944,SDM,,scotland,,Scotland
Shifnal,52.666405,-2.371116,SFN,,england,,North
Shildon,54.626816,-1.637515,SHD,,england,,North
Shiplake,51.51121,-0.882452,SHI,,england,,Midlands
Shipley,53.833553,-1.773558,SHY,,england,,North
Shippea Hill,52.430218,0.412299,SPP,,england,,Midlands
Shipton,51.866131,-1.591864,SIP,,england,,Midlands
Shirebrook,53.20369,-1.201995,SHB,,england,,North
Shirehampton,51.484216,-2.679162,SHH,,england,,South East
Shireoaks,53.32481,-1.16821,SRO,,england,,North
Shirley,52.403473,-1.845632,SRL,,england,,Midlands
Shoeburyness,51.531414,0.795616,SRY,,england,,Midlands
Sholing,50.896687,-1.36436,SHO,,england,,South East
Shoreditch High Street,51.523433,-0.075614,SDC,,england,,Midlands
Shoreham (Kent),51.332092,0.187665,SEH,,england,,South East
Shoreham-By-Sea,50.834358,-0.271709,SSE,ESH,england,,South East
Shortlands,51.405548,0.002798,SRT,,england,,South East
Shotton,53.21352,-3.037728,SHT,,wales,,Wales
Shotts,55.818302,-3.80024,SHS,,scotland,,Scotland
Shrewsbury,52.711369,-2.74897,SHR,,england,,North
Sidcup,51.434361,0.103342,SID,,england,,South East
Sileby,52.731595,-1.109979,SIL,,england,,North
Silecroft,54.225966,-3.334281,SIC,,england,,North
Silkstone Common,53.537239,-1.560883,SLK,,england,,North
Silver Street,51.615364,-0.067415,SLV,,england,,Midlands
Silverdale,54.169922,-2.804164,SVR,,england,,North
Singer,55.907711,-4.405983,SIN,,scotland,,Scotland
Sittingbourne,51.342201,0.733817,SIT,,england,,South East
Skegness,53.143032,0.333926,SKG,,england,,North
Skewen,51.660789,-3.847692,SKE,,wales,,Wales
Skipton,53.958691,-2.025878,SKI,,england,,North
Slade Green,51.466957,0.189792,SGR,,england,,South East
Slaithwaite,53.624275,-1.87901,SWT,,england,,North
Slateford,55.926731,-3.243476,SLA,,scotland,,Scotland
Sleaford,52.995274,-0.410174,SLR,,england,,North
Sleights,54.46088,-0.66246,SLH,,england,,North
Slough,51.511921,-0.591803,SLO,,england,,Midlands
Small Heath,52.46283,-1.858673,SMA,,england,,Midlands
Smallbrook Junction,50.712822,-1.15721,SAB,,england,,South East
Smethwick Galton Bridge,52.501826,-1.980632,SGB,,england,,North
Smethwick Rolfe Street,52.49632,-1.969885,SMR,,england,,Midlands
Smithy Bridge,53.633266,-2.113394,SMB,,england,,North
Snaith,53.693192,-1.027678,SNI,,england,,North
Snodland,51.330521,0.448864,SDA,,england,,South East
Snowdown,51.214886,1.213187,SWO,,england,,South East
Soham,52.33415,0.3277,SOJ,,england,,Midlands
Sole Street,51.38327,0.376939,SOR,,england,,South East
Solihull,52.415081,-1.78972,SOL,,england,,Midlands
Somerleyton,52.509892,1.653333,SYT,,england,,North
South Acton,51.499813,-0.269697,SAT,,england,,South East
South Bank,54.582375,-1.186112,SBK,,england,,North
South Bermondsey,51.487446,-0.054101,SBM,,england,,South East
South Croydon,51.362194,-0.093903,SCY,,england,,South East
South Elmsall,53.595234,-1.285286,SES,,england,,North
South Greenford,51.533339,-0.336403,SGN,,england,,Midlands
South Gyle,55.936951,-3.298234,SGL,,scotland,,Scotland
South Hampstead,51.541424,-0.178759,SOH,,england,,Midlands
South Kenton,51.56963,-0.308894,SOK,,england,,Midlands
South Merton,51.40353,-0.205764,SMO,,england,,South East
South Milford,53.781994,-1.251772,SOM,,england,,North
South Ruislip,51.556742,-0.398812,SRU,,england,,Midlands
South Tottenham,51.58036,-0.071788,STO,,england,,Midlands
South Wigston,52.582451,-1.132918,SWS,,england,,North
South Woodham Ferrers,51.64957,0.606512,SOF,,england,,Midlands
Southall,51.505884,-0.378513,STL,,england,,Midlands
Southampton Airport Parkway,50.950638,-1.36362,SOA,SOU,england,,South East
Southampton Central,50.907742,-1.413983,SOU,,england,,South East
Southampton Town Quay,50.895035,-1.405778,STQ,,england,,South East
Southbourne,50.848343,-0.907601,SOB,,england,,South East
Southbury,51.648396,-0.052998,SBU,,england,,Midlands
Southease,50.831284,0.03066,SEE,,england,,South East
Southend Airport,51.5687,0.704084,SIA,SEN,england,,Midlands
Southend Central,51.536972,0.712305,SOC,,england,,Midlands
Southend East,51.539234,0.731196,SOE,,england,,Midlands
Southend Victoria,51.542389,0.711184,SOV,,england,,Midlands
Southminster,51.660873,0.835397,SMN,,england,,Midlands
Southport,53.646597,-3.002229,SOP,,england,,North
Southwick,50.832928,-0.236254,SWK,,england,,South East
Sowerby Bridge,53.707886,-1.90756,SOW,,england,,North
Spalding,52.788418,-0.156722,SPA,,england,,North
Spean Bridge,56.889839,-4.920321,SBR,,scotland,,Scotland
Spital,53.339869,-2.993903,SPI,,england,,North
Spondon,52.912267,-1.410627,SPO,,england,,North
Spooner Row,52.535057,1.086088,SPN,,england,,North
Spring Road,52.44392,-1.83666,SRI,,england,,Midlands
Springburn,55.881363,-4.230064,SPR,,scotland,,Scotland
Springfield,56.295116,-3.051808,SPF,,scotland,,Scotland
Squires Gate,53.776756,-3.049403,SQU,,england,,North
St Albans,51.748829,-0.326842,SAC,,england,,Midlands
St Albans Abbey,51.744675,-0.342422,SAA,,england,,Midlands
St Andrews Road,51.513214,-2.696009,SAR,,england,,Midlands
St Annes-On-The-Sea,53.753383,-3.029662,SAS,,england,,North
St Austell,50.338863,-4.789557,SAU,,england,,South East
St Bees,54.492465,-3.591263,SBS,,england,,North
St Budeaux Ferry Road,50.401241,-4.186661,SBF,,england,,South East
St Budeaux Victoria Road,50.403008,-4.188144,SBV,,england,,South East
St Columb Road,50.399002,-4.94085,SCR,,england,,South East
St Denys,50.921997,-1.3882,SDN,,england,,South East
St Erth,50.171074,-5.443694,SER,,england,,South East
St Germans,50.394386,-4.308757,SGM,,england,,South East
St Helens Central,53.453117,-2.730328,SNH,,england,,North
St Helens Junction,53.433525,-2.699892,SHJ,,england,,North
St Helier,51.389935,-0.199115,SIH,,england,,South East
St Ives,50.208759,-5.477247,SIV,,england,,South East
St James Street,51.580612,-0.032804,SJS,,england,,Midlands
St James' Park,50.731094,-3.523202,SJP,,england,,South East
St Johns,51.468937,-0.023225,SAJ,,england,,South East
St Keyne,50.422714,-4.462204,SKN,,england,,South East
St Leonards Warrior Square,50.855942,0.560326,SLQ,,england,,South East
St Margarets (Herts),51.787773,0.000837,SMT,,england,,Midlands
St Margarets (London),51.454689,-0.320352,SMG,,england,,South East
St Mary Cray,51.394714,0.107269,SMY,,england,,South East
St Michaels,53.375649,-2.952704,STM,,england,,North
St Neots,52.231438,-0.247244,SNO,,england,,Midlands
St Peters,54.91066,-1.38387,STZ,,england,,North
Stafford,52.804466,-2.123088,STA,,england,,North
Staines,51.432873,-0.502415,SNS,,england,,South East
Stallingborough,53.587158,-0.182581,SLL,,england,,North
Stalybridge,53.484471,-2.06264,SYB,,england,,North
Stamford,52.647358,-0.480474,SMD,,england,,North
Stamford Hill,51.575035,-0.076343,SMH,,england,,Midlands
Stanford-Le-Hope,51.513634,0.422634,SFO,,england,,Midlands
Stanlow & Thornton,53.277996,-2.841318,SNT,,england,,North
Stansted Airport,51.888979,0.26162,SSD,STN,england,,Midlands
Stansted Mountfitchet,51.901495,0.199642,SST,,england,,Midlands
Staplehurst,51.171856,0.55061,SPU,,england,,South East
Stapleton Road,51.468052,-2.565747,SRD,,england,,South East
Starbeck,53.999004,-1.501116,SBE,,england,,North
Starcross,50.627731,-3.447757,SCS,,england,,South East
Staveley,54.375629,-2.818961,SVL,,england,,North
Stechford,52.485241,-1.810006,SCF,,england,,Midlands
Steeton & Silsden,53.900257,-1.946704,SON,,england,,North
Stepps,55.890026,-4.147389,SPS,,scotland,,Scotland
Stevenage,51.899025,-0.206437,SVG,,england,,Midlands
Stevenston,55.633533,-4.749829,STV,,scotland,,Scotland
Stewartby,52.06974,-0.520596,SWR,,england,,Midlands
Stewarton,55.681633,-4.519346,STT,,scotland,,Scotland
Stirling,56.119114,-3.934915,STG,,scotland,,Scotland
Stockport,53.4049,-2.162419,SPT,,england,,North
Stocksfield,54.94635,-1.917227,SKS,,england,,North
Stocksmoor,53.594349,-1.723478,SSM,,england,,North
Stockton,54.56971,-1.31784,STK,,england,,North
Stoke Mandeville,51.78772,-0.783575,SKM,,england,,Midlands
Stoke Newington,51.565079,-0.07244,SKW,,england,,Midlands
Stoke-On-Trent,53.008012,-2.181119,SOT,,england,,North
Stone,52.90832,-2.154951,SNE,,england,,North
Stone Crossing,51.452053,0.263924,SCG,,england,,South East
Stonebridge Park,51.543961,-0.275233,SBP,,england,,Midlands
Stonegate,51.020184,0.364016,SOG,,england,,South East
Stonehaven,56.966888,-2.225286,STN,,scotland,,Scotland
Stonehouse,51.746029,-2.279516,SHU,,england,,Midlands
Stoneleigh,51.363701,-0.247546,SNL,,england,,South East
Stourbridge Junction,52.447563,-2.133857,SBJ,,england,,Midlands
Stourbridge Town,52.456539,-2.142716,SBT,,england,,Midlands
Stow,55.691398,-2.857782,SOI,,scotland,,Scotland
Stowmarket,52.190105,1.000662,SMK,,england,,Midlands
Stranraer,54.909626,-5.024806,STR,,scotland,,Scotland
Stratford (London),51.542358,-0.004175,SRA,,england,,Midlands
Stratford International,51.544306,-0.009882,SFA,,england,,Midlands
Stratford-upon-Avon,52.19376,-1.716148,SAV,,england,,Midlands
Stratford-upon-Avon Parkway,52.20642,-1.7307,STY,,england,,Midlands
Strathcarron,57.422585,-5.429166,STC,,scotland,,Scotland
Strawberry Hill,51.439682,-0.339597,STW,,england,,South East
Streatham,51.425755,-0.131535,STE,,england,,South East
Streatham Common,51.418629,-0.136136,SRC,,england,,South East
Streatham Hill,51.43829,-0.128136,SRH,,england,,South East
Streethouse,53.676158,-1.399346,SHC,,england,,North
Strines,53.374932,-2.033544,SRN,,england,,North
Stromeferry,57.352688,-5.550702,STF,,scotland,,Scotland
Strood,51.396,0.4998,SOO,,england,,South East
Stroud,51.744358,-2.218673,STD,,england,,Midlands
Sturry,51.301018,1.121644,STU,,england,,South East
Styal,53.348137,-2.240313,SYA,,england,,North
Sudbury & Harrow Road,51.554459,-0.316676,SUD,,england,,Midlands
Sudbury Hill Harrow,51.558423,-0.336092,SDH,,england,,Midlands
Sudbury Suffolk,52.035591,0.735111,SUY,,england,,Midlands
Sugar Loaf,52.082237,-3.686991,SUG,,wales,,Wales
Summerston,55.89835,-4.283814,SUM,,scotland,,Scotland
Sunbury,51.418262,-0.416611,SUU,,england,,South East
Sunderland,54.90617,-1.382357,SUN,,england,,North
Sundridge Park,51.413338,0.020402,SUP,,england,,South East
Sunningdale,51.391312,-0.633135,SNG,,england,,South East
Sunnymeads,51.470451,-0.558781,SNY,,england,,South East
Surbiton,51.392406,-0.303942,SUR,,england,,South East
Surrey Quays,51.49279,0.048114,SQE,,england,,South East
Sutton (London),51.360126,-0.190223,SUO,,england,,South East
Sutton Coldfield,52.565269,-1.824404,SUT,,england,,North
Sutton Common,51.375519,-0.196799,SUC,,england,,South East
Sutton Parkway,53.122108,-1.236385,SPK,,england,,North
Swale,51.390434,0.748194,SWL,,england,,South East
Swanley,51.392727,0.16755,SAY,,england,,South East
Swanscombe- George & Dragon,51.449356,0.309854,SWM,,england,,South East
Swansea,51.625103,-3.941598,SWA,,wales,,Wales
Swanwick,50.875427,-1.265151,SNW,,england,,South East
Sway,50.784454,-1.609864,SWY,,england,,South East
Swaythling,50.941719,-1.376552,SWG,,england,,South East
Swinderby,53.168732,-0.702985,SWD,,england,,North
Swindon,51.565437,-1.786448,SWI,,england,,Midlands
Swineshead,52.969593,-0.186255,SWE,,england,,North
Swinton (Manchester),53.514822,-2.337384,SNN,,england,,North
Swinton (South Yorks),53.487484,-1.305195,SWN,,england,,North
Sydenham,51.427208,-0.055232,SYD,,england,,South East
Sydenham Hill,51.433002,-0.079444,SYH,,england,,South East
Syon Lane,51.481735,-0.325116,SYL,,england,,South East
Syston,52.693111,-1.082611,SYS,,england,,North
Tackley,51.88118,-1.297202,TAC,,england,,Midlands
Tadworth,51.29158,-0.235953,TAD,,england,,South East
Taffs Well,51.540848,-3.263129,TAF,,wales,,Wales
Tain,57.814651,-4.051826,TAI,,scotland,,Scotland
Tal-Y-Cafn,53.228443,-3.818606,TLC,,wales,,Wales
Talsarnau,52.904289,-4.068213,TAL,,wales,,Wales
Talybont,52.772507,-4.097534,TLB,,wales,,Wales
Tame Bridge Parkway,52.551022,-1.974899,TAB,,england,,North
Tamworth,52.63737,-1.687083,TAM,,england,,North
Taplow,51.523528,-0.681474,TAP,,england,,Midlands
Tattenham Corner,51.308765,-0.242456,TAT,,england,,South East
Taunton,51.023613,-3.102146,TAU,,england,,South East
Taynuilt,56.430714,-5.23868,TAY,,scotland,,Scotland
Teddington,51.424294,-0.332965,TED,,england,,South East
Teesside Airport,54.518147,-1.425305,TEA,MME,england,,North
Teignmouth,50.547993,-3.494712,TGM,,england,,South East
Telford Central,52.678764,-2.440744,TFC,,england,,North
Templecombe,51.001083,-2.417532,TMC,,england,,South East
Tenby,51.672897,-4.707348,TEN,,wales,,Wales
Teynham,51.333248,0.807944,TEY,,england,,South East
Thames Ditton,51.388424,-0.340027,THD,,england,,South East
Thanet Parkway,51.330843,1.361777,THP,,england,,South East
Thatcham,51.39384,-1.243048,THA,,england,,South East
Thatto Heath,53.436585,-2.759419,THH,,england,,North
The Hawthorns,52.505165,-1.96313,THW,,england,,North
The Lakes,52.359436,-1.845782,TLK,,england,,Midlands
Theale,51.433395,-1.074968,THE,,england,,South East
Theobalds Grove,51.692162,-0.035216,TEO,,england,,Midlands
Thetford,52.419384,0.744109,TTF,,england,,Midlands
Thirsk,54.228489,-1.372573,THI,,england,,North
Thornaby,54.559734,-1.301006,TBY,,england,,North
Thorne North,53.616329,-0.972006,TNN,,england,,North
Thorne South,53.602707,-0.957227,TNS,,england,,North
Thornford,50.911377,-2.57889,THO,,england,,South East
Thornliebank,55.810642,-4.312201,THB,,scotland,,Scotland
Thornton Abbey,53.653942,-0.323458,TNA,,england,,North
Thornton Heath,51.399181,-0.100981,TTH,,england,,South East
Thorntonhall,55.767746,-4.250674,THT,,scotland,,Scotland
Thorpe Bay,51.537586,0.762828,TPB,,england,,Midlands
Thorpe Culvert,53.123108,0.19982,TPC,,england,,North
Thorpe-Le-Soken,51.847698,1.162258,TLS,,england,,Midlands
Three Bridges,51.116863,-0.161162,TBD,,england,,South East
Three Oaks,50.900658,0.612558,TOK,,england,,South East
Thurgarton,53.02924,-0.962157,THU,,england,,North
Thurnscoe,53.545033,-1.308775,THC,,england,,North
Thurso,58.590092,-3.527548,THS,,scotland,,Scotland
Thurston,52.249699,0.808347,TRS,,england,,Midlands
Tilbury Town,51.462879,0.353724,TIL,,england,,South East
Tile Hill,52.394798,-1.594357,THL,,england,,Midlands
Tilehurst,51.471333,-1.029754,TLH,,england,,South East
Tipton,52.53039,-2.065499,TIP,,england,,North
Tir-Phil,51.72086,-3.246424,TIR,,wales,,Wales
Tisbury,51.060257,-2.078456,TIS,,england,,South East
Tiverton Parkway,50.917477,-3.359979,TVP,,england,,South East
Todmorden,53.713612,-2.099977,TOD,,england,,North
Tolworth,51.37677,-0.280098,TOL,,england,,South East
Ton Pentre,51.647942,-3.485801,TPN,,wales,,Wales
Tonbridge,51.191132,0.269715,TON,,england,,South East
Tondu,51.548492,-3.595064,TDU,,wales,,Wales
Tonfanau,52.613789,-4.123919,TNF,,wales,,Wales
Tonypandy,51.61961,-3.450216,TNP,,wales,,Wales
Tooting,51.419914,-0.16053,TOO,,england,,South East
Topsham,50.685989,-3.4637,TOP,,england,,South East
Torquay,50.461014,-3.544095,TQY,,england,,South East
Torre,50.472664,-3.547292,TRR,,england,,South East
Totnes,50.435623,-3.688317,TOT,,england,,South East
Tottenham Court Road,51.5162,-0.1309,TCR,,england,,Midlands
Tottenham Hale,51.588257,-0.059914,TOM,,england,,Midlands
Totton,50.917953,-1.482138,TTN,,england,,South East
Town Green,53.542807,-2.9045,TWN,,england,,North
Trafford Park,53.454899,-2.310836,TRA,,england,,North
Trefforest,51.591419,-3.325157,TRF,,wales,,Wales
Trefforest Estate,51.568417,-3.2913,TRE,,wales,,Wales
Trehafod,51.609661,-3.380569,TRH,,wales,,Wales
Treherbert,51.671577,-3.53575,TRB,,wales,,Wales
Treorchy,51.657593,-3.504922,TRY,,wales,,Wales
Trimley,51.976509,1.318431,TRM,,england,,Midlands
Tring,51.800327,-0.622253,TRI,,england,,Midlands
Troed-Y-Rhiw,51.71257,-3.346066,TRD,,wales,,Wales
Troon,55.543045,-4.654731,TRN,,scotland,,Scotland
Trowbridge,51.319954,-2.215222,TRO,,england,,South East
Truro,50.263603,-5.063017,TRU,,england,,South East
Tulloch,56.883984,-4.701509,TUL,,scotland,,Scotland
Tulse Hill,51.439713,-0.10506,TUH,,england,,South East
Tunbridge Wells,51.130119,0.262435,TBW,,england,,South East
Turkey Street,51.673481,-0.047594,TUR,,england,,Midlands
Tutbury & Hatton,52.864342,-1.682085,TUT,,england,,North
Tweedbank,55.604394,-2.764936,TWB,,scotland,,Scotland
Twickenham,51.450321,-0.329136,TWI,,england,,South East
Twyford,51.475605,-0.86389,TWY,,england,,South East
Ty Croes,53.222885,-4.476033,TYC,,wales,,Wales
Ty Glas,51.519104,-3.193341,TGS,,wales,,Wales
Tygwyn,52.893307,-4.079579,TYG,,wales,,Wales
Tyndrum Lower,56.433407,-4.714873,TYL,,scotland,,Scotland
Tyseley,52.453819,-1.839568,TYS,,england,,Midlands
Tywyn,52.584663,-4.092974,TYW,,wales,,Wales
Uckfield,50.968651,0.095048,UCK,,england,,South East
Uddingston,55.823669,-4.086266,UDD,,scotland,,Scotland
Ulceby,53.619457,-0.30063,ULC,,england,,North
Ulleskelf,53.85276,-1.215536,ULL,,england,,North
Ulverston,54.191872,-3.097327,ULV,,england,,North
Umberleigh,50.996704,-3.982228,UMB,,england,,South East
University (Birmingham),52.451218,-1.936691,UNI,,england,,Midlands
Uphall,55.919395,-3.499279,UHA,,scotland,,Scotland
Upholland,53.528192,-2.741346,UPL,,england,,North
Upminster,51.559307,0.251938,UPM,,england,,Midlands
Upper Halliford,51.413036,-0.429722,UPH,,england,,South East
Upper Holloway,51.563652,-0.129293,UHL,,england,,Midlands
Upper Tyndrum,56.434551,-4.7036,UTY,,scotland,,Scotland
Upper Warlingham,51.307972,-0.077498,UWL,,england,,South East
Upton,53.385712,-3.084013,UPT,,england,,North
Upwey,50.64838,-2.466731,UPW,,england,,South East
Urmston,53.448203,-2.35344,URM,,england,,North
Uttoxeter,52.897041,-1.857258,UTT,,england,,North
Valley,53.281281,-4.563436,VAL,,wales,,Wales
Vauxhall,51.485686,-0.124025,VXH,,england,,South East
Virginia Water,51.401257,-0.562389,VIR,,england,,South East
Waddon,51.367062,-0.116688,WDO,,england,,South East
Wadhurst,51.07338,0.312483,WAD,,england,,South East
Wainfleet,53.105373,0.234774,WFL,,england,,North
Wakefield Kirkgate,53.67897,-1.488254,WKK,,england,,North
Wakefield Westgate,53.681736,-1.506386,WKF,,england,,North
Walkden,53.520313,-2.395128,WKD,,england,,North
Wallasey Grove Road,53.428049,-3.06982,WLG,,england,,North
Wallasey Village,53.422695,-3.069901,WLV,,england,,North
Wallington,51.360424,-0.151431,WLT,,england,,South East
Wallyford,55.942322,-3.013417,WAF,,scotland,,Scotland
Walmer,51.203808,1.382819,WAM,,england,,South East
Walsall,52.584282,-1.98521,WSL,,england,,North
Walsden,53.696056,-2.104719,WDN,,england,,North
Waltham Cross,51.684834,-0.026846,WLC,,england,,Midlands
Walthamstow Central,51.583092,-0.019715,WHC,,england,,Midlands
Walthamstow Queens Road,51.581367,-0.024113,WMW,,england,,Midlands
Walton (Merseyside),53.456346,-2.965794,WAO,,england,,North
Walton-On-Thames,51.372364,-0.413873,WAL,,england,,South East
Walton-On-The-Naze,51.846603,1.268192,WON,,england,,Midlands
Wanborough,51.245129,-0.66756,WAN,,england,,South East
Wandsworth Common,51.446072,-0.165239,WSW,,england,,South East
Wandsworth Road,51.470829,-0.138332,WWR,,england,,South East
Wandsworth Town,51.460812,-0.187679,WNT,,england,,South East
Wanstead Park,51.551746,0.025089,WNP,,england,,Midlands
Wapping,51.50372,-0.05629,WPE,,england,,Midlands
Warblington,50.853382,-0.967163,WBL,,england,,South East
Ware,51.808056,-0.028729,WAR,,england,,Midlands
Wareham,50.692425,-2.114646,WRM,,england,,South East
Wargrave,51.498217,-0.876589,WGV,,england,,South East
Warminster,51.206722,-2.177467,WMN,,england,,South East
Warnham,51.0933,-0.329193,WNH,,england,,South East
Warrington Bank Quay,53.385509,-2.602871,WBQ,,england,,North
Warrington Central,53.391857,-2.592434,WAC,,england,,North
Warrington West,53.393744,-2.636929,WAW,,england,,North
Warwick,52.286861,-1.582155,WRW,,england,,Midlands
Warwick Parkway,52.286268,-1.613493,WRP,,england,,Midlands
Water Orton,52.518379,-1.743538,WTO,,england,,North
Waterbeach,52.26268,0.196555,WBC,,england,,Midlands
Wateringbury,51.249214,0.423039,WTR,,england,,South East
Waterloo (Merseyside),53.474968,-3.025532,WLO,,england,,North
Watford High Street,51.652743,-0.391656,WFH,,england,,Midlands
Watford Junction,51.663475,-0.396506,WFJ,,england,,Midlands
Watford North,51.675087,-0.3903,WFN,,england,,Midlands
Watlington,52.672703,0.382736,WTG,,england,,North
Watton-At-Stone,51.857201,-0.119521,WAS,,england,,Midlands
Waun-Gron Park,51.486366,-3.228492,WNG,,wales,,Wales
Wavertree Technology Park,53.405132,-2.922964,WAV,,england,,North
Wedgwood,52.951839,-2.171135,WED,,england,,North
Weeley,51.852566,1.114661,WEE,,england,,Midlands
Weeton,53.923813,-1.581206,WET,,england,,North
Welham Green,51.736324,-0.209989,WMG,,england,,Midlands
Welling,51.464966,0.101872,WLI,,england,,South East
Wellingborough,52.303867,-0.676496,WEL,,england,,Midlands
Wellington (Shropshire),52.700928,-2.516438,WLN,,england,,North
Welshpool,52.656998,-3.141297,WLP,,wales,,Wales
Welwyn Garden City,51.800957,-0.203081,WGC,,england,,Midlands
Welwyn North,51.824165,-0.191992,WLW,,england,,Midlands
Wem,52.856293,-2.718784,WEM,,england,,North
Wembley Central,51.551468,-0.296592,WMB,,england,,Midlands
Wembley Stadium,51.553993,-0.284958,WCX,,england,,Midlands
Wemyss Bay,55.876656,-4.888525,WMS,,scotland,,Scotland
Wendover,51.76193,-0.747778,WND,,england,,Midlands
Wennington,54.123531,-2.587517,WNN,,england,,North
West Allerton,53.36912,-2.907,WSA,,england,,North
West Brompton,51.487289,-0.195265,WBP,,england,,South East
West Byfleet,51.339394,-0.505468,WBY,,england,,South East
West Calder,55.853848,-3.567045,WCL,,scotland,,Scotland
West Croydon,51.378517,-0.101844,WCY,,england,,South East
West Drayton,51.509827,-0.472515,WDT,,england,,Midlands
West Dulwich,51.440388,-0.090646,WDU,,england,,South East
West Ealing,51.513123,-0.320792,WEA,,england,,Midlands
West Ham,51.528709,0.005323,WEH,,england,,Midlands
West Hampstead,51.54711,-0.191016,WHD,,england,,Midlands
West Hampstead Thameslink,51.548644,-0.1924,WHP,,england,,Midlands
West Horndon,51.56744,0.341807,WHR,,england,,Midlands
West Kilbride,55.696842,-4.851365,WKB,,scotland,,Scotland
West Kirby,53.373171,-3.183771,WKI,,england,,North
West Malling,51.291584,0.418098,WMA,,england,,South East
West Norwood,51.431583,-0.102517,WNW,,england,,South East
West Ruislip,51.569708,-0.437812,WRU,,england,,Midlands
West Runton,52.935497,1.245516,WRN,,england,,North
West St Leonards,50.85368,0.540303,WLD,,england,,South East
West Sutton,51.365734,-0.20437,WSU,,england,,South East
West Wickham,51.381577,-0.015495,WWI,,england,,South East
West Worthing,50.818111,-0.392983,WWO,,england,,South East
Westbury,51.26693,-2.199202,WSB,,england,,South East
Westcliff,51.537437,0.692146,WCF,,england,,Midlands
Westcombe Park,51.484428,0.017787,WCB,,england,,South East
Westenhanger,51.095444,1.037775,WHA,,england,,South East
Wester Hailes,55.913727,-3.284654,WTA,,scotland,,Scotland
Westerfield,52.081417,1.167082,WFI,,england,,Midlands
Westerton,55.905479,-4.335444,WES,,scotland,,Scotland
Westgate-On-Sea,51.381386,1.338402,WGA,,england,,South East
Westhoughton,53.555775,-2.523773,WHG,,england,,North
Weston Milton,51.348579,-2.942236,WNM,,england,,South East
Weston-Super-Mare,51.34454,-2.972301,WSM,,england,,South East
Wetheral,54.883308,-2.833897,WRL,,england,,North
Weybridge,51.361248,-0.457352,WYB,,england,,South East
Weymouth,50.61515,-2.455103,WEY,,england,,South East
Whaley Bridge,53.330402,-1.983448,WBR,,england,,North
Whalley,53.824165,-2.412186,WHE,,england,,North
Whatstandwell,53.083076,-1.504312,WTS,,england,,North
Whifflet,55.852596,-4.022313,WFF,,scotland,,Scotland
Whimple,50.768253,-3.354243,WHM,,england,,South East
Whinhill,55.938396,-4.746744,WNL,,scotland,,Scotland
Whiston,53.413932,-2.796407,WHN,,england,,North
Whitby,54.484615,-0.615376,WTB,,england,,North
Whitchurch (Cardiff),51.520599,-3.222209,WHT,,wales,,Wales
Whitchurch (Hampshire),51.237358,-1.338183,WCH,,england,,South East
Whitchurch (Shropshire),52.968048,-2.671497,WTC,,england,,North
White Hart Lane,51.604622,-0.070759,WHL,,england,,Midlands
White Notley,51.839069,0.596874,WNY,,england,,Midlands
Whitechapel,51.519091,-0.061404,ZLW,,england,,Midlands
Whitecraigs,55.790001,-4.310977,WCR,,scotland,,Scotland
Whitehaven,54.552864,-3.586843,WTH,,england,,North
Whitland,51.817989,-4.614454,WTL,,wales,,Wales
Whitley Bridge,53.698685,-1.159331,WBD,,england,,North
Whitlocks End,52.3918,-1.851545,WTE,,england,,Midlands
Whitstable,51.358204,1.033577,WHI,,england,,South East
Whittlesea,52.549522,-0.116602,WLE,,england,,North
Whittlesford Parkway,52.104092,0.165388,WLF,,england,,Midlands
Whitton,51.447109,-0.356607,WTN,,england,,South East
Whitwell,53.280987,-1.20055,WWL,,england,,North
Whyteleafe,51.309834,-0.081725,WHY,,england,,South East
Whyteleafe South,51.303474,-0.077684,WHS,,england,,South East
Wick,58.441788,-3.097965,WCK,,scotland,,Scotland
Wickford,51.615025,0.519052,WIC,,england,,Midlands
Wickham Market,52.151421,1.398685,WCM,,england,,Midlands
Widdrington,55.241428,-1.61623,WDD,,england,,North
Widnes,53.37849,-2.733556,WID,,england,,North
Widney Manor,52.396175,-1.773647,WMR,,england,,Midlands
Wigan North Western,53.543564,-2.632287,WGN,,england,,North
Wigan Wallgate,53.545353,-2.633814,WGW,,england,,North
Wigton,54.829365,-3.164373,WGT,,england,,North
Wildmill,51.520824,-3.579684,WMI,,wales,,Wales
Willesden Junction,51.5322,-0.2435,WIJ,,england,,Midlands
Williamwood,55.79398,-4.290462,WLM,,scotland,,Scotland
Willington,52.854069,-1.563356,WIL,,england,,North
Wilmcote,52.222618,-1.755493,WMC,,england,,Midlands
Wilmslow,53.326595,-2.225177,WML,,england,,North
Wilnecote,52.610817,-1.679499,WNE,,england,,North
Wimbledon,51.421528,-0.206496,WIM,,england,,South East
Wimbledon Chase,51.409958,-0.214138,WBO,,england,,South East
Winchelsea,50.933716,0.701241,WSE,,england,,South East
Winchester,51.067303,-1.320628,WIN,,england,,South East
Winchfield,51.284481,-0.90733,WNF,,england,,South East
Winchmore Hill,51.633896,-0.101314,WIH,,england,,Midlands
Windermere,54.379745,-2.904339,WDM,,england,,North
Windsor & Eton Central,51.48275,-0.608806,WNC,,england,,South East
Windsor & Eton Riverside,51.486309,-0.605804,WNR,,england,,South East
Winnersh,51.430779,-0.87795,WNS,,england,,South East
Winnersh Triangle,51.437233,-0.895052,WTI,,england,,South East
Winsford,53.190505,-2.494669,WSF,,england,,North
Wishaw,55.772346,-3.927267,WSH,,scotland,,Scotland
Willenhall,52.58192,-2.05475,WIA,,england,,North
Witham,51.805702,0.641373,WTM,,england,,Midlands
Witley,51.133362,-0.645059,WTY,,england,,South East
Witton,52.51141,-1.883566,WTT,,england,,North
Wivelsfield,50.964249,-0.121633,WVF,,england,,South East
Wivenhoe,51.855789,0.955116,WIV,,england,,Midlands
Woburn Sands,52.01817,-0.654073,WOB,,england,,Midlands
Woking,51.31847,-0.557814,WOK,,england,,South East
Wokingham,51.411556,-0.842473,WKM,,england,,South East
Woldingham,51.289547,-0.051013,WOH,,england,,South East
Wolverhampton,52.587818,-2.119529,WVH,,england,,North
Wolverton,52.064861,-0.80377,WOL,,england,,Midlands
Wombwell,53.517754,-1.417811,WOM,,england,,North
Wood End,52.344143,-1.844372,WDE,,england,,Midlands
Wood Street,51.587284,-0.00221,WST,,england,,Midlands
Woodbridge,52.089855,1.31807,WDB,,england,,Midlands
Woodgrange Park,51.548706,0.04514,WGR,,england,,Midlands
Woodhall,55.931339,-4.655614,WDL,,scotland,,Scotland
Woodhouse,53.364639,-1.358278,WDH,,england,,North
Woodlesford,53.756969,-1.443328,WDS,,england,,North
Woodley,53.429245,-2.093275,WLY,,england,,North
Woodmansterne,51.31012,-0.154887,WME,,england,,South East
Woodsmoor,53.386055,-2.1413,WSR,,england,,North
Wool,50.68148,-2.220775,WOO,,england,,South East
Woolston,50.898556,-1.37713,WLS,,england,,South East
Woolwich,51.491578,0.071819,WWC,,england,,South East
Woolwich Arsenal,51.489815,0.069883,WWA,,england,,South East
Woolwich Dockyard,51.49099,0.054083,WWD,,england,,South East
Wootton Wawen,52.265831,-1.784561,WWW,,england,,Midlands
Worcester Foregate Street,52.194801,-2.220885,WOF,,england,,Midlands
Worcester Park,51.381649,-0.245415,WCP,,england,,South East
Worcester Shrub Hill,52.194817,-2.210642,WOS,,england,,Midlands
Worcestershire Parkway,52.15622,-2.1597,WOP,,england,,Midlands
Workington,54.645061,-3.558626,WKG,,england,,North
Worksop,53.311005,-1.123444,WRK,,england,,North
Worle,51.357995,-2.909703,WOR,,england,,South East
Worplesdon,51.288189,-0.581705,WPL,,england,,South East
Worstead,52.777256,1.404282,WRT,,england,,North
Worthing,50.818768,-0.375924,WRH,,england,,South East
Wrabness,51.939228,1.17014,WRB,,england,,Midlands
Wraysbury,51.457661,-0.541906,WRY,,england,,South East
Wrenbury,53.019311,-2.596089,WRE,,england,,North
Wressle,53.773212,-0.924169,WRS,,england,,North
Wrexham Central,53.044876,-2.996385,WXC,,wales,,Wales
Wrexham General,53.05022,-3.002467,WRX,,wales,,Wales
Wye,51.185463,0.929188,WYE,,england,,South East
Wylam,54.974991,-1.814058,WYM,,england,,North
Wylde Green,52.545599,-1.831461,WYL,,england,,North
Wymondham,52.564804,1.11769,WMD,,england,,North
Wythall,52.380131,-1.866284,WYT,,england,,Midlands
Yalding,51.226067,0.4118,YAL,,england,,South East
Yardley Wood,52.421478,-1.854396,YRD,,england,,Midlands
Yarm,54.506115,-1.35597,YRM,,england,,North
Yate,51.540554,-2.432541,YAE,,england,,Midlands
Yatton,51.390965,-2.827815,YAT,,england,,South East
Yeoford,50.77684,-3.726109,YEO,,england,,South East
Yeovil Junction,50.924686,-2.613198,YVJ,,england,,South East
Yeovil Pen Mill,50.944466,-2.613461,YVP,,england,,South East
Yetminster,50.896114,-2.573004,YET,,england,,South East
Ynyswen,51.668095,-3.526959,YNW,,wales,,Wales
Yoker,55.892792,-4.387464,YOK,,scotland,,Scotland
York,53.957966,-1.093159,YRK,,england,,North
Yorton,52.809009,-2.73645,YRT,,england,,North
Ystrad Mynach,51.640884,-3.241342,YSM,,wales,,Wales
Ystrad Rhondda,51.644478,-3.47557,YSR,,wales,,Wales
