route_a,route_b,route_a_length,route_b_length,shared_prefix,shared_suffix,shared_stations,overlap_percent
R00002,R00079,33,45,0,16,16,35.6
R00002,R00122,33,13,3,0,3,9.1
R00002,R00188,33,44,0,16,16,36.4
R00002,R01575,33,11,1,0,10,30.3
R00002,R02066,33,10,1,0,2,6.1
R00002,R02073,33,9,1,0,2,6.1
R00003,R00020,21,19,0,19,19,90.5
R00003,R00701,21,9,0,3,3,14.3
R00003,R00837,21,9,0,9,9,42.9
R00004,R00017,37,12,2,0,2,5.4
R00004,R00039,37,13,3,0,7,18.9
R00004,R00060,37,8,3,0,5,13.5
R00004,R00158,37,26,3,0,25,67.6
R00004,R02092,37,3,3,0,3,8.1
R00006,R00038,9,17,2,0,2,11.8
R00006,R00111,9,13,4,0,4,30.8
R00006,R00228,9,28,2,0,5,17.9
R00006,R00290,9,19,1,0,1,5.3
R00006,R00298,9,30,1,0,1,3.3
R00006,R00359,9,11,1,0,1,9.1
R00006,R00367,9,5,1,0,2,22.2
R00006,R00842,9,22,1,0,2,9.1
R00006,R00846,9,22,1,0,1,4.5
R00006,R01087,9,12,1,0,2,16.7
R00006,R01292,9,7,1,0,1,11.1
R00006,R01362,9,13,1,0,1,7.7
R00006,R01411,9,10,4,0,4,40.0
R00006,R01438,9,4,1,0,1,11.1
R00006,R01447,9,21,1,0,1,4.8
R00006,R01450,9,34,1,0,1,2.9
R00006,R01452,9,21,1,0,1,4.8
R00006,R01525,9,3,2,0,2,22.2
R00006,R01577,9,3,0,3,3,33.3
R00006,R01726,9,20,3,0,5,25.0
R00006,R01753,9,5,1,0,1,11.1
R00006,R02012,9,7,2,0,2,22.2
R00007,R01507,2,3,1,0,1,33.3
R00008,R00016,9,6,0,6,6,66.7
R00008,R00795,9,8,1,0,7,77.8
R00010,R00021,12,17,0,12,12,70.6
R00010,R00075,12,22,0,12,12,54.5
R00010,R00717,12,18,0,12,12,66.7
R00011,R00260,17,13,0,2,2,11.8
R00011,R00303,17,13,0,2,2,11.8
R00011,R00307,17,18,0,2,2,11.1
R00011,R00317,17,21,0,2,2,9.5
R00011,R00335,17,13,0,2,2,11.8
R00011,R00407,17,5,1,0,1,5.9
R00011,R00639,17,6,0,6,6,35.3
R00011,R00721,17,13,0,6,6,35.3
R00011,R00771,17,16,0,1,1,5.9
R00011,R00772,17,15,0,1,1,5.9
R00011,R00790,17,18,0,1,1,5.6
R00011,R00839,17,9,0,2,2,11.8
R00011,R00940,17,8,1,0,1,5.9
R00011,R00949,17,13,0,2,2,11.8
R00011,R01073,17,12,0,1,1,5.9
R00011,R01076,17,30,0,1,1,3.3
R00011,R01396,17,12,0,2,2,11.8
R00011,R01455,17,10,0,1,1,5.9
R00011,R01456,17,6,0,1,1,5.9
R00011,R01459,17,2,1,0,1,5.9
R00011,R01480,17,16,0,2,2,11.8
R00011,R01504,17,3,0,1,1,5.9
R00011,R01527,17,7,0,2,2,11.8
R00011,R01574,17,7,0,1,1,5.9
R00011,R01693,17,12,0,2,2,11.8
R00011,R01757,17,3,1,0,1,5.9
R00011,R01761,17,11,0,1,1,5.9
R00011,R01765,17,4,1,0,1,5.9
R00011,R01803,17,13,0,2,2,11.8
R00011,R01813,17,7,1,0,1,5.9
R00011,R01888,17,6,1,0,1,5.9
R00011,R02027,17,9,1,0,1,5.9
R00011,R02095,17,7,1,0,1,5.9
R00012,R00015,19,3,2,0,2,10.5
R00012,R00033,19,19,2,3,17,89.5
R00012,R00036,19,16,0,3,11,57.9
R00012,R00041,19,13,0,3,11,57.9
R00012,R00053,19,27,0,3,11,40.7
R00012,R00072,19,26,0,3,11,42.3
R00012,R00095,19,7,0,3,6,31.6
R00012,R00134,19,12,0,3,10,52.6
R00012,R00146,19,9,0,3,7,36.8
R00012,R00155,19,8,0,3,8,42.1
R00012,R00201,19,3,0,3,3,15.8
R00012,R00209,19,9,0,3,9,47.4
R00012,R00226,19,16,0,3,13,68.4
R00012,R00381,19,9,1,0,1,5.3
R00012,R00429,19,18,0,3,13,68.4
R00012,R00435,19,12,0,3,10,52.6
R00012,R00471,19,12,0,3,12,63.2
R00012,R00479,19,7,0,3,7,36.8
R00012,R00504,19,6,1,0,1,5.3
R00012,R00585,19,6,1,0,1,5.3
R00012,R00981,19,7,0,6,7,36.8
R00012,R00982,19,10,0,6,9,47.4
R00012,R01056,19,15,1,0,1,5.3
R00012,R01263,19,8,1,0,1,5.3
R00012,R01308,19,11,0,2,2,10.5
R00012,R01389,19,5,1,0,1,5.3
R00012,R01397,19,4,1,0,1,5.3
R00012,R01410,19,12,0,2,2,10.5
R00012,R01506,19,9,1,0,1,5.3
R00012,R01508,19,30,0,3,11,36.7
R00012,R01513,19,17,0,3,14,73.7
R00012,R01854,19,6,1,0,1,5.3
R00012,R01857,19,5,1,0,1,5.3
R00012,R01938,19,11,0,11,11,57.9
R00012,R01941,19,9,0,3,9,47.4
R00012,R02041,19,8,0,3,6,31.6
R00012,R02056,19,11,1,0,1,5.3
R00014,R00125,32,33,0,29,30,90.9
R00014,R00413,32,34,0,3,4,11.8
R00014,R00497,32,13,4,0,4,12.5
R00014,R00514,32,38,0,1,1,2.6
R00014,R00516,32,19,3,0,3,9.4
R00014,R00522,32,18,4,0,8,25.0
R00014,R00610,32,27,3,0,5,15.6
R00014,R00664,32,15,0,9,15,46.9
R00014,R00671,32,22,0,22,22,68.8
R00014,R01568,32,28,0,1,13,40.6
R00014,R01609,32,13,3,0,3,9.4
R00014,R01800,32,23,2,0,5,15.6
R00015,R00033,3,19,2,0,2,10.5
R00015,R00381,3,9,1,0,1,11.1
R00015,R00504,3,6,1,0,1,16.7
R00015,R00585,3,6,1,0,1,16.7
R00015,R01056,3,15,1,0,1,6.7
R00015,R01263,3,8,1,0,1,12.5
R00015,R01389,3,5,1,0,1,20.0
R00015,R01397,3,4,1,0,1,25.0
R00015,R01506,3,9,1,0,1,11.1
R00015,R01854,3,6,1,0,1,16.7
R00015,R01857,3,5,1,0,1,20.0
R00015,R02056,3,11,1,0,1,9.1
R00015,R02102,3,14,0,1,2,14.3
R00016,R00315,6,4,1,0,1,16.7
R00016,R00822,6,4,1,0,1,16.7
R00017,R00039,12,13,2,0,2,15.4
R00017,R00060,12,8,2,0,2,16.7
R00017,R00158,12,26,2,0,2,7.7
R00017,R00389,12,2,0,2,2,16.7
R00017,R02092,12,3,2,0,2,16.7
R00018,R00052,15,21,0,3,5,23.8
R00018,R00212,15,13,0,4,4,26.7
R00018,R00256,15,31,0,3,5,16.1
R00018,R00436,15,42,0,3,5,11.9
R00018,R00488,15,14,0,3,5,33.3
R00018,R00489,15,17,0,3,5,29.4
R00018,R00525,15,15,0,3,4,26.7
R00018,R00526,15,16,2,0,4,25.0
R00018,R00617,15,14,2,0,3,20.0
R00018,R01338,15,14,1,0,1,6.7
R00018,R01578,15,16,0,6,6,37.5
R00018,R01636,15,22,0,3,5,22.7
R00018,R01637,15,32,0,3,5,15.6
R00018,R01645,15,21,0,3,5,23.8
R00018,R01660,15,38,0,3,5,13.2
R00018,R02064,15,18,0,3,13,72.2
R00018,R02066,15,10,0,3,5,33.3
R00018,R02073,15,9,0,3,5,33.3
R00018,R02093,15,21,0,3,4,19.0
R00019,R00301,3,15,1,0,2,13.3
R00019,R00368,3,8,0,1,1,12.5
R00019,R00448,3,3,0,2,2,66.7
R00019,R01374,3,23,0,1,1,4.3
R00019,R01392,3,4,0,1,1,25.0
R00019,R01730,3,4,0,2,2,50.0
R00019,R01855,3,6,0,1,1,16.7
R00019,R02054,3,10,0,1,1,10.0
R00020,R00701,19,9,0,3,3,15.8
R00020,R00837,19,9,0,9,9,47.4
R00021,R00075,17,22,0,12,12,54.5
R00021,R00717,17,18,0,12,12,66.7
R00022,R00025,4,5,0,4,4,80.0
R00022,R00279,4,2,1,0,1,25.0
R00023,R00186,36,19,1,0,1,2.8
R00023,R00194,36,8,0,1,1,2.8
R00023,R00195,36,13,0,1,1,2.8
R00023,R00196,36,17,0,1,1,2.8
R00023,R00197,36,14,0,1,1,2.8
R00023,R00205,36,15,0,1,1,2.8
R00023,R00339,36,11,1,0,1,2.8
R00023,R00495,36,13,0,1,1,2.8
R00023,R00559,36,30,1,0,1,2.8
R00023,R00592,36,33,2,0,2,5.6
R00023,R00594,36,19,1,0,1,2.8
R00023,R00622,36,4,1,0,1,2.8
R00023,R00709,36,18,1,0,1,2.8
R00023,R00764,36,15,0,1,1,2.8
R00023,R00809,36,7,0,1,1,2.8
R00023,R00825,36,18,0,1,2,5.6
R00023,R00948,36,51,3,0,27,52.9
R00023,R01197,36,5,0,2,5,13.9
R00023,R01232,36,8,1,0,1,2.8
R00023,R01246,36,40,3,0,3,7.5
R00023,R01265,36,23,2,0,2,5.6
R00023,R01292,36,7,0,1,1,2.8
R00023,R01433,36,12,0,1,1,2.8
R00023,R01434,36,12,0,1,1,2.8
R00023,R01435,36,8,0,1,1,2.8
R00023,R01436,36,13,0,1,1,2.8
R00023,R01746,36,9,1,0,1,2.8
R00023,R01770,36,12,1,0,1,2.8
R00023,R01772,36,10,0,4,4,11.1
R00023,R01782,36,13,1,0,1,2.8
R00023,R01809,36,17,1,0,1,2.8
R00023,R01835,36,27,1,0,1,2.8
R00023,R01914,36,9,0,2,3,8.3
R00023,R01940,36,16,0,4,4,11.1
R00023,R01968,36,15,0,1,1,2.8
R00023,R02084,36,11,1,0,1,2.8
R00024,R00242,16,16,1,0,1,6.2
R00024,R00243,16,14,1,0,1,6.2
R00024,R00701,16,9,1,0,1,6.2
R00024,R00953,16,18,1,0,1,5.6
R00024,R01008,16,11,1,0,1,6.2
R00024,R01278,16,15,1,0,1,6.2
R00024,R01521,16,14,1,0,1,6.2
R00024,R01776,16,16,1,0,1,6.2
R00024,R01780,16,24,1,0,1,4.2
R00024,R01794,16,4,1,0,1,6.2
R00024,R01840,16,4,1,0,1,6.2
R00024,R01858,16,19,1,0,1,5.3
R00024,R01898,16,25,1,0,1,4.0
R00025,R00274,5,2,2,0,2,40.0
R00026,R01607,5,7,0,4,4,57.1
R00027,R00094,19,28,1,0,1,3.6
R00027,R00121,19,19,1,0,2,10.5
R00027,R00300,19,7,1,0,1,5.3
R00027,R00312,19,4,1,0,1,5.3
R00027,R00360,19,22,1,0,2,9.1
R00027,R00404,19,6,3,0,3,15.8
R00027,R00453,19,18,1,0,2,10.5
R00027,R00468,19,45,1,0,2,4.4
R00027,R00769,19,15,1,4,14,73.7
R00027,R00949,19,13,4,0,4,21.1
R00027,R00991,19,31,1,0,1,3.2
R00027,R01060,19,2,1,0,2,10.5
R00027,R01388,19,26,1,0,2,7.7
R00027,R01400,19,15,1,7,15,78.9
R00027,R01404,19,13,1,4,12,63.2
R00027,R01409,19,5,0,1,5,26.3
R00027,R01612,19,14,1,0,1,5.3
R00027,R01613,19,19,3,0,3,15.8
R00027,R01635,19,4,1,0,1,5.3
R00027,R01973,19,11,1,0,10,52.6
R00027,R02044,19,24,1,0,2,8.3
R00027,R02045,19,9,1,0,1,5.3
R00028,R00348,14,24,1,0,1,4.2
R00028,R00379,14,43,4,0,8,18.6
R00028,R00428,14,4,1,0,1,7.1
R00028,R00924,14,8,3,0,3,21.4
R00028,R00935,14,47,4,0,7,14.9
R00028,R01151,14,16,1,0,1,6.2
R00028,R01329,14,8,1,0,1,7.1
R00028,R01331,14,7,1,0,1,7.1
R00028,R01332,14,13,1,0,1,7.1
R00028,R01346,14,5,1,0,2,14.3
R00028,R01361,14,12,1,0,1,7.1
R00028,R01443,14,24,1,0,1,4.2
R00028,R01465,14,9,1,0,2,14.3
R00028,R01662,14,18,1,0,1,5.6
R00028,R01712,14,23,1,0,1,4.3
R00028,R01716,14,5,1,0,3,21.4
R00028,R01723,14,13,1,0,1,7.1
R00028,R01784,14,25,1,0,1,4.0
R00028,R01855,14,6,1,0,1,7.1
R00028,R01943,14,16,3,0,3,18.8
R00028,R01972,14,7,2,0,2,14.3
R00028,R01996,14,21,1,0,1,4.8
R00029,R00151,28,14,1,0,1,3.6
R00029,R00395,28,18,0,1,1,3.6
R00029,R00816,28,14,0,2,2,7.1
R00029,R00843,28,15,0,2,2,7.1
R00029,R00886,28,14,0,4,4,14.3
R00029,R00889,28,13,0,4,4,14.3
R00029,R00899,28,12,0,2,2,7.1
R00029,R00900,28,14,0,4,4,14.3
R00029,R00911,28,8,0,2,2,7.1
R00029,R00954,28,22,0,8,22,78.6
R00029,R00973,28,10,0,9,10,35.7
R00029,R00999,28,20,0,1,1,3.6
R00029,R01047,28,26,0,1,1,3.6
R00029,R01153,28,9,0,2,2,7.1
R00029,R01198,28,19,0,1,1,3.6
R00029,R01220,28,15,0,1,1,3.6
R00029,R01223,28,11,0,1,1,3.6
R00029,R01231,28,11,0,1,1,3.6
R00029,R01268,28,23,2,0,9,32.1
R00029,R01382,28,13,1,0,1,3.6
R00029,R02076,28,11,0,1,1,3.6
R00029,R02077,28,5,0,1,1,3.6
R00030,R01795,7,2,0,1,1,14.3
R00031,R00268,5,2,0,1,1,20.0
R00031,R01725,5,9,1,0,1,11.1
R00031,R02101,5,4,0,2,2,40.0
R00032,R00325,11,12,1,0,1,8.3
R00032,R00350,11,25,1,0,1,4.0
R00032,R00392,11,7,2,2,7,63.6
R00032,R00681,11,3,1,0,1,9.1
R00032,R00696,11,4,1,0,1,9.1
R00032,R00711,11,24,2,0,2,8.3
R00032,R00744,11,20,0,11,11,55.0
R00032,R00761,11,23,2,0,2,8.7
R00032,R00918,11,21,1,0,1,4.8
R00032,R01235,11,16,1,0,1,6.2
R00032,R01317,11,5,1,0,1,9.1
R00032,R01467,11,21,1,0,1,4.8
R00032,R01984,11,11,1,0,1,9.1
R00032,R01985,11,10,1,0,1,9.1
R00032,R01987,11,12,1,0,1,8.3
R00032,R01996,11,21,0,11,11,52.4
R00033,R00036,19,16,0,5,12,63.2
R00033,R00041,19,13,0,3,10,52.6
R00033,R00053,19,27,0,5,11,40.7
R00033,R00072,19,26,0,5,11,42.3
R00033,R00095,19,7,0,3,5,26.3
R00033,R00134,19,12,0,3,9,47.4
R00033,R00146,19,9,0,3,6,31.6
R00033,R00155,19,8,0,5,7,36.8
R00033,R00201,19,3,0,3,3,15.8
R00033,R00209,19,9,0,5,9,47.4
R00033,R00226,19,16,0,8,13,68.4
R00033,R00381,19,9,1,0,1,5.3
R00033,R00429,19,18,0,3,11,57.9
R00033,R00435,19,12,0,5,9,47.4
R00033,R00471,19,12,0,8,11,57.9
R00033,R00479,19,7,0,6,7,36.8
R00033,R00504,19,6,1,0,1,5.3
R00033,R00585,19,6,1,0,1,5.3
R00033,R00981,19,7,0,3,6,31.6
R00033,R00982,19,10,0,3,8,42.1
R00033,R01056,19,15,1,0,1,5.3
R00033,R01263,19,8,1,0,1,5.3
R00033,R01308,19,11,0,2,2,10.5
R00033,R01389,19,5,1,0,1,5.3
R00033,R01397,19,4,1,0,1,5.3
R00033,R01410,19,12,0,2,2,10.5
R00033,R01506,19,9,1,0,1,5.3
R00033,R01508,19,30,0,5,11,36.7
R00033,R01513,19,17,0,8,13,68.4
R00033,R01854,19,6,1,0,1,5.3
R00033,R01857,19,5,1,0,1,5.3
R00033,R01938,19,11,0,3,9,47.4
R00033,R01941,19,9,0,6,8,42.1
R00033,R02041,19,8,0,3,5,26.3
R00033,R02056,19,11,1,0,1,5.3
R00034,R00321,36,71,0,25,25,35.2
R00034,R00346,36,14,0,14,14,38.9
R00034,R00350,36,25,0,11,21,58.3
R00034,R00351,36,18,0,11,14,38.9
R00034,R00540,36,6,1,0,2,5.6
R00034,R00580,36,5,0,2,2,5.6
R00034,R00621,36,4,2,0,2,5.6
R00034,R01037,36,34,1,0,9,25.0
R00034,R01246,36,40,0,11,25,62.5
R00034,R01325,36,19,0,11,14,38.9
R00034,R01374,36,23,1,0,8,22.2
R00034,R01381,36,57,1,13,29,50.9
R00034,R01644,36,11,1,0,6,16.7
R00034,R01652,36,14,1,0,6,16.7
R00034,R01748,36,8,1,0,1,2.8
R00034,R01777,36,8,3,0,6,16.7
R00034,R01784,36,25,0,25,25,69.4
R00034,R01819,36,15,0,13,14,38.9
R00034,R01894,36,7,1,0,1,2.8
R00035,R00045,14,15,0,7,11,73.3
R00035,R00098,14,14,0,7,7,50.0
R00035,R00106,14,36,0,2,2,5.6
R00035,R00123,14,14,0,7,9,64.3
R00035,R00130,14,22,0,2,2,9.1
R00035,R00132,14,2,0,1,1,7.1
R00035,R00169,14,12,0,2,2,14.3
R00035,R00171,14,10,0,1,1,7.1
R00035,R00184,14,21,0,2,2,9.5
R00035,R00313,14,10,0,1,1,7.1
R00035,R00344,14,33,0,1,1,3.0
R00035,R00356,14,16,0,2,8,50.0
R00035,R00357,14,16,0,7,7,43.8
R00035,R00378,14,30,0,2,2,6.7
R00035,R00455,14,73,0,1,1,1.4
R00035,R00472,14,9,0,2,2,14.3
R00035,R00480,14,29,0,2,2,6.9
R00035,R00486,14,18,0,1,1,5.6
R00035,R00581,14,28,0,2,2,7.1
R00035,R00688,14,12,1,0,1,7.1
R00035,R00750,14,31,0,9,13,41.9
R00035,R00935,14,47,0,1,1,2.1
R00035,R00948,14,51,0,1,1,2.0
R00035,R01028,14,21,1,0,1,4.8
R00035,R01127,14,10,0,2,2,14.3
R00035,R01152,14,10,0,2,6,42.9
R00035,R01169,14,15,0,1,1,6.7
R00035,R01176,14,19,0,2,2,10.5
R00035,R01201,14,13,0,2,2,14.3
R00035,R01202,14,7,0,1,1,7.1
R00035,R01221,14,14,0,2,2,14.3
R00035,R01260,14,13,3,2,11,78.6
R00035,R01271,14,10,0,4,9,64.3
R00035,R01273,14,11,0,4,7,50.0
R00035,R01303,14,15,0,2,2,13.3
R00035,R01464,14,22,0,2,2,9.1
R00035,R01544,14,8,1,0,1,7.1
R00035,R01591,14,20,0,2,2,10.0
R00035,R01720,14,6,0,2,2,14.3
R00035,R01796,14,9,4,2,9,64.3
R00035,R01844,14,24,0,2,2,8.3
R00035,R01853,14,11,0,7,9,64.3
R00035,R01860,14,11,0,2,6,42.9
R00035,R01865,14,28,0,1,2,7.1
R00035,R01870,14,4,1,0,1,7.1
R00035,R01879,14,22,0,2,2,9.1
R00035,R01979,14,16,4,0,5,31.2
R00035,R02061,14,4,0,2,2,14.3
R00036,R00041,16,13,0,3,8,50.0
R00036,R00053,16,27,0,6,15,55.6
R00036,R00072,16,26,0,6,15,57.7
R00036,R00095,16,7,0,3,5,31.2
R00036,R00124,16,11,1,0,2,12.5
R00036,R00134,16,12,0,3,8,50.0
R00036,R00146,16,9,0,3,6,37.5
R00036,R00155,16,8,0,6,7,43.8
R00036,R00201,16,3,0,3,3,18.8
R00036,R00209,16,9,0,6,9,56.2
R00036,R00226,16,16,1,5,14,87.5
R00036,R00429,16,18,0,3,9,50.0
R00036,R00435,16,12,0,6,9,56.2
R00036,R00471,16,12,0,5,9,56.2
R00036,R00479,16,7,0,5,6,37.5
R00036,R00981,16,7,0,3,6,37.5
R00036,R00982,16,10,0,3,8,50.0
R00036,R01308,16,11,0,2,2,12.5
R00036,R01410,16,12,0,2,2,12.5
R00036,R01508,16,30,0,6,14,46.7
R00036,R01513,16,17,0,5,14,82.4
R00036,R01535,16,9,3,0,3,18.8
R00036,R01938,16,11,0,3,7,43.8
R00036,R01941,16,9,0,5,7,43.8
R00036,R02041,16,8,0,3,5,31.2
R00037,R01148,20,9,0,7,9,45.0
R00038,R00111,17,13,2,0,2,11.8
R00038,R00228,17,28,2,0,2,7.1
R00038,R00290,17,19,1,0,1,5.3
R00038,R00298,17,30,1,0,1,3.3
R00038,R00359,17,11,1,0,1,5.9
R00038,R00367,17,5,1,0,1,5.9
R00038,R00842,17,22,1,0,2,9.1
R00038,R00846,17,22,1,0,1,4.5
R00038,R01087,17,12,1,0,2,11.8
R00038,R01292,17,7,1,0,1,5.9
R00038,R01362,17,13,1,0,1,5.9
R00038,R01411,17,10,2,0,2,11.8
R00038,R01438,17,4,1,0,1,5.9
R00038,R01447,17,21,1,0,1,4.8
R00038,R01450,17,34,1,0,1,2.9
R00038,R01452,17,21,1,0,1,4.8
R00038,R01461,17,2,0,1,1,5.9
R00038,R01525,17,3,2,0,3,17.6
R00038,R01726,17,20,2,0,2,10.0
R00038,R01753,17,5,1,0,1,5.9
R00038,R01756,17,12,0,12,12,70.6
R00038,R01758,17,3,0,1,1,5.9
R00038,R01769,17,2,0,1,1,5.9
R00038,R01771,17,4,0,1,1,5.9
R00038,R01928,17,6,0,1,1,5.9
R00038,R02012,17,7,2,0,3,17.6
R00039,R00060,13,8,3,0,7,53.8
R00039,R00158,13,26,3,0,8,30.8
R00039,R02092,13,3,3,0,3,23.1
R00041,R00053,13,27,0,3,7,25.9
R00041,R00072,13,26,0,3,7,26.9
R00041,R00095,13,7,0,7,7,53.8
R00041,R00134,13,12,4,8,12,92.3
R00041,R00146,13,9,0,3,8,61.5
R00041,R00155,13,8,2,3,8,61.5
R00041,R00201,13,3,0,3,3,23.1
R00041,R00209,13,9,0,3,7,53.8
R00041,R00226,13,16,0,3,9,56.2
R00041,R00429,13,18,0,3,12,66.7
R00041,R00435,13,12,0,3,8,61.5
R00041,R00471,13,12,0,3,10,76.9
R00041,R00479,13,7,0,3,7,53.8
R00041,R00981,13,7,0,3,7,53.8
R00041,R00982,13,10,4,3,10,76.9
R00041,R01308,13,11,0,2,2,15.4
R00041,R01410,13,12,0,2,2,15.4
R00041,R01508,13,30,0,3,7,23.3
R00041,R01513,13,17,0,3,10,58.8
R00041,R01938,13,11,2,3,11,84.6
R00041,R01941,13,9,2,3,9,69.2
R00041,R02041,13,8,0,3,7,53.8
R00042,R00070,22,19,0,19,19,86.4
R00042,R01214,22,3,0,3,3,13.6
R00042,R01217,22,20,4,0,9,40.9
R00042,R01361,22,12,0,12,12,54.5
R00042,R01799,22,6,1,0,1,4.5
R00043,R00265,25,23,0,1,1,4.0
R00043,R00417,25,17,3,0,4,16.0
R00043,R00657,25,26,4,2,20,76.9
R00043,R00658,25,15,3,0,12,48.0
R00043,R00660,25,57,0,1,1,1.8
R00043,R00691,25,2,1,0,1,4.0
R00043,R00740,25,18,0,2,14,56.0
R00043,R00743,25,22,0,2,18,72.0
R00043,R00747,25,26,4,0,4,15.4
R00043,R00774,25,9,0,1,1,4.0
R00043,R00812,25,34,0,2,21,61.8
R00043,R00930,25,11,0,2,9,36.0
R00043,R00932,25,10,0,1,1,4.0
R00043,R00933,25,11,0,1,1,4.0
R00043,R00967,25,19,0,2,14,56.0
R00043,R00970,25,37,0,1,1,2.7
R00043,R00985,25,30,3,0,3,10.0
R00043,R01241,25,48,0,1,1,2.1
R00043,R01511,25,7,0,1,1,4.0
R00043,R01707,25,5,0,1,1,4.0
R00043,R01708,25,5,0,1,1,4.0
R00043,R01898,25,25,0,1,1,4.0
R00043,R01930,25,23,0,6,16,64.0
R00043,R01980,25,8,0,1,1,4.0
R00043,R02090,25,6,0,1,1,4.0
R00044,R00046,22,31,3,7,22,71.0
R00044,R00122,22,13,0,4,10,45.5
R00044,R00254,22,19,0,7,15,68.2
R00044,R00297,22,21,0,2,2,9.1
R00044,R00491,22,26,0,2,4,15.4
R00044,R00524,22,16,0,10,12,54.5
R00044,R00526,22,16,0,4,4,18.2
R00044,R00536,22,22,0,4,4,18.2
R00044,R00608,22,14,0,2,2,9.1
R00044,R00610,22,27,0,2,5,18.5
R00044,R00624,22,12,0,4,4,18.2
R00044,R00630,22,8,3,0,3,13.6
R00044,R00654,22,27,0,6,6,22.2
R00044,R01168,22,29,3,0,3,10.3
R00044,R01587,22,29,0,7,13,44.8
R00044,R01639,22,26,0,10,12,46.2
R00044,R01674,22,13,0,13,13,59.1
R00044,R01745,22,24,0,2,4,16.7
R00044,R01969,22,26,0,8,8,30.8
R00044,R01975,22,26,0,7,8,30.8
R00045,R00098,15,14,0,7,7,46.7
R00045,R00106,15,36,0,2,2,5.6
R00045,R00123,15,14,0,12,12,80.0
R00045,R00130,15,22,0,2,2,9.1
R00045,R00132,15,2,0,1,1,6.7
R00045,R00169,15,12,0,2,2,13.3
R00045,R00171,15,10,0,1,1,6.7
R00045,R00184,15,21,0,2,2,9.5
R00045,R00313,15,10,0,1,1,6.7
R00045,R00344,15,33,0,1,1,3.0
R00045,R00356,15,16,3,2,9,56.2
R00045,R00357,15,16,0,7,7,43.8
R00045,R00378,15,30,0,2,2,6.7
R00045,R00455,15,73,0,1,1,1.4
R00045,R00472,15,9,0,2,2,13.3
R00045,R00480,15,29,0,2,2,6.9
R00045,R00486,15,18,0,1,1,5.6
R00045,R00581,15,28,0,2,2,7.1
R00045,R00685,15,10,1,0,1,6.7
R00045,R00750,15,31,0,7,10,32.3
R00045,R00935,15,47,0,1,1,2.1
R00045,R00948,15,51,0,1,1,2.0
R00045,R01127,15,10,0,2,2,13.3
R00045,R01152,15,10,0,2,6,40.0
R00045,R01169,15,15,0,1,1,6.7
R00045,R01176,15,19,0,2,2,10.5
R00045,R01185,15,13,1,0,1,6.7
R00045,R01201,15,13,0,2,2,13.3
R00045,R01202,15,7,0,1,1,6.7
R00045,R01221,15,14,0,2,2,13.3
R00045,R01260,15,13,0,2,9,60.0
R00045,R01271,15,10,4,4,10,66.7
R00045,R01273,15,11,3,4,8,53.3
R00045,R01303,15,15,0,2,2,13.3
R00045,R01464,15,22,0,2,2,9.1
R00045,R01591,15,20,0,2,2,10.0
R00045,R01720,15,6,0,2,2,13.3
R00045,R01796,15,9,0,2,6,40.0
R00045,R01844,15,24,0,2,2,8.3
R00045,R01853,15,11,0,8,10,66.7
R00045,R01860,15,11,0,2,6,40.0
R00045,R01865,15,28,0,1,2,7.1
R00045,R01873,15,6,1,0,1,6.7
R00045,R01879,15,22,0,2,2,9.1
R00045,R02061,15,4,0,2,2,13.3
R00046,R00122,31,13,0,4,12,38.7
R00046,R00254,31,19,0,10,19,61.3
R00046,R00297,31,21,0,2,2,6.5
R00046,R00491,31,26,0,2,4,12.9
R00046,R00524,31,16,0,7,12,38.7
R00046,R00526,31,16,0,4,4,12.9
R00046,R00536,31,22,0,4,4,12.9
R00046,R00608,31,14,0,2,2,6.5
R00046,R00610,31,27,0,2,5,16.1
R00046,R00624,31,12,0,4,4,12.9
R00046,R00630,31,8,3,0,3,9.7
R00046,R00654,31,27,0,6,6,19.4
R00046,R01168,31,29,3,0,3,9.7
R00046,R01587,31,29,0,10,17,54.8
R00046,R01639,31,26,0,7,13,41.9
R00046,R01674,31,13,0,7,13,41.9
R00046,R01745,31,24,0,2,4,12.9
R00046,R01969,31,26,0,7,8,25.8
R00046,R01975,31,26,0,9,9,29.0
R00047,R00248,2,29,2,0,2,6.9
R00047,R01419,2,23,2,0,2,8.7
R00047,R01677,2,4,2,0,2,50.0
R00048,R00102,14,57,2,0,2,3.5
R00048,R00139,14,18,2,0,3,16.7
R00048,R00162,14,20,2,0,2,10.0
R00048,R00175,14,10,1,0,1,7.1
R00048,R00179,14,36,2,0,2,5.6
R00048,R00181,14,8,1,0,1,7.1
R00048,R00183,14,22,2,0,2,9.1
R00048,R00305,14,10,1,0,1,7.1
R00048,R00321,14,71,1,0,1,1.4
R00048,R00574,14,13,2,2,6,42.9
R00048,R00625,14,13,2,0,2,14.3
R00048,R00714,14,12,2,0,4,28.6
R00048,R00871,14,6,2,0,2,14.3
R00048,R00938,14,5,1,0,1,7.1
R00048,R01128,14,10,2,0,2,14.3
R00048,R01129,14,18,2,0,2,11.1
R00048,R01143,14,4,2,0,2,14.3
R00048,R01149,14,7,1,0,1,7.1
R00048,R01244,14,22,4,0,5,22.7
R00048,R01258,14,13,2,0,4,28.6
R00048,R01270,14,17,2,0,2,11.8
R00048,R01673,14,12,2,0,7,50.0
R00048,R01795,14,2,1,0,1,7.1
R00048,R01845,14,7,2,0,2,14.3
R00048,R02062,14,34,2,0,2,5.9
R00048,R02097,14,27,2,0,2,7.4
R00049,R00239,4,37,1,0,1,2.7
R00049,R00399,4,21,3,0,3,14.3
R00049,R00633,4,10,0,3,3,30.0
R00049,R00653,4,2,0,2,2,50.0
R00049,R00914,4,16,3,0,3,18.8
R00049,R01009,4,17,0,3,3,17.6
R00049,R01049,4,4,3,0,3,75.0
R00050,R01164,4,7,4,0,4,57.1
R00051,R00238,20,43,0,5,16,37.2
R00051,R00271,20,36,1,0,1,2.8
R00051,R00452,20,35,0,5,15,42.9
R00051,R00530,20,24,1,5,18,75.0
R00051,R00742,20,27,1,0,1,3.7
R00051,R00748,20,26,1,0,1,3.8
R00051,R00968,20,59,1,0,1,1.7
R00051,R00969,20,34,1,0,1,2.9
R00051,R01039,20,29,1,0,1,3.4
R00051,R01044,20,3,3,0,3,15.0
R00051,R01363,20,18,4,14,16,80.0
R00051,R01630,20,20,1,0,15,75.0
R00052,R00212,21,13,0,3,3,14.3
R00052,R00256,21,31,0,11,11,35.5
R00052,R00436,21,42,0,11,11,26.2
R00052,R00488,21,14,0,7,7,33.3
R00052,R00489,21,17,0,7,7,33.3
R00052,R00517,21,29,4,0,4,13.8
R00052,R00525,21,15,0,4,8,38.1
R00052,R01578,21,16,0,3,10,47.6
R00052,R01636,21,22,0,6,11,50.0
R00052,R01637,21,32,0,6,11,34.4
R00052,R01645,21,21,0,11,11,52.4
R00052,R01660,21,38,0,6,11,28.9
R00052,R02064,21,18,0,5,5,23.8
R00052,R02066,21,10,0,6,9,42.9
R00052,R02073,21,9,0,9,9,42.9
R00052,R02093,21,21,0,4,8,38.1
R00053,R00072,27,26,0,26,26,96.3
R00053,R00095,27,7,0,3,5,18.5
R00053,R00134,27,12,0,3,7,25.9
R00053,R00146,27,9,0,3,6,22.2
R00053,R00155,27,8,0,6,7,25.9
R00053,R00201,27,3,0,3,3,11.1
R00053,R00209,27,9,0,9,9,33.3
R00053,R00226,27,16,0,5,14,51.9
R00053,R00429,27,18,0,3,9,33.3
R00053,R00435,27,12,0,6,9,33.3
R00053,R00471,27,12,0,5,9,33.3
R00053,R00479,27,7,0,5,6,22.2
R00053,R00788,27,13,2,0,6,22.2
R00053,R00981,27,7,0,3,6,22.2
R00053,R00982,27,10,0,3,7,25.9
R00053,R01308,27,11,0,2,2,7.4
R00053,R01410,27,12,0,2,2,7.4
R00053,R01496,27,13,4,0,10,37.0
R00053,R01508,27,30,0,13,25,83.3
R00053,R01513,27,17,0,5,14,51.9
R00053,R01899,27,13,1,0,1,3.7
R00053,R01938,27,11,0,3,7,25.9
R00053,R01941,27,9,0,5,7,25.9
R00053,R02041,27,8,0,3,5,18.5
R00054,R00240,10,18,0,1,1,5.6
R00054,R00241,10,17,0,1,1,5.9
R00054,R00243,10,14,0,1,4,28.6
R00054,R00667,10,26,0,1,1,3.8
R00054,R00951,10,17,0,6,6,35.3
R00054,R00952,10,11,0,1,4,36.4
R00054,R00965,10,6,0,1,5,50.0
R00054,R01029,10,15,0,6,6,40.0
R00054,R01036,10,11,0,6,6,54.5
R00054,R01116,10,9,0,9,9,90.0
R00054,R01399,10,10,0,1,1,10.0
R00054,R01419,10,23,0,1,1,4.3
R00054,R01565,10,14,0,1,1,7.1
R00055,R00720,13,17,0,8,11,64.7
R00055,R00974,13,24,0,1,1,4.2
R00055,R01478,13,24,0,8,11,45.8
R00055,R01744,13,11,0,11,11,84.6
R00056,R00073,68,50,0,4,17,25.0
R00056,R00236,68,15,1,0,1,1.5
R00056,R00467,68,25,0,1,4,5.9
R00056,R00829,68,20,4,0,12,17.6
R00056,R00960,68,10,0,1,1,1.5
R00056,R01028,68,21,0,1,1,1.5
R00056,R01101,68,13,0,1,1,1.5
R00056,R01129,68,18,0,13,17,25.0
R00056,R01130,68,12,0,1,1,1.5
R00056,R01132,68,5,0,1,1,1.5
R00056,R01156,68,27,0,1,1,1.5
R00056,R01160,68,17,0,1,1,1.5
R00056,R01841,68,5,0,1,1,1.5
R00056,R01842,68,7,0,1,1,1.5
R00056,R01843,68,9,0,1,1,1.5
R00057,R00065,10,3,1,0,1,10.0
R00057,R00067,10,4,1,0,1,10.0
R00057,R00752,10,3,1,0,1,10.0
R00057,R01034,10,17,2,0,2,11.8
R00057,R01446,10,12,1,0,1,8.3
R00057,R01743,10,2,1,0,1,10.0
R00057,R01744,10,11,2,0,3,27.3
R00057,R02100,10,4,2,0,2,20.0
R00058,R00418,32,31,0,2,13,40.6
R00058,R00592,32,33,0,2,18,54.5
R00058,R00902,32,22,0,13,18,56.2
R00058,R01002,32,18,1,0,5,15.6
R00058,R01004,32,19,1,0,5,15.6
R00058,R01518,32,18,0,2,13,40.6
R00058,R01526,32,17,0,2,13,40.6
R00058,R01710,32,27,0,13,19,59.4
R00058,R01920,32,2,0,1,1,3.1
R00058,R02050,32,2,0,1,1,3.1
R00059,R00337,21,14,3,0,5,23.8
R00059,R00340,21,13,3,0,4,19.0
R00059,R00408,21,15,3,2,15,71.4
R00059,R00557,21,17,0,1,1,4.8
R00059,R00815,21,11,1,0,1,4.8
R00059,R01053,21,17,3,2,11,52.4
R00059,R01091,21,18,3,2,17,81.0
R00059,R01161,21,15,3,0,5,23.8
R00059,R01196,21,5,1,0,1,4.8
R00059,R01216,21,2,1,0,1,4.8
R00059,R01360,21,4,2,0,2,9.5
R00059,R01611,21,15,0,1,1,4.8
R00059,R01678,21,18,0,15,16,76.2
R00059,R01713,21,10,0,10,10,47.6
R00059,R01804,21,9,1,0,1,4.8
R00059,R01892,21,15,2,0,2,9.5
R00059,R01952,21,16,2,0,2,9.5
R00060,R00158,8,26,3,0,6,23.1
R00060,R02091,8,4,0,3,4,50.0
R00060,R02092,8,3,3,0,3,37.5
R00061,R00130,23,22,3,0,3,13.0
R00061,R00142,23,35,2,0,3,8.6
R00061,R00326,23,19,3,0,3,13.0
R00061,R00418,23,31,2,0,3,9.7
R00061,R00513,23,30,0,5,5,16.7
R00061,R00640,23,37,2,1,23,62.2
R00061,R00947,23,23,2,0,3,13.0
R00061,R01073,23,12,3,0,8,34.8
R00061,R01088,23,3,3,0,3,13.0
R00061,R01362,23,13,0,5,6,26.1
R00061,R01406,23,11,0,1,5,21.7
R00061,R01412,23,26,0,1,5,19.2
R00061,R01429,23,14,0,1,4,17.4
R00061,R01726,23,20,0,1,13,56.5
R00062,R00100,32,19,0,2,2,6.2
R00062,R00213,32,6,0,2,2,6.2
R00062,R00270,32,13,0,2,2,6.2
R00062,R00336,32,46,0,2,16,34.8
R00062,R00441,32,23,0,5,16,50.0
R00062,R00473,32,32,0,2,5,15.6
R00062,R00561,32,14,0,2,3,9.4
R00062,R00565,32,9,0,2,3,9.4
R00062,R00587,32,25,0,2,5,15.6
R00062,R00765,32,41,1,2,32,78.0
R00062,R00830,32,31,0,2,17,53.1
R00062,R00939,32,9,0,2,3,9.4
R00062,R00944,32,17,0,2,5,15.6
R00062,R01054,32,18,0,3,3,9.4
R00062,R01247,32,19,0,2,3,9.4
R00062,R01251,32,11,0,2,3,9.4
R00062,R01256,32,19,0,2,3,9.4
R00062,R01259,32,23,0,2,3,9.4
R00062,R01353,32,11,0,2,6,18.8
R00062,R01441,32,32,1,0,5,15.6
R00062,R01452,32,21,0,7,15,46.9
R00062,R01453,32,12,2,0,4,12.5
R00062,R01457,32,3,0,1,1,3.1
R00062,R01562,32,22,0,2,9,28.1
R00062,R01563,32,18,0,2,9,28.1
R00062,R01564,32,18,0,2,9,28.1
R00062,R01566,32,20,0,2,9,28.1
R00062,R01727,32,25,0,7,21,65.6
R00062,R01848,32,24,0,5,17,53.1
R00062,R01892,32,15,0,2,2,6.2
R00062,R01952,32,16,0,2,2,6.2
R00062,R02032,32,10,0,2,2,6.2
R00062,R02039,32,16,0,2,2,6.2
R00062,R02052,32,12,0,2,6,18.8
R00062,R02053,32,11,0,2,6,18.8
R00063,R00090,41,20,2,0,2,4.9
R00063,R00210,41,9,0,1,1,2.4
R00063,R00220,41,17,0,17,16,39.0
R00063,R00304,41,21,0,12,12,29.3
R00063,R00311,41,32,3,0,3,7.3
R00063,R00454,41,23,2,0,5,12.2
R00063,R00492,41,19,0,1,1,2.4
R00063,R00541,41,9,0,1,1,2.4
R00063,R00543,41,11,0,1,1,2.4
R00063,R00544,41,10,0,1,1,2.4
R00063,R00545,41,8,0,1,1,2.4
R00063,R00547,41,7,0,1,1,2.4
R00063,R00549,41,6,0,1,1,2.4
R00063,R00760,41,16,3,0,3,7.3
R00063,R00792,41,20,0,12,12,29.3
R00063,R00846,41,22,0,17,20,48.8
R00063,R01059,41,21,2,0,10,24.4
R00063,R01061,41,32,2,0,5,12.2
R00063,R01198,41,19,2,0,3,7.3
R00063,R01340,41,4,0,1,1,2.4
R00063,R01472,41,7,0,7,7,17.1
R00063,R01483,41,10,0,1,1,2.4
R00063,R01487,41,7,0,1,1,2.4
R00063,R01570,41,19,2,0,9,22.0
R00063,R01626,41,18,2,0,2,4.9
R00063,R01812,41,6,0,1,1,2.4
R00063,R01900,41,8,0,1,1,2.4
R00063,R01901,41,6,0,1,1,2.4
R00063,R01915,41,9,2,0,2,4.9
R00064,R00066,25,27,0,18,18,66.7
R00064,R00082,25,23,0,18,18,72.0
R00064,R00094,25,28,0,3,18,64.3
R00064,R00128,25,15,0,3,9,36.0
R00064,R00361,25,23,0,18,18,72.0
R00064,R00365,25,24,0,18,18,72.0
R00064,R00370,25,32,0,3,18,56.2
R00064,R00373,25,16,0,15,15,60.0
R00064,R00464,25,49,0,18,18,36.7
R00064,R00470,25,40,0,4,15,37.5
R00064,R00477,25,23,0,18,18,72.0
R00064,R00485,25,29,0,3,18,62.1
R00064,R00496,25,27,0,18,18,66.7
R00064,R00507,25,23,0,18,18,72.0
R00064,R00620,25,35,0,3,9,25.7
R00064,R00689,25,25,0,18,18,72.0
R00064,R00819,25,23,0,3,9,36.0
R00064,R01311,25,17,0,3,9,36.0
R00064,R01517,25,14,0,3,6,24.0
R00064,R01596,25,16,0,3,6,24.0
R00064,R01606,25,16,0,3,5,20.0
R00064,R01686,25,40,0,3,18,45.0
R00064,R01687,25,25,0,18,18,72.0
R00064,R01688,25,12,0,3,6,24.0
R00064,R01764,25,12,0,4,5,20.0
R00065,R00067,3,4,1,2,3,75.0
R00065,R00430,3,23,0,2,3,13.0
R00065,R00700,3,6,0,1,1,16.7
R00065,R00722,3,8,0,3,3,37.5
R00065,R00752,3,3,1,0,2,66.7
R00065,R01034,3,17,1,0,1,5.9
R00065,R01035,3,13,0,1,1,7.7
R00065,R01446,3,12,1,0,1,8.3
R00065,R01743,3,2,1,0,1,33.3
R00065,R01744,3,11,1,0,1,9.1
R00065,R01890,3,16,0,1,1,6.2
R00065,R02100,3,4,1,0,1,25.0
R00066,R00082,27,23,0,18,18,66.7
R00066,R00094,27,28,0,3,19,67.9
R00066,R00128,27,15,0,3,9,33.3
R00066,R00361,27,23,0,18,18,66.7
R00066,R00365,27,24,0,18,18,66.7
R00066,R00370,27,32,0,3,18,56.2
R00066,R00373,27,16,0,15,15,55.6
R00066,R00464,27,49,0,21,21,42.9
R00066,R00470,27,40,0,4,18,45.0
R00066,R00477,27,23,0,18,18,66.7
R00066,R00485,27,29,0,3,18,62.1
R00066,R00496,27,27,0,21,21,77.8
R00066,R00507,27,23,0,21,21,77.8
R00066,R00620,27,35,0,3,9,25.7
R00066,R00636,27,11,1,0,1,3.7
R00066,R00689,27,25,0,23,23,85.2
R00066,R00819,27,23,0,3,9,33.3
R00066,R01311,27,17,0,3,9,33.3
R00066,R01517,27,14,0,3,6,22.2
R00066,R01596,27,16,0,3,6,22.2
R00066,R01606,27,16,0,3,5,18.5
R00066,R01686,27,40,0,3,18,45.0
R00066,R01687,27,25,0,18,18,66.7
R00066,R01688,27,12,0,3,6,22.2
R00066,R01764,27,12,0,4,5,18.5
R00067,R00430,4,23,0,4,4,17.4
R00067,R00700,4,6,0,1,1,16.7
R00067,R00722,4,8,0,2,3,37.5
R00067,R00752,4,3,3,0,3,75.0
R00067,R01034,4,17,1,0,1,5.9
R00067,R01035,4,13,0,1,1,7.7
R00067,R01446,4,12,1,0,1,8.3
R00067,R01743,4,2,1,0,1,25.0
R00067,R01744,4,11,1,0,1,9.1
R00067,R01890,4,16,0,1,1,6.2
R00067,R02100,4,4,1,0,1,25.0
R00069,R00074,21,18,2,15,18,85.7
R00069,R00084,21,12,0,12,12,57.1
R00069,R00101,21,14,0,3,5,23.8
R00069,R00730,21,8,0,3,4,19.0
R00069,R01033,21,9,0,3,4,19.0
R00069,R01040,21,11,0,3,5,23.8
R00069,R01086,21,4,0,2,2,9.5
R00069,R01154,21,15,0,3,5,23.8
R00069,R01167,21,12,0,3,6,28.6
R00069,R01178,21,12,0,3,5,23.8
R00069,R01183,21,5,0,1,1,4.8
R00069,R01233,21,2,0,1,1,4.8
R00069,R01345,21,17,1,0,1,4.8
R00070,R00401,19,17,1,0,6,31.6
R00070,R01214,19,3,0,3,3,15.8
R00070,R01361,19,12,0,12,12,63.2
R00070,R01718,19,3,1,0,2,10.5
R00071,R00290,15,19,0,1,1,5.3
R00071,R00352,15,8,0,1,1,6.7
R00071,R00372,15,44,0,1,2,4.5
R00071,R00432,15,14,0,1,1,6.7
R00071,R00449,15,19,0,1,1,5.3
R00071,R00453,15,18,0,1,1,5.6
R00071,R00498,15,42,0,1,2,4.8
R00071,R00519,15,18,0,4,4,22.2
R00071,R00520,15,10,0,1,1,6.7
R00071,R00588,15,14,0,1,1,6.7
R00071,R00649,15,7,0,7,7,46.7
R00071,R00662,15,22,0,1,1,4.5
R00071,R00693,15,9,0,1,1,6.7
R00071,R00723,15,5,0,1,5,33.3
R00071,R00724,15,14,0,1,1,6.7
R00071,R00758,15,8,0,1,2,13.3
R00071,R00780,15,54,0,4,4,7.4
R00071,R00796,15,43,0,1,2,4.7
R00071,R00893,15,5,0,1,1,6.7
R00071,R00931,15,11,0,1,1,6.7
R00071,R00963,15,12,0,1,1,6.7
R00071,R01007,15,13,0,1,1,6.7
R00071,R01030,15,12,0,1,3,20.0
R00071,R01031,15,14,0,4,4,26.7
R00071,R01082,15,11,0,1,1,6.7
R00071,R01088,15,3,0,1,1,6.7
R00071,R01131,15,7,0,4,4,26.7
R00071,R01133,15,8,0,1,2,13.3
R00071,R01135,15,4,0,4,4,26.7
R00071,R01265,15,23,0,1,2,8.7
R00071,R01322,15,14,1,13,14,93.3
R00071,R01365,15,8,0,4,4,26.7
R00071,R01380,15,8,0,1,2,13.3
R00071,R01773,15,41,0,1,2,4.9
R00071,R01813,15,7,0,1,1,6.7
R00071,R01816,15,3,0,1,1,6.7
R00071,R01908,15,35,0,1,1,2.9
R00071,R02044,15,24,0,1,1,4.2
R00072,R00095,26,7,0,3,5,19.2
R00072,R00134,26,12,0,3,7,26.9
R00072,R00146,26,9,0,3,6,23.1
R00072,R00155,26,8,0,6,7,26.9
R00072,R00201,26,3,0,3,3,11.5
R00072,R00209,26,9,0,9,9,34.6
R00072,R00226,26,16,0,5,14,53.8
R00072,R00429,26,18,0,3,9,34.6
R00072,R00435,26,12,0,6,9,34.6
R00072,R00471,26,12,0,5,9,34.6
R00072,R00479,26,7,0,5,6,23.1
R00072,R00770,26,19,1,0,3,11.5
R00072,R00981,26,7,0,3,6,23.1
R00072,R00982,26,10,0,3,7,26.9
R00072,R01308,26,11,0,2,2,7.7
R00072,R01410,26,12,0,2,2,7.7
R00072,R01488,26,7,3,0,3,11.5
R00072,R01490,26,2,2,0,2,7.7
R00072,R01508,26,30,0,13,24,80.0
R00072,R01513,26,17,0,5,14,53.8
R00072,R01938,26,11,0,3,7,26.9
R00072,R01941,26,9,0,5,7,26.9
R00072,R02041,26,8,0,3,5,19.2
R00073,R00129,50,23,4,0,9,18.0
R00073,R00319,50,29,3,0,9,18.0
R00073,R00467,50,25,0,1,4,8.0
R00073,R00749,50,60,3,0,34,56.7
R00073,R00960,50,10,0,1,1,2.0
R00073,R01028,50,21,0,1,1,2.0
R00073,R01101,50,13,0,1,1,2.0
R00073,R01129,50,18,0,4,17,34.0
R00073,R01130,50,12,0,1,1,2.0
R00073,R01132,50,5,0,1,1,2.0
R00073,R01156,50,27,0,1,1,2.0
R00073,R01160,50,17,0,1,1,2.0
R00073,R01494,50,22,4,0,16,32.0
R00073,R01663,50,11,4,0,6,12.0
R00073,R01841,50,5,0,1,1,2.0
R00073,R01842,50,7,0,1,1,2.0
R00073,R01843,50,9,0,1,1,2.0
R00074,R00084,18,12,0,12,12,66.7
R00074,R00101,18,14,0,3,5,27.8
R00074,R00730,18,8,0,3,4,22.2
R00074,R01033,18,9,0,3,4,22.2
R00074,R01040,18,11,0,3,5,27.8
R00074,R01086,18,4,0,2,2,11.1
R00074,R01154,18,15,0,3,5,27.8
R00074,R01167,18,12,0,3,6,33.3
R00074,R01178,18,12,0,3,5,27.8
R00074,R01183,18,5,0,1,1,5.6
R00074,R01233,18,2,0,1,1,5.6
R00074,R01345,18,17,1,0,1,5.6
R00075,R00697,22,9,3,0,3,13.6
R00075,R00717,22,18,0,17,17,77.3
R00075,R00955,22,5,1,0,1,4.5
R00076,R00092,42,35,0,16,32,76.2
R00076,R00971,42,31,0,31,31,73.8
R00076,R00972,42,49,0,16,41,83.7
R00076,R01262,42,27,4,0,13,31.0
R00076,R01338,42,14,0,14,14,33.3
R00077,R00186,47,19,0,14,19,40.4
R00077,R00283,47,44,3,0,3,6.4
R00077,R00316,47,19,1,0,1,2.1
R00077,R00349,47,8,1,0,1,2.1
R00077,R00386,47,5,1,0,1,2.1
R00077,R00409,47,24,1,0,1,2.1
R00077,R00456,47,13,1,0,1,2.1
R00077,R00466,47,33,1,0,1,2.1
R00077,R00512,47,16,2,0,2,4.3
R00077,R00527,47,15,1,0,6,12.8
R00077,R00562,47,49,1,0,41,83.7
R00077,R00634,47,15,1,0,2,4.3
R00077,R00635,47,12,1,0,2,4.3
R00077,R00673,47,13,2,0,2,4.3
R00077,R00738,47,3,1,0,1,2.1
R00077,R00771,47,16,1,0,1,2.1
R00077,R00772,47,15,1,0,1,2.1
R00077,R00781,47,10,1,0,1,2.1
R00077,R00790,47,18,1,0,1,2.1
R00077,R00891,47,9,1,0,1,2.1
R00077,R00916,47,38,0,17,37,78.7
R00077,R00920,47,7,0,7,7,14.9
R00077,R00944,47,17,1,0,1,2.1
R00077,R00964,47,57,1,0,6,10.5
R00077,R00976,47,11,1,0,1,2.1
R00077,R00995,47,12,1,0,1,2.1
R00077,R01013,47,12,3,0,3,6.4
R00077,R01075,47,9,1,0,1,2.1
R00077,R01081,47,9,1,0,1,2.1
R00077,R01085,47,12,1,0,1,2.1
R00077,R01454,47,20,1,0,1,2.1
R00077,R01761,47,11,2,0,2,4.3
R00077,R01789,47,11,1,0,1,2.1
R00077,R01815,47,3,1,0,1,2.1
R00077,R01835,47,27,0,22,24,51.1
R00077,R01909,47,21,1,0,1,2.1
R00077,R01968,47,15,1,0,1,2.1
R00077,R02086,47,36,1,0,8,17.0
R00077,R02099,47,6,1,0,1,2.1
R00078,R00316,17,19,0,1,8,42.1
R00078,R00358,17,16,0,4,13,76.5
R00078,R00466,17,33,0,4,12,36.4
R00078,R00736,17,6,1,0,5,29.4
R00078,R01355,17,7,0,7,7,41.2
R00078,R01408,17,5,0,1,1,5.9
R00078,R01605,17,8,0,1,8,47.1
R00078,R01614,17,3,0,1,1,5.9
R00078,R01620,17,7,0,5,5,29.4
R00078,R01623,17,9,0,1,9,52.9
R00078,R01714,17,5,0,1,5,29.4
R00078,R01771,17,4,1,0,1,5.9
R00078,R01950,17,12,0,4,5,29.4
R00078,R01973,17,11,0,4,7,41.2
R00079,R00188,45,44,0,44,44,97.8
R00080,R00266,24,26,1,22,24,92.3
R00080,R00278,24,24,3,0,21,87.5
R00080,R00339,24,11,0,11,11,45.8
R00081,R00646,2,3,0,1,1,33.3
R00082,R00094,23,28,0,3,18,64.3
R00082,R00128,23,15,0,3,9,39.1
R00082,R00303,23,13,3,0,4,17.4
R00082,R00361,23,23,0,18,18,78.3
R00082,R00365,23,24,0,18,18,75.0
R00082,R00370,23,32,0,3,18,56.2
R00082,R00373,23,16,0,15,15,65.2
R00082,R00464,23,49,0,18,18,36.7
R00082,R00470,23,40,0,4,15,37.5
R00082,R00477,23,23,0,18,18,78.3
R00082,R00485,23,29,0,3,18,62.1
R00082,R00496,23,27,0,18,18,66.7
R00082,R00507,23,23,0,18,18,78.3
R00082,R00620,23,35,0,3,9,25.7
R00082,R00689,23,25,0,18,18,72.0
R00082,R00819,23,23,0,3,9,39.1
R00082,R01311,23,17,0,3,9,39.1
R00082,R01398,23,10,3,0,5,21.7
R00082,R01407,23,12,1,0,1,4.3
R00082,R01409,23,5,1,0,1,4.3
R00082,R01480,23,16,1,0,4,17.4
R00082,R01485,23,13,1,0,1,4.3
R00082,R01517,23,14,0,3,6,26.1
R00082,R01596,23,16,0,3,6,26.1
R00082,R01606,23,16,0,3,5,21.7
R00082,R01616,23,3,1,0,1,4.3
R00082,R01686,23,40,0,3,23,57.5
R00082,R01687,23,25,0,23,23,92.0
R00082,R01688,23,12,0,3,6,26.1
R00082,R01693,23,12,3,0,4,17.4
R00082,R01695,23,8,1,0,1,4.3
R00082,R01764,23,12,0,4,5,21.7
R00082,R01803,23,13,1,0,4,17.4
R00083,R00522,3,18,0,3,3,16.7
R00083,R00525,3,15,1,0,1,6.7
R00083,R00671,3,22,1,0,1,4.5
R00083,R00731,3,18,1,0,1,5.6
R00083,R01041,3,12,1,0,1,8.3
R00083,R01674,3,13,1,0,1,7.7
R00083,R01729,3,7,1,0,1,14.3
R00083,R02078,3,14,3,0,3,21.4
R00083,R02093,3,21,1,0,1,4.8
R00084,R00101,12,14,0,3,5,35.7
R00084,R00730,12,8,0,3,4,33.3
R00084,R01033,12,9,0,3,4,33.3
R00084,R01040,12,11,1,3,5,41.7
R00084,R01086,12,4,0,2,2,16.7
R00084,R01154,12,15,0,3,5,33.3
R00084,R01167,12,12,3,3,6,50.0
R00084,R01178,12,12,0,3,5,41.7
R00084,R01183,12,5,0,1,1,8.3
R00084,R01233,12,2,0,1,1,8.3
R00084,R01713,12,10,1,0,1,8.3
R00085,R00439,11,12,0,1,1,8.3
R00085,R00776,11,36,1,0,1,2.8
R00085,R00896,11,29,2,0,2,6.9
R00085,R01223,11,11,1,0,1,9.1
R00085,R01298,11,20,2,0,2,10.0
R00085,R01344,11,5,0,1,2,18.2
R00085,R01379,11,6,0,1,1,9.1
R00085,R01463,11,4,0,1,1,9.1
R00085,R01479,11,16,0,1,1,6.2
R00085,R01667,11,24,0,1,1,4.2
R00085,R01733,11,19,2,0,2,10.5
R00085,R01750,11,7,0,7,7,63.6
R00085,R01854,11,6,0,1,1,9.1
R00085,R01857,11,5,0,1,1,9.1
R00086,R00648,2,3,1,0,1,33.3
R00087,R00906,3,2,0,1,1,33.3
R00087,R01186,3,7,3,0,3,42.9
R00087,R01204,3,14,0,1,1,7.1
R00087,R01212,3,13,0,1,1,7.7
R00087,R01245,3,10,0,1,1,10.0
R00087,R01255,3,16,0,1,1,6.2
R00088,R00126,26,29,0,1,25,86.2
R00088,R00246,26,29,0,1,22,75.9
R00088,R00396,26,28,0,8,23,82.1
R00088,R00784,26,6,0,2,2,7.7
R00088,R01188,26,27,0,1,22,81.5
R00088,R01414,26,16,0,2,2,7.7
R00088,R01924,26,28,0,1,22,78.6
R00089,R00105,17,17,0,1,8,47.1
R00089,R00124,17,11,0,7,7,41.2
R00089,R00342,17,19,0,1,14,73.7
R00089,R00362,17,32,0,1,8,25.0
R00089,R00387,17,24,1,1,8,33.3
R00089,R00401,17,17,0,9,9,52.9
R00089,R00550,17,52,0,1,6,11.5
R00089,R00726,17,13,0,6,6,35.3
R00089,R00754,17,7,0,1,1,5.9
R00089,R00901,17,31,1,0,1,3.2
R00089,R00917,17,29,0,1,9,31.0
R00089,R00918,17,21,0,9,9,42.9
R00089,R00941,17,16,0,6,6,35.3
R00089,R00984,17,10,0,6,6,35.3
R00089,R01056,17,15,0,1,8,47.1
R00089,R01057,17,13,0,6,6,35.3
R00089,R01151,17,16,0,1,9,52.9
R00089,R01217,17,20,0,9,9,45.0
R00089,R01222,17,23,0,8,9,39.1
R00089,R01231,17,11,1,0,1,5.9
R00089,R01235,17,16,0,6,6,35.3
R00089,R01236,17,9,1,0,1,5.9
R00089,R01237,17,30,0,6,6,20.0
R00089,R01249,17,4,0,2,2,11.8
R00089,R01263,17,8,0,7,7,41.2
R00089,R01298,17,20,0,8,9,45.0
R00089,R01299,17,8,0,8,8,47.1
R00089,R01373,17,13,0,6,6,35.3
R00089,R01656,17,6,0,1,2,11.8
R00089,R01657,17,12,0,1,6,35.3
R00089,R01658,17,9,0,1,6,35.3
R00089,R01712,17,23,0,1,6,26.1
R00089,R01723,17,13,0,9,9,52.9
R00089,R01731,17,9,0,6,6,35.3
R00089,R01732,17,17,1,7,8,47.1
R00089,R01733,17,19,0,8,9,47.4
R00089,R01740,17,21,0,9,9,42.9
R00089,R01781,17,6,0,1,2,11.8
R00089,R01829,17,7,0,1,6,35.3
R00089,R01877,17,22,0,9,9,40.9
R00089,R01912,17,7,0,1,2,11.8
R00089,R01942,17,5,0,1,2,11.8
R00089,R01943,17,16,0,1,9,52.9
R00089,R01958,17,10,0,6,8,47.1
R00089,R02054,17,10,1,0,1,5.9
R00090,R00096,20,7,0,1,1,5.0
R00090,R00099,20,16,0,1,1,5.0
R00090,R00107,20,12,0,1,1,5.0
R00090,R00118,20,10,0,1,1,5.0
R00090,R00120,20,9,0,1,1,5.0
R00090,R00127,20,11,0,1,1,5.0
R00090,R00133,20,11,0,1,1,5.0
R00090,R00135,20,12,0,1,1,5.0
R00090,R00163,20,15,0,1,1,5.0
R00090,R00183,20,22,0,1,1,4.5
R00090,R00190,20,15,0,1,1,5.0
R00090,R00311,20,32,2,0,2,6.2
R00090,R00353,20,14,0,1,1,5.0
R00090,R00454,20,23,2,0,4,17.4
R00090,R00760,20,16,2,0,2,10.0
R00090,R00871,20,6,0,1,1,5.0
R00090,R01059,20,21,2,0,2,9.5
R00090,R01061,20,32,4,0,4,12.5
R00090,R01128,20,10,0,1,2,10.0
R00090,R01145,20,9,0,1,2,10.0
R00090,R01150,20,13,0,1,1,5.0
R00090,R01174,20,11,0,1,1,5.0
R00090,R01175,20,7,0,1,1,5.0
R00090,R01194,20,9,0,1,2,10.0
R00090,R01198,20,19,2,0,2,10.0
R00090,R01205,20,14,0,1,1,5.0
R00090,R01209,20,10,0,1,1,5.0
R00090,R01211,20,8,0,1,1,5.0
R00090,R01213,20,19,0,1,1,5.0
R00090,R01215,20,15,0,1,3,15.0
R00090,R01254,20,14,0,1,1,5.0
R00090,R01270,20,17,0,1,1,5.0
R00090,R01306,20,7,0,1,1,5.0
R00090,R01368,20,11,0,1,1,5.0
R00090,R01454,20,20,0,1,12,60.0
R00090,R01570,20,19,2,0,2,10.0
R00090,R01599,20,23,0,1,13,56.5
R00090,R01626,20,18,4,0,8,40.0
R00090,R01633,20,2,0,1,1,5.0
R00090,R01640,20,5,0,1,1,5.0
R00090,R01845,20,7,0,1,1,5.0
R00090,R01915,20,9,4,0,6,30.0
R00091,R00199,13,33,3,0,3,9.1
R00091,R00265,13,23,1,0,4,17.4
R00091,R00452,13,35,4,0,4,11.4
R00091,R01163,13,3,1,0,1,7.7
R00091,R01252,13,20,0,11,11,55.0
R00091,R01257,13,23,0,11,11,47.8
R00091,R01278,13,15,0,11,12,80.0
R00091,R01387,13,6,1,0,1,7.7
R00091,R01394,13,5,0,5,5,38.5
R00091,R01521,13,14,0,11,12,85.7
R00091,R01939,13,14,1,0,4,28.6
R00091,R02023,13,10,1,0,1,7.7
R00091,R02025,13,3,0,1,3,23.1
R00092,R00971,35,31,0,16,31,88.6
R00092,R00972,35,49,0,35,35,71.4
R00092,R01338,35,14,0,14,14,40.0
R00093,R00102,10,57,0,4,7,12.3
R00093,R00104,10,32,0,4,7,21.9
R00093,R00114,10,57,0,4,7,12.3
R00093,R00131,10,17,0,6,10,58.8
R00093,R00150,10,15,0,1,1,6.7
R00093,R00311,10,32,0,4,7,21.9
R00093,R00314,10,20,0,4,7,35.0
R00093,R00390,10,12,4,6,10,83.3
R00093,R00589,10,21,0,4,7,33.3
R00093,R00602,10,28,0,4,7,25.0
R00093,R00638,10,29,0,4,9,31.0
R00093,R00704,10,68,0,4,7,10.3
R00093,R00806,10,11,4,6,10,90.9
R00093,R00838,10,16,0,4,7,43.8
R00093,R00841,10,17,0,10,10,58.8
R00093,R00845,10,25,0,4,7,28.0
R00093,R00863,10,34,0,4,7,20.6
R00093,R00879,10,16,0,6,10,62.5
R00093,R01055,10,24,0,4,7,29.2
R00093,R01074,10,16,0,6,10,62.5
R00093,R01077,10,43,0,4,7,16.3
R00093,R01102,10,27,0,4,7,25.9
R00093,R01267,10,14,0,4,7,50.0
R00093,R01279,10,7,1,4,7,70.0
R00093,R01281,10,42,0,4,7,16.7
R00093,R01307,10,38,0,4,7,18.4
R00093,R01515,10,23,0,4,7,30.4
R00093,R01522,10,27,0,4,7,25.9
R00093,R01691,10,36,0,4,7,19.4
R00093,R01697,10,34,0,4,7,20.6
R00093,R01706,10,21,0,4,7,33.3
R00093,R01859,10,6,0,1,1,10.0
R00093,R01905,10,44,0,4,7,15.9
R00093,R02086,10,36,0,4,7,19.4
R00094,R00121,28,19,1,0,1,3.6
R00094,R00128,28,15,0,5,12,42.9
R00094,R00300,28,7,1,0,1,3.6
R00094,R00312,28,4,1,0,1,3.6
R00094,R00360,28,22,1,0,1,3.6
R00094,R00361,28,23,0,3,18,64.3
R00094,R00365,28,24,0,3,18,64.3
R00094,R00370,28,32,0,4,27,84.4
R00094,R00373,28,16,0,3,15,53.6
R00094,R00404,28,6,1,0,1,3.6
R00094,R00453,28,18,1,0,1,3.6
R00094,R00464,28,49,0,3,19,38.8
R00094,R00468,28,45,1,0,1,2.2
R00094,R00470,28,40,0,3,16,40.0
R00094,R00477,28,23,0,3,18,64.3
R00094,R00485,28,29,0,4,27,93.1
R00094,R00496,28,27,0,3,19,67.9
R00094,R00507,28,23,0,3,19,67.9
R00094,R00620,28,35,0,4,16,45.7
R00094,R00689,28,25,0,3,19,67.9
R00094,R00769,28,15,1,0,1,3.6
R00094,R00819,28,23,0,4,16,57.1
R00094,R00949,28,13,1,0,1,3.6
R00094,R00991,28,31,2,0,2,6.5
R00094,R01060,28,2,1,0,1,3.6
R00094,R01311,28,17,0,5,12,42.9
R00094,R01388,28,26,1,0,1,3.6
R00094,R01400,28,15,1,0,1,3.6
R00094,R01404,28,13,1,0,1,3.6
R00094,R01517,28,14,0,4,12,42.9
R00094,R01596,28,16,0,4,7,25.0
R00094,R01606,28,16,0,4,6,21.4
R00094,R01612,28,14,1,0,1,3.6
R00094,R01613,28,19,1,0,1,3.6
R00094,R01635,28,4,1,0,1,3.6
R00094,R01686,28,40,0,4,27,67.5
R00094,R01687,28,25,0,3,18,64.3
R00094,R01688,28,12,0,7,11,39.3
R00094,R01764,28,12,0,3,5,17.9
R00094,R01973,28,11,1,0,1,3.6
R00094,R02044,28,24,1,0,1,3.6
R00094,R02045,28,9,1,0,1,3.6
R00095,R00134,7,12,0,7,7,58.3
R00095,R00146,7,9,0,3,7,77.8
R00095,R00155,7,8,0,3,5,62.5
R00095,R00201,7,3,0,3,3,42.9
R00095,R00209,7,9,0,3,5,55.6
R00095,R00226,7,16,0,3,5,31.2
R00095,R00429,7,18,0,3,7,38.9
R00095,R00435,7,12,0,3,5,41.7
R00095,R00471,7,12,0,3,5,41.7
R00095,R00479,7,7,0,3,5,71.4
R00095,R00981,7,7,0,3,6,85.7
R00095,R00982,7,10,0,3,6,60.0
R00095,R01308,7,11,0,2,2,18.2
R00095,R01410,7,12,0,2,2,16.7
R00095,R01508,7,30,0,3,5,16.7
R00095,R01513,7,17,0,3,5,29.4
R00095,R01938,7,11,0,3,6,54.5
R00095,R01941,7,9,0,3,5,55.6
R00095,R02041,7,8,4,3,7,87.5
R00096,R00099,7,16,0,1,1,6.2
R00096,R00107,7,12,0,1,1,8.3
R00096,R00118,7,10,0,1,1,10.0
R00096,R00120,7,9,0,1,1,11.1
R00096,R00127,7,11,0,1,1,9.1
R00096,R00133,7,11,0,1,1,9.1
R00096,R00135,7,12,0,1,1,8.3
R00096,R00163,7,15,0,1,1,6.7
R00096,R00183,7,22,0,1,1,4.5
R00096,R00190,7,15,0,1,1,6.7
R00096,R00353,7,14,0,1,1,7.1
R00096,R00871,7,6,0,1,1,14.3
R00096,R01128,7,10,0,1,1,10.0
R00096,R01145,7,9,0,1,1,11.1
R00096,R01150,7,13,0,1,1,7.7
R00096,R01174,7,11,0,1,1,9.1
R00096,R01175,7,7,0,1,1,14.3
R00096,R01194,7,9,0,1,1,11.1
R00096,R01205,7,14,0,1,1,7.1
R00096,R01209,7,10,0,1,1,10.0
R00096,R01211,7,8,0,1,1,12.5
R00096,R01213,7,19,0,1,1,5.3
R00096,R01215,7,15,0,1,1,6.7
R00096,R01254,7,14,0,1,1,7.1
R00096,R01270,7,17,0,1,1,5.9
R00096,R01306,7,7,0,1,1,14.3
R00096,R01368,7,11,0,1,1,9.1
R00096,R01454,7,20,0,1,1,5.0
R00096,R01599,7,23,0,1,1,4.3
R00096,R01633,7,2,0,2,2,28.6
R00096,R01640,7,5,4,1,5,71.4
R00096,R01845,7,7,0,1,1,14.3
R00097,R00178,33,12,0,1,1,3.0
R00097,R00398,33,35,0,1,16,45.7
R00097,R00762,33,30,0,1,16,48.5
R00097,R01122,33,2,0,1,1,3.0
R00097,R01180,33,42,0,9,24,57.1
R00097,R01187,33,31,0,24,24,72.7
R00097,R01239,33,27,0,23,23,69.7
R00097,R01272,33,35,0,24,24,68.6
R00097,R01600,33,42,0,9,24,57.1
R00097,R01628,33,33,0,1,21,63.6
R00097,R01736,33,30,0,24,24,72.7
R00097,R01755,33,31,0,10,23,69.7
R00098,R00106,14,36,0,2,2,5.6
R00098,R00123,14,14,0,7,7,50.0
R00098,R00130,14,22,0,2,2,9.1
R00098,R00132,14,2,0,1,1,7.1
R00098,R00169,14,12,0,2,2,14.3
R00098,R00171,14,10,0,1,1,7.1
R00098,R00184,14,21,0,2,2,9.5
R00098,R00313,14,10,0,1,1,7.1
R00098,R00344,14,33,0,1,1,3.0
R00098,R00356,14,16,0,2,13,81.2
R00098,R00357,14,16,0,14,14,87.5
R00098,R00378,14,30,0,2,2,6.7
R00098,R00455,14,73,0,1,1,1.4
R00098,R00472,14,9,0,2,2,14.3
R00098,R00480,14,29,0,2,2,6.9
R00098,R00486,14,18,0,1,1,5.6
R00098,R00581,14,28,0,2,2,7.1
R00098,R00750,14,31,0,7,7,22.6
R00098,R00935,14,47,0,1,1,2.1
R00098,R00948,14,51,0,1,1,2.0
R00098,R01127,14,10,0,2,2,14.3
R00098,R01152,14,10,0,2,10,71.4
R00098,R01169,14,15,0,1,1,6.7
R00098,R01176,14,19,0,2,2,10.5
R00098,R01201,14,13,0,2,2,14.3
R00098,R01202,14,7,0,1,1,7.1
R00098,R01221,14,14,0,2,2,14.3
R00098,R01260,14,13,0,2,4,28.6
R00098,R01271,14,10,0,4,5,35.7
R00098,R01273,14,11,0,4,8,57.1
R00098,R01303,14,15,0,2,2,13.3
R00098,R01464,14,22,0,2,2,9.1
R00098,R01591,14,20,0,2,2,10.0
R00098,R01720,14,6,0,2,2,14.3
R00098,R01796,14,9,0,2,3,21.4
R00098,R01844,14,24,0,2,2,8.3
R00098,R01853,14,11,1,7,8,57.1
R00098,R01860,14,11,0,2,9,64.3
R00098,R01865,14,28,0,1,2,7.1
R00098,R01879,14,22,0,2,2,9.1
R00098,R02061,14,4,0,2,2,14.3
R00099,R00107,16,12,0,1,1,6.2
R00099,R00118,16,10,0,1,1,6.2
R00099,R00120,16,9,0,1,1,6.2
R00099,R00127,16,11,0,1,1,6.2
R00099,R00133,16,11,0,1,1,6.2
R00099,R00135,16,12,0,1,1,6.2
R00099,R00163,16,15,0,1,2,12.5
R00099,R00183,16,22,0,1,1,4.5
R00099,R00190,16,15,0,10,10,62.5
R00099,R00353,16,14,0,1,1,6.2
R00099,R00871,16,6,0,1,1,6.2
R00099,R01128,16,10,0,1,1,6.2
R00099,R01145,16,9,0,1,1,6.2
R00099,R01150,16,13,0,1,3,18.8
R00099,R01174,16,11,0,1,1,6.2
R00099,R01175,16,7,0,1,1,6.2
R00099,R01194,16,9,0,1,1,6.2
R00099,R01205,16,14,0,1,2,12.5
R00099,R01209,16,10,0,1,2,12.5
R00099,R01211,16,8,4,1,8,50.0
R00099,R01213,16,19,0,5,5,26.3
R00099,R01215,16,15,0,1,1,6.2
R00099,R01254,16,14,0,5,5,31.2
R00099,R01270,16,17,0,1,1,5.9
R00099,R01306,16,7,0,1,1,6.2
R00099,R01368,16,11,0,1,1,6.2
R00099,R01454,16,20,0,1,1,5.0
R00099,R01599,16,23,0,1,1,4.3
R00099,R01633,16,2,0,1,1,6.2
R00099,R01640,16,5,0,1,1,6.2
R00099,R01845,16,7,0,1,1,6.2
R00100,R00107,19,12,1,0,1,5.3
R00100,R00114,19,57,1,0,12,21.1
R00100,R00116,19,10,1,0,1,5.3
R00100,R00135,19,12,1,0,1,5.3
R00100,R00164,19,10,1,0,1,5.3
R00100,R00166,19,15,1,0,1,5.3
R00100,R00184,19,21,1,0,1,4.8
R00100,R00213,19,6,0,6,6,31.6
R00100,R00270,19,13,0,2,6,31.6
R00100,R00336,19,46,0,2,2,4.3
R00100,R00354,19,63,1,0,1,1.6
R00100,R00383,19,15,1,0,3,15.8
R00100,R00393,19,7,1,0,1,5.3
R00100,R00426,19,16,1,0,1,5.3
R00100,R00441,19,23,0,2,2,8.7
R00100,R00472,19,9,1,0,1,5.3
R00100,R00473,19,32,0,4,4,12.5
R00100,R00561,19,14,0,2,2,10.5
R00100,R00565,19,9,0,2,2,10.5
R00100,R00587,19,25,0,2,4,16.0
R00100,R00706,19,9,1,0,2,10.5
R00100,R00765,19,41,0,2,2,4.9
R00100,R00830,19,31,0,2,2,6.5
R00100,R00939,19,9,0,2,2,10.5
R00100,R00944,19,17,0,2,4,21.1
R00100,R01054,19,18,0,2,2,10.5
R00100,R01077,19,43,1,0,13,30.2
R00100,R01127,19,10,1,0,2,10.5
R00100,R01177,19,11,1,0,1,5.3
R00100,R01201,19,13,1,0,2,10.5
R00100,R01204,19,14,1,0,1,5.3
R00100,R01208,19,13,1,0,1,5.3
R00100,R01212,19,13,1,0,1,5.3
R00100,R01227,19,12,1,0,1,5.3
R00100,R01229,19,8,1,0,1,5.3
R00100,R01245,19,10,1,0,1,5.3
R00100,R01247,19,19,0,2,2,10.5
R00100,R01251,19,11,0,2,2,10.5
R00100,R01255,19,16,1,0,1,5.3
R00100,R01256,19,19,0,2,2,10.5
R00100,R01259,19,23,0,2,2,8.7
R00100,R01293,19,9,1,0,1,5.3
R00100,R01303,19,15,1,0,1,5.3
R00100,R01343,19,8,1,0,2,10.5
R00100,R01353,19,11,0,2,2,10.5
R00100,R01452,19,21,0,2,2,9.5
R00100,R01457,19,3,0,1,1,5.3
R00100,R01464,19,22,1,0,1,4.5
R00100,R01562,19,22,0,2,2,9.1
R00100,R01563,19,18,0,2,2,10.5
R00100,R01564,19,18,0,2,2,10.5
R00100,R01566,19,20,0,2,2,10.0
R00100,R01632,19,2,1,0,1,5.3
R00100,R01641,19,5,1,0,1,5.3
R00100,R01666,19,14,1,0,1,5.3
R00100,R01668,19,8,1,0,1,5.3
R00100,R01727,19,25,0,2,2,8.0
R00100,R01846,19,8,1,0,1,5.3
R00100,R01847,19,6,1,0,1,5.3
R00100,R01848,19,24,0,2,2,8.3
R00100,R01892,19,15,0,2,4,21.1
R00100,R01905,19,44,1,0,11,25.0
R00100,R01952,19,16,0,2,4,21.1
R00100,R02032,19,10,0,4,5,26.3
R00100,R02039,19,16,0,2,4,21.1
R00100,R02052,19,12,0,2,2,10.5
R00100,R02053,19,11,0,2,2,10.5
R00101,R00730,14,8,0,3,8,57.1
R00101,R01033,14,9,0,3,9,64.3
R00101,R01040,14,11,0,3,3,21.4
R00101,R01086,14,4,0,2,2,14.3
R00101,R01154,14,15,0,3,3,20.0
R00101,R01167,14,12,0,3,3,21.4
R00101,R01178,14,12,0,3,3,21.4
R00101,R01183,14,5,0,1,1,7.1
R00101,R01233,14,2,0,1,1,7.1
R00102,R00104,57,32,0,10,23,40.4
R00102,R00114,57,57,0,10,50,87.7
R00102,R00131,57,17,0,4,10,17.5
R00102,R00139,57,18,2,0,2,3.5
R00102,R00150,57,15,0,1,1,1.8
R00102,R00162,57,20,2,0,2,3.5
R00102,R00175,57,10,1,0,1,1.8
R00102,R00179,57,36,2,0,2,3.5
R00102,R00181,57,8,1,0,1,1.8
R00102,R00183,57,22,3,0,3,5.3
R00102,R00305,57,10,1,0,1,1.8
R00102,R00311,57,32,0,10,22,38.6
R00102,R00314,57,20,0,13,19,33.3
R00102,R00321,57,71,1,0,3,4.2
R00102,R00390,57,12,0,4,7,12.3
R00102,R00574,57,13,2,0,2,3.5
R00102,R00589,57,21,0,13,19,33.3
R00102,R00602,57,28,0,14,28,49.1
R00102,R00625,57,13,2,0,2,3.5
R00102,R00638,57,29,0,5,20,35.1
R00102,R00704,57,68,0,10,41,60.3
R00102,R00714,57,12,2,0,2,3.5
R00102,R00806,57,11,0,4,7,12.3
R00102,R00838,57,16,0,10,13,22.8
R00102,R00841,57,17,0,4,11,19.3
R00102,R00845,57,25,0,10,19,33.3
R00102,R00863,57,34,0,10,31,54.4
R00102,R00871,57,6,3,0,3,5.3
R00102,R00879,57,16,0,4,9,15.8
R00102,R00938,57,5,1,0,1,1.8
R00102,R01055,57,24,0,14,24,42.1
R00102,R01074,57,16,0,4,10,17.5
R00102,R01077,57,43,0,10,34,59.6
R00102,R01102,57,27,0,8,22,38.6
R00102,R01128,57,10,3,0,3,5.3
R00102,R01129,57,18,2,0,2,3.5
R00102,R01143,57,4,3,0,3,5.3
R00102,R01149,57,7,1,0,1,1.8
R00102,R01244,57,22,2,0,2,3.5
R00102,R01258,57,13,2,0,2,3.5
R00102,R01267,57,14,0,11,12,21.1
R00102,R01270,57,17,3,0,3,5.3
R00102,R01279,57,7,0,7,7,12.3
R00102,R01281,57,42,0,13,34,59.6
R00102,R01307,57,38,0,10,19,33.3
R00102,R01515,57,23,0,14,23,40.4
R00102,R01522,57,27,0,11,21,36.8
R00102,R01673,57,12,2,0,2,3.5
R00102,R01691,57,36,0,14,36,63.2
R00102,R01697,57,34,0,10,27,47.4
R00102,R01706,57,21,0,13,19,33.3
R00102,R01795,57,2,1,0,1,1.8
R00102,R01845,57,7,3,0,3,5.3
R00102,R01859,57,6,0,1,1,1.8
R00102,R01905,57,44,0,10,33,57.9
R00102,R02062,57,34,2,0,2,3.5
R00102,R02086,57,36,0,10,19,33.3
R00102,R02097,57,27,2,0,2,3.5
R00103,R01524,2,2,0,1,1,50.0
R00104,R00114,32,57,0,12,25,43.9
R00104,R00131,32,17,0,4,10,31.2
R00104,R00150,32,15,0,1,1,3.1
R00104,R00311,32,32,0,12,13,40.6
R00104,R00314,32,20,0,10,12,37.5
R00104,R00390,32,12,0,4,7,21.9
R00104,R00589,32,21,0,10,12,37.5
R00104,R00602,32,28,0,10,19,59.4
R00104,R00638,32,29,0,5,24,75.0
R00104,R00704,32,68,0,12,24,35.3
R00104,R00806,32,11,0,4,7,21.9
R00104,R00838,32,16,0,16,16,50.0
R00104,R00841,32,17,0,4,13,40.6
R00104,R00845,32,25,0,12,13,40.6
R00104,R00863,32,34,0,12,25,73.5
R00104,R00879,32,16,0,4,9,28.1
R00104,R01055,32,24,0,10,19,59.4
R00104,R01074,32,16,0,4,10,31.2
R00104,R01077,32,43,0,12,13,30.2
R00104,R01102,32,27,0,8,26,81.2
R00104,R01267,32,14,0,10,14,43.8
R00104,R01279,32,7,0,7,7,21.9
R00104,R01281,32,42,0,10,12,28.6
R00104,R01307,32,38,0,12,13,34.2
R00104,R01515,32,23,0,10,19,59.4
R00104,R01522,32,27,2,10,27,84.4
R00104,R01691,32,36,0,10,19,52.8
R00104,R01697,32,34,0,12,13,38.2
R00104,R01706,32,21,0,10,12,37.5
R00104,R01859,32,6,0,1,1,3.1
R00104,R01905,32,44,0,12,13,29.5
R00104,R02086,32,36,0,12,13,36.1
R00105,R00124,17,11,0,1,7,41.2
R00105,R00333,17,9,1,0,1,5.9
R00105,R00342,17,19,0,3,12,63.2
R00105,R00362,17,32,0,3,12,37.5
R00105,R00387,17,24,0,3,12,50.0
R00105,R00401,17,17,0,1,8,47.1
R00105,R00550,17,52,0,12,12,23.1
R00105,R00583,17,15,1,0,1,5.9
R00105,R00726,17,13,0,1,6,35.3
R00105,R00754,17,7,0,1,2,11.8
R00105,R00917,17,29,0,3,13,44.8
R00105,R00918,17,21,0,1,8,38.1
R00105,R00941,17,16,0,1,6,35.3
R00105,R00984,17,10,0,1,6,35.3
R00105,R01056,17,15,0,3,13,76.5
R00105,R01057,17,13,0,1,6,35.3
R00105,R01151,17,16,0,3,12,70.6
R00105,R01217,17,20,0,1,8,40.0
R00105,R01222,17,23,0,1,8,34.8
R00105,R01235,17,16,0,1,6,35.3
R00105,R01237,17,30,0,1,6,20.0
R00105,R01249,17,4,0,1,2,11.8
R00105,R01263,17,8,0,1,7,41.2
R00105,R01298,17,20,0,1,8,40.0
R00105,R01299,17,8,1,1,8,47.1
R00105,R01373,17,13,0,1,6,35.3
R00105,R01392,17,4,1,0,1,5.9
R00105,R01656,17,6,0,1,4,23.5
R00105,R01657,17,12,0,1,8,47.1
R00105,R01658,17,9,0,1,8,47.1
R00105,R01712,17,23,0,3,10,43.5
R00105,R01723,17,13,0,1,8,47.1
R00105,R01731,17,9,0,1,6,35.3
R00105,R01732,17,17,0,1,7,41.2
R00105,R01733,17,19,0,1,8,42.1
R00105,R01740,17,21,0,1,8,38.1
R00105,R01781,17,6,0,1,4,23.5
R00105,R01829,17,7,0,1,6,35.3
R00105,R01877,17,22,0,1,8,36.4
R00105,R01912,17,7,0,1,4,23.5
R00105,R01942,17,5,0,1,2,11.8
R00105,R01943,17,16,0,3,12,70.6
R00105,R01958,17,10,3,1,10,58.8
R00106,R00123,36,14,0,2,2,5.6
R00106,R00130,36,22,0,2,2,5.6
R00106,R00132,36,2,0,1,1,2.8
R00106,R00169,36,12,0,3,3,8.3
R00106,R00171,36,10,0,1,1,2.8
R00106,R00184,36,21,0,2,2,5.6
R00106,R00313,36,10,0,1,1,2.8
R00106,R00344,36,33,0,1,1,2.8
R00106,R00356,36,16,0,2,2,5.6
R00106,R00357,36,16,0,2,2,5.6
R00106,R00378,36,30,0,24,25,69.4
R00106,R00455,36,73,0,1,1,1.4
R00106,R00472,36,9,0,2,2,5.6
R00106,R00480,36,29,0,26,26,72.2
R00106,R00486,36,18,0,1,1,2.8
R00106,R00581,36,28,0,2,2,5.6
R00106,R00750,36,31,0,2,2,5.6
R00106,R00935,36,47,0,1,1,2.1
R00106,R00948,36,51,0,1,1,2.0
R00106,R01127,36,10,0,2,2,5.6
R00106,R01152,36,10,0,2,2,5.6
R00106,R01169,36,15,0,1,1,2.8
R00106,R01176,36,19,0,2,2,5.6
R00106,R01201,36,13,0,2,2,5.6
R00106,R01202,36,7,0,1,1,2.8
R00106,R01221,36,14,0,2,2,5.6
R00106,R01260,36,13,0,2,2,5.6
R00106,R01271,36,10,0,2,2,5.6
R00106,R01273,36,11,0,2,2,5.6
R00106,R01303,36,15,0,2,2,5.6
R00106,R01464,36,22,0,2,2,5.6
R00106,R01591,36,20,0,11,20,55.6
R00106,R01720,36,6,0,6,6,16.7
R00106,R01796,36,9,0,2,2,5.6
R00106,R01844,36,24,0,6,21,58.3
R00106,R01853,36,11,0,2,2,5.6
R00106,R01860,36,11,0,2,2,5.6
R00106,R01865,36,28,0,1,7,19.4
R00106,R01879,36,22,0,11,20,55.6
R00106,R02061,36,4,0,2,2,5.6
R00107,R00114,12,57,1,0,1,1.8
R00107,R00116,12,10,1,0,1,8.3
R00107,R00118,12,10,0,1,1,8.3
R00107,R00120,12,9,0,1,1,8.3
R00107,R00127,12,11,0,1,6,50.0
R00107,R00133,12,11,0,6,6,50.0
R00107,R00135,12,12,1,1,11,91.7
R00107,R00163,12,15,0,1,1,6.7
R00107,R00164,12,10,1,0,1,8.3
R00107,R00166,12,15,1,0,1,6.7
R00107,R00183,12,22,0,1,1,4.5
R00107,R00184,12,21,1,0,1,4.8
R00107,R00190,12,15,0,1,1,6.7
R00107,R00353,12,14,0,1,1,7.1
R00107,R00354,12,63,1,0,1,1.6
R00107,R00383,12,15,1,0,1,6.7
R00107,R00393,12,7,1,0,1,8.3
R00107,R00426,12,16,1,0,1,6.2
R00107,R00472,12,9,1,0,1,8.3
R00107,R00706,12,9,1,0,1,8.3
R00107,R00871,12,6,0,1,1,8.3
R00107,R01077,12,43,1,0,1,2.3
R00107,R01127,12,10,1,0,1,8.3
R00107,R01128,12,10,0,1,1,8.3
R00107,R01145,12,9,0,1,1,8.3
R00107,R01150,12,13,0,1,1,7.7
R00107,R01174,12,11,0,1,1,8.3
R00107,R01175,12,7,0,1,1,8.3
R00107,R01177,12,11,1,0,1,8.3
R00107,R01194,12,9,0,1,1,8.3
R00107,R01201,12,13,1,0,1,7.7
R00107,R01204,12,14,1,0,1,7.1
R00107,R01205,12,14,0,1,1,7.1
R00107,R01208,12,13,1,0,1,7.7
R00107,R01209,12,10,0,1,1,8.3
R00107,R01211,12,8,0,1,1,8.3
R00107,R01212,12,13,1,0,1,7.7
R00107,R01213,12,19,0,1,1,5.3
R00107,R01215,12,15,0,1,1,6.7
R00107,R01227,12,12,1,0,1,8.3
R00107,R01229,12,8,1,0,1,8.3
R00107,R01245,12,10,1,0,1,8.3
R00107,R01254,12,14,0,1,1,7.1
R00107,R01255,12,16,1,0,1,6.2
R00107,R01270,12,17,0,1,1,5.9
R00107,R01293,12,9,1,0,1,8.3
R00107,R01303,12,15,1,0,1,6.7
R00107,R01306,12,7,0,1,1,8.3
R00107,R01343,12,8,1,0,1,8.3
R00107,R01368,12,11,0,1,1,8.3
R00107,R01454,12,20,0,1,1,5.0
R00107,R01464,12,22,1,0,1,4.5
R00107,R01599,12,23,0,1,1,4.3
R00107,R01632,12,2,1,0,1,8.3
R00107,R01633,12,2,0,1,1,8.3
R00107,R01640,12,5,0,1,1,8.3
R00107,R01641,12,5,1,0,1,8.3
R00107,R01666,12,14,1,0,1,7.1
R00107,R01668,12,8,1,0,3,25.0
R00107,R01845,12,7,0,1,1,8.3
R00107,R01846,12,8,1,0,1,8.3
R00107,R01847,12,6,1,0,1,8.3
R00107,R01905,12,44,1,0,1,2.3
R00108,R00112,10,14,0,5,8,57.1
R00108,R00206,10,20,0,5,7,35.0
R00108,R00454,10,23,0,2,6,26.1
R00108,R00457,10,31,0,2,8,25.8
R00108,R00508,10,22,0,2,7,31.8
R00108,R00521,10,19,0,2,8,42.1
R00108,R00568,10,30,0,2,6,20.0
R00108,R00647,10,25,0,2,7,28.0
R00108,R00738,10,3,0,3,3,30.0
R00108,R00842,10,22,0,2,3,13.6
R00108,R00897,10,16,0,2,6,37.5
R00108,R01018,10,27,1,0,1,3.7
R00108,R01087,10,12,0,3,3,25.0
R00108,R01388,10,26,0,2,3,11.5
R00108,R01551,10,16,1,0,1,6.2
R00108,R01594,10,3,1,0,1,10.0
R00108,R01598,10,4,1,0,1,10.0
R00108,R01621,10,27,0,2,8,29.6
R00108,R01622,10,29,0,2,8,27.6
R00108,R01691,10,36,4,0,4,11.1
R00108,R01697,10,34,3,0,4,11.8
R00108,R01902,10,26,0,2,7,26.9
R00108,R01949,10,7,1,0,1,10.0
R00108,R02001,10,6,1,0,1,10.0
R00108,R02099,10,6,0,2,3,30.0
R00109,R00117,10,6,0,6,6,60.0
R00109,R00484,10,14,0,1,1,7.1
R00109,R00727,10,56,0,1,1,1.8
R00109,R01171,10,41,0,1,1,2.4
R00109,R01312,10,11,0,1,1,9.1
R00109,R01932,10,13,0,1,1,7.7
R00109,R02002,10,3,0,1,1,10.0
R00109,R02006,10,4,0,1,1,10.0
R00109,R02007,10,5,0,1,1,10.0
R00110,R00121,11,19,0,4,6,31.6
R00110,R00249,11,8,1,0,1,9.1
R00110,R00360,11,22,0,7,9,40.9
R00110,R00651,11,19,0,3,11,57.9
R00110,R00730,11,8,1,0,1,9.1
R00110,R00947,11,23,0,1,4,17.4
R00110,R01033,11,9,1,0,1,9.1
R00110,R01460,11,5,1,0,1,9.1
R00110,R01613,11,19,0,4,6,31.6
R00110,R01626,11,18,0,4,4,22.2
R00111,R00193,13,12,0,1,1,7.7
R00111,R00228,13,28,2,0,3,10.7
R00111,R00231,13,14,0,1,1,7.1
R00111,R00290,13,19,1,0,1,5.3
R00111,R00298,13,30,1,0,1,3.3
R00111,R00328,13,14,0,1,3,21.4
R00111,R00332,13,16,0,1,3,18.8
R00111,R00359,13,11,1,0,1,7.7
R00111,R00367,13,5,1,1,5,38.5
R00111,R00404,13,6,0,1,1,7.7
R00111,R00482,13,9,0,1,3,23.1
R00111,R00487,13,17,0,1,1,5.9
R00111,R00494,13,11,0,1,1,7.7
R00111,R00532,13,8,0,1,2,15.4
R00111,R00669,13,9,0,5,5,38.5
R00111,R00729,13,10,0,1,1,7.7
R00111,R00736,13,6,0,1,1,7.7
R00111,R00827,13,15,0,1,1,6.7
R00111,R00842,13,22,1,0,3,13.6
R00111,R00846,13,22,1,0,1,4.5
R00111,R00848,13,6,0,1,1,7.7
R00111,R00940,13,8,0,1,1,7.7
R00111,R01087,13,12,1,0,3,23.1
R00111,R01172,13,7,0,1,1,7.7
R00111,R01195,13,6,0,1,1,7.7
R00111,R01274,13,20,0,1,1,5.0
R00111,R01292,13,7,1,0,1,7.7
R00111,R01301,13,7,0,1,1,7.7
R00111,R01362,13,13,1,0,1,7.7
R00111,R01411,13,10,4,0,5,38.5
R00111,R01438,13,4,1,0,1,7.7
R00111,R01447,13,21,1,0,1,4.8
R00111,R01450,13,34,1,0,1,2.9
R00111,R01452,13,21,1,0,1,4.8
R00111,R01494,13,22,0,1,2,9.1
R00111,R01525,13,3,2,0,2,15.4
R00111,R01530,13,2,0,1,1,7.7
R00111,R01551,13,16,0,1,1,6.2
R00111,R01612,13,14,0,1,1,7.1
R00111,R01617,13,7,0,1,1,7.7
R00111,R01717,13,14,0,1,1,7.1
R00111,R01721,13,6,0,1,1,7.7
R00111,R01726,13,20,3,0,3,15.0
R00111,R01753,13,5,1,0,1,7.7
R00111,R01815,13,3,0,1,1,7.7
R00111,R01888,13,6,0,1,1,7.7
R00111,R01895,13,9,0,1,1,7.7
R00111,R01951,13,4,0,1,1,7.7
R00111,R01964,13,12,0,1,1,7.7
R00111,R01991,13,4,0,1,1,7.7
R00111,R01998,13,8,0,1,1,7.7
R00111,R02012,13,7,2,1,3,23.1
R00111,R02027,13,9,0,1,1,7.7
R00111,R02029,13,10,0,1,1,7.7
R00111,R02085,13,2,0,1,1,7.7
R00111,R02095,13,7,0,1,1,7.7
R00112,R00206,14,20,0,8,11,55.0
R00112,R00454,14,23,0,2,5,21.7
R00112,R00457,14,31,0,2,13,41.9
R00112,R00508,14,22,0,2,11,50.0
R00112,R00521,14,19,0,2,14,73.7
R00112,R00568,14,30,0,2,5,16.7
R00112,R00647,14,25,0,2,11,44.0
R00112,R00738,14,3,0,3,3,21.4
R00112,R00842,14,22,0,2,3,13.6
R00112,R00897,14,16,0,2,5,31.2
R00112,R01087,14,12,0,3,3,21.4
R00112,R01388,14,26,0,2,3,11.5
R00112,R01621,14,27,0,2,13,48.1
R00112,R01622,14,29,0,2,13,44.8
R00112,R01902,14,26,0,2,11,42.3
R00112,R01953,14,5,1,0,1,7.1
R00112,R01960,14,3,1,0,1,7.1
R00112,R02099,14,6,0,2,3,21.4
R00113,R00165,9,5,2,0,5,55.6
R00113,R00170,9,4,0,4,4,44.4
R00113,R00217,9,52,1,0,1,1.9
R00113,R01357,9,13,1,0,1,7.7
R00113,R01940,9,16,1,0,1,6.2
R00113,R02000,9,5,1,0,1,11.1
R00113,R02004,9,4,1,0,1,11.1
R00113,R02014,9,3,1,0,1,11.1
R00114,R00116,57,10,1,0,1,1.8
R00114,R00131,57,17,0,4,10,17.5
R00114,R00135,57,12,1,0,1,1.8
R00114,R00150,57,15,0,1,1,1.8
R00114,R00164,57,10,1,0,1,1.8
R00114,R00166,57,15,1,0,1,1.8
R00114,R00184,57,21,1,0,1,1.8
R00114,R00311,57,32,0,14,19,33.3
R00114,R00314,57,20,0,10,15,26.3
R00114,R00354,57,63,3,0,5,7.9
R00114,R00383,57,15,1,0,3,5.3
R00114,R00390,57,12,0,4,7,12.3
R00114,R00393,57,7,1,0,1,1.8
R00114,R00426,57,16,1,0,1,1.8
R00114,R00472,57,9,1,0,1,1.8
R00114,R00589,57,21,0,10,15,26.3
R00114,R00602,57,28,0,10,28,49.1
R00114,R00638,57,29,0,5,22,38.6
R00114,R00704,57,68,0,23,41,60.3
R00114,R00706,57,9,1,0,3,5.3
R00114,R00806,57,11,0,4,7,12.3
R00114,R00838,57,16,0,12,14,24.6
R00114,R00841,57,17,0,4,12,21.1
R00114,R00845,57,25,0,14,16,28.1
R00114,R00863,57,34,0,34,34,59.6
R00114,R00879,57,16,0,4,9,15.8
R00114,R01055,57,24,0,10,24,42.1
R00114,R01074,57,16,0,4,10,17.5
R00114,R01077,57,43,1,14,33,57.9
R00114,R01102,57,27,0,8,24,42.1
R00114,R01127,57,10,1,0,3,5.3
R00114,R01177,57,11,1,0,1,1.8
R00114,R01201,57,13,3,0,3,5.3
R00114,R01204,57,14,1,0,1,1.8
R00114,R01208,57,13,1,0,1,1.8
R00114,R01212,57,13,1,0,1,1.8
R00114,R01227,57,12,1,0,1,1.8
R00114,R01229,57,8,1,0,1,1.8
R00114,R01245,57,10,1,0,1,1.8
R00114,R01255,57,16,1,0,1,1.8
R00114,R01267,57,14,0,10,12,21.1
R00114,R01279,57,7,0,7,7,12.3
R00114,R01281,57,42,0,10,32,56.1
R00114,R01293,57,9,1,0,1,1.8
R00114,R01303,57,15,1,0,1,1.8
R00114,R01307,57,38,0,14,16,28.1
R00114,R01343,57,8,1,0,3,5.3
R00114,R01464,57,22,1,0,1,1.8
R00114,R01515,57,23,0,10,23,40.4
R00114,R01522,57,27,0,10,22,38.6
R00114,R01632,57,2,1,0,1,1.8
R00114,R01641,57,5,1,0,1,1.8
R00114,R01666,57,14,1,0,1,1.8
R00114,R01668,57,8,1,0,1,1.8
R00114,R01691,57,36,0,10,36,63.2
R00114,R01697,57,34,0,14,25,43.9
R00114,R01706,57,21,0,10,15,26.3
R00114,R01846,57,8,1,0,1,1.8
R00114,R01847,57,6,1,0,1,1.8
R00114,R01859,57,6,0,1,1,1.8
R00114,R01905,57,44,3,14,34,59.6
R00114,R02086,57,36,0,14,16,28.1
R00115,R00126,36,29,2,0,22,61.1
R00115,R00246,36,29,3,0,20,55.6
R00115,R00381,36,9,0,1,1,2.8
R00115,R00400,36,6,1,0,1,2.8
R00115,R00892,36,16,3,0,16,44.4
R00115,R00894,36,8,3,0,7,19.4
R00115,R01188,36,27,3,0,20,55.6
R00115,R01486,36,6,1,0,6,16.7
R00115,R01725,36,9,0,1,1,2.8
R00115,R01924,36,28,2,0,19,52.8
R00115,R02056,36,11,0,1,1,2.8
R00116,R00135,10,12,1,0,1,8.3
R00116,R00164,10,10,1,0,1,10.0
R00116,R00166,10,15,1,0,1,6.7
R00116,R00184,10,21,1,0,1,4.8
R00116,R00354,10,63,1,0,1,1.6
R00116,R00383,10,15,1,0,1,6.7
R00116,R00393,10,7,1,0,1,10.0
R00116,R00426,10,16,1,0,1,6.2
R00116,R00472,10,9,1,0,1,10.0
R00116,R00706,10,9,1,0,1,10.0
R00116,R01077,10,43,1,0,1,2.3
R00116,R01127,10,10,1,0,1,10.0
R00116,R01177,10,11,3,0,3,27.3
R00116,R01201,10,13,1,0,1,7.7
R00116,R01204,10,14,1,0,1,7.1
R00116,R01208,10,13,1,0,1,7.7
R00116,R01212,10,13,1,0,1,7.7
R00116,R01227,10,12,1,0,1,8.3
R00116,R01229,10,8,1,0,1,10.0
R00116,R01245,10,10,1,0,1,10.0
R00116,R01255,10,16,1,0,1,6.2
R00116,R01293,10,9,1,0,1,10.0
R00116,R01303,10,15,1,0,1,6.7
R00116,R01343,10,8,1,0,1,10.0
R00116,R01464,10,22,1,0,1,4.5
R00116,R01632,10,2,1,0,1,10.0
R00116,R01641,10,5,1,0,1,10.0
R00116,R01666,10,14,1,0,1,7.1
R00116,R01668,10,8,1,0,1,10.0
R00116,R01846,10,8,3,5,8,80.0
R00116,R01847,10,6,1,5,6,60.0
R00116,R01905,10,44,1,0,1,2.3
R00117,R00170,6,4,1,0,1,16.7
R00117,R00332,6,16,1,0,1,6.2
R00117,R00373,6,16,1,0,2,12.5
R00117,R00459,6,26,1,0,1,3.8
R00117,R00484,6,14,0,1,1,7.1
R00117,R00727,6,56,0,1,1,1.8
R00117,R00764,6,15,1,0,1,6.7
R00117,R00767,6,2,1,0,1,16.7
R00117,R01171,6,41,0,1,1,2.4
R00117,R01312,6,11,0,1,1,9.1
R00117,R01406,6,11,1,0,1,9.1
R00117,R01425,6,27,1,0,1,3.7
R00117,R01426,6,25,1,0,1,4.0
R00117,R01427,6,24,1,0,1,4.2
R00117,R01932,6,13,0,1,1,7.7
R00117,R02002,6,3,0,1,1,16.7
R00117,R02006,6,4,0,1,1,16.7
R00117,R02007,6,5,0,1,1,16.7
R00118,R00120,10,9,2,7,9,90.0
R00118,R00127,10,11,0,1,1,9.1
R00118,R00133,10,11,0,1,1,9.1
R00118,R00135,10,12,0,1,1,8.3
R00118,R00163,10,15,0,1,1,6.7
R00118,R00183,10,22,0,1,1,4.5
R00118,R00190,10,15,0,1,1,6.7
R00118,R00353,10,14,0,1,1,7.1
R00118,R00871,10,6,0,1,1,10.0
R00118,R01128,10,10,0,1,1,10.0
R00118,R01145,10,9,0,1,1,10.0
R00118,R01150,10,13,0,1,1,7.7
R00118,R01174,10,11,0,3,3,27.3
R00118,R01175,10,7,0,1,1,10.0
R00118,R01194,10,9,0,1,1,10.0
R00118,R01205,10,14,0,1,1,7.1
R00118,R01209,10,10,0,1,1,10.0
R00118,R01211,10,8,0,1,1,10.0
R00118,R01213,10,19,0,1,1,5.3
R00118,R01215,10,15,0,1,1,6.7
R00118,R01254,10,14,0,1,1,7.1
R00118,R01270,10,17,0,1,1,5.9
R00118,R01306,10,7,0,3,3,30.0
R00118,R01368,10,11,0,1,1,9.1
R00118,R01454,10,20,0,1,1,5.0
R00118,R01599,10,23,0,1,1,4.3
R00118,R01633,10,2,0,1,1,10.0
R00118,R01640,10,5,0,1,1,10.0
R00118,R01845,10,7,0,1,1,10.0
R00119,R00138,19,12,0,3,10,52.6
R00119,R00206,19,20,4,0,4,20.0
R00119,R00450,19,4,0,1,1,5.3
R00119,R00456,19,13,0,1,1,5.3
R00119,R00460,19,17,0,2,2,10.5
R00119,R00508,19,22,1,0,4,18.2
R00119,R00614,19,14,0,1,2,10.5
R00119,R00647,19,25,3,0,4,16.0
R00119,R00942,19,7,0,1,6,31.6
R00119,R01398,19,10,0,2,2,10.5
R00119,R01411,19,10,0,1,2,10.5
R00119,R01631,19,4,0,1,1,5.3
R00119,R01766,19,5,0,1,2,10.5
R00119,R01902,19,26,1,0,4,15.4
R00119,R01974,19,21,4,3,18,85.7
R00119,R02009,19,2,0,1,1,5.3
R00119,R02011,19,9,0,2,2,10.5
R00119,R02088,19,11,4,0,4,21.1
R00120,R00127,9,11,0,1,1,9.1
R00120,R00133,9,11,0,1,1,9.1
R00120,R00135,9,12,0,1,1,8.3
R00120,R00163,9,15,0,1,1,6.7
R00120,R00183,9,22,0,1,1,4.5
R00120,R00190,9,15,0,1,1,6.7
R00120,R00353,9,14,0,1,1,7.1
R00120,R00871,9,6,0,1,1,11.1
R00120,R01128,9,10,0,1,1,10.0
R00120,R01145,9,9,0,1,1,11.1
R00120,R01150,9,13,0,1,1,7.7
R00120,R01174,9,11,0,3,3,27.3
R00120,R01175,9,7,0,1,1,11.1
R00120,R01194,9,9,0,1,1,11.1
R00120,R01205,9,14,0,1,1,7.1
R00120,R01209,9,10,0,1,1,10.0
R00120,R01211,9,8,0,1,1,11.1
R00120,R01213,9,19,0,1,1,5.3
R00120,R01215,9,15,0,1,1,6.7
R00120,R01254,9,14,0,1,1,7.1
R00120,R01270,9,17,0,1,1,5.9
R00120,R01306,9,7,0,3,3,33.3
R00120,R01368,9,11,0,1,1,9.1
R00120,R01454,9,20,0,1,1,5.0
R00120,R01599,9,23,0,1,1,4.3
R00120,R01633,9,2,0,1,1,11.1
R00120,R01640,9,5,0,1,1,11.1
R00120,R01845,9,7,0,1,1,11.1
R00121,R00300,19,7,1,0,1,5.3
R00121,R00312,19,4,1,0,1,5.3
R00121,R00360,19,22,3,4,18,81.8
R00121,R00404,19,6,1,0,5,26.3
R00121,R00453,19,18,2,0,2,10.5
R00121,R00468,19,45,3,0,5,11.1
R00121,R00651,19,19,0,3,13,68.4
R00121,R00769,19,15,2,0,2,10.5
R00121,R00947,19,23,0,1,4,17.4
R00121,R00949,19,13,1,0,2,10.5
R00121,R00991,19,31,1,0,1,3.2
R00121,R01060,19,2,1,0,1,5.3
R00121,R01388,19,26,2,0,3,11.5
R00121,R01400,19,15,2,0,2,10.5
R00121,R01404,19,13,1,0,1,5.3
R00121,R01612,19,14,1,0,2,10.5
R00121,R01613,19,19,1,9,18,94.7
R00121,R01626,19,18,0,4,4,21.1
R00121,R01635,19,4,1,0,1,5.3
R00121,R01973,19,11,1,0,1,5.3
R00121,R02044,19,24,3,0,5,20.8
R00121,R02045,19,9,1,0,1,5.3
R00122,R00254,13,19,0,4,11,57.9
R00122,R00297,13,21,0,2,2,9.5
R00122,R00491,13,26,0,2,5,19.2
R00122,R00524,13,16,0,4,10,62.5
R00122,R00526,13,16,0,5,5,31.2
R00122,R00536,13,22,0,5,5,22.7
R00122,R00608,13,14,0,2,2,14.3
R00122,R00610,13,27,0,2,6,22.2
R00122,R00624,13,12,0,5,5,38.5
R00122,R00654,13,27,0,4,6,22.2
R00122,R01575,13,11,1,0,2,15.4
R00122,R01587,13,29,0,4,11,37.9
R00122,R01639,13,26,0,4,10,38.5
R00122,R01674,13,13,0,4,10,76.9
R00122,R01745,13,24,0,2,5,20.8
R00122,R01969,13,26,0,4,8,30.8
R00122,R01975,13,26,0,4,9,34.6
R00122,R02066,13,10,1,0,8,61.5
R00122,R02073,13,9,1,0,7,53.8
R00123,R00130,14,22,0,2,2,9.1
R00123,R00132,14,2,0,1,1,7.1
R00123,R00169,14,12,0,2,2,14.3
R00123,R00171,14,10,0,1,1,7.1
R00123,R00184,14,21,0,2,2,9.5
R00123,R00313,14,10,0,1,1,7.1
R00123,R00344,14,33,0,1,1,3.0
R00123,R00356,14,16,0,2,6,37.5
R00123,R00357,14,16,2,7,9,56.2
R00123,R00378,14,30,0,2,2,6.7
R00123,R00455,14,73,0,1,1,1.4
R00123,R00472,14,9,0,2,2,14.3
R00123,R00480,14,29,0,2,2,6.9
R00123,R00486,14,18,0,1,1,5.6
R00123,R00581,14,28,0,2,2,7.1
R00123,R00750,14,31,0,7,9,29.0
R00123,R00935,14,47,0,1,1,2.1
R00123,R00948,14,51,0,1,1,2.0
R00123,R01127,14,10,0,2,2,14.3
R00123,R01152,14,10,0,2,6,42.9
R00123,R01169,14,15,0,1,1,6.7
R00123,R01176,14,19,0,2,2,10.5
R00123,R01201,14,13,0,2,2,14.3
R00123,R01202,14,7,0,1,1,7.1
R00123,R01221,14,14,0,2,2,14.3
R00123,R01260,14,13,0,2,7,50.0
R00123,R01271,14,10,0,4,7,50.0
R00123,R01273,14,11,0,4,5,35.7
R00123,R01303,14,15,0,2,2,13.3
R00123,R01464,14,22,0,2,2,9.1
R00123,R01591,14,20,0,2,2,10.0
R00123,R01720,14,6,0,2,2,14.3
R00123,R01796,14,9,0,2,5,35.7
R00123,R01844,14,24,0,2,2,8.3
R00123,R01853,14,11,0,8,10,71.4
R00123,R01860,14,11,2,2,8,57.1
R00123,R01865,14,28,0,1,2,7.1
R00123,R01879,14,22,0,2,2,9.1
R00123,R02061,14,4,0,2,2,14.3
R00124,R00226,11,16,2,0,2,12.5
R00124,R00342,11,19,0,1,7,36.8
R00124,R00362,11,32,0,1,8,25.0
R00124,R00387,11,24,0,1,8,33.3
R00124,R00401,11,17,0,7,7,41.2
R00124,R00550,11,52,0,1,6,11.5
R00124,R00726,11,13,0,6,6,46.2
R00124,R00754,11,7,0,1,1,9.1
R00124,R00917,11,29,0,1,7,24.1
R00124,R00918,11,21,0,7,7,33.3
R00124,R00941,11,16,0,6,6,37.5
R00124,R00984,11,10,0,6,6,54.5
R00124,R01056,11,15,0,1,8,53.3
R00124,R01057,11,13,0,6,6,46.2
R00124,R01151,11,16,0,1,7,43.8
R00124,R01217,11,20,0,7,7,35.0
R00124,R01222,11,23,0,7,8,34.8
R00124,R01235,11,16,0,6,6,37.5
R00124,R01237,11,30,0,6,6,20.0
R00124,R01249,11,4,0,2,2,18.2
R00124,R01263,11,8,0,8,8,72.7
R00124,R01298,11,20,0,7,8,40.0
R00124,R01299,11,8,0,7,7,63.6
R00124,R01373,11,13,0,6,6,46.2
R00124,R01535,11,9,1,0,4,36.4
R00124,R01656,11,6,0,1,2,18.2
R00124,R01657,11,12,0,1,6,50.0
R00124,R01658,11,9,0,1,6,54.5
R00124,R01712,11,23,0,1,6,26.1
R00124,R01723,11,13,0,7,7,53.8
R00124,R01731,11,9,0,6,6,54.5
R00124,R01732,11,17,0,8,8,47.1
R00124,R01733,11,19,0,7,8,42.1
R00124,R01740,11,21,0,7,7,33.3
R00124,R01781,11,6,0,1,2,18.2
R00124,R01829,11,7,0,1,6,54.5
R00124,R01877,11,22,0,7,7,31.8
R00124,R01912,11,7,0,1,2,18.2
R00124,R01942,11,5,0,1,2,18.2
R00124,R01943,11,16,0,1,7,43.8
R00124,R01958,11,10,0,6,7,63.6
R00125,R00413,33,34,0,3,4,11.8
R00125,R00491,33,26,4,0,4,12.1
R00125,R00514,33,38,0,1,1,2.6
R00125,R00654,33,27,2,0,6,18.2
R00125,R00664,33,15,0,9,15,45.5
R00125,R00671,33,22,0,22,22,66.7
R00125,R01568,33,28,0,1,13,39.4
R00126,R00246,29,29,2,7,26,89.7
R00126,R00396,29,28,0,1,23,79.3
R00126,R00400,29,6,1,0,1,3.4
R00126,R00784,29,6,0,1,1,3.4
R00126,R00892,29,16,2,0,7,24.1
R00126,R00894,29,8,2,0,7,24.1
R00126,R01188,29,27,2,7,26,89.7
R00126,R01414,29,16,0,1,1,3.4
R00126,R01486,29,6,1,0,4,13.8
R00126,R01924,29,28,2,7,26,89.7
R00127,R00133,11,11,0,1,1,9.1
R00127,R00135,11,12,0,6,6,50.0
R00127,R00163,11,15,0,1,1,6.7
R00127,R00183,11,22,0,1,1,4.5
R00127,R00190,11,15,0,1,1,6.7
R00127,R00353,11,14,0,1,1,7.1
R00127,R00871,11,6,0,1,1,9.1
R00127,R01128,11,10,0,1,1,9.1
R00127,R01145,11,9,0,1,1,9.1
R00127,R01150,11,13,0,1,1,7.7
R00127,R01174,11,11,0,1,1,9.1
R00127,R01175,11,7,0,1,1,9.1
R00127,R01194,11,9,0,1,1,9.1
R00127,R01205,11,14,0,1,1,7.1
R00127,R01209,11,10,0,1,1,9.1
R00127,R01211,11,8,0,1,1,9.1
R00127,R01213,11,19,0,1,1,5.3
R00127,R01215,11,15,0,1,1,6.7
R00127,R01254,11,14,0,1,1,7.1
R00127,R01270,11,17,0,1,1,5.9
R00127,R01306,11,7,0,1,1,9.1
R00127,R01368,11,11,0,1,1,9.1
R00127,R01454,11,20,0,1,1,5.0
R00127,R01599,11,23,0,1,1,4.3
R00127,R01633,11,2,0,1,1,9.1
R00127,R01640,11,5,0,1,1,9.1
R00127,R01845,11,7,0,1,1,9.1
R00128,R00361,15,23,0,3,9,39.1
R00128,R00365,15,24,0,3,9,37.5
R00128,R00370,15,32,0,4,13,40.6
R00128,R00373,15,16,0,3,9,56.2
R00128,R00464,15,49,0,3,9,18.4
R00128,R00470,15,40,0,3,6,15.0
R00128,R00477,15,23,0,3,9,39.1
R00128,R00485,15,29,0,4,13,44.8
R00128,R00496,15,27,0,3,9,33.3
R00128,R00507,15,23,0,3,9,39.1
R00128,R00620,15,35,0,4,13,37.1
R00128,R00689,15,25,0,3,9,36.0
R00128,R00819,15,23,0,4,15,65.2
R00128,R01311,15,17,0,15,15,88.2
R00128,R01517,15,14,0,4,9,60.0
R00128,R01596,15,16,3,4,8,50.0
R00128,R01606,15,16,0,4,6,37.5
R00128,R01686,15,40,0,4,12,30.0
R00128,R01687,15,25,0,3,9,36.0
R00128,R01688,15,12,0,5,9,60.0
R00128,R01764,15,12,0,3,5,33.3
R00129,R00203,23,18,0,1,1,4.3
R00129,R00271,23,36,0,4,16,44.4
R00129,R00319,23,29,3,17,23,79.3
R00129,R00749,23,60,3,0,12,20.0
R00129,R00968,23,59,0,14,21,35.6
R00129,R01356,23,11,0,3,3,13.0
R00129,R01359,23,13,0,1,1,4.3
R00129,R01494,23,22,4,0,6,26.1
R00129,R01663,23,11,4,0,8,34.8
R00129,R01711,23,4,0,1,1,4.3
R00129,R01982,23,11,0,1,1,4.3
R00129,R01983,23,13,0,1,1,4.3
R00130,R00132,22,2,0,1,1,4.5
R00130,R00142,22,35,2,0,9,25.7
R00130,R00169,22,12,0,2,2,9.1
R00130,R00171,22,10,0,1,1,4.5
R00130,R00184,22,21,0,3,3,13.6
R00130,R00313,22,10,0,1,1,4.5
R00130,R00326,22,19,3,0,3,13.6
R00130,R00344,22,33,0,1,1,3.0
R00130,R00356,22,16,0,2,2,9.1
R00130,R00357,22,16,0,2,2,9.1
R00130,R00378,22,30,0,2,2,6.7
R00130,R00418,22,31,2,0,5,16.1
R00130,R00455,22,73,0,1,1,1.4
R00130,R00472,22,9,0,3,3,13.6
R00130,R00480,22,29,0,2,2,6.9
R00130,R00486,22,18,0,1,1,4.5
R00130,R00581,22,28,0,13,13,46.4
R00130,R00640,22,37,2,0,3,8.1
R00130,R00750,22,31,0,2,2,6.5
R00130,R00935,22,47,0,1,1,2.1
R00130,R00947,22,23,2,0,11,47.8
R00130,R00948,22,51,0,1,1,2.0
R00130,R01073,22,12,3,0,3,13.6
R00130,R01088,22,3,3,0,3,13.6
R00130,R01127,22,10,0,3,3,13.6
R00130,R01152,22,10,0,2,2,9.1
R00130,R01169,22,15,0,1,1,4.5
R00130,R01176,22,19,0,3,3,13.6
R00130,R01201,22,13,0,3,3,13.6
R00130,R01202,22,7,0,1,1,4.5
R00130,R01221,22,14,0,3,3,13.6
R00130,R01260,22,13,0,2,2,9.1
R00130,R01271,22,10,0,2,2,9.1
R00130,R01273,22,11,0,2,2,9.1
R00130,R01303,22,15,0,3,3,13.6
R00130,R01464,22,22,0,3,3,13.6
R00130,R01591,22,20,0,2,2,9.1
R00130,R01720,22,6,0,2,2,9.1
R00130,R01796,22,9,0,2,2,9.1
R00130,R01844,22,24,0,2,2,8.3
R00130,R01853,22,11,0,2,2,9.1
R00130,R01860,22,11,0,2,2,9.1
R00130,R01865,22,28,0,1,2,7.1
R00130,R01879,22,22,0,2,2,9.1
R00130,R02061,22,4,0,3,3,13.6
R00131,R00150,17,15,0,1,1,5.9
R00131,R00311,17,32,0,4,10,31.2
R00131,R00314,17,20,0,4,10,50.0
R00131,R00390,17,12,0,12,12,70.6
R00131,R00589,17,21,0,4,10,47.6
R00131,R00602,17,28,0,4,10,35.7
R00131,R00638,17,29,0,4,15,51.7
R00131,R00704,17,68,0,4,10,14.7
R00131,R00806,17,11,0,7,11,64.7
R00131,R00838,17,16,0,4,10,58.8
R00131,R00841,17,17,0,6,14,82.4
R00131,R00843,17,15,1,0,1,5.9
R00131,R00845,17,25,0,4,10,40.0
R00131,R00863,17,34,0,4,10,29.4
R00131,R00879,17,16,0,16,16,94.1
R00131,R01055,17,24,0,4,10,41.7
R00131,R01074,17,16,4,12,16,94.1
R00131,R01077,17,43,0,4,10,23.3
R00131,R01102,17,27,0,4,11,40.7
R00131,R01267,17,14,0,4,10,58.8
R00131,R01276,17,4,1,0,1,5.9
R00131,R01279,17,7,0,4,7,41.2
R00131,R01281,17,42,0,4,10,23.8
R00131,R01307,17,38,0,4,10,26.3
R00131,R01515,17,23,0,4,10,43.5
R00131,R01522,17,27,0,4,10,37.0
R00131,R01691,17,36,0,4,10,27.8
R00131,R01697,17,34,0,4,10,29.4
R00131,R01706,17,21,0,4,10,47.6
R00131,R01859,17,6,0,1,1,5.9
R00131,R01905,17,44,0,4,10,22.7
R00131,R02086,17,36,0,4,10,27.8
R00132,R00136,2,7,1,0,1,14.3
R00132,R00169,2,12,0,1,1,8.3
R00132,R00171,2,10,0,1,1,10.0
R00132,R00184,2,21,0,1,1,4.8
R00132,R00313,2,10,0,1,1,10.0
R00132,R00344,2,33,0,1,1,3.0
R00132,R00356,2,16,0,1,1,6.2
R00132,R00357,2,16,0,1,1,6.2
R00132,R00378,2,30,0,1,1,3.3
R00132,R00455,2,73,0,1,1,1.4
R00132,R00472,2,9,0,1,1,11.1
R00132,R00480,2,29,0,1,1,3.4
R00132,R00486,2,18,0,1,1,5.6
R00132,R00581,2,28,0,1,1,3.6
R00132,R00750,2,31,0,1,1,3.2
R00132,R00935,2,47,0,1,1,2.1
R00132,R00948,2,51,0,1,1,2.0
R00132,R01127,2,10,0,1,1,10.0
R00132,R01152,2,10,0,1,1,10.0
R00132,R01169,2,15,0,1,1,6.7
R00132,R01176,2,19,0,1,1,5.3
R00132,R01201,2,13,0,1,1,7.7
R00132,R01202,2,7,0,1,1,14.3
R00132,R01221,2,14,0,1,1,7.1
R00132,R01260,2,13,0,1,1,7.7
R00132,R01271,2,10,0,1,1,10.0
R00132,R01273,2,11,0,1,1,9.1
R00132,R01303,2,15,0,1,1,6.7
R00132,R01464,2,22,0,1,1,4.5
R00132,R01591,2,20,0,1,1,5.0
R00132,R01720,2,6,0,1,1,16.7
R00132,R01796,2,9,0,1,1,11.1
R00132,R01844,2,24,0,1,1,4.2
R00132,R01853,2,11,0,1,1,9.1
R00132,R01860,2,11,0,1,1,9.1
R00132,R01865,2,28,0,1,1,3.6
R00132,R01879,2,22,0,1,1,4.5
R00132,R02061,2,4,0,1,1,25.0
R00133,R00135,11,12,0,1,6,50.0
R00133,R00163,11,15,0,1,1,6.7
R00133,R00183,11,22,0,1,1,4.5
R00133,R00190,11,15,0,1,1,6.7
R00133,R00353,11,14,0,1,1,7.1
R00133,R00871,11,6,0,1,1,9.1
R00133,R01128,11,10,0,1,1,9.1
R00133,R01145,11,9,0,1,1,9.1
R00133,R01150,11,13,0,1,1,7.7
R00133,R01174,11,11,0,1,1,9.1
R00133,R01175,11,7,0,1,1,9.1
R00133,R01194,11,9,0,1,1,9.1
R00133,R01205,11,14,0,1,1,7.1
R00133,R01209,11,10,0,1,1,9.1
R00133,R01211,11,8,0,1,1,9.1
R00133,R01213,11,19,0,1,1,5.3
R00133,R01215,11,15,0,1,1,6.7
R00133,R01254,11,14,0,1,1,7.1
R00133,R01270,11,17,0,1,1,5.9
R00133,R01306,11,7,0,1,1,9.1
R00133,R01368,11,11,0,1,1,9.1
R00133,R01454,11,20,0,1,1,5.0
R00133,R01599,11,23,0,1,1,4.3
R00133,R01633,11,2,0,1,1,9.1
R00133,R01640,11,5,0,1,1,9.1
R00133,R01845,11,7,0,1,1,9.1
R00134,R00146,12,9,0,3,8,66.7
R00134,R00155,12,8,2,3,8,66.7
R00134,R00201,12,3,0,3,3,25.0
R00134,R00209,12,9,0,3,7,58.3
R00134,R00226,12,16,0,3,8,50.0
R00134,R00429,12,18,0,3,11,61.1
R00134,R00435,12,12,0,3,8,66.7
R00134,R00471,12,12,0,3,9,75.0
R00134,R00479,12,7,0,3,7,58.3
R00134,R00981,12,7,0,3,7,58.3
R00134,R00982,12,10,4,3,10,83.3
R00134,R01308,12,11,0,2,2,16.7
R00134,R01410,12,12,0,2,2,16.7
R00134,R01508,12,30,0,3,7,23.3
R00134,R01513,12,17,0,3,9,52.9
R00134,R01938,12,11,2,3,10,83.3
R00134,R01941,12,9,2,3,9,75.0
R00134,R02041,12,8,0,3,7,58.3
R00135,R00163,12,15,0,1,1,6.7
R00135,R00164,12,10,1,0,1,8.3
R00135,R00166,12,15,1,0,1,6.7
R00135,R00183,12,22,0,1,1,4.5
R00135,R00184,12,21,1,0,1,4.8
R00135,R00190,12,15,0,1,1,6.7
R00135,R00353,12,14,0,1,1,7.1
R00135,R00354,12,63,1,0,1,1.6
R00135,R00383,12,15,1,0,1,6.7
R00135,R00393,12,7,1,0,1,8.3
R00135,R00426,12,16,1,0,1,6.2
R00135,R00472,12,9,1,0,1,8.3
R00135,R00706,12,9,1,0,1,8.3
R00135,R00871,12,6,0,1,1,8.3
R00135,R01077,12,43,1,0,1,2.3
R00135,R01127,12,10,1,0,1,8.3
R00135,R01128,12,10,0,1,1,8.3
R00135,R01145,12,9,0,1,1,8.3
R00135,R01150,12,13,0,1,1,7.7
R00135,R01174,12,11,0,1,1,8.3
R00135,R01175,12,7,0,1,1,8.3
R00135,R01177,12,11,1,0,1,8.3
R00135,R01194,12,9,0,1,1,8.3
R00135,R01201,12,13,1,0,1,7.7
R00135,R01204,12,14,1,0,1,7.1
R00135,R01205,12,14,0,1,1,7.1
R00135,R01208,12,13,1,0,1,7.7
R00135,R01209,12,10,0,1,1,8.3
R00135,R01211,12,8,0,1,1,8.3
R00135,R01212,12,13,1,0,1,7.7
R00135,R01213,12,19,0,1,1,5.3
R00135,R01215,12,15,0,1,1,6.7
R00135,R01227,12,12,1,0,1,8.3
R00135,R01229,12,8,1,0,1,8.3
R00135,R01245,12,10,1,0,1,8.3
R00135,R01254,12,14,0,1,1,7.1
R00135,R01255,12,16,1,0,1,6.2
R00135,R01270,12,17,0,1,1,5.9
R00135,R01293,12,9,1,0,1,8.3
R00135,R01303,12,15,1,0,1,6.7
R00135,R01306,12,7,0,1,1,8.3
R00135,R01343,12,8,1,0,1,8.3
R00135,R01368,12,11,0,1,1,8.3
R00135,R01454,12,20,0,1,1,5.0
R00135,R01464,12,22,1,0,1,4.5
R00135,R01599,12,23,0,1,1,4.3
R00135,R01632,12,2,1,0,1,8.3
R00135,R01633,12,2,0,1,1,8.3
R00135,R01640,12,5,0,1,1,8.3
R00135,R01641,12,5,1,0,1,8.3
R00135,R01666,12,14,1,0,1,7.1
R00135,R01668,12,8,1,0,3,25.0
R00135,R01845,12,7,0,1,1,8.3
R00135,R01846,12,8,1,0,1,8.3
R00135,R01847,12,6,1,0,1,8.3
R00135,R01905,12,44,1,0,1,2.3
R00137,R00978,20,11,0,4,7,35.0
R00137,R01094,20,17,0,4,14,70.0
R00137,R01096,20,12,0,12,12,60.0
R00137,R01625,20,19,0,4,16,80.0
R00137,R01699,20,11,0,4,8,40.0
R00137,R01850,20,14,4,4,11,55.0
R00137,R01862,20,8,0,4,5,25.0
R00137,R01864,20,8,0,1,5,25.0
R00137,R01896,20,7,0,4,4,20.0
R00137,R01897,20,8,0,8,8,40.0
R00138,R00450,12,4,0,1,1,8.3
R00138,R00456,12,13,0,1,1,7.7
R00138,R00460,12,17,0,2,2,11.8
R00138,R00614,12,14,0,1,2,14.3
R00138,R00729,12,10,3,0,4,33.3
R00138,R00942,12,7,0,1,6,50.0
R00138,R01172,12,7,3,0,4,33.3
R00138,R01398,12,10,0,2,2,16.7
R00138,R01411,12,10,0,1,2,16.7
R00138,R01631,12,4,0,1,1,8.3
R00138,R01766,12,5,0,1,2,16.7
R00138,R01895,12,9,4,0,7,58.3
R00138,R01974,12,21,0,9,10,47.6
R00138,R02009,12,2,0,1,1,8.3
R00138,R02011,12,9,0,2,2,16.7
R00139,R00145,18,19,0,9,9,47.4
R00139,R00162,18,20,2,1,10,50.0
R00139,R00175,18,10,1,0,1,5.6
R00139,R00179,18,36,2,0,2,5.6
R00139,R00181,18,8,1,0,1,5.6
R00139,R00183,18,22,2,0,2,9.1
R00139,R00305,18,10,1,0,1,5.6
R00139,R00321,18,71,1,0,1,1.4
R00139,R00574,18,13,2,0,5,27.8
R00139,R00582,18,74,0,1,17,23.0
R00139,R00625,18,13,2,0,2,11.1
R00139,R00714,18,12,2,0,10,55.6
R00139,R00749,18,60,0,1,16,26.7
R00139,R00871,18,6,2,0,2,11.1
R00139,R00938,18,5,1,0,1,5.6
R00139,R01128,18,10,2,0,2,11.1
R00139,R01129,18,18,2,0,2,11.1
R00139,R01143,18,4,2,0,2,11.1
R00139,R01149,18,7,1,0,1,5.6
R00139,R01244,18,22,2,16,18,81.8
R00139,R01258,18,13,2,0,10,55.6
R00139,R01270,18,17,2,0,2,11.1
R00139,R01314,18,4,0,1,1,5.6
R00139,R01315,18,6,0,1,1,5.6
R00139,R01449,18,1,0,1,1,5.6
R00139,R01544,18,8,0,1,8,44.4
R00139,R01673,18,12,2,0,8,44.4
R00139,R01795,18,2,1,0,1,5.6
R00139,R01845,18,7,2,0,2,11.1
R00139,R02062,18,34,2,0,2,5.9
R00139,R02097,18,27,2,0,2,7.4
R00140,R02059,1,2,0,1,1,50.0
R00141,R00147,7,5,0,5,5,71.4
R00141,R00191,7,4,1,0,1,14.3
R00141,R00198,7,3,1,0,1,14.3
R00141,R00200,7,3,1,0,1,14.3
R00141,R00227,7,3,3,0,3,42.9
R00141,R00230,7,3,0,3,3,42.9
R00141,R00272,7,4,0,1,1,14.3
R00141,R00571,7,32,1,0,2,6.2
R00142,R00326,35,19,2,0,3,8.6
R00142,R00363,35,2,0,1,1,2.9
R00142,R00418,35,31,2,0,6,17.1
R00142,R00640,35,37,3,0,4,10.8
R00142,R00814,35,16,0,2,14,40.0
R00142,R00947,35,23,3,0,8,22.9
R00142,R01018,35,27,0,2,25,71.4
R00142,R01073,35,12,2,0,3,8.6
R00142,R01088,35,3,2,0,3,8.6
R00143,R00476,4,14,0,1,1,7.1
R00143,R00619,4,20,0,1,1,5.0
R00143,R00714,4,12,0,1,1,8.3
R00143,R01166,4,5,0,1,1,20.0
R00143,R01258,4,13,0,1,1,7.7
R00143,R01474,4,5,0,1,2,40.0
R00143,R01673,4,12,0,1,1,8.3
R00144,R00252,16,25,1,0,1,4.0
R00144,R00566,16,6,3,0,5,31.2
R00144,R01593,16,15,1,0,1,6.2
R00145,R00162,19,20,0,1,12,60.0
R00145,R00247,19,8,1,0,1,5.3
R00145,R00287,19,23,1,0,1,4.3
R00145,R00467,19,25,4,0,15,60.0
R00145,R00470,19,40,4,0,4,10.0
R00145,R00582,19,74,0,1,8,10.8
R00145,R00619,19,20,4,0,5,25.0
R00145,R00749,19,60,0,1,8,13.3
R00145,R01138,19,18,1,0,1,5.3
R00145,R01244,19,22,0,9,9,40.9
R00145,R01314,19,4,0,1,1,5.3
R00145,R01315,19,6,0,1,1,5.3
R00145,R01449,19,1,0,1,1,5.3
R00145,R01544,19,8,0,1,8,42.1
R00145,R01833,19,9,1,0,1,5.3
R00146,R00155,9,8,0,3,6,66.7
R00146,R00201,9,3,0,3,3,33.3
R00146,R00209,9,9,0,3,6,66.7
R00146,R00226,9,16,0,3,6,37.5
R00146,R00429,9,18,0,8,9,50.0
R00146,R00435,9,12,0,3,6,50.0
R00146,R00471,9,12,0,3,6,50.0
R00146,R00479,9,7,1,3,6,66.7
R00146,R00981,9,7,4,3,7,77.8
R00146,R00982,9,10,0,3,7,70.0
R00146,R01308,9,11,0,2,2,18.2
R00146,R01410,9,12,0,2,2,16.7
R00146,R01508,9,30,0,3,6,20.0
R00146,R01513,9,17,0,3,6,35.3
R00146,R01938,9,11,0,3,7,63.6
R00146,R01941,9,9,0,3,6,66.7
R00146,R02041,9,8,0,8,8,88.9
R00147,R00230,5,3,0,3,3,60.0
R00147,R00232,5,3,1,0,1,20.0
R00147,R00272,5,4,0,1,1,20.0
R00148,R00153,1,2,1,0,1,50.0
R00148,R00475,1,2,1,1,1,50.0
R00148,R00478,1,5,0,1,1,20.0
R00148,R00834,1,5,1,0,1,20.0
R00148,R00912,1,5,0,1,1,20.0
R00148,R01160,1,17,1,0,1,5.9
R00148,R01481,1,3,0,1,1,33.3
R00149,R00287,5,23,0,1,1,4.3
R00149,R00615,5,2,0,1,1,20.0
R00149,R00637,5,3,1,1,1,20.0
R00149,R01138,5,18,0,1,1,5.6
R00149,R01139,5,18,1,0,1,5.6
R00149,R01295,5,21,1,0,1,4.8
R00149,R01347,5,4,1,3,3,60.0
R00149,R01659,5,3,1,1,1,20.0
R00149,R01661,5,3,1,1,1,20.0
R00149,R01945,5,2,1,0,1,20.0
R00149,R01946,5,2,0,1,1,20.0
R00149,R01947,5,2,0,1,1,20.0
R00149,R01948,5,2,1,0,1,20.0
R00149,R02040,5,5,0,1,1,20.0
R00150,R00311,15,32,0,1,1,3.1
R00150,R00314,15,20,0,1,1,5.0
R00150,R00390,15,12,0,1,1,6.7
R00150,R00589,15,21,0,1,1,4.8
R00150,R00602,15,28,0,1,1,3.6
R00150,R00638,15,29,0,1,1,3.4
R00150,R00704,15,68,0,1,1,1.5
R00150,R00806,15,11,0,1,1,6.7
R00150,R00838,15,16,0,1,1,6.2
R00150,R00841,15,17,0,1,1,5.9
R00150,R00845,15,25,0,1,1,4.0
R00150,R00863,15,34,0,1,1,2.9
R00150,R00879,15,16,0,1,1,6.2
R00150,R01055,15,24,0,1,1,4.2
R00150,R01074,15,16,0,1,1,6.2
R00150,R01077,15,43,0,1,1,2.3
R00150,R01102,15,27,0,1,1,3.7
R00150,R01267,15,14,0,1,1,6.7
R00150,R01279,15,7,0,1,1,6.7
R00150,R01281,15,42,0,1,1,2.4
R00150,R01307,15,38,0,1,1,2.6
R00150,R01515,15,23,0,1,1,4.3
R00150,R01522,15,27,0,1,1,3.7
R00150,R01691,15,36,0,1,1,2.8
R00150,R01697,15,34,0,1,1,2.9
R00150,R01706,15,21,0,1,1,4.8
R00150,R01859,15,6,0,6,6,40.0
R00150,R01905,15,44,0,1,1,2.3
R00150,R02086,15,36,0,1,1,2.8
R00151,R00207,14,24,0,2,2,8.3
R00151,R00215,14,18,0,5,6,33.3
R00151,R00323,14,23,0,2,2,8.7
R00151,R00628,14,26,0,2,11,42.3
R00151,R00872,14,16,0,2,2,12.5
R00151,R00874,14,16,0,2,2,12.5
R00151,R00881,14,27,0,2,2,7.4
R00151,R00882,14,24,0,2,2,8.3
R00151,R00888,14,21,0,2,2,9.5
R00151,R00890,14,16,0,2,2,12.5
R00151,R00898,14,22,0,2,2,9.1
R00151,R01000,14,17,0,2,2,11.8
R00151,R01210,14,24,0,2,11,45.8
R00151,R01268,14,23,1,0,1,4.3
R00151,R01269,14,11,0,2,2,14.3
R00151,R01382,14,13,3,2,12,85.7
R00151,R01405,14,19,0,7,10,52.6
R00151,R01540,14,12,0,12,12,85.7
R00151,R01557,14,11,0,5,5,35.7
R00151,R01685,14,16,0,5,5,31.2
R00151,R01823,14,21,0,2,2,9.5
R00151,R01868,14,12,0,2,2,14.3
R00151,R01871,14,10,0,2,2,14.3
R00151,R01881,14,12,0,2,2,14.3
R00151,R01882,14,11,0,2,2,14.3
R00151,R01887,14,25,0,10,13,52.0
R00151,R01891,14,16,0,2,2,12.5
R00151,R01904,14,21,0,2,2,9.5
R00151,R01906,14,19,0,2,2,10.5
R00151,R01917,14,17,0,2,11,64.7
R00152,R01665,2,13,0,1,1,7.7
R00152,R01705,2,3,0,1,1,33.3
R00153,R00475,2,2,1,0,1,50.0
R00153,R00834,2,5,1,0,1,20.0
R00153,R01160,2,17,1,0,1,5.9
R00154,R00161,5,5,0,3,4,80.0
R00154,R00168,5,4,0,4,4,80.0
R00154,R00176,5,3,0,2,3,60.0
R00154,R00455,5,73,2,0,2,2.7
R00154,R00550,5,52,2,0,2,3.8
R00154,R01417,5,13,2,0,2,15.4
R00155,R00201,8,3,0,3,3,37.5
R00155,R00209,8,9,0,6,7,77.8
R00155,R00226,8,16,0,5,7,43.8
R00155,R00429,8,18,0,3,8,44.4
R00155,R00435,8,12,0,8,8,66.7
R00155,R00471,8,12,0,5,8,66.7
R00155,R00479,8,7,0,5,6,75.0
R00155,R00981,8,7,0,3,6,75.0
R00155,R00982,8,10,2,3,8,80.0
R00155,R01308,8,11,0,2,2,18.2
R00155,R01410,8,12,0,2,2,16.7
R00155,R01508,8,30,0,6,7,23.3
R00155,R01513,8,17,0,5,8,47.1
R00155,R01938,8,11,3,3,8,72.7
R00155,R01941,8,9,3,5,8,88.9
R00155,R02041,8,8,0,3,5,62.5
R00156,R00218,28,15,1,0,1,3.6
R00156,R00220,28,17,1,0,1,3.6
R00156,R00222,28,17,1,0,1,3.6
R00156,R00298,28,30,0,24,24,80.0
R00156,R00299,28,17,1,4,17,60.7
R00156,R00304,28,21,1,0,5,17.9
R00156,R00347,28,33,2,0,3,9.1
R00156,R00441,28,23,1,0,1,3.6
R00156,R00506,28,19,0,4,18,64.3
R00156,R00661,28,35,4,0,4,11.4
R00156,R00792,28,20,1,0,4,14.3
R00156,R00810,28,20,2,4,20,71.4
R00156,R00830,28,31,1,0,1,3.2
R00156,R00886,28,14,1,0,2,7.1
R00156,R00889,28,13,1,0,2,7.1
R00156,R00900,28,14,1,0,2,7.1
R00156,R00966,28,39,2,0,3,7.7
R00156,R00992,28,34,0,28,28,82.4
R00156,R01366,28,13,1,0,1,3.6
R00156,R01403,28,21,1,0,1,3.6
R00156,R01447,28,21,0,4,15,53.6
R00156,R01450,28,34,0,24,25,73.5
R00156,R01451,28,7,1,0,1,3.6
R00156,R01654,28,23,0,4,19,67.9
R00156,R01724,28,29,0,19,23,79.3
R00156,R01848,28,24,1,0,1,3.6
R00157,R00172,4,5,3,1,4,80.0
R00157,R00182,4,3,2,1,3,75.0
R00157,R00580,4,5,4,0,4,80.0
R00158,R00884,26,11,0,4,8,30.8
R00158,R00892,26,16,0,2,4,15.4
R00158,R00894,26,8,0,4,5,19.2
R00158,R02092,26,3,3,0,3,11.5
R00159,R00160,6,7,0,6,6,85.7
R00159,R00202,6,3,0,1,1,16.7
R00159,R00204,6,4,0,1,1,16.7
R00159,R00223,6,3,0,1,1,16.7
R00159,R00232,6,3,0,3,3,50.0
R00159,R00285,6,4,2,0,2,33.3
R00159,R00309,6,3,2,0,2,33.3
R00159,R01062,6,6,0,1,2,33.3
R00159,R01261,6,10,0,1,2,20.0
R00159,R01787,6,9,0,1,2,22.2
R00160,R00202,7,3,0,1,1,14.3
R00160,R00204,7,4,0,1,1,14.3
R00160,R00223,7,3,0,1,1,14.3
R00160,R00229,7,3,3,0,3,42.9
R00160,R00232,7,3,0,3,3,42.9
R00160,R00257,7,4,1,0,1,14.3
R00160,R00269,7,3,1,0,1,14.3
R00160,R01062,7,6,0,1,2,28.6
R00160,R01261,7,10,0,1,2,20.0
R00160,R01787,7,9,0,1,2,22.2
R00161,R00168,5,4,1,3,4,80.0
R00161,R00176,5,3,1,2,3,60.0
R00162,R00175,20,10,1,0,1,5.0
R00162,R00179,20,36,3,0,3,8.3
R00162,R00181,20,8,1,0,1,5.0
R00162,R00183,20,22,2,0,2,9.1
R00162,R00305,20,10,1,0,1,5.0
R00162,R00321,20,71,1,0,1,1.4
R00162,R00574,20,13,2,0,2,10.0
R00162,R00582,20,74,0,8,10,13.5
R00162,R00625,20,13,2,0,4,20.0
R00162,R00714,20,12,2,0,3,15.0
R00162,R00749,20,60,0,8,10,16.7
R00162,R00871,20,6,2,0,2,10.0
R00162,R00938,20,5,1,0,1,5.0
R00162,R01128,20,10,2,0,2,10.0
R00162,R01129,20,18,2,0,8,40.0
R00162,R01143,20,4,2,0,2,10.0
R00162,R01149,20,7,1,0,1,5.0
R00162,R01244,20,22,2,1,10,45.5
R00162,R01258,20,13,2,0,3,15.0
R00162,R01270,20,17,2,0,2,10.0
R00162,R01314,20,4,0,1,1,5.0
R00162,R01315,20,6,0,1,1,5.0
R00162,R01449,20,1,0,1,1,5.0
R00162,R01544,20,8,0,8,8,40.0
R00162,R01673,20,12,2,0,3,15.0
R00162,R01795,20,2,1,0,1,5.0
R00162,R01845,20,7,2,0,2,10.0
R00162,R02062,20,34,3,0,3,8.8
R00162,R02097,20,27,2,0,2,7.4
R00163,R00183,15,22,0,1,1,4.5
R00163,R00190,15,15,0,1,2,13.3
R00163,R00353,15,14,0,1,1,6.7
R00163,R00871,15,6,0,1,1,6.7
R00163,R01128,15,10,0,1,1,6.7
R00163,R01145,15,9,0,1,1,6.7
R00163,R01150,15,13,0,1,12,80.0
R00163,R01174,15,11,0,1,1,6.7
R00163,R01175,15,7,0,1,1,6.7
R00163,R01194,15,9,0,1,1,6.7
R00163,R01205,15,14,0,12,12,80.0
R00163,R01209,15,10,0,3,8,53.3
R00163,R01211,15,8,0,2,2,13.3
R00163,R01213,15,19,0,1,9,47.4
R00163,R01215,15,15,0,1,1,6.7
R00163,R01254,15,14,0,1,6,40.0
R00163,R01270,15,17,0,1,1,5.9
R00163,R01306,15,7,0,1,1,6.7
R00163,R01368,15,11,0,1,1,6.7
R00163,R01454,15,20,0,1,1,5.0
R00163,R01584,15,3,1,0,1,6.7
R00163,R01599,15,23,0,1,1,4.3
R00163,R01633,15,2,0,1,1,6.7
R00163,R01640,15,5,0,1,1,6.7
R00163,R01845,15,7,0,1,1,6.7
R00164,R00166,10,15,2,0,2,13.3
R00164,R00184,10,21,1,0,1,4.8
R00164,R00354,10,63,1,0,1,1.6
R00164,R00383,10,15,1,0,1,6.7
R00164,R00393,10,7,1,0,1,10.0
R00164,R00426,10,16,1,7,10,62.5
R00164,R00472,10,9,1,0,1,10.0
R00164,R00706,10,9,1,0,1,10.0
R00164,R01077,10,43,1,0,1,2.3
R00164,R01127,10,10,1,0,1,10.0
R00164,R01177,10,11,1,0,1,9.1
R00164,R01201,10,13,1,0,1,7.7
R00164,R01204,10,14,2,0,2,14.3
R00164,R01208,10,13,2,0,2,15.4
R00164,R01212,10,13,2,0,2,15.4
R00164,R01227,10,12,2,5,9,75.0
R00164,R01229,10,8,4,4,8,80.0
R00164,R01245,10,10,2,0,2,20.0
R00164,R01255,10,16,1,0,2,12.5
R00164,R01293,10,9,4,0,4,40.0
R00164,R01303,10,15,1,0,1,6.7
R00164,R01343,10,8,1,0,1,10.0
R00164,R01464,10,22,1,0,1,4.5
R00164,R01632,10,2,1,0,1,10.0
R00164,R01641,10,5,1,0,1,10.0
R00164,R01666,10,14,1,0,1,7.1
R00164,R01668,10,8,1,0,1,10.0
R00164,R01846,10,8,1,0,1,10.0
R00164,R01847,10,6,1,0,1,10.0
R00164,R01905,10,44,1,0,1,2.3
R00165,R00167,5,4,0,1,1,20.0
R00165,R00214,5,20,0,1,1,5.0
R00165,R00217,5,52,1,0,1,1.9
R00165,R00334,5,16,0,1,1,6.2
R00165,R00359,5,11,0,1,1,9.1
R00165,R01207,5,28,0,1,1,3.6
R00165,R01357,5,13,1,0,1,7.7
R00165,R01940,5,16,1,0,1,6.2
R00165,R02000,5,5,1,0,1,20.0
R00165,R02004,5,4,1,0,1,20.0
R00165,R02014,5,3,1,0,1,20.0
R00166,R00184,15,21,1,0,1,4.8
R00166,R00354,15,63,1,0,1,1.6
R00166,R00383,15,15,1,0,1,6.7
R00166,R00393,15,7,1,0,1,6.7
R00166,R00426,15,16,1,0,2,12.5
R00166,R00472,15,9,1,0,1,6.7
R00166,R00706,15,9,1,0,1,6.7
R00166,R01077,15,43,1,0,1,2.3
R00166,R01127,15,10,1,0,1,6.7
R00166,R01177,15,11,1,0,1,6.7
R00166,R01201,15,13,1,0,1,6.7
R00166,R01204,15,14,3,0,7,46.7
R00166,R01208,15,13,4,0,11,73.3
R00166,R01212,15,13,3,0,6,40.0
R00166,R01227,15,12,2,0,2,13.3
R00166,R01229,15,8,2,0,2,13.3
R00166,R01245,15,10,2,0,5,33.3
R00166,R01255,15,16,1,0,7,43.8
R00166,R01293,15,9,2,0,2,13.3
R00166,R01303,15,15,1,0,1,6.7
R00166,R01343,15,8,1,0,1,6.7
R00166,R01464,15,22,1,0,1,4.5
R00166,R01584,15,3,0,1,1,6.7
R00166,R01632,15,2,1,0,1,6.7
R00166,R01641,15,5,1,0,1,6.7
R00166,R01666,15,14,1,0,1,6.7
R00166,R01668,15,8,1,0,1,6.7
R00166,R01846,15,8,1,0,1,6.7
R00166,R01847,15,6,1,0,1,6.7
R00166,R01905,15,44,1,0,1,2.3
R00167,R00214,4,20,0,1,1,5.0
R00167,R00334,4,16,0,3,3,18.8
R00167,R00359,4,11,0,3,3,27.3
R00167,R00485,4,29,1,0,1,3.4
R00167,R00669,4,9,1,0,1,11.1
R00167,R01169,4,15,1,0,1,6.7
R00167,R01207,4,28,0,1,1,3.6
R00167,R01527,4,7,1,0,1,14.3
R00167,R01576,4,7,1,0,1,14.3
R00167,R01577,4,3,1,0,1,25.0
R00167,R01727,4,25,1,0,1,4.0
R00167,R01950,4,12,1,0,1,8.3
R00168,R00176,4,3,1,2,3,75.0
R00169,R00171,12,10,0,1,1,8.3
R00169,R00184,12,21,0,2,2,9.5
R00169,R00313,12,10,0,1,1,8.3
R00169,R00344,12,33,0,1,1,3.0
R00169,R00356,12,16,0,2,2,12.5
R00169,R00357,12,16,0,2,2,12.5
R00169,R00378,12,30,0,3,3,10.0
R00169,R00455,12,73,0,1,1,1.4
R00169,R00472,12,9,0,2,2,16.7
R00169,R00480,12,29,0,3,3,10.3
R00169,R00486,12,18,0,1,1,5.6
R00169,R00581,12,28,0,2,2,7.1
R00169,R00750,12,31,0,2,2,6.5
R00169,R00935,12,47,0,1,1,2.1
R00169,R00948,12,51,0,1,1,2.0
R00169,R01127,12,10,0,2,2,16.7
R00169,R01152,12,10,0,2,2,16.7
R00169,R01169,12,15,0,1,1,6.7
R00169,R01176,12,19,0,2,2,10.5
R00169,R01201,12,13,0,2,2,15.4
R00169,R01202,12,7,0,1,1,8.3
R00169,R01221,12,14,0,2,2,14.3
R00169,R01260,12,13,0,2,2,15.4
R00169,R01271,12,10,0,2,2,16.7
R00169,R01273,12,11,0,2,2,16.7
R00169,R01303,12,15,0,2,2,13.3
R00169,R01464,12,22,0,2,2,9.1
R00169,R01591,12,20,0,3,3,15.0
R00169,R01720,12,6,0,3,3,25.0
R00169,R01796,12,9,0,2,2,16.7
R00169,R01844,12,24,0,3,3,12.5
R00169,R01853,12,11,0,2,2,16.7
R00169,R01860,12,11,0,2,2,16.7
R00169,R01865,12,28,0,1,5,17.9
R00169,R01879,12,22,0,3,3,13.6
R00169,R02061,12,4,0,2,2,16.7
R00170,R00332,4,16,3,0,3,18.8
R00170,R00373,4,16,1,0,1,6.2
R00170,R00459,4,26,1,0,1,3.8
R00170,R00764,4,15,1,0,1,6.7
R00170,R00767,4,2,1,0,1,25.0
R00170,R01406,4,11,1,0,1,9.1
R00170,R01425,4,27,1,0,1,3.7
R00170,R01426,4,25,1,0,1,4.0
R00170,R01427,4,24,1,0,1,4.2
R00171,R00184,10,21,0,1,1,4.8
R00171,R00313,10,10,0,1,1,10.0
R00171,R00344,10,33,0,1,1,3.0
R00171,R00356,10,16,0,1,1,6.2
R00171,R00357,10,16,0,1,1,6.2
R00171,R00378,10,30,0,1,1,3.3
R00171,R00455,10,73,0,1,1,1.4
R00171,R00472,10,9,0,1,1,10.0
R00171,R00480,10,29,0,1,1,3.4
R00171,R00486,10,18,0,1,1,5.6
R00171,R00581,10,28,0,1,1,3.6
R00171,R00750,10,31,0,1,1,3.2
R00171,R00935,10,47,0,1,1,2.1
R00171,R00948,10,51,0,1,1,2.0
R00171,R01127,10,10,0,1,1,10.0
R00171,R01152,10,10,0,1,1,10.0
R00171,R01169,10,15,0,1,1,6.7
R00171,R01176,10,19,0,1,1,5.3
R00171,R01201,10,13,0,1,1,7.7
R00171,R01202,10,7,0,1,1,10.0
R00171,R01221,10,14,0,1,1,7.1
R00171,R01260,10,13,0,1,1,7.7
R00171,R01271,10,10,0,1,1,10.0
R00171,R01273,10,11,0,1,1,9.1
R00171,R01303,10,15,0,1,1,6.7
R00171,R01464,10,22,0,1,1,4.5
R00171,R01591,10,20,0,1,1,5.0
R00171,R01720,10,6,0,1,1,10.0
R00171,R01796,10,9,0,1,1,10.0
R00171,R01844,10,24,0,1,1,4.2
R00171,R01853,10,11,0,1,1,9.1
R00171,R01860,10,11,0,1,1,9.1
R00171,R01865,10,28,0,1,1,3.6
R00171,R01879,10,22,0,1,1,4.5
R00171,R02061,10,4,0,1,1,10.0
R00172,R00182,5,3,2,1,3,60.0
R00172,R00580,5,5,3,0,4,80.0
R00173,R00972,12,49,1,0,1,2.0
R00173,R01241,12,48,1,0,1,2.1
R00173,R01264,12,30,1,0,1,3.3
R00174,R00252,4,25,0,4,4,16.0
R00174,R01105,4,6,0,4,4,66.7
R00175,R00179,10,36,1,0,1,2.8
R00175,R00181,10,8,1,0,1,10.0
R00175,R00183,10,22,1,0,1,4.5
R00175,R00305,10,10,1,0,1,10.0
R00175,R00321,10,71,1,0,1,1.4
R00175,R00574,10,13,1,0,1,7.7
R00175,R00625,10,13,1,0,1,7.7
R00175,R00714,10,12,1,0,1,8.3
R00175,R00871,10,6,1,0,1,10.0
R00175,R00938,10,5,1,0,1,10.0
R00175,R01128,10,10,1,0,1,10.0
R00175,R01129,10,18,1,0,1,5.6
R00175,R01143,10,4,1,0,1,10.0
R00175,R01149,10,7,1,0,1,10.0
R00175,R01244,10,22,1,0,1,4.5
R00175,R01258,10,13,1,0,1,7.7
R00175,R01270,10,17,1,0,1,5.9
R00175,R01673,10,12,1,0,1,8.3
R00175,R01795,10,2,1,0,1,10.0
R00175,R01845,10,7,1,0,1,10.0
R00175,R02062,10,34,1,0,1,2.9
R00175,R02097,10,27,1,0,1,3.7
R00177,R00258,25,24,0,20,20,80.0
R00177,R00569,25,6,0,1,1,4.0
R00177,R00791,25,18,0,1,1,4.0
R00177,R00793,25,12,0,1,1,4.0
R00177,R01010,25,4,4,0,4,16.0
R00177,R01092,25,10,0,10,10,40.0
R00177,R01093,25,20,0,19,19,76.0
R00177,R01348,25,22,0,1,1,4.0
R00177,R02037,25,15,0,1,1,4.0
R00177,R02042,25,15,0,1,1,4.0
R00178,R00398,12,35,0,1,1,2.9
R00178,R00762,12,30,0,1,1,3.3
R00178,R00879,12,16,1,0,1,6.2
R00178,R01122,12,2,0,1,1,8.3
R00178,R01180,12,42,0,1,1,2.4
R00178,R01187,12,31,0,1,1,3.2
R00178,R01239,12,27,0,1,1,3.7
R00178,R01272,12,35,0,1,1,2.9
R00178,R01600,12,42,0,1,1,2.4
R00178,R01628,12,33,0,1,1,3.0
R00178,R01736,12,30,0,1,1,3.3
R00178,R01755,12,31,0,1,1,3.2
R00179,R00181,36,8,1,0,1,2.8
R00179,R00183,36,22,2,0,2,5.6
R00179,R00305,36,10,1,0,1,2.8
R00179,R00321,36,71,1,0,1,1.4
R00179,R00574,36,13,2,0,2,5.6
R00179,R00625,36,13,2,0,5,13.9
R00179,R00714,36,12,2,0,2,5.6
R00179,R00871,36,6,2,0,2,5.6
R00179,R00938,36,5,1,0,1,2.8
R00179,R01128,36,10,2,0,2,5.6
R00179,R01129,36,18,2,0,2,5.6
R00179,R01143,36,4,2,0,2,5.6
R00179,R01149,36,7,1,0,1,2.8
R00179,R01155,36,25,0,7,22,61.1
R00179,R01244,36,22,2,0,2,5.6
R00179,R01258,36,13,2,0,2,5.6
R00179,R01270,36,17,2,0,2,5.6
R00179,R01673,36,12,2,0,2,5.6
R00179,R01795,36,2,1,0,1,2.8
R00179,R01837,36,7,0,7,7,19.4
R00179,R01845,36,7,2,0,2,5.6
R00179,R02062,36,34,4,0,21,58.3
R00179,R02097,36,27,2,0,14,38.9
R00180,R01179,8,2,0,1,1,12.5
R00181,R00183,8,22,1,0,1,4.5
R00181,R00305,8,10,1,0,5,50.0
R00181,R00321,8,71,1,0,4,5.6
R00181,R00574,8,13,1,0,1,7.7
R00181,R00625,8,13,1,0,1,7.7
R00181,R00714,8,12,1,0,1,8.3
R00181,R00871,8,6,1,0,1,12.5
R00181,R00938,8,5,2,0,4,50.0
R00181,R01128,8,10,1,0,1,10.0
R00181,R01129,8,18,1,0,1,5.6
R00181,R01143,8,4,1,0,1,12.5
R00181,R01149,8,7,4,3,7,87.5
R00181,R01244,8,22,1,0,1,4.5
R00181,R01258,8,13,1,0,1,7.7
R00181,R01270,8,17,1,0,1,5.9
R00181,R01673,8,12,1,0,1,8.3
R00181,R01795,8,2,1,0,1,12.5
R00181,R01845,8,7,1,0,1,12.5
R00181,R02062,8,34,1,0,1,2.9
R00181,R02097,8,27,1,0,1,3.7
R00182,R00580,3,5,2,0,3,60.0
R00183,R00190,22,15,0,1,1,4.5
R00183,R00305,22,10,1,0,1,4.5
R00183,R00321,22,71,1,0,1,1.4
R00183,R00353,22,14,0,1,1,4.5
R00183,R00574,22,13,2,0,2,9.1
R00183,R00625,22,13,2,0,2,9.1
R00183,R00714,22,12,2,0,2,9.1
R00183,R00871,22,6,3,1,4,18.2
R00183,R00938,22,5,1,0,1,4.5
R00183,R01128,22,10,3,1,5,22.7
R00183,R01129,22,18,2,0,2,9.1
R00183,R01143,22,4,3,0,3,13.6
R00183,R01145,22,9,0,4,4,18.2
R00183,R01149,22,7,1,0,1,4.5
R00183,R01150,22,13,0,1,1,4.5
R00183,R01174,22,11,0,1,1,4.5
R00183,R01175,22,7,0,1,1,4.5
R00183,R01194,22,9,0,4,4,18.2
R00183,R01205,22,14,0,1,1,4.5
R00183,R01209,22,10,0,1,1,4.5
R00183,R01211,22,8,0,1,1,4.5
R00183,R01213,22,19,0,1,1,4.5
R00183,R01215,22,15,0,1,1,4.5
R00183,R01244,22,22,2,0,2,9.1
R00183,R01254,22,14,0,1,1,4.5
R00183,R01258,22,13,2,0,2,9.1
R00183,R01270,22,17,3,1,17,77.3
R00183,R01306,22,7,0,1,1,4.5
R00183,R01368,22,11,0,1,1,4.5
R00183,R01454,22,20,0,1,1,4.5
R00183,R01599,22,23,0,1,1,4.3
R00183,R01633,22,2,0,1,1,4.5
R00183,R01640,22,5,0,1,1,4.5
R00183,R01673,22,12,2,0,2,9.1
R00183,R01795,22,2,1,0,1,4.5
R00183,R01845,22,7,3,1,4,18.2
R00183,R02062,22,34,2,0,2,5.9
R00183,R02097,22,27,2,0,2,7.4
R00184,R00313,21,10,0,1,1,4.8
R00184,R00344,21,33,0,1,1,3.0
R00184,R00354,21,63,1,0,4,6.3
R00184,R00356,21,16,0,2,2,9.5
R00184,R00357,21,16,0,2,2,9.5
R00184,R00378,21,30,0,2,2,6.7
R00184,R00383,21,15,1,0,1,4.8
R00184,R00393,21,7,1,0,1,4.8
R00184,R00426,21,16,1,0,1,4.8
R00184,R00455,21,73,0,1,1,1.4
R00184,R00472,21,9,1,3,9,42.9
R00184,R00480,21,29,0,2,2,6.9
R00184,R00486,21,18,0,1,1,4.8
R00184,R00581,21,28,0,3,3,10.7
R00184,R00706,21,9,1,0,3,14.3
R00184,R00750,21,31,0,2,2,6.5
R00184,R00935,21,47,0,1,1,2.1
R00184,R00948,21,51,0,1,1,2.0
R00184,R01077,21,43,1,0,1,2.3
R00184,R01127,21,10,1,3,5,23.8
R00184,R01152,21,10,0,2,2,9.5
R00184,R01169,21,15,0,1,1,4.8
R00184,R01176,21,19,0,18,18,85.7
R00184,R01177,21,11,1,0,1,4.8
R00184,R01201,21,13,1,7,8,38.1
R00184,R01202,21,7,0,1,1,4.8
R00184,R01204,21,14,1,0,1,4.8
R00184,R01208,21,13,1,0,1,4.8
R00184,R01212,21,13,1,0,1,4.8
R00184,R01221,21,14,0,14,14,66.7
R00184,R01227,21,12,1,0,1,4.8
R00184,R01229,21,8,1,0,1,4.8
R00184,R01245,21,10,1,0,1,4.8
R00184,R01255,21,16,1,0,1,4.8
R00184,R01260,21,13,0,2,2,9.5
R00184,R01271,21,10,0,2,2,9.5
R00184,R01273,21,11,0,2,2,9.5
R00184,R01293,21,9,1,0,1,4.8
R00184,R01303,21,15,4,9,15,71.4
R00184,R01343,21,8,1,0,2,9.5
R00184,R01464,21,22,1,20,21,95.5
R00184,R01591,21,20,0,2,2,9.5
R00184,R01632,21,2,1,0,1,4.8
R00184,R01641,21,5,1,0,1,4.8
R00184,R01666,21,14,1,0,1,4.8
R00184,R01668,21,8,1,0,1,4.8
R00184,R01720,21,6,0,2,2,9.5
R00184,R01796,21,9,0,2,2,9.5
R00184,R01844,21,24,0,2,2,8.3
R00184,R01846,21,8,1,0,1,4.8
R00184,R01847,21,6,1,0,1,4.8
R00184,R01853,21,11,0,2,2,9.5
R00184,R01860,21,11,0,2,2,9.5
R00184,R01865,21,28,0,1,2,7.1
R00184,R01879,21,22,0,2,2,9.1
R00184,R01905,21,44,1,0,1,2.3
R00184,R02061,21,4,0,3,3,14.3
R00185,R01883,4,3,0,3,2,50.0
R00186,R00339,19,11,1,0,2,10.5
R00186,R00559,19,30,2,0,14,46.7
R00186,R00592,19,33,1,0,1,3.0
R00186,R00594,19,19,1,0,1,5.3
R00186,R00622,19,4,1,0,1,5.3
R00186,R00709,19,18,1,0,1,5.3
R00186,R00916,19,38,0,14,19,50.0
R00186,R00920,19,7,0,7,7,36.8
R00186,R00948,19,51,1,0,1,2.0
R00186,R01232,19,8,1,0,1,5.3
R00186,R01246,19,40,1,0,1,2.5
R00186,R01265,19,23,1,0,1,4.3
R00186,R01746,19,9,1,0,1,5.3
R00186,R01770,19,12,1,0,10,52.6
R00186,R01782,19,13,1,0,9,47.4
R00186,R01809,19,17,1,0,1,5.3
R00186,R01835,19,27,1,14,19,70.4
R00186,R02084,19,11,3,0,10,52.6
R00187,R00286,28,27,2,0,2,7.1
R00187,R00293,28,19,1,0,1,3.6
R00187,R00344,28,33,4,0,4,12.1
R00187,R00379,28,43,0,18,26,60.5
R00187,R00581,28,28,1,0,1,3.6
R00187,R00638,28,29,2,0,2,6.9
R00187,R00642,28,8,2,0,2,7.1
R00187,R00880,28,22,1,0,1,3.6
R00187,R00902,28,22,1,0,1,3.6
R00187,R00909,28,8,2,0,2,7.1
R00187,R00975,28,28,2,0,2,7.1
R00187,R00989,28,16,2,0,2,7.1
R00187,R00994,28,5,0,5,5,17.9
R00187,R01054,28,18,1,0,1,3.6
R00187,R01102,28,27,2,0,2,7.1
R00187,R01106,28,21,1,0,1,3.6
R00187,R01148,28,9,2,0,2,7.1
R00187,R01225,28,15,2,0,2,7.1
R00187,R01247,28,19,1,0,1,3.6
R00187,R01256,28,19,2,0,2,7.1
R00187,R01259,28,23,1,0,1,3.6
R00187,R01280,28,15,2,0,2,7.1
R00187,R01442,28,8,2,0,2,7.1
R00187,R01470,28,17,0,2,9,32.1
R00187,R01497,28,18,2,0,2,7.1
R00187,R01498,28,20,1,0,1,3.6
R00187,R01710,28,27,1,0,1,3.6
R00187,R01728,28,8,1,0,1,3.6
R00187,R01735,28,11,0,1,1,3.6
R00187,R01806,28,8,0,1,1,3.6
R00187,R01834,28,15,2,0,2,7.1
R00187,R01886,28,11,1,0,1,3.6
R00187,R02079,28,5,1,0,1,3.6
R00188,R00469,44,25,4,0,4,9.1
R00188,R00856,44,16,1,0,3,6.8
R00188,R01561,44,16,1,0,1,2.3
R00188,R01607,44,7,1,0,1,2.3
R00189,R00214,2,20,1,0,2,10.0
R00189,R00973,2,10,1,0,1,10.0
R00189,R00974,2,24,1,0,1,4.2
R00189,R01455,2,10,2,0,2,20.0
R00189,R01772,2,10,1,0,2,20.0
R00190,R00353,15,14,0,1,1,6.7
R00190,R00871,15,6,0,1,1,6.7
R00190,R01128,15,10,0,1,1,6.7
R00190,R01145,15,9,0,1,1,6.7
R00190,R01150,15,13,0,1,3,20.0
R00190,R01174,15,11,0,1,1,6.7
R00190,R01175,15,7,0,1,1,6.7
R00190,R01194,15,9,0,1,1,6.7
R00190,R01205,15,14,0,1,2,13.3
R00190,R01209,15,10,0,1,2,13.3
R00190,R01211,15,8,0,1,4,26.7
R00190,R01213,15,19,0,5,5,26.3
R00190,R01215,15,15,0,1,1,6.7
R00190,R01254,15,14,0,5,5,33.3
R00190,R01270,15,17,0,1,1,5.9
R00190,R01306,15,7,0,1,1,6.7
R00190,R01368,15,11,0,1,1,6.7
R00190,R01454,15,20,0,1,1,5.0
R00190,R01582,15,2,1,0,1,6.7
R00190,R01599,15,23,0,1,1,4.3
R00190,R01633,15,2,0,1,1,6.7
R00190,R01640,15,5,0,1,1,6.7
R00190,R01845,15,7,0,1,1,6.7
R00191,R00198,4,3,2,1,3,75.0
R00191,R00200,4,3,1,2,3,75.0
R00191,R00227,4,3,1,0,1,25.0
R00191,R00571,4,32,1,0,1,3.1
R00191,R01238,4,18,0,1,1,5.6
R00191,R01770,4,12,0,1,1,8.3
R00191,R01782,4,13,0,1,1,7.7
R00191,R01839,4,3,0,1,1,25.0
R00191,R02084,4,11,0,1,1,9.1
R00193,R00231,12,14,1,10,12,85.7
R00193,R00277,12,7,3,0,3,25.0
R00193,R00328,12,14,0,1,1,7.1
R00193,R00332,12,16,0,1,1,6.2
R00193,R00367,12,5,0,1,1,8.3
R00193,R00404,12,6,0,1,1,8.3
R00193,R00482,12,9,0,1,1,8.3
R00193,R00487,12,17,0,1,1,5.9
R00193,R00494,12,11,0,1,1,8.3
R00193,R00532,12,8,0,1,1,8.3
R00193,R00669,12,9,0,1,1,8.3
R00193,R00729,12,10,0,1,4,33.3
R00193,R00736,12,6,0,6,6,50.0
R00193,R00827,12,15,0,1,1,6.7
R00193,R00848,12,6,0,1,1,8.3
R00193,R00940,12,8,0,1,1,8.3
R00193,R01172,12,7,0,1,4,33.3
R00193,R01183,12,5,1,0,1,8.3
R00193,R01195,12,6,0,1,1,8.3
R00193,R01233,12,2,1,0,1,8.3
R00193,R01274,12,20,0,1,1,5.0
R00193,R01301,12,7,0,1,1,8.3
R00193,R01494,12,22,0,1,1,4.5
R00193,R01530,12,2,0,1,1,8.3
R00193,R01551,12,16,0,1,1,6.2
R00193,R01612,12,14,0,1,1,7.1
R00193,R01617,12,7,0,1,1,8.3
R00193,R01717,12,14,0,1,1,7.1
R00193,R01721,12,6,0,1,1,8.3
R00193,R01815,12,3,0,1,1,8.3
R00193,R01888,12,6,0,1,1,8.3
R00193,R01895,12,9,0,9,9,75.0
R00193,R01951,12,4,0,1,1,8.3
R00193,R01964,12,12,0,1,1,8.3
R00193,R01991,12,4,0,1,1,8.3
R00193,R01998,12,8,0,1,1,8.3
R00193,R02012,12,7,0,1,1,8.3
R00193,R02027,12,9,0,1,1,8.3
R00193,R02029,12,10,0,1,1,8.3
R00193,R02085,12,2,0,1,1,8.3
R00193,R02095,12,7,0,1,1,8.3
R00194,R00195,8,13,0,5,7,53.8
R00194,R00196,8,17,0,1,6,35.3
R00194,R00197,8,14,0,1,6,42.9
R00194,R00205,8,15,0,1,6,40.0
R00194,R00495,8,13,0,1,1,7.7
R00194,R00764,8,15,0,1,1,6.7
R00194,R00809,8,7,2,5,7,87.5
R00194,R00825,8,18,0,1,1,5.6
R00194,R01197,8,5,0,1,1,12.5
R00194,R01292,8,7,0,1,1,12.5
R00194,R01433,8,12,0,1,1,8.3
R00194,R01434,8,12,0,1,1,8.3
R00194,R01435,8,8,0,1,1,12.5
R00194,R01436,8,13,0,1,1,7.7
R00194,R01772,8,10,0,1,1,10.0
R00194,R01914,8,9,0,1,1,11.1
R00194,R01940,8,16,0,1,1,6.2
R00194,R01968,8,15,0,1,1,6.7
R00195,R00196,13,17,0,1,12,70.6
R00195,R00197,13,14,0,1,12,85.7
R00195,R00205,13,15,0,1,12,80.0
R00195,R00216,13,3,1,0,1,7.7
R00195,R00495,13,13,0,1,1,7.7
R00195,R00764,13,15,0,1,1,6.7
R00195,R00809,13,7,0,7,7,53.8
R00195,R00825,13,18,0,1,1,5.6
R00195,R01197,13,5,0,1,1,7.7
R00195,R01292,13,7,0,1,1,7.7
R00195,R01433,13,12,0,1,1,7.7
R00195,R01434,13,12,0,1,1,7.7
R00195,R01435,13,8,0,1,1,7.7
R00195,R01436,13,13,0,1,1,7.7
R00195,R01772,13,10,0,1,1,7.7
R00195,R01914,13,9,0,1,1,7.7
R00195,R01940,13,16,0,1,1,6.2
R00195,R01968,13,15,0,1,1,6.7
R00196,R00197,17,14,1,10,14,82.4
R00196,R00205,17,15,1,13,15,88.2
R00196,R00495,17,13,0,1,1,5.9
R00196,R00764,17,15,0,1,1,5.9
R00196,R00809,17,7,0,1,6,35.3
R00196,R00825,17,18,0,1,1,5.6
R00196,R01197,17,5,0,1,1,5.9
R00196,R01292,17,7,0,1,1,5.9
R00196,R01433,17,12,0,1,1,5.9
R00196,R01434,17,12,0,1,1,5.9
R00196,R01435,17,8,0,1,1,5.9
R00196,R01436,17,13,0,1,1,5.9
R00196,R01772,17,10,0,1,1,5.9
R00196,R01914,17,9,0,1,1,5.9
R00196,R01940,17,16,0,1,1,5.9
R00196,R01968,17,15,0,1,1,5.9
R00197,R00205,14,15,4,10,14,93.3
R00197,R00495,14,13,0,1,1,7.1
R00197,R00764,14,15,0,1,1,6.7
R00197,R00809,14,7,0,1,6,42.9
R00197,R00825,14,18,0,1,1,5.6
R00197,R01197,14,5,0,1,1,7.1
R00197,R01292,14,7,0,1,1,7.1
R00197,R01433,14,12,0,1,1,7.1
R00197,R01434,14,12,0,1,1,7.1
R00197,R01435,14,8,0,1,1,7.1
R00197,R01436,14,13,0,1,1,7.1
R00197,R01772,14,10,0,1,1,7.1
R00197,R01914,14,9,0,1,1,7.1
R00197,R01940,14,16,0,1,1,6.2
R00197,R01968,14,15,0,1,1,6.7
R00198,R00200,3,3,1,1,2,66.7
R00198,R00227,3,3,1,0,1,33.3
R00198,R00571,3,32,1,0,1,3.1
R00198,R01238,3,18,0,1,1,5.6
R00198,R01770,3,12,0,1,1,8.3
R00198,R01782,3,13,0,1,1,7.7
R00198,R01839,3,3,0,1,1,33.3
R00198,R02084,3,11,0,1,1,9.1
R00199,R00265,33,23,1,0,8,24.2
R00199,R00348,33,24,0,3,3,9.1
R00199,R00452,33,35,3,0,8,22.9
R00199,R00643,33,19,0,4,5,15.2
R00199,R00655,33,25,0,22,25,75.8
R00199,R00716,33,2,0,1,1,3.0
R00199,R00725,33,19,0,4,5,15.2
R00199,R00742,33,27,0,4,15,45.5
R00199,R00748,33,26,0,15,15,45.5
R00199,R00866,33,26,0,4,4,12.1
R00199,R00877,33,16,0,4,4,12.1
R00199,R01039,33,29,0,4,15,45.5
R00199,R01043,33,7,0,3,7,21.2
R00199,R01046,33,10,0,4,4,12.1
R00199,R01048,33,20,0,4,4,12.1
R00199,R01163,33,3,1,0,1,3.0
R00199,R01367,33,40,0,27,33,82.5
R00199,R01387,33,6,1,0,1,3.0
R00199,R01505,33,8,0,4,5,15.2
R00199,R01751,33,3,0,3,3,9.1
R00199,R01774,33,13,0,4,5,15.2
R00199,R01791,33,24,0,4,5,15.2
R00199,R01939,33,14,1,0,8,24.2
R00199,R02023,33,10,1,0,1,3.0
R00200,R00227,3,3,1,0,1,33.3
R00200,R00571,3,32,1,0,1,3.1
R00200,R01238,3,18,0,1,1,5.6
R00200,R01770,3,12,0,1,1,8.3
R00200,R01782,3,13,0,1,1,7.7
R00200,R01839,3,3,0,1,1,33.3
R00200,R02084,3,11,0,1,1,9.1
R00201,R00209,3,9,0,3,3,33.3
R00201,R00226,3,16,0,3,3,18.8
R00201,R00429,3,18,0,3,3,16.7
R00201,R00435,3,12,0,3,3,25.0
R00201,R00471,3,12,0,3,3,25.0
R00201,R00479,3,7,0,3,3,42.9
R00201,R00981,3,7,0,3,3,42.9
R00201,R00982,3,10,0,3,3,30.0
R00201,R01308,3,11,0,2,2,18.2
R00201,R01410,3,12,0,2,2,16.7
R00201,R01508,3,30,0,3,3,10.0
R00201,R01513,3,17,0,3,3,17.6
R00201,R01938,3,11,0,3,3,27.3
R00201,R01941,3,9,0,3,3,33.3
R00201,R02041,3,8,0,3,3,37.5
R00201,R02091,3,4,1,0,1,25.0
R00202,R00204,3,4,1,2,3,75.0
R00202,R00223,3,3,1,1,2,66.7
R00202,R00232,3,3,0,1,1,33.3
R00202,R00600,3,37,1,0,1,2.7
R00202,R00885,3,5,1,0,1,20.0
R00202,R00920,3,7,1,0,1,14.3
R00202,R00921,3,11,1,0,1,9.1
R00202,R00922,3,6,1,0,1,16.7
R00202,R01062,3,6,0,1,1,16.7
R00202,R01261,3,10,0,1,1,10.0
R00202,R01787,3,9,0,1,1,11.1
R00202,R01838,3,3,1,0,1,33.3
R00203,R00271,18,36,0,1,1,2.8
R00203,R00319,18,29,0,1,1,3.4
R00203,R00833,18,14,1,0,1,5.6
R00203,R00968,18,59,0,1,1,1.7
R00203,R01356,18,11,0,1,1,5.6
R00203,R01359,18,13,0,1,1,5.6
R00203,R01711,18,4,0,4,4,22.2
R00203,R01982,18,11,0,8,10,55.6
R00203,R01983,18,13,0,7,10,55.6
R00204,R00223,4,3,2,1,3,75.0
R00204,R00232,4,3,0,1,1,25.0
R00204,R00600,4,37,1,0,1,2.7
R00204,R00885,4,5,1,0,1,20.0
R00204,R00920,4,7,1,0,1,14.3
R00204,R00921,4,11,1,0,1,9.1
R00204,R00922,4,6,1,0,1,16.7
R00204,R01062,4,6,0,1,1,16.7
R00204,R01261,4,10,0,1,1,10.0
R00204,R01787,4,9,0,1,1,11.1
R00204,R01838,4,3,1,0,1,25.0
R00205,R00495,15,13,0,1,1,6.7
R00205,R00764,15,15,0,1,1,6.7
R00205,R00809,15,7,0,1,6,40.0
R00205,R00825,15,18,0,1,1,5.6
R00205,R01197,15,5,0,1,1,6.7
R00205,R01292,15,7,0,1,1,6.7
R00205,R01433,15,12,0,1,1,6.7
R00205,R01434,15,12,0,1,1,6.7
R00205,R01435,15,8,0,1,1,6.7
R00205,R01436,15,13,0,1,1,6.7
R00205,R01772,15,10,0,1,1,6.7
R00205,R01914,15,9,0,1,1,6.7
R00205,R01940,15,16,0,1,1,6.2
R00205,R01968,15,15,0,1,1,6.7
R00206,R00454,20,23,0,2,5,21.7
R00206,R00457,20,31,0,2,15,48.4
R00206,R00508,20,22,1,2,20,90.9
R00206,R00521,20,19,0,2,11,55.0
R00206,R00568,20,30,0,2,5,16.7
R00206,R00647,20,25,3,2,20,80.0
R00206,R00738,20,3,0,3,3,15.0
R00206,R00842,20,22,0,2,3,13.6
R00206,R00897,20,16,0,2,5,25.0
R00206,R01087,20,12,0,3,3,15.0
R00206,R01388,20,26,0,2,3,11.5
R00206,R01621,20,27,0,2,15,55.6
R00206,R01622,20,29,0,2,11,37.9
R00206,R01902,20,26,1,2,20,76.9
R00206,R01974,20,21,4,0,4,19.0
R00206,R02088,20,11,4,0,5,25.0
R00206,R02099,20,6,0,2,3,15.0
R00207,R00208,24,7,1,0,1,4.2
R00207,R00215,24,18,0,2,2,8.3
R00207,R00323,24,23,0,9,19,79.2
R00207,R00336,24,46,1,0,1,2.2
R00207,R00537,24,11,1,0,1,4.2
R00207,R00628,24,26,0,2,2,7.7
R00207,R00787,24,10,1,0,1,4.2
R00207,R00872,24,16,0,4,12,50.0
R00207,R00874,24,16,0,4,10,41.7
R00207,R00881,24,27,0,17,19,70.4
R00207,R00882,24,24,0,17,19,79.2
R00207,R00888,24,21,0,21,21,87.5
R00207,R00890,24,16,0,4,14,58.3
R00207,R00898,24,22,0,8,13,54.2
R00207,R01000,24,17,0,4,13,54.2
R00207,R01210,24,24,0,2,2,8.3
R00207,R01269,24,11,0,4,7,29.2
R00207,R01288,24,11,1,0,1,4.2
R00207,R01289,24,7,1,0,1,4.2
R00207,R01382,24,13,0,2,2,8.3
R00207,R01405,24,19,0,2,2,8.3
R00207,R01470,24,17,1,0,1,4.2
R00207,R01477,24,10,1,0,1,4.2
R00207,R01495,24,6,1,0,1,4.2
R00207,R01540,24,12,0,2,2,8.3
R00207,R01557,24,11,0,2,2,8.3
R00207,R01664,24,4,4,0,4,16.7
R00207,R01685,24,16,0,2,2,8.3
R00207,R01823,24,21,0,4,13,54.2
R00207,R01868,24,12,0,4,10,41.7
R00207,R01871,24,10,0,4,10,41.7
R00207,R01881,24,12,0,4,12,50.0
R00207,R01882,24,11,0,4,10,41.7
R00207,R01887,24,25,0,2,2,8.0
R00207,R01891,24,16,0,4,8,33.3
R00207,R01904,24,21,0,4,12,50.0
R00207,R01906,24,19,0,4,12,50.0
R00207,R01917,24,17,0,2,2,8.3
R00207,R01982,24,11,1,0,1,4.2
R00207,R01983,24,13,1,0,1,4.2
R00208,R00336,7,46,1,0,1,2.2
R00208,R00537,7,11,2,0,2,18.2
R00208,R00787,7,10,4,0,4,40.0
R00208,R01288,7,11,2,0,3,27.3
R00208,R01289,7,7,2,0,2,28.6
R00208,R01470,7,17,1,0,1,5.9
R00208,R01477,7,10,2,0,3,30.0
R00208,R01495,7,6,2,4,6,85.7
R00208,R01664,7,4,1,0,1,14.3
R00208,R01982,7,11,1,0,1,9.1
R00208,R01983,7,13,1,0,1,7.7
R00209,R00226,9,16,0,5,9,56.2
R00209,R00364,9,4,1,0,1,11.1
R00209,R00429,9,18,0,3,9,50.0
R00209,R00435,9,12,0,6,9,75.0
R00209,R00471,9,12,3,5,9,75.0
R00209,R00479,9,7,0,5,6,66.7
R00209,R00981,9,7,0,3,6,66.7
R00209,R00982,9,10,0,3,7,70.0
R00209,R01308,9,11,0,2,2,18.2
R00209,R01410,9,12,0,2,2,16.7
R00209,R01508,9,30,0,9,9,30.0
R00209,R01513,9,17,0,5,9,52.9
R00209,R01938,9,11,0,3,7,63.6
R00209,R01941,9,9,0,5,7,77.8
R00209,R02041,9,8,0,3,5,55.6
R00210,R00220,9,17,0,1,1,5.9
R00210,R00304,9,21,0,1,1,4.8
R00210,R00492,9,19,0,2,2,10.5
R00210,R00541,9,9,0,6,7,77.8
R00210,R00543,9,11,0,9,9,81.8
R00210,R00544,9,10,0,6,8,80.0
R00210,R00545,9,8,0,2,6,66.7
R00210,R00547,9,7,0,2,5,55.6
R00210,R00549,9,6,0,2,5,55.6
R00210,R00792,9,20,0,1,1,5.0
R00210,R00846,9,22,0,1,1,4.5
R00210,R01340,9,4,0,1,1,11.1
R00210,R01472,9,7,0,1,1,11.1
R00210,R01483,9,10,0,2,2,20.0
R00210,R01487,9,7,0,2,2,22.2
R00210,R01812,9,6,0,2,2,22.2
R00210,R01900,9,8,0,2,2,22.2
R00210,R01901,9,6,0,2,2,22.2
R00211,R00225,3,2,1,0,1,33.3
R00211,R00523,3,3,1,0,1,33.3
R00211,R00680,3,3,1,0,1,33.3
R00211,R00698,3,4,1,0,1,25.0
R00211,R00703,3,5,1,0,1,20.0
R00212,R00256,13,31,0,3,3,9.7
R00212,R00436,13,42,0,3,3,7.1
R00212,R00488,13,14,0,3,3,21.4
R00212,R00489,13,17,0,3,3,17.6
R00212,R00525,13,15,0,3,4,26.7
R00212,R01578,13,16,0,4,4,25.0
R00212,R01636,13,22,0,3,3,13.6
R00212,R01637,13,32,0,3,3,9.4
R00212,R01645,13,21,0,3,3,14.3
R00212,R01660,13,38,0,3,3,7.9
R00212,R02064,13,18,0,3,3,16.7
R00212,R02066,13,10,0,3,3,23.1
R00212,R02073,13,9,0,3,3,23.1
R00212,R02093,13,21,0,3,7,33.3
R00213,R00270,6,13,1,2,6,46.2
R00213,R00336,6,46,0,2,2,4.3
R00213,R00441,6,23,0,2,2,8.7
R00213,R00473,6,32,0,4,4,12.5
R00213,R00561,6,14,0,2,2,14.3
R00213,R00565,6,9,0,2,2,22.2
R00213,R00587,6,25,0,2,4,16.0
R00213,R00765,6,41,0,2,2,4.9
R00213,R00830,6,31,0,2,2,6.5
R00213,R00939,6,9,0,2,2,22.2
R00213,R00944,6,17,0,2,4,23.5
R00213,R01054,6,18,0,2,2,11.1
R00213,R01086,6,4,1,0,1,16.7
R00213,R01178,6,12,1,0,1,8.3
R00213,R01247,6,19,0,2,2,10.5
R00213,R01251,6,11,0,2,2,18.2
R00213,R01256,6,19,0,2,2,10.5
R00213,R01259,6,23,0,2,2,8.7
R00213,R01353,6,11,0,2,2,18.2
R00213,R01452,6,21,0,2,2,9.5
R00213,R01457,6,3,0,1,1,16.7
R00213,R01562,6,22,0,2,2,9.1
R00213,R01563,6,18,0,2,2,11.1
R00213,R01564,6,18,0,2,2,11.1
R00213,R01566,6,20,0,2,2,10.0
R00213,R01727,6,25,0,2,2,8.0
R00213,R01848,6,24,0,2,2,8.3
R00213,R01892,6,15,0,2,4,26.7
R00213,R01952,6,16,0,2,4,25.0
R00213,R02032,6,10,1,4,5,50.0
R00213,R02039,6,16,0,2,4,25.0
R00213,R02052,6,12,0,2,2,16.7
R00213,R02053,6,11,0,2,2,18.2
R00214,R00334,20,16,0,1,1,5.0
R00214,R00359,20,11,0,1,1,5.0
R00214,R00973,20,10,1,0,1,5.0
R00214,R00974,20,24,1,0,1,4.2
R00214,R01207,20,28,0,7,13,46.4
R00214,R01455,20,10,1,0,4,20.0
R00214,R01772,20,10,3,0,10,50.0
R00215,R00323,18,23,0,2,2,8.7
R00215,R00628,18,26,0,2,4,15.4
R00215,R00872,18,16,0,2,2,11.1
R00215,R00874,18,16,0,2,2,11.1
R00215,R00881,18,27,0,2,2,7.4
R00215,R00882,18,24,0,2,2,8.3
R00215,R00888,18,21,0,2,2,9.5
R00215,R00890,18,16,0,2,2,11.1
R00215,R00898,18,22,0,2,2,9.1
R00215,R01000,18,17,0,2,2,11.1
R00215,R01210,18,24,0,2,4,16.7
R00215,R01269,18,11,0,2,2,11.1
R00215,R01382,18,13,0,2,4,22.2
R00215,R01405,18,19,0,5,6,31.6
R00215,R01540,18,12,0,5,6,33.3
R00215,R01557,18,11,0,5,5,27.8
R00215,R01685,18,16,0,14,14,77.8
R00215,R01823,18,21,0,2,2,9.5
R00215,R01868,18,12,0,2,2,11.1
R00215,R01871,18,10,0,2,2,11.1
R00215,R01881,18,12,0,2,2,11.1
R00215,R01882,18,11,0,2,2,11.1
R00215,R01887,18,25,0,5,6,24.0
R00215,R01891,18,16,0,2,2,11.1
R00215,R01904,18,21,0,2,2,9.5
R00215,R01906,18,19,0,2,2,10.5
R00215,R01917,18,17,0,2,4,22.2
R00216,R00218,3,15,0,3,3,20.0
R00216,R00222,3,17,0,1,3,17.6
R00217,R00658,52,15,0,1,1,1.9
R00217,R00659,52,17,0,1,1,1.9
R00217,R00953,52,18,0,1,1,1.9
R00217,R01357,52,13,1,0,1,1.9
R00217,R01512,52,9,0,1,1,1.9
R00217,R01776,52,16,0,2,13,25.0
R00217,R01858,52,19,0,1,1,1.9
R00217,R01940,52,16,1,0,1,1.9
R00217,R02000,52,5,1,0,1,1.9
R00217,R02004,52,4,1,0,1,1.9
R00217,R02014,52,3,1,0,1,1.9
R00218,R00220,15,17,4,0,5,29.4
R00218,R00222,15,17,1,1,14,82.4
R00218,R00299,15,17,1,0,1,5.9
R00218,R00304,15,21,1,0,1,4.8
R00218,R00347,15,33,1,0,1,3.0
R00218,R00441,15,23,1,0,1,4.3
R00218,R00661,15,35,1,0,1,2.9
R00218,R00792,15,20,1,0,1,5.0
R00218,R00810,15,20,1,0,1,5.0
R00218,R00830,15,31,1,0,1,3.2
R00218,R00886,15,14,1,0,1,6.7
R00218,R00889,15,13,1,0,1,6.7
R00218,R00900,15,14,1,0,1,6.7
R00218,R00966,15,39,1,0,1,2.6
R00218,R01366,15,13,1,0,1,6.7
R00218,R01403,15,21,1,0,1,4.8
R00218,R01451,15,7,1,0,1,6.7
R00218,R01848,15,24,1,0,1,4.2
R00219,R00237,3,2,0,1,1,33.3
R00219,R00533,3,2,0,1,1,33.3
R00219,R00681,3,3,0,1,1,33.3
R00219,R00683,3,4,0,1,1,25.0
R00219,R00686,3,5,0,1,1,20.0
R00219,R00696,3,4,0,1,1,25.0
R00220,R00222,17,17,1,0,5,29.4
R00220,R00299,17,17,1,0,1,5.9
R00220,R00304,17,21,1,12,12,57.1
R00220,R00347,17,33,1,0,1,3.0
R00220,R00441,17,23,1,0,1,4.3
R00220,R00492,17,19,0,1,1,5.3
R00220,R00541,17,9,0,1,1,5.9
R00220,R00543,17,11,0,1,1,5.9
R00220,R00544,17,10,0,1,1,5.9
R00220,R00545,17,8,0,1,1,5.9
R00220,R00547,17,7,0,1,1,5.9
R00220,R00549,17,6,0,1,1,5.9
R00220,R00661,17,35,1,0,1,2.9
R00220,R00792,17,20,1,12,12,60.0
R00220,R00810,17,20,1,0,1,5.0
R00220,R00830,17,31,1,0,1,3.2
R00220,R00846,17,22,0,17,16,72.7
R00220,R00886,17,14,1,0,1,5.9
R00220,R00889,17,13,1,0,1,5.9
R00220,R00900,17,14,1,0,1,5.9
R00220,R00966,17,39,1,0,1,2.6
R00220,R01340,17,4,0,1,1,5.9
R00220,R01366,17,13,1,0,1,5.9
R00220,R01403,17,21,1,0,1,4.8
R00220,R01451,17,7,1,0,1,5.9
R00220,R01472,17,7,0,7,7,41.2
R00220,R01483,17,10,0,1,1,5.9
R00220,R01487,17,7,0,1,1,5.9
R00220,R01812,17,6,0,1,1,5.9
R00220,R01848,17,24,1,0,1,4.2
R00220,R01900,17,8,0,1,1,5.9
R00220,R01901,17,6,0,1,1,5.9
R00221,R00343,31,38,0,15,15,39.5
R00221,R00345,31,39,0,15,15,38.5
R00221,R00469,31,25,0,1,8,25.8
R00221,R00489,31,17,2,0,10,32.3
R00221,R00524,31,16,1,0,1,3.2
R00221,R00528,31,21,2,3,21,67.7
R00221,R00539,31,30,0,3,24,77.4
R00221,R00542,31,28,0,3,23,74.2
R00221,R00617,31,14,0,1,1,3.2
R00221,R00664,31,15,1,0,1,3.2
R00221,R00668,31,12,1,0,1,3.2
R00221,R00856,31,16,0,2,7,22.6
R00221,R00857,31,16,0,3,9,29.0
R00221,R00862,31,20,0,2,12,38.7
R00221,R00950,31,18,1,0,1,3.2
R00221,R01015,31,6,1,0,1,3.2
R00221,R01099,31,18,0,2,12,38.7
R00221,R01333,31,27,0,2,7,22.6
R00221,R01575,31,11,0,1,5,16.1
R00221,R01592,31,17,0,1,1,3.2
R00221,R01615,31,26,0,3,10,32.3
R00221,R01636,31,22,1,0,1,3.2
R00221,R01995,31,16,1,0,1,3.2
R00221,R02065,31,5,0,3,5,16.1
R00222,R00299,17,17,1,0,1,5.9
R00222,R00304,17,21,1,0,1,4.8
R00222,R00347,17,33,1,0,1,3.0
R00222,R00441,17,23,1,0,1,4.3
R00222,R00661,17,35,1,0,1,2.9
R00222,R00792,17,20,1,0,1,5.0
R00222,R00810,17,20,1,0,1,5.0
R00222,R00830,17,31,1,0,1,3.2
R00222,R00886,17,14,1,0,1,5.9
R00222,R00889,17,13,1,0,1,5.9
R00222,R00900,17,14,1,0,1,5.9
R00222,R00966,17,39,1,0,1,2.6
R00222,R01366,17,13,1,0,1,5.9
R00222,R01403,17,21,1,0,1,4.8
R00222,R01451,17,7,1,0,1,5.9
R00222,R01848,17,24,1,0,1,4.2
R00223,R00232,3,3,0,1,1,33.3
R00223,R00600,3,37,1,0,1,2.7
R00223,R00885,3,5,1,0,1,20.0
R00223,R00920,3,7,1,0,1,14.3
R00223,R00921,3,11,1,0,1,9.1
R00223,R00922,3,6,1,0,1,16.7
R00223,R01062,3,6,0,1,1,16.7
R00223,R01261,3,10,0,1,1,10.0
R00223,R01787,3,9,0,1,1,11.1
R00223,R01838,3,3,1,0,1,33.3
R00224,R00315,9,4,0,4,4,44.4
R00224,R00382,9,8,0,1,7,77.8
R00224,R00822,9,4,0,1,3,33.3
R00225,R00523,2,3,1,0,1,33.3
R00225,R00680,2,3,1,0,1,33.3
R00225,R00698,2,4,1,0,1,25.0
R00225,R00703,2,5,1,0,1,20.0
R00226,R00429,16,18,0,3,11,61.1
R00226,R00435,16,12,0,5,9,56.2
R00226,R00471,16,12,0,8,11,68.8
R00226,R00479,16,7,0,6,7,43.8
R00226,R00981,16,7,0,3,6,37.5
R00226,R00982,16,10,0,3,7,43.8
R00226,R01308,16,11,0,2,2,12.5
R00226,R01410,16,12,0,2,2,12.5
R00226,R01508,16,30,0,5,14,46.7
R00226,R01513,16,17,0,8,15,88.2
R00226,R01535,16,9,1,0,2,12.5
R00226,R01938,16,11,0,3,9,56.2
R00226,R01941,16,9,0,6,8,50.0
R00226,R02041,16,8,0,3,5,31.2
R00227,R00571,3,32,1,0,2,6.2
R00228,R00290,28,19,1,0,1,3.6
R00228,R00298,28,30,1,0,1,3.3
R00228,R00312,28,4,0,2,2,7.1
R00228,R00326,28,19,0,2,2,7.1
R00228,R00359,28,11,1,0,1,3.6
R00228,R00367,28,5,1,0,2,7.1
R00228,R00462,28,7,0,2,2,7.1
R00228,R00842,28,22,1,0,2,7.1
R00228,R00846,28,22,1,0,1,3.6
R00228,R01087,28,12,1,0,2,7.1
R00228,R01292,28,7,1,0,1,3.6
R00228,R01362,28,13,1,0,1,3.6
R00228,R01407,28,12,0,9,12,42.9
R00228,R01411,28,10,2,0,3,10.7
R00228,R01438,28,4,1,0,1,3.6
R00228,R01447,28,21,1,0,1,3.6
R00228,R01450,28,34,1,0,1,2.9
R00228,R01452,28,21,1,0,1,3.6
R00228,R01485,28,13,0,13,13,46.4
R00228,R01525,28,3,2,0,2,7.1
R00228,R01695,28,8,0,4,8,28.6
R00228,R01726,28,20,2,0,6,21.4
R00228,R01753,28,5,1,0,1,3.6
R00228,R02012,28,7,2,0,2,7.1
R00229,R00257,3,4,1,0,1,25.0
R00229,R00269,3,3,1,0,1,33.3
R00230,R00272,3,4,0,1,1,25.0
R00231,R00277,14,7,1,0,3,21.4
R00231,R00328,14,14,0,1,1,7.1
R00231,R00332,14,16,0,1,1,6.2
R00231,R00367,14,5,0,1,1,7.1
R00231,R00404,14,6,0,1,1,7.1
R00231,R00482,14,9,0,1,1,7.1
R00231,R00487,14,17,0,1,1,5.9
R00231,R00494,14,11,0,1,1,7.1
R00231,R00532,14,8,0,1,1,7.1
R00231,R00669,14,9,0,1,1,7.1
R00231,R00729,14,10,0,1,4,28.6
R00231,R00736,14,6,0,6,6,42.9
R00231,R00827,14,15,0,1,1,6.7
R00231,R00848,14,6,0,1,1,7.1
R00231,R00940,14,8,0,1,1,7.1
R00231,R01172,14,7,0,1,4,28.6
R00231,R01183,14,5,1,0,1,7.1
R00231,R01195,14,6,0,1,1,7.1
R00231,R01233,14,2,1,0,1,7.1
R00231,R01274,14,20,0,1,1,5.0
R00231,R01301,14,7,0,1,1,7.1
R00231,R01494,14,22,0,1,1,4.5
R00231,R01530,14,2,0,1,1,7.1
R00231,R01551,14,16,0,1,1,6.2
R00231,R01612,14,14,0,1,1,7.1
R00231,R01617,14,7,0,1,1,7.1
R00231,R01717,14,14,0,1,1,7.1
R00231,R01721,14,6,0,1,1,7.1
R00231,R01815,14,3,0,1,1,7.1
R00231,R01888,14,6,0,1,1,7.1
R00231,R01895,14,9,0,9,9,64.3
R00231,R01951,14,4,0,1,1,7.1
R00231,R01964,14,12,0,1,1,7.1
R00231,R01991,14,4,0,1,1,7.1
R00231,R01998,14,8,0,1,1,7.1
R00231,R02012,14,7,0,1,1,7.1
R00231,R02027,14,9,0,1,1,7.1
R00231,R02029,14,10,0,1,1,7.1
R00231,R02085,14,2,0,1,1,7.1
R00231,R02095,14,7,0,1,1,7.1
R00232,R01062,3,6,0,1,2,33.3
R00232,R01261,3,10,0,1,2,20.0
R00232,R01787,3,9,0,1,2,22.2
R00233,R00341,18,36,1,0,1,2.8
R00233,R00422,18,22,0,1,16,72.7
R00233,R00751,18,5,0,5,5,27.8
R00233,R00851,18,6,1,0,1,5.6
R00233,R00875,18,36,1,0,1,2.8
R00233,R01287,18,18,0,1,16,88.9
R00233,R01290,18,21,0,1,16,76.2
R00233,R01291,18,19,0,1,16,84.2
R00233,R01416,18,25,1,0,1,4.0
R00233,R01445,18,19,3,0,14,73.7
R00233,R01657,18,12,1,0,1,5.6
R00233,R01658,18,9,1,0,1,5.6
R00233,R01669,18,11,1,0,1,5.6
R00233,R01719,18,20,1,0,1,5.0
R00233,R01763,18,4,1,0,1,5.6
R00233,R01829,18,7,1,0,1,5.6
R00233,R01962,18,6,1,0,1,5.6
R00233,R01992,18,3,0,1,3,16.7
R00233,R02067,18,6,1,0,1,5.6
R00233,R02068,18,5,1,0,1,5.6
R00234,R00244,3,2,2,0,2,66.7
R00235,R00685,8,10,0,1,1,10.0
R00235,R00687,8,19,0,1,1,5.3
R00235,R00688,8,12,0,1,1,8.3
R00235,R00692,8,18,0,1,1,5.6
R00235,R01139,8,18,0,1,2,11.1
R00235,R01295,8,21,0,1,4,19.0
R00235,R01297,8,34,0,1,1,2.9
R00235,R01675,8,9,0,1,1,11.1
R00235,R01849,8,7,0,1,1,12.5
R00235,R01929,8,7,0,1,1,12.5
R00235,R01931,8,6,0,1,1,12.5
R00235,R01979,8,16,0,1,1,6.2
R00236,R00829,15,20,1,0,1,5.0
R00237,R00533,2,2,0,1,1,50.0
R00237,R00681,2,3,0,1,1,33.3
R00237,R00683,2,4,0,1,1,25.0
R00237,R00686,2,5,0,1,1,20.0
R00237,R00696,2,4,0,1,1,25.0
R00238,R00452,43,35,0,7,33,76.7
R00238,R00530,43,24,0,20,18,41.9
R00238,R01363,43,18,0,5,14,32.6
R00238,R01367,43,40,2,0,15,34.9
R00239,R00248,37,29,0,15,16,43.2
R00239,R00282,37,14,0,3,10,27.0
R00239,R00399,37,21,1,0,1,2.7
R00239,R00627,37,29,0,19,19,51.4
R00239,R00656,37,36,0,15,16,43.2
R00239,R00914,37,16,1,0,1,2.7
R00239,R01049,37,4,1,0,1,2.7
R00240,R00241,18,17,0,5,8,44.4
R00240,R00243,18,14,0,7,7,38.9
R00240,R00667,18,26,0,8,9,34.6
R00240,R00876,18,7,1,0,1,5.6
R00240,R00951,18,17,0,1,7,38.9
R00240,R00952,18,11,0,7,7,38.9
R00240,R00965,18,6,0,1,1,5.6
R00240,R01029,18,15,0,1,5,27.8
R00240,R01036,18,11,0,1,1,5.6
R00240,R01116,18,9,0,1,1,5.6
R00240,R01385,18,7,1,0,3,16.7
R00240,R01399,18,10,0,8,9,50.0
R00240,R01415,18,9,1,0,3,16.7
R00240,R01419,18,23,0,3,5,21.7
R00240,R01512,18,9,1,0,1,5.6
R00240,R01565,18,14,0,8,9,50.0
R00241,R00243,17,14,0,5,6,35.3
R00241,R00667,17,26,0,5,11,42.3
R00241,R00951,17,17,0,1,1,5.9
R00241,R00952,17,11,0,5,6,35.3
R00241,R00965,17,6,0,1,1,5.9
R00241,R01029,17,15,0,1,1,5.9
R00241,R01036,17,11,0,1,1,5.9
R00241,R01116,17,9,0,1,1,5.9
R00241,R01399,17,10,0,5,9,52.9
R00241,R01419,17,23,0,3,7,30.4
R00241,R01565,17,14,0,5,13,76.5
R00242,R00243,16,14,3,0,3,18.8
R00242,R00701,16,9,1,0,4,25.0
R00242,R00953,16,18,1,0,3,16.7
R00242,R01008,16,11,3,0,4,25.0
R00242,R01278,16,15,4,0,4,25.0
R00242,R01521,16,14,1,0,3,18.8
R00242,R01634,16,10,0,10,10,62.5
R00242,R01776,16,16,1,0,3,18.8
R00242,R01780,16,24,1,0,4,16.7
R00242,R01794,16,4,3,0,3,18.8
R00242,R01840,16,4,1,0,3,18.8
R00242,R01858,16,19,1,0,8,42.1
R00242,R01898,16,25,1,0,6,24.0
R00243,R00667,14,26,0,7,7,26.9
R00243,R00701,14,9,1,0,6,42.9
R00243,R00951,14,17,0,1,1,5.9
R00243,R00952,14,11,0,11,11,78.6
R00243,R00953,14,18,1,0,2,11.1
R00243,R00965,14,6,0,1,2,14.3
R00243,R01008,14,11,3,0,3,21.4
R00243,R01029,14,15,0,1,1,6.7
R00243,R01036,14,11,0,1,1,7.1
R00243,R01116,14,9,0,1,4,28.6
R00243,R01278,14,15,3,0,3,20.0
R00243,R01399,14,10,0,7,7,50.0
R00243,R01419,14,23,0,3,4,17.4
R00243,R01521,14,14,1,0,2,14.3
R00243,R01565,14,14,0,7,7,50.0
R00243,R01776,14,16,1,0,2,12.5
R00243,R01780,14,24,1,0,2,8.3
R00243,R01794,14,4,4,0,4,28.6
R00243,R01840,14,4,1,0,2,14.3
R00243,R01858,14,19,1,0,2,10.5
R00243,R01898,14,25,1,0,2,8.0
R00244,R00250,2,2,0,1,1,50.0
R00245,R00250,3,2,2,0,2,66.7
R00246,R00396,29,28,0,1,23,79.3
R00246,R00400,29,6,1,0,1,3.4
R00246,R00784,29,6,0,1,1,3.4
R00246,R00892,29,16,3,0,8,27.6
R00246,R00894,29,8,3,0,8,27.6
R00246,R01188,29,27,3,24,27,93.1
R00246,R01414,29,16,0,1,1,3.4
R00246,R01486,29,6,1,0,4,13.8
R00246,R01924,29,28,2,26,28,96.6
R00247,R00287,8,23,1,0,1,4.3
R00247,R00467,8,25,1,0,1,4.0
R00247,R00470,8,40,1,0,1,2.5
R00247,R00619,8,20,1,0,1,5.0
R00247,R01138,8,18,1,0,2,11.1
R00247,R01833,8,9,1,0,1,11.1
R00248,R00282,29,14,0,3,10,34.5
R00248,R00627,29,29,0,15,15,51.7
R00248,R00656,29,36,0,28,28,77.8
R00248,R01419,29,23,3,0,17,58.6
R00248,R01677,29,4,3,0,3,10.3
R00249,R00284,8,11,0,3,4,36.4
R00249,R00652,8,14,0,3,4,28.6
R00249,R00730,8,8,1,0,1,12.5
R00249,R01033,8,9,1,0,1,11.1
R00249,R01196,8,5,0,1,1,12.5
R00249,R01216,8,2,0,1,1,12.5
R00249,R01460,8,5,1,0,1,12.5
R00249,R01608,8,12,0,3,4,33.3
R00251,R01162,5,5,2,2,4,80.0
R00252,R00566,25,6,1,0,1,4.0
R00252,R01105,25,6,0,6,6,24.0
R00252,R01593,25,15,1,0,1,4.0
R00253,R00575,27,18,3,0,7,25.9
R00253,R00695,27,12,1,0,2,7.4
R00253,R01045,27,4,0,1,1,3.7
R00253,R01252,27,20,3,0,6,22.2
R00253,R01624,27,14,3,0,7,25.9
R00253,R01677,27,4,0,1,1,3.7
R00254,R00297,19,21,0,2,2,9.5
R00254,R00491,19,26,0,2,4,15.4
R00254,R00524,19,16,0,7,12,63.2
R00254,R00526,19,16,0,4,4,21.1
R00254,R00536,19,22,0,4,4,18.2
R00254,R00608,19,14,0,2,2,10.5
R00254,R00610,19,27,0,2,5,18.5
R00254,R00624,19,12,0,4,4,21.1
R00254,R00654,19,27,0,6,6,22.2
R00254,R01587,19,29,0,17,17,58.6
R00254,R01639,19,26,0,7,13,50.0
R00254,R01674,19,13,0,7,13,68.4
R00254,R01681,19,3,3,0,3,15.8
R00254,R01745,19,24,0,2,4,16.7
R00254,R01969,19,26,0,7,8,30.8
R00254,R01975,19,26,0,9,9,34.6
R00255,R00257,2,4,0,2,2,50.0
R00256,R00343,31,38,1,0,1,2.6
R00256,R00436,31,42,0,29,31,73.8
R00256,R00488,31,14,0,7,7,22.6
R00256,R00489,31,17,0,7,8,25.8
R00256,R00525,31,15,0,4,8,25.8
R00256,R01578,31,16,0,3,10,32.3
R00256,R01636,31,22,0,6,17,54.8
R00256,R01637,31,32,1,6,19,59.4
R00256,R01645,31,21,0,17,17,54.8
R00256,R01660,31,38,1,6,31,81.6
R00256,R01971,31,26,1,0,1,3.2
R00256,R02064,31,18,0,5,5,16.1
R00256,R02066,31,10,0,6,9,29.0
R00256,R02073,31,9,0,9,9,29.0
R00256,R02093,31,21,0,4,8,25.8
R00257,R00269,4,3,3,0,3,75.0
R00258,R00569,24,6,0,1,1,4.2
R00258,R00791,24,18,0,1,1,4.2
R00258,R00793,24,12,0,1,1,4.2
R00258,R01092,24,10,0,10,10,41.7
R00258,R01093,24,20,0,19,19,79.2
R00258,R01348,24,22,0,1,1,4.2
R00258,R02037,24,15,0,1,1,4.2
R00258,R02042,24,15,0,1,1,4.2
R00258,R02043,24,4,2,0,2,8.3
R00259,R00325,11,12,0,1,10,83.3
R00259,R00338,11,14,2,1,11,78.6
R00259,R00683,11,4,3,0,3,27.3
R00259,R00686,11,5,2,0,3,27.3
R00259,R01317,11,5,0,2,5,45.5
R00259,R01785,11,4,0,1,1,9.1
R00259,R01798,11,4,0,1,1,9.1
R00260,R00284,13,11,1,0,1,7.7
R00260,R00303,13,13,0,4,4,30.8
R00260,R00307,13,18,0,2,3,16.7
R00260,R00317,13,21,0,2,2,9.5
R00260,R00334,13,16,1,0,3,18.8
R00260,R00335,13,13,3,9,12,92.3
R00260,R00358,13,16,1,0,1,6.2
R00260,R00369,13,41,1,0,5,12.2
R00260,R00370,13,32,1,0,2,6.2
R00260,R00374,13,23,1,0,1,4.3
R00260,R00462,13,7,1,0,1,7.7
R00260,R00486,13,18,1,0,1,5.6
R00260,R00495,13,13,1,0,3,23.1
R00260,R00529,13,8,1,0,2,15.4
R00260,R00614,13,14,1,0,1,7.1
R00260,R00623,13,6,1,0,1,7.7
R00260,R00639,13,6,0,2,2,15.4
R00260,R00641,13,12,1,0,1,7.7
R00260,R00651,13,19,1,0,1,5.3
R00260,R00652,13,14,1,0,1,7.1
R00260,R00721,13,13,1,2,3,23.1
R00260,R00771,13,16,0,1,1,6.2
R00260,R00772,13,15,0,1,1,6.7
R00260,R00790,13,18,0,1,1,5.6
R00260,R00839,13,9,0,4,4,30.8
R00260,R00849,13,6,1,0,1,7.7
R00260,R00942,13,7,1,0,1,7.7
R00260,R00949,13,13,0,8,8,61.5
R00260,R01073,13,12,0,1,1,7.7
R00260,R01076,13,30,0,1,1,3.3
R00260,R01125,13,19,1,0,1,5.3
R00260,R01165,13,9,1,0,1,7.7
R00260,R01170,13,10,1,0,1,7.7
R00260,R01396,13,12,0,4,4,30.8
R00260,R01455,13,10,0,1,1,7.7
R00260,R01456,13,6,0,1,1,7.7
R00260,R01475,13,11,1,0,1,7.7
R00260,R01480,13,16,0,2,3,18.8
R00260,R01504,13,3,0,1,1,7.7
R00260,R01527,13,7,0,4,4,30.8
R00260,R01532,13,4,1,0,1,7.7
R00260,R01536,13,2,1,0,1,7.7
R00260,R01545,13,18,1,0,1,5.6
R00260,R01555,13,10,1,0,1,7.7
R00260,R01574,13,7,0,1,1,7.7
R00260,R01605,13,8,1,0,1,7.7
R00260,R01608,13,12,1,0,1,7.7
R00260,R01623,13,9,1,0,1,7.7
R00260,R01693,13,12,0,2,3,23.1
R00260,R01761,13,11,0,1,1,7.7
R00260,R01803,13,13,0,2,2,15.4
R00260,R01816,13,3,1,0,1,7.7
R00260,R01961,13,4,1,0,1,7.7
R00260,R01963,13,3,1,0,1,7.7
R00260,R02030,13,7,1,0,1,7.7
R00260,R02083,13,2,1,0,1,7.7
R00262,R00630,11,8,0,3,3,27.3
R00262,R00950,11,18,0,3,3,16.7
R00262,R01104,11,4,2,0,4,36.4
R00262,R01272,11,35,1,0,1,2.9
R00262,R01390,11,4,0,2,4,36.4
R00262,R01393,11,2,1,0,2,18.2
R00262,R01511,11,7,3,0,3,27.3
R00262,R01707,11,5,1,0,2,18.2
R00262,R01779,11,8,1,4,8,72.7
R00262,R01922,11,10,1,0,2,18.2
R00262,R02021,11,2,1,0,1,9.1
R00262,R02022,11,6,0,2,5,45.5
R00264,R00388,8,11,2,0,8,72.7
R00264,R00604,8,15,2,0,7,46.7
R00264,R00606,8,10,3,0,7,70.0
R00264,R00607,8,14,1,0,8,57.1
R00264,R00609,8,20,3,0,8,40.0
R00264,R00612,8,13,1,0,8,61.5
R00264,R00670,8,15,0,1,1,6.7
R00264,R00680,8,3,0,1,2,25.0
R00264,R00712,8,8,0,1,1,12.5
R00264,R00713,8,13,0,1,1,7.7
R00264,R00744,8,20,2,0,7,35.0
R00264,R01329,8,8,0,1,1,12.5
R00264,R01331,8,7,0,1,1,12.5
R00264,R01332,8,13,0,1,1,7.7
R00264,R01334,8,18,0,1,1,5.6
R00264,R01783,8,4,1,0,1,12.5
R00264,R01793,8,4,1,0,1,12.5
R00264,R01797,8,3,1,0,1,12.5
R00264,R01810,8,4,1,1,4,50.0
R00265,R00452,23,35,1,0,14,40.0
R00265,R00657,23,26,0,1,1,3.8
R00265,R00660,23,57,0,18,18,31.6
R00265,R00740,23,18,0,1,1,4.3
R00265,R00743,23,22,0,1,1,4.3
R00265,R00774,23,9,0,1,1,4.3
R00265,R00812,23,34,0,1,1,2.9
R00265,R00930,23,11,0,1,1,4.3
R00265,R00932,23,10,0,1,1,4.3
R00265,R00933,23,11,0,1,1,4.3
R00265,R00967,23,19,0,1,1,4.3
R00265,R00970,23,37,0,5,12,32.4
R00265,R01163,23,3,1,0,1,4.3
R00265,R01241,23,48,0,13,18,37.5
R00265,R01387,23,6,1,0,1,4.3
R00265,R01511,23,7,0,7,7,30.4
R00265,R01707,23,5,0,2,5,21.7
R00265,R01708,23,5,0,1,1,4.3
R00265,R01898,23,25,0,13,23,92.0
R00265,R01930,23,23,0,1,1,4.3
R00265,R01939,23,14,2,0,11,47.8
R00265,R01980,23,8,0,2,8,34.8
R00265,R02023,23,10,2,0,2,8.7
R00265,R02090,23,6,0,2,6,26.1
R00266,R00278,26,24,1,0,21,80.8
R00266,R00339,26,11,0,11,11,42.3
R00267,R00347,4,33,0,1,1,3.0
R00267,R00371,4,27,0,1,1,3.7
R00267,R00570,4,11,4,0,4,36.4
R00267,R00661,4,35,0,1,1,2.9
R00267,R00785,4,6,0,1,1,16.7
R00267,R00826,4,15,0,1,1,6.7
R00267,R00880,4,22,0,1,1,4.5
R00267,R00923,4,8,0,1,1,12.5
R00267,R00924,4,8,0,1,1,12.5
R00267,R00925,4,6,0,1,1,16.7
R00267,R00985,4,30,0,1,1,3.3
R00267,R01034,4,17,0,1,1,5.9
R00267,R01106,4,21,0,1,1,4.8
R00267,R01123,4,16,0,1,1,6.2
R00267,R01124,4,8,0,1,1,12.5
R00267,R01206,4,19,0,1,1,5.3
R00267,R01462,4,16,0,1,1,6.2
R00267,R01465,4,9,0,1,1,11.1
R00267,R01467,4,21,0,1,1,4.8
R00267,R01537,4,30,0,1,1,3.3
R00267,R01786,4,3,0,1,1,25.0
R00267,R01826,4,13,0,1,1,7.7
R00267,R01972,4,7,0,1,1,14.3
R00268,R00941,2,16,2,0,2,12.5
R00268,R01462,2,16,2,0,2,12.5
R00268,R02101,2,4,0,1,1,25.0
R00270,R00336,13,46,0,2,2,4.3
R00270,R00441,13,23,0,2,2,8.7
R00270,R00473,13,32,0,2,4,12.5
R00270,R00561,13,14,0,2,2,14.3
R00270,R00565,13,9,0,2,2,15.4
R00270,R00587,13,25,0,6,6,24.0
R00270,R00765,13,41,0,2,2,4.9
R00270,R00830,13,31,0,2,2,6.5
R00270,R00939,13,9,0,2,2,15.4
R00270,R00944,13,17,0,6,6,35.3
R00270,R01054,13,18,0,2,2,11.1
R00270,R01086,13,4,1,0,1,7.7
R00270,R01178,13,12,1,0,1,7.7
R00270,R01247,13,19,0,2,2,10.5
R00270,R01251,13,11,0,2,2,15.4
R00270,R01256,13,19,0,2,2,10.5
R00270,R01259,13,23,0,2,2,8.7
R00270,R01353,13,11,0,2,2,15.4
R00270,R01452,13,21,0,2,2,9.5
R00270,R01457,13,3,0,1,1,7.7
R00270,R01562,13,22,0,2,2,9.1
R00270,R01563,13,18,0,2,2,11.1
R00270,R01564,13,18,0,2,2,11.1
R00270,R01566,13,20,0,2,2,10.0
R00270,R01727,13,25,0,2,2,8.0
R00270,R01848,13,24,0,2,2,8.3
R00270,R01892,13,15,0,6,6,40.0
R00270,R01952,13,16,0,6,6,37.5
R00270,R02032,13,10,1,2,5,38.5
R00270,R02039,13,16,0,6,6,37.5
R00270,R02052,13,12,0,2,2,15.4
R00270,R02053,13,11,0,2,2,15.4
R00271,R00319,36,29,0,4,16,44.4
R00271,R00530,36,24,1,0,1,2.8
R00271,R00742,36,27,1,0,1,2.8
R00271,R00748,36,26,1,0,1,2.8
R00271,R00968,36,59,2,4,36,61.0
R00271,R00969,36,34,1,0,1,2.8
R00271,R01039,36,29,1,0,1,2.8
R00271,R01044,36,3,1,0,1,2.8
R00271,R01356,36,11,0,3,3,8.3
R00271,R01359,36,13,0,1,1,2.8
R00271,R01363,36,18,1,0,1,2.8
R00271,R01630,36,20,1,0,1,2.8
R00271,R01711,36,4,0,1,1,2.8
R00271,R01982,36,11,0,1,1,2.8
R00271,R01983,36,13,0,1,1,2.8
R00273,R00276,5,4,4,0,4,80.0
R00273,R00279,5,2,0,2,2,40.0
R00273,R01694,5,20,1,0,1,5.0
R00273,R01701,5,23,1,0,1,4.3
R00274,R00276,2,4,0,1,1,25.0
R00275,R00355,5,9,0,5,5,55.6
R00275,R00908,5,2,1,0,1,20.0
R00275,R01126,5,3,3,0,3,60.0
R00275,R01192,5,5,1,0,1,20.0
R00275,R01213,5,19,1,0,1,5.3
R00275,R01254,5,14,1,0,1,7.1
R00276,R01694,4,20,1,0,1,5.0
R00276,R01701,4,23,1,0,1,4.3
R00277,R01183,7,5,1,0,1,14.3
R00277,R01233,7,2,1,0,1,14.3
R00277,R01804,7,9,0,6,7,77.8
R00278,R00593,24,14,0,14,14,58.3
R00278,R00682,24,22,0,22,22,91.7
R00278,R00728,24,21,0,20,21,87.5
R00280,R00824,20,9,0,9,9,45.0
R00280,R01746,20,9,0,8,9,45.0
R00280,R01999,20,13,0,8,13,65.0
R00281,R00285,2,4,0,2,2,50.0
R00281,R00292,2,3,1,0,1,33.3
R00281,R01830,2,5,0,1,1,20.0
R00281,R01832,2,13,0,1,1,7.7
R00282,R00627,14,29,0,3,10,34.5
R00282,R00656,14,36,0,3,10,27.8
R00283,R00316,44,19,1,0,1,2.3
R00283,R00349,44,8,1,0,1,2.3
R00283,R00386,44,5,1,0,1,2.3
R00283,R00409,44,24,1,0,1,2.3
R00283,R00456,44,13,1,0,1,2.3
R00283,R00466,44,33,1,0,1,2.3
R00283,R00512,44,16,2,0,2,4.5
R00283,R00527,44,15,1,0,1,2.3
R00283,R00562,44,49,1,0,3,6.1
R00283,R00609,44,20,0,2,8,18.2
R00283,R00634,44,15,1,0,2,4.5
R00283,R00635,44,12,1,0,2,4.5
R00283,R00673,44,13,2,0,2,4.5
R00283,R00738,44,3,1,0,1,2.3
R00283,R00771,44,16,1,0,1,2.3
R00283,R00772,44,15,1,0,1,2.3
R00283,R00781,44,10,1,0,1,2.3
R00283,R00790,44,18,1,0,1,2.3
R00283,R00891,44,9,1,0,1,2.3
R00283,R00944,44,17,1,0,1,2.3
R00283,R00964,44,57,1,0,13,22.8
R00283,R00975,44,28,0,11,28,63.6
R00283,R00976,44,11,1,0,1,2.3
R00283,R00995,44,12,1,0,1,2.3
R00283,R01013,44,12,3,0,7,15.9
R00283,R01075,44,9,1,0,1,2.3
R00283,R01081,44,9,1,0,1,2.3
R00283,R01085,44,12,1,0,1,2.3
R00283,R01454,44,20,1,0,1,2.3
R00283,R01761,44,11,2,0,2,4.5
R00283,R01789,44,11,1,0,1,2.3
R00283,R01815,44,3,1,0,1,2.3
R00283,R01909,44,21,1,0,1,2.3
R00283,R01968,44,15,1,0,1,2.3
R00283,R01984,44,11,0,2,8,18.2
R00283,R01985,44,10,0,2,8,18.2
R00283,R01987,44,12,0,2,8,18.2
R00283,R01989,44,20,0,2,8,18.2
R00283,R02086,44,36,1,0,4,9.1
R00283,R02099,44,6,1,0,1,2.3
R00284,R00334,11,16,1,0,1,6.2
R00284,R00335,11,13,1,0,1,7.7
R00284,R00358,11,16,1,0,1,6.2
R00284,R00369,11,41,1,0,1,2.4
R00284,R00370,11,32,1,0,1,3.1
R00284,R00374,11,23,1,0,1,4.3
R00284,R00462,11,7,1,0,1,9.1
R00284,R00486,11,18,1,0,1,5.6
R00284,R00495,11,13,1,0,1,7.7
R00284,R00529,11,8,1,0,1,9.1
R00284,R00614,11,14,1,0,1,7.1
R00284,R00623,11,6,1,0,1,9.1
R00284,R00641,11,12,1,0,1,8.3
R00284,R00651,11,19,1,0,5,26.3
R00284,R00652,11,14,4,6,11,78.6
R00284,R00721,11,13,1,0,1,7.7
R00284,R00849,11,6,1,0,1,9.1
R00284,R00942,11,7,1,0,1,9.1
R00284,R01125,11,19,1,0,1,5.3
R00284,R01165,11,9,1,0,2,18.2
R00284,R01170,11,10,1,0,3,27.3
R00284,R01196,11,5,0,1,1,9.1
R00284,R01216,11,2,0,1,1,9.1
R00284,R01475,11,11,1,0,1,9.1
R00284,R01532,11,4,1,0,1,9.1
R00284,R01536,11,2,1,0,1,9.1
R00284,R01545,11,18,1,0,1,5.6
R00284,R01555,11,10,1,0,1,9.1
R00284,R01605,11,8,1,0,1,9.1
R00284,R01608,11,12,1,6,9,75.0
R00284,R01623,11,9,1,0,1,9.1
R00284,R01816,11,3,1,0,1,9.1
R00284,R01961,11,4,1,0,1,9.1
R00284,R01963,11,3,1,0,1,9.1
R00284,R02030,11,7,1,0,1,9.1
R00284,R02083,11,2,1,0,1,9.1
R00285,R00309,4,3,3,0,3,75.0
R00285,R01830,4,5,0,1,1,20.0
R00285,R01832,4,13,0,1,1,7.7
R00286,R00293,27,19,1,0,1,3.7
R00286,R00344,27,33,2,0,2,6.1
R00286,R00581,27,28,1,0,1,3.6
R00286,R00638,27,29,4,0,6,20.7
R00286,R00642,27,8,2,0,2,7.4
R00286,R00783,27,17,0,1,10,37.0
R00286,R00869,27,5,0,5,5,18.5
R00286,R00880,27,22,1,0,1,3.7
R00286,R00902,27,22,1,0,1,3.7
R00286,R00909,27,8,2,0,2,7.4
R00286,R00964,27,57,0,22,27,47.4
R00286,R00966,27,39,0,27,27,69.2
R00286,R00975,27,28,2,0,2,7.1
R00286,R00989,27,16,2,0,10,37.0
R00286,R01054,27,18,1,0,1,3.7
R00286,R01069,27,4,0,1,1,3.7
R00286,R01102,27,27,3,0,6,22.2
R00286,R01106,27,21,1,0,1,3.7
R00286,R01148,27,9,2,0,2,7.4
R00286,R01225,27,15,2,0,2,7.4
R00286,R01247,27,19,1,0,1,3.7
R00286,R01256,27,19,2,0,2,7.4
R00286,R01259,27,23,1,0,1,3.7
R00286,R01280,27,15,2,0,6,22.2
R00286,R01442,27,8,2,0,2,7.4
R00286,R01497,27,18,2,0,2,7.4
R00286,R01498,27,20,1,0,1,3.7
R00286,R01710,27,27,1,0,1,3.7
R00286,R01728,27,8,1,0,1,3.7
R00286,R01834,27,15,2,0,2,7.4
R00286,R01886,27,11,1,0,1,3.7
R00286,R02079,27,5,1,0,1,3.7
R00287,R00467,23,25,1,0,1,4.0
R00287,R00470,23,40,1,0,1,2.5
R00287,R00615,23,2,0,1,1,4.3
R00287,R00619,23,20,1,0,1,4.3
R00287,R00637,23,3,0,1,1,4.3
R00287,R01138,23,18,1,15,16,69.6
R00287,R01347,23,4,0,1,1,4.3
R00287,R01659,23,3,0,1,1,4.3
R00287,R01661,23,3,0,1,1,4.3
R00287,R01833,23,9,2,0,2,8.7
R00287,R01946,23,2,0,1,1,4.3
R00287,R01947,23,2,0,1,1,4.3
R00287,R02040,23,5,0,3,5,21.7
R00289,R00375,28,24,0,9,15,53.6
R00289,R01805,28,7,0,6,7,25.0
R00289,R01807,28,9,0,9,9,32.1
R00289,R01880,28,15,1,0,12,42.9
R00290,R00298,19,30,1,0,1,3.3
R00290,R00352,19,8,0,1,1,5.3
R00290,R00359,19,11,1,0,1,5.3
R00290,R00367,19,5,1,0,1,5.3
R00290,R00372,19,44,0,1,1,2.3
R00290,R00432,19,14,0,1,2,10.5
R00290,R00449,19,19,0,2,2,10.5
R00290,R00453,19,18,0,1,2,10.5
R00290,R00498,19,42,0,1,1,2.4
R00290,R00519,19,18,0,1,1,5.3
R00290,R00520,19,10,0,2,3,15.8
R00290,R00588,19,14,0,1,1,5.3
R00290,R00649,19,7,0,1,1,5.3
R00290,R00662,19,22,0,2,2,9.1
R00290,R00693,19,9,0,2,9,47.4
R00290,R00723,19,5,0,1,1,5.3
R00290,R00724,19,14,0,1,1,5.3
R00290,R00758,19,8,0,1,1,5.3
R00290,R00780,19,54,0,1,1,1.9
R00290,R00796,19,43,0,1,1,2.3
R00290,R00842,19,22,1,0,3,13.6
R00290,R00846,19,22,1,0,1,4.5
R00290,R00893,19,5,0,1,1,5.3
R00290,R00931,19,11,0,2,2,10.5
R00290,R00963,19,12,0,12,12,63.2
R00290,R01007,19,13,0,2,2,10.5
R00290,R01030,19,12,0,1,1,5.3
R00290,R01031,19,14,0,1,1,5.3
R00290,R01082,19,11,0,11,11,57.9
R00290,R01087,19,12,1,0,3,15.8
R00290,R01088,19,3,0,1,1,5.3
R00290,R01131,19,7,0,1,1,5.3
R00290,R01133,19,8,0,1,1,5.3
R00290,R01135,19,4,0,1,1,5.3
R00290,R01265,19,23,0,1,1,4.3
R00290,R01292,19,7,1,0,1,5.3
R00290,R01322,19,14,0,1,1,5.3
R00290,R01362,19,13,1,0,1,5.3
R00290,R01365,19,8,0,1,1,5.3
R00290,R01380,19,8,0,1,1,5.3
R00290,R01411,19,10,1,0,1,5.3
R00290,R01438,19,4,1,0,1,5.3
R00290,R01447,19,21,1,0,1,4.8
R00290,R01450,19,34,1,0,1,2.9
R00290,R01452,19,21,3,0,10,47.6
R00290,R01525,19,3,1,0,1,5.3
R00290,R01726,19,20,1,0,1,5.0
R00290,R01753,19,5,1,0,1,5.3
R00290,R01773,19,41,0,1,1,2.4
R00290,R01813,19,7,0,1,1,5.3
R00290,R01816,19,3,0,1,1,5.3
R00290,R01908,19,35,0,1,2,5.7
R00290,R02012,19,7,1,0,1,5.3
R00290,R02044,19,24,0,1,2,8.3
R00291,R00292,4,3,0,3,3,75.0
R00291,R00295,4,2,2,0,2,50.0
R00291,R01831,4,13,1,0,1,7.7
R00293,R00344,19,33,1,0,1,3.0
R00293,R00581,19,28,1,0,1,3.6
R00293,R00638,19,29,1,0,1,3.4
R00293,R00642,19,8,1,0,1,5.3
R00293,R00880,19,22,1,0,3,13.6
R00293,R00902,19,22,1,0,1,4.5
R00293,R00909,19,8,1,0,2,10.5
R00293,R00975,19,28,1,0,6,21.4
R00293,R00989,19,16,1,0,1,5.3
R00293,R01054,19,18,1,0,1,5.3
R00293,R01102,19,27,1,0,1,3.7
R00293,R01106,19,21,1,0,3,14.3
R00293,R01148,19,9,1,0,1,5.3
R00293,R01225,19,15,1,0,1,5.3
R00293,R01236,19,9,0,9,9,47.4
R00293,R01247,19,19,1,0,1,5.3
R00293,R01256,19,19,1,0,1,5.3
R00293,R01259,19,23,1,0,1,4.3
R00293,R01280,19,15,1,0,1,5.3
R00293,R01442,19,8,1,0,1,5.3
R00293,R01497,19,18,1,0,1,5.3
R00293,R01498,19,20,1,0,1,5.0
R00293,R01710,19,27,1,0,1,3.7
R00293,R01728,19,8,1,0,1,5.3
R00293,R01834,19,15,1,0,1,5.3
R00293,R01886,19,11,4,0,7,36.8
R00293,R02079,19,5,1,0,2,10.5
R00294,R00603,6,9,4,2,6,66.7
R00294,R00913,6,24,3,0,3,12.5
R00294,R01682,6,20,3,0,3,15.0
R00295,R00309,2,3,0,1,1,33.3
R00295,R01831,2,13,1,0,1,7.7
R00296,R01076,23,30,4,0,19,63.3
R00296,R01438,23,4,0,1,1,4.3
R00296,R01469,23,2,0,1,1,4.3
R00297,R00491,21,26,0,14,14,53.8
R00297,R00524,21,16,0,2,2,9.5
R00297,R00526,21,16,0,2,10,47.6
R00297,R00536,21,22,0,2,10,45.5
R00297,R00608,21,14,0,14,14,66.7
R00297,R00610,21,27,0,21,21,77.8
R00297,R00624,21,12,0,2,2,9.5
R00297,R00654,21,27,0,2,21,77.8
R00297,R01587,21,29,0,2,2,6.9
R00297,R01639,21,26,0,2,2,7.7
R00297,R01674,21,13,0,2,2,9.5
R00297,R01745,21,24,0,14,14,58.3
R00297,R01969,21,26,0,2,2,7.7
R00297,R01975,21,26,0,2,2,7.7
R00298,R00299,30,17,0,4,15,50.0
R00298,R00359,30,11,1,0,1,3.3
R00298,R00367,30,5,1,0,1,3.3
R00298,R00506,30,19,0,4,18,60.0
R00298,R00810,30,20,0,4,17,56.7
R00298,R00842,30,22,1,0,1,3.3
R00298,R00846,30,22,2,0,2,6.7
R00298,R00992,30,34,0,24,27,79.4
R00298,R01087,30,12,1,0,1,3.3
R00298,R01292,30,7,1,0,2,6.7
R00298,R01362,30,13,1,0,1,3.3
R00298,R01411,30,10,1,0,1,3.3
R00298,R01438,30,4,4,0,4,13.3
R00298,R01447,30,21,3,4,20,66.7
R00298,R01450,30,34,2,27,29,85.3
R00298,R01452,30,21,1,0,1,3.3
R00298,R01525,30,3,1,0,1,3.3
R00298,R01654,30,23,0,4,19,63.3
R00298,R01724,30,29,0,19,25,83.3
R00298,R01726,30,20,1,0,1,3.3
R00298,R01753,30,5,1,0,1,3.3
R00298,R02012,30,7,1,0,1,3.3
R00299,R00304,17,21,3,0,4,19.0
R00299,R00347,17,33,1,0,2,6.1
R00299,R00441,17,23,1,0,1,4.3
R00299,R00506,17,19,0,5,11,57.9
R00299,R00661,17,35,1,0,2,5.7
R00299,R00792,17,20,4,0,4,20.0
R00299,R00810,17,20,1,6,17,85.0
R00299,R00830,17,31,1,0,1,3.2
R00299,R00886,17,14,2,0,2,11.8
R00299,R00889,17,13,2,0,2,11.8
R00299,R00900,17,14,2,0,2,11.8
R00299,R00966,17,39,1,0,2,5.1
R00299,R00992,17,34,0,4,17,50.0
R00299,R01366,17,13,1,0,1,5.9
R00299,R01403,17,21,1,0,1,4.8
R00299,R01447,17,21,0,15,15,71.4
R00299,R01450,17,34,0,4,16,47.1
R00299,R01451,17,7,1,0,1,5.9
R00299,R01654,17,23,0,14,17,73.9
R00299,R01724,17,29,0,4,14,48.3
R00299,R01848,17,24,1,0,1,4.2
R00300,R00305,7,10,0,1,1,10.0
R00300,R00306,7,16,0,1,1,6.2
R00300,R00312,7,4,1,0,1,14.3
R00300,R00318,7,8,0,1,1,12.5
R00300,R00341,7,36,0,1,6,16.7
R00300,R00360,7,22,1,0,1,4.5
R00300,R00404,7,6,1,0,1,14.3
R00300,R00438,7,3,0,1,1,14.3
R00300,R00443,7,4,0,4,4,57.1
R00300,R00453,7,18,1,0,1,5.6
R00300,R00463,7,10,0,1,1,10.0
R00300,R00468,7,45,1,0,1,2.2
R00300,R00531,7,9,0,1,1,11.1
R00300,R00534,7,4,0,1,1,14.3
R00300,R00644,7,3,0,1,3,42.9
R00300,R00769,7,15,1,0,1,6.7
R00300,R00873,7,13,0,1,6,46.2
R00300,R00875,7,36,0,1,6,16.7
R00300,R00949,7,13,1,0,1,7.7
R00300,R00991,7,31,1,0,1,3.2
R00300,R01060,7,2,1,0,1,14.3
R00300,R01061,7,32,0,7,7,21.9
R00300,R01305,7,29,0,1,1,3.4
R00300,R01388,7,26,1,0,1,3.8
R00300,R01400,7,15,1,0,1,6.7
R00300,R01404,7,13,1,0,1,7.7
R00300,R01573,7,6,0,1,1,14.3
R00300,R01612,7,14,1,0,1,7.1
R00300,R01613,7,19,1,0,1,5.3
R00300,R01635,7,4,4,0,4,57.1
R00300,R01801,7,17,0,1,1,5.9
R00300,R01973,7,11,1,0,1,9.1
R00300,R02044,7,24,1,0,1,4.2
R00300,R02045,7,9,3,0,3,33.3
R00301,R01103,15,18,0,7,7,38.9
R00302,R00324,24,24,3,8,20,83.3
R00302,R00374,24,23,0,1,1,4.2
R00302,R00383,24,15,0,1,1,4.2
R00302,R00689,24,25,2,0,2,8.0
R00302,R01107,24,16,0,8,13,54.2
R00302,R01111,24,17,0,8,13,54.2
R00302,R01125,24,19,0,1,1,4.2
R00302,R01304,24,5,0,1,1,4.2
R00302,R01378,24,21,0,13,20,83.3
R00302,R01523,24,22,2,2,13,54.2
R00302,R01589,24,10,0,1,1,4.2
R00302,R01863,24,3,1,0,1,4.2
R00302,R01911,24,18,1,0,1,4.2
R00302,R01965,24,7,0,1,1,4.2
R00302,R01970,24,8,0,1,1,4.2
R00302,R02019,24,11,1,0,1,4.2
R00303,R00307,13,18,0,2,11,61.1
R00303,R00317,13,21,0,2,10,47.6
R00303,R00335,13,13,0,4,4,30.8
R00303,R00639,13,6,0,2,2,15.4
R00303,R00721,13,13,0,2,2,15.4
R00303,R00771,13,16,0,1,1,6.2
R00303,R00772,13,15,0,1,1,6.7
R00303,R00790,13,18,0,1,1,5.6
R00303,R00839,13,9,0,7,7,53.8
R00303,R00949,13,13,0,4,4,30.8
R00303,R01073,13,12,0,1,1,7.7
R00303,R01076,13,30,0,1,1,3.3
R00303,R01396,13,12,0,5,8,61.5
R00303,R01398,13,10,3,0,3,23.1
R00303,R01407,13,12,1,0,1,7.7
R00303,R01409,13,5,1,0,1,7.7
R00303,R01455,13,10,0,1,1,7.7
R00303,R01456,13,6,0,1,1,7.7
R00303,R01480,13,16,1,2,11,68.8
R00303,R01485,13,13,1,0,1,7.7
R00303,R01504,13,3,0,1,1,7.7
R00303,R01527,13,7,0,7,7,53.8
R00303,R01574,13,7,0,1,1,7.7
R00303,R01616,13,3,1,0,1,7.7
R00303,R01693,13,12,3,2,11,84.6
R00303,R01695,13,8,1,0,1,7.7
R00303,R01761,13,11,0,1,1,7.7
R00303,R01803,13,13,1,2,10,76.9
R00304,R00347,21,33,1,0,2,6.1
R00304,R00441,21,23,1,0,1,4.3
R00304,R00492,21,19,0,1,1,4.8
R00304,R00541,21,9,0,1,1,4.8
R00304,R00543,21,11,0,1,1,4.8
R00304,R00544,21,10,0,1,1,4.8
R00304,R00545,21,8,0,1,1,4.8
R00304,R00547,21,7,0,1,1,4.8
R00304,R00549,21,6,0,1,1,4.8
R00304,R00661,21,35,1,0,2,5.7
R00304,R00792,21,20,3,17,19,90.5
R00304,R00810,21,20,1,0,5,23.8
R00304,R00830,21,31,1,0,1,3.2
R00304,R00846,21,22,0,12,12,54.5
R00304,R00886,21,14,2,0,2,9.5
R00304,R00889,21,13,2,0,2,9.5
R00304,R00900,21,14,2,0,2,9.5
R00304,R00966,21,39,1,0,2,5.1
R00304,R01340,21,4,0,1,1,4.8
R00304,R01366,21,13,1,0,1,4.8
R00304,R01403,21,21,1,0,1,4.8
R00304,R01451,21,7,1,0,1,4.8
R00304,R01472,21,7,0,7,7,33.3
R00304,R01483,21,10,0,1,1,4.8
R00304,R01487,21,7,0,1,1,4.8
R00304,R01812,21,6,0,1,1,4.8
R00304,R01848,21,24,1,0,1,4.2
R00304,R01900,21,8,0,1,1,4.8
R00304,R01901,21,6,0,1,1,4.8
R00305,R00306,10,16,0,1,1,6.2
R00305,R00318,10,8,0,1,1,10.0
R00305,R00321,10,71,3,0,9,12.7
R00305,R00341,10,36,0,1,1,2.8
R00305,R00438,10,3,0,1,1,10.0
R00305,R00443,10,4,0,1,1,10.0
R00305,R00463,10,10,0,1,1,10.0
R00305,R00531,10,9,0,1,3,30.0
R00305,R00534,10,4,0,1,2,20.0
R00305,R00574,10,13,1,0,1,7.7
R00305,R00625,10,13,1,0,1,7.7
R00305,R00644,10,3,0,1,1,10.0
R00305,R00714,10,12,1,0,1,8.3
R00305,R00871,10,6,1,0,1,10.0
R00305,R00873,10,13,0,1,1,7.7
R00305,R00875,10,36,0,1,1,2.8
R00305,R00938,10,5,1,0,3,30.0
R00305,R01061,10,32,0,1,1,3.1
R00305,R01128,10,10,1,0,1,10.0
R00305,R01129,10,18,1,0,1,5.6
R00305,R01143,10,4,1,0,1,10.0
R00305,R01149,10,7,1,0,5,50.0
R00305,R01244,10,22,1,0,1,4.5
R00305,R01258,10,13,1,0,1,7.7
R00305,R01270,10,17,1,0,1,5.9
R00305,R01305,10,29,0,1,1,3.4
R00305,R01573,10,6,0,1,1,10.0
R00305,R01673,10,12,1,0,1,8.3
R00305,R01795,10,2,1,0,1,10.0
R00305,R01801,10,17,0,1,1,5.9
R00305,R01845,10,7,1,0,1,10.0
R00305,R02062,10,34,1,0,1,2.9
R00305,R02097,10,27,1,0,1,3.7
R00306,R00318,16,8,0,1,1,6.2
R00306,R00341,16,36,0,1,1,2.8
R00306,R00438,16,3,0,1,1,6.2
R00306,R00443,16,4,0,1,1,6.2
R00306,R00463,16,10,0,1,1,6.2
R00306,R00531,16,9,0,1,1,6.2
R00306,R00534,16,4,0,1,1,6.2
R00306,R00644,16,3,0,1,1,6.2
R00306,R00873,16,13,0,1,1,6.2
R00306,R00875,16,36,0,1,1,2.8
R00306,R01061,16,32,0,1,1,3.1
R00306,R01305,16,29,0,16,16,55.2
R00306,R01378,16,21,1,0,9,42.9
R00306,R01573,16,6,0,1,1,6.2
R00306,R01801,16,17,0,16,16,94.1
R00307,R00317,18,21,0,2,16,76.2
R00307,R00335,18,13,0,2,3,16.7
R00307,R00460,18,17,4,0,9,50.0
R00307,R00639,18,6,0,2,2,11.1
R00307,R00721,18,13,0,2,2,11.1
R00307,R00771,18,16,0,1,1,5.6
R00307,R00772,18,15,0,1,1,5.6
R00307,R00790,18,18,0,1,1,5.6
R00307,R00839,18,9,0,2,5,27.8
R00307,R00949,18,13,0,2,3,16.7
R00307,R01073,18,12,0,1,1,5.6
R00307,R01076,18,30,0,1,1,3.3
R00307,R01396,18,12,0,2,7,38.9
R00307,R01408,18,5,1,0,5,27.8
R00307,R01455,18,10,0,1,1,5.6
R00307,R01456,18,6,0,1,1,5.6
R00307,R01480,18,16,0,9,12,66.7
R00307,R01504,18,3,0,1,1,5.6
R00307,R01527,18,7,0,2,5,27.8
R00307,R01574,18,7,0,1,1,5.6
R00307,R01693,18,12,0,7,11,61.1
R00307,R01761,18,11,0,1,1,5.6
R00307,R01803,18,13,0,2,11,61.1
R00311,R00314,32,20,0,10,19,59.4
R00311,R00390,32,12,0,4,7,21.9
R00311,R00454,32,23,2,0,2,6.2
R00311,R00589,32,21,0,10,21,65.6
R00311,R00602,32,28,0,10,15,46.9
R00311,R00638,32,29,0,5,13,40.6
R00311,R00704,32,68,0,14,19,27.9
R00311,R00760,32,16,4,0,4,12.5
R00311,R00806,32,11,0,4,7,21.9
R00311,R00838,32,16,0,12,13,40.6
R00311,R00841,32,17,0,4,12,37.5
R00311,R00845,32,25,0,25,25,78.1
R00311,R00863,32,34,0,14,14,41.2
R00311,R00879,32,16,0,4,9,28.1
R00311,R01055,32,24,0,10,13,40.6
R00311,R01059,32,21,2,0,3,9.4
R00311,R01061,32,32,2,0,2,6.2
R00311,R01074,32,16,0,4,10,31.2
R00311,R01077,32,43,0,28,28,65.1
R00311,R01102,32,27,0,8,13,40.6
R00311,R01198,32,19,2,0,9,28.1
R00311,R01267,32,14,0,10,12,37.5
R00311,R01279,32,7,0,7,7,21.9
R00311,R01281,32,42,0,10,22,52.4
R00311,R01307,32,38,0,25,25,65.8
R00311,R01515,32,23,0,10,13,40.6
R00311,R01522,32,27,0,10,12,37.5
R00311,R01570,32,19,2,0,3,9.4
R00311,R01626,32,18,2,0,2,6.2
R00311,R01691,32,36,0,10,18,50.0
R00311,R01697,32,34,0,28,28,82.4
R00311,R01706,32,21,0,10,19,59.4
R00311,R01859,32,6,0,1,1,3.1
R00311,R01905,32,44,0,28,28,63.6
R00311,R01915,32,9,2,0,2,6.2
R00311,R02086,32,36,0,25,25,69.4
R00312,R00326,4,19,0,4,4,21.1
R00312,R00360,4,22,1,0,1,4.5
R00312,R00404,4,6,1,0,1,16.7
R00312,R00453,4,18,1,0,1,5.6
R00312,R00462,4,7,0,4,4,57.1
R00312,R00468,4,45,1,0,1,2.2
R00312,R00769,4,15,1,0,1,6.7
R00312,R00949,4,13,1,0,1,7.7
R00312,R00991,4,31,1,0,1,3.2
R00312,R01060,4,2,1,0,1,25.0
R00312,R01388,4,26,1,0,1,3.8
R00312,R01400,4,15,1,0,1,6.7
R00312,R01404,4,13,1,0,1,7.7
R00312,R01407,4,12,0,2,2,16.7
R00312,R01485,4,13,0,2,2,15.4
R00312,R01612,4,14,1,0,1,7.1
R00312,R01613,4,19,1,0,1,5.3
R00312,R01635,4,4,1,0,1,25.0
R00312,R01695,4,8,0,2,2,25.0
R00312,R01973,4,11,1,0,1,9.1
R00312,R02044,4,24,1,0,1,4.2
R00312,R02045,4,9,1,0,1,11.1
R00313,R00320,10,8,1,0,1,10.0
R00313,R00327,10,4,1,0,2,20.0
R00313,R00344,10,33,0,3,9,27.3
R00313,R00356,10,16,0,1,1,6.2
R00313,R00357,10,16,0,1,1,6.2
R00313,R00378,10,30,0,1,1,3.3
R00313,R00433,10,7,1,0,1,10.0
R00313,R00455,10,73,0,3,9,12.3
R00313,R00465,10,50,1,0,1,2.0
R00313,R00472,10,9,0,1,1,10.0
R00313,R00473,10,32,1,0,1,3.1
R00313,R00480,10,29,0,1,1,3.4
R00313,R00486,10,18,0,3,9,50.0
R00313,R00507,10,23,1,0,1,4.3
R00313,R00577,10,3,1,0,1,10.0
R00313,R00581,10,28,0,1,1,3.6
R00313,R00586,10,4,1,0,1,10.0
R00313,R00613,10,9,1,0,3,30.0
R00313,R00750,10,31,0,1,1,3.2
R00313,R00935,10,47,0,3,9,19.1
R00313,R00948,10,51,0,3,9,17.6
R00313,R00983,10,29,1,0,1,3.4
R00313,R01107,10,16,1,0,1,6.2
R00313,R01111,10,17,1,0,1,5.9
R00313,R01127,10,10,0,1,1,10.0
R00313,R01152,10,10,0,1,1,10.0
R00313,R01169,10,15,0,3,9,60.0
R00313,R01176,10,19,0,1,1,5.3
R00313,R01201,10,13,0,1,1,7.7
R00313,R01202,10,7,0,1,5,50.0
R00313,R01221,10,14,0,1,1,7.1
R00313,R01260,10,13,0,1,1,7.7
R00313,R01271,10,10,0,1,1,10.0
R00313,R01273,10,11,0,1,1,9.1
R00313,R01303,10,15,0,1,1,6.7
R00313,R01464,10,22,0,1,1,4.5
R00313,R01591,10,20,0,1,1,5.0
R00313,R01720,10,6,0,1,1,10.0
R00313,R01796,10,9,0,1,1,10.0
R00313,R01844,10,24,0,1,1,4.2
R00313,R01853,10,11,0,1,1,9.1
R00313,R01860,10,11,0,1,1,9.1
R00313,R01865,10,28,0,1,1,3.6
R00313,R01879,10,22,0,1,1,4.5
R00313,R02061,10,4,0,1,1,10.0
R00313,R02071,10,6,1,0,3,30.0
R00314,R00352,20,8,1,0,1,5.0
R00314,R00390,20,12,0,4,7,35.0
R00314,R00505,20,33,1,0,1,3.0
R00314,R00519,20,18,1,0,1,5.0
R00314,R00552,20,4,1,0,1,5.0
R00314,R00565,20,9,1,0,1,5.0
R00314,R00589,20,21,0,15,19,90.5
R00314,R00602,20,28,0,13,15,53.6
R00314,R00638,20,29,0,5,12,41.4
R00314,R00704,20,68,0,10,15,22.1
R00314,R00806,20,11,0,4,7,35.0
R00314,R00838,20,16,0,10,12,60.0
R00314,R00841,20,17,0,4,11,55.0
R00314,R00845,20,25,0,10,19,76.0
R00314,R00863,20,34,0,10,13,38.2
R00314,R00879,20,16,0,4,9,45.0
R00314,R00897,20,16,1,0,1,5.0
R00314,R01055,20,24,0,13,13,54.2
R00314,R01063,20,28,1,0,1,3.6
R00314,R01074,20,16,0,4,10,50.0
R00314,R01077,20,43,0,10,19,44.2
R00314,R01102,20,27,0,8,12,44.4
R00314,R01113,20,1,1,0,1,5.0
R00314,R01115,20,2,2,0,2,10.0
R00314,R01267,20,14,0,11,12,60.0
R00314,R01279,20,7,0,7,7,35.0
R00314,R01281,20,42,0,19,19,45.2
R00314,R01307,20,38,0,10,20,52.6
R00314,R01515,20,23,0,13,13,56.5
R00314,R01518,20,18,1,0,1,5.0
R00314,R01522,20,27,0,11,12,44.4
R00314,R01546,20,32,2,0,2,6.2
R00314,R01691,20,36,0,13,15,41.7
R00314,R01697,20,34,0,10,19,55.9
R00314,R01706,20,21,0,20,20,95.2
R00314,R01734,20,21,2,0,2,9.5
R00314,R01859,20,6,0,1,1,5.0
R00314,R01905,20,44,0,10,19,43.2
R00314,R02086,20,36,0,10,19,52.8
R00315,R00382,4,8,0,1,3,37.5
R00315,R00822,4,4,1,1,3,75.0
R00316,R00349,19,8,1,0,1,5.3
R00316,R00358,19,16,0,1,8,42.1
R00316,R00386,19,5,3,0,3,15.8
R00316,R00409,19,24,4,0,12,50.0
R00316,R00456,19,13,2,0,8,42.1
R00316,R00466,19,33,1,1,19,57.6
R00316,R00512,19,16,1,0,1,5.3
R00316,R00527,19,15,1,0,1,5.3
R00316,R00562,19,49,1,0,1,2.0
R00316,R00634,19,15,1,0,1,5.3
R00316,R00635,19,12,1,0,1,5.3
R00316,R00673,19,13,1,0,1,5.3
R00316,R00738,19,3,1,0,1,5.3
R00316,R00771,19,16,2,0,2,10.5
R00316,R00772,19,15,1,0,1,5.3
R00316,R00781,19,10,2,0,3,15.8
R00316,R00790,19,18,2,0,2,10.5
R00316,R00891,19,9,1,0,1,5.3
R00316,R00944,19,17,1,0,1,5.3
R00316,R00964,19,57,1,0,1,1.8
R00316,R00976,19,11,3,0,3,15.8
R00316,R00995,19,12,2,0,3,15.8
R00316,R01013,19,12,1,0,1,5.3
R00316,R01075,19,9,2,0,3,15.8
R00316,R01081,19,9,2,0,3,15.8
R00316,R01085,19,12,1,0,2,10.5
R00316,R01355,19,7,0,1,5,26.3
R00316,R01408,19,5,0,1,1,5.3
R00316,R01454,19,20,1,0,1,5.0
R00316,R01605,19,8,0,8,8,42.1
R00316,R01614,19,3,0,1,1,5.3
R00316,R01620,19,7,0,1,3,15.8
R00316,R01623,19,9,0,6,8,42.1
R00316,R01714,19,5,0,5,5,26.3
R00316,R01761,19,11,1,0,1,5.3
R00316,R01789,19,11,1,0,1,5.3
R00316,R01815,19,3,1,0,3,15.8
R00316,R01909,19,21,3,0,11,52.4
R00316,R01950,19,12,0,1,3,15.8
R00316,R01968,19,15,2,0,2,10.5
R00316,R01973,19,11,0,1,5,26.3
R00316,R02086,19,36,1,0,1,2.8
R00316,R02099,19,6,1,0,1,5.3
R00317,R00335,21,13,0,2,2,9.5
R00317,R00449,21,19,2,0,2,9.5
R00317,R00450,21,4,2,0,2,9.5
R00317,R00639,21,6,0,2,2,9.5
R00317,R00721,21,13,0,2,2,9.5
R00317,R00771,21,16,0,1,1,4.8
R00317,R00772,21,15,0,1,1,4.8
R00317,R00790,21,18,0,1,1,4.8
R00317,R00839,21,9,0,2,4,19.0
R00317,R00949,21,13,0,2,2,9.5
R00317,R01073,21,12,0,1,1,4.8
R00317,R01076,21,30,0,1,1,3.3
R00317,R01396,21,12,0,2,6,28.6
R00317,R01455,21,10,0,1,1,4.8
R00317,R01456,21,6,0,1,1,4.8
R00317,R01480,21,16,0,2,10,47.6
R00317,R01504,21,3,0,1,1,4.8
R00317,R01527,21,7,0,2,4,19.0
R00317,R01574,21,7,0,1,1,4.8
R00317,R01693,21,12,0,2,10,47.6
R00317,R01761,21,11,0,1,1,4.8
R00317,R01803,21,13,0,6,10,47.6
R00318,R00341,8,36,0,1,1,2.8
R00318,R00438,8,3,0,1,1,12.5
R00318,R00443,8,4,0,1,1,12.5
R00318,R00463,8,10,0,1,1,10.0
R00318,R00531,8,9,0,2,2,22.2
R00318,R00534,8,4,0,2,2,25.0
R00318,R00644,8,3,0,1,1,12.5
R00318,R00873,8,13,0,1,1,7.7
R00318,R00875,8,36,0,1,1,2.8
R00318,R01061,8,32,0,1,1,3.1
R00318,R01305,8,29,0,1,1,3.4
R00318,R01573,8,6,0,1,1,12.5
R00318,R01801,8,17,0,1,1,5.9
R00319,R00749,29,60,3,0,16,26.7
R00319,R00968,29,59,0,14,27,45.8
R00319,R01356,29,11,0,3,3,10.3
R00319,R01359,29,13,0,1,1,3.4
R00319,R01494,29,22,3,0,6,20.7
R00319,R01663,29,11,3,0,11,37.9
R00319,R01711,29,4,0,1,1,3.4
R00319,R01982,29,11,0,1,1,3.4
R00319,R01983,29,13,0,1,1,3.4
R00320,R00327,8,4,2,0,2,25.0
R00320,R00433,8,7,1,6,7,87.5
R00320,R00465,8,50,1,0,1,2.0
R00320,R00473,8,32,1,0,1,3.1
R00320,R00507,8,23,1,0,1,4.3
R00320,R00577,8,3,1,0,1,12.5
R00320,R00586,8,4,1,0,1,12.5
R00320,R00613,8,9,2,0,2,22.2
R00320,R00983,8,29,1,0,1,3.4
R00320,R01107,8,16,1,0,1,6.2
R00320,R01111,8,17,1,0,1,5.9
R00320,R02071,8,6,2,0,2,25.0
R00321,R00346,71,14,0,14,14,19.7
R00321,R00350,71,25,0,11,21,29.6
R00321,R00351,71,18,0,11,14,19.7
R00321,R00574,71,13,1,0,1,1.4
R00321,R00580,71,5,0,2,2,2.8
R00321,R00625,71,13,1,0,1,1.4
R00321,R00714,71,12,1,0,1,1.4
R00321,R00871,71,6,1,0,1,1.4
R00321,R00938,71,5,1,0,3,4.2
R00321,R01128,71,10,1,0,1,1.4
R00321,R01129,71,18,1,0,1,1.4
R00321,R01143,71,4,1,0,1,1.4
R00321,R01149,71,7,1,0,4,5.6
R00321,R01244,71,22,1,0,1,1.4
R00321,R01246,71,40,0,11,26,36.6
R00321,R01258,71,13,1,0,1,1.4
R00321,R01270,71,17,1,0,1,1.4
R00321,R01325,71,19,0,11,14,19.7
R00321,R01381,71,57,0,13,23,32.4
R00321,R01673,71,12,1,0,1,1.4
R00321,R01784,71,25,0,25,25,35.2
R00321,R01795,71,2,1,0,1,1.4
R00321,R01819,71,15,0,13,14,19.7
R00321,R01845,71,7,1,0,1,1.4
R00321,R02062,71,34,1,0,1,1.4
R00321,R02097,71,27,1,0,1,1.4
R00322,R00458,15,12,2,1,3,20.0
R00322,R00753,15,37,2,0,3,8.1
R00322,R00802,15,17,2,0,2,11.8
R00322,R00803,15,7,3,0,3,20.0
R00322,R00867,15,14,0,14,14,93.3
R00322,R00926,15,11,0,1,1,6.7
R00322,R00928,15,11,0,5,5,33.3
R00322,R00929,15,13,2,5,7,46.7
R00322,R00958,15,5,0,1,1,6.7
R00322,R00961,15,6,2,0,2,13.3
R00322,R01516,15,3,0,1,1,6.7
R00322,R01820,15,8,2,0,2,13.3
R00323,R00493,23,3,1,0,1,4.3
R00323,R00628,23,26,0,2,2,7.7
R00323,R00872,23,16,0,4,15,65.2
R00323,R00874,23,16,0,4,12,52.2
R00323,R00881,23,27,0,9,20,74.1
R00323,R00882,23,24,0,9,20,83.3
R00323,R00888,23,21,0,9,19,82.6
R00323,R00890,23,16,0,4,14,60.9
R00323,R00898,23,22,0,8,14,60.9
R00323,R01000,23,17,0,4,14,60.9
R00323,R01210,23,24,0,2,2,8.3
R00323,R01269,23,11,0,4,7,30.4
R00323,R01350,23,2,1,0,1,4.3
R00323,R01352,23,11,1,0,1,4.3
R00323,R01382,23,13,0,2,2,8.7
R00323,R01405,23,19,0,2,2,8.7
R00323,R01540,23,12,0,2,2,8.7
R00323,R01557,23,11,0,2,2,8.7
R00323,R01685,23,16,0,2,2,8.7
R00323,R01823,23,21,0,4,15,65.2
R00323,R01824,23,7,1,0,1,4.3
R00323,R01868,23,12,0,4,12,52.2
R00323,R01871,23,10,0,4,10,43.5
R00323,R01881,23,12,2,4,12,52.2
R00323,R01882,23,11,0,4,11,47.8
R00323,R01887,23,25,0,2,2,8.0
R00323,R01891,23,16,0,4,8,34.8
R00323,R01904,23,21,0,4,15,65.2
R00323,R01906,23,19,0,4,13,56.5
R00323,R01917,23,17,0,2,2,8.7
R00323,R01932,23,13,1,0,1,4.3
R00324,R00374,24,23,0,1,1,4.2
R00324,R00383,24,15,0,1,1,4.2
R00324,R00689,24,25,2,0,2,8.0
R00324,R01107,24,16,0,15,16,66.7
R00324,R01111,24,17,0,17,17,70.8
R00324,R01125,24,19,0,1,1,4.2
R00324,R01304,24,5,0,1,1,4.2
R00324,R01378,24,21,0,8,20,83.3
R00324,R01523,24,22,2,2,16,66.7
R00324,R01589,24,10,0,1,1,4.2
R00324,R01863,24,3,1,0,1,4.2
R00324,R01911,24,18,1,0,1,4.2
R00324,R01965,24,7,0,1,1,4.2
R00324,R01970,24,8,0,1,1,4.2
R00324,R02019,24,11,1,0,1,4.2
R00325,R00338,12,14,0,11,12,85.7
R00325,R00350,12,25,1,0,1,4.0
R00325,R00392,12,7,1,0,1,8.3
R00325,R00681,12,3,2,0,2,16.7
R00325,R00696,12,4,1,0,2,16.7
R00325,R00711,12,24,1,0,1,4.2
R00325,R00761,12,23,1,0,1,4.3
R00325,R00918,12,21,1,0,1,4.8
R00325,R01235,12,16,1,0,1,6.2
R00325,R01317,12,5,2,1,5,41.7
R00325,R01467,12,21,1,0,1,4.8
R00325,R01785,12,4,0,1,1,8.3
R00325,R01798,12,4,0,1,1,8.3
R00325,R01984,12,11,1,0,1,8.3
R00325,R01985,12,10,1,0,1,8.3
R00325,R01987,12,12,1,0,1,8.3
R00326,R00418,19,31,2,0,3,9.7
R00326,R00462,19,7,0,4,7,36.8
R00326,R00640,19,37,2,0,3,8.1
R00326,R00947,19,23,2,0,3,13.0
R00326,R01073,19,12,4,0,4,21.1
R00326,R01088,19,3,3,0,3,15.8
R00326,R01407,19,12,0,2,2,10.5
R00326,R01485,19,13,0,2,2,10.5
R00326,R01695,19,8,0,2,2,10.5
R00327,R00433,4,7,1,0,1,14.3
R00327,R00465,4,50,1,0,1,2.0
R00327,R00473,4,32,1,0,1,3.1
R00327,R00507,4,23,1,0,1,4.3
R00327,R00577,4,3,1,0,1,25.0
R00327,R00586,4,4,1,0,1,25.0
R00327,R00613,4,9,4,0,4,44.4
R00327,R00983,4,29,1,0,1,3.4
R00327,R01107,4,16,1,0,1,6.2
R00327,R01111,4,17,1,0,1,5.9
R00327,R02071,4,6,4,0,4,66.7
R00328,R00332,14,16,0,2,12,75.0
R00328,R00367,14,5,0,1,2,14.3
R00328,R00404,14,6,0,1,1,7.1
R00328,R00482,14,9,0,7,7,50.0
R00328,R00487,14,17,0,1,1,5.9
R00328,R00494,14,11,0,1,1,7.1
R00328,R00532,14,8,0,1,2,14.3
R00328,R00669,14,9,0,1,1,7.1
R00328,R00729,14,10,0,1,1,7.1
R00328,R00736,14,6,0,1,1,7.1
R00328,R00827,14,15,0,1,1,6.7
R00328,R00848,14,6,0,1,1,7.1
R00328,R00940,14,8,0,1,1,7.1
R00328,R01172,14,7,0,1,1,7.1
R00328,R01195,14,6,0,1,1,7.1
R00328,R01274,14,20,0,1,1,5.0
R00328,R01301,14,7,0,1,1,7.1
R00328,R01494,14,22,0,1,2,9.1
R00328,R01530,14,2,0,1,1,7.1
R00328,R01551,14,16,0,1,1,6.2
R00328,R01612,14,14,0,1,1,7.1
R00328,R01617,14,7,0,2,2,14.3
R00328,R01717,14,14,0,1,1,7.1
R00328,R01721,14,6,0,1,1,7.1
R00328,R01815,14,3,0,1,1,7.1
R00328,R01888,14,6,0,1,1,7.1
R00328,R01895,14,9,0,1,1,7.1
R00328,R01951,14,4,0,2,2,14.3
R00328,R01964,14,12,0,2,2,14.3
R00328,R01991,14,4,0,1,1,7.1
R00328,R01998,14,8,0,1,1,7.1
R00328,R02012,14,7,0,7,7,50.0
R00328,R02027,14,9,0,1,1,7.1
R00328,R02029,14,10,0,1,1,7.1
R00328,R02085,14,2,0,1,1,7.1
R00328,R02095,14,7,0,1,1,7.1
R00329,R00757,35,25,1,0,23,65.7
R00329,R01478,35,24,2,0,2,5.7
R00329,R01520,35,2,0,1,1,2.9
R00329,R01820,35,8,0,1,1,2.9
R00330,R01062,27,6,2,0,2,7.4
R00331,R00431,34,22,0,6,21,61.8
R00331,R00598,34,12,2,0,3,8.8
R00331,R00616,34,10,2,0,3,8.8
R00331,R00643,34,19,2,0,2,5.9
R00331,R00725,34,19,3,0,3,8.8
R00331,R00737,34,26,3,0,5,14.7
R00331,R00746,34,34,4,6,32,94.1
R00331,R00805,34,18,3,0,13,38.2
R00331,R00808,34,18,0,6,17,50.0
R00331,R00866,34,26,2,0,10,29.4
R00331,R00926,34,11,2,0,3,8.8
R00331,R00928,34,11,2,0,2,5.9
R00331,R01067,34,12,0,6,11,32.4
R00331,R01219,34,2,1,0,1,2.9
R00331,R01224,34,12,2,0,5,14.7
R00331,R01226,34,13,2,0,5,14.7
R00331,R01319,34,23,0,2,2,5.9
R00331,R01446,34,12,0,2,2,5.9
R00331,R01662,34,18,0,2,2,5.9
R00331,R01752,34,9,3,0,3,8.8
R00332,R00367,16,5,0,1,2,12.5
R00332,R00373,16,16,1,0,1,6.2
R00332,R00404,16,6,0,1,1,6.2
R00332,R00459,16,26,1,0,1,3.8
R00332,R00482,16,9,0,2,6,37.5
R00332,R00487,16,17,0,1,1,5.9
R00332,R00494,16,11,0,1,1,6.2
R00332,R00532,16,8,0,1,2,12.5
R00332,R00669,16,9,0,1,1,6.2
R00332,R00729,16,10,0,1,1,6.2
R00332,R00736,16,6,0,1,1,6.2
R00332,R00764,16,15,1,0,1,6.2
R00332,R00767,16,2,1,0,1,6.2
R00332,R00827,16,15,0,1,1,6.2
R00332,R00848,16,6,0,1,1,6.2
R00332,R00940,16,8,0,1,1,6.2
R00332,R01172,16,7,0,1,1,6.2
R00332,R01195,16,6,0,1,1,6.2
R00332,R01274,16,20,0,1,1,5.0
R00332,R01301,16,7,0,1,1,6.2
R00332,R01406,16,11,1,0,1,6.2
R00332,R01425,16,27,1,0,1,3.7
R00332,R01426,16,25,1,0,1,4.0
R00332,R01427,16,24,1,0,1,4.2
R00332,R01494,16,22,0,1,1,4.5
R00332,R01530,16,2,0,1,1,6.2
R00332,R01551,16,16,0,1,1,6.2
R00332,R01612,16,14,0,1,1,6.2
R00332,R01617,16,7,0,2,2,12.5
R00332,R01717,16,14,0,1,1,6.2
R00332,R01721,16,6,0,1,1,6.2
R00332,R01815,16,3,0,1,1,6.2
R00332,R01888,16,6,0,1,1,6.2
R00332,R01895,16,9,0,1,1,6.2
R00332,R01951,16,4,0,2,2,12.5
R00332,R01964,16,12,0,2,2,12.5
R00332,R01991,16,4,0,1,1,6.2
R00332,R01998,16,8,0,1,1,6.2
R00332,R02012,16,7,0,2,6,37.5
R00332,R02027,16,9,0,1,1,6.2
R00332,R02029,16,10,0,1,1,6.2
R00332,R02085,16,2,0,1,1,6.2
R00332,R02095,16,7,0,1,1,6.2
R00333,R00400,9,6,0,1,1,11.1
R00333,R00583,9,15,1,0,4,26.7
R00333,R00585,9,6,0,6,6,66.7
R00333,R01299,9,8,1,0,1,11.1
R00333,R01392,9,4,4,0,4,44.4
R00333,R01958,9,10,1,0,1,10.0
R00334,R00335,16,13,1,0,4,25.0
R00334,R00358,16,16,1,0,1,6.2
R00334,R00359,16,11,0,11,11,68.8
R00334,R00369,16,41,1,0,2,4.9
R00334,R00370,16,32,1,0,1,3.1
R00334,R00374,16,23,1,0,1,4.3
R00334,R00462,16,7,1,0,1,6.2
R00334,R00486,16,18,1,0,1,5.6
R00334,R00495,16,13,2,0,6,37.5
R00334,R00529,16,8,1,0,2,12.5
R00334,R00614,16,14,1,0,1,6.2
R00334,R00623,16,6,1,0,1,6.2
R00334,R00641,16,12,2,0,2,12.5
R00334,R00651,16,19,1,0,1,5.3
R00334,R00652,16,14,1,0,1,6.2
R00334,R00721,16,13,2,0,6,37.5
R00334,R00849,16,6,1,0,1,6.2
R00334,R00942,16,7,1,0,1,6.2
R00334,R01125,16,19,1,0,1,5.3
R00334,R01165,16,9,1,0,1,6.2
R00334,R01170,16,10,1,0,1,6.2
R00334,R01207,16,28,0,1,1,3.6
R00334,R01475,16,11,1,0,1,6.2
R00334,R01532,16,4,1,0,1,6.2
R00334,R01536,16,2,1,0,1,6.2
R00334,R01545,16,18,1,0,1,5.6
R00334,R01555,16,10,1,0,1,6.2
R00334,R01605,16,8,1,0,1,6.2
R00334,R01608,16,12,1,0,1,6.2
R00334,R01623,16,9,1,0,1,6.2
R00334,R01816,16,3,1,0,1,6.2
R00334,R01961,16,4,1,0,1,6.2
R00334,R01963,16,3,1,0,1,6.2
R00334,R02030,16,7,1,0,1,6.2
R00334,R02083,16,2,1,0,1,6.2
R00335,R00358,13,16,1,0,1,6.2
R00335,R00369,13,41,1,0,5,12.2
R00335,R00370,13,32,1,0,2,6.2
R00335,R00374,13,23,1,0,1,4.3
R00335,R00462,13,7,1,0,1,7.7
R00335,R00486,13,18,1,0,1,5.6
R00335,R00495,13,13,1,0,4,30.8
R00335,R00529,13,8,1,0,3,23.1
R00335,R00614,13,14,1,0,1,7.1
R00335,R00623,13,6,1,0,1,7.7
R00335,R00639,13,6,0,2,2,15.4
R00335,R00641,13,12,1,0,1,7.7
R00335,R00651,13,19,1,0,1,5.3
R00335,R00652,13,14,1,0,1,7.1
R00335,R00721,13,13,1,2,4,30.8
R00335,R00771,13,16,0,1,1,6.2
R00335,R00772,13,15,0,1,1,6.7
R00335,R00790,13,18,0,1,1,5.6
R00335,R00839,13,9,0,4,4,30.8
R00335,R00849,13,6,1,0,1,7.7
R00335,R00942,13,7,1,0,1,7.7
R00335,R00949,13,13,0,8,8,61.5
R00335,R01073,13,12,0,1,1,7.7
R00335,R01076,13,30,0,1,1,3.3
R00335,R01125,13,19,1,0,1,5.3
R00335,R01165,13,9,1,0,1,7.7
R00335,R01170,13,10,1,0,1,7.7
R00335,R01396,13,12,0,4,4,30.8
R00335,R01455,13,10,0,1,1,7.7
R00335,R01456,13,6,0,1,1,7.7
R00335,R01475,13,11,1,0,1,7.7
R00335,R01480,13,16,0,2,3,18.8
R00335,R01504,13,3,0,1,1,7.7
R00335,R01527,13,7,0,4,4,30.8
R00335,R01532,13,4,1,0,1,7.7
R00335,R01536,13,2,1,0,1,7.7
R00335,R01545,13,18,1,0,1,5.6
R00335,R01555,13,10,1,0,1,7.7
R00335,R01574,13,7,0,1,1,7.7
R00335,R01605,13,8,1,0,1,7.7
R00335,R01608,13,12,1,0,1,7.7
R00335,R01623,13,9,1,0,1,7.7
R00335,R01693,13,12,0,2,3,23.1
R00335,R01761,13,11,0,1,1,7.7
R00335,R01803,13,13,0,2,2,15.4
R00335,R01816,13,3,1,0,1,7.7
R00335,R01961,13,4,1,0,1,7.7
R00335,R01963,13,3,1,0,1,7.7
R00335,R02030,13,7,1,0,1,7.7
R00335,R02083,13,2,1,0,1,7.7
R00336,R00441,46,23,0,2,21,45.7
R00336,R00473,46,32,0,2,5,10.9
R00336,R00537,46,11,1,0,1,2.2
R00336,R00561,46,14,0,5,5,10.9
R00336,R00565,46,9,0,5,5,10.9
R00336,R00587,46,25,0,2,5,10.9
R00336,R00765,46,41,0,3,21,45.7
R00336,R00787,46,10,1,0,1,2.2
R00336,R00830,46,31,0,19,27,58.7
R00336,R00939,46,9,0,3,4,8.7
R00336,R00944,46,17,0,2,5,10.9
R00336,R01054,46,18,0,2,3,6.5
R00336,R01247,46,19,0,3,4,8.7
R00336,R01251,46,11,0,5,5,10.9
R00336,R01256,46,19,0,3,4,8.7
R00336,R01259,46,23,0,3,4,8.7
R00336,R01288,46,11,1,0,1,2.2
R00336,R01289,46,7,1,0,1,2.2
R00336,R01353,46,11,0,6,9,19.6
R00336,R01452,46,21,0,2,14,30.4
R00336,R01457,46,3,0,1,1,2.2
R00336,R01470,46,17,3,0,7,15.2
R00336,R01477,46,10,1,0,1,2.2
R00336,R01495,46,6,1,0,1,2.2
R00336,R01562,46,22,0,6,12,26.1
R00336,R01563,46,18,0,7,11,23.9
R00336,R01564,46,18,0,8,12,26.1
R00336,R01566,46,20,0,6,12,26.1
R00336,R01664,46,4,1,0,1,2.2
R00336,R01727,46,25,0,2,18,39.1
R00336,R01848,46,24,0,2,21,45.7
R00336,R01892,46,15,0,2,2,4.3
R00336,R01952,46,16,0,2,2,4.3
R00336,R01982,46,11,2,0,7,15.2
R00336,R01983,46,13,2,0,7,15.2
R00336,R02032,46,10,0,2,2,4.3
R00336,R02039,46,16,0,2,2,4.3
R00336,R02052,46,12,0,6,9,19.6
R00336,R02053,46,11,0,6,9,19.6
R00337,R00340,14,13,3,10,13,92.9
R00337,R00408,14,15,3,0,4,26.7
R00337,R00815,14,11,1,0,1,7.1
R00337,R01053,14,17,3,0,3,17.6
R00337,R01091,14,18,3,0,4,22.2
R00337,R01161,14,15,3,0,3,20.0
R00337,R01196,14,5,1,0,1,7.1
R00337,R01216,14,2,1,0,1,7.1
R00337,R01360,14,4,2,0,2,14.3
R00337,R01460,14,5,0,5,5,35.7
R00337,R01804,14,9,1,0,2,14.3
R00337,R01892,14,15,2,0,2,13.3
R00337,R01952,14,16,2,0,2,12.5
R00338,R00683,14,4,2,0,3,21.4
R00338,R00686,14,5,4,0,4,28.6
R00338,R01317,14,5,0,1,5,35.7
R00338,R01785,14,4,0,1,1,7.1
R00338,R01798,14,4,0,1,1,7.1
R00339,R00559,11,30,1,0,2,6.7
R00339,R00592,11,33,1,0,1,3.0
R00339,R00594,11,19,1,0,1,5.3
R00339,R00622,11,4,2,0,2,18.2
R00339,R00709,11,18,1,0,1,5.6
R00339,R00948,11,51,1,0,1,2.0
R00339,R01232,11,8,1,0,1,9.1
R00339,R01246,11,40,1,0,1,2.5
R00339,R01265,11,23,1,0,1,4.3
R00339,R01746,11,9,1,0,1,9.1
R00339,R01770,11,12,1,0,2,16.7
R00339,R01782,11,13,1,0,5,38.5
R00339,R01809,11,17,1,0,1,5.9
R00339,R01835,11,27,1,0,2,7.4
R00339,R02084,11,11,1,0,2,18.2
R00340,R00408,13,15,4,0,4,26.7
R00340,R00815,13,11,1,0,1,7.7
R00340,R01053,13,17,3,0,3,17.6
R00340,R01091,13,18,3,0,4,22.2
R00340,R01161,13,15,3,0,3,20.0
R00340,R01196,13,5,1,0,1,7.7
R00340,R01216,13,2,1,0,1,7.7
R00340,R01360,13,4,2,0,2,15.4
R00340,R01460,13,5,0,5,5,38.5
R00340,R01804,13,9,1,0,2,15.4
R00340,R01892,13,15,2,0,2,13.3
R00340,R01952,13,16,2,0,2,12.5
R00341,R00438,36,3,0,1,1,2.8
R00341,R00443,36,4,0,1,3,8.3
R00341,R00463,36,10,0,1,1,2.8
R00341,R00531,36,9,0,1,1,2.8
R00341,R00534,36,4,0,1,1,2.8
R00341,R00644,36,3,0,3,3,8.3
R00341,R00851,36,6,1,0,1,2.8
R00341,R00873,36,13,0,13,13,36.1
R00341,R00875,36,36,2,8,34,94.4
R00341,R01061,36,32,0,1,6,16.7
R00341,R01305,36,29,0,1,1,2.8
R00341,R01416,36,25,1,0,1,2.8
R00341,R01445,36,19,1,0,1,2.8
R00341,R01573,36,6,0,1,1,2.8
R00341,R01657,36,12,1,0,1,2.8
R00341,R01658,36,9,1,0,1,2.8
R00341,R01669,36,11,1,0,1,2.8
R00341,R01719,36,20,1,0,1,2.8
R00341,R01763,36,4,1,0,1,2.8
R00341,R01801,36,17,0,1,1,2.8
R00341,R01829,36,7,1,0,1,2.8
R00341,R01962,36,6,1,0,2,5.6
R00341,R02067,36,6,1,0,1,2.8
R00341,R02068,36,5,1,0,1,2.8
R00342,R00362,19,32,0,5,12,37.5
R00342,R00387,19,24,0,5,12,50.0
R00342,R00401,19,17,0,1,9,47.4
R00342,R00550,19,52,0,3,10,19.2
R00342,R00726,19,13,0,1,6,31.6
R00342,R00754,19,7,0,1,3,15.8
R00342,R00917,19,29,0,5,14,48.3
R00342,R00918,19,21,0,1,9,42.9
R00342,R00923,19,8,2,0,2,10.5
R00342,R00941,19,16,0,1,6,31.6
R00342,R00984,19,10,0,1,6,31.6
R00342,R01056,19,15,0,5,13,68.4
R00342,R01057,19,13,0,1,6,31.6
R00342,R01151,19,16,0,3,13,68.4
R00342,R01217,19,20,0,1,9,45.0
R00342,R01222,19,23,0,1,8,34.8
R00342,R01235,19,16,0,1,6,31.6
R00342,R01237,19,30,0,1,6,20.0
R00342,R01249,19,4,0,1,2,10.5
R00342,R01263,19,8,0,1,7,36.8
R00342,R01298,19,20,0,1,8,40.0
R00342,R01299,19,8,0,1,8,42.1
R00342,R01373,19,13,0,1,6,31.6
R00342,R01656,19,6,0,1,3,15.8
R00342,R01657,19,12,0,1,8,42.1
R00342,R01658,19,9,0,1,7,36.8
R00342,R01712,19,23,0,11,11,47.8
R00342,R01723,19,13,0,1,9,47.4
R00342,R01731,19,9,0,1,6,31.6
R00342,R01732,19,17,0,1,7,36.8
R00342,R01733,19,19,0,1,8,42.1
R00342,R01740,19,21,0,1,9,42.9
R00342,R01750,19,7,2,0,2,10.5
R00342,R01781,19,6,0,1,3,15.8
R00342,R01829,19,7,0,1,7,36.8
R00342,R01877,19,22,0,1,9,40.9
R00342,R01912,19,7,0,1,4,21.1
R00342,R01942,19,5,0,1,3,15.8
R00342,R01943,19,16,0,3,13,68.4
R00342,R01958,19,10,0,1,8,42.1
R00343,R00345,38,39,0,29,29,74.4
R00343,R00469,38,25,0,1,17,44.7
R00343,R00528,38,21,0,3,11,28.9
R00343,R00539,38,30,0,3,10,26.3
R00343,R00542,38,28,0,3,10,26.3
R00343,R00617,38,14,0,1,1,2.6
R00343,R00856,38,16,0,2,12,31.6
R00343,R00857,38,16,0,3,8,21.1
R00343,R00862,38,20,0,2,7,18.4
R00343,R01099,38,18,0,2,7,18.4
R00343,R01333,38,27,0,2,19,50.0
R00343,R01575,38,11,0,1,5,13.2
R00343,R01592,38,17,0,1,1,2.6
R00343,R01615,38,26,0,3,26,68.4
R00343,R01637,38,32,1,0,1,2.6
R00343,R01660,38,38,1,0,1,2.6
R00343,R01971,38,26,1,0,14,36.8
R00343,R02065,38,5,0,3,5,13.2
R00344,R00356,33,16,0,1,1,3.0
R00344,R00357,33,16,0,1,1,3.0
R00344,R00378,33,30,0,1,1,3.0
R00344,R00455,33,73,0,33,33,45.2
R00344,R00472,33,9,0,1,1,3.0
R00344,R00480,33,29,0,1,1,3.0
R00344,R00486,33,18,0,18,18,54.5
R00344,R00581,33,28,1,1,2,6.1
R00344,R00638,33,29,2,0,2,6.1
R00344,R00642,33,8,2,0,2,6.1
R00344,R00750,33,31,0,1,1,3.0
R00344,R00880,33,22,1,0,1,3.0
R00344,R00902,33,22,1,0,1,3.0
R00344,R00909,33,8,2,0,2,6.1
R00344,R00935,33,47,0,33,33,70.2
R00344,R00948,33,51,0,33,33,64.7
R00344,R00975,33,28,2,0,2,6.1
R00344,R00989,33,16,2,0,2,6.1
R00344,R01054,33,18,1,0,1,3.0
R00344,R01102,33,27,2,0,2,6.1
R00344,R01106,33,21,1,0,1,3.0
R00344,R01127,33,10,0,1,1,3.0
R00344,R01148,33,9,2,0,2,6.1
R00344,R01152,33,10,0,1,1,3.0
R00344,R01169,33,15,0,14,14,42.4
R00344,R01176,33,19,0,1,1,3.0
R00344,R01201,33,13,0,1,1,3.0
R00344,R01202,33,7,0,1,4,12.1
R00344,R01221,33,14,0,1,1,3.0
R00344,R01225,33,15,2,0,2,6.1
R00344,R01247,33,19,1,0,1,3.0
R00344,R01256,33,19,2,0,2,6.1
R00344,R01259,33,23,1,0,1,3.0
R00344,R01260,33,13,0,1,1,3.0
R00344,R01271,33,10,0,1,1,3.0
R00344,R01273,33,11,0,1,1,3.0
R00344,R01280,33,15,2,0,2,6.1
R00344,R01303,33,15,0,1,1,3.0
R00344,R01442,33,8,2,0,2,6.1
R00344,R01464,33,22,0,1,1,3.0
R00344,R01497,33,18,2,0,2,6.1
R00344,R01498,33,20,1,0,1,3.0
R00344,R01591,33,20,0,1,1,3.0
R00344,R01710,33,27,1,0,1,3.0
R00344,R01720,33,6,0,1,1,3.0
R00344,R01728,33,8,1,0,1,3.0
R00344,R01796,33,9,0,1,1,3.0
R00344,R01834,33,15,2,0,2,6.1
R00344,R01844,33,24,0,1,1,3.0
R00344,R01853,33,11,0,1,1,3.0
R00344,R01860,33,11,0,1,1,3.0
R00344,R01865,33,28,0,1,1,3.0
R00344,R01879,33,22,0,1,1,3.0
R00344,R01886,33,11,1,0,1,3.0
R00344,R02061,33,4,0,1,1,3.0
R00344,R02079,33,5,1,0,1,3.0
R00345,R00402,39,8,4,0,8,20.5
R00345,R00469,39,25,0,1,17,43.6
R00345,R00528,39,21,0,3,11,28.2
R00345,R00539,39,30,0,3,10,25.6
R00345,R00542,39,28,0,3,10,25.6
R00345,R00617,39,14,0,1,1,2.6
R00345,R00684,39,19,2,0,3,7.7
R00345,R00856,39,16,0,2,12,30.8
R00345,R00857,39,16,0,3,8,20.5
R00345,R00862,39,20,1,2,8,20.5
R00345,R01099,39,18,0,2,7,17.9
R00345,R01333,39,27,0,2,16,41.0
R00345,R01575,39,11,0,1,5,12.8
R00345,R01587,39,29,1,0,1,2.6
R00345,R01592,39,17,0,1,1,2.6
R00345,R01601,39,5,2,0,5,12.8
R00345,R01615,39,26,0,3,20,51.3
R00345,R01639,39,26,1,0,1,2.6
R00345,R02065,39,5,0,3,5,12.8
R00345,R02094,39,20,1,0,1,2.6
R00346,R00350,14,25,0,11,14,56.0
R00346,R00351,14,18,1,11,14,77.8
R00346,R00580,14,5,0,2,2,14.3
R00346,R00582,14,74,1,0,1,1.4
R00346,R00777,14,5,1,0,1,7.1
R00346,R00779,14,9,1,0,1,7.1
R00346,R01246,14,40,0,11,14,35.0
R00346,R01325,14,19,1,11,14,73.7
R00346,R01381,14,57,0,13,14,24.6
R00346,R01784,14,25,0,14,14,56.0
R00346,R01819,14,15,1,13,14,93.3
R00347,R00371,33,27,0,3,3,9.1
R00347,R00441,33,23,1,0,1,3.0
R00347,R00661,33,35,2,3,32,91.4
R00347,R00785,33,6,0,2,2,6.1
R00347,R00792,33,20,1,0,2,6.1
R00347,R00810,33,20,3,0,3,9.1
R00347,R00826,33,15,0,1,1,3.0
R00347,R00830,33,31,1,0,1,3.0
R00347,R00880,33,22,0,10,11,33.3
R00347,R00886,33,14,1,0,12,36.4
R00347,R00889,33,13,1,0,12,36.4
R00347,R00900,33,14,1,0,13,39.4
R00347,R00923,33,8,0,8,8,24.2
R00347,R00924,33,8,0,3,3,9.1
R00347,R00925,33,6,0,1,1,3.0
R00347,R00966,33,39,3,0,13,33.3
R00347,R00985,33,30,0,3,3,9.1
R00347,R01034,33,17,0,3,3,9.1
R00347,R01106,33,21,0,10,11,33.3
R00347,R01123,33,16,0,2,2,6.1
R00347,R01124,33,8,0,1,1,3.0
R00347,R01206,33,19,0,1,1,3.0
R00347,R01366,33,13,1,0,1,3.0
R00347,R01403,33,21,1,0,1,3.0
R00347,R01451,33,7,1,0,1,3.0
R00347,R01462,33,16,0,3,3,9.1
R00347,R01465,33,9,0,3,3,9.1
R00347,R01467,33,21,0,3,3,9.1
R00347,R01537,33,30,0,1,1,3.0
R00347,R01786,33,3,0,1,1,3.0
R00347,R01826,33,13,0,1,1,3.0
R00347,R01848,33,24,1,0,1,3.0
R00347,R01972,33,7,0,3,3,9.1
R00348,R00379,24,43,1,0,1,2.3
R00348,R00428,24,4,4,0,4,16.7
R00348,R00643,24,19,0,3,3,12.5
R00348,R00655,24,25,0,3,3,12.0
R00348,R00716,24,2,0,1,1,4.2
R00348,R00725,24,19,0,3,3,12.5
R00348,R00742,24,27,0,3,3,11.1
R00348,R00748,24,26,0,3,3,11.5
R00348,R00866,24,26,0,3,5,19.2
R00348,R00877,24,16,0,3,10,41.7
R00348,R00924,24,8,1,0,1,4.2
R00348,R00935,24,47,1,0,1,2.1
R00348,R01039,24,29,0,3,3,10.3
R00348,R01043,24,7,0,3,3,12.5
R00348,R01046,24,10,0,3,5,20.8
R00348,R01048,24,20,0,3,5,20.8
R00348,R01151,24,16,1,0,2,8.3
R00348,R01329,24,8,1,0,1,4.2
R00348,R01331,24,7,1,0,1,4.2
R00348,R01332,24,13,1,0,1,4.2
R00348,R01346,24,5,1,0,1,4.2
R00348,R01361,24,12,1,0,1,4.2
R00348,R01367,24,40,0,3,3,7.5
R00348,R01443,24,24,1,0,1,4.2
R00348,R01465,24,9,1,0,1,4.2
R00348,R01505,24,8,0,3,3,12.5
R00348,R01662,24,18,4,0,7,29.2
R00348,R01712,24,23,1,0,5,20.8
R00348,R01716,24,5,1,0,1,4.2
R00348,R01723,24,13,2,0,3,12.5
R00348,R01751,24,3,0,3,3,12.5
R00348,R01774,24,13,0,3,3,12.5
R00348,R01784,24,25,1,0,1,4.0
R00348,R01791,24,24,0,3,3,12.5
R00348,R01855,24,6,1,0,2,8.3
R00348,R01943,24,16,1,0,1,4.2
R00348,R01972,24,7,1,0,1,4.2
R00348,R01996,24,21,1,0,1,4.2
R00349,R00386,8,5,1,0,1,12.5
R00349,R00409,8,24,1,0,1,4.2
R00349,R00456,8,13,1,0,1,7.7
R00349,R00466,8,33,1,0,1,3.0
R00349,R00500,8,18,0,1,1,5.6
R00349,R00502,8,30,0,1,1,3.3
R00349,R00505,8,33,0,1,1,3.0
R00349,R00512,8,16,1,1,2,12.5
R00349,R00527,8,15,1,0,1,6.7
R00349,R00562,8,49,1,0,1,2.0
R00349,R00634,8,15,1,0,1,6.7
R00349,R00635,8,12,1,0,1,8.3
R00349,R00673,8,13,1,0,1,7.7
R00349,R00738,8,3,1,0,1,12.5
R00349,R00763,8,2,0,1,1,12.5
R00349,R00771,8,16,1,0,1,6.2
R00349,R00772,8,15,1,0,1,6.7
R00349,R00781,8,10,1,0,1,10.0
R00349,R00790,8,18,1,0,1,5.6
R00349,R00891,8,9,4,4,8,88.9
R00349,R00944,8,17,2,0,4,23.5
R00349,R00964,8,57,1,0,1,1.8
R00349,R00976,8,11,1,0,1,9.1
R00349,R00995,8,12,1,0,1,8.3
R00349,R01013,8,12,1,0,1,8.3
R00349,R01075,8,9,1,0,1,11.1
R00349,R01081,8,9,1,0,1,11.1
R00349,R01085,8,12,1,0,1,8.3
R00349,R01113,8,1,0,1,1,12.5
R00349,R01454,8,20,2,0,2,10.0
R00349,R01761,8,11,1,0,1,9.1
R00349,R01789,8,11,2,4,8,72.7
R00349,R01815,8,3,1,0,1,12.5
R00349,R01872,8,2,0,1,1,12.5
R00349,R01909,8,21,1,0,1,4.8
R00349,R01968,8,15,1,0,1,6.7
R00349,R02013,8,15,0,1,1,6.7
R00349,R02086,8,36,1,0,1,2.8
R00349,R02099,8,6,1,0,1,12.5
R00350,R00351,25,18,0,14,17,68.0
R00350,R00392,25,7,1,0,1,4.0
R00350,R00580,25,5,0,2,2,8.0
R00350,R00681,25,3,1,0,1,4.0
R00350,R00696,25,4,1,0,1,4.0
R00350,R00711,25,24,1,0,1,4.0
R00350,R00761,25,23,1,0,1,4.0
R00350,R00918,25,21,1,0,1,4.0
R00350,R01235,25,16,1,0,1,4.0
R00350,R01246,25,40,0,14,22,55.0
R00350,R01317,25,5,1,0,1,4.0
R00350,R01325,25,19,0,14,18,72.0
R00350,R01381,25,57,0,11,24,42.1
R00350,R01467,25,21,1,0,1,4.0
R00350,R01784,25,25,0,11,21,84.0
R00350,R01819,25,15,0,11,15,60.0
R00350,R01984,25,11,1,0,5,20.0
R00350,R01985,25,10,1,0,5,20.0
R00350,R01987,25,12,1,0,5,20.0
R00351,R00580,18,5,0,2,2,11.1
R00351,R00582,18,74,1,0,1,1.4
R00351,R00777,18,5,1,0,1,5.6
R00351,R00779,18,9,2,0,3,16.7
R00351,R01246,18,40,0,14,15,37.5
R00351,R01325,18,19,2,16,18,94.7
R00351,R01381,18,57,0,11,17,29.8
R00351,R01784,18,25,0,11,14,56.0
R00351,R01819,18,15,2,11,15,83.3
R00352,R00372,8,44,0,1,1,2.3
R00352,R00432,8,14,0,1,1,7.1
R00352,R00449,8,19,0,1,1,5.3
R00352,R00453,8,18,0,1,1,5.6
R00352,R00498,8,42,0,1,1,2.4
R00352,R00505,8,33,1,0,1,3.0
R00352,R00519,8,18,1,1,2,11.1
R00352,R00520,8,10,0,1,1,10.0
R00352,R00552,8,4,1,0,1,12.5
R00352,R00565,8,9,3,0,3,33.3
R00352,R00588,8,14,0,1,1,7.1
R00352,R00649,8,7,0,1,1,12.5
R00352,R00662,8,22,0,1,1,4.5
R00352,R00693,8,9,0,1,1,11.1
R00352,R00723,8,5,0,1,1,12.5
R00352,R00724,8,14,0,1,1,7.1
R00352,R00758,8,8,0,1,1,12.5
R00352,R00780,8,54,0,1,1,1.9
R00352,R00796,8,43,0,1,1,2.3
R00352,R00893,8,5,0,4,4,50.0
R00352,R00897,8,16,4,0,8,50.0
R00352,R00931,8,11,0,1,1,9.1
R00352,R00963,8,12,0,1,1,8.3
R00352,R01007,8,13,0,1,1,7.7
R00352,R01030,8,12,0,1,1,8.3
R00352,R01031,8,14,0,1,1,7.1
R00352,R01063,8,28,1,0,1,3.6
R00352,R01082,8,11,0,1,1,9.1
R00352,R01088,8,3,0,1,1,12.5
R00352,R01113,8,1,1,0,1,12.5
R00352,R01115,8,2,1,0,1,12.5
R00352,R01131,8,7,0,1,1,12.5
R00352,R01133,8,8,0,1,1,12.5
R00352,R01135,8,4,0,1,1,12.5
R00352,R01265,8,23,0,1,1,4.3
R00352,R01322,8,14,0,1,1,7.1
R00352,R01365,8,8,0,1,1,12.5
R00352,R01380,8,8,0,1,1,12.5
R00352,R01518,8,18,1,0,1,5.6
R00352,R01546,8,32,1,0,1,3.1
R00352,R01734,8,21,1,0,1,4.8
R00352,R01773,8,41,0,1,1,2.4
R00352,R01813,8,7,0,1,1,12.5
R00352,R01816,8,3,0,1,1,12.5
R00352,R01908,8,35,0,1,1,2.9
R00352,R02044,8,24,0,1,1,4.2
R00353,R00871,14,6,0,1,1,7.1
R00353,R01128,14,10,0,1,1,7.1
R00353,R01145,14,9,0,1,1,7.1
R00353,R01150,14,13,0,1,1,7.1
R00353,R01174,14,11,0,1,6,42.9
R00353,R01175,14,7,0,6,6,42.9
R00353,R01194,14,9,0,1,1,7.1
R00353,R01205,14,14,0,1,1,7.1
R00353,R01209,14,10,0,1,1,7.1
R00353,R01211,14,8,0,1,1,7.1
R00353,R01213,14,19,0,1,5,26.3
R00353,R01215,14,15,0,6,6,40.0
R00353,R01254,14,14,0,1,5,35.7
R00353,R01270,14,17,0,1,1,5.9
R00353,R01306,14,7,0,1,2,14.3
R00353,R01368,14,11,0,6,6,42.9
R00353,R01454,14,20,0,1,1,5.0
R00353,R01599,14,23,0,1,1,4.3
R00353,R01633,14,2,0,1,1,7.1
R00353,R01640,14,5,0,1,1,7.1
R00353,R01845,14,7,0,1,1,7.1
R00354,R00369,63,41,0,41,41,65.1
R00354,R00383,63,15,1,0,1,1.6
R00354,R00393,63,7,1,0,1,1.6
R00354,R00426,63,16,1,0,1,1.6
R00354,R00465,63,50,0,50,50,79.4
R00354,R00468,63,45,0,45,45,71.4
R00354,R00472,63,9,1,0,4,6.3
R00354,R00690,63,73,0,24,58,79.5
R00354,R00706,63,9,1,0,3,4.8
R00354,R00778,63,9,0,1,1,1.6
R00354,R00977,63,34,0,34,34,54.0
R00354,R01077,63,43,1,0,1,1.6
R00354,R01127,63,10,1,0,6,9.5
R00354,R01177,63,11,1,0,1,1.6
R00354,R01201,63,13,3,0,6,9.5
R00354,R01204,63,14,1,0,1,1.6
R00354,R01208,63,13,1,0,1,1.6
R00354,R01212,63,13,1,0,1,1.6
R00354,R01227,63,12,1,0,1,1.6
R00354,R01229,63,8,1,0,1,1.6
R00354,R01245,63,10,1,0,1,1.6
R00354,R01255,63,16,1,0,1,1.6
R00354,R01293,63,9,1,0,1,1.6
R00354,R01303,63,15,1,0,4,6.3
R00354,R01343,63,8,1,0,3,4.8
R00354,R01448,63,9,0,1,1,1.6
R00354,R01464,63,22,1,0,4,6.3
R00354,R01473,63,12,0,1,1,1.6
R00354,R01632,63,2,1,0,1,1.6
R00354,R01641,63,5,1,0,1,1.6
R00354,R01666,63,14,1,0,1,1.6
R00354,R01668,63,8,1,0,1,1.6
R00354,R01846,63,8,1,0,1,1.6
R00354,R01847,63,6,1,0,1,1.6
R00354,R01905,63,44,3,0,3,4.8
R00354,R02034,63,5,0,1,1,1.6
R00355,R01174,9,11,1,0,1,9.1
R00356,R00357,16,16,0,2,13,81.2
R00356,R00378,16,30,0,2,2,6.7
R00356,R00455,16,73,0,1,1,1.4
R00356,R00472,16,9,0,2,2,12.5
R00356,R00480,16,29,0,2,2,6.9
R00356,R00486,16,18,0,1,1,5.6
R00356,R00581,16,28,0,2,2,7.1
R00356,R00685,16,10,1,0,1,6.2
R00356,R00750,16,31,0,2,7,22.6
R00356,R00935,16,47,0,1,1,2.1
R00356,R00948,16,51,0,1,1,2.0
R00356,R01127,16,10,0,2,2,12.5
R00356,R01152,16,10,0,10,10,62.5
R00356,R01169,16,15,0,1,1,6.2
R00356,R01176,16,19,0,2,2,10.5
R00356,R01185,16,13,1,0,1,6.2
R00356,R01201,16,13,0,2,2,12.5
R00356,R01202,16,7,0,1,1,6.2
R00356,R01221,16,14,0,2,2,12.5
R00356,R01260,16,13,0,3,6,37.5
R00356,R01271,16,10,3,2,7,43.8
R00356,R01273,16,11,4,2,10,62.5
R00356,R01303,16,15,0,2,2,12.5
R00356,R01464,16,22,0,2,2,9.1
R00356,R01591,16,20,0,2,2,10.0
R00356,R01720,16,6,0,2,2,12.5
R00356,R01796,16,9,0,2,4,25.0
R00356,R01844,16,24,0,2,2,8.3
R00356,R01853,16,11,0,2,7,43.8
R00356,R01860,16,11,0,6,9,56.2
R00356,R01865,16,28,0,1,2,7.1
R00356,R01873,16,6,1,0,1,6.2
R00356,R01879,16,22,0,2,2,9.1
R00356,R02061,16,4,0,2,2,12.5
R00357,R00378,16,30,0,2,2,6.7
R00357,R00455,16,73,0,1,1,1.4
R00357,R00472,16,9,0,2,2,12.5
R00357,R00480,16,29,0,2,2,6.9
R00357,R00486,16,18,0,1,1,5.6
R00357,R00581,16,28,0,2,2,7.1
R00357,R00750,16,31,0,7,7,22.6
R00357,R00935,16,47,0,1,1,2.1
R00357,R00948,16,51,0,1,1,2.0
R00357,R01127,16,10,0,2,2,12.5
R00357,R01152,16,10,0,2,10,62.5
R00357,R01169,16,15,0,1,1,6.2
R00357,R01176,16,19,0,2,2,10.5
R00357,R01201,16,13,0,2,2,12.5
R00357,R01202,16,7,0,1,1,6.2
R00357,R01221,16,14,0,2,2,12.5
R00357,R01260,16,13,0,2,4,25.0
R00357,R01271,16,10,0,4,5,31.2
R00357,R01273,16,11,0,4,8,50.0
R00357,R01303,16,15,0,2,2,12.5
R00357,R01464,16,22,0,2,2,9.1
R00357,R01591,16,20,0,2,2,10.0
R00357,R01720,16,6,0,2,2,12.5
R00357,R01796,16,9,0,2,3,18.8
R00357,R01844,16,24,0,2,2,8.3
R00357,R01853,16,11,0,7,8,50.0
R00357,R01860,16,11,3,2,11,68.8
R00357,R01865,16,28,0,1,2,7.1
R00357,R01879,16,22,0,2,2,9.1
R00357,R02061,16,4,0,2,2,12.5
R00358,R00369,16,41,1,0,1,2.4
R00358,R00370,16,32,1,0,1,3.1
R00358,R00374,16,23,1,0,1,4.3
R00358,R00462,16,7,2,0,3,18.8
R00358,R00466,16,33,0,13,15,45.5
R00358,R00486,16,18,2,0,3,16.7
R00358,R00495,16,13,1,0,1,6.2
R00358,R00529,16,8,1,0,1,6.2
R00358,R00614,16,14,1,0,1,6.2
R00358,R00623,16,6,1,0,1,6.2
R00358,R00641,16,12,1,0,1,6.2
R00358,R00651,16,19,1,0,1,5.3
R00358,R00652,16,14,1,0,1,6.2
R00358,R00721,16,13,1,0,1,6.2
R00358,R00849,16,6,1,0,1,6.2
R00358,R00942,16,7,3,0,4,25.0
R00358,R01125,16,19,1,0,1,5.3
R00358,R01165,16,9,1,0,1,6.2
R00358,R01170,16,10,1,0,1,6.2
R00358,R01355,16,7,0,4,7,43.8
R00358,R01408,16,5,0,1,1,6.2
R00358,R01475,16,11,1,0,1,6.2
R00358,R01532,16,4,1,0,1,6.2
R00358,R01536,16,2,1,0,1,6.2
R00358,R01545,16,18,1,0,1,5.6
R00358,R01555,16,10,1,0,1,6.2
R00358,R01605,16,8,2,1,8,50.0
R00358,R01608,16,12,1,0,1,6.2
R00358,R01614,16,3,0,1,1,6.2
R00358,R01620,16,7,0,4,5,31.2
R00358,R01623,16,9,3,1,9,56.2
R00358,R01714,16,5,0,1,5,31.2
R00358,R01816,16,3,1,0,1,6.2
R00358,R01950,16,12,0,6,6,37.5
R00358,R01961,16,4,1,0,1,6.2
R00358,R01963,16,3,1,0,1,6.2
R00358,R01973,16,11,0,10,10,62.5
R00358,R02030,16,7,1,0,1,6.2
R00358,R02083,16,2,1,0,2,12.5
R00359,R00367,11,5,1,0,1,9.1
R00359,R00842,11,22,1,0,1,4.5
R00359,R00846,11,22,1,0,1,4.5
R00359,R01087,11,12,1,0,1,8.3
R00359,R01207,11,28,0,1,1,3.6
R00359,R01292,11,7,1,0,1,9.1
R00359,R01362,11,13,1,0,5,38.5
R00359,R01411,11,10,1,0,1,9.1
R00359,R01438,11,4,1,0,1,9.1
R00359,R01447,11,21,1,0,1,4.8
R00359,R01450,11,34,1,0,1,2.9
R00359,R01452,11,21,1,0,1,4.8
R00359,R01525,11,3,1,0,1,9.1
R00359,R01726,11,20,1,0,1,5.0
R00359,R01753,11,5,1,0,4,36.4
R00359,R02012,11,7,1,0,1,9.1
R00360,R00404,22,6,1,0,5,22.7
R00360,R00453,22,18,2,0,2,9.1
R00360,R00468,22,45,3,0,5,11.1
R00360,R00651,22,19,0,3,16,72.7
R00360,R00769,22,15,2,0,2,9.1
R00360,R00947,22,23,0,1,4,17.4
R00360,R00949,22,13,1,0,2,9.1
R00360,R00991,22,31,1,0,1,3.2
R00360,R01060,22,2,1,0,1,4.5
R00360,R01388,22,26,2,0,3,11.5
R00360,R01400,22,15,2,0,2,9.1
R00360,R01404,22,13,1,0,1,4.5
R00360,R01612,22,14,1,0,2,9.1
R00360,R01613,22,19,1,4,18,81.8
R00360,R01626,22,18,0,4,4,18.2
R00360,R01635,22,4,1,0,1,4.5
R00360,R01973,22,11,1,0,1,4.5
R00360,R02044,22,24,4,0,6,25.0
R00360,R02045,22,9,1,0,1,4.5
R00361,R00365,23,24,0,22,22,91.7
R00361,R00370,23,32,0,3,21,65.6
R00361,R00373,23,16,0,15,15,65.2
R00361,R00377,23,9,1,0,2,8.7
R00361,R00464,23,49,0,18,18,36.7
R00361,R00470,23,40,0,4,15,37.5
R00361,R00477,23,23,0,21,21,91.3
R00361,R00485,23,29,0,3,18,62.1
R00361,R00496,23,27,0,18,18,66.7
R00361,R00507,23,23,0,18,18,78.3
R00361,R00620,23,35,0,3,9,25.7
R00361,R00689,23,25,0,18,18,72.0
R00361,R00819,23,23,0,3,9,39.1
R00361,R00848,23,6,1,0,3,13.0
R00361,R01098,23,20,1,0,2,8.7
R00361,R01300,23,3,1,0,2,8.7
R00361,R01311,23,17,0,3,9,39.1
R00361,R01517,23,14,0,3,6,26.1
R00361,R01596,23,16,0,3,6,26.1
R00361,R01606,23,16,0,3,5,21.7
R00361,R01686,23,40,0,3,18,45.0
R00361,R01687,23,25,0,18,18,72.0
R00361,R01688,23,12,0,3,6,26.1
R00361,R01764,23,12,0,4,5,21.7
R00362,R00387,32,24,0,24,24,75.0
R00362,R00401,32,17,0,1,7,21.9
R00362,R00550,32,52,0,3,11,21.2
R00362,R00726,32,13,0,1,6,18.8
R00362,R00754,32,7,0,1,3,9.4
R00362,R00785,32,6,1,0,1,3.1
R00362,R00917,32,29,0,13,13,40.6
R00362,R00918,32,21,0,1,7,21.9
R00362,R00941,32,16,0,1,6,18.8
R00362,R00984,32,10,0,1,6,18.8
R00362,R01056,32,15,0,13,14,43.8
R00362,R01057,32,13,0,1,6,18.8
R00362,R01151,32,16,0,3,11,34.4
R00362,R01217,32,20,0,1,7,21.9
R00362,R01222,32,23,0,1,22,68.8
R00362,R01235,32,16,0,1,6,18.8
R00362,R01237,32,30,0,1,6,18.8
R00362,R01249,32,4,0,1,2,6.2
R00362,R01263,32,8,0,1,8,25.0
R00362,R01298,32,20,0,1,19,59.4
R00362,R01299,32,8,0,1,7,21.9
R00362,R01373,32,13,0,1,6,18.8
R00362,R01656,32,6,0,1,4,12.5
R00362,R01657,32,12,0,1,9,28.1
R00362,R01658,32,9,0,1,8,25.0
R00362,R01712,32,23,0,5,11,34.4
R00362,R01723,32,13,0,1,7,21.9
R00362,R01731,32,9,0,1,6,18.8
R00362,R01732,32,17,0,1,17,53.1
R00362,R01733,32,19,0,1,18,56.2
R00362,R01740,32,21,0,1,7,21.9
R00362,R01781,32,6,0,1,4,12.5
R00362,R01829,32,7,0,1,7,21.9
R00362,R01877,32,22,0,1,7,21.9
R00362,R01912,32,7,0,1,5,15.6
R00362,R01942,32,5,0,1,3,9.4
R00362,R01943,32,16,0,3,11,34.4
R00362,R01958,32,10,0,1,7,21.9
R00363,R00376,2,10,2,0,2,20.0
R00363,R00814,2,16,0,1,1,6.2
R00363,R01018,2,27,0,1,1,3.7
R00363,R01589,2,10,1,0,1,10.0
R00363,R01970,2,8,1,0,1,12.5
R00364,R00380,4,2,0,1,1,25.0
R00364,R00471,4,12,1,0,1,8.3
R00365,R00370,24,32,0,3,21,65.6
R00365,R00373,24,16,0,15,15,62.5
R00365,R00464,24,49,0,18,18,36.7
R00365,R00470,24,40,0,4,15,37.5
R00365,R00477,24,23,0,21,21,87.5
R00365,R00485,24,29,0,3,18,62.1
R00365,R00494,24,11,1,0,4,16.7
R00365,R00496,24,27,0,18,18,66.7
R00365,R00507,24,23,0,18,18,75.0
R00365,R00620,24,35,0,3,9,25.7
R00365,R00689,24,25,0,18,18,72.0
R00365,R00819,24,23,0,3,9,37.5
R00365,R01311,24,17,0,3,9,37.5
R00365,R01517,24,14,0,3,6,25.0
R00365,R01543,24,11,1,0,1,4.2
R00365,R01596,24,16,0,3,6,25.0
R00365,R01606,24,16,0,3,5,20.8
R00365,R01686,24,40,0,3,18,45.0
R00365,R01687,24,25,0,18,18,72.0
R00365,R01688,24,12,0,3,6,25.0
R00365,R01764,24,12,0,4,5,20.8
R00366,R00817,2,25,1,0,1,4.0
R00366,R01242,2,28,1,0,1,3.6
R00366,R01588,2,10,0,1,1,10.0
R00367,R00404,5,6,0,1,1,16.7
R00367,R00482,5,9,0,1,2,22.2
R00367,R00487,5,17,0,1,1,5.9
R00367,R00494,5,11,0,1,1,9.1
R00367,R00532,5,8,0,2,2,25.0
R00367,R00669,5,9,0,1,2,22.2
R00367,R00729,5,10,0,1,1,10.0
R00367,R00736,5,6,0,1,1,16.7
R00367,R00827,5,15,0,1,1,6.7
R00367,R00842,5,22,3,0,3,13.6
R00367,R00846,5,22,1,0,1,4.5
R00367,R00848,5,6,0,1,1,16.7
R00367,R00940,5,8,0,1,1,12.5
R00367,R01087,5,12,3,0,3,25.0
R00367,R01172,5,7,0,1,1,14.3
R00367,R01195,5,6,0,1,1,16.7
R00367,R01274,5,20,0,1,1,5.0
R00367,R01292,5,7,1,0,1,14.3
R00367,R01301,5,7,0,1,1,14.3
R00367,R01362,5,13,1,0,1,7.7
R00367,R01411,5,10,1,0,3,30.0
R00367,R01438,5,4,1,0,1,20.0
R00367,R01447,5,21,1,0,1,4.8
R00367,R01450,5,34,1,0,1,2.9
R00367,R01452,5,21,1,0,1,4.8
R00367,R01494,5,22,0,2,2,9.1
R00367,R01525,5,3,1,0,1,20.0
R00367,R01530,5,2,0,1,1,20.0
R00367,R01551,5,16,0,1,1,6.2
R00367,R01612,5,14,0,1,1,7.1
R00367,R01617,5,7,0,1,1,14.3
R00367,R01717,5,14,0,1,1,7.1
R00367,R01721,5,6,0,1,1,16.7
R00367,R01726,5,20,1,0,1,5.0
R00367,R01753,5,5,1,0,1,20.0
R00367,R01815,5,3,0,1,1,20.0
R00367,R01888,5,6,0,1,1,16.7
R00367,R01895,5,9,0,1,1,11.1
R00367,R01951,5,4,0,1,1,20.0
R00367,R01964,5,12,0,1,1,8.3
R00367,R01991,5,4,0,1,1,20.0
R00367,R01998,5,8,0,1,1,12.5
R00367,R02012,5,7,1,1,2,28.6
R00367,R02027,5,9,0,1,1,11.1
R00367,R02029,5,10,0,1,1,10.0
R00367,R02085,5,2,0,1,1,20.0
R00367,R02095,5,7,0,1,1,14.3
R00368,R00448,8,3,0,1,1,12.5
R00368,R01374,8,23,0,1,1,4.3
R00368,R01392,8,4,0,1,1,12.5
R00368,R01730,8,4,0,1,1,12.5
R00368,R01855,8,6,0,1,1,12.5
R00368,R02054,8,10,0,3,7,70.0
R00369,R00370,41,32,2,0,2,4.9
R00369,R00374,41,23,1,0,1,2.4
R00369,R00462,41,7,1,0,1,2.4
R00369,R00465,41,50,0,41,41,82.0
R00369,R00468,41,45,0,41,41,91.1
R00369,R00486,41,18,1,0,1,2.4
R00369,R00495,41,13,1,0,3,7.3
R00369,R00529,41,8,2,0,2,4.9
R00369,R00614,41,14,1,0,1,2.4
R00369,R00623,41,6,1,0,1,2.4
R00369,R00641,41,12,1,0,1,2.4
R00369,R00651,41,19,1,0,1,2.4
R00369,R00652,41,14,1,0,1,2.4
R00369,R00690,41,73,0,24,40,54.8
R00369,R00721,41,13,1,0,2,4.9
R00369,R00778,41,9,0,1,1,2.4
R00369,R00849,41,6,1,0,1,2.4
R00369,R00942,41,7,1,0,1,2.4
R00369,R00977,41,34,0,34,34,82.9
R00369,R01125,41,19,1,0,1,2.4
R00369,R01165,41,9,1,0,1,2.4
R00369,R01170,41,10,1,0,1,2.4
R00369,R01448,41,9,0,1,1,2.4
R00369,R01473,41,12,0,1,1,2.4
R00369,R01475,41,11,1,0,1,2.4
R00369,R01532,41,4,1,0,1,2.4
R00369,R01536,41,2,1,0,1,2.4
R00369,R01545,41,18,1,0,1,2.4
R00369,R01555,41,10,1,0,1,2.4
R00369,R01605,41,8,1,0,1,2.4
R00369,R01608,41,12,1,0,1,2.4
R00369,R01623,41,9,1,0,1,2.4
R00369,R01816,41,3,1,0,1,2.4
R00369,R01961,41,4,1,0,1,2.4
R00369,R01963,41,3,1,0,1,2.4
R00369,R02030,41,7,1,0,1,2.4
R00369,R02034,41,5,0,1,1,2.4
R00369,R02083,41,2,1,0,1,2.4
R00370,R00373,32,16,0,3,15,46.9
R00370,R00374,32,23,1,0,1,3.1
R00370,R00462,32,7,1,0,1,3.1
R00370,R00464,32,49,0,3,18,36.7
R00370,R00470,32,40,0,3,15,37.5
R00370,R00477,32,23,0,3,21,65.6
R00370,R00485,32,29,0,29,29,90.6
R00370,R00486,32,18,1,0,1,3.1
R00370,R00495,32,13,1,0,1,3.1
R00370,R00496,32,27,0,3,18,56.2
R00370,R00507,32,23,0,3,18,56.2
R00370,R00529,32,8,2,0,2,6.2
R00370,R00614,32,14,1,0,1,3.1
R00370,R00620,32,35,0,8,17,48.6
R00370,R00623,32,6,1,0,1,3.1
R00370,R00641,32,12,1,0,1,3.1
R00370,R00651,32,19,1,0,1,3.1
R00370,R00652,32,14,1,0,1,3.1
R00370,R00689,32,25,0,3,18,56.2
R00370,R00721,32,13,1,0,1,3.1
R00370,R00819,32,23,0,14,18,56.2
R00370,R00849,32,6,1,0,1,3.1
R00370,R00942,32,7,1,0,1,3.1
R00370,R01125,32,19,1,0,1,3.1
R00370,R01165,32,9,1,0,1,3.1
R00370,R01170,32,10,1,0,1,3.1
R00370,R01311,32,17,0,4,13,40.6
R00370,R01475,32,11,1,0,1,3.1
R00370,R01517,32,14,0,14,14,43.8
R00370,R01532,32,4,1,0,1,3.1
R00370,R01536,32,2,1,0,1,3.1
R00370,R01545,32,18,1,0,1,3.1
R00370,R01555,32,10,1,0,1,3.1
R00370,R01596,32,16,0,6,8,25.0
R00370,R01605,32,8,1,0,1,3.1
R00370,R01606,32,16,0,6,7,21.9
R00370,R01608,32,12,1,0,1,3.1
R00370,R01623,32,9,1,0,1,3.1
R00370,R01686,32,40,0,8,28,70.0
R00370,R01687,32,25,0,3,18,56.2
R00370,R01688,32,12,0,4,12,37.5
R00370,R01764,32,12,0,3,5,15.6
R00370,R01816,32,3,1,0,1,3.1
R00370,R01961,32,4,1,0,1,3.1
R00370,R01963,32,3,1,0,1,3.1
R00370,R02030,32,7,1,0,1,3.1
R00370,R02083,32,2,1,0,1,3.1
R00371,R00661,27,35,0,3,3,8.6
R00371,R00785,27,6,0,2,2,7.4
R00371,R00826,27,15,0,1,1,3.7
R00371,R00880,27,22,0,3,3,11.1
R00371,R00923,27,8,0,3,3,11.1
R00371,R00924,27,8,0,5,7,25.9
R00371,R00925,27,6,0,1,1,3.7
R00371,R00985,27,30,0,7,7,23.3
R00371,R01034,27,17,0,6,7,25.9
R00371,R01106,27,21,0,3,3,11.1
R00371,R01123,27,16,0,2,2,7.4
R00371,R01124,27,8,0,1,1,3.7
R00371,R01206,27,19,0,1,1,3.7
R00371,R01462,27,16,0,7,7,25.9
R00371,R01465,27,9,0,6,7,25.9
R00371,R01467,27,21,0,6,17,63.0
R00371,R01537,27,30,0,1,1,3.3
R00371,R01786,27,3,0,1,1,3.7
R00371,R01826,27,13,0,1,1,3.7
R00371,R01972,27,7,0,7,7,25.9
R00371,R01989,27,20,2,0,9,33.3
R00372,R00432,44,14,0,1,1,2.3
R00372,R00449,44,19,0,1,1,2.3
R00372,R00453,44,18,0,1,1,2.3
R00372,R00498,44,42,0,17,17,38.6
R00372,R00519,44,18,0,1,2,4.5
R00372,R00520,44,10,0,1,1,2.3
R00372,R00588,44,14,0,1,1,2.3
R00372,R00649,44,7,0,1,2,4.5
R00372,R00662,44,22,0,1,1,2.3
R00372,R00693,44,9,0,1,1,2.3
R00372,R00723,44,5,0,2,2,4.5
R00372,R00724,44,14,0,1,1,2.3
R00372,R00758,44,8,0,3,3,6.8
R00372,R00780,44,54,0,1,17,31.5
R00372,R00796,44,43,0,3,3,6.8
R00372,R00893,44,5,0,1,1,2.3
R00372,R00931,44,11,0,1,1,2.3
R00372,R00963,44,12,0,1,1,2.3
R00372,R01007,44,13,0,1,1,2.3
R00372,R01030,44,12,0,1,7,15.9
R00372,R01031,44,14,0,1,7,15.9
R00372,R01082,44,11,0,1,1,2.3
R00372,R01088,44,3,0,1,1,2.3
R00372,R01131,44,7,0,1,3,6.8
R00372,R01133,44,8,0,2,2,4.5
R00372,R01135,44,4,0,1,2,4.5
R00372,R01265,44,23,0,3,3,6.8
R00372,R01322,44,14,0,1,2,4.5
R00372,R01365,44,8,0,1,3,6.8
R00372,R01380,44,8,0,3,4,9.1
R00372,R01773,44,41,0,3,3,6.8
R00372,R01813,44,7,0,1,1,2.3
R00372,R01816,44,3,0,1,1,2.3
R00372,R01908,44,35,0,1,1,2.3
R00372,R02044,44,24,0,1,1,2.3
R00373,R00459,16,26,1,0,1,3.8
R00373,R00464,16,49,0,15,15,30.6
R00373,R00470,16,40,0,4,12,30.0
R00373,R00477,16,23,0,15,15,65.2
R00373,R00485,16,29,0,3,15,51.7
R00373,R00496,16,27,0,15,15,55.6
R00373,R00507,16,23,0,15,15,65.2
R00373,R00620,16,35,0,3,9,25.7
R00373,R00689,16,25,0,15,15,60.0
R00373,R00764,16,15,1,0,2,12.5
R00373,R00767,16,2,2,0,2,12.5
R00373,R00819,16,23,0,3,9,39.1
R00373,R01311,16,17,0,3,9,52.9
R00373,R01406,16,11,1,0,1,6.2
R00373,R01425,16,27,1,0,1,3.7
R00373,R01426,16,25,1,0,1,4.0
R00373,R01427,16,24,1,0,1,4.2
R00373,R01517,16,14,0,3,6,37.5
R00373,R01596,16,16,0,3,6,37.5
R00373,R01606,16,16,0,3,5,31.2
R00373,R01686,16,40,0,3,15,37.5
R00373,R01687,16,25,0,15,15,60.0
R00373,R01688,16,12,0,3,6,37.5
R00373,R01764,16,12,0,4,5,31.2
R00374,R00383,23,15,0,1,1,4.3
R00374,R00462,23,7,1,0,1,4.3
R00374,R00486,23,18,1,0,1,4.3
R00374,R00495,23,13,1,0,1,4.3
R00374,R00529,23,8,1,0,1,4.3
R00374,R00614,23,14,1,0,1,4.3
R00374,R00623,23,6,1,0,1,4.3
R00374,R00641,23,12,1,0,1,4.3
R00374,R00651,23,19,1,0,1,4.3
R00374,R00652,23,14,1,0,1,4.3
R00374,R00721,23,13,1,0,1,4.3
R00374,R00849,23,6,1,0,2,8.7
R00374,R00942,23,7,1,0,1,4.3
R00374,R01107,23,16,0,1,1,4.3
R00374,R01111,23,17,0,1,1,4.3
R00374,R01125,23,19,2,15,19,82.6
R00374,R01165,23,9,1,0,1,4.3
R00374,R01170,23,10,1,0,1,4.3
R00374,R01304,23,5,0,1,1,4.3
R00374,R01378,23,21,0,1,1,4.3
R00374,R01475,23,11,1,0,9,39.1
R00374,R01523,23,22,0,1,1,4.3
R00374,R01532,23,4,1,0,1,4.3
R00374,R01536,23,2,1,0,1,4.3
R00374,R01545,23,18,2,0,9,39.1
R00374,R01555,23,10,1,0,9,39.1
R00374,R01589,23,10,0,1,1,4.3
R00374,R01605,23,8,1,0,1,4.3
R00374,R01608,23,12,1,0,1,4.3
R00374,R01623,23,9,1,0,1,4.3
R00374,R01816,23,3,1,0,1,4.3
R00374,R01961,23,4,1,0,1,4.3
R00374,R01963,23,3,1,0,1,4.3
R00374,R01965,23,7,0,1,1,4.3
R00374,R01970,23,8,0,1,1,4.3
R00374,R02030,23,7,1,0,1,4.3
R00374,R02083,23,2,1,0,1,4.3
R00375,R01805,24,7,0,6,7,29.2
R00375,R01807,24,9,0,9,9,37.5
R00376,R01589,10,10,1,0,1,10.0
R00376,R01970,10,8,1,0,1,10.0
R00377,R00623,9,6,0,5,5,55.6
R00377,R00848,9,6,3,0,3,33.3
R00377,R01098,9,20,3,0,3,15.0
R00377,R01300,9,3,3,0,3,33.3
R00378,R00455,30,73,0,1,1,1.4
R00378,R00472,30,9,0,2,2,6.7
R00378,R00480,30,29,0,24,24,80.0
R00378,R00486,30,18,0,1,1,3.3
R00378,R00581,30,28,0,2,2,6.7
R00378,R00750,30,31,0,2,2,6.5
R00378,R00935,30,47,0,1,1,2.1
R00378,R00948,30,51,0,1,1,2.0
R00378,R00988,30,23,1,0,3,10.0
R00378,R01127,30,10,0,2,2,6.7
R00378,R01152,30,10,0,2,2,6.7
R00378,R01169,30,15,0,1,1,3.3
R00378,R01176,30,19,0,2,2,6.7
R00378,R01201,30,13,0,2,2,6.7
R00378,R01202,30,7,0,1,1,3.3
R00378,R01221,30,14,0,2,2,6.7
R00378,R01260,30,13,0,2,2,6.7
R00378,R01271,30,10,0,2,2,6.7
R00378,R01273,30,11,0,2,2,6.7
R00378,R01303,30,15,0,2,2,6.7
R00378,R01464,30,22,0,2,2,6.7
R00378,R01591,30,20,0,11,20,66.7
R00378,R01720,30,6,0,6,6,20.0
R00378,R01796,30,9,0,2,2,6.7
R00378,R01805,30,7,1,0,1,3.3
R00378,R01807,30,9,1,0,1,3.3
R00378,R01837,30,7,1,0,1,3.3
R00378,R01844,30,24,0,6,24,80.0
R00378,R01853,30,11,0,2,2,6.7
R00378,R01860,30,11,0,2,2,6.7
R00378,R01865,30,28,0,1,4,13.3
R00378,R01879,30,22,0,11,22,73.3
R00378,R02061,30,4,0,2,2,6.7
R00379,R00428,43,4,1,0,1,2.3
R00379,R00924,43,8,3,0,3,7.0
R00379,R00935,43,47,4,0,18,38.3
R00379,R00994,43,5,0,5,5,11.6
R00379,R01151,43,16,1,0,1,2.3
R00379,R01329,43,8,1,0,1,2.3
R00379,R01331,43,7,1,0,1,2.3
R00379,R01332,43,13,1,0,1,2.3
R00379,R01346,43,5,1,0,2,4.7
R00379,R01361,43,12,1,0,1,2.3
R00379,R01443,43,24,1,0,1,2.3
R00379,R01465,43,9,1,0,2,4.7
R00379,R01470,43,17,0,2,9,20.9
R00379,R01662,43,18,1,0,1,2.3
R00379,R01712,43,23,1,0,1,2.3
R00379,R01716,43,5,1,0,3,7.0
R00379,R01723,43,13,1,0,1,2.3
R00379,R01735,43,11,0,1,1,2.3
R00379,R01784,43,25,1,0,1,2.3
R00379,R01806,43,8,0,1,1,2.3
R00379,R01855,43,6,1,0,1,2.3
R00379,R01943,43,16,3,0,3,7.0
R00379,R01972,43,7,2,0,2,4.7
R00379,R01996,43,21,1,0,1,2.3
R00380,R01410,2,12,2,0,2,16.7
R00381,R00504,9,6,1,0,1,11.1
R00381,R00585,9,6,1,0,1,11.1
R00381,R01056,9,15,1,0,1,6.7
R00381,R01263,9,8,1,0,1,11.1
R00381,R01389,9,5,1,0,1,11.1
R00381,R01397,9,4,1,0,1,11.1
R00381,R01506,9,9,1,0,6,66.7
R00381,R01725,9,9,0,1,1,11.1
R00381,R01854,9,6,1,0,1,11.1
R00381,R01857,9,5,1,0,1,11.1
R00381,R02056,9,11,1,1,7,63.6
R00382,R00822,8,4,0,4,4,50.0
R00383,R00393,15,7,1,0,1,6.7
R00383,R00426,15,16,1,0,1,6.2
R00383,R00472,15,9,1,0,1,6.7
R00383,R00706,15,9,1,0,1,6.7
R00383,R01077,15,43,1,0,3,7.0
R00383,R01107,15,16,0,1,1,6.2
R00383,R01111,15,17,0,1,1,5.9
R00383,R01125,15,19,0,1,1,5.3
R00383,R01127,15,10,1,0,1,6.7
R00383,R01177,15,11,1,0,6,40.0
R00383,R01201,15,13,1,0,1,6.7
R00383,R01204,15,14,1,0,1,6.7
R00383,R01208,15,13,1,0,1,6.7
R00383,R01212,15,13,1,0,1,6.7
R00383,R01227,15,12,1,0,1,6.7
R00383,R01229,15,8,1,0,1,6.7
R00383,R01245,15,10,1,0,1,6.7
R00383,R01255,15,16,1,0,1,6.2
R00383,R01293,15,9,1,0,1,6.7
R00383,R01303,15,15,1,0,1,6.7
R00383,R01304,15,5,0,5,5,33.3
R00383,R01343,15,8,1,0,1,6.7
R00383,R01378,15,21,0,1,1,4.8
R00383,R01464,15,22,1,0,1,4.5
R00383,R01523,15,22,0,1,1,4.5
R00383,R01589,15,10,0,1,1,6.7
R00383,R01632,15,2,1,0,1,6.7
R00383,R01641,15,5,1,0,1,6.7
R00383,R01666,15,14,1,0,11,73.3
R00383,R01668,15,8,1,0,1,6.7
R00383,R01846,15,8,1,0,1,6.7
R00383,R01847,15,6,1,0,1,6.7
R00383,R01905,15,44,1,0,3,6.8
R00383,R01965,15,7,0,1,1,6.7
R00383,R01970,15,8,0,1,1,6.7
R00384,R00434,16,16,3,0,9,56.2
R00384,R00444,16,19,3,0,13,68.4
R00384,R00794,16,14,0,10,11,68.8
R00384,R01354,16,15,3,0,9,56.2
R00384,R01402,16,17,1,0,9,52.9
R00384,R02087,16,8,1,0,7,43.8
R00385,R00395,34,18,1,0,1,2.9
R00385,R00561,34,14,1,0,1,2.9
R00385,R00828,34,3,0,3,3,8.8
R00385,R00885,34,5,0,3,3,8.8
R00385,R00999,34,20,1,0,1,2.9
R00385,R01037,34,34,0,1,1,2.9
R00385,R01119,34,7,1,0,1,2.9
R00385,R01261,34,10,1,0,1,2.9
R00385,R01554,34,30,3,0,6,17.6
R00385,R01597,34,8,1,0,1,2.9
R00385,R01738,34,27,1,0,5,14.7
R00385,R01866,34,5,3,0,5,14.7
R00385,R01927,34,14,0,14,14,41.2
R00385,R02076,34,11,1,0,1,2.9
R00386,R00409,5,24,3,0,3,12.5
R00386,R00456,5,13,2,0,2,15.4
R00386,R00466,5,33,1,0,3,9.1
R00386,R00512,5,16,1,0,1,6.2
R00386,R00527,5,15,1,0,1,6.7
R00386,R00562,5,49,1,0,1,2.0
R00386,R00634,5,15,1,0,1,6.7
R00386,R00635,5,12,1,0,1,8.3
R00386,R00673,5,13,1,0,1,7.7
R00386,R00738,5,3,1,0,1,20.0
R00386,R00771,5,16,2,0,2,12.5
R00386,R00772,5,15,1,0,1,6.7
R00386,R00781,5,10,2,0,3,30.0
R00386,R00790,5,18,2,0,2,11.1
R00386,R00891,5,9,1,0,1,11.1
R00386,R00944,5,17,1,0,1,5.9
R00386,R00964,5,57,1,0,1,1.8
R00386,R00976,5,11,3,1,5,45.5
R00386,R00995,5,12,2,1,5,41.7
R00386,R01013,5,12,1,0,1,8.3
R00386,R01075,5,9,2,0,3,33.3
R00386,R01081,5,9,2,0,3,33.3
R00386,R01085,5,12,1,0,2,16.7
R00386,R01454,5,20,1,0,1,5.0
R00386,R01761,5,11,1,0,1,9.1
R00386,R01789,5,11,1,0,1,9.1
R00386,R01815,5,3,1,0,1,20.0
R00386,R01909,5,21,3,0,3,14.3
R00386,R01968,5,15,2,0,2,13.3
R00386,R02086,5,36,1,0,1,2.8
R00386,R02099,5,6,1,0,1,16.7
R00387,R00401,24,17,0,1,7,29.2
R00387,R00550,24,52,0,3,11,21.2
R00387,R00726,24,13,0,1,6,25.0
R00387,R00754,24,7,0,1,3,12.5
R00387,R00901,24,31,1,0,1,3.2
R00387,R00917,24,29,0,13,13,44.8
R00387,R00918,24,21,0,1,7,29.2
R00387,R00941,24,16,0,1,6,25.0
R00387,R00984,24,10,0,1,6,25.0
R00387,R01056,24,15,0,13,14,58.3
R00387,R01057,24,13,0,1,6,25.0
R00387,R01151,24,16,0,3,11,45.8
R00387,R01217,24,20,0,1,7,29.2
R00387,R01222,24,23,0,1,18,75.0
R00387,R01231,24,11,1,0,1,4.2
R00387,R01235,24,16,0,1,6,25.0
R00387,R01236,24,9,1,0,1,4.2
R00387,R01237,24,30,0,1,6,20.0
R00387,R01249,24,4,0,1,2,8.3
R00387,R01263,24,8,0,1,8,33.3
R00387,R01298,24,20,0,1,18,75.0
R00387,R01299,24,8,0,1,7,29.2
R00387,R01373,24,13,0,1,6,25.0
R00387,R01656,24,6,0,1,4,16.7
R00387,R01657,24,12,0,1,9,37.5
R00387,R01658,24,9,0,1,8,33.3
R00387,R01712,24,23,0,5,11,45.8
R00387,R01723,24,13,0,1,7,29.2
R00387,R01731,24,9,0,1,6,25.0
R00387,R01732,24,17,2,1,17,70.8
R00387,R01733,24,19,0,1,17,70.8
R00387,R01740,24,21,0,1,7,29.2
R00387,R01781,24,6,0,1,4,16.7
R00387,R01829,24,7,0,1,7,29.2
R00387,R01877,24,22,0,1,7,29.2
R00387,R01912,24,7,0,1,5,20.8
R00387,R01942,24,5,0,1,3,12.5
R00387,R01943,24,16,0,3,11,45.8
R00387,R01958,24,10,0,1,7,29.2
R00387,R02054,24,10,1,0,9,37.5
R00388,R00604,11,15,2,0,9,60.0
R00388,R00606,11,10,2,2,9,81.8
R00388,R00607,11,14,1,7,11,78.6
R00388,R00609,11,20,2,0,9,45.0
R00388,R00612,11,13,1,7,11,84.6
R00388,R00698,11,4,0,2,3,27.3
R00388,R00703,11,5,0,4,4,36.4
R00388,R00744,11,20,2,0,9,45.0
R00388,R01783,11,4,1,0,1,9.1
R00388,R01793,11,4,1,0,1,9.1
R00388,R01797,11,3,1,0,1,9.1
R00388,R01810,11,4,1,0,4,36.4
R00389,R00406,2,4,1,0,1,25.0
R00389,R00429,2,18,1,0,1,5.6
R00389,R00435,2,12,1,0,1,8.3
R00389,R01308,2,11,1,0,1,9.1
R00390,R00589,12,21,0,4,7,33.3
R00390,R00602,12,28,0,4,7,25.0
R00390,R00638,12,29,0,4,11,37.9
R00390,R00704,12,68,0,4,7,10.3
R00390,R00806,12,11,4,7,11,91.7
R00390,R00838,12,16,0,4,7,43.8
R00390,R00841,12,17,0,6,10,58.8
R00390,R00845,12,25,0,4,7,28.0
R00390,R00863,12,34,0,4,7,20.6
R00390,R00879,12,16,0,12,12,75.0
R00390,R01055,12,24,0,4,7,29.2
R00390,R01074,12,16,0,12,12,75.0
R00390,R01077,12,43,0,4,7,16.3
R00390,R01102,12,27,0,4,7,25.9
R00390,R01267,12,14,0,4,7,50.0
R00390,R01279,12,7,1,4,7,58.3
R00390,R01281,12,42,0,4,7,16.7
R00390,R01307,12,38,0,4,7,18.4
R00390,R01515,12,23,0,4,7,30.4
R00390,R01522,12,27,0,4,7,25.9
R00390,R01691,12,36,0,4,7,19.4
R00390,R01697,12,34,0,4,7,20.6
R00390,R01706,12,21,0,4,7,33.3
R00390,R01859,12,6,0,1,1,8.3
R00390,R01905,12,44,0,4,7,15.9
R00390,R02086,12,36,0,4,7,19.4
R00391,R01622,13,29,1,0,1,3.4
R00392,R00681,7,3,1,0,1,14.3
R00392,R00696,7,4,1,0,1,14.3
R00392,R00711,7,24,2,0,2,8.3
R00392,R00744,7,20,0,2,7,35.0
R00392,R00761,7,23,2,0,2,8.7
R00392,R00918,7,21,1,0,1,4.8
R00392,R01235,7,16,1,0,1,6.2
R00392,R01317,7,5,1,0,1,14.3
R00392,R01467,7,21,1,0,1,4.8
R00392,R01984,7,11,1,0,1,9.1
R00392,R01985,7,10,1,0,1,10.0
R00392,R01987,7,12,1,0,1,8.3
R00392,R01996,7,21,0,2,7,33.3
R00393,R00426,7,16,1,0,1,6.2
R00393,R00472,7,9,1,0,1,11.1
R00393,R00706,7,9,1,0,1,11.1
R00393,R01077,7,43,1,0,1,2.3
R00393,R01127,7,10,1,0,1,10.0
R00393,R01177,7,11,1,0,1,9.1
R00393,R01201,7,13,1,0,1,7.7
R00393,R01204,7,14,1,0,1,7.1
R00393,R01208,7,13,1,0,1,7.7
R00393,R01212,7,13,1,0,1,7.7
R00393,R01227,7,12,1,0,1,8.3
R00393,R01229,7,8,1,0,1,12.5
R00393,R01245,7,10,1,0,1,10.0
R00393,R01255,7,16,1,0,1,6.2
R00393,R01293,7,9,1,0,1,11.1
R00393,R01303,7,15,1,0,1,6.7
R00393,R01343,7,8,1,0,1,12.5
R00393,R01464,7,22,1,0,1,4.5
R00393,R01632,7,2,2,0,2,28.6
R00393,R01641,7,5,1,4,5,71.4
R00393,R01666,7,14,1,0,1,7.1
R00393,R01668,7,8,1,0,1,12.5
R00393,R01846,7,8,1,0,1,12.5
R00393,R01847,7,6,1,0,1,14.3
R00393,R01905,7,44,1,0,1,2.3
R00395,R00561,18,14,1,0,1,5.6
R00395,R00816,18,14,0,1,1,5.6
R00395,R00843,18,15,0,1,1,5.6
R00395,R00886,18,14,0,1,1,5.6
R00395,R00889,18,13,0,1,1,5.6
R00395,R00899,18,12,0,1,1,5.6
R00395,R00900,18,14,0,1,1,5.6
R00395,R00911,18,8,0,1,1,5.6
R00395,R00954,18,22,0,1,1,4.5
R00395,R00973,18,10,0,1,1,5.6
R00395,R00999,18,20,3,2,11,55.0
R00395,R01047,18,26,0,2,12,46.2
R00395,R01119,18,7,3,0,5,27.8
R00395,R01153,18,9,0,1,1,5.6
R00395,R01198,18,19,0,2,6,31.6
R00395,R01220,18,15,0,1,1,5.6
R00395,R01223,18,11,0,1,1,5.6
R00395,R01231,18,11,0,1,1,5.6
R00395,R01261,18,10,1,0,1,5.6
R00395,R01554,18,30,1,0,1,3.3
R00395,R01597,18,8,1,0,1,5.6
R00395,R01738,18,27,1,0,1,3.7
R00395,R01866,18,5,1,0,1,5.6
R00395,R02076,18,11,1,1,8,44.4
R00395,R02077,18,5,0,1,1,5.6
R00396,R00397,28,8,2,0,3,10.7
R00396,R00425,28,9,2,0,9,32.1
R00396,R00446,28,9,4,0,9,32.1
R00396,R00784,28,6,0,2,2,7.1
R00396,R00884,28,11,1,0,11,39.3
R00396,R00904,28,4,1,0,2,7.1
R00396,R01188,28,27,0,1,23,82.1
R00396,R01414,28,16,0,2,2,7.1
R00396,R01471,28,7,1,0,1,3.6
R00396,R01924,28,28,0,1,23,82.1
R00396,R02082,28,7,2,0,3,10.7
R00397,R00425,8,9,3,0,3,33.3
R00397,R00446,8,9,2,0,3,33.3
R00397,R00768,8,32,0,3,3,9.4
R00397,R00770,8,19,0,3,3,15.8
R00397,R00773,8,33,0,3,3,9.1
R00397,R00775,8,30,0,3,3,10.0
R00397,R00776,8,36,0,3,3,8.3
R00397,R00788,8,13,0,3,3,23.1
R00397,R00884,8,11,1,0,2,18.2
R00397,R00896,8,29,0,2,4,13.8
R00397,R00904,8,4,1,2,4,50.0
R00397,R01471,8,7,1,0,1,12.5
R00397,R01488,8,7,0,1,1,12.5
R00397,R01585,8,23,0,2,2,8.7
R00397,R02082,8,7,4,3,7,87.5
R00398,R00762,35,30,1,25,26,74.3
R00398,R00951,35,17,1,0,3,8.6
R00398,R01029,35,15,1,0,3,8.6
R00398,R01122,35,2,0,1,1,2.9
R00398,R01180,35,42,0,1,20,47.6
R00398,R01187,35,31,0,1,16,45.7
R00398,R01239,35,27,0,1,16,45.7
R00398,R01272,35,35,0,1,16,45.7
R00398,R01600,35,42,0,1,20,47.6
R00398,R01628,35,33,0,18,19,54.3
R00398,R01736,35,30,0,1,16,45.7
R00398,R01755,35,31,0,1,17,48.6
R00399,R00737,21,26,0,10,11,42.3
R00399,R00739,21,18,0,4,18,85.7
R00399,R00753,21,37,0,2,11,29.7
R00399,R00805,21,18,0,2,2,9.5
R00399,R00878,21,15,0,2,10,47.6
R00399,R00903,21,9,0,6,8,38.1
R00399,R00914,21,16,4,11,16,76.2
R00399,R00969,21,34,0,4,19,55.9
R00399,R01049,21,4,4,0,4,19.0
R00399,R01444,21,16,0,1,1,4.8
R00399,R01629,21,16,0,2,2,9.5
R00399,R02089,21,13,0,4,13,61.9
R00400,R00585,6,6,0,1,1,16.7
R00400,R00892,6,16,1,0,1,6.2
R00400,R00894,6,8,1,0,1,12.5
R00400,R01188,6,27,1,0,1,3.7
R00400,R01486,6,6,1,0,1,16.7
R00400,R01924,6,28,1,0,1,3.6
R00401,R00550,17,52,0,1,6,11.5
R00401,R00726,17,13,0,6,6,35.3
R00401,R00754,17,7,0,1,1,5.9
R00401,R00917,17,29,0,1,9,31.0
R00401,R00918,17,21,0,17,17,81.0
R00401,R00941,17,16,0,6,6,35.3
R00401,R00984,17,10,0,6,6,35.3
R00401,R01056,17,15,0,1,8,47.1
R00401,R01057,17,13,0,6,6,35.3
R00401,R01151,17,16,0,1,12,70.6
R00401,R01217,17,20,0,17,17,85.0
R00401,R01222,17,23,0,8,8,34.8
R00401,R01235,17,16,0,6,6,35.3
R00401,R01237,17,30,0,6,6,20.0
R00401,R01249,17,4,0,2,2,11.8
R00401,R01263,17,8,0,7,7,41.2
R00401,R01298,17,20,0,8,8,40.0
R00401,R01299,17,8,0,8,8,47.1
R00401,R01373,17,13,0,6,6,35.3
R00401,R01656,17,6,0,1,2,11.8
R00401,R01657,17,12,0,1,6,35.3
R00401,R01658,17,9,0,1,6,35.3
R00401,R01712,17,23,0,1,8,34.8
R00401,R01718,17,3,2,0,2,11.8
R00401,R01723,17,13,0,11,12,70.6
R00401,R01731,17,9,0,6,6,35.3
R00401,R01732,17,17,0,7,7,41.2
R00401,R01733,17,19,0,8,8,42.1
R00401,R01740,17,21,0,9,9,42.9
R00401,R01781,17,6,0,1,2,11.8
R00401,R01829,17,7,0,1,6,35.3
R00401,R01877,17,22,0,9,9,40.9
R00401,R01912,17,7,0,1,2,11.8
R00401,R01942,17,5,0,1,2,11.8
R00401,R01943,17,16,0,1,10,58.8
R00401,R01958,17,10,0,6,8,47.1
R00402,R00684,8,19,2,1,3,15.8
R00402,R00862,8,20,1,0,1,5.0
R00402,R01587,8,29,1,0,1,3.4
R00402,R01601,8,5,2,1,5,62.5
R00402,R01639,8,26,1,0,1,3.8
R00402,R02094,8,20,1,0,1,5.0
R00403,R00666,16,16,1,0,1,6.2
R00403,R00905,16,15,0,15,15,93.8
R00403,R01016,16,13,1,0,1,6.2
R00403,R01234,16,7,0,1,1,6.2
R00403,R01651,16,6,1,0,1,6.2
R00403,R02025,16,3,1,0,1,6.2
R00403,R02049,16,1,0,1,1,6.2
R00404,R00453,6,18,1,0,2,11.1
R00404,R00468,6,45,1,0,5,11.1
R00404,R00482,6,9,0,1,1,11.1
R00404,R00487,6,17,0,1,1,5.9
R00404,R00494,6,11,0,1,1,9.1
R00404,R00532,6,8,0,1,1,12.5
R00404,R00669,6,9,0,1,1,11.1
R00404,R00729,6,10,0,1,1,10.0
R00404,R00736,6,6,0,1,1,16.7
R00404,R00769,6,15,1,0,2,13.3
R00404,R00827,6,15,0,1,1,6.7
R00404,R00848,6,6,0,1,1,16.7
R00404,R00940,6,8,0,1,1,12.5
R00404,R00949,6,13,3,0,3,23.1
R00404,R00991,6,31,1,0,1,3.2
R00404,R01060,6,2,1,0,1,16.7
R00404,R01172,6,7,0,1,1,14.3
R00404,R01195,6,6,0,2,3,50.0
R00404,R01274,6,20,0,1,1,5.0
R00404,R01301,6,7,0,1,1,14.3
R00404,R01388,6,26,1,0,3,11.5
R00404,R01400,6,15,1,0,2,13.3
R00404,R01404,6,13,1,0,1,7.7
R00404,R01494,6,22,0,1,1,4.5
R00404,R01530,6,2,0,1,1,16.7
R00404,R01551,6,16,0,1,1,6.2
R00404,R01612,6,14,1,1,2,14.3
R00404,R01613,6,19,4,0,6,31.6
R00404,R01617,6,7,0,1,1,14.3
R00404,R01635,6,4,1,0,1,16.7
R00404,R01717,6,14,0,1,1,7.1
R00404,R01721,6,6,0,2,3,50.0
R00404,R01815,6,3,0,1,1,16.7
R00404,R01888,6,6,0,1,1,16.7
R00404,R01895,6,9,0,1,1,11.1
R00404,R01951,6,4,0,1,1,16.7
R00404,R01964,6,12,0,1,1,8.3
R00404,R01973,6,11,1,0,1,9.1
R00404,R01991,6,4,0,1,1,16.7
R00404,R01998,6,8,0,1,1,12.5
R00404,R02012,6,7,0,1,1,14.3
R00404,R02027,6,9,0,1,1,11.1
R00404,R02029,6,10,0,1,1,10.0
R00404,R02044,6,24,1,0,5,20.8
R00404,R02045,6,9,1,0,1,11.1
R00404,R02085,6,2,0,1,1,16.7
R00404,R02095,6,7,0,1,1,14.3
R00405,R00425,13,9,0,5,8,61.5
R00405,R00446,13,9,0,9,9,69.2
R00405,R01486,13,6,0,3,3,23.1
R00405,R01489,13,2,0,2,2,15.4
R00406,R00429,4,18,4,0,4,22.2
R00406,R00435,4,12,2,0,3,25.0
R00406,R01308,4,11,1,0,1,9.1
R00407,R00815,5,11,0,1,2,18.2
R00407,R00940,5,8,1,0,1,12.5
R00407,R01170,5,10,0,4,4,40.0
R00407,R01459,5,2,2,0,2,40.0
R00407,R01757,5,3,1,0,2,40.0
R00407,R01765,5,4,1,0,3,60.0
R00407,R01813,5,7,1,0,1,14.3
R00407,R01888,5,6,1,0,1,16.7
R00407,R02027,5,9,1,0,1,11.1
R00407,R02095,5,7,1,0,1,14.3
R00408,R00557,15,17,0,1,1,5.9
R00408,R00815,15,11,1,0,1,6.7
R00408,R01053,15,17,3,7,11,64.7
R00408,R01091,15,18,3,12,15,83.3
R00408,R01161,15,15,3,0,5,33.3
R00408,R01196,15,5,1,0,1,6.7
R00408,R01216,15,2,1,0,1,6.7
R00408,R01360,15,4,2,0,2,13.3
R00408,R01611,15,15,0,1,1,6.7
R00408,R01678,15,18,0,2,13,72.2
R00408,R01713,15,10,0,2,7,46.7
R00408,R01804,15,9,1,0,1,6.7
R00408,R01892,15,15,2,0,2,13.3
R00408,R01952,15,16,2,0,2,12.5
R00409,R00456,24,13,2,0,7,29.2
R00409,R00466,24,33,1,0,12,36.4
R00409,R00512,24,16,1,0,1,4.2
R00409,R00527,24,15,1,0,1,4.2
R00409,R00562,24,49,1,0,1,2.0
R00409,R00634,24,15,1,0,1,4.2
R00409,R00635,24,12,1,0,1,4.2
R00409,R00673,24,13,1,0,1,4.2
R00409,R00738,24,3,1,0,1,4.2
R00409,R00771,24,16,2,0,2,8.3
R00409,R00772,24,15,1,0,1,4.2
R00409,R00781,24,10,2,0,3,12.5
R00409,R00790,24,18,2,0,2,8.3
R00409,R00847,24,12,0,1,7,29.2
R00409,R00891,24,9,1,0,1,4.2
R00409,R00944,24,17,1,0,1,4.2
R00409,R00964,24,57,1,0,1,1.8
R00409,R00976,24,11,3,0,3,12.5
R00409,R00995,24,12,2,0,3,12.5
R00409,R01013,24,12,1,0,1,4.2
R00409,R01075,24,9,2,0,3,12.5
R00409,R01081,24,9,2,0,3,12.5
R00409,R01085,24,12,1,0,2,8.3
R00409,R01454,24,20,1,0,1,4.2
R00409,R01534,24,16,0,1,6,25.0
R00409,R01549,24,1,0,1,1,4.2
R00409,R01761,24,11,1,0,1,4.2
R00409,R01789,24,11,1,0,1,4.2
R00409,R01815,24,3,1,0,3,12.5
R00409,R01909,24,21,3,0,21,87.5
R00409,R01968,24,15,2,0,2,8.3
R00409,R02086,24,36,1,0,1,2.8
R00409,R02099,24,6,1,0,1,4.2
R00410,R00588,7,14,1,0,1,7.1
R00410,R00589,7,21,1,0,2,9.5
R00410,R00602,7,28,1,0,2,7.1
R00410,R00724,7,14,1,0,1,7.1
R00410,R00758,7,8,1,0,1,12.5
R00410,R00763,7,2,1,0,1,14.3
R00410,R00845,7,25,1,0,2,8.0
R00410,R00916,7,38,1,0,1,2.6
R00410,R00939,7,9,1,0,1,11.1
R00410,R01119,7,7,0,1,1,14.3
R00410,R01123,7,16,1,0,1,6.2
R00410,R01207,7,28,3,0,4,14.3
R00410,R01251,7,11,1,0,1,9.1
R00410,R01413,7,21,0,1,1,4.8
R00410,R01457,7,3,1,0,1,14.3
R00410,R01514,7,22,0,1,1,4.5
R00410,R01526,7,17,1,0,1,5.9
R00410,R01531,7,3,1,0,1,14.3
R00410,R01874,7,7,1,0,1,14.3
R00411,R01390,6,4,1,0,1,16.7
R00411,R01647,6,7,1,5,5,71.4
R00411,R01650,6,3,1,0,1,16.7
R00411,R01708,6,5,1,0,1,16.7
R00411,R02022,6,6,1,0,1,16.7
R00412,R01394,8,5,2,0,2,25.0
R00413,R00437,34,35,1,0,7,20.0
R00413,R00514,34,38,3,1,12,31.6
R00413,R00664,34,15,0,3,4,11.8
R00413,R00671,34,22,0,3,4,11.8
R00413,R00854,34,29,2,0,17,50.0
R00413,R01097,34,31,3,0,3,8.8
R00413,R01100,34,17,2,0,2,5.9
R00413,R01503,34,29,1,0,1,2.9
R00413,R01556,34,17,1,0,1,2.9
R00413,R01568,34,28,0,1,3,8.8
R00413,R01627,34,38,1,0,7,18.4
R00413,R01655,34,21,1,0,7,20.6
R00413,R01702,34,18,1,0,1,2.9
R00413,R01768,34,15,2,0,2,5.9
R00414,R00436,11,42,1,0,3,7.1
R00414,R00437,11,35,0,11,11,31.4
R00414,R01015,11,6,0,1,1,9.1
R00414,R01561,11,16,0,11,11,68.8
R00414,R01627,11,38,0,11,11,28.9
R00414,R01975,11,26,1,0,1,3.8
R00414,R01976,11,20,1,0,1,5.0
R00415,R01590,4,9,0,4,4,44.4
R00415,R01676,4,16,0,3,3,18.8
R00415,R02063,4,6,0,4,4,66.7
R00415,R02072,4,20,0,3,3,15.0
R00416,R00955,28,5,0,1,1,3.6
R00416,R01684,28,2,0,1,1,3.6
R00417,R00599,17,13,0,2,3,17.6
R00417,R00626,17,26,0,3,3,11.5
R00417,R00631,17,22,0,3,3,13.6
R00417,R00657,17,26,3,0,4,15.4
R00417,R00658,17,15,4,0,4,23.5
R00417,R00665,17,10,0,3,3,17.6
R00417,R00672,17,15,0,3,3,17.6
R00417,R00675,17,16,0,3,3,17.6
R00417,R00677,17,18,0,3,3,16.7
R00417,R00691,17,2,1,0,1,5.9
R00417,R00694,17,12,0,3,3,17.6
R00417,R00711,17,24,0,3,3,12.5
R00417,R00747,17,26,3,2,6,23.1
R00417,R00757,17,25,0,3,3,12.0
R00417,R00761,17,23,0,3,3,13.0
R00417,R00782,17,20,0,2,3,15.0
R00417,R00985,17,30,3,0,3,10.0
R00417,R00996,17,6,0,3,3,17.6
R00417,R01020,17,10,0,10,10,58.8
R00417,R01068,17,19,0,13,14,73.7
R00417,R01070,17,19,0,13,16,84.2
R00417,R01079,17,21,0,14,14,66.7
R00417,R01080,17,13,0,7,10,58.8
R00417,R01083,17,14,0,3,11,64.7
R00417,R01084,17,12,0,10,12,70.6
R00417,R01218,17,2,0,1,1,5.9
R00417,R01861,17,19,0,3,3,15.8
R00418,R00592,31,33,0,18,18,54.5
R00418,R00640,31,37,2,0,4,10.8
R00418,R00902,31,22,0,2,13,41.9
R00418,R00947,31,23,2,0,5,16.1
R00418,R01073,31,12,2,0,3,9.7
R00418,R01088,31,3,2,0,3,9.7
R00418,R01518,31,18,0,18,18,58.1
R00418,R01526,31,17,0,7,16,51.6
R00418,R01710,31,27,0,2,13,41.9
R00418,R01920,31,2,0,1,1,3.2
R00418,R02050,31,2,0,1,1,3.2
R00419,R00424,3,3,0,1,1,33.3
R00419,R00620,3,35,3,0,3,8.6
R00420,R00423,3,3,1,0,1,33.3
R00420,R01023,3,2,0,1,1,33.3
R00421,R00459,3,26,0,1,1,3.8
R00421,R00527,3,15,0,1,1,6.7
R00421,R00820,3,14,0,1,1,7.1
R00421,R01078,3,7,0,1,1,14.3
R00421,R01115,3,2,0,2,2,66.7
R00421,R01425,3,27,0,1,1,3.7
R00421,R01426,3,25,0,1,1,4.0
R00421,R01427,3,24,0,1,1,4.2
R00421,R01428,3,23,0,1,1,4.3
R00421,R01538,3,13,1,0,1,7.7
R00421,R01597,3,8,0,1,1,12.5
R00421,R01706,3,21,3,0,3,14.3
R00421,R01872,3,2,2,0,2,66.7
R00421,R02088,3,11,0,1,1,9.1
R00422,R00751,22,5,0,1,4,18.2
R00422,R00798,22,19,2,0,3,13.6
R00422,R00855,22,10,3,0,3,13.6
R00422,R01287,22,18,3,12,18,81.8
R00422,R01290,22,21,2,5,20,90.9
R00422,R01291,22,19,3,12,19,86.4
R00422,R01992,22,3,0,1,3,13.6
R00423,R01203,3,29,0,1,1,3.4
R00423,R01286,3,31,0,1,1,3.2
R00424,R00628,3,26,1,0,1,3.8
R00424,R01472,3,7,1,0,1,14.3
R00424,R01711,3,4,1,0,1,25.0
R00425,R00446,9,9,2,5,8,88.9
R00425,R00884,9,11,1,0,7,63.6
R00425,R00904,9,4,1,0,2,22.2
R00425,R01471,9,7,1,0,1,11.1
R00425,R01486,9,6,0,3,3,33.3
R00425,R01489,9,2,0,2,2,22.2
R00425,R02082,9,7,3,0,3,33.3
R00426,R00472,16,9,1,0,1,6.2
R00426,R00706,16,9,1,0,1,6.2
R00426,R01077,16,43,1,0,1,2.3
R00426,R01127,16,10,1,0,1,6.2
R00426,R01177,16,11,1,0,1,6.2
R00426,R01201,16,13,1,0,1,6.2
R00426,R01204,16,14,1,0,2,12.5
R00426,R01208,16,13,1,0,2,12.5
R00426,R01212,16,13,1,0,2,12.5
R00426,R01227,16,12,1,5,12,75.0
R00426,R01229,16,8,1,4,8,50.0
R00426,R01245,16,10,1,0,2,12.5
R00426,R01255,16,16,1,0,4,25.0
R00426,R01293,16,9,1,0,4,25.0
R00426,R01303,16,15,1,0,1,6.2
R00426,R01343,16,8,1,0,1,6.2
R00426,R01464,16,22,1,0,1,4.5
R00426,R01632,16,2,1,0,1,6.2
R00426,R01641,16,5,1,0,1,6.2
R00426,R01666,16,14,1,0,1,6.2
R00426,R01668,16,8,1,0,1,6.2
R00426,R01846,16,8,1,0,1,6.2
R00426,R01847,16,6,1,0,1,6.2
R00426,R01905,16,44,1,0,1,2.3
R00427,R00797,21,18,0,2,3,14.3
R00427,R00811,21,12,0,2,3,14.3
R00427,R00927,21,22,1,0,20,90.9
R00427,R01187,21,31,1,0,3,9.7
R00427,R01239,21,27,2,0,2,7.4
R00427,R01476,21,19,0,2,18,85.7
R00427,R01736,21,30,1,0,3,10.0
R00427,R01907,21,8,3,0,3,14.3
R00427,R01910,21,13,1,0,3,14.3
R00427,R01980,21,8,1,0,1,4.8
R00427,R02090,21,6,1,0,1,4.8
R00428,R00868,4,1,0,1,1,25.0
R00428,R00924,4,8,1,0,1,12.5
R00428,R00935,4,47,1,0,1,2.1
R00428,R01151,4,16,1,0,2,12.5
R00428,R01329,4,8,1,0,1,12.5
R00428,R01331,4,7,1,0,1,14.3
R00428,R01332,4,13,1,0,1,7.7
R00428,R01346,4,5,1,0,1,20.0
R00428,R01361,4,12,1,0,1,8.3
R00428,R01443,4,24,1,0,1,4.2
R00428,R01465,4,9,1,0,1,11.1
R00428,R01662,4,18,4,0,4,22.2
R00428,R01712,4,23,1,0,2,8.7
R00428,R01716,4,5,1,0,1,20.0
R00428,R01723,4,13,2,0,3,23.1
R00428,R01784,4,25,1,0,1,4.0
R00428,R01855,4,6,1,0,2,33.3
R00428,R01943,4,16,1,0,1,6.2
R00428,R01972,4,7,1,0,1,14.3
R00428,R01996,4,21,1,0,1,4.8
R00428,R02100,4,4,0,1,1,25.0
R00429,R00435,18,12,2,3,12,66.7
R00429,R00471,18,12,0,3,12,66.7
R00429,R00479,18,7,0,3,7,38.9
R00429,R00981,18,7,0,3,7,38.9
R00429,R00982,18,10,0,3,9,50.0
R00429,R01308,18,11,1,2,3,16.7
R00429,R01410,18,12,0,2,3,16.7
R00429,R01508,18,30,0,3,9,30.0
R00429,R01513,18,17,0,3,12,66.7
R00429,R01938,18,11,0,3,11,61.1
R00429,R01941,18,9,0,3,9,50.0
R00429,R02041,18,8,0,8,8,44.4
R00430,R00700,23,6,0,1,1,4.3
R00430,R00722,23,8,0,2,3,13.0
R00430,R01035,23,13,0,1,1,4.3
R00430,R01890,23,16,0,1,1,4.3
R00431,R00629,22,15,4,0,14,63.6
R00431,R00746,22,34,0,18,21,61.8
R00431,R00780,22,54,1,0,1,1.9
R00431,R00782,22,20,1,0,1,4.5
R00431,R00808,22,18,0,18,18,81.8
R00431,R00812,22,34,1,0,1,2.9
R00431,R00869,22,5,3,0,5,22.7
R00431,R00877,22,16,1,0,1,4.5
R00431,R01067,22,12,0,12,12,54.5
R00431,R01079,22,21,1,0,1,4.5
R00431,R01319,22,23,0,2,2,8.7
R00431,R01446,22,12,0,2,2,9.1
R00431,R01479,22,16,2,0,2,9.1
R00431,R01662,22,18,0,2,2,9.1
R00431,R01930,22,23,1,0,1,4.3
R00432,R00449,14,19,0,1,9,47.4
R00432,R00453,14,18,0,14,14,77.8
R00432,R00498,14,42,0,1,1,2.4
R00432,R00519,14,18,0,1,1,5.6
R00432,R00520,14,10,0,1,4,28.6
R00432,R00588,14,14,0,1,1,7.1
R00432,R00649,14,7,0,1,1,7.1
R00432,R00662,14,22,0,1,7,31.8
R00432,R00693,14,9,0,1,2,14.3
R00432,R00723,14,5,0,1,1,7.1
R00432,R00724,14,14,0,1,1,7.1
R00432,R00758,14,8,0,1,1,7.1
R00432,R00780,14,54,0,1,1,1.9
R00432,R00796,14,43,0,1,1,2.3
R00432,R00893,14,5,0,1,1,7.1
R00432,R00931,14,11,2,1,11,78.6
R00432,R00963,14,12,0,1,2,14.3
R00432,R01007,14,13,0,1,4,28.6
R00432,R01030,14,12,0,1,1,7.1
R00432,R01031,14,14,0,1,1,7.1
R00432,R01082,14,11,0,1,2,14.3
R00432,R01088,14,3,0,1,1,7.1
R00432,R01131,14,7,0,1,1,7.1
R00432,R01133,14,8,0,1,1,7.1
R00432,R01135,14,4,0,1,1,7.1
R00432,R01265,14,23,0,1,1,4.3
R00432,R01322,14,14,0,1,1,7.1
R00432,R01365,14,8,0,1,1,7.1
R00432,R01380,14,8,0,1,1,7.1
R00432,R01773,14,41,0,1,1,2.4
R00432,R01813,14,7,0,1,7,50.0
R00432,R01816,14,3,0,1,2,14.3
R00432,R01908,14,35,0,13,13,37.1
R00432,R02044,14,24,0,13,13,54.2
R00433,R00465,7,50,1,0,1,2.0
R00433,R00473,7,32,1,0,1,3.1
R00433,R00507,7,23,1,0,1,4.3
R00433,R00577,7,3,1,0,1,14.3
R00433,R00586,7,4,1,0,1,14.3
R00433,R00613,7,9,1,0,1,11.1
R00433,R00983,7,29,1,0,1,3.4
R00433,R01107,7,16,1,0,1,6.2
R00433,R01111,7,17,1,0,1,5.9
R00433,R02071,7,6,1,0,1,14.3
R00434,R00444,16,19,4,9,13,68.4
R00434,R01354,16,15,4,11,15,93.8
R00434,R01402,16,17,1,15,16,94.1
R00434,R02087,16,8,1,0,3,18.8
R00435,R00471,12,12,0,5,10,83.3
R00435,R00479,12,7,0,5,6,50.0
R00435,R00981,12,7,0,3,6,50.0
R00435,R00982,12,10,0,3,8,66.7
R00435,R01308,12,11,1,2,3,25.0
R00435,R01410,12,12,0,2,3,25.0
R00435,R01508,12,30,0,6,9,30.0
R00435,R01513,12,17,0,5,10,58.8
R00435,R01938,12,11,0,3,8,66.7
R00435,R01941,12,9,0,5,8,66.7
R00435,R02041,12,8,0,3,5,41.7
R00436,R00488,42,14,0,7,7,16.7
R00436,R00489,42,17,0,7,8,19.0
R00436,R00525,42,15,0,4,8,19.0
R00436,R01578,42,16,0,3,10,23.8
R00436,R01636,42,22,0,6,17,40.5
R00436,R01637,42,32,0,6,21,50.0
R00436,R01645,42,21,0,17,17,40.5
R00436,R01660,42,38,0,6,32,76.2
R00436,R01975,42,26,1,0,6,14.3
R00436,R01976,42,20,1,0,1,2.4
R00436,R02064,42,18,0,5,5,11.9
R00436,R02066,42,10,0,6,9,21.4
R00436,R02073,42,9,0,9,9,21.4
R00436,R02093,42,21,0,4,8,19.0
R00437,R00514,35,38,1,0,21,55.3
R00437,R00854,35,29,1,0,15,42.9
R00437,R01015,35,6,0,1,1,2.9
R00437,R01097,35,31,1,0,1,2.9
R00437,R01100,35,17,1,0,3,8.6
R00437,R01503,35,29,2,0,7,20.0
R00437,R01556,35,17,2,0,3,8.6
R00437,R01561,35,16,0,16,16,45.7
R00437,R01627,35,38,3,31,35,92.1
R00437,R01655,35,21,3,0,20,57.1
R00437,R01702,35,18,3,0,7,20.0
R00437,R01768,35,15,1,0,3,8.6
R00438,R00443,3,4,0,1,1,25.0
R00438,R00463,3,10,0,1,2,20.0
R00438,R00531,3,9,0,1,1,11.1
R00438,R00534,3,4,0,1,1,25.0
R00438,R00644,3,3,0,1,1,33.3
R00438,R00873,3,13,0,1,1,7.7
R00438,R00875,3,36,0,1,1,2.8
R00438,R01061,3,32,0,1,1,3.1
R00438,R01305,3,29,0,1,1,3.4
R00438,R01573,3,6,0,3,3,50.0
R00438,R01801,3,17,0,1,1,5.9
R00439,R00665,12,10,1,0,1,8.3
R00439,R00670,12,15,1,0,1,6.7
R00439,R00710,12,3,1,0,1,8.3
R00439,R00756,12,8,2,0,3,25.0
R00439,R01027,12,13,1,0,1,7.7
R00439,R01344,12,5,0,1,1,8.3
R00439,R01379,12,6,0,1,1,8.3
R00439,R01414,12,16,2,0,4,25.0
R00439,R01463,12,4,0,4,4,33.3
R00439,R01479,12,16,0,12,12,75.0
R00439,R01667,12,24,0,12,12,50.0
R00439,R01750,12,7,0,1,1,8.3
R00439,R01854,12,6,0,1,2,16.7
R00439,R01857,12,5,0,1,2,16.7
R00439,R01889,12,12,1,0,1,8.3
R00439,R01890,12,16,1,0,1,6.2
R00440,R00490,13,6,1,0,1,7.7
R00440,R00645,13,7,0,1,1,7.7
R00440,R00699,13,21,0,1,1,4.8
R00440,R00700,13,6,1,0,1,7.7
R00440,R00715,13,20,0,1,1,5.0
R00440,R00741,13,5,1,0,1,7.7
R00440,R00745,13,18,0,1,1,5.6
R00440,R00798,13,19,0,1,1,5.3
R00440,R00802,13,17,0,1,3,17.6
R00440,R00804,13,21,0,1,1,4.8
R00440,R00807,13,14,0,1,1,7.1
R00440,R00861,13,12,0,1,1,7.7
R00440,R00864,13,15,0,1,1,6.7
R00440,R00865,13,11,0,1,1,7.7
R00440,R00957,13,12,0,1,1,7.7
R00440,R00987,13,13,0,1,1,7.7
R00440,R00996,13,6,1,0,6,46.2
R00440,R01024,13,13,0,1,1,7.7
R00440,R01032,13,14,0,1,1,7.1
R00440,R01051,13,13,0,1,1,7.7
R00440,R01064,13,11,0,1,1,7.7
R00440,R01913,13,21,0,1,2,9.5
R00441,R00473,23,32,0,2,5,15.6
R00441,R00561,23,14,0,2,3,13.0
R00441,R00565,23,9,0,2,3,13.0
R00441,R00587,23,25,0,2,5,20.0
R00441,R00661,23,35,1,0,1,2.9
R00441,R00765,23,41,0,2,16,39.0
R00441,R00792,23,20,1,0,1,4.3
R00441,R00810,23,20,1,0,1,4.3
R00441,R00830,23,31,1,2,21,67.7
R00441,R00886,23,14,1,0,1,4.3
R00441,R00889,23,13,1,0,1,4.3
R00441,R00900,23,14,1,0,1,4.3
R00441,R00939,23,9,0,2,3,13.0
R00441,R00944,23,17,0,2,5,21.7
R00441,R00966,23,39,1,0,1,2.6
R00441,R01054,23,18,0,3,3,13.0
R00441,R01247,23,19,0,2,3,13.0
R00441,R01251,23,11,0,2,3,13.0
R00441,R01256,23,19,0,2,3,13.0
R00441,R01259,23,23,0,2,3,13.0
R00441,R01353,23,11,0,2,7,30.4
R00441,R01366,23,13,1,0,1,4.3
R00441,R01403,23,21,1,0,1,4.3
R00441,R01451,23,7,1,0,1,4.3
R00441,R01452,23,21,0,5,14,60.9
R00441,R01457,23,3,0,1,1,4.3
R00441,R01562,23,22,0,2,10,43.5
R00441,R01563,23,18,0,2,9,39.1
R00441,R01564,23,18,0,2,10,43.5
R00441,R01566,23,20,0,2,10,43.5
R00441,R01727,23,25,0,5,16,64.0
R00441,R01848,23,24,1,13,22,91.7
R00441,R01892,23,15,0,2,2,8.7
R00441,R01952,23,16,0,2,2,8.7
R00441,R02032,23,10,0,2,2,8.7
R00441,R02039,23,16,0,2,2,8.7
R00441,R02052,23,12,0,2,7,30.4
R00441,R02053,23,11,0,2,7,30.4
R00443,R00463,4,10,0,1,1,10.0
R00443,R00531,4,9,0,1,1,11.1
R00443,R00534,4,4,0,1,1,25.0
R00443,R00644,4,3,2,1,3,75.0
R00443,R00847,4,12,1,0,1,8.3
R00443,R00873,4,13,0,1,3,23.1
R00443,R00875,4,36,0,1,3,8.3
R00443,R01061,4,32,0,4,4,12.5
R00443,R01305,4,29,0,1,1,3.4
R00443,R01573,4,6,0,1,1,16.7
R00443,R01631,4,4,1,0,1,25.0
R00443,R01801,4,17,0,1,1,5.9
R00443,R02003,4,6,1,0,1,16.7
R00443,R02018,4,3,1,0,1,25.0
R00444,R01354,19,15,4,9,13,68.4
R00444,R01402,19,17,1,9,13,68.4
R00444,R02087,19,8,1,0,4,21.1
R00446,R00884,9,11,1,0,7,63.6
R00446,R00904,9,4,1,0,2,22.2
R00446,R01471,9,7,1,0,1,11.1
R00446,R01486,9,6,0,3,3,33.3
R00446,R01489,9,2,0,2,2,22.2
R00446,R02082,9,7,2,0,3,33.3
R00448,R01374,3,23,0,1,1,4.3
R00448,R01392,3,4,0,1,1,25.0
R00448,R01730,3,4,1,2,3,75.0
R00448,R01855,3,6,0,1,1,16.7
R00448,R02054,3,10,0,1,1,10.0
R00449,R00450,19,4,4,0,4,21.1
R00449,R00453,19,18,0,1,11,57.9
R00449,R00498,19,42,0,1,1,2.4
R00449,R00519,19,18,0,1,1,5.3
R00449,R00520,19,10,0,2,3,15.8
R00449,R00588,19,14,0,1,1,5.3
R00449,R00649,19,7,0,1,1,5.3
R00449,R00662,19,22,0,4,14,63.6
R00449,R00693,19,9,0,2,2,10.5
R00449,R00723,19,5,0,1,1,5.3
R00449,R00724,19,14,0,1,1,5.3
R00449,R00758,19,8,0,1,1,5.3
R00449,R00780,19,54,0,1,1,1.9
R00449,R00796,19,43,0,1,1,2.3
R00449,R00893,19,5,0,1,1,5.3
R00449,R00931,19,11,0,9,9,47.4
R00449,R00963,19,12,0,2,2,10.5
R00449,R01007,19,13,0,2,3,15.8
R00449,R01030,19,12,0,1,1,5.3
R00449,R01031,19,14,0,1,1,5.3
R00449,R01082,19,11,0,2,2,10.5
R00449,R01088,19,3,0,1,1,5.3
R00449,R01131,19,7,0,1,1,5.3
R00449,R01133,19,8,0,1,1,5.3
R00449,R01135,19,4,0,1,1,5.3
R00449,R01265,19,23,0,1,1,4.3
R00449,R01322,19,14,0,1,1,5.3
R00449,R01365,19,8,0,1,1,5.3
R00449,R01380,19,8,0,1,1,5.3
R00449,R01773,19,41,0,1,1,2.4
R00449,R01813,19,7,0,1,7,36.8
R00449,R01816,19,3,0,1,3,15.8
R00449,R01908,19,35,0,1,16,45.7
R00449,R02044,19,24,0,1,16,66.7
R00450,R00456,4,13,0,1,1,7.7
R00450,R00460,4,17,0,1,1,5.9
R00450,R00614,4,14,0,1,1,7.1
R00450,R00942,4,7,0,1,1,14.3
R00450,R01398,4,10,0,1,1,10.0
R00450,R01411,4,10,0,1,1,10.0
R00450,R01631,4,4,0,1,1,25.0
R00450,R01766,4,5,0,1,1,20.0
R00450,R01974,4,21,0,1,1,4.8
R00450,R02009,4,2,0,1,1,25.0
R00450,R02011,4,9,0,1,1,11.1
R00451,R00503,21,20,3,0,3,14.3
R00451,R00535,21,16,0,1,4,19.0
R00451,R00627,21,29,4,0,19,65.5
R00451,R00632,21,15,0,1,2,9.5
R00451,R00697,21,9,0,2,2,9.5
R00451,R00818,21,8,0,1,2,9.5
R00451,R00990,21,15,3,0,3,14.3
R00451,R01042,21,19,0,1,2,9.5
R00451,R01117,21,18,3,0,3,14.3
R00451,R01134,21,18,3,0,3,14.3
R00451,R01163,21,3,0,1,2,9.5
R00451,R01385,21,7,0,2,2,9.5
R00451,R01391,21,12,0,2,2,9.5
R00451,R01415,21,9,0,2,2,9.5
R00451,R01683,21,13,0,2,2,9.5
R00452,R00530,35,24,0,7,16,45.7
R00452,R01163,35,3,1,0,1,2.9
R00452,R01363,35,18,0,5,13,37.1
R00452,R01387,35,6,1,0,1,2.9
R00452,R01939,35,14,1,0,11,31.4
R00452,R02023,35,10,1,0,1,2.9
R00453,R00468,18,45,2,0,2,4.4
R00453,R00498,18,42,0,1,1,2.4
R00453,R00519,18,18,0,1,1,5.6
R00453,R00520,18,10,0,1,4,22.2
R00453,R00588,18,14,0,1,1,5.6
R00453,R00649,18,7,0,1,1,5.6
R00453,R00662,18,22,0,1,9,40.9
R00453,R00693,18,9,0,1,2,11.1
R00453,R00723,18,5,0,1,1,5.6
R00453,R00724,18,14,0,1,1,5.6
R00453,R00758,18,8,0,1,1,5.6
R00453,R00769,18,15,2,0,2,11.1
R00453,R00780,18,54,0,1,1,1.9
R00453,R00796,18,43,0,1,1,2.3
R00453,R00893,18,5,0,1,1,5.6
R00453,R00931,18,11,0,1,11,61.1
R00453,R00949,18,13,1,0,2,11.1
R00453,R00963,18,12,0,1,2,11.1
R00453,R00991,18,31,1,0,1,3.2
R00453,R01007,18,13,0,1,4,22.2
R00453,R01030,18,12,0,1,1,5.6
R00453,R01031,18,14,0,1,1,5.6
R00453,R01060,18,2,1,0,1,5.6
R00453,R01082,18,11,0,1,2,11.1
R00453,R01088,18,3,0,1,1,5.6
R00453,R01131,18,7,0,1,1,5.6
R00453,R01133,18,8,0,1,1,5.6
R00453,R01135,18,4,0,1,1,5.6
R00453,R01265,18,23,0,1,1,4.3
R00453,R01322,18,14,0,1,1,5.6
R00453,R01365,18,8,0,1,1,5.6
R00453,R01380,18,8,0,1,1,5.6
R00453,R01388,18,26,3,0,17,65.4
R00453,R01400,18,15,2,0,2,11.1
R00453,R01404,18,13,1,0,1,5.6
R00453,R01612,18,14,1,0,1,5.6
R00453,R01613,18,19,1,0,2,10.5
R00453,R01635,18,4,1,0,1,5.6
R00453,R01773,18,41,0,1,1,2.4
R00453,R01813,18,7,0,1,7,38.9
R00453,R01816,18,3,0,1,2,11.1
R00453,R01908,18,35,0,13,15,42.9
R00453,R01973,18,11,1,0,1,5.6
R00453,R02044,18,24,2,13,15,62.5
R00453,R02045,18,9,1,0,1,5.6
R00454,R00457,23,31,0,9,9,29.0
R00454,R00508,23,22,0,2,6,26.1
R00454,R00521,23,19,0,3,6,26.1
R00454,R00568,23,30,0,5,11,36.7
R00454,R00647,23,25,0,9,9,36.0
R00454,R00738,23,3,0,2,3,13.0
R00454,R00760,23,16,2,0,2,8.7
R00454,R00842,23,22,0,7,7,30.4
R00454,R00897,23,16,0,5,11,47.8
R00454,R01059,23,21,2,0,4,17.4
R00454,R01061,23,32,2,0,13,40.6
R00454,R01087,23,12,0,2,3,13.0
R00454,R01198,23,19,2,0,2,8.7
R00454,R01388,23,26,0,7,7,26.9
R00454,R01570,23,19,2,0,4,17.4
R00454,R01621,23,27,0,9,9,33.3
R00454,R01622,23,29,0,3,6,20.7
R00454,R01626,23,18,2,0,4,17.4
R00454,R01902,23,26,0,9,9,34.6
R00454,R01915,23,9,2,0,4,17.4
R00454,R02099,23,6,0,4,6,26.1
R00455,R00472,73,9,0,1,1,1.4
R00455,R00480,73,29,0,1,1,1.4
R00455,R00486,73,18,0,18,18,24.7
R00455,R00550,73,52,2,0,22,30.1
R00455,R00581,73,28,0,1,2,2.7
R00455,R00750,73,31,0,1,1,1.4
R00455,R00935,73,47,0,40,47,64.4
R00455,R00948,73,51,0,34,44,60.3
R00455,R01127,73,10,0,1,1,1.4
R00455,R01152,73,10,0,1,1,1.4
R00455,R01169,73,15,0,14,14,19.2
R00455,R01176,73,19,0,1,1,1.4
R00455,R01201,73,13,0,1,1,1.4
R00455,R01202,73,7,0,1,4,5.5
R00455,R01221,73,14,0,1,1,1.4
R00455,R01260,73,13,0,1,1,1.4
R00455,R01271,73,10,0,1,1,1.4
R00455,R01273,73,11,0,1,1,1.4
R00455,R01303,73,15,0,1,1,1.4
R00455,R01417,73,13,4,0,7,9.6
R00455,R01464,73,22,0,1,1,1.4
R00455,R01591,73,20,0,1,1,1.4
R00455,R01720,73,6,0,1,1,1.4
R00455,R01796,73,9,0,1,1,1.4
R00455,R01844,73,24,0,1,1,1.4
R00455,R01853,73,11,0,1,1,1.4
R00455,R01860,73,11,0,1,1,1.4
R00455,R01865,73,28,0,1,1,1.4
R00455,R01879,73,22,0,1,1,1.4
R00455,R02061,73,4,0,1,1,1.4
R00456,R00460,13,17,0,1,1,5.9
R00456,R00466,13,33,1,0,9,27.3
R00456,R00512,13,16,1,0,1,6.2
R00456,R00527,13,15,1,0,1,6.7
R00456,R00562,13,49,1,0,1,2.0
R00456,R00614,13,14,0,1,1,7.1
R00456,R00634,13,15,1,0,1,6.7
R00456,R00635,13,12,1,0,1,7.7
R00456,R00673,13,13,1,0,1,7.7
R00456,R00738,13,3,1,0,1,7.7
R00456,R00771,13,16,2,0,2,12.5
R00456,R00772,13,15,1,0,1,6.7
R00456,R00781,13,10,2,0,2,15.4
R00456,R00790,13,18,2,0,2,11.1
R00456,R00891,13,9,1,0,1,7.7
R00456,R00942,13,7,0,1,1,7.7
R00456,R00944,13,17,1,0,1,5.9
R00456,R00964,13,57,1,0,1,1.8
R00456,R00976,13,11,2,0,2,15.4
R00456,R00995,13,12,2,0,2,15.4
R00456,R01013,13,12,1,0,1,7.7
R00456,R01075,13,9,2,0,2,15.4
R00456,R01081,13,9,2,0,2,15.4
R00456,R01085,13,12,1,0,2,15.4
R00456,R01398,13,10,0,1,1,7.7
R00456,R01411,13,10,0,1,1,7.7
R00456,R01454,13,20,1,0,1,5.0
R00456,R01631,13,4,0,1,1,7.7
R00456,R01761,13,11,1,0,1,7.7
R00456,R01766,13,5,0,1,1,7.7
R00456,R01789,13,11,1,0,1,7.7
R00456,R01815,13,3,1,0,2,15.4
R00456,R01909,13,21,2,0,6,28.6
R00456,R01968,13,15,2,0,2,13.3
R00456,R01974,13,21,0,1,1,4.8
R00456,R02009,13,2,0,1,1,7.7
R00456,R02011,13,9,0,1,2,15.4
R00456,R02086,13,36,1,0,1,2.8
R00456,R02099,13,6,1,0,1,7.7
R00457,R00508,31,22,0,2,16,51.6
R00457,R00521,31,19,0,3,14,45.2
R00457,R00568,31,30,0,5,8,25.8
R00457,R00647,31,25,0,12,19,61.3
R00457,R00738,31,3,0,2,3,9.7
R00457,R00814,31,16,1,0,1,3.2
R00457,R00842,31,22,0,7,7,22.6
R00457,R00897,31,16,0,5,8,25.8
R00457,R01087,31,12,0,2,3,9.7
R00457,R01388,31,26,0,7,7,22.6
R00457,R01621,31,27,1,22,27,87.1
R00457,R01622,31,29,0,3,24,77.4
R00457,R01902,31,26,0,12,19,61.3
R00457,R02099,31,6,0,4,6,19.4
R00458,R00753,12,37,3,0,12,32.4
R00458,R00802,12,17,3,0,3,17.6
R00458,R00803,12,7,2,0,2,16.7
R00458,R00867,12,14,0,1,2,14.3
R00458,R00926,12,11,0,1,10,83.3
R00458,R00928,12,11,0,1,3,25.0
R00458,R00929,12,13,4,1,5,38.5
R00458,R00958,12,5,0,1,1,8.3
R00458,R00961,12,6,4,0,4,33.3
R00458,R01516,12,3,0,2,2,16.7
R00458,R01820,12,8,4,0,8,66.7
R00459,R00527,26,15,0,1,1,3.8
R00459,R00764,26,15,2,0,12,46.2
R00459,R00767,26,2,1,0,1,3.8
R00459,R00820,26,14,0,1,1,3.8
R00459,R01078,26,7,0,3,4,15.4
R00459,R01115,26,2,0,1,1,3.8
R00459,R01406,26,11,1,0,1,3.8
R00459,R01425,26,27,2,24,26,96.3
R00459,R01426,26,25,2,23,25,96.2
R00459,R01427,26,24,2,18,23,88.5
R00459,R01428,26,23,0,21,22,84.6
R00459,R01597,26,8,0,1,1,3.8
R00459,R02088,26,11,0,1,1,3.8
R00460,R00614,17,14,0,1,1,5.9
R00460,R00942,17,7,0,1,2,11.8
R00460,R01398,17,10,0,4,8,47.1
R00460,R01408,17,5,1,0,5,29.4
R00460,R01411,17,10,0,1,3,17.6
R00460,R01631,17,4,0,1,1,5.9
R00460,R01766,17,5,0,1,4,23.5
R00460,R01974,17,21,0,2,2,9.5
R00460,R02009,17,2,0,1,2,11.8
R00460,R02011,17,9,0,2,2,11.8
R00461,R00536,6,22,1,0,1,4.5
R00461,R01100,6,17,0,6,6,35.3
R00461,R01592,6,17,1,0,1,5.9
R00462,R00486,7,18,3,0,4,22.2
R00462,R00495,7,13,1,0,1,7.7
R00462,R00529,7,8,1,0,1,12.5
R00462,R00614,7,14,1,0,2,14.3
R00462,R00623,7,6,1,0,1,14.3
R00462,R00641,7,12,1,0,1,8.3
R00462,R00651,7,19,1,0,1,5.3
R00462,R00652,7,14,1,0,1,7.1
R00462,R00721,7,13,1,0,1,7.7
R00462,R00849,7,6,1,0,1,14.3
R00462,R00942,7,7,2,0,4,57.1
R00462,R01125,7,19,1,0,1,5.3
R00462,R01165,7,9,1,0,1,11.1
R00462,R01170,7,10,1,0,1,10.0
R00462,R01407,7,12,0,2,2,16.7
R00462,R01475,7,11,1,0,1,9.1
R00462,R01485,7,13,0,2,2,15.4
R00462,R01532,7,4,1,0,1,14.3
R00462,R01536,7,2,1,0,1,14.3
R00462,R01545,7,18,1,0,1,5.6
R00462,R01555,7,10,1,0,1,10.0
R00462,R01605,7,8,3,0,3,37.5
R00462,R01608,7,12,1,0,1,8.3
R00462,R01623,7,9,2,0,3,33.3
R00462,R01695,7,8,0,2,2,25.0
R00462,R01816,7,3,1,0,1,14.3
R00462,R01961,7,4,1,0,1,14.3
R00462,R01963,7,3,1,0,1,14.3
R00462,R02030,7,7,1,0,1,14.3
R00462,R02083,7,2,1,0,1,14.3
R00463,R00531,10,9,0,1,1,10.0
R00463,R00534,10,4,0,1,1,10.0
R00463,R00644,10,3,0,1,1,10.0
R00463,R00873,10,13,0,1,1,7.7
R00463,R00875,10,36,0,1,1,2.8
R00463,R01061,10,32,0,1,1,3.1
R00463,R01114,10,24,1,0,10,41.7
R00463,R01215,10,15,1,0,1,6.7
R00463,R01274,10,20,1,0,1,5.0
R00463,R01305,10,29,0,1,1,3.4
R00463,R01573,10,6,0,1,5,50.0
R00463,R01588,10,10,1,0,1,10.0
R00463,R01717,10,14,1,0,1,7.1
R00463,R01801,10,17,0,1,1,5.9
R00464,R00470,49,40,0,4,32,65.3
R00464,R00477,49,23,0,18,18,36.7
R00464,R00485,49,29,0,3,18,36.7
R00464,R00496,49,27,0,27,27,55.1
R00464,R00507,49,23,0,21,23,46.9
R00464,R00620,49,35,0,3,9,18.4
R00464,R00689,49,25,0,21,21,42.9
R00464,R00704,49,68,4,0,17,25.0
R00464,R00750,49,31,1,0,3,6.1
R00464,R00819,49,23,0,3,9,18.4
R00464,R01157,49,27,1,0,1,2.0
R00464,R01159,49,25,1,0,1,2.0
R00464,R01311,49,17,0,3,9,18.4
R00464,R01517,49,14,0,3,6,12.2
R00464,R01596,49,16,0,3,6,12.2
R00464,R01606,49,16,0,3,5,10.2
R00464,R01686,49,40,0,3,18,36.7
R00464,R01687,49,25,0,18,18,36.7
R00464,R01688,49,12,0,3,6,12.2
R00464,R01764,49,12,0,4,5,10.2
R00465,R00468,50,45,0,45,45,90.0
R00465,R00473,50,32,1,0,10,20.0
R00465,R00507,50,23,2,0,5,10.0
R00465,R00577,50,3,1,0,1,2.0
R00465,R00586,50,4,1,0,3,6.0
R00465,R00613,50,9,1,0,1,2.0
R00465,R00690,50,73,0,24,49,67.1
R00465,R00778,50,9,0,1,1,2.0
R00465,R00977,50,34,0,34,34,68.0
R00465,R00983,50,29,1,0,1,2.0
R00465,R01107,50,16,1,0,1,2.0
R00465,R01111,50,17,1,0,1,2.0
R00465,R01448,50,9,0,1,1,2.0
R00465,R01473,50,12,0,1,1,2.0
R00465,R02034,50,5,0,1,1,2.0
R00465,R02071,50,6,1,0,1,2.0
R00466,R00512,33,16,1,0,1,3.0
R00466,R00527,33,15,1,0,1,3.0
R00466,R00562,33,49,1,0,1,2.0
R00466,R00634,33,15,1,0,1,3.0
R00466,R00635,33,12,1,0,1,3.0
R00466,R00673,33,13,1,0,1,3.0
R00466,R00738,33,3,1,0,1,3.0
R00466,R00771,33,16,1,0,2,6.1
R00466,R00772,33,15,1,0,1,3.0
R00466,R00781,33,10,1,0,4,12.1
R00466,R00790,33,18,1,0,2,6.1
R00466,R00891,33,9,1,0,1,3.0
R00466,R00944,33,17,1,0,1,3.0
R00466,R00964,33,57,1,0,1,1.8
R00466,R00976,33,11,1,0,3,9.1
R00466,R00995,33,12,1,0,4,12.1
R00466,R01013,33,12,1,0,1,3.0
R00466,R01075,33,9,1,0,3,9.1
R00466,R01081,33,9,1,0,4,12.1
R00466,R01085,33,12,3,0,3,9.1
R00466,R01355,33,7,0,4,7,21.2
R00466,R01408,33,5,0,1,1,3.0
R00466,R01454,33,20,1,0,1,3.0
R00466,R01605,33,8,0,1,8,24.2
R00466,R01614,33,3,0,1,1,3.0
R00466,R01620,33,7,0,4,5,15.2
R00466,R01623,33,9,0,1,8,24.2
R00466,R01714,33,5,0,1,5,15.2
R00466,R01761,33,11,1,0,1,3.0
R00466,R01789,33,11,1,0,1,3.0
R00466,R01815,33,3,1,0,3,9.1
R00466,R01909,33,21,1,0,11,33.3
R00466,R01950,33,12,0,6,6,18.2
R00466,R01968,33,15,1,0,2,6.1
R00466,R01973,33,11,0,10,10,30.3
R00466,R02086,33,36,1,0,1,2.8
R00466,R02099,33,6,1,0,1,3.0
R00467,R00470,25,40,4,0,4,10.0
R00467,R00619,25,20,4,0,5,20.0
R00467,R00960,25,10,0,1,1,4.0
R00467,R01028,25,21,0,9,18,72.0
R00467,R01101,25,13,0,1,1,4.0
R00467,R01129,25,18,0,1,4,16.0
R00467,R01130,25,12,0,9,11,44.0
R00467,R01132,25,5,0,5,5,20.0
R00467,R01138,25,18,1,0,1,4.0
R00467,R01156,25,27,0,1,1,3.7
R00467,R01160,25,17,0,1,1,4.0
R00467,R01833,25,9,1,0,1,4.0
R00467,R01841,25,5,0,1,1,4.0
R00467,R01842,25,7,0,1,1,4.0
R00467,R01843,25,9,0,1,1,4.0
R00468,R00690,45,73,0,24,44,60.3
R00468,R00769,45,15,2,0,2,4.4
R00468,R00778,45,9,0,1,1,2.2
R00468,R00949,45,13,1,0,5,11.1
R00468,R00977,45,34,0,34,34,75.6
R00468,R00991,45,31,1,0,14,31.1
R00468,R01060,45,2,1,0,1,2.2
R00468,R01388,45,26,2,0,3,6.7
R00468,R01400,45,15,2,0,2,4.4
R00468,R01404,45,13,1,0,1,2.2
R00468,R01448,45,9,0,1,1,2.2
R00468,R01473,45,12,0,1,1,2.2
R00468,R01612,45,14,1,0,2,4.4
R00468,R01613,45,19,1,0,5,11.1
R00468,R01635,45,4,1,0,1,2.2
R00468,R01973,45,11,1,0,1,2.2
R00468,R02034,45,5,0,1,1,2.2
R00468,R02044,45,24,3,0,5,11.1
R00468,R02045,45,9,1,0,1,2.2
R00469,R00528,25,21,0,1,7,28.0
R00469,R00539,25,30,0,1,6,20.0
R00469,R00542,25,28,0,1,6,21.4
R00469,R00617,25,14,0,4,4,16.0
R00469,R00856,25,16,1,1,15,60.0
R00469,R00857,25,16,0,1,4,16.0
R00469,R00862,25,20,0,1,10,40.0
R00469,R01099,25,18,0,1,10,40.0
R00469,R01333,25,27,0,1,15,55.6
R00469,R01561,25,16,1,0,1,4.0
R00469,R01575,25,11,0,2,9,36.0
R00469,R01592,25,17,0,4,4,16.0
R00469,R01607,25,7,1,0,1,4.0
R00469,R01615,25,26,0,1,11,42.3
R00469,R02065,25,5,0,1,1,4.0
R00470,R00477,40,23,0,4,15,37.5
R00470,R00485,40,29,0,3,15,37.5
R00470,R00496,40,27,0,4,24,60.0
R00470,R00507,40,23,0,4,20,50.0
R00470,R00619,40,20,4,0,6,15.0
R00470,R00620,40,35,0,3,6,15.0
R00470,R00689,40,25,0,4,18,45.0
R00470,R00819,40,23,0,3,6,15.0
R00470,R01138,40,18,1,0,1,2.5
R00470,R01311,40,17,0,3,6,15.0
R00470,R01517,40,14,0,3,4,10.0
R00470,R01596,40,16,0,3,9,22.5
R00470,R01606,40,16,0,3,8,20.0
R00470,R01686,40,40,0,3,15,37.5
R00470,R01687,40,25,0,4,15,37.5
R00470,R01688,40,12,0,3,4,10.0
R00470,R01764,40,12,0,5,8,20.0
R00470,R01833,40,9,1,0,1,2.5
R00471,R00479,12,7,0,6,7,58.3
R00471,R00981,12,7,0,3,6,50.0
R00471,R00982,12,10,0,3,8,66.7
R00471,R01308,12,11,0,2,2,16.7
R00471,R01410,12,12,0,2,2,16.7
R00471,R01508,12,30,0,5,9,30.0
R00471,R01513,12,17,0,12,12,70.6
R00471,R01938,12,11,0,3,10,83.3
R00471,R01941,12,9,0,6,9,75.0
R00471,R02041,12,8,0,3,5,41.7
R00472,R00480,9,29,0,2,2,6.9
R00472,R00486,9,18,0,1,1,5.6
R00472,R00581,9,28,0,3,3,10.7
R00472,R00706,9,9,1,0,2,22.2
R00472,R00750,9,31,0,2,2,6.5
R00472,R00935,9,47,0,1,1,2.1
R00472,R00948,9,51,0,1,1,2.0
R00472,R01077,9,43,1,0,1,2.3
R00472,R01127,9,10,2,3,5,50.0
R00472,R01152,9,10,0,2,2,20.0
R00472,R01169,9,15,0,1,1,6.7
R00472,R01176,9,19,0,3,7,36.8
R00472,R01177,9,11,1,0,1,9.1
R00472,R01201,9,13,1,3,4,30.8
R00472,R01202,9,7,0,1,1,11.1
R00472,R01204,9,14,1,0,1,7.1
R00472,R01208,9,13,1,0,1,7.7
R00472,R01212,9,13,1,0,1,7.7
R00472,R01221,9,14,0,3,7,50.0
R00472,R01227,9,12,1,0,1,8.3
R00472,R01229,9,8,1,0,1,11.1
R00472,R01245,9,10,1,0,1,10.0
R00472,R01255,9,16,1,0,1,6.2
R00472,R01260,9,13,0,2,2,15.4
R00472,R01271,9,10,0,2,2,20.0
R00472,R01273,9,11,0,2,2,18.2
R00472,R01293,9,9,1,0,1,11.1
R00472,R01303,9,15,1,3,9,60.0
R00472,R01343,9,8,1,0,1,11.1
R00472,R01464,9,22,1,3,9,40.9
R00472,R01591,9,20,0,2,2,10.0
R00472,R01632,9,2,1,0,1,11.1
R00472,R01641,9,5,1,0,1,11.1
R00472,R01666,9,14,1,0,1,7.1
R00472,R01668,9,8,1,0,1,11.1
R00472,R01720,9,6,0,2,2,22.2
R00472,R01796,9,9,0,2,2,22.2
R00472,R01844,9,24,0,2,2,8.3
R00472,R01846,9,8,1,0,1,11.1
R00472,R01847,9,6,1,0,1,11.1
R00472,R01853,9,11,0,2,2,18.2
R00472,R01860,9,11,0,2,2,18.2
R00472,R01865,9,28,0,1,2,7.1
R00472,R01879,9,22,0,2,2,9.1
R00472,R01905,9,44,1,0,1,2.3
R00472,R02061,9,4,0,3,3,33.3
R00473,R00507,32,23,1,0,5,15.6
R00473,R00561,32,14,0,2,2,6.2
R00473,R00565,32,9,0,2,2,6.2
R00473,R00577,32,3,1,0,1,3.1
R00473,R00586,32,4,4,0,4,12.5
R00473,R00587,32,25,0,2,13,40.6
R00473,R00613,32,9,1,0,1,3.1
R00473,R00765,32,41,0,2,5,12.2
R00473,R00830,32,31,0,2,5,15.6
R00473,R00939,32,9,0,2,2,6.2
R00473,R00944,32,17,0,2,13,40.6
R00473,R00983,32,29,1,0,1,3.1
R00473,R01054,32,18,0,2,2,6.2
R00473,R01107,32,16,1,0,1,3.1
R00473,R01111,32,17,1,0,1,3.1
R00473,R01247,32,19,0,2,2,6.2
R00473,R01251,32,11,0,2,2,6.2
R00473,R01256,32,19,0,2,2,6.2
R00473,R01259,32,23,0,2,2,6.2
R00473,R01353,32,11,0,2,2,6.2
R00473,R01452,32,21,0,2,6,18.8
R00473,R01457,32,3,0,1,1,3.1
R00473,R01562,32,22,0,2,4,12.5
R00473,R01563,32,18,0,2,4,12.5
R00473,R01564,32,18,0,2,4,12.5
R00473,R01566,32,20,0,2,4,12.5
R00473,R01727,32,25,0,2,5,15.6
R00473,R01848,32,24,0,2,5,15.6
R00473,R01892,32,15,0,2,10,31.2
R00473,R01952,32,16,0,2,10,31.2
R00473,R02032,32,10,0,9,9,28.1
R00473,R02039,32,16,0,2,8,25.0
R00473,R02052,32,12,0,2,2,6.2
R00473,R02053,32,11,0,2,2,6.2
R00473,R02071,32,6,1,0,1,3.1
R00474,R00476,1,14,1,0,1,7.1
R00475,R00478,2,5,0,1,1,20.0
R00475,R00834,2,5,1,0,1,20.0
R00475,R00912,2,5,0,1,1,20.0
R00475,R01160,2,17,1,0,1,5.9
R00475,R01481,2,3,0,1,1,33.3
R00476,R00619,14,20,0,1,1,5.0
R00476,R00714,14,12,0,1,1,7.1
R00476,R01166,14,5,0,2,4,28.6
R00476,R01258,14,13,0,1,1,7.1
R00476,R01474,14,5,0,1,1,7.1
R00476,R01673,14,12,0,1,1,7.1
R00477,R00485,23,29,0,3,18,62.1
R00477,R00496,23,27,0,18,18,66.7
R00477,R00507,23,23,0,18,18,78.3
R00477,R00620,23,35,0,3,9,25.7
R00477,R00689,23,25,0,18,18,72.0
R00477,R00819,23,23,0,3,9,39.1
R00477,R01311,23,17,0,3,9,39.1
R00477,R01517,23,14,0,3,6,26.1
R00477,R01596,23,16,0,3,6,26.1
R00477,R01606,23,16,0,3,5,21.7
R00477,R01686,23,40,0,3,18,45.0
R00477,R01687,23,25,0,18,18,72.0
R00477,R01688,23,12,0,3,6,26.1
R00477,R01764,23,12,0,4,5,21.7
R00477,R01998,23,8,1,0,3,13.0
R00478,R00912,5,5,0,1,1,20.0
R00478,R01132,5,5,4,0,4,80.0
R00478,R01481,5,3,1,1,3,60.0
R00478,R01482,5,1,1,0,1,20.0
R00478,R01499,5,2,1,0,1,20.0
R00479,R00981,7,7,1,3,6,85.7
R00479,R00982,7,10,0,3,6,60.0
R00479,R01308,7,11,0,2,2,18.2
R00479,R01410,7,12,0,2,2,16.7
R00479,R01508,7,30,0,5,6,20.0
R00479,R01513,7,17,0,6,7,41.2
R00479,R01938,7,11,0,3,7,63.6
R00479,R01941,7,9,0,7,7,77.8
R00479,R02041,7,8,0,3,5,62.5
R00480,R00486,29,18,0,1,1,3.4
R00480,R00581,29,28,0,2,2,6.9
R00480,R00750,29,31,0,2,2,6.5
R00480,R00935,29,47,0,1,1,2.1
R00480,R00948,29,51,0,1,1,2.0
R00480,R01127,29,10,0,2,2,6.9
R00480,R01152,29,10,0,2,2,6.9
R00480,R01169,29,15,0,1,1,3.4
R00480,R01176,29,19,0,2,2,6.9
R00480,R01201,29,13,0,2,2,6.9
R00480,R01202,29,7,0,1,1,3.4
R00480,R01221,29,14,0,2,2,6.9
R00480,R01260,29,13,0,2,2,6.9
R00480,R01271,29,10,0,2,2,6.9
R00480,R01273,29,11,0,2,2,6.9
R00480,R01303,29,15,0,2,2,6.9
R00480,R01464,29,22,0,2,2,6.9
R00480,R01591,29,20,0,11,20,69.0
R00480,R01720,29,6,0,6,6,20.7
R00480,R01796,29,9,0,2,2,6.9
R00480,R01844,29,24,0,6,21,72.4
R00480,R01853,29,11,0,2,2,6.9
R00480,R01860,29,11,0,2,2,6.9
R00480,R01865,29,28,0,1,4,13.8
R00480,R01879,29,22,0,11,20,69.0
R00480,R02061,29,4,0,2,2,6.9
R00481,R01937,4,5,4,0,4,80.0
R00482,R00487,9,17,0,1,1,5.9
R00482,R00494,9,11,0,1,1,9.1
R00482,R00532,9,8,0,1,2,22.2
R00482,R00669,9,9,0,1,1,11.1
R00482,R00729,9,10,0,1,1,10.0
R00482,R00736,9,6,0,1,1,11.1
R00482,R00827,9,15,0,1,1,6.7
R00482,R00848,9,6,0,1,1,11.1
R00482,R00940,9,8,0,1,1,11.1
R00482,R01172,9,7,0,1,1,11.1
R00482,R01195,9,6,0,1,1,11.1
R00482,R01274,9,20,0,1,1,5.0
R00482,R01301,9,7,0,1,1,11.1
R00482,R01494,9,22,0,1,1,4.5
R00482,R01530,9,2,0,1,1,11.1
R00482,R01551,9,16,0,1,1,6.2
R00482,R01612,9,14,0,1,1,7.1
R00482,R01617,9,7,0,2,2,22.2
R00482,R01717,9,14,0,1,1,7.1
R00482,R01721,9,6,0,1,1,11.1
R00482,R01815,9,3,0,1,1,11.1
R00482,R01888,9,6,0,1,1,11.1
R00482,R01895,9,9,0,1,1,11.1
R00482,R01951,9,4,0,2,2,22.2
R00482,R01964,9,12,0,2,2,16.7
R00482,R01991,9,4,0,1,1,11.1
R00482,R01998,9,8,0,1,1,11.1
R00482,R02012,9,7,0,7,7,77.8
R00482,R02027,9,9,0,1,1,11.1
R00482,R02029,9,10,0,1,1,10.0
R00482,R02085,9,2,0,1,1,11.1
R00482,R02095,9,7,0,1,1,11.1
R00484,R00492,14,19,1,0,1,5.3
R00484,R00501,14,5,1,0,1,7.1
R00484,R00727,14,56,0,1,1,1.8
R00484,R00888,14,21,1,0,1,4.8
R00484,R00890,14,16,1,0,1,6.2
R00484,R01171,14,41,0,1,1,2.4
R00484,R01312,14,11,1,9,11,78.6
R00484,R01340,14,4,1,0,2,14.3
R00484,R01932,14,13,0,9,11,78.6
R00484,R02002,14,3,0,1,1,7.1
R00484,R02006,14,4,0,1,1,7.1
R00484,R02007,14,5,0,1,1,7.1
R00485,R00496,29,27,0,3,18,62.1
R00485,R00507,29,23,0,3,18,62.1
R00485,R00620,29,35,0,8,17,48.6
R00485,R00669,29,9,1,0,1,3.4
R00485,R00689,29,25,0,3,18,62.1
R00485,R00819,29,23,0,14,18,62.1
R00485,R01169,29,15,1,0,1,3.4
R00485,R01311,29,17,0,4,13,44.8
R00485,R01517,29,14,0,14,14,48.3
R00485,R01527,29,7,1,0,1,3.4
R00485,R01576,29,7,1,0,1,3.4
R00485,R01577,29,3,1,0,1,3.4
R00485,R01596,29,16,0,6,8,27.6
R00485,R01606,29,16,0,6,7,24.1
R00485,R01686,29,40,0,8,28,70.0
R00485,R01687,29,25,0,3,18,62.1
R00485,R01688,29,12,0,4,12,41.4
R00485,R01727,29,25,1,0,1,3.4
R00485,R01764,29,12,0,3,5,17.2
R00485,R01950,29,12,1,0,1,3.4
R00486,R00495,18,13,1,0,1,5.6
R00486,R00529,18,8,1,0,1,5.6
R00486,R00581,18,28,0,1,1,3.6
R00486,R00614,18,14,1,0,2,11.1
R00486,R00623,18,6,1,0,1,5.6
R00486,R00641,18,12,1,0,1,5.6
R00486,R00651,18,19,1,0,1,5.3
R00486,R00652,18,14,1,0,1,5.6
R00486,R00721,18,13,1,0,1,5.6
R00486,R00750,18,31,0,1,1,3.2
R00486,R00849,18,6,1,0,1,5.6
R00486,R00935,18,47,0,18,18,38.3
R00486,R00942,18,7,2,0,5,27.8
R00486,R00948,18,51,0,18,18,35.3
R00486,R01125,18,19,1,0,1,5.3
R00486,R01127,18,10,0,1,1,5.6
R00486,R01152,18,10,0,1,1,5.6
R00486,R01165,18,9,1,0,1,5.6
R00486,R01169,18,15,0,14,14,77.8
R00486,R01170,18,10,1,0,1,5.6
R00486,R01176,18,19,0,1,1,5.3
R00486,R01201,18,13,0,1,1,5.6
R00486,R01202,18,7,0,1,4,22.2
R00486,R01221,18,14,0,1,1,5.6
R00486,R01260,18,13,0,1,1,5.6
R00486,R01271,18,10,0,1,1,5.6
R00486,R01273,18,11,0,1,1,5.6
R00486,R01303,18,15,0,1,1,5.6
R00486,R01464,18,22,0,1,1,4.5
R00486,R01475,18,11,1,0,1,5.6
R00486,R01532,18,4,1,0,1,5.6
R00486,R01536,18,2,1,0,1,5.6
R00486,R01545,18,18,1,0,1,5.6
R00486,R01555,18,10,1,0,1,5.6
R00486,R01591,18,20,0,1,1,5.0
R00486,R01605,18,8,3,0,3,16.7
R00486,R01608,18,12,1,0,1,5.6
R00486,R01623,18,9,2,0,3,16.7
R00486,R01720,18,6,0,1,1,5.6
R00486,R01796,18,9,0,1,1,5.6
R00486,R01816,18,3,1,0,1,5.6
R00486,R01844,18,24,0,1,1,4.2
R00486,R01853,18,11,0,1,1,5.6
R00486,R01860,18,11,0,1,1,5.6
R00486,R01865,18,28,0,1,1,3.6
R00486,R01879,18,22,0,1,1,4.5
R00486,R01961,18,4,1,0,1,5.6
R00486,R01963,18,3,1,0,1,5.6
R00486,R02030,18,7,1,0,1,5.6
R00486,R02061,18,4,0,1,1,5.6
R00486,R02083,18,2,1,0,1,5.6
R00487,R00494,17,11,0,1,5,29.4
R00487,R00532,17,8,0,1,1,5.9
R00487,R00669,17,9,0,1,1,5.9
R00487,R00729,17,10,0,1,1,5.9
R00487,R00736,17,6,0,1,1,5.9
R00487,R00827,17,15,0,2,8,47.1
R00487,R00848,17,6,0,1,2,11.8
R00487,R00940,17,8,0,1,1,5.9
R00487,R01172,17,7,0,1,1,5.9
R00487,R01195,17,6,0,1,1,5.9
R00487,R01274,17,20,0,4,8,40.0
R00487,R01301,17,7,0,1,1,5.9
R00487,R01494,17,22,0,1,1,4.5
R00487,R01530,17,2,0,1,1,5.9
R00487,R01551,17,16,0,4,15,88.2
R00487,R01612,17,14,0,1,1,5.9
R00487,R01617,17,7,0,1,1,5.9
R00487,R01717,17,14,0,7,7,41.2
R00487,R01721,17,6,0,1,1,5.9
R00487,R01815,17,3,0,1,1,5.9
R00487,R01888,17,6,0,1,1,5.9
R00487,R01895,17,9,0,1,1,5.9
R00487,R01951,17,4,0,1,1,5.9
R00487,R01964,17,12,0,1,1,5.9
R00487,R01977,17,3,3,0,3,17.6
R00487,R01991,17,4,0,1,1,5.9
R00487,R01998,17,8,0,1,1,5.9
R00487,R02012,17,7,0,1,1,5.9
R00487,R02027,17,9,0,1,1,5.9
R00487,R02029,17,10,0,1,1,5.9
R00487,R02085,17,2,0,1,1,5.9
R00487,R02095,17,7,0,1,1,5.9
R00488,R00489,14,17,0,14,14,82.4
R00488,R00525,14,15,0,4,4,26.7
R00488,R00611,14,7,1,0,1,7.1
R00488,R01500,14,4,1,0,1,7.1
R00488,R01578,14,16,0,3,7,43.8
R00488,R01636,14,22,0,6,7,31.8
R00488,R01637,14,32,0,6,7,21.9
R00488,R01645,14,21,0,7,7,33.3
R00488,R01660,14,38,0,6,7,18.4
R00488,R02064,14,18,0,5,5,27.8
R00488,R02066,14,10,0,6,7,50.0
R00488,R02072,14,20,1,0,7,35.0
R00488,R02073,14,9,0,7,7,50.0
R00488,R02093,14,21,0,4,4,19.0
R00489,R00524,17,16,1,0,6,35.3
R00489,R00525,17,15,0,4,4,23.5
R00489,R00528,17,21,4,0,10,47.6
R00489,R00664,17,15,1,0,1,5.9
R00489,R00668,17,12,1,0,1,5.9
R00489,R00950,17,18,1,0,1,5.6
R00489,R01015,17,6,1,0,1,5.9
R00489,R01578,17,16,0,3,7,41.2
R00489,R01636,17,22,1,6,8,36.4
R00489,R01637,17,32,0,6,8,25.0
R00489,R01645,17,21,0,7,8,38.1
R00489,R01660,17,38,0,6,8,21.1
R00489,R01995,17,16,1,0,1,5.9
R00489,R02064,17,18,0,5,5,27.8
R00489,R02066,17,10,0,6,7,41.2
R00489,R02073,17,9,0,7,7,41.2
R00489,R02093,17,21,0,4,4,19.0
R00490,R00504,6,6,0,1,1,16.7
R00490,R00700,6,6,1,0,1,16.7
R00490,R00741,6,5,4,1,5,83.3
R00490,R00927,6,22,0,1,1,4.5
R00490,R00989,6,16,0,1,1,6.2
R00490,R00991,6,31,0,1,1,3.2
R00490,R00996,6,6,1,0,1,16.7
R00490,R01458,6,5,0,1,1,16.7
R00490,R01581,6,25,0,1,1,4.0
R00490,R01644,6,11,0,1,1,9.1
R00490,R01652,6,14,0,1,1,7.1
R00490,R01777,6,8,0,1,1,12.5
R00491,R00524,26,16,0,2,4,15.4
R00491,R00526,26,16,0,2,14,53.8
R00491,R00536,26,22,0,2,14,53.8
R00491,R00608,26,14,0,14,14,53.8
R00491,R00610,26,27,0,14,16,59.3
R00491,R00624,26,12,0,2,12,46.2
R00491,R00654,26,27,2,2,16,59.3
R00491,R01587,26,29,0,2,4,13.8
R00491,R01639,26,26,0,2,4,15.4
R00491,R01674,26,13,0,2,4,15.4
R00491,R01745,26,24,0,24,24,92.3
R00491,R01969,26,26,0,2,4,15.4
R00491,R01975,26,26,0,2,4,15.4
R00492,R00501,19,5,2,0,2,10.5
R00492,R00541,19,9,0,2,2,10.5
R00492,R00543,19,11,0,2,2,10.5
R00492,R00544,19,10,0,2,2,10.5
R00492,R00545,19,8,0,2,2,10.5
R00492,R00547,19,7,0,2,2,10.5
R00492,R00549,19,6,0,2,2,10.5
R00492,R00792,19,20,0,1,1,5.0
R00492,R00846,19,22,0,1,1,4.5
R00492,R00888,19,21,1,0,1,4.8
R00492,R00890,19,16,1,0,1,5.3
R00492,R01312,19,11,1,0,1,5.3
R00492,R01340,19,4,1,1,2,10.5
R00492,R01472,19,7,0,1,1,5.3
R00492,R01483,19,10,0,10,10,52.6
R00492,R01487,19,7,0,2,3,15.8
R00492,R01812,19,6,0,3,3,15.8
R00492,R01900,19,8,0,2,5,26.3
R00492,R01901,19,6,0,5,5,26.3
R00493,R00499,3,5,0,1,1,20.0
R00493,R01350,3,2,1,0,1,33.3
R00493,R01352,3,11,1,0,1,9.1
R00493,R01358,3,6,0,1,1,16.7
R00493,R01664,3,4,0,1,1,25.0
R00493,R01824,3,7,2,0,2,28.6
R00493,R01881,3,12,1,0,1,8.3
R00493,R01932,3,13,3,0,3,23.1
R00494,R00532,11,8,0,1,1,9.1
R00494,R00669,11,9,0,1,1,9.1
R00494,R00729,11,10,0,1,1,9.1
R00494,R00736,11,6,0,1,1,9.1
R00494,R00827,11,15,0,1,9,60.0
R00494,R00848,11,6,0,4,4,36.4
R00494,R00940,11,8,0,1,1,9.1
R00494,R01172,11,7,0,1,1,9.1
R00494,R01195,11,6,0,1,1,9.1
R00494,R01274,11,20,0,1,6,30.0
R00494,R01301,11,7,0,1,1,9.1
R00494,R01494,11,22,0,1,1,4.5
R00494,R01530,11,2,0,1,1,9.1
R00494,R01543,11,11,1,0,1,9.1
R00494,R01551,11,16,0,1,6,37.5
R00494,R01612,11,14,0,1,1,7.1
R00494,R01617,11,7,0,1,1,9.1
R00494,R01717,11,14,0,1,5,35.7
R00494,R01721,11,6,0,1,1,9.1
R00494,R01815,11,3,0,1,1,9.1
R00494,R01888,11,6,0,1,1,9.1
R00494,R01895,11,9,0,1,1,9.1
R00494,R01951,11,4,0,1,1,9.1
R00494,R01964,11,12,0,1,1,8.3
R00494,R01991,11,4,0,1,1,9.1
R00494,R01998,11,8,0,1,1,9.1
R00494,R02012,11,7,0,1,1,9.1
R00494,R02027,11,9,0,1,1,9.1
R00494,R02029,11,10,0,1,1,9.1
R00494,R02085,11,2,0,1,1,9.1
R00494,R02095,11,7,0,1,1,9.1
R00495,R00529,13,8,1,0,2,15.4
R00495,R00614,13,14,1,0,1,7.1
R00495,R00623,13,6,1,0,1,7.7
R00495,R00641,13,12,2,0,2,15.4
R00495,R00651,13,19,1,0,1,5.3
R00495,R00652,13,14,1,0,1,7.1
R00495,R00721,13,13,2,0,7,53.8
R00495,R00764,13,15,0,1,1,6.7
R00495,R00809,13,7,0,1,1,7.7
R00495,R00825,13,18,0,1,1,5.6
R00495,R00849,13,6,1,0,1,7.7
R00495,R00942,13,7,1,0,1,7.7
R00495,R01125,13,19,1,0,1,5.3
R00495,R01165,13,9,1,0,1,7.7
R00495,R01170,13,10,1,0,1,7.7
R00495,R01197,13,5,0,1,1,7.7
R00495,R01292,13,7,0,7,7,53.8
R00495,R01433,13,12,0,1,1,7.7
R00495,R01434,13,12,0,1,1,7.7
R00495,R01435,13,8,0,1,1,7.7
R00495,R01436,13,13,0,1,1,7.7
R00495,R01475,13,11,1,0,1,7.7
R00495,R01532,13,4,1,0,1,7.7
R00495,R01536,13,2,1,0,1,7.7
R00495,R01545,13,18,1,0,1,5.6
R00495,R01555,13,10,1,0,1,7.7
R00495,R01605,13,8,1,0,1,7.7
R00495,R01608,13,12,1,0,1,7.7
R00495,R01623,13,9,1,0,1,7.7
R00495,R01772,13,10,0,1,1,7.7
R00495,R01816,13,3,1,0,1,7.7
R00495,R01914,13,9,0,1,1,7.7
R00495,R01940,13,16,0,1,1,6.2
R00495,R01961,13,4,1,0,1,7.7
R00495,R01963,13,3,1,0,1,7.7
R00495,R01968,13,15,0,5,6,40.0
R00495,R02030,13,7,1,0,1,7.7
R00495,R02083,13,2,1,0,1,7.7
R00496,R00507,27,23,0,21,23,85.2
R00496,R00620,27,35,0,3,9,25.7
R00496,R00689,27,25,0,21,21,77.8
R00496,R00819,27,23,0,3,9,33.3
R00496,R01311,27,17,0,3,9,33.3
R00496,R01517,27,14,0,3,6,22.2
R00496,R01529,27,5,1,0,1,3.7
R00496,R01596,27,16,0,3,6,22.2
R00496,R01606,27,16,0,3,5,18.5
R00496,R01686,27,40,0,3,18,45.0
R00496,R01687,27,25,0,18,18,66.7
R00496,R01688,27,12,0,3,6,22.2
R00496,R01764,27,12,0,4,5,18.5
R00497,R00516,13,19,3,0,3,15.8
R00497,R00522,13,18,4,0,5,27.8
R00497,R00610,13,27,3,0,4,14.8
R00497,R01609,13,13,3,9,12,92.3
R00497,R01800,13,23,2,0,4,17.4
R00498,R00519,42,18,0,1,2,4.8
R00498,R00520,42,10,0,1,1,2.4
R00498,R00588,42,14,0,1,1,2.4
R00498,R00631,42,22,1,0,12,28.6
R00498,R00649,42,7,0,1,2,4.8
R00498,R00662,42,22,0,1,1,2.4
R00498,R00693,42,9,0,1,1,2.4
R00498,R00723,42,5,0,2,2,4.8
R00498,R00724,42,14,0,1,1,2.4
R00498,R00758,42,8,0,3,3,7.1
R00498,R00780,42,54,0,1,38,70.4
R00498,R00796,42,43,0,3,3,7.0
R00498,R00893,42,5,0,1,1,2.4
R00498,R00931,42,11,0,1,1,2.4
R00498,R00963,42,12,0,1,1,2.4
R00498,R01007,42,13,0,1,1,2.4
R00498,R01030,42,12,0,1,7,16.7
R00498,R01031,42,14,0,1,7,16.7
R00498,R01067,42,12,1,0,1,2.4
R00498,R01072,42,4,1,0,1,2.4
R00498,R01082,42,11,0,1,1,2.4
R00498,R01088,42,3,0,1,1,2.4
R00498,R01131,42,7,0,1,3,7.1
R00498,R01133,42,8,0,2,2,4.8
R00498,R01135,42,4,0,1,2,4.8
R00498,R01265,42,23,0,3,3,7.1
R00498,R01322,42,14,0,1,2,4.8
R00498,R01365,42,8,0,1,3,7.1
R00498,R01380,42,8,0,3,4,9.5
R00498,R01773,42,41,0,3,3,7.1
R00498,R01813,42,7,0,1,1,2.4
R00498,R01816,42,3,0,1,1,2.4
R00498,R01908,42,35,0,1,1,2.4
R00498,R02044,42,24,0,1,1,2.4
R00499,R01358,5,6,0,1,1,16.7
R00499,R01664,5,4,0,1,1,20.0
R00500,R00502,18,30,0,18,18,60.0
R00500,R00505,18,33,0,18,18,54.5
R00500,R00512,18,16,0,1,1,5.6
R00500,R00763,18,2,0,1,1,5.6
R00500,R00891,18,9,0,1,1,5.6
R00500,R01113,18,1,0,1,1,5.6
R00500,R01789,18,11,0,1,1,5.6
R00500,R01872,18,2,0,1,1,5.6
R00500,R02013,18,15,0,1,1,5.6
R00501,R00888,5,21,1,0,1,4.8
R00501,R00890,5,16,1,0,1,6.2
R00501,R01312,5,11,1,0,1,9.1
R00501,R01340,5,4,1,0,1,20.0
R00502,R00505,30,33,0,30,18,54.5
R00502,R00512,30,16,0,1,1,3.3
R00502,R00563,30,4,1,0,1,3.3
R00502,R00763,30,2,0,1,1,3.3
R00502,R00891,30,9,0,1,1,3.3
R00502,R01113,30,1,0,1,1,3.3
R00502,R01789,30,11,0,1,1,3.3
R00502,R01872,30,2,0,1,1,3.3
R00502,R02013,30,15,0,1,1,3.3
R00503,R00611,20,7,0,1,1,5.0
R00503,R00627,20,29,3,0,3,10.3
R00503,R00990,20,15,4,5,15,75.0
R00503,R01117,20,18,4,14,18,90.0
R00503,R01134,20,18,4,5,18,90.0
R00503,R01500,20,4,0,1,1,5.0
R00503,R01501,20,11,0,1,1,5.0
R00503,R02098,20,15,0,1,1,5.0
R00504,R00585,6,6,1,0,1,16.7
R00504,R00741,6,5,0,1,1,16.7
R00504,R00927,6,22,0,1,1,4.5
R00504,R00989,6,16,0,1,3,18.8
R00504,R00991,6,31,0,1,3,9.7
R00504,R01056,6,15,2,0,4,26.7
R00504,R01263,6,8,1,0,3,37.5
R00504,R01389,6,5,1,0,2,33.3
R00504,R01397,6,4,1,0,2,33.3
R00504,R01458,6,5,0,1,1,16.7
R00504,R01506,6,9,1,0,1,11.1
R00504,R01581,6,25,0,1,1,4.0
R00504,R01644,6,11,0,1,1,9.1
R00504,R01652,6,14,0,1,1,7.1
R00504,R01777,6,8,0,1,1,12.5
R00504,R01854,6,6,1,0,1,16.7
R00504,R01857,6,5,1,0,1,16.7
R00504,R02056,6,11,1,0,1,9.1
R00505,R00512,33,16,0,1,1,3.0
R00505,R00519,33,18,1,0,1,3.0
R00505,R00552,33,4,4,0,4,12.1
R00505,R00565,33,9,1,0,1,3.0
R00505,R00763,33,2,0,1,1,3.0
R00505,R00891,33,9,0,1,1,3.0
R00505,R00897,33,16,1,0,1,3.0
R00505,R01063,33,28,1,0,1,3.0
R00505,R01113,33,1,1,1,1,3.0
R00505,R01115,33,2,1,0,1,3.0
R00505,R01518,33,18,1,0,1,3.0
R00505,R01546,33,32,1,0,1,3.0
R00505,R01734,33,21,1,0,1,3.0
R00505,R01789,33,11,0,1,1,3.0
R00505,R01872,33,2,0,1,1,3.0
R00505,R02013,33,15,0,1,1,3.0
R00506,R00810,19,20,0,5,12,60.0
R00506,R00844,19,2,2,0,2,10.5
R00506,R00992,19,34,0,4,18,52.9
R00506,R01447,19,21,0,5,11,52.4
R00506,R01450,19,34,0,4,18,52.9
R00506,R01654,19,23,0,5,11,47.8
R00506,R01724,19,29,0,4,19,65.5
R00507,R00577,23,3,1,0,1,4.3
R00507,R00586,23,4,1,0,2,8.7
R00507,R00613,23,9,1,0,1,4.3
R00507,R00620,23,35,0,3,9,25.7
R00507,R00689,23,25,0,21,21,84.0
R00507,R00819,23,23,0,3,9,39.1
R00507,R00983,23,29,1,0,1,3.4
R00507,R01107,23,16,1,0,1,4.3
R00507,R01111,23,17,1,0,1,4.3
R00507,R01311,23,17,0,3,9,39.1
R00507,R01517,23,14,0,3,6,26.1
R00507,R01596,23,16,0,3,6,26.1
R00507,R01606,23,16,0,3,5,21.7
R00507,R01686,23,40,0,3,18,45.0
R00507,R01687,23,25,0,18,18,72.0
R00507,R01688,23,12,0,3,6,26.1
R00507,R01764,23,12,0,4,5,21.7
R00507,R02071,23,6,1,0,1,4.3
R00508,R00521,22,19,0,2,11,50.0
R00508,R00568,22,30,0,2,6,20.0
R00508,R00647,22,25,1,2,21,84.0
R00508,R00738,22,3,0,2,3,13.6
R00508,R00842,22,22,0,2,4,18.2
R00508,R00897,22,16,0,2,6,27.3
R00508,R01087,22,12,0,2,3,13.6
R00508,R01388,22,26,0,2,4,15.4
R00508,R01621,22,27,0,2,16,59.3
R00508,R01622,22,29,0,2,11,37.9
R00508,R01902,22,26,4,2,22,84.6
R00508,R01974,22,21,1,0,4,18.2
R00508,R02088,22,11,1,0,5,22.7
R00508,R02099,22,6,0,2,4,18.2
R00509,R00596,12,2,0,1,1,8.3
R00509,R00660,12,57,1,0,1,1.8
R00509,R00833,12,14,0,3,3,21.4
R00509,R00954,12,22,1,0,1,4.5
R00509,R00970,12,37,1,0,1,2.7
R00509,R00994,12,5,1,0,1,8.3
R00509,R01348,12,22,1,0,1,4.5
R00509,R01887,12,25,1,0,1,4.0
R00509,R01954,12,2,1,0,1,8.3
R00511,R00558,33,23,0,23,18,54.5
R00511,R00563,33,4,0,4,4,12.1
R00511,R02033,33,3,0,1,1,3.0
R00511,R02035,33,3,1,0,1,3.0
R00511,R02039,33,16,1,0,1,3.0
R00512,R00527,16,15,1,0,1,6.2
R00512,R00562,16,49,1,0,2,4.1
R00512,R00634,16,15,1,0,2,12.5
R00512,R00635,16,12,1,0,2,12.5
R00512,R00673,16,13,2,0,2,12.5
R00512,R00738,16,3,1,0,1,6.2
R00512,R00763,16,2,0,1,1,6.2
R00512,R00771,16,16,1,0,1,6.2
R00512,R00772,16,15,1,0,1,6.2
R00512,R00781,16,10,1,0,1,6.2
R00512,R00790,16,18,1,0,1,5.6
R00512,R00891,16,9,1,1,2,12.5
R00512,R00944,16,17,1,0,1,5.9
R00512,R00964,16,57,1,0,1,1.8
R00512,R00976,16,11,1,0,1,6.2
R00512,R00995,16,12,1,0,1,6.2
R00512,R01013,16,12,2,0,2,12.5
R00512,R01075,16,9,1,0,1,6.2
R00512,R01081,16,9,1,0,1,6.2
R00512,R01085,16,12,1,0,1,6.2
R00512,R01113,16,1,0,1,1,6.2
R00512,R01454,16,20,1,0,1,5.0
R00512,R01761,16,11,2,0,2,12.5
R00512,R01789,16,11,1,1,2,12.5
R00512,R01815,16,3,1,0,1,6.2
R00512,R01872,16,2,0,1,1,6.2
R00512,R01909,16,21,1,0,1,4.8
R00512,R01968,16,15,1,0,1,6.2
R00512,R02013,16,15,0,15,15,93.8
R00512,R02086,16,36,1,0,2,5.6
R00512,R02099,16,6,1,0,1,6.2
R00513,R00640,30,37,0,1,5,13.5
R00513,R01362,30,13,0,5,5,16.7
R00513,R01406,30,11,0,1,7,23.3
R00513,R01412,30,26,0,1,23,76.7
R00513,R01429,30,14,0,1,4,13.3
R00513,R01726,30,20,0,1,5,16.7
R00514,R00664,38,15,0,1,1,2.6
R00514,R00671,38,22,0,1,1,2.6
R00514,R00854,38,29,2,0,16,42.1
R00514,R01097,38,31,3,0,3,7.9
R00514,R01100,38,17,2,0,2,5.3
R00514,R01503,38,29,1,0,5,13.2
R00514,R01556,38,17,1,0,1,2.6
R00514,R01568,38,28,0,1,1,2.6
R00514,R01627,38,38,1,0,21,55.3
R00514,R01655,38,21,1,0,16,42.1
R00514,R01702,38,18,1,0,5,13.2
R00514,R01768,38,15,2,0,2,5.3
R00515,R00873,8,13,1,0,1,7.7
R00515,R00977,8,34,1,0,1,2.9
R00515,R00992,8,34,1,0,1,2.9
R00515,R01197,8,5,1,0,1,12.5
R00515,R01440,8,26,0,5,8,30.8
R00515,R01441,8,32,0,5,8,25.0
R00515,R01456,8,6,1,0,2,25.0
R00515,R01468,8,2,1,0,1,12.5
R00515,R01504,8,3,1,0,1,12.5
R00515,R01654,8,23,1,0,1,4.3
R00515,R01724,8,29,1,0,1,3.4
R00515,R01893,8,9,3,5,8,88.9
R00516,R00522,19,18,3,0,3,15.8
R00516,R00610,19,27,4,0,4,14.8
R00516,R01502,19,12,0,1,5,26.3
R00516,R01556,19,17,0,2,13,68.4
R00516,R01609,19,13,4,0,4,21.1
R00516,R01800,19,23,2,8,12,52.2
R00517,R00674,29,14,0,3,5,17.2
R00517,R00676,29,12,0,3,5,17.2
R00517,R00860,29,17,0,1,5,17.2
R00517,R01011,29,22,0,8,8,27.6
R00517,R01168,29,29,0,11,24,82.8
R00517,R01907,29,8,0,5,7,24.1
R00517,R01910,29,13,0,3,7,24.1
R00517,R02103,29,12,0,9,10,34.5
R00518,R00799,3,15,1,0,1,6.7
R00518,R00801,3,12,2,0,2,16.7
R00518,R00870,3,13,1,0,2,15.4
R00518,R00959,3,5,1,0,1,20.0
R00518,R01519,3,2,0,2,2,66.7
R00518,R01774,3,13,1,0,1,7.7
R00518,R01775,3,2,0,1,1,33.3
R00519,R00520,18,10,0,1,1,5.6
R00519,R00552,18,4,1,0,1,5.6
R00519,R00565,18,9,1,0,1,5.6
R00519,R00588,18,14,0,1,1,5.6
R00519,R00649,18,7,0,4,4,22.2
R00519,R00662,18,22,0,1,1,4.5
R00519,R00693,18,9,0,1,1,5.6
R00519,R00723,18,5,0,1,2,11.1
R00519,R00724,18,14,0,1,1,5.6
R00519,R00758,18,8,0,1,2,11.1
R00519,R00780,18,54,0,4,4,7.4
R00519,R00796,18,43,0,1,2,4.7
R00519,R00893,18,5,0,1,1,5.6
R00519,R00897,18,16,1,0,2,11.1
R00519,R00931,18,11,0,1,1,5.6
R00519,R00963,18,12,0,1,1,5.6
R00519,R01007,18,13,0,1,1,5.6
R00519,R01030,18,12,0,1,3,16.7
R00519,R01031,18,14,0,4,4,22.2
R00519,R01063,18,28,1,0,1,3.6
R00519,R01082,18,11,0,1,1,5.6
R00519,R01088,18,3,0,1,1,5.6
R00519,R01113,18,1,1,0,1,5.6
R00519,R01115,18,2,1,0,1,5.6
R00519,R01131,18,7,0,4,4,22.2
R00519,R01133,18,8,0,1,8,44.4
R00519,R01135,18,4,0,4,4,22.2
R00519,R01265,18,23,0,1,2,8.7
R00519,R01322,18,14,0,4,4,22.2
R00519,R01365,18,8,0,4,4,22.2
R00519,R01380,18,8,0,1,2,11.1
R00519,R01518,18,18,1,0,1,5.6
R00519,R01546,18,32,1,0,1,3.1
R00519,R01734,18,21,1,0,1,4.8
R00519,R01773,18,41,0,1,2,4.9
R00519,R01813,18,7,0,1,1,5.6
R00519,R01816,18,3,0,1,1,5.6
R00519,R01908,18,35,0,1,1,2.9
R00519,R02044,18,24,0,1,1,4.2
R00520,R00588,10,14,0,1,1,7.1
R00520,R00649,10,7,0,1,1,10.0
R00520,R00662,10,22,0,2,3,13.6
R00520,R00693,10,9,0,2,3,30.0
R00520,R00723,10,5,0,1,1,10.0
R00520,R00724,10,14,0,1,1,7.1
R00520,R00758,10,8,0,1,1,10.0
R00520,R00780,10,54,0,1,1,1.9
R00520,R00796,10,43,0,1,1,2.3
R00520,R00893,10,5,0,1,1,10.0
R00520,R00931,10,11,0,2,3,27.3
R00520,R00963,10,12,0,2,3,25.0
R00520,R01007,10,13,0,5,5,38.5
R00520,R01030,10,12,0,1,1,8.3
R00520,R01031,10,14,0,1,1,7.1
R00520,R01082,10,11,0,2,3,27.3
R00520,R01088,10,3,0,1,1,10.0
R00520,R01131,10,7,0,1,1,10.0
R00520,R01133,10,8,0,1,1,10.0
R00520,R01135,10,4,0,1,1,10.0
R00520,R01265,10,23,0,1,1,4.3
R00520,R01322,10,14,0,1,1,7.1
R00520,R01365,10,8,0,1,1,10.0
R00520,R01380,10,8,0,1,1,10.0
R00520,R01773,10,41,0,1,1,2.4
R00520,R01813,10,7,0,1,1,10.0
R00520,R01816,10,3,0,1,1,10.0
R00520,R01908,10,35,0,1,4,11.4
R00520,R02044,10,24,0,1,4,16.7
R00521,R00568,19,30,0,3,6,20.0
R00521,R00647,19,25,0,3,12,48.0
R00521,R00738,19,3,0,2,3,15.8
R00521,R00842,19,22,0,3,4,18.2
R00521,R00897,19,16,0,3,6,31.6
R00521,R01087,19,12,0,2,3,15.8
R00521,R01388,19,26,0,3,4,15.4
R00521,R01621,19,27,0,3,14,51.9
R00521,R01622,19,29,0,14,14,48.3
R00521,R01902,19,26,0,3,12,46.2
R00521,R01955,19,3,1,0,3,15.8
R00521,R02099,19,6,0,3,4,21.1
R00522,R00610,18,27,3,0,4,14.8
R00522,R01609,18,13,3,0,4,22.2
R00522,R01800,18,23,2,0,4,17.4
R00523,R00680,3,3,1,0,1,33.3
R00523,R00698,3,4,1,0,1,25.0
R00523,R00703,3,5,1,0,1,20.0
R00524,R00526,16,16,0,4,4,25.0
R00524,R00528,16,21,1,0,1,4.8
R00524,R00536,16,22,0,4,4,18.2
R00524,R00608,16,14,0,2,2,12.5
R00524,R00610,16,27,0,2,5,18.5
R00524,R00624,16,12,0,4,4,25.0
R00524,R00654,16,27,0,6,6,22.2
R00524,R00664,16,15,1,0,1,6.2
R00524,R00668,16,12,1,0,1,6.2
R00524,R00950,16,18,1,0,1,5.6
R00524,R01015,16,6,1,0,1,6.2
R00524,R01587,16,29,0,7,16,55.2
R00524,R01636,16,22,1,0,13,59.1
R00524,R01639,16,26,0,11,16,61.5
R00524,R01674,16,13,0,10,12,75.0
R00524,R01745,16,24,0,2,4,16.7
R00524,R01969,16,26,0,8,8,30.8
R00524,R01975,16,26,0,7,8,30.8
R00524,R01995,16,16,1,0,1,6.2
R00525,R00671,15,22,1,0,1,4.5
R00525,R00731,15,18,1,0,1,5.6
R00525,R01041,15,12,1,0,1,6.7
R00525,R01578,15,16,0,3,8,50.0
R00525,R01636,15,22,0,4,10,45.5
R00525,R01637,15,32,0,4,10,31.2
R00525,R01645,15,21,0,4,8,38.1
R00525,R01660,15,38,0,4,10,26.3
R00525,R01674,15,13,1,0,7,46.7
R00525,R01729,15,7,1,0,1,6.7
R00525,R02064,15,18,0,4,4,22.2
R00525,R02066,15,10,0,4,6,40.0
R00525,R02073,15,9,0,4,6,40.0
R00525,R02078,15,14,1,0,1,6.7
R00525,R02093,15,21,3,4,15,71.4
R00526,R00536,16,22,0,16,16,72.7
R00526,R00608,16,14,0,2,10,62.5
R00526,R00610,16,27,0,2,12,44.4
R00526,R00617,16,14,2,0,4,25.0
R00526,R00624,16,12,0,6,6,37.5
R00526,R00654,16,27,0,4,12,44.4
R00526,R01338,16,14,1,0,1,6.2
R00526,R01587,16,29,0,4,4,13.8
R00526,R01639,16,26,0,4,4,15.4
R00526,R01674,16,13,0,4,4,25.0
R00526,R01745,16,24,0,2,14,58.3
R00526,R01969,16,26,0,4,4,15.4
R00526,R01975,16,26,0,4,4,15.4
R00527,R00562,15,49,1,0,8,16.3
R00527,R00634,15,15,1,0,1,6.7
R00527,R00635,15,12,1,0,1,6.7
R00527,R00673,15,13,1,0,1,6.7
R00527,R00738,15,3,1,0,3,20.0
R00527,R00771,15,16,1,0,1,6.2
R00527,R00772,15,15,1,0,1,6.7
R00527,R00781,15,10,1,0,1,6.7
R00527,R00790,15,18,1,0,1,5.6
R00527,R00820,15,14,0,1,1,6.7
R00527,R00891,15,9,1,0,1,6.7
R00527,R00944,15,17,1,0,1,5.9
R00527,R00964,15,57,1,0,9,15.8
R00527,R00976,15,11,1,0,1,6.7
R00527,R00995,15,12,1,0,1,6.7
R00527,R01013,15,12,1,0,1,6.7
R00527,R01075,15,9,1,0,1,6.7
R00527,R01078,15,7,0,1,1,6.7
R00527,R01081,15,9,1,0,1,6.7
R00527,R01085,15,12,1,0,1,6.7
R00527,R01115,15,2,0,1,1,6.7
R00527,R01425,15,27,0,1,1,3.7
R00527,R01426,15,25,0,1,1,4.0
R00527,R01427,15,24,0,1,1,4.2
R00527,R01428,15,23,0,1,1,4.3
R00527,R01454,15,20,1,0,1,5.0
R00527,R01597,15,8,0,1,1,6.7
R00527,R01761,15,11,1,0,1,6.7
R00527,R01789,15,11,1,0,1,6.7
R00527,R01815,15,3,1,0,1,6.7
R00527,R01909,15,21,1,0,1,4.8
R00527,R01968,15,15,1,0,1,6.7
R00527,R02086,15,36,1,0,8,22.2
R00527,R02088,15,11,0,1,1,6.7
R00527,R02099,15,6,2,0,6,40.0
R00528,R00539,21,30,0,9,20,66.7
R00528,R00542,21,28,0,9,20,71.4
R00528,R00617,21,14,0,1,1,4.8
R00528,R00664,21,15,1,0,1,4.8
R00528,R00668,21,12,1,0,1,4.8
R00528,R00856,21,16,0,2,7,33.3
R00528,R00857,21,16,0,8,9,42.9
R00528,R00862,21,20,0,2,12,57.1
R00528,R00950,21,18,1,0,1,4.8
R00528,R01015,21,6,1,0,1,4.8
R00528,R01099,21,18,0,2,12,57.1
R00528,R01333,21,27,0,2,7,25.9
R00528,R01575,21,11,0,1,4,19.0
R00528,R01592,21,17,0,1,1,4.8
R00528,R01615,21,26,0,9,10,38.5
R00528,R01636,21,22,1,0,1,4.5
R00528,R01995,21,16,1,0,1,4.8
R00528,R02065,21,5,0,5,5,23.8
R00529,R00614,8,14,1,0,1,7.1
R00529,R00623,8,6,1,0,1,12.5
R00529,R00641,8,12,1,0,3,25.0
R00529,R00651,8,19,1,0,1,5.3
R00529,R00652,8,14,1,0,1,7.1
R00529,R00721,8,13,1,0,2,15.4
R00529,R00849,8,6,1,0,1,12.5
R00529,R00942,8,7,1,0,1,12.5
R00529,R01125,8,19,1,0,1,5.3
R00529,R01165,8,9,1,0,1,11.1
R00529,R01170,8,10,1,0,1,10.0
R00529,R01475,8,11,1,0,1,9.1
R00529,R01532,8,4,1,0,1,12.5
R00529,R01536,8,2,1,0,1,12.5
R00529,R01545,8,18,1,0,1,5.6
R00529,R01555,8,10,1,0,1,10.0
R00529,R01605,8,8,1,0,1,12.5
R00529,R01608,8,12,1,0,1,8.3
R00529,R01623,8,9,1,0,1,11.1
R00529,R01816,8,3,1,0,1,12.5
R00529,R01961,8,4,1,0,1,12.5
R00529,R01963,8,3,1,0,1,12.5
R00529,R02030,8,7,1,0,1,12.5
R00529,R02083,8,2,1,0,1,12.5
R00530,R00742,24,27,1,0,1,3.7
R00530,R00748,24,26,1,0,1,3.8
R00530,R00968,24,59,1,0,1,1.7
R00530,R00969,24,34,1,0,1,2.9
R00530,R01039,24,29,1,0,1,3.4
R00530,R01044,24,3,1,0,3,12.5
R00530,R01363,24,18,1,5,16,66.7
R00530,R01630,24,20,1,0,18,75.0
R00531,R00534,9,4,0,4,4,44.4
R00531,R00644,9,3,0,1,1,11.1
R00531,R00873,9,13,0,1,1,7.7
R00531,R00875,9,36,0,1,1,2.8
R00531,R01061,9,32,0,1,1,3.1
R00531,R01305,9,29,0,1,1,3.4
R00531,R01573,9,6,0,1,1,11.1
R00531,R01801,9,17,0,1,1,5.9
R00532,R00669,8,9,0,1,2,22.2
R00532,R00729,8,10,0,1,1,10.0
R00532,R00736,8,6,0,1,1,12.5
R00532,R00827,8,15,0,1,1,6.7
R00532,R00848,8,6,0,1,1,12.5
R00532,R00940,8,8,0,1,1,12.5
R00532,R01172,8,7,0,1,1,12.5
R00532,R01195,8,6,0,1,1,12.5
R00532,R01274,8,20,0,1,1,5.0
R00532,R01301,8,7,0,1,1,12.5
R00532,R01494,8,22,0,2,2,9.1
R00532,R01530,8,2,0,1,1,12.5
R00532,R01551,8,16,0,1,1,6.2
R00532,R01612,8,14,0,1,1,7.1
R00532,R01617,8,7,2,1,3,37.5
R00532,R01717,8,14,0,1,1,7.1
R00532,R01721,8,6,0,1,1,12.5
R00532,R01815,8,3,0,1,1,12.5
R00532,R01888,8,6,0,1,1,12.5
R00532,R01895,8,9,0,1,1,11.1
R00532,R01951,8,4,0,1,1,12.5
R00532,R01964,8,12,0,1,3,25.0
R00532,R01991,8,4,0,1,1,12.5
R00532,R01998,8,8,0,1,1,12.5
R00532,R02012,8,7,0,1,2,25.0
R00532,R02027,8,9,0,1,1,11.1
R00532,R02029,8,10,0,1,1,10.0
R00532,R02085,8,2,0,1,1,12.5
R00532,R02095,8,7,0,1,1,12.5
R00533,R00681,2,3,0,1,1,33.3
R00533,R00683,2,4,0,1,1,25.0
R00533,R00686,2,5,0,1,1,20.0
R00533,R00696,2,4,0,1,1,25.0
R00534,R00644,4,3,0,1,1,25.0
R00534,R00873,4,13,0,1,1,7.7
R00534,R00875,4,36,0,1,1,2.8
R00534,R01061,4,32,0,1,1,3.1
R00534,R01305,4,29,0,1,1,3.4
R00534,R01573,4,6,0,1,1,16.7
R00534,R01801,4,17,0,1,1,5.9
R00535,R00632,16,15,0,3,4,25.0
R00535,R00697,16,9,0,1,4,25.0
R00535,R00818,16,8,0,3,3,18.8
R00535,R01042,16,19,0,3,4,21.1
R00535,R01163,16,3,0,3,3,18.8
R00535,R01385,16,7,0,1,3,18.8
R00535,R01391,16,12,0,1,3,18.8
R00535,R01415,16,9,0,1,3,18.8
R00535,R01683,16,13,0,1,3,18.8
R00535,R01684,16,2,1,0,2,12.5
R00536,R00608,22,14,0,2,10,45.5
R00536,R00610,22,27,0,2,12,44.4
R00536,R00624,22,12,0,6,6,27.3
R00536,R00654,22,27,0,4,12,44.4
R00536,R01587,22,29,0,4,4,13.8
R00536,R01592,22,17,2,0,7,31.8
R00536,R01639,22,26,0,4,4,15.4
R00536,R01674,22,13,0,4,4,18.2
R00536,R01745,22,24,0,2,14,58.3
R00536,R01969,22,26,0,4,4,15.4
R00536,R01975,22,26,0,4,4,15.4
R00537,R00787,11,10,2,0,2,18.2
R00537,R01288,11,11,2,0,2,18.2
R00537,R01289,11,7,2,3,7,63.6
R00537,R01470,11,17,1,0,1,5.9
R00537,R01477,11,10,2,0,2,18.2
R00537,R01495,11,6,2,0,2,18.2
R00537,R01664,11,4,1,0,1,9.1
R00537,R01982,11,11,1,0,1,9.1
R00537,R01983,11,13,1,0,1,7.7
R00538,R00548,4,3,0,3,3,75.0
R00539,R00542,30,28,0,12,23,76.7
R00539,R00617,30,14,0,1,1,3.3
R00539,R00856,30,16,0,2,7,23.3
R00539,R00857,30,16,0,8,11,36.7
R00539,R00862,30,20,0,2,12,40.0
R00539,R01099,30,18,0,2,12,40.0
R00539,R01333,30,27,0,2,10,33.3
R00539,R01575,30,11,0,1,4,13.3
R00539,R01592,30,17,0,1,1,3.3
R00539,R01615,30,26,0,10,10,33.3
R00539,R02065,30,5,0,5,5,16.7
R00540,R00621,6,4,1,0,3,50.0
R00540,R01037,6,34,1,0,3,8.8
R00540,R01374,6,23,1,0,4,17.4
R00540,R01381,6,57,1,0,4,7.0
R00540,R01593,6,15,0,4,5,33.3
R00540,R01595,6,24,0,4,5,20.8
R00540,R01644,6,11,4,0,4,36.4
R00540,R01652,6,14,2,0,4,28.6
R00540,R01748,6,8,1,0,2,25.0
R00540,R01777,6,8,1,0,2,25.0
R00540,R01894,6,7,2,0,2,28.6
R00541,R00543,9,11,3,6,9,81.8
R00541,R00544,9,10,3,6,9,90.0
R00541,R00545,9,8,3,2,7,77.8
R00541,R00547,9,7,4,2,7,77.8
R00541,R00549,9,6,1,2,6,66.7
R00541,R00792,9,20,0,1,1,5.0
R00541,R00846,9,22,0,1,1,4.5
R00541,R01340,9,4,0,1,1,11.1
R00541,R01472,9,7,0,1,1,11.1
R00541,R01483,9,10,0,2,2,20.0
R00541,R01487,9,7,0,2,2,22.2
R00541,R01812,9,6,0,2,2,22.2
R00541,R01900,9,8,0,2,2,22.2
R00541,R01901,9,6,0,2,2,22.2
R00542,R00617,28,14,0,1,1,3.6
R00542,R00856,28,16,0,2,7,25.0
R00542,R00857,28,16,0,8,9,32.1
R00542,R00862,28,20,0,2,14,50.0
R00542,R01099,28,18,0,2,14,50.0
R00542,R01333,28,27,0,2,7,25.0
R00542,R01575,28,11,0,1,4,14.3
R00542,R01592,28,17,0,1,1,3.6
R00542,R01615,28,26,0,10,10,35.7
R00542,R02065,28,5,0,5,5,17.9
R00543,R00544,11,10,4,6,10,90.9
R00543,R00545,11,8,3,2,8,72.7
R00543,R00547,11,7,3,2,7,63.6
R00543,R00549,11,6,1,2,6,54.5
R00543,R00792,11,20,0,1,1,5.0
R00543,R00846,11,22,0,1,1,4.5
R00543,R01340,11,4,0,1,1,9.1
R00543,R01472,11,7,0,1,1,9.1
R00543,R01483,11,10,0,2,2,18.2
R00543,R01487,11,7,0,2,2,18.2
R00543,R01812,11,6,0,2,2,18.2
R00543,R01900,11,8,0,2,2,18.2
R00543,R01901,11,6,0,2,2,18.2
R00544,R00545,10,8,3,2,7,70.0
R00544,R00547,10,7,3,2,7,70.0
R00544,R00549,10,6,1,2,6,60.0
R00544,R00792,10,20,0,1,1,5.0
R00544,R00846,10,22,0,1,1,4.5
R00544,R01340,10,4,0,1,1,10.0
R00544,R01472,10,7,0,1,1,10.0
R00544,R01483,10,10,0,2,2,20.0
R00544,R01487,10,7,0,2,2,20.0
R00544,R01812,10,6,0,2,2,20.0
R00544,R01900,10,8,0,2,2,20.0
R00544,R01901,10,6,0,2,2,20.0
R00545,R00547,8,7,3,4,7,87.5
R00545,R00549,8,6,1,4,6,75.0
R00545,R00792,8,20,0,1,1,5.0
R00545,R00846,8,22,0,1,1,4.5
R00545,R01340,8,4,0,1,1,12.5
R00545,R01472,8,7,0,1,1,12.5
R00545,R01483,8,10,0,2,2,20.0
R00545,R01487,8,7,0,2,2,25.0
R00545,R01812,8,6,0,2,2,25.0
R00545,R01900,8,8,0,2,2,25.0
R00545,R01901,8,6,0,2,2,25.0
R00546,R00572,18,17,0,17,17,94.4
R00547,R00549,7,6,1,5,6,85.7
R00547,R00792,7,20,0,1,1,5.0
R00547,R00846,7,22,0,1,1,4.5
R00547,R01340,7,4,0,1,1,14.3
R00547,R01472,7,7,0,1,1,14.3
R00547,R01483,7,10,0,2,2,20.0
R00547,R01487,7,7,0,2,2,28.6
R00547,R01812,7,6,0,2,2,28.6
R00547,R01900,7,8,0,2,2,25.0
R00547,R01901,7,6,0,2,2,28.6
R00549,R00792,6,20,0,1,1,5.0
R00549,R00846,6,22,0,1,1,4.5
R00549,R01340,6,4,0,1,1,16.7
R00549,R01472,6,7,0,1,1,14.3
R00549,R01483,6,10,0,2,2,20.0
R00549,R01487,6,7,0,2,2,28.6
R00549,R01812,6,6,0,2,2,33.3
R00549,R01900,6,8,0,2,2,25.0
R00549,R01901,6,6,0,2,2,33.3
R00550,R00726,52,13,0,1,13,25.0
R00550,R00754,52,7,0,1,2,3.8
R00550,R00917,52,29,0,3,11,21.2
R00550,R00918,52,21,0,1,9,17.3
R00550,R00941,52,16,0,1,13,25.0
R00550,R00984,52,10,0,1,10,19.2
R00550,R01056,52,15,0,3,11,21.2
R00550,R01057,52,13,0,1,12,23.1
R00550,R01151,52,16,0,3,10,19.2
R00550,R01217,52,20,0,1,7,13.5
R00550,R01222,52,23,0,1,6,11.5
R00550,R01235,52,16,0,1,15,28.8
R00550,R01237,52,30,0,1,28,53.8
R00550,R01249,52,4,0,1,2,3.8
R00550,R01263,52,8,0,1,6,11.5
R00550,R01298,52,20,0,1,6,11.5
R00550,R01299,52,8,0,1,6,11.5
R00550,R01373,52,13,0,1,12,23.1
R00550,R01417,52,13,2,0,6,11.5
R00550,R01656,52,6,0,1,4,7.7
R00550,R01657,52,12,0,1,8,15.4
R00550,R01658,52,9,0,1,8,15.4
R00550,R01712,52,23,0,3,17,32.7
R00550,R01723,52,13,0,1,6,11.5
R00550,R01731,52,9,0,1,9,17.3
R00550,R01732,52,17,0,1,6,11.5
R00550,R01733,52,19,0,1,6,11.5
R00550,R01740,52,21,0,1,6,11.5
R00550,R01781,52,6,0,1,4,7.7
R00550,R01829,52,7,0,1,6,11.5
R00550,R01877,52,22,0,1,6,11.5
R00550,R01912,52,7,0,1,4,7.7
R00550,R01942,52,5,0,1,2,3.8
R00550,R01943,52,16,0,3,10,19.2
R00550,R01958,52,10,0,1,6,11.5
R00551,R01154,8,15,1,0,1,6.7
R00551,R01345,8,17,0,3,3,17.6
R00552,R00565,4,9,1,0,1,11.1
R00552,R00897,4,16,1,0,1,6.2
R00552,R01063,4,28,1,0,1,3.6
R00552,R01113,4,1,1,0,1,25.0
R00552,R01115,4,2,1,0,1,25.0
R00552,R01518,4,18,1,0,1,5.6
R00552,R01546,4,32,1,0,1,3.1
R00552,R01734,4,21,1,0,1,4.8
R00553,R00557,8,17,3,0,3,17.6
R00553,R01161,8,15,0,1,1,6.7
R00553,R01749,8,13,4,0,4,30.8
R00554,R01773,2,41,1,0,1,2.4
R00554,R01836,2,3,1,0,1,33.3
R00555,R00562,2,49,0,1,1,2.0
R00555,R00922,2,6,0,1,1,16.7
R00555,R01554,2,30,0,1,1,3.3
R00555,R01738,2,27,0,1,1,3.7
R00555,R01741,2,3,0,1,1,33.3
R00556,R00679,18,14,0,14,14,77.8
R00557,R01053,17,17,0,1,1,5.9
R00557,R01091,17,18,0,1,1,5.6
R00557,R01611,17,15,0,15,15,88.2
R00557,R01678,17,18,0,1,1,5.6
R00557,R01713,17,10,0,1,1,5.9
R00557,R01749,17,13,3,0,3,17.6
R00558,R00563,23,4,0,4,4,17.4
R00558,R02033,23,3,0,1,1,4.3
R00559,R00592,30,33,1,0,1,3.0
R00559,R00594,30,19,1,0,1,3.3
R00559,R00622,30,4,1,0,1,3.3
R00559,R00709,30,18,1,0,1,3.3
R00559,R00921,30,11,0,11,11,36.7
R00559,R00948,30,51,1,0,1,2.0
R00559,R01232,30,8,1,0,1,3.3
R00559,R01246,30,40,1,0,1,2.5
R00559,R01265,30,23,1,0,1,3.3
R00559,R01266,30,18,0,18,18,60.0
R00559,R01746,30,9,1,0,1,3.3
R00559,R01770,30,12,1,0,11,36.7
R00559,R01782,30,13,1,0,10,33.3
R00559,R01809,30,17,1,0,1,3.3
R00559,R01835,30,27,1,0,21,70.0
R00559,R02084,30,11,2,0,11,36.7
R00560,R00576,4,3,3,0,3,75.0
R00561,R00565,14,9,0,9,9,64.3
R00561,R00587,14,25,0,2,2,8.0
R00561,R00765,14,41,0,3,4,9.8
R00561,R00830,14,31,0,5,5,16.1
R00561,R00939,14,9,0,3,5,35.7
R00561,R00944,14,17,0,2,2,11.8
R00561,R00999,14,20,1,0,1,5.0
R00561,R01054,14,18,0,2,4,22.2
R00561,R01119,14,7,1,0,1,7.1
R00561,R01247,14,19,0,3,5,26.3
R00561,R01251,14,11,0,6,6,42.9
R00561,R01256,14,19,0,3,5,26.3
R00561,R01259,14,23,0,3,5,21.7
R00561,R01261,14,10,1,0,1,7.1
R00561,R01353,14,11,0,5,5,35.7
R00561,R01452,14,21,0,2,3,14.3
R00561,R01457,14,3,0,1,2,14.3
R00561,R01554,14,30,1,0,1,3.3
R00561,R01562,14,22,0,5,5,22.7
R00561,R01563,14,18,0,5,5,27.8
R00561,R01564,14,18,0,5,5,27.8
R00561,R01566,14,20,0,5,5,25.0
R00561,R01597,14,8,1,0,1,7.1
R00561,R01727,14,25,0,2,3,12.0
R00561,R01738,14,27,1,0,1,3.7
R00561,R01848,14,24,0,2,3,12.5
R00561,R01866,14,5,1,0,1,7.1
R00561,R01892,14,15,0,2,2,13.3
R00561,R01952,14,16,0,2,2,12.5
R00561,R02032,14,10,0,2,2,14.3
R00561,R02039,14,16,0,2,3,18.8
R00561,R02052,14,12,0,5,5,35.7
R00561,R02053,14,11,0,5,5,35.7
R00561,R02076,14,11,1,0,1,7.1
R00562,R00634,49,15,4,0,4,8.2
R00562,R00635,49,12,1,0,3,6.1
R00562,R00673,49,13,1,0,2,4.1
R00562,R00738,49,3,1,0,1,2.0
R00562,R00771,49,16,1,0,1,2.0
R00562,R00772,49,15,1,0,1,2.0
R00562,R00781,49,10,1,0,1,2.0
R00562,R00790,49,18,1,0,1,2.0
R00562,R00891,49,9,1,0,1,2.0
R00562,R00922,49,6,0,6,6,12.2
R00562,R00944,49,17,1,0,1,2.0
R00562,R00964,49,57,1,0,8,14.0
R00562,R00976,49,11,1,0,1,2.0
R00562,R00995,49,12,1,0,1,2.0
R00562,R01013,49,12,1,0,3,6.1
R00562,R01075,49,9,1,0,1,2.0
R00562,R01081,49,9,1,0,1,2.0
R00562,R01085,49,12,1,0,1,2.0
R00562,R01454,49,20,1,0,1,2.0
R00562,R01554,49,30,0,30,30,61.2
R00562,R01738,49,27,0,13,27,55.1
R00562,R01741,49,3,0,3,3,6.1
R00562,R01761,49,11,1,0,2,4.1
R00562,R01789,49,11,1,0,1,2.0
R00562,R01815,49,3,1,0,1,2.0
R00562,R01909,49,21,1,0,1,2.0
R00562,R01968,49,15,1,0,1,2.0
R00562,R02086,49,36,1,0,12,24.5
R00562,R02099,49,6,1,0,1,2.0
R00563,R02033,4,3,0,1,1,25.0
R00564,R00567,8,8,0,7,4,50.0
R00564,R01110,8,8,0,7,4,50.0
R00564,R01121,8,8,0,7,4,50.0
R00564,R01339,8,8,0,7,4,50.0
R00564,R01341,8,8,0,7,4,50.0
R00564,R02043,8,4,0,4,4,50.0
R00565,R00587,9,25,0,2,2,8.0
R00565,R00765,9,41,0,3,4,9.8
R00565,R00830,9,31,0,5,5,16.1
R00565,R00897,9,16,3,0,3,18.8
R00565,R00939,9,9,0,3,5,55.6
R00565,R00944,9,17,0,2,2,11.8
R00565,R01054,9,18,0,2,4,22.2
R00565,R01063,9,28,1,0,1,3.6
R00565,R01113,9,1,1,0,1,11.1
R00565,R01115,9,2,1,0,1,11.1
R00565,R01247,9,19,0,3,5,26.3
R00565,R01251,9,11,0,6,6,54.5
R00565,R01256,9,19,0,3,5,26.3
R00565,R01259,9,23,0,3,5,21.7
R00565,R01353,9,11,0,5,5,45.5
R00565,R01452,9,21,0,2,3,14.3
R00565,R01457,9,3,0,1,2,22.2
R00565,R01518,9,18,1,0,1,5.6
R00565,R01546,9,32,1,0,1,3.1
R00565,R01562,9,22,0,5,5,22.7
R00565,R01563,9,18,0,5,5,27.8
R00565,R01564,9,18,0,5,5,27.8
R00565,R01566,9,20,0,5,5,25.0
R00565,R01727,9,25,0,2,3,12.0
R00565,R01734,9,21,1,0,1,4.8
R00565,R01848,9,24,0,2,3,12.5
R00565,R01892,9,15,0,2,2,13.3
R00565,R01952,9,16,0,2,2,12.5
R00565,R02032,9,10,0,2,2,20.0
R00565,R02039,9,16,0,2,3,18.8
R00565,R02052,9,12,0,5,5,41.7
R00565,R02053,9,11,0,5,5,45.5
R00566,R01593,6,15,1,0,1,6.7
R00567,R01110,8,8,0,7,4,50.0
R00567,R01121,8,8,0,7,4,50.0
R00567,R01339,8,8,0,7,4,50.0
R00567,R01341,8,8,0,7,4,50.0
R00567,R02043,8,4,0,4,4,50.0
R00568,R00590,30,35,2,0,13,37.1
R00568,R00647,30,25,0,5,8,26.7
R00568,R00738,30,3,0,2,3,10.0
R00568,R00842,30,22,0,5,6,20.0
R00568,R00897,30,16,0,16,16,53.3
R00568,R01087,30,12,0,2,3,10.0
R00568,R01307,30,38,4,0,13,34.2
R00568,R01388,30,26,0,5,6,20.0
R00568,R01395,30,2,1,0,1,3.3
R00568,R01621,30,27,0,5,8,26.7
R00568,R01622,30,29,0,3,6,20.0
R00568,R01902,30,26,0,5,8,26.7
R00568,R02051,30,2,1,0,1,3.3
R00568,R02099,30,6,0,4,5,16.7
R00569,R00791,6,18,0,3,6,33.3
R00569,R00793,6,12,0,3,4,33.3
R00569,R01092,6,10,0,1,1,10.0
R00569,R01093,6,20,0,1,1,5.0
R00569,R01348,6,22,0,3,5,22.7
R00569,R02037,6,15,0,3,5,33.3
R00569,R02042,6,15,0,3,5,33.3
R00570,R01232,11,8,0,8,8,72.7
R00571,R00579,32,27,0,1,15,46.9
R00571,R00590,32,35,0,1,15,42.9
R00571,R01063,32,28,0,23,23,71.9
R00571,R01546,32,32,0,9,22,68.8
R00571,R01734,32,21,0,1,15,46.9
R00573,R00622,11,4,0,4,4,36.4
R00574,R00625,13,13,2,0,2,15.4
R00574,R00714,13,12,3,0,6,46.2
R00574,R00871,13,6,2,0,2,15.4
R00574,R00938,13,5,1,0,1,7.7
R00574,R01128,13,10,2,0,2,15.4
R00574,R01129,13,18,2,0,2,11.1
R00574,R01143,13,4,2,0,2,15.4
R00574,R01149,13,7,1,0,1,7.7
R00574,R01244,13,22,2,0,8,36.4
R00574,R01258,13,13,3,0,7,53.8
R00574,R01270,13,17,2,0,2,11.8
R00574,R01673,13,12,3,0,4,30.8
R00574,R01795,13,2,1,0,1,7.7
R00574,R01845,13,7,2,0,2,15.4
R00574,R02062,13,34,2,0,2,5.9
R00574,R02097,13,27,2,0,2,7.4
R00575,R00695,18,12,1,0,2,11.1
R00575,R01252,18,20,4,0,11,55.0
R00575,R01624,18,14,3,9,14,77.8
R00577,R00586,3,4,1,0,1,25.0
R00577,R00613,3,9,1,0,1,11.1
R00577,R00983,3,29,1,0,1,3.4
R00577,R01107,3,16,1,0,2,12.5
R00577,R01111,3,17,3,0,3,17.6
R00577,R02071,3,6,1,0,1,16.7
R00578,R00760,26,16,0,1,7,26.9
R00578,R01533,26,17,1,0,7,26.9
R00578,R01549,26,1,1,0,1,3.8
R00578,R01602,26,3,0,1,1,3.8
R00578,R01831,26,13,0,1,1,3.8
R00578,R01908,26,35,2,0,11,31.4
R00579,R00590,27,35,0,27,27,77.1
R00579,R01063,27,28,0,1,20,71.4
R00579,R01546,27,32,0,1,16,50.0
R00579,R01602,27,3,1,0,1,3.7
R00579,R01734,27,21,0,15,16,59.3
R00579,R01830,27,5,1,0,1,3.7
R00580,R01246,5,40,0,2,2,5.0
R00580,R01325,5,19,0,2,2,10.5
R00580,R01381,5,57,0,2,2,3.5
R00580,R01784,5,25,0,2,2,8.0
R00580,R01819,5,15,0,2,2,13.3
R00581,R00638,28,29,1,0,1,3.4
R00581,R00642,28,8,1,0,2,7.1
R00581,R00750,28,31,0,2,2,6.5
R00581,R00880,28,22,2,0,3,10.7
R00581,R00902,28,22,3,0,9,32.1
R00581,R00909,28,8,1,0,1,3.6
R00581,R00935,28,47,0,1,2,4.3
R00581,R00948,28,51,0,1,2,3.9
R00581,R00975,28,28,1,0,1,3.6
R00581,R00989,28,16,1,0,1,3.6
R00581,R01054,28,18,3,0,12,42.9
R00581,R01102,28,27,1,0,1,3.6
R00581,R01106,28,21,3,0,3,10.7
R00581,R01127,28,10,0,3,3,10.7
R00581,R01148,28,9,1,0,1,3.6
R00581,R01152,28,10,0,2,2,7.1
R00581,R01169,28,15,0,1,1,3.6
R00581,R01176,28,19,0,3,3,10.7
R00581,R01201,28,13,0,3,3,10.7
R00581,R01202,28,7,0,1,1,3.6
R00581,R01221,28,14,0,3,3,10.7
R00581,R01225,28,15,1,0,1,3.6
R00581,R01247,28,19,3,0,12,42.9
R00581,R01256,28,19,1,0,9,32.1
R00581,R01259,28,23,2,0,13,46.4
R00581,R01260,28,13,0,2,2,7.1
R00581,R01271,28,10,0,2,2,7.1
R00581,R01273,28,11,0,2,2,7.1
R00581,R01280,28,15,1,0,1,3.6
R00581,R01303,28,15,0,3,3,10.7
R00581,R01442,28,8,1,0,1,3.6
R00581,R01464,28,22,0,3,3,10.7
R00581,R01497,28,18,1,0,1,3.6
R00581,R01498,28,20,2,0,3,10.7
R00581,R01591,28,20,0,2,2,7.1
R00581,R01710,28,27,2,0,10,35.7
R00581,R01720,28,6,0,2,2,7.1
R00581,R01728,28,8,1,0,1,3.6
R00581,R01796,28,9,0,2,2,7.1
R00581,R01834,28,15,1,0,1,3.6
R00581,R01844,28,24,0,2,2,7.1
R00581,R01853,28,11,0,2,2,7.1
R00581,R01860,28,11,0,2,2,7.1
R00581,R01865,28,28,0,1,2,7.1
R00581,R01879,28,22,0,2,2,7.1
R00581,R01886,28,11,1,0,1,3.6
R00581,R02061,28,4,0,3,3,10.7
R00581,R02079,28,5,1,0,1,3.6
R00582,R00749,74,60,0,11,29,39.2
R00582,R00777,74,5,1,0,1,1.4
R00582,R00779,74,9,1,0,1,1.4
R00582,R01244,74,22,0,1,17,23.0
R00582,R01314,74,4,0,1,1,1.4
R00582,R01315,74,6,0,1,1,1.4
R00582,R01325,74,19,1,0,1,1.4
R00582,R01449,74,1,0,1,1,1.4
R00582,R01544,74,8,0,8,8,10.8
R00582,R01819,74,15,1,0,1,1.4
R00583,R01299,15,8,1,0,1,6.7
R00583,R01392,15,4,1,0,4,26.7
R00583,R01958,15,10,1,0,1,6.7
R00584,R00591,6,5,1,4,5,83.3
R00585,R01056,6,15,1,0,1,6.7
R00585,R01263,6,8,1,0,1,12.5
R00585,R01389,6,5,1,0,1,16.7
R00585,R01397,6,4,1,0,1,16.7
R00585,R01506,6,9,1,0,1,11.1
R00585,R01854,6,6,1,0,1,16.7
R00585,R01857,6,5,1,0,1,16.7
R00585,R02056,6,11,1,0,1,9.1
R00586,R00613,4,9,1,0,1,11.1
R00586,R00983,4,29,1,0,1,3.4
R00586,R01107,4,16,1,0,1,6.2
R00586,R01111,4,17,1,0,1,5.9
R00586,R01635,4,4,0,1,1,25.0
R00586,R02031,4,3,0,1,1,25.0
R00586,R02071,4,6,1,0,1,16.7
R00587,R00765,25,41,0,2,5,12.2
R00587,R00830,25,31,0,2,5,16.1
R00587,R00939,25,9,0,2,2,8.0
R00587,R00944,25,17,0,17,17,68.0
R00587,R01054,25,18,0,2,2,8.0
R00587,R01131,25,7,1,0,2,8.0
R00587,R01247,25,19,0,2,2,8.0
R00587,R01251,25,11,0,2,2,8.0
R00587,R01256,25,19,0,2,2,8.0
R00587,R01259,25,23,0,2,2,8.0
R00587,R01353,25,11,0,2,2,8.0
R00587,R01452,25,21,0,2,5,20.0
R00587,R01457,25,3,0,1,1,4.0
R00587,R01562,25,22,0,2,4,16.0
R00587,R01563,25,18,0,2,4,16.0
R00587,R01564,25,18,0,2,4,16.0
R00587,R01566,25,20,0,2,4,16.0
R00587,R01727,25,25,0,2,5,20.0
R00587,R01848,25,24,0,2,5,20.0
R00587,R01892,25,15,0,12,13,52.0
R00587,R01952,25,16,0,14,14,56.0
R00587,R02032,25,10,0,2,9,36.0
R00587,R02039,25,16,0,11,11,44.0
R00587,R02052,25,12,0,2,2,8.0
R00587,R02053,25,11,0,2,2,8.0
R00588,R00589,14,21,1,0,1,4.8
R00588,R00602,14,28,1,0,1,3.6
R00588,R00649,14,7,0,1,1,7.1
R00588,R00662,14,22,0,1,1,4.5
R00588,R00693,14,9,0,1,1,7.1
R00588,R00723,14,5,0,1,1,7.1
R00588,R00724,14,14,3,3,13,92.9
R00588,R00758,14,8,2,1,6,42.9
R00588,R00763,14,2,1,0,1,7.1
R00588,R00780,14,54,0,1,1,1.9
R00588,R00796,14,43,0,1,6,14.0
R00588,R00845,14,25,1,0,1,4.0
R00588,R00893,14,5,0,1,1,7.1
R00588,R00916,14,38,1,0,1,2.6
R00588,R00931,14,11,0,1,1,7.1
R00588,R00939,14,9,1,0,1,7.1
R00588,R00963,14,12,0,1,1,7.1
R00588,R01007,14,13,0,1,1,7.1
R00588,R01030,14,12,0,1,1,7.1
R00588,R01031,14,14,0,1,1,7.1
R00588,R01082,14,11,0,1,1,7.1
R00588,R01088,14,3,0,1,3,21.4
R00588,R01123,14,16,1,0,1,6.2
R00588,R01131,14,7,0,1,2,14.3
R00588,R01133,14,8,0,1,1,7.1
R00588,R01135,14,4,0,1,1,7.1
R00588,R01207,14,28,1,0,1,3.6
R00588,R01251,14,11,1,0,1,7.1
R00588,R01265,14,23,0,1,6,26.1
R00588,R01322,14,14,0,1,1,7.1
R00588,R01365,14,8,0,1,3,21.4
R00588,R01380,14,8,0,1,1,7.1
R00588,R01457,14,3,1,0,1,7.1
R00588,R01526,14,17,1,0,1,5.9
R00588,R01531,14,3,1,0,1,7.1
R00588,R01773,14,41,0,1,6,14.6
R00588,R01813,14,7,0,1,1,7.1
R00588,R01816,14,3,0,1,1,7.1
R00588,R01874,14,7,1,0,1,7.1
R00588,R01908,14,35,0,1,1,2.9
R00588,R02044,14,24,0,1,1,4.2
R00589,R00602,21,28,2,13,15,53.6
R00589,R00638,21,29,0,5,12,41.4
R00589,R00704,21,68,0,10,15,22.1
R00589,R00724,21,14,1,0,1,4.8
R00589,R00758,21,8,1,0,1,4.8
R00589,R00763,21,2,1,0,1,4.8
R00589,R00806,21,11,0,4,7,33.3
R00589,R00838,21,16,0,10,12,57.1
R00589,R00841,21,17,0,4,11,52.4
R00589,R00845,21,25,3,10,21,84.0
R00589,R00863,21,34,0,10,13,38.2
R00589,R00879,21,16,0,4,9,42.9
R00589,R00916,21,38,1,0,1,2.6
R00589,R00939,21,9,1,0,1,4.8
R00589,R01055,21,24,0,13,13,54.2
R00589,R01074,21,16,0,4,10,47.6
R00589,R01077,21,43,0,10,21,48.8
R00589,R01102,21,27,0,8,12,44.4
R00589,R01123,21,16,1,0,1,4.8
R00589,R01207,21,28,1,0,1,3.6
R00589,R01251,21,11,1,0,1,4.8
R00589,R01267,21,14,0,11,12,57.1
R00589,R01279,21,7,0,7,7,33.3
R00589,R01281,21,42,0,15,19,45.2
R00589,R01307,21,38,0,10,21,55.3
R00589,R01457,21,3,1,0,1,4.8
R00589,R01515,21,23,0,13,13,56.5
R00589,R01522,21,27,0,11,12,44.4
R00589,R01526,21,17,1,0,1,4.8
R00589,R01531,21,3,1,0,1,4.8
R00589,R01691,21,36,0,13,15,41.7
R00589,R01697,21,34,0,10,21,61.8
R00589,R01706,21,21,0,15,19,90.5
R00589,R01859,21,6,0,1,1,4.8
R00589,R01874,21,7,1,0,1,4.8
R00589,R01905,21,44,0,10,21,47.7
R00589,R02086,21,36,0,10,21,58.3
R00590,R01063,35,28,0,1,20,57.1
R00590,R01307,35,38,2,0,13,34.2
R00590,R01395,35,2,1,0,1,2.9
R00590,R01546,35,32,0,1,16,45.7
R00590,R01734,35,21,0,15,16,45.7
R00590,R02051,35,2,1,0,1,2.9
R00592,R00594,33,19,1,0,1,3.0
R00592,R00622,33,4,1,0,1,3.0
R00592,R00709,33,18,1,0,1,3.0
R00592,R00902,33,22,0,2,13,39.4
R00592,R00948,33,51,2,0,2,3.9
R00592,R01232,33,8,1,0,1,3.0
R00592,R01246,33,40,2,0,2,5.0
R00592,R01265,33,23,3,0,10,30.3
R00592,R01518,33,18,0,18,18,54.5
R00592,R01526,33,17,0,7,16,48.5
R00592,R01710,33,27,0,2,13,39.4
R00592,R01746,33,9,1,0,1,3.0
R00592,R01770,33,12,1,0,1,3.0
R00592,R01782,33,13,1,0,1,3.0
R00592,R01809,33,17,1,0,1,3.0
R00592,R01835,33,27,1,0,1,3.0
R00592,R01920,33,2,0,1,1,3.0
R00592,R02050,33,2,0,1,1,3.0
R00592,R02084,33,11,1,0,1,3.0
R00593,R00682,14,22,0,14,14,63.6
R00593,R00728,14,21,0,14,14,66.7
R00594,R00622,19,4,1,0,1,5.3
R00594,R00709,19,18,2,0,2,10.5
R00594,R00948,19,51,1,0,1,2.0
R00594,R01232,19,8,2,0,2,10.5
R00594,R01246,19,40,1,0,1,2.5
R00594,R01265,19,23,1,0,1,4.3
R00594,R01746,19,9,1,0,1,5.3
R00594,R01770,19,12,1,0,1,5.3
R00594,R01782,19,13,1,0,1,5.3
R00594,R01809,19,17,1,0,6,31.6
R00594,R01835,19,27,1,0,1,3.7
R00594,R02084,19,11,1,0,1,5.3
R00595,R01000,2,17,1,0,1,5.9
R00595,R01349,2,14,1,0,1,7.1
R00595,R01359,2,13,1,0,1,7.7
R00596,R00833,2,14,0,1,1,7.1
R00597,R00598,7,12,0,7,7,58.3
R00597,R00616,7,10,0,5,6,60.0
R00597,R00800,7,11,1,0,1,9.1
R00597,R01048,7,20,2,0,2,10.0
R00597,R01147,7,2,1,0,1,14.3
R00597,R01519,7,2,1,0,1,14.3
R00597,R01752,7,9,0,7,7,77.8
R00597,R01913,7,21,1,0,1,4.8
R00598,R00616,12,10,4,5,10,83.3
R00598,R00643,12,19,2,0,2,10.5
R00598,R00725,12,19,2,0,3,15.8
R00598,R00737,12,26,2,0,3,11.5
R00598,R00746,12,34,2,0,3,8.8
R00598,R00805,12,18,2,0,4,22.2
R00598,R00866,12,26,2,0,6,23.1
R00598,R00926,12,11,2,0,6,50.0
R00598,R00928,12,11,2,0,2,16.7
R00598,R01219,12,2,1,0,1,8.3
R00598,R01224,12,12,2,0,6,50.0
R00598,R01226,12,13,2,0,6,46.2
R00598,R01752,12,9,2,7,9,75.0
R00599,R00626,13,26,0,2,3,11.5
R00599,R00631,13,22,0,2,3,13.6
R00599,R00665,13,10,0,2,3,23.1
R00599,R00672,13,15,0,2,3,20.0
R00599,R00675,13,16,0,2,3,18.8
R00599,R00677,13,18,0,2,3,16.7
R00599,R00694,13,12,0,2,3,23.1
R00599,R00711,13,24,0,2,3,12.5
R00599,R00747,13,26,0,2,6,23.1
R00599,R00757,13,25,0,2,3,12.0
R00599,R00761,13,23,0,2,3,13.0
R00599,R00782,13,20,0,2,6,30.0
R00599,R00996,13,6,0,2,3,23.1
R00599,R01020,13,10,0,2,3,23.1
R00599,R01068,13,19,0,2,3,15.8
R00599,R01070,13,19,0,2,3,15.8
R00599,R01079,13,21,0,2,3,14.3
R00599,R01080,13,13,0,2,3,23.1
R00599,R01083,13,14,0,2,3,21.4
R00599,R01084,13,12,0,2,3,23.1
R00599,R01218,13,2,0,1,1,7.7
R00599,R01856,13,3,3,0,3,23.1
R00599,R01861,13,19,0,2,3,15.8
R00600,R00885,37,5,1,0,3,8.1
R00600,R00920,37,7,1,0,1,2.7
R00600,R00921,37,11,1,0,1,2.7
R00600,R00922,37,6,1,0,1,2.7
R00600,R01498,37,20,0,1,1,2.7
R00600,R01672,37,13,0,13,13,35.1
R00600,R01838,37,3,1,0,1,2.7
R00600,R01852,37,34,0,32,32,86.5
R00600,R01874,37,7,0,1,1,2.7
R00600,R02074,37,5,0,1,1,2.7
R00600,R02075,37,13,0,1,1,2.7
R00602,R00638,28,29,0,5,18,62.1
R00602,R00704,28,68,0,10,21,30.9
R00602,R00724,28,14,1,0,1,3.6
R00602,R00758,28,8,1,0,1,3.6
R00602,R00763,28,2,1,0,1,3.6
R00602,R00806,28,11,0,4,7,25.0
R00602,R00838,28,16,0,10,13,46.4
R00602,R00841,28,17,0,4,11,39.3
R00602,R00845,28,25,2,10,15,53.6
R00602,R00863,28,34,0,10,24,70.6
R00602,R00879,28,16,0,4,9,32.1
R00602,R00916,28,38,1,0,1,2.6
R00602,R00939,28,9,1,0,1,3.6
R00602,R01055,28,24,0,24,24,85.7
R00602,R01074,28,16,0,4,10,35.7
R00602,R01077,28,43,0,10,15,34.9
R00602,R01102,28,27,0,8,18,64.3
R00602,R01123,28,16,1,0,1,3.6
R00602,R01207,28,28,1,0,1,3.6
R00602,R01251,28,11,1,0,1,3.6
R00602,R01267,28,14,0,11,12,42.9
R00602,R01279,28,7,0,7,7,25.0
R00602,R01281,28,42,0,13,15,35.7
R00602,R01307,28,38,0,10,15,39.5
R00602,R01457,28,3,1,0,1,3.6
R00602,R01515,28,23,0,21,23,82.1
R00602,R01522,28,27,0,11,19,67.9
R00602,R01526,28,17,1,0,1,3.6
R00602,R01531,28,3,1,0,1,3.6
R00602,R01691,28,36,0,28,28,77.8
R00602,R01697,28,34,0,10,15,44.1
R00602,R01706,28,21,0,13,15,53.6
R00602,R01859,28,6,0,1,1,3.6
R00602,R01874,28,7,1,0,1,3.6
R00602,R01905,28,44,0,10,15,34.1
R00602,R02086,28,36,0,10,15,41.7
R00603,R00913,9,24,3,0,3,12.5
R00603,R01682,9,20,3,0,3,15.0
R00604,R00606,15,10,2,0,9,60.0
R00604,R00607,15,14,1,0,10,66.7
R00604,R00609,15,20,2,0,8,40.0
R00604,R00612,15,13,1,0,9,60.0
R00604,R00744,15,20,4,0,10,50.0
R00604,R01783,15,4,1,0,1,6.7
R00604,R01793,15,4,1,0,1,6.7
R00604,R01797,15,3,1,0,1,6.7
R00604,R01810,15,4,1,0,4,26.7
R00605,R00709,26,18,0,18,18,69.2
R00605,R00840,26,26,0,5,23,88.5
R00606,R00607,10,14,1,2,10,71.4
R00606,R00609,10,20,3,0,8,40.0
R00606,R00612,10,13,1,2,10,76.9
R00606,R00698,10,4,0,3,3,30.0
R00606,R00703,10,5,0,2,3,30.0
R00606,R00744,10,20,2,0,10,50.0
R00606,R01783,10,4,1,0,1,10.0
R00606,R01793,10,4,1,0,1,10.0
R00606,R01797,10,3,1,0,1,10.0
R00606,R01810,10,4,1,0,4,40.0
R00607,R00609,14,20,1,0,9,45.0
R00607,R00612,14,13,4,9,13,92.9
R00607,R00698,14,4,0,2,3,21.4
R00607,R00703,14,5,0,4,4,28.6
R00607,R00744,14,20,1,0,11,55.0
R00607,R01783,14,4,1,0,1,7.1
R00607,R01793,14,4,1,0,1,7.1
R00607,R01797,14,3,1,0,1,7.1
R00607,R01810,14,4,1,0,4,28.6
R00608,R00610,14,27,0,14,14,51.9
R00608,R00624,14,12,0,2,2,14.3
R00608,R00654,14,27,0,2,14,51.9
R00608,R01587,14,29,0,2,2,6.9
R00608,R01639,14,26,0,2,2,7.7
R00608,R01674,14,13,0,2,2,14.3
R00608,R01745,14,24,0,14,14,58.3
R00608,R01969,14,26,0,2,2,7.7
R00608,R01975,14,26,0,2,2,7.7
R00609,R00612,20,13,1,0,9,45.0
R00609,R00744,20,20,2,0,8,40.0
R00609,R00975,20,28,0,2,8,28.6
R00609,R01783,20,4,1,0,1,5.0
R00609,R01793,20,4,1,0,1,5.0
R00609,R01797,20,3,1,0,1,5.0
R00609,R01810,20,4,1,0,4,20.0
R00609,R01984,20,11,0,9,11,55.0
R00609,R01985,20,10,0,8,10,50.0
R00609,R01987,20,12,0,12,12,60.0
R00609,R01989,20,20,0,12,12,60.0
R00610,R00624,27,12,0,2,4,14.8
R00610,R00654,27,27,0,2,24,88.9
R00610,R01587,27,29,0,2,5,17.2
R00610,R01609,27,13,4,0,4,14.8
R00610,R01639,27,26,0,2,5,18.5
R00610,R01674,27,13,0,2,5,18.5
R00610,R01745,27,24,0,14,16,59.3
R00610,R01800,27,23,2,0,14,51.9
R00610,R01969,27,26,0,2,5,18.5
R00610,R01975,27,26,0,2,5,18.5
R00611,R00990,7,15,0,1,1,6.7
R00611,R01117,7,18,0,1,1,5.6
R00611,R01134,7,18,0,1,1,5.6
R00611,R01500,7,4,2,1,4,57.1
R00611,R01501,7,11,0,1,4,36.4
R00611,R02072,7,20,1,0,1,5.0
R00611,R02098,7,15,0,1,1,6.7
R00612,R00698,13,4,0,2,3,23.1
R00612,R00703,13,5,0,4,4,30.8
R00612,R00744,13,20,1,0,10,50.0
R00612,R01783,13,4,1,0,1,7.7
R00612,R01793,13,4,1,0,1,7.7
R00612,R01797,13,3,1,0,1,7.7
R00612,R01810,13,4,1,0,4,30.8
R00613,R00983,9,29,1,0,1,3.4
R00613,R01107,9,16,1,0,1,6.2
R00613,R01111,9,17,1,0,1,5.9
R00613,R02071,9,6,4,2,6,66.7
R00614,R00623,14,6,1,0,1,7.1
R00614,R00641,14,12,1,0,1,7.1
R00614,R00651,14,19,1,0,1,5.3
R00614,R00652,14,14,1,0,1,7.1
R00614,R00721,14,13,1,0,1,7.1
R00614,R00849,14,6,1,0,1,7.1
R00614,R00942,14,7,1,1,2,14.3
R00614,R01125,14,19,1,0,1,5.3
R00614,R01165,14,9,1,0,1,7.1
R00614,R01170,14,10,1,0,1,7.1
R00614,R01398,14,10,0,1,1,7.1
R00614,R01411,14,10,0,1,1,7.1
R00614,R01475,14,11,1,0,1,7.1
R00614,R01532,14,4,4,0,4,28.6
R00614,R01536,14,2,1,0,1,7.1
R00614,R01545,14,18,1,0,1,5.6
R00614,R01555,14,10,1,0,1,7.1
R00614,R01605,14,8,1,0,1,7.1
R00614,R01608,14,12,1,0,1,7.1
R00614,R01623,14,9,1,0,1,7.1
R00614,R01631,14,4,0,1,1,7.1
R00614,R01766,14,5,0,1,1,7.1
R00614,R01816,14,3,1,0,1,7.1
R00614,R01961,14,4,1,0,4,28.6
R00614,R01963,14,3,1,0,3,21.4
R00614,R01974,14,21,0,1,2,9.5
R00614,R02009,14,2,0,1,1,7.1
R00614,R02011,14,9,0,1,1,7.1
R00614,R02030,14,7,4,0,7,50.0
R00614,R02083,14,2,1,0,1,7.1
R00615,R00637,2,3,0,2,2,66.7
R00615,R01138,2,18,0,1,1,5.6
R00615,R01347,2,4,0,1,1,25.0
R00615,R01659,2,3,0,1,1,33.3
R00615,R01661,2,3,0,1,1,33.3
R00615,R01946,2,2,0,1,1,50.0
R00615,R01947,2,2,0,1,1,50.0
R00615,R02040,2,5,0,1,1,20.0
R00616,R00643,10,19,2,0,2,10.5
R00616,R00725,10,19,2,0,3,15.8
R00616,R00737,10,26,2,0,3,11.5
R00616,R00746,10,34,2,0,3,8.8
R00616,R00805,10,18,2,0,3,16.7
R00616,R00866,10,26,2,0,5,19.2
R00616,R00926,10,11,2,0,5,45.5
R00616,R00928,10,11,2,0,2,18.2
R00616,R01219,10,2,1,0,1,10.0
R00616,R01224,10,12,2,0,5,41.7
R00616,R01226,10,13,2,0,5,38.5
R00616,R01752,10,9,2,5,8,80.0
R00617,R00856,14,16,0,1,3,18.8
R00617,R00857,14,16,0,1,1,6.2
R00617,R00862,14,20,0,1,3,15.0
R00617,R01099,14,18,0,1,3,16.7
R00617,R01333,14,27,0,1,3,11.1
R00617,R01338,14,14,1,0,1,7.1
R00617,R01575,14,11,0,2,2,14.3
R00617,R01592,14,17,0,14,14,82.4
R00617,R01615,14,26,0,1,1,3.8
R00617,R02065,14,5,0,1,1,7.1
R00619,R00714,20,12,0,3,6,30.0
R00619,R01138,20,18,1,0,1,5.0
R00619,R01166,20,5,0,1,1,5.0
R00619,R01258,20,13,0,3,6,30.0
R00619,R01474,20,5,0,1,1,5.0
R00619,R01673,20,12,0,7,9,45.0
R00619,R01833,20,9,1,0,3,15.0
R00620,R00689,35,25,0,3,9,25.7
R00620,R00819,35,23,0,8,21,60.0
R00620,R01311,35,17,0,4,15,42.9
R00620,R01517,35,14,0,8,13,37.1
R00620,R01596,35,16,0,6,9,25.7
R00620,R01606,35,16,0,6,7,20.0
R00620,R01686,35,40,0,17,17,42.5
R00620,R01687,35,25,0,3,9,25.7
R00620,R01688,35,12,0,4,11,31.4
R00620,R01764,35,12,0,3,5,14.3
R00621,R00850,4,27,0,2,3,11.1
R00621,R01037,4,34,1,0,2,5.9
R00621,R01374,4,23,1,0,2,8.7
R00621,R01381,4,57,1,0,2,3.5
R00621,R01644,4,11,1,0,2,18.2
R00621,R01652,4,14,1,0,2,14.3
R00621,R01748,4,8,1,0,1,12.5
R00621,R01777,4,8,2,0,2,25.0
R00621,R01894,4,7,1,0,1,14.3
R00622,R00709,4,18,1,0,1,5.6
R00622,R00948,4,51,1,0,1,2.0
R00622,R01232,4,8,1,0,1,12.5
R00622,R01246,4,40,1,0,1,2.5
R00622,R01265,4,23,1,0,1,4.3
R00622,R01746,4,9,1,0,1,11.1
R00622,R01770,4,12,1,0,1,8.3
R00622,R01782,4,13,1,0,1,7.7
R00622,R01809,4,17,1,0,1,5.9
R00622,R01835,4,27,1,0,1,3.7
R00622,R02084,4,11,1,0,1,9.1
R00623,R00641,6,12,1,0,1,8.3
R00623,R00651,6,19,1,0,1,5.3
R00623,R00652,6,14,1,0,1,7.1
R00623,R00721,6,13,1,0,1,7.7
R00623,R00849,6,6,1,0,1,16.7
R00623,R00942,6,7,1,0,1,14.3
R00623,R01125,6,19,1,0,1,5.3
R00623,R01165,6,9,1,0,1,11.1
R00623,R01170,6,10,1,0,1,10.0
R00623,R01475,6,11,1,0,1,9.1
R00623,R01532,6,4,1,0,1,16.7
R00623,R01536,6,2,1,0,1,16.7
R00623,R01545,6,18,1,0,1,5.6
R00623,R01555,6,10,1,0,1,10.0
R00623,R01605,6,8,1,0,1,12.5
R00623,R01608,6,12,1,0,1,8.3
R00623,R01623,6,9,1,0,1,11.1
R00623,R01816,6,3,1,0,1,16.7
R00623,R01961,6,4,1,0,1,16.7
R00623,R01963,6,3,1,0,1,16.7
R00623,R02030,6,7,1,0,1,14.3
R00623,R02083,6,2,1,0,1,16.7
R00624,R00654,12,27,0,4,4,14.8
R00624,R01587,12,29,0,4,4,13.8
R00624,R01639,12,26,0,4,4,15.4
R00624,R01674,12,13,0,4,4,30.8
R00624,R01745,12,24,0,2,12,50.0
R00624,R01969,12,26,0,4,4,15.4
R00624,R01975,12,26,0,4,4,15.4
R00625,R00714,13,12,2,0,2,15.4
R00625,R00871,13,6,2,0,2,15.4
R00625,R00938,13,5,1,0,1,7.7
R00625,R01128,13,10,2,0,2,15.4
R00625,R01129,13,18,4,0,4,22.2
R00625,R01143,13,4,2,0,2,15.4
R00625,R01149,13,7,1,0,1,7.7
R00625,R01244,13,22,2,0,2,9.1
R00625,R01258,13,13,2,0,2,15.4
R00625,R01270,13,17,2,0,2,11.8
R00625,R01673,13,12,2,0,2,15.4
R00625,R01795,13,2,1,0,1,7.7
R00625,R01845,13,7,2,0,2,15.4
R00625,R02062,13,34,2,0,6,17.6
R00625,R02097,13,27,2,0,6,22.2
R00626,R00631,26,22,0,15,22,84.6
R00626,R00665,26,10,0,5,5,19.2
R00626,R00672,26,15,0,5,5,19.2
R00626,R00675,26,16,0,5,5,19.2
R00626,R00677,26,18,0,5,5,19.2
R00626,R00694,26,12,0,5,5,19.2
R00626,R00711,26,24,0,5,5,19.2
R00626,R00747,26,26,0,2,9,34.6
R00626,R00757,26,25,0,14,19,73.1
R00626,R00761,26,23,0,5,5,19.2
R00626,R00782,26,20,0,2,12,46.2
R00626,R00786,26,19,1,0,18,69.2
R00626,R00996,26,6,0,4,5,19.2
R00626,R01020,26,10,0,3,3,11.5
R00626,R01068,26,19,0,3,3,11.5
R00626,R01069,26,4,4,0,4,15.4
R00626,R01070,26,19,0,3,3,11.5
R00626,R01079,26,21,0,3,5,19.2
R00626,R01080,26,13,0,3,3,11.5
R00626,R01083,26,14,0,3,3,11.5
R00626,R01084,26,12,0,3,3,11.5
R00626,R01218,26,2,0,1,1,3.8
R00626,R01861,26,19,4,14,19,73.1
R00627,R00656,29,36,0,15,15,41.7
R00627,R00990,29,15,3,0,3,10.3
R00627,R01117,29,18,3,0,3,10.3
R00627,R01134,29,18,3,0,3,10.3
R00628,R00872,26,16,0,2,2,7.7
R00628,R00874,26,16,0,2,2,7.7
R00628,R00881,26,27,0,2,2,7.4
R00628,R00882,26,24,0,2,2,7.7
R00628,R00888,26,21,0,2,2,7.7
R00628,R00890,26,16,0,2,2,7.7
R00628,R00898,26,22,0,2,2,7.7
R00628,R01000,26,17,0,2,2,7.7
R00628,R01210,26,24,0,24,24,92.3
R00628,R01269,26,11,0,2,2,7.7
R00628,R01382,26,13,0,8,12,46.2
R00628,R01405,26,19,0,2,8,30.8
R00628,R01472,26,7,1,0,1,3.8
R00628,R01540,26,12,0,2,10,38.5
R00628,R01557,26,11,0,2,3,11.5
R00628,R01685,26,16,0,2,3,11.5
R00628,R01711,26,4,4,0,4,15.4
R00628,R01823,26,21,0,2,2,7.7
R00628,R01868,26,12,0,2,2,7.7
R00628,R01871,26,10,0,2,2,7.7
R00628,R01881,26,12,0,2,2,7.7
R00628,R01882,26,11,0,2,2,7.7
R00628,R01887,26,25,0,2,23,88.5
R00628,R01891,26,16,0,2,2,7.7
R00628,R01904,26,21,0,2,2,7.7
R00628,R01906,26,19,0,2,2,7.7
R00628,R01917,26,17,0,8,17,65.4
R00629,R00780,15,54,1,0,1,1.9
R00629,R00782,15,20,1,0,1,5.0
R00629,R00812,15,34,1,0,1,2.9
R00629,R00869,15,5,3,0,5,33.3
R00629,R00877,15,16,1,0,1,6.2
R00629,R01072,15,4,0,4,4,26.7
R00629,R01079,15,21,1,0,1,4.8
R00629,R01479,15,16,2,0,2,12.5
R00629,R01930,15,23,1,0,1,4.3
R00630,R00950,8,18,0,4,8,44.4
R00630,R01168,8,29,4,0,8,27.6
R00630,R01390,8,4,0,2,2,25.0
R00630,R01779,8,8,0,3,3,37.5
R00630,R02022,8,6,0,2,2,25.0
R00631,R00665,22,10,0,5,5,22.7
R00631,R00672,22,15,0,5,5,22.7
R00631,R00675,22,16,0,5,5,22.7
R00631,R00677,22,18,0,5,5,22.7
R00631,R00694,22,12,0,5,5,22.7
R00631,R00711,22,24,0,5,5,20.8
R00631,R00747,22,26,0,2,9,34.6
R00631,R00757,22,25,0,14,16,64.0
R00631,R00761,22,23,0,5,5,21.7
R00631,R00782,22,20,0,2,12,54.5
R00631,R00996,22,6,0,4,5,22.7
R00631,R01020,22,10,0,3,3,13.6
R00631,R01067,22,12,1,0,1,4.5
R00631,R01068,22,19,0,3,3,13.6
R00631,R01070,22,19,0,3,3,13.6
R00631,R01072,22,4,1,0,1,4.5
R00631,R01079,22,21,0,3,5,22.7
R00631,R01080,22,13,0,3,3,13.6
R00631,R01083,22,14,0,3,3,13.6
R00631,R01084,22,12,0,3,3,13.6
R00631,R01218,22,2,0,1,1,4.5
R00631,R01861,22,19,0,14,16,72.7
R00632,R00697,15,9,0,1,2,13.3
R00632,R00818,15,8,0,3,3,20.0
R00632,R01042,15,19,0,15,15,78.9
R00632,R01163,15,3,0,3,3,20.0
R00632,R01385,15,7,0,1,7,46.7
R00632,R01391,15,12,1,1,12,80.0
R00632,R01415,15,9,0,1,9,60.0
R00632,R01683,15,13,1,1,13,86.7
R00633,R00653,10,2,0,2,2,20.0
R00633,R00727,10,56,1,0,1,1.8
R00633,R01009,10,17,0,4,4,23.5
R00633,R01042,10,19,1,0,1,5.3
R00633,R01171,10,41,1,0,1,2.4
R00634,R00635,15,12,1,1,12,80.0
R00634,R00673,15,13,1,12,13,86.7
R00634,R00738,15,3,1,0,1,6.7
R00634,R00771,15,16,1,0,1,6.2
R00634,R00772,15,15,1,0,1,6.7
R00634,R00781,15,10,1,0,1,6.7
R00634,R00790,15,18,1,0,1,5.6
R00634,R00891,15,9,1,0,1,6.7
R00634,R00944,15,17,1,0,1,5.9
R00634,R00964,15,57,1,0,1,1.8
R00634,R00976,15,11,1,0,1,6.7
R00634,R00995,15,12,1,0,1,6.7
R00634,R01013,15,12,1,0,2,13.3
R00634,R01075,15,9,1,0,1,6.7
R00634,R01081,15,9,1,0,1,6.7
R00634,R01085,15,12,1,0,1,6.7
R00634,R01454,15,20,1,0,1,5.0
R00634,R01761,15,11,1,0,3,20.0
R00634,R01789,15,11,1,0,1,6.7
R00634,R01815,15,3,1,0,1,6.7
R00634,R01909,15,21,1,0,1,4.8
R00634,R01968,15,15,1,0,1,6.7
R00634,R02086,15,36,1,0,3,8.3
R00634,R02099,15,6,1,0,1,6.7
R00635,R00673,12,13,1,1,11,84.6
R00635,R00738,12,3,1,0,1,8.3
R00635,R00771,12,16,1,0,1,6.2
R00635,R00772,12,15,1,0,1,6.7
R00635,R00781,12,10,1,0,1,8.3
R00635,R00790,12,18,1,0,1,5.6
R00635,R00891,12,9,1,0,1,8.3
R00635,R00944,12,17,1,0,1,5.9
R00635,R00964,12,57,1,0,1,1.8
R00635,R00976,12,11,1,0,1,8.3
R00635,R00995,12,12,1,0,1,8.3
R00635,R01013,12,12,1,0,2,16.7
R00635,R01075,12,9,1,0,1,8.3
R00635,R01081,12,9,1,0,1,8.3
R00635,R01085,12,12,1,0,1,8.3
R00635,R01454,12,20,1,0,1,5.0
R00635,R01761,12,11,1,0,3,25.0
R00635,R01789,12,11,1,0,1,8.3
R00635,R01815,12,3,1,0,1,8.3
R00635,R01909,12,21,1,0,1,4.8
R00635,R01968,12,15,1,0,1,6.7
R00635,R02086,12,36,3,0,3,8.3
R00635,R02099,12,6,1,0,1,8.3
R00637,R01138,3,18,0,1,1,5.6
R00637,R01139,3,18,1,0,1,5.6
R00637,R01295,3,21,1,0,1,4.8
R00637,R01347,3,4,1,1,1,25.0
R00637,R01659,3,3,1,1,1,33.3
R00637,R01661,3,3,1,1,1,33.3
R00637,R01945,3,2,1,0,1,33.3
R00637,R01946,3,2,0,1,1,33.3
R00637,R01947,3,2,0,1,1,33.3
R00637,R01948,3,2,1,0,1,33.3
R00637,R02040,3,5,0,1,1,20.0
R00638,R00642,29,8,2,0,2,6.9
R00638,R00704,29,68,0,5,20,29.4
R00638,R00806,29,11,0,4,10,34.5
R00638,R00838,29,16,0,5,16,55.2
R00638,R00841,29,17,0,4,16,55.2
R00638,R00845,29,25,0,5,13,44.8
R00638,R00863,29,34,0,5,22,64.7
R00638,R00879,29,16,0,4,14,48.3
R00638,R00880,29,22,1,0,1,3.4
R00638,R00902,29,22,1,0,1,3.4
R00638,R00909,29,8,2,0,2,6.9
R00638,R00975,29,28,2,0,2,6.9
R00638,R00989,29,16,2,0,2,6.9
R00638,R01054,29,18,1,0,1,3.4
R00638,R01055,29,24,0,5,18,62.1
R00638,R01074,29,16,0,4,15,51.7
R00638,R01077,29,43,0,5,13,30.2
R00638,R01102,29,27,3,5,25,86.2
R00638,R01106,29,21,1,0,1,3.4
R00638,R01148,29,9,2,0,2,6.9
R00638,R01225,29,15,2,0,2,6.9
R00638,R01247,29,19,1,0,1,3.4
R00638,R01256,29,19,2,0,2,6.9
R00638,R01259,29,23,1,0,1,3.4
R00638,R01267,29,14,0,5,14,48.3
R00638,R01279,29,7,0,5,7,24.1
R00638,R01280,29,15,2,0,12,41.4
R00638,R01281,29,42,0,5,12,28.6
R00638,R01307,29,38,0,5,13,34.2
R00638,R01442,29,8,2,0,2,6.9
R00638,R01497,29,18,2,0,2,6.9
R00638,R01498,29,20,1,0,1,3.4
R00638,R01515,29,23,0,5,18,62.1
R00638,R01522,29,27,0,5,23,79.3
R00638,R01691,29,36,0,5,18,50.0
R00638,R01697,29,34,0,5,13,38.2
R00638,R01706,29,21,0,5,12,41.4
R00638,R01710,29,27,1,0,1,3.4
R00638,R01728,29,8,1,0,1,3.4
R00638,R01834,29,15,2,0,2,6.9
R00638,R01859,29,6,0,1,1,3.4
R00638,R01886,29,11,1,0,1,3.4
R00638,R01905,29,44,0,5,13,29.5
R00638,R02079,29,5,1,0,1,3.4
R00638,R02086,29,36,0,5,13,36.1
R00639,R00721,6,13,0,6,6,46.2
R00639,R00771,6,16,0,1,1,6.2
R00639,R00772,6,15,0,1,1,6.7
R00639,R00790,6,18,0,1,1,5.6
R00639,R00839,6,9,0,2,2,22.2
R00639,R00949,6,13,0,2,2,15.4
R00639,R01073,6,12,0,1,1,8.3
R00639,R01076,6,30,0,1,1,3.3
R00639,R01396,6,12,0,2,2,16.7
R00639,R01455,6,10,0,1,1,10.0
R00639,R01456,6,6,0,1,1,16.7
R00639,R01480,6,16,0,2,2,12.5
R00639,R01504,6,3,0,1,1,16.7
R00639,R01527,6,7,0,2,2,28.6
R00639,R01574,6,7,0,1,1,14.3
R00639,R01693,6,12,0,2,2,16.7
R00639,R01756,6,12,1,0,1,8.3
R00639,R01761,6,11,0,1,1,9.1
R00639,R01803,6,13,0,2,2,15.4
R00640,R00947,37,23,3,0,6,16.2
R00640,R01073,37,12,2,0,8,21.6
R00640,R01088,37,3,2,0,3,8.1
R00640,R01362,37,13,0,1,6,16.2
R00640,R01406,37,11,0,9,9,24.3
R00640,R01412,37,26,0,4,7,18.9
R00640,R01429,37,14,0,8,8,21.6
R00640,R01726,37,20,0,17,19,51.4
R00641,R00651,12,19,1,0,1,5.3
R00641,R00652,12,14,1,0,1,7.1
R00641,R00721,12,13,4,0,4,30.8
R00641,R00849,12,6,1,0,1,8.3
R00641,R00942,12,7,1,0,1,8.3
R00641,R01125,12,19,1,0,1,5.3
R00641,R01165,12,9,1,0,1,8.3
R00641,R01170,12,10,1,0,1,8.3
R00641,R01475,12,11,1,0,1,8.3
R00641,R01532,12,4,1,0,1,8.3
R00641,R01536,12,2,1,0,1,8.3
R00641,R01545,12,18,1,0,1,5.6
R00641,R01555,12,10,1,0,1,8.3
R00641,R01605,12,8,1,0,1,8.3
R00641,R01608,12,12,1,0,1,8.3
R00641,R01623,12,9,1,0,1,8.3
R00641,R01816,12,3,1,0,1,8.3
R00641,R01961,12,4,1,0,1,8.3
R00641,R01963,12,3,1,0,1,8.3
R00641,R02030,12,7,1,0,1,8.3
R00641,R02083,12,2,1,0,1,8.3
R00642,R00880,8,22,1,0,1,4.5
R00642,R00902,8,22,1,0,2,9.1
R00642,R00907,8,27,0,1,7,25.9
R00642,R00909,8,8,2,0,2,25.0
R00642,R00975,8,28,2,0,2,7.1
R00642,R00989,8,16,2,0,2,12.5
R00642,R01054,8,18,1,0,2,11.1
R00642,R01102,8,27,2,0,2,7.4
R00642,R01106,8,21,1,0,1,4.8
R00642,R01148,8,9,3,0,3,33.3
R00642,R01225,8,15,2,0,3,20.0
R00642,R01247,8,19,1,0,2,10.5
R00642,R01256,8,19,4,0,7,36.8
R00642,R01259,8,23,1,0,2,8.7
R00642,R01280,8,15,2,0,2,13.3
R00642,R01442,8,8,3,0,3,37.5
R00642,R01497,8,18,2,0,6,33.3
R00642,R01498,8,20,1,0,6,30.0
R00642,R01710,8,27,1,0,2,7.4
R00642,R01728,8,8,1,0,1,12.5
R00642,R01834,8,15,4,0,6,40.0
R00642,R01886,8,11,1,0,1,9.1
R00642,R02079,8,5,1,0,1,12.5
R00643,R00655,19,25,0,4,5,20.0
R00643,R00716,19,2,0,1,1,5.3
R00643,R00725,19,19,2,16,18,94.7
R00643,R00737,19,26,2,0,14,53.8
R00643,R00742,19,27,0,6,6,22.2
R00643,R00746,19,34,2,0,2,5.9
R00643,R00748,19,26,0,4,5,19.2
R00643,R00805,19,18,2,0,2,10.5
R00643,R00866,19,26,2,4,6,23.1
R00643,R00877,19,16,0,4,4,21.1
R00643,R00926,19,11,2,0,3,15.8
R00643,R00928,19,11,2,0,4,21.1
R00643,R01039,19,29,0,6,6,20.7
R00643,R01043,19,7,0,3,4,21.1
R00643,R01046,19,10,0,4,4,21.1
R00643,R01048,19,20,0,4,4,20.0
R00643,R01219,19,2,1,0,1,5.3
R00643,R01224,19,12,2,0,2,10.5
R00643,R01226,19,13,2,0,2,10.5
R00643,R01367,19,40,0,4,5,12.5
R00643,R01505,19,8,0,8,8,42.1
R00643,R01751,19,3,0,3,3,15.8
R00643,R01752,19,9,2,0,2,10.5
R00643,R01774,19,13,0,11,13,68.4
R00643,R01791,19,24,0,16,18,75.0
R00644,R00847,3,12,1,0,1,8.3
R00644,R00873,3,13,0,3,3,23.1
R00644,R00875,3,36,0,3,3,8.3
R00644,R01061,3,32,0,1,3,9.4
R00644,R01305,3,29,0,1,1,3.4
R00644,R01573,3,6,0,1,1,16.7
R00644,R01631,3,4,1,0,1,25.0
R00644,R01801,3,17,0,1,1,5.9
R00644,R02003,3,6,1,0,1,16.7
R00644,R02018,3,3,1,0,1,33.3
R00645,R00699,7,21,0,1,6,28.6
R00645,R00715,7,20,0,1,5,25.0
R00645,R00745,7,18,0,1,3,16.7
R00645,R00798,7,19,0,1,5,26.3
R00645,R00802,7,17,0,1,7,41.2
R00645,R00804,7,21,0,1,6,28.6
R00645,R00807,7,14,0,6,6,42.9
R00645,R00861,7,12,0,6,6,50.0
R00645,R00864,7,15,0,1,7,46.7
R00645,R00865,7,11,0,1,3,27.3
R00645,R00957,7,12,0,1,7,58.3
R00645,R00987,7,13,0,1,7,53.8
R00645,R01024,7,13,0,1,4,30.8
R00645,R01032,7,14,0,1,3,21.4
R00645,R01051,7,13,0,1,6,46.2
R00645,R01064,7,11,0,1,6,54.5
R00645,R01913,7,21,0,1,3,14.3
R00646,R00808,3,18,1,0,1,5.6
R00647,R00738,25,3,0,2,3,12.0
R00647,R00842,25,22,0,7,7,28.0
R00647,R00897,25,16,0,5,8,32.0
R00647,R01087,25,12,0,2,3,12.0
R00647,R01388,25,26,0,7,7,26.9
R00647,R01621,25,27,0,12,19,70.4
R00647,R01622,25,29,0,3,12,41.4
R00647,R01902,25,26,1,24,25,96.2
R00647,R01974,25,21,3,0,4,16.0
R00647,R02088,25,11,3,0,5,20.0
R00647,R02099,25,6,0,4,6,24.0
R00649,R00662,7,22,0,1,1,4.5
R00649,R00693,7,9,0,1,1,11.1
R00649,R00723,7,5,4,1,5,71.4
R00649,R00724,7,14,0,1,1,7.1
R00649,R00758,7,8,0,1,2,25.0
R00649,R00780,7,54,0,4,4,7.4
R00649,R00796,7,43,0,1,2,4.7
R00649,R00893,7,5,0,1,1,14.3
R00649,R00931,7,11,0,1,1,9.1
R00649,R00963,7,12,0,1,1,8.3
R00649,R01007,7,13,0,1,1,7.7
R00649,R01030,7,12,0,1,3,25.0
R00649,R01031,7,14,0,4,4,28.6
R00649,R01082,7,11,0,1,1,9.1
R00649,R01088,7,3,0,1,1,14.3
R00649,R01131,7,7,0,4,4,57.1
R00649,R01133,7,8,0,1,2,25.0
R00649,R01135,7,4,0,4,4,57.1
R00649,R01265,7,23,0,1,2,8.7
R00649,R01322,7,14,0,7,7,50.0
R00649,R01365,7,8,0,4,4,50.0
R00649,R01380,7,8,0,1,2,25.0
R00649,R01773,7,41,0,1,2,4.9
R00649,R01813,7,7,0,1,1,14.3
R00649,R01816,7,3,0,1,1,14.3
R00649,R01908,7,35,0,1,1,2.9
R00649,R02044,7,24,0,1,1,4.2
R00651,R00652,19,14,1,0,5,26.3
R00651,R00721,19,13,1,0,1,5.3
R00651,R00849,19,6,1,0,1,5.3
R00651,R00942,19,7,1,0,1,5.3
R00651,R00947,19,23,0,1,5,21.7
R00651,R01125,19,19,1,0,1,5.3
R00651,R01165,19,9,1,0,2,10.5
R00651,R01170,19,10,1,0,3,15.8
R00651,R01475,19,11,1,0,1,5.3
R00651,R01532,19,4,1,0,1,5.3
R00651,R01536,19,2,1,0,1,5.3
R00651,R01545,19,18,1,0,1,5.3
R00651,R01555,19,10,1,0,1,5.3
R00651,R01605,19,8,1,0,1,5.3
R00651,R01608,19,12,1,0,4,21.1
R00651,R01613,19,19,0,3,13,68.4
R00651,R01623,19,9,1,0,1,5.3
R00651,R01626,19,18,0,3,4,21.1
R00651,R01816,19,3,1,0,1,5.3
R00651,R01961,19,4,1,0,1,5.3
R00651,R01963,19,3,1,0,1,5.3
R00651,R02030,19,7,1,0,1,5.3
R00651,R02083,19,2,1,0,1,5.3
R00652,R00721,14,13,1,0,1,7.1
R00652,R00849,14,6,1,0,1,7.1
R00652,R00942,14,7,1,0,1,7.1
R00652,R01125,14,19,1,0,1,5.3
R00652,R01165,14,9,1,0,4,28.6
R00652,R01170,14,10,1,0,4,28.6
R00652,R01196,14,5,0,1,1,7.1
R00652,R01216,14,2,0,1,1,7.1
R00652,R01475,14,11,1,0,1,7.1
R00652,R01532,14,4,1,0,1,7.1
R00652,R01536,14,2,1,0,1,7.1
R00652,R01545,14,18,1,0,1,5.6
R00652,R01555,14,10,1,0,1,7.1
R00652,R01605,14,8,1,0,1,7.1
R00652,R01608,14,12,1,11,12,85.7
R00652,R01623,14,9,1,0,1,7.1
R00652,R01816,14,3,1,0,1,7.1
R00652,R01961,14,4,1,0,1,7.1
R00652,R01963,14,3,1,0,1,7.1
R00652,R02030,14,7,1,0,1,7.1
R00652,R02083,14,2,1,0,1,7.1
R00653,R00739,2,18,1,0,1,5.6
R00653,R01009,2,17,0,2,2,11.8
R00653,R01043,2,7,1,0,1,14.3
R00653,R02089,2,13,1,0,1,7.7
R00654,R01587,27,29,0,6,6,20.7
R00654,R01639,27,26,0,6,6,22.2
R00654,R01674,27,13,0,6,6,22.2
R00654,R01745,27,24,0,2,16,59.3
R00654,R01969,27,26,0,6,6,22.2
R00654,R01975,27,26,0,6,6,22.2
R00655,R00716,25,2,0,1,1,4.0
R00655,R00725,25,19,0,4,5,20.0
R00655,R00742,25,27,0,4,15,55.6
R00655,R00748,25,26,0,15,15,57.7
R00655,R00866,25,26,0,4,4,15.4
R00655,R00877,25,16,0,4,4,16.0
R00655,R01039,25,29,0,4,15,51.7
R00655,R01043,25,7,0,3,7,28.0
R00655,R01046,25,10,0,4,4,16.0
R00655,R01048,25,20,0,4,4,16.0
R00655,R01180,25,42,1,0,1,2.4
R00655,R01367,25,40,0,22,25,62.5
R00655,R01505,25,8,0,4,5,20.0
R00655,R01600,25,42,1,0,1,2.4
R00655,R01628,25,33,1,0,1,3.0
R00655,R01751,25,3,0,3,3,12.0
R00655,R01755,25,31,1,0,1,3.2
R00655,R01774,25,13,0,4,5,20.0
R00655,R01791,25,24,0,4,5,20.0
R00656,R01011,36,22,1,0,22,61.1
R00656,R01084,36,12,1,0,1,2.8
R00656,R01146,36,4,1,0,1,2.8
R00657,R00658,26,15,3,0,9,34.6
R00657,R00660,26,57,0,1,1,1.8
R00657,R00691,26,2,1,0,1,3.8
R00657,R00740,26,18,0,15,18,69.2
R00657,R00743,26,22,0,15,22,84.6
R00657,R00747,26,26,4,0,4,15.4
R00657,R00774,26,9,0,1,1,3.8
R00657,R00812,26,34,0,15,20,58.8
R00657,R00930,26,11,0,11,11,42.3
R00657,R00932,26,10,0,1,1,3.8
R00657,R00933,26,11,0,1,1,3.8
R00657,R00967,26,19,0,19,19,73.1
R00657,R00970,26,37,0,1,1,2.7
R00657,R00985,26,30,3,0,3,10.0
R00657,R01241,26,48,0,1,1,2.1
R00657,R01511,26,7,0,1,1,3.8
R00657,R01707,26,5,0,1,1,3.8
R00657,R01708,26,5,0,1,1,3.8
R00657,R01898,26,25,0,1,1,3.8
R00657,R01930,26,23,0,2,15,57.7
R00657,R01980,26,8,0,1,1,3.8
R00657,R02090,26,6,0,1,1,3.8
R00658,R00659,15,17,0,9,14,82.4
R00658,R00691,15,2,1,0,1,6.7
R00658,R00747,15,26,3,0,3,11.5
R00658,R00953,15,18,0,1,1,5.6
R00658,R00985,15,30,3,0,3,10.0
R00658,R01512,15,9,0,1,1,6.7
R00658,R01776,15,16,0,1,1,6.2
R00658,R01858,15,19,0,1,1,5.3
R00659,R00743,17,22,2,0,8,36.4
R00659,R00878,17,15,3,0,3,17.6
R00659,R00953,17,18,0,1,1,5.6
R00659,R01070,17,19,3,0,4,21.1
R00659,R01512,17,9,0,1,1,5.9
R00659,R01776,17,16,0,1,1,5.9
R00659,R01858,17,19,0,1,1,5.3
R00660,R00740,57,18,0,1,1,1.8
R00660,R00743,57,22,0,1,1,1.8
R00660,R00774,57,9,0,1,1,1.8
R00660,R00812,57,34,0,1,1,1.8
R00660,R00930,57,11,0,1,1,1.8
R00660,R00932,57,10,0,1,1,1.8
R00660,R00933,57,11,0,1,1,1.8
R00660,R00954,57,22,1,0,1,1.8
R00660,R00967,57,19,0,1,1,1.8
R00660,R00970,57,37,4,5,37,64.9
R00660,R00994,57,5,3,0,3,5.3
R00660,R01241,57,48,0,13,30,52.6
R00660,R01348,57,22,3,0,3,5.3
R00660,R01511,57,7,0,7,7,12.3
R00660,R01707,57,5,0,2,5,8.8
R00660,R01708,57,5,0,1,1,1.8
R00660,R01887,57,25,3,0,3,5.3
R00660,R01898,57,25,0,13,18,31.6
R00660,R01930,57,23,0,1,1,1.8
R00660,R01954,57,2,1,0,1,1.8
R00660,R01980,57,8,0,2,8,14.0
R00660,R02090,57,6,0,2,6,10.5
R00661,R00785,35,6,0,2,2,5.7
R00661,R00792,35,20,1,0,2,5.7
R00661,R00810,35,20,2,0,3,8.6
R00661,R00826,35,15,0,1,1,2.9
R00661,R00830,35,31,1,0,1,2.9
R00661,R00880,35,22,0,3,10,28.6
R00661,R00886,35,14,1,0,14,40.0
R00661,R00889,35,13,1,0,13,37.1
R00661,R00900,35,14,1,0,14,40.0
R00661,R00923,35,8,0,3,7,20.0
R00661,R00924,35,8,0,3,3,8.6
R00661,R00925,35,6,0,1,1,2.9
R00661,R00966,35,39,2,0,13,33.3
R00661,R00985,35,30,0,3,3,8.6
R00661,R01034,35,17,0,3,3,8.6
R00661,R01106,35,21,0,3,10,28.6
R00661,R01123,35,16,0,2,2,5.7
R00661,R01124,35,8,0,1,1,2.9
R00661,R01206,35,19,0,1,1,2.9
R00661,R01366,35,13,1,0,1,2.9
R00661,R01403,35,21,1,0,1,2.9
R00661,R01451,35,7,1,0,1,2.9
R00661,R01462,35,16,0,3,3,8.6
R00661,R01465,35,9,0,3,3,8.6
R00661,R01467,35,21,0,3,3,8.6
R00661,R01537,35,30,0,1,1,2.9
R00661,R01786,35,3,0,1,1,2.9
R00661,R01826,35,13,0,1,1,2.9
R00661,R01848,35,24,1,0,1,2.9
R00661,R01972,35,7,0,3,3,8.6
R00662,R00693,22,9,0,2,2,9.1
R00662,R00723,22,5,0,1,1,4.5
R00662,R00724,22,14,0,1,1,4.5
R00662,R00758,22,8,0,1,1,4.5
R00662,R00780,22,54,0,1,1,1.9
R00662,R00796,22,43,0,1,1,2.3
R00662,R00893,22,5,0,1,1,4.5
R00662,R00931,22,11,0,4,7,31.8
R00662,R00963,22,12,0,2,2,9.1
R00662,R01007,22,13,0,2,3,13.6
R00662,R01030,22,12,0,1,1,4.5
R00662,R01031,22,14,0,1,1,4.5
R00662,R01082,22,11,0,2,2,9.1
R00662,R01088,22,3,0,1,1,4.5
R00662,R01131,22,7,0,1,1,4.5
R00662,R01133,22,8,0,1,1,4.5
R00662,R01135,22,4,0,1,1,4.5
R00662,R01265,22,23,0,1,1,4.3
R00662,R01322,22,14,0,1,1,4.5
R00662,R01365,22,8,0,1,1,4.5
R00662,R01380,22,8,0,1,1,4.5
R00662,R01773,22,41,0,1,1,2.4
R00662,R01813,22,7,0,1,5,22.7
R00662,R01816,22,3,0,1,3,13.6
R00662,R01908,22,35,0,1,22,62.9
R00662,R02044,22,24,0,1,14,58.3
R00663,R00837,5,9,4,0,4,44.4
R00664,R00668,15,12,1,0,4,26.7
R00664,R00671,15,22,0,9,15,68.2
R00664,R00950,15,18,1,0,1,5.6
R00664,R01015,15,6,1,0,5,33.3
R00664,R01568,15,28,0,1,12,42.9
R00664,R01636,15,22,1,0,1,4.5
R00664,R01995,15,16,1,0,1,6.2
R00665,R00670,10,15,1,0,1,6.7
R00665,R00672,10,15,0,10,10,66.7
R00665,R00675,10,16,0,10,10,62.5
R00665,R00677,10,18,0,10,10,55.6
R00665,R00694,10,12,0,10,10,83.3
R00665,R00710,10,3,1,0,1,10.0
R00665,R00711,10,24,0,10,10,41.7
R00665,R00747,10,26,0,2,5,19.2
R00665,R00756,10,8,1,0,1,10.0
R00665,R00757,10,25,0,5,5,20.0
R00665,R00761,10,23,0,10,10,43.5
R00665,R00782,10,20,0,2,5,25.0
R00665,R00996,10,6,0,4,5,50.0
R00665,R01020,10,10,0,3,3,30.0
R00665,R01027,10,13,1,0,1,7.7
R00665,R01068,10,19,0,3,3,15.8
R00665,R01070,10,19,0,3,3,15.8
R00665,R01079,10,21,0,3,3,14.3
R00665,R01080,10,13,0,3,3,23.1
R00665,R01083,10,14,0,3,3,21.4
R00665,R01084,10,12,0,3,3,25.0
R00665,R01218,10,2,0,1,1,10.0
R00665,R01414,10,16,1,0,1,6.2
R00665,R01861,10,19,0,5,5,26.3
R00665,R01889,10,12,1,0,1,8.3
R00665,R01890,10,16,1,0,1,6.2
R00666,R01016,16,13,3,10,13,81.2
R00666,R01651,16,6,1,0,6,37.5
R00666,R01709,16,3,0,3,3,18.8
R00666,R02025,16,3,1,0,2,12.5
R00667,R00951,26,17,0,1,1,3.8
R00667,R00952,26,11,0,7,7,26.9
R00667,R00965,26,6,0,1,1,3.8
R00667,R01029,26,15,0,1,1,3.8
R00667,R01036,26,11,0,1,1,3.8
R00667,R01116,26,9,0,1,1,3.8
R00667,R01399,26,10,0,10,10,38.5
R00667,R01419,26,23,0,3,6,23.1
R00667,R01565,26,14,0,12,12,46.2
R00668,R00950,12,18,1,0,1,5.6
R00668,R01015,12,6,1,0,1,8.3
R00668,R01636,12,22,1,0,1,4.5
R00668,R01995,12,16,1,0,1,6.2
R00669,R00729,9,10,0,1,1,10.0
R00669,R00736,9,6,0,1,1,11.1
R00669,R00827,9,15,0,1,1,6.7
R00669,R00848,9,6,0,1,1,11.1
R00669,R00940,9,8,0,1,1,11.1
R00669,R01169,9,15,1,0,1,6.7
R00669,R01172,9,7,0,1,1,11.1
R00669,R01195,9,6,0,1,1,11.1
R00669,R01274,9,20,0,1,1,5.0
R00669,R01301,9,7,0,1,1,11.1
R00669,R01494,9,22,0,1,4,18.2
R00669,R01527,9,7,1,0,1,11.1
R00669,R01530,9,2,0,1,1,11.1
R00669,R01551,9,16,0,1,1,6.2
R00669,R01576,9,7,1,0,1,11.1
R00669,R01577,9,3,3,0,3,33.3
R00669,R01612,9,14,0,1,1,7.1
R00669,R01617,9,7,0,1,1,11.1
R00669,R01717,9,14,0,1,1,7.1
R00669,R01721,9,6,0,1,1,11.1
R00669,R01727,9,25,1,0,1,4.0
R00669,R01815,9,3,0,1,1,11.1
R00669,R01888,9,6,0,1,1,11.1
R00669,R01895,9,9,0,1,1,11.1
R00669,R01950,9,12,1,0,1,8.3
R00669,R01951,9,4,0,1,1,11.1
R00669,R01964,9,12,0,1,1,8.3
R00669,R01991,9,4,0,1,1,11.1
R00669,R01998,9,8,0,1,1,11.1
R00669,R02012,9,7,0,1,1,11.1
R00669,R02027,9,9,0,1,1,11.1
R00669,R02029,9,10,0,1,1,10.0
R00669,R02085,9,2,0,1,1,11.1
R00669,R02095,9,7,0,1,1,11.1
R00670,R00680,15,3,0,1,1,6.7
R00670,R00710,15,3,3,0,3,20.0
R00670,R00712,15,8,0,8,8,53.3
R00670,R00713,15,13,0,13,13,86.7
R00670,R00756,15,8,1,0,2,13.3
R00670,R01027,15,13,1,0,1,6.7
R00670,R01329,15,8,0,1,1,6.7
R00670,R01331,15,7,0,1,1,6.7
R00670,R01332,15,13,0,1,1,6.7
R00670,R01334,15,18,0,1,1,5.6
R00670,R01414,15,16,1,0,1,6.2
R00670,R01810,15,4,0,1,1,6.7
R00670,R01889,15,12,1,0,1,6.7
R00670,R01890,15,16,1,0,1,6.2
R00671,R00731,22,18,2,0,2,9.1
R00671,R01041,22,12,2,0,2,9.1
R00671,R01568,22,28,0,1,13,46.4
R00671,R01674,22,13,1,0,1,4.5
R00671,R01729,22,7,1,0,1,4.5
R00671,R02078,22,14,1,0,1,4.5
R00671,R02093,22,21,1,0,1,4.5
R00672,R00675,15,16,0,15,15,93.8
R00672,R00677,15,18,0,15,15,83.3
R00672,R00694,15,12,0,12,12,80.0
R00672,R00711,15,24,0,15,15,62.5
R00672,R00722,15,8,1,0,2,13.3
R00672,R00747,15,26,0,2,5,19.2
R00672,R00757,15,25,0,5,5,20.0
R00672,R00761,15,23,0,15,15,65.2
R00672,R00782,15,20,0,2,5,25.0
R00672,R00996,15,6,0,4,5,33.3
R00672,R01020,15,10,0,3,3,20.0
R00672,R01068,15,19,0,3,3,15.8
R00672,R01070,15,19,0,3,3,15.8
R00672,R01079,15,21,0,3,3,14.3
R00672,R01080,15,13,0,3,3,20.0
R00672,R01083,15,14,0,3,3,20.0
R00672,R01084,15,12,0,3,3,20.0
R00672,R01218,15,2,0,1,1,6.7
R00672,R01822,15,3,1,0,1,6.7
R00672,R01825,15,2,1,0,1,6.7
R00672,R01861,15,19,0,5,5,26.3
R00673,R00738,13,3,1,0,1,7.7
R00673,R00771,13,16,1,0,1,6.2
R00673,R00772,13,15,1,0,1,6.7
R00673,R00781,13,10,1,0,1,7.7
R00673,R00790,13,18,1,0,1,5.6
R00673,R00891,13,9,1,0,1,7.7
R00673,R00944,13,17,1,0,1,5.9
R00673,R00964,13,57,1,0,1,1.8
R00673,R00976,13,11,1,0,1,7.7
R00673,R00995,13,12,1,0,1,7.7
R00673,R01013,13,12,2,0,2,15.4
R00673,R01075,13,9,1,0,1,7.7
R00673,R01081,13,9,1,0,1,7.7
R00673,R01085,13,12,1,0,1,7.7
R00673,R01454,13,20,1,0,1,5.0
R00673,R01761,13,11,2,0,3,23.1
R00673,R01789,13,11,1,0,1,7.7
R00673,R01815,13,3,1,0,1,7.7
R00673,R01909,13,21,1,0,1,4.8
R00673,R01968,13,15,1,0,1,6.7
R00673,R02086,13,36,1,0,2,5.6
R00673,R02099,13,6,1,0,1,7.7
R00674,R00676,14,12,0,7,7,50.0
R00674,R00732,14,8,1,0,1,7.1
R00674,R00860,14,17,0,1,7,41.2
R00674,R01011,14,22,0,3,5,22.7
R00674,R01168,14,29,0,3,5,17.2
R00674,R01907,14,8,0,3,6,42.9
R00674,R01910,14,13,0,4,7,50.0
R00674,R02038,14,17,1,0,1,5.9
R00674,R02103,14,12,0,3,5,35.7
R00675,R00677,16,18,0,15,15,83.3
R00675,R00694,16,12,0,12,12,75.0
R00675,R00711,16,24,0,15,15,62.5
R00675,R00720,16,17,1,0,1,5.9
R00675,R00747,16,26,0,2,5,19.2
R00675,R00757,16,25,0,5,5,20.0
R00675,R00761,16,23,0,15,15,65.2
R00675,R00782,16,20,0,2,5,25.0
R00675,R00996,16,6,0,4,5,31.2
R00675,R01020,16,10,0,3,3,18.8
R00675,R01066,16,2,2,0,2,12.5
R00675,R01068,16,19,0,3,3,15.8
R00675,R01070,16,19,0,3,3,15.8
R00675,R01079,16,21,0,3,3,14.3
R00675,R01080,16,13,0,3,3,18.8
R00675,R01083,16,14,0,3,3,18.8
R00675,R01084,16,12,0,3,3,18.8
R00675,R01218,16,2,0,1,1,6.2
R00675,R01821,16,3,1,0,2,12.5
R00675,R01861,16,19,0,5,5,26.3
R00676,R00860,12,17,0,1,12,70.6
R00676,R01011,12,22,0,3,5,22.7
R00676,R01168,12,29,0,3,5,17.2
R00676,R01907,12,8,0,3,6,50.0
R00676,R01910,12,13,0,4,7,53.8
R00676,R02103,12,12,0,3,5,41.7
R00677,R00694,18,12,0,12,12,66.7
R00677,R00711,18,24,0,18,18,75.0
R00677,R00747,18,26,0,2,5,19.2
R00677,R00757,18,25,0,5,5,20.0
R00677,R00761,18,23,0,18,18,78.3
R00677,R00782,18,20,0,2,5,25.0
R00677,R00996,18,6,0,4,5,27.8
R00677,R01020,18,10,0,3,3,16.7
R00677,R01068,18,19,0,3,3,15.8
R00677,R01070,18,19,0,3,3,15.8
R00677,R01079,18,21,0,3,3,14.3
R00677,R01080,18,13,0,3,3,16.7
R00677,R01083,18,14,0,3,3,16.7
R00677,R01084,18,12,0,3,3,16.7
R00677,R01218,18,2,0,1,1,5.6
R00677,R01861,18,19,0,5,5,26.3
R00680,R00698,3,4,3,0,3,75.0
R00680,R00703,3,5,2,0,3,60.0
R00680,R00712,3,8,0,1,1,12.5
R00680,R00713,3,13,0,1,1,7.7
R00680,R01329,3,8,0,1,1,12.5
R00680,R01331,3,7,0,1,1,14.3
R00680,R01332,3,13,0,1,1,7.7
R00680,R01334,3,18,0,1,1,5.6
R00680,R01810,3,4,0,2,2,50.0
R00681,R00683,3,4,0,3,3,75.0
R00681,R00686,3,5,0,2,3,60.0
R00681,R00696,3,4,1,2,3,75.0
R00681,R00711,3,24,1,0,1,4.2
R00681,R00761,3,23,1,0,1,4.3
R00681,R00918,3,21,1,0,1,4.8
R00681,R01235,3,16,1,0,1,6.2
R00681,R01317,3,5,2,0,2,40.0
R00681,R01467,3,21,1,0,1,4.8
R00681,R01984,3,11,1,0,1,9.1
R00681,R01985,3,10,1,0,1,10.0
R00681,R01987,3,12,1,0,1,8.3
R00682,R00728,22,21,1,20,21,95.5
R00683,R00686,4,5,2,2,4,80.0
R00683,R00696,4,4,0,2,3,75.0
R00684,R00862,19,20,1,0,1,5.0
R00684,R01587,19,29,1,0,1,3.4
R00684,R01601,19,5,2,1,3,15.8
R00684,R01639,19,26,1,0,1,3.8
R00684,R02094,19,20,1,0,1,5.0
R00685,R00687,10,19,0,10,10,52.6
R00685,R00688,10,12,0,10,10,83.3
R00685,R00692,10,18,0,4,9,50.0
R00685,R01139,10,18,0,1,1,5.6
R00685,R01185,10,13,1,0,1,7.7
R00685,R01271,10,10,1,0,1,10.0
R00685,R01273,10,11,1,0,1,9.1
R00685,R01295,10,21,0,1,1,4.8
R00685,R01297,10,34,0,1,1,2.9
R00685,R01675,10,9,0,1,1,10.0
R00685,R01849,10,7,0,1,1,10.0
R00685,R01873,10,6,1,0,1,10.0
R00685,R01929,10,7,0,6,6,60.0
R00685,R01931,10,6,0,6,6,60.0
R00685,R01979,10,16,0,4,4,25.0
R00686,R00696,5,4,0,4,4,80.0
R00687,R00688,19,12,0,10,11,57.9
R00687,R00690,19,73,1,0,8,11.0
R00687,R00692,19,18,0,4,13,68.4
R00687,R01130,19,12,1,0,1,5.3
R00687,R01139,19,18,0,1,1,5.3
R00687,R01295,19,21,0,1,1,4.8
R00687,R01297,19,34,0,1,1,2.9
R00687,R01316,19,4,1,0,1,5.3
R00687,R01449,19,1,1,0,1,5.3
R00687,R01675,19,9,0,1,1,5.3
R00687,R01849,19,7,0,1,1,5.3
R00687,R01929,19,7,0,6,6,31.6
R00687,R01931,19,6,0,6,6,31.6
R00687,R01979,19,16,0,4,5,26.3
R00688,R00692,12,18,0,4,11,61.1
R00688,R01028,12,21,1,0,1,4.8
R00688,R01139,12,18,0,1,1,5.6
R00688,R01260,12,13,1,0,1,7.7
R00688,R01295,12,21,0,1,1,4.8
R00688,R01297,12,34,0,1,1,2.9
R00688,R01544,12,8,1,0,1,8.3
R00688,R01675,12,9,0,1,1,8.3
R00688,R01796,12,9,1,0,1,8.3
R00688,R01849,12,7,0,1,1,8.3
R00688,R01870,12,4,1,0,1,8.3
R00688,R01929,12,7,0,6,6,50.0
R00688,R01931,12,6,0,6,6,50.0
R00688,R01979,12,16,1,4,5,31.2
R00689,R00819,25,23,0,3,9,36.0
R00689,R01311,25,17,0,3,9,36.0
R00689,R01517,25,14,0,3,6,24.0
R00689,R01523,25,22,3,0,3,12.0
R00689,R01596,25,16,0,3,6,24.0
R00689,R01606,25,16,0,3,5,20.0
R00689,R01686,25,40,0,3,18,45.0
R00689,R01687,25,25,0,18,18,72.0
R00689,R01688,25,12,0,3,6,24.0
R00689,R01764,25,12,0,4,5,20.0
R00689,R01863,25,3,1,0,1,4.0
R00689,R01911,25,18,1,0,1,4.0
R00689,R02019,25,11,1,0,1,4.0
R00690,R00778,73,9,0,1,1,1.4
R00690,R00977,73,34,0,24,33,45.2
R00690,R01130,73,12,1,0,1,1.4
R00690,R01316,73,4,1,0,1,1.4
R00690,R01448,73,9,0,1,1,1.4
R00690,R01449,73,1,1,0,1,1.4
R00690,R01473,73,12,0,1,1,1.4
R00690,R02034,73,5,0,1,1,1.4
R00691,R00747,2,26,1,0,1,3.8
R00691,R00985,2,30,1,0,1,3.3
R00691,R01571,2,3,0,1,1,33.3
R00691,R01572,2,8,0,1,1,12.5
R00692,R01139,18,18,0,1,1,5.6
R00692,R01166,18,5,2,0,5,27.8
R00692,R01295,18,21,0,1,1,4.8
R00692,R01297,18,34,0,1,1,2.9
R00692,R01675,18,9,0,1,1,5.6
R00692,R01849,18,7,0,1,1,5.6
R00692,R01929,18,7,0,4,5,27.8
R00692,R01931,18,6,0,4,5,27.8
R00692,R01979,18,16,0,4,5,27.8
R00693,R00723,9,5,0,1,1,11.1
R00693,R00724,9,14,0,1,1,7.1
R00693,R00758,9,8,0,1,1,11.1
R00693,R00780,9,54,0,1,1,1.9
R00693,R00796,9,43,0,1,1,2.3
R00693,R00893,9,5,0,1,1,11.1
R00693,R00931,9,11,0,2,2,18.2
R00693,R00963,9,12,0,2,9,75.0
R00693,R01007,9,13,0,2,2,15.4
R00693,R01030,9,12,0,1,1,8.3
R00693,R01031,9,14,0,1,1,7.1
R00693,R01082,9,11,1,2,9,81.8
R00693,R01088,9,3,0,1,1,11.1
R00693,R01131,9,7,0,1,1,11.1
R00693,R01133,9,8,0,1,1,11.1
R00693,R01135,9,4,0,1,1,11.1
R00693,R01265,9,23,0,1,1,4.3
R00693,R01322,9,14,0,1,1,7.1
R00693,R01365,9,8,0,1,1,11.1
R00693,R01380,9,8,0,1,1,11.1
R00693,R01773,9,41,0,1,1,2.4
R00693,R01813,9,7,0,1,1,11.1
R00693,R01816,9,3,0,1,1,11.1
R00693,R01908,9,35,0,1,2,5.7
R00693,R02044,9,24,0,1,2,8.3
R00694,R00711,12,24,0,12,12,50.0
R00694,R00713,12,13,1,0,1,7.7
R00694,R00747,12,26,0,2,5,19.2
R00694,R00757,12,25,0,5,5,20.0
R00694,R00761,12,23,0,12,12,52.2
R00694,R00782,12,20,0,2,5,25.0
R00694,R00996,12,6,0,4,5,41.7
R00694,R01020,12,10,0,3,3,25.0
R00694,R01068,12,19,0,3,3,15.8
R00694,R01070,12,19,0,3,3,15.8
R00694,R01079,12,21,0,3,3,14.3
R00694,R01080,12,13,0,3,3,23.1
R00694,R01083,12,14,0,3,3,21.4
R00694,R01084,12,12,0,3,3,25.0
R00694,R01218,12,2,0,1,1,8.3
R00694,R01861,12,19,0,5,5,26.3
R00695,R00979,12,17,0,5,5,29.4
R00695,R01252,12,20,1,0,2,10.0
R00695,R01624,12,14,1,0,2,14.3
R00695,R01840,12,4,0,2,2,16.7
R00696,R00711,4,24,1,0,1,4.2
R00696,R00761,4,23,1,0,1,4.3
R00696,R00918,4,21,1,0,1,4.8
R00696,R01235,4,16,1,0,1,6.2
R00696,R01317,4,5,1,0,2,40.0
R00696,R01467,4,21,1,0,1,4.8
R00696,R01984,4,11,1,0,1,9.1
R00696,R01985,4,10,1,0,1,10.0
R00696,R01987,4,12,1,0,1,8.3
R00697,R00818,9,8,0,1,7,77.8
R00697,R00955,9,5,1,0,1,11.1
R00697,R01042,9,19,0,1,2,10.5
R00697,R01163,9,3,0,1,2,22.2
R00697,R01385,9,7,0,2,2,22.2
R00697,R01391,9,12,0,2,2,16.7
R00697,R01415,9,9,0,2,2,22.2
R00697,R01683,9,13,0,2,2,15.4
R00698,R00703,4,5,2,2,4,80.0
R00699,R00715,21,20,0,1,6,28.6
R00699,R00718,21,17,1,0,5,23.8
R00699,R00745,21,18,0,4,11,52.4
R00699,R00797,21,18,1,0,4,19.0
R00699,R00798,21,19,0,1,5,23.8
R00699,R00802,21,17,0,9,9,42.9
R00699,R00804,21,21,4,4,17,81.0
R00699,R00807,21,14,0,1,7,33.3
R00699,R00861,21,12,0,1,6,28.6
R00699,R00864,21,15,0,9,9,42.9
R00699,R00865,21,11,0,4,11,52.4
R00699,R00957,21,12,0,9,9,42.9
R00699,R00987,21,13,0,9,9,42.9
R00699,R01024,21,13,0,4,13,61.9
R00699,R01032,21,14,0,4,11,52.4
R00699,R01051,21,13,0,10,10,47.6
R00699,R01064,21,11,0,11,11,52.4
R00699,R01760,21,15,1,0,1,4.8
R00699,R01913,21,21,0,4,11,52.4
R00699,R01978,21,16,1,0,8,38.1
R00699,R01981,21,17,1,0,10,47.6
R00700,R00722,6,8,0,1,1,12.5
R00700,R00741,6,5,1,0,1,16.7
R00700,R00996,6,6,1,0,1,16.7
R00700,R01035,6,13,0,1,1,7.7
R00700,R01890,6,16,0,1,1,6.2
R00701,R00837,9,9,0,3,3,33.3
R00701,R00953,9,18,2,0,2,11.1
R00701,R01008,9,11,1,0,2,18.2
R00701,R01278,9,15,1,0,2,13.3
R00701,R01521,9,14,2,0,2,14.3
R00701,R01776,9,16,2,0,2,12.5
R00701,R01780,9,24,2,0,2,8.3
R00701,R01794,9,4,1,0,3,33.3
R00701,R01840,9,4,2,0,2,22.2
R00701,R01858,9,19,2,0,4,21.1
R00701,R01898,9,25,2,0,2,8.0
R00702,R00705,21,18,0,9,9,42.9
R00702,R00993,21,19,0,19,19,90.5
R00702,R01313,21,13,0,7,13,61.9
R00702,R01318,21,6,0,6,6,28.6
R00702,R01323,21,8,0,7,8,38.1
R00702,R01491,21,3,3,0,3,14.3
R00702,R01492,21,8,1,0,3,14.3
R00702,R01586,21,9,0,9,9,42.9
R00702,R01606,21,16,1,0,14,66.7
R00702,R01764,21,12,1,0,10,47.6
R00702,R01867,21,4,1,0,1,4.8
R00702,R01869,21,6,1,0,1,4.8
R00704,R00750,68,31,1,0,2,2.9
R00704,R00806,68,11,0,4,7,10.3
R00704,R00838,68,16,0,12,14,20.6
R00704,R00841,68,17,0,4,12,17.6
R00704,R00845,68,25,0,14,16,23.5
R00704,R00863,68,34,0,23,23,33.8
R00704,R00879,68,16,0,4,9,13.2
R00704,R01055,68,24,0,10,17,25.0
R00704,R01074,68,16,0,4,10,14.7
R00704,R01077,68,43,0,14,30,44.1
R00704,R01102,68,27,0,8,22,32.4
R00704,R01157,68,27,1,0,1,1.5
R00704,R01159,68,25,1,0,1,1.5
R00704,R01267,68,14,0,10,12,17.6
R00704,R01279,68,7,0,7,7,10.3
R00704,R01281,68,42,0,10,31,45.6
R00704,R01307,68,38,0,14,16,23.5
R00704,R01515,68,23,0,10,17,25.0
R00704,R01522,68,27,0,10,21,30.9
R00704,R01691,68,36,0,10,29,42.6
R00704,R01697,68,34,0,14,24,35.3
R00704,R01706,68,21,0,10,15,22.1
R00704,R01859,68,6,0,1,1,1.5
R00704,R01905,68,44,0,14,29,42.6
R00704,R02086,68,36,0,14,16,23.5
R00705,R00993,18,19,0,9,9,47.4
R00705,R01313,18,13,0,7,8,44.4
R00705,R01318,18,6,0,6,6,33.3
R00705,R01323,18,8,0,7,8,44.4
R00705,R01517,18,14,2,0,12,66.7
R00705,R01586,18,9,0,9,9,50.0
R00705,R01688,18,12,2,0,10,55.6
R00705,R01737,18,37,2,0,9,24.3
R00706,R01077,9,43,1,0,2,4.7
R00706,R01127,9,10,1,0,6,60.0
R00706,R01177,9,11,1,0,1,9.1
R00706,R01201,9,13,1,0,5,38.5
R00706,R01204,9,14,1,0,1,7.1
R00706,R01208,9,13,1,0,1,7.7
R00706,R01212,9,13,1,0,1,7.7
R00706,R01227,9,12,1,0,1,8.3
R00706,R01229,9,8,1,0,1,11.1
R00706,R01245,9,10,1,0,1,10.0
R00706,R01255,9,16,1,0,1,6.2
R00706,R01293,9,9,1,0,1,11.1
R00706,R01303,9,15,1,0,3,20.0
R00706,R01343,9,8,3,5,8,88.9
R00706,R01369,9,5,0,5,5,55.6
R00706,R01464,9,22,4,0,4,18.2
R00706,R01632,9,2,1,0,1,11.1
R00706,R01641,9,5,1,0,1,11.1
R00706,R01666,9,14,1,0,1,7.1
R00706,R01668,9,8,1,0,1,11.1
R00706,R01846,9,8,1,0,1,11.1
R00706,R01847,9,6,1,0,1,11.1
R00706,R01905,9,44,1,0,3,6.8
R00707,R01383,23,5,0,5,5,21.7
R00708,R00858,5,22,1,0,1,4.5
R00708,R01137,5,22,2,0,2,9.1
R00708,R01176,5,19,1,0,1,5.3
R00708,R01324,5,5,1,0,1,20.0
R00708,R01369,5,5,1,0,1,20.0
R00709,R00840,18,26,0,5,16,61.5
R00709,R00948,18,51,1,0,1,2.0
R00709,R01232,18,8,2,0,2,11.1
R00709,R01246,18,40,1,0,1,2.5
R00709,R01265,18,23,1,0,1,4.3
R00709,R01746,18,9,1,0,1,5.6
R00709,R01770,18,12,1,0,1,5.6
R00709,R01782,18,13,1,0,1,5.6
R00709,R01809,18,17,1,0,1,5.6
R00709,R01835,18,27,1,0,1,3.7
R00709,R02084,18,11,1,0,1,5.6
R00710,R00756,3,8,1,0,1,12.5
R00710,R01027,3,13,1,0,1,7.7
R00710,R01414,3,16,1,0,1,6.2
R00710,R01889,3,12,1,0,1,8.3
R00710,R01890,3,16,1,0,1,6.2
R00711,R00747,24,26,0,2,5,19.2
R00711,R00757,24,25,0,5,5,20.0
R00711,R00761,24,23,4,19,23,95.8
R00711,R00782,24,20,0,2,5,20.8
R00711,R00918,24,21,1,0,1,4.2
R00711,R00996,24,6,0,4,5,20.8
R00711,R01020,24,10,0,3,3,12.5
R00711,R01068,24,19,0,3,3,12.5
R00711,R01070,24,19,0,3,3,12.5
R00711,R01079,24,21,0,3,3,12.5
R00711,R01080,24,13,0,3,3,12.5
R00711,R01083,24,14,0,3,3,12.5
R00711,R01084,24,12,0,3,3,12.5
R00711,R01218,24,2,0,1,1,4.2
R00711,R01235,24,16,1,0,1,4.2
R00711,R01317,24,5,1,0,1,4.2
R00711,R01467,24,21,1,0,1,4.2
R00711,R01861,24,19,0,5,5,20.8
R00711,R01984,24,11,1,0,1,4.2
R00711,R01985,24,10,1,0,1,4.2
R00711,R01987,24,12,1,0,1,4.2
R00712,R00713,8,13,0,8,8,61.5
R00712,R01329,8,8,0,1,1,12.5
R00712,R01331,8,7,0,1,1,12.5
R00712,R01332,8,13,0,1,1,7.7
R00712,R01334,8,18,0,1,1,5.6
R00712,R01810,8,4,0,1,1,12.5
R00713,R01329,13,8,0,1,1,7.7
R00713,R01331,13,7,0,1,1,7.7
R00713,R01332,13,13,0,1,1,7.7
R00713,R01334,13,18,0,1,1,5.6
R00713,R01810,13,4,0,1,1,7.7
R00714,R00871,12,6,2,0,2,16.7
R00714,R00938,12,5,1,0,1,8.3
R00714,R01128,12,10,2,0,2,16.7
R00714,R01129,12,18,2,0,2,11.1
R00714,R01143,12,4,2,0,2,16.7
R00714,R01149,12,7,1,0,1,8.3
R00714,R01166,12,5,0,1,1,8.3
R00714,R01244,12,22,2,0,11,50.0
R00714,R01258,12,13,4,8,12,92.3
R00714,R01270,12,17,2,0,2,11.8
R00714,R01474,12,5,0,1,1,8.3
R00714,R01673,12,12,4,3,9,75.0
R00714,R01795,12,2,1,0,1,8.3
R00714,R01845,12,7,2,0,2,16.7
R00714,R02062,12,34,2,0,2,5.9
R00714,R02097,12,27,2,0,2,7.4
R00715,R00745,20,18,0,1,7,35.0
R00715,R00798,20,19,0,5,12,60.0
R00715,R00802,20,17,0,1,5,25.0
R00715,R00804,20,21,0,1,6,28.6
R00715,R00807,20,14,0,1,9,45.0
R00715,R00861,20,12,0,1,11,55.0
R00715,R00864,20,15,0,1,5,25.0
R00715,R00865,20,11,0,1,2,10.0
R00715,R00957,20,12,0,1,5,25.0
R00715,R00958,20,5,2,0,2,10.0
R00715,R00987,20,13,0,1,5,25.0
R00715,R01024,20,13,0,1,4,20.0
R00715,R01032,20,14,0,1,5,25.0
R00715,R01051,20,13,0,1,9,45.0
R00715,R01064,20,11,0,1,6,30.0
R00715,R01913,20,21,0,1,7,33.3
R00716,R00725,2,19,0,1,1,5.3
R00716,R00742,2,27,0,1,1,3.7
R00716,R00748,2,26,0,1,1,3.8
R00716,R00866,2,26,0,1,1,3.8
R00716,R00877,2,16,0,1,1,6.2
R00716,R01039,2,29,0,1,1,3.4
R00716,R01043,2,7,0,1,1,14.3
R00716,R01046,2,10,0,1,1,10.0
R00716,R01048,2,20,0,1,1,5.0
R00716,R01367,2,40,0,1,1,2.5
R00716,R01505,2,8,0,1,1,12.5
R00716,R01548,2,8,1,0,1,12.5
R00716,R01569,2,3,1,0,1,33.3
R00716,R01751,2,3,0,1,1,33.3
R00716,R01774,2,13,0,1,1,7.7
R00716,R01791,2,24,0,1,1,4.2
R00717,R01116,18,9,1,0,1,5.6
R00718,R00797,17,18,1,0,10,55.6
R00718,R00804,17,21,1,0,5,23.8
R00718,R01760,17,15,1,0,1,5.9
R00718,R01978,17,16,3,0,5,29.4
R00718,R01981,17,17,3,0,8,47.1
R00719,R00726,4,13,4,0,4,30.8
R00719,R01057,4,13,4,0,4,30.8
R00719,R01763,4,4,0,1,1,25.0
R00719,R02068,4,5,0,1,1,20.0
R00720,R00974,17,24,0,1,1,4.2
R00720,R01066,17,2,1,0,1,5.9
R00720,R01478,17,24,0,17,17,70.8
R00720,R01744,17,11,0,8,11,64.7
R00720,R01821,17,3,1,0,1,5.9
R00721,R00771,13,16,0,1,1,6.2
R00721,R00772,13,15,0,1,1,6.7
R00721,R00790,13,18,0,1,1,5.6
R00721,R00839,13,9,0,2,2,15.4
R00721,R00849,13,6,1,0,1,7.7
R00721,R00942,13,7,1,0,1,7.7
R00721,R00949,13,13,0,2,2,15.4
R00721,R01073,13,12,0,1,1,7.7
R00721,R01076,13,30,0,1,1,3.3
R00721,R01125,13,19,1,0,1,5.3
R00721,R01165,13,9,1,0,1,7.7
R00721,R01170,13,10,1,0,1,7.7
R00721,R01396,13,12,0,2,2,15.4
R00721,R01455,13,10,0,1,1,7.7
R00721,R01456,13,6,0,1,1,7.7
R00721,R01475,13,11,1,0,1,7.7
R00721,R01480,13,16,0,2,2,12.5
R00721,R01504,13,3,0,1,1,7.7
R00721,R01527,13,7,0,2,2,15.4
R00721,R01532,13,4,1,0,1,7.7
R00721,R01536,13,2,1,0,1,7.7
R00721,R01545,13,18,1,0,1,5.6
R00721,R01555,13,10,1,0,1,7.7
R00721,R01574,13,7,0,1,1,7.7
R00721,R01605,13,8,1,0,1,7.7
R00721,R01608,13,12,1,0,1,7.7
R00721,R01623,13,9,1,0,1,7.7
R00721,R01693,13,12,0,2,2,15.4
R00721,R01761,13,11,0,1,1,7.7
R00721,R01803,13,13,0,2,2,15.4
R00721,R01816,13,3,1,0,1,7.7
R00721,R01961,13,4,1,0,1,7.7
R00721,R01963,13,3,1,0,1,7.7
R00721,R02030,13,7,1,0,1,7.7
R00721,R02083,13,2,1,0,1,7.7
R00722,R01035,8,13,0,1,1,7.7
R00722,R01822,8,3,1,0,2,25.0
R00722,R01825,8,2,2,0,2,25.0
R00722,R01890,8,16,0,1,1,6.2
R00723,R00724,5,14,0,1,1,7.1
R00723,R00758,5,8,0,2,2,25.0
R00723,R00780,5,54,0,1,2,3.7
R00723,R00796,5,43,0,2,2,4.7
R00723,R00893,5,5,0,1,1,20.0
R00723,R00931,5,11,0,1,1,9.1
R00723,R00963,5,12,0,1,1,8.3
R00723,R01007,5,13,0,1,1,7.7
R00723,R01030,5,12,0,1,2,16.7
R00723,R01031,5,14,0,1,2,14.3
R00723,R01082,5,11,0,1,1,9.1
R00723,R01088,5,3,0,1,1,20.0
R00723,R01131,5,7,0,1,2,28.6
R00723,R01133,5,8,0,2,2,25.0
R00723,R01135,5,4,0,1,2,40.0
R00723,R01265,5,23,0,2,2,8.7
R00723,R01322,5,14,0,1,5,35.7
R00723,R01365,5,8,0,1,2,25.0
R00723,R01380,5,8,0,2,2,25.0
R00723,R01773,5,41,0,2,2,4.9
R00723,R01813,5,7,0,1,1,14.3
R00723,R01816,5,3,0,1,1,20.0
R00723,R01908,5,35,0,1,1,2.9
R00723,R02044,5,24,0,1,1,4.2
R00724,R00758,14,8,2,1,6,42.9
R00724,R00763,14,2,1,0,1,7.1
R00724,R00780,14,54,0,1,1,1.9
R00724,R00796,14,43,0,1,6,14.0
R00724,R00845,14,25,1,0,1,4.0
R00724,R00893,14,5,0,1,1,7.1
R00724,R00916,14,38,1,0,1,2.6
R00724,R00931,14,11,0,1,1,7.1
R00724,R00939,14,9,1,0,1,7.1
R00724,R00963,14,12,0,1,1,7.1
R00724,R01007,14,13,0,1,1,7.1
R00724,R01030,14,12,0,1,1,7.1
R00724,R01031,14,14,0,1,1,7.1
R00724,R01082,14,11,0,1,1,7.1
R00724,R01088,14,3,0,1,3,21.4
R00724,R01123,14,16,1,0,1,6.2
R00724,R01131,14,7,0,1,2,14.3
R00724,R01133,14,8,0,1,1,7.1
R00724,R01135,14,4,0,1,1,7.1
R00724,R01207,14,28,1,0,1,3.6
R00724,R01251,14,11,1,0,1,7.1
R00724,R01265,14,23,0,1,6,26.1
R00724,R01322,14,14,0,1,1,7.1
R00724,R01365,14,8,0,1,3,21.4
R00724,R01380,14,8,0,1,1,7.1
R00724,R01457,14,3,1,0,1,7.1
R00724,R01526,14,17,1,0,1,5.9
R00724,R01531,14,3,1,0,1,7.1
R00724,R01773,14,41,0,1,6,14.6
R00724,R01813,14,7,0,1,1,7.1
R00724,R01816,14,3,0,1,1,7.1
R00724,R01874,14,7,1,0,1,7.1
R00724,R01908,14,35,0,1,1,2.9
R00724,R02044,14,24,0,1,1,4.2
R00725,R00737,19,26,3,0,15,57.7
R00725,R00742,19,27,0,6,6,22.2
R00725,R00746,19,34,3,0,3,8.8
R00725,R00748,19,26,0,4,5,19.2
R00725,R00805,19,18,3,0,3,15.8
R00725,R00866,19,26,2,4,7,26.9
R00725,R00877,19,16,0,4,4,21.1
R00725,R00926,19,11,2,0,4,21.1
R00725,R00928,19,11,2,0,3,15.8
R00725,R01039,19,29,0,6,6,20.7
R00725,R01043,19,7,0,3,4,21.1
R00725,R01046,19,10,0,4,4,21.1
R00725,R01048,19,20,0,4,5,25.0
R00725,R01219,19,2,1,0,1,5.3
R00725,R01224,19,12,2,0,3,15.8
R00725,R01226,19,13,2,0,3,15.8
R00725,R01367,19,40,0,4,5,12.5
R00725,R01505,19,8,0,8,8,42.1
R00725,R01751,19,3,0,3,3,15.8
R00725,R01752,19,9,3,0,3,15.8
R00725,R01774,19,13,0,11,13,68.4
R00725,R01791,19,24,0,17,19,79.2
R00726,R00754,13,7,0,1,1,7.7
R00726,R00917,13,29,0,1,6,20.7
R00726,R00918,13,21,0,6,6,28.6
R00726,R00941,13,16,0,6,12,75.0
R00726,R00984,13,10,0,10,10,76.9
R00726,R01056,13,15,0,1,6,40.0
R00726,R01057,13,13,4,6,12,92.3
R00726,R01151,13,16,0,1,6,37.5
R00726,R01217,13,20,0,6,6,30.0
R00726,R01222,13,23,0,6,6,26.1
R00726,R01235,13,16,0,7,10,62.5
R00726,R01237,13,30,0,7,10,33.3
R00726,R01249,13,4,0,2,2,15.4
R00726,R01263,13,8,0,6,6,46.2
R00726,R01298,13,20,0,6,6,30.0
R00726,R01299,13,8,0,6,6,46.2
R00726,R01373,13,13,0,6,10,76.9
R00726,R01656,13,6,0,1,2,15.4
R00726,R01657,13,12,0,1,6,46.2
R00726,R01658,13,9,0,1,6,46.2
R00726,R01712,13,23,0,1,12,52.2
R00726,R01723,13,13,0,6,6,46.2
R00726,R01731,13,9,0,8,9,69.2
R00726,R01732,13,17,0,6,6,35.3
R00726,R01733,13,19,0,6,6,31.6
R00726,R01740,13,21,0,6,6,28.6
R00726,R01781,13,6,0,1,2,15.4
R00726,R01829,13,7,0,1,6,46.2
R00726,R01877,13,22,0,6,6,27.3
R00726,R01912,13,7,0,1,2,15.4
R00726,R01942,13,5,0,1,2,15.4
R00726,R01943,13,16,0,1,6,37.5
R00726,R01958,13,10,0,6,6,46.2
R00727,R01042,56,19,1,0,1,1.8
R00727,R01171,56,41,2,9,31,55.4
R00727,R01312,56,11,0,1,1,1.8
R00727,R01932,56,13,0,1,1,1.8
R00727,R02002,56,3,0,1,1,1.8
R00727,R02006,56,4,0,1,1,1.8
R00727,R02007,56,5,0,1,1,1.8
R00729,R00736,10,6,0,1,1,10.0
R00729,R00827,10,15,0,1,1,6.7
R00729,R00848,10,6,0,1,1,10.0
R00729,R00940,10,8,0,6,6,60.0
R00729,R01172,10,7,4,1,7,70.0
R00729,R01195,10,6,0,1,1,10.0
R00729,R01274,10,20,0,1,1,5.0
R00729,R01301,10,7,0,7,7,70.0
R00729,R01494,10,22,0,1,1,4.5
R00729,R01530,10,2,0,1,1,10.0
R00729,R01551,10,16,0,1,1,6.2
R00729,R01612,10,14,0,1,1,7.1
R00729,R01617,10,7,0,1,1,10.0
R00729,R01717,10,14,0,1,1,7.1
R00729,R01721,10,6,0,1,1,10.0
R00729,R01815,10,3,0,1,1,10.0
R00729,R01888,10,6,0,5,5,50.0
R00729,R01895,10,9,3,1,4,40.0
R00729,R01951,10,4,0,1,1,10.0
R00729,R01964,10,12,0,1,1,8.3
R00729,R01991,10,4,0,1,1,10.0
R00729,R01998,10,8,0,1,1,10.0
R00729,R02012,10,7,0,1,1,10.0
R00729,R02027,10,9,0,5,6,60.0
R00729,R02029,10,10,0,1,1,10.0
R00729,R02085,10,2,0,1,1,10.0
R00729,R02095,10,7,0,6,6,60.0
R00730,R01033,8,9,2,6,8,88.9
R00730,R01040,8,11,0,3,3,27.3
R00730,R01086,8,4,0,2,2,25.0
R00730,R01154,8,15,0,3,3,20.0
R00730,R01167,8,12,0,3,3,25.0
R00730,R01178,8,12,0,3,3,25.0
R00730,R01183,8,5,0,1,1,12.5
R00730,R01233,8,2,0,1,1,12.5
R00730,R01460,8,5,1,0,1,12.5
R00731,R00854,18,29,0,1,1,3.4
R00731,R01041,18,12,2,0,12,66.7
R00731,R01466,18,9,0,3,3,16.7
R00731,R01503,18,29,0,5,5,17.2
R00731,R01655,18,21,0,4,4,19.0
R00731,R01674,18,13,1,0,1,5.6
R00731,R01702,18,18,0,5,5,27.8
R00731,R01729,18,7,1,0,1,5.6
R00731,R02078,18,14,1,0,1,5.6
R00731,R02093,18,21,1,0,1,4.8
R00732,R00734,8,13,0,8,8,61.5
R00732,R01041,8,12,0,8,8,66.7
R00732,R02038,8,17,3,0,6,35.3
R00733,R01681,14,3,0,1,1,7.1
R00733,R01689,14,7,0,1,1,7.1
R00733,R02064,14,18,1,0,1,5.6
R00734,R01041,13,12,0,10,11,84.6
R00736,R00827,6,15,0,1,1,6.7
R00736,R00848,6,6,0,1,1,16.7
R00736,R00940,6,8,0,1,1,12.5
R00736,R01172,6,7,0,1,1,14.3
R00736,R01195,6,6,0,1,1,16.7
R00736,R01274,6,20,0,1,1,5.0
R00736,R01301,6,7,0,1,1,14.3
R00736,R01494,6,22,0,1,1,4.5
R00736,R01530,6,2,0,1,1,16.7
R00736,R01551,6,16,0,1,1,6.2
R00736,R01612,6,14,0,1,1,7.1
R00736,R01617,6,7,0,1,1,14.3
R00736,R01717,6,14,0,1,1,7.1
R00736,R01721,6,6,0,1,1,16.7
R00736,R01771,6,4,1,0,1,16.7
R00736,R01815,6,3,0,1,1,16.7
R00736,R01888,6,6,0,1,1,16.7
R00736,R01895,6,9,0,6,6,66.7
R00736,R01951,6,4,0,1,1,16.7
R00736,R01964,6,12,0,1,1,8.3
R00736,R01991,6,4,0,1,1,16.7
R00736,R01998,6,8,0,1,1,12.5
R00736,R02012,6,7,0,1,1,14.3
R00736,R02027,6,9,0,1,1,11.1
R00736,R02029,6,10,0,1,1,10.0
R00736,R02085,6,2,0,1,1,16.7
R00736,R02095,6,7,0,1,1,14.3
R00737,R00739,26,18,0,4,10,38.5
R00737,R00746,26,34,3,0,5,14.7
R00737,R00753,26,37,0,2,26,70.3
R00737,R00805,26,18,3,2,5,19.2
R00737,R00866,26,26,2,0,6,23.1
R00737,R00878,26,15,0,2,10,38.5
R00737,R00903,26,9,0,6,8,30.8
R00737,R00914,26,16,0,10,11,42.3
R00737,R00926,26,11,2,0,5,19.2
R00737,R00928,26,11,2,0,3,11.5
R00737,R00969,26,34,0,4,10,29.4
R00737,R01219,26,2,1,0,1,3.8
R00737,R01224,26,12,2,0,3,11.5
R00737,R01226,26,13,2,0,3,11.5
R00737,R01444,26,16,0,1,1,3.8
R00737,R01629,26,16,0,2,5,19.2
R00737,R01752,26,9,3,0,3,11.5
R00737,R02089,26,13,0,4,10,38.5
R00738,R00771,3,16,1,0,1,6.2
R00738,R00772,3,15,1,0,1,6.7
R00738,R00781,3,10,1,0,1,10.0
R00738,R00790,3,18,1,0,1,5.6
R00738,R00842,3,22,0,2,3,13.6
R00738,R00891,3,9,1,0,1,11.1
R00738,R00897,3,16,0,2,3,18.8
R00738,R00944,3,17,1,0,1,5.9
R00738,R00964,3,57,2,0,2,3.5
R00738,R00976,3,11,1,0,1,9.1
R00738,R00995,3,12,1,0,1,8.3
R00738,R01013,3,12,1,0,1,8.3
R00738,R01075,3,9,1,0,1,11.1
R00738,R01081,3,9,1,0,1,11.1
R00738,R01085,3,12,1,0,1,8.3
R00738,R01087,3,12,0,3,3,25.0
R00738,R01388,3,26,0,2,3,11.5
R00738,R01454,3,20,1,0,1,5.0
R00738,R01621,3,27,0,2,3,11.1
R00738,R01622,3,29,0,2,3,10.3
R00738,R01761,3,11,1,0,1,9.1
R00738,R01789,3,11,1,0,1,9.1
R00738,R01815,3,3,1,0,1,33.3
R00738,R01902,3,26,0,2,3,11.5
R00738,R01909,3,21,1,0,1,4.8
R00738,R01968,3,15,1,0,1,6.7
R00738,R02086,3,36,1,0,1,2.8
R00738,R02099,3,6,1,2,3,50.0
R00739,R00753,18,37,0,2,10,27.0
R00739,R00805,18,18,0,2,2,11.1
R00739,R00878,18,15,0,2,9,50.0
R00739,R00903,18,9,0,4,7,38.9
R00739,R00914,18,16,0,4,13,72.2
R00739,R00969,18,34,0,18,18,52.9
R00739,R01043,18,7,2,0,4,22.2
R00739,R01444,18,16,0,1,1,5.6
R00739,R01629,18,16,0,2,2,11.1
R00739,R02089,18,13,2,10,13,72.2
R00740,R00743,18,22,0,18,18,81.8
R00740,R00774,18,9,0,1,1,5.6
R00740,R00812,18,34,0,18,18,52.9
R00740,R00930,18,11,0,11,11,61.1
R00740,R00932,18,10,0,1,1,5.6
R00740,R00933,18,11,0,1,1,5.6
R00740,R00967,18,19,3,15,18,94.7
R00740,R00970,18,37,0,1,1,2.7
R00740,R01045,18,4,3,0,3,16.7
R00740,R01241,18,48,0,1,1,2.1
R00740,R01511,18,7,0,1,1,5.6
R00740,R01707,18,5,0,1,1,5.6
R00740,R01708,18,5,0,1,1,5.6
R00740,R01898,18,25,0,1,1,4.0
R00740,R01930,18,23,0,2,13,56.5
R00740,R01980,18,8,0,1,1,5.6
R00740,R02090,18,6,0,1,1,5.6
R00741,R00927,5,22,0,1,1,4.5
R00741,R00989,5,16,0,1,1,6.2
R00741,R00991,5,31,0,1,1,3.2
R00741,R00996,5,6,1,0,1,16.7
R00741,R01458,5,5,0,1,1,20.0
R00741,R01581,5,25,0,1,1,4.0
R00741,R01644,5,11,0,1,1,9.1
R00741,R01652,5,14,0,1,1,7.1
R00741,R01777,5,8,0,1,1,12.5
R00742,R00748,27,26,3,4,25,92.6
R00742,R00866,27,26,0,4,4,14.8
R00742,R00877,27,16,0,4,4,14.8
R00742,R00968,27,59,1,0,1,1.7
R00742,R00969,27,34,2,0,22,64.7
R00742,R01039,27,29,3,21,27,93.1
R00742,R01043,27,7,0,3,7,25.9
R00742,R01044,27,3,1,0,1,3.7
R00742,R01046,27,10,0,4,4,14.8
R00742,R01048,27,20,0,4,4,14.8
R00742,R01363,27,18,1,0,1,3.7
R00742,R01367,27,40,0,4,15,37.5
R00742,R01505,27,8,0,6,6,22.2
R00742,R01630,27,20,1,0,1,3.7
R00742,R01751,27,3,0,3,3,11.1
R00742,R01774,27,13,0,6,6,22.2
R00742,R01791,27,24,0,6,6,22.2
R00743,R00774,22,9,0,1,1,4.5
R00743,R00812,22,34,0,18,20,58.8
R00743,R00878,22,15,2,0,2,9.1
R00743,R00930,22,11,0,11,11,50.0
R00743,R00932,22,10,0,1,1,4.5
R00743,R00933,22,11,0,1,1,4.5
R00743,R00967,22,19,0,15,18,81.8
R00743,R00970,22,37,0,1,1,2.7
R00743,R01070,22,19,2,0,3,13.6
R00743,R01241,22,48,0,1,1,2.1
R00743,R01511,22,7,0,1,1,4.5
R00743,R01707,22,5,0,1,1,4.5
R00743,R01708,22,5,0,1,1,4.5
R00743,R01898,22,25,0,1,1,4.0
R00743,R01930,22,23,0,2,15,65.2
R00743,R01980,22,8,0,1,1,4.5
R00743,R02090,22,6,0,1,1,4.5
R00744,R01783,20,4,1,0,1,5.0
R00744,R01793,20,4,1,0,1,5.0
R00744,R01797,20,3,1,0,1,5.0
R00744,R01810,20,4,1,0,4,20.0
R00744,R01996,20,21,0,11,11,52.4
R00745,R00798,18,19,0,1,6,31.6
R00745,R00802,18,17,0,4,4,22.2
R00745,R00804,18,21,0,11,11,52.4
R00745,R00807,18,14,0,1,6,33.3
R00745,R00861,18,12,0,1,7,38.9
R00745,R00864,18,15,0,4,4,22.2
R00745,R00865,18,11,0,11,11,61.1
R00745,R00957,18,12,0,4,4,22.2
R00745,R00987,18,13,0,4,4,22.2
R00745,R01024,18,13,0,11,11,61.1
R00745,R01032,18,14,0,14,14,77.8
R00745,R01051,18,13,0,4,7,38.9
R00745,R01064,18,11,0,4,5,27.8
R00745,R01913,18,21,0,18,18,85.7
R00746,R00805,34,18,3,0,14,41.2
R00746,R00808,34,18,0,18,18,52.9
R00746,R00866,34,26,2,0,11,32.4
R00746,R00926,34,11,2,0,3,8.8
R00746,R00928,34,11,2,0,2,5.9
R00746,R01067,34,12,0,12,12,35.3
R00746,R01219,34,2,1,0,1,2.9
R00746,R01224,34,12,2,0,6,17.6
R00746,R01226,34,13,2,0,6,17.6
R00746,R01319,34,23,0,2,2,5.9
R00746,R01446,34,12,0,2,2,5.9
R00746,R01662,34,18,0,2,2,5.9
R00746,R01752,34,9,3,0,3,8.8
R00747,R00757,26,25,0,2,9,34.6
R00747,R00761,26,23,0,2,5,19.2
R00747,R00782,26,20,0,2,16,61.5
R00747,R00985,26,30,3,0,5,16.7
R00747,R00996,26,6,0,2,6,23.1
R00747,R01020,26,10,0,2,3,11.5
R00747,R01068,26,19,0,2,6,23.1
R00747,R01070,26,19,0,2,6,23.1
R00747,R01079,26,21,0,2,5,19.2
R00747,R01080,26,13,0,2,6,23.1
R00747,R01083,26,14,0,2,5,19.2
R00747,R01084,26,12,0,2,3,11.5
R00747,R01218,26,2,0,1,1,3.8
R00747,R01861,26,19,0,2,9,34.6
R00748,R00866,26,26,0,4,4,15.4
R00748,R00877,26,16,0,4,4,15.4
R00748,R00968,26,59,1,0,1,1.7
R00748,R00969,26,34,2,0,22,64.7
R00748,R01039,26,29,3,4,26,89.7
R00748,R01043,26,7,0,3,7,26.9
R00748,R01044,26,3,1,0,1,3.8
R00748,R01046,26,10,0,4,4,15.4
R00748,R01048,26,20,0,4,4,15.4
R00748,R01363,26,18,1,0,1,3.8
R00748,R01367,26,40,0,15,15,37.5
R00748,R01505,26,8,0,4,5,19.2
R00748,R01630,26,20,1,0,1,3.8
R00748,R01751,26,3,0,3,3,11.5
R00748,R01774,26,13,0,4,5,19.2
R00748,R01791,26,24,0,4,5,19.2
R00749,R01244,60,22,0,1,19,31.7
R00749,R01314,60,4,0,1,1,1.7
R00749,R01315,60,6,0,1,1,1.7
R00749,R01449,60,1,0,1,1,1.7
R00749,R01494,60,22,3,0,16,26.7
R00749,R01544,60,8,0,8,8,13.3
R00749,R01663,60,11,3,0,10,16.7
R00750,R00935,31,47,0,1,1,2.1
R00750,R00948,31,51,0,1,1,2.0
R00750,R01127,31,10,0,2,2,6.5
R00750,R01152,31,10,0,2,6,19.4
R00750,R01157,31,27,1,0,1,3.2
R00750,R01159,31,25,1,0,1,3.2
R00750,R01169,31,15,0,1,1,3.2
R00750,R01176,31,19,0,2,2,6.5
R00750,R01201,31,13,0,2,2,6.5
R00750,R01202,31,7,0,1,1,3.2
R00750,R01221,31,14,0,2,2,6.5
R00750,R01260,31,13,0,2,10,32.3
R00750,R01271,31,10,0,4,8,25.8
R00750,R01273,31,11,0,4,6,19.4
R00750,R01303,31,15,0,2,2,6.5
R00750,R01464,31,22,0,2,2,6.5
R00750,R01591,31,20,0,2,2,6.5
R00750,R01720,31,6,0,2,2,6.5
R00750,R01796,31,9,0,2,9,29.0
R00750,R01844,31,24,0,2,2,6.5
R00750,R01853,31,11,0,7,9,29.0
R00750,R01860,31,11,0,2,6,19.4
R00750,R01865,31,28,0,1,2,6.5
R00750,R01879,31,22,0,2,2,6.5
R00750,R02061,31,4,0,2,2,6.5
R00751,R01287,5,18,0,1,4,22.2
R00751,R01290,5,21,0,1,4,19.0
R00751,R01291,5,19,0,1,4,21.1
R00751,R01476,5,19,1,0,1,5.3
R00751,R01689,5,7,1,0,1,14.3
R00751,R01992,5,3,2,1,3,60.0
R00752,R01034,3,17,1,0,1,5.9
R00752,R01446,3,12,1,0,1,8.3
R00752,R01743,3,2,1,0,1,33.3
R00752,R01744,3,11,1,0,1,9.1
R00752,R02100,3,4,1,0,1,25.0
R00753,R00802,37,17,3,0,3,8.1
R00753,R00803,37,7,2,0,2,5.4
R00753,R00805,37,18,0,2,5,13.5
R00753,R00878,37,15,0,12,12,32.4
R00753,R00903,37,9,0,2,9,24.3
R00753,R00914,37,16,0,2,11,29.7
R00753,R00929,37,13,3,0,5,13.5
R00753,R00961,37,6,3,0,4,10.8
R00753,R00969,37,34,0,2,10,27.0
R00753,R01444,37,16,0,1,1,2.7
R00753,R01629,37,16,0,2,8,21.6
R00753,R01820,37,8,3,0,8,21.6
R00753,R02089,37,13,0,2,10,27.0
R00754,R00917,7,29,0,1,3,10.3
R00754,R00918,7,21,0,1,1,4.8
R00754,R00941,7,16,0,1,1,6.2
R00754,R00984,7,10,0,1,1,10.0
R00754,R01056,7,15,0,1,3,20.0
R00754,R01057,7,13,0,1,1,7.7
R00754,R01151,7,16,0,1,2,12.5
R00754,R01217,7,20,0,1,1,5.0
R00754,R01222,7,23,0,1,1,4.3
R00754,R01235,7,16,0,1,1,6.2
R00754,R01237,7,30,0,1,1,3.3
R00754,R01249,7,4,0,1,1,14.3
R00754,R01263,7,8,0,1,1,12.5
R00754,R01298,7,20,0,1,1,5.0
R00754,R01299,7,8,0,1,1,12.5
R00754,R01373,7,13,0,1,1,7.7
R00754,R01656,7,6,0,2,2,28.6
R00754,R01657,7,12,0,3,3,25.0
R00754,R01658,7,9,0,2,2,22.2
R00754,R01712,7,23,0,1,3,13.0
R00754,R01723,7,13,0,1,1,7.7
R00754,R01731,7,9,0,1,1,11.1
R00754,R01732,7,17,0,1,1,5.9
R00754,R01733,7,19,0,1,1,5.3
R00754,R01740,7,21,0,1,1,4.8
R00754,R01781,7,6,0,2,2,28.6
R00754,R01829,7,7,0,1,2,28.6
R00754,R01877,7,22,0,1,1,4.5
R00754,R01912,7,7,0,3,3,42.9
R00754,R01942,7,5,0,1,2,28.6
R00754,R01943,7,16,0,1,2,12.5
R00754,R01958,7,10,0,1,1,10.0
R00755,R01690,5,26,1,0,1,3.8
R00755,R01748,5,8,0,5,5,62.5
R00755,R01894,5,7,0,5,5,71.4
R00756,R01027,8,13,1,0,1,7.7
R00756,R01066,8,2,0,2,2,25.0
R00756,R01414,8,16,3,0,3,18.8
R00756,R01821,8,3,0,1,2,25.0
R00756,R01889,8,12,1,0,1,8.3
R00756,R01890,8,16,1,0,1,6.2
R00757,R00761,25,23,0,5,5,20.0
R00757,R00782,25,20,0,2,12,48.0
R00757,R00996,25,6,0,4,5,20.0
R00757,R01020,25,10,0,3,3,12.0
R00757,R01068,25,19,0,3,3,12.0
R00757,R01070,25,19,0,3,3,12.0
R00757,R01079,25,21,0,3,5,20.0
R00757,R01080,25,13,0,3,3,12.0
R00757,R01083,25,14,0,3,3,12.0
R00757,R01084,25,12,0,3,3,12.0
R00757,R01218,25,2,0,1,1,4.0
R00757,R01478,25,24,1,0,1,4.0
R00757,R01861,25,19,0,19,19,76.0
R00758,R00763,8,2,1,0,1,12.5
R00758,R00780,8,54,0,1,3,5.6
R00758,R00796,8,43,0,8,8,18.6
R00758,R00845,8,25,1,0,1,4.0
R00758,R00893,8,5,0,1,1,12.5
R00758,R00916,8,38,1,0,1,2.6
R00758,R00931,8,11,0,1,1,9.1
R00758,R00939,8,9,1,0,1,11.1
R00758,R00963,8,12,0,1,1,8.3
R00758,R01007,8,13,0,1,1,7.7
R00758,R01030,8,12,0,1,3,25.0
R00758,R01031,8,14,0,1,3,21.4
R00758,R01082,8,11,0,1,1,9.1
R00758,R01088,8,3,0,1,1,12.5
R00758,R01123,8,16,1,0,1,6.2
R00758,R01131,8,7,0,1,4,50.0
R00758,R01133,8,8,0,2,2,25.0
R00758,R01135,8,4,0,1,2,25.0
R00758,R01207,8,28,1,0,1,3.6
R00758,R01251,8,11,1,0,1,9.1
R00758,R01265,8,23,0,8,8,34.8
R00758,R01322,8,14,0,1,2,14.3
R00758,R01365,8,8,0,1,5,62.5
R00758,R01380,8,8,0,3,3,37.5
R00758,R01457,8,3,1,0,1,12.5
R00758,R01526,8,17,1,0,1,5.9
R00758,R01531,8,3,1,0,1,12.5
R00758,R01773,8,41,0,8,8,19.5
R00758,R01813,8,7,0,1,1,12.5
R00758,R01816,8,3,0,1,1,12.5
R00758,R01874,8,7,1,0,1,12.5
R00758,R01908,8,35,0,1,1,2.9
R00758,R02044,8,24,0,1,1,4.2
R00759,R01886,20,11,0,11,11,55.0
R00760,R01059,16,21,2,0,3,14.3
R00760,R01061,16,32,2,0,2,6.2
R00760,R01198,16,19,2,0,4,21.1
R00760,R01570,16,19,2,0,3,15.8
R00760,R01602,16,3,0,3,3,18.8
R00760,R01626,16,18,2,0,2,11.1
R00760,R01831,16,13,0,3,3,18.8
R00760,R01915,16,9,2,0,2,12.5
R00761,R00782,23,20,0,2,5,21.7
R00761,R00918,23,21,1,0,1,4.3
R00761,R00996,23,6,0,4,5,21.7
R00761,R01020,23,10,0,3,3,13.0
R00761,R01068,23,19,0,3,3,13.0
R00761,R01070,23,19,0,3,3,13.0
R00761,R01079,23,21,0,3,3,13.0
R00761,R01080,23,13,0,3,3,13.0
R00761,R01083,23,14,0,3,3,13.0
R00761,R01084,23,12,0,3,3,13.0
R00761,R01218,23,2,0,1,1,4.3
R00761,R01235,23,16,1,0,1,4.3
R00761,R01317,23,5,1,0,1,4.3
R00761,R01467,23,21,1,0,1,4.3
R00761,R01861,23,19,0,5,5,21.7
R00761,R01984,23,11,1,0,1,4.3
R00761,R01985,23,10,1,0,1,4.3
R00761,R01987,23,12,1,0,1,4.3
R00762,R00951,30,17,1,0,3,10.0
R00762,R01029,30,15,1,0,3,10.0
R00762,R01122,30,2,0,1,1,3.3
R00762,R01180,30,42,0,1,20,47.6
R00762,R01187,30,31,0,1,16,51.6
R00762,R01239,30,27,0,1,16,53.3
R00762,R01272,30,35,0,1,16,45.7
R00762,R01600,30,42,0,1,20,47.6
R00762,R01628,30,33,0,18,19,57.6
R00762,R01736,30,30,0,1,16,53.3
R00762,R01755,30,31,0,1,17,54.8
R00763,R00845,2,25,1,0,1,4.0
R00763,R00891,2,9,0,1,1,11.1
R00763,R00916,2,38,1,0,1,2.6
R00763,R00939,2,9,1,0,1,11.1
R00763,R01113,2,1,0,1,1,50.0
R00763,R01123,2,16,1,0,1,6.2
R00763,R01207,2,28,1,0,1,3.6
R00763,R01251,2,11,1,0,1,9.1
R00763,R01457,2,3,1,0,1,33.3
R00763,R01526,2,17,2,0,2,11.8
R00763,R01531,2,3,2,0,2,66.7
R00763,R01789,2,11,0,1,1,9.1
R00763,R01872,2,2,0,1,1,50.0
R00763,R01874,2,7,2,0,2,28.6
R00763,R02013,2,15,0,1,1,6.7
R00764,R00767,15,2,1,0,2,13.3
R00764,R00809,15,7,0,1,1,6.7
R00764,R00825,15,18,0,1,1,5.6
R00764,R01197,15,5,0,1,1,6.7
R00764,R01292,15,7,0,1,1,6.7
R00764,R01406,15,11,1,0,1,6.7
R00764,R01425,15,27,4,0,13,48.1
R00764,R01426,15,25,2,0,11,44.0
R00764,R01427,15,24,2,0,10,41.7
R00764,R01433,15,12,0,1,1,6.7
R00764,R01434,15,12,0,1,1,6.7
R00764,R01435,15,8,0,1,1,6.7
R00764,R01436,15,13,0,1,1,6.7
R00764,R01772,15,10,0,1,1,6.7
R00764,R01914,15,9,0,1,1,6.7
R00764,R01940,15,16,0,1,1,6.2
R00764,R01968,15,15,0,1,1,6.7
R00765,R00830,41,31,0,3,22,53.7
R00765,R00939,41,9,0,4,4,9.8
R00765,R00944,41,17,0,2,5,12.2
R00765,R01054,41,18,0,2,3,7.3
R00765,R01247,41,19,0,4,4,9.8
R00765,R01251,41,11,0,3,4,9.8
R00765,R01256,41,19,0,4,4,9.8
R00765,R01259,41,23,0,4,4,9.8
R00765,R01353,41,11,0,3,7,17.1
R00765,R01441,41,32,4,0,7,17.1
R00765,R01452,41,21,0,2,15,36.6
R00765,R01453,41,12,1,0,6,14.6
R00765,R01457,41,3,0,1,1,2.4
R00765,R01562,41,22,0,3,10,24.4
R00765,R01563,41,18,0,3,10,24.4
R00765,R01564,41,18,0,3,10,24.4
R00765,R01566,41,20,0,3,10,24.4
R00765,R01727,41,25,0,2,23,56.1
R00765,R01848,41,24,0,2,17,41.5
R00765,R01892,41,15,0,2,2,4.9
R00765,R01952,41,16,0,2,2,4.9
R00765,R02032,41,10,0,2,2,4.9
R00765,R02039,41,16,0,2,2,4.9
R00765,R02052,41,12,0,3,7,17.1
R00765,R02053,41,11,0,3,7,17.1
R00766,R01200,9,2,2,0,2,22.2
R00766,R01786,9,3,2,0,2,22.2
R00767,R01406,2,11,1,0,1,9.1
R00767,R01425,2,27,1,0,1,3.7
R00767,R01426,2,25,1,0,1,4.0
R00767,R01427,2,24,1,0,1,4.2
R00768,R00770,32,19,0,19,19,59.4
R00768,R00773,32,33,2,30,32,97.0
R00768,R00775,32,30,0,30,30,93.8
R00768,R00776,32,36,0,30,32,88.9
R00768,R00788,32,13,0,3,8,25.0
R00768,R00896,32,29,0,2,16,50.0
R00768,R00904,32,4,0,2,2,6.2
R00768,R01488,32,7,0,1,7,21.9
R00768,R01585,32,23,2,2,16,50.0
R00768,R02082,32,7,0,3,3,9.4
R00769,R00949,15,13,1,0,3,20.0
R00769,R00991,15,31,1,0,1,3.2
R00769,R01060,15,2,1,0,2,13.3
R00769,R01388,15,26,2,0,2,7.7
R00769,R01400,15,15,4,4,14,93.3
R00769,R01404,15,13,1,12,13,86.7
R00769,R01409,15,5,0,1,5,33.3
R00769,R01612,15,14,1,0,1,6.7
R00769,R01613,15,19,1,0,2,10.5
R00769,R01635,15,4,1,0,1,6.7
R00769,R01973,15,11,1,0,6,40.0
R00769,R02044,15,24,2,0,2,8.3
R00769,R02045,15,9,1,0,1,6.7
R00770,R00773,19,33,0,19,19,57.6
R00770,R00775,19,30,0,19,19,63.3
R00770,R00776,19,36,0,19,19,52.8
R00770,R00788,19,13,0,3,7,36.8
R00770,R00896,19,29,0,2,6,20.7
R00770,R00904,19,4,0,2,2,10.5
R00770,R01488,19,7,1,1,7,36.8
R00770,R01490,19,2,1,0,2,10.5
R00770,R01585,19,23,0,2,6,26.1
R00770,R02082,19,7,0,3,3,15.8
R00771,R00772,16,15,1,14,15,93.8
R00771,R00781,16,10,2,0,3,18.8
R00771,R00790,16,18,2,14,16,88.9
R00771,R00839,16,9,0,1,1,6.2
R00771,R00891,16,9,1,0,1,6.2
R00771,R00944,16,17,1,0,1,5.9
R00771,R00949,16,13,0,1,1,6.2
R00771,R00964,16,57,1,0,1,1.8
R00771,R00976,16,11,2,0,2,12.5
R00771,R00995,16,12,2,0,2,12.5
R00771,R01013,16,12,1,0,1,6.2
R00771,R01073,16,12,0,1,10,62.5
R00771,R01075,16,9,2,0,3,18.8
R00771,R01076,16,30,0,1,1,3.3
R00771,R01081,16,9,2,0,3,18.8
R00771,R01085,16,12,1,0,8,50.0
R00771,R01396,16,12,0,1,1,6.2
R00771,R01454,16,20,1,0,1,5.0
R00771,R01455,16,10,0,1,1,6.2
R00771,R01456,16,6,0,1,1,6.2
R00771,R01480,16,16,0,1,1,6.2
R00771,R01504,16,3,0,1,1,6.2
R00771,R01527,16,7,0,1,1,6.2
R00771,R01574,16,7,0,1,1,6.2
R00771,R01693,16,12,0,1,1,6.2
R00771,R01761,16,11,1,8,9,56.2
R00771,R01789,16,11,1,0,1,6.2
R00771,R01803,16,13,0,1,1,6.2
R00771,R01815,16,3,1,0,1,6.2
R00771,R01909,16,21,2,0,2,9.5
R00771,R01968,16,15,3,0,10,62.5
R00771,R02086,16,36,1,0,1,2.8
R00771,R02099,16,6,1,0,1,6.2
R00772,R00781,15,10,1,0,2,13.3
R00772,R00790,15,18,1,14,15,83.3
R00772,R00839,15,9,0,1,1,6.7
R00772,R00891,15,9,1,0,1,6.7
R00772,R00944,15,17,1,0,1,5.9
R00772,R00949,15,13,0,1,1,6.7
R00772,R00964,15,57,1,0,1,1.8
R00772,R00976,15,11,1,0,1,6.7
R00772,R00995,15,12,1,0,1,6.7
R00772,R01013,15,12,1,0,1,6.7
R00772,R01073,15,12,0,1,9,60.0
R00772,R01075,15,9,1,0,2,13.3
R00772,R01076,15,30,0,1,1,3.3
R00772,R01081,15,9,1,0,2,13.3
R00772,R01085,15,12,1,0,7,46.7
R00772,R01396,15,12,0,1,1,6.7
R00772,R01454,15,20,1,0,1,5.0
R00772,R01455,15,10,0,1,1,6.7
R00772,R01456,15,6,0,1,1,6.7
R00772,R01480,15,16,0,1,1,6.2
R00772,R01504,15,3,0,1,1,6.7
R00772,R01527,15,7,0,1,1,6.7
R00772,R01574,15,7,0,1,1,6.7
R00772,R01693,15,12,0,1,1,6.7
R00772,R01761,15,11,1,8,9,60.0
R00772,R01789,15,11,1,0,1,6.7
R00772,R01803,15,13,0,1,1,6.7
R00772,R01815,15,3,1,0,1,6.7
R00772,R01909,15,21,1,0,1,4.8
R00772,R01968,15,15,1,0,9,60.0
R00772,R02086,15,36,1,0,1,2.8
R00772,R02099,15,6,1,0,1,6.7
R00773,R00775,33,30,0,30,30,90.9
R00773,R00776,33,36,0,33,33,91.7
R00773,R00788,33,13,0,3,8,24.2
R00773,R00896,33,29,0,2,17,51.5
R00773,R00904,33,4,0,2,2,6.1
R00773,R01488,33,7,0,1,7,21.2
R00773,R01585,33,23,4,2,17,51.5
R00773,R02082,33,7,0,3,3,9.1
R00774,R00812,9,34,0,1,1,2.9
R00774,R00930,9,11,0,1,1,9.1
R00774,R00932,9,10,0,6,8,80.0
R00774,R00933,9,11,0,9,9,81.8
R00774,R00967,9,19,0,1,1,5.3
R00774,R00970,9,37,0,1,1,2.7
R00774,R01241,9,48,0,1,1,2.1
R00774,R01511,9,7,0,1,1,11.1
R00774,R01707,9,5,0,1,1,11.1
R00774,R01708,9,5,0,5,5,55.6
R00774,R01898,9,25,0,1,1,4.0
R00774,R01930,9,23,0,1,1,4.3
R00774,R01980,9,8,0,1,1,11.1
R00774,R02090,9,6,0,1,1,11.1
R00775,R00776,30,36,0,30,30,83.3
R00775,R00788,30,13,0,3,8,26.7
R00775,R00896,30,29,0,2,14,46.7
R00775,R00904,30,4,0,2,2,6.7
R00775,R01488,30,7,0,1,7,23.3
R00775,R01508,30,30,1,0,9,30.0
R00775,R01585,30,23,0,2,14,46.7
R00775,R02082,30,7,0,3,3,10.0
R00776,R00788,36,13,0,3,8,22.2
R00776,R00896,36,29,1,2,20,55.6
R00776,R00904,36,4,0,2,2,5.6
R00776,R01223,36,11,2,0,2,5.6
R00776,R01298,36,20,1,0,1,2.8
R00776,R01488,36,7,0,1,7,19.4
R00776,R01585,36,23,0,2,17,47.2
R00776,R01733,36,19,1,0,1,2.8
R00776,R02082,36,7,0,3,3,8.3
R00777,R00779,5,9,1,3,5,55.6
R00777,R01325,5,19,1,0,1,5.3
R00777,R01819,5,15,1,0,1,6.7
R00778,R00977,9,34,0,1,1,2.9
R00778,R01448,9,9,0,4,4,44.4
R00778,R01473,9,12,0,4,4,33.3
R00778,R02034,9,5,0,1,1,11.1
R00779,R01325,9,19,4,0,4,21.1
R00779,R01819,9,15,2,0,2,13.3
R00780,R00782,54,20,2,0,8,14.8
R00780,R00796,54,43,0,1,3,5.6
R00780,R00812,54,34,2,0,2,3.7
R00780,R00869,54,5,1,0,1,1.9
R00780,R00877,54,16,2,0,2,3.7
R00780,R00893,54,5,0,1,1,1.9
R00780,R00931,54,11,0,1,1,1.9
R00780,R00963,54,12,0,1,1,1.9
R00780,R01007,54,13,0,1,1,1.9
R00780,R01030,54,12,0,1,12,22.2
R00780,R01031,54,14,0,14,14,25.9
R00780,R01079,54,21,2,0,2,3.7
R00780,R01082,54,11,0,1,1,1.9
R00780,R01088,54,3,0,1,1,1.9
R00780,R01131,54,7,0,5,5,9.3
R00780,R01133,54,8,0,1,2,3.7
R00780,R01135,54,4,0,4,4,7.4
R00780,R01265,54,23,0,1,3,5.6
R00780,R01322,54,14,0,4,4,7.4
R00780,R01365,54,8,0,5,5,9.3
R00780,R01380,54,8,0,1,8,14.8
R00780,R01479,54,16,1,0,1,1.9
R00780,R01773,54,41,0,1,3,5.6
R00780,R01813,54,7,0,1,1,1.9
R00780,R01816,54,3,0,1,1,1.9
R00780,R01908,54,35,0,1,1,1.9
R00780,R01930,54,23,4,0,4,7.4
R00780,R02044,54,24,0,1,1,1.9
R00781,R00790,10,18,2,0,3,16.7
R00781,R00891,10,9,1,0,1,10.0
R00781,R00944,10,17,1,0,1,5.9
R00781,R00964,10,57,1,0,1,1.8
R00781,R00976,10,11,2,0,3,27.3
R00781,R00995,10,12,3,0,4,33.3
R00781,R01013,10,12,1,0,1,8.3
R00781,R01075,10,9,2,7,9,90.0
R00781,R01081,10,9,3,6,9,90.0
R00781,R01085,10,12,1,0,3,25.0
R00781,R01454,10,20,1,0,1,5.0
R00781,R01761,10,11,1,0,1,9.1
R00781,R01789,10,11,1,0,1,9.1
R00781,R01815,10,3,1,0,1,10.0
R00781,R01909,10,21,2,0,3,14.3
R00781,R01968,10,15,2,0,3,20.0
R00781,R02086,10,36,1,0,1,2.8
R00781,R02099,10,6,1,0,1,10.0
R00782,R00812,20,34,2,0,2,5.9
R00782,R00869,20,5,1,0,1,5.0
R00782,R00877,20,16,2,0,2,10.0
R00782,R00996,20,6,0,2,6,30.0
R00782,R01020,20,10,0,2,3,15.0
R00782,R01068,20,19,0,2,3,15.0
R00782,R01070,20,19,0,2,3,15.0
R00782,R01079,20,21,2,2,5,23.8
R00782,R01080,20,13,0,2,3,15.0
R00782,R01083,20,14,0,2,3,15.0
R00782,R01084,20,12,0,2,3,15.0
R00782,R01218,20,2,0,1,1,5.0
R00782,R01479,20,16,1,0,1,5.0
R00782,R01861,20,19,0,2,12,60.0
R00782,R01930,20,23,2,0,4,17.4
R00783,R00869,17,5,0,1,5,29.4
R00783,R00964,17,57,0,1,10,17.5
R00783,R00966,17,39,0,1,10,25.6
R00783,R01069,17,4,0,1,1,5.9
R00784,R01188,6,27,0,1,1,3.7
R00784,R01319,6,23,1,0,1,4.3
R00784,R01334,6,18,1,0,1,5.6
R00784,R01414,6,16,0,6,6,37.5
R00784,R01444,6,16,1,0,1,6.2
R00784,R01924,6,28,0,1,1,3.6
R00785,R00826,6,15,0,1,1,6.7
R00785,R00880,6,22,0,2,2,9.1
R00785,R00923,6,8,0,2,2,25.0
R00785,R00924,6,8,0,2,2,25.0
R00785,R00925,6,6,0,1,1,16.7
R00785,R00985,6,30,0,2,2,6.7
R00785,R01034,6,17,0,2,2,11.8
R00785,R01106,6,21,0,2,2,9.5
R00785,R01123,6,16,0,6,6,37.5
R00785,R01124,6,8,0,1,1,12.5
R00785,R01206,6,19,0,1,1,5.3
R00785,R01462,6,16,0,2,2,12.5
R00785,R01465,6,9,0,2,2,22.2
R00785,R01467,6,21,0,2,2,9.5
R00785,R01537,6,30,0,1,1,3.3
R00785,R01786,6,3,0,1,1,16.7
R00785,R01826,6,13,0,1,1,7.7
R00785,R01972,6,7,0,2,2,28.6
R00786,R01069,19,4,1,0,3,15.8
R00786,R01861,19,19,1,0,12,63.2
R00787,R01268,10,23,0,7,9,39.1
R00787,R01288,10,11,2,0,9,81.8
R00787,R01289,10,7,2,0,2,20.0
R00787,R01349,10,14,0,1,1,7.1
R00787,R01470,10,17,1,0,1,5.9
R00787,R01477,10,10,2,6,9,90.0
R00787,R01495,10,6,2,0,3,30.0
R00787,R01664,10,4,1,0,1,10.0
R00787,R01982,10,11,1,0,1,9.1
R00787,R01983,10,13,1,0,1,7.7
R00788,R00896,13,29,0,2,12,41.4
R00788,R00904,13,4,0,2,2,15.4
R00788,R01488,13,7,0,1,4,30.8
R00788,R01496,13,13,2,0,9,69.2
R00788,R01585,13,23,0,2,12,52.2
R00788,R01899,13,13,1,0,1,7.7
R00788,R02082,13,7,0,3,3,23.1
R00789,R01164,4,7,0,4,4,57.1
R00789,R01458,4,5,4,0,4,80.0
R00790,R00839,18,9,0,1,1,5.6
R00790,R00891,18,9,1,0,1,5.6
R00790,R00944,18,17,1,0,1,5.6
R00790,R00949,18,13,0,1,1,5.6
R00790,R00964,18,57,1,0,1,1.8
R00790,R00976,18,11,2,0,2,11.1
R00790,R00995,18,12,2,0,2,11.1
R00790,R01013,18,12,1,0,1,5.6
R00790,R01073,18,12,0,1,10,55.6
R00790,R01075,18,9,2,0,3,16.7
R00790,R01076,18,30,0,1,1,3.3
R00790,R01081,18,9,2,0,3,16.7
R00790,R01085,18,12,1,0,10,55.6
R00790,R01396,18,12,0,1,1,5.6
R00790,R01454,18,20,1,0,1,5.0
R00790,R01455,18,10,0,1,1,5.6
R00790,R01456,18,6,0,1,1,5.6
R00790,R01480,18,16,0,1,1,5.6
R00790,R01504,18,3,0,1,1,5.6
R00790,R01527,18,7,0,1,1,5.6
R00790,R01574,18,7,0,1,1,5.6
R00790,R01693,18,12,0,1,1,5.6
R00790,R01761,18,11,1,8,9,50.0
R00790,R01789,18,11,1,0,1,5.6
R00790,R01803,18,13,0,1,1,5.6
R00790,R01815,18,3,1,0,1,5.6
R00790,R01909,18,21,2,0,2,9.5
R00790,R01968,18,15,2,0,10,55.6
R00790,R02086,18,36,1,0,1,2.8
R00790,R02099,18,6,1,0,1,5.6
R00791,R00793,18,12,2,5,12,66.7
R00791,R01092,18,10,0,1,1,5.6
R00791,R01093,18,20,0,1,1,5.0
R00791,R01348,18,22,0,6,16,72.7
R00791,R01356,18,11,1,0,1,5.6
R00791,R01540,18,12,1,0,7,38.9
R00791,R02037,18,15,4,5,15,83.3
R00791,R02042,18,15,1,5,15,83.3
R00792,R00810,20,20,1,0,4,20.0
R00792,R00830,20,31,1,0,1,3.2
R00792,R00846,20,22,0,12,12,54.5
R00792,R00886,20,14,2,0,2,10.0
R00792,R00889,20,13,2,0,2,10.0
R00792,R00900,20,14,2,0,2,10.0
R00792,R00966,20,39,1,0,2,5.1
R00792,R01340,20,4,0,1,1,5.0
R00792,R01366,20,13,1,0,1,5.0
R00792,R01403,20,21,1,0,1,4.8
R00792,R01451,20,7,1,0,1,5.0
R00792,R01472,20,7,0,7,7,35.0
R00792,R01483,20,10,0,1,1,5.0
R00792,R01487,20,7,0,1,1,5.0
R00792,R01812,20,6,0,1,1,5.0
R00792,R01848,20,24,1,0,1,4.2
R00792,R01900,20,8,0,1,1,5.0
R00792,R01901,20,6,0,1,1,5.0
R00793,R01092,12,10,0,1,1,8.3
R00793,R01093,12,20,0,1,1,5.0
R00793,R01348,12,22,0,5,12,54.5
R00793,R01356,12,11,1,0,1,8.3
R00793,R01540,12,12,1,0,7,58.3
R00793,R02037,12,15,2,5,11,73.3
R00793,R02042,12,15,1,5,11,73.3
R00794,R01903,14,5,1,0,2,14.3
R00795,R01603,8,6,0,6,6,75.0
R00796,R00893,43,5,0,1,1,2.3
R00796,R00931,43,11,0,1,1,2.3
R00796,R00963,43,12,0,1,1,2.3
R00796,R01007,43,13,0,1,1,2.3
R00796,R01030,43,12,0,1,3,7.0
R00796,R01031,43,14,0,1,3,7.0
R00796,R01082,43,11,0,1,1,2.3
R00796,R01088,43,3,0,1,1,2.3
R00796,R01131,43,7,0,1,4,9.3
R00796,R01133,43,8,0,2,2,4.7
R00796,R01135,43,4,0,1,2,4.7
R00796,R01265,43,23,0,20,23,53.5
R00796,R01322,43,14,0,1,2,4.7
R00796,R01365,43,8,0,1,5,11.6
R00796,R01380,43,8,0,3,3,7.0
R00796,R01773,43,41,0,14,39,90.7
R00796,R01813,43,7,0,1,1,2.3
R00796,R01816,43,3,0,1,1,2.3
R00796,R01908,43,35,0,1,1,2.3
R00796,R02044,43,24,0,1,1,2.3
R00797,R00804,18,21,1,0,4,19.0
R00797,R00811,18,12,0,9,12,66.7
R00797,R01476,18,19,0,2,4,21.1
R00797,R01760,18,15,1,0,1,5.6
R00797,R01978,18,16,1,0,4,22.2
R00797,R01981,18,17,1,0,6,33.3
R00798,R00802,19,17,0,1,5,26.3
R00798,R00804,19,21,0,1,5,23.8
R00798,R00807,19,14,0,1,7,36.8
R00798,R00855,19,10,2,0,10,52.6
R00798,R00861,19,12,0,1,11,57.9
R00798,R00864,19,15,0,1,5,26.3
R00798,R00865,19,11,0,1,2,10.5
R00798,R00957,19,12,0,1,5,26.3
R00798,R00987,19,13,0,1,5,26.3
R00798,R01024,19,13,0,1,3,15.8
R00798,R01032,19,14,0,1,4,21.1
R00798,R01051,19,13,0,1,7,36.8
R00798,R01064,19,11,0,1,5,26.3
R00798,R01287,19,18,2,0,3,15.8
R00798,R01290,19,21,2,0,4,19.0
R00798,R01291,19,19,2,0,3,15.8
R00798,R01913,19,21,0,1,6,28.6
R00799,R00800,15,11,0,2,2,13.3
R00799,R00801,15,12,1,2,3,20.0
R00799,R00870,15,13,1,2,3,20.0
R00799,R00876,15,7,0,7,7,46.7
R00799,R00946,15,13,0,2,2,13.3
R00799,R00959,15,5,1,0,1,6.7
R00799,R00962,15,6,0,2,2,13.3
R00799,R00986,15,4,0,2,2,13.3
R00799,R00998,15,7,0,3,3,20.0
R00799,R01253,15,7,0,2,2,13.3
R00799,R01774,15,13,1,0,1,6.7
R00799,R01978,15,16,0,2,2,12.5
R00800,R00801,11,12,0,11,11,91.7
R00800,R00870,11,13,0,11,11,84.6
R00800,R00876,11,7,0,2,2,18.2
R00800,R00946,11,13,0,3,3,23.1
R00800,R00962,11,6,0,4,4,36.4
R00800,R00986,11,4,0,4,4,36.4
R00800,R00998,11,7,0,2,2,18.2
R00800,R01048,11,20,1,0,1,5.0
R00800,R01147,11,2,1,0,2,18.2
R00800,R01253,11,7,0,3,3,27.3
R00800,R01519,11,2,1,0,1,9.1
R00800,R01913,11,21,3,0,3,14.3
R00800,R01978,11,16,0,3,3,18.8
R00801,R00870,12,13,1,11,12,92.3
R00801,R00876,12,7,0,2,2,16.7
R00801,R00946,12,13,0,3,3,23.1
R00801,R00959,12,5,1,0,1,8.3
R00801,R00962,12,6,0,4,4,33.3
R00801,R00986,12,4,0,4,4,33.3
R00801,R00998,12,7,0,2,2,16.7
R00801,R01253,12,7,0,3,3,25.0
R00801,R01774,12,13,1,0,1,7.7
R00801,R01978,12,16,0,3,3,18.8
R00802,R00803,17,7,2,0,2,11.8
R00802,R00804,17,21,0,4,9,42.9
R00802,R00807,17,14,0,1,6,35.3
R00802,R00861,17,12,0,1,6,35.3
R00802,R00864,17,15,0,10,10,58.8
R00802,R00865,17,11,0,4,4,23.5
R00802,R00929,17,13,3,0,3,17.6
R00802,R00957,17,12,0,10,10,58.8
R00802,R00961,17,6,3,0,3,17.6
R00802,R00987,17,13,0,13,13,76.5
R00802,R01024,17,13,0,4,5,29.4
R00802,R01032,17,14,0,4,4,23.5
R00802,R01051,17,13,0,9,9,52.9
R00802,R01064,17,11,0,9,9,52.9
R00802,R01820,17,8,3,0,3,17.6
R00802,R01913,17,21,0,4,4,19.0
R00803,R00929,7,13,2,0,2,15.4
R00803,R00961,7,6,2,0,2,28.6
R00803,R00997,7,6,0,6,6,85.7
R00803,R01820,7,8,2,0,2,25.0
R00804,R00807,21,14,0,1,7,33.3
R00804,R00861,21,12,0,1,6,28.6
R00804,R00864,21,15,0,4,9,42.9
R00804,R00865,21,11,0,11,11,52.4
R00804,R00957,21,12,0,4,9,42.9
R00804,R00987,21,13,0,4,9,42.9
R00804,R01024,21,13,0,13,13,61.9
R00804,R01032,21,14,0,11,11,52.4
R00804,R01051,21,13,0,4,10,47.6
R00804,R01064,21,11,0,4,11,52.4
R00804,R01760,21,15,1,0,1,4.8
R00804,R01913,21,21,0,11,11,52.4
R00804,R01978,21,16,1,0,8,38.1
R00804,R01981,21,17,1,0,10,47.6
R00805,R00866,18,26,2,0,14,53.8
R00805,R00878,18,15,0,2,2,11.1
R00805,R00903,18,9,0,2,2,11.1
R00805,R00914,18,16,0,2,2,11.1
R00805,R00926,18,11,2,0,3,16.7
R00805,R00928,18,11,2,0,2,11.1
R00805,R00969,18,34,0,2,2,5.9
R00805,R01219,18,2,1,0,1,5.6
R00805,R01224,18,12,2,0,9,50.0
R00805,R01226,18,13,2,0,9,50.0
R00805,R01444,18,16,0,1,1,5.6
R00805,R01629,18,16,0,2,13,72.2
R00805,R01752,18,9,4,0,4,22.2
R00805,R02089,18,13,0,2,2,11.1
R00806,R00838,11,16,0,4,7,43.8
R00806,R00841,11,17,0,6,10,58.8
R00806,R00845,11,25,0,4,7,28.0
R00806,R00863,11,34,0,4,7,20.6
R00806,R00879,11,16,0,7,11,68.8
R00806,R01055,11,24,0,4,7,29.2
R00806,R01074,11,16,0,7,11,68.8
R00806,R01077,11,43,0,4,7,16.3
R00806,R01102,11,27,0,4,7,25.9
R00806,R01267,11,14,0,4,7,50.0
R00806,R01279,11,7,1,4,7,63.6
R00806,R01281,11,42,0,4,7,16.7
R00806,R01307,11,38,0,4,7,18.4
R00806,R01515,11,23,0,4,7,30.4
R00806,R01522,11,27,0,4,7,25.9
R00806,R01691,11,36,0,4,7,19.4
R00806,R01697,11,34,0,4,7,20.6
R00806,R01706,11,21,0,4,7,33.3
R00806,R01859,11,6,0,1,1,9.1
R00806,R01905,11,44,0,4,7,15.9
R00806,R02086,11,36,0,4,7,19.4
R00807,R00861,14,12,0,6,8,57.1
R00807,R00864,14,15,0,1,6,40.0
R00807,R00865,14,11,0,1,3,21.4
R00807,R00957,14,12,0,1,6,42.9
R00807,R00987,14,13,0,1,6,42.9
R00807,R01024,14,13,0,1,5,35.7
R00807,R01032,14,14,0,1,6,42.9
R00807,R01051,14,13,0,1,10,71.4
R00807,R01064,14,11,0,1,7,50.0
R00807,R01913,14,21,0,1,6,28.6
R00808,R01067,18,12,0,12,12,66.7
R00808,R01319,18,23,0,2,2,8.7
R00808,R01446,18,12,0,2,2,11.1
R00808,R01662,18,18,0,2,2,11.1
R00809,R00825,7,18,0,1,1,5.6
R00809,R01197,7,5,0,1,1,14.3
R00809,R01292,7,7,0,1,1,14.3
R00809,R01433,7,12,0,1,1,8.3
R00809,R01434,7,12,0,1,1,8.3
R00809,R01435,7,8,0,1,1,12.5
R00809,R01436,7,13,0,1,1,7.7
R00809,R01772,7,10,0,1,1,10.0
R00809,R01914,7,9,0,1,1,11.1
R00809,R01940,7,16,0,1,1,6.2
R00809,R01968,7,15,0,1,1,6.7
R00810,R00830,20,31,1,0,1,3.2
R00810,R00886,20,14,1,0,2,10.0
R00810,R00889,20,13,1,0,2,10.0
R00810,R00900,20,14,1,0,2,10.0
R00810,R00966,20,39,3,0,3,7.7
R00810,R00992,20,34,0,4,20,58.8
R00810,R01366,20,13,1,0,1,5.0
R00810,R01403,20,21,1,0,1,4.8
R00810,R01447,20,21,0,6,15,71.4
R00810,R01450,20,34,0,4,18,52.9
R00810,R01451,20,7,1,0,1,5.0
R00810,R01654,20,23,0,6,19,82.6
R00810,R01724,20,29,0,4,16,55.2
R00810,R01848,20,24,1,0,1,4.2
R00811,R01032,12,14,1,0,1,7.1
R00811,R01050,12,5,1,0,1,8.3
R00811,R01051,12,13,1,0,1,7.7
R00811,R01476,12,19,0,2,4,21.1
R00812,R00869,34,5,1,0,1,2.9
R00812,R00877,34,16,2,0,9,26.5
R00812,R00930,34,11,0,11,11,32.4
R00812,R00932,34,10,0,1,1,2.9
R00812,R00933,34,11,0,1,1,2.9
R00812,R00967,34,19,0,15,18,52.9
R00812,R00970,34,37,0,1,1,2.7
R00812,R01079,34,21,2,0,8,23.5
R00812,R01241,34,48,0,1,1,2.1
R00812,R01479,34,16,1,0,1,2.9
R00812,R01511,34,7,0,1,1,2.9
R00812,R01707,34,5,0,1,1,2.9
R00812,R01708,34,5,0,1,1,2.9
R00812,R01898,34,25,0,1,1,2.9
R00812,R01930,34,23,2,2,20,58.8
R00812,R01980,34,8,0,1,1,2.9
R00812,R02090,34,6,0,1,1,2.9
R00813,R01182,5,5,2,2,4,80.0
R00814,R01018,16,27,0,16,16,59.3
R00814,R01621,16,27,1,0,1,3.7
R00815,R01053,11,17,1,0,1,5.9
R00815,R01091,11,18,1,0,1,5.6
R00815,R01161,11,15,1,0,1,6.7
R00815,R01170,11,10,0,1,2,18.2
R00815,R01196,11,5,1,0,2,18.2
R00815,R01216,11,2,2,0,2,18.2
R00815,R01360,11,4,1,0,1,9.1
R00815,R01804,11,9,4,0,5,45.5
R00815,R01892,11,15,1,0,1,6.7
R00815,R01952,11,16,1,0,1,6.2
R00816,R00820,14,14,3,0,3,21.4
R00816,R00841,14,17,1,0,1,5.9
R00816,R00843,14,15,0,3,12,80.0
R00816,R00886,14,14,0,2,2,14.3
R00816,R00889,14,13,0,2,2,14.3
R00816,R00899,14,12,0,2,11,78.6
R00816,R00900,14,14,0,2,2,14.3
R00816,R00911,14,8,0,2,2,14.3
R00816,R00954,14,22,0,2,2,9.1
R00816,R00973,14,10,0,2,2,14.3
R00816,R00999,14,20,0,1,1,5.0
R00816,R01047,14,26,0,1,1,3.8
R00816,R01153,14,9,0,2,8,57.1
R00816,R01198,14,19,0,1,1,5.3
R00816,R01220,14,15,0,1,1,6.7
R00816,R01223,14,11,0,1,1,7.1
R00816,R01231,14,11,0,1,1,7.1
R00816,R02076,14,11,0,1,1,7.1
R00816,R02077,14,5,0,1,1,7.1
R00817,R01098,25,20,0,3,3,12.0
R00817,R01242,25,28,2,0,25,89.3
R00817,R01543,25,11,0,3,3,12.0
R00817,R01977,25,3,0,1,1,4.0
R00817,R01994,25,4,0,1,1,4.0
R00818,R01042,8,19,0,3,3,15.8
R00818,R01163,8,3,0,3,3,37.5
R00818,R01385,8,7,0,1,2,25.0
R00818,R01391,8,12,0,1,2,16.7
R00818,R01399,8,10,1,0,1,10.0
R00818,R01415,8,9,0,1,2,22.2
R00818,R01683,8,13,0,1,2,15.4
R00819,R01311,23,17,1,4,17,73.9
R00819,R01517,23,14,0,14,14,60.9
R00819,R01596,23,16,0,6,9,39.1
R00819,R01606,23,16,0,6,7,30.4
R00819,R01686,23,40,0,8,17,42.5
R00819,R01687,23,25,0,3,9,36.0
R00819,R01688,23,12,0,4,12,52.2
R00819,R01764,23,12,0,3,5,21.7
R00820,R00841,14,17,1,0,1,5.9
R00820,R01078,14,7,0,1,2,14.3
R00820,R01115,14,2,0,1,1,7.1
R00820,R01425,14,27,0,1,1,3.7
R00820,R01426,14,25,0,1,1,4.0
R00820,R01427,14,24,0,1,1,4.2
R00820,R01428,14,23,0,1,1,4.3
R00820,R01597,14,8,0,1,1,7.1
R00820,R02088,14,11,0,1,1,7.1
R00821,R01610,2,1,0,1,1,50.0
R00823,R01610,2,1,1,0,1,50.0
R00824,R01746,9,9,0,8,8,88.9
R00824,R01999,9,13,0,8,8,61.5
R00825,R01197,18,5,0,1,2,11.1
R00825,R01284,18,18,1,0,1,5.6
R00825,R01292,18,7,0,1,1,5.6
R00825,R01432,18,27,2,0,12,44.4
R00825,R01433,18,12,0,1,1,5.6
R00825,R01434,18,12,0,1,1,5.6
R00825,R01435,18,8,0,1,1,5.6
R00825,R01436,18,13,0,1,1,5.6
R00825,R01772,18,10,0,1,4,22.2
R00825,R01883,18,3,1,0,1,5.6
R00825,R01914,18,9,0,1,4,22.2
R00825,R01940,18,16,0,1,4,22.2
R00825,R01968,18,15,0,1,1,5.6
R00826,R00828,15,3,3,0,3,20.0
R00826,R00880,15,22,0,1,1,4.5
R00826,R00923,15,8,0,1,1,6.7
R00826,R00924,15,8,0,1,1,6.7
R00826,R00925,15,6,0,1,1,6.7
R00826,R00985,15,30,0,1,1,3.3
R00826,R01034,15,17,0,1,1,5.9
R00826,R01106,15,21,0,1,1,4.8
R00826,R01123,15,16,0,1,1,6.2
R00826,R01124,15,8,0,2,8,53.3
R00826,R01206,15,19,0,1,1,5.3
R00826,R01462,15,16,0,1,1,6.2
R00826,R01465,15,9,0,1,1,6.7
R00826,R01467,15,21,0,1,1,4.8
R00826,R01537,15,30,0,15,15,50.0
R00826,R01786,15,3,0,1,1,6.7
R00826,R01826,15,13,0,13,13,86.7
R00826,R01851,15,12,1,0,1,6.7
R00826,R01972,15,7,0,1,1,6.7
R00827,R00848,15,6,0,1,2,13.3
R00827,R00940,15,8,0,1,1,6.7
R00827,R01172,15,7,0,1,1,6.7
R00827,R01195,15,6,0,1,1,6.7
R00827,R01274,15,20,0,2,12,60.0
R00827,R01301,15,7,0,1,1,6.7
R00827,R01494,15,22,0,1,1,4.5
R00827,R01530,15,2,0,1,1,6.7
R00827,R01551,15,16,0,2,9,56.2
R00827,R01612,15,14,0,1,1,6.7
R00827,R01617,15,7,0,1,1,6.7
R00827,R01717,15,14,0,2,9,60.0
R00827,R01721,15,6,0,1,1,6.7
R00827,R01815,15,3,0,1,1,6.7
R00827,R01888,15,6,0,1,1,6.7
R00827,R01895,15,9,0,1,1,6.7
R00827,R01951,15,4,0,1,1,6.7
R00827,R01964,15,12,0,1,1,6.7
R00827,R01991,15,4,0,1,1,6.7
R00827,R01998,15,8,0,1,1,6.7
R00827,R02012,15,7,0,1,1,6.7
R00827,R02027,15,9,0,1,1,6.7
R00827,R02029,15,10,0,1,1,6.7
R00827,R02085,15,2,0,1,1,6.7
R00827,R02095,15,7,0,1,1,6.7
R00828,R00885,3,5,0,3,3,60.0
R00828,R01037,3,34,0,1,1,2.9
R00828,R01851,3,12,1,0,1,8.3
R00828,R01927,3,14,0,3,3,21.4
R00829,R01181,20,3,0,1,1,5.0
R00829,R01276,20,4,0,4,4,20.0
R00829,R01280,20,15,0,1,1,5.0
R00830,R00886,31,14,1,0,1,3.2
R00830,R00889,31,13,1,0,1,3.2
R00830,R00900,31,14,1,0,1,3.2
R00830,R00939,31,9,0,3,4,12.9
R00830,R00944,31,17,0,2,5,16.1
R00830,R00966,31,39,1,0,1,2.6
R00830,R01054,31,18,0,2,3,9.7
R00830,R01247,31,19,0,3,4,12.9
R00830,R01251,31,11,0,5,5,16.1
R00830,R01256,31,19,0,3,4,12.9
R00830,R01259,31,23,0,3,4,12.9
R00830,R01353,31,11,0,6,9,29.0
R00830,R01366,31,13,1,0,1,3.2
R00830,R01403,31,21,1,0,1,3.2
R00830,R01451,31,7,1,0,1,3.2
R00830,R01452,31,21,0,2,15,48.4
R00830,R01457,31,3,0,1,1,3.2
R00830,R01562,31,22,0,6,12,38.7
R00830,R01563,31,18,0,7,11,35.5
R00830,R01564,31,18,0,8,12,38.7
R00830,R01566,31,20,0,6,12,38.7
R00830,R01727,31,25,0,2,19,61.3
R00830,R01848,31,24,4,2,23,74.2
R00830,R01892,31,15,0,2,2,6.5
R00830,R01952,31,16,0,2,2,6.5
R00830,R02032,31,10,0,2,2,6.5
R00830,R02039,31,16,0,2,2,6.5
R00830,R02052,31,12,0,6,9,29.0
R00830,R02053,31,11,0,6,9,29.0
R00831,R00849,9,6,0,3,3,33.3
R00831,R01754,9,3,0,3,3,33.3
R00832,R01203,25,29,2,0,2,6.9
R00832,R01286,25,31,2,0,2,6.5
R00832,R01550,25,9,2,0,2,8.0
R00832,R01653,25,16,4,0,8,32.0
R00832,R01735,25,11,2,0,2,8.0
R00832,R01923,25,5,0,2,2,8.0
R00834,R01065,5,4,0,1,1,20.0
R00834,R01160,5,17,1,0,1,5.9
R00834,R02069,5,4,0,1,1,20.0
R00835,R01926,2,2,1,0,1,50.0
R00836,R01282,19,5,1,0,1,5.3
R00836,R01484,19,9,1,0,1,5.3
R00836,R01580,19,10,1,0,1,5.3
R00836,R01966,19,13,1,0,1,5.3
R00838,R00841,16,17,0,4,13,76.5
R00838,R00845,16,25,0,12,13,52.0
R00838,R00863,16,34,0,12,14,41.2
R00838,R00879,16,16,0,4,9,56.2
R00838,R00899,16,12,1,0,1,6.2
R00838,R01055,16,24,0,10,13,54.2
R00838,R01074,16,16,0,4,10,62.5
R00838,R01077,16,43,0,12,13,30.2
R00838,R01102,16,27,0,8,16,59.3
R00838,R01153,16,9,1,0,1,6.2
R00838,R01267,16,14,0,10,14,87.5
R00838,R01279,16,7,0,7,7,43.8
R00838,R01281,16,42,0,10,12,28.6
R00838,R01307,16,38,0,12,13,34.2
R00838,R01515,16,23,0,10,13,56.5
R00838,R01522,16,27,0,10,15,55.6
R00838,R01691,16,36,0,10,13,36.1
R00838,R01697,16,34,0,12,13,38.2
R00838,R01706,16,21,0,10,12,57.1
R00838,R01859,16,6,0,1,1,6.2
R00838,R01905,16,44,0,12,13,29.5
R00838,R02086,16,36,0,12,13,36.1
R00839,R00949,9,13,0,4,4,30.8
R00839,R01073,9,12,0,1,1,8.3
R00839,R01076,9,30,0,1,1,3.3
R00839,R01396,9,12,0,5,6,50.0
R00839,R01455,9,10,0,1,1,10.0
R00839,R01456,9,6,0,1,1,11.1
R00839,R01480,9,16,0,2,5,31.2
R00839,R01504,9,3,0,1,1,11.1
R00839,R01527,9,7,0,7,7,77.8
R00839,R01574,9,7,0,1,1,11.1
R00839,R01693,9,12,0,2,5,41.7
R00839,R01761,9,11,0,1,1,9.1
R00839,R01803,9,13,0,2,4,30.8
R00840,R01999,26,13,1,0,2,7.7
R00841,R00845,17,25,0,4,12,48.0
R00841,R00863,17,34,0,4,12,35.3
R00841,R00879,17,16,0,6,13,76.5
R00841,R01055,17,24,0,4,11,45.8
R00841,R01074,17,16,0,6,14,82.4
R00841,R01077,17,43,0,4,12,27.9
R00841,R01102,17,27,0,4,14,51.9
R00841,R01267,17,14,0,4,12,70.6
R00841,R01279,17,7,0,4,7,41.2
R00841,R01281,17,42,0,4,11,26.2
R00841,R01307,17,38,0,4,12,31.6
R00841,R01515,17,23,0,4,11,47.8
R00841,R01522,17,27,0,4,12,44.4
R00841,R01691,17,36,0,4,11,30.6
R00841,R01697,17,34,0,4,12,35.3
R00841,R01706,17,21,0,4,11,52.4
R00841,R01859,17,6,0,1,1,5.9
R00841,R01905,17,44,0,4,12,27.3
R00841,R02086,17,36,0,4,12,33.3
R00842,R00846,22,22,1,0,1,4.5
R00842,R00897,22,16,0,5,6,27.3
R00842,R01087,22,12,3,2,12,54.5
R00842,R01292,22,7,1,0,1,4.5
R00842,R01362,22,13,1,0,1,4.5
R00842,R01388,22,26,0,19,19,73.1
R00842,R01411,22,10,1,0,3,13.6
R00842,R01438,22,4,1,0,1,4.5
R00842,R01447,22,21,1,0,1,4.5
R00842,R01450,22,34,1,0,1,2.9
R00842,R01452,22,21,1,0,3,13.6
R00842,R01525,22,3,1,0,1,4.5
R00842,R01621,22,27,0,7,7,25.9
R00842,R01622,22,29,0,3,4,13.8
R00842,R01726,22,20,1,0,1,4.5
R00842,R01753,22,5,1,0,1,4.5
R00842,R01902,22,26,0,7,7,26.9
R00842,R02012,22,7,1,0,1,4.5
R00842,R02099,22,6,0,4,6,27.3
R00843,R00886,15,14,0,2,2,13.3
R00843,R00889,15,13,0,2,2,13.3
R00843,R00899,15,12,0,2,9,60.0
R00843,R00900,15,14,0,2,2,13.3
R00843,R00911,15,8,0,2,2,13.3
R00843,R00954,15,22,0,2,2,9.1
R00843,R00973,15,10,0,2,2,13.3
R00843,R00999,15,20,0,1,1,5.0
R00843,R01047,15,26,0,1,1,3.8
R00843,R01074,15,16,1,0,1,6.2
R00843,R01153,15,9,0,2,6,40.0
R00843,R01198,15,19,0,1,1,5.3
R00843,R01220,15,15,0,1,1,6.7
R00843,R01223,15,11,0,1,1,6.7
R00843,R01231,15,11,0,1,1,6.7
R00843,R01276,15,4,4,0,4,26.7
R00843,R02076,15,11,0,1,1,6.7
R00843,R02077,15,5,0,1,1,6.7
R00844,R00853,2,5,0,2,2,40.0
R00845,R00863,25,34,0,14,14,41.2
R00845,R00879,25,16,0,4,9,36.0
R00845,R00916,25,38,1,0,1,2.6
R00845,R00939,25,9,1,0,1,4.0
R00845,R01055,25,24,0,10,13,52.0
R00845,R01074,25,16,0,4,10,40.0
R00845,R01077,25,43,0,25,25,58.1
R00845,R01102,25,27,0,8,13,48.1
R00845,R01123,25,16,1,0,1,4.0
R00845,R01207,25,28,1,0,1,3.6
R00845,R01251,25,11,1,0,1,4.0
R00845,R01267,25,14,0,10,12,48.0
R00845,R01279,25,7,0,7,7,28.0
R00845,R01281,25,42,0,10,19,45.2
R00845,R01307,25,38,0,25,25,65.8
R00845,R01457,25,3,1,0,1,4.0
R00845,R01515,25,23,0,10,13,52.0
R00845,R01522,25,27,0,10,12,44.4
R00845,R01526,25,17,1,0,1,4.0
R00845,R01531,25,3,1,0,1,4.0
R00845,R01691,25,36,0,10,15,41.7
R00845,R01697,25,34,0,25,25,73.5
R00845,R01706,25,21,0,10,19,76.0
R00845,R01859,25,6,0,1,1,4.0
R00845,R01874,25,7,1,0,1,4.0
R00845,R01905,25,44,0,25,25,56.8
R00845,R02086,25,36,0,25,25,69.4
R00846,R01087,22,12,1,0,1,4.5
R00846,R01292,22,7,1,0,6,27.3
R00846,R01340,22,4,0,1,1,4.5
R00846,R01362,22,13,1,0,1,4.5
R00846,R01411,22,10,1,0,1,4.5
R00846,R01438,22,4,2,0,2,9.1
R00846,R01447,22,21,2,0,2,9.1
R00846,R01450,22,34,4,0,4,11.8
R00846,R01452,22,21,1,0,1,4.5
R00846,R01472,22,7,0,7,7,31.8
R00846,R01483,22,10,0,1,1,4.5
R00846,R01487,22,7,0,1,1,4.5
R00846,R01525,22,3,1,0,1,4.5
R00846,R01726,22,20,1,0,1,4.5
R00846,R01753,22,5,1,0,1,4.5
R00846,R01812,22,6,0,1,1,4.5
R00846,R01900,22,8,0,1,1,4.5
R00846,R01901,22,6,0,1,1,4.5
R00846,R02012,22,7,1,0,1,4.5
R00847,R01534,12,16,0,5,11,68.8
R00847,R01549,12,1,0,1,1,8.3
R00847,R01631,12,4,1,0,1,8.3
R00847,R02003,12,6,1,0,1,8.3
R00847,R02018,12,3,1,0,1,8.3
R00848,R00940,6,8,0,1,1,12.5
R00848,R01098,6,20,3,0,3,15.0
R00848,R01172,6,7,0,1,1,14.3
R00848,R01195,6,6,0,1,1,16.7
R00848,R01274,6,20,0,1,2,10.0
R00848,R01300,6,3,3,0,3,50.0
R00848,R01301,6,7,0,1,1,14.3
R00848,R01494,6,22,0,1,1,4.5
R00848,R01530,6,2,0,1,1,16.7
R00848,R01551,6,16,0,1,2,12.5
R00848,R01612,6,14,0,1,1,7.1
R00848,R01617,6,7,0,1,1,14.3
R00848,R01717,6,14,0,1,2,14.3
R00848,R01721,6,6,0,1,1,16.7
R00848,R01815,6,3,0,1,1,16.7
R00848,R01888,6,6,0,1,1,16.7
R00848,R01895,6,9,0,1,1,11.1
R00848,R01951,6,4,0,1,1,16.7
R00848,R01964,6,12,0,1,1,8.3
R00848,R01991,6,4,0,1,1,16.7
R00848,R01998,6,8,0,1,1,12.5
R00848,R02012,6,7,0,1,1,14.3
R00848,R02027,6,9,0,1,1,11.1
R00848,R02029,6,10,0,1,1,10.0
R00848,R02085,6,2,0,1,1,16.7
R00848,R02095,6,7,0,1,1,14.3
R00849,R00942,6,7,1,0,1,14.3
R00849,R01125,6,19,1,0,2,10.5
R00849,R01165,6,9,1,0,1,11.1
R00849,R01170,6,10,1,0,1,10.0
R00849,R01475,6,11,4,0,4,36.4
R00849,R01532,6,4,1,0,1,16.7
R00849,R01536,6,2,1,0,1,16.7
R00849,R01545,6,18,1,0,2,11.1
R00849,R01555,6,10,2,0,3,30.0
R00849,R01605,6,8,1,0,1,12.5
R00849,R01608,6,12,1,0,1,8.3
R00849,R01623,6,9,1,0,1,11.1
R00849,R01754,6,3,0,3,3,50.0
R00849,R01816,6,3,1,0,1,16.7
R00849,R01961,6,4,1,0,1,16.7
R00849,R01963,6,3,1,0,1,16.7
R00849,R02030,6,7,1,0,1,14.3
R00849,R02083,6,2,1,0,1,16.7
R00850,R01934,27,8,1,0,1,3.7
R00851,R00875,6,36,1,0,1,2.8
R00851,R01224,6,12,0,1,1,8.3
R00851,R01226,6,13,0,1,1,7.7
R00851,R01416,6,25,1,0,1,4.0
R00851,R01445,6,19,1,0,1,5.3
R00851,R01657,6,12,1,0,1,8.3
R00851,R01658,6,9,1,0,1,11.1
R00851,R01669,6,11,2,0,2,18.2
R00851,R01719,6,20,1,0,1,5.0
R00851,R01760,6,15,0,1,1,6.7
R00851,R01763,6,4,1,0,1,16.7
R00851,R01829,6,7,1,0,1,14.3
R00851,R01962,6,6,1,0,1,16.7
R00851,R02067,6,6,1,0,1,16.7
R00851,R02068,6,5,1,0,1,16.7
R00852,R01914,5,9,1,0,1,11.1
R00854,R01097,29,31,2,0,2,6.5
R00854,R01100,29,17,4,0,4,13.8
R00854,R01466,29,9,0,1,3,10.3
R00854,R01503,29,29,1,1,4,13.8
R00854,R01556,29,17,1,0,3,10.3
R00854,R01627,29,38,1,0,15,39.5
R00854,R01655,29,21,1,1,11,37.9
R00854,R01702,29,18,1,1,4,13.8
R00854,R01768,29,15,3,0,4,13.8
R00855,R01287,10,18,3,0,3,16.7
R00855,R01290,10,21,2,0,3,14.3
R00855,R01291,10,19,3,0,3,15.8
R00856,R00857,16,16,0,2,5,31.2
R00856,R00862,16,20,0,11,11,55.0
R00856,R01099,16,18,0,11,11,61.1
R00856,R01333,16,27,0,16,16,59.3
R00856,R01561,16,16,1,0,1,6.2
R00856,R01575,16,11,0,1,7,43.8
R00856,R01592,16,17,0,1,3,17.6
R00856,R01607,16,7,1,0,1,6.2
R00856,R01615,16,26,0,2,12,46.2
R00856,R02065,16,5,0,2,2,12.5
R00857,R00862,16,20,0,2,6,30.0
R00857,R01099,16,18,0,2,6,33.3
R00857,R01328,16,3,2,0,2,12.5
R00857,R01333,16,27,1,2,6,22.2
R00857,R01575,16,11,0,1,6,37.5
R00857,R01592,16,17,0,1,1,5.9
R00857,R01615,16,26,0,8,8,30.8
R00857,R01645,16,21,1,0,8,38.1
R00857,R02005,16,18,3,0,3,16.7
R00857,R02065,16,5,0,5,5,31.2
R00858,R01021,22,23,0,1,15,65.2
R00858,R01136,22,21,0,1,10,45.5
R00858,R01137,22,22,1,1,11,50.0
R00858,R01176,22,19,1,0,1,4.5
R00858,R01324,22,5,1,0,1,4.5
R00858,R01369,22,5,1,0,1,4.5
R00858,R01579,22,13,0,1,8,36.4
R00858,R01808,22,26,0,22,22,84.6
R00859,R01095,12,15,4,0,10,66.7
R00860,R01011,17,22,0,1,5,22.7
R00860,R01168,17,29,0,1,5,17.2
R00860,R01907,17,8,0,1,6,35.3
R00860,R01910,17,13,0,1,7,41.2
R00860,R02103,17,12,0,1,5,29.4
R00861,R00864,12,15,0,1,6,40.0
R00861,R00865,12,11,0,1,3,25.0
R00861,R00957,12,12,0,1,6,50.0
R00861,R00987,12,13,0,1,6,46.2
R00861,R01005,12,7,1,0,1,8.3
R00861,R01024,12,13,0,1,4,30.8
R00861,R01032,12,14,0,1,5,35.7
R00861,R01051,12,13,0,1,8,61.5
R00861,R01064,12,11,0,1,6,50.0
R00861,R01913,12,21,0,1,7,33.3
R00862,R01099,20,18,0,17,17,85.0
R00862,R01333,20,27,0,11,11,40.7
R00862,R01575,20,11,0,1,7,35.0
R00862,R01587,20,29,1,0,4,13.8
R00862,R01592,20,17,0,1,3,15.0
R00862,R01601,20,5,1,0,1,5.0
R00862,R01615,20,26,0,2,7,26.9
R00862,R01639,20,26,3,0,5,19.2
R00862,R02065,20,5,0,2,2,10.0
R00862,R02094,20,20,1,0,4,20.0
R00863,R00879,34,16,0,4,9,26.5
R00863,R01055,34,24,1,10,24,70.6
R00863,R01074,34,16,0,4,10,29.4
R00863,R01077,34,43,0,14,14,32.6
R00863,R01102,34,27,0,8,24,70.6
R00863,R01267,34,14,0,10,12,35.3
R00863,R01275,34,16,1,0,6,17.6
R00863,R01279,34,7,0,7,7,20.6
R00863,R01281,34,42,0,10,13,31.0
R00863,R01307,34,38,0,14,14,36.8
R00863,R01515,34,23,1,10,23,67.6
R00863,R01522,34,27,0,10,22,64.7
R00863,R01599,34,23,1,0,1,2.9
R00863,R01691,34,36,0,10,24,66.7
R00863,R01697,34,34,0,14,14,41.2
R00863,R01706,34,21,0,10,13,38.2
R00863,R01859,34,6,0,1,1,2.9
R00863,R01905,34,44,0,14,14,31.8
R00863,R02074,34,5,1,0,1,2.9
R00863,R02086,34,36,0,14,14,38.9
R00864,R00865,15,11,0,4,4,26.7
R00864,R00946,15,13,3,0,5,33.3
R00864,R00957,15,12,1,11,12,80.0
R00864,R00987,15,13,0,10,10,66.7
R00864,R01024,15,13,0,4,5,33.3
R00864,R01032,15,14,0,4,4,26.7
R00864,R01051,15,13,0,9,9,60.0
R00864,R01064,15,11,0,9,9,60.0
R00864,R01913,15,21,0,4,4,19.0
R00865,R00957,11,12,0,4,4,33.3
R00865,R00987,11,13,0,4,4,30.8
R00865,R01024,11,13,0,11,11,84.6
R00865,R01032,11,14,0,11,11,78.6
R00865,R01051,11,13,0,4,4,30.8
R00865,R01064,11,11,1,4,5,45.5
R00865,R01913,11,21,0,11,11,52.4
R00866,R00877,26,16,0,7,7,26.9
R00866,R00926,26,11,2,0,6,23.1
R00866,R00928,26,11,2,0,2,7.7
R00866,R01039,26,29,0,4,4,13.8
R00866,R01043,26,7,0,3,3,11.5
R00866,R01046,26,10,0,10,10,38.5
R00866,R01048,26,20,0,11,20,76.9
R00866,R01219,26,2,1,0,1,3.8
R00866,R01224,26,12,2,0,11,42.3
R00866,R01226,26,13,2,0,12,46.2
R00866,R01367,26,40,0,4,4,10.0
R00866,R01505,26,8,0,4,4,15.4
R00866,R01751,26,3,0,3,3,11.5
R00866,R01752,26,9,2,0,4,15.4
R00866,R01774,26,13,0,4,4,15.4
R00866,R01791,26,24,0,4,10,38.5
R00867,R00926,14,11,0,1,1,7.1
R00867,R00928,14,11,0,5,5,35.7
R00867,R00929,14,13,0,5,6,42.9
R00867,R00943,14,12,1,0,1,7.1
R00867,R00958,14,5,0,1,1,7.1
R00867,R00997,14,6,2,0,2,14.3
R00867,R01516,14,3,0,1,1,7.1
R00867,R01629,14,16,1,0,1,6.2
R00867,R01791,14,24,1,0,2,8.3
R00868,R01103,1,18,1,0,1,5.6
R00868,R01463,1,4,1,0,1,25.0
R00868,R01509,1,5,1,0,1,20.0
R00868,R01747,1,7,1,0,1,14.3
R00868,R02100,1,4,0,1,1,25.0
R00868,R02101,1,4,1,0,1,25.0
R00869,R00877,5,16,1,0,1,6.2
R00869,R00964,5,57,0,5,5,8.8
R00869,R00966,5,39,0,5,5,12.8
R00869,R01069,5,4,0,1,1,20.0
R00869,R01079,5,21,1,0,1,4.8
R00869,R01479,5,16,2,0,2,12.5
R00869,R01930,5,23,1,0,1,4.3
R00870,R00876,13,7,0,2,2,15.4
R00870,R00946,13,13,0,3,3,23.1
R00870,R00959,13,5,1,0,1,7.7
R00870,R00962,13,6,0,4,4,30.8
R00870,R00986,13,4,0,4,4,30.8
R00870,R00998,13,7,0,2,2,15.4
R00870,R01253,13,7,0,3,3,23.1
R00870,R01774,13,13,1,0,1,7.7
R00870,R01978,13,16,0,3,3,18.8
R00871,R00938,6,5,1,0,1,16.7
R00871,R01128,6,10,3,1,6,60.0
R00871,R01129,6,18,2,0,2,11.1
R00871,R01143,6,4,3,0,3,50.0
R00871,R01145,6,9,0,1,3,33.3
R00871,R01149,6,7,1,0,1,14.3
R00871,R01150,6,13,0,1,1,7.7
R00871,R01174,6,11,0,1,1,9.1
R00871,R01175,6,7,0,1,1,14.3
R00871,R01194,6,9,0,1,3,33.3
R00871,R01205,6,14,0,1,1,7.1
R00871,R01209,6,10,0,1,1,10.0
R00871,R01211,6,8,0,1,1,12.5
R00871,R01213,6,19,0,1,1,5.3
R00871,R01215,6,15,0,1,1,6.7
R00871,R01244,6,22,2,0,2,9.1
R00871,R01254,6,14,0,1,1,7.1
R00871,R01258,6,13,2,0,2,15.4
R00871,R01270,6,17,3,1,4,23.5
R00871,R01306,6,7,0,1,1,14.3
R00871,R01368,6,11,0,1,1,9.1
R00871,R01454,6,20,0,3,3,15.0
R00871,R01599,6,23,0,1,1,4.3
R00871,R01633,6,2,0,1,1,16.7
R00871,R01640,6,5,0,1,1,16.7
R00871,R01673,6,12,2,0,2,16.7
R00871,R01795,6,2,1,0,1,16.7
R00871,R01845,6,7,3,3,6,85.7
R00871,R02062,6,34,2,0,2,5.9
R00871,R02097,6,27,2,0,2,7.4
R00872,R00874,16,16,0,12,12,75.0
R00872,R00881,16,27,0,4,13,48.1
R00872,R00882,16,24,0,4,13,54.2
R00872,R00888,16,21,0,4,12,57.1
R00872,R00890,16,16,0,7,14,87.5
R00872,R00895,16,2,2,0,2,12.5
R00872,R00898,16,22,0,4,7,31.8
R00872,R01000,16,17,0,7,14,82.4
R00872,R01210,16,24,0,2,2,8.3
R00872,R01269,16,11,0,7,7,43.8
R00872,R01382,16,13,0,2,2,12.5
R00872,R01405,16,19,0,2,2,10.5
R00872,R01540,16,12,0,2,2,12.5
R00872,R01557,16,11,0,2,2,12.5
R00872,R01685,16,16,0,2,2,12.5
R00872,R01823,16,21,0,15,15,71.4
R00872,R01868,16,12,0,12,12,75.0
R00872,R01871,16,10,0,7,10,62.5
R00872,R01881,16,12,0,7,12,75.0
R00872,R01882,16,11,0,10,11,68.8
R00872,R01887,16,25,0,2,2,8.0
R00872,R01891,16,16,0,5,7,43.8
R00872,R01904,16,21,0,15,15,71.4
R00872,R01906,16,19,0,7,13,68.4
R00872,R01917,16,17,0,2,2,11.8
R00873,R00875,13,36,0,8,12,33.3
R00873,R00977,13,34,1,0,1,2.9
R00873,R00992,13,34,1,0,1,2.9
R00873,R01061,13,32,0,1,6,18.8
R00873,R01197,13,5,1,0,1,7.7
R00873,R01305,13,29,0,1,1,3.4
R00873,R01456,13,6,1,0,4,30.8
R00873,R01468,13,2,1,0,1,7.7
R00873,R01504,13,3,1,0,3,23.1
R00873,R01573,13,6,0,1,1,7.7
R00873,R01654,13,23,1,0,1,4.3
R00873,R01724,13,29,1,0,1,3.4
R00873,R01801,13,17,0,1,1,5.9
R00873,R01893,13,9,1,0,2,15.4
R00874,R00881,16,27,0,4,10,37.0
R00874,R00882,16,24,0,4,10,41.7
R00874,R00888,16,21,0,4,10,47.6
R00874,R00890,16,16,0,7,11,68.8
R00874,R00898,16,22,0,4,7,31.8
R00874,R01000,16,17,0,7,11,64.7
R00874,R01210,16,24,0,2,2,8.3
R00874,R01269,16,11,0,7,7,43.8
R00874,R01382,16,13,0,2,2,12.5
R00874,R01405,16,19,0,2,2,10.5
R00874,R01540,16,12,0,2,2,12.5
R00874,R01557,16,11,0,2,2,12.5
R00874,R01685,16,16,0,2,2,12.5
R00874,R01823,16,21,0,12,12,57.1
R00874,R01868,16,12,0,12,12,75.0
R00874,R01871,16,10,0,7,10,62.5
R00874,R01881,16,12,0,7,10,62.5
R00874,R01882,16,11,0,10,11,68.8
R00874,R01887,16,25,0,2,2,8.0
R00874,R01891,16,16,0,5,7,43.8
R00874,R01904,16,21,0,12,12,57.1
R00874,R01906,16,19,0,7,10,52.6
R00874,R01917,16,17,0,2,2,11.8
R00875,R01061,36,32,0,1,6,16.7
R00875,R01305,36,29,0,1,1,2.8
R00875,R01416,36,25,1,0,1,2.8
R00875,R01445,36,19,1,0,1,2.8
R00875,R01573,36,6,0,1,1,2.8
R00875,R01657,36,12,1,0,1,2.8
R00875,R01658,36,9,1,0,1,2.8
R00875,R01669,36,11,1,0,1,2.8
R00875,R01719,36,20,1,0,1,2.8
R00875,R01763,36,4,1,0,1,2.8
R00875,R01801,36,17,0,1,1,2.8
R00875,R01829,36,7,1,0,1,2.8
R00875,R01962,36,6,1,0,3,8.3
R00875,R02067,36,6,1,0,1,2.8
R00875,R02068,36,5,1,0,1,2.8
R00876,R00946,7,13,0,2,2,15.4
R00876,R00962,7,6,0,2,2,28.6
R00876,R00986,7,4,0,2,2,28.6
R00876,R00998,7,7,0,3,3,42.9
R00876,R01253,7,7,0,2,2,28.6
R00876,R01385,7,7,1,0,1,14.3
R00876,R01415,7,9,1,0,1,11.1
R00876,R01512,7,9,1,0,1,11.1
R00876,R01978,7,16,0,2,2,12.5
R00877,R01039,16,29,0,4,4,13.8
R00877,R01043,16,7,0,3,3,18.8
R00877,R01046,16,10,0,7,7,43.8
R00877,R01048,16,20,0,7,7,35.0
R00877,R01079,16,21,2,0,7,33.3
R00877,R01367,16,40,0,4,4,10.0
R00877,R01479,16,16,1,0,1,6.2
R00877,R01505,16,8,0,4,4,25.0
R00877,R01751,16,3,0,3,3,18.8
R00877,R01774,16,13,0,4,4,25.0
R00877,R01791,16,24,0,4,4,16.7
R00877,R01930,16,23,2,0,4,17.4
R00878,R00903,15,9,0,2,9,60.0
R00878,R00914,15,16,0,2,10,62.5
R00878,R00969,15,34,0,2,9,26.5
R00878,R01070,15,19,3,0,3,15.8
R00878,R01444,15,16,0,1,1,6.2
R00878,R01629,15,16,0,2,2,12.5
R00878,R02089,15,13,0,2,9,60.0
R00879,R01055,16,24,0,4,9,37.5
R00879,R01074,16,16,0,12,15,93.8
R00879,R01077,16,43,0,4,9,20.9
R00879,R01102,16,27,0,4,10,37.0
R00879,R01267,16,14,0,4,9,56.2
R00879,R01279,16,7,0,4,7,43.8
R00879,R01281,16,42,0,4,9,21.4
R00879,R01307,16,38,0,4,9,23.7
R00879,R01515,16,23,0,4,9,39.1
R00879,R01522,16,27,0,4,9,33.3
R00879,R01691,16,36,0,4,9,25.0
R00879,R01697,16,34,0,4,9,26.5
R00879,R01706,16,21,0,4,9,42.9
R00879,R01859,16,6,0,1,1,6.2
R00879,R01905,16,44,0,4,9,20.5
R00879,R02086,16,36,0,4,9,25.0
R00880,R00902,22,22,2,0,3,13.6
R00880,R00909,22,8,1,0,1,4.5
R00880,R00923,22,8,0,8,8,36.4
R00880,R00924,22,8,0,3,3,13.6
R00880,R00925,22,6,0,1,1,4.5
R00880,R00975,22,28,1,0,4,14.3
R00880,R00985,22,30,0,3,3,10.0
R00880,R00989,22,16,1,0,1,4.5
R00880,R01034,22,17,0,3,3,13.6
R00880,R01054,22,18,2,0,3,13.6
R00880,R01102,22,27,1,0,1,3.7
R00880,R01106,22,21,2,19,21,95.5
R00880,R01123,22,16,0,2,2,9.1
R00880,R01124,22,8,0,1,1,4.5
R00880,R01148,22,9,1,0,1,4.5
R00880,R01206,22,19,0,1,1,4.5
R00880,R01225,22,15,1,0,1,4.5
R00880,R01247,22,19,2,0,3,13.6
R00880,R01256,22,19,1,0,1,4.5
R00880,R01259,22,23,4,0,4,17.4
R00880,R01280,22,15,1,0,1,4.5
R00880,R01442,22,8,1,0,1,4.5
R00880,R01462,22,16,0,3,3,13.6
R00880,R01465,22,9,0,3,3,13.6
R00880,R01467,22,21,0,3,3,13.6
R00880,R01497,22,18,1,0,1,4.5
R00880,R01498,22,20,2,0,2,9.1
R00880,R01537,22,30,0,1,1,3.3
R00880,R01710,22,27,4,0,4,14.8
R00880,R01728,22,8,1,0,8,36.4
R00880,R01786,22,3,0,1,1,4.5
R00880,R01826,22,13,0,1,1,4.5
R00880,R01834,22,15,1,0,1,4.5
R00880,R01886,22,11,1,0,1,4.5
R00880,R01972,22,7,0,3,3,13.6
R00880,R02079,22,5,1,0,1,4.5
R00881,R00882,27,24,2,22,24,88.9
R00881,R00888,27,21,0,17,19,70.4
R00881,R00890,27,16,0,4,13,48.1
R00881,R00898,27,22,0,8,13,48.1
R00881,R01000,27,17,0,4,13,48.1
R00881,R01210,27,24,0,2,2,7.4
R00881,R01269,27,11,0,4,7,25.9
R00881,R01382,27,13,0,2,2,7.4
R00881,R01405,27,19,0,2,2,7.4
R00881,R01540,27,12,0,2,2,7.4
R00881,R01557,27,11,0,2,2,7.4
R00881,R01685,27,16,0,2,2,7.4
R00881,R01823,27,21,0,4,13,48.1
R00881,R01868,27,12,0,4,10,37.0
R00881,R01871,27,10,0,4,10,37.0
R00881,R01881,27,12,0,4,12,44.4
R00881,R01882,27,11,0,4,10,37.0
R00881,R01887,27,25,0,2,2,7.4
R00881,R01891,27,16,0,4,8,29.6
R00881,R01904,27,21,2,4,19,70.4
R00881,R01906,27,19,0,4,16,59.3
R00881,R01917,27,17,0,2,2,7.4
R00881,R01986,27,5,2,0,2,7.4
R00882,R00888,24,21,0,17,19,79.2
R00882,R00890,24,16,0,4,13,54.2
R00882,R00898,24,22,0,8,13,54.2
R00882,R01000,24,17,0,4,13,54.2
R00882,R01210,24,24,0,2,2,8.3
R00882,R01269,24,11,0,4,7,29.2
R00882,R01382,24,13,0,2,2,8.3
R00882,R01405,24,19,0,2,2,8.3
R00882,R01540,24,12,0,2,2,8.3
R00882,R01557,24,11,0,2,2,8.3
R00882,R01685,24,16,0,2,2,8.3
R00882,R01823,24,21,0,4,13,54.2
R00882,R01868,24,12,0,4,10,41.7
R00882,R01871,24,10,0,4,10,41.7
R00882,R01881,24,12,0,4,12,50.0
R00882,R01882,24,11,0,4,10,41.7
R00882,R01887,24,25,0,2,2,8.0
R00882,R01891,24,16,0,4,8,33.3
R00882,R01904,24,21,2,4,17,70.8
R00882,R01906,24,19,0,4,16,66.7
R00882,R01917,24,17,0,2,2,8.3
R00882,R01986,24,5,2,0,2,8.3
R00883,R01899,23,13,0,2,13,56.5
R00884,R00892,11,16,0,2,4,25.0
R00884,R00894,11,8,0,4,5,45.5
R00884,R00904,11,4,2,0,2,18.2
R00884,R01471,11,7,1,0,1,9.1
R00884,R02082,11,7,1,0,2,18.2
R00885,R00920,5,7,1,0,1,14.3
R00885,R00921,5,11,1,0,1,9.1
R00885,R00922,5,6,1,0,1,16.7
R00885,R01037,5,34,0,1,1,2.9
R00885,R01838,5,3,1,0,1,20.0
R00885,R01927,5,14,0,3,3,21.4
R00886,R00889,14,13,4,9,13,92.9
R00886,R00899,14,12,0,2,2,14.3
R00886,R00900,14,14,2,5,13,92.9
R00886,R00911,14,8,0,2,2,14.3
R00886,R00954,14,22,0,4,4,18.2
R00886,R00966,14,39,1,0,12,30.8
R00886,R00973,14,10,0,4,4,28.6
R00886,R00999,14,20,0,1,1,5.0
R00886,R01047,14,26,0,1,1,3.8
R00886,R01153,14,9,0,2,2,14.3
R00886,R01198,14,19,0,1,1,5.3
R00886,R01220,14,15,0,1,1,6.7
R00886,R01223,14,11,0,1,1,7.1
R00886,R01231,14,11,0,1,1,7.1
R00886,R01366,14,13,1,0,1,7.1
R00886,R01403,14,21,1,0,1,4.8
R00886,R01451,14,7,1,0,1,7.1
R00886,R01848,14,24,1,0,1,4.2
R00886,R02076,14,11,0,1,1,7.1
R00886,R02077,14,5,0,1,1,7.1
R00887,R00917,3,29,1,0,1,3.4
R00887,R01124,3,8,1,0,1,12.5
R00887,R01266,3,18,3,0,3,16.7
R00887,R01670,3,9,0,3,3,33.3
R00887,R01740,3,21,1,0,1,4.8
R00887,R01826,3,13,1,0,1,7.7
R00887,R01852,3,34,3,0,3,8.8
R00887,R01877,3,22,1,0,1,4.5
R00888,R00890,21,16,4,4,14,66.7
R00888,R00898,21,22,0,8,13,59.1
R00888,R01000,21,17,0,4,13,61.9
R00888,R01210,21,24,0,2,2,8.3
R00888,R01269,21,11,0,4,7,33.3
R00888,R01312,21,11,1,0,1,4.8
R00888,R01340,21,4,1,0,1,4.8
R00888,R01382,21,13,0,2,2,9.5
R00888,R01405,21,19,0,2,2,9.5
R00888,R01540,21,12,0,2,2,9.5
R00888,R01557,21,11,0,2,2,9.5
R00888,R01685,21,16,0,2,2,9.5
R00888,R01823,21,21,0,4,13,61.9
R00888,R01868,21,12,0,4,10,47.6
R00888,R01871,21,10,0,4,10,47.6
R00888,R01881,21,12,0,4,12,57.1
R00888,R01882,21,11,0,4,10,47.6
R00888,R01887,21,25,0,2,2,8.0
R00888,R01891,21,16,0,4,8,38.1
R00888,R01904,21,21,0,4,12,57.1
R00888,R01906,21,19,0,4,12,57.1
R00888,R01917,21,17,0,2,2,9.5
R00889,R00899,13,12,0,2,2,15.4
R00889,R00900,13,14,2,5,12,85.7
R00889,R00911,13,8,0,2,2,15.4
R00889,R00954,13,22,0,4,4,18.2
R00889,R00966,13,39,1,0,12,30.8
R00889,R00973,13,10,0,4,4,30.8
R00889,R00999,13,20,0,1,1,5.0
R00889,R01047,13,26,0,1,1,3.8
R00889,R01153,13,9,0,2,2,15.4
R00889,R01198,13,19,0,1,1,5.3
R00889,R01220,13,15,0,1,1,6.7
R00889,R01223,13,11,0,1,1,7.7
R00889,R01231,13,11,0,1,1,7.7
R00889,R01366,13,13,1,0,1,7.7
R00889,R01403,13,21,1,0,1,4.8
R00889,R01451,13,7,1,0,1,7.7
R00889,R01848,13,24,1,0,1,4.2
R00889,R02076,13,11,0,1,1,7.7
R00889,R02077,13,5,0,1,1,7.7
R00890,R00898,16,22,0,4,7,31.8
R00890,R01000,16,17,0,15,15,88.2
R00890,R01210,16,24,0,2,2,8.3
R00890,R01269,16,11,0,7,7,43.8
R00890,R01312,16,11,1,0,1,6.2
R00890,R01340,16,4,1,0,1,6.2
R00890,R01382,16,13,0,2,2,12.5
R00890,R01405,16,19,0,2,2,10.5
R00890,R01540,16,12,0,2,2,12.5
R00890,R01557,16,11,0,2,2,12.5
R00890,R01685,16,16,0,2,2,12.5
R00890,R01823,16,21,0,7,15,71.4
R00890,R01868,16,12,0,7,11,68.8
R00890,R01871,16,10,0,9,10,62.5
R00890,R01881,16,12,0,9,12,75.0
R00890,R01882,16,11,0,7,10,62.5
R00890,R01887,16,25,0,2,2,8.0
R00890,R01891,16,16,0,5,7,43.8
R00890,R01904,16,21,0,7,14,66.7
R00890,R01906,16,19,0,9,13,68.4
R00890,R01917,16,17,0,2,2,11.8
R00891,R00944,9,17,2,0,4,23.5
R00891,R00964,9,57,1,0,1,1.8
R00891,R00976,9,11,1,0,1,9.1
R00891,R00995,9,12,1,0,1,8.3
R00891,R01013,9,12,1,0,1,8.3
R00891,R01075,9,9,1,0,1,11.1
R00891,R01081,9,9,1,0,1,11.1
R00891,R01085,9,12,1,0,1,8.3
R00891,R01113,9,1,0,1,1,11.1
R00891,R01454,9,20,2,0,2,10.0
R00891,R01761,9,11,1,0,1,9.1
R00891,R01789,9,11,2,7,9,81.8
R00891,R01815,9,3,1,0,1,11.1
R00891,R01872,9,2,0,1,1,11.1
R00891,R01909,9,21,1,0,1,4.8
R00891,R01968,9,15,1,0,1,6.7
R00891,R02013,9,15,0,1,1,6.7
R00891,R02086,9,36,1,0,1,2.8
R00891,R02099,9,6,1,0,1,11.1
R00892,R00894,16,8,3,2,7,43.8
R00892,R01188,16,27,3,0,8,29.6
R00892,R01486,16,6,1,0,6,37.5
R00892,R01924,16,28,2,0,7,25.0
R00893,R00931,5,11,0,1,1,9.1
R00893,R00963,5,12,0,1,1,8.3
R00893,R01007,5,13,0,1,1,7.7
R00893,R01030,5,12,0,1,1,8.3
R00893,R01031,5,14,0,1,1,7.1
R00893,R01082,5,11,0,1,1,9.1
R00893,R01088,5,3,0,1,1,20.0
R00893,R01131,5,7,0,1,1,14.3
R00893,R01133,5,8,0,1,1,12.5
R00893,R01135,5,4,0,1,1,20.0
R00893,R01265,5,23,0,1,1,4.3
R00893,R01322,5,14,0,1,1,7.1
R00893,R01365,5,8,0,1,1,12.5
R00893,R01380,5,8,0,1,1,12.5
R00893,R01773,5,41,0,1,1,2.4
R00893,R01813,5,7,0,1,1,14.3
R00893,R01816,5,3,0,1,1,20.0
R00893,R01908,5,35,0,1,1,2.9
R00893,R02044,5,24,0,1,1,4.2
R00894,R01188,8,27,3,0,8,29.6
R00894,R01486,8,6,1,0,4,50.0
R00894,R01924,8,28,2,0,7,25.0
R00895,R01351,2,11,0,2,2,18.2
R00895,R01357,2,13,0,1,1,7.7
R00895,R01936,2,8,0,1,1,12.5
R00895,R01937,2,5,0,1,1,20.0
R00896,R00904,29,4,0,2,2,6.9
R00896,R01223,29,11,1,0,2,6.9
R00896,R01298,29,20,2,0,2,6.9
R00896,R01488,29,7,0,1,4,13.8
R00896,R01585,29,23,0,2,23,79.3
R00896,R01733,29,19,2,0,2,6.9
R00896,R02082,29,7,0,2,3,10.3
R00897,R01063,16,28,1,0,1,3.6
R00897,R01087,16,12,0,2,3,18.8
R00897,R01113,16,1,1,0,1,6.2
R00897,R01115,16,2,1,0,1,6.2
R00897,R01388,16,26,0,5,6,23.1
R00897,R01518,16,18,1,0,1,5.6
R00897,R01546,16,32,1,0,1,3.1
R00897,R01621,16,27,0,5,8,29.6
R00897,R01622,16,29,0,3,6,20.7
R00897,R01734,16,21,1,0,1,4.8
R00897,R01902,16,26,0,5,8,30.8
R00897,R02099,16,6,0,4,5,31.2
R00898,R01000,22,17,0,4,7,31.8
R00898,R01210,22,24,0,2,2,8.3
R00898,R01269,22,11,1,4,11,50.0
R00898,R01382,22,13,0,2,2,9.1
R00898,R01405,22,19,0,2,2,9.1
R00898,R01540,22,12,0,2,2,9.1
R00898,R01557,22,11,0,2,2,9.1
R00898,R01685,22,16,0,2,2,9.1
R00898,R01823,22,21,0,4,7,31.8
R00898,R01868,22,12,0,4,7,31.8
R00898,R01871,22,10,0,4,7,31.8
R00898,R01881,22,12,0,4,7,31.8
R00898,R01882,22,11,0,4,7,31.8
R00898,R01887,22,25,0,2,2,8.0
R00898,R01891,22,16,0,4,10,45.5
R00898,R01904,22,21,0,4,7,31.8
R00898,R01906,22,19,0,4,7,31.8
R00898,R01917,22,17,0,2,2,9.1
R00899,R00900,12,14,0,2,2,14.3
R00899,R00911,12,8,0,2,2,16.7
R00899,R00954,12,22,0,2,2,9.1
R00899,R00973,12,10,0,2,2,16.7
R00899,R00999,12,20,0,1,1,5.0
R00899,R01047,12,26,0,1,1,3.8
R00899,R01153,12,9,1,7,9,75.0
R00899,R01198,12,19,0,1,1,5.3
R00899,R01220,12,15,0,1,1,6.7
R00899,R01223,12,11,0,1,1,8.3
R00899,R01231,12,11,0,1,1,8.3
R00899,R02076,12,11,0,1,1,8.3
R00899,R02077,12,5,0,1,1,8.3
R00900,R00911,14,8,0,2,2,14.3
R00900,R00954,14,22,0,4,4,18.2
R00900,R00966,14,39,1,0,12,30.8
R00900,R00973,14,10,0,4,4,28.6
R00900,R00999,14,20,0,1,1,5.0
R00900,R01047,14,26,0,1,1,3.8
R00900,R01153,14,9,0,2,2,14.3
R00900,R01198,14,19,0,1,1,5.3
R00900,R01220,14,15,0,1,1,6.7
R00900,R01223,14,11,0,1,1,7.1
R00900,R01231,14,11,0,1,1,7.1
R00900,R01366,14,13,1,0,1,7.1
R00900,R01403,14,21,1,0,1,4.8
R00900,R01451,14,7,1,0,1,7.1
R00900,R01848,14,24,1,0,1,4.2
R00900,R02076,14,11,0,1,1,7.1
R00900,R02077,14,5,0,1,1,7.1
R00901,R01001,31,7,0,1,1,3.2
R00901,R01231,31,11,2,0,2,6.5
R00901,R01236,31,9,1,0,1,3.2
R00901,R01496,31,13,0,4,13,41.9
R00901,R01732,31,17,1,0,1,3.2
R00901,R02054,31,10,1,0,1,3.2
R00902,R00909,22,8,1,0,1,4.5
R00902,R00975,22,28,1,0,1,3.6
R00902,R00989,22,16,1,0,1,4.5
R00902,R01054,22,18,3,0,9,40.9
R00902,R01102,22,27,1,0,1,3.7
R00902,R01106,22,21,3,0,3,13.6
R00902,R01148,22,9,1,0,1,4.5
R00902,R01225,22,15,1,0,1,4.5
R00902,R01247,22,19,4,0,9,40.9
R00902,R01256,22,19,1,0,6,27.3
R00902,R01259,22,23,2,0,9,39.1
R00902,R01280,22,15,1,0,1,4.5
R00902,R01442,22,8,1,0,1,4.5
R00902,R01497,22,18,1,0,1,4.5
R00902,R01498,22,20,2,0,3,13.6
R00902,R01518,22,18,0,2,13,59.1
R00902,R01526,22,17,0,2,14,63.6
R00902,R01710,22,27,2,18,22,81.5
R00902,R01728,22,8,1,0,1,4.5
R00902,R01834,22,15,1,0,1,4.5
R00902,R01886,22,11,1,0,1,4.5
R00902,R01920,22,2,0,1,1,4.5
R00902,R02050,22,2,0,1,1,4.5
R00902,R02079,22,5,1,0,1,4.5
R00903,R00914,9,16,0,6,8,50.0
R00903,R00969,9,34,0,4,7,20.6
R00903,R01068,9,19,1,0,1,5.3
R00903,R01080,9,13,1,0,1,7.7
R00903,R01083,9,14,1,0,1,7.1
R00903,R01444,9,16,0,1,1,6.2
R00903,R01629,9,16,0,2,2,12.5
R00903,R02089,9,13,0,4,7,53.8
R00904,R01471,4,7,1,0,1,14.3
R00904,R01488,4,7,0,1,1,14.3
R00904,R01585,4,23,0,2,2,8.7
R00904,R02082,4,7,1,2,4,57.1
R00905,R01036,15,11,4,0,4,26.7
R00905,R01234,15,7,0,1,1,6.7
R00905,R01634,15,10,1,0,1,6.7
R00905,R02049,15,1,0,1,1,6.7
R00906,R01204,2,14,0,1,1,7.1
R00906,R01212,2,13,0,1,1,7.7
R00906,R01245,2,10,0,1,1,10.0
R00906,R01255,2,16,0,1,1,6.2
R00906,R02017,2,2,1,0,1,50.0
R00908,R01126,2,3,1,0,1,33.3
R00908,R01192,2,5,1,0,1,20.0
R00908,R01213,2,19,1,0,1,5.3
R00908,R01254,2,14,1,0,1,7.1
R00908,R02016,2,2,0,1,1,50.0
R00909,R00975,8,28,4,0,5,17.9
R00909,R00989,8,16,4,0,4,25.0
R00909,R01054,8,18,1,0,1,5.6
R00909,R01102,8,27,2,0,2,7.4
R00909,R01106,8,21,1,0,1,4.8
R00909,R01148,8,9,2,0,2,22.2
R00909,R01225,8,15,2,0,2,13.3
R00909,R01247,8,19,1,0,1,5.3
R00909,R01256,8,19,2,0,2,10.5
R00909,R01259,8,23,1,0,1,4.3
R00909,R01280,8,15,2,0,2,13.3
R00909,R01442,8,8,2,0,2,25.0
R00909,R01497,8,18,2,0,2,11.1
R00909,R01498,8,20,1,0,1,5.0
R00909,R01710,8,27,1,0,1,3.7
R00909,R01728,8,8,1,0,1,12.5
R00909,R01834,8,15,2,0,2,13.3
R00909,R01886,8,11,1,0,2,18.2
R00909,R02079,8,5,1,4,5,62.5
R00910,R00986,2,4,1,0,1,25.0
R00910,R01219,2,2,0,1,1,50.0
R00910,R01604,2,3,1,0,1,33.3
R00911,R00954,8,22,0,2,2,9.1
R00911,R00973,8,10,0,2,2,20.0
R00911,R00999,8,20,0,1,1,5.0
R00911,R01047,8,26,0,1,1,3.8
R00911,R01153,8,9,0,2,2,22.2
R00911,R01198,8,19,0,1,1,5.3
R00911,R01220,8,15,0,1,2,13.3
R00911,R01223,8,11,0,1,2,18.2
R00911,R01231,8,11,0,1,2,18.2
R00911,R02076,8,11,0,1,1,9.1
R00911,R02077,8,5,4,1,5,62.5
R00912,R01481,5,3,0,1,1,20.0
R00912,R02057,5,4,1,0,1,20.0
R00912,R02070,5,4,1,0,1,20.0
R00913,R01682,24,20,4,0,15,62.5
R00913,R01737,24,37,0,24,24,64.9
R00913,R01739,24,29,0,24,24,82.8
R00914,R00969,16,34,0,4,14,41.2
R00914,R01049,16,4,4,0,4,25.0
R00914,R01444,16,16,0,1,1,6.2
R00914,R01629,16,16,0,2,2,12.5
R00914,R02089,16,13,0,4,13,81.2
R00916,R00920,38,7,0,7,7,18.4
R00916,R00939,38,9,1,0,1,2.6
R00916,R01123,38,16,3,0,16,42.1
R00916,R01207,38,28,1,0,1,2.6
R00916,R01251,38,11,1,0,1,2.6
R00916,R01457,38,3,1,0,1,2.6
R00916,R01526,38,17,1,0,1,2.6
R00916,R01531,38,3,1,0,1,2.6
R00916,R01835,38,27,0,17,21,55.3
R00916,R01874,38,7,1,0,2,5.3
R00917,R00918,29,21,0,1,9,31.0
R00917,R00941,29,16,0,1,6,20.7
R00917,R00984,29,10,0,1,6,20.7
R00917,R01056,29,15,0,14,14,48.3
R00917,R01057,29,13,0,1,6,20.7
R00917,R01124,29,8,1,0,7,24.1
R00917,R01151,29,16,0,3,13,44.8
R00917,R01217,29,20,0,1,9,31.0
R00917,R01222,29,23,0,1,8,27.6
R00917,R01235,29,16,0,1,6,20.7
R00917,R01237,29,30,0,1,6,20.0
R00917,R01249,29,4,0,1,2,6.9
R00917,R01263,29,8,0,1,7,24.1
R00917,R01266,29,18,1,0,1,3.4
R00917,R01298,29,20,0,1,8,27.6
R00917,R01299,29,8,0,1,8,27.6
R00917,R01373,29,13,0,1,6,20.7
R00917,R01656,29,6,0,1,4,13.8
R00917,R01657,29,12,0,1,9,31.0
R00917,R01658,29,9,0,1,8,27.6
R00917,R01712,29,23,0,5,11,37.9
R00917,R01723,29,13,0,1,9,31.0
R00917,R01731,29,9,0,1,6,20.7
R00917,R01732,29,17,0,1,7,24.1
R00917,R01733,29,19,0,1,8,27.6
R00917,R01740,29,21,1,1,21,72.4
R00917,R01781,29,6,0,1,4,13.8
R00917,R01826,29,13,4,0,9,31.0
R00917,R01829,29,7,0,1,7,24.1
R00917,R01852,29,34,1,0,1,2.9
R00917,R01877,29,22,1,1,19,65.5
R00917,R01912,29,7,0,1,5,17.2
R00917,R01942,29,5,0,1,3,10.3
R00917,R01943,29,16,0,3,14,48.3
R00917,R01958,29,10,0,1,8,27.6
R00918,R00941,21,16,0,6,6,28.6
R00918,R00984,21,10,0,6,6,28.6
R00918,R01056,21,15,0,1,8,38.1
R00918,R01057,21,13,0,6,6,28.6
R00918,R01151,21,16,0,1,12,57.1
R00918,R01217,21,20,0,17,19,90.5
R00918,R01222,21,23,0,8,8,34.8
R00918,R01235,21,16,3,6,9,42.9
R00918,R01237,21,30,0,6,9,30.0
R00918,R01249,21,4,0,2,2,9.5
R00918,R01263,21,8,0,7,7,33.3
R00918,R01298,21,20,0,8,8,38.1
R00918,R01299,21,8,0,8,8,38.1
R00918,R01317,21,5,1,0,1,4.8
R00918,R01373,21,13,0,6,6,28.6
R00918,R01467,21,21,4,0,10,47.6
R00918,R01656,21,6,0,1,2,9.5
R00918,R01657,21,12,0,1,6,28.6
R00918,R01658,21,9,0,1,6,28.6
R00918,R01712,21,23,0,1,8,34.8
R00918,R01723,21,13,0,11,12,57.1
R00918,R01731,21,9,0,6,6,28.6
R00918,R01732,21,17,0,7,7,33.3
R00918,R01733,21,19,0,8,8,38.1
R00918,R01740,21,21,0,9,9,42.9
R00918,R01781,21,6,0,1,2,9.5
R00918,R01829,21,7,0,1,6,28.6
R00918,R01877,21,22,0,9,9,40.9
R00918,R01912,21,7,0,1,2,9.5
R00918,R01942,21,5,0,1,2,9.5
R00918,R01943,21,16,0,1,10,47.6
R00918,R01958,21,10,0,6,8,38.1
R00918,R01984,21,11,1,0,1,4.8
R00918,R01985,21,10,1,0,1,4.8
R00918,R01987,21,12,1,0,1,4.8
R00920,R00921,7,11,2,0,2,18.2
R00920,R00922,7,6,4,0,4,57.1
R00920,R01835,7,27,0,7,7,25.9
R00920,R01838,7,3,2,0,2,28.6
R00921,R00922,11,6,2,0,2,18.2
R00921,R01266,11,18,0,11,11,61.1
R00921,R01838,11,3,2,0,3,27.3
R00922,R01554,6,30,0,6,6,20.0
R00922,R01738,6,27,0,6,6,22.2
R00922,R01741,6,3,0,3,3,50.0
R00922,R01838,6,3,2,0,2,33.3
R00923,R00924,8,8,0,3,3,37.5
R00923,R00925,8,6,0,1,1,12.5
R00923,R00985,8,30,0,3,3,10.0
R00923,R01034,8,17,0,3,3,17.6
R00923,R01106,8,21,0,8,8,38.1
R00923,R01123,8,16,0,2,2,12.5
R00923,R01124,8,8,0,1,1,12.5
R00923,R01206,8,19,0,1,1,5.3
R00923,R01462,8,16,0,3,3,18.8
R00923,R01465,8,9,0,3,3,33.3
R00923,R01467,8,21,0,3,3,14.3
R00923,R01537,8,30,0,1,1,3.3
R00923,R01750,8,7,2,0,2,25.0
R00923,R01786,8,3,0,1,1,12.5
R00923,R01826,8,13,0,1,1,7.7
R00923,R01972,8,7,0,3,3,37.5
R00924,R00925,8,6,0,1,1,12.5
R00924,R00935,8,47,3,0,3,6.4
R00924,R00985,8,30,0,5,7,23.3
R00924,R01034,8,17,0,5,7,41.2
R00924,R01106,8,21,0,3,3,14.3
R00924,R01123,8,16,0,2,2,12.5
R00924,R01124,8,8,0,1,1,12.5
R00924,R01151,8,16,1,0,1,6.2
R00924,R01206,8,19,0,1,1,5.3
R00924,R01329,8,8,1,0,1,12.5
R00924,R01331,8,7,1,0,1,12.5
R00924,R01332,8,13,1,0,1,7.7
R00924,R01346,8,5,1,0,2,25.0
R00924,R01361,8,12,1,0,1,8.3
R00924,R01443,8,24,1,0,1,4.2
R00924,R01462,8,16,0,5,7,43.8
R00924,R01465,8,9,1,5,7,77.8
R00924,R01467,8,21,0,5,7,33.3
R00924,R01537,8,30,0,1,1,3.3
R00924,R01662,8,18,1,0,1,5.6
R00924,R01712,8,23,1,0,1,4.3
R00924,R01716,8,5,1,0,3,37.5
R00924,R01723,8,13,1,0,1,7.7
R00924,R01784,8,25,1,0,1,4.0
R00924,R01786,8,3,0,1,1,12.5
R00924,R01826,8,13,0,1,1,7.7
R00924,R01855,8,6,1,0,1,12.5
R00924,R01943,8,16,3,0,3,18.8
R00924,R01972,8,7,2,5,7,87.5
R00924,R01996,8,21,1,0,1,4.8
R00925,R00985,6,30,0,1,1,3.3
R00925,R01034,6,17,0,1,1,5.9
R00925,R01106,6,21,0,1,1,4.8
R00925,R01123,6,16,0,1,1,6.2
R00925,R01124,6,8,0,1,1,12.5
R00925,R01206,6,19,0,1,2,10.5
R00925,R01462,6,16,0,1,1,6.2
R00925,R01465,6,9,0,1,1,11.1
R00925,R01467,6,21,0,1,1,4.8
R00925,R01537,6,30,0,1,1,3.3
R00925,R01786,6,3,0,1,1,16.7
R00925,R01826,6,13,0,1,1,7.7
R00925,R01972,6,7,0,1,1,14.3
R00926,R00928,11,11,2,1,3,27.3
R00926,R00929,11,13,0,1,3,23.1
R00926,R00958,11,5,0,1,1,9.1
R00926,R01219,11,2,1,0,1,9.1
R00926,R01224,11,12,3,0,6,50.0
R00926,R01226,11,13,3,0,7,53.8
R00926,R01516,11,3,0,1,2,18.2
R00926,R01752,11,9,2,0,3,27.3
R00927,R00989,22,16,0,1,1,4.5
R00927,R00991,22,31,0,1,1,3.2
R00927,R01187,22,31,1,0,4,12.9
R00927,R01239,22,27,1,0,2,7.4
R00927,R01458,22,5,0,1,1,4.5
R00927,R01581,22,25,0,1,1,4.0
R00927,R01644,22,11,0,1,1,4.5
R00927,R01652,22,14,0,1,1,4.5
R00927,R01736,22,30,4,0,4,13.3
R00927,R01777,22,8,0,1,1,4.5
R00927,R01907,22,8,1,0,3,13.6
R00927,R01910,22,13,1,0,3,13.6
R00927,R01980,22,8,1,0,1,4.5
R00927,R02090,22,6,1,0,1,4.5
R00928,R00929,11,13,0,11,11,84.6
R00928,R00958,11,5,0,1,1,9.1
R00928,R01219,11,2,1,0,1,9.1
R00928,R01224,11,12,2,0,2,16.7
R00928,R01226,11,13,2,0,2,15.4
R00928,R01516,11,3,0,1,1,9.1
R00928,R01752,11,9,2,0,2,18.2
R00929,R00958,13,5,0,1,1,7.7
R00929,R00961,13,6,4,0,4,30.8
R00929,R01516,13,3,0,1,1,7.7
R00929,R01820,13,8,4,0,4,30.8
R00930,R00932,11,10,0,1,1,9.1
R00930,R00933,11,11,0,1,1,9.1
R00930,R00967,11,19,0,11,11,57.9
R00930,R00970,11,37,0,1,1,2.7
R00930,R01241,11,48,0,1,1,2.1
R00930,R01511,11,7,0,1,1,9.1
R00930,R01707,11,5,0,1,1,9.1
R00930,R01708,11,5,0,1,1,9.1
R00930,R01898,11,25,0,1,1,4.0
R00930,R01930,11,23,0,2,8,34.8
R00930,R01980,11,8,0,1,1,9.1
R00930,R02090,11,6,0,1,1,9.1
R00931,R00963,11,12,0,2,2,16.7
R00931,R01007,11,13,0,2,3,23.1
R00931,R01030,11,12,0,1,1,8.3
R00931,R01031,11,14,0,1,1,7.1
R00931,R01082,11,11,0,2,2,18.2
R00931,R01088,11,3,0,1,1,9.1
R00931,R01131,11,7,0,1,1,9.1
R00931,R01133,11,8,0,1,1,9.1
R00931,R01135,11,4,0,1,1,9.1
R00931,R01265,11,23,0,1,1,4.3
R00931,R01322,11,14,0,1,1,7.1
R00931,R01365,11,8,0,1,1,9.1
R00931,R01380,11,8,0,1,1,9.1
R00931,R01773,11,41,0,1,1,2.4
R00931,R01813,11,7,0,1,7,63.6
R00931,R01816,11,3,0,1,2,18.2
R00931,R01908,11,35,0,1,10,28.6
R00931,R02044,11,24,0,1,10,41.7
R00932,R00933,10,11,4,6,10,90.9
R00932,R00967,10,19,0,1,1,5.3
R00932,R00970,10,37,0,1,1,2.7
R00932,R01241,10,48,0,1,1,2.1
R00932,R01511,10,7,0,1,1,10.0
R00932,R01707,10,5,0,1,1,10.0
R00932,R01708,10,5,0,5,5,50.0
R00932,R01898,10,25,0,1,1,4.0
R00932,R01930,10,23,0,1,1,4.3
R00932,R01980,10,8,0,1,1,10.0
R00932,R02020,10,6,2,0,5,50.0
R00932,R02090,10,6,0,1,1,10.0
R00933,R00967,11,19,0,1,1,5.3
R00933,R00970,11,37,0,1,1,2.7
R00933,R01241,11,48,0,1,1,2.1
R00933,R01511,11,7,0,1,1,9.1
R00933,R01707,11,5,0,1,1,9.1
R00933,R01708,11,5,0,5,5,45.5
R00933,R01898,11,25,0,1,1,4.0
R00933,R01930,11,23,0,1,1,4.3
R00933,R01980,11,8,0,1,1,9.1
R00933,R02020,11,6,2,0,5,45.5
R00933,R02090,11,6,0,1,1,9.1
R00934,R00937,3,6,0,3,3,50.0
R00934,R00983,3,29,0,3,3,10.3
R00934,R01911,3,18,0,3,3,16.7
R00934,R02019,3,11,0,3,3,27.3
R00935,R00948,47,51,0,34,43,84.3
R00935,R01127,47,10,0,1,1,2.1
R00935,R01151,47,16,1,0,1,2.1
R00935,R01152,47,10,0,1,1,2.1
R00935,R01169,47,15,0,14,14,29.8
R00935,R01176,47,19,0,1,1,2.1
R00935,R01201,47,13,0,1,1,2.1
R00935,R01202,47,7,0,1,4,8.5
R00935,R01221,47,14,0,1,1,2.1
R00935,R01260,47,13,0,1,1,2.1
R00935,R01271,47,10,0,1,1,2.1
R00935,R01273,47,11,0,1,1,2.1
R00935,R01303,47,15,0,1,1,2.1
R00935,R01329,47,8,1,0,1,2.1
R00935,R01331,47,7,1,0,1,2.1
R00935,R01332,47,13,1,0,1,2.1
R00935,R01346,47,5,1,0,2,4.3
R00935,R01361,47,12,1,0,1,2.1
R00935,R01443,47,24,1,0,1,2.1
R00935,R01464,47,22,0,1,1,2.1
R00935,R01465,47,9,1,0,2,4.3
R00935,R01591,47,20,0,1,1,2.1
R00935,R01662,47,18,1,0,1,2.1
R00935,R01712,47,23,1,0,1,2.1
R00935,R01716,47,5,1,0,3,6.4
R00935,R01720,47,6,0,1,1,2.1
R00935,R01723,47,13,1,0,1,2.1
R00935,R01784,47,25,1,0,1,2.1
R00935,R01796,47,9,0,1,1,2.1
R00935,R01844,47,24,0,1,1,2.1
R00935,R01853,47,11,0,1,1,2.1
R00935,R01855,47,6,1,0,1,2.1
R00935,R01860,47,11,0,1,1,2.1
R00935,R01865,47,28,0,1,1,2.1
R00935,R01879,47,22,0,1,1,2.1
R00935,R01943,47,16,3,0,3,6.4
R00935,R01972,47,7,2,0,2,4.3
R00935,R01996,47,21,1,0,1,2.1
R00935,R02061,47,4,0,1,1,2.1
R00936,R01305,6,29,3,0,3,10.3
R00937,R00983,6,29,0,3,3,10.3
R00937,R01911,6,18,0,3,3,16.7
R00937,R02019,6,11,0,3,3,27.3
R00938,R01128,5,10,1,0,1,10.0
R00938,R01129,5,18,1,0,1,5.6
R00938,R01143,5,4,1,0,1,20.0
R00938,R01149,5,7,2,0,4,57.1
R00938,R01244,5,22,1,0,1,4.5
R00938,R01258,5,13,1,0,1,7.7
R00938,R01270,5,17,1,0,1,5.9
R00938,R01673,5,12,1,0,1,8.3
R00938,R01795,5,2,1,0,1,20.0
R00938,R01845,5,7,1,0,1,14.3
R00938,R02036,5,8,0,2,5,62.5
R00938,R02062,5,34,1,0,1,2.9
R00938,R02097,5,27,1,0,1,3.7
R00939,R00944,9,17,0,2,2,11.8
R00939,R01054,9,18,0,2,8,44.4
R00939,R01123,9,16,1,0,1,6.2
R00939,R01207,9,28,1,0,1,3.6
R00939,R01247,9,19,0,7,9,47.4
R00939,R01251,9,11,2,3,9,81.8
R00939,R01256,9,19,0,9,9,47.4
R00939,R01259,9,23,0,7,9,39.1
R00939,R01353,9,11,0,3,4,36.4
R00939,R01452,9,21,0,2,3,14.3
R00939,R01457,9,3,1,1,3,33.3
R00939,R01526,9,17,1,0,1,5.9
R00939,R01531,9,3,1,0,1,11.1
R00939,R01562,9,22,0,3,4,18.2
R00939,R01563,9,18,0,3,4,22.2
R00939,R01564,9,18,0,3,4,22.2
R00939,R01566,9,20,0,3,4,20.0
R00939,R01727,9,25,0,2,3,12.0
R00939,R01848,9,24,0,2,3,12.5
R00939,R01874,9,7,1,0,1,11.1
R00939,R01892,9,15,0,2,2,13.3
R00939,R01952,9,16,0,2,2,12.5
R00939,R02032,9,10,0,2,2,20.0
R00939,R02039,9,16,0,2,2,12.5
R00939,R02052,9,12,0,3,4,33.3
R00939,R02053,9,11,0,3,4,36.4
R00940,R01172,8,7,0,1,3,37.5
R00940,R01195,8,6,0,1,1,12.5
R00940,R01274,8,20,0,1,1,5.0
R00940,R01301,8,7,0,6,6,75.0
R00940,R01459,8,2,1,0,1,12.5
R00940,R01494,8,22,0,1,1,4.5
R00940,R01530,8,2,0,1,1,12.5
R00940,R01551,8,16,0,1,1,6.2
R00940,R01612,8,14,0,1,1,7.1
R00940,R01617,8,7,0,1,1,12.5
R00940,R01717,8,14,0,1,1,7.1
R00940,R01721,8,6,0,1,1,12.5
R00940,R01757,8,3,2,0,2,25.0
R00940,R01765,8,4,2,0,2,25.0
R00940,R01813,8,7,1,0,1,12.5
R00940,R01815,8,3,0,1,2,25.0
R00940,R01888,8,6,1,5,6,75.0
R00940,R01895,8,9,0,1,1,11.1
R00940,R01951,8,4,0,1,1,12.5
R00940,R01964,8,12,0,1,1,8.3
R00940,R01991,8,4,0,1,1,12.5
R00940,R01998,8,8,0,1,1,12.5
R00940,R02012,8,7,0,1,1,12.5
R00940,R02027,8,9,3,5,8,88.9
R00940,R02029,8,10,0,1,1,10.0
R00940,R02085,8,2,0,1,1,12.5
R00940,R02095,8,7,1,6,7,87.5
R00941,R00984,16,10,0,6,9,56.2
R00941,R01056,16,15,0,1,6,37.5
R00941,R01057,16,13,0,13,13,81.2
R00941,R01151,16,16,0,1,6,37.5
R00941,R01217,16,20,0,6,6,30.0
R00941,R01222,16,23,0,6,6,26.1
R00941,R01235,16,16,0,6,12,75.0
R00941,R01237,16,30,0,6,12,40.0
R00941,R01249,16,4,0,2,2,12.5
R00941,R01263,16,8,0,6,6,37.5
R00941,R01298,16,20,0,6,6,30.0
R00941,R01299,16,8,0,6,6,37.5
R00941,R01373,16,13,0,8,10,62.5
R00941,R01462,16,16,2,0,2,12.5
R00941,R01656,16,6,0,1,2,12.5
R00941,R01657,16,12,0,1,6,37.5
R00941,R01658,16,9,0,1,6,37.5
R00941,R01712,16,23,0,1,14,60.9
R00941,R01723,16,13,0,6,6,37.5
R00941,R01731,16,9,0,6,9,56.2
R00941,R01732,16,17,0,6,6,35.3
R00941,R01733,16,19,0,6,6,31.6
R00941,R01740,16,21,0,6,6,28.6
R00941,R01781,16,6,0,1,2,12.5
R00941,R01829,16,7,0,1,6,37.5
R00941,R01877,16,22,0,6,6,27.3
R00941,R01912,16,7,0,1,2,12.5
R00941,R01942,16,5,0,1,2,12.5
R00941,R01943,16,16,0,1,6,37.5
R00941,R01958,16,10,0,6,6,37.5
R00942,R01125,7,19,1,0,1,5.3
R00942,R01165,7,9,1,0,1,11.1
R00942,R01170,7,10,1,0,1,10.0
R00942,R01398,7,10,0,1,2,20.0
R00942,R01411,7,10,0,3,3,30.0
R00942,R01475,7,11,1,0,1,9.1
R00942,R01532,7,4,1,0,1,14.3
R00942,R01536,7,2,1,0,1,14.3
R00942,R01545,7,18,1,0,1,5.6
R00942,R01555,7,10,1,0,1,10.0
R00942,R01605,7,8,2,0,3,37.5
R00942,R01608,7,12,1,0,1,8.3
R00942,R01623,7,9,4,0,4,44.4
R00942,R01631,7,4,0,1,1,14.3
R00942,R01766,7,5,0,3,3,42.9
R00942,R01816,7,3,1,0,1,14.3
R00942,R01961,7,4,1,0,1,14.3
R00942,R01963,7,3,1,0,1,14.3
R00942,R01974,7,21,0,1,6,28.6
R00942,R02009,7,2,0,1,1,14.3
R00942,R02011,7,9,0,1,2,22.2
R00942,R02030,7,7,1,0,1,14.3
R00942,R02083,7,2,1,0,1,14.3
R00943,R00945,12,8,0,3,8,66.7
R00943,R00997,12,6,1,0,1,8.3
R00943,R01629,12,16,2,0,2,12.5
R00943,R01791,12,24,2,0,2,8.3
R00944,R00964,17,57,1,0,1,1.8
R00944,R00976,17,11,1,0,1,5.9
R00944,R00995,17,12,1,0,1,5.9
R00944,R01013,17,12,1,0,1,5.9
R00944,R01054,17,18,0,2,2,11.1
R00944,R01075,17,9,1,0,1,5.9
R00944,R01081,17,9,1,0,1,5.9
R00944,R01085,17,12,1,0,1,5.9
R00944,R01247,17,19,0,2,2,10.5
R00944,R01251,17,11,0,2,2,11.8
R00944,R01256,17,19,0,2,2,10.5
R00944,R01259,17,23,0,2,2,8.7
R00944,R01353,17,11,0,2,2,11.8
R00944,R01452,17,21,0,2,5,23.8
R00944,R01454,17,20,4,0,4,20.0
R00944,R01457,17,3,0,1,1,5.9
R00944,R01562,17,22,0,2,4,18.2
R00944,R01563,17,18,0,2,4,22.2
R00944,R01564,17,18,0,2,4,22.2
R00944,R01566,17,20,0,2,4,20.0
R00944,R01727,17,25,0,2,5,20.0
R00944,R01761,17,11,1,0,1,5.9
R00944,R01789,17,11,4,0,6,35.3
R00944,R01815,17,3,1,0,1,5.9
R00944,R01848,17,24,0,2,5,20.8
R00944,R01892,17,15,0,12,13,76.5
R00944,R01909,17,21,1,0,1,4.8
R00944,R01952,17,16,0,14,14,82.4
R00944,R01968,17,15,1,0,1,5.9
R00944,R02032,17,10,0,2,9,52.9
R00944,R02039,17,16,0,11,11,64.7
R00944,R02052,17,12,0,2,2,11.8
R00944,R02053,17,11,0,2,2,11.8
R00944,R02086,17,36,1,0,1,2.8
R00944,R02099,17,6,1,0,1,5.9
R00945,R00987,8,13,3,0,3,23.1
R00946,R00957,13,12,1,0,2,15.4
R00946,R00962,13,6,0,3,3,23.1
R00946,R00986,13,4,0,3,3,23.1
R00946,R00998,13,7,0,2,2,15.4
R00946,R01253,13,7,0,7,7,53.8
R00946,R01978,13,16,0,7,7,43.8
R00947,R01073,23,12,2,0,3,13.0
R00947,R01088,23,3,2,0,3,13.0
R00947,R01613,23,19,0,1,4,17.4
R00947,R01626,23,18,0,1,5,21.7
R00948,R01127,51,10,0,1,1,2.0
R00948,R01152,51,10,0,1,1,2.0
R00948,R01169,51,15,0,14,14,27.5
R00948,R01176,51,19,0,1,1,2.0
R00948,R01201,51,13,0,1,1,2.0
R00948,R01202,51,7,0,1,4,7.8
R00948,R01221,51,14,0,1,1,2.0
R00948,R01232,51,8,1,0,1,2.0
R00948,R01246,51,40,3,0,3,5.9
R00948,R01260,51,13,0,1,1,2.0
R00948,R01265,51,23,2,0,2,3.9
R00948,R01271,51,10,0,1,1,2.0
R00948,R01273,51,11,0,1,1,2.0
R00948,R01303,51,15,0,1,1,2.0
R00948,R01464,51,22,0,1,1,2.0
R00948,R01591,51,20,0,1,1,2.0
R00948,R01720,51,6,0,1,1,2.0
R00948,R01746,51,9,1,0,1,2.0
R00948,R01770,51,12,1,0,1,2.0
R00948,R01782,51,13,1,0,1,2.0
R00948,R01796,51,9,0,1,1,2.0
R00948,R01809,51,17,1,0,1,2.0
R00948,R01835,51,27,1,0,1,2.0
R00948,R01844,51,24,0,1,1,2.0
R00948,R01853,51,11,0,1,1,2.0
R00948,R01860,51,11,0,1,1,2.0
R00948,R01865,51,28,0,1,1,2.0
R00948,R01879,51,22,0,1,1,2.0
R00948,R02061,51,4,0,1,1,2.0
R00948,R02084,51,11,1,0,1,2.0
R00949,R00991,13,31,1,0,3,9.7
R00949,R01060,13,2,1,0,1,7.7
R00949,R01073,13,12,0,1,1,7.7
R00949,R01076,13,30,0,1,1,3.3
R00949,R01388,13,26,1,0,2,7.7
R00949,R01396,13,12,0,4,4,30.8
R00949,R01400,13,15,1,0,3,20.0
R00949,R01404,13,13,1,0,1,7.7
R00949,R01455,13,10,0,1,1,7.7
R00949,R01456,13,6,0,1,1,7.7
R00949,R01480,13,16,0,2,3,18.8
R00949,R01504,13,3,0,1,1,7.7
R00949,R01527,13,7,0,4,4,30.8
R00949,R01574,13,7,0,1,1,7.7
R00949,R01612,13,14,1,0,1,7.1
R00949,R01613,13,19,3,0,3,15.8
R00949,R01635,13,4,1,0,1,7.7
R00949,R01693,13,12,0,2,3,23.1
R00949,R01761,13,11,0,1,1,7.7
R00949,R01803,13,13,0,2,2,15.4
R00949,R01973,13,11,1,0,1,7.7
R00949,R02044,13,24,1,0,2,8.3
R00949,R02045,13,9,1,0,1,7.7
R00950,R01015,18,6,1,0,1,5.6
R00950,R01390,18,4,0,2,2,11.1
R00950,R01636,18,22,1,0,1,4.5
R00950,R01779,18,8,0,3,3,16.7
R00950,R01995,18,16,1,0,1,5.6
R00950,R02022,18,6,0,2,2,11.1
R00951,R00952,17,11,0,1,1,5.9
R00951,R00965,17,6,0,1,5,29.4
R00951,R01029,17,15,1,13,15,88.2
R00951,R01036,17,11,0,11,11,64.7
R00951,R01116,17,9,0,6,6,35.3
R00951,R01399,17,10,0,1,1,5.9
R00951,R01419,17,23,0,1,1,4.3
R00951,R01565,17,14,0,1,1,5.9
R00952,R00965,11,6,1,1,2,18.2
R00952,R01029,11,15,0,1,1,6.7
R00952,R01036,11,11,0,1,1,9.1
R00952,R01116,11,9,0,1,4,36.4
R00952,R01399,11,10,0,7,7,63.6
R00952,R01419,11,23,0,3,4,17.4
R00952,R01565,11,14,0,7,7,50.0
R00953,R01008,18,11,1,0,10,55.6
R00953,R01278,18,15,1,0,2,11.1
R00953,R01512,18,9,0,5,8,44.4
R00953,R01521,18,14,2,0,2,11.1
R00953,R01776,18,16,2,1,3,16.7
R00953,R01780,18,24,2,0,2,8.3
R00953,R01794,18,4,1,0,2,11.1
R00953,R01840,18,4,2,0,2,11.1
R00953,R01858,18,19,2,12,14,73.7
R00953,R01898,18,25,2,0,2,8.0
R00954,R00970,22,37,1,0,1,2.7
R00954,R00973,22,10,0,8,9,40.9
R00954,R00994,22,5,1,0,1,4.5
R00954,R00999,22,20,0,1,1,4.5
R00954,R01047,22,26,0,1,1,3.8
R00954,R01153,22,9,0,2,2,9.1
R00954,R01198,22,19,0,1,1,4.5
R00954,R01220,22,15,0,1,1,4.5
R00954,R01223,22,11,0,1,1,4.5
R00954,R01231,22,11,0,1,1,4.5
R00954,R01348,22,22,1,0,1,4.5
R00954,R01887,22,25,1,0,1,4.0
R00954,R01954,22,2,2,0,2,9.1
R00954,R02076,22,11,0,1,1,4.5
R00954,R02077,22,5,0,1,1,4.5
R00955,R01684,5,2,0,1,1,20.0
R00956,R01565,8,14,1,0,1,7.1
R00957,R00987,12,13,0,10,10,76.9
R00957,R01024,12,13,0,4,5,38.5
R00957,R01032,12,14,0,4,4,28.6
R00957,R01051,12,13,0,9,9,69.2
R00957,R01064,12,11,0,9,9,75.0
R00957,R01913,12,21,0,4,4,19.0
R00958,R01516,5,3,0,1,1,20.0
R00959,R01005,5,7,0,2,2,28.6
R00959,R01774,5,13,1,0,1,7.7
R00959,R01856,5,3,0,1,1,20.0
R00960,R01028,10,21,0,1,1,4.8
R00960,R01101,10,13,0,10,10,76.9
R00960,R01129,10,18,0,1,1,5.6
R00960,R01130,10,12,0,1,1,8.3
R00960,R01132,10,5,0,1,1,10.0
R00960,R01156,10,27,0,10,10,37.0
R00960,R01160,10,17,0,5,5,29.4
R00960,R01841,10,5,0,5,5,50.0
R00960,R01842,10,7,0,7,7,70.0
R00960,R01843,10,9,0,9,9,90.0
R00961,R01820,6,8,4,0,4,50.0
R00962,R00986,6,4,0,4,4,66.7
R00962,R00998,6,7,0,2,2,28.6
R00962,R01253,6,7,0,3,3,42.9
R00962,R01978,6,16,0,3,3,18.8
R00963,R01007,12,13,0,2,2,15.4
R00963,R01030,12,12,0,1,1,8.3
R00963,R01031,12,14,0,1,1,7.1
R00963,R01082,12,11,0,11,11,91.7
R00963,R01088,12,3,0,1,1,8.3
R00963,R01131,12,7,0,1,1,8.3
R00963,R01133,12,8,0,1,1,8.3
R00963,R01135,12,4,0,1,1,8.3
R00963,R01265,12,23,0,1,1,4.3
R00963,R01322,12,14,0,1,1,7.1
R00963,R01365,12,8,0,1,1,8.3
R00963,R01380,12,8,0,1,1,8.3
R00963,R01773,12,41,0,1,1,2.4
R00963,R01813,12,7,0,1,1,8.3
R00963,R01816,12,3,0,1,1,8.3
R00963,R01908,12,35,0,1,2,5.7
R00963,R02044,12,24,0,1,2,8.3
R00964,R00966,57,39,0,22,27,47.4
R00964,R00976,57,11,1,0,1,1.8
R00964,R00995,57,12,1,0,1,1.8
R00964,R01013,57,12,1,0,4,7.0
R00964,R01069,57,4,0,1,1,1.8
R00964,R01075,57,9,1,0,1,1.8
R00964,R01081,57,9,1,0,1,1.8
R00964,R01085,57,12,1,0,1,1.8
R00964,R01454,57,20,1,0,1,1.8
R00964,R01761,57,11,1,0,1,1.8
R00964,R01789,57,11,1,0,1,1.8
R00964,R01815,57,3,1,0,1,1.8
R00964,R01909,57,21,1,0,1,1.8
R00964,R01968,57,15,1,0,1,1.8
R00964,R02086,57,36,1,0,9,15.8
R00964,R02099,57,6,1,0,2,3.5
R00965,R01029,6,15,0,1,5,33.3
R00965,R01036,6,11,0,1,5,45.5
R00965,R01116,6,9,0,1,5,55.6
R00965,R01399,6,10,0,1,1,10.0
R00965,R01419,6,23,0,1,1,4.3
R00965,R01565,6,14,0,1,1,7.1
R00966,R01069,39,4,0,1,1,2.6
R00966,R01366,39,13,1,0,1,2.6
R00966,R01403,39,21,1,0,1,2.6
R00966,R01451,39,7,1,0,1,2.6
R00966,R01848,39,24,1,0,1,2.6
R00967,R00970,19,37,0,1,1,2.7
R00967,R01045,19,4,4,0,4,21.1
R00967,R01241,19,48,0,1,1,2.1
R00967,R01511,19,7,0,1,1,5.3
R00967,R01707,19,5,0,1,1,5.3
R00967,R01708,19,5,0,1,1,5.3
R00967,R01898,19,25,0,1,1,4.0
R00967,R01930,19,23,0,2,13,56.5
R00967,R01980,19,8,0,1,1,5.3
R00967,R02090,19,6,0,1,1,5.3
R00968,R00969,59,34,1,0,1,1.7
R00968,R01039,59,29,1,0,1,1.7
R00968,R01044,59,3,1,0,1,1.7
R00968,R01356,59,11,0,3,3,5.1
R00968,R01359,59,13,0,1,1,1.7
R00968,R01363,59,18,1,0,1,1.7
R00968,R01630,59,20,1,0,1,1.7
R00968,R01711,59,4,0,1,1,1.7
R00968,R01982,59,11,0,1,1,1.7
R00968,R01983,59,13,0,1,1,1.7
R00969,R01039,34,29,2,0,24,70.6
R00969,R01044,34,3,1,0,1,2.9
R00969,R01363,34,18,1,0,1,2.9
R00969,R01444,34,16,0,1,1,2.9
R00969,R01629,34,16,0,2,2,5.9
R00969,R01630,34,20,1,0,1,2.9
R00969,R02089,34,13,0,10,13,38.2
R00970,R00994,37,5,3,0,3,8.1
R00970,R01241,37,48,0,5,21,43.8
R00970,R01348,37,22,3,0,3,8.1
R00970,R01511,37,7,0,5,6,16.2
R00970,R01707,37,5,0,2,5,13.5
R00970,R01708,37,5,0,1,1,2.7
R00970,R01887,37,25,3,0,3,8.1
R00970,R01898,37,25,0,5,12,32.4
R00970,R01930,37,23,0,1,1,2.7
R00970,R01954,37,2,1,0,1,2.7
R00970,R01980,37,8,0,2,6,16.2
R00970,R02090,37,6,0,2,6,16.2
R00971,R00972,31,49,0,16,31,63.3
R00971,R01338,31,14,0,14,14,45.2
R00972,R01241,49,48,1,0,20,40.8
R00972,R01264,49,30,1,0,14,28.6
R00972,R01338,49,14,0,14,14,28.6
R00973,R00974,10,24,1,0,10,41.7
R00973,R00999,10,20,0,1,1,5.0
R00973,R01047,10,26,0,1,1,3.8
R00973,R01153,10,9,0,2,2,20.0
R00973,R01198,10,19,0,1,1,5.3
R00973,R01220,10,15,0,1,1,6.7
R00973,R01223,10,11,0,1,1,9.1
R00973,R01231,10,11,0,1,1,9.1
R00973,R01455,10,10,1,0,1,10.0
R00973,R01772,10,10,1,0,1,10.0
R00973,R02076,10,11,0,1,1,9.1
R00973,R02077,10,5,0,1,1,10.0
R00974,R01455,24,10,1,0,1,4.2
R00974,R01478,24,24,0,1,1,4.2
R00974,R01744,24,11,0,1,1,4.2
R00974,R01772,24,10,1,0,1,4.2
R00975,R00989,28,16,4,0,4,14.3
R00975,R01054,28,18,1,0,1,3.6
R00975,R01102,28,27,2,0,2,7.1
R00975,R01106,28,21,1,0,4,14.3
R00975,R01148,28,9,2,0,2,7.1
R00975,R01225,28,15,2,0,2,7.1
R00975,R01247,28,19,1,0,1,3.6
R00975,R01256,28,19,2,0,2,7.1
R00975,R01259,28,23,1,0,1,3.6
R00975,R01280,28,15,2,0,2,7.1
R00975,R01442,28,8,2,0,2,7.1
R00975,R01497,28,18,2,0,2,7.1
R00975,R01498,28,20,1,0,1,3.6
R00975,R01710,28,27,1,0,1,3.6
R00975,R01728,28,8,1,0,2,7.1
R00975,R01834,28,15,2,0,2,7.1
R00975,R01886,28,11,1,0,4,14.3
R00975,R01984,28,11,0,2,8,28.6
R00975,R01985,28,10,0,2,8,28.6
R00975,R01987,28,12,0,2,8,28.6
R00975,R01989,28,20,0,2,8,28.6
R00975,R02079,28,5,1,0,2,7.1
R00976,R00995,11,12,2,9,11,91.7
R00976,R01013,11,12,1,0,1,8.3
R00976,R01075,11,9,2,0,3,27.3
R00976,R01081,11,9,2,0,3,27.3
R00976,R01085,11,12,1,0,2,16.7
R00976,R01454,11,20,1,0,1,5.0
R00976,R01761,11,11,1,0,1,9.1
R00976,R01789,11,11,1,0,1,9.1
R00976,R01815,11,3,1,0,1,9.1
R00976,R01909,11,21,3,0,3,14.3
R00976,R01968,11,15,2,0,2,13.3
R00976,R02086,11,36,1,0,1,2.8
R00976,R02099,11,6,1,0,1,9.1
R00977,R00992,34,34,1,0,1,2.9
R00977,R01197,34,5,1,0,1,2.9
R00977,R01448,34,9,0,1,1,2.9
R00977,R01456,34,6,1,0,1,2.9
R00977,R01468,34,2,1,0,1,2.9
R00977,R01473,34,12,0,1,1,2.9
R00977,R01504,34,3,1,0,1,2.9
R00977,R01654,34,23,1,0,1,2.9
R00977,R01724,34,29,1,0,1,2.9
R00977,R01893,34,9,1,0,1,2.9
R00977,R02034,34,5,0,1,1,2.9
R00978,R01094,11,17,0,5,8,47.1
R00978,R01096,11,12,0,4,5,41.7
R00978,R01625,11,19,0,5,8,42.1
R00978,R01699,11,11,0,5,5,45.5
R00978,R01850,11,14,0,5,10,71.4
R00978,R01862,11,8,0,5,5,45.5
R00978,R01864,11,8,1,1,8,72.7
R00978,R01896,11,7,0,7,7,63.6
R00978,R01897,11,8,0,4,4,36.4
R00979,R01437,17,3,1,0,1,5.9
R00979,R01439,17,7,1,0,1,5.9
R00979,R01840,17,4,0,2,3,17.6
R00979,R02049,17,1,1,0,1,5.9
R00980,R01981,16,17,0,7,9,52.9
R00981,R00982,7,10,0,7,7,70.0
R00981,R01308,7,11,0,2,2,18.2
R00981,R01410,7,12,0,2,2,16.7
R00981,R01508,7,30,0,3,6,20.0
R00981,R01513,7,17,0,3,6,35.3
R00981,R01938,7,11,0,6,7,63.6
R00981,R01941,7,9,0,3,6,66.7
R00981,R02041,7,8,0,3,6,75.0
R00982,R01308,10,11,0,2,2,18.2
R00982,R01410,10,12,0,2,2,16.7
R00982,R01508,10,30,0,3,7,23.3
R00982,R01513,10,17,0,3,8,47.1
R00982,R01938,10,11,2,6,9,81.8
R00982,R01941,10,9,2,3,8,80.0
R00982,R02041,10,8,0,3,6,60.0
R00983,R01107,29,16,1,0,1,3.4
R00983,R01111,29,17,1,0,1,3.4
R00983,R01911,29,18,0,18,18,62.1
R00983,R02019,29,11,0,6,11,37.9
R00983,R02071,29,6,1,0,1,3.4
R00984,R01056,10,15,0,1,6,40.0
R00984,R01057,10,13,0,6,9,69.2
R00984,R01151,10,16,0,1,6,37.5
R00984,R01217,10,20,0,6,6,30.0
R00984,R01222,10,23,0,6,6,26.1
R00984,R01235,10,16,0,7,8,50.0
R00984,R01237,10,30,0,7,8,26.7
R00984,R01249,10,4,0,2,2,20.0
R00984,R01263,10,8,0,6,6,60.0
R00984,R01298,10,20,0,6,6,30.0
R00984,R01299,10,8,0,6,6,60.0
R00984,R01373,10,13,3,6,10,76.9
R00984,R01656,10,6,0,1,2,20.0
R00984,R01657,10,12,0,1,6,50.0
R00984,R01658,10,9,0,1,6,60.0
R00984,R01712,10,23,0,1,9,39.1
R00984,R01723,10,13,0,6,6,46.2
R00984,R01731,10,9,1,8,9,90.0
R00984,R01732,10,17,0,6,6,35.3
R00984,R01733,10,19,0,6,6,31.6
R00984,R01740,10,21,0,6,6,28.6
R00984,R01762,10,4,1,0,1,10.0
R00984,R01781,10,6,0,1,2,20.0
R00984,R01829,10,7,0,1,6,60.0
R00984,R01877,10,22,0,6,6,27.3
R00984,R01912,10,7,0,1,2,20.0
R00984,R01942,10,5,0,1,2,20.0
R00984,R01943,10,16,0,1,6,37.5
R00984,R01958,10,10,0,6,6,60.0
R00985,R01034,30,17,0,6,14,46.7
R00985,R01106,30,21,0,3,3,10.0
R00985,R01123,30,16,0,2,2,6.7
R00985,R01124,30,8,0,1,1,3.3
R00985,R01206,30,19,0,1,1,3.3
R00985,R01462,30,16,0,11,14,46.7
R00985,R01465,30,9,0,6,7,23.3
R00985,R01467,30,21,0,6,7,23.3
R00985,R01537,30,30,0,1,1,3.3
R00985,R01786,30,3,0,1,1,3.3
R00985,R01826,30,13,0,1,1,3.3
R00985,R01972,30,7,0,7,7,23.3
R00986,R00998,4,7,0,2,2,28.6
R00986,R01253,4,7,0,3,3,42.9
R00986,R01604,4,3,3,0,3,75.0
R00986,R01978,4,16,0,3,3,18.8
R00987,R01024,13,13,0,4,5,38.5
R00987,R01032,13,14,0,4,4,28.6
R00987,R01051,13,13,0,9,9,69.2
R00987,R01064,13,11,0,9,9,69.2
R00987,R01913,13,21,0,4,4,19.0
R00988,R01805,23,7,1,0,1,4.3
R00988,R01807,23,9,1,0,1,4.3
R00988,R01837,23,7,1,0,1,4.3
R00989,R00991,16,31,0,16,16,51.6
R00989,R01054,16,18,1,0,1,5.6
R00989,R01102,16,27,2,0,2,7.4
R00989,R01106,16,21,1,0,1,4.8
R00989,R01148,16,9,2,0,2,12.5
R00989,R01225,16,15,2,0,2,12.5
R00989,R01247,16,19,1,0,1,5.3
R00989,R01256,16,19,2,0,2,10.5
R00989,R01259,16,23,1,0,1,4.3
R00989,R01280,16,15,2,0,2,12.5
R00989,R01442,16,8,2,0,2,12.5
R00989,R01458,16,5,0,1,1,6.2
R00989,R01497,16,18,2,0,2,11.1
R00989,R01498,16,20,1,0,1,5.0
R00989,R01581,16,25,0,1,1,4.0
R00989,R01644,16,11,0,1,1,6.2
R00989,R01652,16,14,0,1,1,6.2
R00989,R01710,16,27,1,0,1,3.7
R00989,R01728,16,8,1,0,1,6.2
R00989,R01777,16,8,0,1,1,6.2
R00989,R01834,16,15,2,0,2,12.5
R00989,R01886,16,11,1,0,1,6.2
R00989,R02079,16,5,1,0,1,6.2
R00990,R01117,15,18,4,5,15,83.3
R00990,R01134,15,18,4,11,15,83.3
R00990,R01500,15,4,0,1,1,6.7
R00990,R01501,15,11,0,1,1,6.7
R00990,R02098,15,15,0,1,1,6.7
R00991,R01060,31,2,1,0,1,3.2
R00991,R01388,31,26,1,0,1,3.2
R00991,R01400,31,15,1,0,1,3.2
R00991,R01404,31,13,1,0,1,3.2
R00991,R01458,31,5,0,1,1,3.2
R00991,R01581,31,25,0,1,1,3.2
R00991,R01612,31,14,1,0,1,3.2
R00991,R01613,31,19,1,0,1,3.2
R00991,R01635,31,4,1,0,1,3.2
R00991,R01644,31,11,0,1,1,3.2
R00991,R01652,31,14,0,1,1,3.2
R00991,R01777,31,8,0,1,1,3.2
R00991,R01973,31,11,1,0,1,3.2
R00991,R02044,31,24,1,0,1,3.2
R00991,R02045,31,9,1,0,1,3.2
R00992,R01197,34,5,2,0,5,14.7
R00992,R01447,34,21,0,4,17,50.0
R00992,R01450,34,34,0,24,28,82.4
R00992,R01456,34,6,1,0,1,2.9
R00992,R01468,34,2,1,0,1,2.9
R00992,R01504,34,3,1,0,1,2.9
R00992,R01654,34,23,4,4,22,64.7
R00992,R01724,34,29,2,19,25,73.5
R00992,R01893,34,9,1,0,1,2.9
R00993,R01313,19,13,0,7,13,68.4
R00993,R01318,19,6,0,6,6,31.6
R00993,R01323,19,8,0,7,8,42.1
R00993,R01383,19,5,1,0,1,5.3
R00993,R01586,19,9,0,9,9,47.4
R00993,R01646,19,3,1,0,1,5.3
R00994,R01348,5,22,3,0,4,18.2
R00994,R01470,5,17,0,2,5,29.4
R00994,R01735,5,11,0,1,1,9.1
R00994,R01806,5,8,0,1,1,12.5
R00994,R01887,5,25,3,0,4,16.0
R00994,R01954,5,2,1,0,1,20.0
R00995,R01013,12,12,1,0,1,8.3
R00995,R01075,12,9,2,0,3,25.0
R00995,R01081,12,9,4,0,4,33.3
R00995,R01085,12,12,1,0,2,16.7
R00995,R01454,12,20,1,0,1,5.0
R00995,R01761,12,11,1,0,1,8.3
R00995,R01789,12,11,1,0,1,8.3
R00995,R01815,12,3,1,0,1,8.3
R00995,R01909,12,21,2,0,3,14.3
R00995,R01968,12,15,2,0,2,13.3
R00995,R02086,12,36,1,0,1,2.8
R00995,R02099,12,6,1,0,1,8.3
R00996,R01020,6,10,0,3,3,30.0
R00996,R01068,6,19,0,3,3,15.8
R00996,R01070,6,19,0,3,3,15.8
R00996,R01079,6,21,0,3,3,14.3
R00996,R01080,6,13,0,3,3,23.1
R00996,R01083,6,14,0,3,3,21.4
R00996,R01084,6,12,0,3,3,25.0
R00996,R01218,6,2,0,1,1,16.7
R00996,R01861,6,19,0,4,5,26.3
R00997,R01629,6,16,1,0,1,6.2
R00997,R01791,6,24,1,0,1,4.2
R00998,R01253,7,7,0,2,2,28.6
R00998,R01978,7,16,0,2,2,12.5
R00999,R01047,20,26,0,2,9,34.6
R00999,R01119,20,7,3,0,5,25.0
R00999,R01153,20,9,0,1,1,5.0
R00999,R01198,20,19,0,2,3,15.0
R00999,R01220,20,15,0,1,1,5.0
R00999,R01223,20,11,0,1,1,5.0
R00999,R01231,20,11,0,1,1,5.0
R00999,R01261,20,10,1,0,1,5.0
R00999,R01554,20,30,1,0,1,3.3
R00999,R01597,20,8,1,0,1,5.0
R00999,R01738,20,27,1,0,1,3.7
R00999,R01866,20,5,1,0,1,5.0
R00999,R02076,20,11,1,1,11,55.0
R00999,R02077,20,5,0,1,1,5.0
R01000,R01210,17,24,0,2,2,8.3
R01000,R01269,17,11,0,7,7,41.2
R01000,R01349,17,14,2,0,2,11.8
R01000,R01359,17,13,1,0,2,11.8
R01000,R01382,17,13,0,2,2,11.8
R01000,R01405,17,19,0,2,2,10.5
R01000,R01540,17,12,0,2,2,11.8
R01000,R01557,17,11,0,2,2,11.8
R01000,R01685,17,16,0,2,2,11.8
R01000,R01823,17,21,0,7,17,81.0
R01000,R01868,17,12,0,7,11,64.7
R01000,R01871,17,10,0,9,10,58.8
R01000,R01881,17,12,0,9,12,70.6
R01000,R01882,17,11,0,7,10,58.8
R01000,R01887,17,25,0,2,2,8.0
R01000,R01891,17,16,0,5,7,41.2
R01000,R01904,17,21,0,7,14,66.7
R01000,R01906,17,19,0,9,13,68.4
R01000,R01917,17,17,0,2,2,11.8
R01001,R01496,7,13,0,1,1,7.7
R01002,R01004,18,19,4,14,18,94.7
R01002,R01497,18,18,0,10,13,72.2
R01002,R01834,18,15,0,10,13,72.2
R01003,R01282,19,5,0,1,1,5.3
R01003,R01749,19,13,0,13,13,68.4
R01004,R01497,19,18,0,10,13,68.4
R01004,R01834,19,15,0,10,13,68.4
R01005,R01856,7,3,0,1,1,14.3
R01007,R01030,13,12,0,1,1,7.7
R01007,R01031,13,14,0,1,1,7.1
R01007,R01082,13,11,0,2,2,15.4
R01007,R01088,13,3,0,1,1,7.7
R01007,R01131,13,7,0,1,1,7.7
R01007,R01133,13,8,0,1,1,7.7
R01007,R01135,13,4,0,1,1,7.7
R01007,R01265,13,23,0,1,1,4.3
R01007,R01322,13,14,0,1,1,7.1
R01007,R01365,13,8,0,1,1,7.7
R01007,R01380,13,8,0,1,1,7.7
R01007,R01773,13,41,0,1,1,2.4
R01007,R01813,13,7,0,1,1,7.7
R01007,R01816,13,3,0,1,1,7.7
R01007,R01908,13,35,0,1,4,11.4
R01007,R02044,13,24,0,1,4,16.7
R01008,R01278,11,15,3,0,3,20.0
R01008,R01387,11,6,0,1,6,54.5
R01008,R01521,11,14,1,0,2,14.3
R01008,R01776,11,16,1,0,2,12.5
R01008,R01780,11,24,1,0,2,8.3
R01008,R01794,11,4,3,0,3,27.3
R01008,R01840,11,4,1,0,2,18.2
R01008,R01858,11,19,1,0,6,31.6
R01008,R01898,11,25,1,0,2,8.0
R01008,R02023,11,10,0,8,9,81.8
R01009,R02103,17,12,1,0,1,5.9
R01011,R01084,22,12,1,0,1,4.5
R01011,R01146,22,4,1,0,1,4.5
R01011,R01168,22,29,0,8,8,27.6
R01011,R01907,22,8,0,5,7,31.8
R01011,R01910,22,13,0,3,7,31.8
R01011,R02103,22,12,0,8,8,36.4
R01013,R01075,12,9,1,0,1,8.3
R01013,R01081,12,9,1,0,1,8.3
R01013,R01085,12,12,1,0,1,8.3
R01013,R01454,12,20,1,0,1,5.0
R01013,R01761,12,11,2,0,2,16.7
R01013,R01789,12,11,1,0,1,8.3
R01013,R01815,12,3,1,0,1,8.3
R01013,R01909,12,21,1,0,1,4.8
R01013,R01968,12,15,1,0,1,6.7
R01013,R02086,12,36,1,0,3,8.3
R01013,R02099,12,6,1,0,1,8.3
R01014,R01698,2,9,0,2,2,22.2
R01015,R01561,6,16,0,1,1,6.2
R01015,R01627,6,38,0,1,1,2.6
R01015,R01636,6,22,1,0,1,4.5
R01015,R01995,6,16,1,0,1,6.2
R01016,R01651,13,6,1,0,3,23.1
R01016,R01709,13,3,0,3,3,23.1
R01016,R02025,13,3,1,0,2,15.4
R01017,R01140,5,19,0,1,1,5.3
R01017,R01141,5,11,0,1,1,9.1
R01017,R01190,5,4,0,1,1,20.0
R01017,R01191,5,3,1,0,1,20.0
R01017,R01193,5,2,1,1,1,20.0
R01017,R01297,5,34,1,0,1,2.9
R01017,R01401,5,2,0,1,1,20.0
R01017,R01828,5,2,1,0,1,20.0
R01017,R02058,5,8,1,1,3,37.5
R01018,R01551,27,16,3,0,3,11.1
R01018,R01594,27,3,1,0,1,3.7
R01018,R01598,27,4,1,0,1,3.7
R01018,R01691,27,36,1,0,1,2.8
R01018,R01697,27,34,1,0,1,2.9
R01018,R01949,27,7,2,0,2,7.4
R01018,R02001,27,6,3,0,3,11.1
R01020,R01068,10,19,0,10,10,52.6
R01020,R01070,10,19,0,10,10,52.6
R01020,R01079,10,21,0,10,10,47.6
R01020,R01080,10,13,0,7,8,61.5
R01020,R01083,10,14,0,3,7,50.0
R01020,R01084,10,12,0,10,10,83.3
R01020,R01218,10,2,0,1,1,10.0
R01020,R01861,10,19,0,3,3,15.8
R01021,R01136,23,21,0,15,15,65.2
R01021,R01137,23,22,0,15,15,65.2
R01021,R01579,23,13,0,12,13,56.5
R01021,R01808,23,26,0,1,15,57.7
R01024,R01032,13,14,0,11,11,78.6
R01024,R01051,13,13,0,4,6,46.2
R01024,R01052,13,9,2,0,2,15.4
R01024,R01064,13,11,0,4,7,53.8
R01024,R01144,13,3,1,0,1,7.7
R01024,R01913,13,21,0,11,11,52.4
R01027,R01414,13,16,1,0,1,6.2
R01027,R01889,13,12,2,10,11,84.6
R01027,R01890,13,16,4,0,12,75.0
R01028,R01101,21,13,0,1,1,4.8
R01028,R01129,21,18,0,1,1,4.8
R01028,R01130,21,12,0,12,12,57.1
R01028,R01132,21,5,0,5,5,23.8
R01028,R01156,21,27,0,1,1,3.7
R01028,R01160,21,17,0,1,1,4.8
R01028,R01260,21,13,1,0,1,4.8
R01028,R01544,21,8,2,0,8,38.1
R01028,R01796,21,9,1,0,1,4.8
R01028,R01841,21,5,0,1,1,4.8
R01028,R01842,21,7,0,1,1,4.8
R01028,R01843,21,9,0,1,1,4.8
R01028,R01870,21,4,2,0,4,19.0
R01028,R01979,21,16,1,0,1,4.8
R01029,R01036,15,11,0,11,11,73.3
R01029,R01116,15,9,0,6,6,40.0
R01029,R01399,15,10,0,1,1,6.7
R01029,R01419,15,23,0,1,1,4.3
R01029,R01565,15,14,0,1,1,6.7
R01030,R01031,12,14,1,1,12,85.7
R01030,R01082,12,11,0,1,1,8.3
R01030,R01088,12,3,0,1,1,8.3
R01030,R01131,12,7,0,1,4,33.3
R01030,R01133,12,8,0,1,2,16.7
R01030,R01135,12,4,0,1,3,25.0
R01030,R01265,12,23,0,1,3,13.0
R01030,R01322,12,14,0,1,3,21.4
R01030,R01365,12,8,0,1,4,33.3
R01030,R01380,12,8,0,1,8,66.7
R01030,R01680,12,3,1,0,3,25.0
R01030,R01773,12,41,0,1,3,7.3
R01030,R01813,12,7,0,1,1,8.3
R01030,R01816,12,3,0,1,1,8.3
R01030,R01908,12,35,0,1,1,2.9
R01030,R02044,12,24,0,1,1,4.2
R01031,R01082,14,11,0,1,1,7.1
R01031,R01088,14,3,0,1,1,7.1
R01031,R01131,14,7,0,5,5,35.7
R01031,R01133,14,8,0,1,2,14.3
R01031,R01135,14,4,0,4,4,28.6
R01031,R01265,14,23,0,1,3,13.0
R01031,R01322,14,14,0,4,4,28.6
R01031,R01365,14,8,0,5,5,35.7
R01031,R01380,14,8,0,1,8,57.1
R01031,R01680,14,3,1,0,3,21.4
R01031,R01773,14,41,0,1,3,7.3
R01031,R01813,14,7,0,1,1,7.1
R01031,R01816,14,3,0,1,1,7.1
R01031,R01908,14,35,0,1,1,2.9
R01031,R02044,14,24,0,1,1,4.2
R01032,R01050,14,5,1,0,1,7.1
R01032,R01051,14,13,3,4,7,50.0
R01032,R01064,14,11,0,4,5,35.7
R01032,R01913,14,21,0,14,14,66.7
R01033,R01040,9,11,0,3,3,27.3
R01033,R01086,9,4,0,2,2,22.2
R01033,R01154,9,15,0,3,3,20.0
R01033,R01167,9,12,0,3,3,25.0
R01033,R01178,9,12,0,3,3,25.0
R01033,R01183,9,5,0,1,1,11.1
R01033,R01233,9,2,0,1,1,11.1
R01033,R01460,9,5,1,0,1,11.1
R01034,R01106,17,21,0,3,3,14.3
R01034,R01123,17,16,0,2,2,11.8
R01034,R01124,17,8,0,1,1,5.9
R01034,R01206,17,19,0,1,1,5.3
R01034,R01446,17,12,1,0,1,5.9
R01034,R01462,17,16,0,6,15,88.2
R01034,R01465,17,9,0,9,9,52.9
R01034,R01467,17,21,0,9,9,42.9
R01034,R01537,17,30,0,1,1,3.3
R01034,R01743,17,2,1,0,1,5.9
R01034,R01744,17,11,3,0,8,47.1
R01034,R01786,17,3,0,1,1,5.9
R01034,R01826,17,13,0,1,1,5.9
R01034,R01972,17,7,0,6,7,41.2
R01034,R02100,17,4,3,0,4,23.5
R01035,R01890,13,16,0,13,12,75.0
R01036,R01116,11,9,0,6,6,54.5
R01036,R01399,11,10,0,1,1,9.1
R01036,R01419,11,23,0,1,1,4.3
R01036,R01565,11,14,0,1,1,7.1
R01036,R01634,11,10,1,0,1,9.1
R01037,R01374,34,23,2,0,18,52.9
R01037,R01381,34,57,2,0,14,24.6
R01037,R01644,34,11,1,0,10,29.4
R01037,R01652,34,14,1,0,12,35.3
R01037,R01748,34,8,2,0,2,5.9
R01037,R01777,34,8,1,0,8,23.5
R01037,R01894,34,7,1,0,1,2.9
R01037,R01927,34,14,0,1,1,2.9
R01038,R01184,25,27,4,19,25,92.6
R01038,R01249,25,4,2,0,3,12.0
R01038,R01431,25,19,0,19,19,76.0
R01038,R01656,25,6,4,0,5,20.0
R01038,R01692,25,27,0,19,24,88.9
R01038,R01942,25,5,2,0,4,16.0
R01039,R01043,29,7,0,3,7,24.1
R01039,R01044,29,3,1,0,1,3.4
R01039,R01046,29,10,0,4,4,13.8
R01039,R01048,29,20,0,4,4,13.8
R01039,R01363,29,18,1,0,1,3.4
R01039,R01367,29,40,0,4,15,37.5
R01039,R01505,29,8,0,6,6,20.7
R01039,R01630,29,20,1,0,1,3.4
R01039,R01751,29,3,0,3,3,10.3
R01039,R01774,29,13,0,6,6,20.7
R01039,R01791,29,24,0,6,6,20.7
R01040,R01086,11,4,0,2,2,18.2
R01040,R01154,11,15,0,4,10,66.7
R01040,R01167,11,12,1,10,11,91.7
R01040,R01178,11,12,0,10,10,83.3
R01040,R01183,11,5,0,1,1,9.1
R01040,R01233,11,2,0,1,1,9.1
R01040,R01713,11,10,1,0,1,9.1
R01041,R01674,12,13,1,0,1,7.7
R01041,R01729,12,7,1,0,1,8.3
R01041,R02078,12,14,1,0,1,7.1
R01041,R02093,12,21,1,0,1,4.8
R01042,R01163,19,3,0,3,3,15.8
R01042,R01171,19,41,1,0,1,2.4
R01042,R01385,19,7,0,1,7,36.8
R01042,R01391,19,12,0,1,12,63.2
R01042,R01415,19,9,0,1,9,47.4
R01042,R01683,19,13,0,1,13,68.4
R01043,R01046,7,10,0,3,3,30.0
R01043,R01048,7,20,0,3,3,15.0
R01043,R01367,7,40,0,3,7,17.5
R01043,R01505,7,8,0,3,4,50.0
R01043,R01751,7,3,0,3,3,42.9
R01043,R01774,7,13,0,3,4,30.8
R01043,R01791,7,24,0,3,4,16.7
R01043,R02089,7,13,4,0,4,30.8
R01044,R01104,3,4,0,1,1,25.0
R01044,R01363,3,18,3,0,3,16.7
R01044,R01393,3,2,0,1,1,33.3
R01044,R01630,3,20,1,0,3,15.0
R01044,R01648,3,2,0,1,1,33.3
R01044,R01649,3,2,0,1,1,33.3
R01044,R02020,3,6,0,1,1,16.7
R01045,R01677,4,4,0,3,3,75.0
R01046,R01048,10,20,0,10,10,50.0
R01046,R01367,10,40,0,4,4,10.0
R01046,R01505,10,8,0,4,4,40.0
R01046,R01751,10,3,0,3,3,30.0
R01046,R01774,10,13,0,4,4,30.8
R01046,R01791,10,24,0,4,4,16.7
R01047,R01153,26,9,0,1,1,3.8
R01047,R01198,26,19,0,3,5,19.2
R01047,R01220,26,15,0,1,1,3.8
R01047,R01223,26,11,0,1,1,3.8
R01047,R01231,26,11,0,1,1,3.8
R01047,R01552,26,15,1,0,8,30.8
R01047,R01788,26,3,3,0,3,11.5
R01047,R01832,26,13,3,0,3,11.5
R01047,R02076,26,11,0,1,6,23.1
R01047,R02077,26,5,0,1,1,3.8
R01048,R01147,20,2,1,0,1,5.0
R01048,R01367,20,40,0,4,4,10.0
R01048,R01505,20,8,0,4,4,20.0
R01048,R01519,20,2,1,0,1,5.0
R01048,R01751,20,3,0,3,3,15.0
R01048,R01774,20,13,0,4,4,20.0
R01048,R01791,20,24,0,4,5,20.8
R01048,R01913,20,21,1,0,1,4.8
R01050,R01051,5,13,1,0,1,7.7
R01050,R01052,5,9,0,5,5,55.6
R01051,R01064,13,11,0,10,10,76.9
R01051,R01913,13,21,0,4,7,33.3
R01052,R01144,9,3,1,0,1,11.1
R01053,R01091,17,18,3,7,11,61.1
R01053,R01161,17,15,4,0,10,58.8
R01053,R01196,17,5,1,0,1,5.9
R01053,R01216,17,2,1,0,1,5.9
R01053,R01360,17,4,2,0,2,11.8
R01053,R01611,17,15,0,1,1,5.9
R01053,R01678,17,18,0,2,9,50.0
R01053,R01713,17,10,0,2,7,41.2
R01053,R01804,17,9,1,0,1,5.9
R01053,R01892,17,15,2,0,2,11.8
R01053,R01952,17,16,2,0,2,11.8
R01054,R01102,18,27,1,0,1,3.7
R01054,R01106,18,21,3,0,3,14.3
R01054,R01148,18,9,1,0,1,5.6
R01054,R01225,18,15,1,0,1,5.6
R01054,R01247,18,19,3,2,17,89.5
R01054,R01251,18,11,0,2,9,50.0
R01054,R01256,18,19,1,2,13,68.4
R01054,R01259,18,23,2,2,18,78.3
R01054,R01280,18,15,1,0,1,5.6
R01054,R01353,18,11,0,2,3,16.7
R01054,R01442,18,8,1,0,1,5.6
R01054,R01452,18,21,0,3,3,14.3
R01054,R01457,18,3,0,1,3,16.7
R01054,R01497,18,18,1,0,1,5.6
R01054,R01498,18,20,2,0,3,15.0
R01054,R01562,18,22,0,2,3,13.6
R01054,R01563,18,18,0,2,3,16.7
R01054,R01564,18,18,0,2,3,16.7
R01054,R01566,18,20,0,2,3,15.0
R01054,R01710,18,27,2,0,9,33.3
R01054,R01727,18,25,0,3,3,12.0
R01054,R01728,18,8,1,0,1,5.6
R01054,R01834,18,15,1,0,1,5.6
R01054,R01848,18,24,0,3,3,12.5
R01054,R01886,18,11,1,0,1,5.6
R01054,R01892,18,15,0,2,2,11.1
R01054,R01952,18,16,0,2,2,11.1
R01054,R02032,18,10,0,2,2,11.1
R01054,R02039,18,16,0,2,2,11.1
R01054,R02052,18,12,0,2,3,16.7
R01054,R02053,18,11,0,2,3,16.7
R01054,R02079,18,5,1,0,1,5.6
R01055,R01074,24,16,0,4,10,41.7
R01055,R01077,24,43,0,10,13,30.2
R01055,R01102,24,27,0,8,18,66.7
R01055,R01267,24,14,0,11,12,50.0
R01055,R01275,24,16,2,0,6,25.0
R01055,R01279,24,7,0,7,7,29.2
R01055,R01281,24,42,0,13,13,31.0
R01055,R01307,24,38,0,10,13,34.2
R01055,R01515,24,23,2,21,23,95.8
R01055,R01522,24,27,0,11,19,70.4
R01055,R01599,24,23,1,0,1,4.2
R01055,R01691,24,36,0,24,24,66.7
R01055,R01697,24,34,0,10,13,38.2
R01055,R01706,24,21,0,13,13,54.2
R01055,R01859,24,6,0,1,1,4.2
R01055,R01905,24,44,0,10,13,29.5
R01055,R02074,24,5,1,0,1,4.2
R01055,R02086,24,36,0,10,13,36.1
R01056,R01057,15,13,0,1,6,40.0
R01056,R01151,15,16,0,3,12,75.0
R01056,R01217,15,20,0,1,8,40.0
R01056,R01222,15,23,0,1,9,39.1
R01056,R01235,15,16,0,1,6,37.5
R01056,R01237,15,30,0,1,6,20.0
R01056,R01249,15,4,0,1,2,13.3
R01056,R01263,15,8,1,1,8,53.3
R01056,R01298,15,20,0,1,9,45.0
R01056,R01299,15,8,0,1,8,53.3
R01056,R01373,15,13,0,1,6,40.0
R01056,R01389,15,5,1,0,2,13.3
R01056,R01397,15,4,1,0,2,13.3
R01056,R01506,15,9,1,0,1,6.7
R01056,R01656,15,6,0,1,4,26.7
R01056,R01657,15,12,0,1,9,60.0
R01056,R01658,15,9,0,1,8,53.3
R01056,R01712,15,23,0,5,11,47.8
R01056,R01723,15,13,0,1,8,53.3
R01056,R01731,15,9,0,1,6,40.0
R01056,R01732,15,17,0,1,8,47.1
R01056,R01733,15,19,0,1,9,47.4
R01056,R01740,15,21,0,1,8,38.1
R01056,R01781,15,6,0,1,4,26.7
R01056,R01829,15,7,0,1,7,46.7
R01056,R01854,15,6,1,0,1,6.7
R01056,R01857,15,5,1,0,1,6.7
R01056,R01877,15,22,0,1,8,36.4
R01056,R01912,15,7,0,1,5,33.3
R01056,R01942,15,5,0,1,3,20.0
R01056,R01943,15,16,0,3,12,75.0
R01056,R01958,15,10,0,1,8,53.3
R01056,R02056,15,11,1,0,1,6.7
R01057,R01151,13,16,0,1,6,37.5
R01057,R01217,13,20,0,6,6,30.0
R01057,R01222,13,23,0,6,6,26.1
R01057,R01235,13,16,0,6,10,62.5
R01057,R01237,13,30,0,6,10,33.3
R01057,R01249,13,4,0,2,2,15.4
R01057,R01263,13,8,0,6,6,46.2
R01057,R01298,13,20,0,6,6,30.0
R01057,R01299,13,8,0,6,6,46.2
R01057,R01373,13,13,0,8,10,76.9
R01057,R01656,13,6,0,1,2,15.4
R01057,R01657,13,12,0,1,6,46.2
R01057,R01658,13,9,0,1,6,46.2
R01057,R01712,13,23,0,1,12,52.2
R01057,R01723,13,13,0,6,6,46.2
R01057,R01731,13,9,0,6,9,69.2
R01057,R01732,13,17,0,6,6,35.3
R01057,R01733,13,19,0,6,6,31.6
R01057,R01740,13,21,0,6,6,28.6
R01057,R01781,13,6,0,1,2,15.4
R01057,R01829,13,7,0,1,6,46.2
R01057,R01877,13,22,0,6,6,27.3
R01057,R01912,13,7,0,1,2,15.4
R01057,R01942,13,5,0,1,2,15.4
R01057,R01943,13,16,0,1,6,37.5
R01057,R01958,13,10,0,6,6,46.2
R01058,R01090,16,25,0,3,13,52.0
R01058,R01296,16,18,0,15,15,83.3
R01058,R01342,16,16,0,15,15,93.8
R01058,R01618,16,4,0,3,3,18.8
R01058,R01967,16,29,0,3,7,24.1
R01058,R01971,16,26,0,3,7,26.9
R01058,R01976,16,20,0,3,7,35.0
R01058,R01995,16,16,0,3,13,81.2
R01058,R01997,16,28,0,3,13,46.4
R01058,R02005,16,18,0,3,13,72.2
R01058,R02015,16,28,0,3,13,46.4
R01058,R02038,16,17,0,3,7,41.2
R01058,R02094,16,20,0,3,13,65.0
R01059,R01061,21,32,2,0,4,12.5
R01059,R01198,21,19,3,0,4,19.0
R01059,R01558,21,12,0,12,12,57.1
R01059,R01559,21,11,0,8,11,52.4
R01059,R01560,21,9,0,5,9,42.9
R01059,R01570,21,19,3,13,19,90.5
R01059,R01626,21,18,2,0,2,9.5
R01059,R01915,21,9,2,0,2,9.5
R01060,R01388,2,26,1,0,1,3.8
R01060,R01400,2,15,1,0,2,13.3
R01060,R01404,2,13,2,0,2,15.4
R01060,R01612,2,14,1,0,1,7.1
R01060,R01613,2,19,1,0,1,5.3
R01060,R01635,2,4,1,0,1,25.0
R01060,R01973,2,11,2,0,2,18.2
R01060,R02044,2,24,1,0,1,4.2
R01060,R02045,2,9,1,0,1,11.1
R01060,R02083,2,2,0,1,1,50.0
R01061,R01198,32,19,2,0,2,6.2
R01061,R01305,32,29,0,1,1,3.1
R01061,R01570,32,19,2,0,4,12.5
R01061,R01573,32,6,0,1,1,3.1
R01061,R01626,32,18,4,0,4,12.5
R01061,R01801,32,17,0,1,1,3.1
R01061,R01915,32,9,4,0,4,12.5
R01062,R01261,6,10,0,6,6,60.0
R01062,R01787,6,9,0,6,6,66.7
R01063,R01113,28,1,1,0,1,3.6
R01063,R01115,28,2,1,0,1,3.6
R01063,R01518,28,18,1,0,1,3.6
R01063,R01546,28,32,1,9,23,71.9
R01063,R01734,28,21,1,1,16,57.1
R01064,R01913,11,21,0,4,5,23.8
R01065,R02069,4,4,0,1,3,75.0
R01066,R01821,2,3,1,1,2,66.7
R01067,R01072,12,4,4,0,4,33.3
R01067,R01319,12,23,0,2,2,8.7
R01067,R01446,12,12,0,2,2,16.7
R01067,R01662,12,18,0,2,2,11.1
R01068,R01070,19,19,0,16,16,84.2
R01068,R01079,19,21,0,13,16,76.2
R01068,R01080,19,13,3,7,13,68.4
R01068,R01083,19,14,1,3,14,73.7
R01068,R01084,19,12,0,10,12,63.2
R01068,R01218,19,2,0,1,1,5.3
R01068,R01861,19,19,0,3,3,15.8
R01069,R01861,4,19,4,0,4,21.1
R01070,R01079,19,21,0,13,14,66.7
R01070,R01080,19,13,0,7,10,52.6
R01070,R01083,19,14,0,3,12,63.2
R01070,R01084,19,12,0,10,12,63.2
R01070,R01218,19,2,0,1,1,5.3
R01070,R01861,19,19,0,3,3,15.8
R01071,R01105,5,6,1,0,1,16.7
R01071,R01326,5,4,0,2,2,40.0
R01071,R01567,5,4,0,4,4,80.0
R01073,R01076,12,30,0,1,1,3.3
R01073,R01088,12,3,3,0,3,25.0
R01073,R01396,12,12,0,1,1,8.3
R01073,R01455,12,10,0,1,1,8.3
R01073,R01456,12,6,0,1,1,8.3
R01073,R01480,12,16,0,1,1,6.2
R01073,R01504,12,3,0,1,1,8.3
R01073,R01527,12,7,0,1,1,8.3
R01073,R01574,12,7,0,1,1,8.3
R01073,R01693,12,12,0,1,1,8.3
R01073,R01761,12,11,0,1,6,50.0
R01073,R01803,12,13,0,1,1,7.7
R01074,R01077,16,43,0,4,10,23.3
R01074,R01102,16,27,0,4,11,40.7
R01074,R01267,16,14,0,4,10,62.5
R01074,R01276,16,4,1,0,1,6.2
R01074,R01279,16,7,0,4,7,43.8
R01074,R01281,16,42,0,4,10,23.8
R01074,R01307,16,38,0,4,10,26.3
R01074,R01515,16,23,0,4,10,43.5
R01074,R01522,16,27,0,4,10,37.0
R01074,R01691,16,36,0,4,10,27.8
R01074,R01697,16,34,0,4,10,29.4
R01074,R01706,16,21,0,4,10,47.6
R01074,R01859,16,6,0,1,1,6.2
R01074,R01905,16,44,0,4,10,22.7
R01074,R02086,16,36,0,4,10,27.8
R01075,R01081,9,9,2,6,8,88.9
R01075,R01085,9,12,1,0,3,25.0
R01075,R01454,9,20,1,0,1,5.0
R01075,R01761,9,11,1,0,1,9.1
R01075,R01789,9,11,1,0,1,9.1
R01075,R01815,9,3,1,0,1,11.1
R01075,R01909,9,21,2,0,3,14.3
R01075,R01968,9,15,2,0,3,20.0
R01075,R02086,9,36,1,0,1,2.8
R01075,R02099,9,6,1,0,1,11.1
R01076,R01396,30,12,0,1,1,3.3
R01076,R01455,30,10,0,10,10,33.3
R01076,R01456,30,6,0,1,4,13.3
R01076,R01480,30,16,0,1,1,3.3
R01076,R01504,30,3,0,2,3,10.0
R01076,R01527,30,7,0,1,1,3.3
R01076,R01574,30,7,0,1,1,3.3
R01076,R01693,30,12,0,1,1,3.3
R01076,R01761,30,11,0,1,1,3.3
R01076,R01803,30,13,0,1,1,3.3
R01077,R01102,43,27,0,8,13,30.2
R01077,R01127,43,10,1,0,2,4.7
R01077,R01177,43,11,1,0,1,2.3
R01077,R01201,43,13,1,0,2,4.7
R01077,R01204,43,14,1,0,1,2.3
R01077,R01208,43,13,1,0,1,2.3
R01077,R01212,43,13,1,0,1,2.3
R01077,R01227,43,12,1,0,1,2.3
R01077,R01229,43,8,1,0,1,2.3
R01077,R01245,43,10,1,0,1,2.3
R01077,R01255,43,16,1,0,1,2.3
R01077,R01267,43,14,0,10,12,27.9
R01077,R01279,43,7,0,7,7,16.3
R01077,R01281,43,42,0,10,34,79.1
R01077,R01293,43,9,1,0,1,2.3
R01077,R01303,43,15,1,0,1,2.3
R01077,R01307,43,38,0,25,25,58.1
R01077,R01343,43,8,1,0,2,4.7
R01077,R01464,43,22,1,0,1,2.3
R01077,R01515,43,23,0,10,13,30.2
R01077,R01522,43,27,0,10,12,27.9
R01077,R01632,43,2,1,0,1,2.3
R01077,R01641,43,5,1,0,1,2.3
R01077,R01666,43,14,1,0,1,2.3
R01077,R01668,43,8,1,0,1,2.3
R01077,R01691,43,36,0,10,23,53.5
R01077,R01697,43,34,0,34,34,79.1
R01077,R01706,43,21,0,10,19,44.2
R01077,R01846,43,8,1,0,1,2.3
R01077,R01847,43,6,1,0,1,2.3
R01077,R01859,43,6,0,1,1,2.3
R01077,R01905,43,44,1,32,41,93.2
R01077,R02086,43,36,0,25,25,58.1
R01078,R01115,7,2,0,1,1,14.3
R01078,R01425,7,27,0,3,4,14.8
R01078,R01426,7,25,0,3,4,16.0
R01078,R01427,7,24,0,3,4,16.7
R01078,R01428,7,23,0,3,4,17.4
R01078,R01553,7,21,1,0,1,4.8
R01078,R01597,7,8,0,1,1,12.5
R01078,R02088,7,11,0,1,1,9.1
R01079,R01080,21,13,0,7,12,57.1
R01079,R01083,21,14,0,3,13,61.9
R01079,R01084,21,12,0,10,12,57.1
R01079,R01218,21,2,0,1,1,4.8
R01079,R01479,21,16,1,0,1,4.8
R01079,R01861,21,19,0,3,5,23.8
R01079,R01930,21,23,2,0,5,21.7
R01080,R01083,13,14,1,3,11,78.6
R01080,R01084,13,12,0,7,10,76.9
R01080,R01218,13,2,0,1,1,7.7
R01080,R01861,13,19,0,3,3,15.8
R01081,R01085,9,12,1,0,3,25.0
R01081,R01454,9,20,1,0,1,5.0
R01081,R01761,9,11,1,0,1,9.1
R01081,R01789,9,11,1,0,1,9.1
R01081,R01815,9,3,1,0,1,11.1
R01081,R01909,9,21,2,0,3,14.3
R01081,R01968,9,15,2,0,3,20.0
R01081,R02086,9,36,1,0,1,2.8
R01081,R02099,9,6,1,0,1,11.1
R01082,R01088,11,3,0,1,1,9.1
R01082,R01131,11,7,0,1,1,9.1
R01082,R01133,11,8,0,1,1,9.1
R01082,R01135,11,4,0,1,1,9.1
R01082,R01265,11,23,0,1,1,4.3
R01082,R01322,11,14,0,1,1,7.1
R01082,R01365,11,8,0,1,1,9.1
R01082,R01380,11,8,0,1,1,9.1
R01082,R01773,11,41,0,1,1,2.4
R01082,R01813,11,7,0,1,1,9.1
R01082,R01816,11,3,0,1,1,9.1
R01082,R01908,11,35,0,1,2,5.7
R01082,R02044,11,24,0,1,2,8.3
R01083,R01084,14,12,0,3,9,64.3
R01083,R01218,14,2,0,1,1,7.1
R01083,R01861,14,19,0,3,3,15.8
R01084,R01146,12,4,1,0,1,8.3
R01084,R01218,12,2,0,1,1,8.3
R01084,R01861,12,19,0,3,3,15.8
R01085,R01454,12,20,1,0,1,5.0
R01085,R01761,12,11,1,0,1,8.3
R01085,R01789,12,11,1,0,1,8.3
R01085,R01815,12,3,1,0,1,8.3
R01085,R01909,12,21,1,0,2,9.5
R01085,R01968,12,15,1,0,5,33.3
R01085,R02086,12,36,1,0,1,2.8
R01085,R02099,12,6,1,0,1,8.3
R01086,R01154,4,15,0,2,2,13.3
R01086,R01167,4,12,0,2,2,16.7
R01086,R01178,4,12,1,2,3,25.0
R01086,R01183,4,5,0,1,1,20.0
R01086,R01233,4,2,0,1,1,25.0
R01086,R02032,4,10,1,0,1,10.0
R01087,R01292,12,7,1,0,1,8.3
R01087,R01362,12,13,1,0,1,7.7
R01087,R01388,12,26,0,2,9,34.6
R01087,R01411,12,10,1,0,3,25.0
R01087,R01438,12,4,1,0,1,8.3
R01087,R01447,12,21,1,0,1,4.8
R01087,R01450,12,34,1,0,1,2.9
R01087,R01452,12,21,1,0,3,14.3
R01087,R01525,12,3,1,0,1,8.3
R01087,R01621,12,27,0,2,3,11.1
R01087,R01622,12,29,0,2,3,10.3
R01087,R01726,12,20,1,0,1,5.0
R01087,R01753,12,5,1,0,1,8.3
R01087,R01902,12,26,0,2,3,11.5
R01087,R02012,12,7,1,0,1,8.3
R01087,R02099,12,6,0,2,3,25.0
R01088,R01131,3,7,0,1,1,14.3
R01088,R01133,3,8,0,1,1,12.5
R01088,R01135,3,4,0,1,1,25.0
R01088,R01265,3,23,0,1,1,4.3
R01088,R01322,3,14,0,1,1,7.1
R01088,R01365,3,8,0,1,1,12.5
R01088,R01380,3,8,0,1,1,12.5
R01088,R01773,3,41,0,1,1,2.4
R01088,R01813,3,7,0,1,1,14.3
R01088,R01816,3,3,0,1,1,33.3
R01088,R01908,3,35,0,1,1,2.9
R01088,R02044,3,24,0,1,1,4.2
R01089,R01568,18,28,3,0,13,46.4
R01090,R01296,25,18,0,3,13,52.0
R01090,R01342,25,16,0,3,13,52.0
R01090,R01615,25,26,1,0,1,3.8
R01090,R01618,25,4,0,4,4,16.0
R01090,R01967,25,29,0,9,11,37.9
R01090,R01971,25,26,0,9,12,46.2
R01090,R01976,25,20,0,9,9,36.0
R01090,R01995,25,16,0,16,16,64.0
R01090,R01997,25,28,2,17,25,89.3
R01090,R02005,25,18,0,18,18,72.0
R01090,R02015,25,28,0,16,16,57.1
R01090,R02038,25,17,0,9,9,36.0
R01090,R02094,25,20,0,16,16,64.0
R01090,R02098,25,15,3,0,5,20.0
R01091,R01161,18,15,3,0,5,27.8
R01091,R01196,18,5,1,0,1,5.6
R01091,R01216,18,2,1,0,1,5.6
R01091,R01360,18,4,2,0,2,11.1
R01091,R01611,18,15,0,1,1,5.6
R01091,R01678,18,18,0,2,13,72.2
R01091,R01713,18,10,0,2,7,38.9
R01091,R01804,18,9,1,0,1,5.6
R01091,R01892,18,15,2,0,2,11.1
R01091,R01952,18,16,2,0,2,11.1
R01092,R01093,10,20,0,10,10,50.0
R01092,R01348,10,22,0,1,1,4.5
R01092,R02037,10,15,0,1,1,6.7
R01092,R02042,10,15,0,1,1,6.7
R01093,R01348,20,22,0,1,1,4.5
R01093,R01859,20,6,1,0,1,5.0
R01093,R02037,20,15,0,1,1,5.0
R01093,R02042,20,15,0,1,1,5.0
R01094,R01096,17,12,0,4,9,52.9
R01094,R01625,17,19,0,17,17,89.5
R01094,R01699,17,11,0,11,11,64.7
R01094,R01850,17,14,0,5,9,52.9
R01094,R01862,17,8,0,8,8,47.1
R01094,R01864,17,8,0,1,6,35.3
R01094,R01896,17,7,0,5,5,29.4
R01094,R01897,17,8,0,4,5,29.4
R01096,R01625,12,19,0,4,9,47.4
R01096,R01699,12,11,0,4,8,66.7
R01096,R01850,12,14,0,4,5,35.7
R01096,R01862,12,8,0,4,5,41.7
R01096,R01864,12,8,0,1,4,33.3
R01096,R01896,12,7,0,4,4,33.3
R01096,R01897,12,8,0,8,8,66.7
R01096,R02060,12,2,2,0,2,16.7
R01097,R01100,31,17,2,0,2,6.5
R01097,R01503,31,29,1,0,1,3.2
R01097,R01556,31,17,1,0,1,3.2
R01097,R01627,31,38,1,0,1,2.6
R01097,R01655,31,21,1,0,1,3.2
R01097,R01702,31,18,1,0,1,3.2
R01097,R01768,31,15,2,0,2,6.5
R01098,R01300,20,3,3,0,3,15.0
R01098,R01543,20,11,0,11,11,55.0
R01098,R01977,20,3,0,1,1,5.0
R01098,R01994,20,4,0,1,1,5.0
R01099,R01333,18,27,0,11,11,40.7
R01099,R01337,18,6,2,0,2,11.1
R01099,R01575,18,11,0,1,7,38.9
R01099,R01592,18,17,0,1,3,16.7
R01099,R01615,18,26,0,2,7,26.9
R01099,R02065,18,5,0,2,2,11.1
R01100,R01503,17,29,1,0,10,34.5
R01100,R01556,17,17,1,0,11,64.7
R01100,R01627,17,38,1,0,3,7.9
R01100,R01655,17,21,1,0,3,14.3
R01100,R01702,17,18,1,0,10,55.6
R01100,R01768,17,15,3,0,10,58.8
R01101,R01129,13,18,0,1,1,5.6
R01101,R01130,13,12,0,1,1,7.7
R01101,R01132,13,5,0,1,1,7.7
R01101,R01156,13,27,0,13,13,48.1
R01101,R01160,13,17,0,5,5,29.4
R01101,R01841,13,5,0,5,5,38.5
R01101,R01842,13,7,0,7,7,53.8
R01101,R01843,13,9,0,9,9,69.2
R01102,R01106,27,21,1,0,1,3.7
R01102,R01148,27,9,2,0,2,7.4
R01102,R01225,27,15,2,0,2,7.4
R01102,R01247,27,19,1,0,1,3.7
R01102,R01256,27,19,2,0,2,7.4
R01102,R01259,27,23,1,0,1,3.7
R01102,R01267,27,14,0,8,14,51.9
R01102,R01279,27,7,0,7,7,25.9
R01102,R01280,27,15,2,0,14,51.9
R01102,R01281,27,42,0,8,12,28.6
R01102,R01307,27,38,0,8,13,34.2
R01102,R01442,27,8,2,0,2,7.4
R01102,R01497,27,18,2,0,2,7.4
R01102,R01498,27,20,1,0,1,3.7
R01102,R01515,27,23,0,8,18,66.7
R01102,R01522,27,27,0,8,23,85.2
R01102,R01691,27,36,0,8,18,50.0
R01102,R01697,27,34,0,8,13,38.2
R01102,R01706,27,21,0,8,12,44.4
R01102,R01710,27,27,1,0,1,3.7
R01102,R01728,27,8,1,0,1,3.7
R01102,R01834,27,15,2,0,2,7.4
R01102,R01859,27,6,0,1,1,3.7
R01102,R01886,27,11,1,0,1,3.7
R01102,R01905,27,44,0,8,13,29.5
R01102,R02079,27,5,1,0,1,3.7
R01102,R02086,27,36,0,8,13,36.1
R01103,R01463,18,4,1,0,1,5.6
R01103,R01509,18,5,2,0,2,11.1
R01103,R01747,18,7,1,0,1,5.6
R01103,R02101,18,4,2,0,2,11.1
R01104,R01272,4,35,1,0,1,2.9
R01104,R01393,4,2,1,1,2,50.0
R01104,R01511,4,7,2,0,2,28.6
R01104,R01648,4,2,0,1,1,25.0
R01104,R01649,4,2,0,1,1,25.0
R01104,R01707,4,5,1,0,1,20.0
R01104,R01779,4,8,1,0,2,25.0
R01104,R01922,4,10,1,0,1,10.0
R01104,R02020,4,6,0,1,1,16.7
R01104,R02021,4,2,1,0,1,25.0
R01106,R01123,21,16,0,2,2,9.5
R01106,R01124,21,8,0,1,1,4.8
R01106,R01148,21,9,1,0,1,4.8
R01106,R01206,21,19,0,1,1,4.8
R01106,R01225,21,15,1,0,1,4.8
R01106,R01247,21,19,3,0,3,14.3
R01106,R01256,21,19,1,0,1,4.8
R01106,R01259,21,23,2,0,3,13.0
R01106,R01280,21,15,1,0,1,4.8
R01106,R01442,21,8,1,0,1,4.8
R01106,R01462,21,16,0,3,3,14.3
R01106,R01465,21,9,0,3,3,14.3
R01106,R01467,21,21,0,3,3,14.3
R01106,R01497,21,18,1,0,1,4.8
R01106,R01498,21,20,2,0,2,9.5
R01106,R01537,21,30,0,1,1,3.3
R01106,R01710,21,27,2,0,3,11.1
R01106,R01728,21,8,1,0,8,38.1
R01106,R01786,21,3,0,1,1,4.8
R01106,R01826,21,13,0,1,1,4.8
R01106,R01834,21,15,1,0,1,4.8
R01106,R01886,21,11,1,0,1,4.8
R01106,R01972,21,7,0,3,3,14.3
R01106,R02079,21,5,1,0,1,4.8
R01107,R01111,16,17,1,15,16,94.1
R01107,R01125,16,19,0,1,1,5.3
R01107,R01304,16,5,0,1,1,6.2
R01107,R01378,16,21,0,8,13,61.9
R01107,R01523,16,22,0,2,14,63.6
R01107,R01589,16,10,0,1,1,6.2
R01107,R01965,16,7,0,1,1,6.2
R01107,R01970,16,8,0,1,1,6.2
R01107,R02071,16,6,1,0,1,6.2
R01110,R01121,8,8,0,7,4,50.0
R01110,R01326,8,4,4,0,4,50.0
R01110,R01339,8,8,0,7,4,50.0
R01110,R01341,8,8,0,7,4,50.0
R01110,R02043,8,4,0,4,4,50.0
R01111,R01125,17,19,0,1,1,5.3
R01111,R01304,17,5,0,1,1,5.9
R01111,R01378,17,21,0,8,13,61.9
R01111,R01523,17,22,0,2,14,63.6
R01111,R01589,17,10,0,1,1,5.9
R01111,R01965,17,7,0,1,1,5.9
R01111,R01970,17,8,0,1,1,5.9
R01111,R02071,17,6,1,0,1,5.9
R01113,R01115,1,2,1,0,1,50.0
R01113,R01518,1,18,1,0,1,5.6
R01113,R01546,1,32,1,0,1,3.1
R01113,R01734,1,21,1,0,1,4.8
R01113,R01789,1,11,0,1,1,9.1
R01113,R01872,1,2,0,1,1,50.0
R01113,R02013,1,15,0,1,1,6.7
R01114,R01215,24,15,1,0,1,4.2
R01114,R01274,24,20,1,0,1,4.2
R01114,R01588,24,10,1,0,1,4.2
R01114,R01717,24,14,1,0,1,4.2
R01115,R01425,2,27,0,1,1,3.7
R01115,R01426,2,25,0,1,1,4.0
R01115,R01427,2,24,0,1,1,4.2
R01115,R01428,2,23,0,1,1,4.3
R01115,R01518,2,18,1,0,1,5.6
R01115,R01546,2,32,2,0,2,6.2
R01115,R01597,2,8,0,1,1,12.5
R01115,R01734,2,21,2,0,2,9.5
R01115,R02088,2,11,0,1,1,9.1
R01116,R01399,9,10,0,1,1,10.0
R01116,R01419,9,23,0,1,1,4.3
R01116,R01565,9,14,0,1,1,7.1
R01117,R01134,18,18,4,5,17,94.4
R01117,R01500,18,4,0,1,1,5.6
R01117,R01501,18,11,0,1,1,5.6
R01117,R02098,18,15,0,1,1,5.6
R01119,R01261,7,10,1,0,1,10.0
R01119,R01413,7,21,0,1,1,4.8
R01119,R01514,7,22,0,1,1,4.5
R01119,R01554,7,30,1,0,1,3.3
R01119,R01597,7,8,1,0,1,12.5
R01119,R01738,7,27,1,0,1,3.7
R01119,R01866,7,5,1,0,1,14.3
R01119,R02076,7,11,1,0,3,27.3
R01121,R01339,8,8,0,7,4,50.0
R01121,R01341,8,8,0,7,4,50.0
R01121,R02043,8,4,0,4,4,50.0
R01122,R01180,2,42,0,1,1,2.4
R01122,R01187,2,31,0,1,1,3.2
R01122,R01239,2,27,0,1,1,3.7
R01122,R01272,2,35,0,1,1,2.9
R01122,R01600,2,42,0,1,1,2.4
R01122,R01628,2,33,0,1,1,3.0
R01122,R01736,2,30,0,1,1,3.3
R01122,R01755,2,31,0,1,1,3.2
R01123,R01124,16,8,0,1,1,6.2
R01123,R01206,16,19,0,1,1,5.3
R01123,R01207,16,28,1,0,1,3.6
R01123,R01251,16,11,1,0,1,6.2
R01123,R01457,16,3,1,0,1,6.2
R01123,R01462,16,16,0,2,2,12.5
R01123,R01465,16,9,0,2,2,12.5
R01123,R01467,16,21,0,2,2,9.5
R01123,R01526,16,17,1,0,1,5.9
R01123,R01531,16,3,1,0,1,6.2
R01123,R01537,16,30,0,1,1,3.3
R01123,R01786,16,3,0,1,1,6.2
R01123,R01826,16,13,0,1,1,6.2
R01123,R01874,16,7,1,0,2,12.5
R01123,R01972,16,7,0,2,2,12.5
R01124,R01206,8,19,0,1,1,5.3
R01124,R01266,8,18,1,0,1,5.6
R01124,R01462,8,16,0,1,1,6.2
R01124,R01465,8,9,0,1,1,11.1
R01124,R01467,8,21,0,1,1,4.8
R01124,R01537,8,30,0,2,8,26.7
R01124,R01740,8,21,3,0,7,33.3
R01124,R01786,8,3,0,1,1,12.5
R01124,R01826,8,13,1,2,8,61.5
R01124,R01852,8,34,1,0,1,2.9
R01124,R01877,8,22,3,0,5,22.7
R01124,R01972,8,7,0,1,1,12.5
R01125,R01165,19,9,1,0,1,5.3
R01125,R01170,19,10,1,0,1,5.3
R01125,R01304,19,5,0,1,1,5.3
R01125,R01378,19,21,0,1,1,4.8
R01125,R01475,19,11,1,0,5,26.3
R01125,R01523,19,22,0,1,1,4.5
R01125,R01532,19,4,1,0,1,5.3
R01125,R01536,19,2,1,0,1,5.3
R01125,R01545,19,18,4,0,8,42.1
R01125,R01555,19,10,1,0,5,26.3
R01125,R01589,19,10,0,1,1,5.3
R01125,R01605,19,8,1,0,1,5.3
R01125,R01608,19,12,1,0,1,5.3
R01125,R01623,19,9,1,0,1,5.3
R01125,R01816,19,3,1,0,1,5.3
R01125,R01961,19,4,1,0,1,5.3
R01125,R01963,19,3,1,0,1,5.3
R01125,R01965,19,7,0,1,1,5.3
R01125,R01970,19,8,0,1,1,5.3
R01125,R02030,19,7,1,0,1,5.3
R01125,R02083,19,2,1,0,1,5.3
R01126,R01192,3,5,1,0,1,20.0
R01126,R01213,3,19,1,0,1,5.3
R01126,R01254,3,14,1,0,1,7.1
R01127,R01152,10,10,0,2,2,20.0
R01127,R01169,10,15,0,1,1,6.7
R01127,R01176,10,19,0,3,4,21.1
R01127,R01177,10,11,1,0,1,9.1
R01127,R01201,10,13,1,3,9,69.2
R01127,R01202,10,7,0,1,1,10.0
R01127,R01204,10,14,1,0,1,7.1
R01127,R01208,10,13,1,0,1,7.7
R01127,R01212,10,13,1,0,1,7.7
R01127,R01221,10,14,0,3,3,21.4
R01127,R01227,10,12,1,0,1,8.3
R01127,R01229,10,8,1,0,1,10.0
R01127,R01245,10,10,1,0,1,10.0
R01127,R01255,10,16,1,0,1,6.2
R01127,R01260,10,13,0,2,2,15.4
R01127,R01271,10,10,0,2,2,20.0
R01127,R01273,10,11,0,2,2,18.2
R01127,R01293,10,9,1,0,1,10.0
R01127,R01303,10,15,1,3,5,33.3
R01127,R01343,10,8,1,0,5,50.0
R01127,R01464,10,22,1,3,5,22.7
R01127,R01591,10,20,0,2,2,10.0
R01127,R01632,10,2,1,0,1,10.0
R01127,R01641,10,5,1,0,1,10.0
R01127,R01666,10,14,1,0,1,7.1
R01127,R01668,10,8,1,0,1,10.0
R01127,R01720,10,6,0,2,2,20.0
R01127,R01796,10,9,0,2,2,20.0
R01127,R01844,10,24,0,2,2,8.3
R01127,R01846,10,8,1,0,1,10.0
R01127,R01847,10,6,1,0,1,10.0
R01127,R01853,10,11,0,2,2,18.2
R01127,R01860,10,11,0,2,2,18.2
R01127,R01865,10,28,0,1,2,7.1
R01127,R01879,10,22,0,2,2,9.1
R01127,R01905,10,44,1,0,4,9.1
R01127,R02061,10,4,0,4,4,40.0
R01128,R01129,10,18,2,0,2,11.1
R01128,R01143,10,4,4,0,4,40.0
R01128,R01145,10,9,0,1,6,60.0
R01128,R01149,10,7,1,0,1,10.0
R01128,R01150,10,13,0,1,1,7.7
R01128,R01174,10,11,0,1,1,9.1
R01128,R01175,10,7,0,1,1,10.0
R01128,R01194,10,9,0,1,7,70.0
R01128,R01205,10,14,0,1,1,7.1
R01128,R01209,10,10,0,1,1,10.0
R01128,R01211,10,8,0,1,1,10.0
R01128,R01213,10,19,0,1,1,5.3
R01128,R01215,10,15,0,1,1,6.7
R01128,R01244,10,22,2,0,2,9.1
R01128,R01254,10,14,0,1,1,7.1
R01128,R01258,10,13,2,0,2,15.4
R01128,R01270,10,17,3,2,5,29.4
R01128,R01306,10,7,0,1,1,10.0
R01128,R01368,10,11,0,1,1,9.1
R01128,R01454,10,20,0,1,4,20.0
R01128,R01599,10,23,0,1,2,8.7
R01128,R01633,10,2,0,1,1,10.0
R01128,R01640,10,5,0,1,1,10.0
R01128,R01673,10,12,2,0,2,16.7
R01128,R01795,10,2,1,0,1,10.0
R01128,R01845,10,7,4,1,7,70.0
R01128,R02062,10,34,2,0,2,5.9
R01128,R02097,10,27,2,0,2,7.4
R01129,R01130,18,12,0,1,1,5.6
R01129,R01132,18,5,0,1,1,5.6
R01129,R01143,18,4,2,0,2,11.1
R01129,R01149,18,7,1,0,1,5.6
R01129,R01156,18,27,0,1,1,3.7
R01129,R01160,18,17,0,1,1,5.6
R01129,R01244,18,22,2,0,2,9.1
R01129,R01258,18,13,2,0,2,11.1
R01129,R01270,18,17,2,0,2,11.1
R01129,R01673,18,12,2,0,2,11.1
R01129,R01795,18,2,1,0,1,5.6
R01129,R01841,18,5,0,1,1,5.6
R01129,R01842,18,7,0,1,1,5.6
R01129,R01843,18,9,0,1,1,5.6
R01129,R01845,18,7,2,0,2,11.1
R01129,R02062,18,34,2,0,2,5.9
R01129,R02097,18,27,2,0,2,7.4
R01130,R01132,12,5,0,5,5,41.7
R01130,R01156,12,27,0,1,1,3.7
R01130,R01160,12,17,0,1,1,5.9
R01130,R01316,12,4,4,0,4,33.3
R01130,R01449,12,1,1,0,1,8.3
R01130,R01841,12,5,0,1,1,8.3
R01130,R01842,12,7,0,1,1,8.3
R01130,R01843,12,9,0,1,1,8.3
R01131,R01133,7,8,0,1,2,25.0
R01131,R01135,7,4,0,4,4,57.1
R01131,R01265,7,23,0,1,4,17.4
R01131,R01322,7,14,0,4,4,28.6
R01131,R01365,7,8,0,7,7,87.5
R01131,R01380,7,8,0,1,3,37.5
R01131,R01773,7,41,0,1,4,9.8
R01131,R01813,7,7,0,1,1,14.3
R01131,R01816,7,3,0,1,1,14.3
R01131,R01908,7,35,0,1,1,2.9
R01131,R02044,7,24,0,1,1,4.2
R01132,R01156,5,27,0,1,1,3.7
R01132,R01160,5,17,0,1,1,5.9
R01132,R01481,5,3,1,0,2,40.0
R01132,R01482,5,1,1,0,1,20.0
R01132,R01499,5,2,1,0,1,20.0
R01132,R01841,5,5,0,1,1,20.0
R01132,R01842,5,7,0,1,1,14.3
R01132,R01843,5,9,0,1,1,11.1
R01133,R01135,8,4,0,1,2,25.0
R01133,R01265,8,23,0,2,2,8.7
R01133,R01322,8,14,0,1,2,14.3
R01133,R01365,8,8,0,1,2,25.0
R01133,R01380,8,8,0,2,2,25.0
R01133,R01773,8,41,0,2,2,4.9
R01133,R01813,8,7,0,1,1,12.5
R01133,R01816,8,3,0,1,1,12.5
R01133,R01908,8,35,0,1,1,2.9
R01133,R02044,8,24,0,1,1,4.2
R01134,R01500,18,4,0,1,1,5.6
R01134,R01501,18,11,0,1,1,5.6
R01134,R02098,18,15,0,1,1,5.6
R01135,R01265,4,23,0,1,2,8.7
R01135,R01285,4,4,1,0,1,25.0
R01135,R01322,4,14,0,4,4,28.6
R01135,R01365,4,8,0,4,4,50.0
R01135,R01380,4,8,0,1,2,25.0
R01135,R01773,4,41,0,1,2,4.9
R01135,R01813,4,7,0,1,1,14.3
R01135,R01816,4,3,0,1,1,25.0
R01135,R01908,4,35,0,1,1,2.9
R01135,R02013,4,15,1,0,1,6.7
R01135,R02044,4,24,0,1,1,4.2
R01136,R01137,21,22,0,21,21,95.5
R01136,R01579,21,13,0,12,13,61.9
R01136,R01808,21,26,0,1,11,42.3
R01137,R01176,22,19,1,0,1,4.5
R01137,R01324,22,5,1,0,1,4.5
R01137,R01369,22,5,1,0,1,4.5
R01137,R01579,22,13,0,12,13,59.1
R01137,R01808,22,26,0,1,12,46.2
R01138,R01347,18,4,0,1,1,5.6
R01138,R01659,18,3,0,1,1,5.6
R01138,R01661,18,3,0,1,1,5.6
R01138,R01833,18,9,1,0,1,5.6
R01138,R01946,18,2,0,1,1,5.6
R01138,R01947,18,2,0,1,1,5.6
R01138,R02040,18,5,0,3,5,27.8
R01139,R01295,18,21,3,1,17,81.0
R01139,R01297,18,34,0,1,8,23.5
R01139,R01347,18,4,1,0,1,5.6
R01139,R01659,18,3,1,0,1,5.6
R01139,R01661,18,3,1,0,1,5.6
R01139,R01675,18,9,0,1,1,5.6
R01139,R01849,18,7,0,1,1,5.6
R01139,R01929,18,7,0,1,1,5.6
R01139,R01931,18,6,0,1,1,5.6
R01139,R01945,18,2,1,0,1,5.6
R01139,R01948,18,2,1,0,1,5.6
R01139,R01979,18,16,0,1,1,5.6
R01140,R01141,19,11,0,11,11,57.9
R01140,R01190,19,4,0,1,4,21.1
R01140,R01193,19,2,0,1,1,5.3
R01140,R01401,19,2,0,1,1,5.3
R01140,R02058,19,8,0,1,1,5.3
R01141,R01189,11,1,1,0,1,9.1
R01141,R01190,11,4,2,1,4,36.4
R01141,R01193,11,2,0,1,1,9.1
R01141,R01401,11,2,0,1,1,9.1
R01141,R01865,11,28,1,0,1,3.6
R01141,R02058,11,8,0,1,1,9.1
R01142,R01185,8,13,0,8,8,61.5
R01142,R01316,8,4,0,4,4,50.0
R01143,R01149,4,7,1,0,1,14.3
R01143,R01199,4,9,0,1,1,11.1
R01143,R01244,4,22,2,0,2,9.1
R01143,R01258,4,13,2,0,2,15.4
R01143,R01270,4,17,3,0,3,17.6
R01143,R01324,4,5,0,1,1,20.0
R01143,R01673,4,12,2,0,2,16.7
R01143,R01795,4,2,1,0,1,25.0
R01143,R01845,4,7,4,0,4,57.1
R01143,R02062,4,34,2,0,2,5.9
R01143,R02097,4,27,2,0,2,7.4
R01145,R01150,9,13,0,1,1,7.7
R01145,R01174,9,11,0,1,1,9.1
R01145,R01175,9,7,0,1,1,11.1
R01145,R01194,9,9,0,8,8,88.9
R01145,R01205,9,14,0,1,1,7.1
R01145,R01209,9,10,0,1,1,10.0
R01145,R01211,9,8,0,1,1,11.1
R01145,R01213,9,19,0,1,1,5.3
R01145,R01215,9,15,0,1,1,6.7
R01145,R01254,9,14,0,1,1,7.1
R01145,R01270,9,17,0,1,3,17.6
R01145,R01306,9,7,0,1,1,11.1
R01145,R01368,9,11,0,1,1,9.1
R01145,R01454,9,20,0,1,3,15.0
R01145,R01599,9,23,0,1,2,8.7
R01145,R01633,9,2,0,1,1,11.1
R01145,R01640,9,5,0,1,1,11.1
R01145,R01845,9,7,0,1,3,33.3
R01147,R01250,2,2,0,1,1,50.0
R01147,R01519,2,2,1,0,1,50.0
R01147,R01913,2,21,1,0,1,4.8
R01148,R01225,9,15,2,0,9,60.0
R01148,R01247,9,19,1,0,1,5.3
R01148,R01256,9,19,3,0,3,15.8
R01148,R01259,9,23,1,0,1,4.3
R01148,R01280,9,15,2,0,2,13.3
R01148,R01442,9,8,3,0,5,55.6
R01148,R01497,9,18,2,0,3,16.7
R01148,R01498,9,20,1,0,1,5.0
R01148,R01710,9,27,1,0,1,3.7
R01148,R01728,9,8,1,0,1,11.1
R01148,R01834,9,15,3,0,3,20.0
R01148,R01886,9,11,1,0,1,9.1
R01148,R02079,9,5,1,0,1,11.1
R01149,R01244,7,22,1,0,1,4.5
R01149,R01258,7,13,1,0,1,7.7
R01149,R01270,7,17,1,0,1,5.9
R01149,R01673,7,12,1,0,1,8.3
R01149,R01795,7,2,1,0,1,14.3
R01149,R01845,7,7,1,0,1,14.3
R01149,R02062,7,34,1,0,1,2.9
R01149,R02097,7,27,1,0,1,3.7
R01150,R01174,13,11,0,1,1,7.7
R01150,R01175,13,7,0,1,1,7.7
R01150,R01194,13,9,0,1,1,7.7
R01150,R01205,13,14,0,1,12,85.7
R01150,R01209,13,10,0,1,8,61.5
R01150,R01211,13,8,0,1,2,15.4
R01150,R01213,13,19,0,1,10,52.6
R01150,R01215,13,15,0,1,1,6.7
R01150,R01254,13,14,0,1,7,50.0
R01150,R01270,13,17,0,1,1,5.9
R01150,R01306,13,7,0,1,1,7.7
R01150,R01368,13,11,0,1,1,7.7
R01150,R01454,13,20,0,1,1,5.0
R01150,R01599,13,23,0,1,1,4.3
R01150,R01633,13,2,0,1,1,7.7
R01150,R01640,13,5,0,1,1,7.7
R01150,R01845,13,7,0,1,1,7.7
R01151,R01217,16,20,0,1,12,60.0
R01151,R01222,16,23,0,1,8,34.8
R01151,R01235,16,16,0,1,6,37.5
R01151,R01237,16,30,0,1,6,20.0
R01151,R01249,16,4,0,1,2,12.5
R01151,R01263,16,8,0,1,7,43.8
R01151,R01298,16,20,0,1,8,40.0
R01151,R01299,16,8,0,1,8,50.0
R01151,R01329,16,8,1,0,1,6.2
R01151,R01331,16,7,1,0,1,6.2
R01151,R01332,16,13,1,0,1,6.2
R01151,R01346,16,5,1,0,1,6.2
R01151,R01361,16,12,1,0,1,6.2
R01151,R01373,16,13,0,1,6,37.5
R01151,R01443,16,24,1,0,1,4.2
R01151,R01465,16,9,1,0,1,6.2
R01151,R01656,16,6,0,1,3,18.8
R01151,R01657,16,12,0,1,7,43.8
R01151,R01658,16,9,0,1,7,43.8
R01151,R01662,16,18,1,0,2,11.1
R01151,R01712,16,23,2,3,12,52.2
R01151,R01716,16,5,1,0,1,6.2
R01151,R01723,16,13,1,1,12,75.0
R01151,R01731,16,9,0,1,6,37.5
R01151,R01732,16,17,0,1,7,41.2
R01151,R01733,16,19,0,1,8,42.1
R01151,R01740,16,21,0,1,9,42.9
R01151,R01781,16,6,0,1,3,18.8
R01151,R01784,16,25,1,0,1,4.0
R01151,R01829,16,7,0,1,6,37.5
R01151,R01855,16,6,4,0,4,25.0
R01151,R01877,16,22,0,1,9,40.9
R01151,R01912,16,7,0,1,3,18.8
R01151,R01942,16,5,0,1,2,12.5
R01151,R01943,16,16,1,13,14,87.5
R01151,R01958,16,10,0,1,8,50.0
R01151,R01972,16,7,1,0,1,6.2
R01151,R01996,16,21,1,0,1,4.8
R01152,R01169,10,15,0,1,1,6.7
R01152,R01176,10,19,0,2,2,10.5
R01152,R01201,10,13,0,2,2,15.4
R01152,R01202,10,7,0,1,1,10.0
R01152,R01221,10,14,0,2,2,14.3
R01152,R01260,10,13,0,3,4,30.8
R01152,R01271,10,10,0,2,4,40.0
R01152,R01273,10,11,0,2,6,54.5
R01152,R01303,10,15,0,2,2,13.3
R01152,R01464,10,22,0,2,2,9.1
R01152,R01591,10,20,0,2,2,10.0
R01152,R01720,10,6,0,2,2,20.0
R01152,R01796,10,9,0,2,3,30.0
R01152,R01844,10,24,0,2,2,8.3
R01152,R01853,10,11,0,2,6,54.5
R01152,R01860,10,11,0,6,8,72.7
R01152,R01865,10,28,0,1,2,7.1
R01152,R01879,10,22,0,2,2,9.1
R01152,R02061,10,4,0,2,2,20.0
R01153,R01198,9,19,0,1,1,5.3
R01153,R01220,9,15,0,1,1,6.7
R01153,R01223,9,11,0,1,1,9.1
R01153,R01231,9,11,0,1,1,9.1
R01153,R02076,9,11,0,1,1,9.1
R01153,R02077,9,5,0,1,1,11.1
R01154,R01167,15,12,0,4,10,66.7
R01154,R01178,15,12,0,4,9,60.0
R01154,R01183,15,5,0,1,1,6.7
R01154,R01233,15,2,0,1,1,6.7
R01155,R01720,25,6,1,0,1,4.0
R01155,R01837,25,7,0,7,7,28.0
R01155,R01875,25,20,1,0,11,44.0
R01155,R01876,25,17,3,0,11,44.0
R01156,R01160,27,17,0,5,5,18.5
R01156,R01841,27,5,0,5,5,18.5
R01156,R01842,27,7,0,7,7,25.9
R01156,R01843,27,9,0,9,9,33.3
R01157,R01159,27,25,1,23,24,88.9
R01158,R01225,24,15,0,15,15,62.5
R01158,R01310,24,22,0,22,22,91.7
R01158,R01442,24,8,0,2,8,33.3
R01160,R01841,17,5,0,5,5,29.4
R01160,R01842,17,7,0,5,5,29.4
R01160,R01843,17,9,0,5,5,29.4
R01161,R01196,15,5,1,0,1,6.7
R01161,R01216,15,2,1,0,1,6.7
R01161,R01360,15,4,2,0,2,13.3
R01161,R01804,15,9,1,0,1,6.7
R01161,R01892,15,15,2,0,2,13.3
R01161,R01952,15,16,2,0,2,12.5
R01163,R01385,3,7,0,1,2,28.6
R01163,R01387,3,6,1,0,1,16.7
R01163,R01391,3,12,0,1,2,16.7
R01163,R01415,3,9,0,1,2,22.2
R01163,R01683,3,13,0,1,2,15.4
R01163,R01939,3,14,1,0,1,7.1
R01163,R02023,3,10,1,0,1,10.0
R01165,R01170,9,10,1,0,6,60.0
R01165,R01475,9,11,1,0,1,9.1
R01165,R01532,9,4,1,0,1,11.1
R01165,R01536,9,2,1,0,1,11.1
R01165,R01545,9,18,1,0,1,5.6
R01165,R01555,9,10,1,0,1,10.0
R01165,R01605,9,8,1,0,1,11.1
R01165,R01608,9,12,1,0,4,33.3
R01165,R01623,9,9,1,0,1,11.1
R01165,R01816,9,3,1,0,1,11.1
R01165,R01961,9,4,1,0,1,11.1
R01165,R01963,9,3,1,0,1,11.1
R01165,R02030,9,7,1,0,1,11.1
R01165,R02083,9,2,1,0,1,11.1
R01166,R01258,5,13,0,1,1,7.7
R01166,R01474,5,5,0,1,1,20.0
R01166,R01673,5,12,0,1,1,8.3
R01167,R01178,12,12,0,11,11,91.7
R01167,R01183,12,5,0,1,1,8.3
R01167,R01233,12,2,0,1,1,8.3
R01167,R01713,12,10,1,0,1,8.3
R01168,R01907,29,8,0,5,7,24.1
R01168,R01910,29,13,0,3,7,24.1
R01168,R02103,29,12,0,9,10,34.5
R01169,R01176,15,19,0,1,1,5.3
R01169,R01201,15,13,0,1,1,6.7
R01169,R01202,15,7,0,1,4,26.7
R01169,R01221,15,14,0,1,1,6.7
R01169,R01260,15,13,0,1,1,6.7
R01169,R01271,15,10,0,1,1,6.7
R01169,R01273,15,11,0,1,1,6.7
R01169,R01303,15,15,0,1,1,6.7
R01169,R01464,15,22,0,1,1,4.5
R01169,R01527,15,7,1,0,1,6.7
R01169,R01576,15,7,1,0,1,6.7
R01169,R01577,15,3,1,0,1,6.7
R01169,R01591,15,20,0,1,1,5.0
R01169,R01720,15,6,0,1,1,6.7
R01169,R01727,15,25,1,0,1,4.0
R01169,R01796,15,9,0,1,1,6.7
R01169,R01844,15,24,0,1,1,4.2
R01169,R01853,15,11,0,1,1,6.7
R01169,R01860,15,11,0,1,1,6.7
R01169,R01865,15,28,0,1,1,3.6
R01169,R01879,15,22,0,1,1,4.5
R01169,R01950,15,12,1,0,1,6.7
R01169,R02061,15,4,0,1,1,6.7
R01170,R01475,10,11,1,0,1,9.1
R01170,R01532,10,4,1,0,1,10.0
R01170,R01536,10,2,1,0,1,10.0
R01170,R01545,10,18,1,0,1,5.6
R01170,R01555,10,10,1,0,1,10.0
R01170,R01605,10,8,1,0,1,10.0
R01170,R01608,10,12,1,0,4,33.3
R01170,R01623,10,9,1,0,1,10.0
R01170,R01816,10,3,1,0,1,10.0
R01170,R01961,10,4,1,0,1,10.0
R01170,R01963,10,3,1,0,1,10.0
R01170,R02030,10,7,1,0,1,10.0
R01170,R02083,10,2,1,0,1,10.0
R01171,R01312,41,11,0,1,1,2.4
R01171,R01932,41,13,0,1,1,2.4
R01171,R02002,41,3,0,1,1,2.4
R01171,R02006,41,4,0,1,1,2.4
R01171,R02007,41,5,0,1,1,2.4
R01172,R01195,7,6,0,1,1,14.3
R01172,R01274,7,20,0,1,1,5.0
R01172,R01301,7,7,0,1,4,57.1
R01172,R01494,7,22,0,1,1,4.5
R01172,R01530,7,2,0,1,1,14.3
R01172,R01551,7,16,0,1,1,6.2
R01172,R01612,7,14,0,1,1,7.1
R01172,R01617,7,7,0,1,1,14.3
R01172,R01717,7,14,0,1,1,7.1
R01172,R01721,7,6,0,1,1,14.3
R01172,R01815,7,3,0,1,1,14.3
R01172,R01888,7,6,0,1,3,42.9
R01172,R01895,7,9,3,1,4,44.4
R01172,R01951,7,4,0,1,1,14.3
R01172,R01964,7,12,0,1,1,8.3
R01172,R01991,7,4,0,1,1,14.3
R01172,R01998,7,8,0,1,1,12.5
R01172,R02012,7,7,0,1,1,14.3
R01172,R02027,7,9,0,1,3,33.3
R01172,R02029,7,10,0,1,1,10.0
R01172,R02085,7,2,0,1,1,14.3
R01172,R02095,7,7,0,1,3,42.9
R01174,R01175,11,7,0,1,6,54.5
R01174,R01194,11,9,0,1,1,9.1
R01174,R01205,11,14,0,1,1,7.1
R01174,R01209,11,10,0,1,1,9.1
R01174,R01211,11,8,0,1,1,9.1
R01174,R01213,11,19,0,1,1,5.3
R01174,R01215,11,15,0,1,6,40.0
R01174,R01254,11,14,0,1,1,7.1
R01174,R01270,11,17,0,1,1,5.9
R01174,R01306,11,7,0,7,7,63.6
R01174,R01368,11,11,0,1,6,54.5
R01174,R01454,11,20,0,1,1,5.0
R01174,R01599,11,23,0,1,1,4.3
R01174,R01633,11,2,0,1,1,9.1
R01174,R01640,11,5,0,1,1,9.1
R01174,R01845,11,7,0,1,1,9.1
R01175,R01194,7,9,0,1,1,11.1
R01175,R01205,7,14,0,1,1,7.1
R01175,R01209,7,10,0,1,1,10.0
R01175,R01211,7,8,0,1,1,12.5
R01175,R01213,7,19,0,1,1,5.3
R01175,R01215,7,15,0,7,7,46.7
R01175,R01254,7,14,0,1,1,7.1
R01175,R01270,7,17,0,1,1,5.9
R01175,R01306,7,7,0,1,2,28.6
R01175,R01368,7,11,0,7,7,63.6
R01175,R01454,7,20,0,1,1,5.0
R01175,R01599,7,23,0,1,1,4.3
R01175,R01633,7,2,0,1,1,14.3
R01175,R01640,7,5,0,1,1,14.3
R01175,R01845,7,7,0,1,1,14.3
R01176,R01201,19,13,0,7,8,42.1
R01176,R01202,19,7,0,1,1,5.3
R01176,R01221,19,14,0,14,14,73.7
R01176,R01260,19,13,0,2,2,10.5
R01176,R01271,19,10,0,2,2,10.5
R01176,R01273,19,11,0,2,2,10.5
R01176,R01303,19,15,0,9,12,63.2
R01176,R01324,19,5,1,0,1,5.3
R01176,R01369,19,5,1,0,1,5.3
R01176,R01464,19,22,0,18,18,81.8
R01176,R01591,19,20,0,2,2,10.0
R01176,R01720,19,6,0,2,2,10.5
R01176,R01796,19,9,0,2,2,10.5
R01176,R01844,19,24,0,2,2,8.3
R01176,R01853,19,11,0,2,2,10.5
R01176,R01860,19,11,0,2,2,10.5
R01176,R01865,19,28,0,1,2,7.1
R01176,R01879,19,22,0,2,2,9.1
R01176,R02061,19,4,0,3,3,15.8
R01177,R01186,11,7,0,1,1,9.1
R01177,R01192,11,5,0,1,1,9.1
R01177,R01201,11,13,1,0,1,7.7
R01177,R01204,11,14,1,0,1,7.1
R01177,R01208,11,13,1,0,1,7.7
R01177,R01212,11,13,1,0,1,7.7
R01177,R01227,11,12,1,0,1,8.3
R01177,R01229,11,8,1,0,1,9.1
R01177,R01245,11,10,1,0,1,9.1
R01177,R01255,11,16,1,0,1,6.2
R01177,R01293,11,9,1,0,1,9.1
R01177,R01303,11,15,1,0,1,6.7
R01177,R01343,11,8,1,0,1,9.1
R01177,R01464,11,22,1,0,1,4.5
R01177,R01632,11,2,1,0,1,9.1
R01177,R01641,11,5,1,0,1,9.1
R01177,R01666,11,14,1,0,9,64.3
R01177,R01668,11,8,1,0,1,9.1
R01177,R01846,11,8,3,0,3,27.3
R01177,R01847,11,6,1,0,1,9.1
R01177,R01905,11,44,1,0,1,2.3
R01178,R01183,12,5,0,1,1,8.3
R01178,R01233,12,2,0,1,1,8.3
R01178,R02032,12,10,1,0,1,8.3
R01179,R01230,2,2,1,0,1,50.0
R01180,R01187,42,31,0,9,31,73.8
R01180,R01239,42,27,0,9,27,64.3
R01180,R01272,42,35,0,9,32,76.2
R01180,R01600,42,42,2,22,41,97.6
R01180,R01628,42,33,3,1,32,76.2
R01180,R01736,42,30,0,9,30,71.4
R01180,R01755,42,31,2,9,30,71.4
R01181,R01267,3,14,3,0,3,21.4
R01181,R01276,3,4,0,1,1,25.0
R01181,R01280,3,15,0,3,3,20.0
R01183,R01233,5,2,1,1,2,40.0
R01184,R01249,27,4,2,0,3,11.1
R01184,R01431,27,19,0,19,19,70.4
R01184,R01656,27,6,4,0,5,18.5
R01184,R01692,27,27,0,26,26,96.3
R01184,R01942,27,5,2,0,4,14.8
R01185,R01271,13,10,1,0,1,7.7
R01185,R01273,13,11,1,0,1,7.7
R01185,R01316,13,4,0,4,4,30.8
R01185,R01873,13,6,3,0,5,38.5
R01186,R01192,7,5,0,5,5,71.4
R01187,R01239,31,27,1,23,27,87.1
R01187,R01272,31,35,0,26,31,88.6
R01187,R01600,31,42,0,9,30,71.4
R01187,R01628,31,33,0,1,27,81.8
R01187,R01736,31,30,1,29,30,96.8
R01187,R01755,31,31,0,10,28,90.3
R01187,R01907,31,8,1,0,6,19.4
R01187,R01910,31,13,2,0,8,25.8
R01187,R01980,31,8,1,0,1,3.2
R01187,R02090,31,6,1,0,1,3.2
R01188,R01414,27,16,0,1,1,3.7
R01188,R01486,27,6,1,0,4,14.8
R01188,R01924,27,28,2,24,26,92.9
R01189,R01190,1,4,1,0,1,25.0
R01189,R01191,1,3,0,1,1,33.3
R01189,R01865,1,28,1,0,1,3.6
R01189,R02062,1,34,0,1,1,2.9
R01189,R02097,1,27,0,1,1,3.7
R01190,R01193,4,2,0,1,1,25.0
R01190,R01401,4,2,0,1,1,25.0
R01190,R01865,4,28,1,0,1,3.6
R01190,R02058,4,8,0,1,1,12.5
R01191,R01193,3,2,1,0,1,33.3
R01191,R01297,3,34,1,0,3,8.8
R01191,R01828,3,2,1,0,1,33.3
R01191,R02058,3,8,1,0,1,12.5
R01191,R02062,3,34,0,1,1,2.9
R01191,R02097,3,27,0,1,1,3.7
R01192,R01213,5,19,3,0,4,21.1
R01192,R01254,5,14,4,0,4,28.6
R01193,R01297,2,34,1,0,1,2.9
R01193,R01401,2,2,0,1,1,50.0
R01193,R01828,2,2,1,0,1,50.0
R01193,R02058,2,8,1,1,1,12.5
R01194,R01205,9,14,0,1,1,7.1
R01194,R01209,9,10,0,1,1,10.0
R01194,R01211,9,8,0,1,1,11.1
R01194,R01213,9,19,0,1,1,5.3
R01194,R01215,9,15,0,1,1,6.7
R01194,R01254,9,14,0,1,1,7.1
R01194,R01270,9,17,0,1,3,17.6
R01194,R01306,9,7,0,1,1,11.1
R01194,R01368,9,11,0,1,1,9.1
R01194,R01454,9,20,0,1,4,20.0
R01194,R01599,9,23,0,1,2,8.7
R01194,R01633,9,2,0,1,1,11.1
R01194,R01640,9,5,0,1,1,11.1
R01194,R01790,9,15,3,0,5,33.3
R01194,R01845,9,7,0,1,4,44.4
R01194,R02061,9,4,1,0,1,11.1
R01195,R01274,6,20,0,1,1,5.0
R01195,R01301,6,7,0,1,1,14.3
R01195,R01355,6,7,1,0,1,14.3
R01195,R01494,6,22,0,1,1,4.5
R01195,R01530,6,2,0,1,1,16.7
R01195,R01551,6,16,0,1,1,6.2
R01195,R01612,6,14,0,1,1,7.1
R01195,R01617,6,7,0,1,1,14.3
R01195,R01714,6,5,1,0,1,16.7
R01195,R01717,6,14,0,1,1,7.1
R01195,R01721,6,6,3,2,5,83.3
R01195,R01766,6,5,1,0,1,16.7
R01195,R01767,6,11,4,0,6,54.5
R01195,R01815,6,3,0,1,1,16.7
R01195,R01888,6,6,0,1,1,16.7
R01195,R01895,6,9,0,1,1,11.1
R01195,R01951,6,4,0,1,1,16.7
R01195,R01964,6,12,0,1,1,8.3
R01195,R01991,6,4,0,1,1,16.7
R01195,R01998,6,8,0,1,1,12.5
R01195,R02009,6,2,1,0,1,16.7
R01195,R02012,6,7,0,1,1,14.3
R01195,R02027,6,9,0,1,1,11.1
R01195,R02029,6,10,0,1,1,10.0
R01195,R02085,6,2,1,1,2,33.3
R01195,R02095,6,7,0,1,1,14.3
R01196,R01216,5,2,1,1,2,40.0
R01196,R01360,5,4,1,0,1,20.0
R01196,R01608,5,12,0,1,1,8.3
R01196,R01804,5,9,1,0,2,22.2
R01196,R01892,5,15,1,0,1,6.7
R01196,R01952,5,16,1,0,1,6.2
R01197,R01292,5,7,0,1,1,14.3
R01197,R01433,5,12,0,1,1,8.3
R01197,R01434,5,12,0,1,1,8.3
R01197,R01435,5,8,0,1,1,12.5
R01197,R01436,5,13,0,1,1,7.7
R01197,R01456,5,6,1,0,1,16.7
R01197,R01468,5,2,1,0,1,20.0
R01197,R01504,5,3,1,0,1,20.0
R01197,R01654,5,23,2,0,5,21.7
R01197,R01724,5,29,2,0,2,6.9
R01197,R01772,5,10,0,2,3,30.0
R01197,R01893,5,9,1,0,1,11.1
R01197,R01914,5,9,0,3,3,33.3
R01197,R01940,5,16,0,2,3,18.8
R01197,R01968,5,15,0,1,1,6.7
R01198,R01220,19,15,0,1,1,5.3
R01198,R01223,19,11,0,1,1,5.3
R01198,R01231,19,11,0,1,1,5.3
R01198,R01570,19,19,4,0,4,21.1
R01198,R01626,19,18,2,0,2,10.5
R01198,R01915,19,9,2,0,2,10.5
R01198,R02076,19,11,0,1,2,10.5
R01198,R02077,19,5,0,1,1,5.3
R01199,R01324,9,5,0,3,3,33.3
R01200,R01786,2,3,2,0,2,66.7
R01201,R01202,13,7,0,1,1,7.7
R01201,R01204,13,14,1,0,1,7.1
R01201,R01208,13,13,1,0,1,7.7
R01201,R01212,13,13,1,0,1,7.7
R01201,R01221,13,14,0,7,7,50.0
R01201,R01227,13,12,1,0,1,7.7
R01201,R01229,13,8,1,0,1,7.7
R01201,R01245,13,10,1,0,1,7.7
R01201,R01255,13,16,1,0,1,6.2
R01201,R01260,13,13,0,2,2,15.4
R01201,R01271,13,10,0,2,2,15.4
R01201,R01273,13,11,0,2,2,15.4
R01201,R01293,13,9,1,0,1,7.7
R01201,R01303,13,15,1,7,8,53.3
R01201,R01343,13,8,1,0,5,38.5
R01201,R01464,13,22,1,7,8,36.4
R01201,R01591,13,20,0,2,2,10.0
R01201,R01632,13,2,1,0,1,7.7
R01201,R01641,13,5,1,0,1,7.7
R01201,R01666,13,14,1,0,1,7.1
R01201,R01668,13,8,1,0,1,7.7
R01201,R01720,13,6,0,2,2,15.4
R01201,R01796,13,9,0,2,2,15.4
R01201,R01844,13,24,0,2,2,8.3
R01201,R01846,13,8,1,0,1,7.7
R01201,R01847,13,6,1,0,1,7.7
R01201,R01853,13,11,0,2,2,15.4
R01201,R01860,13,11,0,2,2,15.4
R01201,R01865,13,28,0,1,2,7.1
R01201,R01879,13,22,0,2,2,9.1
R01201,R01905,13,44,3,0,4,9.1
R01201,R02061,13,4,0,3,4,30.8
R01202,R01221,7,14,0,1,1,7.1
R01202,R01260,7,13,0,1,1,7.7
R01202,R01271,7,10,0,1,1,10.0
R01202,R01273,7,11,0,1,1,9.1
R01202,R01303,7,15,0,1,1,6.7
R01202,R01464,7,22,0,1,1,4.5
R01202,R01591,7,20,0,1,1,5.0
R01202,R01720,7,6,0,1,1,14.3
R01202,R01796,7,9,0,1,1,11.1
R01202,R01844,7,24,0,1,1,4.2
R01202,R01853,7,11,0,1,1,9.1
R01202,R01860,7,11,0,1,1,9.1
R01202,R01865,7,28,0,1,1,3.6
R01202,R01879,7,22,0,1,1,4.5
R01202,R02061,7,4,0,1,1,14.3
R01203,R01286,29,31,2,27,29,93.5
R01203,R01550,29,9,3,0,3,10.3
R01203,R01653,29,16,2,0,2,6.9
R01203,R01735,29,11,3,0,8,27.6
R01204,R01208,14,13,3,0,7,50.0
R01204,R01212,14,13,4,9,13,92.9
R01204,R01227,14,12,2,0,2,14.3
R01204,R01229,14,8,2,0,2,14.3
R01204,R01245,14,10,2,3,10,71.4
R01204,R01255,14,16,1,13,14,87.5
R01204,R01293,14,9,2,0,2,14.3
R01204,R01303,14,15,1,0,1,6.7
R01204,R01343,14,8,1,0,1,7.1
R01204,R01464,14,22,1,0,1,4.5
R01204,R01632,14,2,1,0,1,7.1
R01204,R01641,14,5,1,0,1,7.1
R01204,R01666,14,14,1,0,1,7.1
R01204,R01668,14,8,1,0,1,7.1
R01204,R01846,14,8,1,0,1,7.1
R01204,R01847,14,6,1,0,1,7.1
R01204,R01905,14,44,1,0,1,2.3
R01205,R01209,14,10,4,3,10,71.4
R01205,R01211,14,8,0,2,2,14.3
R01205,R01213,14,19,0,1,9,47.4
R01205,R01215,14,15,0,1,1,6.7
R01205,R01254,14,14,0,1,6,42.9
R01205,R01270,14,17,0,1,1,5.9
R01205,R01306,14,7,0,1,1,7.1
R01205,R01368,14,11,0,1,1,7.1
R01205,R01454,14,20,0,1,1,5.0
R01205,R01599,14,23,0,1,1,4.3
R01205,R01633,14,2,0,1,1,7.1
R01205,R01640,14,5,0,1,1,7.1
R01205,R01845,14,7,0,1,1,7.1
R01205,R01925,14,3,1,0,1,7.1
R01205,R02059,14,2,1,0,1,7.1
R01206,R01462,19,16,0,1,1,5.3
R01206,R01465,19,9,0,1,1,5.3
R01206,R01467,19,21,0,1,1,4.8
R01206,R01537,19,30,0,1,1,3.3
R01206,R01786,19,3,0,2,2,10.5
R01206,R01826,19,13,0,1,1,5.3
R01206,R01972,19,7,0,1,1,5.3
R01207,R01251,28,11,1,0,1,3.6
R01207,R01457,28,3,1,0,1,3.6
R01207,R01526,28,17,1,0,1,3.6
R01207,R01531,28,3,1,0,1,3.6
R01207,R01874,28,7,1,0,1,3.6
R01208,R01212,13,13,3,0,6,46.2
R01208,R01227,13,12,2,0,2,15.4
R01208,R01229,13,8,2,0,2,15.4
R01208,R01245,13,10,2,0,5,38.5
R01208,R01255,13,16,1,0,7,43.8
R01208,R01293,13,9,2,0,2,15.4
R01208,R01303,13,15,1,0,1,6.7
R01208,R01343,13,8,1,0,1,7.7
R01208,R01464,13,22,1,0,1,4.5
R01208,R01632,13,2,1,0,1,7.7
R01208,R01641,13,5,1,0,1,7.7
R01208,R01666,13,14,1,0,1,7.1
R01208,R01668,13,8,1,0,1,7.7
R01208,R01846,13,8,1,0,1,7.7
R01208,R01847,13,6,1,0,1,7.7
R01208,R01905,13,44,1,0,1,2.3
R01208,R01925,13,3,0,1,1,7.7
R01209,R01211,10,8,0,2,2,20.0
R01209,R01213,10,19,0,1,6,31.6
R01209,R01215,10,15,0,1,1,6.7
R01209,R01254,10,14,0,1,6,42.9
R01209,R01270,10,17,0,1,1,5.9
R01209,R01306,10,7,0,1,1,10.0
R01209,R01368,10,11,0,1,1,9.1
R01209,R01454,10,20,0,1,1,5.0
R01209,R01599,10,23,0,1,1,4.3
R01209,R01633,10,2,0,1,1,10.0
R01209,R01640,10,5,0,1,1,10.0
R01209,R01845,10,7,0,1,1,10.0
R01209,R01925,10,3,1,0,1,10.0
R01209,R02059,10,2,1,0,1,10.0
R01210,R01269,24,11,0,2,2,8.3
R01210,R01382,24,13,0,8,12,50.0
R01210,R01405,24,19,0,2,8,33.3
R01210,R01540,24,12,0,2,10,41.7
R01210,R01557,24,11,0,2,3,12.5
R01210,R01685,24,16,0,2,3,12.5
R01210,R01823,24,21,0,2,2,8.3
R01210,R01868,24,12,0,2,2,8.3
R01210,R01871,24,10,0,2,2,8.3
R01210,R01881,24,12,0,2,2,8.3
R01210,R01882,24,11,0,2,2,8.3
R01210,R01887,24,25,0,2,23,92.0
R01210,R01891,24,16,0,2,2,8.3
R01210,R01904,24,21,0,2,2,8.3
R01210,R01906,24,19,0,2,2,8.3
R01210,R01917,24,17,4,8,17,70.8
R01211,R01213,8,19,0,1,2,10.5
R01211,R01215,8,15,0,1,1,6.7
R01211,R01254,8,14,0,1,2,14.3
R01211,R01270,8,17,0,1,1,5.9
R01211,R01306,8,7,0,1,1,12.5
R01211,R01368,8,11,0,1,1,9.1
R01211,R01454,8,20,0,1,1,5.0
R01211,R01599,8,23,0,1,1,4.3
R01211,R01633,8,2,0,1,1,12.5
R01211,R01640,8,5,0,1,1,12.5
R01211,R01845,8,7,0,1,1,12.5
R01212,R01227,13,12,2,0,2,15.4
R01212,R01229,13,8,2,0,2,15.4
R01212,R01245,13,10,2,3,10,76.9
R01212,R01255,13,16,1,9,13,81.2
R01212,R01293,13,9,2,0,2,15.4
R01212,R01303,13,15,1,0,1,6.7
R01212,R01343,13,8,1,0,1,7.7
R01212,R01464,13,22,1,0,1,4.5
R01212,R01632,13,2,1,0,1,7.7
R01212,R01641,13,5,1,0,1,7.7
R01212,R01666,13,14,1,0,1,7.1
R01212,R01668,13,8,1,0,1,7.7
R01212,R01846,13,8,1,0,1,7.7
R01212,R01847,13,6,1,0,1,7.7
R01212,R01905,13,44,1,0,1,2.3
R01213,R01215,19,15,0,1,1,5.3
R01213,R01254,19,14,3,6,14,73.7
R01213,R01270,19,17,0,1,1,5.3
R01213,R01306,19,7,0,1,1,5.3
R01213,R01368,19,11,0,1,1,5.3
R01213,R01454,19,20,0,1,1,5.0
R01213,R01599,19,23,0,1,1,4.3
R01213,R01633,19,2,0,1,1,5.3
R01213,R01640,19,5,0,1,1,5.3
R01213,R01845,19,7,0,1,1,5.3
R01214,R01361,3,12,0,3,3,25.0
R01214,R01376,3,17,1,0,1,5.9
R01215,R01254,15,14,0,1,1,6.7
R01215,R01270,15,17,0,1,1,5.9
R01215,R01274,15,20,1,0,1,5.0
R01215,R01306,15,7,0,1,2,13.3
R01215,R01368,15,11,0,11,11,73.3
R01215,R01454,15,20,0,1,3,15.0
R01215,R01588,15,10,1,0,1,6.7
R01215,R01599,15,23,0,1,3,13.0
R01215,R01633,15,2,0,1,1,6.7
R01215,R01640,15,5,0,1,1,6.7
R01215,R01717,15,14,1,0,1,6.7
R01215,R01845,15,7,0,1,1,6.7
R01216,R01360,2,4,1,0,1,25.0
R01216,R01608,2,12,0,1,1,8.3
R01216,R01804,2,9,2,0,2,22.2
R01216,R01892,2,15,1,0,1,6.7
R01216,R01952,2,16,1,0,1,6.2
R01217,R01222,20,23,0,8,8,34.8
R01217,R01235,20,16,0,6,7,35.0
R01217,R01237,20,30,0,6,7,23.3
R01217,R01249,20,4,0,2,2,10.0
R01217,R01263,20,8,0,7,7,35.0
R01217,R01298,20,20,0,8,8,40.0
R01217,R01299,20,8,0,8,8,40.0
R01217,R01373,20,13,0,6,6,30.0
R01217,R01656,20,6,0,1,2,10.0
R01217,R01657,20,12,0,1,6,30.0
R01217,R01658,20,9,0,1,6,30.0
R01217,R01712,20,23,0,1,8,34.8
R01217,R01723,20,13,0,11,12,60.0
R01217,R01731,20,9,0,6,6,30.0
R01217,R01732,20,17,0,7,7,35.0
R01217,R01733,20,19,0,8,8,40.0
R01217,R01740,20,21,0,9,9,42.9
R01217,R01781,20,6,0,1,2,10.0
R01217,R01799,20,6,1,0,1,5.0
R01217,R01829,20,7,0,1,6,30.0
R01217,R01877,20,22,0,9,9,40.9
R01217,R01912,20,7,0,1,2,10.0
R01217,R01942,20,5,0,1,2,10.0
R01217,R01943,20,16,0,1,10,50.0
R01217,R01958,20,10,0,6,8,40.0
R01218,R01250,2,2,1,0,1,50.0
R01218,R01642,2,3,2,0,2,66.7
R01218,R01861,2,19,0,1,1,5.3
R01219,R01224,2,12,1,0,1,8.3
R01219,R01226,2,13,1,0,1,7.7
R01219,R01752,2,9,1,0,1,11.1
R01220,R01222,15,23,4,0,4,17.4
R01220,R01223,15,11,0,5,11,73.3
R01220,R01231,15,11,0,5,10,66.7
R01220,R02076,15,11,0,1,1,6.7
R01220,R02077,15,5,0,1,2,13.3
R01221,R01260,14,13,0,2,2,14.3
R01221,R01271,14,10,0,2,2,14.3
R01221,R01273,14,11,0,2,2,14.3
R01221,R01303,14,15,0,9,11,73.3
R01221,R01464,14,22,0,14,14,63.6
R01221,R01591,14,20,0,2,2,10.0
R01221,R01720,14,6,0,2,2,14.3
R01221,R01796,14,9,0,2,2,14.3
R01221,R01844,14,24,0,2,2,8.3
R01221,R01853,14,11,0,2,2,14.3
R01221,R01860,14,11,0,2,2,14.3
R01221,R01865,14,28,0,1,2,7.1
R01221,R01879,14,22,0,2,2,9.1
R01221,R02061,14,4,0,3,3,21.4
R01222,R01235,23,16,0,6,6,26.1
R01222,R01237,23,30,0,6,6,20.0
R01222,R01249,23,4,0,2,2,8.7
R01222,R01263,23,8,0,7,8,34.8
R01222,R01298,23,20,0,20,20,87.0
R01222,R01299,23,8,0,8,8,34.8
R01222,R01373,23,13,0,6,6,26.1
R01222,R01656,23,6,0,1,2,8.7
R01222,R01657,23,12,0,1,6,26.1
R01222,R01658,23,9,0,1,6,26.1
R01222,R01712,23,23,0,1,6,26.1
R01222,R01723,23,13,0,8,8,34.8
R01222,R01731,23,9,0,6,6,26.1
R01222,R01732,23,17,0,7,17,73.9
R01222,R01733,23,19,0,16,19,82.6
R01222,R01740,23,21,0,8,8,34.8
R01222,R01781,23,6,0,1,2,8.7
R01222,R01829,23,7,0,1,6,26.1
R01222,R01877,23,22,0,8,8,34.8
R01222,R01912,23,7,0,1,2,8.7
R01222,R01942,23,5,0,1,2,8.7
R01222,R01943,23,16,0,1,8,34.8
R01222,R01958,23,10,0,6,8,34.8
R01223,R01231,11,11,0,10,10,90.9
R01223,R01298,11,20,1,0,1,5.0
R01223,R01733,11,19,1,0,1,5.3
R01223,R02076,11,11,0,1,1,9.1
R01223,R02077,11,5,0,1,2,18.2
R01224,R01226,12,13,3,9,12,92.3
R01224,R01752,12,9,2,0,4,33.3
R01224,R01760,12,15,0,9,11,73.3
R01225,R01247,15,19,1,0,1,5.3
R01225,R01256,15,19,2,0,3,15.8
R01225,R01259,15,23,1,0,1,4.3
R01225,R01280,15,15,2,0,2,13.3
R01225,R01310,15,22,0,15,15,68.2
R01225,R01442,15,8,2,2,8,53.3
R01225,R01497,15,18,4,0,4,22.2
R01225,R01498,15,20,1,0,1,5.0
R01225,R01710,15,27,1,0,1,3.7
R01225,R01728,15,8,1,0,1,6.7
R01225,R01834,15,15,2,0,3,20.0
R01225,R01886,15,11,1,0,1,6.7
R01225,R02079,15,5,1,0,1,6.7
R01226,R01752,13,9,2,0,4,30.8
R01226,R01760,13,15,0,10,12,80.0
R01227,R01229,12,8,2,4,8,66.7
R01227,R01245,12,10,2,0,2,16.7
R01227,R01255,12,16,1,0,2,12.5
R01227,R01293,12,9,2,0,4,33.3
R01227,R01303,12,15,1,0,1,6.7
R01227,R01343,12,8,1,0,1,8.3
R01227,R01464,12,22,1,0,1,4.5
R01227,R01632,12,2,1,0,1,8.3
R01227,R01641,12,5,1,0,1,8.3
R01227,R01666,12,14,1,0,1,7.1
R01227,R01668,12,8,1,0,1,8.3
R01227,R01846,12,8,1,0,1,8.3
R01227,R01847,12,6,1,0,1,8.3
R01227,R01905,12,44,1,0,1,2.3
R01229,R01245,8,10,2,0,2,20.0
R01229,R01255,8,16,1,0,2,12.5
R01229,R01293,8,9,4,0,4,44.4
R01229,R01303,8,15,1,0,1,6.7
R01229,R01343,8,8,1,0,1,12.5
R01229,R01464,8,22,1,0,1,4.5
R01229,R01632,8,2,1,0,1,12.5
R01229,R01641,8,5,1,0,1,12.5
R01229,R01666,8,14,1,0,1,7.1
R01229,R01668,8,8,1,0,1,12.5
R01229,R01846,8,8,1,0,1,12.5
R01229,R01847,8,6,1,0,1,12.5
R01229,R01905,8,44,1,0,1,2.3
R01231,R01236,11,9,1,0,1,9.1
R01231,R01732,11,17,1,0,1,5.9
R01231,R02054,11,10,1,0,1,9.1
R01231,R02076,11,11,0,1,1,9.1
R01231,R02077,11,5,0,1,2,18.2
R01232,R01246,8,40,1,0,1,2.5
R01232,R01265,8,23,1,0,1,4.3
R01232,R01746,8,9,1,0,1,11.1
R01232,R01770,8,12,1,0,1,8.3
R01232,R01782,8,13,1,0,1,7.7
R01232,R01809,8,17,1,0,1,5.9
R01232,R01835,8,27,1,0,1,3.7
R01232,R02084,8,11,1,0,1,9.1
R01234,R02049,7,1,0,1,1,14.3
R01235,R01237,16,30,0,16,16,53.3
R01235,R01249,16,4,0,2,2,12.5
R01235,R01263,16,8,0,6,6,37.5
R01235,R01298,16,20,0,6,6,30.0
R01235,R01299,16,8,0,6,6,37.5
R01235,R01317,16,5,1,0,1,6.2
R01235,R01373,16,13,0,6,8,50.0
R01235,R01467,16,21,3,0,3,14.3
R01235,R01656,16,6,0,1,2,12.5
R01235,R01657,16,12,0,1,6,37.5
R01235,R01658,16,9,0,1,6,37.5
R01235,R01712,16,23,0,1,12,52.2
R01235,R01723,16,13,0,6,6,37.5
R01235,R01731,16,9,0,7,8,50.0
R01235,R01732,16,17,0,6,6,35.3
R01235,R01733,16,19,0,6,6,31.6
R01235,R01740,16,21,0,6,6,28.6
R01235,R01781,16,6,0,1,2,12.5
R01235,R01829,16,7,0,1,6,37.5
R01235,R01877,16,22,0,6,6,27.3
R01235,R01912,16,7,0,1,2,12.5
R01235,R01942,16,5,0,1,2,12.5
R01235,R01943,16,16,0,1,6,37.5
R01235,R01958,16,10,0,6,6,37.5
R01235,R01984,16,11,1,0,1,6.2
R01235,R01985,16,10,1,0,1,6.2
R01235,R01987,16,12,1,0,1,6.2
R01236,R01732,9,17,1,0,1,5.9
R01236,R02054,9,10,1,0,1,10.0
R01237,R01249,30,4,0,2,2,6.7
R01237,R01263,30,8,0,6,6,20.0
R01237,R01298,30,20,0,6,6,20.0
R01237,R01299,30,8,0,6,6,20.0
R01237,R01373,30,13,0,6,8,26.7
R01237,R01418,30,7,1,0,2,6.7
R01237,R01421,30,4,1,0,2,6.7
R01237,R01423,30,6,1,0,2,6.7
R01237,R01656,30,6,0,1,2,6.7
R01237,R01657,30,12,0,1,6,20.0
R01237,R01658,30,9,0,1,6,20.0
R01237,R01712,30,23,0,1,12,40.0
R01237,R01723,30,13,0,6,6,20.0
R01237,R01731,30,9,0,7,8,26.7
R01237,R01732,30,17,0,6,6,20.0
R01237,R01733,30,19,0,6,6,20.0
R01237,R01740,30,21,0,6,6,20.0
R01237,R01781,30,6,0,1,2,6.7
R01237,R01829,30,7,0,1,6,20.0
R01237,R01877,30,22,0,6,6,20.0
R01237,R01912,30,7,0,1,2,6.7
R01237,R01942,30,5,0,1,2,6.7
R01237,R01943,30,16,0,1,6,20.0
R01237,R01958,30,10,0,6,6,20.0
R01238,R01715,18,25,1,0,1,4.0
R01238,R01770,18,12,0,6,10,55.6
R01238,R01782,18,13,0,6,9,50.0
R01238,R01839,18,3,0,1,1,5.6
R01238,R02084,18,11,0,6,10,55.6
R01239,R01272,27,35,0,23,27,77.1
R01239,R01600,27,42,0,9,27,64.3
R01239,R01628,27,33,0,1,25,75.8
R01239,R01736,27,30,1,23,27,90.0
R01239,R01755,27,31,0,10,27,87.1
R01239,R01907,27,8,2,0,5,18.5
R01239,R01910,27,13,1,0,5,18.5
R01239,R01980,27,8,1,0,1,3.7
R01239,R02090,27,6,1,0,1,3.7
R01240,R01445,4,19,0,1,1,5.3
R01240,R01729,4,7,0,1,1,14.3
R01241,R01264,48,30,2,0,28,58.3
R01241,R01511,48,7,0,7,7,14.6
R01241,R01707,48,5,0,2,5,10.4
R01241,R01708,48,5,0,1,1,2.1
R01241,R01898,48,25,0,19,19,39.6
R01241,R01930,48,23,0,1,1,2.1
R01241,R01980,48,8,0,2,8,16.7
R01241,R02090,48,6,0,2,6,12.5
R01242,R01320,28,19,0,1,1,3.6
R01242,R01321,28,10,0,1,1,3.6
R01242,R01542,28,5,0,1,1,3.6
R01243,R01309,2,2,0,1,1,50.0
R01244,R01258,22,13,2,0,11,50.0
R01244,R01270,22,17,2,0,2,9.1
R01244,R01314,22,4,0,1,1,4.5
R01244,R01315,22,6,0,1,1,4.5
R01244,R01449,22,1,0,1,1,4.5
R01244,R01544,22,8,0,1,8,36.4
R01244,R01673,22,12,2,0,9,40.9
R01244,R01795,22,2,1,0,1,4.5
R01244,R01845,22,7,2,0,2,9.1
R01244,R02062,22,34,2,0,2,5.9
R01244,R02097,22,27,2,0,2,7.4
R01245,R01255,10,16,1,3,10,62.5
R01245,R01293,10,9,2,0,2,20.0
R01245,R01303,10,15,1,0,1,6.7
R01245,R01343,10,8,1,0,1,10.0
R01245,R01464,10,22,1,0,1,4.5
R01245,R01632,10,2,1,0,1,10.0
R01245,R01641,10,5,1,0,1,10.0
R01245,R01666,10,14,1,0,1,7.1
R01245,R01668,10,8,1,0,1,10.0
R01245,R01846,10,8,1,0,1,10.0
R01245,R01847,10,6,1,0,1,10.0
R01245,R01905,10,44,1,0,1,2.3
R01246,R01265,40,23,2,0,2,5.0
R01246,R01325,40,19,0,14,15,37.5
R01246,R01381,40,57,0,11,23,40.4
R01246,R01746,40,9,1,0,1,2.5
R01246,R01770,40,12,1,0,1,2.5
R01246,R01782,40,13,1,0,1,2.5
R01246,R01784,40,25,0,11,25,62.5
R01246,R01809,40,17,1,0,1,2.5
R01246,R01819,40,15,0,11,14,35.0
R01246,R01835,40,27,1,0,1,2.5
R01246,R02084,40,11,1,0,1,2.5
R01247,R01251,19,11,0,3,10,52.6
R01247,R01256,19,19,1,7,14,73.7
R01247,R01259,19,23,2,15,19,82.6
R01247,R01280,19,15,1,0,1,5.3
R01247,R01353,19,11,0,3,4,21.1
R01247,R01442,19,8,1,0,1,5.3
R01247,R01452,19,21,0,2,3,14.3
R01247,R01457,19,3,0,1,3,15.8
R01247,R01497,19,18,1,0,1,5.3
R01247,R01498,19,20,2,0,3,15.0
R01247,R01562,19,22,0,3,4,18.2
R01247,R01563,19,18,0,3,4,21.1
R01247,R01564,19,18,0,3,4,21.1
R01247,R01566,19,20,0,3,4,20.0
R01247,R01710,19,27,2,0,10,37.0
R01247,R01727,19,25,0,2,3,12.0
R01247,R01728,19,8,1,0,1,5.3
R01247,R01834,19,15,1,0,1,5.3
R01247,R01848,19,24,0,2,3,12.5
R01247,R01886,19,11,1,0,1,5.3
R01247,R01892,19,15,0,2,2,10.5
R01247,R01952,19,16,0,2,2,10.5
R01247,R02032,19,10,0,2,2,10.5
R01247,R02039,19,16,0,2,2,10.5
R01247,R02052,19,12,0,3,4,21.1
R01247,R02053,19,11,0,3,4,21.1
R01247,R02079,19,5,1,0,1,5.3
R01249,R01263,4,8,0,2,2,25.0
R01249,R01298,4,20,0,2,2,10.0
R01249,R01299,4,8,0,2,2,25.0
R01249,R01373,4,13,0,2,2,15.4
R01249,R01656,4,6,2,1,4,66.7
R01249,R01657,4,12,0,1,2,16.7
R01249,R01658,4,9,0,1,2,22.2
R01249,R01712,4,23,0,1,2,8.7
R01249,R01723,4,13,0,2,2,15.4
R01249,R01731,4,9,0,2,2,22.2
R01249,R01732,4,17,0,2,2,11.8
R01249,R01733,4,19,0,2,2,10.5
R01249,R01740,4,21,0,2,2,9.5
R01249,R01781,4,6,0,1,3,50.0
R01249,R01829,4,7,0,1,2,28.6
R01249,R01877,4,22,0,2,2,9.1
R01249,R01912,4,7,0,1,3,42.9
R01249,R01942,4,5,3,1,4,80.0
R01249,R01943,4,16,0,1,2,12.5
R01249,R01958,4,10,0,2,2,20.0
R01250,R01642,2,3,1,0,1,33.3
R01251,R01256,11,19,0,3,9,47.4
R01251,R01259,11,23,0,3,10,43.5
R01251,R01353,11,11,0,5,5,45.5
R01251,R01452,11,21,0,2,3,14.3
R01251,R01457,11,3,1,1,3,27.3
R01251,R01526,11,17,1,0,1,5.9
R01251,R01531,11,3,1,0,1,9.1
R01251,R01562,11,22,0,5,5,22.7
R01251,R01563,11,18,0,5,5,27.8
R01251,R01564,11,18,0,5,5,27.8
R01251,R01566,11,20,0,5,5,25.0
R01251,R01727,11,25,0,2,3,12.0
R01251,R01848,11,24,0,2,3,12.5
R01251,R01874,11,7,1,0,1,9.1
R01251,R01892,11,15,0,2,2,13.3
R01251,R01952,11,16,0,2,2,12.5
R01251,R02032,11,10,0,2,2,18.2
R01251,R02039,11,16,0,2,2,12.5
R01251,R02052,11,12,0,5,5,41.7
R01251,R02053,11,11,0,5,5,45.5
R01252,R01257,20,23,0,13,18,78.3
R01252,R01278,20,15,0,11,11,55.0
R01252,R01394,20,5,0,5,5,25.0
R01252,R01521,20,14,0,11,11,55.0
R01252,R01624,20,14,3,0,8,40.0
R01252,R02025,20,3,0,1,3,15.0
R01253,R01978,7,16,0,7,7,43.8
R01254,R01270,14,17,0,1,1,5.9
R01254,R01306,14,7,0,1,1,7.1
R01254,R01368,14,11,0,1,1,7.1
R01254,R01454,14,20,0,1,1,5.0
R01254,R01599,14,23,0,1,1,4.3
R01254,R01633,14,2,0,1,1,7.1
R01254,R01640,14,5,0,1,1,7.1
R01254,R01845,14,7,0,1,1,7.1
R01255,R01293,16,9,1,0,2,12.5
R01255,R01303,16,15,1,0,1,6.2
R01255,R01343,16,8,1,0,1,6.2
R01255,R01464,16,22,1,0,1,4.5
R01255,R01632,16,2,1,0,1,6.2
R01255,R01641,16,5,1,0,1,6.2
R01255,R01666,16,14,1,0,1,6.2
R01255,R01668,16,8,1,0,1,6.2
R01255,R01846,16,8,1,0,1,6.2
R01255,R01847,16,6,1,0,1,6.2
R01255,R01905,16,44,1,0,1,2.3
R01256,R01259,19,23,1,7,14,60.9
R01256,R01280,19,15,2,0,2,10.5
R01256,R01353,19,11,0,3,4,21.1
R01256,R01442,19,8,3,0,3,15.8
R01256,R01452,19,21,0,2,3,14.3
R01256,R01457,19,3,0,1,3,15.8
R01256,R01497,19,18,2,0,5,26.3
R01256,R01498,19,20,1,0,5,25.0
R01256,R01562,19,22,0,3,4,18.2
R01256,R01563,19,18,0,3,4,21.1
R01256,R01564,19,18,0,3,4,21.1
R01256,R01566,19,20,0,3,4,20.0
R01256,R01710,19,27,1,0,6,22.2
R01256,R01727,19,25,0,2,3,12.0
R01256,R01728,19,8,1,0,1,5.3
R01256,R01834,19,15,4,0,5,26.3
R01256,R01848,19,24,0,2,3,12.5
R01256,R01886,19,11,1,0,1,5.3
R01256,R01892,19,15,0,2,2,10.5
R01256,R01952,19,16,0,2,2,10.5
R01256,R02032,19,10,0,2,2,10.5
R01256,R02039,19,16,0,2,2,10.5
R01256,R02052,19,12,0,3,4,21.1
R01256,R02053,19,11,0,3,4,21.1
R01256,R02079,19,5,1,0,1,5.3
R01257,R01278,23,15,0,11,11,47.8
R01257,R01394,23,5,0,5,5,21.7
R01257,R01521,23,14,0,11,11,47.8
R01257,R02025,23,3,0,1,3,13.0
R01258,R01270,13,17,2,0,2,11.8
R01258,R01474,13,5,0,1,1,7.7
R01258,R01673,13,12,4,3,9,69.2
R01258,R01795,13,2,1,0,1,7.7
R01258,R01845,13,7,2,0,2,15.4
R01258,R02062,13,34,2,0,2,5.9
R01258,R02097,13,27,2,0,2,7.4
R01259,R01280,23,15,1,0,1,4.3
R01259,R01353,23,11,0,3,4,17.4
R01259,R01442,23,8,1,0,1,4.3
R01259,R01452,23,21,0,2,3,13.0
R01259,R01457,23,3,0,1,3,13.0
R01259,R01497,23,18,1,0,1,4.3
R01259,R01498,23,20,2,0,3,13.0
R01259,R01562,23,22,0,3,4,17.4
R01259,R01563,23,18,0,3,4,17.4
R01259,R01564,23,18,0,3,4,17.4
R01259,R01566,23,20,0,3,4,17.4
R01259,R01710,23,27,4,0,13,48.1
R01259,R01727,23,25,0,2,3,12.0
R01259,R01728,23,8,1,0,1,4.3
R01259,R01834,23,15,1,0,1,4.3
R01259,R01848,23,24,0,2,3,12.5
R01259,R01886,23,11,1,0,1,4.3
R01259,R01892,23,15,0,2,2,8.7
R01259,R01952,23,16,0,2,2,8.7
R01259,R02032,23,10,0,2,2,8.7
R01259,R02039,23,16,0,2,2,8.7
R01259,R02052,23,12,0,3,4,17.4
R01259,R02053,23,11,0,3,4,17.4
R01259,R02079,23,5,1,0,1,4.3
R01260,R01271,13,10,0,2,8,61.5
R01260,R01273,13,11,0,2,6,46.2
R01260,R01303,13,15,0,2,2,13.3
R01260,R01464,13,22,0,2,2,9.1
R01260,R01544,13,8,1,0,1,7.7
R01260,R01591,13,20,0,2,2,10.0
R01260,R01720,13,6,0,2,2,15.4
R01260,R01796,13,9,3,2,9,69.2
R01260,R01844,13,24,0,2,2,8.3
R01260,R01853,13,11,0,2,7,53.8
R01260,R01860,13,11,0,3,4,30.8
R01260,R01865,13,28,0,1,2,7.1
R01260,R01870,13,4,1,0,1,7.7
R01260,R01879,13,22,0,2,2,9.1
R01260,R01979,13,16,3,0,5,31.2
R01260,R02061,13,4,0,2,2,15.4
R01261,R01554,10,30,1,0,1,3.3
R01261,R01597,10,8,1,0,1,10.0
R01261,R01738,10,27,1,0,1,3.7
R01261,R01787,10,9,0,9,9,90.0
R01261,R01866,10,5,1,0,1,10.0
R01261,R02076,10,11,1,0,1,9.1
R01262,R01264,27,30,0,6,26,86.7
R01262,R01939,27,14,0,3,9,33.3
R01263,R01298,8,20,0,7,8,40.0
R01263,R01299,8,8,0,7,7,87.5
R01263,R01373,8,13,0,6,6,46.2
R01263,R01389,8,5,1,0,1,12.5
R01263,R01397,8,4,1,0,1,12.5
R01263,R01506,8,9,1,0,1,11.1
R01263,R01656,8,6,0,1,2,25.0
R01263,R01657,8,12,0,1,6,50.0
R01263,R01658,8,9,0,1,6,66.7
R01263,R01712,8,23,0,1,6,26.1
R01263,R01723,8,13,0,7,7,53.8
R01263,R01731,8,9,0,6,6,66.7
R01263,R01732,8,17,0,8,8,47.1
R01263,R01733,8,19,0,7,8,42.1
R01263,R01740,8,21,0,7,7,33.3
R01263,R01781,8,6,0,1,2,25.0
R01263,R01829,8,7,0,1,6,75.0
R01263,R01854,8,6,1,0,1,12.5
R01263,R01857,8,5,1,0,1,12.5
R01263,R01877,8,22,0,7,7,31.8
R01263,R01912,8,7,0,1,2,25.0
R01263,R01942,8,5,0,1,2,25.0
R01263,R01943,8,16,0,1,7,43.8
R01263,R01958,8,10,0,6,7,70.0
R01263,R02056,8,11,1,0,1,9.1
R01264,R01939,30,14,0,3,11,36.7
R01265,R01322,23,14,0,1,2,8.7
R01265,R01365,23,8,0,1,5,21.7
R01265,R01380,23,8,0,3,3,13.0
R01265,R01746,23,9,1,0,1,4.3
R01265,R01770,23,12,1,0,1,4.3
R01265,R01773,23,41,0,14,22,53.7
R01265,R01782,23,13,1,0,1,4.3
R01265,R01809,23,17,1,0,1,4.3
R01265,R01813,23,7,0,1,1,4.3
R01265,R01816,23,3,0,1,1,4.3
R01265,R01835,23,27,1,0,1,3.7
R01265,R01908,23,35,0,1,1,2.9
R01265,R02044,23,24,0,1,1,4.2
R01265,R02084,23,11,1,0,1,4.3
R01266,R01740,18,21,1,0,1,4.8
R01266,R01826,18,13,1,0,1,5.6
R01266,R01852,18,34,3,0,3,8.8
R01266,R01877,18,22,1,0,1,4.5
R01267,R01279,14,7,0,7,7,50.0
R01267,R01281,14,42,0,11,12,28.6
R01267,R01307,14,38,0,10,12,31.6
R01267,R01515,14,23,0,11,12,52.2
R01267,R01522,14,27,0,14,14,51.9
R01267,R01691,14,36,0,11,12,33.3
R01267,R01697,14,34,0,10,12,35.3
R01267,R01706,14,21,0,11,12,57.1
R01267,R01859,14,6,0,1,1,7.1
R01267,R01905,14,44,0,10,12,27.3
R01267,R02086,14,36,0,10,12,33.3
R01268,R01349,23,14,0,1,1,4.3
R01268,R01382,23,13,1,0,1,4.3
R01268,R01477,23,10,0,6,9,39.1
R01269,R01382,11,13,0,2,2,15.4
R01269,R01405,11,19,0,2,2,10.5
R01269,R01540,11,12,0,2,2,16.7
R01269,R01557,11,11,0,2,2,18.2
R01269,R01685,11,16,0,2,2,12.5
R01269,R01823,11,21,0,7,7,33.3
R01269,R01868,11,12,0,7,7,58.3
R01269,R01871,11,10,0,7,7,63.6
R01269,R01881,11,12,0,7,7,58.3
R01269,R01882,11,11,0,7,7,63.6
R01269,R01887,11,25,0,2,2,8.0
R01269,R01891,11,16,0,5,8,50.0
R01269,R01904,11,21,0,7,7,33.3
R01269,R01906,11,19,0,7,7,36.8
R01269,R01917,11,17,0,2,2,11.8
R01270,R01306,17,7,0,1,1,5.9
R01270,R01368,17,11,0,1,1,5.9
R01270,R01454,17,20,0,1,1,5.0
R01270,R01599,17,23,0,1,1,4.3
R01270,R01633,17,2,0,1,1,5.9
R01270,R01640,17,5,0,1,1,5.9
R01270,R01673,17,12,2,0,2,11.8
R01270,R01795,17,2,1,0,1,5.9
R01270,R01845,17,7,3,1,4,23.5
R01270,R02062,17,34,2,0,2,5.9
R01270,R02097,17,27,2,0,2,7.4
R01271,R01273,10,11,3,5,8,72.7
R01271,R01303,10,15,0,2,2,13.3
R01271,R01464,10,22,0,2,2,9.1
R01271,R01591,10,20,0,2,2,10.0
R01271,R01720,10,6,0,2,2,20.0
R01271,R01796,10,9,0,2,6,60.0
R01271,R01844,10,24,0,2,2,8.3
R01271,R01853,10,11,0,4,7,63.6
R01271,R01860,10,11,0,2,4,36.4
R01271,R01865,10,28,0,1,2,7.1
R01271,R01873,10,6,1,0,1,10.0
R01271,R01879,10,22,0,2,2,9.1
R01271,R02061,10,4,0,2,2,20.0
R01272,R01393,35,2,1,0,1,2.9
R01272,R01511,35,7,1,0,1,2.9
R01272,R01600,35,42,0,9,31,73.8
R01272,R01628,35,33,0,1,28,80.0
R01272,R01707,35,5,1,0,1,2.9
R01272,R01736,35,30,0,26,30,85.7
R01272,R01755,35,31,0,10,29,82.9
R01272,R01779,35,8,1,0,1,2.9
R01272,R01922,35,10,1,0,1,2.9
R01272,R02021,35,2,1,0,1,2.9
R01273,R01303,11,15,0,2,2,13.3
R01273,R01464,11,22,0,2,2,9.1
R01273,R01591,11,20,0,2,2,10.0
R01273,R01720,11,6,0,2,2,18.2
R01273,R01796,11,9,0,2,4,36.4
R01273,R01844,11,24,0,2,2,8.3
R01273,R01853,11,11,0,4,6,54.5
R01273,R01860,11,11,0,2,7,63.6
R01273,R01865,11,28,0,1,2,7.1
R01273,R01873,11,6,1,0,1,9.1
R01273,R01879,11,22,0,2,2,9.1
R01273,R02061,11,4,0,2,2,18.2
R01274,R01301,20,7,0,1,1,5.0
R01274,R01494,20,22,0,1,1,4.5
R01274,R01530,20,2,0,1,1,5.0
R01274,R01551,20,16,0,9,9,45.0
R01274,R01588,20,10,1,0,1,5.0
R01274,R01612,20,14,0,1,1,5.0
R01274,R01617,20,7,0,1,1,5.0
R01274,R01717,20,14,1,4,14,70.0
R01274,R01721,20,6,0,1,1,5.0
R01274,R01815,20,3,0,1,1,5.0
R01274,R01888,20,6,0,1,1,5.0
R01274,R01895,20,9,0,1,1,5.0
R01274,R01951,20,4,0,1,1,5.0
R01274,R01964,20,12,0,1,1,5.0
R01274,R01991,20,4,0,1,1,5.0
R01274,R01998,20,8,0,1,1,5.0
R01274,R02012,20,7,0,1,1,5.0
R01274,R02027,20,9,0,1,1,5.0
R01274,R02029,20,10,0,1,1,5.0
R01274,R02085,20,2,0,1,1,5.0
R01274,R02095,20,7,0,1,1,5.0
R01275,R01515,16,23,2,0,6,26.1
R01275,R01599,16,23,1,0,1,4.3
R01275,R02074,16,5,1,0,1,6.2
R01276,R01280,4,15,0,1,1,6.7
R01278,R01394,15,5,0,5,5,33.3
R01278,R01521,15,14,1,13,14,93.3
R01278,R01776,15,16,1,0,3,18.8
R01278,R01780,15,24,1,0,5,20.8
R01278,R01794,15,4,3,0,3,20.0
R01278,R01840,15,4,1,0,3,20.0
R01278,R01858,15,19,1,0,3,15.8
R01278,R01898,15,25,1,0,5,20.0
R01278,R02025,15,3,0,1,3,20.0
R01279,R01281,7,42,0,7,7,16.7
R01279,R01307,7,38,0,7,7,18.4
R01279,R01515,7,23,0,7,7,30.4
R01279,R01522,7,27,0,7,7,25.9
R01279,R01691,7,36,0,7,7,19.4
R01279,R01697,7,34,0,7,7,20.6
R01279,R01706,7,21,0,7,7,33.3
R01279,R01859,7,6,0,1,1,14.3
R01279,R01905,7,44,0,7,7,15.9
R01279,R02086,7,36,0,7,7,19.4
R01280,R01442,15,8,2,0,2,13.3
R01280,R01497,15,18,2,0,2,11.1
R01280,R01498,15,20,1,0,1,5.0
R01280,R01710,15,27,1,0,1,3.7
R01280,R01728,15,8,1,0,1,6.7
R01280,R01834,15,15,2,0,2,13.3
R01280,R01886,15,11,1,0,1,6.7
R01280,R02079,15,5,1,0,1,6.7
R01281,R01307,42,38,0,10,19,45.2
R01281,R01515,42,23,0,13,13,31.0
R01281,R01522,42,27,0,11,12,28.6
R01281,R01691,42,36,0,13,23,54.8
R01281,R01697,42,34,0,10,27,64.3
R01281,R01706,42,21,0,19,19,45.2
R01281,R01859,42,6,0,1,1,2.4
R01281,R01905,42,44,0,10,35,79.5
R01281,R01931,42,6,2,0,2,4.8
R01281,R02086,42,36,0,10,19,45.2
R01282,R01484,5,9,1,0,1,11.1
R01282,R01580,5,10,1,0,1,10.0
R01282,R01749,5,13,0,1,1,7.7
R01282,R01966,5,13,1,0,1,7.7
R01283,R01578,40,16,1,0,1,2.5
R01283,R01663,40,11,0,2,10,25.0
R01283,R01867,40,4,0,1,1,2.5
R01284,R01432,18,27,1,0,1,3.7
R01284,R01883,18,3,2,0,1,5.6
R01285,R02013,4,15,1,0,1,6.7
R01286,R01550,31,9,2,0,3,9.7
R01286,R01653,31,16,2,0,2,6.5
R01286,R01735,31,11,2,0,8,25.8
R01287,R01290,18,21,2,5,17,81.0
R01287,R01291,18,19,4,14,18,94.7
R01287,R01992,18,3,0,1,3,16.7
R01288,R01289,11,7,2,0,2,18.2
R01288,R01470,11,17,1,0,1,5.9
R01288,R01477,11,10,3,0,9,81.8
R01288,R01495,11,6,3,0,3,27.3
R01288,R01664,11,4,1,0,1,9.1
R01288,R01982,11,11,1,0,1,9.1
R01288,R01983,11,13,1,0,1,7.7
R01289,R01470,7,17,1,0,1,5.9
R01289,R01477,7,10,2,0,2,20.0
R01289,R01495,7,6,2,0,2,28.6
R01289,R01664,7,4,1,0,1,14.3
R01289,R01982,7,11,1,0,1,9.1
R01289,R01983,7,13,1,0,1,7.7
R01290,R01291,21,19,2,5,18,85.7
R01290,R01992,21,3,0,1,3,14.3
R01291,R01992,19,3,0,1,3,15.8
R01292,R01362,7,13,1,0,1,7.7
R01292,R01411,7,10,1,0,1,10.0
R01292,R01433,7,12,0,1,1,8.3
R01292,R01434,7,12,0,1,1,8.3
R01292,R01435,7,8,0,1,1,12.5
R01292,R01436,7,13,0,1,1,7.7
R01292,R01438,7,4,1,0,2,28.6
R01292,R01447,7,21,1,0,2,9.5
R01292,R01450,7,34,1,0,4,11.8
R01292,R01452,7,21,1,0,1,4.8
R01292,R01525,7,3,1,0,1,14.3
R01292,R01726,7,20,1,0,1,5.0
R01292,R01753,7,5,1,0,1,14.3
R01292,R01772,7,10,0,1,1,10.0
R01292,R01914,7,9,0,1,1,11.1
R01292,R01940,7,16,0,1,1,6.2
R01292,R01968,7,15,0,5,6,40.0
R01292,R02012,7,7,1,0,1,14.3
R01293,R01303,9,15,1,0,1,6.7
R01293,R01343,9,8,1,0,1,11.1
R01293,R01464,9,22,1,0,1,4.5
R01293,R01583,9,2,0,1,1,11.1
R01293,R01632,9,2,1,0,1,11.1
R01293,R01641,9,5,1,0,1,11.1
R01293,R01666,9,14,1,0,1,7.1
R01293,R01668,9,8,1,0,1,11.1
R01293,R01846,9,8,1,0,1,11.1
R01293,R01847,9,6,1,0,1,11.1
R01293,R01905,9,44,1,0,1,2.3
R01295,R01297,21,34,0,1,8,23.5
R01295,R01347,21,4,1,0,1,4.8
R01295,R01659,21,3,1,0,1,4.8
R01295,R01661,21,3,1,0,1,4.8
R01295,R01675,21,9,0,1,1,4.8
R01295,R01849,21,7,0,1,1,4.8
R01295,R01929,21,7,0,1,1,4.8
R01295,R01931,21,6,0,1,1,4.8
R01295,R01945,21,2,1,0,1,4.8
R01295,R01948,21,2,1,0,1,4.8
R01295,R01979,21,16,0,1,1,4.8
R01296,R01342,18,16,0,16,16,88.9
R01296,R01618,18,4,0,3,3,16.7
R01296,R01967,18,29,0,3,7,24.1
R01296,R01971,18,26,0,3,7,26.9
R01296,R01976,18,20,0,3,7,35.0
R01296,R01995,18,16,0,3,13,72.2
R01296,R01997,18,28,0,3,13,46.4
R01296,R02005,18,18,0,3,13,72.2
R01296,R02015,18,28,0,3,13,46.4
R01296,R02038,18,17,0,3,7,38.9
R01296,R02094,18,20,0,3,13,65.0
R01297,R01675,34,9,0,1,1,2.9
R01297,R01828,34,2,1,0,1,2.9
R01297,R01849,34,7,0,1,1,2.9
R01297,R01929,34,7,0,1,1,2.9
R01297,R01931,34,6,0,1,1,2.9
R01297,R01979,34,16,0,1,1,2.9
R01297,R02058,34,8,1,0,1,2.9
R01298,R01299,20,8,0,8,8,40.0
R01298,R01373,20,13,0,6,6,30.0
R01298,R01656,20,6,0,1,2,10.0
R01298,R01657,20,12,0,1,6,30.0
R01298,R01658,20,9,0,1,6,30.0
R01298,R01712,20,23,0,1,6,26.1
R01298,R01723,20,13,0,8,8,40.0
R01298,R01731,20,9,0,6,6,30.0
R01298,R01732,20,17,0,7,17,85.0
R01298,R01733,20,19,3,16,19,95.0
R01298,R01740,20,21,0,8,8,38.1
R01298,R01781,20,6,0,1,2,10.0
R01298,R01829,20,7,0,1,6,30.0
R01298,R01877,20,22,0,8,8,36.4
R01298,R01912,20,7,0,1,2,10.0
R01298,R01942,20,5,0,1,2,10.0
R01298,R01943,20,16,0,1,8,40.0
R01298,R01958,20,10,0,6,8,40.0
R01299,R01373,8,13,0,6,6,46.2
R01299,R01392,8,4,1,0,1,12.5
R01299,R01656,8,6,0,1,2,25.0
R01299,R01657,8,12,0,1,6,50.0
R01299,R01658,8,9,0,1,6,66.7
R01299,R01712,8,23,0,1,6,26.1
R01299,R01723,8,13,0,8,8,61.5
R01299,R01731,8,9,0,6,6,66.7
R01299,R01732,8,17,0,7,7,41.2
R01299,R01733,8,19,0,8,8,42.1
R01299,R01740,8,21,0,8,8,38.1
R01299,R01781,8,6,0,1,2,25.0
R01299,R01829,8,7,0,1,6,75.0
R01299,R01877,8,22,0,8,8,36.4
R01299,R01912,8,7,0,1,2,25.0
R01299,R01942,8,5,0,1,2,25.0
R01299,R01943,8,16,0,1,8,50.0
R01299,R01958,8,10,1,6,8,80.0
R01301,R01461,7,2,1,0,1,14.3
R01301,R01494,7,22,0,1,1,4.5
R01301,R01530,7,2,0,1,1,14.3
R01301,R01551,7,16,0,1,1,6.2
R01301,R01612,7,14,0,1,1,7.1
R01301,R01617,7,7,0,1,1,14.3
R01301,R01717,7,14,0,1,1,7.1
R01301,R01721,7,6,0,1,1,14.3
R01301,R01758,7,3,1,0,1,14.3
R01301,R01815,7,3,0,1,1,14.3
R01301,R01888,7,6,0,5,5,71.4
R01301,R01895,7,9,0,1,1,11.1
R01301,R01951,7,4,0,1,1,14.3
R01301,R01964,7,12,0,1,1,8.3
R01301,R01991,7,4,0,1,1,14.3
R01301,R01998,7,8,0,1,1,12.5
R01301,R02012,7,7,0,1,1,14.3
R01301,R02027,7,9,0,5,6,66.7
R01301,R02029,7,10,0,1,1,10.0
R01301,R02085,7,2,0,1,1,14.3
R01301,R02095,7,7,0,6,6,85.7
R01303,R01343,15,8,1,0,2,13.3
R01303,R01464,15,22,1,9,15,68.2
R01303,R01591,15,20,0,2,2,10.0
R01303,R01632,15,2,1,0,1,6.7
R01303,R01641,15,5,1,0,1,6.7
R01303,R01666,15,14,1,0,1,6.7
R01303,R01668,15,8,1,0,1,6.7
R01303,R01720,15,6,0,2,2,13.3
R01303,R01796,15,9,0,2,2,13.3
R01303,R01844,15,24,0,2,2,8.3
R01303,R01846,15,8,1,0,1,6.7
R01303,R01847,15,6,1,0,1,6.7
R01303,R01853,15,11,0,2,2,13.3
R01303,R01860,15,11,0,2,2,13.3
R01303,R01865,15,28,0,1,2,7.1
R01303,R01879,15,22,0,2,2,9.1
R01303,R01905,15,44,1,0,1,2.3
R01303,R02061,15,4,0,3,3,20.0
R01304,R01368,5,11,1,0,1,9.1
R01304,R01378,5,21,0,1,1,4.8
R01304,R01523,5,22,0,1,1,4.5
R01304,R01589,5,10,0,1,1,10.0
R01304,R01965,5,7,0,1,1,14.3
R01304,R01970,5,8,0,1,1,12.5
R01305,R01573,29,6,0,1,1,3.4
R01305,R01801,29,17,0,17,17,58.6
R01306,R01368,7,11,0,1,2,18.2
R01306,R01454,7,20,0,1,1,5.0
R01306,R01599,7,23,0,1,1,4.3
R01306,R01633,7,2,0,1,1,14.3
R01306,R01640,7,5,0,1,1,14.3
R01306,R01845,7,7,0,1,1,14.3
R01307,R01395,38,2,1,0,1,2.6
R01307,R01515,38,23,0,10,13,34.2
R01307,R01522,38,27,0,10,12,31.6
R01307,R01691,38,36,0,10,15,39.5
R01307,R01697,38,34,0,25,25,65.8
R01307,R01706,38,21,0,10,20,52.6
R01307,R01859,38,6,0,1,1,2.6
R01307,R01905,38,44,0,25,25,56.8
R01307,R02051,38,2,1,0,1,2.6
R01307,R02086,38,36,0,25,25,65.8
R01308,R01410,11,12,0,11,11,91.7
R01308,R01508,11,30,0,2,2,6.7
R01308,R01513,11,17,0,2,2,11.8
R01308,R01938,11,11,0,2,2,18.2
R01308,R01941,11,9,0,2,2,18.2
R01308,R02041,11,8,0,2,2,18.2
R01309,R02036,2,8,1,0,1,12.5
R01310,R01442,22,8,0,2,8,36.4
R01311,R01517,17,14,0,4,9,52.9
R01311,R01596,17,16,0,4,8,47.1
R01311,R01606,17,16,0,4,6,35.3
R01311,R01686,17,40,0,4,12,30.0
R01311,R01687,17,25,0,3,9,36.0
R01311,R01688,17,12,0,5,9,52.9
R01311,R01764,17,12,0,3,5,29.4
R01312,R01340,11,4,2,0,2,18.2
R01312,R01932,11,13,0,11,11,84.6
R01312,R02002,11,3,0,1,1,9.1
R01312,R02006,11,4,0,1,1,9.1
R01312,R02007,11,5,0,1,1,9.1
R01313,R01318,13,6,0,6,6,46.2
R01313,R01323,13,8,0,8,8,61.5
R01313,R01586,13,9,0,7,8,61.5
R01314,R01315,4,6,0,4,4,66.7
R01314,R01327,4,8,4,0,4,50.0
R01314,R01449,4,1,0,1,1,25.0
R01314,R01544,4,8,0,1,1,12.5
R01315,R01449,6,1,0,1,1,16.7
R01315,R01544,6,8,0,1,1,12.5
R01316,R01449,4,1,1,0,1,25.0
R01317,R01467,5,21,1,0,1,4.8
R01317,R01785,5,4,0,1,1,20.0
R01317,R01798,5,4,0,1,1,20.0
R01317,R01984,5,11,1,0,1,9.1
R01317,R01985,5,10,1,0,1,10.0
R01317,R01987,5,12,1,0,1,8.3
R01318,R01323,6,8,0,6,6,75.0
R01318,R01384,6,12,1,0,1,8.3
R01318,R01493,6,8,1,0,1,12.5
R01318,R01586,6,9,0,6,6,66.7
R01318,R01739,6,29,1,0,1,3.4
R01319,R01334,23,18,1,0,5,21.7
R01319,R01444,23,16,1,0,3,13.0
R01319,R01446,23,12,0,12,12,52.2
R01319,R01662,23,18,0,14,18,78.3
R01320,R01321,19,10,0,1,1,5.3
R01320,R01542,19,5,0,1,1,5.3
R01321,R01542,10,5,0,1,1,10.0
R01322,R01365,14,8,0,4,4,28.6
R01322,R01380,14,8,0,1,2,14.3
R01322,R01773,14,41,0,1,2,4.9
R01322,R01813,14,7,0,1,1,7.1
R01322,R01816,14,3,0,1,1,7.1
R01322,R01908,14,35,0,1,1,2.9
R01322,R02044,14,24,0,1,1,4.2
R01323,R01386,8,7,1,0,1,12.5
R01323,R01586,8,9,1,7,8,88.9
R01324,R01369,5,5,4,0,4,80.0
R01325,R01381,19,57,0,11,18,31.6
R01325,R01784,19,25,0,11,14,56.0
R01325,R01819,19,15,2,11,15,78.9
R01326,R01567,4,4,0,2,2,50.0
R01328,R01333,3,27,1,0,1,3.7
R01328,R01645,3,21,1,0,2,9.5
R01328,R02005,3,18,2,0,2,11.1
R01329,R01331,8,7,1,6,7,87.5
R01329,R01332,8,13,1,6,8,61.5
R01329,R01334,8,18,0,6,8,44.4
R01329,R01346,8,5,1,0,1,12.5
R01329,R01361,8,12,1,0,1,8.3
R01329,R01443,8,24,1,0,8,33.3
R01329,R01465,8,9,1,0,1,11.1
R01329,R01662,8,18,1,0,1,5.6
R01329,R01712,8,23,1,0,1,4.3
R01329,R01716,8,5,1,0,1,12.5
R01329,R01723,8,13,1,0,1,7.7
R01329,R01784,8,25,1,0,5,20.0
R01329,R01810,8,4,0,1,1,12.5
R01329,R01855,8,6,1,0,1,12.5
R01329,R01943,8,16,1,0,1,6.2
R01329,R01972,8,7,1,0,1,12.5
R01329,R01996,8,21,1,0,8,38.1
R01331,R01332,7,13,1,6,7,53.8
R01331,R01334,7,18,0,6,7,38.9
R01331,R01346,7,5,1,0,1,14.3
R01331,R01361,7,12,1,0,1,8.3
R01331,R01443,7,24,1,0,7,29.2
R01331,R01465,7,9,1,0,1,11.1
R01331,R01662,7,18,1,0,1,5.6
R01331,R01712,7,23,1,0,1,4.3
R01331,R01716,7,5,1,0,1,14.3
R01331,R01723,7,13,1,0,1,7.7
R01331,R01784,7,25,1,0,5,20.0
R01331,R01810,7,4,0,1,1,14.3
R01331,R01855,7,6,1,0,1,14.3
R01331,R01943,7,16,1,0,1,6.2
R01331,R01972,7,7,1,0,1,14.3
R01331,R01996,7,21,1,0,7,33.3
R01332,R01334,13,18,0,13,13,72.2
R01332,R01346,13,5,1,0,1,7.7
R01332,R01361,13,12,1,0,1,7.7
R01332,R01443,13,24,1,0,10,41.7
R01332,R01465,13,9,1,0,1,7.7
R01332,R01662,13,18,1,0,1,5.6
R01332,R01712,13,23,1,0,1,4.3
R01332,R01716,13,5,1,0,1,7.7
R01332,R01723,13,13,1,0,1,7.7
R01332,R01784,13,25,1,0,5,20.0
R01332,R01810,13,4,0,1,1,7.7
R01332,R01855,13,6,1,0,1,7.7
R01332,R01943,13,16,1,0,1,6.2
R01332,R01972,13,7,1,0,1,7.7
R01332,R01996,13,21,1,0,11,52.4
R01333,R01575,27,11,0,1,7,25.9
R01333,R01592,27,17,0,1,3,11.1
R01333,R01615,27,26,0,2,18,66.7
R01333,R01645,27,21,1,0,1,3.7
R01333,R02005,27,18,1,0,1,3.7
R01333,R02065,27,5,0,2,2,7.4
R01334,R01444,18,16,1,0,1,5.6
R01334,R01810,18,4,0,1,1,5.6
R01339,R01341,8,8,0,7,4,50.0
R01339,R02043,8,4,0,4,4,50.0
R01340,R01472,4,7,0,1,1,14.3
R01340,R01483,4,10,0,1,1,10.0
R01340,R01487,4,7,0,1,1,14.3
R01340,R01812,4,6,0,1,1,16.7
R01340,R01900,4,8,0,1,1,12.5
R01340,R01901,4,6,0,1,1,16.7
R01341,R02043,8,4,0,4,4,50.0
R01342,R01618,16,4,0,3,3,18.8
R01342,R01967,16,29,0,3,7,24.1
R01342,R01971,16,26,0,3,7,26.9
R01342,R01976,16,20,0,3,7,35.0
R01342,R01995,16,16,0,3,13,81.2
R01342,R01997,16,28,0,3,13,46.4
R01342,R02005,16,18,0,3,13,72.2
R01342,R02015,16,28,0,3,13,46.4
R01342,R02038,16,17,0,3,7,41.2
R01342,R02094,16,20,0,3,13,65.0
R01343,R01369,8,5,0,5,5,62.5
R01343,R01464,8,22,3,0,3,13.6
R01343,R01632,8,2,1,0,1,12.5
R01343,R01641,8,5,1,0,1,12.5
R01343,R01666,8,14,1,0,1,7.1
R01343,R01668,8,8,1,0,1,12.5
R01343,R01846,8,8,1,0,1,12.5
R01343,R01847,8,6,1,0,1,12.5
R01343,R01905,8,44,1,0,3,6.8
R01344,R01379,5,6,0,3,3,50.0
R01344,R01463,5,4,0,1,1,20.0
R01344,R01479,5,16,0,1,1,6.2
R01344,R01667,5,24,0,1,1,4.2
R01344,R01750,5,7,0,1,2,28.6
R01344,R01854,5,6,0,1,1,16.7
R01344,R01857,5,5,0,1,1,20.0
R01346,R01361,5,12,3,0,3,25.0
R01346,R01443,5,24,1,0,1,4.2
R01346,R01465,5,9,3,0,4,44.4
R01346,R01662,5,18,1,0,1,5.6
R01346,R01712,5,23,1,0,1,4.3
R01346,R01716,5,5,3,0,4,80.0
R01346,R01723,5,13,1,0,1,7.7
R01346,R01747,5,7,0,4,4,57.1
R01346,R01784,5,25,1,0,1,4.0
R01346,R01855,5,6,1,0,1,16.7
R01346,R01943,5,16,1,0,2,12.5
R01346,R01972,5,7,1,0,2,28.6
R01346,R01996,5,21,1,0,1,4.8
R01347,R01659,4,3,1,1,1,25.0
R01347,R01661,4,3,1,1,1,25.0
R01347,R01945,4,2,1,0,1,25.0
R01347,R01946,4,2,0,1,1,25.0
R01347,R01947,4,2,0,1,1,25.0
R01347,R01948,4,2,1,0,1,25.0
R01347,R02040,4,5,0,1,1,20.0
R01348,R01887,22,25,3,0,16,64.0
R01348,R01954,22,2,1,0,1,4.5
R01348,R02037,22,15,0,5,14,63.6
R01348,R02042,22,15,0,5,14,63.6
R01349,R01359,14,13,1,0,3,21.4
R01349,R01477,14,10,0,1,1,7.1
R01350,R01352,2,11,2,0,2,18.2
R01350,R01824,2,7,1,0,1,14.3
R01350,R01881,2,12,1,0,1,8.3
R01350,R01932,2,13,1,0,1,7.7
R01351,R01357,11,13,0,1,1,7.7
R01351,R01906,11,19,4,0,7,36.8
R01351,R01923,11,5,4,0,4,36.4
R01351,R01936,11,8,0,1,1,9.1
R01351,R01937,11,5,0,1,1,9.1
R01351,R01988,11,4,4,0,4,36.4
R01352,R01824,11,7,1,0,1,9.1
R01352,R01881,11,12,1,0,1,8.3
R01352,R01932,11,13,1,0,1,7.7
R01352,R01986,11,5,0,4,4,36.4
R01352,R01990,11,4,0,4,4,36.4
R01353,R01452,11,21,0,2,6,28.6
R01353,R01457,11,3,0,1,1,9.1
R01353,R01558,11,12,1,0,1,8.3
R01353,R01559,11,11,1,0,1,9.1
R01353,R01560,11,9,1,0,1,9.1
R01353,R01562,11,22,0,11,11,50.0
R01353,R01563,11,18,0,6,9,50.0
R01353,R01564,11,18,0,6,10,55.6
R01353,R01566,11,20,0,11,11,55.0
R01353,R01727,11,25,0,2,6,24.0
R01353,R01848,11,24,0,2,7,29.2
R01353,R01892,11,15,0,2,2,13.3
R01353,R01952,11,16,0,2,2,12.5
R01353,R02032,11,10,0,2,2,18.2
R01353,R02039,11,16,0,2,2,12.5
R01353,R02052,11,12,2,9,11,91.7
R01353,R02053,11,11,1,9,10,90.9
R01354,R01402,15,17,1,11,15,88.2
R01354,R02087,15,8,1,0,3,20.0
R01355,R01408,7,5,0,1,1,14.3
R01355,R01605,7,8,0,1,5,62.5
R01355,R01614,7,3,0,1,1,14.3
R01355,R01620,7,7,0,5,5,71.4
R01355,R01623,7,9,0,1,5,55.6
R01355,R01714,7,5,4,1,5,71.4
R01355,R01721,7,6,1,0,1,14.3
R01355,R01766,7,5,1,0,1,14.3
R01355,R01767,7,11,1,0,1,9.1
R01355,R01950,7,12,0,4,5,41.7
R01355,R01973,7,11,0,4,7,63.6
R01355,R02009,7,2,1,0,1,14.3
R01355,R02085,7,2,1,0,1,14.3
R01356,R01359,11,13,0,1,1,7.7
R01356,R01540,11,12,1,0,1,8.3
R01356,R01711,11,4,0,1,1,9.1
R01356,R01982,11,11,0,1,1,9.1
R01356,R01983,11,13,0,1,1,7.7
R01356,R02037,11,15,1,0,1,6.7
R01356,R02042,11,15,1,0,1,6.7
R01357,R01936,13,8,0,1,1,7.7
R01357,R01937,13,5,0,1,1,7.7
R01357,R01940,13,16,1,0,1,6.2
R01357,R02000,13,5,1,0,1,7.7
R01357,R02004,13,4,1,0,1,7.7
R01357,R02014,13,3,1,0,1,7.7
R01358,R01664,6,4,0,1,2,33.3
R01359,R01711,13,4,0,1,1,7.7
R01359,R01982,13,11,0,1,1,7.7
R01359,R01983,13,13,0,1,1,7.7
R01360,R01619,4,12,0,1,1,8.3
R01360,R01804,4,9,1,0,1,11.1
R01360,R01892,4,15,3,0,3,20.0
R01360,R01915,4,9,0,1,1,11.1
R01360,R01952,4,16,3,0,3,18.8
R01361,R01443,12,24,1,0,1,4.2
R01361,R01465,12,9,3,0,3,25.0
R01361,R01662,12,18,1,0,1,5.6
R01361,R01712,12,23,1,0,1,4.3
R01361,R01716,12,5,3,0,3,25.0
R01361,R01723,12,13,1,0,1,7.7
R01361,R01784,12,25,1,0,1,4.0
R01361,R01855,12,6,1,0,1,8.3
R01361,R01943,12,16,1,0,1,6.2
R01361,R01972,12,7,1,0,1,8.3
R01361,R01996,12,21,1,0,1,4.8
R01362,R01406,13,11,0,1,5,38.5
R01362,R01411,13,10,1,0,1,7.7
R01362,R01412,13,26,0,1,5,19.2
R01362,R01429,13,14,0,1,4,28.6
R01362,R01438,13,4,1,0,1,7.7
R01362,R01447,13,21,1,0,1,4.8
R01362,R01450,13,34,1,0,1,2.9
R01362,R01452,13,21,1,0,1,4.8
R01362,R01525,13,3,1,0,1,7.7
R01362,R01726,13,20,1,1,6,30.0
R01362,R01753,13,5,4,0,4,30.8
R01362,R02012,13,7,1,0,1,7.7
R01363,R01630,18,20,1,0,14,70.0
R01365,R01380,8,8,0,1,3,37.5
R01365,R01773,8,41,0,1,5,12.2
R01365,R01813,8,7,0,1,1,12.5
R01365,R01816,8,3,0,1,1,12.5
R01365,R01908,8,35,0,1,1,2.9
R01365,R02044,8,24,0,1,1,4.2
R01366,R01403,13,21,1,0,1,4.8
R01366,R01451,13,7,1,0,7,53.8
R01366,R01848,13,24,1,0,1,4.2
R01367,R01505,40,8,0,4,5,12.5
R01367,R01751,40,3,0,3,3,7.5
R01367,R01774,40,13,0,4,5,12.5
R01367,R01791,40,24,0,4,5,12.5
R01368,R01454,11,20,0,1,1,5.0
R01368,R01599,11,23,0,1,1,4.3
R01368,R01633,11,2,0,1,1,9.1
R01368,R01640,11,5,0,1,1,9.1
R01368,R01845,11,7,0,1,1,9.1
R01370,R01372,3,6,0,3,3,50.0
R01371,R01375,6,3,3,0,3,50.0
R01373,R01656,13,6,0,1,2,15.4
R01373,R01657,13,12,0,1,6,46.2
R01373,R01658,13,9,0,1,6,46.2
R01373,R01712,13,23,0,1,9,39.1
R01373,R01723,13,13,0,6,6,46.2
R01373,R01731,13,9,1,6,9,69.2
R01373,R01732,13,17,0,6,6,35.3
R01373,R01733,13,19,0,6,6,31.6
R01373,R01740,13,21,0,6,6,28.6
R01373,R01762,13,4,1,0,1,7.7
R01373,R01781,13,6,0,1,2,15.4
R01373,R01829,13,7,0,1,6,46.2
R01373,R01877,13,22,0,6,6,27.3
R01373,R01912,13,7,0,1,2,15.4
R01373,R01942,13,5,0,1,2,15.4
R01373,R01943,13,16,0,1,6,37.5
R01373,R01958,13,10,0,6,6,46.2
R01374,R01381,23,57,3,0,15,26.3
R01374,R01392,23,4,0,3,4,17.4
R01374,R01644,23,11,1,0,11,47.8
R01374,R01652,23,14,1,0,13,56.5
R01374,R01730,23,4,0,1,1,4.3
R01374,R01748,23,8,3,0,3,13.0
R01374,R01777,23,8,1,0,8,34.8
R01374,R01855,23,6,0,1,1,4.3
R01374,R01894,23,7,1,0,2,8.7
R01374,R02054,23,10,0,1,1,4.3
R01376,R01722,17,3,0,1,2,11.8
R01378,R01523,21,22,0,2,13,59.1
R01378,R01589,21,10,0,1,1,4.8
R01378,R01965,21,7,0,1,1,4.8
R01378,R01970,21,8,0,1,1,4.8
R01379,R01463,6,4,0,1,1,16.7
R01379,R01479,6,16,0,1,1,6.2
R01379,R01667,6,24,0,1,1,4.2
R01379,R01750,6,7,0,1,1,14.3
R01379,R01854,6,6,0,1,1,16.7
R01379,R01857,6,5,0,1,1,16.7
R01380,R01773,8,41,0,3,3,7.3
R01380,R01813,8,7,0,1,1,12.5
R01380,R01816,8,3,0,1,1,12.5
R01380,R01908,8,35,0,1,1,2.9
R01380,R02044,8,24,0,1,1,4.2
R01381,R01644,57,11,1,0,11,19.3
R01381,R01652,57,14,1,0,14,24.6
R01381,R01748,57,8,4,0,4,7.0
R01381,R01777,57,8,1,0,8,14.0
R01381,R01784,57,25,0,13,23,40.4
R01381,R01819,57,15,0,13,15,26.3
R01381,R01894,57,7,1,0,3,5.3
R01382,R01405,13,19,0,2,8,42.1
R01382,R01540,13,12,0,2,10,76.9
R01382,R01557,13,11,0,2,3,23.1
R01382,R01685,13,16,0,2,3,18.8
R01382,R01823,13,21,0,2,2,9.5
R01382,R01868,13,12,0,2,2,15.4
R01382,R01871,13,10,0,2,2,15.4
R01382,R01881,13,12,0,2,2,15.4
R01382,R01882,13,11,0,2,2,15.4
R01382,R01887,13,25,0,2,12,48.0
R01382,R01891,13,16,0,2,2,12.5
R01382,R01904,13,21,0,2,2,9.5
R01382,R01906,13,19,0,2,2,10.5
R01382,R01917,13,17,0,9,11,64.7
R01383,R01646,5,3,3,0,3,60.0
R01384,R01491,12,3,0,1,1,8.3
R01384,R01493,12,8,2,0,2,16.7
R01384,R01739,12,29,1,0,1,3.4
R01385,R01391,7,12,0,2,7,58.3
R01385,R01415,7,9,4,2,7,77.8
R01385,R01512,7,9,1,0,1,11.1
R01385,R01683,7,13,0,2,7,53.8
R01386,R01493,7,8,0,7,7,87.5
R01386,R01586,7,9,1,0,1,11.1
R01386,R01646,7,3,0,1,1,14.3
R01387,R01939,6,14,1,0,1,7.1
R01387,R02023,6,10,1,1,6,60.0
R01388,R01400,26,15,2,0,2,7.7
R01388,R01404,26,13,1,0,1,3.8
R01388,R01612,26,14,1,0,2,7.7
R01388,R01613,26,19,1,0,3,11.5
R01388,R01621,26,27,0,7,7,25.9
R01388,R01622,26,29,0,3,4,13.8
R01388,R01635,26,4,1,0,1,3.8
R01388,R01902,26,26,0,7,7,26.9
R01388,R01973,26,11,1,0,1,3.8
R01388,R02044,26,24,2,0,16,61.5
R01388,R02045,26,9,1,0,1,3.8
R01388,R02099,26,6,0,4,6,23.1
R01389,R01397,5,4,3,1,4,80.0
R01389,R01506,5,9,1,0,1,11.1
R01389,R01535,5,9,0,5,5,55.6
R01389,R01854,5,6,1,0,1,16.7
R01389,R01857,5,5,1,0,1,20.0
R01389,R01962,5,6,0,1,1,16.7
R01389,R02056,5,11,1,0,1,9.1
R01390,R01647,4,7,1,0,1,14.3
R01390,R01650,4,3,1,0,2,50.0
R01390,R01708,4,5,1,0,1,20.0
R01390,R01779,4,8,0,2,4,50.0
R01390,R02022,4,6,1,3,4,66.7
R01391,R01415,12,9,0,9,9,75.0
R01391,R01683,12,13,4,8,12,92.3
R01392,R01730,4,4,0,1,1,25.0
R01392,R01855,4,6,0,1,1,16.7
R01392,R01958,4,10,1,0,1,10.0
R01392,R02054,4,10,0,1,1,10.0
R01393,R01511,2,7,1,0,1,14.3
R01393,R01648,2,2,0,1,1,50.0
R01393,R01649,2,2,0,1,1,50.0
R01393,R01707,2,5,1,0,1,20.0
R01393,R01779,2,8,1,0,2,25.0
R01393,R01922,2,10,1,0,1,10.0
R01393,R02020,2,6,0,1,1,16.7
R01393,R02021,2,2,1,0,1,50.0
R01394,R01521,5,14,0,5,5,35.7
R01394,R02025,5,3,0,1,2,40.0
R01395,R02051,2,2,1,0,1,50.0
R01396,R01455,12,10,0,1,1,8.3
R01396,R01456,12,6,0,1,1,8.3
R01396,R01480,12,16,0,2,7,43.8
R01396,R01504,12,3,0,1,1,8.3
R01396,R01527,12,7,0,5,6,50.0
R01396,R01574,12,7,0,1,1,8.3
R01396,R01693,12,12,0,2,7,58.3
R01396,R01761,12,11,0,1,1,8.3
R01396,R01803,12,13,0,2,6,46.2
R01397,R01506,4,9,1,0,1,11.1
R01397,R01535,4,9,0,1,4,44.4
R01397,R01854,4,6,1,0,1,16.7
R01397,R01857,4,5,1,0,1,20.0
R01397,R01962,4,6,0,1,1,16.7
R01397,R02056,4,11,1,0,1,9.1
R01398,R01407,10,12,1,0,1,8.3
R01398,R01409,10,5,1,0,1,10.0
R01398,R01411,10,10,0,1,3,30.0
R01398,R01480,10,16,1,0,3,18.8
R01398,R01485,10,13,1,0,1,7.7
R01398,R01616,10,3,1,0,1,10.0
R01398,R01631,10,4,0,1,1,10.0
R01398,R01693,10,12,3,0,3,25.0
R01398,R01695,10,8,1,0,1,10.0
R01398,R01766,10,5,0,1,4,40.0
R01398,R01803,10,13,1,0,3,23.1
R01398,R01974,10,21,0,2,2,9.5
R01398,R02009,10,2,0,1,2,20.0
R01398,R02011,10,9,0,2,2,20.0
R01399,R01419,10,23,0,3,5,21.7
R01399,R01565,10,14,0,10,10,71.4
R01400,R01404,15,13,1,4,12,80.0
R01400,R01409,15,5,0,1,5,33.3
R01400,R01612,15,14,1,0,1,6.7
R01400,R01613,15,19,1,0,2,10.5
R01400,R01635,15,4,1,0,1,6.7
R01400,R01973,15,11,1,0,7,46.7
R01400,R02044,15,24,2,0,2,8.3
R01400,R02045,15,9,1,0,1,6.7
R01401,R01827,2,3,2,0,2,66.7
R01401,R02058,2,8,0,1,1,12.5
R01402,R02087,17,8,4,0,4,23.5
R01403,R01451,21,7,1,0,1,4.8
R01403,R01848,21,24,1,0,1,4.2
R01404,R01409,13,5,0,1,5,38.5
R01404,R01612,13,14,1,0,1,7.1
R01404,R01613,13,19,1,0,1,5.3
R01404,R01635,13,4,1,0,1,7.7
R01404,R01973,13,11,2,0,6,46.2
R01404,R02044,13,24,1,0,1,4.2
R01404,R02045,13,9,1,0,1,7.7
R01405,R01540,19,12,0,7,10,52.6
R01405,R01557,19,11,0,5,5,26.3
R01405,R01685,19,16,0,5,5,26.3
R01405,R01823,19,21,0,2,2,9.5
R01405,R01868,19,12,0,2,2,10.5
R01405,R01871,19,10,0,2,2,10.5
R01405,R01881,19,12,0,2,2,10.5
R01405,R01882,19,11,0,2,2,10.5
R01405,R01887,19,25,0,7,10,40.0
R01405,R01891,19,16,0,2,2,10.5
R01405,R01904,19,21,0,2,2,9.5
R01405,R01906,19,19,0,2,2,10.5
R01405,R01917,19,17,0,2,8,42.1
R01406,R01412,11,26,0,4,9,34.6
R01406,R01425,11,27,1,0,1,3.7
R01406,R01426,11,25,1,0,1,4.0
R01406,R01427,11,24,1,0,1,4.2
R01406,R01429,11,14,0,8,8,57.1
R01406,R01726,11,20,0,9,9,45.0
R01407,R01409,12,5,3,0,5,41.7
R01407,R01480,12,16,1,0,1,6.2
R01407,R01485,12,13,3,9,12,92.3
R01407,R01616,12,3,3,0,3,25.0
R01407,R01693,12,12,1,0,1,8.3
R01407,R01695,12,8,1,4,8,66.7
R01407,R01803,12,13,1,0,1,7.7
R01408,R01605,5,8,0,1,1,12.5
R01408,R01614,5,3,0,3,3,60.0
R01408,R01620,5,7,0,1,1,14.3
R01408,R01623,5,9,0,1,1,11.1
R01408,R01714,5,5,0,1,1,20.0
R01408,R01950,5,12,0,1,1,8.3
R01408,R01973,5,11,0,1,1,9.1
R01409,R01480,5,16,1,0,1,6.2
R01409,R01485,5,13,3,0,5,38.5
R01409,R01616,5,3,3,0,3,60.0
R01409,R01693,5,12,1,0,1,8.3
R01409,R01695,5,8,1,0,4,50.0
R01409,R01803,5,13,1,0,1,7.7
R01410,R01508,12,30,0,2,2,6.7
R01410,R01513,12,17,0,2,2,11.8
R01410,R01938,12,11,0,2,2,16.7
R01410,R01941,12,9,0,2,2,16.7
R01410,R02041,12,8,0,2,2,16.7
R01411,R01438,10,4,1,0,1,10.0
R01411,R01447,10,21,1,0,1,4.8
R01411,R01450,10,34,1,0,1,2.9
R01411,R01452,10,21,1,0,1,4.8
R01411,R01525,10,3,2,0,2,20.0
R01411,R01631,10,4,0,1,1,10.0
R01411,R01726,10,20,3,0,3,15.0
R01411,R01753,10,5,1,0,1,10.0
R01411,R01766,10,5,0,4,4,40.0
R01411,R01974,10,21,0,1,2,9.5
R01411,R02009,10,2,0,1,1,10.0
R01411,R02011,10,9,0,1,2,20.0
R01411,R02012,10,7,2,0,2,20.0
R01412,R01429,26,14,0,4,6,23.1
R01412,R01726,26,20,0,4,7,26.9
R01413,R01514,21,22,0,5,6,27.3
R01414,R01889,16,12,1,0,1,6.2
R01414,R01890,16,16,1,0,1,6.2
R01414,R01924,16,28,0,1,1,3.6
R01415,R01512,9,9,1,0,1,11.1
R01415,R01683,9,13,0,8,9,69.2
R01416,R01445,25,19,1,0,1,4.0
R01416,R01657,25,12,3,0,11,44.0
R01416,R01658,25,9,3,0,8,32.0
R01416,R01669,25,11,1,0,1,4.0
R01416,R01694,25,20,0,10,20,80.0
R01416,R01701,25,23,0,23,23,92.0
R01416,R01719,25,20,3,13,20,80.0
R01416,R01763,25,4,1,0,1,4.0
R01416,R01829,25,7,3,0,6,24.0
R01416,R01962,25,6,1,0,1,4.0
R01416,R02067,25,6,1,0,1,4.0
R01416,R02068,25,5,1,0,1,4.0
R01417,R01420,13,7,0,7,7,53.8
R01417,R01422,13,6,0,2,6,46.2
R01417,R01424,13,4,0,3,4,30.8
R01417,R01443,13,24,0,1,2,8.3
R01418,R01421,7,4,3,1,4,57.1
R01418,R01423,7,6,2,4,6,85.7
R01418,R02008,7,8,0,1,1,12.5
R01419,R01565,23,14,0,3,7,30.4
R01419,R01677,23,4,4,0,4,17.4
R01420,R01422,7,6,4,2,6,85.7
R01420,R01424,7,4,1,3,4,57.1
R01420,R01443,7,24,0,1,2,8.3
R01420,R01473,7,12,1,0,1,8.3
R01421,R01423,4,6,2,1,3,50.0
R01421,R02008,4,8,0,1,1,12.5
R01422,R01424,6,4,1,2,3,50.0
R01422,R01443,6,24,0,1,2,8.3
R01422,R01473,6,12,1,0,1,8.3
R01423,R02008,6,8,0,1,1,12.5
R01424,R01443,4,24,0,1,2,8.3
R01424,R01473,4,12,1,0,1,8.3
R01425,R01426,27,25,2,23,25,92.6
R01425,R01427,27,24,2,18,23,85.2
R01425,R01428,27,23,0,21,22,81.5
R01425,R01597,27,8,0,1,1,3.7
R01425,R02088,27,11,0,1,1,3.7
R01426,R01427,25,24,4,18,23,92.0
R01426,R01428,25,23,0,21,22,88.0
R01426,R01597,25,8,0,1,1,4.0
R01426,R02088,25,11,0,1,1,4.0
R01427,R01428,24,23,0,18,21,87.5
R01427,R01597,24,8,0,1,1,4.2
R01427,R02088,24,11,0,1,1,4.2
R01428,R01597,23,8,0,1,1,4.3
R01428,R02088,23,11,0,1,1,4.3
R01429,R01726,14,20,0,8,8,40.0
R01429,R01884,14,2,1,0,1,7.1
R01430,R01542,19,5,1,0,1,5.3
R01430,R01759,19,9,0,9,9,47.4
R01431,R01692,19,27,0,19,19,70.4
R01432,R01883,27,3,1,0,1,3.7
R01433,R01434,12,12,1,9,11,91.7
R01433,R01435,12,8,0,8,8,66.7
R01433,R01436,12,13,1,11,12,92.3
R01433,R01574,12,7,1,0,1,8.3
R01433,R01772,12,10,0,1,1,8.3
R01433,R01914,12,9,0,1,1,8.3
R01433,R01940,12,16,0,1,1,6.2
R01433,R01968,12,15,0,1,1,6.7
R01434,R01435,12,8,0,8,8,66.7
R01434,R01436,12,13,3,9,12,92.3
R01434,R01574,12,7,1,0,1,8.3
R01434,R01772,12,10,0,1,1,8.3
R01434,R01914,12,9,0,1,1,8.3
R01434,R01940,12,16,0,1,1,6.2
R01434,R01968,12,15,0,1,1,6.7
R01435,R01436,8,13,0,8,8,61.5
R01435,R01772,8,10,0,1,1,10.0
R01435,R01914,8,9,0,1,1,11.1
R01435,R01940,8,16,0,1,1,6.2
R01435,R01968,8,15,0,1,1,6.7
R01436,R01574,13,7,1,0,1,7.7
R01436,R01772,13,10,0,1,1,7.7
R01436,R01914,13,9,0,1,1,7.7
R01436,R01940,13,16,0,1,1,6.2
R01436,R01968,13,15,0,1,1,6.7
R01437,R01439,3,7,2,1,3,42.9
R01437,R02049,3,1,1,0,1,33.3
R01438,R01447,4,21,3,0,4,19.0
R01438,R01450,4,34,2,0,3,8.8
R01438,R01452,4,21,1,0,1,4.8
R01438,R01469,4,2,0,1,1,25.0
R01438,R01525,4,3,1,0,1,25.0
R01438,R01726,4,20,1,0,1,5.0
R01438,R01753,4,5,1,0,1,20.0
R01438,R02012,4,7,1,0,1,14.3
R01439,R02049,7,1,1,0,1,14.3
R01440,R01441,26,32,0,14,26,81.2
R01440,R01893,26,9,0,9,9,34.6
R01441,R01453,32,12,1,0,4,12.5
R01441,R01893,32,9,0,9,9,28.1
R01442,R01497,8,18,2,0,3,16.7
R01442,R01498,8,20,1,0,1,5.0
R01442,R01710,8,27,1,0,1,3.7
R01442,R01728,8,8,1,0,1,12.5
R01442,R01834,8,15,3,0,3,20.0
R01442,R01886,8,11,1,0,1,9.1
R01442,R02079,8,5,1,0,1,12.5
R01443,R01465,24,9,1,0,1,4.2
R01443,R01662,24,18,1,0,1,4.2
R01443,R01712,24,23,1,0,1,4.2
R01443,R01716,24,5,1,0,1,4.2
R01443,R01723,24,13,1,0,1,4.2
R01443,R01784,24,25,1,0,18,72.0
R01443,R01855,24,6,1,0,1,4.2
R01443,R01943,24,16,1,0,1,4.2
R01443,R01972,24,7,1,0,1,4.2
R01443,R01996,24,21,4,0,10,41.7
R01444,R01629,16,16,0,1,1,6.2
R01444,R02089,16,13,0,1,1,6.2
R01445,R01657,19,12,1,0,1,5.3
R01445,R01658,19,9,1,0,1,5.3
R01445,R01669,19,11,1,0,1,5.3
R01445,R01719,19,20,1,0,1,5.0
R01445,R01729,19,7,0,1,1,5.3
R01445,R01763,19,4,1,0,1,5.3
R01445,R01829,19,7,1,0,1,5.3
R01445,R01962,19,6,1,0,1,5.3
R01445,R02067,19,6,1,0,1,5.3
R01445,R02068,19,5,1,0,1,5.3
R01446,R01662,12,18,0,12,12,66.7
R01446,R01743,12,2,2,0,2,16.7
R01446,R01744,12,11,1,0,1,8.3
R01446,R02100,12,4,1,0,1,8.3
R01447,R01450,21,34,2,4,19,55.9
R01447,R01452,21,21,1,0,1,4.8
R01447,R01525,21,3,1,0,1,4.8
R01447,R01654,21,23,0,14,17,73.9
R01447,R01724,21,29,0,4,16,55.2
R01447,R01726,21,20,1,0,1,4.8
R01447,R01753,21,5,1,0,1,4.8
R01447,R02012,21,7,1,0,1,4.8
R01448,R01473,9,12,0,9,9,75.0
R01448,R02024,9,5,1,0,1,11.1
R01448,R02026,9,6,1,0,1,11.1
R01448,R02028,9,2,1,0,1,11.1
R01448,R02034,9,5,1,1,5,55.6
R01449,R01544,1,8,0,1,1,12.5
R01450,R01452,34,21,1,0,1,2.9
R01450,R01525,34,3,1,0,1,2.9
R01450,R01654,34,23,0,4,20,58.8
R01450,R01724,34,29,0,19,25,73.5
R01450,R01726,34,20,1,0,1,2.9
R01450,R01753,34,5,1,0,1,2.9
R01450,R02012,34,7,1,0,1,2.9
R01451,R01848,7,24,1,0,1,4.2
R01452,R01457,21,3,0,1,1,4.8
R01452,R01525,21,3,1,0,1,4.8
R01452,R01562,21,22,0,2,11,50.0
R01452,R01563,21,18,0,2,11,52.4
R01452,R01564,21,18,0,2,11,52.4
R01452,R01566,21,20,0,2,11,52.4
R01452,R01726,21,20,1,0,1,4.8
R01452,R01727,21,25,0,12,17,68.0
R01452,R01753,21,5,1,0,1,4.8
R01452,R01848,21,24,0,5,15,62.5
R01452,R01892,21,15,0,2,2,9.5
R01452,R01952,21,16,0,2,2,9.5
R01452,R02012,21,7,1,0,1,4.8
R01452,R02032,21,10,0,2,2,9.5
R01452,R02039,21,16,0,2,2,9.5
R01452,R02052,21,12,0,2,6,28.6
R01452,R02053,21,11,0,2,6,28.6
R01453,R01885,12,2,0,1,1,8.3
R01454,R01599,20,23,0,1,13,56.5
R01454,R01633,20,2,0,1,1,5.0
R01454,R01640,20,5,0,1,1,5.0
R01454,R01761,20,11,1,0,1,5.0
R01454,R01789,20,11,4,0,4,20.0
R01454,R01815,20,3,1,0,1,5.0
R01454,R01845,20,7,0,4,4,20.0
R01454,R01909,20,21,1,0,1,4.8
R01454,R01968,20,15,1,0,1,5.0
R01454,R02086,20,36,1,0,1,2.8
R01454,R02099,20,6,1,0,1,5.0
R01455,R01456,10,6,0,1,4,40.0
R01455,R01480,10,16,0,1,1,6.2
R01455,R01504,10,3,0,2,3,30.0
R01455,R01527,10,7,0,1,1,10.0
R01455,R01574,10,7,0,1,1,10.0
R01455,R01693,10,12,0,1,1,8.3
R01455,R01761,10,11,0,1,1,9.1
R01455,R01772,10,10,1,0,4,40.0
R01455,R01803,10,13,0,1,1,7.7
R01456,R01468,6,2,1,0,1,16.7
R01456,R01480,6,16,0,1,1,6.2
R01456,R01504,6,3,1,1,3,50.0
R01456,R01527,6,7,0,1,1,14.3
R01456,R01574,6,7,0,1,1,14.3
R01456,R01654,6,23,1,0,1,4.3
R01456,R01693,6,12,0,1,1,8.3
R01456,R01724,6,29,1,0,1,3.4
R01456,R01761,6,11,0,1,1,9.1
R01456,R01803,6,13,0,1,1,7.7
R01456,R01893,6,9,1,0,3,33.3
R01457,R01526,3,17,1,0,1,5.9
R01457,R01531,3,3,1,0,1,33.3
R01457,R01562,3,22,0,1,1,4.5
R01457,R01563,3,18,0,1,1,5.6
R01457,R01564,3,18,0,1,1,5.6
R01457,R01566,3,20,0,1,1,5.0
R01457,R01727,3,25,0,1,1,4.0
R01457,R01848,3,24,0,1,1,4.2
R01457,R01874,3,7,1,0,1,14.3
R01457,R01892,3,15,0,1,1,6.7
R01457,R01952,3,16,0,1,1,6.2
R01457,R02032,3,10,0,1,1,10.0
R01457,R02039,3,16,0,1,1,6.2
R01457,R02052,3,12,0,1,1,8.3
R01457,R02053,3,11,0,1,1,9.1
R01458,R01581,5,25,0,2,2,8.0
R01458,R01644,5,11,0,2,2,18.2
R01458,R01652,5,14,0,2,2,14.3
R01458,R01777,5,8,0,2,2,25.0
R01459,R01757,2,3,1,1,2,66.7
R01459,R01765,2,4,1,0,2,50.0
R01459,R01813,2,7,1,0,1,14.3
R01459,R01888,2,6,1,0,1,16.7
R01459,R02027,2,9,1,0,1,11.1
R01459,R02095,2,7,1,0,1,14.3
R01461,R01756,2,12,0,1,1,8.3
R01461,R01758,2,3,1,1,2,66.7
R01461,R01769,2,2,0,1,1,50.0
R01461,R01771,2,4,0,1,2,50.0
R01461,R01928,2,6,0,1,1,16.7
R01462,R01465,16,9,0,6,7,43.8
R01462,R01467,16,21,0,6,7,33.3
R01462,R01537,16,30,0,1,1,3.3
R01462,R01786,16,3,0,1,1,6.2
R01462,R01826,16,13,0,1,1,6.2
R01462,R01972,16,7,0,7,7,43.8
R01463,R01479,4,16,0,4,4,25.0
R01463,R01509,4,5,1,0,1,20.0
R01463,R01667,4,24,0,4,4,16.7
R01463,R01747,4,7,3,0,3,42.9
R01463,R01750,4,7,0,1,1,14.3
R01463,R01854,4,6,0,1,2,33.3
R01463,R01857,4,5,0,1,2,40.0
R01463,R02101,4,4,1,0,1,25.0
R01464,R01591,22,20,0,2,2,9.1
R01464,R01632,22,2,1,0,1,4.5
R01464,R01641,22,5,1,0,1,4.5
R01464,R01666,22,14,1,0,1,4.5
R01464,R01668,22,8,1,0,1,4.5
R01464,R01720,22,6,0,2,2,9.1
R01464,R01796,22,9,0,2,2,9.1
R01464,R01844,22,24,0,2,2,8.3
R01464,R01846,22,8,1,0,1,4.5
R01464,R01847,22,6,1,0,1,4.5
R01464,R01853,22,11,0,2,2,9.1
R01464,R01860,22,11,0,2,2,9.1
R01464,R01865,22,28,0,1,2,7.1
R01464,R01879,22,22,0,2,2,9.1
R01464,R01905,22,44,1,0,1,2.3
R01464,R02061,22,4,0,3,3,13.6
R01465,R01467,9,21,0,9,9,42.9
R01465,R01537,9,30,0,1,1,3.3
R01465,R01662,9,18,1,0,1,5.6
R01465,R01712,9,23,1,0,1,4.3
R01465,R01716,9,5,4,0,4,44.4
R01465,R01723,9,13,1,0,1,7.7
R01465,R01784,9,25,1,0,1,4.0
R01465,R01786,9,3,0,1,1,11.1
R01465,R01826,9,13,0,1,1,7.7
R01465,R01855,9,6,1,0,1,11.1
R01465,R01943,9,16,1,0,2,12.5
R01465,R01972,9,7,1,6,7,77.8
R01465,R01996,9,21,1,0,1,4.8
R01466,R01501,9,11,3,0,3,27.3
R01466,R01503,9,29,0,3,3,10.3
R01466,R01655,9,21,0,3,9,42.9
R01466,R01702,9,18,0,3,3,16.7
R01467,R01537,21,30,0,1,1,3.3
R01467,R01786,21,3,0,1,1,4.8
R01467,R01826,21,13,0,1,1,4.8
R01467,R01972,21,7,0,6,7,33.3
R01467,R01984,21,11,1,0,1,4.8
R01467,R01985,21,10,1,0,1,4.8
R01467,R01987,21,12,1,0,1,4.8
R01468,R01504,2,3,1,0,1,33.3
R01468,R01654,2,23,1,0,1,4.3
R01468,R01724,2,29,1,0,1,3.4
R01468,R01893,2,9,1,0,1,11.1
R01470,R01477,17,10,1,0,1,5.9
R01470,R01495,17,6,1,0,1,5.9
R01470,R01664,17,4,1,0,1,5.9
R01470,R01735,17,11,0,1,1,5.9
R01470,R01806,17,8,0,1,1,5.9
R01470,R01982,17,11,2,0,10,58.8
R01470,R01983,17,13,2,0,12,70.6
R01471,R02082,7,7,1,0,1,14.3
R01472,R01483,7,10,0,1,1,10.0
R01472,R01487,7,7,0,1,1,14.3
R01472,R01711,7,4,1,0,1,14.3
R01472,R01812,7,6,0,1,1,14.3
R01472,R01900,7,8,0,1,1,12.5
R01472,R01901,7,6,0,1,1,14.3
R01473,R02034,12,5,0,1,5,41.7
R01474,R01673,5,12,0,1,1,8.3
R01475,R01532,11,4,1,0,1,9.1
R01475,R01536,11,2,1,0,1,9.1
R01475,R01545,11,18,1,0,6,33.3
R01475,R01555,11,10,2,8,10,90.9
R01475,R01605,11,8,1,0,1,9.1
R01475,R01608,11,12,1,0,1,8.3
R01475,R01623,11,9,1,0,1,9.1
R01475,R01816,11,3,1,0,1,9.1
R01475,R01961,11,4,1,0,1,9.1
R01475,R01963,11,3,1,0,1,9.1
R01475,R02030,11,7,1,0,1,9.1
R01475,R02083,11,2,1,0,1,9.1
R01476,R01689,19,7,1,0,1,5.3
R01476,R01992,19,3,1,0,1,5.3
R01477,R01495,10,6,3,0,3,30.0
R01477,R01664,10,4,1,0,1,10.0
R01477,R01982,10,11,1,0,1,9.1
R01477,R01983,10,13,1,0,1,7.7
R01478,R01744,24,11,0,8,11,45.8
R01479,R01667,16,24,0,16,16,66.7
R01479,R01750,16,7,0,1,1,6.2
R01479,R01854,16,6,0,1,2,12.5
R01479,R01857,16,5,0,1,2,12.5
R01479,R01930,16,23,1,0,1,4.3
R01480,R01485,16,13,1,0,1,6.2
R01480,R01504,16,3,0,1,1,6.2
R01480,R01527,16,7,0,2,5,31.2
R01480,R01574,16,7,0,1,1,6.2
R01480,R01616,16,3,1,0,1,6.2
R01480,R01693,16,12,1,7,12,75.0
R01480,R01695,16,8,1,0,1,6.2
R01480,R01761,16,11,0,1,1,6.2
R01480,R01803,16,13,4,2,13,81.2
R01481,R01482,3,1,1,0,1,33.3
R01481,R01499,3,2,1,0,1,33.3
R01482,R01499,1,2,1,1,1,50.0
R01483,R01487,10,7,0,2,3,30.0
R01483,R01812,10,6,0,3,3,30.0
R01483,R01900,10,8,0,2,5,50.0
R01483,R01901,10,6,0,5,5,50.0
R01484,R01580,9,10,1,8,9,90.0
R01484,R01966,9,13,1,0,1,7.7
R01485,R01616,13,3,3,0,3,23.1
R01485,R01693,13,12,1,0,1,7.7
R01485,R01695,13,8,1,4,8,61.5
R01485,R01803,13,13,1,0,1,7.7
R01486,R01489,6,2,0,2,2,33.3
R01486,R01924,6,28,1,0,4,14.3
R01487,R01812,7,6,4,2,6,85.7
R01487,R01900,7,8,1,4,5,62.5
R01487,R01901,7,6,1,2,4,57.1
R01488,R01490,7,2,2,0,2,28.6
R01488,R01585,7,23,0,1,4,17.4
R01488,R02082,7,7,0,1,1,14.3
R01491,R01492,3,8,1,0,1,12.5
R01491,R01606,3,16,1,0,2,12.5
R01491,R01764,3,12,1,0,2,16.7
R01491,R01867,3,4,1,0,1,25.0
R01491,R01869,3,6,1,0,1,16.7
R01492,R01606,8,16,1,0,3,18.8
R01492,R01764,8,12,1,0,3,25.0
R01492,R01867,8,4,4,0,4,50.0
R01492,R01869,8,6,1,0,1,12.5
R01493,R01646,8,3,0,1,1,12.5
R01493,R01739,8,29,1,0,1,3.4
R01494,R01530,22,2,0,1,1,4.5
R01494,R01551,22,16,0,1,1,4.5
R01494,R01612,22,14,0,1,1,4.5
R01494,R01617,22,7,0,1,1,4.5
R01494,R01663,22,11,4,0,4,18.2
R01494,R01717,22,14,0,1,1,4.5
R01494,R01721,22,6,0,1,1,4.5
R01494,R01815,22,3,0,1,1,4.5
R01494,R01888,22,6,0,1,1,4.5
R01494,R01895,22,9,0,1,1,4.5
R01494,R01951,22,4,0,1,1,4.5
R01494,R01964,22,12,0,1,1,4.5
R01494,R01991,22,4,0,1,1,4.5
R01494,R01998,22,8,0,1,1,4.5
R01494,R02012,22,7,0,1,1,4.5
R01494,R02027,22,9,0,1,1,4.5
R01494,R02029,22,10,0,1,1,4.5
R01494,R02085,22,2,0,1,1,4.5
R01494,R02095,22,7,0,1,1,4.5
R01495,R01664,6,4,1,0,1,16.7
R01495,R01982,6,11,1,0,1,9.1
R01495,R01983,6,13,1,0,1,7.7
R01496,R01899,13,13,1,0,1,7.7
R01497,R01498,18,20,1,0,4,20.0
R01497,R01710,18,27,1,0,1,3.7
R01497,R01728,18,8,1,0,1,5.6
R01497,R01834,18,15,2,12,15,83.3
R01497,R01886,18,11,1,0,1,5.6
R01497,R02079,18,5,1,0,1,5.6
R01498,R01672,20,13,0,1,1,5.0
R01498,R01710,20,27,2,0,3,11.1
R01498,R01728,20,8,1,0,1,5.0
R01498,R01834,20,15,1,0,4,20.0
R01498,R01852,20,34,0,1,1,2.9
R01498,R01874,20,7,0,1,1,5.0
R01498,R01886,20,11,1,0,1,5.0
R01498,R02074,20,5,0,1,5,25.0
R01498,R02075,20,13,0,1,13,65.0
R01498,R02079,20,5,1,0,1,5.0
R01500,R01501,4,11,0,4,4,36.4
R01500,R02072,4,20,1,0,1,5.0
R01500,R02098,4,15,0,1,1,6.7
R01501,R02098,11,15,0,1,1,6.7
R01502,R01556,12,17,0,1,4,23.5
R01502,R01800,12,23,0,1,12,52.2
R01503,R01556,29,17,2,0,11,37.9
R01503,R01627,29,38,2,0,7,18.4
R01503,R01655,29,21,2,4,7,24.1
R01503,R01702,29,18,2,5,18,62.1
R01503,R01768,29,15,1,0,8,27.6
R01504,R01527,3,7,0,1,1,14.3
R01504,R01574,3,7,0,1,1,14.3
R01504,R01654,3,23,1,0,1,4.3
R01504,R01693,3,12,0,1,1,8.3
R01504,R01724,3,29,1,0,1,3.4
R01504,R01761,3,11,0,1,1,9.1
R01504,R01803,3,13,0,1,1,7.7
R01504,R01893,3,9,1,0,1,11.1
R01505,R01751,8,3,0,3,3,37.5
R01505,R01774,8,13,0,8,8,61.5
R01505,R01791,8,24,0,8,8,33.3
R01506,R01854,9,6,1,0,1,11.1
R01506,R01857,9,5,1,0,1,11.1
R01506,R02056,9,11,3,0,9,81.8
R01508,R01513,30,17,0,5,13,43.3
R01508,R01938,30,11,0,3,7,23.3
R01508,R01941,30,9,0,5,7,23.3
R01508,R02041,30,8,0,3,5,16.7
R01509,R01743,5,2,0,2,2,40.0
R01509,R01747,5,7,1,0,1,14.3
R01509,R02101,5,4,4,0,4,80.0
R01510,R01630,15,20,0,6,12,60.0
R01510,R01648,15,2,1,0,1,6.7
R01510,R02078,15,14,0,3,3,20.0
R01511,R01707,7,5,1,2,5,71.4
R01511,R01708,7,5,0,1,1,14.3
R01511,R01779,7,8,1,0,2,25.0
R01511,R01898,7,25,0,7,7,28.0
R01511,R01922,7,10,1,0,4,40.0
R01511,R01930,7,23,0,1,1,4.3
R01511,R01980,7,8,0,2,5,62.5
R01511,R02021,7,2,1,0,1,14.3
R01511,R02090,7,6,0,2,4,57.1
R01512,R01776,9,16,0,1,1,6.2
R01512,R01858,9,19,0,5,8,42.1
R01513,R01938,17,11,0,3,10,58.8
R01513,R01941,17,9,0,6,9,52.9
R01513,R02041,17,8,0,3,5,29.4
R01514,R01935,22,7,1,0,1,4.5
R01515,R01522,23,27,0,11,19,70.4
R01515,R01599,23,23,1,0,1,4.3
R01515,R01691,23,36,0,21,23,63.9
R01515,R01697,23,34,0,10,13,38.2
R01515,R01706,23,21,0,13,13,56.5
R01515,R01859,23,6,0,1,1,4.3
R01515,R01905,23,44,0,10,13,29.5
R01515,R02074,23,5,1,0,1,4.3
R01515,R02086,23,36,0,10,13,36.1
R01516,R01520,3,2,2,0,2,66.7
R01516,R01778,3,2,1,0,1,33.3
R01517,R01596,14,16,0,6,6,37.5
R01517,R01606,14,16,0,6,6,37.5
R01517,R01686,14,40,0,8,13,32.5
R01517,R01687,14,25,0,3,6,24.0
R01517,R01688,14,12,2,4,12,85.7
R01517,R01737,14,37,2,0,10,27.0
R01517,R01764,14,12,0,3,4,28.6
R01518,R01526,18,17,0,7,16,88.9
R01518,R01546,18,32,1,0,1,3.1
R01518,R01710,18,27,0,2,13,48.1
R01518,R01734,18,21,1,0,1,4.8
R01518,R01920,18,2,0,1,1,5.6
R01518,R02050,18,2,0,1,1,5.6
R01519,R01775,2,2,0,1,1,50.0
R01519,R01913,2,21,1,0,1,4.8
R01520,R01778,2,2,1,0,1,50.0
R01520,R01820,2,8,0,1,1,12.5
R01521,R01776,14,16,2,0,3,18.8
R01521,R01780,14,24,3,0,5,20.8
R01521,R01794,14,4,1,0,2,14.3
R01521,R01840,14,4,2,0,3,21.4
R01521,R01858,14,19,3,0,3,15.8
R01521,R01898,14,25,3,0,5,20.0
R01521,R02025,14,3,0,1,3,21.4
R01522,R01691,27,36,0,11,19,52.8
R01522,R01697,27,34,0,10,12,35.3
R01522,R01706,27,21,0,11,12,44.4
R01522,R01859,27,6,0,1,1,3.7
R01522,R01905,27,44,0,10,12,27.3
R01522,R02086,27,36,0,10,12,33.3
R01523,R01589,22,10,0,1,1,4.5
R01523,R01863,22,3,1,0,1,4.5
R01523,R01911,22,18,1,0,1,4.5
R01523,R01965,22,7,0,1,1,4.5
R01523,R01970,22,8,0,1,1,4.5
R01523,R02019,22,11,1,0,1,4.5
R01525,R01726,3,20,2,0,2,10.0
R01525,R01753,3,5,1,0,1,20.0
R01525,R02012,3,7,3,0,3,42.9
R01526,R01531,17,3,2,0,2,11.8
R01526,R01710,17,27,0,2,14,51.9
R01526,R01874,17,7,2,0,2,11.8
R01526,R01920,17,2,0,1,1,5.9
R01526,R02050,17,2,0,1,1,5.9
R01527,R01574,7,7,0,1,1,14.3
R01527,R01576,7,7,1,0,1,14.3
R01527,R01577,7,3,1,0,1,14.3
R01527,R01693,7,12,0,2,5,41.7
R01527,R01727,7,25,1,0,5,20.0
R01527,R01761,7,11,0,1,1,9.1
R01527,R01803,7,13,0,2,4,30.8
R01527,R01950,7,12,1,0,1,8.3
R01530,R01551,2,16,0,1,1,6.2
R01530,R01612,2,14,0,1,1,7.1
R01530,R01617,2,7,0,1,1,14.3
R01530,R01717,2,14,0,1,1,7.1
R01530,R01721,2,6,0,1,1,16.7
R01530,R01815,2,3,0,1,1,33.3
R01530,R01888,2,6,0,1,1,16.7
R01530,R01895,2,9,0,1,1,11.1
R01530,R01951,2,4,0,1,1,25.0
R01530,R01964,2,12,0,1,1,8.3
R01530,R01991,2,4,0,1,1,25.0
R01530,R01998,2,8,0,1,1,12.5
R01530,R02012,2,7,0,1,1,14.3
R01530,R02027,2,9,0,1,1,11.1
R01530,R02029,2,10,0,1,1,10.0
R01530,R02085,2,2,0,1,1,50.0
R01530,R02095,2,7,0,1,1,14.3
R01531,R01874,3,7,3,0,3,42.9
R01532,R01536,4,2,1,0,1,25.0
R01532,R01545,4,18,1,0,1,5.6
R01532,R01555,4,10,1,0,1,10.0
R01532,R01605,4,8,1,0,1,12.5
R01532,R01608,4,12,1,0,1,8.3
R01532,R01623,4,9,1,0,1,11.1
R01532,R01816,4,3,1,0,1,25.0
R01532,R01961,4,4,1,0,2,50.0
R01532,R01963,4,3,1,0,2,50.0
R01532,R02030,4,7,4,0,4,57.1
R01532,R02083,4,2,1,0,1,25.0
R01533,R01549,17,1,1,0,1,5.9
R01533,R01908,17,35,1,0,8,22.9
R01533,R02003,17,6,0,6,6,35.3
R01534,R01549,16,1,0,1,1,6.2
R01535,R01962,9,6,0,1,1,11.1
R01536,R01545,2,18,1,0,1,5.6
R01536,R01555,2,10,1,0,1,10.0
R01536,R01605,2,8,1,0,1,12.5
R01536,R01608,2,12,1,0,1,8.3
R01536,R01623,2,9,1,0,1,11.1
R01536,R01816,2,3,1,0,1,33.3
R01536,R01961,2,4,1,0,1,25.0
R01536,R01963,2,3,1,0,1,33.3
R01536,R02030,2,7,1,0,1,14.3
R01536,R02083,2,2,1,0,1,50.0
R01537,R01786,30,3,0,1,1,3.3
R01537,R01826,30,13,0,13,13,43.3
R01537,R01972,30,7,0,1,1,3.3
R01538,R01539,13,14,0,13,13,92.9
R01538,R01706,13,21,1,0,1,4.8
R01538,R01872,13,2,1,0,1,7.7
R01540,R01557,12,11,0,5,5,41.7
R01540,R01685,12,16,0,5,5,31.2
R01540,R01823,12,21,0,2,2,9.5
R01540,R01868,12,12,0,2,2,16.7
R01540,R01871,12,10,0,2,2,16.7
R01540,R01881,12,12,0,2,2,16.7
R01540,R01882,12,11,0,2,2,16.7
R01540,R01887,12,25,0,10,12,48.0
R01540,R01891,12,16,0,2,2,12.5
R01540,R01904,12,21,0,2,2,9.5
R01540,R01906,12,19,0,2,2,10.5
R01540,R01917,12,17,0,2,10,58.8
R01540,R02037,12,15,1,0,7,46.7
R01540,R02042,12,15,1,0,7,46.7
R01543,R01977,11,3,0,1,1,9.1
R01543,R01994,11,4,0,1,1,9.1
R01544,R01796,8,9,1,0,1,11.1
R01544,R01870,8,4,4,0,4,50.0
R01544,R01979,8,16,1,0,1,6.2
R01545,R01555,18,10,1,0,6,33.3
R01545,R01594,18,3,0,3,3,16.7
R01545,R01605,18,8,1,0,1,5.6
R01545,R01608,18,12,1,0,1,5.6
R01545,R01623,18,9,1,0,1,5.6
R01545,R01816,18,3,1,0,1,5.6
R01545,R01961,18,4,1,0,1,5.6
R01545,R01963,18,3,1,0,1,5.6
R01545,R02001,18,6,0,2,5,27.8
R01545,R02030,18,7,1,0,1,5.6
R01545,R02083,18,2,1,0,1,5.6
R01546,R01734,32,21,4,1,21,65.6
R01547,R01548,6,8,0,6,6,75.0
R01547,R01571,6,3,1,0,1,16.7
R01548,R01569,8,3,3,0,3,37.5
R01549,R01908,1,35,1,0,1,2.9
R01550,R01653,9,16,2,0,2,12.5
R01550,R01735,9,11,3,0,3,27.3
R01551,R01594,16,3,1,0,1,6.2
R01551,R01598,16,4,1,0,1,6.2
R01551,R01612,16,14,0,1,1,6.2
R01551,R01617,16,7,0,1,1,6.2
R01551,R01691,16,36,1,0,1,2.8
R01551,R01697,16,34,1,0,1,2.9
R01551,R01717,16,14,0,4,7,43.8
R01551,R01721,16,6,0,1,1,6.2
R01551,R01815,16,3,0,1,1,6.2
R01551,R01888,16,6,0,1,1,6.2
R01551,R01895,16,9,0,1,1,6.2
R01551,R01949,16,7,2,0,2,12.5
R01551,R01951,16,4,0,1,1,6.2
R01551,R01964,16,12,0,1,1,6.2
R01551,R01991,16,4,0,1,1,6.2
R01551,R01998,16,8,0,1,1,6.2
R01551,R02001,16,6,3,0,3,18.8
R01551,R02012,16,7,0,1,1,6.2
R01551,R02027,16,9,0,1,1,6.2
R01551,R02029,16,10,0,1,1,6.2
R01551,R02085,16,2,0,1,1,6.2
R01551,R02095,16,7,0,1,1,6.2
R01552,R01690,15,26,0,3,4,15.4
R01552,R01788,15,3,1,0,2,13.3
R01552,R01832,15,13,1,0,2,13.3
R01554,R01597,30,8,1,0,1,3.3
R01554,R01738,30,27,1,13,27,90.0
R01554,R01741,30,3,0,3,3,10.0
R01554,R01866,30,5,3,0,3,10.0
R01554,R02076,30,11,1,0,1,3.3
R01555,R01605,10,8,1,0,1,10.0
R01555,R01608,10,12,1,0,1,8.3
R01555,R01623,10,9,1,0,1,10.0
R01555,R01816,10,3,1,0,1,10.0
R01555,R01961,10,4,1,0,1,10.0
R01555,R01963,10,3,1,0,1,10.0
R01555,R02030,10,7,1,0,1,10.0
R01555,R02083,10,2,1,0,1,10.0
R01556,R01627,17,38,2,0,3,7.9
R01556,R01655,17,21,2,0,3,14.3
R01556,R01702,17,18,2,0,9,50.0
R01556,R01768,17,15,1,0,14,82.4
R01556,R01800,17,23,0,2,6,26.1
R01557,R01685,11,16,0,5,5,31.2
R01557,R01823,11,21,0,2,2,9.5
R01557,R01868,11,12,0,2,2,16.7
R01557,R01871,11,10,0,2,2,18.2
R01557,R01881,11,12,0,2,2,16.7
R01557,R01882,11,11,0,2,2,18.2
R01557,R01887,11,25,0,5,5,20.0
R01557,R01891,11,16,0,2,2,12.5
R01557,R01904,11,21,0,2,2,9.5
R01557,R01906,11,19,0,2,2,10.5
R01557,R01917,11,17,0,2,3,17.6
R01558,R01559,12,11,3,8,11,91.7
R01558,R01560,12,9,1,5,9,75.0
R01558,R01570,12,19,0,12,12,63.2
R01558,R02052,12,12,1,0,1,8.3
R01558,R02053,12,11,1,0,1,8.3
R01559,R01560,11,9,1,5,9,81.8
R01559,R01570,11,19,0,8,11,57.9
R01559,R02052,11,12,1,0,1,8.3
R01559,R02053,11,11,1,0,1,9.1
R01560,R01570,9,19,0,5,9,47.4
R01560,R02052,9,12,1,0,1,8.3
R01560,R02053,9,11,1,0,1,9.1
R01561,R01607,16,7,3,0,3,18.8
R01561,R01627,16,38,0,16,16,42.1
R01562,R01563,22,18,3,6,18,81.8
R01562,R01564,22,18,2,6,18,81.8
R01562,R01566,22,20,2,18,20,90.9
R01562,R01619,22,12,2,0,2,9.1
R01562,R01678,22,18,2,0,2,9.1
R01562,R01727,22,25,0,2,11,44.0
R01562,R01848,22,24,0,2,10,41.7
R01562,R01892,22,15,0,2,2,9.1
R01562,R01952,22,16,0,2,2,9.1
R01562,R02032,22,10,0,2,2,9.1
R01562,R02039,22,16,0,2,2,9.1
R01562,R02052,22,12,0,9,11,50.0
R01562,R02053,22,11,0,9,10,45.5
R01563,R01564,18,18,2,7,17,94.4
R01563,R01566,18,20,2,6,17,85.0
R01563,R01619,18,12,2,0,2,11.1
R01563,R01678,18,18,2,0,2,11.1
R01563,R01727,18,25,0,2,11,44.0
R01563,R01848,18,24,0,2,9,37.5
R01563,R01892,18,15,0,2,2,11.1
R01563,R01952,18,16,0,2,2,11.1
R01563,R02032,18,10,0,2,2,11.1
R01563,R02039,18,16,0,2,2,11.1
R01563,R02052,18,12,0,6,9,50.0
R01563,R02053,18,11,0,6,8,44.4
R01564,R01566,18,20,3,6,18,90.0
R01564,R01619,18,12,2,0,2,11.1
R01564,R01678,18,18,2,0,2,11.1
R01564,R01727,18,25,0,2,11,44.0
R01564,R01848,18,24,0,2,10,41.7
R01564,R01892,18,15,0,2,2,11.1
R01564,R01952,18,16,0,2,2,11.1
R01564,R02032,18,10,0,2,2,11.1
R01564,R02039,18,16,0,2,2,11.1
R01564,R02052,18,12,0,6,10,55.6
R01564,R02053,18,11,0,6,9,50.0
R01566,R01619,20,12,2,0,2,10.0
R01566,R01678,20,18,2,0,2,10.0
R01566,R01727,20,25,0,2,11,44.0
R01566,R01848,20,24,0,2,10,41.7
R01566,R01892,20,15,0,2,2,10.0
R01566,R01952,20,16,0,2,2,10.0
R01566,R02032,20,10,0,2,2,10.0
R01566,R02039,20,16,0,2,2,10.0
R01566,R02052,20,12,0,9,11,55.0
R01566,R02053,20,11,0,9,10,50.0
R01570,R01626,19,18,2,0,2,10.5
R01570,R01915,19,9,2,0,2,10.5
R01571,R01572,3,8,0,3,3,37.5
R01573,R01801,6,17,0,1,1,5.9
R01574,R01693,7,12,0,1,1,8.3
R01574,R01761,7,11,0,1,1,9.1
R01574,R01803,7,13,0,1,1,7.7
R01575,R01592,11,17,0,2,2,11.8
R01575,R01615,11,26,0,1,4,15.4
R01575,R02065,11,5,0,1,1,9.1
R01575,R02066,11,10,2,0,2,18.2
R01575,R02073,11,9,2,0,2,18.2
R01576,R01577,7,3,1,0,1,14.3
R01576,R01727,7,25,1,0,1,4.0
R01576,R01950,7,12,3,0,3,25.0
R01577,R01727,3,25,1,0,1,4.0
R01577,R01950,3,12,1,0,1,8.3
R01578,R01636,16,22,0,3,14,63.6
R01578,R01637,16,32,0,3,15,46.9
R01578,R01645,16,21,0,3,10,47.6
R01578,R01660,16,38,0,3,15,39.5
R01578,R02064,16,18,0,3,5,27.8
R01578,R02066,16,10,0,3,10,62.5
R01578,R02073,16,9,0,3,9,56.2
R01578,R02093,16,21,0,3,10,47.6
R01579,R01808,13,26,0,1,8,30.8
R01580,R01966,10,13,1,0,1,7.7
R01581,R01644,25,11,0,3,10,40.0
R01581,R01652,25,14,0,11,13,52.0
R01581,R01777,25,8,0,6,7,28.0
R01582,R01742,2,3,0,2,2,66.7
R01583,R01742,2,3,2,0,2,66.7
R01585,R02082,23,7,0,2,2,8.7
R01587,R01601,29,5,1,0,1,3.4
R01587,R01639,29,26,1,7,25,86.2
R01587,R01674,29,13,0,7,13,44.8
R01587,R01745,29,24,0,2,4,13.8
R01587,R01969,29,26,0,7,8,27.6
R01587,R01975,29,26,0,9,9,31.0
R01587,R02094,29,20,4,0,5,17.2
R01588,R01717,10,14,1,0,1,7.1
R01589,R01965,10,7,0,7,7,70.0
R01589,R01970,10,8,2,5,8,80.0
R01590,R01676,9,16,0,3,3,18.8
R01590,R02063,9,6,2,4,6,66.7
R01590,R02065,9,5,2,0,3,33.3
R01590,R02072,9,20,0,3,3,15.0
R01591,R01720,20,6,0,6,6,30.0
R01591,R01792,20,16,2,0,2,10.0
R01591,R01796,20,9,0,2,2,10.0
R01591,R01844,20,24,0,6,17,70.8
R01591,R01853,20,11,0,2,2,10.0
R01591,R01860,20,11,0,2,2,10.0
R01591,R01865,20,28,0,1,3,10.7
R01591,R01879,20,22,0,20,20,90.9
R01591,R02061,20,4,0,2,2,10.0
R01592,R01615,17,26,0,1,1,3.8
R01592,R02065,17,5,0,1,1,5.9
R01593,R01595,15,24,0,15,15,62.5
R01594,R01598,3,4,3,0,3,75.0
R01594,R01691,3,36,1,0,1,2.8
R01594,R01697,3,34,1,0,1,2.9
R01594,R01949,3,7,1,0,1,14.3
R01594,R02001,3,6,1,2,3,50.0
R01596,R01606,16,16,0,12,14,87.5
R01596,R01686,16,40,0,6,8,20.0
R01596,R01687,16,25,0,3,6,24.0
R01596,R01688,16,12,0,4,5,31.2
R01596,R01764,16,12,0,3,11,68.8
R01597,R01738,8,27,1,0,1,3.7
R01597,R01866,8,5,1,0,1,12.5
R01597,R02076,8,11,1,0,1,9.1
R01597,R02088,8,11,0,1,1,9.1
R01598,R01691,4,36,1,0,1,2.8
R01598,R01697,4,34,1,0,1,2.9
R01598,R01949,4,7,1,0,1,14.3
R01598,R02001,4,6,1,0,3,50.0
R01599,R01633,23,2,0,1,1,4.3
R01599,R01640,23,5,0,1,1,4.3
R01599,R01845,23,7,0,1,1,4.3
R01599,R02074,23,5,1,0,1,4.3
R01600,R01628,42,33,2,1,32,76.2
R01600,R01736,42,30,0,9,30,71.4
R01600,R01755,42,31,2,9,31,73.8
R01601,R01639,5,26,1,0,1,3.8
R01601,R02094,5,20,1,0,1,5.0
R01602,R01830,3,5,1,0,1,20.0
R01602,R01831,3,13,0,3,3,23.1
R01604,R01642,3,3,0,2,2,66.7
R01605,R01608,8,12,1,0,1,8.3
R01605,R01614,8,3,0,1,1,12.5
R01605,R01620,8,7,0,1,3,37.5
R01605,R01623,8,9,2,6,8,88.9
R01605,R01714,8,5,0,5,5,62.5
R01605,R01816,8,3,1,0,1,12.5
R01605,R01950,8,12,0,1,3,25.0
R01605,R01961,8,4,1,0,1,12.5
R01605,R01963,8,3,1,0,1,12.5
R01605,R01973,8,11,0,1,5,45.5
R01605,R02030,8,7,1,0,1,12.5
R01605,R02083,8,2,1,0,2,25.0
R01606,R01686,16,40,0,6,7,17.5
R01606,R01687,16,25,0,3,5,20.0
R01606,R01688,16,12,0,4,5,31.2
R01606,R01764,16,12,3,3,12,75.0
R01606,R01867,16,4,1,0,1,6.2
R01606,R01869,16,6,1,0,1,6.2
R01608,R01623,12,9,1,0,1,8.3
R01608,R01816,12,3,1,0,1,8.3
R01608,R01961,12,4,1,0,1,8.3
R01608,R01963,12,3,1,0,1,8.3
R01608,R02030,12,7,1,0,1,8.3
R01608,R02083,12,2,1,0,1,8.3
R01609,R01800,13,23,2,0,4,17.4
R01611,R01678,15,18,0,1,1,5.6
R01611,R01713,15,10,0,1,1,6.7
R01611,R01759,15,9,1,0,1,6.7
R01612,R01613,14,19,1,0,2,10.5
R01612,R01617,14,7,0,1,1,7.1
R01612,R01635,14,4,1,0,1,7.1
R01612,R01717,14,14,0,1,1,7.1
R01612,R01721,14,6,0,1,1,7.1
R01612,R01815,14,3,0,1,1,7.1
R01612,R01888,14,6,0,1,1,7.1
R01612,R01895,14,9,0,1,1,7.1
R01612,R01951,14,4,0,1,1,7.1
R01612,R01964,14,12,0,1,1,7.1
R01612,R01973,14,11,1,0,1,7.1
R01612,R01991,14,4,0,4,4,28.6
R01612,R01998,14,8,0,8,8,57.1
R01612,R02012,14,7,0,1,1,7.1
R01612,R02027,14,9,0,1,1,7.1
R01612,R02029,14,10,0,10,10,71.4
R01612,R02044,14,24,1,0,2,8.3
R01612,R02045,14,9,1,0,1,7.1
R01612,R02085,14,2,0,1,1,7.1
R01612,R02095,14,7,0,1,1,7.1
R01613,R01626,19,18,0,4,4,21.1
R01613,R01635,19,4,1,0,1,5.3
R01613,R01973,19,11,1,0,1,5.3
R01613,R02044,19,24,1,0,5,20.8
R01613,R02045,19,9,1,0,1,5.3
R01614,R01620,3,7,0,1,1,14.3
R01614,R01623,3,9,0,1,1,11.1
R01614,R01686,3,40,3,0,3,7.5
R01614,R01687,3,25,3,0,3,12.0
R01614,R01714,3,5,0,1,1,20.0
R01614,R01950,3,12,0,1,1,8.3
R01614,R01973,3,11,0,1,1,9.1
R01615,R01997,26,28,1,0,1,3.6
R01615,R02065,26,5,0,5,5,19.2
R01615,R02098,26,15,1,0,1,3.8
R01616,R01693,3,12,1,0,1,8.3
R01616,R01695,3,8,1,0,2,25.0
R01616,R01803,3,13,1,0,1,7.7
R01617,R01717,7,14,0,1,1,7.1
R01617,R01721,7,6,0,1,1,14.3
R01617,R01815,7,3,0,1,1,14.3
R01617,R01888,7,6,0,1,1,14.3
R01617,R01895,7,9,0,1,1,11.1
R01617,R01951,7,4,0,4,4,57.1
R01617,R01964,7,12,0,7,7,58.3
R01617,R01991,7,4,0,1,1,14.3
R01617,R01998,7,8,0,1,1,12.5
R01617,R02012,7,7,0,2,2,28.6
R01617,R02027,7,9,0,1,1,11.1
R01617,R02029,7,10,0,1,1,10.0
R01617,R02085,7,2,0,1,1,14.3
R01617,R02095,7,7,0,1,1,14.3
R01618,R01967,4,29,0,4,4,13.8
R01618,R01971,4,26,0,4,4,15.4
R01618,R01976,4,20,0,4,4,20.0
R01618,R01995,4,16,0,4,4,25.0
R01618,R01997,4,28,0,4,4,14.3
R01618,R02005,4,18,0,4,4,22.2
R01618,R02015,4,28,0,4,4,14.3
R01618,R02038,4,17,0,4,4,23.5
R01618,R02094,4,20,0,4,4,20.0
R01619,R01678,12,18,3,0,8,44.4
R01619,R01915,12,9,0,1,1,8.3
R01620,R01623,7,9,0,1,3,33.3
R01620,R01714,7,5,0,1,3,42.9
R01620,R01950,7,12,0,4,7,58.3
R01620,R01964,7,12,1,0,1,8.3
R01620,R01973,7,11,0,4,5,45.5
R01621,R01622,27,29,0,3,20,69.0
R01621,R01902,27,26,0,12,19,70.4
R01621,R02099,27,6,0,4,6,22.2
R01622,R01902,29,26,0,3,12,41.4
R01622,R02099,29,6,0,3,4,13.8
R01623,R01714,9,5,0,5,5,55.6
R01623,R01816,9,3,1,0,1,11.1
R01623,R01950,9,12,0,1,3,25.0
R01623,R01961,9,4,1,0,1,11.1
R01623,R01963,9,3,1,0,1,11.1
R01623,R01973,9,11,0,1,5,45.5
R01623,R02030,9,7,1,0,1,11.1
R01623,R02083,9,2,1,0,2,22.2
R01625,R01699,19,11,0,11,11,57.9
R01625,R01850,19,14,0,5,11,57.9
R01625,R01862,19,8,0,8,8,42.1
R01625,R01864,19,8,0,1,6,31.6
R01625,R01896,19,7,0,5,5,26.3
R01625,R01897,19,8,0,4,5,26.3
R01626,R01915,18,9,4,0,9,50.0
R01627,R01655,38,21,4,0,21,55.3
R01627,R01702,38,18,3,0,7,18.4
R01627,R01768,38,15,1,0,3,7.9
R01628,R01736,33,30,0,1,26,78.8
R01628,R01755,33,31,2,1,29,87.9
R01629,R01791,16,24,3,0,6,25.0
R01629,R02089,16,13,0,2,2,12.5
R01630,R02078,20,14,0,3,3,15.0
R01631,R01766,4,5,0,1,1,20.0
R01631,R01974,4,21,0,1,1,4.8
R01631,R02003,4,6,1,0,1,16.7
R01631,R02009,4,2,0,1,1,25.0
R01631,R02011,4,9,0,1,1,11.1
R01631,R02018,4,3,1,0,1,25.0
R01632,R01641,2,5,1,0,1,20.0
R01632,R01666,2,14,1,0,1,7.1
R01632,R01668,2,8,1,0,1,12.5
R01632,R01846,2,8,1,0,1,12.5
R01632,R01847,2,6,1,0,1,16.7
R01632,R01905,2,44,1,0,1,2.3
R01633,R01640,2,5,0,1,1,20.0
R01633,R01845,2,7,0,1,1,14.3
R01635,R01973,4,11,1,0,1,9.1
R01635,R02031,4,3,0,1,1,25.0
R01635,R02044,4,24,1,0,1,4.2
R01635,R02045,4,9,3,0,3,33.3
R01636,R01637,22,32,0,9,22,68.8
R01636,R01645,22,21,0,6,17,77.3
R01636,R01660,22,38,0,9,22,57.9
R01636,R01995,22,16,1,0,1,4.5
R01636,R02064,22,18,0,5,5,22.7
R01636,R02066,22,10,0,10,10,45.5
R01636,R02073,22,9,0,6,9,40.9
R01636,R02093,22,21,0,4,12,54.5
R01637,R01645,32,21,0,6,21,65.6
R01637,R01660,32,38,3,23,26,68.4
R01637,R01971,32,26,1,0,1,3.1
R01637,R02064,32,18,0,5,5,15.6
R01637,R02066,32,10,0,9,10,31.2
R01637,R02073,32,9,0,6,9,28.1
R01637,R02093,32,21,0,4,12,37.5
R01639,R01674,26,13,0,10,12,46.2
R01639,R01745,26,24,0,2,4,15.4
R01639,R01969,26,26,0,8,8,30.8
R01639,R01975,26,26,0,7,8,30.8
R01639,R02094,26,20,1,0,5,19.2
R01640,R01845,5,7,0,1,1,14.3
R01641,R01666,5,14,1,0,1,7.1
R01641,R01668,5,8,1,0,1,12.5
R01641,R01846,5,8,1,0,1,12.5
R01641,R01847,5,6,1,0,1,16.7
R01641,R01905,5,44,1,0,1,2.3
R01643,R01809,31,17,0,17,17,54.8
R01643,R01919,31,8,0,8,8,25.8
R01644,R01652,11,14,2,3,11,78.6
R01644,R01748,11,8,1,0,2,18.2
R01644,R01777,11,8,1,3,6,54.5
R01644,R01894,11,7,2,0,2,18.2
R01645,R01660,21,38,0,6,17,44.7
R01645,R02005,21,18,1,0,3,14.3
R01645,R02064,21,18,0,5,5,23.8
R01645,R02066,21,10,0,6,9,42.9
R01645,R02073,21,9,0,9,9,42.9
R01645,R02093,21,21,0,4,8,38.1
R01647,R01650,7,3,1,0,1,14.3
R01647,R01708,7,5,1,0,1,14.3
R01647,R02022,7,6,1,0,1,14.3
R01648,R01649,2,2,0,1,1,50.0
R01648,R02020,2,6,0,1,1,16.7
R01649,R02020,2,6,0,1,1,16.7
R01650,R01708,3,5,1,0,1,20.0
R01650,R02022,3,6,1,0,3,50.0
R01651,R02025,6,3,1,0,2,33.3
R01652,R01748,14,8,1,0,3,21.4
R01652,R01777,14,8,1,6,8,57.1
R01652,R01894,14,7,3,0,3,21.4
R01653,R01735,16,11,2,0,2,12.5
R01654,R01724,23,29,2,4,17,58.6
R01654,R01893,23,9,1,0,1,4.3
R01655,R01702,21,18,3,4,7,33.3
R01655,R01768,21,15,1,0,3,14.3
R01656,R01657,6,12,0,2,4,33.3
R01656,R01658,6,9,0,4,4,44.4
R01656,R01712,6,23,0,1,3,13.0
R01656,R01723,6,13,0,1,2,15.4
R01656,R01731,6,9,0,1,2,22.2
R01656,R01732,6,17,0,1,2,11.8
R01656,R01733,6,19,0,1,2,10.5
R01656,R01740,6,21,0,1,2,9.5
R01656,R01781,6,6,0,5,5,83.3
R01656,R01829,6,7,0,1,2,28.6
R01656,R01877,6,22,0,1,2,9.1
R01656,R01912,6,7,0,2,5,71.4
R01656,R01942,6,5,2,1,4,66.7
R01656,R01943,6,16,0,1,3,18.8
R01656,R01958,6,10,0,1,2,20.0
R01657,R01658,12,9,4,2,9,75.0
R01657,R01669,12,11,1,0,1,8.3
R01657,R01712,12,23,0,1,8,34.8
R01657,R01719,12,20,3,0,8,40.0
R01657,R01723,12,13,0,1,6,46.2
R01657,R01731,12,9,0,1,6,50.0
R01657,R01732,12,17,0,1,6,35.3
R01657,R01733,12,19,0,1,6,31.6
R01657,R01740,12,21,0,1,6,28.6
R01657,R01763,12,4,1,0,1,8.3
R01657,R01781,12,6,0,2,4,33.3
R01657,R01829,12,7,4,1,7,58.3
R01657,R01877,12,22,0,1,6,27.3
R01657,R01912,12,7,0,5,5,41.7
R01657,R01942,12,5,0,1,3,25.0
R01657,R01943,12,16,0,1,7,43.8
R01657,R01958,12,10,0,1,6,50.0
R01657,R01962,12,6,1,0,1,8.3
R01657,R02067,12,6,1,0,1,8.3
R01657,R02068,12,5,1,0,1,8.3
R01658,R01669,9,11,1,0,1,9.1
R01658,R01712,9,23,0,1,7,30.4
R01658,R01719,9,20,3,0,7,35.0
R01658,R01723,9,13,0,1,6,46.2
R01658,R01731,9,9,0,1,6,66.7
R01658,R01732,9,17,0,1,6,35.3
R01658,R01733,9,19,0,1,6,31.6
R01658,R01740,9,21,0,1,6,28.6
R01658,R01763,9,4,1,0,1,11.1
R01658,R01781,9,6,0,4,4,44.4
R01658,R01829,9,7,4,1,6,66.7
R01658,R01877,9,22,0,1,6,27.3
R01658,R01912,9,7,0,2,4,44.4
R01658,R01942,9,5,0,1,2,22.2
R01658,R01943,9,16,0,1,7,43.8
R01658,R01958,9,10,0,1,6,60.0
R01658,R01962,9,6,1,0,1,11.1
R01658,R02067,9,6,1,0,1,11.1
R01658,R02068,9,5,1,0,1,11.1
R01659,R01661,3,3,1,1,1,33.3
R01659,R01945,3,2,1,0,1,33.3
R01659,R01946,3,2,0,1,1,33.3
R01659,R01947,3,2,0,1,1,33.3
R01659,R01948,3,2,1,0,1,33.3
R01659,R02040,3,5,0,1,1,20.0
R01660,R01971,38,26,1,0,1,2.6
R01660,R02064,38,18,0,5,5,13.2
R01660,R02066,38,10,0,9,10,26.3
R01660,R02073,38,9,0,6,9,23.7
R01660,R02093,38,21,0,4,12,31.6
R01661,R01945,3,2,1,0,1,33.3
R01661,R01946,3,2,0,1,1,33.3
R01661,R01947,3,2,0,2,2,66.7
R01661,R01948,3,2,2,0,2,66.7
R01661,R02040,3,5,0,1,1,20.0
R01662,R01712,18,23,1,0,5,21.7
R01662,R01716,18,5,1,0,1,5.6
R01662,R01723,18,13,2,0,3,16.7
R01662,R01784,18,25,1,0,1,4.0
R01662,R01855,18,6,1,0,2,11.1
R01662,R01943,18,16,1,0,1,5.6
R01662,R01972,18,7,1,0,1,5.6
R01662,R01996,18,21,1,0,1,4.8
R01663,R01867,11,4,0,1,1,9.1
R01664,R01982,4,11,1,0,1,9.1
R01664,R01983,4,13,1,0,1,7.7
R01665,R01705,13,3,0,1,1,7.7
R01666,R01668,14,8,1,0,1,7.1
R01666,R01846,14,8,1,0,1,7.1
R01666,R01847,14,6,1,0,1,7.1
R01666,R01905,14,44,1,0,1,2.3
R01667,R01750,24,7,0,1,1,4.2
R01667,R01751,24,3,1,0,1,4.2
R01667,R01854,24,6,0,1,2,8.3
R01667,R01857,24,5,0,1,2,8.3
R01668,R01846,8,8,1,0,1,12.5
R01668,R01847,8,6,1,0,1,12.5
R01668,R01905,8,44,1,0,1,2.3
R01669,R01719,11,20,1,0,1,5.0
R01669,R01762,11,4,0,4,4,36.4
R01669,R01763,11,4,1,0,4,36.4
R01669,R01829,11,7,1,0,1,9.1
R01669,R01962,11,6,1,0,1,9.1
R01669,R02055,11,5,0,5,5,45.5
R01669,R02067,11,6,1,4,6,54.5
R01669,R02068,11,5,1,0,5,45.5
R01672,R01852,13,34,0,13,13,38.2
R01672,R01874,13,7,0,1,1,7.7
R01672,R02074,13,5,0,1,1,7.7
R01672,R02075,13,13,0,1,1,7.7
R01673,R01795,12,2,1,0,1,8.3
R01673,R01845,12,7,2,0,2,16.7
R01673,R02062,12,34,2,0,2,5.9
R01673,R02097,12,27,2,0,2,7.4
R01674,R01729,13,7,1,0,1,7.7
R01674,R01745,13,24,0,2,4,16.7
R01674,R01969,13,26,0,8,8,30.8
R01674,R01975,13,26,0,7,8,30.8
R01674,R02078,13,14,1,0,1,7.1
R01674,R02093,13,21,1,0,7,33.3
R01675,R01849,9,7,0,7,7,77.8
R01675,R01929,9,7,0,1,1,11.1
R01675,R01931,9,6,0,1,1,11.1
R01675,R01979,9,16,0,1,2,12.5
R01676,R02063,16,6,0,3,3,18.8
R01676,R02072,16,20,0,4,5,25.0
R01678,R01713,18,10,0,10,10,55.6
R01679,R01680,2,3,0,1,1,33.3
R01681,R01689,3,7,0,1,1,14.3
R01685,R01823,16,21,0,2,2,9.5
R01685,R01868,16,12,0,2,2,12.5
R01685,R01871,16,10,0,2,2,12.5
R01685,R01881,16,12,0,2,2,12.5
R01685,R01882,16,11,0,2,2,12.5
R01685,R01887,16,25,0,5,5,20.0
R01685,R01891,16,16,0,2,2,12.5
R01685,R01904,16,21,0,2,2,9.5
R01685,R01906,16,19,0,2,2,10.5
R01685,R01917,16,17,0,2,3,17.6
R01686,R01687,40,25,3,3,25,62.5
R01686,R01688,40,12,0,4,11,27.5
R01686,R01764,40,12,0,3,5,12.5
R01687,R01688,25,12,0,3,6,24.0
R01687,R01764,25,12,0,4,5,20.0
R01688,R01737,12,37,3,0,10,27.0
R01688,R01764,12,12,0,3,4,33.3
R01689,R01992,7,3,1,0,1,14.3
R01691,R01697,36,34,3,10,23,63.9
R01691,R01706,36,21,0,13,15,41.7
R01691,R01859,36,6,0,1,1,2.8
R01691,R01905,36,44,0,10,22,50.0
R01691,R01949,36,7,1,0,1,2.8
R01691,R02001,36,6,1,0,1,2.8
R01691,R02086,36,36,0,10,15,41.7
R01692,R01781,27,6,4,0,5,18.5
R01692,R01912,27,7,4,0,6,22.2
R01693,R01695,12,8,1,0,1,8.3
R01693,R01761,12,11,0,1,1,8.3
R01693,R01803,12,13,1,2,10,76.9
R01694,R01701,20,23,1,10,20,87.0
R01694,R01719,20,20,0,10,17,85.0
R01695,R01803,8,13,1,0,1,7.7
R01696,R01868,5,12,1,0,1,8.3
R01696,R01871,5,10,1,0,1,10.0
R01696,R01882,5,11,1,0,1,9.1
R01696,R01934,5,8,0,5,5,62.5
R01696,R01935,5,7,0,5,5,71.4
R01697,R01706,34,21,0,10,19,55.9
R01697,R01859,34,6,0,1,1,2.9
R01697,R01905,34,44,0,32,33,75.0
R01697,R01949,34,7,1,0,1,2.9
R01697,R02001,34,6,1,0,1,2.9
R01697,R02086,34,36,0,25,25,69.4
R01698,R01919,9,8,1,0,1,11.1
R01699,R01700,11,2,1,0,1,9.1
R01699,R01850,11,14,0,5,5,35.7
R01699,R01862,11,8,0,8,8,72.7
R01699,R01864,11,8,0,1,4,36.4
R01699,R01896,11,7,0,5,5,45.5
R01699,R01897,11,8,0,4,5,45.5
R01701,R01719,23,20,0,13,18,78.3
R01702,R01768,18,15,1,0,7,38.9
R01706,R01859,21,6,0,1,1,4.8
R01706,R01872,21,2,2,0,2,9.5
R01706,R01905,21,44,0,10,19,43.2
R01706,R02086,21,36,0,10,19,52.8
R01707,R01708,5,5,0,1,1,20.0
R01707,R01779,5,8,2,0,2,25.0
R01707,R01898,5,25,0,2,5,20.0
R01707,R01922,5,10,4,0,4,40.0
R01707,R01930,5,23,0,1,1,4.3
R01707,R01980,5,8,0,2,4,50.0
R01707,R02021,5,2,1,0,1,20.0
R01707,R02090,5,6,0,2,4,66.7
R01708,R01898,5,25,0,1,1,4.0
R01708,R01930,5,23,0,1,1,4.3
R01708,R01980,5,8,0,1,1,12.5
R01708,R02022,5,6,1,0,1,16.7
R01708,R02090,5,6,0,1,1,16.7
R01710,R01728,27,8,1,0,1,3.7
R01710,R01834,27,15,1,0,1,3.7
R01710,R01886,27,11,1,0,1,3.7
R01710,R01920,27,2,0,1,1,3.7
R01710,R02050,27,2,0,1,1,3.7
R01710,R02079,27,5,1,0,1,3.7
R01711,R01982,4,11,0,4,4,36.4
R01711,R01983,4,13,0,4,4,30.8
R01712,R01716,23,5,1,0,1,4.3
R01712,R01723,23,13,1,1,8,34.8
R01712,R01731,23,9,0,1,9,39.1
R01712,R01732,23,17,0,1,6,26.1
R01712,R01733,23,19,0,1,6,26.1
R01712,R01740,23,21,0,1,6,26.1
R01712,R01781,23,6,0,1,3,13.0
R01712,R01784,23,25,1,0,1,4.0
R01712,R01829,23,7,0,1,7,30.4
R01712,R01855,23,6,2,0,2,8.7
R01712,R01877,23,22,0,1,6,26.1
R01712,R01912,23,7,0,1,4,17.4
R01712,R01942,23,5,0,1,3,13.0
R01712,R01943,23,16,1,3,11,47.8
R01712,R01958,23,10,0,1,6,26.1
R01712,R01972,23,7,1,0,1,4.3
R01712,R01996,23,21,1,0,1,4.3
R01714,R01721,5,6,1,0,1,16.7
R01714,R01766,5,5,1,0,1,20.0
R01714,R01767,5,11,1,0,1,9.1
R01714,R01950,5,12,0,1,3,25.0
R01714,R01973,5,11,0,1,5,45.5
R01714,R02009,5,2,1,0,1,20.0
R01714,R02085,5,2,1,0,1,20.0
R01716,R01723,5,13,1,0,1,7.7
R01716,R01784,5,25,1,0,1,4.0
R01716,R01855,5,6,1,0,1,16.7
R01716,R01943,5,16,1,0,3,18.8
R01716,R01972,5,7,1,0,2,28.6
R01716,R01996,5,21,1,0,1,4.8
R01717,R01721,14,6,0,1,1,7.1
R01717,R01815,14,3,0,1,1,7.1
R01717,R01888,14,6,0,1,1,7.1
R01717,R01895,14,9,0,1,1,7.1
R01717,R01951,14,4,0,1,1,7.1
R01717,R01964,14,12,0,1,1,7.1
R01717,R01991,14,4,0,1,1,7.1
R01717,R01998,14,8,0,1,1,7.1
R01717,R02012,14,7,0,1,1,7.1
R01717,R02027,14,9,0,1,1,7.1
R01717,R02029,14,10,0,1,1,7.1
R01717,R02085,14,2,0,1,1,7.1
R01717,R02095,14,7,0,1,1,7.1
R01719,R01763,20,4,1,0,1,5.0
R01719,R01829,20,7,3,0,6,30.0
R01719,R01962,20,6,1,0,1,5.0
R01719,R02067,20,6,1,0,1,5.0
R01719,R02068,20,5,1,0,1,5.0
R01720,R01796,6,9,0,2,2,22.2
R01720,R01844,6,24,0,6,6,25.0
R01720,R01853,6,11,0,2,2,18.2
R01720,R01860,6,11,0,2,2,18.2
R01720,R01865,6,28,0,1,3,10.7
R01720,R01875,6,20,1,0,1,5.0
R01720,R01876,6,17,1,0,1,5.9
R01720,R01879,6,22,0,6,6,27.3
R01720,R02061,6,4,0,2,2,33.3
R01721,R01766,6,5,1,0,1,16.7
R01721,R01767,6,11,3,0,6,54.5
R01721,R01815,6,3,0,1,1,16.7
R01721,R01888,6,6,0,1,1,16.7
R01721,R01895,6,9,0,1,1,11.1
R01721,R01951,6,4,0,1,1,16.7
R01721,R01964,6,12,0,1,1,8.3
R01721,R01991,6,4,0,1,1,16.7
R01721,R01998,6,8,0,1,1,12.5
R01721,R02009,6,2,1,0,1,16.7
R01721,R02012,6,7,0,1,1,14.3
R01721,R02027,6,9,0,1,1,11.1
R01721,R02029,6,10,0,1,1,10.0
R01721,R02085,6,2,1,1,2,33.3
R01721,R02095,6,7,0,1,1,14.3
R01723,R01731,13,9,0,6,6,46.2
R01723,R01732,13,17,0,7,7,41.2
R01723,R01733,13,19,0,8,8,42.1
R01723,R01740,13,21,0,9,9,42.9
R01723,R01781,13,6,0,1,2,15.4
R01723,R01784,13,25,1,0,1,4.0
R01723,R01829,13,7,0,1,6,46.2
R01723,R01855,13,6,1,0,4,30.8
R01723,R01877,13,22,0,9,9,40.9
R01723,R01912,13,7,0,1,2,15.4
R01723,R01942,13,5,0,1,2,15.4
R01723,R01943,13,16,1,1,10,62.5
R01723,R01958,13,10,0,6,8,61.5
R01723,R01972,13,7,1,0,1,7.7
R01723,R01996,13,21,1,0,1,4.8
R01724,R01893,29,9,1,0,1,3.4
R01725,R02056,9,11,0,1,1,9.1
R01726,R01753,20,5,1,0,1,5.0
R01726,R02012,20,7,2,0,2,10.0
R01727,R01848,25,24,0,5,17,68.0
R01727,R01892,25,15,0,2,2,8.0
R01727,R01950,25,12,1,0,1,4.0
R01727,R01952,25,16,0,2,2,8.0
R01727,R02032,25,10,0,2,2,8.0
R01727,R02039,25,16,0,2,2,8.0
R01727,R02052,25,12,0,2,6,24.0
R01727,R02053,25,11,0,2,6,24.0
R01728,R01834,8,15,1,0,1,6.7
R01728,R01886,8,11,1,0,1,9.1
R01728,R02079,8,5,1,0,1,12.5
R01729,R02078,7,14,1,0,1,7.1
R01729,R02093,7,21,1,0,1,4.8
R01730,R01855,4,6,0,1,1,16.7
R01730,R02054,4,10,0,1,1,10.0
R01731,R01732,9,17,0,6,6,35.3
R01731,R01733,9,19,0,6,6,31.6
R01731,R01740,9,21,0,6,6,28.6
R01731,R01762,9,4,1,0,1,11.1
R01731,R01781,9,6,0,1,2,22.2
R01731,R01829,9,7,0,1,6,66.7
R01731,R01877,9,22,0,6,6,27.3
R01731,R01912,9,7,0,1,2,22.2
R01731,R01942,9,5,0,1,2,22.2
R01731,R01943,9,16,0,1,6,37.5
R01731,R01958,9,10,0,6,6,60.0
R01732,R01733,17,19,0,7,17,89.5
R01732,R01740,17,21,0,7,7,33.3
R01732,R01781,17,6,0,1,2,11.8
R01732,R01829,17,7,0,1,6,35.3
R01732,R01877,17,22,0,7,7,31.8
R01732,R01912,17,7,0,1,2,11.8
R01732,R01942,17,5,0,1,2,11.8
R01732,R01943,17,16,0,1,7,41.2
R01732,R01958,17,10,0,6,7,41.2
R01732,R02054,17,10,1,0,8,47.1
R01733,R01740,19,21,0,8,8,38.1
R01733,R01781,19,6,0,1,2,10.5
R01733,R01829,19,7,0,1,6,31.6
R01733,R01877,19,22,0,8,8,36.4
R01733,R01912,19,7,0,1,2,10.5
R01733,R01942,19,5,0,1,2,10.5
R01733,R01943,19,16,0,1,8,42.1
R01733,R01958,19,10,0,6,8,42.1
R01735,R01806,11,8,0,6,6,54.5
R01736,R01755,30,31,0,10,28,90.3
R01736,R01907,30,8,1,0,6,20.0
R01736,R01910,30,13,1,0,7,23.3
R01736,R01980,30,8,1,0,1,3.3
R01736,R02090,30,6,1,0,1,3.3
R01737,R01739,37,29,0,29,29,78.4
R01738,R01741,27,3,0,3,3,11.1
R01738,R01866,27,5,1,0,2,7.4
R01738,R02076,27,11,1,0,1,3.7
R01740,R01781,21,6,0,1,2,9.5
R01740,R01826,21,13,1,0,7,33.3
R01740,R01829,21,7,0,1,6,28.6
R01740,R01852,21,34,1,0,1,2.9
R01740,R01877,21,22,4,15,19,86.4
R01740,R01912,21,7,0,1,2,9.5
R01740,R01942,21,5,0,1,2,9.5
R01740,R01943,21,16,0,1,10,47.6
R01740,R01958,21,10,0,6,8,38.1
R01743,R01744,2,11,1,0,1,9.1
R01743,R02100,2,4,1,0,1,25.0
R01744,R02100,11,4,4,0,4,36.4
R01745,R01969,24,26,0,2,4,15.4
R01745,R01975,24,26,0,2,4,15.4
R01745,R02081,24,13,1,0,11,45.8
R01746,R01770,9,12,1,0,1,8.3
R01746,R01782,9,13,1,0,1,7.7
R01746,R01809,9,17,1,0,1,5.9
R01746,R01835,9,27,1,0,1,3.7
R01746,R01999,9,13,0,9,9,69.2
R01746,R02084,9,11,1,0,1,9.1
R01747,R02101,7,4,1,0,1,14.3
R01748,R01777,8,8,1,0,1,12.5
R01748,R01894,8,7,1,6,7,87.5
R01750,R01854,7,6,0,1,1,14.3
R01750,R01857,7,5,0,1,1,14.3
R01751,R01774,3,13,0,3,3,23.1
R01751,R01791,3,24,0,3,3,12.5
R01753,R02012,5,7,1,0,1,14.3
R01756,R01758,12,3,0,1,1,8.3
R01756,R01769,12,2,0,1,1,8.3
R01756,R01771,12,4,0,1,1,8.3
R01756,R01928,12,6,0,1,1,8.3
R01757,R01765,3,4,3,0,3,75.0
R01757,R01813,3,7,1,0,1,14.3
R01757,R01888,3,6,1,0,1,16.7
R01757,R02027,3,9,2,0,2,22.2
R01757,R02095,3,7,1,0,1,14.3
R01758,R01769,3,2,0,2,2,66.7
R01758,R01771,3,4,0,3,3,75.0
R01758,R01928,3,6,0,1,1,16.7
R01760,R01978,15,16,1,0,2,12.5
R01760,R01981,15,17,1,0,1,5.9
R01761,R01789,11,11,1,0,1,9.1
R01761,R01803,11,13,0,1,1,7.7
R01761,R01815,11,3,1,0,1,9.1
R01761,R01909,11,21,1,0,1,4.8
R01761,R01968,11,15,1,0,6,40.0
R01761,R02086,11,36,1,0,2,5.6
R01761,R02099,11,6,1,0,1,9.1
R01762,R02055,4,5,0,4,4,80.0
R01762,R02067,4,6,0,4,4,66.7
R01763,R01829,4,7,1,0,1,14.3
R01763,R01962,4,6,1,0,1,16.7
R01763,R02067,4,6,2,0,3,50.0
R01763,R02068,4,5,2,2,4,80.0
R01764,R01867,12,4,1,0,1,8.3
R01764,R01869,12,6,1,0,1,8.3
R01765,R01767,4,11,0,1,1,9.1
R01765,R01813,4,7,1,0,1,14.3
R01765,R01888,4,6,1,0,1,16.7
R01765,R02027,4,9,2,0,2,22.2
R01765,R02095,4,7,1,0,1,14.3
R01766,R01767,5,11,1,0,1,9.1
R01766,R01974,5,21,0,1,2,9.5
R01766,R02009,5,2,1,1,2,40.0
R01766,R02011,5,9,0,1,2,22.2
R01766,R02085,5,2,1,0,1,20.0
R01767,R02009,11,2,1,0,1,9.1
R01767,R02085,11,2,1,0,2,18.2
R01768,R02081,15,13,0,2,4,26.7
R01769,R01771,2,4,0,2,2,50.0
R01769,R01928,2,6,0,1,1,16.7
R01770,R01782,12,13,1,9,10,76.9
R01770,R01809,12,17,2,0,2,11.8
R01770,R01835,12,27,3,0,12,44.4
R01770,R01839,12,3,0,1,1,8.3
R01770,R02084,12,11,1,10,11,91.7
R01771,R01928,4,6,0,1,1,16.7
R01772,R01914,10,9,0,2,7,70.0
R01772,R01940,10,16,0,7,10,62.5
R01772,R01968,10,15,0,1,1,6.7
R01773,R01813,41,7,0,1,1,2.4
R01773,R01816,41,3,0,1,1,2.4
R01773,R01836,41,3,3,0,3,7.3
R01773,R01908,41,35,0,1,1,2.4
R01773,R02044,41,24,0,1,1,2.4
R01774,R01791,13,24,0,11,13,54.2
R01776,R01780,16,24,2,0,10,41.7
R01776,R01794,16,4,1,0,2,12.5
R01776,R01840,16,4,4,0,4,25.0
R01776,R01858,16,19,2,1,4,21.1
R01776,R01898,16,25,2,0,11,44.0
R01777,R01894,8,7,1,0,1,12.5
R01779,R01922,8,10,2,0,2,20.0
R01779,R02021,8,2,1,0,1,12.5
R01779,R02022,8,6,0,2,4,50.0
R01780,R01794,24,4,1,0,2,8.3
R01780,R01840,24,4,2,0,4,16.7
R01780,R01858,24,19,4,0,4,16.7
R01780,R01898,24,25,3,0,18,72.0
R01780,R01922,24,10,0,6,10,41.7
R01781,R01829,6,7,0,1,2,28.6
R01781,R01877,6,22,0,1,2,9.1
R01781,R01912,6,7,4,2,6,85.7
R01781,R01942,6,5,0,1,3,50.0
R01781,R01943,6,16,0,1,3,18.8
R01781,R01958,6,10,0,1,2,20.0
R01782,R01809,13,17,1,0,1,5.9
R01782,R01835,13,27,1,0,10,37.0
R01782,R01839,13,3,0,1,1,7.7
R01782,R02084,13,11,1,9,10,76.9
R01783,R01793,4,4,2,0,2,50.0
R01783,R01797,4,3,2,0,2,50.0
R01783,R01810,4,4,1,0,1,25.0
R01784,R01819,25,15,0,13,14,56.0
R01784,R01855,25,6,1,0,1,4.0
R01784,R01943,25,16,1,0,1,4.0
R01784,R01972,25,7,1,0,1,4.0
R01784,R01996,25,21,1,0,5,20.0
R01785,R01798,4,4,0,2,2,50.0
R01786,R01826,3,13,0,1,1,7.7
R01786,R01972,3,7,0,1,1,14.3
R01788,R01832,3,13,3,0,3,23.1
R01789,R01815,11,3,1,0,1,9.1
R01789,R01872,11,2,0,1,1,9.1
R01789,R01909,11,21,1,0,1,4.8
R01789,R01968,11,15,1,0,1,6.7
R01789,R02013,11,15,0,1,1,6.7
R01789,R02086,11,36,1,0,1,2.8
R01789,R02099,11,6,1,0,1,9.1
R01790,R02061,15,4,1,0,1,6.7
R01793,R01797,4,3,3,0,3,75.0
R01793,R01810,4,4,1,0,1,25.0
R01794,R01840,4,4,1,0,2,50.0
R01794,R01858,4,19,1,0,2,10.5
R01794,R01898,4,25,1,0,2,8.0
R01795,R01845,2,7,1,0,1,14.3
R01795,R02062,2,34,1,0,1,2.9
R01795,R02097,2,27,1,0,1,3.7
R01796,R01844,9,24,0,2,2,8.3
R01796,R01853,9,11,0,2,5,45.5
R01796,R01860,9,11,0,2,3,27.3
R01796,R01865,9,28,0,1,2,7.1
R01796,R01870,9,4,1,0,1,11.1
R01796,R01879,9,22,0,2,2,9.1
R01796,R01979,9,16,4,0,5,31.2
R01796,R02061,9,4,0,2,2,22.2
R01797,R01810,3,4,1,0,1,25.0
R01804,R01892,9,15,1,0,1,6.7
R01804,R01952,9,16,1,0,1,6.2
R01805,R01807,7,9,1,6,7,77.8
R01805,R01837,7,7,4,0,4,57.1
R01807,R01837,9,7,1,0,4,44.4
R01808,R01849,26,7,2,0,2,7.7
R01809,R01835,17,27,2,0,2,7.4
R01809,R01919,17,8,0,8,8,47.1
R01809,R02084,17,11,1,0,1,5.9
R01811,R01814,3,2,2,0,2,66.7
R01812,R01900,6,8,1,2,4,50.0
R01812,R01901,6,6,1,3,4,66.7
R01813,R01816,7,3,0,1,2,28.6
R01813,R01888,7,6,1,0,1,14.3
R01813,R01908,7,35,0,1,7,20.0
R01813,R02027,7,9,1,0,1,11.1
R01813,R02044,7,24,0,1,7,29.2
R01813,R02095,7,7,1,0,1,14.3
R01815,R01888,3,6,0,1,2,33.3
R01815,R01895,3,9,0,1,1,11.1
R01815,R01909,3,21,1,0,3,14.3
R01815,R01951,3,4,0,1,1,25.0
R01815,R01964,3,12,0,1,1,8.3
R01815,R01968,3,15,1,0,1,6.7
R01815,R01991,3,4,0,1,1,25.0
R01815,R01998,3,8,0,1,1,12.5
R01815,R02012,3,7,0,1,1,14.3
R01815,R02027,3,9,0,1,2,22.2
R01815,R02029,3,10,0,1,1,10.0
R01815,R02085,3,2,0,1,1,33.3
R01815,R02086,3,36,1,0,1,2.8
R01815,R02095,3,7,0,1,2,28.6
R01815,R02099,3,6,1,0,1,16.7
R01816,R01908,3,35,0,1,3,8.6
R01816,R01961,3,4,1,0,1,25.0
R01816,R01963,3,3,1,0,1,33.3
R01816,R02030,3,7,1,0,1,14.3
R01816,R02044,3,24,0,1,3,12.5
R01816,R02083,3,2,1,0,1,33.3
R01817,R01818,2,3,0,2,2,66.7
R01822,R01825,3,2,1,1,2,66.7
R01823,R01868,21,12,0,12,12,57.1
R01823,R01871,21,10,0,7,10,47.6
R01823,R01881,21,12,0,7,12,57.1
R01823,R01882,21,11,0,10,11,52.4
R01823,R01887,21,25,0,2,2,8.0
R01823,R01891,21,16,0,5,7,33.3
R01823,R01904,21,21,0,15,15,71.4
R01823,R01906,21,19,0,7,13,61.9
R01823,R01917,21,17,0,2,2,9.5
R01824,R01881,7,12,1,0,1,8.3
R01824,R01916,7,6,0,6,6,85.7
R01824,R01932,7,13,2,0,2,15.4
R01826,R01852,13,34,1,0,1,2.9
R01826,R01877,13,22,1,0,5,22.7
R01826,R01972,13,7,0,1,1,7.7
R01827,R01828,3,2,0,2,2,66.7
R01828,R02058,2,8,1,0,1,12.5
R01829,R01877,7,22,0,1,6,27.3
R01829,R01912,7,7,0,1,3,42.9
R01829,R01942,7,5,0,3,3,42.9
R01829,R01943,7,16,0,1,6,37.5
R01829,R01958,7,10,0,1,6,60.0
R01829,R01962,7,6,1,0,1,14.3
R01829,R02067,7,6,1,0,1,14.3
R01829,R02068,7,5,1,0,1,14.3
R01830,R01832,5,13,0,1,5,38.5
R01834,R01886,15,11,1,0,1,6.7
R01834,R02079,15,5,1,0,1,6.7
R01835,R02084,27,11,1,0,11,40.7
R01839,R02084,3,11,0,1,1,9.1
R01840,R01858,4,19,2,0,3,15.8
R01840,R01898,4,25,2,0,4,16.0
R01841,R01842,5,7,0,5,5,71.4
R01841,R01843,5,9,0,5,5,55.6
R01842,R01843,7,9,0,7,7,77.8
R01844,R01853,24,11,0,2,2,8.3
R01844,R01860,24,11,0,2,2,8.3
R01844,R01865,24,28,0,1,3,10.7
R01844,R01879,24,22,2,6,19,79.2
R01844,R02061,24,4,0,2,2,8.3
R01845,R02062,7,34,2,0,2,5.9
R01845,R02097,7,27,2,0,2,7.4
R01846,R01847,8,6,1,5,6,75.0
R01846,R01905,8,44,1,0,1,2.3
R01847,R01905,6,44,1,0,1,2.3
R01848,R01892,24,15,0,2,2,8.3
R01848,R01952,24,16,0,2,2,8.3
R01848,R02032,24,10,0,2,2,8.3
R01848,R02039,24,16,0,2,2,8.3
R01848,R02052,24,12,0,2,7,29.2
R01848,R02053,24,11,0,2,7,29.2
R01849,R01929,7,7,0,1,1,14.3
R01849,R01931,7,6,0,1,1,14.3
R01849,R01979,7,16,0,1,1,6.2
R01850,R01862,14,8,0,5,5,35.7
R01850,R01864,14,8,0,1,8,57.1
R01850,R01896,14,7,0,5,6,42.9
R01850,R01897,14,8,0,4,4,28.6
R01852,R01874,34,7,0,1,1,2.9
R01852,R01877,34,22,1,0,1,2.9
R01852,R02074,34,5,0,1,1,2.9
R01852,R02075,34,13,0,1,1,2.9
R01853,R01860,11,11,0,2,7,63.6
R01853,R01865,11,28,0,1,2,7.1
R01853,R01879,11,22,0,2,2,9.1
R01853,R02061,11,4,0,2,2,18.2
R01854,R01857,6,5,1,4,5,83.3
R01854,R02056,6,11,1,0,1,9.1
R01855,R01943,6,16,1,0,2,12.5
R01855,R01972,6,7,1,0,1,14.3
R01855,R01996,6,21,1,0,1,4.8
R01855,R02054,6,10,0,1,1,10.0
R01857,R02056,5,11,1,0,1,9.1
R01858,R01898,19,25,3,0,4,16.0
R01859,R01905,6,44,0,1,1,2.3
R01859,R02086,6,36,0,1,1,2.8
R01860,R01865,11,28,0,1,2,7.1
R01860,R01879,11,22,0,2,2,9.1
R01860,R02061,11,4,0,2,2,18.2
R01862,R01864,8,8,0,1,4,50.0
R01862,R01896,8,7,0,5,5,62.5
R01862,R01897,8,8,1,4,5,62.5
R01863,R01909,3,21,0,3,3,14.3
R01863,R01911,3,18,1,0,1,5.6
R01863,R02019,3,11,1,0,1,9.1
R01863,R02045,3,9,0,3,3,33.3
R01864,R01896,8,7,0,1,5,62.5
R01864,R01897,8,8,0,1,3,37.5
R01865,R01879,28,22,0,1,3,10.7
R01865,R02061,28,4,0,1,2,7.1
R01866,R02076,5,11,1,0,1,9.1
R01867,R01869,4,6,1,0,1,16.7
R01868,R01871,12,10,1,7,10,83.3
R01868,R01881,12,12,0,7,10,83.3
R01868,R01882,12,11,1,10,11,91.7
R01868,R01887,12,25,0,2,2,8.0
R01868,R01891,12,16,0,5,7,43.8
R01868,R01904,12,21,0,12,12,57.1
R01868,R01906,12,19,0,7,10,52.6
R01868,R01917,12,17,0,2,2,11.8
R01870,R01873,4,6,0,2,4,66.7
R01870,R01979,4,16,1,0,1,6.2
R01871,R01881,10,12,0,10,10,83.3
R01871,R01882,10,11,3,7,10,90.9
R01871,R01887,10,25,0,2,2,8.0
R01871,R01891,10,16,0,5,7,43.8
R01871,R01904,10,21,0,7,10,47.6
R01871,R01906,10,19,0,10,10,52.6
R01871,R01917,10,17,0,2,2,11.8
R01872,R02013,2,15,0,1,1,6.7
R01874,R02074,7,5,0,1,1,14.3
R01874,R02075,7,13,0,1,1,7.7
R01875,R01876,20,17,1,16,17,85.0
R01875,R01880,20,15,0,15,15,75.0
R01876,R01880,17,15,0,15,15,88.2
R01877,R01912,22,7,0,1,2,9.1
R01877,R01942,22,5,0,1,2,9.1
R01877,R01943,22,16,0,1,10,45.5
R01877,R01958,22,10,0,6,8,36.4
R01879,R02061,22,4,0,2,2,9.1
R01881,R01882,12,11,0,7,10,83.3
R01881,R01887,12,25,0,2,2,8.0
R01881,R01891,12,16,0,5,7,43.8
R01881,R01904,12,21,0,7,12,57.1
R01881,R01906,12,19,0,10,12,63.2
R01881,R01917,12,17,0,2,2,11.8
R01881,R01932,12,13,1,0,1,7.7
R01882,R01887,11,25,0,2,2,8.0
R01882,R01891,11,16,0,5,7,43.8
R01882,R01904,11,21,0,10,11,52.4
R01882,R01906,11,19,0,7,10,52.6
R01882,R01917,11,17,0,2,2,11.8
R01886,R02079,11,5,1,0,2,18.2
R01887,R01891,25,16,0,2,2,8.0
R01887,R01904,25,21,0,2,2,8.0
R01887,R01906,25,19,0,2,2,8.0
R01887,R01917,25,17,0,2,16,64.0
R01887,R01954,25,2,1,0,1,4.0
R01888,R01895,6,9,0,1,1,11.1
R01888,R01951,6,4,0,1,1,16.7
R01888,R01964,6,12,0,1,1,8.3
R01888,R01991,6,4,0,1,1,16.7
R01888,R01998,6,8,0,1,1,12.5
R01888,R02012,6,7,0,1,1,14.3
R01888,R02027,6,9,1,5,6,66.7
R01888,R02029,6,10,0,1,1,10.0
R01888,R02085,6,2,0,1,1,16.7
R01888,R02095,6,7,1,5,6,85.7
R01889,R01890,12,16,2,0,11,68.8
R01891,R01904,16,21,0,5,7,33.3
R01891,R01906,16,19,0,5,7,36.8
R01891,R01917,16,17,0,2,2,11.8
R01892,R01952,15,16,3,12,15,93.8
R01892,R02032,15,10,0,2,9,60.0
R01892,R02039,15,16,0,11,11,68.8
R01892,R02052,15,12,0,2,2,13.3
R01892,R02053,15,11,0,2,2,13.3
R01895,R01951,9,4,0,1,1,11.1
R01895,R01964,9,12,0,1,1,8.3
R01895,R01991,9,4,0,1,1,11.1
R01895,R01998,9,8,0,1,1,11.1
R01895,R02012,9,7,0,1,1,11.1
R01895,R02027,9,9,0,1,1,11.1
R01895,R02029,9,10,0,1,1,10.0
R01895,R02085,9,2,0,1,1,11.1
R01895,R02095,9,7,0,1,1,11.1
R01896,R01897,7,8,0,4,4,50.0
R01898,R01930,25,23,0,1,1,4.0
R01898,R01980,25,8,0,2,8,32.0
R01898,R02090,25,6,0,2,6,24.0
R01900,R01901,8,6,1,2,6,75.0
R01902,R01974,26,21,1,0,4,15.4
R01902,R02088,26,11,1,0,5,19.2
R01902,R02099,26,6,0,4,6,23.1
R01903,R02087,5,8,0,5,5,62.5
R01904,R01906,21,19,0,7,16,76.2
R01904,R01917,21,17,0,2,2,9.5
R01904,R01986,21,5,2,0,2,9.5
R01905,R02086,44,36,0,25,25,56.8
R01906,R01917,19,17,0,2,2,10.5
R01906,R01923,19,5,4,0,4,21.1
R01906,R01988,19,4,4,0,4,21.1
R01907,R01910,8,13,1,3,8,61.5
R01907,R01980,8,8,1,0,1,12.5
R01907,R02090,8,6,1,0,1,12.5
R01907,R02103,8,12,0,5,7,58.3
R01908,R02044,35,24,0,24,24,68.6
R01909,R01968,21,15,2,0,2,9.5
R01909,R02045,21,9,0,9,9,42.9
R01909,R02086,21,36,1,0,1,2.8
R01909,R02099,21,6,1,0,1,4.8
R01910,R01980,13,8,1,0,1,7.7
R01910,R02090,13,6,1,0,1,7.7
R01910,R02103,13,12,0,3,7,53.8
R01911,R02019,18,11,2,6,11,61.1
R01912,R01942,7,5,0,1,4,57.1
R01912,R01943,7,16,0,1,3,18.8
R01912,R01958,7,10,0,1,2,20.0
R01914,R01940,9,16,0,2,7,43.8
R01914,R01968,9,15,0,1,1,6.7
R01920,R02050,2,2,0,1,1,50.0
R01922,R02021,10,2,1,0,1,10.0
R01923,R01988,5,4,4,0,4,80.0
R01925,R02059,3,2,2,0,2,66.7
R01929,R01931,7,6,0,6,6,85.7
R01929,R01933,7,2,2,0,2,28.6
R01929,R01979,7,16,0,4,4,25.0
R01930,R01980,23,8,0,1,1,4.3
R01930,R02090,23,6,0,1,1,4.3
R01931,R01979,6,16,0,4,4,25.0
R01932,R02002,13,3,0,1,1,7.7
R01932,R02006,13,4,0,1,1,7.7
R01932,R02007,13,5,0,1,1,7.7
R01934,R01935,8,7,0,7,7,87.5
R01936,R01937,8,5,0,2,2,25.0
R01938,R01941,11,9,3,3,9,81.8
R01938,R02041,11,8,0,3,6,54.5
R01939,R02023,14,10,2,0,2,14.3
R01940,R01968,16,15,0,1,1,6.2
R01940,R02000,16,5,1,0,1,6.2
R01940,R02004,16,4,1,0,1,6.2
R01940,R02014,16,3,1,0,1,6.2
R01941,R02041,9,8,0,3,5,55.6
R01942,R01943,5,16,0,1,2,12.5
R01942,R01958,5,10,0,1,2,20.0
R01943,R01958,16,10,0,1,8,50.0
R01943,R01972,16,7,2,0,2,12.5
R01943,R01996,16,21,1,0,1,4.8
R01945,R01948,2,2,1,0,1,50.0
R01946,R01947,2,2,0,1,1,50.0
R01946,R02040,2,5,0,1,1,20.0
R01947,R02040,2,5,0,1,1,20.0
R01949,R01953,7,5,0,5,5,71.4
R01949,R01960,7,3,0,1,3,42.9
R01949,R02001,7,6,2,0,2,28.6
R01950,R01973,12,11,0,6,6,50.0
R01951,R01964,4,12,0,4,4,33.3
R01951,R01991,4,4,0,1,1,25.0
R01951,R01998,4,8,0,1,1,12.5
R01951,R02012,4,7,0,2,2,28.6
R01951,R02027,4,9,0,1,1,11.1
R01951,R02029,4,10,0,1,1,10.0
R01951,R02085,4,2,0,1,1,25.0
R01951,R02095,4,7,0,1,1,14.3
R01952,R02032,16,10,0,2,9,56.2
R01952,R02039,16,16,0,11,11,68.8
R01952,R02052,16,12,0,2,2,12.5
R01952,R02053,16,11,0,2,2,12.5
R01953,R01960,5,3,2,1,3,60.0
R01961,R01963,4,3,2,1,3,75.0
R01961,R02030,4,7,1,2,4,57.1
R01961,R02083,4,2,1,0,1,25.0
R01962,R02067,6,6,1,0,1,16.7
R01962,R02068,6,5,1,0,1,16.7
R01963,R02030,3,7,1,1,3,42.9
R01963,R02083,3,2,1,0,1,33.3
R01964,R01991,12,4,0,1,1,8.3
R01964,R01998,12,8,0,1,1,8.3
R01964,R02012,12,7,0,2,2,16.7
R01964,R02027,12,9,0,1,1,8.3
R01964,R02029,12,10,0,1,1,8.3
R01964,R02085,12,2,0,1,1,8.3
R01964,R02095,12,7,0,1,1,8.3
R01965,R01970,7,8,0,5,6,75.0
R01967,R01969,29,26,2,0,14,48.3
R01967,R01971,29,26,0,11,25,86.2
R01967,R01976,29,20,0,11,20,69.0
R01967,R01995,29,16,0,9,9,31.0
R01967,R01997,29,28,0,9,11,37.9
R01967,R02005,29,18,0,9,9,31.0
R01967,R02015,29,28,0,9,9,31.0
R01967,R02038,29,17,0,11,12,41.4
R01967,R02094,29,20,0,9,9,31.0
R01968,R02086,15,36,1,0,1,2.8
R01968,R02099,15,6,1,0,1,6.7
R01969,R01975,26,26,0,7,21,80.8
R01971,R01976,26,20,0,20,20,76.9
R01971,R01995,26,16,0,9,9,34.6
R01971,R01997,26,28,0,9,12,42.9
R01971,R02005,26,18,0,9,9,34.6
R01971,R02015,26,28,0,9,9,32.1
R01971,R02038,26,17,0,12,12,46.2
R01971,R02094,26,20,0,9,9,34.6
R01972,R01996,7,21,1,0,1,4.8
R01973,R02044,11,24,1,0,1,4.2
R01973,R02045,11,9,1,0,1,9.1
R01974,R02009,21,2,0,1,1,4.8
R01974,R02011,21,9,0,2,2,9.5
R01974,R02088,21,11,4,0,4,19.0
R01975,R01976,26,20,1,0,8,30.8
R01976,R01995,20,16,0,9,9,45.0
R01976,R01997,20,28,0,9,9,32.1
R01976,R02005,20,18,0,9,9,45.0
R01976,R02015,20,28,0,9,9,32.1
R01976,R02038,20,17,0,12,12,60.0
R01976,R02094,20,20,0,9,9,45.0
R01977,R01994,3,4,0,3,3,75.0
R01978,R01981,16,17,3,0,3,17.6
R01980,R02090,8,6,2,3,6,75.0
R01982,R01983,11,13,4,7,11,84.6
R01984,R01985,11,10,1,8,9,81.8
R01984,R01987,11,12,2,9,11,91.7
R01984,R01989,11,20,0,9,11,55.0
R01985,R01987,10,12,1,8,10,83.3
R01985,R01989,10,20,0,8,10,50.0
R01986,R01990,5,4,0,4,4,80.0
R01987,R01989,12,20,0,12,12,60.0
R01991,R01998,4,8,0,4,4,50.0
R01991,R02012,4,7,0,1,1,14.3
R01991,R02027,4,9,0,1,1,11.1
R01991,R02029,4,10,0,4,4,40.0
R01991,R02085,4,2,0,1,1,25.0
R01991,R02095,4,7,0,1,1,14.3
R01995,R01997,16,28,0,16,16,57.1
R01995,R02005,16,18,0,16,16,88.9
R01995,R02015,16,28,0,16,16,57.1
R01995,R02038,16,17,0,9,9,52.9
R01995,R02094,16,20,0,16,16,80.0
R01997,R02005,28,18,0,17,18,64.3
R01997,R02015,28,28,0,16,16,57.1
R01997,R02038,28,17,0,9,9,32.1
R01997,R02094,28,20,0,16,16,57.1
R01997,R02098,28,15,2,0,5,17.9
R01998,R02012,8,7,0,1,1,12.5
R01998,R02027,8,9,0,1,1,11.1
R01998,R02029,8,10,0,8,8,80.0
R01998,R02085,8,2,0,1,1,12.5
R01998,R02095,8,7,0,1,1,12.5
R02000,R02004,5,4,4,0,4,80.0
R02000,R02014,5,3,3,0,3,60.0
R02002,R02006,3,4,0,3,3,75.0
R02002,R02007,3,5,0,3,3,60.0
R02003,R02018,6,3,1,0,1,16.7
R02004,R02014,4,3,3,0,3,75.0
R02005,R02015,18,28,0,16,16,57.1
R02005,R02038,18,17,0,9,9,50.0
R02005,R02094,18,20,0,16,16,80.0
R02006,R02007,4,5,0,4,4,80.0
R02008,R02010,8,5,4,0,5,62.5
R02009,R02011,2,9,0,1,1,11.1
R02009,R02085,2,2,1,0,1,50.0
R02012,R02027,7,9,0,1,1,11.1
R02012,R02029,7,10,0,1,1,10.0
R02012,R02085,7,2,0,1,1,14.3
R02012,R02095,7,7,0,1,1,14.3
R02015,R02038,28,17,0,9,9,32.1
R02015,R02094,28,20,0,16,20,71.4
R02024,R02026,5,6,1,4,5,83.3
R02024,R02028,5,2,1,1,2,40.0
R02024,R02034,5,5,1,0,1,20.0
R02026,R02028,6,2,1,1,2,33.3
R02026,R02034,6,5,1,0,1,16.7
R02027,R02029,9,10,0,1,1,10.0
R02027,R02085,9,2,0,1,1,11.1
R02027,R02095,9,7,1,5,7,77.8
R02028,R02034,2,5,1,0,1,20.0
R02029,R02085,10,2,0,1,1,10.0
R02029,R02095,10,7,0,1,1,10.0
R02030,R02083,7,2,1,0,1,14.3
R02032,R02039,10,16,0,2,8,50.0
R02032,R02052,10,12,0,2,2,16.7
R02032,R02053,10,11,0,2,2,18.2
R02035,R02039,3,16,3,0,3,18.8
R02037,R02042,15,15,1,11,14,93.3
R02038,R02094,17,20,0,9,9,45.0
R02039,R02052,16,12,0,2,2,12.5
R02039,R02053,16,11,0,2,2,12.5
R02044,R02045,24,9,1,0,1,4.2
R02046,R02047,5,6,4,1,5,83.3
R02046,R02048,5,2,1,1,2,40.0
R02047,R02048,6,2,1,1,2,33.3
R02052,R02053,12,11,1,10,11,91.7
R02055,R02067,5,6,0,4,4,66.7
R02057,R02070,4,4,1,0,3,75.0
R02062,R02097,34,27,2,18,27,79.4
R02063,R02065,6,5,3,0,3,50.0
R02063,R02072,6,20,0,3,3,15.0
R02064,R02066,18,10,0,5,5,27.8
R02064,R02073,18,9,0,5,5,27.8
R02064,R02093,18,21,0,4,4,19.0
R02066,R02073,10,9,3,6,9,90.0
R02066,R02093,10,21,0,4,6,28.6
R02067,R02068,6,5,2,0,3,50.0
R02073,R02093,9,21,0,4,6,28.6
R02074,R02075,5,13,0,2,5,38.5
R02076,R02077,11,5,0,1,1,9.1
R02078,R02093,14,21,1,0,1,4.8
R02085,R02095,2,7,0,1,1,14.3
R02086,R02099,36,6,1,0,1,2.8
