route_id,map_code,match_count
R00002,DE,2
R00002,EL,2
R00002,FA,2
R00002,FL,2
R00002,FN,2
R00002,FV,2
R00002,NK,2
R00002,OT,2
R00002,RA,2
R00002,VL,2
R00002,VR,2
R00002,BU,1
R00002,EU,1
R00002,FT,1
R00002,PD,1
R00002,PK,1
R00002,PU,1
R00002,RU,1
R00002,SU,1
R00002,SW,1
R00002,WC,1
R00002,WU,1
R00006,AM,1
R00006,BB,1
R00006,BH,1
R00006,BY,1
R00006,CE,1
R00006,CY,1
R00006,DO,1
R00006,DW,1
R00006,DY,1
R00006,EY,1
R00006,HD,1
R00006,HH,1
R00006,HO,1
R00006,HV,1
R00006,HY,1
R00006,JL,1
R00006,MB,1
R00006,MM,1
R00006,MS,1
R00006,MW,1
R00006,MY,1
R00006,NB,1
R00006,PH,1
R00006,PL,1
R00006,PR,1
R00006,PS,1
R00006,PY,1
R00006,RH,1
R00006,RL,1
R00006,RY,1
R00006,SH,1
R00006,SL,1
R00006,SY,1
R00006,TC,1
R00006,WH,1
R00006,WK,1
R00006,XL,1
R00006,YK,1
R00006,YL,1
R00011,AM,1
R00011,BB,1
R00011,BH,1
R00011,BY,1
R00011,CE,1
R00011,CY,1
R00011,DO,1
R00011,DW,1
R00011,DY,1
R00011,EY,1
R00011,HD,1
R00011,HH,1
R00011,HO,1
R00011,HV,1
R00011,HY,1
R00011,JL,1
R00011,MB,1
R00011,MM,1
R00011,MS,1
R00011,MW,1
R00011,MY,1
R00011,NB,1
R00011,PH,1
R00011,PL,1
R00011,PR,1
R00011,PS,1
R00011,PY,1
R00011,RH,1
R00011,RL,1
R00011,RY,1
R00011,SH,1
R00011,SL,1
R00011,SY,1
R00011,TC,1
R00011,WH,1
R00011,WK,1
R00011,XL,1
R00011,YK,1
R00011,YL,1
R00012,GC,1
R00014,RA,3
R00014,AR,2
R00014,KL,2
R00014,SV,2
R00014,VH,2
R00014,VR,2
R00014,DE,1
R00014,FB,1
R00014,FO,1
R00014,FS,1
R00014,FV,1
R00014,HC,1
R00014,NK,1
R00014,TN,1
R00014,TU,1
R00014,VA,1
R00014,XE,1
R00015,GC,1
R00018,BR,1
R00018,CT,1
R00018,DE,1
R00018,FB,1
R00018,FL,1
R00018,FN,1
R00018,FV,1
R00018,NK,1
R00018,RA,1
R00018,SV,1
R00018,TU,1
R00019,GC,1
R00023,CY,3
R00023,SL,3
R00023,SO,3
R00023,WB,3
R00023,WH,3
R00023,WT,3
R00023,BL,2
R00023,BW,2
R00023,CB,2
R00023,CE,2
R00023,CK,2
R00023,LH,2
R00023,LW,2
R00023,PB,2
R00023,PE,2
R00023,PH,2
R00023,PL,2
R00023,PM,2
R00023,PO,2
R00023,PP,2
R00023,PW,2
R00023,PX,2
R00023,PY,2
R00023,SE,2
R00023,SX,2
R00023,WI,2
R00023,WO,2
R00023,WR,2
R00023,AB,1
R00023,AW,1
R00023,BC,1
R00023,BE,1
R00023,BG,1
R00023,BH,1
R00023,BI,1
R00023,BJ,1
R00023,BK,1
R00023,BM,1
R00023,BO,1
R00023,BP,1
R00023,BS,1
R00023,BU,1
R00023,BV,1
R00023,BX,1
R00023,BY,1
R00023,CA,1
R00023,CS,1
R00023,HB,1
R00023,HG,1
R00023,HH,1
R00023,HP,1
R00023,HY,1
R00023,KH,1
R00023,LA,1
R00023,LG,1
R00023,MC,1
R00023,ME,1
R00023,OC,1
R00023,SB,1
R00023,SN,1
R00023,SP,1
R00023,WC,1
R00023,WD,1
R00023,WM,1
R00023,WP,1
R00023,XH,1
R00023,XL,1
R00027,AH,1
R00027,BH,1
R00027,DB,1
R00027,DS,1
R00027,DT,1
R00027,DW,1
R00027,GD,1
R00027,GH,1
R00027,HA,1
R00027,HD,1
R00027,HH,1
R00027,HL,1
R00027,HM,1
R00027,HO,1
R00027,HT,1
R00027,HU,1
R00027,LY,1
R00027,NH,1
R00027,NP,1
R00027,PH,1
R00027,RH,1
R00027,TP,1
R00027,WH,1
R00027,WK,1
R00027,WY,1
R00027,YA,1
R00027,YG,1
R00027,YL,1
R00027,YM,1
R00028,BL,1
R00028,BW,1
R00028,CE,1
R00028,CS,1
R00028,CY,1
R00028,HP,1
R00028,LG,1
R00028,LH,1
R00028,LW,1
R00028,PB,1
R00028,PE,1
R00028,PH,1
R00028,PL,1
R00028,PM,1
R00028,PO,1
R00028,PP,1
R00028,PW,1
R00028,PX,1
R00028,PY,1
R00028,SL,1
R00028,SO,1
R00028,WB,1
R00028,WH,1
R00028,WO,1
R00028,WP,1
R00028,WR,1
R00028,WT,1
R00029,AB,2
R00029,AC,2
R00029,AM,2
R00029,BP,2
R00029,CN,2
R00029,EM,2
R00029,EY,2
R00029,MI,2
R00029,MM,2
R00029,MO,2
R00029,NM,2
R00029,PN,2
R00029,PR,2
R00029,PS,2
R00029,SY,2
R00029,TC,2
R00029,KP,1
R00029,KS,1
R00029,LN,1
R00031,GW,2
R00031,PC,2
R00031,SN,2
R00031,WP,2
R00031,BB,1
R00031,BL,1
R00031,BW,1
R00031,CZ,1
R00031,LA,1
R00031,LG,1
R00031,LW,1
R00031,MW,1
R00031,RB,1
R00031,RE,1
R00031,RF,1
R00031,RH,1
R00031,RJ,1
R00031,RL,1
R00031,RM,1
R00031,RO,1
R00031,RP,1
R00031,RV,1
R00031,RW,1
R00031,RX,1
R00031,RY,1
R00031,SB,1
R00031,WO,1
R00031,WR,1
R00033,GC,1
R00034,GW,6
R00034,WR,6
R00034,BB,5
R00034,BL,5
R00034,LG,5
R00034,LW,5
R00034,MW,5
R00034,PC,5
R00034,WP,4
R00034,HP,3
R00034,LA,3
R00034,RB,3
R00034,RE,3
R00034,RF,3
R00034,RH,3
R00034,RJ,3
R00034,RL,3
R00034,RM,3
R00034,RO,3
R00034,RP,3
R00034,RV,3
R00034,RW,3
R00034,RX,3
R00034,RY,3
R00034,BW,2
R00034,CZ,2
R00034,LH,2
R00034,PG,2
R00034,PZ,2
R00034,RG,2
R00034,SB,2
R00034,SN,2
R00034,SP,2
R00034,WE,2
R00034,WO,2
R00034,AW,1
R00034,CE,1
R00034,MC,1
R00034,MP,1
R00034,OP,1
R00034,PB,1
R00034,PE,1
R00034,PH,1
R00034,PJ,1
R00034,PL,1
R00034,PM,1
R00034,PO,1
R00034,PP,1
R00034,PV,1
R00034,PW,1
R00034,PX,1
R00034,PY,1
R00038,AM,1
R00038,BB,1
R00038,BH,1
R00038,BY,1
R00038,CE,1
R00038,CY,1
R00038,DO,1
R00038,DW,1
R00038,DY,1
R00038,EY,1
R00038,HD,1
R00038,HH,1
R00038,HO,1
R00038,HV,1
R00038,HY,1
R00038,JL,1
R00038,MB,1
R00038,MM,1
R00038,MS,1
R00038,MW,1
R00038,MY,1
R00038,NB,1
R00038,PH,1
R00038,PL,1
R00038,PR,1
R00038,PS,1
R00038,PY,1
R00038,RH,1
R00038,RL,1
R00038,RY,1
R00038,SH,1
R00038,SL,1
R00038,SY,1
R00038,TC,1
R00038,WH,1
R00038,WK,1
R00038,XL,1
R00038,YK,1
R00038,YL,1
R00040,AB,1
R00040,BC,1
R00040,BE,1
R00040,BG,1
R00040,BH,1
R00040,BI,1
R00040,BJ,1
R00040,BK,1
R00040,BL,1
R00040,BM,1
R00040,BO,1
R00040,BP,1
R00040,BS,1
R00040,BV,1
R00040,BW,1
R00040,BX,1
R00040,BY,1
R00040,CA,1
R00040,CB,1
R00040,CE,1
R00040,CK,1
R00040,CY,1
R00040,HB,1
R00040,HG,1
R00040,HH,1
R00040,HY,1
R00040,KH,1
R00040,LH,1
R00040,ME,1
R00040,PB,1
R00040,PE,1
R00040,PH,1
R00040,PL,1
R00040,PM,1
R00040,PO,1
R00040,PP,1
R00040,PW,1
R00040,PX,1
R00040,PY,1
R00040,SE,1
R00040,SL,1
R00040,SO,1
R00040,SX,1
R00040,WB,1
R00040,WH,1
R00040,WI,1
R00040,WM,1
R00040,WO,1
R00040,WR,1
R00040,WT,1
R00040,XH,1
R00040,XL,1
R00042,CZ,1
R00042,GW,1
R00042,MP,1
R00042,OP,1
R00042,PB,1
R00042,PE,1
R00042,PH,1
R00042,PJ,1
R00042,PL,1
R00042,PM,1
R00042,PO,1
R00042,PP,1
R00042,PV,1
R00042,PW,1
R00042,PX,1
R00042,PY,1
R00042,SP,1
R00042,WR,1
R00044,RA,2
R00044,SV,2
R00044,AR,1
R00044,DE,1
R00044,FO,1
R00044,FS,1
R00044,FV,1
R00044,HC,1
R00044,KL,1
R00044,NK,1
R00044,TU,1
R00044,VA,1
R00044,VH,1
R00044,VR,1
R00044,XE,1
R00045,FD,1
R00045,KI,1
R00045,YI,1
R00046,DE,1
R00046,FV,1
R00046,NK,1
R00046,RA,1
R00046,SV,1
R00052,RA,2
R00052,SV,2
R00052,AR,1
R00052,DE,1
R00052,FO,1
R00052,FS,1
R00052,FV,1
R00052,HC,1
R00052,KL,1
R00052,NK,1
R00052,TU,1
R00052,VA,1
R00052,VH,1
R00052,VR,1
R00052,XE,1
R00056,EJ,3
R00056,EO,3
R00056,EP,3
R00056,EV,3
R00056,EW,3
R00056,EX,3
R00056,LC,3
R00056,LM,3
R00056,MA,3
R00056,TV,3
R00056,EB,2
R00056,ES,2
R00056,SF,2
R00056,WM,2
R00056,BE,1
R00056,BI,1
R00056,BJ,1
R00056,BK,1
R00056,BM,1
R00056,BO,1
R00056,BS,1
R00056,BV,1
R00056,BX,1
R00056,CG,1
R00056,CK,1
R00056,CM,1
R00056,CS,1
R00056,CV,1
R00056,EN,1
R00056,HG,1
R00056,KH,1
R00056,KN,1
R00056,MC,1
R00056,MW,1
R00056,NC,1
R00056,NJ,1
R00056,NV,1
R00056,NW,1
R00056,NX,1
R00056,PE,1
R00056,PG,1
R00056,PM,1
R00056,PO,1
R00056,PP,1
R00056,PX,1
R00056,RE,1
R00056,RJ,1
R00056,RM,1
R00056,RO,1
R00056,RP,1
R00056,RV,1
R00056,RW,1
R00056,RX,1
R00056,SE,1
R00056,SM,1
R00056,SO,1
R00056,SX,1
R00056,TM,1
R00056,TO,1
R00056,WS,1
R00056,XH,1
R00057,BL,4
R00057,LW,4
R00057,WR,4
R00057,CE,3
R00057,HP,3
R00057,WP,3
R00057,BW,2
R00057,GW,2
R00057,LG,2
R00057,PC,2
R00057,SN,2
R00057,WO,2
R00057,BB,1
R00057,CS,1
R00057,CY,1
R00057,CZ,1
R00057,LA,1
R00057,LH,1
R00057,MW,1
R00057,PB,1
R00057,PE,1
R00057,PH,1
R00057,PL,1
R00057,PM,1
R00057,PO,1
R00057,PP,1
R00057,PW,1
R00057,PX,1
R00057,PY,1
R00057,RB,1
R00057,RE,1
R00057,RF,1
R00057,RH,1
R00057,RJ,1
R00057,RL,1
R00057,RM,1
R00057,RO,1
R00057,RP,1
R00057,RV,1
R00057,RW,1
R00057,RX,1
R00057,RY,1
R00057,SB,1
R00057,SL,1
R00057,SO,1
R00057,WB,1
R00057,WH,1
R00057,WT,1
R00058,BJ,1
R00058,CH,1
R00058,CL,1
R00058,EJ,1
R00058,GJ,1
R00058,JG,1
R00058,JK,1
R00058,JO,1
R00058,JP,1
R00058,MJ,1
R00058,NJ,1
R00058,RJ,1
R00058,XJ,1
R00061,DW,4
R00061,HD,4
R00061,HO,4
R00061,HV,4
R00061,YL,4
R00061,BH,3
R00061,DO,3
R00061,HH,3
R00061,MS,3
R00061,MW,3
R00061,NB,3
R00061,PH,3
R00061,PS,3
R00061,RH,3
R00061,SH,3
R00061,TC,3
R00061,WH,3
R00061,WK,3
R00061,YK,3
R00061,AM,2
R00061,BB,2
R00061,BY,2
R00061,CE,2
R00061,CY,2
R00061,DS,2
R00061,DT,2
R00061,DY,2
R00061,EY,2
R00061,GD,2
R00061,HY,2
R00061,JL,2
R00061,MM,2
R00061,PL,2
R00061,PR,2
R00061,PY,2
R00061,RL,2
R00061,RY,2
R00061,SL,2
R00061,SY,2
R00061,XL,2
R00061,AD,1
R00061,BG,1
R00061,BO,1
R00061,CM,1
R00061,CS,1
R00061,DB,1
R00061,DG,1
R00061,DP,1
R00061,ED,1
R00061,EE,1
R00061,EM,1
R00061,EO,1
R00061,GM,1
R00061,KM,1
R00061,LN,1
R00061,LX,1
R00061,MB,1
R00061,MG,1
R00061,MH,1
R00061,MK,1
R00061,MN,1
R00061,MR,1
R00061,MT,1
R00061,MX,1
R00061,MY,1
R00061,OC,1
R00061,PO,1
R00061,RO,1
R00061,SO,1
R00062,DW,3
R00062,HD,3
R00062,HO,3
R00062,HV,3
R00062,YL,3
R00062,AM,2
R00062,BH,2
R00062,DO,2
R00062,HH,2
R00062,MS,2
R00062,MW,2
R00062,NB,2
R00062,PH,2
R00062,PR,2
R00062,PS,2
R00062,RH,2
R00062,SH,2
R00062,TC,2
R00062,WH,2
R00062,WK,2
R00062,YK,2
R00062,AD,1
R00062,BB,1
R00062,BG,1
R00062,BO,1
R00062,BY,1
R00062,CE,1
R00062,CM,1
R00062,CS,1
R00062,CY,1
R00062,DB,1
R00062,DG,1
R00062,DP,1
R00062,DS,1
R00062,DT,1
R00062,DY,1
R00062,ED,1
R00062,EE,1
R00062,EM,1
R00062,EO,1
R00062,EY,1
R00062,GD,1
R00062,GM,1
R00062,HY,1
R00062,JL,1
R00062,KM,1
R00062,LN,1
R00062,LX,1
R00062,MB,1
R00062,MG,1
R00062,MH,1
R00062,MK,1
R00062,MM,1
R00062,MN,1
R00062,MR,1
R00062,MT,1
R00062,MX,1
R00062,MY,1
R00062,OC,1
R00062,PL,1
R00062,PO,1
R00062,PY,1
R00062,RL,1
R00062,RO,1
R00062,RY,1
R00062,SL,1
R00062,SO,1
R00062,SY,1
R00062,XL,1
R00063,AM,3
R00063,PS,3
R00063,DW,2
R00063,GM,2
R00063,HD,2
R00063,HO,2
R00063,HV,2
R00063,MS,2
R00063,PR,2
R00063,YL,2
R00063,AA,1
R00063,AD,1
R00063,AH,1
R00063,AL,1
R00063,AN,1
R00063,AS,1
R00063,AT,1
R00063,AY,1
R00063,BO,1
R00063,CM,1
R00063,CS,1
R00063,EC,1
R00063,ED,1
R00063,EE,1
R00063,EO,1
R00063,ER,1
R00063,GU,1
R00063,HU,1
R00063,KG,1
R00063,KM,1
R00063,KP,1
R00063,KS,1
R00063,KY,1
R00063,LN,1
R00063,MG,1
R00063,MH,1
R00063,MK,1
R00063,MN,1
R00063,MR,1
R00063,MT,1
R00063,MW,1
R00063,MX,1
R00063,OC,1
R00063,PO,1
R00063,RO,1
R00063,SH,1
R00063,SO,1
R00063,TE,1
R00063,TY,1
R00064,EC,4
R00064,EE,4
R00064,ER,4
R00064,GU,4
R00064,HU,4
R00064,KG,4
R00064,KY,4
R00064,TE,4
R00064,TY,4
R00064,AM,3
R00064,AN,3
R00064,AS,3
R00064,KP,3
R00064,KS,3
R00064,LN,3
R00064,AA,2
R00064,AC,2
R00064,AD,2
R00064,AH,2
R00064,AL,2
R00064,AT,2
R00064,AY,2
R00064,ED,2
R00064,KE,2
R00064,EY,1
R00064,GG,1
R00064,GH,1
R00064,GL,1
R00064,GS,1
R00064,GT,1
R00064,NG,1
R00064,NH,1
R00064,NS,1
R00064,NT,1
R00064,PS,1
R00064,WA,1
R00065,BU,1
R00065,BW,1
R00065,CE,1
R00065,SN,1
R00065,SS,1
R00065,WC,1
R00065,WO,1
R00066,EC,5
R00066,KG,5
R00066,KY,5
R00066,TE,5
R00066,TY,5
R00066,EE,4
R00066,ER,4
R00066,GU,4
R00066,HU,4
R00066,AA,3
R00066,AL,3
R00066,AM,3
R00066,AN,3
R00066,AS,3
R00066,AT,3
R00066,AY,3
R00066,KP,3
R00066,KS,3
R00066,LN,3
R00066,AC,2
R00066,AD,2
R00066,AH,2
R00066,ED,2
R00066,EY,2
R00066,GG,2
R00066,GS,2
R00066,GT,2
R00066,KE,2
R00066,NG,2
R00066,NS,2
R00066,NT,2
R00066,BY,1
R00066,CY,1
R00066,DO,1
R00066,DS,1
R00066,DT,1
R00066,DY,1
R00066,GD,1
R00066,GH,1
R00066,GL,1
R00066,HA,1
R00066,HT,1
R00066,HY,1
R00066,NH,1
R00066,PS,1
R00066,PY,1
R00066,RY,1
R00066,WA,1
R00067,BU,1
R00067,BW,1
R00067,CE,1
R00067,SN,1
R00067,SS,1
R00067,WC,1
R00067,WO,1
R00073,EC,8
R00073,KG,8
R00073,TY,8
R00073,AA,6
R00073,TE,6
R00073,GG,5
R00073,GS,5
R00073,KY,5
R00073,NG,5
R00073,NS,5
R00073,AT,4
R00073,DS,4
R00073,EE,4
R00073,ER,4
R00073,GD,4
R00073,GU,4
R00073,HA,4
R00073,HU,4
R00073,AL,3
R00073,AM,3
R00073,AN,3
R00073,AS,3
R00073,AY,3
R00073,GT,3
R00073,HX,3
R00073,KP,3
R00073,KS,3
R00073,LN,3
R00073,MN,3
R00073,NT,3
R00073,VN,3
R00073,YA,3
R00073,YG,3
R00073,YI,3
R00073,YM,3
R00073,YN,3
R00073,YS,3
R00073,AC,2
R00073,AD,2
R00073,AH,2
R00073,DA,2
R00073,DO,2
R00073,DT,2
R00073,ED,2
R00073,EG,2
R00073,EY,2
R00073,GN,2
R00073,HT,2
R00073,KE,2
R00073,KI,2
R00073,BY,1
R00073,CY,1
R00073,DY,1
R00073,GH,1
R00073,GL,1
R00073,HY,1
R00073,MT,1
R00073,NH,1
R00073,PS,1
R00073,PY,1
R00073,RY,1
R00073,VT,1
R00073,WA,1
R00073,YT,1
R00075,EL,1
R00075,SQ,1
R00077,CK,2
R00077,MC,2
R00077,OC,2
R00077,SE,2
R00077,SO,2
R00077,SX,2
R00077,AC,1
R00077,AM,1
R00077,AS,1
R00077,AW,1
R00077,BE,1
R00077,BK,1
R00077,BM,1
R00077,BO,1
R00077,BS,1
R00077,BU,1
R00077,BX,1
R00077,CB,1
R00077,CG,1
R00077,CL,1
R00077,CM,1
R00077,CS,1
R00077,CU,1
R00077,CY,1
R00077,EM,1
R00077,EO,1
R00077,EP,1
R00077,EW,1
R00077,EX,1
R00077,GM,1
R00077,HD,1
R00077,HG,1
R00077,HM,1
R00077,HO,1
R00077,KH,1
R00077,KM,1
R00077,KN,1
R00077,LA,1
R00077,LM,1
R00077,LW,1
R00077,LY,1
R00077,MA,1
R00077,MG,1
R00077,MH,1
R00077,MJ,1
R00077,MK,1
R00077,MN,1
R00077,MP,1
R00077,MR,1
R00077,MS,1
R00077,MT,1
R00077,MW,1
R00077,MX,1
R00077,NN,1
R00077,NO,1
R00077,NR,1
R00077,NW,1
R00077,NX,1
R00077,OP,1
R00077,PE,1
R00077,PG,1
R00077,PM,1
R00077,PO,1
R00077,PP,1
R00077,PR,1
R00077,PS,1
R00077,PX,1
R00077,RE,1
R00077,RM,1
R00077,RO,1
R00077,RP,1
R00077,RW,1
R00077,RX,1
R00077,SB,1
R00077,SK,1
R00077,SL,1
R00077,SN,1
R00077,SP,1
R00077,TM,1
R00077,TO,1
R00077,TP,1
R00077,WB,1
R00077,WC,1
R00077,WD,1
R00077,WH,1
R00077,WI,1
R00077,WS,1
R00077,WT,1
R00077,XH,1
R00077,YL,1
R00078,AH,1
R00078,BH,1
R00078,DB,1
R00078,DS,1
R00078,DT,1
R00078,DW,1
R00078,GD,1
R00078,GH,1
R00078,HA,1
R00078,HD,1
R00078,HH,1
R00078,HL,1
R00078,HM,1
R00078,HO,1
R00078,HT,1
R00078,HU,1
R00078,LY,1
R00078,NH,1
R00078,NP,1
R00078,PH,1
R00078,RH,1
R00078,TP,1
R00078,WH,1
R00078,WK,1
R00078,WY,1
R00078,YA,1
R00078,YG,1
R00078,YL,1
R00078,YM,1
R00082,HU,7
R00082,AH,5
R00082,EC,5
R00082,EE,5
R00082,KG,5
R00082,KY,5
R00082,TE,5
R00082,TY,5
R00082,ER,4
R00082,GH,4
R00082,GU,4
R00082,NH,4
R00082,AA,3
R00082,AL,3
R00082,AM,3
R00082,AN,3
R00082,AS,3
R00082,AT,3
R00082,AY,3
R00082,BH,3
R00082,DS,3
R00082,DT,3
R00082,GD,3
R00082,HA,3
R00082,HD,3
R00082,HH,3
R00082,HT,3
R00082,KP,3
R00082,KS,3
R00082,LN,3
R00082,PH,3
R00082,RH,3
R00082,WH,3
R00082,YL,3
R00082,AC,2
R00082,AD,2
R00082,DB,2
R00082,DW,2
R00082,ED,2
R00082,EY,2
R00082,GG,2
R00082,GS,2
R00082,GT,2
R00082,HL,2
R00082,HM,2
R00082,HO,2
R00082,KE,2
R00082,LY,2
R00082,NG,2
R00082,NP,2
R00082,NS,2
R00082,NT,2
R00082,TP,2
R00082,WK,2
R00082,WY,2
R00082,YA,2
R00082,YG,2
R00082,YM,2
R00082,BY,1
R00082,CY,1
R00082,DO,1
R00082,DY,1
R00082,GL,1
R00082,HY,1
R00082,PL,1
R00082,PS,1
R00082,PY,1
R00082,RL,1
R00082,RY,1
R00082,SL,1
R00082,SY,1
R00082,WA,1
R00082,XL,1
R00085,BL,1
R00085,BW,1
R00085,CE,1
R00085,CS,1
R00085,CY,1
R00085,HP,1
R00085,LG,1
R00085,LH,1
R00085,LW,1
R00085,PB,1
R00085,PE,1
R00085,PH,1
R00085,PL,1
R00085,PM,1
R00085,PO,1
R00085,PP,1
R00085,PW,1
R00085,PX,1
R00085,PY,1
R00085,SL,1
R00085,SO,1
R00085,WB,1
R00085,WH,1
R00085,WO,1
R00085,WP,1
R00085,WR,1
R00085,WT,1
R00089,BL,6
R00089,HP,6
R00089,LW,6
R00089,WR,6
R00089,LG,4
R00089,BB,3
R00089,CE,3
R00089,GW,3
R00089,LH,3
R00089,MW,3
R00089,PC,3
R00089,WP,3
R00089,LA,2
R00089,PG,2
R00089,PZ,2
R00089,RG,2
R00089,WE,2
R00089,BW,1
R00089,CS,1
R00089,CY,1
R00089,PB,1
R00089,PE,1
R00089,PH,1
R00089,PL,1
R00089,PM,1
R00089,PO,1
R00089,PP,1
R00089,PW,1
R00089,PX,1
R00089,PY,1
R00089,RB,1
R00089,RE,1
R00089,RF,1
R00089,RH,1
R00089,RJ,1
R00089,RL,1
R00089,RM,1
R00089,RO,1
R00089,RP,1
R00089,RV,1
R00089,RW,1
R00089,RX,1
R00089,RY,1
R00089,SL,1
R00089,SO,1
R00089,WB,1
R00089,WH,1
R00089,WO,1
R00089,WT,1
R00090,BE,1
R00090,CG,1
R00090,GB,1
R00090,GJ,1
R00090,GP,1
R00090,GV,1
R00090,GX,1
R00090,GY,1
R00090,HG,1
R00090,LM,1
R00090,MG,1
R00090,PE,1
R00090,PG,1
R00090,RE,1
R00090,SE,1
R00090,TC,1
R00090,WG,1
R00090,WS,1
R00094,EC,4
R00094,KG,4
R00094,KY,4
R00094,TE,4
R00094,TY,4
R00094,AA,3
R00094,AL,3
R00094,AT,3
R00094,AY,3
R00094,EE,3
R00094,ER,3
R00094,GU,3
R00094,HU,3
R00094,AD,2
R00094,AH,2
R00094,AM,2
R00094,AN,2
R00094,AS,2
R00094,ED,2
R00094,EY,2
R00094,GG,2
R00094,GS,2
R00094,GT,2
R00094,KP,2
R00094,KS,2
R00094,LN,2
R00094,NG,2
R00094,NS,2
R00094,NT,2
R00094,AC,1
R00094,BY,1
R00094,CY,1
R00094,DO,1
R00094,DS,1
R00094,DT,1
R00094,DY,1
R00094,GD,1
R00094,GH,1
R00094,GL,1
R00094,HA,1
R00094,HT,1
R00094,HY,1
R00094,KE,1
R00094,NH,1
R00094,PS,1
R00094,PY,1
R00094,RY,1
R00094,WA,1
R00100,BE,1
R00100,CG,1
R00100,GB,1
R00100,GJ,1
R00100,GP,1
R00100,GV,1
R00100,GX,1
R00100,GY,1
R00100,HG,1
R00100,LM,1
R00100,MG,1
R00100,PE,1
R00100,PG,1
R00100,RE,1
R00100,SE,1
R00100,TC,1
R00100,WG,1
R00100,WS,1
R00102,LM,4
R00102,EJ,3
R00102,EO,3
R00102,EP,3
R00102,EV,3
R00102,EW,3
R00102,EX,3
R00102,LC,3
R00102,MA,3
R00102,TV,3
R00102,BE,2
R00102,CG,2
R00102,EB,2
R00102,ES,2
R00102,HG,2
R00102,PE,2
R00102,PG,2
R00102,RE,2
R00102,SE,2
R00102,SF,2
R00102,WM,2
R00102,WS,2
R00102,BI,1
R00102,BJ,1
R00102,BK,1
R00102,BM,1
R00102,BO,1
R00102,BS,1
R00102,BV,1
R00102,BX,1
R00102,CK,1
R00102,CM,1
R00102,CS,1
R00102,CV,1
R00102,EN,1
R00102,GB,1
R00102,GJ,1
R00102,GP,1
R00102,GV,1
R00102,GX,1
R00102,GY,1
R00102,KH,1
R00102,KN,1
R00102,MC,1
R00102,MG,1
R00102,MW,1
R00102,NC,1
R00102,NJ,1
R00102,NV,1
R00102,NW,1
R00102,NX,1
R00102,PM,1
R00102,PO,1
R00102,PP,1
R00102,PX,1
R00102,RJ,1
R00102,RM,1
R00102,RO,1
R00102,RP,1
R00102,RV,1
R00102,RW,1
R00102,RX,1
R00102,SM,1
R00102,SO,1
R00102,SX,1
R00102,TC,1
R00102,TM,1
R00102,TO,1
R00102,WG,1
R00102,XH,1
R00104,EB,4
R00104,EJ,4
R00104,EO,4
R00104,EP,4
R00104,ES,4
R00104,EV,4
R00104,EW,4
R00104,EX,4
R00104,LC,4
R00104,LM,4
R00104,MA,4
R00104,SF,4
R00104,TV,4
R00104,WM,4
R00104,SM,3
R00104,BI,2
R00104,TL,2
R00104,EN,1
R00105,BB,1
R00105,BL,1
R00105,GW,1
R00105,HP,1
R00105,LA,1
R00105,LG,1
R00105,LH,1
R00105,LW,1
R00105,MW,1
R00105,PC,1
R00105,PG,1
R00105,PZ,1
R00105,RG,1
R00105,WE,1
R00105,WP,1
R00105,WR,1
R00106,AG,1
R00106,FW,1
R00106,GK,1
R00106,GO,1
R00106,SR,1
R00106,WN,1
R00109,AA,2
R00109,AD,2
R00109,AH,2
R00109,AL,2
R00109,AT,2
R00109,AY,2
R00109,EC,2
R00109,EE,2
R00109,ER,2
R00109,GU,2
R00109,HU,2
R00109,KG,2
R00109,KY,2
R00109,LN,2
R00109,TE,2
R00109,TY,2
R00110,BK,1
R00110,CK,1
R00110,CP,1
R00110,CU,1
R00110,DB,1
R00110,DH,1
R00110,DP,1
R00110,DW,1
R00110,EP,1
R00110,GP,1
R00110,JK,1
R00110,JP,1
R00110,KH,1
R00110,KM,1
R00110,KN,1
R00110,KW,1
R00110,NP,1
R00110,PP,1
R00110,PR,1
R00110,RP,1
R00110,XP,1
R00110,XV,1
R00110,XW,1
R00111,AM,1
R00111,BB,1
R00111,BH,1
R00111,BY,1
R00111,CE,1
R00111,CY,1
R00111,DO,1
R00111,DW,1
R00111,DY,1
R00111,EY,1
R00111,HD,1
R00111,HH,1
R00111,HO,1
R00111,HV,1
R00111,HY,1
R00111,JL,1
R00111,MB,1
R00111,MM,1
R00111,MS,1
R00111,MW,1
R00111,MY,1
R00111,NB,1
R00111,PH,1
R00111,PL,1
R00111,PR,1
R00111,PS,1
R00111,PY,1
R00111,RH,1
R00111,RL,1
R00111,RY,1
R00111,SH,1
R00111,SL,1
R00111,SY,1
R00111,TC,1
R00111,WH,1
R00111,WK,1
R00111,XL,1
R00111,YK,1
R00111,YL,1
R00112,BE,1
R00112,BK,1
R00112,BM,1
R00112,BS,1
R00112,BX,1
R00112,CG,1
R00112,CK,1
R00112,CM,1
R00112,CS,1
R00112,CU,1
R00112,DB,1
R00112,DW,1
R00112,EP,1
R00112,EW,1
R00112,EX,1
R00112,GM,1
R00112,HG,1
R00112,HM,1
R00112,JG,1
R00112,JO,1
R00112,KH,1
R00112,KM,1
R00112,KN,1
R00112,LM,1
R00112,LY,1
R00112,MA,1
R00112,MB,1
R00112,MC,1
R00112,MG,1
R00112,MH,1
R00112,MJ,1
R00112,MN,1
R00112,MP,1
R00112,MR,1
R00112,MS,1
R00112,MT,1
R00112,MW,1
R00112,MX,1
R00112,NN,1
R00112,NO,1
R00112,NR,1
R00112,NW,1
R00112,NX,1
R00112,PE,1
R00112,PG,1
R00112,PM,1
R00112,PP,1
R00112,PR,1
R00112,PS,1
R00112,PX,1
R00112,RE,1
R00112,RM,1
R00112,RP,1
R00112,RW,1
R00112,RX,1
R00112,SE,1
R00112,SX,1
R00112,TM,1
R00112,TP,1
R00112,WS,1
R00112,XH,1
R00113,AA,2
R00113,AD,2
R00113,AH,2
R00113,AL,2
R00113,AT,2
R00113,AY,2
R00113,EC,2
R00113,EE,2
R00113,ER,2
R00113,GU,2
R00113,HU,2
R00113,KG,2
R00113,KY,2
R00113,LN,2
R00113,TE,2
R00113,TY,2
R00114,LM,4
R00114,EJ,3
R00114,EO,3
R00114,EP,3
R00114,EV,3
R00114,EW,3
R00114,EX,3
R00114,LC,3
R00114,MA,3
R00114,TV,3
R00114,BE,2
R00114,CG,2
R00114,EB,2
R00114,ES,2
R00114,HG,2
R00114,PE,2
R00114,PG,2
R00114,RE,2
R00114,SE,2
R00114,SF,2
R00114,WM,2
R00114,WS,2
R00114,BI,1
R00114,BJ,1
R00114,BK,1
R00114,BM,1
R00114,BO,1
R00114,BS,1
R00114,BV,1
R00114,BX,1
R00114,CK,1
R00114,CM,1
R00114,CS,1
R00114,CV,1
R00114,EN,1
R00114,GB,1
R00114,GJ,1
R00114,GP,1
R00114,GV,1
R00114,GX,1
R00114,GY,1
R00114,KH,1
R00114,KN,1
R00114,MC,1
R00114,MG,1
R00114,MW,1
R00114,NC,1
R00114,NJ,1
R00114,NV,1
R00114,NW,1
R00114,NX,1
R00114,PM,1
R00114,PO,1
R00114,PP,1
R00114,PX,1
R00114,RJ,1
R00114,RM,1
R00114,RO,1
R00114,RP,1
R00114,RV,1
R00114,RW,1
R00114,RX,1
R00114,SM,1
R00114,SO,1
R00114,SX,1
R00114,TC,1
R00114,TM,1
R00114,TO,1
R00114,WG,1
R00114,XH,1
R00117,AA,2
R00117,AD,2
R00117,AH,2
R00117,AL,2
R00117,AT,2
R00117,AY,2
R00117,EC,2
R00117,EE,2
R00117,ER,2
R00117,GU,2
R00117,HU,2
R00117,KG,2
R00117,KY,2
R00117,LN,2
R00117,TE,2
R00117,TY,2
R00119,DH,4
R00119,DP,4
R00119,NP,4
R00119,BK,2
R00119,CK,2
R00119,CP,2
R00119,CU,2
R00119,DW,2
R00119,EP,2
R00119,GP,2
R00119,JK,2
R00119,JP,2
R00119,KH,2
R00119,KM,2
R00119,KN,2
R00119,KW,2
R00119,PP,2
R00119,RP,2
R00119,XP,2
R00119,DB,1
R00119,MH,1
R00119,NN,1
R00119,PR,1
R00119,XV,1
R00119,XW,1
R00121,DH,4
R00121,DP,4
R00121,NP,4
R00121,BK,2
R00121,CK,2
R00121,CP,2
R00121,CU,2
R00121,DW,2
R00121,EP,2
R00121,GP,2
R00121,JK,2
R00121,JP,2
R00121,KH,2
R00121,KM,2
R00121,KN,2
R00121,KW,2
R00121,PP,2
R00121,RP,2
R00121,XP,2
R00121,DB,1
R00121,MH,1
R00121,NN,1
R00121,PR,1
R00121,XV,1
R00121,XW,1
R00122,DE,1
R00122,FV,1
R00122,NK,1
R00122,RA,1
R00122,SV,1
R00124,BB,2
R00124,BL,2
R00124,GW,2
R00124,HP,2
R00124,LA,2
R00124,LG,2
R00124,LH,2
R00124,LW,2
R00124,MW,2
R00124,PC,2
R00124,PG,2
R00124,PZ,2
R00124,RG,2
R00124,WE,2
R00124,WP,2
R00124,WR,2
R00125,RA,3
R00125,AR,2
R00125,KL,2
R00125,SV,2
R00125,VH,2
R00125,VR,2
R00125,DE,1
R00125,FB,1
R00125,FO,1
R00125,FS,1
R00125,FV,1
R00125,HC,1
R00125,NK,1
R00125,TN,1
R00125,TU,1
R00125,VA,1
R00125,XE,1
R00128,AC,1
R00128,AM,1
R00128,AN,1
R00128,AS,1
R00128,EC,1
R00128,EE,1
R00128,ER,1
R00128,GU,1
R00128,HU,1
R00128,KE,1
R00128,KG,1
R00128,KP,1
R00128,KS,1
R00128,KY,1
R00128,LN,1
R00128,TE,1
R00128,TY,1
R00128,WA,1
R00129,AC,2
R00129,AM,2
R00129,AN,2
R00129,AS,2
R00129,EC,2
R00129,EE,2
R00129,ER,2
R00129,GU,2
R00129,HU,2
R00129,KE,2
R00129,KG,2
R00129,KP,2
R00129,KS,2
R00129,KY,2
R00129,LN,2
R00129,TE,2
R00129,TY,2
R00129,WA,1
R00130,BE,2
R00130,CG,2
R00130,HG,2
R00130,LM,2
R00130,MG,2
R00130,PE,2
R00130,PG,2
R00130,RE,2
R00130,SE,2
R00130,WS,2
R00130,BK,1
R00130,BM,1
R00130,BS,1
R00130,BX,1
R00130,CK,1
R00130,CM,1
R00130,CS,1
R00130,CU,1
R00130,DB,1
R00130,DW,1
R00130,EP,1
R00130,EW,1
R00130,EX,1
R00130,GB,1
R00130,GJ,1
R00130,GM,1
R00130,GP,1
R00130,GV,1
R00130,GX,1
R00130,GY,1
R00130,HM,1
R00130,JG,1
R00130,JO,1
R00130,KH,1
R00130,KM,1
R00130,KN,1
R00130,LY,1
R00130,MA,1
R00130,MB,1
R00130,MC,1
R00130,MH,1
R00130,MJ,1
R00130,MN,1
R00130,MP,1
R00130,MR,1
R00130,MS,1
R00130,MT,1
R00130,MW,1
R00130,MX,1
R00130,NN,1
R00130,NO,1
R00130,NR,1
R00130,NW,1
R00130,NX,1
R00130,PM,1
R00130,PP,1
R00130,PR,1
R00130,PS,1
R00130,PX,1
R00130,RM,1
R00130,RP,1
R00130,RW,1
R00130,RX,1
R00130,SX,1
R00130,TC,1
R00130,TM,1
R00130,TP,1
R00130,WG,1
R00130,XH,1
R00131,EB,1
R00131,EJ,1
R00131,EN,1
R00131,EO,1
R00131,EP,1
R00131,ES,1
R00131,EV,1
R00131,EW,1
R00131,EX,1
R00131,LC,1
R00131,LM,1
R00131,MA,1
R00131,SF,1
R00131,TV,1
R00131,WM,1
R00137,TS,1
R00137,UP,1
R00156,AB,1
R00156,AC,1
R00156,AM,1
R00156,BG,1
R00156,BH,1
R00156,BP,1
R00156,BY,1
R00156,CN,1
R00156,CY,1
R00156,EM,1
R00156,EY,1
R00156,HH,1
R00156,HY,1
R00156,MI,1
R00156,MM,1
R00156,NM,1
R00156,PH,1
R00156,PL,1
R00156,PN,1
R00156,PR,1
R00156,PS,1
R00156,PY,1
R00156,RH,1
R00156,RL,1
R00156,RY,1
R00156,SL,1
R00156,SY,1
R00156,TC,1
R00156,WH,1
R00156,XL,1
R00162,GA,1
R00162,IP,1
R00165,AA,1
R00165,AD,1
R00165,AH,1
R00165,AL,1
R00165,AT,1
R00165,AY,1
R00165,EC,1
R00165,EE,1
R00165,ER,1
R00165,GU,1
R00165,HU,1
R00165,KG,1
R00165,KY,1
R00165,LN,1
R00165,TE,1
R00165,TY,1
R00179,AG,1
R00179,FW,1
R00179,GK,1
R00179,GO,1
R00179,SR,1
R00179,WN,1
R00187,AB,2
R00187,AC,2
R00187,AM,2
R00187,BP,2
R00187,CN,2
R00187,EM,2
R00187,EY,2
R00187,MI,2
R00187,MM,2
R00187,MO,2
R00187,NM,2
R00187,PN,2
R00187,PR,2
R00187,PS,2
R00187,SY,2
R00187,TC,2
R00187,KP,1
R00187,KS,1
R00187,LN,1
R00189,AB,1
R00189,AC,1
R00189,AM,1
R00189,BG,1
R00189,BH,1
R00189,BP,1
R00189,BY,1
R00189,CN,1
R00189,CY,1
R00189,EM,1
R00189,EY,1
R00189,HH,1
R00189,HY,1
R00189,MI,1
R00189,MM,1
R00189,NM,1
R00189,PH,1
R00189,PL,1
R00189,PN,1
R00189,PR,1
R00189,PS,1
R00189,PY,1
R00189,RH,1
R00189,RL,1
R00189,RY,1
R00189,SL,1
R00189,SY,1
R00189,TC,1
R00189,WH,1
R00189,XL,1
R00193,BM,1
R00193,DB,1
R00193,DP,1
R00193,GM,1
R00193,HM,1
R00193,LY,1
R00193,MK,1
R00193,MN,1
R00193,MP,1
R00193,MT,1
R00193,NP,1
R00193,PM,1
R00193,RM,1
R00193,TM,1
R00193,VK,1
R00193,VN,1
R00193,VT,1
R00199,LB,1
R00199,LF,1
R00199,LP,1
R00199,SC,1
R00199,SD,1
R00199,VB,1
R00199,XB,1
R00199,XC,1
R00199,XE,1
R00206,BK,2
R00206,CK,2
R00206,CU,2
R00206,DB,2
R00206,DW,2
R00206,EP,2
R00206,KH,2
R00206,KM,2
R00206,KN,2
R00206,PP,2
R00206,PR,2
R00206,RP,2
R00206,BE,1
R00206,BM,1
R00206,BS,1
R00206,BX,1
R00206,CG,1
R00206,CM,1
R00206,CP,1
R00206,CS,1
R00206,DH,1
R00206,DP,1
R00206,EW,1
R00206,EX,1
R00206,GM,1
R00206,GP,1
R00206,HG,1
R00206,HM,1
R00206,JG,1
R00206,JK,1
R00206,JO,1
R00206,JP,1
R00206,KW,1
R00206,LM,1
R00206,LY,1
R00206,MA,1
R00206,MB,1
R00206,MC,1
R00206,MG,1
R00206,MH,1
R00206,MJ,1
R00206,MN,1
R00206,MP,1
R00206,MR,1
R00206,MS,1
R00206,MT,1
R00206,MW,1
R00206,MX,1
R00206,NN,1
R00206,NO,1
R00206,NP,1
R00206,NR,1
R00206,NW,1
R00206,NX,1
R00206,PE,1
R00206,PG,1
R00206,PM,1
R00206,PS,1
R00206,PX,1
R00206,RE,1
R00206,RM,1
R00206,RW,1
R00206,RX,1
R00206,SE,1
R00206,SX,1
R00206,TM,1
R00206,TP,1
R00206,WS,1
R00206,XH,1
R00206,XP,1
R00206,XV,1
R00206,XW,1
R00207,EA,7
R00207,AB,5
R00207,AC,5
R00207,AM,5
R00207,AN,5
R00207,AP,5
R00207,AS,5
R00207,PI,4
R00207,CO,2
R00212,BR,1
R00212,CT,1
R00212,DE,1
R00212,FB,1
R00212,FL,1
R00212,FN,1
R00212,FV,1
R00212,NK,1
R00212,RA,1
R00212,SV,1
R00212,TU,1
R00217,AC,1
R00217,AM,1
R00217,AN,1
R00217,AS,1
R00217,EC,1
R00217,EE,1
R00217,ER,1
R00217,GU,1
R00217,HU,1
R00217,KE,1
R00217,KG,1
R00217,KP,1
R00217,KS,1
R00217,KY,1
R00217,LB,1
R00217,LF,1
R00217,LN,1
R00217,LP,1
R00217,SC,1
R00217,SD,1
R00217,TE,1
R00217,TY,1
R00217,VB,1
R00217,WA,1
R00217,XB,1
R00217,XC,1
R00217,XE,1
R00220,AA,1
R00220,AD,1
R00220,AH,1
R00220,AL,1
R00220,AM,1
R00220,AN,1
R00220,AS,1
R00220,AT,1
R00220,AY,1
R00220,EC,1
R00220,ED,1
R00220,EE,1
R00220,ER,1
R00220,GU,1
R00220,HU,1
R00220,KG,1
R00220,KP,1
R00220,KS,1
R00220,KY,1
R00220,LN,1
R00220,PS,1
R00220,TE,1
R00220,TY,1
R00221,AF,2
R00221,FH,2
R00221,RA,2
R00221,FA,1
R00221,FC,1
R00221,FO,1
R00221,FS,1
R00221,FT,1
R00221,FV,1
R00221,KL,1
R00221,TU,1
R00221,VA,1
R00221,VB,1
R00221,VH,1
R00221,VR,1
R00228,BB,2
R00228,BH,2
R00228,BY,2
R00228,CE,2
R00228,CY,2
R00228,DO,2
R00228,DW,2
R00228,DY,2
R00228,EY,2
R00228,HD,2
R00228,HH,2
R00228,HO,2
R00228,HV,2
R00228,HY,2
R00228,JL,2
R00228,MM,2
R00228,MS,2
R00228,MW,2
R00228,NB,2
R00228,PH,2
R00228,PL,2
R00228,PS,2
R00228,PY,2
R00228,RH,2
R00228,RL,2
R00228,RY,2
R00228,SH,2
R00228,SL,2
R00228,SY,2
R00228,TC,2
R00228,WH,2
R00228,WK,2
R00228,XL,2
R00228,YK,2
R00228,YL,2
R00228,AM,1
R00228,DS,1
R00228,DT,1
R00228,GD,1
R00228,MB,1
R00228,MY,1
R00228,PR,1
R00231,BM,1
R00231,DB,1
R00231,DP,1
R00231,GM,1
R00231,HM,1
R00231,LY,1
R00231,MK,1
R00231,MN,1
R00231,MP,1
R00231,MT,1
R00231,NP,1
R00231,PM,1
R00231,RM,1
R00231,TM,1
R00231,VK,1
R00231,VN,1
R00231,VT,1
R00238,LB,2
R00238,VB,2
R00238,XB,2
R00238,XC,2
R00238,XE,2
R00238,CW,1
R00238,LF,1
R00238,LP,1
R00238,SC,1
R00238,SD,1
R00239,LB,2
R00239,VB,2
R00239,XB,2
R00239,XC,2
R00239,XE,2
R00239,CW,1
R00239,LF,1
R00239,LP,1
R00239,SC,1
R00239,SD,1
R00248,LB,1
R00248,LF,1
R00248,LP,1
R00248,SC,1
R00248,SD,1
R00248,VB,1
R00248,XB,1
R00248,XC,1
R00248,XE,1
R00249,DP,2
R00249,NP,2
R00249,BK,1
R00249,CK,1
R00249,CP,1
R00249,CU,1
R00249,DH,1
R00249,DW,1
R00249,EP,1
R00249,GP,1
R00249,JK,1
R00249,JP,1
R00249,KH,1
R00249,KM,1
R00249,KN,1
R00249,KW,1
R00249,MH,1
R00249,MP,1
R00249,NN,1
R00249,PP,1
R00249,RP,1
R00249,XP,1
R00253,LB,3
R00253,VB,3
R00253,XB,3
R00253,XC,3
R00253,XE,3
R00253,CW,1
R00253,LF,1
R00253,LP,1
R00253,SC,1
R00253,SD,1
R00254,DE,1
R00254,FV,1
R00254,NK,1
R00254,RA,1
R00254,SV,1
R00256,RA,3
R00256,AR,2
R00256,KL,2
R00256,SV,2
R00256,VH,2
R00256,VR,2
R00256,DE,1
R00256,FB,1
R00256,FO,1
R00256,FS,1
R00256,FV,1
R00256,HC,1
R00256,NK,1
R00256,TN,1
R00256,TU,1
R00256,VA,1
R00256,XE,1
R00258,OV,1
R00260,AM,1
R00260,BB,1
R00260,BH,1
R00260,BY,1
R00260,CE,1
R00260,CY,1
R00260,DO,1
R00260,DW,1
R00260,DY,1
R00260,EY,1
R00260,HD,1
R00260,HH,1
R00260,HO,1
R00260,HV,1
R00260,HY,1
R00260,JL,1
R00260,MB,1
R00260,MM,1
R00260,MS,1
R00260,MW,1
R00260,MY,1
R00260,NB,1
R00260,PH,1
R00260,PL,1
R00260,PR,1
R00260,PS,1
R00260,PY,1
R00260,RH,1
R00260,RL,1
R00260,RY,1
R00260,SH,1
R00260,SL,1
R00260,SY,1
R00260,TC,1
R00260,WH,1
R00260,WK,1
R00260,XL,1
R00260,YK,1
R00260,YL,1
R00262,CW,1
R00262,LB,1
R00262,VB,1
R00262,XB,1
R00262,XC,1
R00262,XE,1
R00265,LB,2
R00265,VB,2
R00265,XB,2
R00265,XC,2
R00265,XE,2
R00265,CW,1
R00265,LF,1
R00265,LP,1
R00265,SC,1
R00265,SD,1
R00271,AC,2
R00271,AM,2
R00271,AN,2
R00271,AS,2
R00271,EC,2
R00271,EE,2
R00271,ER,2
R00271,GU,2
R00271,HU,2
R00271,KE,2
R00271,KG,2
R00271,KP,2
R00271,KS,2
R00271,KY,2
R00271,LB,2
R00271,LN,2
R00271,TE,2
R00271,TY,2
R00271,VB,2
R00271,XB,2
R00271,XC,2
R00271,XE,2
R00271,LF,1
R00271,LP,1
R00271,SC,1
R00271,SD,1
R00271,WA,1
R00277,DP,2
R00277,NP,2
R00277,BK,1
R00277,CK,1
R00277,CP,1
R00277,CU,1
R00277,DH,1
R00277,DW,1
R00277,EP,1
R00277,GP,1
R00277,JK,1
R00277,JP,1
R00277,KH,1
R00277,KM,1
R00277,KN,1
R00277,KW,1
R00277,MH,1
R00277,MP,1
R00277,NN,1
R00277,PP,1
R00277,RP,1
R00277,XP,1
R00280,AW,1
R00280,BU,1
R00280,CB,1
R00280,CK,1
R00280,CY,1
R00280,LA,1
R00280,LW,1
R00280,MC,1
R00280,OC,1
R00280,SB,1
R00280,SE,1
R00280,SL,1
R00280,SN,1
R00280,SO,1
R00280,SP,1
R00280,SX,1
R00280,WB,1
R00280,WC,1
R00280,WD,1
R00280,WH,1
R00280,WI,1
R00280,WT,1
R00283,PE,4
R00283,PM,4
R00283,PO,4
R00283,PP,4
R00283,PX,4
R00283,MP,3
R00283,OP,3
R00283,PB,3
R00283,PH,3
R00283,PL,3
R00283,PW,3
R00283,PY,3
R00283,WR,3
R00283,BE,2
R00283,BK,2
R00283,BM,2
R00283,BO,2
R00283,BS,2
R00283,BX,2
R00283,CK,2
R00283,CZ,2
R00283,GW,2
R00283,HG,2
R00283,KH,2
R00283,PJ,2
R00283,PV,2
R00283,SE,2
R00283,SO,2
R00283,SP,2
R00283,SX,2
R00283,XH,2
R00283,AB,1
R00283,AC,1
R00283,AM,1
R00283,AS,1
R00283,BC,1
R00283,BG,1
R00283,BH,1
R00283,BI,1
R00283,BJ,1
R00283,BL,1
R00283,BP,1
R00283,BV,1
R00283,BW,1
R00283,BY,1
R00283,CA,1
R00283,CB,1
R00283,CE,1
R00283,CG,1
R00283,CL,1
R00283,CM,1
R00283,CS,1
R00283,CU,1
R00283,CY,1
R00283,EM,1
R00283,EO,1
R00283,EP,1
R00283,EW,1
R00283,EX,1
R00283,GM,1
R00283,HB,1
R00283,HD,1
R00283,HH,1
R00283,HM,1
R00283,HO,1
R00283,HY,1
R00283,KM,1
R00283,KN,1
R00283,LH,1
R00283,LM,1
R00283,LY,1
R00283,MA,1
R00283,MC,1
R00283,ME,1
R00283,MG,1
R00283,MH,1
R00283,MJ,1
R00283,MK,1
R00283,MN,1
R00283,MR,1
R00283,MS,1
R00283,MT,1
R00283,MW,1
R00283,MX,1
R00283,NN,1
R00283,NO,1
R00283,NR,1
R00283,NW,1
R00283,NX,1
R00283,OC,1
R00283,PG,1
R00283,PR,1
R00283,PS,1
R00283,RE,1
R00283,RM,1
R00283,RO,1
R00283,RP,1
R00283,RW,1
R00283,RX,1
R00283,SK,1
R00283,SL,1
R00283,TM,1
R00283,TO,1
R00283,TP,1
R00283,WB,1
R00283,WH,1
R00283,WI,1
R00283,WM,1
R00283,WO,1
R00283,WS,1
R00283,WT,1
R00283,XL,1
R00283,YL,1
R00284,BM,1
R00284,DB,1
R00284,DP,1
R00284,GM,1
R00284,HM,1
R00284,LY,1
R00284,MK,1
R00284,MN,1
R00284,MP,1
R00284,MT,1
R00284,NP,1
R00284,PM,1
R00284,RM,1
R00284,TM,1
R00284,VK,1
R00284,VN,1
R00284,VT,1
R00286,BB,1
R00286,CS,1
R00286,GC,1
R00286,MW,1
R00286,PG,1
R00286,RB,1
R00286,RE,1
R00286,RF,1
R00286,RH,1
R00286,RJ,1
R00286,RL,1
R00286,RM,1
R00286,RO,1
R00286,RP,1
R00286,RV,1
R00286,RW,1
R00286,RX,1
R00286,RY,1
R00286,SM,1
R00286,WM,1
R00286,XB,1
R00286,XS,1
R00287,EG,1
R00287,FD,1
R00287,FW,1
R00287,GD,1
R00287,GF,1
R00287,GG,1
R00287,GO,1
R00287,KG,1
R00287,NG,1
R00287,SG,1
R00287,SR,1
R00287,WN,1
R00287,YG,1
R00289,AG,1
R00289,FW,1
R00289,GK,1
R00289,GO,1
R00289,SR,1
R00289,WN,1
R00293,AB,1
R00293,BC,1
R00293,BE,1
R00293,BG,1
R00293,BH,1
R00293,BI,1
R00293,BJ,1
R00293,BK,1
R00293,BL,1
R00293,BM,1
R00293,BO,1
R00293,BP,1
R00293,BS,1
R00293,BV,1
R00293,BW,1
R00293,BX,1
R00293,BY,1
R00293,CA,1
R00293,CB,1
R00293,CE,1
R00293,CK,1
R00293,CY,1
R00293,HB,1
R00293,HG,1
R00293,HH,1
R00293,HY,1
R00293,KH,1
R00293,LH,1
R00293,ME,1
R00293,PB,1
R00293,PE,1
R00293,PH,1
R00293,PL,1
R00293,PM,1
R00293,PO,1
R00293,PP,1
R00293,PW,1
R00293,PX,1
R00293,PY,1
R00293,SE,1
R00293,SL,1
R00293,SO,1
R00293,SX,1
R00293,WB,1
R00293,WH,1
R00293,WI,1
R00293,WM,1
R00293,WO,1
R00293,WR,1
R00293,WT,1
R00293,XH,1
R00293,XL,1
R00296,AB,3
R00296,AC,3
R00296,AM,3
R00296,BP,3
R00296,CN,3
R00296,EM,3
R00296,EY,3
R00296,MI,3
R00296,MM,3
R00296,NM,3
R00296,PN,3
R00296,PR,3
R00296,PS,3
R00296,SY,3
R00296,TC,3
R00296,MO,2
R00296,BG,1
R00296,BH,1
R00296,BY,1
R00296,CY,1
R00296,HH,1
R00296,HY,1
R00296,KP,1
R00296,KS,1
R00296,LN,1
R00296,PH,1
R00296,PL,1
R00296,PY,1
R00296,RH,1
R00296,RL,1
R00296,RY,1
R00296,SL,1
R00296,WH,1
R00296,XL,1
R00298,AM,2
R00298,BH,2
R00298,BY,2
R00298,CY,2
R00298,EY,2
R00298,HH,2
R00298,HY,2
R00298,MM,2
R00298,PH,2
R00298,PL,2
R00298,PR,2
R00298,PS,2
R00298,PY,2
R00298,RH,2
R00298,RL,2
R00298,RY,2
R00298,SL,2
R00298,SY,2
R00298,TC,2
R00298,WH,2
R00298,XL,2
R00298,AB,1
R00298,AC,1
R00298,BB,1
R00298,BG,1
R00298,BP,1
R00298,CE,1
R00298,CN,1
R00298,DY,1
R00298,EM,1
R00298,HO,1
R00298,HV,1
R00298,MI,1
R00298,MW,1
R00298,NB,1
R00298,NM,1
R00298,PN,1
R00298,SH,1
R00298,WK,1
R00298,YK,1
R00299,AB,1
R00299,AC,1
R00299,AM,1
R00299,BG,1
R00299,BH,1
R00299,BP,1
R00299,BY,1
R00299,CN,1
R00299,CY,1
R00299,EM,1
R00299,EY,1
R00299,HH,1
R00299,HY,1
R00299,MI,1
R00299,MM,1
R00299,NM,1
R00299,PH,1
R00299,PL,1
R00299,PN,1
R00299,PR,1
R00299,PS,1
R00299,PY,1
R00299,RH,1
R00299,RL,1
R00299,RY,1
R00299,SL,1
R00299,SY,1
R00299,TC,1
R00299,WH,1
R00299,XL,1
R00300,AA,2
R00300,DS,2
R00300,EC,2
R00300,GD,2
R00300,GG,2
R00300,GS,2
R00300,HA,2
R00300,HX,2
R00300,KG,2
R00300,MN,2
R00300,NG,2
R00300,NS,2
R00300,TY,2
R00300,VN,2
R00300,YA,2
R00300,YG,2
R00300,YI,2
R00300,YM,2
R00300,YN,2
R00300,YS,2
R00300,AT,1
R00300,DA,1
R00300,DO,1
R00300,DT,1
R00300,EG,1
R00300,GN,1
R00300,GT,1
R00300,HT,1
R00300,KI,1
R00300,MT,1
R00300,NT,1
R00300,TE,1
R00300,VT,1
R00300,YT,1
R00301,WX,5
R00301,BU,4
R00301,EU,4
R00301,PD,4
R00301,PU,4
R00301,SW,4
R00301,WC,4
R00301,WU,4
R00301,WV,4
R00301,WW,3
R00301,GC,1
R00301,TW,1
R00303,BH,4
R00303,DW,4
R00303,HH,4
R00303,HO,4
R00303,PH,4
R00303,RH,4
R00303,WH,4
R00303,WK,4
R00303,YL,4
R00303,AH,3
R00303,DB,3
R00303,DS,3
R00303,DT,3
R00303,GD,3
R00303,GH,3
R00303,HD,3
R00303,HL,3
R00303,HU,3
R00303,NH,3
R00303,HA,2
R00303,HM,2
R00303,HT,2
R00303,LY,2
R00303,NP,2
R00303,TP,2
R00303,WY,2
R00303,YA,2
R00303,YG,2
R00303,YM,2
R00303,AM,1
R00303,BB,1
R00303,BY,1
R00303,CE,1
R00303,CY,1
R00303,DO,1
R00303,DY,1
R00303,EY,1
R00303,HV,1
R00303,HY,1
R00303,JL,1
R00303,MB,1
R00303,MM,1
R00303,MS,1
R00303,MW,1
R00303,MY,1
R00303,NB,1
R00303,PL,1
R00303,PR,1
R00303,PS,1
R00303,PY,1
R00303,RL,1
R00303,RY,1
R00303,SH,1
R00303,SL,1
R00303,SY,1
R00303,TC,1
R00303,XL,1
R00303,YK,1
R00304,AB,2
R00304,AC,2
R00304,AM,2
R00304,CN,2
R00304,EM,2
R00304,EY,2
R00304,MM,2
R00304,MO,2
R00304,NM,2
R00304,PN,2
R00304,PR,2
R00304,PS,2
R00304,SY,2
R00304,TC,2
R00304,BP,1
R00304,KP,1
R00304,KS,1
R00304,LN,1
R00304,MI,1
R00307,BH,5
R00307,DW,5
R00307,HH,5
R00307,HO,5
R00307,PH,5
R00307,RH,5
R00307,WH,5
R00307,WK,5
R00307,YL,5
R00307,DS,4
R00307,DT,4
R00307,GD,4
R00307,HD,4
R00307,AH,3
R00307,DB,3
R00307,GH,3
R00307,HL,3
R00307,HU,3
R00307,NH,3
R00307,BB,2
R00307,BY,2
R00307,CE,2
R00307,CY,2
R00307,DO,2
R00307,DY,2
R00307,EY,2
R00307,HA,2
R00307,HM,2
R00307,HT,2
R00307,HV,2
R00307,HY,2
R00307,JL,2
R00307,LY,2
R00307,MM,2
R00307,MS,2
R00307,MW,2
R00307,NB,2
R00307,NP,2
R00307,PL,2
R00307,PS,2
R00307,PY,2
R00307,RL,2
R00307,RY,2
R00307,SH,2
R00307,SL,2
R00307,SY,2
R00307,TC,2
R00307,TP,2
R00307,WY,2
R00307,XL,2
R00307,YA,2
R00307,YG,2
R00307,YK,2
R00307,YM,2
R00307,AM,1
R00307,MB,1
R00307,MY,1
R00307,PR,1
R00311,EJ,4
R00311,EO,4
R00311,EP,4
R00311,EV,4
R00311,EW,4
R00311,EX,4
R00311,LC,4
R00311,LM,4
R00311,MA,4
R00311,TV,4
R00311,ES,3
R00311,SF,3
R00311,BE,2
R00311,BJ,2
R00311,BK,2
R00311,BM,2
R00311,BO,2
R00311,BS,2
R00311,BV,2
R00311,BX,2
R00311,CK,2
R00311,CS,2
R00311,EB,2
R00311,HG,2
R00311,KH,2
R00311,KN,2
R00311,MW,2
R00311,NJ,2
R00311,NV,2
R00311,NW,2
R00311,NX,2
R00311,PE,2
R00311,PG,2
R00311,PM,2
R00311,PO,2
R00311,PP,2
R00311,PX,2
R00311,RE,2
R00311,RJ,2
R00311,RM,2
R00311,RO,2
R00311,RP,2
R00311,RV,2
R00311,RW,2
R00311,RX,2
R00311,SE,2
R00311,SO,2
R00311,SX,2
R00311,TL,2
R00311,TM,2
R00311,TO,2
R00311,WM,2
R00311,WS,2
R00311,XH,2
R00311,BB,1
R00311,BH,1
R00311,BY,1
R00311,CE,1
R00311,CG,1
R00311,CM,1
R00311,CV,1
R00311,CY,1
R00311,DG,1
R00311,DL,1
R00311,DY,1
R00311,EM,1
R00311,EN,1
R00311,HH,1
R00311,HY,1
R00311,MC,1
R00311,NC,1
R00311,PH,1
R00311,PL,1
R00311,PY,1
R00311,RF,1
R00311,RH,1
R00311,RL,1
R00311,RY,1
R00311,SL,1
R00311,WH,1
R00311,XL,1
R00314,EJ,4
R00314,EO,3
R00314,EP,3
R00314,EV,3
R00314,EW,3
R00314,EX,3
R00314,LC,3
R00314,LM,3
R00314,MA,3
R00314,TV,3
R00314,BJ,2
R00314,BV,2
R00314,EB,2
R00314,ES,2
R00314,NJ,2
R00314,NV,2
R00314,RJ,2
R00314,RV,2
R00314,SF,2
R00314,WM,2
R00314,BE,1
R00314,BK,1
R00314,BM,1
R00314,BO,1
R00314,BS,1
R00314,BX,1
R00314,CG,1
R00314,CH,1
R00314,CK,1
R00314,CM,1
R00314,CS,1
R00314,CV,1
R00314,EN,1
R00314,HG,1
R00314,KH,1
R00314,KN,1
R00314,MC,1
R00314,MJ,1
R00314,MW,1
R00314,NC,1
R00314,NW,1
R00314,NX,1
R00314,PE,1
R00314,PG,1
R00314,PM,1
R00314,PO,1
R00314,PP,1
R00314,PV,1
R00314,PX,1
R00314,RE,1
R00314,RM,1
R00314,RO,1
R00314,RP,1
R00314,RW,1
R00314,RX,1
R00314,SE,1
R00314,SO,1
R00314,SX,1
R00314,TL,1
R00314,TM,1
R00314,TO,1
R00314,WS,1
R00314,XH,1
R00316,DB,3
R00316,HM,3
R00316,TP,3
R00316,AH,2
R00316,BH,2
R00316,DS,2
R00316,DT,2
R00316,DW,2
R00316,GD,2
R00316,GH,2
R00316,HA,2
R00316,HD,2
R00316,HH,2
R00316,HL,2
R00316,HO,2
R00316,HT,2
R00316,HU,2
R00316,LY,2
R00316,NH,2
R00316,NP,2
R00316,PH,2
R00316,RH,2
R00316,WH,2
R00316,WK,2
R00316,WY,2
R00316,YA,2
R00316,YG,2
R00316,YL,2
R00316,YM,2
R00316,GM,1
R00316,MB,1
R00316,MK,1
R00316,MN,1
R00316,MR,1
R00316,MS,1
R00316,MT,1
R00316,VK,1
R00316,VN,1
R00316,VT,1
R00317,BH,4
R00317,DW,4
R00317,HH,4
R00317,HO,4
R00317,PH,4
R00317,RH,4
R00317,WH,4
R00317,WK,4
R00317,YL,4
R00317,AH,3
R00317,DB,3
R00317,DS,3
R00317,DT,3
R00317,GD,3
R00317,GH,3
R00317,HD,3
R00317,HL,3
R00317,HU,3
R00317,NH,3
R00317,HA,2
R00317,HM,2
R00317,HT,2
R00317,LY,2
R00317,NP,2
R00317,TP,2
R00317,WY,2
R00317,YA,2
R00317,YG,2
R00317,YM,2
R00317,AM,1
R00317,BB,1
R00317,BY,1
R00317,CE,1
R00317,CY,1
R00317,DO,1
R00317,DY,1
R00317,EY,1
R00317,HV,1
R00317,HY,1
R00317,JL,1
R00317,MB,1
R00317,MM,1
R00317,MS,1
R00317,MW,1
R00317,MY,1
R00317,NB,1
R00317,PL,1
R00317,PR,1
R00317,PS,1
R00317,PY,1
R00317,RL,1
R00317,RY,1
R00317,SH,1
R00317,SL,1
R00317,SY,1
R00317,TC,1
R00317,XL,1
R00317,YK,1
R00319,AC,1
R00319,AM,1
R00319,AN,1
R00319,AS,1
R00319,EC,1
R00319,EE,1
R00319,ER,1
R00319,GU,1
R00319,HU,1
R00319,KE,1
R00319,KG,1
R00319,KP,1
R00319,KS,1
R00319,KY,1
R00319,LN,1
R00319,TE,1
R00319,TY,1
R00319,WA,1
R00321,AA,3
R00321,DS,3
R00321,EC,3
R00321,GD,3
R00321,GG,3
R00321,GS,3
R00321,HA,3
R00321,HX,3
R00321,KG,3
R00321,MN,3
R00321,NG,3
R00321,NS,3
R00321,PH,3
R00321,PL,3
R00321,PY,3
R00321,TY,3
R00321,VN,3
R00321,YA,3
R00321,YG,3
R00321,YI,3
R00321,YM,3
R00321,YN,3
R00321,YS,3
R00321,BH,2
R00321,BY,2
R00321,CE,2
R00321,CY,2
R00321,DA,2
R00321,EG,2
R00321,GN,2
R00321,HH,2
R00321,HY,2
R00321,KI,2
R00321,PB,2
R00321,PE,2
R00321,PM,2
R00321,PO,2
R00321,PP,2
R00321,PW,2
R00321,PX,2
R00321,SL,2
R00321,WH,2
R00321,WR,2
R00321,XL,2
R00321,AB,1
R00321,AM,1
R00321,AT,1
R00321,BB,1
R00321,BC,1
R00321,BE,1
R00321,BG,1
R00321,BI,1
R00321,BJ,1
R00321,BK,1
R00321,BL,1
R00321,BM,1
R00321,BO,1
R00321,BP,1
R00321,BS,1
R00321,BV,1
R00321,BW,1
R00321,BX,1
R00321,CA,1
R00321,CB,1
R00321,CK,1
R00321,CZ,1
R00321,DO,1
R00321,DT,1
R00321,DY,1
R00321,EY,1
R00321,GT,1
R00321,GW,1
R00321,HB,1
R00321,HG,1
R00321,HO,1
R00321,HT,1
R00321,HV,1
R00321,KH,1
R00321,LH,1
R00321,ME,1
R00321,MM,1
R00321,MP,1
R00321,MT,1
R00321,MW,1
R00321,NB,1
R00321,NT,1
R00321,OP,1
R00321,PJ,1
R00321,PR,1
R00321,PS,1
R00321,PV,1
R00321,RH,1
R00321,RL,1
R00321,RY,1
R00321,SE,1
R00321,SH,1
R00321,SO,1
R00321,SP,1
R00321,SX,1
R00321,SY,1
R00321,TC,1
R00321,TE,1
R00321,VT,1
R00321,WB,1
R00321,WI,1
R00321,WK,1
R00321,WM,1
R00321,WO,1
R00321,WT,1
R00321,XH,1
R00321,YK,1
R00321,YL,1
R00321,YT,1
R00322,BU,1
R00322,DK,1
R00322,EU,1
R00322,PD,1
R00322,PU,1
R00322,RU,1
R00322,SC,1
R00322,SU,1
R00322,SW,1
R00322,WU,1
R00322,WV,1
R00322,WW,1
R00323,AB,1
R00323,AC,1
R00323,AM,1
R00323,AN,1
R00323,AP,1
R00323,AS,1
R00323,CO,1
R00323,EA,1
R00326,DB,1
R00326,GM,1
R00326,HM,1
R00326,MB,1
R00326,MK,1
R00326,MN,1
R00326,MR,1
R00326,MS,1
R00326,MT,1
R00326,TP,1
R00326,VK,1
R00326,VN,1
R00326,VT,1
R00328,EY,3
R00328,PS,3
R00328,SH,3
R00328,AM,2
R00328,BB,2
R00328,BH,2
R00328,BY,2
R00328,CE,2
R00328,CY,2
R00328,DO,2
R00328,DW,2
R00328,DY,2
R00328,HD,2
R00328,HH,2
R00328,HO,2
R00328,HY,2
R00328,JL,2
R00328,MB,2
R00328,MM,2
R00328,MW,2
R00328,MY,2
R00328,NB,2
R00328,PH,2
R00328,PL,2
R00328,PR,2
R00328,PY,2
R00328,RH,2
R00328,RL,2
R00328,RY,2
R00328,SL,2
R00328,SY,2
R00328,TC,2
R00328,WH,2
R00328,WK,2
R00328,XL,2
R00328,YK,2
R00328,ED,1
R00328,EM,1
R00328,GL,1
R00328,HV,1
R00328,LN,1
R00328,MS,1
R00328,NG,1
R00328,NH,1
R00328,NS,1
R00328,NT,1
R00328,YL,1
R00331,BU,4
R00331,EU,4
R00331,LE,4
R00331,RU,4
R00331,SW,4
R00331,WC,4
R00331,WU,4
R00331,WW,4
R00331,PD,2
R00331,PU,2
R00331,WV,2
R00331,WX,2
R00331,EF,1
R00331,SU,1
R00332,AM,2
R00332,BB,2
R00332,BH,2
R00332,BY,2
R00332,CE,2
R00332,CY,2
R00332,DO,2
R00332,DW,2
R00332,DY,2
R00332,EY,2
R00332,HD,2
R00332,HH,2
R00332,HO,2
R00332,HY,2
R00332,MB,2
R00332,MM,2
R00332,MW,2
R00332,MY,2
R00332,NB,2
R00332,PH,2
R00332,PL,2
R00332,PR,2
R00332,PS,2
R00332,PY,2
R00332,RH,2
R00332,RL,2
R00332,RY,2
R00332,SH,2
R00332,SL,2
R00332,SY,2
R00332,TC,2
R00332,WH,2
R00332,WK,2
R00332,XL,2
R00332,YK,2
R00332,HV,1
R00332,JL,1
R00332,MS,1
R00332,YL,1
R00334,AM,2
R00334,BB,2
R00334,BH,2
R00334,BY,2
R00334,CE,2
R00334,CY,2
R00334,DO,2
R00334,DW,2
R00334,DY,2
R00334,EY,2
R00334,HD,2
R00334,HH,2
R00334,HO,2
R00334,HY,2
R00334,MB,2
R00334,MM,2
R00334,MW,2
R00334,MY,2
R00334,NB,2
R00334,PH,2
R00334,PL,2
R00334,PR,2
R00334,PS,2
R00334,PY,2
R00334,RH,2
R00334,RL,2
R00334,RY,2
R00334,SH,2
R00334,SL,2
R00334,SY,2
R00334,TC,2
R00334,WH,2
R00334,WK,2
R00334,XL,2
R00334,YK,2
R00334,HV,1
R00334,JL,1
R00334,MS,1
R00334,YL,1
R00335,AM,1
R00335,BB,1
R00335,BH,1
R00335,BY,1
R00335,CE,1
R00335,CY,1
R00335,DO,1
R00335,DW,1
R00335,DY,1
R00335,EY,1
R00335,HD,1
R00335,HH,1
R00335,HO,1
R00335,HV,1
R00335,HY,1
R00335,JL,1
R00335,MB,1
R00335,MM,1
R00335,MS,1
R00335,MW,1
R00335,MY,1
R00335,NB,1
R00335,PH,1
R00335,PL,1
R00335,PR,1
R00335,PS,1
R00335,PY,1
R00335,RH,1
R00335,RL,1
R00335,RY,1
R00335,SH,1
R00335,SL,1
R00335,SY,1
R00335,TC,1
R00335,WH,1
R00335,WK,1
R00335,XL,1
R00335,YK,1
R00335,YL,1
R00336,AM,2
R00336,PS,2
R00336,AA,1
R00336,AD,1
R00336,AH,1
R00336,AL,1
R00336,AN,1
R00336,AS,1
R00336,AT,1
R00336,AY,1
R00336,BB,1
R00336,BH,1
R00336,BY,1
R00336,CE,1
R00336,CY,1
R00336,DY,1
R00336,EC,1
R00336,ED,1
R00336,EE,1
R00336,ER,1
R00336,EY,1
R00336,GU,1
R00336,HH,1
R00336,HO,1
R00336,HU,1
R00336,HV,1
R00336,HY,1
R00336,KG,1
R00336,KP,1
R00336,KS,1
R00336,KY,1
R00336,LN,1
R00336,MM,1
R00336,MW,1
R00336,NB,1
R00336,PH,1
R00336,PL,1
R00336,PR,1
R00336,PY,1
R00336,RH,1
R00336,RL,1
R00336,RY,1
R00336,SH,1
R00336,SL,1
R00336,SY,1
R00336,TC,1
R00336,TE,1
R00336,TY,1
R00336,WH,1
R00336,WK,1
R00336,XL,1
R00336,YK,1
R00340,BE,1
R00340,BK,1
R00340,BM,1
R00340,BS,1
R00340,BX,1
R00340,CG,1
R00340,CK,1
R00340,CM,1
R00340,CS,1
R00340,CU,1
R00340,DB,1
R00340,DW,1
R00340,EP,1
R00340,EW,1
R00340,EX,1
R00340,GM,1
R00340,HG,1
R00340,HM,1
R00340,JG,1
R00340,JO,1
R00340,KH,1
R00340,KM,1
R00340,KN,1
R00340,LM,1
R00340,LY,1
R00340,MA,1
R00340,MB,1
R00340,MC,1
R00340,MG,1
R00340,MH,1
R00340,MJ,1
R00340,MN,1
R00340,MP,1
R00340,MR,1
R00340,MS,1
R00340,MT,1
R00340,MW,1
R00340,MX,1
R00340,NN,1
R00340,NO,1
R00340,NR,1
R00340,NW,1
R00340,NX,1
R00340,PE,1
R00340,PG,1
R00340,PM,1
R00340,PP,1
R00340,PR,1
R00340,PS,1
R00340,PX,1
R00340,RE,1
R00340,RM,1
R00340,RP,1
R00340,RW,1
R00340,RX,1
R00340,SE,1
R00340,SX,1
R00340,TM,1
R00340,TP,1
R00340,WS,1
R00340,XH,1
R00341,AA,4
R00341,DS,4
R00341,EC,4
R00341,GD,4
R00341,GG,4
R00341,GS,4
R00341,HA,4
R00341,KG,4
R00341,NG,4
R00341,NS,4
R00341,TY,4
R00341,HX,3
R00341,MN,3
R00341,VN,3
R00341,YA,3
R00341,YG,3
R00341,YI,3
R00341,YM,3
R00341,YN,3
R00341,YS,3
R00341,AT,2
R00341,BY,2
R00341,CY,2
R00341,DA,2
R00341,DO,2
R00341,DT,2
R00341,DY,2
R00341,EG,2
R00341,EY,2
R00341,GN,2
R00341,GT,2
R00341,HT,2
R00341,HY,2
R00341,KI,2
R00341,NT,2
R00341,PY,2
R00341,RY,2
R00341,TE,2
R00341,AL,1
R00341,AM,1
R00341,AY,1
R00341,BB,1
R00341,BH,1
R00341,CE,1
R00341,HH,1
R00341,HO,1
R00341,HV,1
R00341,KY,1
R00341,MM,1
R00341,MT,1
R00341,MW,1
R00341,NB,1
R00341,PH,1
R00341,PL,1
R00341,PR,1
R00341,PS,1
R00341,RH,1
R00341,RL,1
R00341,SH,1
R00341,SL,1
R00341,SY,1
R00341,TC,1
R00341,VT,1
R00341,WH,1
R00341,WK,1
R00341,XL,1
R00341,YK,1
R00341,YL,1
R00341,YT,1
R00342,BL,5
R00342,HP,5
R00342,LW,5
R00342,WR,5
R00342,CE,3
R00342,LG,3
R00342,BB,2
R00342,GW,2
R00342,LH,2
R00342,MW,2
R00342,PC,2
R00342,WP,2
R00342,BW,1
R00342,CS,1
R00342,CY,1
R00342,LA,1
R00342,PB,1
R00342,PE,1
R00342,PG,1
R00342,PH,1
R00342,PL,1
R00342,PM,1
R00342,PO,1
R00342,PP,1
R00342,PW,1
R00342,PX,1
R00342,PY,1
R00342,PZ,1
R00342,RB,1
R00342,RE,1
R00342,RF,1
R00342,RG,1
R00342,RH,1
R00342,RJ,1
R00342,RL,1
R00342,RM,1
R00342,RO,1
R00342,RP,1
R00342,RV,1
R00342,RW,1
R00342,RX,1
R00342,RY,1
R00342,SL,1
R00342,SO,1
R00342,WB,1
R00342,WE,1
R00342,WH,1
R00342,WO,1
R00342,WT,1
R00343,AF,2
R00343,FH,2
R00343,RA,2
R00343,FA,1
R00343,FC,1
R00343,FO,1
R00343,FS,1
R00343,FT,1
R00343,FV,1
R00343,KL,1
R00343,TU,1
R00343,VA,1
R00343,VB,1
R00343,VH,1
R00343,VR,1
R00344,AA,3
R00344,DS,3
R00344,EC,3
R00344,GD,3
R00344,GG,3
R00344,GS,3
R00344,HA,3
R00344,HX,3
R00344,KG,3
R00344,MN,3
R00344,NG,3
R00344,NS,3
R00344,TY,3
R00344,VN,3
R00344,YA,3
R00344,YG,3
R00344,YI,3
R00344,YM,3
R00344,YN,3
R00344,YS,3
R00344,DA,2
R00344,EG,2
R00344,GN,2
R00344,KI,2
R00344,AM,1
R00344,AT,1
R00344,BB,1
R00344,BH,1
R00344,BY,1
R00344,CE,1
R00344,CY,1
R00344,DO,1
R00344,DT,1
R00344,DY,1
R00344,EY,1
R00344,GT,1
R00344,HH,1
R00344,HO,1
R00344,HT,1
R00344,HV,1
R00344,HY,1
R00344,MM,1
R00344,MT,1
R00344,MW,1
R00344,NB,1
R00344,NT,1
R00344,PH,1
R00344,PL,1
R00344,PR,1
R00344,PS,1
R00344,PY,1
R00344,RH,1
R00344,RL,1
R00344,RY,1
R00344,SH,1
R00344,SL,1
R00344,SY,1
R00344,TC,1
R00344,TE,1
R00344,VT,1
R00344,WH,1
R00344,WK,1
R00344,XL,1
R00344,YK,1
R00344,YL,1
R00344,YT,1
R00345,FH,4
R00345,FA,3
R00345,FC,3
R00345,FT,3
R00345,FV,3
R00345,AF,2
R00345,FB,2
R00345,FL,2
R00345,FN,2
R00345,KA,2
R00345,RA,2
R00345,FO,1
R00345,FS,1
R00345,KL,1
R00345,TU,1
R00345,VA,1
R00345,VB,1
R00345,VH,1
R00345,VR,1
R00347,CY,3
R00347,SL,3
R00347,SO,3
R00347,WB,3
R00347,WH,3
R00347,WT,3
R00347,BL,2
R00347,BW,2
R00347,CB,2
R00347,CE,2
R00347,CK,2
R00347,LH,2
R00347,LW,2
R00347,PB,2
R00347,PE,2
R00347,PH,2
R00347,PL,2
R00347,PM,2
R00347,PO,2
R00347,PP,2
R00347,PW,2
R00347,PX,2
R00347,PY,2
R00347,SE,2
R00347,SX,2
R00347,WI,2
R00347,WO,2
R00347,WR,2
R00347,AB,1
R00347,AW,1
R00347,BC,1
R00347,BE,1
R00347,BG,1
R00347,BH,1
R00347,BI,1
R00347,BJ,1
R00347,BK,1
R00347,BM,1
R00347,BO,1
R00347,BP,1
R00347,BS,1
R00347,BU,1
R00347,BV,1
R00347,BX,1
R00347,BY,1
R00347,CA,1
R00347,CS,1
R00347,HB,1
R00347,HG,1
R00347,HH,1
R00347,HP,1
R00347,HY,1
R00347,KH,1
R00347,LA,1
R00347,LG,1
R00347,MC,1
R00347,ME,1
R00347,OC,1
R00347,SB,1
R00347,SN,1
R00347,SP,1
R00347,WC,1
R00347,WD,1
R00347,WM,1
R00347,WP,1
R00347,XH,1
R00347,XL,1
R00348,BU,1
R00348,BW,1
R00348,CE,1
R00348,SN,1
R00348,SS,1
R00348,WC,1
R00348,WO,1
R00354,AA,3
R00354,DS,3
R00354,EC,3
R00354,GD,3
R00354,GG,3
R00354,GS,3
R00354,HA,3
R00354,HX,3
R00354,KG,3
R00354,MN,3
R00354,NG,3
R00354,NS,3
R00354,PH,3
R00354,PL,3
R00354,PY,3
R00354,TY,3
R00354,VN,3
R00354,YA,3
R00354,YG,3
R00354,YI,3
R00354,YM,3
R00354,YN,3
R00354,YS,3
R00354,BH,2
R00354,BY,2
R00354,CE,2
R00354,CY,2
R00354,DA,2
R00354,EG,2
R00354,GN,2
R00354,HH,2
R00354,HY,2
R00354,KI,2
R00354,PB,2
R00354,PE,2
R00354,PM,2
R00354,PO,2
R00354,PP,2
R00354,PW,2
R00354,PX,2
R00354,SL,2
R00354,WH,2
R00354,WR,2
R00354,XL,2
R00354,AB,1
R00354,AM,1
R00354,AT,1
R00354,BB,1
R00354,BC,1
R00354,BE,1
R00354,BG,1
R00354,BI,1
R00354,BJ,1
R00354,BK,1
R00354,BL,1
R00354,BM,1
R00354,BO,1
R00354,BP,1
R00354,BS,1
R00354,BV,1
R00354,BW,1
R00354,BX,1
R00354,CA,1
R00354,CB,1
R00354,CK,1
R00354,CZ,1
R00354,DO,1
R00354,DT,1
R00354,DY,1
R00354,EY,1
R00354,GT,1
R00354,GW,1
R00354,HB,1
R00354,HG,1
R00354,HO,1
R00354,HT,1
R00354,HV,1
R00354,KH,1
R00354,LH,1
R00354,ME,1
R00354,MM,1
R00354,MP,1
R00354,MT,1
R00354,MW,1
R00354,NB,1
R00354,NT,1
R00354,OP,1
R00354,PJ,1
R00354,PR,1
R00354,PS,1
R00354,PV,1
R00354,RH,1
R00354,RL,1
R00354,RY,1
R00354,SE,1
R00354,SH,1
R00354,SO,1
R00354,SP,1
R00354,SX,1
R00354,SY,1
R00354,TC,1
R00354,TE,1
R00354,VT,1
R00354,WB,1
R00354,WI,1
R00354,WK,1
R00354,WM,1
R00354,WO,1
R00354,WT,1
R00354,XH,1
R00354,YK,1
R00354,YL,1
R00354,YT,1
R00356,FD,1
R00356,KI,1
R00356,YI,1
R00360,DH,4
R00360,DP,4
R00360,NP,4
R00360,BK,2
R00360,CK,2
R00360,CP,2
R00360,CU,2
R00360,DW,2
R00360,EP,2
R00360,GP,2
R00360,JK,2
R00360,JP,2
R00360,KH,2
R00360,KM,2
R00360,KN,2
R00360,KW,2
R00360,PP,2
R00360,RP,2
R00360,XP,2
R00360,DB,1
R00360,MH,1
R00360,NN,1
R00360,PR,1
R00360,XV,1
R00360,XW,1
R00361,EC,4
R00361,EE,4
R00361,ER,4
R00361,GU,4
R00361,HU,4
R00361,KG,4
R00361,KY,4
R00361,TE,4
R00361,TY,4
R00361,AM,3
R00361,AN,3
R00361,AS,3
R00361,KP,3
R00361,KS,3
R00361,LN,3
R00361,AA,2
R00361,AC,2
R00361,AD,2
R00361,AH,2
R00361,AL,2
R00361,AT,2
R00361,AY,2
R00361,ED,2
R00361,KE,2
R00361,EY,1
R00361,GG,1
R00361,GH,1
R00361,GL,1
R00361,GS,1
R00361,GT,1
R00361,NG,1
R00361,NH,1
R00361,NS,1
R00361,NT,1
R00361,PS,1
R00361,WA,1
R00362,BB,1
R00362,BL,1
R00362,GW,1
R00362,HP,1
R00362,LA,1
R00362,LG,1
R00362,LH,1
R00362,LW,1
R00362,MW,1
R00362,PC,1
R00362,PG,1
R00362,PZ,1
R00362,RG,1
R00362,WE,1
R00362,WP,1
R00362,WR,1
R00365,EC,4
R00365,EE,4
R00365,ER,4
R00365,GU,4
R00365,HU,4
R00365,KG,4
R00365,KY,4
R00365,TE,4
R00365,TY,4
R00365,AM,3
R00365,AN,3
R00365,AS,3
R00365,KP,3
R00365,KS,3
R00365,LN,3
R00365,AA,2
R00365,AC,2
R00365,AD,2
R00365,AH,2
R00365,AL,2
R00365,AT,2
R00365,AY,2
R00365,ED,2
R00365,KE,2
R00365,EY,1
R00365,GG,1
R00365,GH,1
R00365,GL,1
R00365,GS,1
R00365,GT,1
R00365,NG,1
R00365,NH,1
R00365,NS,1
R00365,NT,1
R00365,PS,1
R00365,WA,1
R00367,YL,1
R00369,PH,3
R00369,PL,3
R00369,PY,3
R00369,BH,2
R00369,BY,2
R00369,CE,2
R00369,CY,2
R00369,HH,2
R00369,HY,2
R00369,PB,2
R00369,PE,2
R00369,PM,2
R00369,PO,2
R00369,PP,2
R00369,PW,2
R00369,PX,2
R00369,SL,2
R00369,WH,2
R00369,WR,2
R00369,XL,2
R00369,AB,1
R00369,AM,1
R00369,BB,1
R00369,BC,1
R00369,BE,1
R00369,BG,1
R00369,BI,1
R00369,BJ,1
R00369,BK,1
R00369,BL,1
R00369,BM,1
R00369,BO,1
R00369,BP,1
R00369,BS,1
R00369,BV,1
R00369,BW,1
R00369,BX,1
R00369,CA,1
R00369,CB,1
R00369,CK,1
R00369,CZ,1
R00369,DY,1
R00369,EY,1
R00369,GW,1
R00369,HB,1
R00369,HG,1
R00369,HO,1
R00369,HV,1
R00369,KH,1
R00369,LH,1
R00369,ME,1
R00369,MM,1
R00369,MP,1
R00369,MW,1
R00369,NB,1
R00369,OP,1
R00369,PJ,1
R00369,PR,1
R00369,PS,1
R00369,PV,1
R00369,RH,1
R00369,RL,1
R00369,RY,1
R00369,SE,1
R00369,SH,1
R00369,SO,1
R00369,SP,1
R00369,SX,1
R00369,SY,1
R00369,TC,1
R00369,WB,1
R00369,WI,1
R00369,WK,1
R00369,WM,1
R00369,WO,1
R00369,WT,1
R00369,XH,1
R00369,YK,1
R00369,YL,1
R00370,EC,3
R00370,EE,3
R00370,ER,3
R00370,GU,3
R00370,HU,3
R00370,KG,3
R00370,KY,3
R00370,TE,3
R00370,TY,3
R00370,AA,2
R00370,AD,2
R00370,AH,2
R00370,AL,2
R00370,AM,2
R00370,AN,2
R00370,AS,2
R00370,AT,2
R00370,AY,2
R00370,ED,2
R00370,KP,2
R00370,KS,2
R00370,LN,2
R00370,AC,1
R00370,EY,1
R00370,GG,1
R00370,GH,1
R00370,GL,1
R00370,GS,1
R00370,GT,1
R00370,KE,1
R00370,NG,1
R00370,NH,1
R00370,NS,1
R00370,NT,1
R00370,PS,1
R00370,WA,1
R00371,SP,2
R00371,AW,1
R00371,BU,1
R00371,CB,1
R00371,CK,1
R00371,CY,1
R00371,CZ,1
R00371,GW,1
R00371,LA,1
R00371,LW,1
R00371,MC,1
R00371,MP,1
R00371,OC,1
R00371,OP,1
R00371,PB,1
R00371,PE,1
R00371,PH,1
R00371,PJ,1
R00371,PL,1
R00371,PM,1
R00371,PO,1
R00371,PP,1
R00371,PV,1
R00371,PW,1
R00371,PX,1
R00371,PY,1
R00371,SB,1
R00371,SE,1
R00371,SL,1
R00371,SN,1
R00371,SO,1
R00371,SX,1
R00371,WB,1
R00371,WC,1
R00371,WD,1
R00371,WH,1
R00371,WI,1
R00371,WR,1
R00371,WT,1
R00372,PE,4
R00372,PM,4
R00372,PO,4
R00372,PP,4
R00372,PX,4
R00372,MP,3
R00372,OP,3
R00372,PB,3
R00372,PH,3
R00372,PL,3
R00372,PW,3
R00372,PY,3
R00372,WR,3
R00372,BE,2
R00372,BK,2
R00372,BM,2
R00372,BO,2
R00372,BS,2
R00372,BX,2
R00372,CK,2
R00372,CZ,2
R00372,GW,2
R00372,HG,2
R00372,KH,2
R00372,PJ,2
R00372,PV,2
R00372,SE,2
R00372,SO,2
R00372,SP,2
R00372,SX,2
R00372,XH,2
R00372,AB,1
R00372,AC,1
R00372,AM,1
R00372,AS,1
R00372,BC,1
R00372,BG,1
R00372,BH,1
R00372,BI,1
R00372,BJ,1
R00372,BL,1
R00372,BP,1
R00372,BV,1
R00372,BW,1
R00372,BY,1
R00372,CA,1
R00372,CB,1
R00372,CE,1
R00372,CG,1
R00372,CL,1
R00372,CM,1
R00372,CS,1
R00372,CU,1
R00372,CY,1
R00372,EM,1
R00372,EO,1
R00372,EP,1
R00372,EW,1
R00372,EX,1
R00372,GM,1
R00372,HB,1
R00372,HD,1
R00372,HH,1
R00372,HM,1
R00372,HO,1
R00372,HY,1
R00372,KM,1
R00372,KN,1
R00372,LH,1
R00372,LM,1
R00372,LY,1
R00372,MA,1
R00372,MC,1
R00372,ME,1
R00372,MG,1
R00372,MH,1
R00372,MJ,1
R00372,MK,1
R00372,MN,1
R00372,MR,1
R00372,MS,1
R00372,MT,1
R00372,MW,1
R00372,MX,1
R00372,NN,1
R00372,NO,1
R00372,NR,1
R00372,NW,1
R00372,NX,1
R00372,OC,1
R00372,PG,1
R00372,PR,1
R00372,PS,1
R00372,RE,1
R00372,RM,1
R00372,RO,1
R00372,RP,1
R00372,RW,1
R00372,RX,1
R00372,SK,1
R00372,SL,1
R00372,TM,1
R00372,TO,1
R00372,TP,1
R00372,WB,1
R00372,WH,1
R00372,WI,1
R00372,WM,1
R00372,WO,1
R00372,WS,1
R00372,WT,1
R00372,XL,1
R00372,YL,1
R00373,AM,3
R00373,AN,3
R00373,AS,3
R00373,EC,3
R00373,EE,3
R00373,ER,3
R00373,GU,3
R00373,HU,3
R00373,KG,3
R00373,KP,3
R00373,KS,3
R00373,KY,3
R00373,LN,3
R00373,TE,3
R00373,TY,3
R00373,AC,2
R00373,KE,2
R00373,AA,1
R00373,AD,1
R00373,AH,1
R00373,AL,1
R00373,AT,1
R00373,AY,1
R00373,ED,1
R00373,PS,1
R00373,WA,1
R00375,AG,1
R00375,FW,1
R00375,GK,1
R00375,GO,1
R00375,SR,1
R00375,WN,1
R00378,AG,1
R00378,FW,1
R00378,GK,1
R00378,GO,1
R00378,SR,1
R00378,WN,1
R00379,AB,3
R00379,BP,3
R00379,AC,2
R00379,AM,2
R00379,BL,2
R00379,BW,2
R00379,CE,2
R00379,CN,2
R00379,CY,2
R00379,EM,2
R00379,EY,2
R00379,LH,2
R00379,MI,2
R00379,MM,2
R00379,MO,2
R00379,NM,2
R00379,PB,2
R00379,PE,2
R00379,PH,2
R00379,PL,2
R00379,PM,2
R00379,PN,2
R00379,PO,2
R00379,PP,2
R00379,PR,2
R00379,PS,2
R00379,PW,2
R00379,PX,2
R00379,PY,2
R00379,SL,2
R00379,SO,2
R00379,SY,2
R00379,TC,2
R00379,WB,2
R00379,WH,2
R00379,WO,2
R00379,WR,2
R00379,WT,2
R00379,BC,1
R00379,BE,1
R00379,BG,1
R00379,BH,1
R00379,BI,1
R00379,BJ,1
R00379,BK,1
R00379,BM,1
R00379,BO,1
R00379,BS,1
R00379,BV,1
R00379,BX,1
R00379,BY,1
R00379,CA,1
R00379,CB,1
R00379,CK,1
R00379,CS,1
R00379,HB,1
R00379,HG,1
R00379,HH,1
R00379,HP,1
R00379,HY,1
R00379,KH,1
R00379,KP,1
R00379,KS,1
R00379,LG,1
R00379,LN,1
R00379,LW,1
R00379,ME,1
R00379,SE,1
R00379,SX,1
R00379,WI,1
R00379,WM,1
R00379,WP,1
R00379,XH,1
R00379,XL,1
R00384,TS,1
R00384,UP,1
R00387,BB,1
R00387,BL,1
R00387,GW,1
R00387,HP,1
R00387,LA,1
R00387,LG,1
R00387,LH,1
R00387,LW,1
R00387,MW,1
R00387,PC,1
R00387,PG,1
R00387,PZ,1
R00387,RG,1
R00387,WE,1
R00387,WP,1
R00387,WR,1
R00398,BU,1
R00398,EU,1
R00398,FH,1
R00398,FT,1
R00398,HR,1
R00398,LB,1
R00398,LF,1
R00398,PD,1
R00398,PU,1
R00398,RU,1
R00398,SC,1
R00398,SU,1
R00398,SW,1
R00398,TK,1
R00398,VB,1
R00398,WC,1
R00398,WU,1
R00401,BB,5
R00401,BL,5
R00401,GW,5
R00401,LG,5
R00401,LW,5
R00401,MW,5
R00401,PC,5
R00401,WR,5
R00401,WP,4
R00401,HP,3
R00401,LA,3
R00401,RB,3
R00401,RE,3
R00401,RF,3
R00401,RH,3
R00401,RJ,3
R00401,RL,3
R00401,RM,3
R00401,RO,3
R00401,RP,3
R00401,RV,3
R00401,RW,3
R00401,RX,3
R00401,RY,3
R00401,BW,2
R00401,LH,2
R00401,PG,2
R00401,PZ,2
R00401,RG,2
R00401,SB,2
R00401,SN,2
R00401,WE,2
R00401,WO,2
R00401,AW,1
R00401,CE,1
R00401,CZ,1
R00401,MC,1
R00401,SP,1
R00402,FA,2
R00402,FB,2
R00402,FC,2
R00402,FH,2
R00402,FL,2
R00402,FN,2
R00402,FT,2
R00402,FV,2
R00402,KA,2
R00408,BE,1
R00408,BK,1
R00408,BM,1
R00408,BS,1
R00408,BX,1
R00408,CG,1
R00408,CK,1
R00408,CM,1
R00408,CS,1
R00408,CU,1
R00408,DB,1
R00408,DW,1
R00408,EP,1
R00408,EW,1
R00408,EX,1
R00408,GM,1
R00408,HG,1
R00408,HM,1
R00408,JG,1
R00408,JO,1
R00408,KH,1
R00408,KM,1
R00408,KN,1
R00408,LM,1
R00408,LY,1
R00408,MA,1
R00408,MB,1
R00408,MC,1
R00408,MG,1
R00408,MH,1
R00408,MJ,1
R00408,MN,1
R00408,MP,1
R00408,MR,1
R00408,MS,1
R00408,MT,1
R00408,MW,1
R00408,MX,1
R00408,NN,1
R00408,NO,1
R00408,NR,1
R00408,NW,1
R00408,NX,1
R00408,PE,1
R00408,PG,1
R00408,PM,1
R00408,PP,1
R00408,PR,1
R00408,PS,1
R00408,PX,1
R00408,RE,1
R00408,RM,1
R00408,RP,1
R00408,RW,1
R00408,RX,1
R00408,SE,1
R00408,SX,1
R00408,TM,1
R00408,TP,1
R00408,WS,1
R00408,XH,1
R00409,DB,1
R00409,GM,1
R00409,HM,1
R00409,MB,1
R00409,MK,1
R00409,MN,1
R00409,MR,1
R00409,MS,1
R00409,MT,1
R00409,TP,1
R00409,VK,1
R00409,VN,1
R00409,VT,1
R00413,AF,2
R00413,FH,2
R00413,RA,2
R00413,FA,1
R00413,FC,1
R00413,FO,1
R00413,FS,1
R00413,FT,1
R00413,FV,1
R00413,KL,1
R00413,TU,1
R00413,VA,1
R00413,VB,1
R00413,VH,1
R00413,VR,1
R00414,FA,2
R00414,FB,2
R00414,FC,2
R00414,FH,2
R00414,FL,2
R00414,FN,2
R00414,FT,2
R00414,FV,2
R00414,KA,2
R00416,BU,1
R00416,EU,1
R00416,FH,1
R00416,FT,1
R00416,HR,1
R00416,LB,1
R00416,LF,1
R00416,PD,1
R00416,PU,1
R00416,RU,1
R00416,SC,1
R00416,SU,1
R00416,SW,1
R00416,TK,1
R00416,VB,1
R00416,WC,1
R00416,WU,1
R00417,BU,2
R00417,EU,2
R00417,LE,2
R00417,PD,2
R00417,PU,2
R00417,RU,2
R00417,SW,2
R00417,WC,2
R00417,WU,2
R00417,WV,2
R00417,WW,2
R00417,WX,2
R00417,EF,1
R00417,SU,1
R00418,BJ,1
R00418,CH,1
R00418,CL,1
R00418,EJ,1
R00418,GJ,1
R00418,JG,1
R00418,JK,1
R00418,JO,1
R00418,JP,1
R00418,MJ,1
R00418,NJ,1
R00418,RJ,1
R00418,XJ,1
R00421,BJ,1
R00421,BV,1
R00421,CH,1
R00421,EJ,1
R00421,MJ,1
R00421,NJ,1
R00421,NV,1
R00421,PV,1
R00421,RJ,1
R00421,RV,1
R00430,BU,1
R00430,BW,1
R00430,CE,1
R00430,SN,1
R00430,SS,1
R00430,WC,1
R00430,WO,1
R00432,DB,1
R00432,GM,1
R00432,HM,1
R00432,MB,1
R00432,MK,1
R00432,MN,1
R00432,MR,1
R00432,MS,1
R00432,MT,1
R00432,TP,1
R00432,VK,1
R00432,VN,1
R00432,VT,1
R00434,GR,1
R00434,TS,1
R00434,UP,1
R00436,RA,3
R00436,AR,2
R00436,KL,2
R00436,SV,2
R00436,VH,2
R00436,VR,2
R00436,DE,1
R00436,FB,1
R00436,FO,1
R00436,FS,1
R00436,FV,1
R00436,HC,1
R00436,NK,1
R00436,TN,1
R00436,TU,1
R00436,VA,1
R00436,XE,1
R00437,FA,3
R00437,FL,3
R00437,FN,3
R00437,FV,3
R00437,FB,2
R00437,FC,2
R00437,FH,2
R00437,FT,2
R00437,KA,2
R00437,NK,1
R00437,OT,1
R00437,VL,1
R00437,VR,1
R00439,BU,1
R00439,BW,1
R00439,CE,1
R00439,SN,1
R00439,SS,1
R00439,WC,1
R00439,WO,1
R00440,BU,3
R00440,EU,3
R00440,LE,3
R00440,PD,3
R00440,PU,3
R00440,RU,3
R00440,SW,3
R00440,WC,3
R00440,WU,3
R00440,WV,3
R00440,WW,3
R00440,WX,3
R00440,EF,2
R00440,SU,2
R00441,AM,1
R00441,BO,1
R00441,CM,1
R00441,CS,1
R00441,DW,1
R00441,EO,1
R00441,GM,1
R00441,HD,1
R00441,HO,1
R00441,HV,1
R00441,KM,1
R00441,MG,1
R00441,MH,1
R00441,MK,1
R00441,MN,1
R00441,MR,1
R00441,MS,1
R00441,MT,1
R00441,MW,1
R00441,MX,1
R00441,OC,1
R00441,PO,1
R00441,PR,1
R00441,PS,1
R00441,RO,1
R00441,SO,1
R00441,YL,1
R00443,AA,1
R00443,DA,1
R00443,DS,1
R00443,EC,1
R00443,EG,1
R00443,GD,1
R00443,GG,1
R00443,GN,1
R00443,GS,1
R00443,HA,1
R00443,HX,1
R00443,KG,1
R00443,KI,1
R00443,MN,1
R00443,NG,1
R00443,NS,1
R00443,TY,1
R00443,VN,1
R00443,YA,1
R00443,YG,1
R00443,YI,1
R00443,YM,1
R00443,YN,1
R00443,YS,1
R00444,TS,2
R00444,UP,2
R00444,GR,1
R00448,GC,1
R00449,DB,1
R00449,GM,1
R00449,HM,1
R00449,MB,1
R00449,MK,1
R00449,MN,1
R00449,MR,1
R00449,MS,1
R00449,MT,1
R00449,TP,1
R00449,VK,1
R00449,VN,1
R00449,VT,1
R00451,LB,3
R00451,VB,3
R00451,XB,3
R00451,XC,3
R00451,XE,3
R00451,CW,1
R00451,LF,1
R00451,LP,1
R00451,SC,1
R00451,SD,1
R00452,LB,3
R00452,VB,3
R00452,XB,3
R00452,XC,3
R00452,XE,3
R00452,CW,1
R00452,LF,1
R00452,LP,1
R00452,SC,1
R00452,SD,1
R00453,DB,1
R00453,GM,1
R00453,HM,1
R00453,MB,1
R00453,MK,1
R00453,MN,1
R00453,MR,1
R00453,MS,1
R00453,MT,1
R00453,TP,1
R00453,VK,1
R00453,VN,1
R00453,VT,1
R00455,AA,3
R00455,DS,3
R00455,EC,3
R00455,GD,3
R00455,GG,3
R00455,GS,3
R00455,HA,3
R00455,HX,3
R00455,KG,3
R00455,MN,3
R00455,NG,3
R00455,NS,3
R00455,PH,3
R00455,PL,3
R00455,PY,3
R00455,TY,3
R00455,VN,3
R00455,YA,3
R00455,YG,3
R00455,YI,3
R00455,YM,3
R00455,YN,3
R00455,YS,3
R00455,BH,2
R00455,BY,2
R00455,CE,2
R00455,CY,2
R00455,DA,2
R00455,EG,2
R00455,GN,2
R00455,HH,2
R00455,HY,2
R00455,KI,2
R00455,PB,2
R00455,PE,2
R00455,PM,2
R00455,PO,2
R00455,PP,2
R00455,PW,2
R00455,PX,2
R00455,SL,2
R00455,WH,2
R00455,WR,2
R00455,XL,2
R00455,AB,1
R00455,AM,1
R00455,AT,1
R00455,BB,1
R00455,BC,1
R00455,BE,1
R00455,BG,1
R00455,BI,1
R00455,BJ,1
R00455,BK,1
R00455,BL,1
R00455,BM,1
R00455,BO,1
R00455,BP,1
R00455,BS,1
R00455,BV,1
R00455,BW,1
R00455,BX,1
R00455,CA,1
R00455,CB,1
R00455,CK,1
R00455,CZ,1
R00455,DO,1
R00455,DT,1
R00455,DY,1
R00455,EY,1
R00455,GT,1
R00455,GW,1
R00455,HB,1
R00455,HG,1
R00455,HO,1
R00455,HT,1
R00455,HV,1
R00455,KH,1
R00455,LH,1
R00455,ME,1
R00455,MM,1
R00455,MP,1
R00455,MT,1
R00455,MW,1
R00455,NB,1
R00455,NT,1
R00455,OP,1
R00455,PJ,1
R00455,PR,1
R00455,PS,1
R00455,PV,1
R00455,RH,1
R00455,RL,1
R00455,RY,1
R00455,SE,1
R00455,SH,1
R00455,SO,1
R00455,SP,1
R00455,SX,1
R00455,SY,1
R00455,TC,1
R00455,TE,1
R00455,VT,1
R00455,WB,1
R00455,WI,1
R00455,WK,1
R00455,WM,1
R00455,WO,1
R00455,WT,1
R00455,XH,1
R00455,YK,1
R00455,YL,1
R00455,YT,1
R00457,BE,1
R00457,BK,1
R00457,BM,1
R00457,BS,1
R00457,BX,1
R00457,CG,1
R00457,CK,1
R00457,CM,1
R00457,CS,1
R00457,CU,1
R00457,DB,1
R00457,DW,1
R00457,EP,1
R00457,EW,1
R00457,EX,1
R00457,GM,1
R00457,HG,1
R00457,HM,1
R00457,JG,1
R00457,JO,1
R00457,KH,1
R00457,KM,1
R00457,KN,1
R00457,LM,1
R00457,LY,1
R00457,MA,1
R00457,MB,1
R00457,MC,1
R00457,MG,1
R00457,MH,1
R00457,MJ,1
R00457,MN,1
R00457,MP,1
R00457,MR,1
R00457,MS,1
R00457,MT,1
R00457,MW,1
R00457,MX,1
R00457,NN,1
R00457,NO,1
R00457,NR,1
R00457,NW,1
R00457,NX,1
R00457,PE,1
R00457,PG,1
R00457,PM,1
R00457,PP,1
R00457,PR,1
R00457,PS,1
R00457,PX,1
R00457,RE,1
R00457,RM,1
R00457,RP,1
R00457,RW,1
R00457,RX,1
R00457,SE,1
R00457,SX,1
R00457,TM,1
R00457,TP,1
R00457,WS,1
R00457,XH,1
R00458,PD,3
R00458,PU,3
R00458,SW,3
R00458,WV,3
R00458,BU,2
R00458,EF,2
R00458,EU,2
R00458,LE,2
R00458,RU,2
R00458,SU,2
R00458,WC,2
R00458,WU,2
R00458,WW,2
R00458,WX,2
R00458,DK,1
R00458,HE,1
R00460,AH,1
R00460,BH,1
R00460,DB,1
R00460,DS,1
R00460,DT,1
R00460,DW,1
R00460,GD,1
R00460,GH,1
R00460,HA,1
R00460,HD,1
R00460,HH,1
R00460,HL,1
R00460,HM,1
R00460,HO,1
R00460,HT,1
R00460,HU,1
R00460,LY,1
R00460,NH,1
R00460,NP,1
R00460,PH,1
R00460,RH,1
R00460,TP,1
R00460,WH,1
R00460,WK,1
R00460,WY,1
R00460,YA,1
R00460,YG,1
R00460,YL,1
R00460,YM,1
R00461,CT,1
R00461,FB,1
R00461,FL,1
R00461,FN,1
R00461,HK,1
R00461,HS,1
R00461,KL,1
R00461,NK,1
R00464,EC,8
R00464,KG,8
R00464,TY,8
R00464,AA,6
R00464,TE,6
R00464,GG,5
R00464,GS,5
R00464,KY,5
R00464,NG,5
R00464,NS,5
R00464,AT,4
R00464,DS,4
R00464,EE,4
R00464,ER,4
R00464,GD,4
R00464,GU,4
R00464,HA,4
R00464,HU,4
R00464,AL,3
R00464,AM,3
R00464,AN,3
R00464,AS,3
R00464,AY,3
R00464,GT,3
R00464,HX,3
R00464,KP,3
R00464,KS,3
R00464,LN,3
R00464,MN,3
R00464,NT,3
R00464,VN,3
R00464,YA,3
R00464,YG,3
R00464,YI,3
R00464,YM,3
R00464,YN,3
R00464,YS,3
R00464,AC,2
R00464,AD,2
R00464,AH,2
R00464,DA,2
R00464,DO,2
R00464,DT,2
R00464,ED,2
R00464,EG,2
R00464,EY,2
R00464,GN,2
R00464,HT,2
R00464,KE,2
R00464,KI,2
R00464,BY,1
R00464,CY,1
R00464,DY,1
R00464,GH,1
R00464,GL,1
R00464,HY,1
R00464,MT,1
R00464,NH,1
R00464,PS,1
R00464,PY,1
R00464,RY,1
R00464,VT,1
R00464,WA,1
R00464,YT,1
R00465,AA,3
R00465,DS,3
R00465,EC,3
R00465,GD,3
R00465,GG,3
R00465,GS,3
R00465,HA,3
R00465,HX,3
R00465,KG,3
R00465,MN,3
R00465,NG,3
R00465,NS,3
R00465,PH,3
R00465,PL,3
R00465,PY,3
R00465,TY,3
R00465,VN,3
R00465,YA,3
R00465,YG,3
R00465,YI,3
R00465,YM,3
R00465,YN,3
R00465,YS,3
R00465,BH,2
R00465,BY,2
R00465,CE,2
R00465,CY,2
R00465,DA,2
R00465,EG,2
R00465,GN,2
R00465,HH,2
R00465,HY,2
R00465,KI,2
R00465,PB,2
R00465,PE,2
R00465,PM,2
R00465,PO,2
R00465,PP,2
R00465,PW,2
R00465,PX,2
R00465,SL,2
R00465,WH,2
R00465,WR,2
R00465,XL,2
R00465,AB,1
R00465,AM,1
R00465,AT,1
R00465,BB,1
R00465,BC,1
R00465,BE,1
R00465,BG,1
R00465,BI,1
R00465,BJ,1
R00465,BK,1
R00465,BL,1
R00465,BM,1
R00465,BO,1
R00465,BP,1
R00465,BS,1
R00465,BV,1
R00465,BW,1
R00465,BX,1
R00465,CA,1
R00465,CB,1
R00465,CK,1
R00465,CZ,1
R00465,DO,1
R00465,DT,1
R00465,DY,1
R00465,EY,1
R00465,GT,1
R00465,GW,1
R00465,HB,1
R00465,HG,1
R00465,HO,1
R00465,HT,1
R00465,HV,1
R00465,KH,1
R00465,LH,1
R00465,ME,1
R00465,MM,1
R00465,MP,1
R00465,MT,1
R00465,MW,1
R00465,NB,1
R00465,NT,1
R00465,OP,1
R00465,PJ,1
R00465,PR,1
R00465,PS,1
R00465,PV,1
R00465,RH,1
R00465,RL,1
R00465,RY,1
R00465,SE,1
R00465,SH,1
R00465,SO,1
R00465,SP,1
R00465,SX,1
R00465,SY,1
R00465,TC,1
R00465,TE,1
R00465,VT,1
R00465,WB,1
R00465,WI,1
R00465,WK,1
R00465,WM,1
R00465,WO,1
R00465,WT,1
R00465,XH,1
R00465,YK,1
R00465,YL,1
R00465,YT,1
R00466,DB,1
R00466,GM,1
R00466,HM,1
R00466,MB,1
R00466,MK,1
R00466,MN,1
R00466,MR,1
R00466,MS,1
R00466,MT,1
R00466,TP,1
R00466,VK,1
R00466,VN,1
R00466,VT,1
R00467,GA,1
R00467,IP,1
R00468,PH,3
R00468,PL,3
R00468,PY,3
R00468,BH,2
R00468,BY,2
R00468,CE,2
R00468,CY,2
R00468,HH,2
R00468,HY,2
R00468,PB,2
R00468,PE,2
R00468,PM,2
R00468,PO,2
R00468,PP,2
R00468,PW,2
R00468,PX,2
R00468,SL,2
R00468,WH,2
R00468,WR,2
R00468,XL,2
R00468,AB,1
R00468,AM,1
R00468,BB,1
R00468,BC,1
R00468,BE,1
R00468,BG,1
R00468,BI,1
R00468,BJ,1
R00468,BK,1
R00468,BL,1
R00468,BM,1
R00468,BO,1
R00468,BP,1
R00468,BS,1
R00468,BV,1
R00468,BW,1
R00468,BX,1
R00468,CA,1
R00468,CB,1
R00468,CK,1
R00468,CZ,1
R00468,DY,1
R00468,EY,1
R00468,GW,1
R00468,HB,1
R00468,HG,1
R00468,HO,1
R00468,HV,1
R00468,KH,1
R00468,LH,1
R00468,ME,1
R00468,MM,1
R00468,MP,1
R00468,MW,1
R00468,NB,1
R00468,OP,1
R00468,PJ,1
R00468,PR,1
R00468,PS,1
R00468,PV,1
R00468,RH,1
R00468,RL,1
R00468,RY,1
R00468,SE,1
R00468,SH,1
R00468,SO,1
R00468,SP,1
R00468,SX,1
R00468,SY,1
R00468,TC,1
R00468,WB,1
R00468,WI,1
R00468,WK,1
R00468,WM,1
R00468,WO,1
R00468,WT,1
R00468,XH,1
R00468,YK,1
R00468,YL,1
R00469,DE,2
R00469,EL,2
R00469,FA,2
R00469,FL,2
R00469,FN,2
R00469,FV,2
R00469,NK,2
R00469,OT,2
R00469,RA,2
R00469,VL,2
R00469,VR,2
R00469,BU,1
R00469,EU,1
R00469,FT,1
R00469,PD,1
R00469,PK,1
R00469,PU,1
R00469,RU,1
R00469,SU,1
R00469,SW,1
R00469,WC,1
R00469,WU,1
R00470,EC,9
R00470,KG,9
R00470,TY,9
R00470,TE,7
R00470,AA,6
R00470,KY,6
R00470,EE,5
R00470,ER,5
R00470,GG,5
R00470,GS,5
R00470,GU,5
R00470,HU,5
R00470,NG,5
R00470,NS,5
R00470,AM,4
R00470,AN,4
R00470,AS,4
R00470,AT,4
R00470,DS,4
R00470,GD,4
R00470,HA,4
R00470,KP,4
R00470,KS,4
R00470,LN,4
R00470,AC,3
R00470,AL,3
R00470,AY,3
R00470,GT,3
R00470,HX,3
R00470,KE,3
R00470,MN,3
R00470,NT,3
R00470,VN,3
R00470,YA,3
R00470,YG,3
R00470,YI,3
R00470,YM,3
R00470,YN,3
R00470,YS,3
R00470,AD,2
R00470,AH,2
R00470,DA,2
R00470,DO,2
R00470,DT,2
R00470,ED,2
R00470,EG,2
R00470,EY,2
R00470,GN,2
R00470,HT,2
R00470,KI,2
R00470,BY,1
R00470,CY,1
R00470,DY,1
R00470,GH,1
R00470,GL,1
R00470,HY,1
R00470,MT,1
R00470,NH,1
R00470,PS,1
R00470,PY,1
R00470,RY,1
R00470,VT,1
R00470,WA,1
R00470,YT,1
R00473,MN,3
R00473,VN,3
R00473,AA,2
R00473,DS,2
R00473,EC,2
R00473,GD,2
R00473,GG,2
R00473,GS,2
R00473,HA,2
R00473,HX,2
R00473,KG,2
R00473,MT,2
R00473,NG,2
R00473,NS,2
R00473,TY,2
R00473,VT,2
R00473,YA,2
R00473,YG,2
R00473,YI,2
R00473,YM,2
R00473,YN,2
R00473,YS,2
R00473,AT,1
R00473,DA,1
R00473,DB,1
R00473,DO,1
R00473,DT,1
R00473,EG,1
R00473,GM,1
R00473,GN,1
R00473,GT,1
R00473,HM,1
R00473,HT,1
R00473,KI,1
R00473,MB,1
R00473,MK,1
R00473,MR,1
R00473,MS,1
R00473,NT,1
R00473,TE,1
R00473,TP,1
R00473,VK,1
R00473,YT,1
R00477,EC,4
R00477,EE,4
R00477,ER,4
R00477,GU,4
R00477,HU,4
R00477,KG,4
R00477,KY,4
R00477,TE,4
R00477,TY,4
R00477,AM,3
R00477,AN,3
R00477,AS,3
R00477,KP,3
R00477,KS,3
R00477,LN,3
R00477,AA,2
R00477,AC,2
R00477,AD,2
R00477,AH,2
R00477,AL,2
R00477,AT,2
R00477,AY,2
R00477,ED,2
R00477,KE,2
R00477,EY,1
R00477,GG,1
R00477,GH,1
R00477,GL,1
R00477,GS,1
R00477,GT,1
R00477,NG,1
R00477,NH,1
R00477,NS,1
R00477,NT,1
R00477,PS,1
R00477,WA,1
R00480,AG,1
R00480,FW,1
R00480,GK,1
R00480,GO,1
R00480,SR,1
R00480,WN,1
R00482,AM,2
R00482,BB,2
R00482,BH,2
R00482,BY,2
R00482,CE,2
R00482,CY,2
R00482,DO,2
R00482,DW,2
R00482,DY,2
R00482,EY,2
R00482,HD,2
R00482,HH,2
R00482,HO,2
R00482,HY,2
R00482,MB,2
R00482,MM,2
R00482,MW,2
R00482,MY,2
R00482,NB,2
R00482,PH,2
R00482,PL,2
R00482,PR,2
R00482,PS,2
R00482,PY,2
R00482,RH,2
R00482,RL,2
R00482,RY,2
R00482,SH,2
R00482,SL,2
R00482,SY,2
R00482,TC,2
R00482,WH,2
R00482,WK,2
R00482,XL,2
R00482,YK,2
R00482,HV,1
R00482,JL,1
R00482,MS,1
R00482,YL,1
R00485,EC,3
R00485,EE,3
R00485,ER,3
R00485,GU,3
R00485,HU,3
R00485,KG,3
R00485,KY,3
R00485,TE,3
R00485,TY,3
R00485,AA,2
R00485,AD,2
R00485,AH,2
R00485,AL,2
R00485,AM,2
R00485,AN,2
R00485,AS,2
R00485,AT,2
R00485,AY,2
R00485,ED,2
R00485,KP,2
R00485,KS,2
R00485,LN,2
R00485,AC,1
R00485,EY,1
R00485,GG,1
R00485,GH,1
R00485,GL,1
R00485,GS,1
R00485,GT,1
R00485,KE,1
R00485,NG,1
R00485,NH,1
R00485,NS,1
R00485,NT,1
R00485,PS,1
R00485,WA,1
R00486,AA,3
R00486,DS,3
R00486,EC,3
R00486,GD,3
R00486,GG,3
R00486,GS,3
R00486,HA,3
R00486,HX,3
R00486,KG,3
R00486,MN,3
R00486,NG,3
R00486,NS,3
R00486,TY,3
R00486,VN,3
R00486,YA,3
R00486,YG,3
R00486,YI,3
R00486,YM,3
R00486,YN,3
R00486,YS,3
R00486,DA,2
R00486,EG,2
R00486,GN,2
R00486,KI,2
R00486,AT,1
R00486,DO,1
R00486,DT,1
R00486,GT,1
R00486,HT,1
R00486,MT,1
R00486,NT,1
R00486,TE,1
R00486,VT,1
R00486,YT,1
R00488,DE,1
R00488,FV,1
R00488,NK,1
R00488,RA,1
R00488,SV,1
R00489,DE,1
R00489,FV,1
R00489,NK,1
R00489,RA,1
R00489,SV,1
R00491,BR,1
R00491,CT,1
R00491,FL,1
R00491,FN,1
R00491,FV,1
R00491,NK,1
R00491,VL,1
R00493,AB,2
R00493,AC,2
R00493,AM,2
R00493,AN,2
R00493,AP,2
R00493,AS,2
R00493,EA,2
R00493,PI,1
R00495,AM,2
R00495,BB,2
R00495,BH,2
R00495,BY,2
R00495,CE,2
R00495,CY,2
R00495,DO,2
R00495,DW,2
R00495,DY,2
R00495,EY,2
R00495,HD,2
R00495,HH,2
R00495,HO,2
R00495,HY,2
R00495,MB,2
R00495,MM,2
R00495,MW,2
R00495,MY,2
R00495,NB,2
R00495,PH,2
R00495,PL,2
R00495,PR,2
R00495,PS,2
R00495,PY,2
R00495,RH,2
R00495,RL,2
R00495,RY,2
R00495,SH,2
R00495,SL,2
R00495,SY,2
R00495,TC,2
R00495,WH,2
R00495,WK,2
R00495,XL,2
R00495,YK,2
R00495,HV,1
R00495,JL,1
R00495,MS,1
R00495,YL,1
R00496,EC,8
R00496,KG,8
R00496,TY,8
R00496,AA,6
R00496,TE,6
R00496,GG,5
R00496,GS,5
R00496,KY,5
R00496,NG,5
R00496,NS,5
R00496,AT,4
R00496,DS,4
R00496,EE,4
R00496,ER,4
R00496,GD,4
R00496,GU,4
R00496,HA,4
R00496,HU,4
R00496,AL,3
R00496,AM,3
R00496,AN,3
R00496,AS,3
R00496,AY,3
R00496,GT,3
R00496,HX,3
R00496,KP,3
R00496,KS,3
R00496,LN,3
R00496,MN,3
R00496,NT,3
R00496,VN,3
R00496,YA,3
R00496,YG,3
R00496,YI,3
R00496,YM,3
R00496,YN,3
R00496,YS,3
R00496,AC,2
R00496,AD,2
R00496,AH,2
R00496,DA,2
R00496,DO,2
R00496,DT,2
R00496,ED,2
R00496,EG,2
R00496,EY,2
R00496,GN,2
R00496,HT,2
R00496,KE,2
R00496,KI,2
R00496,BY,1
R00496,CY,1
R00496,DY,1
R00496,GH,1
R00496,GL,1
R00496,HY,1
R00496,MT,1
R00496,NH,1
R00496,PS,1
R00496,PY,1
R00496,RY,1
R00496,VT,1
R00496,WA,1
R00496,YT,1
R00498,CS,2
R00498,MW,2
R00498,PG,2
R00498,RE,2
R00498,RM,2
R00498,RO,2
R00498,RP,2
R00498,RW,2
R00498,RX,2
R00498,AC,1
R00498,AM,1
R00498,AS,1
R00498,BB,1
R00498,BE,1
R00498,BK,1
R00498,BM,1
R00498,BO,1
R00498,BS,1
R00498,BX,1
R00498,CG,1
R00498,CK,1
R00498,CL,1
R00498,CM,1
R00498,CU,1
R00498,EM,1
R00498,EO,1
R00498,EP,1
R00498,EW,1
R00498,EX,1
R00498,GC,1
R00498,GM,1
R00498,HD,1
R00498,HG,1
R00498,HM,1
R00498,HO,1
R00498,KH,1
R00498,KM,1
R00498,KN,1
R00498,LM,1
R00498,LY,1
R00498,MA,1
R00498,MC,1
R00498,MG,1
R00498,MH,1
R00498,MJ,1
R00498,MK,1
R00498,MN,1
R00498,MP,1
R00498,MR,1
R00498,MS,1
R00498,MT,1
R00498,MX,1
R00498,NN,1
R00498,NO,1
R00498,NR,1
R00498,NW,1
R00498,NX,1
R00498,OC,1
R00498,OP,1
R00498,PE,1
R00498,PM,1
R00498,PO,1
R00498,PP,1
R00498,PR,1
R00498,PS,1
R00498,PX,1
R00498,RB,1
R00498,RF,1
R00498,RH,1
R00498,RJ,1
R00498,RL,1
R00498,RV,1
R00498,RY,1
R00498,SE,1
R00498,SK,1
R00498,SM,1
R00498,SO,1
R00498,SX,1
R00498,TM,1
R00498,TO,1
R00498,TP,1
R00498,WM,1
R00498,WS,1
R00498,XB,1
R00498,XH,1
R00498,XS,1
R00498,YL,1
R00504,BB,1
R00504,CS,1
R00504,LH,1
R00504,MW,1
R00504,PG,1
R00504,RB,1
R00504,RE,1
R00504,RF,1
R00504,RH,1
R00504,RJ,1
R00504,RL,1
R00504,RM,1
R00504,RO,1
R00504,RP,1
R00504,RV,1
R00504,RW,1
R00504,RX,1
R00504,RY,1
R00504,SM,1
R00504,XB,1
R00504,XS,1
R00507,EC,6
R00507,KG,6
R00507,TY,6
R00507,KY,5
R00507,TE,5
R00507,AA,4
R00507,EE,4
R00507,ER,4
R00507,GU,4
R00507,HU,4
R00507,AL,3
R00507,AM,3
R00507,AN,3
R00507,AS,3
R00507,AT,3
R00507,AY,3
R00507,GG,3
R00507,GS,3
R00507,KP,3
R00507,KS,3
R00507,LN,3
R00507,NG,3
R00507,NS,3
R00507,AC,2
R00507,AD,2
R00507,AH,2
R00507,DS,2
R00507,ED,2
R00507,EY,2
R00507,GD,2
R00507,GT,2
R00507,HA,2
R00507,KE,2
R00507,NT,2
R00507,BY,1
R00507,CY,1
R00507,DA,1
R00507,DO,1
R00507,DT,1
R00507,DY,1
R00507,EG,1
R00507,GH,1
R00507,GL,1
R00507,GN,1
R00507,HT,1
R00507,HX,1
R00507,HY,1
R00507,KI,1
R00507,MN,1
R00507,NH,1
R00507,PS,1
R00507,PY,1
R00507,RY,1
R00507,VN,1
R00507,WA,1
R00507,YA,1
R00507,YG,1
R00507,YI,1
R00507,YM,1
R00507,YN,1
R00507,YS,1
R00508,BK,2
R00508,CK,2
R00508,CU,2
R00508,DB,2
R00508,DW,2
R00508,EP,2
R00508,KH,2
R00508,KM,2
R00508,KN,2
R00508,PP,2
R00508,PR,2
R00508,RP,2
R00508,BE,1
R00508,BM,1
R00508,BS,1
R00508,BX,1
R00508,CG,1
R00508,CM,1
R00508,CP,1
R00508,CS,1
R00508,DH,1
R00508,DP,1
R00508,EW,1
R00508,EX,1
R00508,GM,1
R00508,GP,1
R00508,HG,1
R00508,HM,1
R00508,JG,1
R00508,JK,1
R00508,JO,1
R00508,JP,1
R00508,KW,1
R00508,LM,1
R00508,LY,1
R00508,MA,1
R00508,MB,1
R00508,MC,1
R00508,MG,1
R00508,MH,1
R00508,MJ,1
R00508,MN,1
R00508,MP,1
R00508,MR,1
R00508,MS,1
R00508,MT,1
R00508,MW,1
R00508,MX,1
R00508,NN,1
R00508,NO,1
R00508,NP,1
R00508,NR,1
R00508,NW,1
R00508,NX,1
R00508,PE,1
R00508,PG,1
R00508,PM,1
R00508,PS,1
R00508,PX,1
R00508,RE,1
R00508,RM,1
R00508,RW,1
R00508,RX,1
R00508,SE,1
R00508,SX,1
R00508,TM,1
R00508,TP,1
R00508,WS,1
R00508,XH,1
R00508,XP,1
R00508,XV,1
R00508,XW,1
R00513,AD,1
R00513,BG,1
R00513,BH,1
R00513,DB,1
R00513,DG,1
R00513,DO,1
R00513,DP,1
R00513,DS,1
R00513,DT,1
R00513,DW,1
R00513,ED,1
R00513,EE,1
R00513,EM,1
R00513,GD,1
R00513,HD,1
R00513,HH,1
R00513,HO,1
R00513,HV,1
R00513,LN,1
R00513,LX,1
R00513,NB,1
R00513,PH,1
R00513,RH,1
R00513,SH,1
R00513,TC,1
R00513,WH,1
R00513,WK,1
R00513,YK,1
R00513,YL,1
R00514,AF,2
R00514,FH,2
R00514,RA,2
R00514,FA,1
R00514,FC,1
R00514,FO,1
R00514,FS,1
R00514,FT,1
R00514,FV,1
R00514,KL,1
R00514,TU,1
R00514,VA,1
R00514,VB,1
R00514,VH,1
R00514,VR,1
R00516,BR,2
R00516,CT,2
R00516,FL,2
R00516,FN,2
R00516,FV,2
R00516,NK,2
R00516,DE,1
R00516,FB,1
R00516,RA,1
R00516,SV,1
R00516,TU,1
R00516,VL,1
R00517,LB,3
R00517,VB,3
R00517,XB,3
R00517,XC,3
R00517,XE,3
R00517,CW,1
R00517,LF,1
R00517,LP,1
R00517,SC,1
R00517,SD,1
R00518,DK,1
R00518,HE,1
R00518,PD,1
R00518,PU,1
R00518,SW,1
R00518,WV,1
R00521,BE,1
R00521,BK,1
R00521,BM,1
R00521,BS,1
R00521,BX,1
R00521,CG,1
R00521,CK,1
R00521,CM,1
R00521,CS,1
R00521,CU,1
R00521,DB,1
R00521,DW,1
R00521,EP,1
R00521,EW,1
R00521,EX,1
R00521,GM,1
R00521,HG,1
R00521,HM,1
R00521,JG,1
R00521,JO,1
R00521,KH,1
R00521,KM,1
R00521,KN,1
R00521,LM,1
R00521,LY,1
R00521,MA,1
R00521,MB,1
R00521,MC,1
R00521,MG,1
R00521,MH,1
R00521,MJ,1
R00521,MN,1
R00521,MP,1
R00521,MR,1
R00521,MS,1
R00521,MT,1
R00521,MW,1
R00521,MX,1
R00521,NN,1
R00521,NO,1
R00521,NR,1
R00521,NW,1
R00521,NX,1
R00521,PE,1
R00521,PG,1
R00521,PM,1
R00521,PP,1
R00521,PR,1
R00521,PS,1
R00521,PX,1
R00521,RE,1
R00521,RM,1
R00521,RP,1
R00521,RW,1
R00521,RX,1
R00521,SE,1
R00521,SX,1
R00521,TM,1
R00521,TP,1
R00521,WS,1
R00521,XH,1
R00522,AF,1
R00522,FA,1
R00522,FC,1
R00522,FH,1
R00522,FO,1
R00522,FS,1
R00522,FT,1
R00522,FV,1
R00522,KL,1
R00522,RA,1
R00522,TU,1
R00522,VA,1
R00522,VH,1
R00522,VR,1
R00524,RA,3
R00524,AR,2
R00524,KL,2
R00524,SV,2
R00524,VH,2
R00524,VR,2
R00524,DE,1
R00524,FB,1
R00524,FO,1
R00524,FS,1
R00524,FV,1
R00524,HC,1
R00524,NK,1
R00524,TN,1
R00524,TU,1
R00524,VA,1
R00524,XE,1
R00525,AF,1
R00525,FA,1
R00525,FC,1
R00525,FH,1
R00525,FO,1
R00525,FS,1
R00525,FT,1
R00525,FV,1
R00525,KL,1
R00525,RA,1
R00525,TU,1
R00525,VA,1
R00525,VH,1
R00525,VR,1
R00526,BR,2
R00526,CT,2
R00526,FL,2
R00526,NK,2
R00526,VL,2
R00526,FN,1
R00526,FV,1
R00528,AF,2
R00528,FH,2
R00528,RA,2
R00528,FA,1
R00528,FC,1
R00528,FO,1
R00528,FS,1
R00528,FT,1
R00528,FV,1
R00528,KL,1
R00528,TU,1
R00528,VA,1
R00528,VB,1
R00528,VH,1
R00528,VR,1
R00536,BR,2
R00536,CT,2
R00536,FL,2
R00536,NK,2
R00536,VL,2
R00536,FN,1
R00536,FV,1
R00539,AF,2
R00539,FH,2
R00539,RA,2
R00539,FA,1
R00539,FC,1
R00539,FO,1
R00539,FS,1
R00539,FT,1
R00539,FV,1
R00539,KL,1
R00539,TU,1
R00539,VA,1
R00539,VB,1
R00539,VH,1
R00539,VR,1
R00542,AF,2
R00542,FH,2
R00542,RA,2
R00542,FA,1
R00542,FC,1
R00542,FO,1
R00542,FS,1
R00542,FT,1
R00542,FV,1
R00542,KL,1
R00542,TU,1
R00542,VA,1
R00542,VB,1
R00542,VH,1
R00542,VR,1
R00550,GW,2
R00550,WE,2
R00550,BB,1
R00550,BL,1
R00550,CZ,1
R00550,HP,1
R00550,LA,1
R00550,LG,1
R00550,LH,1
R00550,LW,1
R00550,MP,1
R00550,MW,1
R00550,PB,1
R00550,PC,1
R00550,PE,1
R00550,PG,1
R00550,PH,1
R00550,PJ,1
R00550,PL,1
R00550,PM,1
R00550,PO,1
R00550,PP,1
R00550,PV,1
R00550,PW,1
R00550,PX,1
R00550,PY,1
R00550,PZ,1
R00550,RG,1
R00550,SS,1
R00550,WP,1
R00550,WR,1
R00562,CK,2
R00562,MC,2
R00562,OC,2
R00562,SE,2
R00562,SO,2
R00562,SX,2
R00562,AC,1
R00562,AM,1
R00562,AS,1
R00562,AW,1
R00562,BE,1
R00562,BK,1
R00562,BM,1
R00562,BO,1
R00562,BS,1
R00562,BU,1
R00562,BX,1
R00562,CB,1
R00562,CG,1
R00562,CL,1
R00562,CM,1
R00562,CS,1
R00562,CU,1
R00562,CY,1
R00562,EM,1
R00562,EO,1
R00562,EP,1
R00562,EW,1
R00562,EX,1
R00562,GM,1
R00562,HD,1
R00562,HG,1
R00562,HM,1
R00562,HO,1
R00562,KH,1
R00562,KM,1
R00562,KN,1
R00562,LA,1
R00562,LM,1
R00562,LW,1
R00562,LY,1
R00562,MA,1
R00562,MG,1
R00562,MH,1
R00562,MJ,1
R00562,MK,1
R00562,MN,1
R00562,MP,1
R00562,MR,1
R00562,MS,1
R00562,MT,1
R00562,MW,1
R00562,MX,1
R00562,NN,1
R00562,NO,1
R00562,NR,1
R00562,NW,1
R00562,NX,1
R00562,OP,1
R00562,PE,1
R00562,PG,1
R00562,PM,1
R00562,PO,1
R00562,PP,1
R00562,PR,1
R00562,PS,1
R00562,PX,1
R00562,RE,1
R00562,RM,1
R00562,RO,1
R00562,RP,1
R00562,RW,1
R00562,RX,1
R00562,SB,1
R00562,SK,1
R00562,SL,1
R00562,SN,1
R00562,SP,1
R00562,TM,1
R00562,TO,1
R00562,TP,1
R00562,WB,1
R00562,WC,1
R00562,WD,1
R00562,WH,1
R00562,WI,1
R00562,WS,1
R00562,WT,1
R00562,XH,1
R00562,YL,1
R00564,OV,2
R00567,OV,2
R00568,BJ,1
R00568,CH,1
R00568,CL,1
R00568,EJ,1
R00568,GJ,1
R00568,JG,1
R00568,JK,1
R00568,JO,1
R00568,JP,1
R00568,MJ,1
R00568,NJ,1
R00568,RJ,1
R00568,XJ,1
R00579,BJ,1
R00579,CH,1
R00579,CL,1
R00579,EJ,1
R00579,GJ,1
R00579,JG,1
R00579,JK,1
R00579,JO,1
R00579,JP,1
R00579,MJ,1
R00579,NJ,1
R00579,RJ,1
R00579,XJ,1
R00581,BE,2
R00581,CG,2
R00581,HG,2
R00581,LM,2
R00581,PE,2
R00581,PG,2
R00581,RE,2
R00581,SE,2
R00581,WS,2
R00581,BJ,1
R00581,BK,1
R00581,BM,1
R00581,BO,1
R00581,BS,1
R00581,BV,1
R00581,BX,1
R00581,CK,1
R00581,CM,1
R00581,CS,1
R00581,CV,1
R00581,EJ,1
R00581,EO,1
R00581,EP,1
R00581,EV,1
R00581,EW,1
R00581,EX,1
R00581,GB,1
R00581,GJ,1
R00581,GP,1
R00581,GV,1
R00581,GX,1
R00581,GY,1
R00581,KH,1
R00581,KN,1
R00581,LC,1
R00581,MA,1
R00581,MC,1
R00581,MG,1
R00581,MW,1
R00581,NC,1
R00581,NJ,1
R00581,NV,1
R00581,NW,1
R00581,NX,1
R00581,PM,1
R00581,PO,1
R00581,PP,1
R00581,PX,1
R00581,RJ,1
R00581,RM,1
R00581,RO,1
R00581,RP,1
R00581,RV,1
R00581,RW,1
R00581,RX,1
R00581,SO,1
R00581,SX,1
R00581,TC,1
R00581,TM,1
R00581,TO,1
R00581,TV,1
R00581,WG,1
R00581,XH,1
R00582,AA,3
R00582,DS,3
R00582,EC,3
R00582,GD,3
R00582,GG,3
R00582,GS,3
R00582,HA,3
R00582,HX,3
R00582,KG,3
R00582,MN,3
R00582,NG,3
R00582,NS,3
R00582,PH,3
R00582,PL,3
R00582,PY,3
R00582,TY,3
R00582,VN,3
R00582,YA,3
R00582,YG,3
R00582,YI,3
R00582,YM,3
R00582,YN,3
R00582,YS,3
R00582,BH,2
R00582,BY,2
R00582,CE,2
R00582,CY,2
R00582,DA,2
R00582,EG,2
R00582,GN,2
R00582,HH,2
R00582,HY,2
R00582,KI,2
R00582,PB,2
R00582,PE,2
R00582,PM,2
R00582,PO,2
R00582,PP,2
R00582,PW,2
R00582,PX,2
R00582,SL,2
R00582,WH,2
R00582,WR,2
R00582,XL,2
R00582,AB,1
R00582,AM,1
R00582,AT,1
R00582,BB,1
R00582,BC,1
R00582,BE,1
R00582,BG,1
R00582,BI,1
R00582,BJ,1
R00582,BK,1
R00582,BL,1
R00582,BM,1
R00582,BO,1
R00582,BP,1
R00582,BS,1
R00582,BV,1
R00582,BW,1
R00582,BX,1
R00582,CA,1
R00582,CB,1
R00582,CK,1
R00582,CZ,1
R00582,DO,1
R00582,DT,1
R00582,DY,1
R00582,EY,1
R00582,GT,1
R00582,GW,1
R00582,HB,1
R00582,HG,1
R00582,HO,1
R00582,HT,1
R00582,HV,1
R00582,KH,1
R00582,LH,1
R00582,ME,1
R00582,MM,1
R00582,MP,1
R00582,MT,1
R00582,MW,1
R00582,NB,1
R00582,NT,1
R00582,OP,1
R00582,PJ,1
R00582,PR,1
R00582,PS,1
R00582,PV,1
R00582,RH,1
R00582,RL,1
R00582,RY,1
R00582,SE,1
R00582,SH,1
R00582,SO,1
R00582,SP,1
R00582,SX,1
R00582,SY,1
R00582,TC,1
R00582,TE,1
R00582,VT,1
R00582,WB,1
R00582,WI,1
R00582,WK,1
R00582,WM,1
R00582,WO,1
R00582,WT,1
R00582,XH,1
R00582,YK,1
R00582,YL,1
R00582,YT,1
R00586,AA,1
R00586,DA,1
R00586,DS,1
R00586,EC,1
R00586,EG,1
R00586,GD,1
R00586,GG,1
R00586,GN,1
R00586,GS,1
R00586,HA,1
R00586,HX,1
R00586,KG,1
R00586,KI,1
R00586,MN,1
R00586,NG,1
R00586,NS,1
R00586,TY,1
R00586,VN,1
R00586,YA,1
R00586,YG,1
R00586,YI,1
R00586,YM,1
R00586,YN,1
R00586,YS,1
R00589,EJ,4
R00589,EO,4
R00589,EP,4
R00589,EV,4
R00589,EW,4
R00589,EX,4
R00589,LC,4
R00589,LM,4
R00589,MA,4
R00589,TV,4
R00589,ES,3
R00589,SF,3
R00589,BE,2
R00589,BJ,2
R00589,BK,2
R00589,BM,2
R00589,BO,2
R00589,BS,2
R00589,BV,2
R00589,BX,2
R00589,CK,2
R00589,CS,2
R00589,EB,2
R00589,HG,2
R00589,KH,2
R00589,KN,2
R00589,MW,2
R00589,NJ,2
R00589,NV,2
R00589,NW,2
R00589,NX,2
R00589,PE,2
R00589,PG,2
R00589,PM,2
R00589,PO,2
R00589,PP,2
R00589,PX,2
R00589,RE,2
R00589,RJ,2
R00589,RM,2
R00589,RO,2
R00589,RP,2
R00589,RV,2
R00589,RW,2
R00589,RX,2
R00589,SE,2
R00589,SO,2
R00589,SX,2
R00589,TL,2
R00589,TM,2
R00589,TO,2
R00589,WM,2
R00589,WS,2
R00589,XH,2
R00589,BB,1
R00589,BH,1
R00589,BY,1
R00589,CE,1
R00589,CG,1
R00589,CM,1
R00589,CV,1
R00589,CY,1
R00589,DG,1
R00589,DL,1
R00589,DY,1
R00589,EM,1
R00589,EN,1
R00589,HH,1
R00589,HY,1
R00589,MC,1
R00589,NC,1
R00589,PH,1
R00589,PL,1
R00589,PY,1
R00589,RF,1
R00589,RH,1
R00589,RL,1
R00589,RY,1
R00589,SL,1
R00589,WH,1
R00589,XL,1
R00590,BJ,1
R00590,CH,1
R00590,CL,1
R00590,EJ,1
R00590,GJ,1
R00590,JG,1
R00590,JK,1
R00590,JO,1
R00590,JP,1
R00590,MJ,1
R00590,NJ,1
R00590,RJ,1
R00590,XJ,1
R00592,AW,1
R00592,BJ,1
R00592,BU,1
R00592,CB,1
R00592,CH,1
R00592,CK,1
R00592,CL,1
R00592,CY,1
R00592,EJ,1
R00592,GJ,1
R00592,JG,1
R00592,JK,1
R00592,JO,1
R00592,JP,1
R00592,LA,1
R00592,LW,1
R00592,MC,1
R00592,MJ,1
R00592,NJ,1
R00592,OC,1
R00592,RJ,1
R00592,SB,1
R00592,SE,1
R00592,SL,1
R00592,SN,1
R00592,SO,1
R00592,SP,1
R00592,SX,1
R00592,WB,1
R00592,WC,1
R00592,WD,1
R00592,WH,1
R00592,WI,1
R00592,WT,1
R00592,XJ,1
R00598,BU,1
R00598,EF,1
R00598,EU,1
R00598,LE,1
R00598,PD,1
R00598,PU,1
R00598,RU,1
R00598,SU,1
R00598,SW,1
R00598,WC,1
R00598,WU,1
R00598,WV,1
R00598,WW,1
R00598,WX,1
R00599,BU,1
R00599,EF,1
R00599,EU,1
R00599,LE,1
R00599,PD,1
R00599,PU,1
R00599,RU,1
R00599,SU,1
R00599,SW,1
R00599,WC,1
R00599,WU,1
R00599,WV,1
R00599,WW,1
R00599,WX,1
R00601,AW,1
R00601,BU,1
R00601,CB,1
R00601,CK,1
R00601,CY,1
R00601,LA,1
R00601,LW,1
R00601,MC,1
R00601,OC,1
R00601,SB,1
R00601,SE,1
R00601,SL,1
R00601,SN,1
R00601,SO,1
R00601,SP,1
R00601,SX,1
R00601,WB,1
R00601,WC,1
R00601,WD,1
R00601,WH,1
R00601,WI,1
R00601,WT,1
R00602,EJ,3
R00602,EO,3
R00602,EP,3
R00602,EV,3
R00602,EW,3
R00602,EX,3
R00602,LC,3
R00602,LM,3
R00602,MA,3
R00602,TV,3
R00602,EB,2
R00602,ES,2
R00602,SF,2
R00602,WM,2
R00602,BE,1
R00602,BI,1
R00602,BJ,1
R00602,BK,1
R00602,BM,1
R00602,BO,1
R00602,BS,1
R00602,BV,1
R00602,BX,1
R00602,CG,1
R00602,CK,1
R00602,CM,1
R00602,CS,1
R00602,CV,1
R00602,EN,1
R00602,HG,1
R00602,KH,1
R00602,KN,1
R00602,MC,1
R00602,MW,1
R00602,NC,1
R00602,NJ,1
R00602,NV,1
R00602,NW,1
R00602,NX,1
R00602,PE,1
R00602,PG,1
R00602,PM,1
R00602,PO,1
R00602,PP,1
R00602,PX,1
R00602,RE,1
R00602,RJ,1
R00602,RM,1
R00602,RO,1
R00602,RP,1
R00602,RV,1
R00602,RW,1
R00602,RX,1
R00602,SE,1
R00602,SM,1
R00602,SO,1
R00602,SX,1
R00602,TM,1
R00602,TO,1
R00602,WS,1
R00602,XH,1
R00610,BR,1
R00610,CT,1
R00610,DE,1
R00610,FB,1
R00610,FL,1
R00610,FN,1
R00610,FV,1
R00610,NK,1
R00610,RA,1
R00610,SV,1
R00610,TU,1
R00616,BU,2
R00616,EU,2
R00616,SW,2
R00616,WC,2
R00616,WU,2
R00616,WW,2
R00616,EF,1
R00616,LE,1
R00616,PD,1
R00616,PU,1
R00616,RU,1
R00616,SU,1
R00616,WV,1
R00616,WX,1
R00617,FL,4
R00617,FN,4
R00617,FV,4
R00617,NK,4
R00617,VL,4
R00617,DE,2
R00617,EL,2
R00617,FA,2
R00617,OT,2
R00617,RA,2
R00617,VR,2
R00617,BR,1
R00617,BU,1
R00617,CT,1
R00617,EU,1
R00617,FT,1
R00617,PD,1
R00617,PK,1
R00617,PU,1
R00617,RU,1
R00617,SU,1
R00617,SW,1
R00617,WC,1
R00617,WU,1
R00620,AC,1
R00620,AM,1
R00620,AN,1
R00620,AS,1
R00620,EC,1
R00620,EE,1
R00620,ER,1
R00620,GU,1
R00620,HU,1
R00620,KE,1
R00620,KG,1
R00620,KP,1
R00620,KS,1
R00620,KY,1
R00620,LN,1
R00620,TE,1
R00620,TY,1
R00620,WA,1
R00624,BR,1
R00624,CT,1
R00624,FL,1
R00624,FN,1
R00624,FV,1
R00624,NK,1
R00624,VL,1
R00626,BU,4
R00626,EU,4
R00626,LE,4
R00626,RU,4
R00626,SW,4
R00626,WC,4
R00626,WU,4
R00626,WW,4
R00626,PD,2
R00626,PU,2
R00626,WV,2
R00626,WX,2
R00626,EF,1
R00626,SU,1
R00627,LB,2
R00627,VB,2
R00627,XB,2
R00627,XC,2
R00627,XE,2
R00627,CW,1
R00627,LF,1
R00627,LP,1
R00627,SC,1
R00627,SD,1
R00631,BU,4
R00631,EU,4
R00631,LE,4
R00631,RU,4
R00631,SW,4
R00631,WC,4
R00631,WU,4
R00631,WW,4
R00631,PD,2
R00631,PU,2
R00631,WV,2
R00631,WX,2
R00631,EF,1
R00631,SU,1
R00638,EB,4
R00638,EJ,4
R00638,EO,4
R00638,EP,4
R00638,ES,4
R00638,EV,4
R00638,EW,4
R00638,EX,4
R00638,LC,4
R00638,LM,4
R00638,MA,4
R00638,SF,4
R00638,TV,4
R00638,WM,4
R00638,SM,3
R00638,TL,2
R00638,BI,1
R00638,EN,1
R00639,AM,1
R00639,BB,1
R00639,BH,1
R00639,BY,1
R00639,CE,1
R00639,CY,1
R00639,DO,1
R00639,DW,1
R00639,DY,1
R00639,EY,1
R00639,HD,1
R00639,HH,1
R00639,HO,1
R00639,HV,1
R00639,HY,1
R00639,JL,1
R00639,MB,1
R00639,MM,1
R00639,MS,1
R00639,MW,1
R00639,MY,1
R00639,NB,1
R00639,PH,1
R00639,PL,1
R00639,PR,1
R00639,PS,1
R00639,PY,1
R00639,RH,1
R00639,RL,1
R00639,RY,1
R00639,SH,1
R00639,SL,1
R00639,SY,1
R00639,TC,1
R00639,WH,1
R00639,WK,1
R00639,XL,1
R00639,YK,1
R00639,YL,1
R00640,BH,3
R00640,DO,3
R00640,DW,3
R00640,HD,3
R00640,HH,3
R00640,HO,3
R00640,HV,3
R00640,NB,3
R00640,PH,3
R00640,RH,3
R00640,SH,3
R00640,TC,3
R00640,WH,3
R00640,WK,3
R00640,YK,3
R00640,YL,3
R00640,BB,2
R00640,BY,2
R00640,CE,2
R00640,CY,2
R00640,DS,2
R00640,DT,2
R00640,DY,2
R00640,EY,2
R00640,GD,2
R00640,HY,2
R00640,JL,2
R00640,MM,2
R00640,MS,2
R00640,MW,2
R00640,PL,2
R00640,PS,2
R00640,PY,2
R00640,RL,2
R00640,RY,2
R00640,SL,2
R00640,SY,2
R00640,XL,2
R00640,AD,1
R00640,AM,1
R00640,BG,1
R00640,DB,1
R00640,DG,1
R00640,DP,1
R00640,ED,1
R00640,EE,1
R00640,EM,1
R00640,LN,1
R00640,LX,1
R00640,MB,1
R00640,MY,1
R00640,PR,1
R00642,BI,1
R00643,EF,3
R00643,PD,3
R00643,AR,1
R00643,BU,1
R00643,DK,1
R00643,EU,1
R00643,HE,1
R00643,HR,1
R00643,LE,1
R00643,PU,1
R00643,RU,1
R00643,SU,1
R00643,SW,1
R00643,WC,1
R00643,WU,1
R00643,WV,1
R00643,WW,1
R00643,WX,1
R00644,AA,2
R00644,DA,2
R00644,DS,2
R00644,EC,2
R00644,EG,2
R00644,GD,2
R00644,GG,2
R00644,GN,2
R00644,GS,2
R00644,HA,2
R00644,HX,2
R00644,KG,2
R00644,KI,2
R00644,MN,2
R00644,NG,2
R00644,NS,2
R00644,TY,2
R00644,VN,2
R00644,YA,2
R00644,YG,2
R00644,YI,2
R00644,YM,2
R00644,YN,2
R00644,YS,2
R00645,BU,1
R00645,EU,1
R00645,PD,1
R00645,PU,1
R00645,SW,1
R00645,TW,1
R00645,WC,1
R00645,WU,1
R00645,WX,1
R00647,BE,1
R00647,BK,1
R00647,BM,1
R00647,BS,1
R00647,BX,1
R00647,CG,1
R00647,CK,1
R00647,CM,1
R00647,CS,1
R00647,CU,1
R00647,DB,1
R00647,DW,1
R00647,EP,1
R00647,EW,1
R00647,EX,1
R00647,GM,1
R00647,HG,1
R00647,HM,1
R00647,JG,1
R00647,JO,1
R00647,KH,1
R00647,KM,1
R00647,KN,1
R00647,LM,1
R00647,LY,1
R00647,MA,1
R00647,MB,1
R00647,MC,1
R00647,MG,1
R00647,MH,1
R00647,MJ,1
R00647,MN,1
R00647,MP,1
R00647,MR,1
R00647,MS,1
R00647,MT,1
R00647,MW,1
R00647,MX,1
R00647,NN,1
R00647,NO,1
R00647,NR,1
R00647,NW,1
R00647,NX,1
R00647,PE,1
R00647,PG,1
R00647,PM,1
R00647,PP,1
R00647,PR,1
R00647,PS,1
R00647,PX,1
R00647,RE,1
R00647,RM,1
R00647,RP,1
R00647,RW,1
R00647,RX,1
R00647,SE,1
R00647,SX,1
R00647,TM,1
R00647,TP,1
R00647,WS,1
R00647,XH,1
R00651,DH,3
R00651,DP,3
R00651,NP,3
R00651,BK,1
R00651,CK,1
R00651,CP,1
R00651,CU,1
R00651,DW,1
R00651,EP,1
R00651,GP,1
R00651,JK,1
R00651,JP,1
R00651,KH,1
R00651,KM,1
R00651,KN,1
R00651,KW,1
R00651,MH,1
R00651,NN,1
R00651,PP,1
R00651,RP,1
R00651,XP,1
R00652,BM,1
R00652,DB,1
R00652,DP,1
R00652,GM,1
R00652,HM,1
R00652,LY,1
R00652,MK,1
R00652,MN,1
R00652,MP,1
R00652,MT,1
R00652,NP,1
R00652,PM,1
R00652,RM,1
R00652,TM,1
R00652,VK,1
R00652,VN,1
R00652,VT,1
R00656,LB,1
R00656,LF,1
R00656,LP,1
R00656,SC,1
R00656,SD,1
R00656,VB,1
R00656,XB,1
R00656,XC,1
R00656,XE,1
R00660,LB,2
R00660,VB,2
R00660,XB,2
R00660,XC,2
R00660,XE,2
R00660,AC,1
R00660,AM,1
R00660,AN,1
R00660,AS,1
R00660,CW,1
R00660,EC,1
R00660,EE,1
R00660,ER,1
R00660,GU,1
R00660,HU,1
R00660,KE,1
R00660,KG,1
R00660,KP,1
R00660,KS,1
R00660,KY,1
R00660,LF,1
R00660,LN,1
R00660,LP,1
R00660,SC,1
R00660,SD,1
R00660,TE,1
R00660,TY,1
R00660,WA,1
R00661,CY,3
R00661,SL,3
R00661,SO,3
R00661,WB,3
R00661,WH,3
R00661,WT,3
R00661,BL,2
R00661,BW,2
R00661,CB,2
R00661,CE,2
R00661,CK,2
R00661,LH,2
R00661,LW,2
R00661,PB,2
R00661,PE,2
R00661,PH,2
R00661,PL,2
R00661,PM,2
R00661,PO,2
R00661,PP,2
R00661,PW,2
R00661,PX,2
R00661,PY,2
R00661,SE,2
R00661,SX,2
R00661,WI,2
R00661,WO,2
R00661,WR,2
R00661,AB,1
R00661,AW,1
R00661,BC,1
R00661,BE,1
R00661,BG,1
R00661,BH,1
R00661,BI,1
R00661,BJ,1
R00661,BK,1
R00661,BM,1
R00661,BO,1
R00661,BP,1
R00661,BS,1
R00661,BU,1
R00661,BV,1
R00661,BX,1
R00661,BY,1
R00661,CA,1
R00661,CS,1
R00661,HB,1
R00661,HG,1
R00661,HH,1
R00661,HP,1
R00661,HY,1
R00661,KH,1
R00661,LA,1
R00661,LG,1
R00661,MC,1
R00661,ME,1
R00661,OC,1
R00661,SB,1
R00661,SN,1
R00661,SP,1
R00661,WC,1
R00661,WD,1
R00661,WM,1
R00661,WP,1
R00661,XH,1
R00661,XL,1
R00662,DB,1
R00662,GM,1
R00662,HM,1
R00662,MB,1
R00662,MK,1
R00662,MN,1
R00662,MR,1
R00662,MS,1
R00662,MT,1
R00662,TP,1
R00662,VK,1
R00662,VN,1
R00662,VT,1
R00665,BU,4
R00665,EU,4
R00665,LE,4
R00665,RU,4
R00665,SW,4
R00665,WC,4
R00665,WU,4
R00665,WW,4
R00665,PD,2
R00665,PU,2
R00665,WV,2
R00665,WX,2
R00665,EF,1
R00665,SU,1
R00671,AR,1
R00671,FB,1
R00671,KL,1
R00671,RA,1
R00671,TN,1
R00671,VH,1
R00671,VR,1
R00672,BU,4
R00672,EU,4
R00672,LE,4
R00672,RU,4
R00672,SW,4
R00672,WC,4
R00672,WU,4
R00672,WW,4
R00672,PD,2
R00672,PU,2
R00672,WV,2
R00672,WX,2
R00672,EF,1
R00672,SU,1
R00674,AR,3
R00674,TN,3
R00674,XE,2
R00674,FB,1
R00674,KL,1
R00674,RA,1
R00674,VH,1
R00674,VR,1
R00675,EU,5
R00675,LE,5
R00675,BU,4
R00675,RU,4
R00675,SW,4
R00675,WC,4
R00675,WU,4
R00675,WW,4
R00675,PD,2
R00675,PU,2
R00675,WV,2
R00675,WX,2
R00675,EF,1
R00675,PZ,1
R00675,SU,1
R00677,BU,4
R00677,EU,4
R00677,LE,4
R00677,RU,4
R00677,SW,4
R00677,WC,4
R00677,WU,4
R00677,WW,4
R00677,PD,2
R00677,PU,2
R00677,WV,2
R00677,WX,2
R00677,EF,1
R00677,SU,1
R00687,GA,1
R00687,IP,1
R00689,EC,5
R00689,KG,5
R00689,KY,5
R00689,TE,5
R00689,TY,5
R00689,EE,4
R00689,ER,4
R00689,GU,4
R00689,HU,4
R00689,AA,3
R00689,AL,3
R00689,AM,3
R00689,AN,3
R00689,AS,3
R00689,AT,3
R00689,AY,3
R00689,KP,3
R00689,KS,3
R00689,LN,3
R00689,AC,2
R00689,AD,2
R00689,AH,2
R00689,ED,2
R00689,EY,2
R00689,GG,2
R00689,GS,2
R00689,GT,2
R00689,KE,2
R00689,NG,2
R00689,NS,2
R00689,NT,2
R00689,BY,1
R00689,CY,1
R00689,DO,1
R00689,DS,1
R00689,DT,1
R00689,DY,1
R00689,GD,1
R00689,GH,1
R00689,GL,1
R00689,HA,1
R00689,HT,1
R00689,HY,1
R00689,NH,1
R00689,PS,1
R00689,PY,1
R00689,RY,1
R00689,WA,1
R00690,AA,3
R00690,DS,3
R00690,EC,3
R00690,GD,3
R00690,GG,3
R00690,GS,3
R00690,HA,3
R00690,HX,3
R00690,KG,3
R00690,MN,3
R00690,NG,3
R00690,NS,3
R00690,PH,3
R00690,PL,3
R00690,PY,3
R00690,TY,3
R00690,VN,3
R00690,YA,3
R00690,YG,3
R00690,YI,3
R00690,YM,3
R00690,YN,3
R00690,YS,3
R00690,BH,2
R00690,BY,2
R00690,CE,2
R00690,CY,2
R00690,DA,2
R00690,EG,2
R00690,GN,2
R00690,HH,2
R00690,HY,2
R00690,KI,2
R00690,PB,2
R00690,PE,2
R00690,PM,2
R00690,PO,2
R00690,PP,2
R00690,PW,2
R00690,PX,2
R00690,SL,2
R00690,WH,2
R00690,WR,2
R00690,XL,2
R00690,AB,1
R00690,AM,1
R00690,AT,1
R00690,BB,1
R00690,BC,1
R00690,BE,1
R00690,BG,1
R00690,BI,1
R00690,BJ,1
R00690,BK,1
R00690,BL,1
R00690,BM,1
R00690,BO,1
R00690,BP,1
R00690,BS,1
R00690,BV,1
R00690,BW,1
R00690,BX,1
R00690,CA,1
R00690,CB,1
R00690,CK,1
R00690,CZ,1
R00690,DO,1
R00690,DT,1
R00690,DY,1
R00690,EY,1
R00690,GT,1
R00690,GW,1
R00690,HB,1
R00690,HG,1
R00690,HO,1
R00690,HT,1
R00690,HV,1
R00690,KH,1
R00690,LH,1
R00690,ME,1
R00690,MM,1
R00690,MP,1
R00690,MT,1
R00690,MW,1
R00690,NB,1
R00690,NT,1
R00690,OP,1
R00690,PJ,1
R00690,PR,1
R00690,PS,1
R00690,PV,1
R00690,RH,1
R00690,RL,1
R00690,RY,1
R00690,SE,1
R00690,SH,1
R00690,SO,1
R00690,SP,1
R00690,SX,1
R00690,SY,1
R00690,TC,1
R00690,TE,1
R00690,VT,1
R00690,WB,1
R00690,WI,1
R00690,WK,1
R00690,WM,1
R00690,WO,1
R00690,WT,1
R00690,XH,1
R00690,YK,1
R00690,YL,1
R00690,YT,1
R00694,BU,4
R00694,EU,4
R00694,LE,4
R00694,RU,4
R00694,SW,4
R00694,WC,4
R00694,WU,4
R00694,WW,4
R00694,PD,2
R00694,PU,2
R00694,WV,2
R00694,WX,2
R00694,EF,1
R00694,SU,1
R00702,EC,1
R00702,EE,1
R00702,ER,1
R00702,GU,1
R00702,HI,1
R00702,HU,1
R00702,KE,1
R00702,KG,1
R00702,KP,1
R00702,KS,1
R00702,KY,1
R00702,LN,1
R00702,TE,1
R00702,TY,1
R00704,EJ,3
R00704,EO,3
R00704,EP,3
R00704,EV,3
R00704,EW,3
R00704,EX,3
R00704,LC,3
R00704,LM,3
R00704,MA,3
R00704,TV,3
R00704,EB,2
R00704,ES,2
R00704,SF,2
R00704,WM,2
R00704,BE,1
R00704,BI,1
R00704,BJ,1
R00704,BK,1
R00704,BM,1
R00704,BO,1
R00704,BS,1
R00704,BV,1
R00704,BX,1
R00704,CG,1
R00704,CK,1
R00704,CM,1
R00704,CS,1
R00704,CV,1
R00704,EN,1
R00704,HG,1
R00704,KH,1
R00704,KN,1
R00704,MC,1
R00704,MW,1
R00704,NC,1
R00704,NJ,1
R00704,NV,1
R00704,NW,1
R00704,NX,1
R00704,PE,1
R00704,PG,1
R00704,PM,1
R00704,PO,1
R00704,PP,1
R00704,PX,1
R00704,RE,1
R00704,RJ,1
R00704,RM,1
R00704,RO,1
R00704,RP,1
R00704,RV,1
R00704,RW,1
R00704,RX,1
R00704,SE,1
R00704,SM,1
R00704,SO,1
R00704,SX,1
R00704,TM,1
R00704,TO,1
R00704,WS,1
R00704,XH,1
R00705,EC,1
R00705,EE,1
R00705,ER,1
R00705,GU,1
R00705,HI,1
R00705,HU,1
R00705,KE,1
R00705,KG,1
R00705,KP,1
R00705,KS,1
R00705,KY,1
R00705,LN,1
R00705,TE,1
R00705,TY,1
R00707,EC,2
R00707,EE,2
R00707,ER,2
R00707,GU,2
R00707,HU,2
R00707,KE,2
R00707,KG,2
R00707,KP,2
R00707,KS,2
R00707,KY,2
R00707,LN,2
R00707,TE,2
R00707,TY,2
R00707,AC,1
R00707,AM,1
R00707,AN,1
R00707,AS,1
R00707,HI,1
R00707,WA,1
R00711,BU,4
R00711,EU,4
R00711,LE,4
R00711,RU,4
R00711,SW,4
R00711,WC,4
R00711,WU,4
R00711,WW,4
R00711,PD,2
R00711,PU,2
R00711,WV,2
R00711,WX,2
R00711,EF,1
R00711,SU,1
R00715,BU,1
R00715,EU,1
R00715,PD,1
R00715,PU,1
R00715,SW,1
R00715,TW,1
R00715,WC,1
R00715,WU,1
R00715,WX,1
R00717,EL,1
R00717,SQ,1
R00718,BU,3
R00718,EU,3
R00718,PD,3
R00718,PU,3
R00718,SW,3
R00718,WC,3
R00718,WU,3
R00718,WX,3
R00718,TW,2
R00718,WV,2
R00718,WW,2
R00718,SU,1
R00720,BU,1
R00720,BW,1
R00720,CE,1
R00720,LE,1
R00720,PC,1
R00720,WC,1
R00720,WD,1
R00720,WO,1
R00721,AM,1
R00721,BB,1
R00721,BH,1
R00721,BY,1
R00721,CE,1
R00721,CY,1
R00721,DO,1
R00721,DW,1
R00721,DY,1
R00721,EY,1
R00721,HD,1
R00721,HH,1
R00721,HO,1
R00721,HV,1
R00721,HY,1
R00721,JL,1
R00721,MB,1
R00721,MM,1
R00721,MS,1
R00721,MW,1
R00721,MY,1
R00721,NB,1
R00721,PH,1
R00721,PL,1
R00721,PR,1
R00721,PS,1
R00721,PY,1
R00721,RH,1
R00721,RL,1
R00721,RY,1
R00721,SH,1
R00721,SL,1
R00721,SY,1
R00721,TC,1
R00721,WH,1
R00721,WK,1
R00721,XL,1
R00721,YK,1
R00721,YL,1
R00722,BU,2
R00722,BW,2
R00722,CE,2
R00722,LE,2
R00722,WC,2
R00722,WO,2
R00722,EU,1
R00722,PC,1
R00722,PZ,1
R00722,SN,1
R00722,SS,1
R00722,WD,1
R00725,PD,3
R00725,PU,3
R00725,SW,3
R00725,WV,3
R00725,BU,2
R00725,EU,2
R00725,LE,2
R00725,RU,2
R00725,WC,2
R00725,WU,2
R00725,WW,2
R00725,WX,2
R00725,DK,1
R00725,EF,1
R00725,HE,1
R00725,SU,1
R00726,BB,2
R00726,BL,2
R00726,GW,2
R00726,HP,2
R00726,LA,2
R00726,LG,2
R00726,LH,2
R00726,LW,2
R00726,MW,2
R00726,PC,2
R00726,PG,2
R00726,PZ,2
R00726,RG,2
R00726,WE,2
R00726,WP,2
R00726,WR,2
R00727,AC,1
R00727,AM,1
R00727,AN,1
R00727,AS,1
R00727,EC,1
R00727,EE,1
R00727,ER,1
R00727,GU,1
R00727,HU,1
R00727,KE,1
R00727,KG,1
R00727,KP,1
R00727,KS,1
R00727,KY,1
R00727,LB,1
R00727,LF,1
R00727,LN,1
R00727,LP,1
R00727,SC,1
R00727,SD,1
R00727,TE,1
R00727,TY,1
R00727,VB,1
R00727,WA,1
R00727,XB,1
R00727,XC,1
R00727,XE,1
R00730,BE,1
R00730,BK,1
R00730,BM,1
R00730,BS,1
R00730,BX,1
R00730,CG,1
R00730,CK,1
R00730,CM,1
R00730,CS,1
R00730,CU,1
R00730,DB,1
R00730,DW,1
R00730,EP,1
R00730,EW,1
R00730,EX,1
R00730,GM,1
R00730,HG,1
R00730,HM,1
R00730,JG,1
R00730,JO,1
R00730,KH,1
R00730,KM,1
R00730,KN,1
R00730,LM,1
R00730,LY,1
R00730,MA,1
R00730,MB,1
R00730,MC,1
R00730,MG,1
R00730,MH,1
R00730,MJ,1
R00730,MN,1
R00730,MP,1
R00730,MR,1
R00730,MS,1
R00730,MT,1
R00730,MW,1
R00730,MX,1
R00730,NN,1
R00730,NO,1
R00730,NR,1
R00730,NW,1
R00730,NX,1
R00730,PE,1
R00730,PG,1
R00730,PM,1
R00730,PP,1
R00730,PR,1
R00730,PS,1
R00730,PX,1
R00730,RE,1
R00730,RM,1
R00730,RP,1
R00730,RW,1
R00730,RX,1
R00730,SE,1
R00730,SX,1
R00730,TM,1
R00730,TP,1
R00730,WS,1
R00730,XH,1
R00731,AR,1
R00731,FB,1
R00731,KL,1
R00731,RA,1
R00731,TN,1
R00731,VH,1
R00731,VR,1
R00733,AR,1
R00733,FB,1
R00733,KL,1
R00733,RA,1
R00733,TN,1
R00733,VH,1
R00733,VR,1
R00737,BU,2
R00737,EU,2
R00737,LE,2
R00737,PD,2
R00737,PU,2
R00737,RU,2
R00737,SW,2
R00737,WC,2
R00737,WU,2
R00737,WV,2
R00737,WW,2
R00737,WX,2
R00737,EF,1
R00737,SU,1
R00745,BU,1
R00745,EU,1
R00745,PD,1
R00745,PU,1
R00745,SW,1
R00745,TW,1
R00745,WC,1
R00745,WU,1
R00745,WV,1
R00745,WX,1
R00746,BU,3
R00746,EU,3
R00746,LE,3
R00746,RU,3
R00746,SW,3
R00746,WC,3
R00746,WU,3
R00746,WW,3
R00746,PD,2
R00746,PU,2
R00746,WV,2
R00746,WX,2
R00746,EF,1
R00746,SU,1
R00747,BU,1
R00747,EF,1
R00747,EU,1
R00747,LE,1
R00747,PD,1
R00747,PU,1
R00747,RU,1
R00747,SU,1
R00747,SW,1
R00747,WC,1
R00747,WU,1
R00747,WV,1
R00747,WW,1
R00747,WX,1
R00749,EC,7
R00749,KG,7
R00749,TY,7
R00749,AA,6
R00749,GG,5
R00749,GS,5
R00749,NG,5
R00749,NS,5
R00749,TE,5
R00749,AT,4
R00749,DS,4
R00749,GD,4
R00749,HA,4
R00749,KY,4
R00749,AL,3
R00749,AY,3
R00749,EE,3
R00749,ER,3
R00749,GT,3
R00749,GU,3
R00749,HU,3
R00749,HX,3
R00749,MN,3
R00749,NT,3
R00749,VN,3
R00749,YA,3
R00749,YG,3
R00749,YI,3
R00749,YM,3
R00749,YN,3
R00749,YS,3
R00749,AD,2
R00749,AH,2
R00749,AM,2
R00749,AN,2
R00749,AS,2
R00749,DA,2
R00749,DO,2
R00749,DT,2
R00749,ED,2
R00749,EG,2
R00749,EY,2
R00749,GN,2
R00749,HT,2
R00749,KI,2
R00749,KP,2
R00749,KS,2
R00749,LN,2
R00749,AC,1
R00749,BY,1
R00749,CY,1
R00749,DY,1
R00749,GH,1
R00749,GL,1
R00749,HY,1
R00749,KE,1
R00749,MT,1
R00749,NH,1
R00749,PS,1
R00749,PY,1
R00749,RY,1
R00749,VT,1
R00749,WA,1
R00749,YT,1
R00753,BU,1
R00753,EF,1
R00753,EU,1
R00753,LE,1
R00753,PD,1
R00753,PU,1
R00753,RU,1
R00753,SU,1
R00753,SW,1
R00753,WC,1
R00753,WU,1
R00753,WV,1
R00753,WW,1
R00753,WX,1
R00756,BU,2
R00756,BW,2
R00756,CE,2
R00756,LE,2
R00756,WC,2
R00756,WO,2
R00756,EU,1
R00756,PC,1
R00756,PZ,1
R00756,SN,1
R00756,SS,1
R00756,WD,1
R00757,BU,4
R00757,EU,4
R00757,LE,4
R00757,RU,4
R00757,SW,4
R00757,WC,4
R00757,WU,4
R00757,WW,4
R00757,PD,2
R00757,PU,2
R00757,WV,2
R00757,WX,2
R00757,EF,1
R00757,SU,1
R00758,AC,1
R00758,AM,1
R00758,AS,1
R00758,BE,1
R00758,BK,1
R00758,BM,1
R00758,BO,1
R00758,BS,1
R00758,BX,1
R00758,CG,1
R00758,CK,1
R00758,CL,1
R00758,CM,1
R00758,CS,1
R00758,CU,1
R00758,EM,1
R00758,EO,1
R00758,EP,1
R00758,EW,1
R00758,EX,1
R00758,GM,1
R00758,HD,1
R00758,HG,1
R00758,HM,1
R00758,HO,1
R00758,KH,1
R00758,KM,1
R00758,KN,1
R00758,LM,1
R00758,LY,1
R00758,MA,1
R00758,MC,1
R00758,MG,1
R00758,MH,1
R00758,MJ,1
R00758,MK,1
R00758,MN,1
R00758,MP,1
R00758,MR,1
R00758,MS,1
R00758,MT,1
R00758,MW,1
R00758,MX,1
R00758,NN,1
R00758,NO,1
R00758,NR,1
R00758,NW,1
R00758,NX,1
R00758,OC,1
R00758,OP,1
R00758,PE,1
R00758,PG,1
R00758,PM,1
R00758,PO,1
R00758,PP,1
R00758,PR,1
R00758,PS,1
R00758,PX,1
R00758,RE,1
R00758,RM,1
R00758,RO,1
R00758,RP,1
R00758,RW,1
R00758,RX,1
R00758,SE,1
R00758,SK,1
R00758,SO,1
R00758,SX,1
R00758,TM,1
R00758,TO,1
R00758,TP,1
R00758,WS,1
R00758,XH,1
R00758,YL,1
R00760,BJ,1
R00760,CH,1
R00760,CL,1
R00760,EJ,1
R00760,GJ,1
R00760,JG,1
R00760,JK,1
R00760,JO,1
R00760,JP,1
R00760,MJ,1
R00760,NJ,1
R00760,RJ,1
R00760,XJ,1
R00761,BU,4
R00761,EU,4
R00761,LE,4
R00761,RU,4
R00761,SW,4
R00761,WC,4
R00761,WU,4
R00761,WW,4
R00761,PD,2
R00761,PU,2
R00761,WV,2
R00761,WX,2
R00761,EF,1
R00761,SU,1
R00762,BU,1
R00762,EU,1
R00762,FH,1
R00762,FT,1
R00762,HR,1
R00762,LB,1
R00762,LF,1
R00762,PD,1
R00762,PU,1
R00762,RU,1
R00762,SC,1
R00762,SU,1
R00762,SW,1
R00762,TK,1
R00762,VB,1
R00762,WC,1
R00762,WU,1
R00763,BJ,1
R00763,BV,1
R00763,CH,1
R00763,EJ,1
R00763,MJ,1
R00763,NJ,1
R00763,NV,1
R00763,PV,1
R00763,RJ,1
R00763,RV,1
R00765,BH,2
R00765,DO,2
R00765,DW,2
R00765,HD,2
R00765,HH,2
R00765,HO,2
R00765,HV,2
R00765,NB,2
R00765,PH,2
R00765,RH,2
R00765,SH,2
R00765,TC,2
R00765,WH,2
R00765,WK,2
R00765,YK,2
R00765,YL,2
R00765,AD,1
R00765,AM,1
R00765,BB,1
R00765,BG,1
R00765,BY,1
R00765,CE,1
R00765,CY,1
R00765,DB,1
R00765,DG,1
R00765,DP,1
R00765,DS,1
R00765,DT,1
R00765,DY,1
R00765,ED,1
R00765,EE,1
R00765,EM,1
R00765,EY,1
R00765,GD,1
R00765,HY,1
R00765,JL,1
R00765,LN,1
R00765,LX,1
R00765,MB,1
R00765,MM,1
R00765,MS,1
R00765,MW,1
R00765,MY,1
R00765,PL,1
R00765,PR,1
R00765,PS,1
R00765,PY,1
R00765,RL,1
R00765,RY,1
R00765,SL,1
R00765,SY,1
R00765,XL,1
R00769,AH,2
R00769,BH,2
R00769,DB,2
R00769,DS,2
R00769,DT,2
R00769,DW,2
R00769,GD,2
R00769,GH,2
R00769,HA,2
R00769,HD,2
R00769,HH,2
R00769,HL,2
R00769,HM,2
R00769,HO,2
R00769,HT,2
R00769,HU,2
R00769,LY,2
R00769,NH,2
R00769,NP,2
R00769,PH,2
R00769,RH,2
R00769,TP,2
R00769,WH,2
R00769,WK,2
R00769,WY,2
R00769,YA,2
R00769,YG,2
R00769,YL,2
R00769,YM,2
R00780,CS,2
R00780,MW,2
R00780,PG,2
R00780,RE,2
R00780,RM,2
R00780,RO,2
R00780,RP,2
R00780,RW,2
R00780,RX,2
R00780,AC,1
R00780,AM,1
R00780,AS,1
R00780,BB,1
R00780,BE,1
R00780,BK,1
R00780,BM,1
R00780,BO,1
R00780,BS,1
R00780,BX,1
R00780,CG,1
R00780,CK,1
R00780,CL,1
R00780,CM,1
R00780,CU,1
R00780,EM,1
R00780,EO,1
R00780,EP,1
R00780,EW,1
R00780,EX,1
R00780,GC,1
R00780,GM,1
R00780,HD,1
R00780,HG,1
R00780,HM,1
R00780,HO,1
R00780,KH,1
R00780,KM,1
R00780,KN,1
R00780,LM,1
R00780,LY,1
R00780,MA,1
R00780,MC,1
R00780,MG,1
R00780,MH,1
R00780,MJ,1
R00780,MK,1
R00780,MN,1
R00780,MP,1
R00780,MR,1
R00780,MS,1
R00780,MT,1
R00780,MX,1
R00780,NN,1
R00780,NO,1
R00780,NR,1
R00780,NW,1
R00780,NX,1
R00780,OC,1
R00780,OP,1
R00780,PE,1
R00780,PM,1
R00780,PO,1
R00780,PP,1
R00780,PR,1
R00780,PS,1
R00780,PX,1
R00780,RB,1
R00780,RF,1
R00780,RH,1
R00780,RJ,1
R00780,RL,1
R00780,RV,1
R00780,RY,1
R00780,SE,1
R00780,SK,1
R00780,SM,1
R00780,SO,1
R00780,SX,1
R00780,TM,1
R00780,TO,1
R00780,TP,1
R00780,WM,1
R00780,WS,1
R00780,XB,1
R00780,XH,1
R00780,XS,1
R00780,YL,1
R00782,BU,1
R00782,EF,1
R00782,EU,1
R00782,LE,1
R00782,PD,1
R00782,PU,1
R00782,RU,1
R00782,SU,1
R00782,SW,1
R00782,WC,1
R00782,WU,1
R00782,WV,1
R00782,WW,1
R00782,WX,1
R00784,BL,1
R00784,BW,1
R00784,CE,1
R00784,CS,1
R00784,CY,1
R00784,HP,1
R00784,LG,1
R00784,LH,1
R00784,LW,1
R00784,PB,1
R00784,PE,1
R00784,PH,1
R00784,PL,1
R00784,PM,1
R00784,PO,1
R00784,PP,1
R00784,PW,1
R00784,PX,1
R00784,PY,1
R00784,SL,1
R00784,SO,1
R00784,WB,1
R00784,WH,1
R00784,WO,1
R00784,WP,1
R00784,WR,1
R00784,WT,1
R00785,AW,1
R00785,BU,1
R00785,CB,1
R00785,CK,1
R00785,CY,1
R00785,LA,1
R00785,LW,1
R00785,MC,1
R00785,OC,1
R00785,SB,1
R00785,SE,1
R00785,SL,1
R00785,SN,1
R00785,SO,1
R00785,SP,1
R00785,SX,1
R00785,WB,1
R00785,WC,1
R00785,WD,1
R00785,WH,1
R00785,WI,1
R00785,WT,1
R00792,AB,2
R00792,AC,2
R00792,AM,2
R00792,CN,2
R00792,EM,2
R00792,EY,2
R00792,MM,2
R00792,MO,2
R00792,NM,2
R00792,PN,2
R00792,PR,2
R00792,PS,2
R00792,SY,2
R00792,TC,2
R00792,BP,1
R00792,KP,1
R00792,KS,1
R00792,LN,1
R00792,MI,1
R00794,TS,2
R00794,UP,2
R00794,GR,1
R00796,CK,2
R00796,MC,2
R00796,OC,2
R00796,SE,2
R00796,SO,2
R00796,SX,2
R00796,AC,1
R00796,AM,1
R00796,AS,1
R00796,AW,1
R00796,BE,1
R00796,BK,1
R00796,BM,1
R00796,BO,1
R00796,BS,1
R00796,BU,1
R00796,BX,1
R00796,CB,1
R00796,CG,1
R00796,CL,1
R00796,CM,1
R00796,CS,1
R00796,CU,1
R00796,CY,1
R00796,EM,1
R00796,EO,1
R00796,EP,1
R00796,EW,1
R00796,EX,1
R00796,GM,1
R00796,HD,1
R00796,HG,1
R00796,HM,1
R00796,HO,1
R00796,KH,1
R00796,KM,1
R00796,KN,1
R00796,LA,1
R00796,LM,1
R00796,LW,1
R00796,LY,1
R00796,MA,1
R00796,MG,1
R00796,MH,1
R00796,MJ,1
R00796,MK,1
R00796,MN,1
R00796,MP,1
R00796,MR,1
R00796,MS,1
R00796,MT,1
R00796,MW,1
R00796,MX,1
R00796,NN,1
R00796,NO,1
R00796,NR,1
R00796,NW,1
R00796,NX,1
R00796,OP,1
R00796,PE,1
R00796,PG,1
R00796,PM,1
R00796,PO,1
R00796,PP,1
R00796,PR,1
R00796,PS,1
R00796,PX,1
R00796,RE,1
R00796,RM,1
R00796,RO,1
R00796,RP,1
R00796,RW,1
R00796,RX,1
R00796,SB,1
R00796,SK,1
R00796,SL,1
R00796,SN,1
R00796,SP,1
R00796,TM,1
R00796,TO,1
R00796,TP,1
R00796,WB,1
R00796,WC,1
R00796,WD,1
R00796,WH,1
R00796,WI,1
R00796,WS,1
R00796,WT,1
R00796,XH,1
R00796,YL,1
R00797,BU,4
R00797,EU,4
R00797,PD,4
R00797,PU,4
R00797,SW,4
R00797,WC,4
R00797,WU,4
R00797,WX,4
R00797,WV,3
R00797,WW,3
R00797,TW,2
R00797,SU,1
R00798,BU,3
R00798,EU,3
R00798,PD,3
R00798,PU,3
R00798,SW,3
R00798,WC,3
R00798,WU,3
R00798,WX,3
R00798,WV,2
R00798,WW,2
R00798,TW,1
R00799,BU,1
R00799,DK,1
R00799,EU,1
R00799,PD,1
R00799,PU,1
R00799,RU,1
R00799,SC,1
R00799,SU,1
R00799,SW,1
R00799,WU,1
R00799,WV,1
R00799,WW,1
R00800,BU,2
R00800,EF,2
R00800,EU,2
R00800,LE,2
R00800,PD,2
R00800,PU,2
R00800,RU,2
R00800,SU,2
R00800,SW,2
R00800,WC,2
R00800,WU,2
R00800,WV,2
R00800,WW,2
R00800,WX,2
R00801,PD,3
R00801,PU,3
R00801,SW,3
R00801,WV,3
R00801,BU,2
R00801,EF,2
R00801,EU,2
R00801,LE,2
R00801,RU,2
R00801,SU,2
R00801,WC,2
R00801,WU,2
R00801,WW,2
R00801,WX,2
R00801,DK,1
R00801,HE,1
R00802,BU,1
R00802,EF,1
R00802,EU,1
R00802,LE,1
R00802,PD,1
R00802,PU,1
R00802,RU,1
R00802,SU,1
R00802,SW,1
R00802,WC,1
R00802,WU,1
R00802,WV,1
R00802,WW,1
R00802,WX,1
R00803,BU,1
R00803,DK,1
R00803,EU,1
R00803,PD,1
R00803,PU,1
R00803,RU,1
R00803,SC,1
R00803,SU,1
R00803,SW,1
R00803,WU,1
R00803,WV,1
R00803,WW,1
R00805,BU,2
R00805,EU,2
R00805,LE,2
R00805,PD,2
R00805,PU,2
R00805,RU,2
R00805,SW,2
R00805,WC,2
R00805,WU,2
R00805,WV,2
R00805,WW,2
R00805,WX,2
R00805,EF,1
R00805,SU,1
R00807,BU,1
R00807,EU,1
R00807,PD,1
R00807,PU,1
R00807,SW,1
R00807,TW,1
R00807,WC,1
R00807,WU,1
R00807,WX,1
R00810,AB,1
R00810,AC,1
R00810,AM,1
R00810,BG,1
R00810,BH,1
R00810,BP,1
R00810,BY,1
R00810,CN,1
R00810,CY,1
R00810,EM,1
R00810,EY,1
R00810,HH,1
R00810,HY,1
R00810,MI,1
R00810,MM,1
R00810,NM,1
R00810,PH,1
R00810,PL,1
R00810,PN,1
R00810,PR,1
R00810,PS,1
R00810,PY,1
R00810,RH,1
R00810,RL,1
R00810,RY,1
R00810,SL,1
R00810,SY,1
R00810,TC,1
R00810,WH,1
R00810,XL,1
R00815,BM,1
R00815,DB,1
R00815,DP,1
R00815,GM,1
R00815,HM,1
R00815,LY,1
R00815,MK,1
R00815,MN,1
R00815,MP,1
R00815,MT,1
R00815,NP,1
R00815,PM,1
R00815,RM,1
R00815,TM,1
R00815,VK,1
R00815,VN,1
R00815,VT,1
R00816,EB,3
R00816,EJ,3
R00816,EO,3
R00816,EP,3
R00816,ES,3
R00816,EV,3
R00816,EW,3
R00816,EX,3
R00816,LC,3
R00816,LM,3
R00816,MA,3
R00816,SF,3
R00816,SM,3
R00816,TV,3
R00816,WM,3
R00816,TL,2
R00816,BI,1
R00819,AC,1
R00819,AM,1
R00819,AN,1
R00819,AS,1
R00819,EC,1
R00819,EE,1
R00819,ER,1
R00819,GU,1
R00819,HU,1
R00819,KE,1
R00819,KG,1
R00819,KP,1
R00819,KS,1
R00819,KY,1
R00819,LN,1
R00819,TE,1
R00819,TY,1
R00819,WA,1
R00820,EJ,5
R00820,EO,5
R00820,EP,5
R00820,EV,5
R00820,EW,5
R00820,EX,5
R00820,LC,5
R00820,LM,5
R00820,MA,5
R00820,TV,5
R00820,ES,4
R00820,SF,4
R00820,TL,4
R00820,EB,3
R00820,WM,3
R00820,BE,2
R00820,BJ,2
R00820,BK,2
R00820,BM,2
R00820,BO,2
R00820,BS,2
R00820,BV,2
R00820,BX,2
R00820,CK,2
R00820,CS,2
R00820,HG,2
R00820,KH,2
R00820,KN,2
R00820,MW,2
R00820,NJ,2
R00820,NV,2
R00820,NW,2
R00820,NX,2
R00820,PE,2
R00820,PG,2
R00820,PM,2
R00820,PO,2
R00820,PP,2
R00820,PX,2
R00820,RE,2
R00820,RJ,2
R00820,RM,2
R00820,RO,2
R00820,RP,2
R00820,RV,2
R00820,RW,2
R00820,RX,2
R00820,SE,2
R00820,SM,2
R00820,SO,2
R00820,SX,2
R00820,TM,2
R00820,TO,2
R00820,WS,2
R00820,XH,2
R00820,BB,1
R00820,BH,1
R00820,BY,1
R00820,CE,1
R00820,CG,1
R00820,CM,1
R00820,CV,1
R00820,CY,1
R00820,DG,1
R00820,DL,1
R00820,DY,1
R00820,EM,1
R00820,HH,1
R00820,HY,1
R00820,MC,1
R00820,NC,1
R00820,PH,1
R00820,PL,1
R00820,PY,1
R00820,RF,1
R00820,RH,1
R00820,RL,1
R00820,RY,1
R00820,SL,1
R00820,WH,1
R00820,XL,1
R00829,EB,1
R00829,EJ,1
R00829,EN,1
R00829,EO,1
R00829,EP,1
R00829,ES,1
R00829,EV,1
R00829,EW,1
R00829,EX,1
R00829,LC,1
R00829,LM,1
R00829,MA,1
R00829,SF,1
R00829,TV,1
R00829,WM,1
R00830,AM,2
R00830,HO,2
R00830,HV,2
R00830,PR,2
R00830,PS,2
R00830,SH,2
R00830,BB,1
R00830,BH,1
R00830,BY,1
R00830,CE,1
R00830,CY,1
R00830,DW,1
R00830,DY,1
R00830,EY,1
R00830,GM,1
R00830,HD,1
R00830,HH,1
R00830,HY,1
R00830,MM,1
R00830,MS,1
R00830,MW,1
R00830,NB,1
R00830,PH,1
R00830,PL,1
R00830,PY,1
R00830,RH,1
R00830,RL,1
R00830,RY,1
R00830,SL,1
R00830,SY,1
R00830,TC,1
R00830,WH,1
R00830,WK,1
R00830,XL,1
R00830,YK,1
R00830,YL,1
R00832,AB,1
R00832,AC,1
R00832,AM,1
R00832,AN,1
R00832,AP,1
R00832,AS,1
R00832,CO,1
R00832,EA,1
R00838,EB,4
R00838,EJ,4
R00838,EO,4
R00838,EP,4
R00838,ES,4
R00838,EV,4
R00838,EW,4
R00838,EX,4
R00838,LC,4
R00838,LM,4
R00838,MA,4
R00838,SF,4
R00838,TV,4
R00838,WM,4
R00838,SM,3
R00838,TL,2
R00838,BI,1
R00838,EN,1
R00839,AM,1
R00839,BB,1
R00839,BH,1
R00839,BY,1
R00839,CE,1
R00839,CY,1
R00839,DO,1
R00839,DW,1
R00839,DY,1
R00839,EY,1
R00839,HD,1
R00839,HH,1
R00839,HO,1
R00839,HV,1
R00839,HY,1
R00839,JL,1
R00839,MB,1
R00839,MM,1
R00839,MS,1
R00839,MW,1
R00839,MY,1
R00839,NB,1
R00839,PH,1
R00839,PL,1
R00839,PR,1
R00839,PS,1
R00839,PY,1
R00839,RH,1
R00839,RL,1
R00839,RY,1
R00839,SH,1
R00839,SL,1
R00839,SY,1
R00839,TC,1
R00839,WH,1
R00839,WK,1
R00839,XL,1
R00839,YK,1
R00839,YL,1
R00841,EB,1
R00841,EJ,1
R00841,EN,1
R00841,EO,1
R00841,EP,1
R00841,ES,1
R00841,EV,1
R00841,EW,1
R00841,EX,1
R00841,LC,1
R00841,LM,1
R00841,MA,1
R00841,SF,1
R00841,TV,1
R00841,WM,1
R00842,DB,1
R00842,GM,1
R00842,HM,1
R00842,MB,1
R00842,MK,1
R00842,MN,1
R00842,MR,1
R00842,MS,1
R00842,MT,1
R00842,TP,1
R00842,VK,1
R00842,VN,1
R00842,VT,1
R00842,YL,1
R00843,EB,3
R00843,EJ,3
R00843,EO,3
R00843,EP,3
R00843,ES,3
R00843,EV,3
R00843,EW,3
R00843,EX,3
R00843,LC,3
R00843,LM,3
R00843,MA,3
R00843,SF,3
R00843,SM,3
R00843,TV,3
R00843,WM,3
R00843,TL,2
R00843,BI,1
R00845,EJ,4
R00845,EO,4
R00845,EP,4
R00845,EV,4
R00845,EW,4
R00845,EX,4
R00845,LC,4
R00845,LM,4
R00845,MA,4
R00845,TV,4
R00845,ES,3
R00845,SF,3
R00845,BE,2
R00845,BJ,2
R00845,BK,2
R00845,BM,2
R00845,BO,2
R00845,BS,2
R00845,BV,2
R00845,BX,2
R00845,CK,2
R00845,CS,2
R00845,EB,2
R00845,HG,2
R00845,KH,2
R00845,KN,2
R00845,MW,2
R00845,NJ,2
R00845,NV,2
R00845,NW,2
R00845,NX,2
R00845,PE,2
R00845,PG,2
R00845,PM,2
R00845,PO,2
R00845,PP,2
R00845,PX,2
R00845,RE,2
R00845,RJ,2
R00845,RM,2
R00845,RO,2
R00845,RP,2
R00845,RV,2
R00845,RW,2
R00845,RX,2
R00845,SE,2
R00845,SO,2
R00845,SX,2
R00845,TL,2
R00845,TM,2
R00845,TO,2
R00845,WM,2
R00845,WS,2
R00845,XH,2
R00845,BB,1
R00845,BH,1
R00845,BY,1
R00845,CE,1
R00845,CG,1
R00845,CM,1
R00845,CV,1
R00845,CY,1
R00845,DG,1
R00845,DL,1
R00845,DY,1
R00845,EM,1
R00845,EN,1
R00845,HH,1
R00845,HY,1
R00845,MC,1
R00845,NC,1
R00845,PH,1
R00845,PL,1
R00845,PY,1
R00845,RF,1
R00845,RH,1
R00845,RL,1
R00845,RY,1
R00845,SL,1
R00845,WH,1
R00845,XL,1
R00846,AM,2
R00846,PS,2
R00846,AA,1
R00846,AD,1
R00846,AH,1
R00846,AL,1
R00846,AN,1
R00846,AS,1
R00846,AT,1
R00846,AY,1
R00846,BB,1
R00846,BH,1
R00846,BY,1
R00846,CE,1
R00846,CY,1
R00846,DY,1
R00846,EC,1
R00846,ED,1
R00846,EE,1
R00846,ER,1
R00846,EY,1
R00846,GU,1
R00846,HH,1
R00846,HO,1
R00846,HU,1
R00846,HV,1
R00846,HY,1
R00846,KG,1
R00846,KP,1
R00846,KS,1
R00846,KY,1
R00846,LN,1
R00846,MM,1
R00846,MW,1
R00846,NB,1
R00846,PH,1
R00846,PL,1
R00846,PR,1
R00846,PY,1
R00846,RH,1
R00846,RL,1
R00846,RY,1
R00846,SH,1
R00846,SL,1
R00846,SY,1
R00846,TC,1
R00846,TE,1
R00846,TY,1
R00846,WH,1
R00846,WK,1
R00846,XL,1
R00846,YK,1
R00852,AB,1
R00852,AC,1
R00852,AM,1
R00852,BP,1
R00852,CN,1
R00852,EM,1
R00852,EY,1
R00852,KP,1
R00852,KS,1
R00852,LN,1
R00852,MI,1
R00852,MM,1
R00852,MO,1
R00852,NM,1
R00852,PN,1
R00852,PR,1
R00852,PS,1
R00852,SY,1
R00852,TC,1
R00853,AB,1
R00853,AC,1
R00853,AM,1
R00853,BP,1
R00853,CN,1
R00853,EM,1
R00853,EY,1
R00853,KP,1
R00853,KS,1
R00853,LN,1
R00853,MI,1
R00853,MM,1
R00853,MO,1
R00853,NM,1
R00853,PN,1
R00853,PR,1
R00853,PS,1
R00853,SY,1
R00853,TC,1
R00854,FA,2
R00854,FV,2
R00854,OT,2
R00854,VR,2
R00854,DE,1
R00854,FL,1
R00854,FN,1
R00854,NK,1
R00854,RA,1
R00854,VL,1
R00856,FA,2
R00856,FV,2
R00856,OT,2
R00856,VR,2
R00856,DE,1
R00856,FL,1
R00856,FN,1
R00856,NK,1
R00856,RA,1
R00856,VL,1
R00857,AF,2
R00857,FH,2
R00857,RA,2
R00857,FA,1
R00857,FC,1
R00857,FO,1
R00857,FS,1
R00857,FT,1
R00857,FV,1
R00857,KL,1
R00857,TU,1
R00857,VA,1
R00857,VB,1
R00857,VH,1
R00857,VR,1
R00858,AG,1
R00858,FW,1
R00858,GK,1
R00858,GO,1
R00858,SR,1
R00858,WN,1
R00859,BU,3
R00859,EU,3
R00859,PD,3
R00859,PU,3
R00859,SW,3
R00859,WC,3
R00859,WU,3
R00859,WV,3
R00859,WX,3
R00859,WW,2
R00859,TW,1
R00860,DK,1
R00860,HE,1
R00860,PD,1
R00860,PU,1
R00860,SW,1
R00860,WV,1
R00861,BU,3
R00861,EU,3
R00861,PD,3
R00861,PU,3
R00861,SW,3
R00861,WC,3
R00861,WU,3
R00861,WX,3
R00861,WV,2
R00861,WW,2
R00861,TW,1
R00862,FA,2
R00862,FV,2
R00862,OT,2
R00862,VR,2
R00862,DE,1
R00862,FL,1
R00862,FN,1
R00862,NK,1
R00862,RA,1
R00862,VL,1
R00863,EB,2
R00863,EJ,2
R00863,EO,2
R00863,EP,2
R00863,ES,2
R00863,EV,2
R00863,EW,2
R00863,EX,2
R00863,LC,2
R00863,LM,2
R00863,MA,2
R00863,SF,2
R00863,TV,2
R00863,WM,2
R00863,BI,1
R00863,EN,1
R00863,SM,1
R00866,BU,1
R00866,EF,1
R00866,EU,1
R00866,LE,1
R00866,PD,1
R00866,PU,1
R00866,RU,1
R00866,SU,1
R00866,SW,1
R00866,WC,1
R00866,WU,1
R00866,WV,1
R00866,WW,1
R00866,WX,1
R00867,BU,1
R00867,DK,1
R00867,EU,1
R00867,PD,1
R00867,PU,1
R00867,RU,1
R00867,SC,1
R00867,SU,1
R00867,SW,1
R00867,WU,1
R00867,WV,1
R00867,WW,1
R00870,BU,2
R00870,EF,2
R00870,EU,2
R00870,LE,2
R00870,PD,2
R00870,PU,2
R00870,RU,2
R00870,SU,2
R00870,SW,2
R00870,WC,2
R00870,WU,2
R00870,WV,2
R00870,WW,2
R00870,WX,2
R00872,AB,1
R00872,AC,1
R00872,AM,1
R00872,AN,1
R00872,AP,1
R00872,AS,1
R00872,CO,1
R00872,EA,1
R00873,AA,4
R00873,DS,4
R00873,EC,4
R00873,GD,4
R00873,GG,4
R00873,GS,4
R00873,HA,4
R00873,KG,4
R00873,NG,4
R00873,NS,4
R00873,TY,4
R00873,HX,3
R00873,MN,3
R00873,VN,3
R00873,YA,3
R00873,YG,3
R00873,YI,3
R00873,YM,3
R00873,YN,3
R00873,YS,3
R00873,AT,2
R00873,BY,2
R00873,CY,2
R00873,DA,2
R00873,DO,2
R00873,DT,2
R00873,DY,2
R00873,EG,2
R00873,EY,2
R00873,GN,2
R00873,GT,2
R00873,HT,2
R00873,HY,2
R00873,KI,2
R00873,NT,2
R00873,PY,2
R00873,RY,2
R00873,TE,2
R00873,AL,1
R00873,AM,1
R00873,AY,1
R00873,BB,1
R00873,BH,1
R00873,CE,1
R00873,HH,1
R00873,HO,1
R00873,HV,1
R00873,KY,1
R00873,MM,1
R00873,MT,1
R00873,MW,1
R00873,NB,1
R00873,PH,1
R00873,PL,1
R00873,PR,1
R00873,PS,1
R00873,RH,1
R00873,RL,1
R00873,SH,1
R00873,SL,1
R00873,SY,1
R00873,TC,1
R00873,VT,1
R00873,WH,1
R00873,WK,1
R00873,XL,1
R00873,YK,1
R00873,YL,1
R00873,YT,1
R00875,AA,4
R00875,DS,4
R00875,EC,4
R00875,GD,4
R00875,GG,4
R00875,GS,4
R00875,HA,4
R00875,KG,4
R00875,NG,4
R00875,NS,4
R00875,TY,4
R00875,HX,3
R00875,MN,3
R00875,RY,3
R00875,VN,3
R00875,YA,3
R00875,YG,3
R00875,YI,3
R00875,YM,3
R00875,YN,3
R00875,YS,3
R00875,AT,2
R00875,BB,2
R00875,BY,2
R00875,CY,2
R00875,DA,2
R00875,DO,2
R00875,DT,2
R00875,DY,2
R00875,EG,2
R00875,EY,2
R00875,GN,2
R00875,GT,2
R00875,HT,2
R00875,HY,2
R00875,KI,2
R00875,MW,2
R00875,NT,2
R00875,PY,2
R00875,RH,2
R00875,RL,2
R00875,TE,2
R00875,AL,1
R00875,AM,1
R00875,AY,1
R00875,BH,1
R00875,CE,1
R00875,CS,1
R00875,HH,1
R00875,HO,1
R00875,HV,1
R00875,KY,1
R00875,LH,1
R00875,MM,1
R00875,MT,1
R00875,NB,1
R00875,PG,1
R00875,PH,1
R00875,PL,1
R00875,PR,1
R00875,PS,1
R00875,RB,1
R00875,RE,1
R00875,RF,1
R00875,RJ,1
R00875,RM,1
R00875,RO,1
R00875,RP,1
R00875,RV,1
R00875,RW,1
R00875,RX,1
R00875,SH,1
R00875,SL,1
R00875,SM,1
R00875,SY,1
R00875,TC,1
R00875,VT,1
R00875,WH,1
R00875,WK,1
R00875,XB,1
R00875,XL,1
R00875,XS,1
R00875,YK,1
R00875,YT,1
R00876,BU,1
R00876,DK,1
R00876,EU,1
R00876,PD,1
R00876,PU,1
R00876,RU,1
R00876,SC,1
R00876,SU,1
R00876,SW,1
R00876,WU,1
R00876,WV,1
R00876,WW,1
R00880,CY,2
R00880,LW,2
R00880,SL,2
R00880,SO,2
R00880,WB,2
R00880,WH,2
R00880,WT,2
R00880,AW,1
R00880,BL,1
R00880,BU,1
R00880,BW,1
R00880,CB,1
R00880,CE,1
R00880,CK,1
R00880,CS,1
R00880,HP,1
R00880,LA,1
R00880,LG,1
R00880,LH,1
R00880,MC,1
R00880,OC,1
R00880,PB,1
R00880,PE,1
R00880,PH,1
R00880,PL,1
R00880,PM,1
R00880,PO,1
R00880,PP,1
R00880,PW,1
R00880,PX,1
R00880,PY,1
R00880,SB,1
R00880,SE,1
R00880,SN,1
R00880,SP,1
R00880,SX,1
R00880,WC,1
R00880,WD,1
R00880,WI,1
R00880,WO,1
R00880,WP,1
R00880,WR,1
R00881,AB,1
R00881,AC,1
R00881,AM,1
R00881,AN,1
R00881,AP,1
R00881,AS,1
R00881,CO,1
R00881,EA,1
R00882,AB,1
R00882,AC,1
R00882,AM,1
R00882,AN,1
R00882,AP,1
R00882,AS,1
R00882,CO,1
R00882,EA,1
R00888,AB,4
R00888,AC,4
R00888,AM,4
R00888,AN,4
R00888,AP,4
R00888,AS,4
R00888,EA,4
R00888,CO,2
R00888,PI,1
R00890,AB,3
R00890,AC,3
R00890,AM,3
R00890,AN,3
R00890,AP,3
R00890,AS,3
R00890,EA,3
R00890,CO,1
R00890,PI,1
R00902,BJ,3
R00902,EJ,3
R00902,NJ,3
R00902,RJ,3
R00902,BV,2
R00902,CH,2
R00902,MJ,2
R00902,NV,2
R00902,RV,2
R00902,BE,1
R00902,BK,1
R00902,BM,1
R00902,BO,1
R00902,BS,1
R00902,BX,1
R00902,CG,1
R00902,CK,1
R00902,CL,1
R00902,CM,1
R00902,CS,1
R00902,CV,1
R00902,EO,1
R00902,EP,1
R00902,EV,1
R00902,EW,1
R00902,EX,1
R00902,GJ,1
R00902,HG,1
R00902,JG,1
R00902,JK,1
R00902,JO,1
R00902,JP,1
R00902,KH,1
R00902,KN,1
R00902,LC,1
R00902,LM,1
R00902,MA,1
R00902,MC,1
R00902,MW,1
R00902,NC,1
R00902,NW,1
R00902,NX,1
R00902,PE,1
R00902,PG,1
R00902,PM,1
R00902,PO,1
R00902,PP,1
R00902,PV,1
R00902,PX,1
R00902,RE,1
R00902,RM,1
R00902,RO,1
R00902,RP,1
R00902,RW,1
R00902,RX,1
R00902,SE,1
R00902,SO,1
R00902,SX,1
R00902,TM,1
R00902,TO,1
R00902,TV,1
R00902,WS,1
R00902,XH,1
R00902,XJ,1
R00907,BI,1
R00913,DE,2
R00913,EL,2
R00913,FA,2
R00913,FL,2
R00913,FN,2
R00913,FV,2
R00913,NK,2
R00913,OT,2
R00913,RA,2
R00913,VL,2
R00913,VR,2
R00913,BU,1
R00913,EU,1
R00913,FT,1
R00913,PD,1
R00913,PK,1
R00913,PU,1
R00913,RU,1
R00913,SU,1
R00913,SW,1
R00913,WC,1
R00913,WU,1
R00916,AW,1
R00916,BU,1
R00916,CB,1
R00916,CK,1
R00916,CY,1
R00916,LA,1
R00916,LW,1
R00916,MC,1
R00916,OC,1
R00916,SB,1
R00916,SE,1
R00916,SL,1
R00916,SN,1
R00916,SO,1
R00916,SP,1
R00916,SX,1
R00916,WB,1
R00916,WC,1
R00916,WD,1
R00916,WH,1
R00916,WI,1
R00916,WT,1
R00917,LW,3
R00917,BB,2
R00917,BL,2
R00917,GW,2
R00917,HP,2
R00917,LA,2
R00917,LG,2
R00917,MW,2
R00917,PC,2
R00917,WR,2
R00917,AW,1
R00917,BU,1
R00917,CB,1
R00917,CK,1
R00917,CY,1
R00917,LH,1
R00917,MC,1
R00917,OC,1
R00917,PG,1
R00917,PZ,1
R00917,RB,1
R00917,RE,1
R00917,RF,1
R00917,RG,1
R00917,RH,1
R00917,RJ,1
R00917,RL,1
R00917,RM,1
R00917,RO,1
R00917,RP,1
R00917,RV,1
R00917,RW,1
R00917,RX,1
R00917,RY,1
R00917,SB,1
R00917,SE,1
R00917,SL,1
R00917,SN,1
R00917,SO,1
R00917,SP,1
R00917,SX,1
R00917,WB,1
R00917,WC,1
R00917,WD,1
R00917,WE,1
R00917,WH,1
R00917,WI,1
R00917,WP,1
R00917,WT,1
R00918,GW,7
R00918,WR,7
R00918,BB,5
R00918,BL,5
R00918,LG,5
R00918,LW,5
R00918,MW,5
R00918,PC,5
R00918,WP,4
R00918,CZ,3
R00918,HP,3
R00918,LA,3
R00918,RB,3
R00918,RE,3
R00918,RF,3
R00918,RH,3
R00918,RJ,3
R00918,RL,3
R00918,RM,3
R00918,RO,3
R00918,RP,3
R00918,RV,3
R00918,RW,3
R00918,RX,3
R00918,RY,3
R00918,SP,3
R00918,BW,2
R00918,LH,2
R00918,MP,2
R00918,OP,2
R00918,PB,2
R00918,PE,2
R00918,PG,2
R00918,PH,2
R00918,PJ,2
R00918,PL,2
R00918,PM,2
R00918,PO,2
R00918,PP,2
R00918,PV,2
R00918,PW,2
R00918,PX,2
R00918,PY,2
R00918,PZ,2
R00918,RG,2
R00918,SB,2
R00918,SN,2
R00918,WE,2
R00918,WO,2
R00918,AW,1
R00918,CE,1
R00918,MC,1
R00923,CY,2
R00923,LW,2
R00923,SL,2
R00923,SO,2
R00923,WB,2
R00923,WH,2
R00923,WT,2
R00923,AW,1
R00923,BL,1
R00923,BU,1
R00923,BW,1
R00923,CB,1
R00923,CE,1
R00923,CK,1
R00923,CS,1
R00923,HP,1
R00923,LA,1
R00923,LG,1
R00923,LH,1
R00923,MC,1
R00923,OC,1
R00923,PB,1
R00923,PE,1
R00923,PH,1
R00923,PL,1
R00923,PM,1
R00923,PO,1
R00923,PP,1
R00923,PW,1
R00923,PX,1
R00923,PY,1
R00923,SB,1
R00923,SE,1
R00923,SN,1
R00923,SP,1
R00923,SX,1
R00923,WC,1
R00923,WD,1
R00923,WI,1
R00923,WO,1
R00923,WP,1
R00923,WR,1
R00924,AW,1
R00924,BU,1
R00924,CB,1
R00924,CK,1
R00924,CY,1
R00924,LA,1
R00924,LW,1
R00924,MC,1
R00924,OC,1
R00924,SB,1
R00924,SE,1
R00924,SL,1
R00924,SN,1
R00924,SO,1
R00924,SP,1
R00924,SX,1
R00924,WB,1
R00924,WC,1
R00924,WD,1
R00924,WH,1
R00924,WI,1
R00924,WT,1
R00926,BU,1
R00926,EF,1
R00926,EU,1
R00926,LE,1
R00926,PD,1
R00926,PU,1
R00926,RU,1
R00926,SU,1
R00926,SW,1
R00926,WC,1
R00926,WU,1
R00926,WV,1
R00926,WW,1
R00926,WX,1
R00928,BU,1
R00928,EF,1
R00928,EU,1
R00928,LE,1
R00928,PD,1
R00928,PU,1
R00928,RU,1
R00928,SU,1
R00928,SW,1
R00928,WC,1
R00928,WU,1
R00928,WV,1
R00928,WW,1
R00928,WX,1
R00929,BU,2
R00929,EF,2
R00929,EU,2
R00929,LE,2
R00929,PD,2
R00929,PU,2
R00929,RU,2
R00929,SU,2
R00929,SW,2
R00929,WC,2
R00929,WU,2
R00929,WV,2
R00929,WW,2
R00929,WX,2
R00931,DB,1
R00931,GM,1
R00931,HM,1
R00931,MB,1
R00931,MK,1
R00931,MN,1
R00931,MR,1
R00931,MS,1
R00931,MT,1
R00931,TP,1
R00931,VK,1
R00931,VN,1
R00931,VT,1
R00935,AA,3
R00935,DS,3
R00935,EC,3
R00935,GD,3
R00935,GG,3
R00935,GS,3
R00935,HA,3
R00935,HX,3
R00935,KG,3
R00935,MN,3
R00935,NG,3
R00935,NS,3
R00935,TY,3
R00935,VN,3
R00935,YA,3
R00935,YG,3
R00935,YI,3
R00935,YM,3
R00935,YN,3
R00935,YS,3
R00935,BH,2
R00935,BY,2
R00935,CE,2
R00935,CY,2
R00935,DA,2
R00935,EG,2
R00935,GN,2
R00935,HH,2
R00935,HY,2
R00935,KI,2
R00935,PH,2
R00935,PL,2
R00935,PY,2
R00935,SL,2
R00935,WH,2
R00935,XL,2
R00935,AB,1
R00935,AM,1
R00935,AT,1
R00935,BB,1
R00935,BC,1
R00935,BE,1
R00935,BG,1
R00935,BI,1
R00935,BJ,1
R00935,BK,1
R00935,BL,1
R00935,BM,1
R00935,BO,1
R00935,BP,1
R00935,BS,1
R00935,BV,1
R00935,BW,1
R00935,BX,1
R00935,CA,1
R00935,CB,1
R00935,CK,1
R00935,DO,1
R00935,DT,1
R00935,DY,1
R00935,EY,1
R00935,GT,1
R00935,HB,1
R00935,HG,1
R00935,HO,1
R00935,HT,1
R00935,HV,1
R00935,KH,1
R00935,LH,1
R00935,ME,1
R00935,MM,1
R00935,MT,1
R00935,MW,1
R00935,NB,1
R00935,NT,1
R00935,PB,1
R00935,PE,1
R00935,PM,1
R00935,PO,1
R00935,PP,1
R00935,PR,1
R00935,PS,1
R00935,PW,1
R00935,PX,1
R00935,RH,1
R00935,RL,1
R00935,RY,1
R00935,SE,1
R00935,SH,1
R00935,SO,1
R00935,SX,1
R00935,SY,1
R00935,TC,1
R00935,TE,1
R00935,VT,1
R00935,WB,1
R00935,WI,1
R00935,WK,1
R00935,WM,1
R00935,WO,1
R00935,WR,1
R00935,WT,1
R00935,XH,1
R00935,YK,1
R00935,YL,1
R00935,YT,1
R00941,BB,2
R00941,BL,2
R00941,GW,2
R00941,HP,2
R00941,LA,2
R00941,LG,2
R00941,LH,2
R00941,LW,2
R00941,MW,2
R00941,PC,2
R00941,PG,2
R00941,PZ,2
R00941,RG,2
R00941,WE,2
R00941,WP,2
R00941,WR,2
R00943,BU,1
R00943,EF,1
R00943,EU,1
R00943,LE,1
R00943,PD,1
R00943,PU,1
R00943,RU,1
R00943,SU,1
R00943,SW,1
R00943,WC,1
R00943,WU,1
R00943,WV,1
R00943,WW,1
R00943,WX,1
R00946,BU,1
R00946,EF,1
R00946,EU,1
R00946,LE,1
R00946,PD,1
R00946,PU,1
R00946,RU,1
R00946,SU,1
R00946,SW,1
R00946,WC,1
R00946,WU,1
R00946,WV,1
R00946,WW,1
R00946,WX,1
R00947,BE,1
R00947,BK,1
R00947,BM,1
R00947,BS,1
R00947,BX,1
R00947,CG,1
R00947,CK,1
R00947,CM,1
R00947,CS,1
R00947,CU,1
R00947,DB,1
R00947,DW,1
R00947,EP,1
R00947,EW,1
R00947,EX,1
R00947,GM,1
R00947,HG,1
R00947,HM,1
R00947,JG,1
R00947,JO,1
R00947,KH,1
R00947,KM,1
R00947,KN,1
R00947,LM,1
R00947,LY,1
R00947,MA,1
R00947,MB,1
R00947,MC,1
R00947,MG,1
R00947,MH,1
R00947,MJ,1
R00947,MN,1
R00947,MP,1
R00947,MR,1
R00947,MS,1
R00947,MT,1
R00947,MW,1
R00947,MX,1
R00947,NN,1
R00947,NO,1
R00947,NR,1
R00947,NW,1
R00947,NX,1
R00947,PE,1
R00947,PG,1
R00947,PM,1
R00947,PP,1
R00947,PR,1
R00947,PS,1
R00947,PX,1
R00947,RE,1
R00947,RM,1
R00947,RP,1
R00947,RW,1
R00947,RX,1
R00947,SE,1
R00947,SX,1
R00947,TM,1
R00947,TP,1
R00947,WS,1
R00947,XH,1
R00948,CY,4
R00948,SL,4
R00948,WH,4
R00948,AA,3
R00948,CE,3
R00948,DS,3
R00948,EC,3
R00948,GD,3
R00948,GG,3
R00948,GS,3
R00948,HA,3
R00948,HX,3
R00948,KG,3
R00948,MN,3
R00948,NG,3
R00948,NS,3
R00948,PH,3
R00948,PL,3
R00948,PY,3
R00948,SO,3
R00948,TY,3
R00948,VN,3
R00948,WB,3
R00948,WT,3
R00948,YA,3
R00948,YG,3
R00948,YI,3
R00948,YM,3
R00948,YN,3
R00948,YS,3
R00948,BH,2
R00948,BL,2
R00948,BW,2
R00948,BY,2
R00948,CB,2
R00948,CK,2
R00948,DA,2
R00948,EG,2
R00948,GN,2
R00948,HH,2
R00948,HY,2
R00948,KI,2
R00948,LH,2
R00948,LW,2
R00948,PB,2
R00948,PE,2
R00948,PM,2
R00948,PO,2
R00948,PP,2
R00948,PW,2
R00948,PX,2
R00948,SE,2
R00948,SX,2
R00948,WI,2
R00948,WO,2
R00948,WR,2
R00948,XL,2
R00948,AB,1
R00948,AM,1
R00948,AT,1
R00948,AW,1
R00948,BB,1
R00948,BC,1
R00948,BE,1
R00948,BG,1
R00948,BI,1
R00948,BJ,1
R00948,BK,1
R00948,BM,1
R00948,BO,1
R00948,BP,1
R00948,BS,1
R00948,BU,1
R00948,BV,1
R00948,BX,1
R00948,CA,1
R00948,CS,1
R00948,DO,1
R00948,DT,1
R00948,DY,1
R00948,EY,1
R00948,GT,1
R00948,HB,1
R00948,HG,1
R00948,HO,1
R00948,HP,1
R00948,HT,1
R00948,HV,1
R00948,KH,1
R00948,LA,1
R00948,LG,1
R00948,MC,1
R00948,ME,1
R00948,MM,1
R00948,MT,1
R00948,MW,1
R00948,NB,1
R00948,NT,1
R00948,OC,1
R00948,PR,1
R00948,PS,1
R00948,RH,1
R00948,RL,1
R00948,RY,1
R00948,SB,1
R00948,SH,1
R00948,SN,1
R00948,SP,1
R00948,SY,1
R00948,TC,1
R00948,TE,1
R00948,VT,1
R00948,WC,1
R00948,WD,1
R00948,WK,1
R00948,WM,1
R00948,WP,1
R00948,XH,1
R00948,YK,1
R00948,YL,1
R00948,YT,1
R00949,AM,1
R00949,BB,1
R00949,BH,1
R00949,BY,1
R00949,CE,1
R00949,CY,1
R00949,DO,1
R00949,DW,1
R00949,DY,1
R00949,EY,1
R00949,HD,1
R00949,HH,1
R00949,HO,1
R00949,HV,1
R00949,HY,1
R00949,JL,1
R00949,MB,1
R00949,MM,1
R00949,MS,1
R00949,MW,1
R00949,MY,1
R00949,NB,1
R00949,PH,1
R00949,PL,1
R00949,PR,1
R00949,PS,1
R00949,PY,1
R00949,RH,1
R00949,RL,1
R00949,RY,1
R00949,SH,1
R00949,SL,1
R00949,SY,1
R00949,TC,1
R00949,WH,1
R00949,WK,1
R00949,XL,1
R00949,YK,1
R00949,YL,1
R00954,AB,2
R00954,AC,2
R00954,AM,2
R00954,BP,2
R00954,CN,2
R00954,EM,2
R00954,EY,2
R00954,MI,2
R00954,MM,2
R00954,MO,2
R00954,NM,2
R00954,PN,2
R00954,PR,2
R00954,PS,2
R00954,SY,2
R00954,TC,2
R00954,KP,1
R00954,KS,1
R00954,LN,1
R00961,BU,2
R00961,EF,2
R00961,EU,2
R00961,LE,2
R00961,PD,2
R00961,PU,2
R00961,RU,2
R00961,SU,2
R00961,SW,2
R00961,WC,2
R00961,WU,2
R00961,WV,2
R00961,WW,2
R00961,WX,2
R00962,BU,2
R00962,EF,2
R00962,EU,2
R00962,LE,2
R00962,PD,2
R00962,PU,2
R00962,RU,2
R00962,SU,2
R00962,SW,2
R00962,WC,2
R00962,WU,2
R00962,WV,2
R00962,WW,2
R00962,WX,2
R00964,BB,1
R00964,CS,1
R00964,GC,1
R00964,MW,1
R00964,PG,1
R00964,RB,1
R00964,RE,1
R00964,RF,1
R00964,RH,1
R00964,RJ,1
R00964,RL,1
R00964,RM,1
R00964,RO,1
R00964,RP,1
R00964,RV,1
R00964,RW,1
R00964,RX,1
R00964,RY,1
R00964,SM,1
R00964,WM,1
R00964,XB,1
R00964,XS,1
R00966,BB,1
R00966,CS,1
R00966,GC,1
R00966,MW,1
R00966,PG,1
R00966,RB,1
R00966,RE,1
R00966,RF,1
R00966,RH,1
R00966,RJ,1
R00966,RL,1
R00966,RM,1
R00966,RO,1
R00966,RP,1
R00966,RV,1
R00966,RW,1
R00966,RX,1
R00966,RY,1
R00966,SM,1
R00966,WM,1
R00966,XB,1
R00966,XS,1
R00968,LB,2
R00968,VB,2
R00968,XB,2
R00968,XC,2
R00968,XE,2
R00968,AC,1
R00968,AM,1
R00968,AN,1
R00968,AS,1
R00968,CW,1
R00968,EC,1
R00968,EE,1
R00968,ER,1
R00968,GU,1
R00968,HU,1
R00968,KE,1
R00968,KG,1
R00968,KP,1
R00968,KS,1
R00968,KY,1
R00968,LF,1
R00968,LN,1
R00968,LP,1
R00968,SC,1
R00968,SD,1
R00968,TE,1
R00968,TY,1
R00968,WA,1
R00970,AC,2
R00970,AM,2
R00970,AN,2
R00970,AS,2
R00970,EC,2
R00970,EE,2
R00970,ER,2
R00970,GU,2
R00970,HU,2
R00970,KE,2
R00970,KG,2
R00970,KP,2
R00970,KS,2
R00970,KY,2
R00970,LB,2
R00970,LN,2
R00970,TE,2
R00970,TY,2
R00970,VB,2
R00970,XB,2
R00970,XC,2
R00970,XE,2
R00970,LF,1
R00970,LP,1
R00970,SC,1
R00970,SD,1
R00970,WA,1
R00974,BL,2
R00974,BW,2
R00974,CE,2
R00974,CY,2
R00974,LH,2
R00974,PB,2
R00974,PE,2
R00974,PH,2
R00974,PL,2
R00974,PM,2
R00974,PO,2
R00974,PP,2
R00974,PW,2
R00974,PX,2
R00974,PY,2
R00974,SL,2
R00974,SO,2
R00974,WB,2
R00974,WH,2
R00974,WO,2
R00974,WR,2
R00974,WT,2
R00974,AB,1
R00974,BC,1
R00974,BE,1
R00974,BG,1
R00974,BH,1
R00974,BI,1
R00974,BJ,1
R00974,BK,1
R00974,BM,1
R00974,BO,1
R00974,BP,1
R00974,BS,1
R00974,BV,1
R00974,BX,1
R00974,BY,1
R00974,CA,1
R00974,CB,1
R00974,CK,1
R00974,CS,1
R00974,HB,1
R00974,HG,1
R00974,HH,1
R00974,HP,1
R00974,HY,1
R00974,KH,1
R00974,LG,1
R00974,LW,1
R00974,ME,1
R00974,SE,1
R00974,SX,1
R00974,WI,1
R00974,WM,1
R00974,WP,1
R00974,XH,1
R00974,XL,1
R00975,PB,2
R00975,PE,2
R00975,PH,2
R00975,PL,2
R00975,PM,2
R00975,PO,2
R00975,PP,2
R00975,PW,2
R00975,PX,2
R00975,PY,2
R00975,WR,2
R00975,AB,1
R00975,BC,1
R00975,BE,1
R00975,BG,1
R00975,BH,1
R00975,BI,1
R00975,BJ,1
R00975,BK,1
R00975,BL,1
R00975,BM,1
R00975,BO,1
R00975,BP,1
R00975,BS,1
R00975,BV,1
R00975,BW,1
R00975,BX,1
R00975,BY,1
R00975,CA,1
R00975,CB,1
R00975,CE,1
R00975,CK,1
R00975,CY,1
R00975,CZ,1
R00975,GW,1
R00975,HB,1
R00975,HG,1
R00975,HH,1
R00975,HY,1
R00975,KH,1
R00975,LH,1
R00975,ME,1
R00975,MP,1
R00975,OP,1
R00975,PJ,1
R00975,PV,1
R00975,SE,1
R00975,SL,1
R00975,SO,1
R00975,SP,1
R00975,SX,1
R00975,WB,1
R00975,WH,1
R00975,WI,1
R00975,WM,1
R00975,WO,1
R00975,WT,1
R00975,XH,1
R00975,XL,1
R00977,PB,2
R00977,PE,2
R00977,PH,2
R00977,PL,2
R00977,PM,2
R00977,PO,2
R00977,PP,2
R00977,PW,2
R00977,PX,2
R00977,PY,2
R00977,WR,2
R00977,AB,1
R00977,BC,1
R00977,BE,1
R00977,BG,1
R00977,BH,1
R00977,BI,1
R00977,BJ,1
R00977,BK,1
R00977,BL,1
R00977,BM,1
R00977,BO,1
R00977,BP,1
R00977,BS,1
R00977,BV,1
R00977,BW,1
R00977,BX,1
R00977,BY,1
R00977,CA,1
R00977,CB,1
R00977,CE,1
R00977,CK,1
R00977,CY,1
R00977,CZ,1
R00977,GW,1
R00977,HB,1
R00977,HG,1
R00977,HH,1
R00977,HY,1
R00977,KH,1
R00977,LH,1
R00977,ME,1
R00977,MP,1
R00977,OP,1
R00977,PJ,1
R00977,PV,1
R00977,SE,1
R00977,SL,1
R00977,SO,1
R00977,SP,1
R00977,SX,1
R00977,WB,1
R00977,WH,1
R00977,WI,1
R00977,WM,1
R00977,WO,1
R00977,WT,1
R00977,XH,1
R00977,XL,1
R00978,GR,1
R00978,TS,1
R00978,UP,1
R00984,BB,2
R00984,BL,2
R00984,GW,2
R00984,HP,2
R00984,LA,2
R00984,LG,2
R00984,LH,2
R00984,LW,2
R00984,MW,2
R00984,PC,2
R00984,PG,2
R00984,PZ,2
R00984,RG,2
R00984,WE,2
R00984,WP,2
R00984,WR,2
R00985,BU,2
R00985,SN,2
R00985,WC,2
R00985,AW,1
R00985,BW,1
R00985,CB,1
R00985,CE,1
R00985,CK,1
R00985,CY,1
R00985,LA,1
R00985,LW,1
R00985,MC,1
R00985,OC,1
R00985,SB,1
R00985,SE,1
R00985,SL,1
R00985,SO,1
R00985,SP,1
R00985,SS,1
R00985,SX,1
R00985,WB,1
R00985,WD,1
R00985,WH,1
R00985,WI,1
R00985,WO,1
R00985,WT,1
R00986,BU,2
R00986,EF,2
R00986,EU,2
R00986,LE,2
R00986,PD,2
R00986,PU,2
R00986,RU,2
R00986,SU,2
R00986,SW,2
R00986,WC,2
R00986,WU,2
R00986,WV,2
R00986,WW,2
R00986,WX,2
R00988,AG,1
R00988,FW,1
R00988,GK,1
R00988,GO,1
R00988,SR,1
R00988,WN,1
R00991,BY,2
R00991,CY,2
R00991,DY,2
R00991,EY,2
R00991,HY,2
R00991,PY,2
R00991,RY,2
R00991,AA,1
R00991,AL,1
R00991,AM,1
R00991,AT,1
R00991,AY,1
R00991,BB,1
R00991,BH,1
R00991,CE,1
R00991,DO,1
R00991,DS,1
R00991,DT,1
R00991,EC,1
R00991,GD,1
R00991,GG,1
R00991,GS,1
R00991,GT,1
R00991,HA,1
R00991,HH,1
R00991,HO,1
R00991,HT,1
R00991,HV,1
R00991,KG,1
R00991,KY,1
R00991,MM,1
R00991,MW,1
R00991,NB,1
R00991,NG,1
R00991,NS,1
R00991,NT,1
R00991,PH,1
R00991,PL,1
R00991,PR,1
R00991,PS,1
R00991,RH,1
R00991,RL,1
R00991,SH,1
R00991,SL,1
R00991,SY,1
R00991,TC,1
R00991,TE,1
R00991,TY,1
R00991,WH,1
R00991,WK,1
R00991,XL,1
R00991,YK,1
R00991,YL,1
R00992,AB,1
R00992,AC,1
R00992,AM,1
R00992,BG,1
R00992,BH,1
R00992,BP,1
R00992,BY,1
R00992,CN,1
R00992,CY,1
R00992,EM,1
R00992,EY,1
R00992,HH,1
R00992,HY,1
R00992,MI,1
R00992,MM,1
R00992,NM,1
R00992,PH,1
R00992,PL,1
R00992,PN,1
R00992,PR,1
R00992,PS,1
R00992,PY,1
R00992,RH,1
R00992,RL,1
R00992,RY,1
R00992,SL,1
R00992,SY,1
R00992,TC,1
R00992,WH,1
R00992,XL,1
R00993,EC,1
R00993,EE,1
R00993,ER,1
R00993,GU,1
R00993,HI,1
R00993,HU,1
R00993,KE,1
R00993,KG,1
R00993,KP,1
R00993,KS,1
R00993,KY,1
R00993,LN,1
R00993,TE,1
R00993,TY,1
R00996,BU,3
R00996,EU,3
R00996,LE,3
R00996,RU,3
R00996,SW,3
R00996,WC,3
R00996,WU,3
R00996,WW,3
R00996,PD,2
R00996,PU,2
R00996,WV,2
R00996,WX,2
R00996,EF,1
R00996,SU,1
R00997,BU,1
R00997,DK,1
R00997,EU,1
R00997,PD,1
R00997,PU,1
R00997,RU,1
R00997,SC,1
R00997,SU,1
R00997,SW,1
R00997,WU,1
R00997,WV,1
R00997,WW,1
R00998,BU,1
R00998,DK,1
R00998,EU,1
R00998,PD,1
R00998,PU,1
R00998,RU,1
R00998,SC,1
R00998,SU,1
R00998,SW,1
R00998,WU,1
R00998,WV,1
R00998,WW,1
R00999,BI,1
R01000,AB,2
R01000,AC,2
R01000,AM,2
R01000,AN,2
R01000,AP,2
R01000,AS,2
R01000,EA,2
R01000,CO,1
R01002,BI,1
R01004,BI,1
R01011,LB,1
R01011,LF,1
R01011,LP,1
R01011,SC,1
R01011,SD,1
R01011,VB,1
R01011,XB,1
R01011,XC,1
R01011,XE,1
R01013,AC,1
R01013,AM,1
R01013,AS,1
R01013,BE,1
R01013,BK,1
R01013,BM,1
R01013,BO,1
R01013,BS,1
R01013,BX,1
R01013,CG,1
R01013,CK,1
R01013,CL,1
R01013,CM,1
R01013,CS,1
R01013,CU,1
R01013,EM,1
R01013,EO,1
R01013,EP,1
R01013,EW,1
R01013,EX,1
R01013,GM,1
R01013,HD,1
R01013,HG,1
R01013,HM,1
R01013,HO,1
R01013,KH,1
R01013,KM,1
R01013,KN,1
R01013,LM,1
R01013,LY,1
R01013,MA,1
R01013,MC,1
R01013,MG,1
R01013,MH,1
R01013,MJ,1
R01013,MK,1
R01013,MN,1
R01013,MP,1
R01013,MR,1
R01013,MS,1
R01013,MT,1
R01013,MW,1
R01013,MX,1
R01013,NN,1
R01013,NO,1
R01013,NR,1
R01013,NW,1
R01013,NX,1
R01013,OC,1
R01013,OP,1
R01013,PE,1
R01013,PG,1
R01013,PM,1
R01013,PO,1
R01013,PP,1
R01013,PR,1
R01013,PS,1
R01013,PX,1
R01013,RE,1
R01013,RM,1
R01013,RO,1
R01013,RP,1
R01013,RW,1
R01013,RX,1
R01013,SE,1
R01013,SK,1
R01013,SO,1
R01013,SX,1
R01013,TM,1
R01013,TO,1
R01013,TP,1
R01013,WS,1
R01013,XH,1
R01013,YL,1
R01020,BU,2
R01020,EU,2
R01020,LE,2
R01020,PD,2
R01020,PU,2
R01020,RU,2
R01020,SW,2
R01020,WC,2
R01020,WU,2
R01020,WV,2
R01020,WW,2
R01020,WX,2
R01020,EF,1
R01020,SU,1
R01021,AG,1
R01021,FW,1
R01021,GK,1
R01021,GO,1
R01021,SR,1
R01021,WN,1
R01030,AC,1
R01030,AM,1
R01030,AS,1
R01030,BE,1
R01030,BK,1
R01030,BM,1
R01030,BO,1
R01030,BS,1
R01030,BX,1
R01030,CG,1
R01030,CK,1
R01030,CL,1
R01030,CM,1
R01030,CS,1
R01030,CU,1
R01030,EM,1
R01030,EO,1
R01030,EP,1
R01030,EW,1
R01030,EX,1
R01030,GM,1
R01030,HD,1
R01030,HG,1
R01030,HM,1
R01030,HO,1
R01030,KH,1
R01030,KM,1
R01030,KN,1
R01030,LM,1
R01030,LY,1
R01030,MA,1
R01030,MC,1
R01030,MG,1
R01030,MH,1
R01030,MJ,1
R01030,MK,1
R01030,MN,1
R01030,MP,1
R01030,MR,1
R01030,MS,1
R01030,MT,1
R01030,MW,1
R01030,MX,1
R01030,NN,1
R01030,NO,1
R01030,NR,1
R01030,NW,1
R01030,NX,1
R01030,OC,1
R01030,OP,1
R01030,PE,1
R01030,PG,1
R01030,PM,1
R01030,PO,1
R01030,PP,1
R01030,PR,1
R01030,PS,1
R01030,PX,1
R01030,RE,1
R01030,RM,1
R01030,RO,1
R01030,RP,1
R01030,RW,1
R01030,RX,1
R01030,SE,1
R01030,SK,1
R01030,SO,1
R01030,SX,1
R01030,TM,1
R01030,TO,1
R01030,TP,1
R01030,WS,1
R01030,XH,1
R01030,YL,1
R01031,AC,1
R01031,AM,1
R01031,AS,1
R01031,BE,1
R01031,BK,1
R01031,BM,1
R01031,BO,1
R01031,BS,1
R01031,BX,1
R01031,CG,1
R01031,CK,1
R01031,CL,1
R01031,CM,1
R01031,CS,1
R01031,CU,1
R01031,EM,1
R01031,EO,1
R01031,EP,1
R01031,EW,1
R01031,EX,1
R01031,GM,1
R01031,HD,1
R01031,HG,1
R01031,HM,1
R01031,HO,1
R01031,KH,1
R01031,KM,1
R01031,KN,1
R01031,LM,1
R01031,LY,1
R01031,MA,1
R01031,MC,1
R01031,MG,1
R01031,MH,1
R01031,MJ,1
R01031,MK,1
R01031,MN,1
R01031,MP,1
R01031,MR,1
R01031,MS,1
R01031,MT,1
R01031,MW,1
R01031,MX,1
R01031,NN,1
R01031,NO,1
R01031,NR,1
R01031,NW,1
R01031,NX,1
R01031,OC,1
R01031,OP,1
R01031,PE,1
R01031,PG,1
R01031,PM,1
R01031,PO,1
R01031,PP,1
R01031,PR,1
R01031,PS,1
R01031,PX,1
R01031,RE,1
R01031,RM,1
R01031,RO,1
R01031,RP,1
R01031,RW,1
R01031,RX,1
R01031,SE,1
R01031,SK,1
R01031,SO,1
R01031,SX,1
R01031,TM,1
R01031,TO,1
R01031,TP,1
R01031,WS,1
R01031,XH,1
R01031,YL,1
R01032,BU,1
R01032,EU,1
R01032,PD,1
R01032,PU,1
R01032,SW,1
R01032,TW,1
R01032,WC,1
R01032,WU,1
R01032,WV,1
R01032,WX,1
R01033,BE,1
R01033,BK,1
R01033,BM,1
R01033,BS,1
R01033,BX,1
R01033,CG,1
R01033,CK,1
R01033,CM,1
R01033,CS,1
R01033,CU,1
R01033,DB,1
R01033,DW,1
R01033,EP,1
R01033,EW,1
R01033,EX,1
R01033,GM,1
R01033,HG,1
R01033,HM,1
R01033,JG,1
R01033,JO,1
R01033,KH,1
R01033,KM,1
R01033,KN,1
R01033,LM,1
R01033,LY,1
R01033,MA,1
R01033,MB,1
R01033,MC,1
R01033,MG,1
R01033,MH,1
R01033,MJ,1
R01033,MN,1
R01033,MP,1
R01033,MR,1
R01033,MS,1
R01033,MT,1
R01033,MW,1
R01033,MX,1
R01033,NN,1
R01033,NO,1
R01033,NR,1
R01033,NW,1
R01033,NX,1
R01033,PE,1
R01033,PG,1
R01033,PM,1
R01033,PP,1
R01033,PR,1
R01033,PS,1
R01033,PX,1
R01033,RE,1
R01033,RM,1
R01033,RP,1
R01033,RW,1
R01033,RX,1
R01033,SE,1
R01033,SX,1
R01033,TM,1
R01033,TP,1
R01033,WS,1
R01033,XH,1
R01034,AW,1
R01034,BU,1
R01034,CB,1
R01034,CK,1
R01034,CY,1
R01034,LA,1
R01034,LW,1
R01034,MC,1
R01034,OC,1
R01034,SB,1
R01034,SE,1
R01034,SL,1
R01034,SN,1
R01034,SO,1
R01034,SP,1
R01034,SX,1
R01034,WB,1
R01034,WC,1
R01034,WD,1
R01034,WH,1
R01034,WI,1
R01034,WT,1
R01037,LW,3
R01037,BB,2
R01037,BL,2
R01037,GW,2
R01037,HP,2
R01037,LA,2
R01037,LG,2
R01037,MW,2
R01037,PC,2
R01037,WR,2
R01037,AW,1
R01037,BU,1
R01037,CB,1
R01037,CK,1
R01037,CY,1
R01037,LH,1
R01037,MC,1
R01037,OC,1
R01037,PG,1
R01037,PZ,1
R01037,RB,1
R01037,RE,1
R01037,RF,1
R01037,RG,1
R01037,RH,1
R01037,RJ,1
R01037,RL,1
R01037,RM,1
R01037,RO,1
R01037,RP,1
R01037,RV,1
R01037,RW,1
R01037,RX,1
R01037,RY,1
R01037,SB,1
R01037,SE,1
R01037,SL,1
R01037,SN,1
R01037,SO,1
R01037,SP,1
R01037,SX,1
R01037,WB,1
R01037,WC,1
R01037,WD,1
R01037,WE,1
R01037,WH,1
R01037,WI,1
R01037,WP,1
R01037,WT,1
R01041,AR,1
R01041,FB,1
R01041,KL,1
R01041,RA,1
R01041,TN,1
R01041,VH,1
R01041,VR,1
R01047,BJ,1
R01047,CH,1
R01047,CL,1
R01047,EJ,1
R01047,GJ,1
R01047,JG,1
R01047,JK,1
R01047,JO,1
R01047,JP,1
R01047,MJ,1
R01047,NJ,1
R01047,RJ,1
R01047,XJ,1
R01054,BE,1
R01054,BJ,1
R01054,BK,1
R01054,BM,1
R01054,BO,1
R01054,BS,1
R01054,BV,1
R01054,BX,1
R01054,CG,1
R01054,CK,1
R01054,CM,1
R01054,CS,1
R01054,CV,1
R01054,EJ,1
R01054,EO,1
R01054,EP,1
R01054,EV,1
R01054,EW,1
R01054,EX,1
R01054,HG,1
R01054,KH,1
R01054,KN,1
R01054,LC,1
R01054,LM,1
R01054,MA,1
R01054,MC,1
R01054,MW,1
R01054,NC,1
R01054,NJ,1
R01054,NV,1
R01054,NW,1
R01054,NX,1
R01054,PE,1
R01054,PG,1
R01054,PM,1
R01054,PO,1
R01054,PP,1
R01054,PX,1
R01054,RE,1
R01054,RJ,1
R01054,RM,1
R01054,RO,1
R01054,RP,1
R01054,RV,1
R01054,RW,1
R01054,RX,1
R01054,SE,1
R01054,SO,1
R01054,SX,1
R01054,TM,1
R01054,TO,1
R01054,TV,1
R01054,WS,1
R01054,XH,1
R01055,EB,2
R01055,EJ,2
R01055,EO,2
R01055,EP,2
R01055,ES,2
R01055,EV,2
R01055,EW,2
R01055,EX,2
R01055,LC,2
R01055,LM,2
R01055,MA,2
R01055,SF,2
R01055,TV,2
R01055,WM,2
R01055,BI,1
R01055,EN,1
R01055,SM,1
R01056,BB,2
R01056,LH,2
R01056,MW,2
R01056,PG,2
R01056,BL,1
R01056,CS,1
R01056,GW,1
R01056,HP,1
R01056,LA,1
R01056,LG,1
R01056,LW,1
R01056,PC,1
R01056,PZ,1
R01056,RB,1
R01056,RE,1
R01056,RF,1
R01056,RG,1
R01056,RH,1
R01056,RJ,1
R01056,RL,1
R01056,RM,1
R01056,RO,1
R01056,RP,1
R01056,RV,1
R01056,RW,1
R01056,RX,1
R01056,RY,1
R01056,SM,1
R01056,WE,1
R01056,WP,1
R01056,WR,1
R01056,XB,1
R01056,XS,1
R01057,BB,2
R01057,BL,2
R01057,GW,2
R01057,HP,2
R01057,LA,2
R01057,LG,2
R01057,LH,2
R01057,LW,2
R01057,MW,2
R01057,PC,2
R01057,PG,2
R01057,PZ,2
R01057,RG,2
R01057,WE,2
R01057,WP,2
R01057,WR,2
R01060,AA,1
R01060,AL,1
R01060,AT,1
R01060,AY,1
R01060,BY,1
R01060,CY,1
R01060,DO,1
R01060,DS,1
R01060,DT,1
R01060,DY,1
R01060,EC,1
R01060,EY,1
R01060,GD,1
R01060,GG,1
R01060,GS,1
R01060,GT,1
R01060,HA,1
R01060,HT,1
R01060,HY,1
R01060,KG,1
R01060,KY,1
R01060,NG,1
R01060,NS,1
R01060,NT,1
R01060,PY,1
R01060,RY,1
R01060,TE,1
R01060,TY,1
R01060,YA,1
R01060,YG,1
R01060,YI,1
R01060,YM,1
R01061,MN,3
R01061,VN,3
R01061,AA,2
R01061,DS,2
R01061,EC,2
R01061,GD,2
R01061,GG,2
R01061,GS,2
R01061,HA,2
R01061,HX,2
R01061,KG,2
R01061,MT,2
R01061,NG,2
R01061,NS,2
R01061,TY,2
R01061,VT,2
R01061,YA,2
R01061,YG,2
R01061,YI,2
R01061,YM,2
R01061,YN,2
R01061,YS,2
R01061,AT,1
R01061,DA,1
R01061,DB,1
R01061,DO,1
R01061,DT,1
R01061,EG,1
R01061,GM,1
R01061,GN,1
R01061,GT,1
R01061,HM,1
R01061,HT,1
R01061,KI,1
R01061,MB,1
R01061,MK,1
R01061,MR,1
R01061,MS,1
R01061,NT,1
R01061,TE,1
R01061,TP,1
R01061,VK,1
R01061,YT,1
R01066,EU,1
R01066,LE,1
R01066,PZ,1
R01068,BU,2
R01068,EU,2
R01068,LE,2
R01068,PD,2
R01068,PU,2
R01068,RU,2
R01068,SW,2
R01068,WC,2
R01068,WU,2
R01068,WV,2
R01068,WW,2
R01068,WX,2
R01068,EF,1
R01068,SU,1
R01070,BU,2
R01070,EU,2
R01070,LE,2
R01070,PD,2
R01070,PU,2
R01070,RU,2
R01070,SW,2
R01070,WC,2
R01070,WU,2
R01070,WV,2
R01070,WW,2
R01070,WX,2
R01070,EF,1
R01070,SU,1
R01071,OV,1
R01074,EB,1
R01074,EJ,1
R01074,EN,1
R01074,EO,1
R01074,EP,1
R01074,ES,1
R01074,EV,1
R01074,EW,1
R01074,EX,1
R01074,LC,1
R01074,LM,1
R01074,MA,1
R01074,SF,1
R01074,TV,1
R01074,WM,1
R01076,AM,2
R01076,BH,2
R01076,BY,2
R01076,CY,2
R01076,EY,2
R01076,HH,2
R01076,HY,2
R01076,MM,2
R01076,PH,2
R01076,PL,2
R01076,PR,2
R01076,PS,2
R01076,PY,2
R01076,RH,2
R01076,RL,2
R01076,RY,2
R01076,SL,2
R01076,SY,2
R01076,TC,2
R01076,WH,2
R01076,XL,2
R01076,AB,1
R01076,AC,1
R01076,BB,1
R01076,BG,1
R01076,BP,1
R01076,CE,1
R01076,CN,1
R01076,DY,1
R01076,EM,1
R01076,HO,1
R01076,HV,1
R01076,MI,1
R01076,MW,1
R01076,NB,1
R01076,NM,1
R01076,PN,1
R01076,SH,1
R01076,WK,1
R01076,YK,1
R01077,LM,5
R01077,EJ,4
R01077,EO,4
R01077,EP,4
R01077,EV,4
R01077,EW,4
R01077,EX,4
R01077,LC,4
R01077,MA,4
R01077,TV,4
R01077,BE,3
R01077,ES,3
R01077,HG,3
R01077,PE,3
R01077,PG,3
R01077,RE,3
R01077,SE,3
R01077,SF,3
R01077,WS,3
R01077,BJ,2
R01077,BK,2
R01077,BM,2
R01077,BO,2
R01077,BS,2
R01077,BV,2
R01077,BX,2
R01077,CG,2
R01077,CK,2
R01077,CS,2
R01077,EB,2
R01077,KH,2
R01077,KN,2
R01077,MW,2
R01077,NJ,2
R01077,NV,2
R01077,NW,2
R01077,NX,2
R01077,PM,2
R01077,PO,2
R01077,PP,2
R01077,PX,2
R01077,RJ,2
R01077,RM,2
R01077,RO,2
R01077,RP,2
R01077,RV,2
R01077,RW,2
R01077,RX,2
R01077,SO,2
R01077,SX,2
R01077,TL,2
R01077,TM,2
R01077,TO,2
R01077,WM,2
R01077,XH,2
R01077,BB,1
R01077,BH,1
R01077,BY,1
R01077,CE,1
R01077,CM,1
R01077,CV,1
R01077,CY,1
R01077,DG,1
R01077,DL,1
R01077,DY,1
R01077,EM,1
R01077,EN,1
R01077,GB,1
R01077,GJ,1
R01077,GP,1
R01077,GV,1
R01077,GX,1
R01077,GY,1
R01077,HH,1
R01077,HY,1
R01077,MC,1
R01077,MG,1
R01077,NC,1
R01077,PH,1
R01077,PL,1
R01077,PY,1
R01077,RF,1
R01077,RH,1
R01077,RL,1
R01077,RY,1
R01077,SL,1
R01077,TC,1
R01077,WG,1
R01077,WH,1
R01077,XL,1
R01079,BU,2
R01079,EU,2
R01079,LE,2
R01079,PD,2
R01079,PU,2
R01079,RU,2
R01079,SW,2
R01079,WC,2
R01079,WU,2
R01079,WV,2
R01079,WW,2
R01079,WX,2
R01079,EF,1
R01079,SU,1
R01080,BU,2
R01080,EU,2
R01080,LE,2
R01080,PD,2
R01080,PU,2
R01080,RU,2
R01080,SW,2
R01080,WC,2
R01080,WU,2
R01080,WV,2
R01080,WW,2
R01080,WX,2
R01080,EF,1
R01080,SU,1
R01083,PD,3
R01083,PU,3
R01083,SW,3
R01083,WV,3
R01083,BU,2
R01083,EU,2
R01083,LE,2
R01083,RU,2
R01083,WC,2
R01083,WU,2
R01083,WW,2
R01083,WX,2
R01083,DK,1
R01083,EF,1
R01083,HE,1
R01083,SU,1
R01084,BU,2
R01084,EU,2
R01084,LE,2
R01084,PD,2
R01084,PU,2
R01084,RU,2
R01084,SW,2
R01084,WC,2
R01084,WU,2
R01084,WV,2
R01084,WW,2
R01084,WX,2
R01084,EF,1
R01084,SU,1
R01087,DB,1
R01087,GM,1
R01087,HM,1
R01087,MB,1
R01087,MK,1
R01087,MN,1
R01087,MR,1
R01087,MS,1
R01087,MT,1
R01087,TP,1
R01087,VK,1
R01087,VN,1
R01087,VT,1
R01087,YL,1
R01094,TS,2
R01094,UP,2
R01094,GR,1
R01095,PD,3
R01095,PU,3
R01095,SW,3
R01095,WV,3
R01095,BU,2
R01095,EU,2
R01095,WC,2
R01095,WU,2
R01095,WW,2
R01095,WX,2
R01095,DK,1
R01095,HE,1
R01096,TS,1
R01096,UP,1
R01097,BU,6
R01097,EU,6
R01097,RU,6
R01097,SW,6
R01097,WC,6
R01097,WU,6
R01097,LE,5
R01097,PD,5
R01097,PU,5
R01097,WW,5
R01097,SU,4
R01097,WV,4
R01097,WX,4
R01097,EF,3
R01097,FH,2
R01097,SC,2
R01097,VB,2
R01097,AF,1
R01097,DK,1
R01097,FT,1
R01097,HR,1
R01097,LB,1
R01097,LF,1
R01097,RA,1
R01097,TK,1
R01099,FA,2
R01099,FV,2
R01099,OT,2
R01099,VR,2
R01099,DE,1
R01099,FL,1
R01099,FN,1
R01099,NK,1
R01099,RA,1
R01099,VL,1
R01100,FL,4
R01100,FN,4
R01100,FV,4
R01100,NK,4
R01100,VL,3
R01100,CT,2
R01100,FA,2
R01100,OT,2
R01100,VR,2
R01100,BR,1
R01100,DE,1
R01100,FB,1
R01100,HK,1
R01100,HS,1
R01100,KL,1
R01100,RA,1
R01102,EB,4
R01102,EJ,4
R01102,EO,4
R01102,EP,4
R01102,ES,4
R01102,EV,4
R01102,EW,4
R01102,EX,4
R01102,LC,4
R01102,LM,4
R01102,MA,4
R01102,SF,4
R01102,TV,4
R01102,WM,4
R01102,SM,3
R01102,TL,2
R01102,BI,1
R01102,EN,1
R01103,BU,5
R01103,EU,5
R01103,SW,5
R01103,WC,5
R01103,WU,5
R01103,PD,4
R01103,PU,4
R01103,WW,4
R01103,WX,4
R01103,WV,3
R01103,LE,1
R01103,RU,1
R01103,TW,1
R01104,CW,1
R01104,LB,1
R01104,VB,1
R01104,XB,1
R01104,XC,1
R01104,XE,1
R01106,CY,2
R01106,LW,2
R01106,SL,2
R01106,SO,2
R01106,WB,2
R01106,WH,2
R01106,WT,2
R01106,AW,1
R01106,BL,1
R01106,BU,1
R01106,BW,1
R01106,CB,1
R01106,CE,1
R01106,CK,1
R01106,CS,1
R01106,HP,1
R01106,LA,1
R01106,LG,1
R01106,LH,1
R01106,MC,1
R01106,OC,1
R01106,PB,1
R01106,PE,1
R01106,PH,1
R01106,PL,1
R01106,PM,1
R01106,PO,1
R01106,PP,1
R01106,PW,1
R01106,PX,1
R01106,PY,1
R01106,SB,1
R01106,SE,1
R01106,SN,1
R01106,SP,1
R01106,SX,1
R01106,WC,1
R01106,WD,1
R01106,WI,1
R01106,WO,1
R01106,WP,1
R01106,WR,1
R01110,OV,2
R01115,BJ,1
R01115,BV,1
R01115,CH,1
R01115,EJ,1
R01115,MJ,1
R01115,NJ,1
R01115,NV,1
R01115,PV,1
R01115,RJ,1
R01115,RV,1
R01121,OV,2
R01123,AW,1
R01123,BU,1
R01123,CB,1
R01123,CK,1
R01123,CY,1
R01123,LA,1
R01123,LW,1
R01123,MC,1
R01123,OC,1
R01123,SB,1
R01123,SE,1
R01123,SL,1
R01123,SN,1
R01123,SO,1
R01123,SP,1
R01123,SX,1
R01123,WB,1
R01123,WC,1
R01123,WD,1
R01123,WH,1
R01123,WI,1
R01123,WT,1
R01131,AC,1
R01131,AM,1
R01131,AS,1
R01131,BE,1
R01131,BK,1
R01131,BM,1
R01131,BO,1
R01131,BS,1
R01131,BX,1
R01131,CG,1
R01131,CK,1
R01131,CL,1
R01131,CM,1
R01131,CS,1
R01131,CU,1
R01131,EM,1
R01131,EO,1
R01131,EP,1
R01131,EW,1
R01131,EX,1
R01131,GM,1
R01131,HD,1
R01131,HG,1
R01131,HM,1
R01131,HO,1
R01131,KH,1
R01131,KM,1
R01131,KN,1
R01131,LM,1
R01131,LY,1
R01131,MA,1
R01131,MC,1
R01131,MG,1
R01131,MH,1
R01131,MJ,1
R01131,MK,1
R01131,MN,1
R01131,MP,1
R01131,MR,1
R01131,MS,1
R01131,MT,1
R01131,MW,1
R01131,MX,1
R01131,NN,1
R01131,NO,1
R01131,NR,1
R01131,NW,1
R01131,NX,1
R01131,OC,1
R01131,OP,1
R01131,PE,1
R01131,PG,1
R01131,PM,1
R01131,PO,1
R01131,PP,1
R01131,PR,1
R01131,PS,1
R01131,PX,1
R01131,RE,1
R01131,RM,1
R01131,RO,1
R01131,RP,1
R01131,RW,1
R01131,RX,1
R01131,SE,1
R01131,SK,1
R01131,SO,1
R01131,SX,1
R01131,TM,1
R01131,TO,1
R01131,TP,1
R01131,WS,1
R01131,XH,1
R01131,YL,1
R01136,AG,1
R01136,FW,1
R01136,GK,1
R01136,GO,1
R01136,SR,1
R01136,WN,1
R01137,AG,1
R01137,FW,1
R01137,GK,1
R01137,GO,1
R01137,SR,1
R01137,WN,1
R01138,FW,1
R01138,SR,1
R01138,WN,1
R01139,FW,1
R01139,SR,1
R01139,WN,1
R01147,BU,1
R01147,EU,1
R01147,LE,1
R01147,PD,1
R01147,PU,1
R01147,RU,1
R01147,SW,1
R01147,WC,1
R01147,WU,1
R01147,WV,1
R01147,WW,1
R01147,WX,1
R01151,BB,4
R01151,BL,4
R01151,GW,4
R01151,LG,4
R01151,LW,4
R01151,MW,4
R01151,PC,4
R01151,WR,4
R01151,RB,3
R01151,RE,3
R01151,RF,3
R01151,RH,3
R01151,RJ,3
R01151,RL,3
R01151,RM,3
R01151,RO,3
R01151,RP,3
R01151,RV,3
R01151,RW,3
R01151,RX,3
R01151,RY,3
R01151,WP,3
R01151,BW,2
R01151,HP,2
R01151,LA,2
R01151,SB,2
R01151,SN,2
R01151,WO,2
R01151,AW,1
R01151,CE,1
R01151,CZ,1
R01151,LH,1
R01151,MC,1
R01151,PG,1
R01151,PZ,1
R01151,RG,1
R01151,SP,1
R01151,WE,1
R01155,AG,1
R01155,FW,1
R01155,GK,1
R01155,GO,1
R01155,SR,1
R01155,WN,1
R01158,AB,1
R01158,BC,1
R01158,BE,1
R01158,BG,1
R01158,BH,1
R01158,BI,1
R01158,BJ,1
R01158,BK,1
R01158,BL,1
R01158,BM,1
R01158,BO,1
R01158,BP,1
R01158,BS,1
R01158,BV,1
R01158,BW,1
R01158,BX,1
R01158,BY,1
R01158,CA,1
R01158,CB,1
R01158,CE,1
R01158,CK,1
R01158,CY,1
R01158,HB,1
R01158,HG,1
R01158,HH,1
R01158,HY,1
R01158,KH,1
R01158,LH,1
R01158,ME,1
R01158,PB,1
R01158,PE,1
R01158,PH,1
R01158,PL,1
R01158,PM,1
R01158,PO,1
R01158,PP,1
R01158,PW,1
R01158,PX,1
R01158,PY,1
R01158,SE,1
R01158,SL,1
R01158,SO,1
R01158,SX,1
R01158,WB,1
R01158,WH,1
R01158,WI,1
R01158,WM,1
R01158,WO,1
R01158,WR,1
R01158,WT,1
R01158,XH,1
R01158,XL,1
R01168,LB,3
R01168,VB,3
R01168,XB,3
R01168,XC,3
R01168,XE,3
R01168,CW,1
R01168,LF,1
R01168,LP,1
R01168,SC,1
R01168,SD,1
R01169,AA,4
R01169,DS,4
R01169,EC,4
R01169,GD,4
R01169,GG,4
R01169,GS,4
R01169,HA,4
R01169,KG,4
R01169,NG,4
R01169,NS,4
R01169,TY,4
R01169,HX,3
R01169,MN,3
R01169,VN,3
R01169,YA,3
R01169,YG,3
R01169,YI,3
R01169,YM,3
R01169,YN,3
R01169,YS,3
R01169,AT,2
R01169,DA,2
R01169,DO,2
R01169,DT,2
R01169,EG,2
R01169,GN,2
R01169,GT,2
R01169,HT,2
R01169,KI,2
R01169,NT,2
R01169,TE,2
R01169,AL,1
R01169,AY,1
R01169,BY,1
R01169,CY,1
R01169,DY,1
R01169,EY,1
R01169,HY,1
R01169,KY,1
R01169,MT,1
R01169,PY,1
R01169,RY,1
R01169,VT,1
R01169,YT,1
R01171,AC,3
R01171,AM,3
R01171,AN,3
R01171,AS,3
R01171,EC,3
R01171,EE,3
R01171,ER,3
R01171,GU,3
R01171,HU,3
R01171,KE,3
R01171,KG,3
R01171,KP,3
R01171,KS,3
R01171,KY,3
R01171,LN,3
R01171,TE,3
R01171,TY,3
R01171,LB,2
R01171,LF,2
R01171,SC,2
R01171,VB,2
R01171,BU,1
R01171,EU,1
R01171,FH,1
R01171,FT,1
R01171,HR,1
R01171,LP,1
R01171,PD,1
R01171,PU,1
R01171,RU,1
R01171,SD,1
R01171,SU,1
R01171,SW,1
R01171,TK,1
R01171,WA,1
R01171,WC,1
R01171,WU,1
R01171,XB,1
R01171,XC,1
R01171,XE,1
R01173,AG,1
R01173,FW,1
R01173,GK,1
R01173,GO,1
R01173,SR,1
R01173,WN,1
R01180,LB,1
R01180,LF,1
R01180,LP,1
R01180,SC,1
R01180,SD,1
R01180,VB,1
R01180,XB,1
R01180,XC,1
R01180,XE,1
R01181,EB,2
R01181,EJ,2
R01181,EO,2
R01181,EP,2
R01181,ES,2
R01181,EV,2
R01181,EW,2
R01181,EX,2
R01181,LC,2
R01181,LM,2
R01181,MA,2
R01181,SF,2
R01181,SM,2
R01181,TL,2
R01181,TV,2
R01181,WM,2
R01185,GA,1
R01185,IP,1
R01198,BE,1
R01198,BJ,1
R01198,BK,1
R01198,BM,1
R01198,BO,1
R01198,BS,1
R01198,BV,1
R01198,BX,1
R01198,CG,1
R01198,CK,1
R01198,CM,1
R01198,CS,1
R01198,CV,1
R01198,EJ,1
R01198,EO,1
R01198,EP,1
R01198,EV,1
R01198,EW,1
R01198,EX,1
R01198,HG,1
R01198,KH,1
R01198,KN,1
R01198,LC,1
R01198,LM,1
R01198,MA,1
R01198,MC,1
R01198,MW,1
R01198,NC,1
R01198,NJ,1
R01198,NV,1
R01198,NW,1
R01198,NX,1
R01198,PE,1
R01198,PG,1
R01198,PM,1
R01198,PO,1
R01198,PP,1
R01198,PX,1
R01198,RE,1
R01198,RJ,1
R01198,RM,1
R01198,RO,1
R01198,RP,1
R01198,RV,1
R01198,RW,1
R01198,RX,1
R01198,SE,1
R01198,SO,1
R01198,SX,1
R01198,TM,1
R01198,TO,1
R01198,TV,1
R01198,WS,1
R01198,XH,1
R01217,GW,6
R01217,WR,6
R01217,BB,5
R01217,BL,5
R01217,LG,5
R01217,LW,5
R01217,MW,5
R01217,PC,5
R01217,WP,4
R01217,HP,3
R01217,LA,3
R01217,RB,3
R01217,RE,3
R01217,RF,3
R01217,RH,3
R01217,RJ,3
R01217,RL,3
R01217,RM,3
R01217,RO,3
R01217,RP,3
R01217,RV,3
R01217,RW,3
R01217,RX,3
R01217,RY,3
R01217,BW,2
R01217,CZ,2
R01217,LH,2
R01217,PG,2
R01217,PZ,2
R01217,RG,2
R01217,SB,2
R01217,SN,2
R01217,SP,2
R01217,WE,2
R01217,WO,2
R01217,AW,1
R01217,CE,1
R01217,MC,1
R01217,MP,1
R01217,OP,1
R01217,PB,1
R01217,PE,1
R01217,PH,1
R01217,PJ,1
R01217,PL,1
R01217,PM,1
R01217,PO,1
R01217,PP,1
R01217,PV,1
R01217,PW,1
R01217,PX,1
R01217,PY,1
R01220,AB,1
R01220,BC,1
R01220,BE,1
R01220,BG,1
R01220,BH,1
R01220,BI,1
R01220,BJ,1
R01220,BK,1
R01220,BL,1
R01220,BM,1
R01220,BO,1
R01220,BP,1
R01220,BS,1
R01220,BV,1
R01220,BW,1
R01220,BX,1
R01220,BY,1
R01220,CA,1
R01220,CB,1
R01220,CE,1
R01220,CK,1
R01220,CY,1
R01220,HB,1
R01220,HG,1
R01220,HH,1
R01220,HY,1
R01220,KH,1
R01220,LH,1
R01220,ME,1
R01220,PB,1
R01220,PE,1
R01220,PH,1
R01220,PL,1
R01220,PM,1
R01220,PO,1
R01220,PP,1
R01220,PW,1
R01220,PX,1
R01220,PY,1
R01220,SE,1
R01220,SL,1
R01220,SO,1
R01220,SX,1
R01220,WB,1
R01220,WH,1
R01220,WI,1
R01220,WM,1
R01220,WO,1
R01220,WR,1
R01220,WT,1
R01220,XH,1
R01220,XL,1
R01222,BB,3
R01222,LH,3
R01222,MW,3
R01222,PG,3
R01222,BL,2
R01222,GW,2
R01222,HP,2
R01222,LA,2
R01222,LG,2
R01222,LW,2
R01222,PC,2
R01222,PZ,2
R01222,RG,2
R01222,WE,2
R01222,WP,2
R01222,WR,2
R01222,CS,1
R01222,RB,1
R01222,RE,1
R01222,RF,1
R01222,RH,1
R01222,RJ,1
R01222,RL,1
R01222,RM,1
R01222,RO,1
R01222,RP,1
R01222,RV,1
R01222,RW,1
R01222,RX,1
R01222,RY,1
R01222,SM,1
R01222,XB,1
R01222,XS,1
R01223,AB,1
R01223,BC,1
R01223,BE,1
R01223,BG,1
R01223,BH,1
R01223,BI,1
R01223,BJ,1
R01223,BK,1
R01223,BL,1
R01223,BM,1
R01223,BO,1
R01223,BP,1
R01223,BS,1
R01223,BV,1
R01223,BW,1
R01223,BX,1
R01223,BY,1
R01223,CA,1
R01223,CB,1
R01223,CE,1
R01223,CK,1
R01223,CY,1
R01223,HB,1
R01223,HG,1
R01223,HH,1
R01223,HY,1
R01223,KH,1
R01223,LH,1
R01223,ME,1
R01223,PB,1
R01223,PE,1
R01223,PH,1
R01223,PL,1
R01223,PM,1
R01223,PO,1
R01223,PP,1
R01223,PW,1
R01223,PX,1
R01223,PY,1
R01223,SE,1
R01223,SL,1
R01223,SO,1
R01223,SX,1
R01223,WB,1
R01223,WH,1
R01223,WI,1
R01223,WM,1
R01223,WO,1
R01223,WR,1
R01223,WT,1
R01223,XH,1
R01223,XL,1
R01224,BU,1
R01224,EF,1
R01224,EU,1
R01224,LE,1
R01224,PD,1
R01224,PU,1
R01224,RU,1
R01224,SU,1
R01224,SW,1
R01224,WC,1
R01224,WU,1
R01224,WV,1
R01224,WW,1
R01224,WX,1
R01226,BU,1
R01226,EF,1
R01226,EU,1
R01226,LE,1
R01226,PD,1
R01226,PU,1
R01226,RU,1
R01226,SU,1
R01226,SW,1
R01226,WC,1
R01226,WU,1
R01226,WV,1
R01226,WW,1
R01226,WX,1
R01231,AB,1
R01231,BC,1
R01231,BE,1
R01231,BG,1
R01231,BH,1
R01231,BI,1
R01231,BJ,1
R01231,BK,1
R01231,BL,1
R01231,BM,1
R01231,BO,1
R01231,BP,1
R01231,BS,1
R01231,BV,1
R01231,BW,1
R01231,BX,1
R01231,BY,1
R01231,CA,1
R01231,CB,1
R01231,CE,1
R01231,CK,1
R01231,CY,1
R01231,HB,1
R01231,HG,1
R01231,HH,1
R01231,HY,1
R01231,KH,1
R01231,LH,1
R01231,ME,1
R01231,PB,1
R01231,PE,1
R01231,PH,1
R01231,PL,1
R01231,PM,1
R01231,PO,1
R01231,PP,1
R01231,PW,1
R01231,PX,1
R01231,PY,1
R01231,SE,1
R01231,SL,1
R01231,SO,1
R01231,SX,1
R01231,WB,1
R01231,WH,1
R01231,WI,1
R01231,WM,1
R01231,WO,1
R01231,WR,1
R01231,WT,1
R01231,XH,1
R01231,XL,1
R01235,GW,3
R01235,WE,3
R01235,BB,2
R01235,BL,2
R01235,HP,2
R01235,LA,2
R01235,LG,2
R01235,LH,2
R01235,LW,2
R01235,MW,2
R01235,PC,2
R01235,PG,2
R01235,PZ,2
R01235,RG,2
R01235,WP,2
R01235,WR,2
R01235,CZ,1
R01235,MP,1
R01235,PB,1
R01235,PE,1
R01235,PH,1
R01235,PJ,1
R01235,PL,1
R01235,PM,1
R01235,PO,1
R01235,PP,1
R01235,PV,1
R01235,PW,1
R01235,PX,1
R01235,PY,1
R01235,SS,1
R01237,GW,3
R01237,WE,3
R01237,BB,2
R01237,BL,2
R01237,HP,2
R01237,LA,2
R01237,LG,2
R01237,LH,2
R01237,LW,2
R01237,MW,2
R01237,PC,2
R01237,PG,2
R01237,PZ,2
R01237,RG,2
R01237,WP,2
R01237,WR,2
R01237,CZ,1
R01237,MP,1
R01237,PB,1
R01237,PE,1
R01237,PH,1
R01237,PJ,1
R01237,PL,1
R01237,PM,1
R01237,PO,1
R01237,PP,1
R01237,PV,1
R01237,PW,1
R01237,PX,1
R01237,PY,1
R01237,SS,1
R01238,AW,1
R01238,BU,1
R01238,CB,1
R01238,CK,1
R01238,CY,1
R01238,LA,1
R01238,LW,1
R01238,MC,1
R01238,OC,1
R01238,SB,1
R01238,SE,1
R01238,SL,1
R01238,SN,1
R01238,SO,1
R01238,SP,1
R01238,SX,1
R01238,WB,1
R01238,WC,1
R01238,WD,1
R01238,WH,1
R01238,WI,1
R01238,WT,1
R01241,LB,2
R01241,VB,2
R01241,XB,2
R01241,XC,2
R01241,XE,2
R01241,CW,1
R01241,LF,1
R01241,LP,1
R01241,SC,1
R01241,SD,1
R01246,SP,2
R01246,AW,1
R01246,BU,1
R01246,CB,1
R01246,CK,1
R01246,CY,1
R01246,CZ,1
R01246,GW,1
R01246,LA,1
R01246,LW,1
R01246,MC,1
R01246,MP,1
R01246,OC,1
R01246,OP,1
R01246,PB,1
R01246,PE,1
R01246,PH,1
R01246,PJ,1
R01246,PL,1
R01246,PM,1
R01246,PO,1
R01246,PP,1
R01246,PV,1
R01246,PW,1
R01246,PX,1
R01246,PY,1
R01246,SB,1
R01246,SE,1
R01246,SL,1
R01246,SN,1
R01246,SO,1
R01246,SX,1
R01246,WB,1
R01246,WC,1
R01246,WD,1
R01246,WH,1
R01246,WI,1
R01246,WR,1
R01246,WT,1
R01247,BE,1
R01247,BJ,1
R01247,BK,1
R01247,BM,1
R01247,BO,1
R01247,BS,1
R01247,BV,1
R01247,BX,1
R01247,CG,1
R01247,CK,1
R01247,CM,1
R01247,CS,1
R01247,CV,1
R01247,EJ,1
R01247,EO,1
R01247,EP,1
R01247,EV,1
R01247,EW,1
R01247,EX,1
R01247,HG,1
R01247,KH,1
R01247,KN,1
R01247,LC,1
R01247,LM,1
R01247,MA,1
R01247,MC,1
R01247,MW,1
R01247,NC,1
R01247,NJ,1
R01247,NV,1
R01247,NW,1
R01247,NX,1
R01247,PE,1
R01247,PG,1
R01247,PM,1
R01247,PO,1
R01247,PP,1
R01247,PX,1
R01247,RE,1
R01247,RJ,1
R01247,RM,1
R01247,RO,1
R01247,RP,1
R01247,RV,1
R01247,RW,1
R01247,RX,1
R01247,SE,1
R01247,SO,1
R01247,SX,1
R01247,TM,1
R01247,TO,1
R01247,TV,1
R01247,WS,1
R01247,XH,1
R01253,BU,1
R01253,EF,1
R01253,EU,1
R01253,LE,1
R01253,PD,1
R01253,PU,1
R01253,RU,1
R01253,SU,1
R01253,SW,1
R01253,WC,1
R01253,WU,1
R01253,WV,1
R01253,WW,1
R01253,WX,1
R01256,BE,1
R01256,BJ,1
R01256,BK,1
R01256,BM,1
R01256,BO,1
R01256,BS,1
R01256,BV,1
R01256,BX,1
R01256,CG,1
R01256,CK,1
R01256,CM,1
R01256,CS,1
R01256,CV,1
R01256,EJ,1
R01256,EO,1
R01256,EP,1
R01256,EV,1
R01256,EW,1
R01256,EX,1
R01256,HG,1
R01256,KH,1
R01256,KN,1
R01256,LC,1
R01256,LM,1
R01256,MA,1
R01256,MC,1
R01256,MW,1
R01256,NC,1
R01256,NJ,1
R01256,NV,1
R01256,NW,1
R01256,NX,1
R01256,PE,1
R01256,PG,1
R01256,PM,1
R01256,PO,1
R01256,PP,1
R01256,PX,1
R01256,RE,1
R01256,RJ,1
R01256,RM,1
R01256,RO,1
R01256,RP,1
R01256,RV,1
R01256,RW,1
R01256,RX,1
R01256,SE,1
R01256,SO,1
R01256,SX,1
R01256,TM,1
R01256,TO,1
R01256,TV,1
R01256,WS,1
R01256,XH,1
R01259,BE,1
R01259,BJ,1
R01259,BK,1
R01259,BM,1
R01259,BO,1
R01259,BS,1
R01259,BV,1
R01259,BX,1
R01259,CG,1
R01259,CK,1
R01259,CM,1
R01259,CS,1
R01259,CV,1
R01259,EJ,1
R01259,EO,1
R01259,EP,1
R01259,EV,1
R01259,EW,1
R01259,EX,1
R01259,HG,1
R01259,KH,1
R01259,KN,1
R01259,LC,1
R01259,LM,1
R01259,MA,1
R01259,MC,1
R01259,MW,1
R01259,NC,1
R01259,NJ,1
R01259,NV,1
R01259,NW,1
R01259,NX,1
R01259,PE,1
R01259,PG,1
R01259,PM,1
R01259,PO,1
R01259,PP,1
R01259,PX,1
R01259,RE,1
R01259,RJ,1
R01259,RM,1
R01259,RO,1
R01259,RP,1
R01259,RV,1
R01259,RW,1
R01259,RX,1
R01259,SE,1
R01259,SO,1
R01259,SX,1
R01259,TM,1
R01259,TO,1
R01259,TV,1
R01259,WS,1
R01259,XH,1
R01262,LB,1
R01262,LF,1
R01262,LP,1
R01262,SC,1
R01262,SD,1
R01262,VB,1
R01262,XB,1
R01262,XC,1
R01262,XE,1
R01263,BB,2
R01263,BL,2
R01263,GW,2
R01263,HP,2
R01263,LA,2
R01263,LG,2
R01263,LH,2
R01263,LW,2
R01263,MW,2
R01263,PC,2
R01263,PG,2
R01263,PZ,2
R01263,RG,2
R01263,WE,2
R01263,WP,2
R01263,WR,2
R01264,LB,1
R01264,LF,1
R01264,LP,1
R01264,SC,1
R01264,SD,1
R01264,VB,1
R01264,XB,1
R01264,XC,1
R01264,XE,1
R01265,CK,2
R01265,MC,2
R01265,OC,2
R01265,SE,2
R01265,SO,2
R01265,SX,2
R01265,AC,1
R01265,AM,1
R01265,AS,1
R01265,AW,1
R01265,BE,1
R01265,BK,1
R01265,BM,1
R01265,BO,1
R01265,BS,1
R01265,BU,1
R01265,BX,1
R01265,CB,1
R01265,CG,1
R01265,CL,1
R01265,CM,1
R01265,CS,1
R01265,CU,1
R01265,CY,1
R01265,EM,1
R01265,EO,1
R01265,EP,1
R01265,EW,1
R01265,EX,1
R01265,GM,1
R01265,HD,1
R01265,HG,1
R01265,HM,1
R01265,HO,1
R01265,KH,1
R01265,KM,1
R01265,KN,1
R01265,LA,1
R01265,LM,1
R01265,LW,1
R01265,LY,1
R01265,MA,1
R01265,MG,1
R01265,MH,1
R01265,MJ,1
R01265,MK,1
R01265,MN,1
R01265,MP,1
R01265,MR,1
R01265,MS,1
R01265,MT,1
R01265,MW,1
R01265,MX,1
R01265,NN,1
R01265,NO,1
R01265,NR,1
R01265,NW,1
R01265,NX,1
R01265,OP,1
R01265,PE,1
R01265,PG,1
R01265,PM,1
R01265,PO,1
R01265,PP,1
R01265,PR,1
R01265,PS,1
R01265,PX,1
R01265,RE,1
R01265,RM,1
R01265,RO,1
R01265,RP,1
R01265,RW,1
R01265,RX,1
R01265,SB,1
R01265,SK,1
R01265,SL,1
R01265,SN,1
R01265,SP,1
R01265,TM,1
R01265,TO,1
R01265,TP,1
R01265,WB,1
R01265,WC,1
R01265,WD,1
R01265,WH,1
R01265,WI,1
R01265,WS,1
R01265,WT,1
R01265,XH,1
R01265,YL,1
R01267,EB,3
R01267,EJ,3
R01267,EO,3
R01267,EP,3
R01267,ES,3
R01267,EV,3
R01267,EW,3
R01267,EX,3
R01267,LC,3
R01267,LM,3
R01267,MA,3
R01267,SF,3
R01267,TV,3
R01267,WM,3
R01267,SM,2
R01267,TL,2
R01267,EN,1
R01269,AB,1
R01269,AC,1
R01269,AM,1
R01269,AN,1
R01269,AP,1
R01269,AS,1
R01269,CO,1
R01269,EA,1
R01271,FD,1
R01271,KI,1
R01271,YI,1
R01272,LB,2
R01272,VB,2
R01272,XB,2
R01272,XC,2
R01272,XE,2
R01272,LF,1
R01272,LP,1
R01272,SC,1
R01272,SD,1
R01273,FD,1
R01273,KI,1
R01273,YI,1
R01275,BI,1
R01280,EB,3
R01280,EJ,3
R01280,EO,3
R01280,EP,3
R01280,ES,3
R01280,EV,3
R01280,EW,3
R01280,EX,3
R01280,LC,3
R01280,LM,3
R01280,MA,3
R01280,SF,3
R01280,SM,3
R01280,TV,3
R01280,WM,3
R01280,TL,2
R01280,BI,1
R01281,LM,4
R01281,EJ,3
R01281,EO,3
R01281,EP,3
R01281,EV,3
R01281,EW,3
R01281,EX,3
R01281,LC,3
R01281,MA,3
R01281,TV,3
R01281,BE,2
R01281,CG,2
R01281,EB,2
R01281,ES,2
R01281,HG,2
R01281,PE,2
R01281,PG,2
R01281,RE,2
R01281,SE,2
R01281,SF,2
R01281,WM,2
R01281,WS,2
R01281,BJ,1
R01281,BK,1
R01281,BM,1
R01281,BO,1
R01281,BS,1
R01281,BV,1
R01281,BX,1
R01281,CK,1
R01281,CM,1
R01281,CS,1
R01281,CV,1
R01281,EN,1
R01281,GB,1
R01281,GJ,1
R01281,GP,1
R01281,GV,1
R01281,GX,1
R01281,GY,1
R01281,KH,1
R01281,KN,1
R01281,MC,1
R01281,MG,1
R01281,MW,1
R01281,NC,1
R01281,NJ,1
R01281,NV,1
R01281,NW,1
R01281,NX,1
R01281,PM,1
R01281,PO,1
R01281,PP,1
R01281,PX,1
R01281,RJ,1
R01281,RM,1
R01281,RO,1
R01281,RP,1
R01281,RV,1
R01281,RW,1
R01281,RX,1
R01281,SO,1
R01281,SX,1
R01281,TC,1
R01281,TL,1
R01281,TM,1
R01281,TO,1
R01281,WG,1
R01281,XH,1
R01283,DE,2
R01283,EL,2
R01283,FA,2
R01283,FL,2
R01283,FN,2
R01283,FV,2
R01283,NK,2
R01283,OT,2
R01283,RA,2
R01283,VL,2
R01283,VR,2
R01283,BU,1
R01283,EU,1
R01283,FT,1
R01283,PD,1
R01283,PK,1
R01283,PU,1
R01283,RU,1
R01283,SU,1
R01283,SW,1
R01283,WC,1
R01283,WU,1
R01297,AG,1
R01297,FW,1
R01297,GK,1
R01297,GO,1
R01297,SR,1
R01297,WN,1
R01298,BB,3
R01298,LH,3
R01298,MW,3
R01298,PG,3
R01298,BL,2
R01298,GW,2
R01298,HP,2
R01298,LA,2
R01298,LG,2
R01298,LW,2
R01298,PC,2
R01298,PZ,2
R01298,RG,2
R01298,WE,2
R01298,WP,2
R01298,WR,2
R01298,CS,1
R01298,RB,1
R01298,RE,1
R01298,RF,1
R01298,RH,1
R01298,RJ,1
R01298,RL,1
R01298,RM,1
R01298,RO,1
R01298,RP,1
R01298,RV,1
R01298,RW,1
R01298,RX,1
R01298,RY,1
R01298,SM,1
R01298,XB,1
R01298,XS,1
R01299,BB,2
R01299,BL,2
R01299,GW,2
R01299,HP,2
R01299,LA,2
R01299,LG,2
R01299,LH,2
R01299,LW,2
R01299,MW,2
R01299,PC,2
R01299,PG,2
R01299,PZ,2
R01299,RG,2
R01299,WE,2
R01299,WP,2
R01299,WR,2
R01307,EJ,6
R01307,BJ,4
R01307,EO,4
R01307,EP,4
R01307,EV,4
R01307,EW,4
R01307,EX,4
R01307,LC,4
R01307,LM,4
R01307,MA,4
R01307,NJ,4
R01307,RJ,4
R01307,TV,4
R01307,BV,3
R01307,ES,3
R01307,NV,3
R01307,RV,3
R01307,SF,3
R01307,BE,2
R01307,BK,2
R01307,BM,2
R01307,BO,2
R01307,BS,2
R01307,BX,2
R01307,CH,2
R01307,CK,2
R01307,CS,2
R01307,EB,2
R01307,HG,2
R01307,KH,2
R01307,KN,2
R01307,MJ,2
R01307,MW,2
R01307,NW,2
R01307,NX,2
R01307,PE,2
R01307,PG,2
R01307,PM,2
R01307,PO,2
R01307,PP,2
R01307,PX,2
R01307,RE,2
R01307,RM,2
R01307,RO,2
R01307,RP,2
R01307,RW,2
R01307,RX,2
R01307,SE,2
R01307,SO,2
R01307,SX,2
R01307,TL,2
R01307,TM,2
R01307,TO,2
R01307,WM,2
R01307,WS,2
R01307,XH,2
R01307,BB,1
R01307,BH,1
R01307,BY,1
R01307,CE,1
R01307,CG,1
R01307,CL,1
R01307,CM,1
R01307,CV,1
R01307,CY,1
R01307,DG,1
R01307,DL,1
R01307,DY,1
R01307,EM,1
R01307,EN,1
R01307,GJ,1
R01307,HH,1
R01307,HY,1
R01307,JG,1
R01307,JK,1
R01307,JO,1
R01307,JP,1
R01307,MC,1
R01307,NC,1
R01307,PH,1
R01307,PL,1
R01307,PV,1
R01307,PY,1
R01307,RF,1
R01307,RH,1
R01307,RL,1
R01307,RY,1
R01307,SL,1
R01307,WH,1
R01307,XJ,1
R01307,XL,1
R01311,AC,1
R01311,AM,1
R01311,AN,1
R01311,AS,1
R01311,EC,1
R01311,EE,1
R01311,ER,1
R01311,GU,1
R01311,HU,1
R01311,KE,1
R01311,KG,1
R01311,KP,1
R01311,KS,1
R01311,KY,1
R01311,LN,1
R01311,TE,1
R01311,TY,1
R01311,WA,1
R01312,AB,1
R01312,AC,1
R01312,AM,1
R01312,AN,1
R01312,AP,1
R01312,AS,1
R01312,EA,1
R01312,PI,1
R01313,EC,1
R01313,EE,1
R01313,ER,1
R01313,GU,1
R01313,HI,1
R01313,HU,1
R01313,KE,1
R01313,KG,1
R01313,KP,1
R01313,KS,1
R01313,KY,1
R01313,LN,1
R01313,TE,1
R01313,TY,1
R01318,EC,1
R01318,EE,1
R01318,ER,1
R01318,GU,1
R01318,HI,1
R01318,HU,1
R01318,KE,1
R01318,KG,1
R01318,KP,1
R01318,KS,1
R01318,KY,1
R01318,LN,1
R01318,TE,1
R01318,TY,1
R01319,BU,2
R01319,BW,2
R01319,CE,2
R01319,LE,2
R01319,PC,2
R01319,WC,2
R01319,WD,2
R01319,WO,2
R01319,EU,1
R01319,PZ,1
R01319,WE,1
R01323,EC,1
R01323,EE,1
R01323,ER,1
R01323,GU,1
R01323,HI,1
R01323,HU,1
R01323,KE,1
R01323,KG,1
R01323,KP,1
R01323,KS,1
R01323,KY,1
R01323,LN,1
R01323,TE,1
R01323,TY,1
R01326,OV,1
R01329,CZ,1
R01329,GW,1
R01329,MP,1
R01329,OP,1
R01329,PB,1
R01329,PE,1
R01329,PH,1
R01329,PJ,1
R01329,PL,1
R01329,PM,1
R01329,PO,1
R01329,PP,1
R01329,PV,1
R01329,PW,1
R01329,PX,1
R01329,PY,1
R01329,SP,1
R01329,WR,1
R01331,CZ,1
R01331,GW,1
R01331,MP,1
R01331,OP,1
R01331,PB,1
R01331,PE,1
R01331,PH,1
R01331,PJ,1
R01331,PL,1
R01331,PM,1
R01331,PO,1
R01331,PP,1
R01331,PV,1
R01331,PW,1
R01331,PX,1
R01331,PY,1
R01331,SP,1
R01331,WR,1
R01332,CZ,1
R01332,GW,1
R01332,MP,1
R01332,OP,1
R01332,PB,1
R01332,PE,1
R01332,PH,1
R01332,PJ,1
R01332,PL,1
R01332,PM,1
R01332,PO,1
R01332,PP,1
R01332,PV,1
R01332,PW,1
R01332,PX,1
R01332,PY,1
R01332,SP,1
R01332,WR,1
R01333,FA,2
R01333,FV,2
R01333,OT,2
R01333,VR,2
R01333,DE,1
R01333,FL,1
R01333,FN,1
R01333,NK,1
R01333,RA,1
R01333,VL,1
R01334,CZ,1
R01334,GW,1
R01334,MP,1
R01334,OP,1
R01334,PB,1
R01334,PE,1
R01334,PH,1
R01334,PJ,1
R01334,PL,1
R01334,PM,1
R01334,PO,1
R01334,PP,1
R01334,PV,1
R01334,PW,1
R01334,PX,1
R01334,PY,1
R01334,SP,1
R01334,WR,1
R01335,EA,6
R01335,AB,5
R01335,AC,5
R01335,AM,5
R01335,AN,5
R01335,AP,5
R01335,AS,5
R01335,PI,3
R01335,CO,2
R01339,OV,2
R01340,EA,3
R01340,PI,3
R01340,AB,1
R01340,AC,1
R01340,AM,1
R01340,AN,1
R01340,AP,1
R01340,AS,1
R01341,OV,2
R01354,GR,1
R01354,TS,1
R01354,UP,1
R01355,AH,1
R01355,BH,1
R01355,DB,1
R01355,DS,1
R01355,DT,1
R01355,DW,1
R01355,GD,1
R01355,GH,1
R01355,HA,1
R01355,HD,1
R01355,HH,1
R01355,HL,1
R01355,HM,1
R01355,HO,1
R01355,HT,1
R01355,HU,1
R01355,LY,1
R01355,NH,1
R01355,NP,1
R01355,PH,1
R01355,RH,1
R01355,TP,1
R01355,WH,1
R01355,WK,1
R01355,WY,1
R01355,YA,1
R01355,YG,1
R01355,YL,1
R01355,YM,1
R01357,AB,3
R01357,AC,3
R01357,AM,3
R01357,AN,3
R01357,AP,3
R01357,AS,3
R01357,EA,3
R01357,PI,2
R01362,AD,1
R01362,BG,1
R01362,BH,1
R01362,DB,1
R01362,DG,1
R01362,DO,1
R01362,DP,1
R01362,DS,1
R01362,DT,1
R01362,DW,1
R01362,ED,1
R01362,EE,1
R01362,EM,1
R01362,GD,1
R01362,HD,1
R01362,HH,1
R01362,HO,1
R01362,HV,1
R01362,LN,1
R01362,LX,1
R01362,NB,1
R01362,PH,1
R01362,RH,1
R01362,SH,1
R01362,TC,1
R01362,WH,1
R01362,WK,1
R01362,YK,1
R01362,YL,1
R01365,AC,1
R01365,AM,1
R01365,AS,1
R01365,BE,1
R01365,BK,1
R01365,BM,1
R01365,BO,1
R01365,BS,1
R01365,BX,1
R01365,CG,1
R01365,CK,1
R01365,CL,1
R01365,CM,1
R01365,CS,1
R01365,CU,1
R01365,EM,1
R01365,EO,1
R01365,EP,1
R01365,EW,1
R01365,EX,1
R01365,GM,1
R01365,HD,1
R01365,HG,1
R01365,HM,1
R01365,HO,1
R01365,KH,1
R01365,KM,1
R01365,KN,1
R01365,LM,1
R01365,LY,1
R01365,MA,1
R01365,MC,1
R01365,MG,1
R01365,MH,1
R01365,MJ,1
R01365,MK,1
R01365,MN,1
R01365,MP,1
R01365,MR,1
R01365,MS,1
R01365,MT,1
R01365,MW,1
R01365,MX,1
R01365,NN,1
R01365,NO,1
R01365,NR,1
R01365,NW,1
R01365,NX,1
R01365,OC,1
R01365,OP,1
R01365,PE,1
R01365,PG,1
R01365,PM,1
R01365,PO,1
R01365,PP,1
R01365,PR,1
R01365,PS,1
R01365,PX,1
R01365,RE,1
R01365,RM,1
R01365,RO,1
R01365,RP,1
R01365,RW,1
R01365,RX,1
R01365,SE,1
R01365,SK,1
R01365,SO,1
R01365,SX,1
R01365,TM,1
R01365,TO,1
R01365,TP,1
R01365,WS,1
R01365,XH,1
R01365,YL,1
R01367,LB,1
R01367,LF,1
R01367,LP,1
R01367,SC,1
R01367,SD,1
R01367,VB,1
R01367,XB,1
R01367,XC,1
R01367,XE,1
R01373,BB,2
R01373,BL,2
R01373,GW,2
R01373,HP,2
R01373,LA,2
R01373,LG,2
R01373,LH,2
R01373,LW,2
R01373,MW,2
R01373,PC,2
R01373,PG,2
R01373,PZ,2
R01373,RG,2
R01373,WE,2
R01373,WP,2
R01373,WR,2
R01374,BB,1
R01374,BL,1
R01374,GW,1
R01374,HP,1
R01374,LA,1
R01374,LG,1
R01374,LH,1
R01374,LW,1
R01374,MW,1
R01374,PC,1
R01374,PG,1
R01374,PZ,1
R01374,RG,1
R01374,WE,1
R01374,WP,1
R01374,WR,1
R01380,AC,1
R01380,AM,1
R01380,AS,1
R01380,BE,1
R01380,BK,1
R01380,BM,1
R01380,BO,1
R01380,BS,1
R01380,BX,1
R01380,CG,1
R01380,CK,1
R01380,CL,1
R01380,CM,1
R01380,CS,1
R01380,CU,1
R01380,EM,1
R01380,EO,1
R01380,EP,1
R01380,EW,1
R01380,EX,1
R01380,GM,1
R01380,HD,1
R01380,HG,1
R01380,HM,1
R01380,HO,1
R01380,KH,1
R01380,KM,1
R01380,KN,1
R01380,LM,1
R01380,LY,1
R01380,MA,1
R01380,MC,1
R01380,MG,1
R01380,MH,1
R01380,MJ,1
R01380,MK,1
R01380,MN,1
R01380,MP,1
R01380,MR,1
R01380,MS,1
R01380,MT,1
R01380,MW,1
R01380,MX,1
R01380,NN,1
R01380,NO,1
R01380,NR,1
R01380,NW,1
R01380,NX,1
R01380,OC,1
R01380,OP,1
R01380,PE,1
R01380,PG,1
R01380,PM,1
R01380,PO,1
R01380,PP,1
R01380,PR,1
R01380,PS,1
R01380,PX,1
R01380,RE,1
R01380,RM,1
R01380,RO,1
R01380,RP,1
R01380,RW,1
R01380,RX,1
R01380,SE,1
R01380,SK,1
R01380,SO,1
R01380,SX,1
R01380,TM,1
R01380,TO,1
R01380,TP,1
R01380,WS,1
R01380,XH,1
R01380,YL,1
R01381,GW,2
R01381,WE,2
R01381,BB,1
R01381,BL,1
R01381,CZ,1
R01381,HP,1
R01381,LA,1
R01381,LG,1
R01381,LH,1
R01381,LW,1
R01381,MP,1
R01381,MW,1
R01381,PB,1
R01381,PC,1
R01381,PE,1
R01381,PG,1
R01381,PH,1
R01381,PJ,1
R01381,PL,1
R01381,PM,1
R01381,PO,1
R01381,PP,1
R01381,PV,1
R01381,PW,1
R01381,PX,1
R01381,PY,1
R01381,PZ,1
R01381,RG,1
R01381,SS,1
R01381,WP,1
R01381,WR,1
R01383,AC,1
R01383,AM,1
R01383,AN,1
R01383,AS,1
R01383,EC,1
R01383,EE,1
R01383,ER,1
R01383,GU,1
R01383,HU,1
R01383,KE,1
R01383,KG,1
R01383,KP,1
R01383,KS,1
R01383,KY,1
R01383,LN,1
R01383,TE,1
R01383,TY,1
R01383,WA,1
R01384,AC,1
R01384,AM,1
R01384,AN,1
R01384,AS,1
R01384,EC,1
R01384,EE,1
R01384,ER,1
R01384,GU,1
R01384,HU,1
R01384,KE,1
R01384,KG,1
R01384,KP,1
R01384,KS,1
R01384,KY,1
R01384,LN,1
R01384,TE,1
R01384,TY,1
R01385,HR,1
R01385,SC,1
R01387,HR,1
R01387,SC,1
R01388,DB,1
R01388,GM,1
R01388,HM,1
R01388,MB,1
R01388,MK,1
R01388,MN,1
R01388,MR,1
R01388,MS,1
R01388,MT,1
R01388,TP,1
R01388,VK,1
R01388,VN,1
R01388,VT,1
R01390,CW,1
R01390,LB,1
R01390,VB,1
R01390,XB,1
R01390,XC,1
R01390,XE,1
R01396,AM,1
R01396,BB,1
R01396,BH,1
R01396,BY,1
R01396,CE,1
R01396,CY,1
R01396,DO,1
R01396,DW,1
R01396,DY,1
R01396,EY,1
R01396,HD,1
R01396,HH,1
R01396,HO,1
R01396,HV,1
R01396,HY,1
R01396,JL,1
R01396,MB,1
R01396,MM,1
R01396,MS,1
R01396,MW,1
R01396,MY,1
R01396,NB,1
R01396,PH,1
R01396,PL,1
R01396,PR,1
R01396,PS,1
R01396,PY,1
R01396,RH,1
R01396,RL,1
R01396,RY,1
R01396,SH,1
R01396,SL,1
R01396,SY,1
R01396,TC,1
R01396,WH,1
R01396,WK,1
R01396,XL,1
R01396,YK,1
R01396,YL,1
R01398,AH,2
R01398,BH,2
R01398,DB,2
R01398,DS,2
R01398,DT,2
R01398,DW,2
R01398,GD,2
R01398,GH,2
R01398,HA,2
R01398,HD,2
R01398,HH,2
R01398,HL,2
R01398,HM,2
R01398,HO,2
R01398,HT,2
R01398,HU,2
R01398,LY,2
R01398,NH,2
R01398,NP,2
R01398,PH,2
R01398,RH,2
R01398,TP,2
R01398,WH,2
R01398,WK,2
R01398,WY,2
R01398,YA,2
R01398,YG,2
R01398,YL,2
R01398,YM,2
R01400,AH,2
R01400,BH,2
R01400,DB,2
R01400,DS,2
R01400,DT,2
R01400,DW,2
R01400,GD,2
R01400,GH,2
R01400,HA,2
R01400,HD,2
R01400,HH,2
R01400,HL,2
R01400,HM,2
R01400,HO,2
R01400,HT,2
R01400,HU,2
R01400,LY,2
R01400,NH,2
R01400,NP,2
R01400,PH,2
R01400,RH,2
R01400,TP,2
R01400,WH,2
R01400,WK,2
R01400,WY,2
R01400,YA,2
R01400,YG,2
R01400,YL,2
R01400,YM,2
R01402,GR,1
R01402,TS,1
R01402,UP,1
R01403,AD,1
R01403,BG,1
R01403,BH,1
R01403,DB,1
R01403,DG,1
R01403,DO,1
R01403,DP,1
R01403,DS,1
R01403,DT,1
R01403,DW,1
R01403,ED,1
R01403,EE,1
R01403,EM,1
R01403,GD,1
R01403,HD,1
R01403,HH,1
R01403,HO,1
R01403,HV,1
R01403,LN,1
R01403,LX,1
R01403,NB,1
R01403,PH,1
R01403,RH,1
R01403,SH,1
R01403,TC,1
R01403,WH,1
R01403,WK,1
R01403,YK,1
R01403,YL,1
R01404,DS,3
R01404,DT,3
R01404,GD,3
R01404,HA,3
R01404,HT,3
R01404,YA,3
R01404,YG,3
R01404,YM,3
R01404,AH,2
R01404,BH,2
R01404,DB,2
R01404,DW,2
R01404,GH,2
R01404,HD,2
R01404,HH,2
R01404,HL,2
R01404,HM,2
R01404,HO,2
R01404,HU,2
R01404,LY,2
R01404,NH,2
R01404,NP,2
R01404,PH,2
R01404,RH,2
R01404,TP,2
R01404,WH,2
R01404,WK,2
R01404,WY,2
R01404,YL,2
R01404,AA,1
R01404,AL,1
R01404,AT,1
R01404,AY,1
R01404,BY,1
R01404,CY,1
R01404,DO,1
R01404,DY,1
R01404,EC,1
R01404,EY,1
R01404,GG,1
R01404,GS,1
R01404,GT,1
R01404,HY,1
R01404,KG,1
R01404,KY,1
R01404,NG,1
R01404,NS,1
R01404,NT,1
R01404,PY,1
R01404,RY,1
R01404,TE,1
R01404,TY,1
R01404,YI,1
R01406,AD,1
R01406,BG,1
R01406,BH,1
R01406,DB,1
R01406,DG,1
R01406,DO,1
R01406,DP,1
R01406,DS,1
R01406,DT,1
R01406,DW,1
R01406,ED,1
R01406,EE,1
R01406,EM,1
R01406,GD,1
R01406,HD,1
R01406,HH,1
R01406,HO,1
R01406,HV,1
R01406,LN,1
R01406,LX,1
R01406,NB,1
R01406,PH,1
R01406,RH,1
R01406,SH,1
R01406,TC,1
R01406,WH,1
R01406,WK,1
R01406,YK,1
R01406,YL,1
R01411,AM,1
R01411,BB,1
R01411,BH,1
R01411,BY,1
R01411,CE,1
R01411,CY,1
R01411,DO,1
R01411,DW,1
R01411,DY,1
R01411,EY,1
R01411,HD,1
R01411,HH,1
R01411,HO,1
R01411,HV,1
R01411,HY,1
R01411,JL,1
R01411,MB,1
R01411,MM,1
R01411,MS,1
R01411,MW,1
R01411,MY,1
R01411,NB,1
R01411,PH,1
R01411,PL,1
R01411,PR,1
R01411,PS,1
R01411,PY,1
R01411,RH,1
R01411,RL,1
R01411,RY,1
R01411,SH,1
R01411,SL,1
R01411,SY,1
R01411,TC,1
R01411,WH,1
R01411,WK,1
R01411,XL,1
R01411,YK,1
R01411,YL,1
R01412,AD,1
R01412,BG,1
R01412,BH,1
R01412,DB,1
R01412,DG,1
R01412,DO,1
R01412,DP,1
R01412,DS,1
R01412,DT,1
R01412,DW,1
R01412,ED,1
R01412,EE,1
R01412,EM,1
R01412,GD,1
R01412,HD,1
R01412,HH,1
R01412,HO,1
R01412,HV,1
R01412,LN,1
R01412,LX,1
R01412,NB,1
R01412,PH,1
R01412,RH,1
R01412,SH,1
R01412,TC,1
R01412,WH,1
R01412,WK,1
R01412,YK,1
R01412,YL,1
R01413,EB,1
R01413,EJ,1
R01413,EO,1
R01413,EP,1
R01413,ES,1
R01413,EV,1
R01413,EW,1
R01413,EX,1
R01413,GC,1
R01413,LC,1
R01413,LM,1
R01413,MA,1
R01413,SF,1
R01413,SM,1
R01413,TL,1
R01413,TV,1
R01413,WM,1
R01414,BL,4
R01414,CE,4
R01414,LW,4
R01414,WR,4
R01414,BW,3
R01414,HP,3
R01414,SN,3
R01414,WO,3
R01414,WP,3
R01414,GW,2
R01414,LG,2
R01414,PC,2
R01414,BB,1
R01414,BU,1
R01414,CS,1
R01414,CY,1
R01414,CZ,1
R01414,LA,1
R01414,LH,1
R01414,MW,1
R01414,PB,1
R01414,PE,1
R01414,PH,1
R01414,PL,1
R01414,PM,1
R01414,PO,1
R01414,PP,1
R01414,PW,1
R01414,PX,1
R01414,PY,1
R01414,RB,1
R01414,RE,1
R01414,RF,1
R01414,RH,1
R01414,RJ,1
R01414,RL,1
R01414,RM,1
R01414,RO,1
R01414,RP,1
R01414,RV,1
R01414,RW,1
R01414,RX,1
R01414,RY,1
R01414,SB,1
R01414,SL,1
R01414,SO,1
R01414,SS,1
R01414,WB,1
R01414,WC,1
R01414,WH,1
R01414,WT,1
R01416,BB,1
R01416,BL,1
R01416,GW,1
R01416,HP,1
R01416,LA,1
R01416,LG,1
R01416,LH,1
R01416,LW,1
R01416,MW,1
R01416,PC,1
R01416,PG,1
R01416,PZ,1
R01416,RG,1
R01416,WE,1
R01416,WP,1
R01416,WR,1
R01419,LB,1
R01419,LF,1
R01419,LP,1
R01419,SC,1
R01419,SD,1
R01419,VB,1
R01419,XB,1
R01419,XC,1
R01419,XE,1
R01432,EB,2
R01432,EJ,2
R01432,EO,2
R01432,EP,2
R01432,ES,2
R01432,EV,2
R01432,EW,2
R01432,EX,2
R01432,LC,2
R01432,LM,2
R01432,MA,2
R01432,SF,2
R01432,TV,2
R01432,WM,2
R01432,EN,1
R01432,SM,1
R01432,TL,1
R01438,AM,1
R01438,BB,1
R01438,BH,1
R01438,BY,1
R01438,CE,1
R01438,CY,1
R01438,DY,1
R01438,EY,1
R01438,HH,1
R01438,HO,1
R01438,HV,1
R01438,HY,1
R01438,MM,1
R01438,MW,1
R01438,NB,1
R01438,PH,1
R01438,PL,1
R01438,PR,1
R01438,PS,1
R01438,PY,1
R01438,RH,1
R01438,RL,1
R01438,RY,1
R01438,SH,1
R01438,SL,1
R01438,SY,1
R01438,TC,1
R01438,WH,1
R01438,WK,1
R01438,XL,1
R01438,YK,1
R01440,AD,1
R01440,BG,1
R01440,BH,1
R01440,DB,1
R01440,DG,1
R01440,DO,1
R01440,DP,1
R01440,DS,1
R01440,DT,1
R01440,DW,1
R01440,ED,1
R01440,EE,1
R01440,EM,1
R01440,GD,1
R01440,HD,1
R01440,HH,1
R01440,HO,1
R01440,HV,1
R01440,LN,1
R01440,LX,1
R01440,NB,1
R01440,PH,1
R01440,RH,1
R01440,SH,1
R01440,TC,1
R01440,WH,1
R01440,WK,1
R01440,YK,1
R01440,YL,1
R01441,AD,1
R01441,BG,1
R01441,BH,1
R01441,DB,1
R01441,DG,1
R01441,DO,1
R01441,DP,1
R01441,DS,1
R01441,DT,1
R01441,DW,1
R01441,ED,1
R01441,EE,1
R01441,EM,1
R01441,GD,1
R01441,HD,1
R01441,HH,1
R01441,HO,1
R01441,HV,1
R01441,LN,1
R01441,LX,1
R01441,NB,1
R01441,PH,1
R01441,RH,1
R01441,SH,1
R01441,TC,1
R01441,WH,1
R01441,WK,1
R01441,YK,1
R01441,YL,1
R01443,CZ,1
R01443,GW,1
R01443,MP,1
R01443,OP,1
R01443,PB,1
R01443,PE,1
R01443,PH,1
R01443,PJ,1
R01443,PL,1
R01443,PM,1
R01443,PO,1
R01443,PP,1
R01443,PV,1
R01443,PW,1
R01443,PX,1
R01443,PY,1
R01443,SP,1
R01443,WR,1
R01444,BL,3
R01444,CE,3
R01444,LW,3
R01444,SN,3
R01444,WR,3
R01444,BW,2
R01444,GW,2
R01444,HP,2
R01444,PC,2
R01444,WO,2
R01444,WP,2
R01444,BB,1
R01444,BU,1
R01444,CZ,1
R01444,LA,1
R01444,LG,1
R01444,MW,1
R01444,RB,1
R01444,RE,1
R01444,RF,1
R01444,RH,1
R01444,RJ,1
R01444,RL,1
R01444,RM,1
R01444,RO,1
R01444,RP,1
R01444,RV,1
R01444,RW,1
R01444,RX,1
R01444,RY,1
R01444,SB,1
R01444,SS,1
R01444,WC,1
R01446,BU,2
R01446,BW,2
R01446,CE,2
R01446,LE,2
R01446,PC,2
R01446,WC,2
R01446,WD,2
R01446,WO,2
R01446,EU,1
R01446,PZ,1
R01446,WE,1
R01447,AM,2
R01447,BH,2
R01447,BY,2
R01447,CY,2
R01447,EY,2
R01447,HH,2
R01447,HY,2
R01447,MM,2
R01447,PH,2
R01447,PL,2
R01447,PR,2
R01447,PS,2
R01447,PY,2
R01447,RH,2
R01447,RL,2
R01447,RY,2
R01447,SL,2
R01447,SY,2
R01447,TC,2
R01447,WH,2
R01447,XL,2
R01447,AB,1
R01447,AC,1
R01447,BB,1
R01447,BG,1
R01447,BP,1
R01447,CE,1
R01447,CN,1
R01447,DY,1
R01447,EM,1
R01447,HO,1
R01447,HV,1
R01447,MI,1
R01447,MW,1
R01447,NB,1
R01447,NM,1
R01447,PN,1
R01447,SH,1
R01447,WK,1
R01447,YK,1
R01450,AM,2
R01450,BH,2
R01450,BY,2
R01450,CY,2
R01450,EY,2
R01450,HH,2
R01450,HY,2
R01450,MM,2
R01450,PH,2
R01450,PL,2
R01450,PR,2
R01450,PS,2
R01450,PY,2
R01450,RH,2
R01450,RL,2
R01450,RY,2
R01450,SL,2
R01450,SY,2
R01450,TC,2
R01450,WH,2
R01450,XL,2
R01450,AB,1
R01450,AC,1
R01450,BB,1
R01450,BG,1
R01450,BP,1
R01450,CE,1
R01450,CN,1
R01450,DY,1
R01450,EM,1
R01450,HO,1
R01450,HV,1
R01450,MI,1
R01450,MW,1
R01450,NB,1
R01450,NM,1
R01450,PN,1
R01450,SH,1
R01450,WK,1
R01450,YK,1
R01454,BE,1
R01454,CG,1
R01454,GB,1
R01454,GJ,1
R01454,GP,1
R01454,GV,1
R01454,GX,1
R01454,GY,1
R01454,HG,1
R01454,LM,1
R01454,MG,1
R01454,PE,1
R01454,PG,1
R01454,RE,1
R01454,SE,1
R01454,TC,1
R01454,WG,1
R01454,WS,1
R01455,AM,2
R01455,BH,2
R01455,BY,2
R01455,CY,2
R01455,EY,2
R01455,HH,2
R01455,HY,2
R01455,MM,2
R01455,PH,2
R01455,PL,2
R01455,PR,2
R01455,PS,2
R01455,PY,2
R01455,RH,2
R01455,RL,2
R01455,RY,2
R01455,SL,2
R01455,SY,2
R01455,TC,2
R01455,WH,2
R01455,XL,2
R01455,AB,1
R01455,AC,1
R01455,BB,1
R01455,BG,1
R01455,BP,1
R01455,CE,1
R01455,CN,1
R01455,DY,1
R01455,EM,1
R01455,HO,1
R01455,HV,1
R01455,MI,1
R01455,MW,1
R01455,NB,1
R01455,NM,1
R01455,PN,1
R01455,SH,1
R01455,WK,1
R01455,YK,1
R01457,BJ,1
R01457,BV,1
R01457,CV,1
R01457,EV,1
R01457,LC,1
R01457,MP,1
R01457,MS,1
R01457,NJ,1
R01457,NV,1
R01457,PM,1
R01457,RJ,1
R01457,RV,1
R01462,AW,1
R01462,BU,1
R01462,CB,1
R01462,CK,1
R01462,CY,1
R01462,LA,1
R01462,LW,1
R01462,MC,1
R01462,OC,1
R01462,SB,1
R01462,SE,1
R01462,SL,1
R01462,SN,1
R01462,SO,1
R01462,SP,1
R01462,SX,1
R01462,WB,1
R01462,WC,1
R01462,WD,1
R01462,WH,1
R01462,WI,1
R01462,WT,1
R01465,AW,1
R01465,BU,1
R01465,CB,1
R01465,CK,1
R01465,CY,1
R01465,LA,1
R01465,LW,1
R01465,MC,1
R01465,OC,1
R01465,SB,1
R01465,SE,1
R01465,SL,1
R01465,SN,1
R01465,SO,1
R01465,SP,1
R01465,SX,1
R01465,WB,1
R01465,WC,1
R01465,WD,1
R01465,WH,1
R01465,WI,1
R01465,WT,1
R01467,SP,2
R01467,AW,1
R01467,BU,1
R01467,CB,1
R01467,CK,1
R01467,CY,1
R01467,CZ,1
R01467,GW,1
R01467,LA,1
R01467,LW,1
R01467,MC,1
R01467,MP,1
R01467,OC,1
R01467,OP,1
R01467,PB,1
R01467,PE,1
R01467,PH,1
R01467,PJ,1
R01467,PL,1
R01467,PM,1
R01467,PO,1
R01467,PP,1
R01467,PV,1
R01467,PW,1
R01467,PX,1
R01467,PY,1
R01467,SB,1
R01467,SE,1
R01467,SL,1
R01467,SN,1
R01467,SO,1
R01467,SX,1
R01467,WB,1
R01467,WC,1
R01467,WD,1
R01467,WH,1
R01467,WI,1
R01467,WR,1
R01467,WT,1
R01474,GA,1
R01474,IP,1
R01478,BU,2
R01478,BW,2
R01478,CE,2
R01478,LE,2
R01478,PC,2
R01478,WC,2
R01478,WD,2
R01478,WO,2
R01478,EU,1
R01478,PZ,1
R01478,WE,1
R01479,BU,1
R01479,BW,1
R01479,CE,1
R01479,SN,1
R01479,SS,1
R01479,WC,1
R01479,WO,1
R01480,BB,2
R01480,BH,2
R01480,BY,2
R01480,CE,2
R01480,CY,2
R01480,DO,2
R01480,DW,2
R01480,DY,2
R01480,EY,2
R01480,HD,2
R01480,HH,2
R01480,HO,2
R01480,HV,2
R01480,HY,2
R01480,JL,2
R01480,MM,2
R01480,MS,2
R01480,MW,2
R01480,NB,2
R01480,PH,2
R01480,PL,2
R01480,PS,2
R01480,PY,2
R01480,RH,2
R01480,RL,2
R01480,RY,2
R01480,SH,2
R01480,SL,2
R01480,SY,2
R01480,TC,2
R01480,WH,2
R01480,WK,2
R01480,XL,2
R01480,YK,2
R01480,YL,2
R01480,AM,1
R01480,DS,1
R01480,DT,1
R01480,GD,1
R01480,MB,1
R01480,MY,1
R01480,PR,1
R01484,BK,1
R01484,CK,1
R01484,CP,1
R01484,CU,1
R01484,DB,1
R01484,DH,1
R01484,DP,1
R01484,DW,1
R01484,EP,1
R01484,GP,1
R01484,JK,1
R01484,JP,1
R01484,KH,1
R01484,KM,1
R01484,KN,1
R01484,KW,1
R01484,NP,1
R01484,PP,1
R01484,PR,1
R01484,RP,1
R01484,XP,1
R01484,XV,1
R01484,XW,1
R01492,AC,1
R01492,AM,1
R01492,AN,1
R01492,AS,1
R01492,EC,1
R01492,EE,1
R01492,ER,1
R01492,GU,1
R01492,HU,1
R01492,KE,1
R01492,KG,1
R01492,KP,1
R01492,KS,1
R01492,KY,1
R01492,LN,1
R01492,TE,1
R01492,TY,1
R01493,AC,1
R01493,AM,1
R01493,AN,1
R01493,AS,1
R01493,EC,1
R01493,EE,1
R01493,ER,1
R01493,GU,1
R01493,HU,1
R01493,KE,1
R01493,KG,1
R01493,KP,1
R01493,KS,1
R01493,KY,1
R01493,LN,1
R01493,TE,1
R01493,TY,1
R01494,EC,5
R01494,EE,5
R01494,ER,5
R01494,GU,5
R01494,HU,5
R01494,KG,5
R01494,KY,5
R01494,TE,5
R01494,TY,5
R01494,AM,4
R01494,AN,4
R01494,AS,4
R01494,KP,4
R01494,KS,4
R01494,LN,4
R01494,AC,3
R01494,KE,3
R01494,AA,2
R01494,AD,2
R01494,AH,2
R01494,AL,2
R01494,AT,2
R01494,AY,2
R01494,ED,2
R01494,EY,1
R01494,GG,1
R01494,GH,1
R01494,GL,1
R01494,GS,1
R01494,GT,1
R01494,NG,1
R01494,NH,1
R01494,NS,1
R01494,NT,1
R01494,PS,1
R01494,WA,1
R01497,BI,1
R01498,BI,1
R01502,DE,1
R01502,FB,1
R01502,FN,1
R01502,FV,1
R01502,NK,1
R01502,RA,1
R01502,SV,1
R01503,FL,5
R01503,NK,5
R01503,VL,5
R01503,FN,4
R01503,FV,4
R01503,BR,2
R01503,CT,2
R01503,DE,2
R01503,EL,2
R01503,FA,2
R01503,OT,2
R01503,RA,2
R01503,VR,2
R01503,BU,1
R01503,EU,1
R01503,FT,1
R01503,PD,1
R01503,PK,1
R01503,PU,1
R01503,RU,1
R01503,SU,1
R01503,SW,1
R01503,WC,1
R01503,WU,1
R01504,AM,1
R01504,BB,1
R01504,BH,1
R01504,BY,1
R01504,CE,1
R01504,CY,1
R01504,DY,1
R01504,EY,1
R01504,HH,1
R01504,HO,1
R01504,HV,1
R01504,HY,1
R01504,MM,1
R01504,MW,1
R01504,NB,1
R01504,PH,1
R01504,PL,1
R01504,PR,1
R01504,PS,1
R01504,PY,1
R01504,RH,1
R01504,RL,1
R01504,RY,1
R01504,SH,1
R01504,SL,1
R01504,SY,1
R01504,TC,1
R01504,WH,1
R01504,WK,1
R01504,XL,1
R01504,YK,1
R01511,CW,1
R01511,LB,1
R01511,VB,1
R01511,XB,1
R01511,XC,1
R01511,XE,1
R01514,EB,2
R01514,EJ,2
R01514,EO,2
R01514,EP,2
R01514,ES,2
R01514,EV,2
R01514,EW,2
R01514,EX,2
R01514,LC,2
R01514,LM,2
R01514,MA,2
R01514,SF,2
R01514,TV,2
R01514,WM,2
R01514,EN,1
R01514,TL,1
R01515,EB,2
R01515,EJ,2
R01515,EO,2
R01515,EP,2
R01515,ES,2
R01515,EV,2
R01515,EW,2
R01515,EX,2
R01515,LC,2
R01515,LM,2
R01515,MA,2
R01515,SF,2
R01515,TV,2
R01515,WM,2
R01515,BI,1
R01515,EN,1
R01515,SM,1
R01516,DK,1
R01516,HE,1
R01516,PD,1
R01516,PU,1
R01516,SW,1
R01516,WV,1
R01518,BJ,1
R01518,CH,1
R01518,CL,1
R01518,EJ,1
R01518,GJ,1
R01518,JG,1
R01518,JK,1
R01518,JO,1
R01518,JP,1
R01518,MJ,1
R01518,NJ,1
R01518,RJ,1
R01518,XJ,1
R01522,EB,4
R01522,EJ,4
R01522,EO,4
R01522,EP,4
R01522,ES,4
R01522,EV,4
R01522,EW,4
R01522,EX,4
R01522,LC,4
R01522,LM,4
R01522,MA,4
R01522,SF,4
R01522,TV,4
R01522,WM,4
R01522,SM,3
R01522,TL,2
R01522,BI,1
R01522,EN,1
R01523,AA,1
R01523,DA,1
R01523,DS,1
R01523,EC,1
R01523,EG,1
R01523,GD,1
R01523,GG,1
R01523,GN,1
R01523,GS,1
R01523,HA,1
R01523,HX,1
R01523,KG,1
R01523,KI,1
R01523,MN,1
R01523,NG,1
R01523,NS,1
R01523,TY,1
R01523,VN,1
R01523,YA,1
R01523,YG,1
R01523,YI,1
R01523,YM,1
R01523,YN,1
R01523,YS,1
R01525,AM,2
R01525,BB,2
R01525,BH,2
R01525,BY,2
R01525,CE,2
R01525,CY,2
R01525,DO,2
R01525,DW,2
R01525,DY,2
R01525,EY,2
R01525,HD,2
R01525,HH,2
R01525,HO,2
R01525,HY,2
R01525,MB,2
R01525,MM,2
R01525,MW,2
R01525,MY,2
R01525,NB,2
R01525,PH,2
R01525,PL,2
R01525,PR,2
R01525,PS,2
R01525,PY,2
R01525,RH,2
R01525,RL,2
R01525,RY,2
R01525,SH,2
R01525,SL,2
R01525,SY,2
R01525,TC,2
R01525,WH,2
R01525,WK,2
R01525,XL,2
R01525,YK,2
R01525,HV,1
R01525,JL,1
R01525,MS,1
R01525,YL,1
R01526,BJ,2
R01526,CH,2
R01526,EJ,2
R01526,MJ,2
R01526,NJ,2
R01526,RJ,2
R01526,BV,1
R01526,CL,1
R01526,GJ,1
R01526,JG,1
R01526,JK,1
R01526,JO,1
R01526,JP,1
R01526,NV,1
R01526,PV,1
R01526,RV,1
R01526,XJ,1
R01527,AM,1
R01527,BB,1
R01527,BH,1
R01527,BY,1
R01527,CE,1
R01527,CY,1
R01527,DO,1
R01527,DW,1
R01527,DY,1
R01527,EY,1
R01527,HD,1
R01527,HH,1
R01527,HO,1
R01527,HV,1
R01527,HY,1
R01527,JL,1
R01527,MB,1
R01527,MM,1
R01527,MS,1
R01527,MW,1
R01527,MY,1
R01527,NB,1
R01527,PH,1
R01527,PL,1
R01527,PR,1
R01527,PS,1
R01527,PY,1
R01527,RH,1
R01527,RL,1
R01527,RY,1
R01527,SH,1
R01527,SL,1
R01527,SY,1
R01527,TC,1
R01527,WH,1
R01527,WK,1
R01527,XL,1
R01527,YK,1
R01527,YL,1
R01531,BJ,1
R01531,BV,1
R01531,CH,1
R01531,EJ,1
R01531,MJ,1
R01531,NJ,1
R01531,NV,1
R01531,PV,1
R01531,RJ,1
R01531,RV,1
R01546,BJ,1
R01546,BV,1
R01546,CH,1
R01546,EJ,1
R01546,MJ,1
R01546,NJ,1
R01546,NV,1
R01546,PV,1
R01546,RJ,1
R01546,RV,1
R01550,AA,1
R01550,AD,1
R01550,AH,1
R01550,AL,1
R01550,AT,1
R01550,AY,1
R01550,LI,1
R01550,ST,1
R01550,TH,1
R01550,WA,1
R01553,EB,3
R01553,EJ,3
R01553,EO,3
R01553,EP,3
R01553,ES,3
R01553,EV,3
R01553,EW,3
R01553,EX,3
R01553,LC,3
R01553,LM,3
R01553,MA,3
R01553,SF,3
R01553,TL,3
R01553,TV,3
R01553,WM,3
R01553,SM,2
R01554,AW,1
R01554,BU,1
R01554,CB,1
R01554,CK,1
R01554,CY,1
R01554,LA,1
R01554,LW,1
R01554,MC,1
R01554,OC,1
R01554,SB,1
R01554,SE,1
R01554,SL,1
R01554,SN,1
R01554,SO,1
R01554,SP,1
R01554,SX,1
R01554,WB,1
R01554,WC,1
R01554,WD,1
R01554,WH,1
R01554,WI,1
R01554,WT,1
R01556,FL,4
R01556,FN,4
R01556,FV,4
R01556,NK,4
R01556,VL,4
R01556,DE,2
R01556,EL,2
R01556,FA,2
R01556,OT,2
R01556,RA,2
R01556,VR,2
R01556,BR,1
R01556,BU,1
R01556,CT,1
R01556,EU,1
R01556,FT,1
R01556,PD,1
R01556,PK,1
R01556,PU,1
R01556,RU,1
R01556,SU,1
R01556,SW,1
R01556,WC,1
R01556,WU,1
R01557,AA,1
R01557,AD,1
R01557,AH,1
R01557,AL,1
R01557,AT,1
R01557,AY,1
R01557,LI,1
R01557,ST,1
R01557,TH,1
R01557,WA,1
R01561,FA,2
R01561,FB,2
R01561,FC,2
R01561,FH,2
R01561,FL,2
R01561,FN,2
R01561,FT,2
R01561,FV,2
R01561,KA,2
R01567,OV,1
R01578,DE,2
R01578,FV,2
R01578,NK,2
R01578,RA,2
R01578,SV,2
R01578,BR,1
R01578,CT,1
R01578,FB,1
R01578,FL,1
R01578,FN,1
R01578,TU,1
R01579,AG,1
R01579,FW,1
R01579,GK,1
R01579,GO,1
R01579,SR,1
R01579,WN,1
R01581,BB,1
R01581,BL,1
R01581,GW,1
R01581,HP,1
R01581,LA,1
R01581,LG,1
R01581,LH,1
R01581,LW,1
R01581,MW,1
R01581,PC,1
R01581,PG,1
R01581,PZ,1
R01581,RG,1
R01581,WE,1
R01581,WP,1
R01581,WR,1
R01586,EC,1
R01586,EE,1
R01586,ER,1
R01586,GU,1
R01586,HI,1
R01586,HU,1
R01586,KE,1
R01586,KG,1
R01586,KP,1
R01586,KS,1
R01586,KY,1
R01586,LN,1
R01586,TE,1
R01586,TY,1
R01587,RA,2
R01587,AR,1
R01587,DE,1
R01587,FB,1
R01587,FV,1
R01587,KL,1
R01587,NK,1
R01587,SV,1
R01587,TN,1
R01587,VH,1
R01587,VR,1
R01591,AG,1
R01591,FW,1
R01591,GK,1
R01591,GO,1
R01591,SR,1
R01591,WN,1
R01592,FL,4
R01592,FN,4
R01592,FV,4
R01592,NK,4
R01592,VL,4
R01592,DE,2
R01592,EL,2
R01592,FA,2
R01592,OT,2
R01592,RA,2
R01592,VR,2
R01592,BR,1
R01592,BU,1
R01592,CT,1
R01592,EU,1
R01592,FT,1
R01592,PD,1
R01592,PK,1
R01592,PU,1
R01592,RU,1
R01592,SU,1
R01592,SW,1
R01592,WC,1
R01592,WU,1
R01596,AC,2
R01596,AM,2
R01596,AN,2
R01596,AS,2
R01596,EC,2
R01596,EE,2
R01596,ER,2
R01596,GU,2
R01596,HU,2
R01596,KE,2
R01596,KG,2
R01596,KP,2
R01596,KS,2
R01596,KY,2
R01596,LN,2
R01596,TE,2
R01596,TY,2
R01596,WA,1
R01599,BE,2
R01599,CG,2
R01599,HG,2
R01599,LM,2
R01599,PE,2
R01599,PG,2
R01599,RE,2
R01599,SE,2
R01599,WS,2
R01599,BJ,1
R01599,BK,1
R01599,BM,1
R01599,BO,1
R01599,BS,1
R01599,BV,1
R01599,BX,1
R01599,CK,1
R01599,CM,1
R01599,CS,1
R01599,CV,1
R01599,EJ,1
R01599,EO,1
R01599,EP,1
R01599,EV,1
R01599,EW,1
R01599,EX,1
R01599,GB,1
R01599,GJ,1
R01599,GP,1
R01599,GV,1
R01599,GX,1
R01599,GY,1
R01599,KH,1
R01599,KN,1
R01599,LC,1
R01599,MA,1
R01599,MC,1
R01599,MG,1
R01599,MW,1
R01599,NC,1
R01599,NJ,1
R01599,NV,1
R01599,NW,1
R01599,NX,1
R01599,PM,1
R01599,PO,1
R01599,PP,1
R01599,PX,1
R01599,RJ,1
R01599,RM,1
R01599,RO,1
R01599,RP,1
R01599,RV,1
R01599,RW,1
R01599,RX,1
R01599,SO,1
R01599,SX,1
R01599,TC,1
R01599,TM,1
R01599,TO,1
R01599,TV,1
R01599,WG,1
R01599,XH,1
R01600,LB,1
R01600,LF,1
R01600,LP,1
R01600,SC,1
R01600,SD,1
R01600,VB,1
R01600,XB,1
R01600,XC,1
R01600,XE,1
R01601,FA,1
R01601,FB,1
R01601,FC,1
R01601,FH,1
R01601,FL,1
R01601,FN,1
R01601,FT,1
R01601,FV,1
R01601,KA,1
R01604,BU,2
R01604,EF,2
R01604,EU,2
R01604,LE,2
R01604,PD,2
R01604,PU,2
R01604,RU,2
R01604,SU,2
R01604,SW,2
R01604,WC,2
R01604,WU,2
R01604,WV,2
R01604,WW,2
R01604,WX,2
R01605,AH,2
R01605,BH,2
R01605,DB,2
R01605,DS,2
R01605,DT,2
R01605,DW,2
R01605,GD,2
R01605,GH,2
R01605,HA,2
R01605,HD,2
R01605,HH,2
R01605,HL,2
R01605,HM,2
R01605,HO,2
R01605,HT,2
R01605,HU,2
R01605,LY,2
R01605,NH,2
R01605,NP,2
R01605,PH,2
R01605,RH,2
R01605,TP,2
R01605,WH,2
R01605,WK,2
R01605,WY,2
R01605,YA,2
R01605,YG,2
R01605,YL,2
R01605,YM,2
R01606,AC,1
R01606,AM,1
R01606,AN,1
R01606,AS,1
R01606,EC,1
R01606,EE,1
R01606,ER,1
R01606,GU,1
R01606,HU,1
R01606,KE,1
R01606,KG,1
R01606,KP,1
R01606,KS,1
R01606,KY,1
R01606,LN,1
R01606,TE,1
R01606,TY,1
R01608,BM,1
R01608,DB,1
R01608,DP,1
R01608,GM,1
R01608,HM,1
R01608,LY,1
R01608,MK,1
R01608,MN,1
R01608,MP,1
R01608,MT,1
R01608,NP,1
R01608,PM,1
R01608,RM,1
R01608,TM,1
R01608,VK,1
R01608,VN,1
R01608,VT,1
R01609,BR,1
R01609,CT,1
R01609,DE,1
R01609,FB,1
R01609,FL,1
R01609,FN,1
R01609,FV,1
R01609,NK,1
R01609,RA,1
R01609,SV,1
R01609,TU,1
R01613,DH,4
R01613,DP,4
R01613,NP,4
R01613,BK,2
R01613,CK,2
R01613,CP,2
R01613,CU,2
R01613,DW,2
R01613,EP,2
R01613,GP,2
R01613,JK,2
R01613,JP,2
R01613,KH,2
R01613,KM,2
R01613,KN,2
R01613,KW,2
R01613,PP,2
R01613,RP,2
R01613,XP,2
R01613,DB,1
R01613,MH,1
R01613,NN,1
R01613,PR,1
R01613,XV,1
R01613,XW,1
R01615,AF,2
R01615,FH,2
R01615,RA,2
R01615,FA,1
R01615,FC,1
R01615,FO,1
R01615,FS,1
R01615,FT,1
R01615,FV,1
R01615,KL,1
R01615,TU,1
R01615,VA,1
R01615,VB,1
R01615,VH,1
R01615,VR,1
R01620,AH,1
R01620,BH,1
R01620,DB,1
R01620,DS,1
R01620,DT,1
R01620,DW,1
R01620,GD,1
R01620,GH,1
R01620,HA,1
R01620,HD,1
R01620,HH,1
R01620,HL,1
R01620,HM,1
R01620,HO,1
R01620,HT,1
R01620,HU,1
R01620,LY,1
R01620,NH,1
R01620,NP,1
R01620,PH,1
R01620,RH,1
R01620,TP,1
R01620,WH,1
R01620,WK,1
R01620,WY,1
R01620,YA,1
R01620,YG,1
R01620,YL,1
R01620,YM,1
R01621,BE,1
R01621,BK,1
R01621,BM,1
R01621,BS,1
R01621,BX,1
R01621,CG,1
R01621,CK,1
R01621,CM,1
R01621,CS,1
R01621,CU,1
R01621,DB,1
R01621,DW,1
R01621,EP,1
R01621,EW,1
R01621,EX,1
R01621,GM,1
R01621,HG,1
R01621,HM,1
R01621,JG,1
R01621,JO,1
R01621,KH,1
R01621,KM,1
R01621,KN,1
R01621,LM,1
R01621,LY,1
R01621,MA,1
R01621,MB,1
R01621,MC,1
R01621,MG,1
R01621,MH,1
R01621,MJ,1
R01621,MN,1
R01621,MP,1
R01621,MR,1
R01621,MS,1
R01621,MT,1
R01621,MW,1
R01621,MX,1
R01621,NN,1
R01621,NO,1
R01621,NR,1
R01621,NW,1
R01621,NX,1
R01621,PE,1
R01621,PG,1
R01621,PM,1
R01621,PP,1
R01621,PR,1
R01621,PS,1
R01621,PX,1
R01621,RE,1
R01621,RM,1
R01621,RP,1
R01621,RW,1
R01621,RX,1
R01621,SE,1
R01621,SX,1
R01621,TM,1
R01621,TP,1
R01621,WS,1
R01621,XH,1
R01622,BE,1
R01622,BK,1
R01622,BM,1
R01622,BS,1
R01622,BX,1
R01622,CG,1
R01622,CK,1
R01622,CM,1
R01622,CS,1
R01622,CU,1
R01622,DB,1
R01622,DW,1
R01622,EP,1
R01622,EW,1
R01622,EX,1
R01622,GM,1
R01622,HG,1
R01622,HM,1
R01622,JG,1
R01622,JO,1
R01622,KH,1
R01622,KM,1
R01622,KN,1
R01622,LM,1
R01622,LY,1
R01622,MA,1
R01622,MB,1
R01622,MC,1
R01622,MG,1
R01622,MH,1
R01622,MJ,1
R01622,MN,1
R01622,MP,1
R01622,MR,1
R01622,MS,1
R01622,MT,1
R01622,MW,1
R01622,MX,1
R01622,NN,1
R01622,NO,1
R01622,NR,1
R01622,NW,1
R01622,NX,1
R01622,PE,1
R01622,PG,1
R01622,PM,1
R01622,PP,1
R01622,PR,1
R01622,PS,1
R01622,PX,1
R01622,RE,1
R01622,RM,1
R01622,RP,1
R01622,RW,1
R01622,RX,1
R01622,SE,1
R01622,SX,1
R01622,TM,1
R01622,TP,1
R01622,WS,1
R01622,XH,1
R01623,AH,2
R01623,BH,2
R01623,DB,2
R01623,DS,2
R01623,DT,2
R01623,DW,2
R01623,GD,2
R01623,GH,2
R01623,HA,2
R01623,HD,2
R01623,HH,2
R01623,HL,2
R01623,HM,2
R01623,HO,2
R01623,HT,2
R01623,HU,2
R01623,LY,2
R01623,NH,2
R01623,NP,2
R01623,PH,2
R01623,RH,2
R01623,TP,2
R01623,WH,2
R01623,WK,2
R01623,WY,2
R01623,YA,2
R01623,YG,2
R01623,YL,2
R01623,YM,2
R01625,TS,2
R01625,UP,2
R01625,GR,1
R01626,BK,1
R01626,CK,1
R01626,CP,1
R01626,CU,1
R01626,DB,1
R01626,DH,1
R01626,DP,1
R01626,DW,1
R01626,EP,1
R01626,GP,1
R01626,JK,1
R01626,JP,1
R01626,KH,1
R01626,KM,1
R01626,KN,1
R01626,KW,1
R01626,NP,1
R01626,PP,1
R01626,PR,1
R01626,RP,1
R01626,XP,1
R01626,XV,1
R01626,XW,1
R01627,FA,3
R01627,FL,3
R01627,FN,3
R01627,FV,3
R01627,FB,2
R01627,FC,2
R01627,FH,2
R01627,FT,2
R01627,KA,2
R01627,NK,1
R01627,OT,1
R01627,VL,1
R01627,VR,1
R01628,LB,1
R01628,LF,1
R01628,LP,1
R01628,SC,1
R01628,SD,1
R01628,VB,1
R01628,XB,1
R01628,XC,1
R01628,XE,1
R01629,BU,3
R01629,EU,3
R01629,LE,3
R01629,RU,3
R01629,SW,3
R01629,WC,3
R01629,WU,3
R01629,WW,3
R01629,EF,2
R01629,PD,2
R01629,PU,2
R01629,SU,2
R01629,WV,2
R01629,WX,2
R01631,AA,1
R01631,AT,1
R01631,DO,1
R01631,DS,1
R01631,DT,1
R01631,EC,1
R01631,GD,1
R01631,GG,1
R01631,GS,1
R01631,GT,1
R01631,HA,1
R01631,HT,1
R01631,HX,1
R01631,KG,1
R01631,MN,1
R01631,MT,1
R01631,NG,1
R01631,NS,1
R01631,NT,1
R01631,TE,1
R01631,TY,1
R01631,VN,1
R01631,VT,1
R01631,YA,1
R01631,YG,1
R01631,YI,1
R01631,YM,1
R01631,YN,1
R01631,YS,1
R01631,YT,1
R01635,AA,1
R01635,AT,1
R01635,DO,1
R01635,DS,1
R01635,DT,1
R01635,EC,1
R01635,GD,1
R01635,GG,1
R01635,GS,1
R01635,GT,1
R01635,HA,1
R01635,HT,1
R01635,HX,1
R01635,KG,1
R01635,MN,1
R01635,MT,1
R01635,NG,1
R01635,NS,1
R01635,NT,1
R01635,TE,1
R01635,TY,1
R01635,VN,1
R01635,VT,1
R01635,YA,1
R01635,YG,1
R01635,YI,1
R01635,YM,1
R01635,YN,1
R01635,YS,1
R01635,YT,1
R01636,RA,2
R01636,AR,1
R01636,DE,1
R01636,FB,1
R01636,FV,1
R01636,KL,1
R01636,NK,1
R01636,SV,1
R01636,TN,1
R01636,VH,1
R01636,VR,1
R01637,RA,2
R01637,AR,1
R01637,DE,1
R01637,FB,1
R01637,FV,1
R01637,KL,1
R01637,NK,1
R01637,SV,1
R01637,TN,1
R01637,VH,1
R01637,VR,1
R01639,RA,2
R01639,AR,1
R01639,DE,1
R01639,FB,1
R01639,FV,1
R01639,KL,1
R01639,NK,1
R01639,SV,1
R01639,TN,1
R01639,VH,1
R01639,VR,1
R01642,BU,1
R01642,EF,1
R01642,EU,1
R01642,LE,1
R01642,PD,1
R01642,PU,1
R01642,RU,1
R01642,SU,1
R01642,SW,1
R01642,WC,1
R01642,WU,1
R01642,WV,1
R01642,WW,1
R01642,WX,1
R01644,BB,2
R01644,BL,2
R01644,GW,2
R01644,HP,2
R01644,LA,2
R01644,LG,2
R01644,LH,2
R01644,LW,2
R01644,MW,2
R01644,PC,2
R01644,PG,2
R01644,PZ,2
R01644,RG,2
R01644,WE,2
R01644,WP,2
R01644,WR,2
R01645,RA,3
R01645,AR,2
R01645,KL,2
R01645,SV,2
R01645,VH,2
R01645,VR,2
R01645,DE,1
R01645,FB,1
R01645,FO,1
R01645,FS,1
R01645,FV,1
R01645,HC,1
R01645,NK,1
R01645,TN,1
R01645,TU,1
R01645,VA,1
R01645,XE,1
R01648,CW,1
R01648,LB,1
R01648,VB,1
R01648,XB,1
R01648,XC,1
R01648,XE,1
R01652,BB,1
R01652,BL,1
R01652,GW,1
R01652,HP,1
R01652,LA,1
R01652,LG,1
R01652,LH,1
R01652,LW,1
R01652,MW,1
R01652,PC,1
R01652,PG,1
R01652,PZ,1
R01652,RG,1
R01652,WE,1
R01652,WP,1
R01652,WR,1
R01654,AB,1
R01654,AC,1
R01654,AM,1
R01654,BG,1
R01654,BH,1
R01654,BP,1
R01654,BY,1
R01654,CN,1
R01654,CY,1
R01654,EM,1
R01654,EY,1
R01654,HH,1
R01654,HY,1
R01654,MI,1
R01654,MM,1
R01654,NM,1
R01654,PH,1
R01654,PL,1
R01654,PN,1
R01654,PR,1
R01654,PS,1
R01654,PY,1
R01654,RH,1
R01654,RL,1
R01654,RY,1
R01654,SL,1
R01654,SY,1
R01654,TC,1
R01654,WH,1
R01654,XL,1
R01655,FA,1
R01655,FL,1
R01655,FN,1
R01655,FV,1
R01655,NK,1
R01655,OT,1
R01655,VL,1
R01655,VR,1
R01657,BB,2
R01657,BL,2
R01657,GW,2
R01657,HP,2
R01657,LA,2
R01657,LG,2
R01657,LH,2
R01657,LW,2
R01657,MW,2
R01657,PC,2
R01657,PG,2
R01657,PZ,2
R01657,RG,2
R01657,WE,2
R01657,WP,2
R01657,WR,2
R01658,BB,2
R01658,BL,2
R01658,GW,2
R01658,HP,2
R01658,LA,2
R01658,LG,2
R01658,LH,2
R01658,LW,2
R01658,MW,2
R01658,PC,2
R01658,PG,2
R01658,PZ,2
R01658,RG,2
R01658,WE,2
R01658,WP,2
R01658,WR,2
R01660,RA,2
R01660,AR,1
R01660,DE,1
R01660,FB,1
R01660,FV,1
R01660,KL,1
R01660,NK,1
R01660,SV,1
R01660,TN,1
R01660,VH,1
R01660,VR,1
R01662,BU,2
R01662,BW,2
R01662,CE,2
R01662,LE,2
R01662,PC,2
R01662,WC,2
R01662,WD,2
R01662,WO,2
R01662,EU,1
R01662,PZ,1
R01662,WE,1
R01663,AC,1
R01663,AM,1
R01663,AN,1
R01663,AS,1
R01663,EC,1
R01663,EE,1
R01663,ER,1
R01663,GU,1
R01663,HU,1
R01663,KE,1
R01663,KG,1
R01663,KP,1
R01663,KS,1
R01663,KY,1
R01663,LN,1
R01663,TE,1
R01663,TY,1
R01664,EA,3
R01664,PI,3
R01664,AB,1
R01664,AC,1
R01664,AM,1
R01664,AN,1
R01664,AP,1
R01664,AS,1
R01665,BB,2
R01665,BL,2
R01665,GW,2
R01665,HP,2
R01665,LA,2
R01665,LG,2
R01665,LH,2
R01665,LW,2
R01665,MW,2
R01665,PC,2
R01665,PG,2
R01665,PZ,2
R01665,RG,2
R01665,WE,2
R01665,WP,2
R01665,WR,2
R01667,BU,1
R01667,BW,1
R01667,CE,1
R01667,SN,1
R01667,SS,1
R01667,WC,1
R01667,WO,1
R01674,RA,2
R01674,SV,2
R01674,AR,1
R01674,DE,1
R01674,FO,1
R01674,FS,1
R01674,FV,1
R01674,HC,1
R01674,KL,1
R01674,NK,1
R01674,TU,1
R01674,VA,1
R01674,VH,1
R01674,VR,1
R01674,XE,1
R01676,FL,3
R01676,FN,3
R01676,FV,3
R01676,NK,3
R01676,VL,3
R01676,DE,2
R01676,EL,2
R01676,FA,2
R01676,OT,2
R01676,RA,2
R01676,VR,2
R01676,BU,1
R01676,EU,1
R01676,FT,1
R01676,PD,1
R01676,PK,1
R01676,PU,1
R01676,RU,1
R01676,SU,1
R01676,SW,1
R01676,WC,1
R01676,WU,1
R01678,BE,1
R01678,BK,1
R01678,BM,1
R01678,BS,1
R01678,BX,1
R01678,CG,1
R01678,CK,1
R01678,CM,1
R01678,CS,1
R01678,CU,1
R01678,DB,1
R01678,DW,1
R01678,EP,1
R01678,EW,1
R01678,EX,1
R01678,GM,1
R01678,HG,1
R01678,HM,1
R01678,JG,1
R01678,JO,1
R01678,KH,1
R01678,KM,1
R01678,KN,1
R01678,LM,1
R01678,LY,1
R01678,MA,1
R01678,MB,1
R01678,MC,1
R01678,MG,1
R01678,MH,1
R01678,MJ,1
R01678,MN,1
R01678,MP,1
R01678,MR,1
R01678,MS,1
R01678,MT,1
R01678,MW,1
R01678,MX,1
R01678,NN,1
R01678,NO,1
R01678,NR,1
R01678,NW,1
R01678,NX,1
R01678,PE,1
R01678,PG,1
R01678,PM,1
R01678,PP,1
R01678,PR,1
R01678,PS,1
R01678,PX,1
R01678,RE,1
R01678,RM,1
R01678,RP,1
R01678,RW,1
R01678,RX,1
R01678,SE,1
R01678,SX,1
R01678,TM,1
R01678,TP,1
R01678,WS,1
R01678,XH,1
R01682,FA,1
R01682,FL,1
R01682,FN,1
R01682,FV,1
R01682,NK,1
R01682,OT,1
R01682,VL,1
R01682,VR,1
R01686,EC,4
R01686,EE,4
R01686,HU,4
R01686,KG,4
R01686,KY,4
R01686,TE,4
R01686,TY,4
R01686,AA,3
R01686,AH,3
R01686,AL,3
R01686,AT,3
R01686,AY,3
R01686,ER,3
R01686,GU,3
R01686,AD,2
R01686,AM,2
R01686,AN,2
R01686,AS,2
R01686,ED,2
R01686,EY,2
R01686,GG,2
R01686,GH,2
R01686,GS,2
R01686,GT,2
R01686,KP,2
R01686,KS,2
R01686,LN,2
R01686,NG,2
R01686,NH,2
R01686,NS,2
R01686,NT,2
R01686,AC,1
R01686,BH,1
R01686,BY,1
R01686,CY,1
R01686,DO,1
R01686,DS,1
R01686,DT,1
R01686,DY,1
R01686,GD,1
R01686,GL,1
R01686,HA,1
R01686,HD,1
R01686,HH,1
R01686,HT,1
R01686,HY,1
R01686,KE,1
R01686,PH,1
R01686,PL,1
R01686,PS,1
R01686,PY,1
R01686,RH,1
R01686,RL,1
R01686,RY,1
R01686,SL,1
R01686,SY,1
R01686,WA,1
R01686,WH,1
R01686,XL,1
R01686,YL,1
R01687,HU,7
R01687,AH,5
R01687,EC,5
R01687,EE,5
R01687,KG,5
R01687,KY,5
R01687,TE,5
R01687,TY,5
R01687,ER,4
R01687,GH,4
R01687,GU,4
R01687,NH,4
R01687,AA,3
R01687,AL,3
R01687,AM,3
R01687,AN,3
R01687,AS,3
R01687,AT,3
R01687,AY,3
R01687,BH,3
R01687,DS,3
R01687,DT,3
R01687,GD,3
R01687,HA,3
R01687,HD,3
R01687,HH,3
R01687,HT,3
R01687,KP,3
R01687,KS,3
R01687,LN,3
R01687,PH,3
R01687,RH,3
R01687,WH,3
R01687,YL,3
R01687,AC,2
R01687,AD,2
R01687,DB,2
R01687,DW,2
R01687,ED,2
R01687,EY,2
R01687,GG,2
R01687,GS,2
R01687,GT,2
R01687,HL,2
R01687,HM,2
R01687,HO,2
R01687,KE,2
R01687,LY,2
R01687,NG,2
R01687,NP,2
R01687,NS,2
R01687,NT,2
R01687,TP,2
R01687,WK,2
R01687,WY,2
R01687,YA,2
R01687,YG,2
R01687,YM,2
R01687,BY,1
R01687,CY,1
R01687,DO,1
R01687,DY,1
R01687,GL,1
R01687,HY,1
R01687,PL,1
R01687,PS,1
R01687,PY,1
R01687,RL,1
R01687,RY,1
R01687,SL,1
R01687,SY,1
R01687,WA,1
R01687,XL,1
R01689,AR,1
R01689,TN,1
R01689,XE,1
R01690,EB,2
R01690,EJ,2
R01690,EO,2
R01690,EP,2
R01690,ES,2
R01690,EV,2
R01690,EW,2
R01690,EX,2
R01690,LC,2
R01690,LM,2
R01690,MA,2
R01690,SF,2
R01690,TV,2
R01690,WM,2
R01690,EN,1
R01690,SM,1
R01690,TL,1
R01691,EJ,3
R01691,EO,3
R01691,EP,3
R01691,EV,3
R01691,EW,3
R01691,EX,3
R01691,LC,3
R01691,LM,3
R01691,MA,3
R01691,TV,3
R01691,EB,2
R01691,ES,2
R01691,SF,2
R01691,WM,2
R01691,BE,1
R01691,BI,1
R01691,BJ,1
R01691,BK,1
R01691,BM,1
R01691,BO,1
R01691,BS,1
R01691,BV,1
R01691,BX,1
R01691,CG,1
R01691,CK,1
R01691,CM,1
R01691,CS,1
R01691,CV,1
R01691,EN,1
R01691,HG,1
R01691,KH,1
R01691,KN,1
R01691,MC,1
R01691,MW,1
R01691,NC,1
R01691,NJ,1
R01691,NV,1
R01691,NW,1
R01691,NX,1
R01691,PE,1
R01691,PG,1
R01691,PM,1
R01691,PO,1
R01691,PP,1
R01691,PX,1
R01691,RE,1
R01691,RJ,1
R01691,RM,1
R01691,RO,1
R01691,RP,1
R01691,RV,1
R01691,RW,1
R01691,RX,1
R01691,SE,1
R01691,SM,1
R01691,SO,1
R01691,SX,1
R01691,TM,1
R01691,TO,1
R01691,WS,1
R01691,XH,1
R01693,BH,4
R01693,DW,4
R01693,HD,4
R01693,HH,4
R01693,HO,4
R01693,PH,4
R01693,RH,4
R01693,WH,4
R01693,WK,4
R01693,YL,4
R01693,DS,3
R01693,DT,3
R01693,GD,3
R01693,AH,2
R01693,BB,2
R01693,BY,2
R01693,CE,2
R01693,CY,2
R01693,DB,2
R01693,DO,2
R01693,DY,2
R01693,EY,2
R01693,GH,2
R01693,HA,2
R01693,HL,2
R01693,HM,2
R01693,HT,2
R01693,HU,2
R01693,HV,2
R01693,HY,2
R01693,JL,2
R01693,LY,2
R01693,MM,2
R01693,MS,2
R01693,MW,2
R01693,NB,2
R01693,NH,2
R01693,NP,2
R01693,PL,2
R01693,PS,2
R01693,PY,2
R01693,RL,2
R01693,RY,2
R01693,SH,2
R01693,SL,2
R01693,SY,2
R01693,TC,2
R01693,TP,2
R01693,WY,2
R01693,XL,2
R01693,YA,2
R01693,YG,2
R01693,YK,2
R01693,YM,2
R01693,AM,1
R01693,MB,1
R01693,MY,1
R01693,PR,1
R01697,EJ,4
R01697,EO,4
R01697,EP,4
R01697,EV,4
R01697,EW,4
R01697,EX,4
R01697,LC,4
R01697,LM,4
R01697,MA,4
R01697,TV,4
R01697,ES,3
R01697,SF,3
R01697,BE,2
R01697,BJ,2
R01697,BK,2
R01697,BM,2
R01697,BO,2
R01697,BS,2
R01697,BV,2
R01697,BX,2
R01697,CK,2
R01697,CS,2
R01697,EB,2
R01697,HG,2
R01697,KH,2
R01697,KN,2
R01697,MW,2
R01697,NJ,2
R01697,NV,2
R01697,NW,2
R01697,NX,2
R01697,PE,2
R01697,PG,2
R01697,PM,2
R01697,PO,2
R01697,PP,2
R01697,PX,2
R01697,RE,2
R01697,RJ,2
R01697,RM,2
R01697,RO,2
R01697,RP,2
R01697,RV,2
R01697,RW,2
R01697,RX,2
R01697,SE,2
R01697,SO,2
R01697,SX,2
R01697,TL,2
R01697,TM,2
R01697,TO,2
R01697,WM,2
R01697,WS,2
R01697,XH,2
R01697,BB,1
R01697,BH,1
R01697,BY,1
R01697,CE,1
R01697,CG,1
R01697,CM,1
R01697,CV,1
R01697,CY,1
R01697,DG,1
R01697,DL,1
R01697,DY,1
R01697,EM,1
R01697,EN,1
R01697,HH,1
R01697,HY,1
R01697,MC,1
R01697,NC,1
R01697,PH,1
R01697,PL,1
R01697,PY,1
R01697,RF,1
R01697,RH,1
R01697,RL,1
R01697,RY,1
R01697,SL,1
R01697,WH,1
R01697,XL,1
R01699,GR,1
R01699,TS,1
R01699,UP,1
R01700,TS,1
R01700,UP,1
R01702,FL,5
R01702,NK,5
R01702,FN,4
R01702,VL,4
R01702,CT,3
R01702,FV,3
R01702,BR,2
R01702,FA,1
R01702,FB,1
R01702,HK,1
R01702,HS,1
R01702,KL,1
R01702,OT,1
R01702,VR,1
R01706,EJ,4
R01706,EO,3
R01706,EP,3
R01706,EV,3
R01706,EW,3
R01706,EX,3
R01706,LC,3
R01706,LM,3
R01706,MA,3
R01706,TV,3
R01706,BJ,2
R01706,BV,2
R01706,EB,2
R01706,ES,2
R01706,NJ,2
R01706,NV,2
R01706,RJ,2
R01706,RV,2
R01706,SF,2
R01706,WM,2
R01706,BE,1
R01706,BK,1
R01706,BM,1
R01706,BO,1
R01706,BS,1
R01706,BX,1
R01706,CG,1
R01706,CH,1
R01706,CK,1
R01706,CM,1
R01706,CS,1
R01706,CV,1
R01706,EN,1
R01706,HG,1
R01706,KH,1
R01706,KN,1
R01706,MC,1
R01706,MJ,1
R01706,MW,1
R01706,NC,1
R01706,NW,1
R01706,NX,1
R01706,PE,1
R01706,PG,1
R01706,PM,1
R01706,PO,1
R01706,PP,1
R01706,PV,1
R01706,PX,1
R01706,RE,1
R01706,RM,1
R01706,RO,1
R01706,RP,1
R01706,RW,1
R01706,RX,1
R01706,SE,1
R01706,SO,1
R01706,SX,1
R01706,TL,1
R01706,TM,1
R01706,TO,1
R01706,WS,1
R01706,XH,1
R01710,BJ,3
R01710,EJ,3
R01710,NJ,3
R01710,RJ,3
R01710,BV,2
R01710,CH,2
R01710,MJ,2
R01710,NV,2
R01710,RV,2
R01710,BE,1
R01710,BK,1
R01710,BM,1
R01710,BO,1
R01710,BS,1
R01710,BX,1
R01710,CG,1
R01710,CK,1
R01710,CL,1
R01710,CM,1
R01710,CS,1
R01710,CV,1
R01710,EO,1
R01710,EP,1
R01710,EV,1
R01710,EW,1
R01710,EX,1
R01710,GJ,1
R01710,HG,1
R01710,JG,1
R01710,JK,1
R01710,JO,1
R01710,JP,1
R01710,KH,1
R01710,KN,1
R01710,LC,1
R01710,LM,1
R01710,MA,1
R01710,MC,1
R01710,MW,1
R01710,NC,1
R01710,NW,1
R01710,NX,1
R01710,PE,1
R01710,PG,1
R01710,PM,1
R01710,PO,1
R01710,PP,1
R01710,PV,1
R01710,PX,1
R01710,RE,1
R01710,RM,1
R01710,RO,1
R01710,RP,1
R01710,RW,1
R01710,RX,1
R01710,SE,1
R01710,SO,1
R01710,SX,1
R01710,TM,1
R01710,TO,1
R01710,TV,1
R01710,WS,1
R01710,XH,1
R01710,XJ,1
R01712,BB,1
R01712,BL,1
R01712,GW,1
R01712,HP,1
R01712,LA,1
R01712,LG,1
R01712,LH,1
R01712,LW,1
R01712,MW,1
R01712,PC,1
R01712,PG,1
R01712,PZ,1
R01712,RG,1
R01712,WE,1
R01712,WP,1
R01712,WR,1
R01714,AH,2
R01714,BH,2
R01714,DB,2
R01714,DS,2
R01714,DT,2
R01714,DW,2
R01714,GD,2
R01714,GH,2
R01714,HA,2
R01714,HD,2
R01714,HH,2
R01714,HL,2
R01714,HM,2
R01714,HO,2
R01714,HT,2
R01714,HU,2
R01714,LY,2
R01714,NH,2
R01714,NP,2
R01714,PH,2
R01714,RH,2
R01714,TP,2
R01714,WH,2
R01714,WK,2
R01714,WY,2
R01714,YA,2
R01714,YG,2
R01714,YL,2
R01714,YM,2
R01715,BU,1
R01715,BW,1
R01715,CE,1
R01715,SN,1
R01715,SS,1
R01715,WC,1
R01715,WO,1
R01719,BB,1
R01719,BL,1
R01719,GW,1
R01719,HP,1
R01719,LA,1
R01719,LG,1
R01719,LH,1
R01719,LW,1
R01719,MW,1
R01719,PC,1
R01719,PG,1
R01719,PZ,1
R01719,RG,1
R01719,WE,1
R01719,WP,1
R01719,WR,1
R01723,BB,5
R01723,BL,5
R01723,GW,5
R01723,LG,5
R01723,LW,5
R01723,MW,5
R01723,PC,5
R01723,WR,5
R01723,WP,4
R01723,HP,3
R01723,LA,3
R01723,RB,3
R01723,RE,3
R01723,RF,3
R01723,RH,3
R01723,RJ,3
R01723,RL,3
R01723,RM,3
R01723,RO,3
R01723,RP,3
R01723,RV,3
R01723,RW,3
R01723,RX,3
R01723,RY,3
R01723,BW,2
R01723,LH,2
R01723,PG,2
R01723,PZ,2
R01723,RG,2
R01723,SB,2
R01723,SN,2
R01723,WE,2
R01723,WO,2
R01723,AW,1
R01723,CE,1
R01723,CZ,1
R01723,MC,1
R01723,SP,1
R01724,AB,3
R01724,AC,3
R01724,AM,3
R01724,BP,3
R01724,CN,3
R01724,EM,3
R01724,EY,3
R01724,MI,3
R01724,MM,3
R01724,NM,3
R01724,PN,3
R01724,PR,3
R01724,PS,3
R01724,SY,3
R01724,TC,3
R01724,MO,2
R01724,BG,1
R01724,BH,1
R01724,BY,1
R01724,CY,1
R01724,HH,1
R01724,HY,1
R01724,KP,1
R01724,KS,1
R01724,LN,1
R01724,PH,1
R01724,PL,1
R01724,PY,1
R01724,RH,1
R01724,RL,1
R01724,RY,1
R01724,SL,1
R01724,WH,1
R01724,XL,1
R01725,BL,3
R01725,CE,3
R01725,HP,3
R01725,LW,3
R01725,WR,3
R01725,BW,1
R01725,CS,1
R01725,CY,1
R01725,LG,1
R01725,LH,1
R01725,PB,1
R01725,PE,1
R01725,PH,1
R01725,PL,1
R01725,PM,1
R01725,PO,1
R01725,PP,1
R01725,PW,1
R01725,PX,1
R01725,PY,1
R01725,SL,1
R01725,SO,1
R01725,WB,1
R01725,WH,1
R01725,WO,1
R01725,WP,1
R01725,WT,1
R01726,BH,2
R01726,DO,2
R01726,DW,2
R01726,HD,2
R01726,HH,2
R01726,HO,2
R01726,HV,2
R01726,NB,2
R01726,PH,2
R01726,RH,2
R01726,SH,2
R01726,TC,2
R01726,WH,2
R01726,WK,2
R01726,YK,2
R01726,YL,2
R01726,AD,1
R01726,AM,1
R01726,BB,1
R01726,BG,1
R01726,BY,1
R01726,CE,1
R01726,CY,1
R01726,DB,1
R01726,DG,1
R01726,DP,1
R01726,DS,1
R01726,DT,1
R01726,DY,1
R01726,ED,1
R01726,EE,1
R01726,EM,1
R01726,EY,1
R01726,GD,1
R01726,HY,1
R01726,JL,1
R01726,LN,1
R01726,LX,1
R01726,MB,1
R01726,MM,1
R01726,MS,1
R01726,MW,1
R01726,MY,1
R01726,PL,1
R01726,PR,1
R01726,PS,1
R01726,PY,1
R01726,RL,1
R01726,RY,1
R01726,SL,1
R01726,SY,1
R01726,XL,1
R01727,AM,1
R01727,BB,1
R01727,BH,1
R01727,BY,1
R01727,CE,1
R01727,CY,1
R01727,DO,1
R01727,DW,1
R01727,DY,1
R01727,EY,1
R01727,HD,1
R01727,HH,1
R01727,HO,1
R01727,HV,1
R01727,HY,1
R01727,JL,1
R01727,MB,1
R01727,MM,1
R01727,MS,1
R01727,MW,1
R01727,MY,1
R01727,NB,1
R01727,PH,1
R01727,PL,1
R01727,PR,1
R01727,PS,1
R01727,PY,1
R01727,RH,1
R01727,RL,1
R01727,RY,1
R01727,SH,1
R01727,SL,1
R01727,SY,1
R01727,TC,1
R01727,WH,1
R01727,WK,1
R01727,XL,1
R01727,YK,1
R01727,YL,1
R01728,BL,1
R01728,BW,1
R01728,CE,1
R01728,CS,1
R01728,CY,1
R01728,HP,1
R01728,LG,1
R01728,LH,1
R01728,LW,1
R01728,PB,1
R01728,PE,1
R01728,PH,1
R01728,PL,1
R01728,PM,1
R01728,PO,1
R01728,PP,1
R01728,PW,1
R01728,PX,1
R01728,PY,1
R01728,SL,1
R01728,SO,1
R01728,WB,1
R01728,WH,1
R01728,WO,1
R01728,WP,1
R01728,WR,1
R01728,WT,1
R01729,AR,1
R01729,TN,1
R01729,XE,1
R01730,GC,1
R01731,BB,2
R01731,BL,2
R01731,GW,2
R01731,HP,2
R01731,LA,2
R01731,LG,2
R01731,LH,2
R01731,LW,2
R01731,MW,2
R01731,PC,2
R01731,PG,2
R01731,PZ,2
R01731,RG,2
R01731,WE,2
R01731,WP,2
R01731,WR,2
R01732,BB,2
R01732,BL,2
R01732,GW,2
R01732,HP,2
R01732,LA,2
R01732,LG,2
R01732,LH,2
R01732,LW,2
R01732,MW,2
R01732,PC,2
R01732,PG,2
R01732,PZ,2
R01732,RG,2
R01732,WE,2
R01732,WP,2
R01732,WR,2
R01733,BB,3
R01733,LH,3
R01733,MW,3
R01733,PG,3
R01733,BL,2
R01733,GW,2
R01733,HP,2
R01733,LA,2
R01733,LG,2
R01733,LW,2
R01733,PC,2
R01733,PZ,2
R01733,RG,2
R01733,WE,2
R01733,WP,2
R01733,WR,2
R01733,CS,1
R01733,RB,1
R01733,RE,1
R01733,RF,1
R01733,RH,1
R01733,RJ,1
R01733,RL,1
R01733,RM,1
R01733,RO,1
R01733,RP,1
R01733,RV,1
R01733,RW,1
R01733,RX,1
R01733,RY,1
R01733,SM,1
R01733,XB,1
R01733,XS,1
R01734,BJ,1
R01734,BV,1
R01734,CH,1
R01734,EJ,1
R01734,MJ,1
R01734,NJ,1
R01734,NV,1
R01734,PV,1
R01734,RJ,1
R01734,RV,1
R01735,AA,1
R01735,AD,1
R01735,AH,1
R01735,AL,1
R01735,AT,1
R01735,AY,1
R01735,KE,1
R01735,LI,1
R01735,ST,1
R01735,TE,1
R01735,WA,1
R01737,DE,2
R01737,EL,2
R01737,FA,2
R01737,FL,2
R01737,FN,2
R01737,FV,2
R01737,NK,2
R01737,OT,2
R01737,RA,2
R01737,VL,2
R01737,VR,2
R01737,BU,1
R01737,EU,1
R01737,FT,1
R01737,PD,1
R01737,PK,1
R01737,PU,1
R01737,RU,1
R01737,SU,1
R01737,SW,1
R01737,WC,1
R01737,WU,1
R01738,AW,2
R01738,MC,2
R01738,OC,2
R01738,BU,1
R01738,CA,1
R01738,CB,1
R01738,CK,1
R01738,CY,1
R01738,HW,1
R01738,LA,1
R01738,LW,1
R01738,MP,1
R01738,OP,1
R01738,PJ,1
R01738,PV,1
R01738,SB,1
R01738,SE,1
R01738,SL,1
R01738,SN,1
R01738,SO,1
R01738,SP,1
R01738,SX,1
R01738,WB,1
R01738,WC,1
R01738,WD,1
R01738,WH,1
R01738,WI,1
R01738,WT,1
R01739,DE,2
R01739,EL,2
R01739,FA,2
R01739,FL,2
R01739,FN,2
R01739,FV,2
R01739,NK,2
R01739,OT,2
R01739,RA,2
R01739,VL,2
R01739,VR,2
R01739,BU,1
R01739,EU,1
R01739,FT,1
R01739,PD,1
R01739,PK,1
R01739,PU,1
R01739,RU,1
R01739,SU,1
R01739,SW,1
R01739,WC,1
R01739,WU,1
R01740,LW,4
R01740,BB,3
R01740,BL,3
R01740,GW,3
R01740,HP,3
R01740,LA,3
R01740,LG,3
R01740,MW,3
R01740,PC,3
R01740,WR,3
R01740,LH,2
R01740,PG,2
R01740,PZ,2
R01740,RG,2
R01740,WE,2
R01740,WP,2
R01740,AW,1
R01740,BU,1
R01740,CB,1
R01740,CK,1
R01740,CY,1
R01740,MC,1
R01740,OC,1
R01740,RB,1
R01740,RE,1
R01740,RF,1
R01740,RH,1
R01740,RJ,1
R01740,RL,1
R01740,RM,1
R01740,RO,1
R01740,RP,1
R01740,RV,1
R01740,RW,1
R01740,RX,1
R01740,RY,1
R01740,SB,1
R01740,SE,1
R01740,SL,1
R01740,SN,1
R01740,SO,1
R01740,SP,1
R01740,SX,1
R01740,WB,1
R01740,WC,1
R01740,WD,1
R01740,WH,1
R01740,WI,1
R01740,WT,1
R01745,BR,1
R01745,CT,1
R01745,FL,1
R01745,FN,1
R01745,FV,1
R01745,NK,1
R01745,VL,1
R01750,BL,1
R01750,BW,1
R01750,CE,1
R01750,CS,1
R01750,CY,1
R01750,HP,1
R01750,LG,1
R01750,LH,1
R01750,LW,1
R01750,PB,1
R01750,PE,1
R01750,PH,1
R01750,PL,1
R01750,PM,1
R01750,PO,1
R01750,PP,1
R01750,PW,1
R01750,PX,1
R01750,PY,1
R01750,SL,1
R01750,SO,1
R01750,WB,1
R01750,WH,1
R01750,WO,1
R01750,WP,1
R01750,WR,1
R01750,WT,1
R01752,BU,2
R01752,EU,2
R01752,LE,2
R01752,PD,2
R01752,PU,2
R01752,RU,2
R01752,SW,2
R01752,WC,2
R01752,WU,2
R01752,WV,2
R01752,WW,2
R01752,WX,2
R01752,EF,1
R01752,SU,1
R01753,ED,1
R01753,EM,1
R01753,EY,1
R01753,GL,1
R01753,JL,1
R01753,LN,1
R01753,NG,1
R01753,NH,1
R01753,NS,1
R01753,NT,1
R01753,PS,1
R01753,SH,1
R01755,LB,1
R01755,LF,1
R01755,LP,1
R01755,SC,1
R01755,SD,1
R01755,VB,1
R01755,XB,1
R01755,XC,1
R01755,XE,1
R01760,BU,1
R01760,EF,1
R01760,EU,1
R01760,LE,1
R01760,PD,1
R01760,PU,1
R01760,RU,1
R01760,SU,1
R01760,SW,1
R01760,WC,1
R01760,WU,1
R01760,WV,1
R01760,WW,1
R01760,WX,1
R01761,AM,2
R01761,DW,2
R01761,GM,2
R01761,HD,2
R01761,HO,2
R01761,HV,2
R01761,MS,2
R01761,PR,2
R01761,PS,2
R01761,YL,2
R01761,BO,1
R01761,CM,1
R01761,CS,1
R01761,EO,1
R01761,KM,1
R01761,MG,1
R01761,MH,1
R01761,MK,1
R01761,MN,1
R01761,MR,1
R01761,MT,1
R01761,MW,1
R01761,MX,1
R01761,OC,1
R01761,PO,1
R01761,RO,1
R01761,SH,1
R01761,SO,1
R01764,AC,2
R01764,AM,2
R01764,AN,2
R01764,AS,2
R01764,EC,2
R01764,EE,2
R01764,ER,2
R01764,GU,2
R01764,HU,2
R01764,KE,2
R01764,KG,2
R01764,KP,2
R01764,KS,2
R01764,KY,2
R01764,LN,2
R01764,TE,2
R01764,TY,2
R01768,FV,5
R01768,FL,4
R01768,FN,4
R01768,NK,4
R01768,VL,4
R01768,DE,3
R01768,FA,3
R01768,OT,3
R01768,RA,3
R01768,VR,3
R01768,EL,2
R01768,BR,1
R01768,BU,1
R01768,CT,1
R01768,EU,1
R01768,FT,1
R01768,PD,1
R01768,PK,1
R01768,PU,1
R01768,RU,1
R01768,SU,1
R01768,SW,1
R01768,WC,1
R01768,WU,1
R01773,MC,3
R01773,OC,3
R01773,AW,2
R01773,CK,2
R01773,MP,2
R01773,OP,2
R01773,SE,2
R01773,SO,2
R01773,SX,2
R01773,AC,1
R01773,AM,1
R01773,AS,1
R01773,BE,1
R01773,BK,1
R01773,BM,1
R01773,BO,1
R01773,BS,1
R01773,BU,1
R01773,BX,1
R01773,CA,1
R01773,CB,1
R01773,CG,1
R01773,CL,1
R01773,CM,1
R01773,CS,1
R01773,CU,1
R01773,CY,1
R01773,EM,1
R01773,EO,1
R01773,EP,1
R01773,EW,1
R01773,EX,1
R01773,GM,1
R01773,HD,1
R01773,HG,1
R01773,HM,1
R01773,HO,1
R01773,HW,1
R01773,KH,1
R01773,KM,1
R01773,KN,1
R01773,LA,1
R01773,LM,1
R01773,LW,1
R01773,LY,1
R01773,MA,1
R01773,MG,1
R01773,MH,1
R01773,MJ,1
R01773,MK,1
R01773,MN,1
R01773,MR,1
R01773,MS,1
R01773,MT,1
R01773,MW,1
R01773,MX,1
R01773,NN,1
R01773,NO,1
R01773,NR,1
R01773,NW,1
R01773,NX,1
R01773,PE,1
R01773,PG,1
R01773,PJ,1
R01773,PM,1
R01773,PO,1
R01773,PP,1
R01773,PR,1
R01773,PS,1
R01773,PV,1
R01773,PX,1
R01773,RE,1
R01773,RM,1
R01773,RO,1
R01773,RP,1
R01773,RW,1
R01773,RX,1
R01773,SB,1
R01773,SK,1
R01773,SL,1
R01773,SN,1
R01773,SP,1
R01773,TM,1
R01773,TO,1
R01773,TP,1
R01773,WB,1
R01773,WC,1
R01773,WD,1
R01773,WH,1
R01773,WI,1
R01773,WS,1
R01773,WT,1
R01773,XH,1
R01773,YL,1
R01776,LB,1
R01776,LF,1
R01776,LP,1
R01776,SC,1
R01776,SD,1
R01776,VB,1
R01776,XB,1
R01776,XC,1
R01776,XE,1
R01777,BB,1
R01777,BL,1
R01777,GW,1
R01777,HP,1
R01777,LA,1
R01777,LG,1
R01777,LH,1
R01777,LW,1
R01777,MW,1
R01777,PC,1
R01777,PG,1
R01777,PZ,1
R01777,RG,1
R01777,WE,1
R01777,WP,1
R01777,WR,1
R01780,LB,2
R01780,VB,2
R01780,XB,2
R01780,XC,2
R01780,XE,2
R01780,LF,1
R01780,LP,1
R01780,SC,1
R01780,SD,1
R01784,CZ,1
R01784,GW,1
R01784,MP,1
R01784,OP,1
R01784,PB,1
R01784,PE,1
R01784,PH,1
R01784,PJ,1
R01784,PL,1
R01784,PM,1
R01784,PO,1
R01784,PP,1
R01784,PV,1
R01784,PW,1
R01784,PX,1
R01784,PY,1
R01784,SP,1
R01784,WR,1
R01790,AG,1
R01790,FW,1
R01790,GK,1
R01790,GO,1
R01790,SR,1
R01790,WN,1
R01791,PD,3
R01791,PU,3
R01791,SW,3
R01791,WV,3
R01791,BU,2
R01791,EF,2
R01791,EU,2
R01791,LE,2
R01791,RU,2
R01791,SU,2
R01791,WC,2
R01791,WU,2
R01791,WW,2
R01791,WX,2
R01791,DK,1
R01791,HE,1
R01792,AG,1
R01792,FW,1
R01792,GK,1
R01792,GO,1
R01792,SR,1
R01792,WN,1
R01803,BH,3
R01803,DW,3
R01803,HH,3
R01803,HO,3
R01803,PH,3
R01803,RH,3
R01803,WH,3
R01803,WK,3
R01803,YL,3
R01803,AH,2
R01803,DB,2
R01803,DS,2
R01803,DT,2
R01803,GD,2
R01803,GH,2
R01803,HD,2
R01803,HL,2
R01803,HU,2
R01803,NH,2
R01803,AM,1
R01803,BB,1
R01803,BY,1
R01803,CE,1
R01803,CY,1
R01803,DO,1
R01803,DY,1
R01803,EY,1
R01803,HA,1
R01803,HM,1
R01803,HT,1
R01803,HV,1
R01803,HY,1
R01803,JL,1
R01803,LY,1
R01803,MB,1
R01803,MM,1
R01803,MS,1
R01803,MW,1
R01803,MY,1
R01803,NB,1
R01803,NP,1
R01803,PL,1
R01803,PR,1
R01803,PS,1
R01803,PY,1
R01803,RL,1
R01803,RY,1
R01803,SH,1
R01803,SL,1
R01803,SY,1
R01803,TC,1
R01803,TP,1
R01803,WY,1
R01803,XL,1
R01803,YA,1
R01803,YG,1
R01803,YK,1
R01803,YM,1
R01804,DP,2
R01804,NP,2
R01804,BK,1
R01804,CK,1
R01804,CP,1
R01804,CU,1
R01804,DH,1
R01804,DW,1
R01804,EP,1
R01804,GP,1
R01804,JK,1
R01804,JP,1
R01804,KH,1
R01804,KM,1
R01804,KN,1
R01804,KW,1
R01804,MH,1
R01804,MP,1
R01804,NN,1
R01804,PP,1
R01804,RP,1
R01804,XP,1
R01808,AG,1
R01808,FW,1
R01808,GK,1
R01808,GO,1
R01808,SR,1
R01808,WN,1
R01820,BU,2
R01820,EF,2
R01820,EU,2
R01820,LE,2
R01820,PD,2
R01820,PU,2
R01820,RU,2
R01820,SU,2
R01820,SW,2
R01820,WC,2
R01820,WU,2
R01820,WV,2
R01820,WW,2
R01820,WX,2
R01823,AB,2
R01823,AC,2
R01823,AM,2
R01823,AN,2
R01823,AP,2
R01823,AS,2
R01823,EA,2
R01823,CO,1
R01824,AB,1
R01824,AC,1
R01824,AM,1
R01824,AN,1
R01824,AP,1
R01824,AS,1
R01824,EA,1
R01825,EU,1
R01825,LE,1
R01825,PZ,1
R01829,BB,2
R01829,BL,2
R01829,GW,2
R01829,HP,2
R01829,LA,2
R01829,LG,2
R01829,LH,2
R01829,LW,2
R01829,MW,2
R01829,PC,2
R01829,PG,2
R01829,PZ,2
R01829,RG,2
R01829,WE,2
R01829,WP,2
R01829,WR,2
R01834,BI,1
R01844,AG,1
R01844,FW,1
R01844,GK,1
R01844,GO,1
R01844,SR,1
R01844,WN,1
R01848,AM,2
R01848,DW,2
R01848,GM,2
R01848,HD,2
R01848,HO,2
R01848,HV,2
R01848,MS,2
R01848,PR,2
R01848,PS,2
R01848,YL,2
R01848,BO,1
R01848,CM,1
R01848,CS,1
R01848,EO,1
R01848,KM,1
R01848,MG,1
R01848,MH,1
R01848,MK,1
R01848,MN,1
R01848,MR,1
R01848,MT,1
R01848,MW,1
R01848,MX,1
R01848,OC,1
R01848,PO,1
R01848,RO,1
R01848,SH,1
R01848,SO,1
R01850,GR,1
R01850,TS,1
R01850,UP,1
R01854,BB,2
R01854,BL,2
R01854,BW,2
R01854,GW,2
R01854,LG,2
R01854,LW,2
R01854,MW,2
R01854,PC,2
R01854,RB,2
R01854,RE,2
R01854,RF,2
R01854,RH,2
R01854,RJ,2
R01854,RL,2
R01854,RM,2
R01854,RO,2
R01854,RP,2
R01854,RV,2
R01854,RW,2
R01854,RX,2
R01854,RY,2
R01854,SB,2
R01854,SN,2
R01854,WO,2
R01854,WP,2
R01854,WR,2
R01854,AW,1
R01854,CE,1
R01854,CZ,1
R01854,LA,1
R01854,MC,1
R01854,SP,1
R01855,BB,2
R01855,BL,2
R01855,BW,2
R01855,GW,2
R01855,LG,2
R01855,LW,2
R01855,MW,2
R01855,PC,2
R01855,RB,2
R01855,RE,2
R01855,RF,2
R01855,RH,2
R01855,RJ,2
R01855,RL,2
R01855,RM,2
R01855,RO,2
R01855,RP,2
R01855,RV,2
R01855,RW,2
R01855,RX,2
R01855,RY,2
R01855,SB,2
R01855,SN,2
R01855,WO,2
R01855,WP,2
R01855,WR,2
R01855,AW,1
R01855,CE,1
R01855,CZ,1
R01855,LA,1
R01855,MC,1
R01855,SP,1
R01857,BB,2
R01857,BL,2
R01857,BW,2
R01857,GW,2
R01857,LG,2
R01857,LW,2
R01857,MW,2
R01857,PC,2
R01857,RB,2
R01857,RE,2
R01857,RF,2
R01857,RH,2
R01857,RJ,2
R01857,RL,2
R01857,RM,2
R01857,RO,2
R01857,RP,2
R01857,RV,2
R01857,RW,2
R01857,RX,2
R01857,RY,2
R01857,SB,2
R01857,SN,2
R01857,WO,2
R01857,WP,2
R01857,WR,2
R01857,AW,1
R01857,CE,1
R01857,CZ,1
R01857,LA,1
R01857,MC,1
R01857,SP,1
R01861,BU,4
R01861,EU,4
R01861,LE,4
R01861,RU,4
R01861,SW,4
R01861,WC,4
R01861,WU,4
R01861,WW,4
R01861,PD,2
R01861,PU,2
R01861,WV,2
R01861,WX,2
R01861,EF,1
R01861,SU,1
R01862,GR,1
R01862,TS,1
R01862,UP,1
R01864,GR,1
R01864,TS,1
R01864,UP,1
R01865,FW,1
R01865,SR,1
R01865,WN,1
R01869,AC,1
R01869,AM,1
R01869,AN,1
R01869,AS,1
R01869,EC,1
R01869,EE,1
R01869,ER,1
R01869,GU,1
R01869,HU,1
R01869,KE,1
R01869,KG,1
R01869,KP,1
R01869,KS,1
R01869,KY,1
R01869,LN,1
R01869,TE,1
R01869,TY,1
R01869,WA,1
R01873,GA,1
R01873,IP,1
R01874,BJ,1
R01874,BV,1
R01874,CH,1
R01874,EJ,1
R01874,MJ,1
R01874,NJ,1
R01874,NV,1
R01874,PV,1
R01874,RJ,1
R01874,RV,1
R01875,AG,1
R01875,FW,1
R01875,GK,1
R01875,GO,1
R01875,SR,1
R01875,WN,1
R01876,AG,1
R01876,FW,1
R01876,GK,1
R01876,GO,1
R01876,SR,1
R01876,WN,1
R01877,LW,4
R01877,BB,3
R01877,BL,3
R01877,GW,3
R01877,HP,3
R01877,LA,3
R01877,LG,3
R01877,MW,3
R01877,PC,3
R01877,WR,3
R01877,LH,2
R01877,PG,2
R01877,PZ,2
R01877,RG,2
R01877,WE,2
R01877,WP,2
R01877,AW,1
R01877,BU,1
R01877,CB,1
R01877,CK,1
R01877,CY,1
R01877,MC,1
R01877,OC,1
R01877,RB,1
R01877,RE,1
R01877,RF,1
R01877,RH,1
R01877,RJ,1
R01877,RL,1
R01877,RM,1
R01877,RO,1
R01877,RP,1
R01877,RV,1
R01877,RW,1
R01877,RX,1
R01877,RY,1
R01877,SB,1
R01877,SE,1
R01877,SL,1
R01877,SN,1
R01877,SO,1
R01877,SP,1
R01877,SX,1
R01877,WB,1
R01877,WC,1
R01877,WD,1
R01877,WH,1
R01877,WI,1
R01877,WT,1
R01879,AG,1
R01879,FW,1
R01879,GK,1
R01879,GO,1
R01879,SR,1
R01879,WN,1
R01880,AG,1
R01880,FW,1
R01880,GK,1
R01880,GO,1
R01880,SR,1
R01880,WN,1
R01881,AB,2
R01881,AC,2
R01881,AM,2
R01881,AN,2
R01881,AP,2
R01881,AS,2
R01881,CO,2
R01881,EA,2
R01896,GR,1
R01896,TS,1
R01896,UP,1
R01898,LB,2
R01898,VB,2
R01898,XB,2
R01898,XC,2
R01898,XE,2
R01898,CW,1
R01898,LF,1
R01898,LP,1
R01898,SC,1
R01898,SD,1
R01902,BE,1
R01902,BK,1
R01902,BM,1
R01902,BS,1
R01902,BX,1
R01902,CG,1
R01902,CK,1
R01902,CM,1
R01902,CS,1
R01902,CU,1
R01902,DB,1
R01902,DW,1
R01902,EP,1
R01902,EW,1
R01902,EX,1
R01902,GM,1
R01902,HG,1
R01902,HM,1
R01902,JG,1
R01902,JO,1
R01902,KH,1
R01902,KM,1
R01902,KN,1
R01902,LM,1
R01902,LY,1
R01902,MA,1
R01902,MB,1
R01902,MC,1
R01902,MG,1
R01902,MH,1
R01902,MJ,1
R01902,MN,1
R01902,MP,1
R01902,MR,1
R01902,MS,1
R01902,MT,1
R01902,MW,1
R01902,MX,1
R01902,NN,1
R01902,NO,1
R01902,NR,1
R01902,NW,1
R01902,NX,1
R01902,PE,1
R01902,PG,1
R01902,PM,1
R01902,PP,1
R01902,PR,1
R01902,PS,1
R01902,PX,1
R01902,RE,1
R01902,RM,1
R01902,RP,1
R01902,RW,1
R01902,RX,1
R01902,SE,1
R01902,SX,1
R01902,TM,1
R01902,TP,1
R01902,WS,1
R01902,XH,1
R01904,AB,1
R01904,AC,1
R01904,AM,1
R01904,AN,1
R01904,AP,1
R01904,AS,1
R01904,CO,1
R01904,EA,1
R01905,LM,5
R01905,EJ,4
R01905,EO,4
R01905,EP,4
R01905,EV,4
R01905,EW,4
R01905,EX,4
R01905,LC,4
R01905,MA,4
R01905,TV,4
R01905,BE,3
R01905,ES,3
R01905,HG,3
R01905,PE,3
R01905,PG,3
R01905,RE,3
R01905,SE,3
R01905,SF,3
R01905,WS,3
R01905,BJ,2
R01905,BK,2
R01905,BM,2
R01905,BO,2
R01905,BS,2
R01905,BV,2
R01905,BX,2
R01905,CG,2
R01905,CK,2
R01905,CS,2
R01905,EB,2
R01905,KH,2
R01905,KN,2
R01905,MW,2
R01905,NJ,2
R01905,NV,2
R01905,NW,2
R01905,NX,2
R01905,PM,2
R01905,PO,2
R01905,PP,2
R01905,PX,2
R01905,RJ,2
R01905,RM,2
R01905,RO,2
R01905,RP,2
R01905,RV,2
R01905,RW,2
R01905,RX,2
R01905,SO,2
R01905,SX,2
R01905,TL,2
R01905,TM,2
R01905,TO,2
R01905,WM,2
R01905,XH,2
R01905,BB,1
R01905,BH,1
R01905,BY,1
R01905,CE,1
R01905,CM,1
R01905,CV,1
R01905,CY,1
R01905,DG,1
R01905,DL,1
R01905,DY,1
R01905,EM,1
R01905,EN,1
R01905,GB,1
R01905,GJ,1
R01905,GP,1
R01905,GV,1
R01905,GX,1
R01905,GY,1
R01905,HH,1
R01905,HY,1
R01905,MC,1
R01905,MG,1
R01905,NC,1
R01905,PH,1
R01905,PL,1
R01905,PY,1
R01905,RF,1
R01905,RH,1
R01905,RL,1
R01905,RY,1
R01905,SL,1
R01905,TC,1
R01905,WG,1
R01905,WH,1
R01905,XL,1
R01906,AB,1
R01906,AC,1
R01906,AM,1
R01906,AN,1
R01906,AP,1
R01906,AS,1
R01906,CO,1
R01906,EA,1
R01908,DB,1
R01908,GM,1
R01908,HM,1
R01908,MB,1
R01908,MK,1
R01908,MN,1
R01908,MR,1
R01908,MS,1
R01908,MT,1
R01908,TP,1
R01908,VK,1
R01908,VN,1
R01908,VT,1
R01913,BU,1
R01913,EU,1
R01913,PD,1
R01913,PU,1
R01913,SW,1
R01913,TW,1
R01913,WC,1
R01913,WU,1
R01913,WV,1
R01913,WX,1
R01914,AB,1
R01914,AC,1
R01914,AM,1
R01914,BG,1
R01914,BH,1
R01914,BP,1
R01914,BY,1
R01914,CN,1
R01914,CY,1
R01914,EM,1
R01914,EY,1
R01914,HH,1
R01914,HY,1
R01914,MI,1
R01914,MM,1
R01914,NM,1
R01914,PH,1
R01914,PL,1
R01914,PN,1
R01914,PR,1
R01914,PS,1
R01914,PY,1
R01914,RH,1
R01914,RL,1
R01914,RY,1
R01914,SL,1
R01914,SY,1
R01914,TC,1
R01914,WH,1
R01914,XL,1
R01932,AB,3
R01932,AC,3
R01932,AM,3
R01932,AN,3
R01932,AP,3
R01932,AS,3
R01932,EA,3
R01932,PI,2
R01936,AB,1
R01936,AC,1
R01936,AM,1
R01936,AN,1
R01936,AP,1
R01936,AS,1
R01936,CO,1
R01936,EA,1
R01937,AB,1
R01937,AC,1
R01937,AM,1
R01937,AN,1
R01937,AP,1
R01937,AS,1
R01937,CO,1
R01937,EA,1
R01939,LB,1
R01939,LF,1
R01939,LP,1
R01939,SC,1
R01939,SD,1
R01939,VB,1
R01939,XB,1
R01939,XC,1
R01939,XE,1
R01940,AB,2
R01940,AC,2
R01940,AM,2
R01940,BP,2
R01940,CN,2
R01940,EM,2
R01940,EY,2
R01940,MI,2
R01940,MM,2
R01940,MO,2
R01940,NM,2
R01940,PN,2
R01940,PR,2
R01940,PS,2
R01940,SY,2
R01940,TC,2
R01940,KP,1
R01940,KS,1
R01940,LN,1
R01943,BB,2
R01943,BL,2
R01943,GW,2
R01943,HP,2
R01943,LG,2
R01943,LW,2
R01943,MW,2
R01943,PC,2
R01943,WR,2
R01943,LA,1
R01943,LH,1
R01943,PG,1
R01943,PZ,1
R01943,RB,1
R01943,RE,1
R01943,RF,1
R01943,RG,1
R01943,RH,1
R01943,RJ,1
R01943,RL,1
R01943,RM,1
R01943,RO,1
R01943,RP,1
R01943,RV,1
R01943,RW,1
R01943,RX,1
R01943,RY,1
R01943,WE,1
R01943,WP,1
R01958,BB,2
R01958,BL,2
R01958,GW,2
R01958,HP,2
R01958,LA,2
R01958,LG,2
R01958,LH,2
R01958,LW,2
R01958,MW,2
R01958,PC,2
R01958,PG,2
R01958,PZ,2
R01958,RG,2
R01958,WE,2
R01958,WP,2
R01958,WR,2
R01968,AM,1
R01968,BB,1
R01968,BH,1
R01968,BY,1
R01968,CE,1
R01968,CY,1
R01968,DY,1
R01968,EY,1
R01968,HH,1
R01968,HO,1
R01968,HV,1
R01968,HY,1
R01968,MM,1
R01968,MW,1
R01968,NB,1
R01968,PH,1
R01968,PL,1
R01968,PR,1
R01968,PS,1
R01968,PY,1
R01968,RH,1
R01968,RL,1
R01968,RY,1
R01968,SH,1
R01968,SL,1
R01968,SY,1
R01968,TC,1
R01968,WH,1
R01968,WK,1
R01968,XL,1
R01968,YK,1
R01969,DE,1
R01969,FV,1
R01969,NK,1
R01969,RA,1
R01969,SV,1
R01971,CT,1
R01971,FB,1
R01971,FL,1
R01971,FN,1
R01971,HK,1
R01971,HS,1
R01971,KL,1
R01971,NK,1
R01972,AW,1
R01972,BU,1
R01972,CB,1
R01972,CK,1
R01972,CY,1
R01972,LA,1
R01972,LW,1
R01972,MC,1
R01972,OC,1
R01972,SB,1
R01972,SE,1
R01972,SL,1
R01972,SN,1
R01972,SO,1
R01972,SP,1
R01972,SX,1
R01972,WB,1
R01972,WC,1
R01972,WD,1
R01972,WH,1
R01972,WI,1
R01972,WT,1
R01973,AA,1
R01973,AL,1
R01973,AT,1
R01973,AY,1
R01973,BY,1
R01973,CY,1
R01973,DO,1
R01973,DS,1
R01973,DT,1
R01973,DY,1
R01973,EC,1
R01973,EY,1
R01973,GD,1
R01973,GG,1
R01973,GS,1
R01973,GT,1
R01973,HA,1
R01973,HT,1
R01973,HY,1
R01973,KG,1
R01973,KY,1
R01973,NG,1
R01973,NS,1
R01973,NT,1
R01973,PY,1
R01973,RY,1
R01973,TE,1
R01973,TY,1
R01973,YA,1
R01973,YG,1
R01973,YI,1
R01973,YM,1
R01974,DH,4
R01974,DP,4
R01974,NP,4
R01974,BK,2
R01974,CK,2
R01974,CP,2
R01974,CU,2
R01974,DW,2
R01974,EP,2
R01974,GP,2
R01974,JK,2
R01974,JP,2
R01974,KH,2
R01974,KM,2
R01974,KN,2
R01974,KW,2
R01974,PP,2
R01974,RP,2
R01974,XP,2
R01974,DB,1
R01974,MH,1
R01974,NN,1
R01974,PR,1
R01974,XV,1
R01974,XW,1
R01975,DE,1
R01975,FV,1
R01975,NK,1
R01975,RA,1
R01975,SV,1
R01976,CT,1
R01976,FB,1
R01976,FL,1
R01976,FN,1
R01976,HK,1
R01976,HS,1
R01976,KL,1
R01976,NK,1
R01978,BU,1
R01978,EF,1
R01978,EU,1
R01978,LE,1
R01978,PD,1
R01978,PU,1
R01978,RU,1
R01978,SU,1
R01978,SW,1
R01978,WC,1
R01978,WU,1
R01978,WV,1
R01978,WW,1
R01978,WX,1
R01980,LB,2
R01980,VB,2
R01980,XB,2
R01980,XC,2
R01980,XE,2
R01980,CW,1
R01980,LF,1
R01980,LP,1
R01980,SC,1
R01980,SD,1
R01981,BU,1
R01981,EU,1
R01981,PD,1
R01981,PU,1
R01981,SW,1
R01981,TW,1
R01981,WC,1
R01981,WU,1
R01981,WV,1
R01981,WX,1
R01996,CZ,1
R01996,GW,1
R01996,MP,1
R01996,OP,1
R01996,PB,1
R01996,PE,1
R01996,PH,1
R01996,PJ,1
R01996,PL,1
R01996,PM,1
R01996,PO,1
R01996,PP,1
R01996,PV,1
R01996,PW,1
R01996,PX,1
R01996,PY,1
R01996,SP,1
R01996,WR,1
R02009,AA,1
R02009,AL,1
R02009,AT,1
R02009,AY,1
R02009,BY,1
R02009,CY,1
R02009,DO,1
R02009,DS,1
R02009,DT,1
R02009,DY,1
R02009,EC,1
R02009,EY,1
R02009,GD,1
R02009,GG,1
R02009,GS,1
R02009,GT,1
R02009,HA,1
R02009,HT,1
R02009,HY,1
R02009,KG,1
R02009,KY,1
R02009,NG,1
R02009,NS,1
R02009,NT,1
R02009,PY,1
R02009,RY,1
R02009,TE,1
R02009,TY,1
R02009,YA,1
R02009,YG,1
R02009,YI,1
R02009,YM,1
R02012,AM,2
R02012,BB,2
R02012,BH,2
R02012,BY,2
R02012,CE,2
R02012,CY,2
R02012,DO,2
R02012,DW,2
R02012,DY,2
R02012,EY,2
R02012,HD,2
R02012,HH,2
R02012,HO,2
R02012,HY,2
R02012,MB,2
R02012,MM,2
R02012,MW,2
R02012,MY,2
R02012,NB,2
R02012,PH,2
R02012,PL,2
R02012,PR,2
R02012,PS,2
R02012,PY,2
R02012,RH,2
R02012,RL,2
R02012,RY,2
R02012,SH,2
R02012,SL,2
R02012,SY,2
R02012,TC,2
R02012,WH,2
R02012,WK,2
R02012,XL,2
R02012,YK,2
R02012,HV,1
R02012,JL,1
R02012,MS,1
R02012,YL,1
R02038,CT,1
R02038,FB,1
R02038,FL,1
R02038,FN,1
R02038,HK,1
R02038,HS,1
R02038,KL,1
R02038,NK,1
R02043,OV,1
R02044,DB,1
R02044,GM,1
R02044,HM,1
R02044,MB,1
R02044,MK,1
R02044,MN,1
R02044,MR,1
R02044,MS,1
R02044,MT,1
R02044,TP,1
R02044,VK,1
R02044,VN,1
R02044,VT,1
R02060,TS,1
R02060,UP,1
R02062,FW,1
R02062,SR,1
R02062,WN,1
R02065,AF,1
R02065,FH,1
R02065,RA,1
R02065,VB,1
R02066,DE,1
R02066,FV,1
R02066,NK,1
R02066,RA,1
R02066,SV,1
R02072,FA,1
R02072,FL,1
R02072,FN,1
R02072,FV,1
R02072,NK,1
R02072,OT,1
R02072,VL,1
R02072,VR,1
R02073,DE,1
R02073,FV,1
R02073,NK,1
R02073,RA,1
R02073,SV,1
R02080,AA,1
R02080,AT,1
R02080,DO,1
R02080,DS,1
R02080,DT,1
R02080,EC,1
R02080,GD,1
R02080,GG,1
R02080,GS,1
R02080,GT,1
R02080,HA,1
R02080,HT,1
R02080,HX,1
R02080,KG,1
R02080,MN,1
R02080,MT,1
R02080,NG,1
R02080,NS,1
R02080,NT,1
R02080,TE,1
R02080,TY,1
R02080,VN,1
R02080,VT,1
R02080,YA,1
R02080,YG,1
R02080,YI,1
R02080,YM,1
R02080,YN,1
R02080,YS,1
R02080,YT,1
R02081,BR,3
R02081,CT,3
R02081,FL,3
R02081,NK,3
R02081,FN,2
R02081,FV,2
R02081,VL,2
R02081,DE,1
R02081,FB,1
R02081,RA,1
R02081,SV,1
R02081,TU,1
R02086,EO,5
R02086,EP,5
R02086,EW,5
R02086,EX,5
R02086,LM,5
R02086,MA,5
R02086,EJ,4
R02086,EV,4
R02086,LC,4
R02086,TV,4
R02086,BE,3
R02086,BK,3
R02086,BM,3
R02086,BO,3
R02086,BS,3
R02086,BX,3
R02086,CK,3
R02086,CS,3
R02086,ES,3
R02086,HG,3
R02086,KH,3
R02086,KN,3
R02086,MW,3
R02086,NW,3
R02086,NX,3
R02086,PE,3
R02086,PG,3
R02086,PM,3
R02086,PO,3
R02086,PP,3
R02086,PX,3
R02086,RE,3
R02086,RM,3
R02086,RO,3
R02086,RP,3
R02086,RW,3
R02086,RX,3
R02086,SE,3
R02086,SF,3
R02086,SO,3
R02086,SX,3
R02086,TM,3
R02086,TO,3
R02086,WS,3
R02086,XH,3
R02086,BJ,2
R02086,BV,2
R02086,CG,2
R02086,CM,2
R02086,EB,2
R02086,EM,2
R02086,MC,2
R02086,NJ,2
R02086,NV,2
R02086,RJ,2
R02086,RV,2
R02086,TL,2
R02086,WM,2
R02086,AC,1
R02086,AM,1
R02086,AS,1
R02086,BB,1
R02086,BH,1
R02086,BY,1
R02086,CE,1
R02086,CL,1
R02086,CU,1
R02086,CV,1
R02086,CY,1
R02086,DG,1
R02086,DL,1
R02086,DY,1
R02086,EN,1
R02086,GM,1
R02086,HD,1
R02086,HH,1
R02086,HM,1
R02086,HO,1
R02086,HY,1
R02086,KM,1
R02086,LY,1
R02086,MG,1
R02086,MH,1
R02086,MJ,1
R02086,MK,1
R02086,MN,1
R02086,MP,1
R02086,MR,1
R02086,MS,1
R02086,MT,1
R02086,MX,1
R02086,NC,1
R02086,NN,1
R02086,NO,1
R02086,NR,1
R02086,OC,1
R02086,OP,1
R02086,PH,1
R02086,PL,1
R02086,PR,1
R02086,PS,1
R02086,PY,1
R02086,RF,1
R02086,RH,1
R02086,RL,1
R02086,RY,1
R02086,SK,1
R02086,SL,1
R02086,TP,1
R02086,WH,1
R02086,XL,1
R02086,YL,1
R02088,BK,1
R02088,CK,1
R02088,CP,1
R02088,CU,1
R02088,DB,1
R02088,DH,1
R02088,DP,1
R02088,DW,1
R02088,EP,1
R02088,GP,1
R02088,JK,1
R02088,JP,1
R02088,KH,1
R02088,KM,1
R02088,KN,1
R02088,KW,1
R02088,NP,1
R02088,PP,1
R02088,PR,1
R02088,RP,1
R02088,XP,1
R02088,XV,1
R02088,XW,1
R02090,LB,2
R02090,VB,2
R02090,XB,2
R02090,XC,2
R02090,XE,2
R02090,LF,1
R02090,LP,1
R02090,SC,1
R02090,SD,1
R02093,AF,1
R02093,FA,1
R02093,FC,1
R02093,FH,1
R02093,FO,1
R02093,FS,1
R02093,FT,1
R02093,FV,1
R02093,KL,1
R02093,RA,1
R02093,TU,1
R02093,VA,1
R02093,VH,1
R02093,VR,1
R02097,FW,1
R02097,SR,1
R02097,WN,1
R02102,WV,4
R02102,WX,4
R02102,BU,3
R02102,EU,3
R02102,PD,3
R02102,PU,3
R02102,SW,3
R02102,WC,3
R02102,WU,3
R02102,WW,2
R02102,GC,1
R02102,TW,1
R02103,LB,2
R02103,VB,2
R02103,XB,2
R02103,XC,2
R02103,XE,2
R02103,LF,1
R02103,LP,1
R02103,SC,1
R02103,SD,1
