pattern_id,service_count,station_count,origin,destination,stations
SP000001,118,27,WKI,WKI,WKI|HYK|MNR|MEO|MRT|LSW|BID|BKN|BKP|CNP|BKQ|LVJ|MRF|LVL|XLV|LVJ|BKQ|CNP|BKP|BKN|BID|LSW|MRT|MEO|MNR|HYK|WKI
SP000002,150,15,ORP,XVJ,ORP|PET|XPE|XLY|BKL|BMS|SRT|BKJ|KTH|PNE|SYH|WDU|HNH|BRX|XVJ
SP000003,144,21,XHZ,WCY,XHZ|XIC|DLJ|HGG|HOX|SDC|ZLW|SDE|WPE|ROE|ZCW|SQE|BCY|HPA|FOH|SYD|PNW|ANZ|NWD|XGU|WCY
SP000004,6,10,MYB,HWY,MYB|XNJ|WCX|SRU|WRU|DNM|GER|SRG|BCF|HWY
SP000005,120,19,NBN,NBN,NBN|WLG|WLV|BKN|BKP|CNP|BKQ|LVJ|MRF|LVL|XLV|LVJ|BKQ|CNP|BKP|BKN|WLV|WLG|NBN
SP000006,32,9,SHF,AWK,SHF|MHS|RMC|SWN|MEX|CNS|DON|BYK|AWK
SP000007,110,2,SLO,WNC,SLO|WNC
SP000008,172,9,KNT,ZEL,KNT|SOK|NWB|SBP|HDN|WJL|KNL|QPW|ZEL
SP000009,22,1,XSL,XSL,XSL
SP000010,140,10,SQE,DLJ,SQE|ZCW|ROE|WPE|SDE|ZLW|SDC|HOX|HGG|DLJ
SP000011,34,17,HUD,SHF,HUD|LCK|BBW|HOY|BHS|SSM|SPY|DBD|PNS|SLK|DOD|BNY|WOM|ELR|CLN|MHS|SHF
SP000012,31,16,OXF,MYB,OXF|OXP|BIT|XGY|XJV|HDM|PRR|SDR|HWY|BCF|GER|WRU|SRU|WCX|XNJ|MYB
SP000013,56,5,SSS,SIT,SSS|QBR|SWL|KML|SIT
SP000014,13,25,CHX,HGS,CHX|WAE|NWX|XPY|HGR|GRP|CIT|XPE|ORP|SEV|HLB|TON|HIB|TBW|FRT|WAD|SOG|ETC|RBR|BAT|CWU|WLD|XOP|SLQ|HGS
SP000015,12,7,SHF,DON,SHF|MHS|RMC|SWN|MEX|CNS|DON
SP000016,2,3,OXF,OXP,OXF|OXP|OXP
SP000017,159,6,SBP,ZEL,SBP|HDN|WJL|KNL|QPW|ZEL
SP000018,44,12,MYB,AVP,MYB|XNJ|HOH|RIC|CLW|CFO|AMR|GMN|WND|SKM|AYS|AVP
SP000019,6,17,XHZ,WWR,XHZ|XIC|DLJ|HGG|HOX|SDC|ZLW|SDE|WPE|ROE|ZCW|SQE|QRP|DMK|CLP|XVJ|WWR
SP000020,68,15,DFD,CHX,DFD|XRT|CRY|BXY|AYP|SID|NEH|MTG|LEE|HGR|XPY|LEW|NWX|WAE|CHX
SP000021,8,19,CHX,HGS,CHX|WAE|NWX|XPY|HGR|GRP|CIT|XPE|ORP|SEV|TON|HIB|TBW|WAD|RBR|BAT|XOP|SLQ|HGS
SP000022,2,3,OXP,OXF,OXP|OXP|OXF
SP000023,138,15,DLJ,WWR,DLJ|HGG|HOX|SDC|ZLW|SDE|WPE|ROE|ZCW|SQE|QRP|DMK|CLP|XVJ|WWR
SP000024,26,11,MYB,AYS,MYB|XNJ|HOH|RIC|CLW|CFO|AMR|GMN|WND|SKM|AYS
SP000025,138,15,WWR,DLJ,WWR|XVJ|CLP|DMK|QRP|SQE|ZCW|ROE|WPE|SDE|ZLW|SDC|HOX|HGG|DLJ
SP000026,28,4,BNE,MAI,BNE|COO|FZP|MAI
SP000027,2,21,CDF,BHM,CDF|NWP|STJ|CDT|CPW|LYD|GCR|CNM|ASC|XAY|WOS|DTW|HBY|KID|BKD|SBJ|ROW|SMW|XGJ|XOS|BHM
SP000028,4,16,BAK,DLJ,BAK|WWR|XVJ|CLP|DMK|QRP|SQE|ZCW|ROE|WPE|SDE|ZLW|SDC|HOX|HGG|DLJ
SP000029,24,5,MLW,MAI,MLW|BNE|COO|FZP|MAI
SP000030,56,5,SIT,SSS,SIT|KML|SWL|QBR|SSS
SP000031,2,20,CHX,HGS,CHX|WAE|NWX|XPY|HGR|GRP|CIT|XPE|ORP|SEV|TON|HIB|TBW|WAD|RBR|BAT|WLD|XOP|SLQ|HGS
SP000032,2,15,YRK,BDT,YRK|ULL|CHF|SIE|SBY|HOW|GBD|BUH|HUL|CGM|BEV|HUT|DRF|NFN|BDT
SP000033,6,10,BRI,WOS,BRI|FIT|BPW|YAE|CDU|GCR|CNM|ASC|XAY|WOS
SP000034,28,26,SSD,BHM,SSD|AUD|XSP|CMS|CBG|CMB|WBC|ELY|XYE|MNE|MCH|WLE|PBO|SMD|XMJ|OKM|MMO|LEI|HNK|NUN|XQW|CEH|WTO|XLX|XOZ|BHM
SP000035,31,16,MYB,OXF,MYB|XNJ|WCX|SRU|WRU|GER|BCF|HWY|SDR|PRR|HDM|XJV|XGY|BIT|OXP|OXF
SP000036,2,7,HNW,XCN,HNW|HNC|AIR|SHS|XJB|LVG|XCN
SP000037,14,5,SWI,WSB,SWI|CPM|MKM|TRO|WSB
SP000038,5,11,EXD,EXM,EXD|EXC|SJP|POL|DIG|NCO|TOP|EXN|LYC|LYM|EXM
SP000039,30,24,CHX,HGS,CHX|WAE|NWX|XPY|HGR|GRP|CIT|XPE|ORP|SEV|TON|HIB|TBW|FRT|WAD|SOG|ETC|RBR|BAT|CWU|WLD|XOP|SLQ|HGS
SP000040,1,18,OXF,MYB,OXF|OXP|ISP|BIT|XGY|XJV|HDM|PRR|SDR|HWY|SRG|GER|WRU|SRU|NLT|WCX|XNJ|MYB
SP000041,2,25,PAD,HFD,PAD|STL|SLO|MAI|TWY|RDG|GOR|OXF|HND|CBY|AUW|KGM|MIM|HYB|EVE|WPH|WOS|WOF|XHK|MVL|GMV|XMN|CWL|LED|HFD
SP000042,30,11,DEE,EDB,DEE|LEU|CUP|LDY|MNC|KDY|BTS|INK|EGY|HYM|EDB
SP000043,4,15,BAN,MYB,BAN|KGS|XAN|BCS|XJV|HDM|PRR|SDR|HWY|GER|WRU|SRU|WCX|XNJ|MYB
SP000044,2,20,PAD,WOF,PAD|STL|SLO|MAI|TWY|RDG|GOR|OXF|HND|CBY|AUW|SIP|KGM|MIM|HYB|EVE|PSH|WPH|WOS|WOF
SP000045,5,17,OXF,MYB,OXF|OXP|ISP|BIT|XGY|XJV|HDM|PRR|SDR|HWY|SRG|GER|WRU|SRU|WCX|XNJ|MYB
SP000046,6,11,RDC,BHM,RDC|ALV|BTG|LOB|NFD|KNN|BRV|SLY|UNI|FWY|BHM
SP000047,34,17,SHF,HUD,SHF|MHS|CLN|ELR|WOM|BNY|DOD|SLK|PNS|DBD|SPY|SSM|BHS|HOY|BBW|LCK|HUD
SP000048,17,22,PAD,GMV,PAD|STL|SLO|MAI|TWY|RDG|GOR|OXF|HND|CBY|AUW|KGM|MIM|HYB|EVE|PSH|WPH|WOS|WOF|XHK|MVL|GMV
SP000049,11,13,MYB,HWY,MYB|XNJ|WCX|SDH|NLT|SRU|WRU|DNM|DGC|GER|SRG|BCF|HWY
SP000050,4,15,LIF,BHM,LIF|LIC|SEN|BKT|BUL|FOK|SUT|WYL|CRD|ERD|GVH|AST|DUD|XOZ|BHM
SP000051,7,13,HWY,MYB,HWY|BCF|SRG|GER|DGC|DNM|WRU|SRU|NLT|SDH|WCX|XNJ|MYB
SP000052,2,17,TAU,CDF,TAU|BWT|HIG|WSM|WNM|WOR|YAT|NLS|PSN|BMT|BRI|FIT|PWY|PIL|STJ|NWP|CDF
SP000053,4,15,PMH,LIT,PMH|PMS|FTN|HLS|HAV|WBL|EMS|SOB|NUT|BOH|FSB|CCH|BAA|FOD|LIT
SP000054,10,20,HGS,CHX,HGS|SLQ|XOP|BAT|RBR|WAD|TBW|HIB|TON|HLB|SEV|ORP|XPE|CIT|GRP|HGR|XPY|NWX|WAE|CHX
SP000055,31,13,PTH,EDB,PTH|LDY|MNC|KDY|KGH|BTS|AUR|DAG|INK|EGY|SGL|HYM|EDB
SP000056,6,15,OXF,MYB,OXF|OXP|BIT|XGY|XJV|HDM|PRR|SDR|HWY|GER|WRU|SRU|WCX|XNJ|MYB
SP000057,42,24,HGS,CHX,HGS|SLQ|XOP|WLD|CWU|BAT|RBR|ETC|SOG|WAD|FRT|TBW|HIB|TON|SEV|ORP|XPE|CIT|GRP|HGR|XPY|NWX|WAE|CHX
SP000058,72,2,BOG,BAA,BOG|BAA
SP000059,4,30,MYB,SBJ,MYB|XNJ|WCX|SRU|WRU|GER|HWY|SDR|PRR|HDM|XJV|BCS|XAN|BAN|XFC|LMS|WRW|WRP|HTN|DDG|SOL|TYS|XOH|BMO|BSW|JEQ|SGB|SMW|ROW|SBJ
SP000060,34,13,EDB,PTH,EDB|HYM|SGL|EGY|INK|DAG|AUR|BTS|KGH|KDY|MNC|LDY|PTH
SP000061,26,24,MYB,BMO,MYB|XNJ|WCX|SRU|WRU|GER|HWY|SDR|PRR|HDM|XJV|BCS|XAN|BAN|XFC|LMS|WRW|WRP|HTN|DDG|SOL|TYS|XOH|BMO
SP000062,6,4,LIT,BOG,LIT|FOD|BAA|BOG
SP000063,2,20,HGS,CHX,HGS|SLQ|XOP|BAT|RBR|ETC|WAD|TBW|HIB|TON|SEV|ORP|XPE|CIT|GRP|HGR|XPY|NWX|WAE|CHX
SP000064,18,4,TWY,HOT,TWY|WGV|SHI|HOT
SP000065,1,10,BTN,EBN,BTN|FMR|LWS|XRH|GLY|BRK|PLG|XIL|HMD|EBN
SP000066,2,21,ORE,CHX,ORE|HGS|SLQ|XOP|BAT|RBR|ETC|WAD|TBW|HIB|TON|SEV|ORP|XPE|CIT|GRP|HGR|XPY|NWX|WAE|CHX
SP000067,9,25,BSW,MYB,BSW|BMO|XOH|TYS|SOL|DDG|HTN|WRP|WRW|LMS|XFC|BAN|XAN|BCS|XJV|HDM|PRR|SDR|HWY|GER|WRU|SRU|WCX|XNJ|MYB
SP000068,64,10,BIK,XSU,BIK|CYP|GIP|WNW|TUH|NDL|EDW|QRP|SBM|XSU
SP000069,4,11,WMN,BRI,WMN|DMH|WSB|TRO|BOA|AVF|FFD|BTH|OLF|KYN|BRI
SP000070,4,42,EUS,STG,EUS|XWI|WMB|HRW|WFJ|XOE|TRI|XOD|BLY|MKC|XHN|XWZ|RUG|NUN|XIM|XOI|XCO|STA|CRE|WSF|ACB|XYJ|WBQ|WGN|XOU|PRE|LAN|XOA|OXN|XIT|PNR|CAR|XGS|LOC|SDM|MTH|WFF|CBC|GRL|CUB|LBT|STG
SP000071,2,22,HGS,CHX,HGS|SLQ|XOP|WLD|CWU|BAT|RBR|ETC|WAD|TBW|HIB|TON|SEV|ORP|XPE|CIT|GRP|HGR|XPY|NWX|WAE|CHX
SP000072,14,5,WSB,SWI,WSB|TRO|MKM|CPM|SWI
SP000073,12,17,OXF,MYB,OXF|OXP|ISP|BIT|XGY|XJV|HDM|PRR|SDR|HWY|BCF|GER|WRU|SRU|WCX|XNJ|MYB
SP000074,10,27,BHI,LLJ,BHI|SCF|XOZ|BHM|XOS|XGJ|SAD|DDP|WVH|COS|XMD|TFC|WLN|XSY|SHR|GOB|CRK|RUA|WRX|CTR|SHT|FLN|PRT|RHL|AGL|CWB|LLJ
SP000075,12,18,MCV,SOP,MCV|SFD|SLD|KSL|FNW|MSS|BON|XLK|WHG|HIN|INC|WGW|GST|APB|PBL|BCB|MEC|SOP
SP000076,14,24,BHI,AYW,BHI|SCF|XOZ|BHM|XOS|XGJ|SAD|DDP|WVH|COS|XMD|TFC|WLN|XSY|SHR|WLP|NWT|CWS|MCN|DVY|BRH|BOW|LLB|AYW
SP000077,30,26,EUS,MAN,EUS|XWI|WMB|HRW|WFJ|XOE|TRI|XOD|BLY|MKC|XHN|XWZ|RUG|NUN|XIM|XOI|XCO|STA|CRE|SDB|CEL|ALD|WML|CHU|SPT|MAN
SP000078,6,8,MYB,WRU,MYB|XNJ|WCX|SUD|SDH|NLT|SRU|WRU
SP000079,1,23,MIA,CLE,MIA|HDG|MAN|SPT|HAZ|EDL|BAM|HSG|GRN|SHF|MHS|SWN|MEX|DON|KKS|HFS|CWE|SCU|BTB|HAB|SLL|GMB|CLE
SP000080,1,32,CLE,LIV,CLE|GMB|SLL|HAB|BTB|SCU|ALP|CWE|TNS|HFS|KKS|DON|MEX|RMC|MHS|SHF|DOR|GRN|BAM|EDL|HAZ|SPT|MAN|MCO|DGT|BWD|WAC|HGN|HNX|ALE|EDG|LIV
SP000081,3,9,MYB,HWY,MYB|XNJ|WCX|SRU|WRU|DNM|GER|BCF|HWY
SP000082,2,34,LIV,CLE,LIV|EDG|ALE|HNX|HGN|WAW|WAC|BWD|IRL|URM|DGT|MCO|MAN|SPT|HAZ|EDL|BAM|HSG|GRN|DOR|SHF|MHS|SWN|MEX|DON|KKS|HFS|CWE|SCU|BTB|HAB|SLL|GMB|CLE
SP000083,6,25,BDI,KGX,BDI|LMR|HFX|BGH|MIR|WKK|PFM|DON|RET|XNK|NNG|GRA|PBO|HUN|SDY|BIW|HIT|SVG|XGN|WGC|PBR|AAP|FPK|XKB|KGX
SP000084,2,3,WSB,SAL,WSB|WMN|SAL
SP000085,2,30,CLE,LIV,CLE|GMB|SLL|HAB|BTB|SCU|CWE|HFS|KKS|DON|MEX|SWN|MHS|SHF|DOR|GRN|BAM|EDL|HAZ|SPT|MAN|MCO|DGT|BWD|WAC|HGN|HNX|ALE|EDG|LIV
SP000086,2,32,LIV,CLE,LIV|EDG|ALE|HNX|HGN|WAW|WAC|BWD|IRL|DGT|MCO|MAN|SPT|HAZ|EDL|BAM|HSG|GRN|SHF|MHS|SWN|MEX|DON|KKS|HFS|CWE|SCU|BTB|HAB|SLL|GMB|CLE
SP000087,12,27,SUN,KGX,SUN|SEA|HPL|STK|EAG|YRM|NTR|THI|YRK|DON|RET|XNK|NNG|GRA|PBO|HUN|SDY|BIW|HIT|SVG|XGN|WGC|PBR|AAP|FPK|XKB|KGX
SP000088,4,25,MYB,BMO,MYB|XNJ|WCX|SRU|WRU|GER|HWY|SDR|PRR|HDM|XJV|BCS|XAN|KGS|BAN|XFC|LMS|WRW|WRP|HTN|DDG|SOL|TYS|XOH|BMO
SP000089,22,31,CLE,LIV,CLE|GMB|SLL|HAB|BTB|SCU|CWE|HFS|KKS|DON|MEX|SWN|MHS|SHF|GRN|BAM|EDL|HAZ|SPT|MAN|MCO|DGT|URM|IRL|BWD|WAC|HGN|HNX|ALE|EDG|LIV
SP000090,2,4,WSB,SAL,WSB|DMH|WMN|SAL
SP000091,2,31,LIV,CLE,LIV|EDG|ALE|HNX|HGN|WAW|WAC|BWD|DGT|MCO|MAN|SPT|HAZ|EDL|BAM|HSG|GRN|SHF|MHS|SWN|MEX|DON|KKS|HFS|CWE|SCU|BTB|HAB|SLL|GMB|CLE
SP000092,16,27,PWL,MCN,PWL|ABH|PNC|CCC|PTM|MFF|PRH|LLC|TAL|TYG|HRL|LDN|PES|LBR|DYF|TLB|LLA|BRM|MFA|FRB|LLW|TNF|TYW|AVY|PHG|DVY|MCN
SP000093,14,32,LIV,CLE,LIV|EDG|ALE|HNX|HGN|WAC|BWD|IRL|URM|DGT|MCO|MAN|SPT|HAZ|EDL|BAM|HSG|GRN|SHF|MHS|SWN|MEX|DON|KKS|HFS|CWE|SCU|BTB|HAB|SLL|GMB|CLE
SP000094,7,21,PAD,PLY,PAD|STL|SLO|MAI|TWY|RDG|THE|NBY|BDW|PEW|CLC|TAU|TVP|EXD|DWW|DWL|TGM|NTA|TOT|IVY|PLY
SP000095,12,21,SOP,MCV,SOP|MEC|BES|NLN|BCB|HSC|PBL|APB|GST|WGW|INC|HIN|WHG|XLK|BON|MSS|FNW|KSL|SLD|SFD|MCV
SP000096,8,34,PAD,PNZ,PAD|STL|SLO|MAI|TWY|RDG|THE|NBY|BDW|PEW|CLC|TAU|TVP|EXD|DWW|DWL|TGM|NTA|TOT|IVY|PLY|STS|SGM|LSK|BOD|LOS|PAR|SAU|TRU|RED|CBN|HYL|SER|PNZ
SP000097,22,19,WSM,SVB,WSM|WNM|WOR|YAT|NLS|PSN|BMT|BRI|LWH|SRD|MTP|RDA|CFN|SML|SHH|PRI|AVN|SAR|SVB
SP000098,15,15,BUX,MAN,BUX|DVH|CEF|WBR|FNV|NMN|DSL|MDL|HAZ|WSR|DVN|SPT|HTC|LVM|MAN
SP000099,10,33,PAD,PNZ,PAD|STL|SLO|MAI|TWY|RDG|THE|NBY|BDW|PEW|CLC|TAU|TVP|EXD|DWW|DWL|TGM|NTA|TOT|IVY|PLY|STS|SGM|LSK|BOD|LOS|PAR|SAU|TRU|RED|CBN|SER|PNZ
SP000100,32,24,BMO,MYB,BMO|XOH|TYS|SOL|DDG|HTN|WRP|WRW|LMS|XFC|BAN|XAN|BCS|XJV|HDM|PRR|SDR|HWY|GER|WRU|SRU|WCX|XNJ|MYB
SP000101,2,17,WSM,AVN,WSM|WNM|WOR|YAT|NLS|PSN|BMT|BRI|LWH|SRD|MTP|RDA|CFN|SML|SHH|PRI|AVN
SP000102,6,26,KGX,BDI,KGX|XKB|FPK|AAP|PBR|WGC|XGN|SVG|HIT|BIW|SDY|HUN|XHO|PBO|GRA|NNG|XNK|RET|DON|PFM|WKK|MIR|BGH|HFX|LMR|BDI
SP000103,14,18,SOP,MCV,SOP|MEC|BCB|PBL|APB|GST|WGW|INC|HIN|WHG|XLK|BON|MSS|FNW|KSL|SLD|SFD|MCV
SP000104,141,22,WCY,XHZ,WCY|XGU|NWD|ANZ|PNW|SYD|FOH|HPA|BCY|NXG|SQE|ZCW|ROE|WPE|SDE|ZLW|SDC|HOX|HGG|DLJ|XIC|XHZ
SP000105,67,11,PAD,DID,PAD|STL|SLO|MAI|TWY|RDG|TLH|PAN|GOR|CHO|DID
SP000106,21,9,PAD,NBY,PAD|STL|SLO|MAI|TWY|RDG|THE|THA|NBY
SP000107,12,28,KGX,SUN,KGX|XKB|FPK|AAP|PBR|WGC|XGN|SVG|HIT|BIW|SDY|HUN|XHO|PBO|GRA|NNG|XNK|RET|DON|YRK|THI|NTR|YRM|EAG|STK|HPL|SEA|SUN
SP000108,4,19,HGS,CHX,HGS|SLQ|XOP|BAT|RBR|WAD|TBW|HIB|TON|SEV|ORP|XPE|CIT|GRP|HGR|XPY|NWX|WAE|CHX
SP000109,4,30,CLE,LIV,CLE|GMB|SLL|HAB|BTB|SCU|CWE|HFS|KKS|DON|MEX|SWN|MHS|SHF|GRN|BAM|EDL|HAZ|SPT|MAN|MCO|DGT|BWD|WAC|WAW|HGN|HNX|ALE|EDG|LIV
SP000110,50,42,LUT,RAI,LUT|LTN|HPD|SAC|RDT|ELS|MIL|HEN|BCZ|CRI|WHP|KTN|SPL|ZFD|CTK|BFR|XMK|XKE|DEP|GNW|MZH|WCB|CTN|WWA|PLU|ABW|SGR|XRT|DFD|SCG|GNH|SWM|NFL|XSR|GRV|HGM|SOO|XRJ|RTR|CTM|GLM|RAI
SP000111,30,26,MAN,EUS,MAN|SPT|CHU|WML|ALD|CEL|SDB|CRE|STA|XCO|XOI|XIM|NUN|RUG|XWZ|XHN|MKC|BLY|XOD|TRI|XOE|WFJ|HRW|WMB|XWI|EUS
SP000112,32,15,HFX,HUL,HFX|BDI|NPD|BLE|LDS|CRG|GRF|EGF|MIK|SOM|SBY|HOW|GBD|BUH|HUL
SP000113,2,31,CLE,LIV,CLE|GMB|SLL|HAB|BTB|SCU|CWE|HFS|KKS|DON|MEX|SWN|MHS|SHF|GRN|BAM|EDL|HAZ|SPT|MAN|MCO|DGT|IRL|BWD|WAC|WAW|HGN|HNX|ALE|EDG|LIV
SP000114,1,11,HWY,MYB,HWY|BCF|SRG|GER|DGC|DNM|WRU|SRU|WCX|XNJ|MYB
SP000115,43,42,RAI,LUT,RAI|GLM|CTM|RTR|XRJ|SOO|HGM|GRV|XSR|NFL|SWM|GNH|SCG|DFD|XRT|SGR|ABW|PLU|WWA|CTN|WCB|MZH|GNW|DEP|XKE|XMK|BFR|CTK|ZFD|SPL|KTN|WHP|CRI|BCZ|HEN|MIL|ELS|RDT|SAC|HPD|LTN|LUT
SP000116,28,24,RHY,BGN,RHY|TIR|BGD|PGM|HNG|YSM|LNB|ABE|CPH|LVT|LLS|HHL|CDQ|CDF|GTN|CGN|EBK|DNS|CAD|BYD|BRY|RIA|LWM|BGN
SP000117,10,15,MYB,OXF,MYB|XNJ|WCX|SRU|WRU|GER|HWY|SDR|PRR|HDM|XJV|XGY|BIT|OXP|OXF
SP000118,30,8,CDF,CNM,CDF|NWP|STJ|CDT|CPW|LYD|GCR|CNM
SP000119,36,2,YMH,LYP,YMH|LYP
SP000120,3,17,OXF,MYB,OXF|OXP|BIT|XGY|XJV|HDM|PRR|SDR|HWY|BCF|GER|DNM|WRU|SRU|WCX|XNJ|MYB
SP000121,2,31,LIV,CLE,LIV|EDG|ALE|HNX|HGN|WAC|BWD|DGT|MCO|MAN|SPT|HAZ|EDL|BAM|HSG|GRN|DOR|SHF|MHS|SWN|MEX|DON|KKS|HFS|CWE|SCU|BTB|HAB|SLL|GMB|CLE
SP000122,30,15,HUL,HFX,HUL|BUH|GBD|HOW|SBY|SOM|MIK|EGF|GRF|CRG|LDS|BLE|NPD|BDI|HFX
SP000123,8,3,TON,TBW,TON|HIB|TBW
SP000124,15,25,MYB,BSW,MYB|XNJ|WCX|SRU|WRU|GER|HWY|SDR|PRR|HDM|XJV|BCS|XAN|BAN|XFC|LMS|WRW|WRP|HTN|DDG|SOL|TYS|XOH|BMO|BSW
SP000125,6,12,WGW,MCV,WGW|INC|HIN|WHG|XLK|BON|MSS|FNW|KSL|SLD|SFD|MCV
SP000126,2,32,LIV,CLE,LIV|EDG|ALE|HNX|HGN|WAW|WAC|BWD|DGT|MCO|MAN|SPT|HAZ|EDL|BAM|HSG|GRN|DOR|SHF|MHS|SWN|MEX|DON|KKS|HFS|CWE|SCU|BTB|HAB|SLL|GMB|CLE
SP000127,22,11,WOF,BRI,WOF|WOS|XAY|ASC|CNM|GCR|CDU|YAE|BPW|FIT|BRI
SP000128,2,33,LIV,CLE,LIV|EDG|ALE|HNX|HGN|WAC|BWD|IRL|URM|DGT|MCO|MAN|SPT|HAZ|EDL|BAM|HSG|GRN|DOR|SHF|MHS|SWN|MEX|DON|KKS|HFS|CWE|SCU|BTB|HAB|SLL|GMB|CLE
SP000129,2,20,PAD,WOF,PAD|STL|SLO|MAI|TWY|RDG|GOR|DID|OXF|HND|CBY|AUW|KGM|MIM|HYB|EVE|PSH|WPH|WOS|WOF
SP000130,36,2,LYP,YMH,LYP|YMH
SP000131,1,45,RAI,LUT,RAI|GLM|CTM|RTR|XRJ|SOO|HGM|GRV|XSR|NFL|SWM|GNH|SCG|DFD|XRT|SGR|ERH|BVD|ABW|PLU|WWA|WWD|CTN|WCB|MZH|GNW|DEP|XKE|XMK|BFR|CTK|ZFD|SPL|KTN|WHP|CRI|BCZ|HEN|MIL|ELS|RDT|SAC|HPD|LTN|LUT
SP000132,10,3,GIR,AYR,GIR|MAY|AYR
SP000133,2,35,LIV,CLE,LIV|EDG|ALE|HNX|HGN|WAC|BWD|IRL|URM|DGT|MCO|MAN|SPT|HAZ|EDL|BAM|HSG|GRN|DOR|SHF|MHS|SWN|MEX|DON|KKS|HFS|TNS|CWE|ALP|SCU|BTB|HAB|SLL|GMB|CLE
SP000134,22,23,DDG,WOF,DDG|WMR|SOL|OLT|ACG|TYS|XOH|BMO|BSW|JEQ|THW|SGB|SMW|ROW|CRA|SBJ|HAG|BKD|KID|HBY|DTW|WOS|WOF
SP000135,4,10,WOS,BRI,WOS|XAY|ASC|CNM|GCR|CDU|YAE|BPW|FIT|BRI
SP000136,2,11,LIV,OXN,LIV|EDG|ROB|HUY|SNH|WGN|XOU|PRE|LAN|XOA|OXN
SP000137,70,13,BAL,EGR,BAL|SRS|ECR|SCY|SNR|RDD|UWL|WOH|OXT|HUR|LFD|DMS|EGR
SP000138,3,32,WHP,RAI,WHP|KTN|SPL|ZFD|CTK|BFR|XMK|XKE|DEP|GNW|MZH|WCB|CTN|WWA|PLU|ABW|SGR|XRT|DFD|SCG|GNH|SWM|NFL|XSR|GRV|HGM|SOO|XRJ|RTR|CTM|GLM|RAI
SP000139,50,9,TRI,EUS,TRI|BKM|XOE|HML|WFJ|HRW|WMB|XWI|EUS
SP000140,13,19,YRK,KGX,YRK|DON|RET|XNK|NNG|GRA|PBO|HUN|SDY|BIW|HIT|SVG|XGN|WGC|PBR|AAP|FPK|XKB|KGX
SP000141,8,7,WRU,MYB,WRU|SRU|NLT|SDH|WCX|XNJ|MYB
SP000142,61,7,PCN,GLC,PCN|HKH|CKT|MPK|CKH|DUM|GLC
SP000143,70,13,EGR,BAL,EGR|DMS|LFD|HUR|OXT|WOH|UWL|RDD|SNR|SCY|ECR|SRS|BAL
SP000144,6,14,GLT,EDB,GLT|CDD|LCG|COW|DFL|DFE|ROS|INK|NQU|DAM|EGY|SGL|HYM|EDB
SP000145,2,7,MYB,WRU,MYB|XNJ|WCX|SUD|SDH|SRU|WRU
SP000146,28,16,GRK,GLC,GRK|FTM|GKW|GKC|CDY|BGS|PTG|WDL|LGB|BPT|PYJ|PYG|HLW|HLE|CDO|GLC
SP000147,2,19,GLC,LIV,GLC|CML|WSH|LOC|XGS|CAR|PNR|XIT|OXN|XOA|LAN|PRE|XOU|WGN|SNH|HUY|ROB|EDG|LIV
SP000148,30,13,CLH,MCV,CLH|WHE|LHO|RGW|BBN|DWN|ENT|BMC|HID|BON|SLD|SFD|MCV
SP000149,14,22,EDB,MIA,EDB|HYM|SLA|LOC|XGS|CAR|PNR|XIT|OXN|XOA|LAN|PRE|XOU|CRL|XLK|BON|SLD|DGT|MCO|MAN|HDG|MIA
SP000150,4,2,IBS,ULP,IBS|ULP
SP000151,62,20,WSL,WVH,WSL|BSC|TAB|HSD|XRA|PRY|WTT|AST|DUD|XOZ|BHM|XOS|SMR|XGJ|XGQ|SAD|DDP|TIP|CSY|WVH
SP000152,2,11,GLT,EDB,GLT|CDD|LCG|COW|DFL|DFE|ROS|INK|EGY|HYM|EDB
SP000153,66,11,DID,PAD,DID|CHO|GOR|PAN|TLH|RDG|TWY|MAI|SLO|STL|PAD
SP000154,1,21,HGS,CST,HGS|SLQ|XOP|BAT|RBR|ETC|WAD|TBW|HIB|TON|SEV|ORP|XPE|CIT|GRP|HGR|XPY|SAJ|NWX|XKE|CST
SP000155,10,36,HLC,EDB,HLC|CGD|CDR|DLR|DBC|DBE|DMR|SIN|DMY|DMC|WES|ANL|HYN|PTK|CHC|GQL|HST|BLG|CAY|SLS|GAR|EST|BAI|CBS|COA|ADR|DRU|CAC|BKR|ARM|BHG|LSN|UHA|EDP|HYM|EDB
SP000156,38,12,GLC,GLC,GLC|PLW|MAX|SHL|PWE|LGS|CCT|MFL|COI|QPK|PLE|GLC
SP000157,2,10,LAN,MIA,LAN|PRE|XOU|WGN|ECC|DGT|MCO|MAN|HDG|MIA
SP000158,2,10,NNG,PBO,NNG|CLM|SWD|HKM|LCN|MGM|RKT|SLR|SPA|PBO
SP000159,2,11,BBN,BPN,BBN|MLH|CYT|PLS|BMB|XLS|LOH|PRE|KKM|PFY|BPN
SP000160,36,13,SHF,LDS,SHF|MHS|RMC|SWN|BTD|GOE|THC|MRP|FZW|SNA|WKF|OUT|LDS
SP000161,2,11,OXN,LIV,OXN|XOA|LAN|PRE|XOU|WGN|SNH|HUY|ROB|EDG|LIV
SP000162,26,6,PBO,LCN,PBO|SPA|SLR|RKT|MGM|LCN
SP000163,4,19,GLC,LIV,GLC|MTH|SDM|LOC|XGS|CAR|PNR|XIT|OXN|XOA|LAN|PRE|XOU|WGN|SNH|HUY|ROB|EDG|LIV
SP000164,6,36,SAV,WOS,SAV|STY|WMC|WWW|HNL|DZY|WDE|TLK|EWD|WYT|WTE|SRL|YRD|HLG|SRI|TYS|XOH|SMA|BMO|BSW|JEQ|THW|SGB|SMW|LGG|ROW|OHL|CRA|LYE|SBJ|HAG|BKD|KID|HBY|DTW|WOS
SP000165,40,10,GLC,EKL,GLC|CMY|PWW|THB|GFN|CKS|BUS|THT|HMY|EKL
SP000166,28,6,LCN,PBO,LCN|MGM|RKT|SLR|SPA|PBO
SP000167,50,10,EKL,GLC,EKL|HMY|THT|BUS|CKS|GFN|THB|PWW|CMY|GLC
SP000168,6,15,MYB,BAN,MYB|XNJ|WCX|SRU|WRU|GER|HWY|SDR|PRR|HDM|XJV|BCS|XAN|KGS|BAN
SP000169,25,18,BPN,YRK,BPN|PFY|KKM|PRE|XLS|BBN|ACR|BYM|HBD|HFX|BDI|NPD|LDS|CRG|GRF|MIK|CHF|YRK
SP000170,2,26,HGS,CST,HGS|SLQ|XOP|WLD|CWU|BAT|RBR|ETC|SOG|WAD|FRT|TBW|HIB|TON|SEV|CLD|ORP|XPE|CIT|GRP|HGR|XPY|SAJ|NWX|XKE|CST
SP000171,26,9,EKL,GLC,EKL|HMY|BUS|CKS|GFN|THB|PWW|CMY|GLC
SP000172,10,22,GLC,MIA,GLC|MTH|SDM|LOC|XGS|CAR|PNR|XIT|OXN|XOA|LAN|PRE|XOU|CRL|XLK|BON|SLD|DGT|MCO|MAN|HDG|MIA
SP000173,22,18,YRK,BPN,YRK|CHF|MIK|GRF|CRG|LDS|NPD|BDI|HFX|HBD|BYM|ACR|BBN|XLS|PRE|KKM|PFY|BPN
SP000174,2,22,HGS,CST,HGS|SLQ|XOP|BAT|RBR|ETC|WAD|TBW|HIB|TON|SEV|CLD|ORP|XPE|CIT|GRP|HGR|XPY|SAJ|NWX|XKE|CST
SP000175,2,26,DDG,WOF,DDG|WMR|SOL|OLT|ACG|TYS|XOH|BMO|BSW|JEQ|THW|SGB|SMW|LGG|ROW|OHL|CRA|LYE|SBJ|HAG|BKD|KID|HBY|DTW|WOS|WOF
SP000176,1,17,DID,PAD,DID|CHO|GOR|PAN|TLH|RDG|TWY|MAI|TAP|BNM|SLO|HAY|STL|HAN|EAL|AML|PAD
SP000177,66,12,ORP,CST,ORP|PET|XPE|CIT|ESD|GRP|HGR|XPY|SAJ|NWX|XKE|CST
SP000178,35,13,LEV,EDB,LEV|CBX|KDY|KGH|BTS|AUR|DAG|INK|NQU|DAM|EGY|HYM|EDB
SP000179,2,11,BAN,PAD,BAN|XAN|HYD|OXF|GOR|RDG|TWY|MAI|SLO|STL|PAD
SP000180,4,22,CST,HGS,CST|XKE|NWX|SAJ|XPY|HGR|GRP|CIT|XPE|ORP|CLD|SEV|TON|HIB|TBW|WAD|ETC|RBR|BAT|XOP|SLQ|HGS
SP000181,14,26,SAV,WOF,SAV|STY|LPW|DDG|WMR|SOL|OLT|ACG|TYS|XOH|SMA|BMO|BSW|JEQ|THW|SGB|SMW|ROW|CRA|SBJ|HAG|BKD|KID|HBY|DTW|WOF
SP000182,38,11,NTN,GLC,NTN|KKH|BUI|CFF|KGP|LGS|PWE|SHL|MAX|PLW|GLC
SP000183,22,15,LET,KGX,LET|HIT|SVG|KBW|XGN|WLW|WGC|HAT|PBR|NBA|AAP|HGY|FPK|XKB|KGX
SP000184,6,26,PAD,HFD,PAD|STL|SLO|MAI|TWY|RDG|GOR|OXF|HND|CBY|AUW|KGM|MIM|HYB|EVE|PSH|WPH|WOS|WOF|XHK|MVL|GMV|XMN|CWL|LED|HFD
SP000185,2,26,CST,HGS,CST|XKE|NWX|SAJ|XPY|HGR|GRP|CIT|XPE|ORP|CLD|SEV|TON|HIB|TBW|FRT|WAD|SOG|ETC|RBR|BAT|CWU|WLD|XOP|SLQ|HGS
SP000186,36,11,GLC,NTN,GLC|PLW|MAX|SHL|PWE|LGS|KGP|CFF|BUI|KKH|NTN
SP000187,25,14,KGX,LET,KGX|XKB|FPK|AAP|NBA|PBR|HAT|WGC|WLW|XGN|KBW|SVG|HIT|LET
SP000188,2,17,BPN,YRK,BPN|PFY|KKM|PRE|XLS|BBN|ACR|BYM|HBD|HFX|BDI|NPD|LDS|CRG|MIK|CHF|YRK
SP000189,16,22,MIA,EDB,MIA|HDG|MAN|MCO|DGT|SLD|BON|XLK|CRL|XOU|PRE|LAN|XOA|OXN|XIT|PNR|CAR|XGS|LOC|SLA|HYM|EDB
SP000190,14,33,ORP,LUT,ORP|PET|XPE|XLY|BKL|BMS|SRT|RVB|BEC|BGM|CTF|CFT|NHD|PMR|DMK|LGJ|EPH|BFR|CTK|ZFD|SPL|KTN|WHP|CRI|BCZ|HEN|MIL|ELS|RDT|SAC|HPD|LTN|LUT
SP000191,62,17,MKC,EUS,MKC|BLY|LBZ|XOD|CED|TRI|BKM|XOE|HML|APS|KGL|WFJ|BSH|HRW|WMB|XWI|EUS
SP000192,4,19,LIV,GLC,LIV|EDG|ROB|HUY|SNH|WGN|XOU|PRE|LAN|XOA|OXN|XIT|PNR|CAR|XGS|LOC|SDM|MTH|GLC
SP000193,5,2,XCN,EDB,XCN|EDB
SP000194,6,12,MYB,HWY,MYB|XNJ|WCX|SDH|NLT|SRU|WRU|DNM|GER|SRG|BCF|HWY
SP000195,2,19,EUS,NMP,EUS|XWI|WMB|HRW|WFJ|KGL|APS|HML|XOE|BKM|TRI|CED|XOD|LBZ|BLY|MKC|WOL|XHN|NMP
SP000196,64,19,RDC,FOK,RDC|ALV|BTG|LOB|NFD|KNN|BRV|SLY|UNI|FWY|BHM|XOZ|AST|GVH|ERD|CRD|WYL|SUT|FOK
SP000197,6,19,YRK,BPN,YRK|CHF|MIK|GRF|CRG|LDS|NPD|BDI|HFX|SOW|HBD|BYM|ACR|BBN|XLS|PRE|KKM|PFY|BPN
SP000198,2,18,PAD,WOS,PAD|STL|SLO|MAI|TWY|RDG|GOR|OXF|HND|CBY|AUW|KGM|MIM|HYB|EVE|PSH|WPH|WOS
SP000199,1,26,MYB,BSW,MYB|XNJ|WCX|SRU|WRU|GER|HWY|SDR|PRR|HDM|XJV|BCS|XAN|BAN|XFC|LMS|WRW|WRP|HTN|LPW|DDG|SOL|TYS|XOH|BMO|BSW
SP000200,74,11,NEI,GLC,NEI|PTT|WCR|WLM|MUI|CCT|MFL|COI|QPK|PLE|GLC
SP000201,6,12,HWY,MYB,HWY|BCF|SRG|GER|DNM|WRU|SRU|NLT|SDH|WCX|XNJ|MYB
SP000202,74,11,GLC,NEI,GLC|PLE|QPK|COI|MFL|CCT|MUI|WLM|WCR|PTT|NEI
SP000203,2,7,XCN,HNW,XCN|XJB|SHS|MTH|AIR|HNC|HNW
SP000204,77,17,SRY,FST,SRY|TPB|SOE|SOC|WCF|CHW|LES|BEF|PSE|BSO|LAI|WHR|UPM|BKG|WEH|LHS|FST
SP000205,12,22,MIA,GLC,MIA|HDG|MAN|MCO|DGT|SLD|BON|XLK|CRL|XOU|PRE|LAN|XOA|OXN|XIT|PNR|CAR|XGS|LOC|SDM|MTH|GLC
SP000206,3,16,OXF,MYB,OXF|OXP|BIT|XGY|XJV|HDM|PRR|SDR|HWY|SRG|GER|WRU|SRU|WCX|XNJ|MYB
SP000207,2,12,HBD,YRK,HBD|MYT|SOW|HFX|BDI|NPD|LDS|CRG|GRF|MIK|CHF|YRK
SP000208,2,10,EDB,KIN,EDB|HYM|INK|BTS|KDY|LDY|DKD|BLA|DLW|KIN
SP000209,2,20,LIV,GLC,LIV|EDG|ROB|HUY|SNH|WGN|XOU|PRE|LAN|XOA|OXN|XIT|PNR|CAR|XGS|LOC|WSH|WFF|CML|GLC
SP000210,7,1,BDC,BDC,BDC
SP000211,12,7,AYW,BNG,AYW|MCN|DOG|TRW|PGR|CFS|BNG
SP000212,48,9,EUS,TRI,EUS|XWI|WMB|HRW|WFJ|HML|XOE|BKM|TRI
SP000213,19,24,MIA,BIF,MIA|HDG|GTY|MAN|MCO|DGT|SLD|BON|XLK|CRL|XOU|PRE|LAN|XOA|CNF|SVR|ARN|GOS|KBK|CAK|ULV|DLT|ROO|BIF
SP000214,2,4,DLW,DEE,DLW|PIT|DEE|DEE
SP000215,16,12,SRA,BIS,SRA|XTA|LEB|XMI|TOM|BMD|CHN|BXB|RYN|HWN|SAW|BIS
SP000216,2,6,GLQ,STG,GLQ|BBG|LNZ|CRO|LBT|STG
SP000217,4,9,GER,MYB,GER|WRU|SRU|NLT|SDH|SUD|WCX|XNJ|MYB
SP000218,2,5,DOG,BNG,DOG|TRW|PGR|CFS|BNG
SP000219,2,1,KYL,KYL,KYL
SP000220,1,5,OBN,OBN,OBN|CLO|TEE|CLO|OBN
SP000221,146,15,WFH,EUS,WFH|CPK|HTE|HDL|KNT|SOK|NWB|SBP|HDN|WJL|KNL|QPW|KBN|SOH|EUS
SP000222,134,12,SSD,LST,SSD|SST|BIS|HWN|BXB|CHN|BMD|TOM|XMI|HAC|BET|LST
SP000223,110,2,WNC,SLO,WNC|SLO
SP000224,36,10,GLC,NTN,GLC|PLE|QPK|COI|MFL|KGP|CFF|BUI|KKH|NTN
SP000225,2,2,KYL,CAG,KYL|CAG
SP000226,1,25,BMO,MYB,BMO|XOH|TYS|SOL|DDG|HTN|WRP|WRW|LMS|XFC|BAN|XAN|BCS|XJV|HDM|PRR|SDR|HWY|BCF|GER|WRU|SRU|WCX|XNJ|MYB
SP000227,8,16,MYB,OXF,MYB|XNJ|WCX|SRU|WRU|GER|SRG|HWY|SDR|PRR|HDM|XJV|XGY|BIT|OXP|OXF
SP000228,2,5,PNZ,SIV,PNZ|SER|LEL|CBB|SIV
SP000229,34,10,NTN,GLC,NTN|KKH|BUI|CFF|KGP|MFL|COI|QPK|PLE|GLC
SP000230,5,8,HWY,MYB,HWY|BCF|GER|WRU|SRU|WCX|XNJ|MYB
SP000231,1,23,NOT,NRW,NOT|BEE|ATB|XTR|XTG|EMD|LBO|MMO|OKM|XMJ|SMD|PBO|WLE|MCH|MNE|XYE|ELY|XYE|BND|TTF|ATL|WMD|NRW
SP000232,2,6,AYW,CFS,AYW|MCN|DOG|TRW|PGR|CFS
SP000233,22,4,SIV,SER,SIV|CBB|LEL|SER
SP000234,34,13,SHF,LDS,SHF|MHS|CLN|ELR|WOM|BNY|DRT|WKK|NOR|CFD|WDS|XES|LDS
SP000235,4,11,MYB,HWY,MYB|XNJ|WCX|NLT|SRU|WRU|DNM|DGC|GER|BCF|HWY
SP000236,2,6,CFS,AYW,CFS|PGR|TRW|DOG|MCN|AYW
SP000237,12,7,BNG,AYW,BNG|CFS|PGR|TRW|DOG|MCN|AYW
SP000238,2,5,SER,SIV,SER|LTS|LEL|CBB|SIV
SP000239,76,12,EDB,DBL,EDB|HYM|EDP|LIN|PMT|XGM|FKG|CMO|LBT|STG|BEA|DBL
SP000240,1,26,MYB,BSW,MYB|XNJ|WCX|NLT|SRU|WRU|GER|HWY|SDR|PRR|HDM|XJV|BCS|XAN|BAN|XFC|LMS|WRW|WRP|HTN|DDG|SOL|TYS|XOH|BMO|BSW
SP000241,4,19,MIA,WDM,MIA|HDG|GTY|MAN|MCO|DGT|SLD|BON|XLK|CRL|XOU|PRE|LAN|XOA|OXN|KEN|BUD|SVL|WDM
SP000242,34,15,LAR,GLC,LAR|FRL|WKB|ASB|SLT|STV|KWN|DLY|GLG|LHW|HOZ|MIN|JHN|PYG|GLC
SP000243,50,10,GLC,GRK,GLC|PYG|BPT|PTG|BGS|CDY|GKC|GKW|FTM|GRK
SP000244,2,5,PBO,LCN,PBO|SPA|RKT|MGM|LCN
SP000245,34,15,GLC,LAR,GLC|PYG|JHN|MIN|HOZ|LHW|GLG|DLY|KWN|STV|SLT|ASB|WKB|FRL|LAR
SP000246,10,4,DON,LCN,DON|GBL|SXY|LCN
SP000247,22,4,SER,SIV,SER|LEL|CBB|SIV
SP000248,6,10,MYB,HWY,MYB|XNJ|WCX|SRU|WRU|DNM|DGC|GER|BCF|HWY
SP000249,2,17,MIA,WDM,MIA|HDG|GTY|MAN|MCO|DGT|ECC|WGN|XOU|PRE|LAN|XOA|OXN|KEN|BUD|SVL|WDM
SP000250,74,12,DBL,EDB,DBL|BEA|STG|LBT|CMO|FKG|XGM|PMT|LIN|EDP|HYM|EDB
SP000251,2,35,MIA,CKL,MIA|HDG|GTY|MAN|MCO|DGT|ECC|WGN|XOU|PRE|LAN|XOA|CNF|SVR|ARN|GOS|KBK|CAK|ULV|DLT|ROO|BIF|ASK|KBF|FOX|GNR|MLM|SIC|BOC|RAV|DRI|SSC|SEL|SBS|CKL
SP000252,8,4,LCN,DON,LCN|SXY|GBL|DON
SP000253,63,10,TWB,EDB,TWB|GAL|SOI|GBG|NEG|EKB|SFI|NEW|BSU|EDB
SP000254,2,5,SIV,SER,SIV|CBB|LEL|LTS|SER
SP000255,2,5,BNG,DOG,BNG|CFS|PGR|TRW|DOG
SP000256,34,12,BDM,BLY,BDM|BSJ|KMH|SWR|MLB|LID|RID|APG|WOB|BWB|FEN|BLY
SP000257,20,4,SPB,IMW,SPB|KPA|WBP|IMW
SP000258,61,10,EDB,TWB,EDB|BSU|NEW|SFI|EKB|NEG|GBG|SOI|GAL|TWB
SP000259,30,3,SER,SIV,SER|CBB|SIV
SP000260,152,25,IMW,SRA,IMW|WBP|KPA|SPB|XMB|WJH|XKG|KNR|BSP|BSY|WHD|FNY|HDH|GPO|KTW|CMD|CIR|HII|XJC|CNN|DLK|HKC|HMN|HKW|SRA
SP000261,34,12,BLY,BDM,BLY|FEN|BWB|WOB|APG|RID|LID|MLB|SWR|KMH|BSJ|BDM
SP000262,14,6,EDB,BHG,EDB|HYM|EDP|UHA|LSN|BHG
SP000263,42,7,NBW,EDB,NBW|DRM|LND|PST|WAF|MUB|EDB
SP000264,34,7,EDB,NBW,EDB|MUB|WAF|PST|LND|DRM|NBW
SP000265,30,3,SIV,SER,SIV|CBB|SER
SP000266,8,24,EUS,WVH,EUS|XWI|WMB|HRW|WFJ|XOE|TRI|XOD|BLY|MKC|XHN|XWZ|RUG|COV|BKW|BHI|SCF|XOZ|BHM|XOS|XGJ|SAD|DDP|WVH
SP000267,2,21,EDB,GLC,EDB|HYM|SLA|KGE|WTA|CUH|KKN|LVG|WCL|ADW|FLD|XJB|SHS|HTW|CEA|CRF|HLY|BLH|UDD|CBL|GLC
SP000268,28,21,EDB,GLC,EDB|HYM|SLA|KGE|WTA|CUH|KKN|LVG|WCL|ADW|BRC|FLD|XJB|SHS|HTW|CEA|CRF|HLY|BLH|UDD|GLC
SP000269,30,21,GLC,EDB,GLC|UDD|BLH|HLY|CRF|CEA|HTW|SHS|XJB|FLD|BRC|ADW|WCL|LVG|KKN|CUH|WTA|KGE|SLA|HYM|EDB
SP000270,2,4,CNF,CNF,CNF|XOA|XOA|CNF
SP000271,2,18,CDF,FGH,CDF|PYC|BGN|PTA|NTH|SWA|GWN|LLE|PBY|KWL|FYS|XCI|CMN|WTL|CUW|CLR|FGW|FGH
SP000272,6,27,BHM,SSD,BHM|XOZ|XLX|WTO|CEH|XQW|NUN|HNK|NBR|LEI|MMO|OKM|XMJ|SMD|PBO|WLE|MCH|MNE|XYE|ELY|WBC|CMB|CBG|CMS|XSP|AUD|SSD
SP000273,2,13,GLM,DFD,GLM|CTM|RTR|XRJ|SOO|HGM|GRV|XSR|NFL|SWM|GNH|SCG|DFD
SP000274,6,8,HUL,LDS,HUL|BUH|GBD|HOW|SBY|MIK|CRG|LDS
SP000275,2,2,LEI,LBO,LEI|LBO
SP000276,12,9,WMS,GLC,WMS|INP|BCN|DFR|WNL|PTG|BPT|PYG|GLC
SP000277,28,4,AYW,CMN,AYW|AER|LTR|CMN
SP000278,2,5,LBO,LEI,LBO|BWS|SIL|SYS|LEI
SP000279,30,12,RCD,LDS,RCD|LTL|TOD|HBD|MYT|SOW|HFX|LMR|BDI|NPD|BLE|LDS
SP000280,3,8,GRA,NOT,GRA|BTF|ELO|ALK|BIN|RDF|NET|NOT
SP000281,2,13,BSN,NOT,BSN|HBB|HEC|SLR|RAU|ANC|GRA|BTF|ALK|BIN|RDF|NET|NOT
SP000282,2,17,SKG,NOT,SKG|HVN|WFL|TPC|BSN|HBB|SWE|HEC|SLR|RAU|ANC|GRA|BTF|ALK|BIN|RDF|NOT
SP000283,8,13,SKG,NOT,SKG|WFL|BSN|HBB|HEC|SLR|RAU|ANC|GRA|ALK|BIN|RDF|NOT
SP000284,4,3,AYW,CMN,AYW|AER|CMN
SP000285,12,14,SKG,NOT,SKG|WFL|BSN|HBB|HEC|SLR|RAU|ANC|GRA|BTF|ALK|BIN|RDF|NOT
SP000286,20,18,BAL,EBN,BAL|SRS|ECR|PUR|XJS|ELD|GTW|TBD|HHE|WVF|XKM|CBR|LWS|XRH|PLG|XIL|HMD|EBN
SP000287,2,3,AYW,CMN,AYW|LTR|CMN
SP000288,5,3,WCX,MYB,WCX|XNJ|MYB
SP000289,4,3,CMN,AYW,CMN|AER|AYW
SP000290,4,18,LWT,CBG,LWT|OUN|SYT|HAD|REE|CNY|BDA|XWH|NRW|WMD|ATL|TTF|BND|XYE|ELY|WBC|CMB|CBG
SP000291,28,4,CMN,AYW,CMN|LTR|AER|AYW
SP000292,2,15,SKG,NOT,SKG|WFL|BSN|HBB|SWE|HEC|SLR|RAU|ANC|GRA|BTF|ALK|BIN|RDF|NOT
SP000293,24,13,BPN,LIV,BPN|PFY|KKM|PRE|LEY|XOU|EBA|WGN|SNH|HUY|ROB|EDG|LIV
SP000294,2,16,SKG,NOT,SKG|HVN|WFL|TPC|BSN|HBB|HEC|SLR|RAU|ANC|GRA|BTF|ALK|BIN|RDF|NOT
SP000295,62,17,NRW,LST,NRW|DIS|SMK|IPS|MNG|COL|MKT|WTM|BPA|CHM|SNF|GDP|IFD|SRA|XOW|BET|LST
SP000296,2,14,SKG,NOT,SKG|WFL|BSN|HBB|HEC|SLR|RAU|ANC|GRA|ALK|BIN|RDF|NET|NOT
SP000297,2,10,MYB,HWY,MYB|XNJ|WCX|NLT|SRU|WRU|DNM|GER|BCF|HWY
SP000298,3,10,MYB,PRR,MYB|XNJ|WCX|SRU|WRU|DNM|GER|HWY|SDR|PRR
SP000299,2,16,BPN,LIV,BPN|PFY|KKM|PRE|LEY|XOU|EBA|WGN|GSW|SNH|PSC|HUY|ROB|BGE|EDG|LIV
SP000300,34,7,NRW,GYM,NRW|XWH|BGA|BDA|LGD|ACL|GYM
SP000301,2,14,BPN,LIV,BPN|PFY|KKM|PRE|LEY|XOU|EBA|WGN|SNH|HUY|ROB|BGE|EDG|LIV
SP000302,1,9,PRR,MYB,PRR|SDR|HWY|GER|WRU|SRU|WCX|XNJ|MYB
SP000303,2,12,SKG,NOT,SKG|WFL|BSN|HBB|HEC|SLR|RAU|ANC|ALK|BIN|RDF|NOT
SP000304,2,9,CMR,NRW,CMR|RNR|GNT|NWA|WRT|HXM|SAH|XWH|NRW
SP000305,1,7,MYB,GER,MYB|XNJ|WCX|SRU|WRU|DNM|GER
SP000306,8,3,OKE,XAZ,OKE|LAA|XAZ
SP000307,72,13,HYS,CHX,HYS|WWI|EDN|ELE|CLK|NBC|LSY|CFB|LAD|XPY|NWX|WAE|CHX
SP000308,2,6,WGN,LIV,WGN|SNH|HUY|ROB|EDG|LIV
SP000309,26,11,LEI,NOT,LEI|SYS|SIL|BWS|LBO|EMD|XTG|XTR|ATB|BEE|NOT
SP000310,74,18,CHN,LST,CHN|TEO|TUR|SBU|XSG|EDR|SLV|WHL|BCV|SVS|SMH|SKW|REC|HAC|LOF|CBH|BET|LST
SP000311,1,14,MYB,AYS,MYB|XNJ|WCX|NLT|SRU|WRU|DNM|GER|BCF|HWY|SDR|PRR|LTK|AYS
SP000312,31,11,NOT,LEI,NOT|BEE|ATB|XTR|XTG|EMD|LBO|BWS|SIL|SYS|LEI
SP000313,1,17,MYB,OXF,MYB|XNJ|WCX|SRU|WRU|DNM|GER|BCF|HWY|SDR|PRR|HDM|XJV|XGY|BIT|OXP|OXF
SP000314,2,3,BSN,SKG,BSN|WFL|SKG
SP000315,1,23,PBO,KGX,PBO|HUN|SNO|SDY|BIW|ARL|HIT|SVG|KBW|XGN|WGC|HAT|BPK|PBR|HDW|NBA|OKL|NSG|AAP|HGY|FPK|XKB|KGX
SP000316,10,14,NOT,SKG,NOT|RDF|BIN|ALK|BTF|GRA|ANC|RAU|SLR|HEC|HBB|BSN|WFL|SKG
SP000317,8,3,XAZ,OKE,XAZ|LAA|OKE
SP000318,4,13,NOT,SKG,NOT|RDF|BIN|ALK|GRA|ANC|RAU|SLR|HEC|HBB|BSN|WFL|SKG
SP000319,6,25,AFK,XVJ,AFK|CHG|LEN|HRM|HBN|BSD|MDE|BMG|EML|WMA|BRG|KMS|XOT|OTF|SAY|SMY|XMU|XLY|BMS|SRT|RVB|BGM|NHD|DMK|XVJ
SP000320,2,15,NOT,SKG,NOT|RDF|BIN|ALK|BTF|GRA|ANC|RAU|SLR|HEC|SWE|HBB|BSN|WFL|SKG
SP000321,2,17,NOT,SKG,NOT|NET|RDF|BIN|ALK|BTF|GRA|ANC|RAU|SLR|HEC|HBB|BSN|TPC|WFL|HVN|SKG
SP000322,2,3,CMN,AYW,CMN|LTR|AYW
SP000323,2,16,NOT,SKG,NOT|NET|RDF|BIN|ALK|ELO|BTF|GRA|ANC|RAU|SLR|HEC|HBB|BSN|WFL|SKG
SP000324,150,6,ZEL,SBP,ZEL|QPW|KNL|WJL|HDN|SBP
SP000325,14,2,OKE,XCV,OKE|XCV
SP000326,3,10,PAD,DID,PAD|STL|SLO|MAI|TWY|RDG|TLH|GOR|CHO|DID
SP000327,2,15,NOT,SKG,NOT|NET|RDF|BIN|ALK|BTF|GRA|ANC|RAU|SLR|HEC|HBB|BSN|WFL|SKG
SP000328,1,23,MYB,BMO,MYB|XNJ|WCX|SRU|WRU|GER|HWY|SDR|PRR|HDM|XJV|BCS|XAN|BAN|XFC|LMS|WRP|HTN|DDG|SOL|TYS|XOH|BMO
SP000329,2,13,NOT,BSN,NOT|NET|RDF|BIN|ALK|BTF|GRA|ANC|RAU|SLR|HEC|HBB|BSN
SP000330,2,12,NOT,BSN,NOT|RDF|BIN|ALK|BTF|GRA|ANC|RAU|SLR|HEC|HBB|BSN
SP000331,1,16,BAN,MYB,BAN|XAN|BCS|XJV|HDM|PRR|SDR|HWY|GER|DGC|DNM|WRU|SRU|WCX|XNJ|MYB
SP000332,2,3,AYW,DOG,AYW|MCN|DOG
SP000333,2,10,SHF,HUL,SHF|MHS|SWN|MEX|DON|SBY|HOW|GBD|BUH|HUL
SP000334,4,11,ORP,CHX,ORP|PET|XPE|CIT|ESD|GRP|HGR|XPY|NWX|WAE|CHX
SP000335,2,3,BNG,PGR,BNG|CFS|PGR
SP000336,2,3,PGR,BNG,PGR|CFS|BNG
SP000337,44,14,CHX,TBW,CHX|WAE|NWX|XPY|HGR|GRP|CIT|XPE|ORP|SEV|HLB|TON|HIB|TBW
SP000338,2,13,RCD,LDS,RCD|SMB|LTL|WDN|TOD|HBD|SOW|HFX|LMR|BDI|NPD|BLE|LDS
SP000339,2,3,DOG,AYW,DOG|MCN|AYW
SP000340,2,18,RDG,GTW,RDG|EAR|WKM|BAW|NCM|ASH|GLD|SFR|CHL|GOM|DKT|DPD|REI|RDH|ELD|SAF|HOR|GTW
SP000341,24,3,BEO,NTH,BEO|YST|NTH
SP000342,50,8,ANL,GLQ,ANL|KVD|MYH|SUM|GSC|PPK|ASF|GLQ
SP000343,147,15,EUS,WFH,EUS|SOH|KBN|QPW|KNL|WJL|HDN|SBP|NWB|SOK|KNT|HDL|HTE|CPK|WFH
SP000344,14,2,XCV,OKE,XCV|OKE
SP000345,1,43,WSW,ORE,WSW|BAL|SRC|NRB|TTH|SRS|ECR|SCY|PUO|PUR|XJS|RDH|ELD|SAF|HOR|GTW|TBD|BAB|HHE|WVF|XKM|PMP|CBR|LWS|XRH|GLY|BRK|PLG|XIL|HMD|EBN|HMD|XIL|PEV|PEB|NSB|COB|CLL|BEX|XOP|SLQ|HGS|ORE
SP000346,54,24,LIT,BAL,LIT|XXA|ANG|GBS|DUR|WWO|WRH|LAC|SSE|PLD|HOV|PRP|HSK|BUG|XKM|HHE|TBD|GTW|ELD|XJS|PUR|ECR|SRS|BAL
SP000347,2,29,SAV,WOF,SAV|STY|LPW|DDG|WMR|SOL|OLT|ACG|TYS|XOH|SMA|BMO|BSW|JEQ|THW|SGB|SMW|LGG|ROW|OHL|CRA|LYE|SBJ|HAG|BKD|KID|HBY|DTW|WOF
SP000348,69,14,EPS,XSU,EPS|EWE|CHE|SUO|CSB|WLT|WDO|WCY|XGU|NWD|SYD|NXG|XLJ|XSU
SP000349,2,15,CHX,TBW,CHX|WAE|NWX|XPY|HGR|GRP|CIT|XPE|ORP|CLD|SEV|HLB|TON|HIB|TBW
SP000350,69,13,CAT,XSU,CAT|WHS|WHY|KLY|PUR|PUO|SCY|ECR|NWD|SYD|NXG|XLJ|XSU
SP000351,28,13,BAK,SUO,BAK|WSW|BAL|SRC|NRB|TTH|SRS|XGU|WCY|WDO|WLT|CSB|SUO
SP000352,68,14,BAK,XSU,BAK|WSW|BAL|SRH|WNW|GIP|CYP|SYD|FOH|HPA|BCY|NXG|XLJ|XSU
SP000353,4,2,BEO,YST,BEO|YST
SP000354,22,3,NTH,BEO,NTH|YST|BEO
SP000355,4,29,SAV,WOF,SAV|STY|WMC|BER|CLV|LPW|DDG|WMR|SOL|OLT|ACG|TYS|XOH|SMA|BMO|BSW|JEQ|THW|SGB|SMW|ROW|CRA|SBJ|HAG|BKD|KID|HBY|DTW|WOF
SP000356,50,8,GLQ,ANL,GLQ|ASF|PPK|GSC|SUM|MYH|KVD|ANL
SP000357,63,20,BOG,BAL,BOG|BAA|FOD|XXA|ARU|AMY|PUL|BIG|CHH|HRH|LVN|CRW|TBD|GTW|ELD|XJS|PUR|ECR|SRS|BAL
SP000358,18,7,BBN,RCD,BBN|ACR|RSG|BYM|TOD|LTL|RCD
SP000359,4,2,NTH,YST,NTH|YST
SP000360,12,5,HNY,SGQ,HNY|SOT|WEO|BPL|SGQ
SP000361,158,24,SRA,KWG,SRA|HKW|HMN|HKC|DLK|CNN|XJC|HII|CIR|CMD|KTW|GPO|HDH|FNY|WHD|BSY|BSP|KNR|XKG|WJH|ACC|SAT|GUN|KWG
SP000362,1,9,XSU,OXT,XSU|XLJ|NXG|SYD|NWD|ECR|SCY|SNR|OXT
SP000363,42,14,TBW,CHX,TBW|HIB|TON|HLB|SEV|ORP|XPE|CIT|GRP|HGR|XPY|NWX|WAE|CHX
SP000364,4,19,PAD,WOF,PAD|STL|SLO|MAI|TWY|RDG|GOR|OXF|HND|CBY|AUW|KGM|MIM|HYB|EVE|PSH|WPH|WOS|WOF
SP000365,2,2,BYC,CEN,BYC|CEN
SP000366,4,13,RAM,AFK,RAM|XMF|SDW|DEA|WAM|MTM|XUK|DVP|FKE|FKC|FKW|XSI|AFK
SP000367,10,4,BNG,CEN,BNG|CAP|BYC|CEN
SP000368,4,5,KWG,WJH,KWG|GUN|SAT|ACC|WJH
SP000369,1,11,EXC,BNP,EXC|EXD|CDI|YEO|COP|MRD|LAP|EGG|KGN|UMB|BNP
SP000370,36,13,LDS,SHF,LDS|OUT|WKF|SNA|FZW|MRP|THC|GOE|BTD|SWN|RMC|MHS|SHF
SP000371,64,3,RMF,XUP,RMF|EMP|XUP
SP000372,1,10,HHE,EBN,HHE|WVF|XKM|CBR|LWS|XRH|PLG|XIL|HMD|EBN
SP000373,64,3,XUP,RMF,XUP|EMP|RMF
SP000374,2,8,BNP,EXD,BNP|UMB|EGG|COP|YEO|CDI|NTC|EXD
SP000375,1,23,BAL,BTN,BAL|SRC|NRB|TTH|SRS|ECR|SCY|PUO|PUR|XJS|ELD|SAF|HOR|GTW|TBD|BAB|HHE|WVF|XKM|BUG|HSK|PRP|BTN
SP000376,5,15,TBW,CHX,TBW|HIB|TON|HLB|SEV|CLD|ORP|XPE|CIT|GRP|HGR|XPY|NWX|WAE|CHX
SP000377,2,21,RHY,PEN,RHY|PLT|TIR|BHD|BGD|GFF|PGM|HNG|YSM|LNB|ECP|ABE|CPH|LVT|LLS|HHL|CDQ|CDF|GTN|DGL|PEN
SP000378,2,37,LIT,WSW,LIT|XXA|ANG|GBS|DUR|WWO|WRH|EWR|LAC|SSE|SWK|FSG|PLD|AGT|HOV|PRP|HSK|BUG|XKM|WVF|HHE|BAB|TBD|GTW|SAF|ELD|XJS|PUR|PUO|SCY|ECR|SRS|TTH|NRB|SRC|BAL|WSW
SP000379,10,4,PEN,CDF,PEN|DGL|GTN|CDF
SP000380,4,2,FRO,WSB,FRO|WSB
SP000381,2,3,BNG,BYC,BNG|CAP|BYC
SP000382,64,13,WGN,LIV,WGN|BYN|GSW|SNH|THH|ECL|PSC|HUY|ROB|BGE|WAV|EDG|LIV
SP000383,57,13,BTN,BAL,BTN|PRP|BUG|XKM|HHE|TBD|GTW|ELD|XJS|PUR|ECR|SRS|BAL
SP000384,12,4,CEN,BNG,CEN|BYC|CAP|BNG
SP000385,24,5,MAI,MLW,MAI|FZP|COO|BNE|MLW
SP000386,26,11,RCD,LDS,RCD|SMB|LTL|WDN|TOD|HBD|HFX|BDI|NPD|BLE|LDS
SP000387,28,2,MLW,BNE,MLW|BNE
SP000388,6,5,AYR,STR,AYR|MAY|GIR|BRL|STR
SP000389,28,4,MAI,BNE,MAI|FZP|COO|BNE
SP000390,20,7,RCD,BBN,RCD|LTL|TOD|BYM|RSG|ACR|BBN
SP000391,2,24,RHY,BYI,RHY|TIR|BGD|GFF|PGM|HNG|YSM|LNB|ECP|ABE|CPH|LVT|LLS|HHL|CDQ|CDF|GTN|CGN|EBK|DNS|CAD|BYD|BRY|BYI
SP000392,28,26,EUS,LIV,EUS|XWI|WMB|HRW|WFJ|XOE|TRI|XOD|BLY|MKC|XHN|XWZ|RUG|NUN|XIM|XOI|XCO|STA|CRE|WSF|ACB|XYJ|RUN|ALE|EDG|LIV
SP000393,28,2,BNE,MLW,BNE|MLW
SP000394,5,20,MST,EBB,MST|MEW|GMG|TDU|SRR|WMI|BGN|PCD|LLR|PYC|CDF|NWP|PYE|ROR|RCA|CKY|NBE|LTH|EBV|EBB
SP000395,20,2,PTM,BFF,PTM|BFF
SP000396,67,10,REI,BAL,REI|RDH|MHM|CDS|XJS|PUR|SCY|ECR|SRS|BAL
SP000397,59,25,MAN,EUS,MAN|SPT|CHU|MAC|CNG|KDG|SOT|SNE|XCO|XOI|XIM|NUN|RUG|XWZ|XHN|MKC|BLY|XOD|TRI|XOE|WFJ|HRW|WMB|XWI|EUS
SP000398,63,25,EUS,MAN,EUS|XWI|WMB|HRW|WFJ|XOE|TRI|XOD|BLY|MKC|XHN|XWZ|RUG|NUN|XIM|XOI|XCO|SNE|SOT|KDG|CNG|MAC|CHU|SPT|MAN
SP000399,36,11,LDS,RCD,LDS|BLE|NPD|BDI|HFX|HBD|TOD|WDN|LTL|SMB|RCD
SP000400,10,4,CFS,BFF,CFS|PGR|PTM|BFF
SP000401,46,19,EUS,BHM,EUS|XWI|WMB|HRW|WFJ|XOE|TRI|XOD|BLY|MKC|XHN|XWZ|RUG|COV|BKW|BHI|SCF|XOZ|BHM
SP000402,50,19,BHM,EUS,BHM|XOZ|SCF|BHI|BKW|COV|RUG|XWZ|XHN|MKC|BLY|XOD|TRI|XOE|WFJ|HRW|WMB|XWI|EUS
SP000403,2,23,GLQ,OBN,GLQ|SPR|BLG|GQL|SCH|GRS|YOK|CYK|DMR|DBC|DLR|HLU|GCH|ART|AUI|CNR|TYL|DAL|LHA|FOC|TAY|CON|OBN
SP000404,12,1,TRN,TRN,TRN
SP000405,54,28,ADR,BHC,ADR|COA|CBS|BAI|EST|GAR|SLS|CAY|BLG|HST|GQL|CHC|PTK|HYN|ANL|WES|DMC|DMY|SIN|DMR|KPT|BWG|DBE|DBC|DLR|RTN|ALX|BHC
SP000406,30,16,SHF,MAN,SHF|DOR|GRN|HSG|BAM|HOP|EDL|CLY|NMC|MPL|RML|BDY|BNT|RDN|ABY|MAN
SP000407,8,4,BFF,CFS,BFF|PTM|PGR|CFS
SP000408,4,3,PTM,CFS,PTM|PGR|CFS
SP000409,8,11,BHM,WOS,BHM|FWY|UNI|SLY|KNN|LOB|BTG|BMV|XSW|DTW|WOS
SP000410,6,6,BFR,BKJ,BFR|EPH|LGJ|HNH|KTH|BKJ
SP000411,24,2,BFF,PTM,BFF|PTM
SP000412,36,19,STP,NOT,STP|KTN|WHP|CRI|HEN|SAC|LUT|FLT|BDM|WEL|KET|MHR|LEI|LBO|EMD|XTG|XTR|BEE|NOT
SP000413,68,20,CHX,GRV,CHX|WAE|NWX|XPY|HGR|LEE|MTG|NEH|SID|AYP|BXY|CRY|XRT|DFD|SCG|GNH|SWM|NFL|XSR|GRV
SP000414,4,21,LEE,CST,LEE|MTG|NEH|SID|AYP|BXY|CRY|SGR|ERH|BVD|ABW|PLU|WWA|WWD|CTN|WCB|MZH|GNW|DEP|XKE|CST
SP000415,24,17,STP,NOT,STP|KTN|WHP|CRI|HEN|SAC|LUT|FLT|BDM|WEL|KET|MHR|LEI|LBO|XTG|XTR|NOT
SP000416,32,22,SHF,STP,SHF|CHD|XAJ|DBY|SPO|LGE|XTG|EMD|LBO|LEI|MHR|KET|WEL|BDM|FLT|LUT|SAC|HEN|CRI|WHP|KTN|STP
SP000417,25,17,NOT,STP,NOT|XTR|XTG|LBO|LEI|MHR|KET|WEL|BDM|FLT|LUT|SAC|HEN|CRI|WHP|KTN|STP
SP000418,2,7,YRK,NCL,YRK|THI|NTR|DAR|DHM|CLS|NCL
SP000419,2,15,OXP,BNS,OXP|OXF|GOR|RDG|EAR|WKM|BCE|ACT|VIR|SNS|FEL|TWI|SMG|RMD|BNS
SP000420,10,12,MBR,NCL,MBR|TBY|STK|BIL|SEC|HPL|HRE|SEA|SUN|BNR|HEW|NCL
SP000421,2,11,HUL,SHF,HUL|BUH|GBD|GOO|HFS|KKS|DON|MEX|SWN|MHS|SHF
SP000422,2,18,NOT,STP,NOT|XTR|XTG|EMD|LBO|LEI|MHR|KET|WEL|BDM|FLT|LUT|SAC|HEN|CRI|WHP|KTN|STP
SP000423,14,10,EDB,NCL,EDB|PST|DRM|ELT|DUN|RSN|BWK|ALM|MPT|NCL
SP000424,18,16,NNT,NCL,NNT|GYP|MTO|JCH|MBR|TBY|STK|BIL|SEC|HPL|HRE|SEA|SUN|BNR|HEW|NCL
SP000425,2,18,BDT,SHF,BDT|NFN|DRF|HUT|BEV|CGM|HUL|BUH|GBD|GOO|TNN|HFS|KKS|DON|MEX|SWN|MHS|SHF
SP000426,84,3,BMN,GRP,BMN|SUP|GRP
SP000427,2,3,CFS,PTM,CFS|PGR|PTM
SP000428,2,20,SOP,MCV,SOP|MEC|BES|NLN|BCB|HSC|PBL|APB|GST|WGW|INC|HIN|WHG|XLK|BON|FNW|KSL|SLD|SFD|MCV
SP000429,84,3,GRP,BMN,GRP|SUP|BMN
SP000430,29,26,LIV,EUS,LIV|EDG|ALE|RUN|XYJ|ACB|WSF|CRE|STA|XCO|XOI|XIM|NUN|RUG|XWZ|XHN|MKC|BLY|XOD|TRI|XOE|WFJ|HRW|WMB|XWI|EUS
SP000431,2,21,SOP,MCV,SOP|MEC|BES|NLN|BCB|HSC|PBL|APB|GST|WGW|INC|HIN|WHG|XLK|BON|FNW|KSL|CLI|SLD|SFD|MCV
SP000432,8,18,STP,NOT,STP|KTN|WHP|CRI|HEN|SAC|LUT|FLT|BDM|WEL|KET|MHR|LEI|LBO|EMD|XTG|XTR|NOT
SP000433,2,17,BDT,SHF,BDT|NFN|DRF|HUT|BEV|CGM|HUL|BUH|GBD|GOO|HFS|KKS|DON|MEX|SWN|MHS|SHF
SP000434,32,4,YRK,SCA,YRK|MLT|SEM|SCA
SP000435,16,10,NCL,EDB,NCL|MPT|ALM|BWK|RSN|DUN|ELT|DRM|PST|EDB
SP000436,12,20,CTR,EUS,CTR|CRE|STA|XCO|XOI|XIM|NUN|RUG|XWZ|XHN|MKC|BLY|XOD|TRI|XOE|WFJ|HRW|WMB|XWI|EUS
SP000437,2,4,SBP,KNT,SBP|NWB|SOK|KNT
SP000438,156,9,ZEL,KNT,ZEL|QPW|KNL|WJL|HDN|SBP|NWB|SOK|KNT
SP000439,24,14,MAN,YRK,MAN|ABY|GUI|SYB|MSL|GNF|MSN|SWT|HUD|MIR|WKK|NOR|CFD|YRK
SP000440,18,20,SCA,SHF,SCA|SEM|FIL|HUB|BEM|BDT|DRF|BEV|CGM|HUL|BUH|GBD|GOO|HFS|KKS|DON|MEX|SWN|MHS|SHF
SP000441,22,7,ASL,NCL,ASL|BEJ|BLI|NWH|SEJ|NOP|NCL
SP000442,2,18,KGX,SVG,KGX|XKB|FPK|HGY|HRN|AAP|BOP|PAL|WIH|GPK|ENC|GDH|CWH|CUF|BAY|HFN|WAS|SVG
SP000443,42,8,NCL,ASL,NCL|MAS|NOP|SEJ|NWH|BLI|BEJ|ASL
SP000444,152,25,SRA,IMW,SRA|HKW|HMN|HKC|DLK|CNN|XJC|HII|CIR|CMD|KTW|GPO|HDH|FNY|WHD|BSY|BSP|KNR|XKG|WJH|XMB|SPB|KPA|WBP|IMW
SP000445,2,33,EDB,BHM,EDB|PST|DRM|DUN|RSN|BWK|ALM|MPT|NCL|DHM|DAR|NTR|THI|YRK|CHF|MIK|CRG|LDS|WKF|MRP|SWN|SHF|CHD|XAJ|DBY|BUT|XWE|TAH|XKI|WTO|XLX|XOZ|BHM
SP000446,4,19,SCA,SHF,SCA|SEM|FIL|HUB|BEM|BDT|DRF|BEV|CGM|HUL|BUH|GBD|GOO|HFS|KKS|DON|MEX|MHS|SHF
SP000447,41,11,EAD,DKG,EAD|RAY|MOT|WCP|SNL|EWW|EPS|AHD|LHD|BXW|DKG
SP000448,1,23,COL,LST,COL|MKT|KEL|WTM|HAP|BPA|CHM|INT|SNF|BRE|HRO|GDP|RMF|CTH|GMY|SVK|IFD|MNP|FOG|SRA|XOW|BET|LST
SP000449,2,10,MBR,MCE,MBR|TBY|STK|HPL|SEA|SUN|BNR|NCL|DOT|MCE
SP000450,51,33,KGX,EDB,KGX|XKB|FPK|AAP|PBR|WGC|XGN|SVG|HIT|BIW|SDY|HUN|XHO|PBO|GRA|NNG|XNK|RET|DON|YRK|THI|NTR|DAR|DHM|NCL|MPT|ALM|BWK|RSN|DUN|DRM|PST|EDB
SP000451,2,8,MBR,NCL,MBR|TBY|STK|HPL|SEA|SUN|BNR|NCL
SP000452,2,8,EXD,BNP,EXD|CDI|YEO|COP|MRD|EGG|UMB|BNP
SP000453,1,19,MIA,SCA,MIA|HDG|MAN|ABY|GUI|SYB|GNF|MSN|HUD|WKK|XES|LDS|CRG|MIK|CHF|YRK|MLT|SEM|SCA
SP000454,2,13,HUL,SHF,HUL|BUH|GBD|GOO|HFS|KKS|DON|CNS|MEX|SWN|RMC|MHS|SHF
SP000455,30,4,NCL,MPT,NCL|MAS|CRM|MPT
SP000456,2,12,EXD,BNP,EXD|CDI|YEO|COP|MRD|LAP|EGG|KGN|PMA|UMB|CPN|BNP
SP000457,4,10,EXC,BNP,EXC|EXD|CDI|YEO|COP|MRD|EGG|KGN|UMB|BNP
SP000458,2,14,RET,LDS,RET|WRK|SRO|KVP|KIV|WDH|DAN|SHF|MHS|BNY|WKK|NOR|XES|LDS
SP000459,2,28,WEY,NEM,WEY|UPW|DCH|MTN|WOO|WRM|HAM|POO|BSM|BMH|POK|CHR|NWM|BCU|TTN|RDB|SOU|SDN|SOA|ESL|XEW|WIN|MIC|BSK|FNB|WOK|SUR|NEM
SP000460,16,27,MCN,PWL,MCN|DVY|PHG|AVY|TYW|TNF|LLW|FRB|MFA|BRM|LLA|TLB|DYF|LBR|PES|LDN|HRL|TYG|TAL|LLC|PRH|MFF|PTM|CCC|PNC|ABH|PWL
SP000461,4,10,EXC,BNP,EXC|EXD|CDI|YEO|COP|MRD|LAP|EGG|UMB|BNP
SP000462,5,8,PAD,OXF,PAD|STL|SLO|MAI|TWY|RDG|GOR|OXF
SP000463,8,26,NEM,WEY,NEM|SUR|WOK|FNB|BSK|MIC|WIN|XEW|ESL|SOA|SDN|SOU|RDB|TTN|BCU|BMH|BSM|PKS|POO|HAM|WRM|WOO|MTN|DCH|UPW|WEY
SP000464,12,9,EXC,BNP,EXC|EXD|CDI|YEO|COP|MRD|EGG|UMB|BNP
SP000465,26,16,LCN,LDS,LCN|SXY|GBL|XRO|WRK|SRO|KVP|KIV|WDH|DAN|SHF|MHS|BNY|WKK|XES|LDS
SP000466,16,9,DID,BAN,DID|CUM|RAD|OXF|TAC|HYD|XAN|KGS|BAN
SP000467,26,16,LDS,LCN,LDS|XES|WKK|BNY|MHS|SHF|DAN|WDH|KIV|KVP|SRO|WRK|XRO|GBL|SXY|LCN
SP000468,2,13,LDS,SHF,LDS|OUT|WKF|WKK|FZW|MRP|THC|GOE|BTD|SWN|RMC|MHS|SHF
SP000469,8,10,NRW,CBG,NRW|WMD|ATL|TTF|BND|XYE|ELY|WBC|CMB|CBG
SP000470,2,14,MCV,CLH,MCV|SFD|SLD|FNW|BON|HID|BMC|ENT|DWN|BBN|RGW|LHO|WHE|CLH
SP000471,2,12,EXC,BNP,EXC|EXD|NTC|CDI|YEO|COP|MRD|LAP|EGG|KGN|UMB|BNP
SP000472,6,11,CDF,BGN,CDF|GTN|CGN|EBK|DNS|CAD|BYD|BRY|RIA|LWM|BGN
SP000473,2,14,EXC,BNP,EXC|EXD|NTC|CDI|YEO|COP|MRD|LAP|EGG|KGN|PMA|UMB|CPN|BNP
SP000474,32,13,MCV,CLH,MCV|SFD|SLD|BON|HID|BMC|ENT|DWN|BBN|RGW|LHO|WHE|CLH
SP000475,2,10,EXC,BNP,EXC|EXD|NTC|CDI|YEO|COP|MRD|EGG|UMB|BNP
SP000476,4,35,RDG,NCL,RDG|GOR|OXF|HYD|XAN|BAN|XFC|LMS|HTN|DDG|TYS|XOH|XIR|XON|XOZ|BHM|XOZ|XLX|WTO|XKI|TAH|XWE|BUT|DBY|XAJ|CHD|SHF|MEX|DON|YRK|THI|NTR|DAR|DHM|NCL
SP000477,2,22,CHX,GLM,CHX|WAE|NWX|XPY|HGR|LEE|NEH|SID|AYP|BXY|CRY|XRT|DFD|GNH|XSR|GRV|HGM|SOO|XRJ|RTR|CTM|GLM
SP000478,2,6,CNM,SWI,CNM|GCR|SHU|STD|KEM|SWI
SP000479,2,29,RAM,XVJ,RAM|DMP|BSR|MAR|WGA|BCH|HNB|CSW|WHI|FAV|SIT|NGT|RAI|GLM|CTM|RTR|XRJ|SOR|XWK|SAY|XMU|XLY|BMS|SRT|BKJ|KTH|HNH|BRX|XVJ
SP000480,4,33,BHM,EDB,BHM|XOZ|XLX|WTO|XKI|TAH|XWE|BUT|DBY|XAJ|CHD|SHF|SWN|MRP|WKF|LDS|CRG|MIK|CHF|YRK|THI|NTR|DAR|DHM|NCL|MPT|ALM|BWK|RSN|DUN|DRM|PST|EDB
SP000481,27,31,DVP,XVJ,DVP|XUK|KSN|SPH|SWO|AYH|ADM|BKS|CBE|SEG|FAV|TEY|SIT|NGT|RAI|GLM|CTM|RTR|XRJ|SOR|XWK|SAY|XMU|XLY|BMS|SRT|BKJ|KTH|HNH|BRX|XVJ
SP000482,12,14,PLY,PNZ,PLY|STS|SGM|LSK|BOD|LOS|PAR|SAU|TRU|RED|CBN|HYL|SER|PNZ
SP000483,20,32,NOT,CDF,NOT|BEE|XTR|LGE|SPO|DBY|BUT|XWE|TAH|XKI|WTO|XLX|XOZ|BHM|FWY|UNI|SLY|KNN|LOB|BTG|BMV|XSW|WOP|XAY|ASC|CNM|GCR|LYD|CPW|STJ|NWP|CDF
SP000484,7,9,BRI,WSB,BRI|KYN|OLF|BTH|FFD|AVF|BOA|TRO|WSB
SP000485,4,8,MAN,CTR,MAN|MCO|NLW|ERL|RUE|FRD|HSB|CTR
SP000486,2,23,EXD,PNZ,EXD|DWW|DWL|TGM|NTA|TOT|IVY|PLY|DPT|STS|SGM|MEN|LSK|BOD|LOS|PAR|SAU|TRU|RED|CBN|HYL|SER|PNZ
SP000487,1,32,DVP,XVJ,DVP|XUK|KSN|SPH|SWO|AYH|ADM|BKS|CBE|SEG|FAV|TEY|SIT|NGT|RAI|GLM|CTM|RTR|XRJ|SOR|LGF|XWK|SAY|XMU|XLY|BMS|SRT|BKJ|KTH|HNH|BRX|XVJ
SP000488,2,18,PLY,PNZ,PLY|DPT|KEY|SBF|STS|SGM|MEN|LSK|BOD|LOS|PAR|SAU|TRU|RED|CBN|HYL|SER|PNZ
SP000489,2,7,CTR,MAN,CTR|HSB|FRD|RUE|ERL|NLW|MAN
SP000490,2,14,STR,GLC,STR|BRL|GIR|MAY|AYR|NOA|PTW|TRN|KMK|KLM|STT|DNL|BRR|GLC
SP000491,22,31,RAM,XVJ,RAM|DMP|BSR|MAR|WGA|BCH|HNB|CSW|WHI|FAV|SIT|NGT|RAI|GLM|CTM|RTR|XRJ|SOR|MEP|LGF|XWK|SAY|XMU|XLY|BMS|SRT|BKJ|KTH|HNH|BRX|XVJ
SP000492,4,63,GLC,PLY,GLC|MTH|SDM|SLA|HYM|EDB|PST|DRM|DUN|RSN|BWK|ALM|MPT|NCL|DHM|DAR|NTR|THI|YRK|CHF|MIK|CRG|LDS|WKF|MRP|SWN|SHF|CHD|XAJ|DBY|BUT|XWE|TAH|XKI|WTO|XLX|XOZ|BHM|FWY|SLY|KNN|LOB|BTG|BMV|XSW|XAY|ASC|CNM|YAE|BPW|FIT|BRI|BWT|TAU|TVP|EXD|DWW|DWL|TGM|NTA|TOT|IVY|PLY
SP000493,3,10,BRI,FRO,BRI|KYN|OLF|BTH|FFD|AVF|BOA|TRO|WSB|FRO
SP000494,2,9,HUL,YRK,HUL|BUH|GBD|HOW|SBY|SIE|CHF|ULL|YRK
SP000495,20,16,EDB,ABD,EDB|HYM|INK|BTS|KDY|LDY|CUP|LEU|DEE|BYF|CAN|ARB|MTS|LAU|STN|ABD
SP000496,16,11,DVP,FAV,DVP|XUK|KSN|SPH|SWO|AYH|ADM|BKS|CBE|SEG|FAV
SP000497,4,9,KMK,STR,KMK|TRN|PTW|NOA|AYR|MAY|GIR|BRL|STR
SP000498,8,30,RAM,XVJ,RAM|DMP|BSR|MAR|WGA|BCH|HNB|CSW|WHI|FAV|TEY|SIT|NGT|RAI|GLM|CTM|RTR|XRJ|SOR|XWK|SAY|XMU|XLY|BMS|SRT|BKJ|KTH|HNH|BRX|XVJ
SP000499,4,16,PTH,EDB,PTH|LDY|MNC|GLT|CDD|LCG|COW|DFL|DFE|ROS|INK|NQU|DAM|EGY|HYM|EDB
SP000500,32,16,LEV,EDB,LEV|CBX|GLT|CDD|LCG|COW|DFL|DFE|ROS|INK|NQU|DAM|EGY|SGL|HYM|EDB
SP000501,33,7,LDS,YRK,LDS|CRG|GRF|EGF|MIK|CHF|YRK
SP000502,10,30,EDB,HLC,EDB|HYM|EDP|UHA|LSN|BHG|DRU|ADR|COA|CBS|BAI|EST|GAR|SLS|BLG|HST|GQL|CHC|PTK|HYN|GRS|YOK|CYK|DMR|DBE|DBC|DLR|CDR|CGD|HLC
SP000503,2,32,RAM,XVJ,RAM|DMP|BSR|MAR|WGA|BCH|HNB|CSW|WHI|FAV|TEY|SIT|NGT|RAI|GLM|CTM|RTR|XRJ|SOR|MEP|LGF|XWK|SAY|XMU|XLY|BMS|SRT|BKJ|KTH|HNH|BRX|XVJ
SP000504,2,8,SHF,RET,SHF|DAN|WDH|KIV|KVP|SRO|WRK|RET
SP000505,31,7,YRK,LDS,YRK|CHF|MIK|EGF|GRF|CRG|LDS
SP000506,14,23,BDQ,KGX,BDQ|SHY|LDS|WKF|AWK|DON|RET|XNK|NNG|GRA|PBO|HUN|SDY|BIW|HIT|SVG|XGN|WGC|PBR|AAP|FPK|XKB|KGX
SP000507,3,9,HFD,WOS,HFD|LED|CWL|XMN|GMV|MVL|XHK|WOF|WOS
SP000508,2,6,LDS,SHF,LDS|XES|WKK|BNY|MHS|SHF
SP000509,18,2,WTH,CKL,WTH|CKL
SP000510,29,4,PRR,AYS,PRR|MRS|LTK|AYS
SP000511,2,24,SKI,KGX,SKI|KEI|SHY|LDS|WKF|AWK|DON|RET|XNK|NNG|GRA|PBO|HUN|SDY|BIW|HIT|SVG|XGN|WGC|PBR|AAP|FPK|XKB|KGX
SP000512,18,2,CKL,WTH,CKL|WTH
SP000513,32,5,SHF,LDS,SHF|SWN|MRP|WKF|LDS
SP000514,2,8,EVE,OXF,EVE|HYB|MIM|KGM|AUW|CBY|HND|OXF
SP000515,32,5,LDS,SHF,LDS|WKF|MRP|SWN|SHF
SP000516,33,21,LDS,KGX,LDS|WKF|AWK|DON|RET|XNK|NNG|GRA|PBO|HUN|SDY|BIW|HIT|SVG|XGN|WGC|PBR|AAP|FPK|XKB|KGX
SP000517,6,11,EXM,EXD,EXM|LYM|LYC|EXN|TOP|NCO|DIG|POL|SJP|EXC|EXD
SP000518,2,10,PGN,EXD,PGN|TQY|TRR|NTA|TGM|DWL|DWW|SCS|EXT|EXD
SP000519,12,16,LCN,KGX,LCN|NNG|GRA|PBO|HUN|SDY|BIW|HIT|SVG|XGN|WGC|PBR|AAP|FPK|XKB|KGX
SP000520,2,23,LDS,CAR,LDS|SHY|SAE|BIY|CFL|KEI|SON|CEY|SKI|GGV|HLD|LPR|SET|HIR|RHD|DNT|GSD|KSW|APP|LGW|LZB|AWT|CAR
SP000521,14,17,KGX,LCN,KGX|XKB|FPK|AAP|PBR|WGC|XGN|SVG|HIT|BIW|SDY|HUN|XHO|PBO|GRA|NNG|LCN
SP000522,18,11,BRI,WOF,BRI|FIT|BPW|YAE|CDU|GCR|CNM|ASC|XAY|WOS|WOF
SP000523,56,15,SPR,MLN,SPR|BNL|AXP|DST|BLG|HST|GQL|CHC|PTK|HYN|ANL|WES|BRN|HLF|MLN
SP000524,2,10,WTH,MLM,WTH|CKL|SBS|SEL|SSC|DRI|RAV|BOC|SIC|MLM
SP000525,54,9,BDQ,ILK,BDQ|FZH|SHY|BLD|GSY|MNN|BUW|BEY|ILK
SP000526,26,21,DMR,WFF,DMR|CYK|YOK|GRS|SCH|JOR|HYN|PTK|EXG|AND|GCL|AGS|BDG|DAK|RUT|CML|MTV|BIO|BGI|KWD|WFF
SP000527,4,5,BRI,GCR,BRI|FIT|BPW|YAE|GCR
SP000528,34,22,DMR,MTH,DMR|CYK|YOK|GRS|SCH|JOR|HYN|PTK|EXG|AND|GCL|AGS|BDG|DAK|RUT|CML|MTV|BIO|BGI|KWD|WFF|MTH
SP000529,40,22,KGX,LDS,KGX|XKB|FPK|AAP|PBR|WGC|XGN|SVG|HIT|BIW|SDY|HUN|XHO|PBO|GRA|NNG|XNK|RET|DON|AWK|WKF|LDS
SP000530,4,2,AVP,AYS,AVP|AYS
SP000531,8,6,BRI,GCR,BRI|FIT|BPW|YAE|CDU|GCR
SP000532,2,9,OXF,WOS,OXF|CBY|AUW|MIM|HYB|EVE|PSH|WPH|WOS
SP000533,56,25,EUS,BHM,EUS|XWI|WMB|HRW|WFJ|XOE|TRI|XOD|LBZ|BLY|MKC|WOL|XHN|NMP|LBK|RUG|COV|CNL|THL|BKW|HIA|BHI|SCF|XOZ|BHM
SP000534,10,8,QPW,KNT,QPW|KNL|WJL|HDN|SBP|NWB|SOK|KNT
SP000535,14,15,GLC,CAR,GLC|BRR|DNL|STT|KLM|KMK|AUK|NCK|KRK|SQH|DMF|ANN|GEA|XGS|CAR
SP000536,70,7,FST,GRY,FST|WEH|BKG|DDK|RNM|PFL|GRY
SP000537,48,32,EDB,KGX,EDB|PST|DRM|DUN|RSN|BWK|ALM|MPT|NCL|DHM|DAR|NTR|THI|YRK|DON|RET|XNK|NNG|GRA|PBO|HUN|SDY|BIW|HIT|SVG|XGN|WGC|PBR|AAP|FPK|XKB|KGX
SP000538,9,34,SHR,SWA,SHR|CTT|CRV|BME|HPT|BUK|KNI|KNU|LGO|LLT|DOL|PNY|LLO|BHR|CIM|GTH|LLM|LNW|SUG|CYN|LLV|LNR|LLG|LLL|FFA|LLI|AMF|PTF|PTD|LLH|BYE|LLE|GWN|SWA
SP000539,2,5,MAN,HDF,MAN|ABY|GUI|DTG|HDF
SP000540,2,18,WOS,DID,WOS|WPH|PSH|EVE|HYB|MIM|KGM|SIP|AUW|CBY|FIN|CME|HND|OXF|RAD|CUM|APF|DID
SP000541,1,10,BNP,EXD,BNP|UMB|PMA|EGG|MRD|COP|YEO|CDI|NTC|EXD
SP000542,2,2,AYS,AVP,AYS|AVP
SP000543,4,11,TRI,EUS,TRI|BKM|XOE|HML|APS|WFJ|BSH|HRW|WMB|XWI|EUS
SP000544,2,13,MLM,WKG,MLM|SIC|BOC|RAV|DRI|SSC|SEL|SBS|CKL|WTH|PRN|HRR|WKG
SP000545,4,7,EXD,EXM,EXD|EXC|DIG|NCO|TOP|LYM|EXM
SP000546,62,7,GLC,PCN,GLC|DUM|CKH|MPK|CKT|HKH|PCN
SP000547,2,9,MRY,SEL,MRY|FLM|WKG|HRR|PRN|WTH|CKL|SBS|SEL
SP000548,26,13,SHR,BHM,SHR|XSY|WLN|TFC|XMD|SFN|COS|WVH|DDP|XGQ|XGJ|XOS|BHM
SP000549,22,42,MAN,BMH,MAN|SPT|CHU|MAC|CNG|KDG|SOT|SNE|STA|PKG|XBJ|WVH|DDP|XGJ|XOS|BHM|XOZ|SCF|BHI|BKW|COV|LMS|XFC|BAN|XAN|HYD|OXF|GOR|RDG|BMY|BSK|MIC|WIN|XEW|ESL|SOA|SDN|SOU|RDB|TTN|BCU|BMH
SP000550,22,21,PGN,EXM,PGN|TQY|TRR|NTA|TGM|DWL|DWW|SCS|MBT|EXT|EXD|EXC|SJP|POL|DIG|NCO|TOP|EXN|LYC|LYM|EXM
SP000551,6,10,RAM,FAV,RAM|DMP|BSR|MAR|WGA|BCH|HNB|CSW|WHI|FAV
SP000552,4,26,MYB,BSW,MYB|XNJ|WCX|SRU|WRU|GER|HWY|SDR|PRR|HDM|XJV|BCS|XAN|KGS|BAN|XFC|LMS|WRW|WRP|HTN|DDG|SOL|TYS|XOH|BMO|BSW
SP000553,14,8,SAV,LMS,SAV|STY|WMC|BER|CLV|HTN|WRW|LMS
SP000554,2,11,LMS,BSW,LMS|WRW|WRP|HTN|LPW|DDG|SOL|TYS|XOH|BMO|BSW
SP000555,7,9,BMO,LMS,BMO|XOH|TYS|SOL|DDG|LPW|HTN|WRW|LMS
SP000556,4,32,DVP,XVJ,DVP|XUK|KSN|SPH|SWO|AYH|ADM|BKS|CBE|SEG|FAV|SIT|NGT|RAI|GLM|CTM|RTR|XRJ|SOR|MEP|LGF|XWK|SAY|XMU|XLY|BMS|SRT|BKJ|KTH|HNH|BRX|XVJ
SP000557,18,11,FST,PSE,FST|WEH|BKG|DDK|RNM|PFL|GRY|TIL|ETL|SFO|PSE
SP000558,2,15,PGN,EXM,PGN|TQY|TRR|NTA|TGM|DWL|DWW|MBT|EXD|EXC|DIG|NCO|TOP|LYM|EXM
SP000559,14,36,EDB,HLC,EDB|HYM|EDP|UHA|LSN|BHG|ARM|BKR|CAC|DRU|ADR|COA|CBS|BAI|EST|GAR|SLS|CAY|BLG|HST|GQL|CHC|PTK|HYN|ANL|WES|DMC|DMY|SIN|DMR|DBE|DBC|DLR|CDR|CGD|HLC
SP000560,18,18,MIA,BPN,MIA|HDG|MAN|MCO|DGT|SLD|BON|XLK|LOT|HWI|CRL|BSV|XOU|LEY|PRE|KKM|PFY|BPN
SP000561,15,8,LMS,SAV,LMS|WRW|HTN|CLV|BER|WMC|STY|SAV
SP000562,62,28,SUO,SAC,SUO|WSU|SUC|SIH|MDS|SMO|WBO|WIM|HYR|TOO|STE|TUH|HNH|LGJ|EPH|BFR|CTK|ZFD|SPL|KTN|WHP|CRI|BCZ|HEN|MIL|ELS|RDT|SAC
SP000563,1,21,LIT,SOU,LIT|FOD|BAA|CCH|FSB|BOH|NUT|SOB|EMS|WBL|HAV|CSA|PTC|FRM|SNW|HME|NTL|SHO|WLS|SDN|SOU
SP000564,2,6,SAV,BAN,SAV|HTN|WRW|LMS|XFC|BAN
SP000565,33,21,MIA,BPN,MIA|HDG|MAN|MCO|DGT|SLD|BON|XLK|LOT|HWI|BLK|ADL|CRL|BSV|XOU|LEY|PRE|KKM|PFY|LAY|BPN
SP000566,12,17,WSM,PAD,WSM|WOR|YAT|NLS|PSN|BRI|BTH|CPM|SWI|DID|GOR|RDG|TWY|MAI|SLO|STL|PAD
SP000567,2,8,DVP,FAV,DVP|XUK|KSN|SPH|AYH|CBE|SEG|FAV
SP000568,64,12,ECR,XSU,ECR|SRS|TTH|NRB|SRC|STE|TUH|NDL|EDW|QRP|SBM|XSU
SP000569,2,6,YRK,LDS,YRK|ULL|CHF|MIK|CRG|LDS
SP000570,14,20,MIA,BPN,MIA|HDG|MAN|MCO|DGT|SLD|BON|XLK|LOT|HWI|BLK|ADL|CRL|BSV|XOU|LEY|PRE|KKM|PFY|BPN
SP000571,2,13,BCS,BMO,BCS|XAN|BAN|XFC|LMS|WRW|WRP|HTN|DDG|SOL|TYS|XOH|BMO
SP000572,29,4,AYS,PRR,AYS|LTK|MRS|PRR
SP000573,1,52,PBO,HRH,PBO|HUN|SNO|SDY|BIW|ARL|HIT|SVG|KBW|XGN|WGC|HAT|PBR|HDW|NBA|OKL|NSG|AAP|HGY|FPK|XKB|SPL|ZFD|CTK|BFR|XMK|XLJ|NXG|BCY|FOH|SYD|PNW|ANZ|NWD|ECR|SCY|PUO|PUR|XJS|CDS|MHM|RDH|ELD|SAF|HOR|GTW|TBD|CRW|IFI|FGT|LVN|HRH
SP000574,2,5,HUD,BDI,HUD|BGH|HFX|LMR|BDI
SP000575,3,52,PBO,HRH,PBO|HUN|SNO|SDY|BIW|ARL|HIT|SVG|KBW|XGN|WGC|HAT|BPK|PBR|HDW|OKL|NSG|AAP|HGY|FPK|XKB|SPL|ZFD|CTK|BFR|XMK|XLJ|NXG|BCY|FOH|SYD|PNW|ANZ|NWD|ECR|SCY|PUO|PUR|XJS|CDS|MHM|RDH|ELD|SAF|HOR|GTW|TBD|CRW|IFI|FGT|LVN|HRH
SP000576,2,13,BSW,BAN,BSW|BMO|XOH|TYS|SOL|DDG|LPW|HTN|WRP|WRW|LMS|XFC|BAN
SP000577,2,15,MCV,SOP,MCV|SFD|SLD|BON|XLK|WHG|HIN|INC|WGW|GST|APB|PBL|BCB|MEC|SOP
SP000578,15,17,MAN,HUL,MAN|ABY|GUI|SYB|GNF|MSN|HUD|DEW|MLY|LDS|CRG|MIK|SBY|HOW|GBD|BUH|HUL
SP000579,14,21,MCV,SOP,MCV|SFD|SLD|KSL|FNW|MSS|BON|XLK|WHG|HIN|INC|WGW|GST|APB|PBL|HSC|BCB|NLN|BES|MEC|SOP
SP000580,34,7,CRE,STA,CRE|ASG|KDG|LPT|SOT|SNE|STA
SP000581,44,12,PAD,BRI,PAD|STL|SLO|MAI|TWY|RDG|GOR|DID|SWI|CPM|BTH|BRI
SP000582,2,6,LWS,SEF,LWS|NVN|NVH|NVN|BIP|SEF
SP000583,1,8,OXT,COH,OXT|HUR|EBT|HBF|COC|ABF|ERB|COH
SP000584,4,30,XVJ,RAM,XVJ|BRX|HNH|KTH|BKJ|SRT|BMS|XLY|XMU|SAY|XWK|SOR|XRJ|RTR|CTM|GLM|RAI|NGT|SIT|TEY|FAV|WHI|CSW|HNB|BCH|WGA|MAR|BSR|DMP|RAM
SP000585,4,11,FAV,DVP,FAV|SEG|CBE|BKS|ADM|AYH|SWO|SPH|KSN|XUK|DVP
SP000586,2,4,HNH,BFR,HNH|LGJ|EPH|BFR
SP000587,10,31,XVJ,DVP,XVJ|BRX|HNH|KTH|BKJ|SRT|BMS|XLY|XMU|SAY|XWK|SOR|XRJ|RTR|CTM|GLM|RAI|NGT|SIT|TEY|FAV|SEG|CBE|BKS|ADM|AYH|SWO|SPH|KSN|XUK|DVP
SP000588,1,16,LUT,BFR,LUT|LTN|HPD|SAC|RDT|ELS|MIL|HEN|BCZ|CRI|WHP|KTN|SPL|ZFD|CTK|BFR
SP000589,2,16,SAC,HNH,SAC|RDT|ELS|MIL|HEN|BCZ|CRI|WHP|KTN|SPL|ZFD|CTK|BFR|EPH|LGJ|HNH
SP000590,28,12,PMH,NEM,PMH|PMS|FTN|HAV|PTR|HSL|GOD|FNC|GLD|WOK|SUR|NEM
SP000591,25,28,MIA,HHD,MIA|HDG|EDY|MAN|MCO|DGT|ECC|NLW|ERL|WBQ|RUE|FRD|HSB|CTR|SHT|FLN|PRT|RHL|AGL|CWB|LLJ|CNW|PMW|LLF|BNG|LPG|VAL|HHD
SP000592,2,3,KLN,DOW,KLN|WTG|DOW
SP000593,14,19,MAN,HUL,MAN|ABY|GUI|SYB|MSL|GNF|MSN|SWT|HUD|DEW|MLY|LDS|CRG|MIK|SBY|HOW|GBD|BUH|HUL
SP000594,2,16,FST,SOC,FST|WEH|BKG|DDK|RNM|PFL|GRY|TIL|ETL|SFO|PSE|BEF|LES|CHW|WCF|SOC
SP000595,5,3,DOW,KLN,DOW|WTG|KLN
SP000596,30,3,WRX,CRE,WRX|CTR|CRE
SP000597,1,20,RDZ,GTW,RDZ|EAR|WKM|CRN|SND|BAW|FNN|NCM|ASH|GLD|SFR|CHL|GOM|DKT|DPD|BTO|REI|RDH|ELD|GTW
SP000598,2,3,DOW,ELY,DOW|LTP|ELY
SP000599,26,29,XVJ,RAM,XVJ|BRX|HNH|KTH|BKJ|SRT|BMS|XLY|XMU|SAY|XWK|SOR|XRJ|RTR|CTM|GLM|RAI|NGT|SIT|FAV|WHI|CSW|HNB|BCH|WGA|MAR|BSR|DMP|RAM
SP000600,3,3,ELY,DOW,ELY|LTP|DOW
SP000601,4,9,LMS,BMO,LMS|WRW|HTN|LPW|DDG|SOL|TYS|XOH|BMO
SP000602,24,33,XVJ,DVP,XVJ|BRX|HNH|KTH|BKJ|SRT|BMS|XLY|XMU|SAY|XWK|LGF|MEP|SOR|XRJ|RTR|CTM|GLM|RAI|NGT|SIT|TEY|FAV|SEG|CBE|BKS|ADM|AYH|SWO|SPH|KSN|XUK|DVP
SP000603,1,20,RDZ,GTW,RDZ|EAR|WKM|CRN|SND|BAW|FNN|NCM|ASH|WAN|GLD|SFR|CHL|GOM|DKT|DPD|REI|RDH|ELD|GTW
SP000604,52,15,GLC,WMS,GLC|CDO|HLE|HLW|PYG|PYJ|BPT|LGB|WDL|PTG|WNL|DFR|BCN|INP|WMS
SP000605,2,9,MYB,GER,MYB|XNJ|WCX|SDH|NLT|SRU|WRU|DGC|GER
SP000606,1,17,GTW,RDZ,GTW|ELD|RDH|REI|BTO|DPD|DKT|GOM|CHL|SFR|GLD|ASH|NCM|BAW|WKM|EAR|RDZ
SP000607,2,9,MYB,GER,MYB|XNJ|WCX|SDH|NLT|SRU|WRU|DNM|GER
SP000608,2,4,BRI,BTH,BRI|KYN|OLF|BTH
SP000609,4,10,BMO,LMS,BMO|XOH|TYS|SOL|DDG|LPW|HTN|WRP|WRW|LMS
SP000610,5,17,MIA,BPN,MIA|HDG|MAN|MCO|DGT|SLD|BON|XLK|HWI|CRL|BSV|XOU|PRE|KKM|PFY|LAY|BPN
SP000611,2,13,FST,LES,FST|WEH|BKG|DDK|RNM|PFL|GRY|TIL|ETL|SFO|PSE|BEF|LES
SP000612,4,10,LMS,BMO,LMS|WRW|WRP|HTN|LPW|DDG|SOL|TYS|XOH|BMO
SP000613,2,17,AYS,MYB,AYS|LTK|MRS|PRR|SDR|HWY|BCF|SRG|GER|DGC|DNM|WRU|SRU|NLT|WCX|XNJ|MYB
SP000614,38,12,SVB,BRI,SVB|SAR|AVN|PRI|SHH|SML|CFN|RDA|MTP|SRD|LWH|BRI
SP000615,12,14,SOU,POO,SOU|RDB|TTN|ANF|BCU|SWY|NWM|HNA|CHR|POK|BMH|BSM|PKS|POO
SP000616,1,14,WKK,MAN,WKK|MIR|DHN|HUD|SWT|MSN|GNF|MSL|SYB|GUI|GTO|ABY|ADK|MAN
SP000617,4,11,TAU,BRI,TAU|BWT|HIG|WSM|WNM|WOR|YAT|NLS|PSN|BMT|BRI
SP000618,22,7,NCL,ASL,NCL|NOP|SEJ|NWH|BLI|BEJ|ASL
SP000619,92,16,FST,SRY,FST|WEH|BKG|UPM|WHR|LAI|BSO|PSE|BEF|LES|CHW|WCF|SOC|SOE|TPB|SRY
SP000620,2,30,XVJ,DVP,XVJ|BRX|HNH|KTH|BKJ|SRT|BMS|XLY|XMU|SAY|XWK|SOR|XRJ|RTR|CTM|GLM|RAI|NGT|SIT|FAV|SEG|CBE|BKS|ADM|AYH|SWO|SPH|KSN|XUK|DVP
SP000621,2,12,AYS,MYB,AYS|LTK|PRR|SDR|HWY|BCF|GER|WRU|SRU|WCX|XNJ|MYB
SP000622,8,10,FAV,RAM,FAV|WHI|CSW|HNB|BCH|WGA|MAR|BSR|DMP|RAM
SP000623,40,20,XVJ,GLM,XVJ|DMK|NHD|BGM|RVB|SRT|BMS|XLY|XMU|SMY|SAY|FNR|XWK|LGF|MEP|SOR|XRJ|RTR|CTM|GLM
SP000624,6,3,MCE,NCL,MCE|DOT|NCL
SP000625,16,12,SAL,BRI,SAL|WMN|DMH|WSB|TRO|BOA|AVF|FFD|BTH|OLF|KYN|BRI
SP000626,2,13,BSK,QRB,BSK|HOK|WNF|FLE|FNB|BKO|WOK|SUR|NEM|RAY|WPK|ZPU|QRB
SP000627,8,5,SBP,QPW,SBP|HDN|WJL|KNL|QPW
SP000628,2,7,NOT,SHF,NOT|ILN|LGM|ALF|CHD|DRO|SHF
SP000629,58,1,RED,RED,RED
SP000630,2,4,DAR,NCL,DAR|DHM|CLS|NCL
SP000631,30,13,LIV,BPN,LIV|EDG|ROB|HUY|SNH|WGN|EBA|XOU|LEY|PRE|KKM|PFY|BPN
SP000632,16,19,FST,SRY,FST|WEH|BKG|UPM|OCK|CFH|GRY|TIL|ETL|SFO|PSE|BEF|LES|CHW|WCF|SOC|SOE|TPB|SRY
SP000633,26,4,BOD,PDT,BOD|BDF|WBE|PDT
SP000634,8,8,KNT,QPW,KNT|SOK|NWB|SBP|HDN|WJL|KNL|QPW
SP000635,2,9,LMS,BMO,LMS|WRW|WRP|HTN|DDG|SOL|TYS|XOH|BMO
SP000636,34,4,PDT,BOD,PDT|WBE|BDF|BOD
SP000637,2,3,BIT,OXF,BIT|OXP|OXF
SP000638,32,16,FST,SOC,FST|WEH|BKG|UPM|OCK|CFH|GRY|TIL|ETL|SFO|PSE|BEF|LES|CHW|WCF|SOC
SP000639,1,33,BAL,PMH,BAL|SRS|ECR|PUR|XJS|ELD|GTW|TBD|CRW|IFI|FGT|LVN|HRH|CHH|BIG|PUL|AMY|ARU|XXA|FOD|BAA|CCH|FSB|BOH|NUT|SOB|EMS|WBL|HAV|HLS|FTN|PMS|PMH
SP000640,3,8,SCA,LDS,SCA|SEM|MLT|YRK|CHF|MIK|CRG|LDS
SP000641,28,4,SCA,YRK,SCA|SEM|MLT|YRK
SP000642,1,17,EBN,BAL,EBN|HMD|XIL|PLG|XRH|LWS|PMP|XKM|HHE|TBD|GTW|ELD|XJS|PUR|ECR|SRS|BAL
SP000643,14,7,FST,GRY,FST|WEH|BKG|UPM|OCK|CFH|GRY
SP000644,6,26,BSW,MYB,BSW|BMO|XOH|TYS|SOL|DDG|HTN|WRP|WRW|LMS|XFC|BAN|KGS|XAN|BCS|XJV|HDM|PRR|SDR|HWY|GER|WRU|SRU|WCX|XNJ|MYB
SP000645,2,16,BAN,MYB,BAN|KGS|XAN|BCS|XJV|HDM|PRR|SDR|HWY|SRG|GER|WRU|SRU|WCX|XNJ|MYB
SP000646,71,10,BAL,REI,BAL|SRS|ECR|SCY|PUR|XJS|CDS|MHM|RDH|REI
SP000647,32,15,YRK,MAN,YRK|CHF|CFD|NOR|WKK|MIR|HUD|SWT|MSN|GNF|MSL|SYB|GUI|ABY|MAN
SP000648,4,20,LIV,BPN,LIV|EDG|WAV|BGE|ROB|HUY|PSC|ECL|THH|SNH|GSW|BYN|WGN|EBA|XOU|LEY|PRE|KKM|PFY|BPN
SP000649,12,11,FST,PSE,FST|WEH|BKG|UPM|OCK|CFH|GRY|TIL|ETL|SFO|PSE
SP000650,2,18,AYS,MYB,AYS|LTK|MRS|PRR|SDR|HWY|BCF|GER|DGC|DNM|WRU|SRU|NLT|SDH|SUD|WCX|XNJ|MYB
SP000651,6,22,PAD,PLY,PAD|STL|SLO|MAI|TWY|RDG|THE|NBY|BDW|PEW|WSB|CLC|TAU|TVP|EXD|DWW|DWL|TGM|NTA|TOT|IVY|PLY
SP000652,6,15,MAN,YRK,MAN|ABY|GUI|SYB|MSL|GNF|MSN|SWT|HUD|MIR|WKK|NOR|CFD|CHF|YRK
SP000653,4,26,PNZ,EXD,PNZ|SER|HYL|CBN|RED|TRU|SAU|PAR|LOS|BOD|LSK|MEN|SGM|STS|SBF|KEY|DOC|DPT|PLY|IVY|TOT|NTA|TGM|DWL|DWW|EXD
SP000654,2,23,XVJ,FAV,XVJ|BRX|HNH|KTH|BKJ|SRT|BMS|XLY|XMU|SAY|XWK|LGF|MEP|SOR|XRJ|RTR|CTM|GLM|RAI|NGT|SIT|TEY|FAV
SP000655,2,12,BSW,BAN,BSW|BMO|XOH|TYS|SOL|DDG|HTN|WRP|WRW|LMS|XFC|BAN
SP000656,2,13,MAN,YRK,MAN|ABY|SYB|MSL|GNF|MSN|SWT|HUD|MIR|WKK|NOR|CFD|YRK
SP000657,2,13,BIF,PRE,BIF|ROO|DLT|ULV|CAK|KBK|GOS|ARN|SVR|CNF|XOA|LAN|PRE
SP000658,73,11,EAD,WOK,EAD|RAY|NEM|SUR|ESH|HER|WAL|WYB|BFN|WBY|WOK
SP000659,4,9,CHX,ORP,CHX|WAE|NWX|XPY|HGR|GRP|CIT|XPE|ORP
SP000660,2,22,BIF,MIA,BIF|ROO|DLT|ULV|CAK|KBK|GOS|ARN|SVR|CNF|XOA|LAN|PRE|XOU|WGN|ECC|DGT|MCO|MAN|GTY|HDG|MIA
SP000661,29,20,MAN,NCL,MAN|ABY|GUI|SYB|GNF|MSN|HUD|DEW|MLY|LDS|CRG|MIK|CHF|YRK|THI|NTR|DAR|DHM|CLS|NCL
SP000662,4,26,LCN,CRE,LCN|HKM|CLM|XNK|NCT|FSK|BSB|THU|LOW|BUJ|CTO|NOT|BEE|ATB|XTR|LGE|SPO|DBY|TUT|UTT|BYB|LGN|SOT|KDG|ASG|CRE
SP000663,2,8,BDT,HUL,BDT|NFN|DRF|HUT|ARR|BEV|CGM|HUL
SP000664,2,6,GRV,MDW,GRV|SOO|CUX|AYL|MDB|MDW
SP000665,157,24,KWG,SRA,KWG|GUN|SAT|ACC|WJH|XKG|KNR|BSP|BSY|WHD|FNY|HDH|GPO|KTW|CMD|CIR|HII|XJC|CNN|DLK|HKC|HMN|HKW|SRA
SP000666,21,20,SHF,SCA,SHF|MHS|SWN|MEX|DON|KKS|HFS|GOO|GBD|BUH|HUL|CGM|BEV|DRF|BDT|BEM|HUB|FIL|SEM|SCA
SP000667,2,7,MYB,WRU,MYB|XNJ|WCX|SDH|NLT|SRU|WRU
SP000668,14,20,CHX,AFK,CHX|WAE|NWX|XPY|HGR|GRP|CIT|XMU|SAY|OTF|XOT|BRG|WMA|MDE|BSD|HBN|HRM|LEN|CHG|AFK
SP000669,2,7,LDS,SCA,LDS|CRG|MIK|YRK|MLT|SEM|SCA
SP000670,32,14,CHX,MDE,CHX|WAE|NWX|XPY|HGR|GRP|CIT|XMU|SAY|OTF|XOT|BRG|WMA|MDE
SP000671,40,8,ASL,NCL,ASL|BEJ|BLI|NWH|SEJ|NOP|MAS|NCL
SP000672,6,16,WEY,SOU,WEY|UPW|DCH|MTN|WOO|WRM|HOL|HAM|POO|PKS|BSM|BMH|BCU|TTN|RDB|SOU
SP000673,2,15,WEY,SOU,WEY|UPW|DCH|MTN|WOO|WRM|HAM|POO|PKS|BSM|BMH|BCU|TTN|RDB|SOU
SP000674,16,10,CAR,NCL,CAR|XRL|HWH|HDB|HEX|PRU|WYM|BLO|MCE|NCL
SP000675,2,15,INV,EDB,INV|CAG|AVM|KIN|DLW|PIT|DKD|PTH|DBL|STG|XGM|PMT|LIN|HYM|EDB
SP000676,29,24,NCL,KGX,NCL|DHM|DAR|NTR|THI|YRK|DON|RET|XNK|NNG|GRA|PBO|HUN|SDY|BIW|HIT|SVG|XGN|WGC|PBR|AAP|FPK|XKB|KGX
SP000677,1,29,MAN,RCC,MAN|ADK|ABY|GTO|GUI|SYB|MSL|GNF|MSN|SWT|HUD|DHN|MIR|WKK|XES|LDS|CRG|EGF|MIK|CHF|YRK|THI|NTR|YRM|EAG|TBY|MBR|SBK|RCC
SP000678,20,22,MAN,RCC,MAN|ABY|GUI|SYB|GNF|MSN|HUD|DEW|MLY|LDS|CRG|MIK|CHF|YRK|THI|NTR|YRM|EAG|TBY|MBR|SBK|RCC
SP000679,2,17,OXF,MYB,OXF|OXP|BIT|XGY|XJV|HDM|PRR|SDR|HWY|BCF|SRG|GER|WRU|SRU|WCX|XNJ|MYB
SP000680,6,15,GLQ,INV,GLQ|BBG|LNZ|CRO|STG|DBL|PTH|DKD|PIT|BLA|DLW|KIN|AVM|CAG|INV
SP000681,2,14,YRK,MAN,YRK|CHF|MIK|CRG|LDS|MLY|DEW|HUD|MSN|GNF|SYB|GUI|ABY|MAN
SP000682,2,25,GLM,XVJ,GLM|CTM|RTR|XRJ|SOR|MEP|LGF|XWK|FNR|SAY|SMY|XMU|XLY|BKL|BMS|SRT|RVB|BEC|BGM|CTF|CFT|NHD|PMR|DMK|XVJ
SP000683,92,9,GLQ,EDB,GLQ|BBG|LNZ|CRO|FKK|PMT|LIN|HYM|EDB
SP000684,31,20,STP,SHF,STP|KTN|WHP|CRI|HEN|SAC|LUT|FLT|BDM|WEL|KET|MHR|LEI|LBO|XTG|SPO|DBY|XAJ|CHD|SHF
SP000685,3,10,PRR,MYB,PRR|SDR|HWY|BCF|GER|WRU|SRU|WCX|XNJ|MYB
SP000686,22,9,GLC,EDB,GLC|BLH|SHS|XJB|WCL|LVG|SLA|HYM|EDB
SP000687,28,20,NCL,MAN,NCL|CLS|DHM|DAR|NTR|THI|YRK|CHF|MIK|CRG|LDS|MLY|DEW|HUD|MSN|GNF|SYB|GUI|ABY|MAN
SP000688,4,21,SHF,SCA,SHF|MHS|SWN|MEX|DON|KKS|HFS|TNN|GOO|GBD|BUH|HUL|CGM|BEV|DRF|BDT|BEM|HUB|FIL|SEM|SCA
SP000689,2,18,OXF,MYB,OXF|OXP|BIT|XGY|XJV|HDM|PRR|SDR|HWY|SRG|GER|DGC|DNM|WRU|SRU|WCX|XNJ|MYB
SP000690,2,1,AVM,AVM,AVM
SP000691,4,2,KYL,KYL,KYL|KYL
SP000692,2,25,DDG,WOS,DDG|WMR|SOL|OLT|ACG|TYS|XOH|SMA|BMO|BSW|JEQ|THW|SGB|SMW|LGG|ROW|OHL|CRA|LYE|SBJ|BKD|KID|HBY|DTW|WOS
SP000693,1,14,AVM,DEE,AVM|IVA|FOR|ELG|HNT|INR|DYC|STN|LAU|MTS|ARB|CAN|BYF|DEE
SP000694,14,17,HUL,MAN,HUL|BUH|GBD|HOW|SBY|MIK|CRG|LDS|MLY|DEW|HUD|MSN|GNF|SYB|GUI|ABY|MAN
SP000695,14,23,HGT,KGX,HGT|HRS|LDS|WKF|AWK|DON|RET|XNK|NNG|GRA|PBO|HUN|SDY|BIW|HIT|SVG|XGN|WGC|PBR|AAP|FPK|XKB|KGX
SP000696,2,17,SHF,BDT,SHF|MHS|SWN|MEX|DON|KKS|HFS|GOO|GBD|BUH|HUL|CGM|BEV|HUT|DRF|NFN|BDT
SP000697,2,20,HUL,MAN,HUL|BUH|GBD|HOW|SBY|SOM|MIK|CRG|LDS|MLY|DEW|HUD|SWT|MSN|GNF|MSL|SYB|GUI|ABY|MAN
SP000698,36,25,KGX,NCL,KGX|XKB|FPK|AAP|PBR|WGC|XGN|SVG|HIT|BIW|SDY|HUN|XHO|PBO|GRA|NNG|XNK|RET|DON|YRK|THI|NTR|DAR|DHM|NCL
SP000699,2,5,ELG,KYL,ELG|FOR|NRN|IVA|KYL
SP000700,14,24,KGX,BDQ,KGX|XKB|FPK|AAP|PBR|WGC|XGN|SVG|HIT|BIW|SDY|HUN|XHO|PBO|GRA|NNG|XNK|RET|DON|AWK|WKF|LDS|SHY|BDQ
SP000701,2,12,SHF,HUL,SHF|MHS|SWN|MEX|DON|KKS|HFS|GOO|SAM|GBD|BUH|HUL
SP000702,12,19,HUL,MAN,HUL|BUH|GBD|HOW|SBY|MIK|CRG|LDS|MLY|DEW|HUD|SWT|MSN|GNF|MSL|SYB|GUI|ABY|MAN
SP000703,2,7,GER,MYB,GER|DNM|WRU|SRU|WCX|XNJ|MYB
SP000704,20,16,SRA,BIS,SRA|XTA|LEB|XMI|TOM|NUM|BMD|ENL|WLC|CHN|BXB|RYN|HWN|HWM|SAW|BIS
SP000705,3,11,SHF,HUL,SHF|MHS|SWN|MEX|DON|KKS|HFS|GOO|GBD|BUH|HUL
SP000706,1,33,MAN,HUL,MAN|ADK|ABY|GTO|GUI|SYB|MSL|GNF|MSN|SWT|HUD|DHN|MIR|RVN|DEW|BTL|MLY|COT|LDS|CRG|EGF|MIK|SOM|SBY|WRS|HOW|EGN|GBD|BMF|BUH|FRY|HES|HUL
SP000707,4,25,MLN,EDB,MLN|HLF|BRN|WES|ANL|HYN|PTK|CHC|GQL|HST|BLG|CAY|SLS|CBS|ADR|DRU|CAC|BKR|ARM|BHG|LSN|UHA|EDP|HYM|EDB
SP000708,2,13,SRA,BIS,SRA|XTA|LEB|XMI|TOM|BMD|CHN|BXB|RYN|HWN|HWM|SAW|BIS
SP000709,36,4,SUY,MKT,SUY|BUE|CWC|MKT
SP000710,2,9,CHD,LDS,CHD|DRO|SHF|MHS|BNY|WKK|NOR|XES|LDS
SP000711,36,4,MKT,SUY,MKT|CWC|BUE|SUY
SP000712,32,12,NOT,LDS,NOT|ILN|LGM|ALF|CHD|DRO|SHF|MHS|BNY|WKK|XES|LDS
SP000713,34,10,IPS,CBG,IPS|NMT|SMK|ESW|TRS|BSE|KNE|NMK|DUL|CBG
SP000714,28,12,LDS,NOT,LDS|XES|WKK|BNY|MHS|SHF|DRO|CHD|ALF|LGM|ILN|NOT
SP000715,2,18,DON,KGX,DON|RET|XNK|NNG|GRA|PBO|HUN|SDY|BIW|HIT|SVG|XGN|WGC|PBR|AAP|FPK|XKB|KGX
SP000716,2,15,LDS,SLB,LDS|CRG|MIK|CHF|YRK|THI|NTR|YRM|EAG|TBY|MBR|SBK|RCC|LGK|SLB
SP000717,31,22,STP,SHF,STP|KTN|WHP|CRI|HEN|SAC|LUT|FLT|BDM|WEL|KET|MHR|LEI|LBO|EMD|XTG|LGE|SPO|DBY|XAJ|CHD|SHF
SP000718,5,20,AFK,CHX,AFK|CHG|LEN|HRM|HBN|BSD|MDE|WMA|BRG|XOT|OTF|SAY|XMU|CIT|GRP|HGR|XPY|NWX|WAE|CHX
SP000719,4,23,MAN,RCC,MAN|ABY|GUI|SYB|GNF|MSN|HUD|DEW|MLY|LDS|CRG|GRF|MIK|CHF|YRK|THI|NTR|YRM|EAG|TBY|MBR|SBK|RCC
SP000720,10,17,MCM,LDS,MCM|BAR|LAN|XOA|CNF|WNN|BEN|CPY|GIG|LPR|HLD|GGV|SKI|KEI|BIY|SHY|LDS
SP000721,38,14,MDE,CHX,MDE|WMA|BRG|XOT|OTF|SAY|XMU|CIT|GRP|HGR|XPY|NWX|WAE|CHX
SP000722,2,17,AFK,CHX,AFK|CHG|BSD|MDE|WMA|BRG|XOT|OTF|SAY|XMU|CIT|GRP|HGR|XPY|NWX|WAE|CHX
SP000723,74,13,HYS,CHX,HYS|WWI|EDN|ELE|CLK|NBC|LSY|CFB|LAD|LEW|NWX|WAE|CHX
SP000724,74,6,BSK,RDG,BSK|BMY|MOR|RGP|RDW|RDG
SP000725,70,16,CST,DFD,CST|XKE|NWX|SAJ|LEW|BKH|CTN|WWD|WWA|PLU|ABW|BVD|ERH|SGR|XRT|DFD
SP000726,28,12,IPS,LWT,IPS|WFI|WDB|MES|WCM|SAX|DSM|HAS|BRP|BCC|OUS|LWT
SP000727,2,3,COL,IPS,COL|MNG|IPS
SP000728,12,11,SKI,LDS,SKI|CEY|SON|KEI|CFL|BIY|SAE|SHY|APY|KLF|LDS
SP000729,2,13,LDS,NOT,LDS|XES|NOR|WKK|BNY|MHS|SHF|DRO|CHD|ALF|LGM|ILN|NOT
SP000730,2,27,BWK,KGX,BWK|ALM|MPT|NCL|DHM|DAR|NTR|THI|YRK|DON|RET|XNK|NNG|GRA|PBO|HUN|SDY|BIW|HIT|SVG|XGN|WGC|PBR|AAP|FPK|XKB|KGX
SP000731,1,5,YRK,WKK,YRK|CHF|CFD|NOR|WKK
SP000732,66,13,CHX,HYS,CHX|WAE|NWX|XPY|LAD|CFB|LSY|NBC|CLK|ELE|EDN|WWI|HYS
SP000733,26,42,BMH,MAN,BMH|BCU|TTN|RDB|SOU|SDN|SOA|ESL|XEW|WIN|MIC|BSK|BMY|RDG|GOR|OXF|HYD|XAN|BAN|XFC|LMS|COV|BKW|BHI|SCF|XOZ|BHM|XOS|XGJ|DDP|WVH|XBJ|PKG|STA|SNE|SOT|KDG|CNG|MAC|CHU|SPT|MAN
SP000734,36,5,FLX,IPS,FLX|TRM|DBR|WFI|IPS
SP000735,2,18,MRF,CTR,MRF|LVL|XLV|LVJ|BKQ|BKC|GNL|RFY|BEB|PSL|SPI|BMR|BOM|ERA|HOO|CPU|BAC|CTR
SP000736,36,5,IPS,FLX,IPS|WFI|DBR|TRM|FLX
SP000737,2,6,NOT,SHF,NOT|ILN|LGM|ALF|CHD|SHF
SP000738,2,30,HOO,CTR,HOO|ERA|BOM|BMR|SPI|PSL|BEB|RFY|GNL|BKC|BKQ|LVJ|MRF|LVL|XLV|LVJ|BKQ|BKC|GNL|RFY|BEB|PSL|SPI|BMR|BOM|ERA|HOO|CPU|BAC|CTR
SP000739,2,20,EBN,AFK,EBN|HMD|XIL|PEV|PEB|NSB|COB|CLL|BEX|XOP|SLQ|HGS|ORE|TOK|DLH|WSE|RYE|APD|HMT|AFK
SP000740,21,20,BPN,MIA,BPN|PFY|KKM|PRE|LEY|XOU|BSV|CRL|ADL|BLK|HWI|LOT|XLK|BON|SLD|DGT|MCO|MAN|HDG|MIA
SP000741,2,6,OXF,RDG,OXF|DID|CHO|GOR|TLH|RDG
SP000742,112,33,CTR,CTR,CTR|BAC|CPU|HOO|ERA|BOM|BMR|SPI|PSL|BEB|RFY|GNL|BKC|BKQ|LVJ|MRF|LVL|XLV|LVJ|BKQ|BKC|GNL|RFY|BEB|PSL|SPI|BMR|BOM|ERA|HOO|CPU|BAC|CTR
SP000743,66,13,COR,STP,COR|KET|WEL|BDM|FLT|LUT|LTN|SAC|HEN|CRI|WHP|KTN|STP
SP000744,2,23,NCL,KGX,NCL|DHM|NTR|THI|YRK|DON|RET|XNK|NNG|GRA|PBO|HUN|SDY|BIW|HIT|SVG|XGN|WGC|PBR|AAP|FPK|XKB|KGX
SP000745,16,19,BPN,MIA,BPN|LAY|PFY|KKM|PRE|LEY|XOU|BSV|CRL|HWI|LOT|XLK|BON|SLD|DGT|MCO|MAN|HDG|MIA
SP000746,58,9,SKI,LDS,SKI|CEY|SON|KEI|CFL|BIY|SAE|SHY|LDS
SP000747,34,10,CBG,IPS,CBG|DUL|NMK|KNE|BSE|TRS|ESW|SMK|NMT|IPS
SP000748,136,14,GPO,BGV,GPO|XJR|UHL|CRH|HRY|STO|BHO|WMW|LEM|LER|WNP|WGR|BKG|BGV
SP000749,4,33,ELP,CTR,ELP|OVE|LTT|HOO|ERA|BOM|BMR|SPI|PSL|BEB|RFY|GNL|BKC|BKQ|LVJ|MRF|LVL|XLV|LVJ|BKQ|BKC|GNL|RFY|BEB|PSL|SPI|BMR|BOM|ERA|HOO|CPU|BAC|CTR
SP000750,2,39,LIV,NRW,LIV|EDG|ALE|HNX|HGN|WID|WAC|BWD|DGT|MCO|MAN|SPT|HAZ|EDL|BAM|HSG|GRN|DOR|SHF|CHD|ALF|LGM|NOT|RDF|BIN|ALK|GRA|PBO|WLE|MCH|MNE|XYE|ELY|XYE|BND|TTF|ATL|WMD|NRW
SP000751,37,16,MAN,CTR,MAN|SPT|NVR|ALT|HAL|ASY|MOB|KNF|PLM|LTG|NWI|GBK|CUD|DLM|MLD|CTR
SP000752,2,8,MAT,DBY,MAT|MTB|CMF|WTS|AMB|BLP|DFI|DBY
SP000753,148,15,XVJ,ORP,XVJ|BRX|HNH|WDU|SYH|PNE|KTH|BKJ|SRT|BMS|BKL|XLY|XPE|PET|ORP
SP000754,23,21,BPN,MIA,BPN|LAY|PFY|KKM|PRE|LEY|XOU|BSV|CRL|ADL|BLK|HWI|LOT|XLK|BON|SLD|DGT|MCO|MAN|HDG|MIA
SP000755,2,8,DBY,MAT,DBY|DFI|BLP|AMB|WTS|CMF|MTB|MAT
SP000756,67,13,CHX,DFD,CHX|WAE|NWX|LEW|BKH|KDB|ELW|FCN|WLI|BXH|BNH|XRT|DFD
SP000757,2,16,LIV,PRE,LIV|EDG|WAV|BGE|ROB|HUY|PSC|ECL|THH|SNH|GSW|BYN|WGN|XOU|LEY|PRE
SP000758,26,29,ORE,BAL,ORE|HGS|SLQ|XOP|BEX|CLL|COB|NSB|PEV|XIL|HMD|EBN|HMD|XIL|PLG|XRH|LWS|PMP|XKM|WVF|HHE|TBD|GTW|ELD|XJS|PUR|ECR|SRS|BAL
SP000759,7,18,BPN,MIA,BPN|PFY|KKM|PRE|LEY|XOU|BSV|CRL|HWI|LOT|XLK|BON|SLD|DGT|MCO|MAN|HDG|MIA
SP000760,2,41,GLM,LUT,GLM|CTM|RTR|XRJ|SOO|HGM|GRV|XSR|NFL|SWM|GNH|SCG|DFD|XRT|SGR|ABW|PLU|WWA|CTN|WCB|MZH|GNW|DEP|XKE|XMK|BFR|CTK|ZFD|SPL|KTN|WHP|CRI|BCZ|HEN|MIL|ELS|RDT|SAC|HPD|LTN|LUT
SP000761,1,29,WHP,RAI,WHP|KTN|SPL|ZFD|CTK|BFR|XMK|XKE|NWX|SAJ|LEW|BKH|ELW|BNH|XRT|DFD|SCG|GNH|SWM|NFL|XSR|GRV|HGM|SOO|XRJ|RTR|CTM|GLM|RAI
SP000762,44,3,GLD,HWX,GLD|WOK|HWX
SP000763,36,16,CTR,MAN,CTR|MLD|DLM|CUD|GBK|NWI|LTG|PLM|KNF|MOB|ASY|HAL|ALT|NVR|SPT|MAN
SP000764,16,10,RSH,MAN,RSH|RML|WLY|HYC|HYT|GUI|FRF|GTO|ABY|MAN
SP000765,8,19,WDM,MIA,WDM|SVL|BUD|KEN|OXN|XOA|LAN|PRE|XOU|CRL|XLK|BON|SLD|DGT|MCO|MAN|GTY|HDG|MIA
SP000766,2,7,CHX,HYS,CHX|WAE|NWX|XPY|NBC|ELE|HYS
SP000767,10,3,OKE,BUA,OKE|XEE|BUA
SP000768,2,15,AFK,CHX,AFK|HCN|SPU|PDW|TON|SEV|ORP|XPE|CIT|GRP|HGR|XPY|NWX|WAE|CHX
SP000769,3,25,BIF,MIA,BIF|ROO|DLT|ULV|CAK|KBK|GOS|ARN|SVR|CNF|XOA|LAN|PRE|XOU|CRL|HWI|XLK|BON|SLD|DGT|MCO|MAN|GTY|HDG|MIA
SP000770,2,16,AFK,CST,AFK|HCN|SPU|PDW|TON|SEV|ORP|XPE|CIT|GRP|HGR|XPY|SAJ|NWX|XKE|CST
SP000771,1,15,TON,CHX,TON|HLB|SEV|CLD|ORP|XPE|XLY|BMS|SRT|BKJ|NBC|XPY|NWX|WAE|CHX
SP000772,2,14,RET,NOT,RET|WRK|SRO|KVP|KIV|WDH|DAN|SHF|DRO|CHD|ALF|LGM|ILN|NOT
SP000773,65,16,DFD,CST,DFD|XRT|SGR|ERH|BVD|ABW|PLU|WWA|WWD|CTN|BKH|LEW|SAJ|NWX|XKE|CST
SP000774,8,9,MAN,WML,MAN|MAU|BNA|EDY|GTY|HDG|MIA|SYA|WML
SP000775,1,21,AFK,XVJ,AFK|CHG|BSD|MDE|BMG|EML|WMA|BRG|XOT|OTF|SAY|SMY|XMU|XLY|BMS|SRT|BKJ|KTH|HNH|BRX|XVJ
SP000776,34,8,LDS,KNO,LDS|WKF|WKK|SHC|FEA|POT|PFM|KNO
SP000777,2,24,BTN,ORE,BTN|LRB|MCB|FMR|LWS|XRH|GLY|BRK|PLG|XIL|HMD|EBN|HMD|XIL|PEV|PEB|NSB|COB|CLL|BEX|XOP|SLQ|HGS|ORE
SP000778,4,9,CHT,NCL,CHT|ALM|ACK|WDD|PEG|MPT|CRM|MAS|NCL
SP000779,11,12,XHZ,SQE,XHZ|XIC|DLJ|HGG|HOX|SDC|ZLW|SDE|WPE|ROE|ZCW|SQE
SP000780,2,16,DLJ,BAK,DLJ|HGG|HOX|SDC|ZLW|SDE|WPE|ROE|ZCW|SQE|QRP|DMK|CLP|XVJ|WWR|BAK
SP000781,28,8,KNO,LDS,KNO|PFM|POT|FEA|SHC|WKK|WKF|LDS
SP000782,10,2,BUA,OKE,BUA|OKE
SP000783,17,24,AFK,XVJ,AFK|CHG|LEN|HRM|HBN|BSD|MDE|BMG|EML|WMA|BRG|XOT|OTF|SAY|SMY|XMU|XLY|BMS|SRT|BKJ|KTH|HNH|BRX|XVJ
SP000784,2,28,GLM,CST,GLM|CTM|RTR|XRJ|SOO|HGM|GRV|XSR|NFL|SWM|GNH|SCG|DFD|XRT|SGR|ERH|BVD|ABW|PLU|WWA|WWD|CTN|BKH|LEW|SAJ|NWX|XKE|CST
SP000785,32,4,MPT,NCL,MPT|CRM|MAS|NCL
SP000786,68,16,EPD,BAK,EPD|BAD|BLM|SUO|CSB|WLT|WDO|WCY|XGU|SRS|TTH|NRB|SRC|BAL|WSW|BAK
SP000787,25,25,AFK,XVJ,AFK|CHG|LEN|HRM|HBN|BSD|MDE|BMG|EML|WMA|BRG|KMS|XOT|OTF|SAY|SMY|XMU|XLY|BMS|SRT|BKJ|KTH|HNH|BRX|XVJ
SP000788,2,22,GRV,CST,GRV|XSR|NFL|SWM|GNH|SCG|DFD|XRT|SGR|ERH|BVD|ABW|PLU|WWA|WWD|CTN|BKH|LEW|SAJ|NWX|XKE|CST
SP000789,2,8,EPD,WCY,EPD|BAD|BLM|SUO|CSB|WLT|WDO|WCY
SP000790,26,11,NRW,SHM,NRW|XWH|SAH|HXM|WRT|NWA|GNT|RNR|CMR|WRN|SHM
SP000791,2,23,AFK,XVJ,AFK|CHG|LEN|HRM|HBN|BSD|MDE|BMG|EML|WMA|BRG|XOT|OTF|SAY|XMU|XLY|BMS|SRT|BKJ|KTH|HNH|BRX|XVJ
SP000792,6,9,NRW,SHM,NRW|XWH|SAH|HXM|WRT|NWA|CMR|WRN|SHM
SP000793,30,4,CPG,BWR,CPG|MIM|SWW|BWR
SP000794,2,30,MSR,XVJ,MSR|STU|CBW|CRT|CIL|WYE|AFK|CHG|LEN|HRM|HBN|BSD|MDE|BMG|EML|WMA|BRG|KMS|XOT|OTF|SAY|XMU|XLY|BMS|SRT|BKJ|KTH|HNH|BRX|XVJ
SP000795,36,23,LIV,MIA,LIV|EDG|WAV|BGE|ROB|HUY|WHN|RNH|LEG|SHJ|ERL|NLW|PAT|ECC|DGT|MCO|MAN|MAU|BNA|EDY|GTY|HDG|MIA
SP000796,2,6,PAD,HAF,PAD|EAL|STL|HAY|HXX|HAF
SP000797,4,9,SHM,NRW,SHM|WRN|CMR|NWA|WRT|HXM|SAH|XWH|NRW
SP000798,2,28,FKC,XVJ,FKC|FKW|XSI|SDG|WHA|AFK|CHG|LEN|HRM|HBN|BSD|MDE|BMG|EML|WMA|BRG|XOT|OTF|SAY|XMU|XLY|BMS|SRT|BKJ|KTH|HNH|BRX|XVJ
SP000799,2,26,KGX,BDI,KGX|XKB|FPK|AAP|PBR|WGC|XGN|SVG|HIT|BIW|SDY|HUN|XHO|PBO|GRA|NNG|XNK|RET|DON|AWK|WKK|MIR|BGH|HFX|LMR|BDI
SP000800,22,11,SHM,NRW,SHM|WRN|CMR|RNR|GNT|NWA|WRT|HXM|SAH|XWH|NRW
SP000801,4,23,PAD,PLY,PAD|STL|SLO|MAI|TWY|RDG|THE|NBY|HGD|BDW|PEW|WSB|CLC|TAU|TVP|EXD|DWW|DWL|TGM|NTA|TOT|IVY|PLY
SP000802,2,10,SHM,NRW,SHM|WRN|CMR|RNR|NWA|WRT|HXM|SAH|XWH|NRW
SP000803,2,8,SHM,NRW,SHM|WRN|CMR|GNT|NWA|HXM|XWH|NRW
SP000804,158,18,APN,SHZ,APN|REG|SGH|NCZ|HEZ|PAW|FEG|BNR|EBL|SEB|STI|STZ|SUN|CIC|UNV|MIF|PAI|SHZ
SP000805,4,7,SHM,NRW,SHM|WRN|CMR|NWA|HXM|XWH|NRW
SP000806,2,10,NRW,SHM,NRW|XWH|SAH|HXM|WRT|NWA|GNT|CMR|WRN|SHM
SP000807,4,3,MIM,BWR,MIM|SWW|BWR
SP000808,2,6,SHM,NRW,SHM|CMR|NWA|HXM|XWH|NRW
SP000809,14,33,PNZ,PAD,PNZ|SER|CBN|RED|TRU|SAU|PAR|LOS|BOD|LSK|SGM|STS|PLY|IVY|TOT|NTA|TGM|DWL|DWW|EXD|TVP|TAU|CLC|BDW|HGD|NBY|THE|RDG|TWY|MAI|SLO|STL|PAD
SP000810,128,8,HBL,LVC,HBL|KIR|FAZ|RIL|KKD|SDL|XMR|LVC
SP000811,2,4,CTR,HOO,CTR|BAC|CPU|HOO
SP000812,126,8,LVC,HBL,LVC|XMR|SDL|KKD|RIL|FAZ|KIR|HBL
SP000813,5,2,FGH,RSB,FGH|RSB
SP000814,1,6,PAD,HWV,PAD|EAL|STL|HAY|HXX|HWV
SP000815,4,2,RSB,FGH,RSB|FGH
SP000816,2,20,ELP,BKQ,ELP|OVE|LTT|HOO|ERA|BOM|BMR|SPI|PSL|BEB|RFY|GNL|BKC|BKQ|LVJ|MRF|LVL|XLV|LVJ|BKQ
SP000817,173,18,SHZ,APN,SHZ|PAI|MIF|UNV|CIC|SUN|STZ|STI|SEB|EBL|BNR|FEG|PAW|HEZ|NCZ|SGH|REG|APN
SP000818,142,17,LVC,SOP,LVC|XMR|SDL|BAH|BOT|BNW|SFL|WLO|BLN|HLR|HTO|FBY|FRE|ANS|HIL|BDL|SOP
SP000819,2,23,RFY,ELP,RFY|GNL|BKC|BKQ|LVJ|MRF|LVL|XLV|LVJ|BKQ|BKC|GNL|RFY|BEB|PSL|SPI|BMR|BOM|ERA|HOO|LTT|OVE|ELP
SP000820,12,30,CDF,PMD,CDF|PYC|LLR|PCD|BGN|PYL|PTA|BAJ|BNF|NTH|SKE|LAS|SWA|GWN|LLE|PBY|KWL|FYS|XCI|CMN|WTL|NAR|KGT|SDF|TEN|PNA|MRB|LAM|PMB|PMD
SP000821,2,30,HOO,ELP,HOO|ERA|BOM|BMR|SPI|PSL|BEB|RFY|GNL|BKC|BKQ|LVJ|MRF|LVL|XLV|LVJ|BKQ|BKC|GNL|RFY|BEB|PSL|SPI|BMR|BOM|ERA|HOO|LTT|OVE|ELP
SP000822,30,4,BWR,CPG,BWR|SWW|MIM|CPG
SP000823,6,6,SHR,CTR,SHR|GOB|CRK|RUA|WRX|CTR
SP000824,66,33,ELP,ELP,ELP|OVE|LTT|HOO|ERA|BOM|BMR|SPI|PSL|BEB|RFY|GNL|BKC|BKQ|LVJ|MRF|LVL|XLV|LVJ|BKQ|BKC|GNL|RFY|BEB|PSL|SPI|BMR|BOM|ERA|HOO|LTT|OVE|ELP
SP000825,1,14,MAN,SOT,MAN|LVM|HTC|SPT|CHU|BML|PYT|ADC|PRB|MAC|CNG|KDG|LPT|SOT
SP000826,2,4,HOO,ELP,HOO|LTT|OVE|ELP
SP000827,4,8,ZHS,ZUM,ZHS|ZTU|GUN|KWG|KWG|GUN|ZTU|ZUM
SP000828,3,7,CTR,LIV,CTR|HSB|FRD|RUN|ALE|EDG|LIV
SP000829,68,6,SRA,MRW,SRA|XTA|LEB|TOM|NUM|MRW
SP000830,4,8,ZET,ZUM,ZET|ZTU|GUN|KWG|KWG|GUN|ZTU|ZUM
SP000831,1,19,HHD,WBQ,HHD|VAL|LPG|BNG|LLF|PMW|CNW|LLJ|CWB|AGL|RHL|PRT|FLN|SHT|CTR|HSB|FRD|RUE|WBQ
SP000832,68,6,MRW,SRA,MRW|NUM|TOM|LEB|XTA|SRA
SP000833,8,16,SHZ,SGH,SHZ|PAI|MIF|UNV|CIC|SUN|STZ|STI|SEB|EBL|BNR|FEG|PAW|HEZ|NCZ|SGH
SP000834,4,7,KNO,WKF,KNO|PFM|POT|FEA|SHC|WKK|WKF
SP000835,2,17,PAD,WSM,PAD|STL|SLO|MAI|TWY|RDG|GOR|DID|SWI|CPM|BTH|KYN|BRI|NLS|YAT|WOR|WSM
SP000836,48,9,PEN,CPH,PEN|DGL|GTN|CDF|CDQ|HHL|LLS|LVT|CPH
SP000837,1,32,AYW,BHI,AYW|LLB|BOW|BRH|DVY|MCN|CWS|NWT|WLP|SHR|XSY|WLN|TFC|XMD|COS|ALB|BBK|WVH|CSY|TIP|DDP|SAD|SGB|XGJ|SMR|XOS|BHM|XOZ|SCF|LEH|MGN|BHI
SP000838,12,17,REG,SHZ,REG|SGH|NCZ|HEZ|PAW|FEG|BNR|EBL|SEB|STI|STZ|SUN|CIC|UNV|MIF|PAI|SHZ
SP000839,15,24,AYW,BHI,AYW|LLB|BOW|BRH|DVY|MCN|CWS|NWT|WLP|SHR|XSY|WLN|TFC|XMD|COS|WVH|DDP|SAD|XGJ|XOS|BHM|XOZ|SCF|BHI
SP000840,2,36,PAD,PNZ,PAD|STL|SLO|MAI|TWY|RDG|GOR|DID|SWI|CPM|BTH|BRI|BWT|TAU|TVP|EXD|DWW|DWL|TGM|NTA|TOT|IVY|PLY|STS|SGM|LSK|BOD|LOS|PAR|SAU|TRU|RED|CBN|HYL|SER|PNZ
SP000841,64,11,COY,PEN,COY|WHT|RHI|BCG|TGS|HLL|CDQ|CDF|GTN|DGL|PEN
SP000842,26,10,EDB,COW,EDB|HYM|EGY|DAM|NQU|INK|ROS|DFE|DFL|COW
SP000843,1,18,XSU,EPS,XSU|XLJ|NXG|BCY|HPA|FOH|SYD|ANZ|NWD|XGU|WCY|WDO|WLT|CSB|SUO|CHE|EWE|EPS
SP000844,6,3,BWR,MIM,BWR|SWW|MIM
SP000845,4,3,NCL,MCE,NCL|DOT|MCE
SP000846,1,26,SLB,LLD,SLB|LGK|RCC|SBK|MBR|TBY|EAG|YRM|NTR|THI|CHF|DON|MEX|XAJ|TUT|LGN|SOT|KDG|ASG|SHT|FLN|PRT|RHL|AGL|CWB|LLD
SP000847,8,27,LLJ,BHI,LLJ|CWB|AGL|RHL|PRT|FLN|SHT|CTR|WRX|RUA|CRK|GOB|SHR|XSY|WLN|TFC|XMD|COS|WVH|DDP|SAD|XGJ|XOS|BHM|XOZ|SCF|BHI
SP000848,1,19,PAD,WOS,PAD|STL|SLO|MAI|TWY|RDG|GOR|OXF|HND|CBY|AUW|SIP|KGM|MIM|HYB|EVE|PSH|WPH|WOS
SP000849,2,5,SIV,PNZ,SIV|CBB|LEL|SER|PNZ
SP000850,8,6,AYW,MCN,AYW|LLB|BOW|BRH|DVY|MCN
SP000851,2,21,BHM,AYW,BHM|XOS|XGJ|SAD|DDP|WVH|COS|XMD|TFC|WLN|XSY|SHR|WLP|NWT|CWS|MCN|DVY|BRH|BOW|LLB|AYW
SP000852,6,8,PLY,EXD,PLY|IVY|TOT|NTA|TGM|DWL|DWW|EXD
SP000853,6,10,DID,BAN,DID|APF|CUM|RAD|OXF|TAC|HYD|XAN|KGS|BAN
SP000854,44,6,TRU,FAL,TRU|PRW|PYN|PNM|FMT|FAL
SP000855,4,6,OXF,BAN,OXF|TAC|HYD|XAN|KGS|BAN
SP000856,2,4,NCL,DAR,NCL|CLS|DHM|DAR
SP000857,6,9,WML,MAN,WML|SYA|MIA|HDG|GTY|EDY|BNA|MAU|MAN
SP000858,27,9,PAD,OXF,PAD|STL|SLO|MAI|TWY|RDG|GOR|DID|OXF
SP000859,8,10,AYW,SHR,AYW|LLB|BOW|BRH|DVY|MCN|CWS|NWT|WLP|SHR
SP000860,2,16,GLQ,ABD,GLQ|BBG|LNZ|CRO|STG|DBL|PTH|DEE|BYF|CAN|ARB|MTS|LAU|STN|PLN|ABD
SP000861,28,14,CRE,MAN,CRE|SDB|HCH|CEL|ALD|WML|SYA|MIA|HDG|GTY|EDY|BNA|MAU|MAN
SP000862,30,14,PAD,CNM,PAD|STL|SLO|MAI|TWY|RDG|GOR|DID|SWI|KEM|STD|SHU|GCR|CNM
SP000863,6,16,GLQ,ABD,GLQ|BBG|LNZ|CRO|STG|DBL|PTH|DEE|BYF|MON|CAN|ARB|MTS|LAU|STN|ABD
SP000864,2,21,CRE,EUS,CRE|STA|XCO|XOI|LTV|TAM|XIM|NUN|RUG|XWZ|XHN|MKC|BLY|XOD|TRI|XOE|WFJ|HRW|WMB|XWI|EUS
SP000865,10,31,HHD,CDF,HHD|VAL|RHO|TYC|BOR|LPG|BNG|PMW|LLJ|CWB|AGL|RHL|PRT|FLN|SHT|CTR|WRX|RUA|CRK|GOB|SHR|CTT|CRV|LUD|LEO|HFD|AGV|PPL|CWM|NWP|CDF
SP000866,16,5,TRU,FAL,TRU|PYN|PNM|FMT|FAL
SP000867,10,15,GLQ,ABD,GLQ|BBG|LNZ|CRO|STG|DBL|PTH|DEE|BYF|CAN|ARB|MTS|LAU|STN|ABD
SP000868,24,28,EUS,LIV,EUS|XWI|WMB|HRW|WFJ|XOE|TRI|XOD|BLY|MKC|XHN|XWZ|RUG|NUN|XIM|TAM|LTV|XOI|XCO|STA|CRE|WSF|ACB|XYJ|RUN|ALE|EDG|LIV
SP000869,12,31,CDF,HHD,CDF|NWP|CWM|PPL|AGV|HFD|LEO|LUD|CRV|CTT|SHR|GOB|CRK|RUA|WRX|CTR|SHT|FLN|PRT|RHL|AGL|CWB|LLJ|PMW|BNG|LPG|BOR|TYC|RHO|VAL|HHD
SP000870,50,9,CPH,PEN,CPH|LVT|LLS|HHL|CDQ|CDF|GTN|DGL|PEN
SP000871,2,9,CDF,PPD,CDF|CDQ|CYS|LLN|RDR|TAF|TRE|TRF|PPD
SP000872,5,2,HPQ,HVH,HPQ|HVH
SP000873,2,25,CDF,HHD,CDF|NWP|CWM|PPL|AGV|HFD|LEO|LUD|CRV|SHR|GOB|WRX|CTR|SHT|FLN|PRT|RHL|AGL|CWB|LLJ|PMW|BNG|LPG|VAL|HHD
SP000874,5,2,HVH,HPQ,HVH|HPQ
SP000875,4,17,GLQ,ABD,GLQ|BBG|LNZ|CRO|STG|DBL|PTH|DEE|BYF|MON|CAN|ARB|MTS|LAU|STN|PLN|ABD
SP000876,6,7,WOK,AON,WOK|BKO|AHV|AHT|FNH|BTY|AON
SP000877,2,17,GLQ,ABD,GLQ|BBG|LNZ|CRO|STG|BEA|DBL|PTH|DEE|BYF|MON|CAN|ARB|MTS|LAU|STN|ABD
SP000878,2,19,GLQ,ABD,GLQ|BBG|LNZ|CRO|STG|BEA|DBL|GLE|PTH|DEE|BYF|MON|CAN|ARB|MTS|LAU|STN|PLN|ABD
SP000879,59,12,NEM,AON,NEM|SUR|WYB|BFN|WBY|WOK|BKO|AHV|AHT|FNH|BTY|AON
SP000880,39,12,AON,NEM,AON|BTY|FNH|AHT|AHV|BKO|WOK|WBY|BFN|WYB|SUR|NEM
SP000881,8,9,AON,NEM,AON|BTY|FNH|AHT|AHV|BKO|WOK|SUR|NEM
SP000882,9,23,EUS,WVH,EUS|XWI|WMB|HRW|WFJ|XOE|TRI|XOD|BLY|MKC|XHN|XWZ|RUG|COV|BKW|BHI|SCF|XOZ|BHM|XOS|XGJ|DDP|WVH
SP000883,2,17,GLQ,INV,GLQ|BBG|LNZ|CRO|STG|BEA|DBL|GLE|PTH|DKD|PIT|BLA|DLW|KIN|AVM|CAG|INV
SP000884,2,37,CMN,SHR,CMN|XCI|FYS|KWL|PBY|LLE|BYE|LLH|PTD|PTF|AMF|LLI|FFA|LLL|LLG|LNR|LLV|CYN|SUG|LNW|LLM|GTH|CIM|BHR|LLO|PNY|DOL|LLT|LGO|KNU|KNI|BUK|HPT|BME|CRV|CTT|SHR
SP000885,2,32,EUS,CRE,EUS|XWI|WMB|HRW|WFJ|XOE|TRI|XOD|BLY|MKC|XHN|XWZ|RUG|COV|BKW|BHI|SCF|XOZ|BHM|XOS|XRA|BSC|XPJ|WVH|XBJ|PKG|STA|SNE|SOT|KDG|ASG|CRE
SP000886,4,20,EBB,MST,EBB|EBV|LTH|NBE|CKY|RCA|ROR|PYE|NWP|CDF|PYC|LLR|PCD|BGN|WMI|SRR|TDU|GMG|MEW|MST
SP000887,6,9,GLQ,PTH,GLQ|BBG|LNZ|CRO|STG|BEA|DBL|GLE|PTH
SP000888,2,14,LEV,EDB,LEV|CBX|KDY|KGH|BTS|AUR|DAG|INK|NQU|DAM|EGY|SGL|HYM|EDB
SP000889,2,9,CRE,BHM,CRE|STA|PKG|XBJ|WVH|DDP|XGJ|XOS|BHM
SP000890,2,18,GLQ,ARB,GLQ|BBG|LNZ|CRO|STG|BEA|DBL|GLE|PTH|ING|DEE|BYF|BSI|MON|BYL|GOF|CAN|ARB
SP000891,1,32,SHR,LLE,SHR|CTT|CRV|BME|HPT|BUK|KNI|KNU|LGO|LLT|DOL|PNY|LLO|BHR|CIM|GTH|LLM|LNW|SUG|CYN|LLV|LNR|LLG|LLL|FFA|LLI|AMF|PTF|PTD|LLH|BYE|LLE
SP000892,12,46,EUS,GLC,EUS|XWI|WMB|HRW|WFJ|XOE|TRI|XOD|BLY|MKC|XHN|XWZ|RUG|COV|BKW|BHI|SCF|XOZ|BHM|XOS|XGJ|SAD|DDP|WVH|XBJ|PKG|STA|CRE|WSF|ACB|XYJ|WBQ|WGN|XOU|PRE|LAN|XOA|OXN|XIT|PNR|CAR|XGS|LOC|SDM|MTH|GLC
SP000893,4,9,BFR,BKJ,BFR|EPH|LGJ|HNH|WDU|SYH|PNE|KTH|BKJ
SP000894,3,16,DFD,CST,DFD|XRT|SGR|ERH|BVD|ABW|PLU|WWA|WWD|CTN|WCB|MZH|GNW|DEP|XKE|CST
SP000895,20,11,GLQ,DEE,GLQ|BBG|LNZ|CRO|STG|BEA|DBL|GLE|PTH|ING|DEE
SP000896,4,10,GLQ,DEE,GLQ|BBG|LNZ|CRO|STG|DBL|GLE|PTH|ING|DEE
SP000897,4,10,BNP,EXC,BNP|UMB|KGN|EGG|MRD|COP|YEO|CDI|EXD|EXC
SP000898,6,17,SHZ,REG,SHZ|PAI|MIF|UNV|CIC|SUN|STZ|STI|SEB|EBL|BNR|FEG|PAW|HEZ|NCZ|SGH|REG
SP000899,2,15,BNP,AXM,BNP|UMB|KGN|EGG|MRD|COP|YEO|CDI|EXD|EXC|PIN|CBK|FNT|HON|AXM
SP000900,24,22,BYI,RHY,BYI|BRY|BYD|CAD|DNS|EBK|CGN|GTN|CDF|CDQ|HHL|LLS|LVT|CPH|ABE|LNB|YSM|HNG|PGM|BGD|TIR|RHY
SP000901,10,10,BNP,EXC,BNP|UMB|EGG|LAP|MRD|COP|YEO|CDI|EXD|EXC
SP000902,2,14,BNP,EXC,BNP|CPN|UMB|PMA|KGN|EGG|LAP|MRD|COP|YEO|CDI|NTC|EXD|EXC
SP000903,12,14,SGR,CST,SGR|ERH|BVD|ABW|PLU|WWA|WWD|CTN|WCB|MZH|GNW|DEP|XKE|CST
SP000904,10,6,IMW,WJH,IMW|WBP|KPA|SPB|XMB|WJH
SP000905,2,20,CST,GRV,CST|XKE|NWX|SAJ|LEW|BKH|KDB|ELW|FCN|WLI|BXH|BNH|XRT|DFD|SCG|GNH|SWM|NFL|XSR|GRV
SP000906,27,14,MAN,CRE,MAN|MAU|BNA|EDY|GTY|HDG|MIA|SYA|WML|ALD|CEL|HCH|SDB|CRE
SP000907,4,9,BNP,EXC,BNP|UMB|EGG|MRD|COP|YEO|CDI|EXD|EXC
SP000908,66,15,CHX,DFD,CHX|WAE|NWX|LEW|XPY|HGR|LEE|MTG|NEH|SID|AYP|BXY|CRY|XRT|DFD
SP000909,3,20,SRA,WJL,SRA|HKW|HMN|HKC|DLK|CNN|XJC|HII|CIR|CMD|KTW|GPO|HDH|FNY|WHD|BSY|BSP|KNR|XKG|WJL
SP000910,2,7,MDE,AFK,MDE|BSD|HBN|HRM|LEN|CHG|AFK
SP000911,2,13,BNP,EXC,BNP|CPN|UMB|PMA|EGG|LAP|MRD|COP|YEO|CDI|NTC|EXD|EXC
SP000912,2,9,NCL,CHT,NCL|MAS|CRM|MPT|PEG|WDD|ACK|ALM|CHT
SP000913,2,20,BNP,PGN,BNP|UMB|EGG|MRD|COP|YEO|CDI|NTC|EXD|EXT|MBT|SCS|DWW|DWL|TGM|NTA|EDS|TRR|TQY|PGN
SP000914,62,14,LDS,YRK,LDS|BUY|HDY|HRS|WET|PNL|HBP|HGT|SBE|KNA|CTL|HMM|POP|YRK
SP000915,2,18,LDS,EDB,LDS|CRG|MIK|CHF|YRK|THI|NTR|DAR|DHM|NCL|MPT|ALM|BWK|RSN|DUN|DRM|PST|EDB
SP000916,2,2,LSM,OBN,LSM|OBN
SP000917,2,10,NEM,AON,NEM|SUR|WYB|BFN|WOK|AHV|AHT|FNH|BTY|AON
SP000918,64,13,DFD,CHX,DFD|XRT|BNH|BXH|WLI|FCN|ELW|KDB|BKH|LEW|NWX|WAE|CHX
SP000919,58,2,PNR,KWK,PNR|KWK
SP000920,45,24,KGX,KLN,KGX|XKB|FPK|AAP|PBR|WGC|XGN|SVG|HIT|LET|BDK|RYS|FXN|XSP|CMS|CBG|CMB|WBC|ELY|XYE|LTP|DOW|WTG|KLN
SP000921,2,20,GLQ,DEE,GLQ|BBG|LNZ|CRO|CMO|FKG|XGM|PMT|LIN|INK|ROS|DFE|DFL|COW|GLT|MNC|LDY|CUP|LEU|DEE
SP000922,2,14,CHX,DFD,CHX|WAE|NWX|LEW|XPY|HGR|LEE|NEH|SID|AYP|BXY|CRY|XRT|DFD
SP000923,50,24,KLN,KGX,KLN|WTG|DOW|LTP|XYE|ELY|WBC|CMB|CBG|CMS|XSP|FXN|RYS|BDK|LET|HIT|SVG|XGN|WGC|PBR|AAP|FPK|XKB|KGX
SP000924,146,4,PAD,HWV,PAD|STL|HXX|HWV
SP000925,6,4,CDF,PEN,CDF|GTN|DGL|PEN
SP000926,74,6,LDS,ILK,LDS|GSY|MNN|BUW|BEY|ILK
SP000927,8,12,BNH,CST,BNH|BXH|WLI|FCN|ELW|KDB|BKH|LEW|SAJ|NWX|XKE|CST
SP000928,92,9,EDB,GLQ,EDB|HYM|LIN|PMT|FKK|CRO|LNZ|BBG|GLQ
SP000929,2,7,AON,WOK,AON|BTY|FNH|AHT|AHV|BKO|WOK
SP000930,22,19,KGX,ELY,KGX|XKB|FPK|AAP|PBR|WGC|XGN|SVG|HIT|LET|BDK|RYS|FXN|XSP|CMS|CBG|CMB|WBC|ELY
SP000931,4,22,POO,NEM,POO|PKS|BSM|BMH|POK|CHR|NWM|BCU|TTN|RDB|SOU|SDN|SOA|ESL|XEW|WIN|MIC|BSK|FNB|WOK|SUR|NEM
SP000932,4,25,POO,NEM,POO|PKS|BSM|BMH|POK|CHR|HNA|NWM|SWY|BCU|ANF|TTN|RDB|SOU|SDN|SOA|ESL|XEW|WIN|MIC|BSK|FNB|WOK|SUR|NEM
SP000933,30,12,EBN,BTN,EBN|HMD|XIL|PLG|BRK|GLY|XRH|LWS|FMR|MCB|LRB|BTN
SP000934,17,19,ELY,KGX,ELY|WBC|CMB|CBG|CMS|XSP|FXN|RYS|BDK|LET|HIT|SVG|XGN|WGC|PBR|AAP|FPK|XKB|KGX
SP000935,2,13,SOU,POO,SOU|RDB|TTN|ANF|BCU|SWY|NWM|HNA|CHR|POK|BMH|BSM|POO
SP000936,2,15,SOU,POO,SOU|RDB|TTN|ANF|BEU|BCU|SWY|NWM|HNA|CHR|POK|BMH|BSM|PKS|POO
SP000937,1,25,KLN,KGX,KLN|WTG|DOW|LTP|XYE|ELY|WBC|CMB|CBG|CMS|XSP|FXN|RYS|BDK|LET|HIT|SVG|HFN|GDH|BOP|AAP|HGY|FPK|XKB|KGX
SP000938,12,12,SOU,BMH,SOU|RDB|TTN|ANF|BEU|BCU|SWY|NWM|HNA|CHR|POK|BMH
SP000939,2,8,HGS,EBN,HGS|SLQ|XOP|BEX|PEV|XIL|HMD|EBN
SP000940,2,21,BMH,BSK,BMH|POK|CHR|HNA|NWM|SWY|BCU|BEU|ANF|TTN|RDB|SOU|SDN|SWG|SOA|ESL|XEW|SHW|WIN|MIC|BSK
SP000941,1,12,EBN,HGS,EBN|HMD|XIL|PEV|PEB|NSB|COB|CLL|BEX|XOP|SLQ|HGS
SP000942,2,20,BMH,BSK,BMH|POK|CHR|HNA|NWM|SWY|BCU|ANF|TTN|RDB|SOU|SDN|SWG|SOA|ESL|XEW|SHW|WIN|MIC|BSK
SP000943,2,20,BMH,BSK,BMH|POK|CHR|HNA|NWM|SWY|BCU|BEU|ANF|TTN|RDB|SOU|SDN|SOA|ESL|XEW|SHW|WIN|MIC|BSK
SP000944,2,24,NEM,POO,NEM|SUR|WOK|FNB|BSK|MIC|WIN|XEW|ESL|SOA|SDN|SOU|RDB|TTN|BCU|SWY|NWM|HNA|CHR|POK|BMH|BSM|PKS|POO
SP000945,4,21,BAL,BOG,BAL|SRS|ECR|PUR|XJS|ELD|SAF|GTW|TBD|CRW|LVN|HRH|CHH|BIG|PUL|AMY|ARU|XXA|FOD|BAA|BOG
SP000946,1,29,BOG,WSW,BOG|BAA|FOD|XXA|ARU|AMY|PUL|BIG|CHH|HRH|LVN|FGT|IFI|CRW|TBD|GTW|SAF|ELD|XJS|PUR|PUO|SCY|ECR|SRS|TTH|NRB|SRC|BAL|WSW
SP000947,39,11,DKG,EAD,DKG|BXW|LHD|AHD|EPS|EWW|SNL|WCP|MOT|RAY|EAD
SP000948,58,10,HRH,BOG,HRH|CHH|BIG|PUL|AMY|ARU|XXA|FOD|BAA|BOG
SP000949,14,15,MAN,BUX,MAN|LVM|HTC|SPT|DVN|WSR|HAZ|MDL|DSL|NMN|FNV|WBR|CEF|DVH|BUX
SP000950,11,20,KGX,YRK,KGX|XKB|FPK|AAP|PBR|WGC|XGN|SVG|HIT|BIW|SDY|HUN|XHO|PBO|GRA|NNG|XNK|RET|DON|YRK
SP000951,38,25,XVJ,AFK,XVJ|BRX|HNH|KTH|BKJ|SRT|BMS|XLY|XMU|SMY|SAY|OTF|XOT|KMS|BRG|WMA|EML|BMG|MDE|BSD|HBN|HRM|LEN|CHG|AFK
SP000952,2,26,KGX,MBR,KGX|XKB|FPK|AAP|PBR|WGC|XGN|SVG|HIT|BIW|SDY|HUN|XHO|PBO|GRA|NNG|XNK|RET|DON|YRK|THI|NTR|YRM|EAG|TBY|MBR
SP000953,12,24,XVJ,AFK,XVJ|BRX|HNH|KTH|BKJ|SRT|BMS|XLY|XMU|SMY|SAY|OTF|XOT|BRG|WMA|EML|BMG|MDE|BSD|HBN|HRM|LEN|CHG|AFK
SP000954,36,9,LDS,DON,LDS|OUT|WKF|SNA|FZW|SES|AWK|BYK|DON
SP000955,2,13,APN,SUN,APN|REG|SGH|NCZ|HEZ|PAW|FEG|BNR|EBL|SEB|STI|STZ|SUN
SP000956,2,12,MAN,BUX,MAN|HTC|SPT|DVN|WSR|HAZ|DSL|NMN|FNV|WBR|CEF|BUX
SP000957,3,11,SUN,SGH,SUN|STZ|STI|SEB|EBL|BNR|FEG|PAW|HEZ|NCZ|SGH
SP000958,7,48,KGX,ABD,KGX|XKB|FPK|AAP|PBR|WGC|XGN|SVG|HIT|BIW|SDY|HUN|XHO|PBO|GRA|NNG|XNK|RET|DON|YRK|THI|NTR|DAR|DHM|NCL|MPT|ALM|BWK|RSN|DUN|DRM|PST|EDB|HYM|INK|BTS|KDY|LDY|CUP|LEU|DEE|BYF|CAN|ARB|MTS|LAU|STN|ABD
SP000959,6,3,OBN,OBN,OBN|LSM|OBN
SP000960,6,23,XVJ,AFK,XVJ|BRX|HNH|KTH|BKJ|SRT|BMS|XLY|XMU|SAY|OTF|XOT|BRG|WMA|EML|BMG|MDE|BSD|HBN|HRM|LEN|CHG|AFK
SP000961,2,5,CLH,BBN,CLH|WHE|LHO|RGW|BBN
SP000962,57,25,BHM,EUS,BHM|XOZ|SCF|BHI|HIA|BKW|THL|CNL|COV|RUG|LBK|NMP|XHN|WOL|MKC|BLY|LBZ|XOD|TRI|XOE|WFJ|HRW|WMB|XWI|EUS
SP000963,14,13,MAN,BUX,MAN|LVM|HTC|SPT|DVN|WSR|HAZ|DSL|NMN|FNV|WBR|CEF|BUX
SP000964,2,34,XVJ,RAM,XVJ|BRX|HNH|KTH|BKJ|SRT|BMS|XLY|XMU|SMY|SAY|OTF|XOT|KMS|BRG|WMA|EML|BMG|MDE|BSD|HBN|HRM|LEN|CHG|AFK|WYE|CIL|CRT|CBW|STU|MSR|XMF|THP|RAM
SP000965,6,6,BNY,SHF,BNY|WOM|ELR|CLN|MHS|SHF
SP000966,34,23,MIA,LIV,MIA|HDG|GTY|EDY|BNA|MAU|MAN|MCO|DGT|ECC|PAT|NLW|ERL|SHJ|LEG|RNH|WHN|HUY|ROB|BGE|WAV|EDG|LIV
SP000967,8,14,MAN,BUX,MAN|LVM|HTC|SPT|DVN|WSR|HAZ|MDL|DSL|NMN|FNV|WBR|CEF|BUX
SP000968,34,7,LDS,KNO,LDS|XES|WDS|CFD|GLH|PFM|KNO
SP000969,2,8,BHM,WVH,BHM|XOZ|AST|XRA|TAB|BSC|XPJ|WVH
SP000970,62,13,LIV,WGN,LIV|EDG|WAV|BGE|ROB|HUY|PSC|ECL|THH|SNH|GSW|BYN|WGN
SP000971,2,27,BAL,BOG,BAL|SRS|ECR|PUR|XJS|ELD|GTW|TBD|HHE|XKM|BUG|HSK|PRP|HOV|PLD|SWK|SSE|LAC|WRH|WWO|DUR|GBS|ANG|XXA|FOD|BAA|BOG
SP000972,4,12,PMH,NEM,PMH|PMS|FTN|HAV|PTR|HSL|GOD|FNC|GLD|EFF|SUR|NEM
SP000973,4,18,NEM,PMS,NEM|SUR|EFF|GLD|FNC|GOD|MLF|WTY|HSL|LIP|LIS|PTR|RLN|HAV|BDH|HLS|FTN|PMS
SP000974,8,14,MAN,BUX,MAN|LVM|HTC|SPT|DVN|WSR|HAZ|DSL|NMN|FNV|WBR|CEF|DVH|BUX
SP000975,2,3,DAR,NCL,DAR|DHM|NCL
SP000976,2,7,STW,QRB,STW|TWI|SMG|RMD|BNS|PUT|QRB
SP000977,66,3,BCU,LYP,BCU|LYT|LYP
SP000978,4,34,SUO,BDM,SUO|WSU|SUC|SIH|MDS|SMO|WBO|WIM|HYR|TOO|STE|TUH|HNH|LGJ|EPH|BFR|ZFD|SPL|KTN|WHP|CRI|BCZ|HEN|MIL|ELS|RDT|SAC|HPD|LTN|LUT|LEA|HLN|FLT|BDM
SP000979,1,23,BPN,YRK,BPN|PFY|KKM|SLW|PRE|LOH|XLS|BMB|PLS|CYT|BBN|ACR|BYM|HBD|HFX|BDI|NPD|LDS|CRG|GRF|MIK|CHF|YRK
SP000980,66,3,LYP,BCU,LYP|LYT|BCU
SP000981,18,7,HAZ,MAN,HAZ|WSR|DVN|SPT|HTC|LVM|MAN
SP000982,2,28,RAI,WHP,RAI|GLM|CTM|RTR|XRJ|SOO|HGM|GRV|XSR|NFL|SWM|GNH|SCG|DFD|XRT|BNH|ELW|BKH|LEW|SAJ|NWX|XKE|XMK|BFR|ZFD|SPL|KTN|WHP
SP000983,56,2,KWK,PNR,KWK|PNR
SP000984,2,13,BPN,LDS,BPN|PFY|KKM|PRE|XLS|BBN|ACR|BYM|HBD|HFX|BDI|NPD|LDS
SP000985,1,8,LDS,BBN,LDS|NPD|BDI|HFX|HBD|BYM|ACR|BBN
SP000986,2,20,CHX,GRV,CHX|WAE|NWX|LEW|XPY|HGR|LEE|MTG|NEH|SID|BXY|CRY|XRT|DFD|SCG|GNH|SWM|NFL|XSR|GRV
SP000987,34,12,LDS,RCD,LDS|BLE|NPD|BDI|LMR|HFX|SOW|MYT|HBD|TOD|LTL|RCD
SP000988,1,34,NCL,KGX,NCL|DHM|DAR|NTR|THI|YRK|DON|RET|XNK|NNG|GRA|PBO|HUN|SNO|SDY|BIW|ARL|HIT|SVG|KBW|XGN|WGC|HAT|BPK|PBR|HDW|OKL|NSG|AAP|HRN|HGY|FPK|XKB|KGX
SP000989,74,2,BAA,BOG,BAA|BOG
SP000990,22,27,CST,CST,CST|XKE|DEP|GNW|MZH|WCB|CTN|WWD|WWA|PLU|ABW|BVD|ERH|SGR|CRY|BXY|AYP|SID|NEH|MTG|LEE|HGR|XPY|SAJ|NWX|XKE|CST
SP000991,2,28,KGX,CBG,KGX|XKB|FPK|HGY|HRN|AAP|NSG|OKL|NBA|HDW|PBR|BPK|HAT|WGC|XGN|KBW|SVG|HIT|LET|BDK|AWM|RYS|MEL|STH|FXN|XSP|CMS|CBG
SP000992,2,25,TBD,PMH,TBD|CRW|IFI|LVN|HRH|CHH|BIG|PUL|AMY|ARU|XXA|FOD|BAA|CCH|FSB|BOH|NUT|SOB|EMS|WBL|HAV|HLS|FTN|PMS|PMH
SP000993,1,36,HAV,WSW,HAV|WBL|EMS|SOB|NUT|BOH|FSB|CCH|BAA|FOD|XXA|ARU|AMY|PUL|BIG|CHH|HRH|LVN|FGT|IFI|CRW|TBD|GTW|SAF|ELD|XJS|PUR|PUO|SCY|ECR|SRS|TTH|NRB|SRC|BAL|WSW
SP000994,1,22,PMH,HRH,PMH|PMS|FTN|HLS|BDH|HAV|WBL|EMS|SOB|NUT|BOH|FSB|CCH|BAA|FOD|XXA|ARU|AMY|PUL|BIG|CHH|HRH
SP000995,2,15,PMH,HRH,PMH|PMS|FTN|HAV|EMS|SOB|BOH|FSB|CCH|BAA|FOD|XXA|PUL|BIG|HRH
SP000996,64,26,CST,CST,CST|XKE|DEP|GNW|MZH|WCB|CTN|WWD|WWA|PLU|ABW|BVD|ERH|SGR|BNH|BXH|WLI|FCN|ELW|KDB|BKH|LEW|SAJ|NWX|XKE|CST
SP000997,4,17,PMS,HRH,PMS|FTN|HLS|HAV|WBL|EMS|SOB|NUT|BOH|FSB|CCH|BAA|FOD|XXA|PUL|BIG|HRH
SP000998,22,14,PMH,HRH,PMH|PMS|FTN|HLS|HAV|EMS|SOB|CCH|BAA|FOD|XXA|PUL|BIG|HRH
SP000999,2,19,KGX,DON,KGX|XKB|FPK|AAP|PBR|WGC|XGN|SVG|HIT|BIW|SDY|HUN|XHO|PBO|GRA|NNG|XNK|RET|DON
SP001000,6,12,RCD,LDS,RCD|SMB|LTL|WDN|TOD|HBD|SOW|HFX|BDI|NPD|BLE|LDS
SP001001,2,29,BAL,PMH,BAL|SRS|ECR|PUR|XJS|ELD|GTW|TBD|CRW|IFI|LVN|HRH|BIG|PUL|XXA|FOD|BAA|CCH|FSB|BOH|NUT|SOB|EMS|WBL|HAV|HLS|FTN|PMS|PMH
SP001002,24,28,BAL,PMH,BAL|SRS|ECR|PUR|XJS|ELD|GTW|TBD|CRW|LVN|HRH|BIG|PUL|XXA|FOD|BAA|CCH|FSB|BOH|NUT|SOB|EMS|WBL|HAV|HLS|FTN|PMS|PMH
SP001003,12,24,KGX,HGT,KGX|XKB|FPK|AAP|PBR|WGC|XGN|SVG|HIT|BIW|SDY|HUN|XHO|PBO|GRA|NNG|XNK|RET|DON|AWK|WKF|LDS|HRS|HGT
SP001004,1,9,NOT,LEI,NOT|XTR|XTG|EMD|LBO|BWS|SIL|SYS|LEI
SP001005,2,29,BAL,PMS,BAL|SRS|ECR|PUR|XJS|ELD|GTW|TBD|CRW|LVN|HRH|CHH|BIG|PUL|AMY|ARU|XXA|FOD|BAA|CCH|FSB|BOH|NUT|SOB|EMS|WBL|HAV|FTN|PMS
SP001006,2,49,INV,KGX,INV|CAG|AVM|KIN|DLW|BLA|PIT|DKD|PTH|GLE|DBL|STG|FKG|XGM|PMT|LIN|HYM|EDB|PST|DRM|DUN|RSN|BWK|ALM|MPT|NCL|DHM|DAR|NTR|THI|YRK|DON|RET|XNK|NNG|GRA|PBO|HUN|SDY|BIW|HIT|SVG|XGN|WGC|PBR|AAP|FPK|XKB|KGX
SP001007,12,21,KGX,CBG,KGX|XKB|FPK|AAP|PBR|WGC|WLW|XGN|KBW|SVG|HIT|LET|BDK|AWM|RYS|MEL|STH|FXN|XSP|CMS|CBG
SP001008,1,28,CBG,KGX,CBG|CMS|XSP|FXN|STH|MEL|RYS|AWM|BDK|LET|HIT|SVG|KBW|XGN|WLW|WGC|HAT|BPK|PBR|HDW|NBA|OKL|NSG|AAP|HGY|FPK|XKB|KGX
SP001009,2,14,LDS,RCD,LDS|BLE|NPD|BDI|LMR|HFX|SOW|MYT|HBD|TOD|WDN|LTL|SMB|RCD
SP001010,11,20,CBG,KGX,CBG|CMS|XSP|FXN|STH|MEL|RYS|AWM|BDK|LET|HIT|SVG|XGN|WLW|WGC|PBR|AAP|FPK|XKB|KGX
SP001011,2,15,NOT,MAT,NOT|BEE|ATB|XTR|LGE|SPO|DBY|DFI|BLP|XAJ|AMB|WTS|CMF|MTB|MAT
SP001012,2,23,BIF,MIA,BIF|ROO|DLT|ULV|CAK|KBK|GOS|ARN|SVR|CNF|XOA|LAN|PRE|XOU|CRL|XLK|BON|SLD|DGT|MCO|MAN|HDG|MIA
SP001013,65,23,SAC,SUO,SAC|RDT|ELS|MIL|HEN|BCZ|CRI|WHP|KTN|SPL|ZFD|CTK|BFR|EPH|LGJ|HNH|TUH|STE|MTC|MIJ|HCB|CSH|SUO
SP001014,3,9,RCC,YRK,RCC|SBK|MBR|TBY|EAG|YRM|NTR|THI|YRK
SP001015,2,17,BAL,CCH,BAL|SRS|ECR|PUR|XJS|ELD|GTW|TBD|CRW|LVN|HRH|BIG|PUL|XXA|FOD|BAA|CCH
SP001016,2,5,BCY,CYP,BCY|HPA|FOH|SYD|CYP
SP001017,1,8,AFK,DVP,AFK|WHA|SDG|XSI|FKW|FKC|FKE|DVP
SP001018,4,8,SAL,RDG,SAL|GRT|ADV|WCH|OVR|BSK|BMY|RDG
SP001019,1,16,ECR,UCK,ECR|SCY|SNR|RDD|UWL|WOH|OXT|HUR|EBT|HEV|CWN|AHS|ERI|COH|BXD|UCK
SP001020,2,15,DLJ,CYP,DLJ|HGG|HOX|SDC|ZLW|SDE|WPE|ROE|ZCW|SQE|BCY|HPA|FOH|SYD|CYP
SP001021,2,15,AFK,RAM,AFK|WHA|SDG|XSI|FKW|FKC|DVP|XUK|MTM|WAM|DEA|SDW|XMF|THP|RAM
SP001022,1,26,UCK,XSU,UCK|BXD|COH|ERI|AHS|CWN|HEV|EBT|HUR|OXT|WOH|UWL|RDD|SNR|SCY|ECR|NWD|ANZ|PNW|SYD|FOH|HPA|BCY|NXG|XLJ|XSU
SP001023,144,17,XHZ,CYP,XHZ|XIC|DLJ|HGG|HOX|SDC|ZLW|SDE|WPE|ROE|ZCW|SQE|BCY|HPA|FOH|SYD|CYP
SP001024,2,12,AFK,MAR,AFK|WYE|CIL|CRT|CBW|STU|MSR|XMF|THP|RAM|BSR|MAR
SP001025,38,9,DON,LDS,DON|BYK|AWK|SES|FZW|SNA|WKF|OUT|LDS
SP001026,33,18,XSU,UCK,XSU|XLJ|NXG|SYD|NWD|ECR|SCY|SNR|OXT|HUR|EBT|HEV|CWN|AHS|ERI|COH|BXD|UCK
SP001027,4,15,SAL,EXD,SAL|TIS|GIL|TMC|SHE|YVJ|CKN|AXM|HON|FNT|WHM|CBK|PIN|EXC|EXD
SP001028,2,22,TON,RAM,TON|PDW|MRN|SPU|HCN|PLC|AFK|WHA|SDG|XSI|FKW|FKC|FKE|DVP|XUK|MTM|WAM|DEA|SDW|XMF|THP|RAM
SP001029,37,18,UCK,XSU,UCK|BXD|COH|ERI|AHS|CWN|HEV|EBT|HUR|OXT|SNR|SCY|ECR|NWD|SYD|NXG|XLJ|XSU
SP001030,2,12,NEM,GIL,NEM|SUR|WOK|FNB|BSK|OVR|WCH|ADV|GRT|SAL|TIS|GIL
SP001031,2,33,CST,RAM,CST|XKE|NWX|SAJ|XPY|HGR|GRP|CIT|XPE|ORP|SEV|TON|PDW|MRN|SPU|HCN|PLC|AFK|WHA|SDG|XSI|FKW|FKC|FKE|DVP|XUK|MTM|WAM|DEA|SDW|XMF|THP|RAM
SP001032,20,10,SAL,NEM,SAL|GRT|ADV|WCH|OVR|BSK|FNB|WOK|SUR|NEM
SP001033,6,5,AFK,CBW,AFK|WYE|CIL|CRT|CBW
SP001034,2,15,YVJ,NEM,YVJ|SHE|TMC|GIL|TIS|SAL|GRT|ADV|WCH|OVR|BSK|FNB|WOK|SUR|NEM
SP001035,2,11,MAN,BUX,MAN|SPT|DVN|WSR|HAZ|DSL|NMN|FNV|WBR|CEF|BUX
SP001036,2,14,MDW,BAL,MDW|EFL|WTR|PDW|TON|EBR|GDN|RDH|XJS|PUR|SCY|ECR|SRS|BAL
SP001037,4,16,YVP,NEM,YVP|YVJ|SHE|TMC|GIL|TIS|SAL|GRT|ADV|WCH|OVR|BSK|FNB|WOK|SUR|NEM
SP001038,2,12,SFR,BAL,SFR|CHL|GOM|DKT|REI|RDH|XJS|PUR|SCY|ECR|SRS|BAL
SP001039,2,18,HON,NEM,HON|AXM|CKN|YVJ|SHE|TMC|GIL|TIS|SAL|GRT|ADV|WCH|OVR|BSK|FNB|WOK|SUR|NEM
SP001040,22,22,RCC,MAN,RCC|SBK|MBR|TBY|EAG|YRM|NTR|THI|YRK|CHF|MIK|CRG|LDS|MLY|DEW|HUD|MSN|GNF|SYB|GUI|ABY|MAN
SP001041,18,10,NEM,SAL,NEM|SUR|WOK|FNB|BSK|OVR|WCH|ADV|GRT|SAL
SP001042,2,16,XSU,UCK,XSU|XLJ|NXG|SYD|NWD|ECR|SCY|SNR|OXT|HUR|EBT|HEV|ERI|COH|BXD|UCK
SP001043,2,12,SGH,CIC,SGH|NCZ|HEZ|PAW|FEG|BNR|EBL|SEB|STI|STZ|SUN|CIC
SP001044,32,26,CHX,RAM,CHX|WAE|NWX|XPY|HGR|GRP|CIT|XPE|ORP|SEV|TON|PDW|MRN|SPU|HCN|PLC|AFK|WYE|CIL|CRT|CBW|STU|MSR|XMF|THP|RAM
SP001045,2,14,CIC,APN,CIC|SUN|STZ|STI|SEB|EBL|BNR|FEG|PAW|HEZ|NCZ|SGH|REG|APN
SP001046,6,3,OKE,EXD,OKE|CDI|EXD
SP001047,2,25,KGX,SKI,KGX|XKB|FPK|AAP|PBR|WGC|XGN|SVG|HIT|BIW|SDY|HUN|XHO|PBO|GRA|NNG|XNK|RET|DON|AWK|WKF|LDS|SHY|KEI|SKI
SP001048,4,20,EBN,BAL,EBN|HMD|XIL|PLG|BRK|GLY|XRH|LWS|PMP|XKM|WVF|HHE|TBD|GTW|ELD|XJS|PUR|ECR|SRS|BAL
SP001049,6,9,BYI,CDF,BYI|BRY|BYD|CAD|DNS|EBK|CGN|GTN|CDF
SP001050,8,3,EXD,OKE,EXD|CDI|OKE
SP001051,28,18,EBN,BAL,EBN|HMD|XIL|PLG|XRH|LWS|CBR|XKM|WVF|HHE|TBD|GTW|ELD|XJS|PUR|ECR|SRS|BAL
SP001052,4,14,BGD,CDF,BGD|GFF|PGM|HNG|YSM|LNB|ECP|ABE|CPH|LVT|LLS|HHL|CDQ|CDF
SP001053,15,4,EXC,OKE,EXC|EXD|CDI|OKE
SP001054,2,32,LDS,KGX,LDS|WKF|AWK|DON|RET|XNK|NNG|GRA|PBO|HUN|SNO|SDY|BIW|ARL|HIT|SVG|KBW|XGN|WGC|HAT|BPK|PBR|HDW|NBA|OKL|NSG|AAP|HRN|HGY|FPK|XKB|KGX
SP001055,2,16,RHY,CDF,RHY|PLT|TIR|BHD|BGD|PGM|HNG|YSM|LNB|ABE|CPH|LVT|LLS|HHL|CDQ|CDF
SP001056,2,19,CST,AFK,CST|XKE|NWX|SAJ|XPY|HGR|GRP|CIT|XPE|ORP|SEV|HLB|TON|PDW|MRN|SPU|HCN|PLC|AFK
SP001057,2,19,DVP,FAV,DVP|XUK|MTM|WAM|DEA|SDW|MSR|XMF|THP|RAM|DMP|BSR|MAR|WGA|BCH|HNB|CSW|WHI|FAV
SP001058,2,10,PTH,GLQ,PTH|GLE|DBL|BEA|STG|LBT|CRO|LNZ|BBG|GLQ
SP001059,5,5,EXC,OKE,EXC|EXD|NTC|CDI|OKE
SP001060,2,9,PTH,GLQ,PTH|GLE|DBL|BEA|STG|CRO|LNZ|BBG|GLQ
SP001061,1,18,ABD,GLQ,ABD|PLN|STN|LAU|MTS|ARB|CAN|BYF|DEE|PTH|GLE|DBL|BEA|STG|CRO|LNZ|BBG|GLQ
SP001062,25,11,DEE,GLQ,DEE|ING|PTH|GLE|DBL|BEA|STG|CRO|LNZ|BBG|GLQ
SP001063,2,25,MBR,KGX,MBR|TBY|EAG|YRM|NTR|THI|YRK|DON|RET|XNK|NNG|GRA|PBO|HUN|SDY|BIW|HIT|SVG|XGN|WGC|PBR|AAP|FPK|XKB|KGX
SP001064,66,12,CST,ORP,CST|XKE|NWX|SAJ|XPY|HGR|GRP|ESD|CIT|XPE|PET|ORP
SP001065,10,15,ABD,GLQ,ABD|STN|LAU|MTS|ARB|CAN|BYF|DEE|PTH|DBL|STG|CRO|LNZ|BBG|GLQ
SP001066,36,2,PMH,RYP,PMH|RYP
SP001067,2,6,CPH,CDF,CPH|LVT|LLS|HHL|CDQ|CDF
SP001068,2,20,NEM,WSB,NEM|SUR|WOK|FNB|BSK|OVR|WCH|ADV|GRT|SAL|TIS|GIL|TMC|SHE|YVJ|YVP|CLC|BRU|FRO|WSB
SP001069,2,18,ARB,GLQ,ARB|CAN|GOF|BYL|MON|BSI|BYF|DEE|ING|PTH|GLE|DBL|BEA|STG|CRO|LNZ|BBG|GLQ
SP001070,6,17,ABD,GLQ,ABD|PLN|STN|LAU|MTS|ARB|CAN|MON|BYF|DEE|PTH|DBL|STG|CRO|LNZ|BBG|GLQ
SP001071,4,16,NEM,YVP,NEM|SUR|WOK|FNB|BSK|OVR|WCH|ADV|GRT|SAL|TIS|GIL|TMC|SHE|YVJ|YVP
SP001072,1,29,DON,KGX,DON|RET|XNK|NNG|GRA|PBO|HUN|SNO|SDY|BIW|ARL|HIT|SVG|KBW|XGN|WGC|HAT|BPK|PBR|HDW|NBA|OKL|NSG|AAP|HRN|HGY|FPK|XKB|KGX
SP001073,4,8,NMC,MAN,NMC|MPL|RML|BDY|BNT|RDN|ABY|MAN
SP001074,4,12,GIL,NEM,GIL|TIS|SAL|GRT|ADV|WCH|OVR|BSK|FNB|WOK|SUR|NEM
SP001075,2,10,XSU,NWD,XSU|SBM|QRP|EDW|NDL|TUH|WNW|GIP|CYP|NWD
SP001076,10,16,ABD,GLQ,ABD|STN|LAU|MTS|ARB|CAN|MON|BYF|DEE|PTH|DBL|STG|CRO|LNZ|BBG|GLQ
SP001077,2,19,BAL,EBN,BAL|SRS|ECR|PUR|XJS|ELD|GTW|TBD|HHE|WVF|XKM|PMP|CBR|LWS|XRH|PLG|XIL|HMD|EBN
SP001078,2,4,EXD,OKE,EXD|NTC|CDI|OKE
SP001079,56,9,WCY,BAK,WCY|XGU|NWD|CYP|GIP|WNW|SRH|BAL|BAK
SP001080,12,4,OKE,EXC,OKE|CDI|EXD|EXC
SP001081,6,11,XSU,SRH,XSU|XLJ|NXG|BCY|HPA|FOH|SYD|CYP|GIP|WNW|SRH
SP001082,6,19,QRB,WYB,QRB|WNT|PUT|BNS|BNI|CHK|KWB|BFD|SYL|ISL|HOU|FEL|AFS|SNS|EGH|VIR|CHY|ASN|WYB
SP001083,4,20,BAL,EBN,BAL|SRS|ECR|PUR|XJS|ELD|GTW|TBD|HHE|WVF|XKM|CBR|LWS|XRH|GLY|BRK|PLG|XIL|HMD|EBN
SP001084,2,6,BSK,SAL,BSK|OVR|WCH|ADV|GRT|SAL
SP001085,58,9,BAK,WCY,BAK|BAL|SRH|WNW|GIP|CYP|NWD|XGU|WCY
SP001086,2,17,ABD,GLQ,ABD|STN|LAU|MTS|ARB|CAN|BYF|DEE|ING|PTH|GLE|DBL|STG|CRO|LNZ|BBG|GLQ
SP001087,72,21,SVG,MOG,SVG|WAS|HFN|BAY|CUF|CWH|GDH|ENC|GPK|WIH|PAL|BOP|AAP|HRN|HGY|FPK|DYP|HHY|EXR|OLD|MOG
SP001088,12,5,OKE,EXC,OKE|CDI|NTC|EXD|EXC
SP001089,4,17,INV,GLQ,INV|CAG|AVM|KIN|NWR|DLW|BLA|PIT|DKD|PTH|GLE|DBL|STG|CRO|LNZ|BBG|GLQ
SP001090,3,16,INV,GLQ,INV|CAG|AVM|KIN|NWR|DLW|BLA|PIT|DKD|PTH|DBL|STG|CRO|LNZ|BBG|GLQ
SP001091,70,18,WGC,MOG,WGC|HAT|WMG|BPK|PBR|HDW|NBA|OKL|NSG|AAP|HRN|HGY|FPK|DYP|HHY|EXR|OLD|MOG
SP001092,4,19,BAL,EBN,BAL|SRS|ECR|PUR|XJS|ELD|GTW|TBD|HHE|WVF|XKM|CBR|LWS|XRH|BRK|PLG|XIL|HMD|EBN
SP001093,66,9,GLC,LNK,GLC|CBL|UDD|BLH|MTH|SDM|WSH|CLU|LNK
SP001094,64,21,MOG,SVG,MOG|OLD|EXR|HHY|DYP|FPK|HGY|HRN|AAP|BOP|PAL|WIH|GPK|ENC|GDH|CWH|CUF|BAY|HFN|WAS|SVG
SP001095,2,13,AON,NEM,AON|BTY|FNH|AHT|AHV|BKO|WOK|WBY|BFN|WYB|WAL|SUR|NEM
SP001096,4,5,MTH,CUB,MTH|WFF|CBC|GRL|CUB
SP001097,4,6,CDF,CPH,CDF|CDQ|HHL|LLS|LVT|CPH
SP001098,2,3,SAL,GIL,SAL|TIS|GIL
SP001099,2,10,EXD,YVJ,EXD|EXC|PIN|CBK|WHM|FNT|HON|AXM|CKN|YVJ
SP001100,17,16,ABD,EDB,ABD|STN|LAU|MTS|ARB|CAN|BYF|DEE|LEU|CUP|LDY|KDY|BTS|INK|HYM|EDB
SP001101,2,8,AXM,EXD,AXM|HON|FNT|WHM|CBK|PIN|EXC|EXD
SP001102,2,13,GIL,EXD,GIL|TMC|SHE|YVJ|CKN|AXM|HON|FNT|WHM|CBK|PIN|EXC|EXD
SP001103,4,12,EDB,DEE,EDB|HYM|EGY|INK|BTS|KDY|MNC|LDY|SPF|CUP|LEU|DEE
SP001104,4,20,FNH,QRB,FNH|AHT|AHV|FML|CAM|BAG|ACT|SNG|LNG|VIR|EGH|SNS|AFS|FEL|WTN|TWI|SMG|RMD|BNS|QRB
SP001105,36,2,RYP,PMH,RYP|PMH
SP001106,148,18,CYP,XHZ,CYP|SYD|FOH|HPA|BCY|NXG|SQE|ZCW|ROE|WPE|SDE|ZLW|SDC|HOX|HGG|DLJ|XIC|XHZ
SP001107,4,17,QRB,AHT,QRB|PUT|BNS|RMD|TWI|FEL|AFS|SNS|EGH|VIR|SNG|ACT|BAG|CAM|FML|AHV|AHT
SP001108,2,14,NOT,SKG,NOT|NET|RDF|BIN|ALK|ANC|RAU|SLR|HEC|HBB|BSN|TPC|WFL|SKG
SP001109,1,17,NOT,SKG,NOT|NET|RDF|BIN|ALK|ELO|BTF|ANC|RAU|SLR|HEC|HBB|BSN|TPC|WFL|HVN|SKG
SP001110,1,11,MAN,WKK,MAN|ABY|GUI|SYB|MSL|GNF|MSN|SWT|HUD|MIR|WKK
SP001111,31,4,BDW,NBY,BDW|HGD|KIT|NBY
SP001112,16,8,RSH,MAN,RSH|RML|WLY|HYC|HYT|GUI|ABY|MAN
SP001113,4,7,YVP,SAL,YVP|CLC|BRU|FRO|WSB|WMN|SAL
SP001114,38,13,LDS,SHF,LDS|XES|WDS|CFD|NOR|WKK|DRT|BNY|WOM|ELR|CLN|MHS|SHF
SP001115,8,25,LIT,BAL,LIT|XXA|ANG|GBS|DUR|WWO|WRH|LAC|SSE|PLD|HOV|PRP|HSK|BUG|XKM|HHE|TBD|GTW|HOR|ELD|XJS|PUR|ECR|SRS|BAL
SP001116,6,8,YVJ,SAL,YVJ|YVP|CLC|BRU|FRO|WSB|WMN|SAL
SP001117,4,5,HAZ,MAN,HAZ|WSR|DVN|SPT|MAN
SP001118,2,16,NOT,SKG,NOT|NET|RDF|BIN|ALK|BTF|GRA|ANC|RAU|SLR|HEC|SWE|HBB|BSN|WFL|SKG
SP001119,35,13,CRE,MAN,CRE|SDB|HCH|GTR|CEL|ALD|WML|HTH|CHU|SPT|HTC|LVM|MAN
SP001120,10,15,KGX,PBO,KGX|XKB|FPK|AAP|PBR|WGC|XGN|SVG|HIT|BIW|SDY|SNO|HUN|XHO|PBO
SP001121,9,14,PBO,KGX,PBO|HUN|SNO|SDY|BIW|HIT|SVG|XGN|WGC|PBR|AAP|FPK|XKB|KGX
SP001122,40,12,NEM,PMH,NEM|SUR|WOK|GLD|FNC|GOD|HSL|PTR|HAV|FTN|PMS|PMH
SP001123,1,5,BDW,NRC,BDW|HGD|KIT|NBY|NRC
SP001124,18,17,NEM,PMH,NEM|SUR|WOK|GLD|FNC|GOD|HSL|LIP|LIS|PTR|RLN|HAV|BDH|HLS|FTN|PMS|PMH
SP001125,1,15,WSW,REI,WSW|BAL|SRC|NRB|TTH|SRS|ECR|SCY|PUO|PUR|XJS|CDS|MHM|RDH|REI
SP001126,2,14,CDF,RHY,CDF|CDQ|HHL|LLS|LVT|CPH|ABE|LNB|YSM|HNG|PGM|BGD|TIR|RHY
SP001127,24,24,RHY,BYI,RHY|PLT|TIR|BHD|BGD|PGM|HNG|YSM|LNB|ABE|CPH|LVT|LLS|HHL|CDQ|CDF|GTN|CGN|EBK|DNS|CAD|BYD|BRY|BYI
SP001128,26,22,BGD,BYI,BGD|GFF|PGM|HNG|YSM|LNB|ECP|ABE|CPH|LVT|LLS|HHL|CDQ|CDF|GTN|CGN|EBK|DNS|CAD|BYD|BRY|BYI
SP001129,2,25,RHY,BYI,RHY|PLT|TIR|BHD|BGD|GFF|PGM|HNG|YSM|LNB|ABE|CPH|LVT|LLS|HHL|CDQ|CDF|GTN|CGN|EBK|DNS|CAD|BYD|BRY|BYI
SP001130,2,37,HRH,BDM,HRH|LVN|FGT|IFI|CRW|TBD|GTW|HOR|SAF|ELD|RDH|XJS|PUR|SCY|ECR|NWD|SYD|NXG|XLJ|XMK|BFR|CTK|ZFD|SPL|KTN|WHP|CRI|HEN|SAC|HPD|LTN|LUT|LEA|HLN|FLT|WIX|BDM
SP001131,22,21,BGD,BYI,BGD|PGM|HNG|YSM|LNB|ECP|ABE|CPH|LVT|LLS|HHL|CDQ|CDF|GTN|CGN|EBK|DNS|CAD|BYD|BRY|BYI
SP001132,28,9,HBD,LDS,HBD|MYT|SOW|BGH|MIR|DEW|BTL|MLY|LDS
SP001133,2,39,HRH,BDM,HRH|LVN|FGT|IFI|CRW|TBD|GTW|HOR|SAF|ELD|RDH|MHM|CDS|XJS|PUR|SCY|ECR|NWD|SYD|NXG|XLJ|XMK|BFR|CTK|ZFD|SPL|KTN|WHP|CRI|HEN|SAC|HPD|LTN|LUT|LEA|HLN|FLT|WIX|BDM
SP001134,4,26,BYI,RHY,BYI|BRY|BYD|CAD|DNS|EBK|CGN|GTN|CDF|CDQ|HHL|LLS|LVT|CPH|ABE|ECP|LNB|YSM|HNG|PGM|GFF|BGD|BHD|TIR|PLT|RHY
SP001135,4,14,BDT,YRK,BDT|NFN|DRF|HUT|BEV|CGM|HUL|BUH|GBD|HOW|SBY|SIE|CHF|YRK
SP001136,26,8,BBN,MCV,BBN|DWN|BMC|HID|BON|SLD|SFD|MCV
SP001137,4,15,CHX,SEV,CHX|WAE|NWX|XPY|HGR|GRP|ESD|CIT|XPE|PET|ORP|CLD|KCK|DNG|SEV
SP001138,4,11,CHX,ORP,CHX|WAE|NWX|XPY|HGR|GRP|ESD|CIT|XPE|PET|ORP
SP001139,30,17,PMH,NEM,PMH|PMS|FTN|HLS|BDH|HAV|RLN|PTR|LIS|LIP|HSL|GOD|FNC|GLD|WOK|SUR|NEM
SP001140,2,25,RHY,BYI,RHY|PLT|TIR|BHD|BGD|PGM|HNG|YSM|LNB|ECP|ABE|CPH|LVT|LLS|HHL|CDQ|CDF|GTN|CGN|EBK|DNS|CAD|BYD|BRY|BYI
SP001141,2,18,GLM,TON,GLM|CTM|RTR|XRJ|SOO|CUX|HAI|SDA|NHE|AYL|MDB|MDW|EFL|WTR|YAL|BEG|PDW|TON
SP001142,64,26,CST,CST,CST|XKE|NWX|SAJ|LEW|BKH|KDB|ELW|FCN|WLI|BXH|BNH|SGR|ERH|BVD|ABW|PLU|WWA|WWD|CTN|WCB|MZH|GNW|DEP|XKE|CST
SP001143,11,14,TON,SOO,TON|PDW|BEG|YAL|WTR|EFL|MDW|MDB|AYL|NHE|SDA|HAI|CUX|SOO
SP001144,2,17,GLM,PDW,GLM|CTM|RTR|XRJ|SOO|CUX|HAI|SDA|NHE|AYL|MDB|MDW|EFL|WTR|YAL|BEG|PDW
SP001145,2,8,MDW,SOO,MDW|MDB|AYL|NHE|SDA|HAI|CUX|SOO
SP001146,54,13,SOO,PDW,SOO|CUX|HAI|SDA|NHE|AYL|MDB|MDW|EFL|WTR|YAL|BEG|PDW
SP001147,2,18,CDF,RHY,CDF|CDQ|HHL|LLS|LVT|CPH|ABE|ECP|LNB|YSM|HNG|PGM|GFF|BGD|BHD|TIR|PLT|RHY
SP001148,56,13,PDW,SOO,PDW|BEG|YAL|WTR|EFL|MDW|MDB|AYL|NHE|SDA|HAI|CUX|SOO
SP001149,2,20,NCL,MAN,NCL|CLS|DHM|DAR|NTR|THI|YRK|CHF|MIK|CRG|LDS|XES|WKK|HUD|MSN|GNF|SYB|GUI|ABY|MAN
SP001150,10,9,CDF,BYI,CDF|GTN|CGN|EBK|DNS|CAD|BYD|BRY|BYI
SP001151,1,14,REI,WSW,REI|RDH|MHM|CDS|XJS|PUR|PUO|SCY|ECR|SRS|TTH|SRC|BAL|WSW
SP001152,12,16,PGN,EXM,PGN|TQY|TRR|NTA|TGM|DWL|DWW|SCS|EXT|EXD|EXC|DIG|NCO|TOP|LYM|EXM
SP001153,12,14,SOO,TON,SOO|CUX|HAI|SDA|NHE|AYL|MDB|MDW|EFL|WTR|YAL|BEG|PDW|TON
SP001154,428,1,SBT,SBT,SBT
SP001155,2,6,HFX,LDS,HFX|LMR|BDI|NPD|BLE|LDS
SP001156,16,19,PGN,EXM,PGN|TQY|TRR|NTA|TGM|DWL|DWW|MBT|EXD|EXC|SJP|POL|DIG|NCO|TOP|EXN|LYC|LYM|EXM
SP001157,4,13,NEM,PMH,NEM|SUR|WOK|WPL|GLD|FNC|GOD|HSL|PTR|HAV|FTN|PMS|PMH
SP001158,4,3,MAN,MIA,MAN|HDG|MIA
SP001159,2,12,BAA,PMH,BAA|CCH|FSB|BOH|NUT|SOB|EMS|WBL|HAV|FTN|PMS|PMH
SP001160,6,18,CCH,BTN,CCH|BAA|FOD|XXA|ANG|GBS|DUR|WWO|WRH|EWR|LAC|SSE|SWK|FSG|PLD|AGT|HOV|BTN
SP001161,2,5,BSK,RDG,BSK|BMY|MOR|RGP|RDG
SP001162,2,25,PMH,BTN,PMH|PMS|FTN|HLS|HAV|WBL|EMS|SOB|NUT|BOH|FSB|CCH|BAA|FOD|XXA|ANG|WWO|WRH|EWR|LAC|SSE|SWK|PLD|HOV|BTN
SP001163,24,20,BTN,PMS,BTN|HOV|PLD|SWK|SSE|LAC|EWR|WRH|WWO|DUR|GBS|ANG|XXA|FOD|BAA|CCH|EMS|HAV|FTN|PMS
SP001164,24,20,PMS,BTN,PMS|FTN|HAV|EMS|CCH|BAA|FOD|XXA|ANG|GBS|DUR|WWO|WRH|EWR|LAC|SSE|SWK|PLD|HOV|BTN
SP001165,4,20,PGN,EXM,PGN|TQY|TRR|NTA|TGM|DWL|DWW|SCS|EXT|EXD|EXC|SJP|POL|DIG|NCO|TOP|EXN|LYC|LYM|EXM
SP001166,3,20,BNP,EXM,BNP|UMB|KGN|EGG|LAP|MRD|COP|YEO|CDI|EXD|EXC|SJP|POL|DIG|NCO|TOP|EXN|LYC|LYM|EXM
SP001167,2,18,PGN,EXM,PGN|TQY|TRR|NTA|TGM|DWL|DWW|MBT|EXD|EXC|POL|DIG|NCO|TOP|EXN|LYC|LYM|EXM
SP001168,2,18,PGN,EXM,PGN|TQY|TRR|NTA|TGM|DWL|DWW|SCS|MBT|EXT|EXD|EXC|SJP|DIG|NCO|TOP|LYM|EXM
SP001169,2,22,PMS,BTN,PMS|FTN|HAV|EMS|CCH|BAA|FOD|XXA|ANG|GBS|DUR|WWO|WRH|EWR|LAC|SSE|SWK|FSG|PLD|AGT|HOV|BTN
SP001170,68,18,ASN,QRB,ASN|CHY|VIR|EGH|SNS|AFS|FEL|HOU|ISL|SYL|BFD|KWB|CHK|BNI|BNS|PUT|WNT|QRB
SP001171,2,21,BTN,PMH,BTN|HOV|PLD|SWK|SSE|LAC|WRH|WWO|DUR|GBS|ANG|XXA|FOD|BAA|CCH|SOB|EMS|HAV|FTN|PMS|PMH
SP001172,18,19,NEM,PMH,NEM|SUR|WOK|FNB|FLE|BSK|MIC|WIN|XEW|ESL|HDE|BOE|FRM|PTC|CSA|HLS|FTN|PMS|PMH
SP001173,24,19,PMH,NEM,PMH|PMS|FTN|HLS|CSA|PTC|FRM|BOE|HDE|ESL|XEW|WIN|MIC|BSK|FLE|FNB|WOK|SUR|NEM
SP001174,4,26,BTN,PMH,BTN|HOV|PLD|SSE|LAC|EWR|WRH|WWO|DUR|GBS|ANG|XXA|FOD|BAA|CCH|FSB|BOH|NUT|SOB|EMS|WBL|HAV|HLS|FTN|PMS|PMH
SP001175,4,20,PMH,NEM,PMH|PMS|FTN|HLS|CSA|PTC|FRM|BOE|HDE|ESL|XEW|SHW|WIN|MIC|BSK|FLE|FNB|WOK|SUR|NEM
SP001176,1,35,KGX,KLN,KGX|XKB|FPK|HRN|AAP|NSG|OKL|NBA|HDW|PBR|BPK|HAT|WGC|XGN|KBW|SVG|HIT|LET|BDK|AWM|RYS|MEL|STH|FXN|XSP|CMS|CBG|CMB|WBC|ELY|XYE|LTP|DOW|WTG|KLN
SP001177,2,34,KLN,KGX,KLN|WTG|DOW|LTP|XYE|ELY|WBC|CMB|CBG|CMS|XSP|FXN|STH|MEL|RYS|AWM|BDK|LET|HIT|SVG|KBW|XGN|WGC|HAT|BPK|PBR|HDW|OKL|NSG|AAP|HGY|FPK|XKB|KGX
SP001178,1,31,INV,EDB,INV|IVA|NRN|FOR|ELG|KEH|HNT|INS|INR|KTR|DYC|ABD|STN|LAU|MTS|ARB|CAN|BYF|DEE|LEU|CUP|LDY|KDY|BTS|INK|NQU|DAM|EGY|SGL|HYM|EDB
SP001179,2,18,SCA,YRK,SCA|SEM|FIL|HUB|BEM|BDT|DRF|BEV|CGM|HUL|BUH|GBD|HOW|SBY|SIE|CHF|ULL|YRK
SP001180,21,5,RDH,GTW,RDH|ELD|SAF|HOR|GTW
SP001181,12,20,NEM,PMH,NEM|SUR|WOK|FNB|FLE|BSK|MIC|WIN|SHW|XEW|ESL|HDE|BOE|FRM|PTC|CSA|HLS|FTN|PMS|PMH
SP001182,4,3,WSB,WMN,WSB|DMH|WMN
SP001183,1,37,EAD,SOU,EAD|RAY|NEM|BRS|SUR|ESH|HER|WAL|WYB|BFN|WBY|WOK|WPL|GLD|FNC|GOD|MLF|WTY|HSL|LIP|LIS|PTR|RLN|HAV|BDH|CSA|PTC|FRM|SNW|BUO|HME|NTL|SHO|WLS|BTE|SDN|SOU
SP001184,62,5,GFD,WEA,GFD|SGN|CBP|DRG|WEA
SP001185,62,5,WEA,GFD,WEA|DRG|CBP|SGN|GFD
SP001186,2,16,NEM,YVP,NEM|SUR|WOK|FNB|BSK|OVR|WCH|ADV|GRT|SAL|WMN|WSB|FRO|BRU|CLC|YVP
SP001187,2,17,NEM,YVJ,NEM|SUR|WOK|FNB|BSK|OVR|WCH|ADV|GRT|SAL|WMN|WSB|FRO|BRU|CLC|YVP|YVJ
SP001188,2,8,SAL,YVJ,SAL|WMN|WSB|FRO|BRU|CLC|YVP|YVJ
SP001189,24,25,WEY,NEM,WEY|DCH|MTN|WOO|WRM|HAM|POO|PKS|BSM|BMH|BCU|TTN|RDB|SOU|SDN|SOA|ESL|XEW|WIN|MIC|BSK|FNB|WOK|SUR|NEM
SP001190,24,25,NEM,WEY,NEM|SUR|WOK|FNB|BSK|MIC|WIN|XEW|ESL|SOA|SDN|SOU|RDB|TTN|BCU|BMH|BSM|PKS|POO|HAM|WRM|WOO|MTN|DCH|WEY
SP001191,6,8,CRE,MAN,CRE|SDB|CEL|ALD|WML|CHU|SPT|MAN
SP001192,4,8,SOO,MDW,SOO|CUX|HAI|SDA|NHE|AYL|MDB|MDW
SP001193,68,19,FOK,RDC,FOK|SUT|WYL|CRD|ERD|GVH|AST|XOZ|BHM|FWY|UNI|SLY|BRV|KNN|NFD|LOB|BTG|ALV|RDC
SP001194,6,23,NEM,EXD,NEM|SUR|WOK|FNB|BSK|OVR|WCH|ADV|GRT|SAL|TIS|GIL|TMC|SHE|YVJ|CKN|AXM|HON|FNT|CBK|PIN|EXC|EXD
SP001195,2,18,TON,GLM,TON|PDW|BEG|YAL|WTR|EFL|MDW|MDB|AYL|NHE|SDA|HAI|CUX|SOO|XRJ|RTR|CTM|GLM
SP001196,1,33,NCL,KGX,NCL|DHM|DAR|NTR|THI|YRK|DON|RET|XNK|NNG|GRA|PBO|HUN|SNO|SDY|BIW|ARL|HIT|SVG|KBW|XGN|WGC|HAT|BPK|PBR|HDW|OKL|NSG|AAP|HGY|FPK|XKB|KGX
SP001197,10,23,NEM,EXD,NEM|SUR|WOK|FNB|BSK|OVR|ADV|GRT|SAL|TIS|GIL|TMC|SHE|YVJ|CKN|AXM|HON|FNT|WHM|CBK|PIN|EXC|EXD
SP001198,6,22,NEM,EXD,NEM|SUR|WOK|FNB|BSK|OVR|ADV|GRT|SAL|TIS|GIL|TMC|SHE|YVJ|CKN|AXM|HON|FNT|CBK|PIN|EXC|EXD
SP001199,7,7,LIV,CTR,LIV|EDG|ALE|RUN|FRD|HSB|CTR
SP001200,28,12,BTN,EBN,BTN|LRB|MCB|FMR|LWS|XRH|GLY|BRK|PLG|XIL|HMD|EBN
SP001201,22,24,EXD,NEM,EXD|EXC|PIN|CBK|WHM|FNT|HON|AXM|CKN|YVJ|SHE|TMC|GIL|TIS|SAL|GRT|ADV|WCH|OVR|BSK|FNB|WOK|SUR|NEM
SP001202,10,23,EXD,NEM,EXD|EXC|PIN|CBK|FNT|HON|AXM|CKN|YVJ|SHE|TMC|GIL|TIS|SAL|GRT|ADV|WCH|OVR|BSK|FNB|WOK|SUR|NEM
SP001203,4,35,SUO,BDM,SUO|WSU|SUC|SIH|MDS|SMO|WBO|WIM|HYR|TOO|STE|TUH|HNH|LGJ|EPH|BFR|CTK|ZFD|SPL|KTN|WHP|CRI|BCZ|HEN|MIL|ELS|RDT|SAC|HPD|LTN|LUT|LEA|HLN|FLT|BDM
SP001204,3,12,SCA,HUL,SCA|SEM|FIL|HUB|BEM|BDT|NFN|DRF|HUT|BEV|CGM|HUL
SP001205,2,26,SUO,BDM,SUO|CSH|HCB|MIJ|MTC|STE|TUH|HNH|LGJ|EPH|BFR|ZFD|SPL|KTN|WHP|CRI|BCZ|HEN|SAC|HPD|LTN|LUT|LEA|HLN|FLT|BDM
SP001206,6,24,NEM,EXD,NEM|SUR|WOK|FNB|BSK|OVR|WCH|ADV|GRT|SAL|TIS|GIL|TMC|SHE|YVJ|CKN|AXM|HON|FNT|WHM|CBK|PIN|EXC|EXD
SP001207,2,16,CDF,RHY,CDF|CDQ|HHL|LLS|LVT|CPH|ABE|ECP|LNB|YSM|HNG|PGM|GFF|BGD|TIR|RHY
SP001208,4,2,CRE,CTR,CRE|CTR
SP001209,4,5,NOT,GRA,NOT|RDF|BIN|ALK|GRA
SP001210,4,5,LCN,NNG,LCN|HKM|SWD|CLM|NNG
SP001211,6,5,NNG,LCN,NNG|CLM|SWD|HKM|LCN
SP001212,1,15,CLE,NNG,CLE|NCE|GMD|GMB|GCT|HLI|SLL|HAB|BTB|MKR|LCN|HKM|SWD|CLM|NNG
SP001213,22,29,WEY,NEM,WEY|UPW|DCH|MTN|WOO|WRM|HOL|HAM|POO|BSM|BMH|POK|CHR|NWM|BCU|TTN|RDB|SOU|SDN|SOA|ESL|XEW|WIN|MIC|BSK|FNB|WOK|SUR|NEM
SP001214,8,9,CDB,PPD,CDB|CDQ|CYS|LLN|RDR|TAF|TRE|TRF|PPD
SP001215,2,2,LCN,NNG,LCN|NNG
SP001216,20,32,KID,SAV,KID|BKD|SBJ|LYE|CRA|OHL|ROW|LGG|SMW|SGB|THW|JEQ|BSW|BMO|SMA|XOH|TYS|SRI|HLG|YRD|SRL|WTE|WYT|EWD|TLK|WDE|DZY|HNL|WWW|WMC|STY|SAV
SP001217,14,29,NEM,WEY,NEM|SUR|WOK|FNB|BSK|MIC|WIN|XEW|ESL|SOA|SDN|SOU|RDB|TTN|BCU|NWM|CHR|POK|BMH|BSM|POO|HAM|HOL|WRM|WOO|MTN|DCH|UPW|WEY
SP001218,4,8,YRK,HUL,YRK|CHF|SIE|SBY|HOW|GBD|BUH|HUL
SP001219,2,14,PMH,NEM,PMH|PMS|FTN|HAV|PTR|LIS|LIP|HSL|GOD|FNC|GLD|WOK|SUR|NEM
SP001220,2,19,BMO,SAV,BMO|SMA|XOH|TYS|SRI|HLG|YRD|SRL|WTE|WYT|EWD|TLK|WDE|DZY|HNL|WWW|WMC|STY|SAV
SP001221,26,16,MAN,SHF,MAN|ABY|RDN|BNT|BDY|RML|MPL|NMC|CLY|EDL|HOP|BAM|HSG|GRN|DOR|SHF
SP001222,18,22,KID,WTE,KID|BKD|SBJ|LYE|CRA|OHL|ROW|LGG|SMW|SGB|THW|JEQ|BSW|BMO|SMA|XOH|TYS|SRI|HLG|YRD|SRL|WTE
SP001223,4,15,MAN,SHF,MAN|RDN|BNT|BDY|RML|MPL|NMC|CLY|EDL|HOP|BAM|HSG|GRN|DOR|SHF
SP001224,8,23,KID,WTE,KID|BKD|HAG|SBJ|LYE|CRA|OHL|ROW|LGG|SMW|SGB|THW|JEQ|BSW|BMO|SMA|XOH|TYS|SRI|HLG|YRD|SRL|WTE
SP001225,4,9,NVH,BTN,NVH|NVN|SEE|XRH|LWS|FMR|MCB|LRB|BTN
SP001226,37,11,BTN,SEF,BTN|LRB|MCB|FMR|LWS|XRH|SEE|NVN|NVH|BIP|SEF
SP001227,8,27,NEM,WEY,NEM|SUR|WOK|FNB|BSK|MIC|WIN|XEW|ESL|SOA|SDN|SOU|RDB|TTN|BCU|BMH|BSM|PKS|POO|HAM|HOL|WRM|WOO|MTN|DCH|UPW|WEY
SP001228,4,8,BTN,NVH,BTN|LRB|MCB|FMR|LWS|XRH|NVN|NVH
SP001229,26,19,EBB,MST,EBB|EBV|LTH|NBE|CKY|RCA|ROR|PYE|CDF|PYC|LLR|PCD|BGN|WMI|SRR|TDU|GMG|MEW|MST
SP001230,2,8,COY,CDF,COY|WHT|RHI|BCG|TGS|HLL|CDQ|CDF
SP001231,2,30,SBJ,SAV,SBJ|LYE|CRA|OHL|ROW|LGG|SMW|SGB|THW|JEQ|BSW|BMO|SMA|XOH|TYS|SRI|HLG|YRD|SRL|WTE|WYT|EWD|TLK|WDE|DZY|HNL|WWW|WMC|STY|SAV
SP001232,4,33,WOF,SAV,WOF|DTW|HBY|KID|BKD|HAG|SBJ|CRA|ROW|SMW|SGB|THW|JEQ|BSW|BMO|SMA|XOH|TYS|SRI|HLG|YRD|SRL|WTE|WYT|EWD|TLK|WDE|DZY|HNL|WWW|WMC|STY|SAV
SP001233,2,34,NEM,WEY,NEM|SUR|WOK|FNB|BSK|MIC|WIN|SHW|XEW|ESL|SOA|SDN|SOU|RDB|TTN|ANF|BEU|BCU|SWY|NWM|HNA|CHR|POK|BMH|BSM|PKS|POO|HAM|WRM|WOO|MTN|DCH|UPW|WEY
SP001234,2,5,PLY,GSL,PLY|SBV|BAS|CSK|GSL
SP001235,18,9,GSL,PLY,GSL|CSK|BAS|BFE|SBV|KEY|DOC|DPT|PLY
SP001236,16,9,PLY,GSL,PLY|DPT|DOC|KEY|SBV|BFE|BAS|CSK|GSL
SP001237,2,9,SOU,BSK,SOU|SDN|SOA|ESL|XEW|SHW|WIN|MIC|BSK
SP001238,20,10,MAN,RSH,MAN|ABY|GTO|FRF|GUI|HYT|HYC|WLY|RML|RSH
SP001239,40,24,BAL,LIT,BAL|SRS|ECR|PUR|XJS|ELD|GTW|TBD|HHE|XKM|BUG|HSK|PRP|HOV|PLD|SSE|LAC|WRH|WWO|DUR|GBS|ANG|XXA|LIT
SP001240,2,15,SOU,NEM,SOU|SDN|SWG|SOA|ESL|XEW|SHW|WIN|MIC|BSK|FLE|FNB|WOK|SUR|NEM
SP001241,10,25,BAL,LIT,BAL|SRS|ECR|PUR|XJS|ELD|HOR|GTW|TBD|HHE|XKM|BUG|HSK|PRP|HOV|PLD|SSE|LAC|WRH|WWO|DUR|GBS|ANG|XXA|LIT
SP001242,2,17,WIN,BMH,WIN|SHW|XEW|ESL|SOA|SDN|SOU|RDB|TTN|ANF|BCU|SWY|NWM|HNA|CHR|POK|BMH
SP001243,2,6,GCR,WOF,GCR|CNM|ASC|XAY|WOS|WOF
SP001244,16,7,WIN,SOU,WIN|SHW|XEW|ESL|SOA|SDN|SOU
SP001245,8,11,SOU,BMH,SOU|RDB|TTN|ANF|BCU|SWY|NWM|HNA|CHR|POK|BMH
SP001246,24,9,EBB,NWP,EBB|EBV|LTH|NBE|CKY|RCA|ROR|PYE|NWP
SP001247,2,18,SOU,NEM,SOU|SDN|SWG|SOA|ESL|XEW|SHW|WIN|MIC|BSK|HOK|WNF|FLE|FNB|BKO|WOK|SUR|NEM
SP001248,4,33,KID,SAV,KID|BKD|HAG|SBJ|LYE|CRA|OHL|ROW|LGG|SMW|SGB|THW|JEQ|BSW|BMO|SMA|XOH|TYS|SRI|HLG|YRD|SRL|WTE|WYT|EWD|TLK|WDE|DZY|HNL|WWW|WMC|STY|SAV
SP001249,2,19,BMH,WIN,BMH|POK|CHR|HNA|NWM|SWY|BCU|BEU|ANF|TTN|RDB|SOU|SDN|SWG|SOA|ESL|XEW|SHW|WIN
SP001250,2,6,HFD,CDF,HFD|AGV|PPL|CWM|NWP|CDF
SP001251,2,24,NRW,LST,NRW|DIS|SMK|IPS|MNG|COL|MKT|WTM|BPA|CHM|SNF|BRE|HRO|GDP|RMF|GMY|SVK|IFD|MNP|FOG|SRA|XOW|BET|LST
SP001252,2,10,WSB,CNM,WSB|TRO|MKM|CPM|SWI|KEM|STD|SHU|GCR|CNM
SP001253,2,19,POO,WIN,POO|BSM|BMH|POK|CHR|HNA|NWM|SWY|BCU|ANF|TTN|RDB|SOU|SDN|SOA|ESL|XEW|SHW|WIN
SP001254,2,10,NRW,LWT,NRW|XWH|BGA|BDA|CNY|REE|HAD|SYT|OUN|LWT
SP001255,6,25,BAL,LIT,BAL|SRS|ECR|PUR|XJS|ELD|GTW|TBD|HHE|XKM|BUG|HSK|PRP|HOV|PLD|SWK|SSE|LAC|WRH|WWO|DUR|GBS|ANG|XXA|LIT
SP001256,2,10,BSW,WTE,BSW|BMO|SMA|XOH|TYS|SRI|HLG|YRD|SRL|WTE
SP001257,16,4,HOT,TWY,HOT|SHI|WGV|TWY
SP001258,38,11,MAN,NMC,MAN|ABY|BLV|RRB|RDN|BNT|BDY|RML|MPL|SRN|NMC
SP001259,2,18,BIS,SRA,BIS|SAW|HWM|HWN|RYN|BXB|CHN|WLC|ENL|BMD|PON|MRW|NUM|TOM|XMI|LEB|XTA|SRA
SP001260,6,18,BMH,WIN,BMH|POK|CHR|HNA|NWM|SWY|BCU|BEU|ANF|TTN|RDB|SOU|SDN|SOA|ESL|XEW|SHW|WIN
SP001261,24,16,BIS,SRA,BIS|SAW|HWM|HWN|RYN|BXB|CHN|WLC|ENL|BMD|NUM|TOM|XMI|LEB|XTA|SRA
SP001262,1,20,NOT,NRW,NOT|XTR|XTG|LBO|MMO|OKM|XMJ|SMD|PBO|WLE|MCH|MNE|XYE|ELY|XYE|BND|TTF|ATL|WMD|NRW
SP001263,8,17,BMH,WIN,BMH|POK|CHR|HNA|NWM|SWY|BCU|ANF|TTN|RDB|SOU|SDN|SOA|ESL|XEW|SHW|WIN
SP001264,14,12,BIS,SRA,BIS|SAW|HWN|RYN|BXB|CHN|BMD|TOM|XMI|LEB|XTA|SRA
SP001265,4,18,CTR,XLV,CTR|BAC|CPU|HOO|ERA|BOM|BMR|SPI|PSL|BEB|RFY|GNL|BKC|BKQ|LVJ|MRF|LVL|XLV
SP001266,2,14,BKG,SOC,BKG|UPM|OCK|CFH|GRY|TIL|ETL|SFO|PSE|BEF|LES|CHW|WCF|SOC
SP001267,236,8,KNT,QPW,KNT|NWB|WMB|SBP|HDN|WJL|KNL|QPW
SP001268,8,20,MFH,CDF,MFH|JOH|HVF|CLR|CUW|WTL|CMN|XCI|FYS|KWL|PBY|LLE|GWN|SWA|NTH|PTA|BGN|PCD|PYC|CDF
SP001269,60,18,QRB,RDZ,QRB|BNS|RMD|TWI|FEL|SNS|EGH|VIR|LNG|SNG|ACT|MAO|BCE|WKM|WNS|WTI|EAR|RDZ
SP001270,56,19,RDZ,QRB,RDZ|EAR|WTI|WNS|WKM|BCE|MAO|ACT|SNG|LNG|VIR|EGH|SNS|FEL|TWI|SMG|RMD|BNS|QRB
SP001271,13,18,RDZ,QRB,RDZ|EAR|WTI|WNS|WKM|BCE|MAO|ACT|SNG|VIR|EGH|SNS|FEL|TWI|SMG|RMD|BNS|QRB
SP001272,44,15,GLD,EAD,GLD|LRD|CLA|HSY|EFF|BKA|LHD|AHD|EPS|EWW|SNL|WCP|MOT|RAY|EAD
SP001273,2,7,WOK,NEM,WOK|WBY|BFN|WYB|WAL|SUR|NEM
SP001274,1,12,GLD,QRB,GLD|WOK|WBY|BFN|WYB|WAL|HER|ESH|SUR|NEM|RAY|QRB
SP001275,71,17,EAD,QRB,EAD|RAY|NEM|NBT|KNG|HMW|TED|STW|TWI|SMG|RMD|NSH|MTL|BNS|PUT|WNT|QRB
SP001276,69,7,EAD,CSS,EAD|RAY|MOT|MAL|TOL|CSN|CSS
SP001277,66,17,QRB,EAD,QRB|WNT|PUT|BNS|MTL|NSH|RMD|SMG|TWI|STW|TED|HMW|KNG|NBT|NEM|RAY|EAD
SP001278,1,18,QRB,QRB,QRB|WNT|PUT|BNS|MTL|NSH|RMD|SMG|TWI|STW|TED|HMW|KNG|NBT|NEM|RAY|EAD|QRB
SP001279,8,15,BIS,SRA,BIS|SAW|HWM|HWN|RYN|BXB|CHN|BMD|MRW|NUM|TOM|XMI|LEB|XTA|SRA
SP001280,24,21,QRB,QRB,QRB|WNT|PUT|BNS|MTL|NSH|RMD|SMG|TWI|WTN|HOU|ISL|SYL|BFD|KWB|CHK|BNI|BNS|PUT|WNT|QRB
SP001281,2,18,NEM,SOU,NEM|SUR|WOK|BKO|FNB|FLE|WNF|HOK|BSK|MIC|WIN|SHW|XEW|ESL|SOA|SWG|SDN|SOU
SP001282,62,18,QRB,ASN,QRB|WNT|PUT|BNS|BNI|CHK|KWB|BFD|SYL|ISL|HOU|FEL|AFS|SNS|EGH|VIR|CHY|ASN
SP001283,2,11,TRI,EUS,TRI|BKM|XOE|HML|KGL|WFJ|BSH|HRW|WMB|XWI|EUS
SP001284,4,10,TRI,EUS,TRI|BKM|XOE|HML|WFJ|BSH|HRW|WMB|XWI|EUS
SP001285,4,13,BIS,SRA,BIS|SAW|HWM|HWN|RYN|BXB|CHN|BMD|TOM|XMI|LEB|XTA|SRA
SP001286,2,8,WIN,SOU,WIN|SHW|XEW|ESL|SOA|SWG|SDN|SOU
SP001287,4,12,TRI,EUS,TRI|BKM|XOE|HML|APS|KGL|WFJ|BSH|HRW|WMB|XWI|EUS
SP001288,71,14,WNR,QRB,WNR|DAT|SNY|WRY|SNS|AFS|FEL|WTN|TWI|SMG|RMD|BNS|PUT|QRB
SP001289,20,21,QRB,QRB,QRB|WNT|PUT|BNS|BNI|CHK|KWB|BFD|SYL|ISL|HOU|WTN|TWI|SMG|RMD|NSH|MTL|BNS|PUT|WNT|QRB
SP001290,8,15,CDF,MER,CDF|CDQ|CYS|LLN|RDR|TAF|TRE|TRF|PPD|ACY|QYD|MEV|TRD|PTB|MER
SP001291,16,14,BAL,BTN,BAL|SRS|ECR|PUR|XJS|ELD|GTW|TBD|HHE|XKM|BUG|HSK|PRP|BTN
SP001292,2,10,BCU,POO,BCU|SWY|NWM|HNA|CHR|POK|BMH|BSM|PKS|POO
SP001293,1,7,GRA,NOT,GRA|BTF|ALK|BIN|RDF|NET|NOT
SP001294,2,21,POO,WIN,POO|PKS|BSM|BMH|POK|CHR|HNA|NWM|SWY|BCU|BEU|ANF|TTN|RDB|SOU|SDN|SOA|ESL|XEW|SHW|WIN
SP001295,57,13,BAL,BTN,BAL|SRS|ECR|PUR|XJS|ELD|GTW|TBD|HHE|XKM|BUG|PRP|BTN
SP001296,30,19,NOT,STP,NOT|BEE|XTR|XTG|EMD|LBO|LEI|MHR|KET|WEL|BDM|FLT|LUT|SAC|HEN|CRI|WHP|KTN|STP
SP001297,2,12,SOU,POO,SOU|RDB|TTN|ANF|BEU|BCU|NWM|CHR|BMH|BSM|PKS|POO
SP001298,2,16,LIT,HHE,LIT|XXA|ANG|GBS|DUR|WWO|WRH|LAC|SSE|PLD|HOV|PRP|HSK|BUG|XKM|HHE
SP001299,2,14,WIN,BMH,WIN|SHW|XEW|ESL|SOA|SWG|SDN|SOU|RDB|TTN|BCU|NWM|CHR|BMH
SP001300,1,21,LDS,KGX,LDS|WKF|AWK|DON|RET|XNK|NNG|GRA|PBO|HUN|SDY|BIW|HIT|SVG|HFN|GDH|BOP|AAP|FPK|XKB|KGX
SP001301,2,12,SNS,RDZ,SNS|EGH|VIR|SNG|ACT|MAO|BCE|WKM|WNS|WTI|EAR|RDZ
SP001302,4,27,SOU,BTN,SOU|SDN|WLS|NTL|BUO|SNW|FRM|CSA|HAV|EMS|SOB|CCH|BAA|FOD|XXA|ANG|WWO|WRH|EWR|LAC|SSE|SWK|FSG|PLD|AGT|HOV|BTN
SP001303,12,5,SCN,HNY,SCN|BPL|WEO|SOT|HNY
SP001304,6,16,BIF,CKL,BIF|ASK|KBF|FOX|GNR|MLM|SIC|BOC|RAV|DRI|SSC|SEL|BYS|NRT|SBS|CKL
SP001305,3,11,MCV,BDI,MCV|RCD|SMB|LTL|WDN|TOD|HBD|MYT|SOW|HFX|BDI
SP001306,6,12,NMP,BHM,NMP|LBK|RUG|COV|CNL|THL|BKW|HIA|BHI|SCF|XOZ|BHM
SP001307,4,14,CKL,BIF,CKL|SBS|SEL|SSC|DRI|RAV|BOC|SIC|MLM|GNR|FOX|KBF|ASK|BIF
SP001308,6,8,NWD,BAK,NWD|CYP|GIP|WNW|SRH|BAL|WSW|BAK
SP001309,2,19,RDZ,QRB,RDZ|EAR|WTI|WNS|WKM|BCE|MAO|ACT|SNG|VIR|EGH|SNS|FEL|TWI|SMG|RMD|BNS|PUT|QRB
SP001310,2,26,LUT,SUO,LUT|LTN|HPD|SAC|RDT|ELS|MIL|HEN|BCZ|CRI|WHP|KTN|SPL|ZFD|CTK|BFR|EPH|LGJ|HNH|TUH|STE|MTC|MIJ|HCB|CSH|SUO
SP001311,5,20,WCY,DLJ,WCY|XGU|NWD|ANZ|PNW|SYD|FOH|HPA|BCY|NXG|SQE|ZCW|ROE|WPE|SDE|ZLW|SDC|HOX|HGG|DLJ
SP001312,1,23,RYS,KGX,RYS|AWM|BDK|LET|HIT|SVG|KBW|XGN|WLW|WGC|HAT|BPK|PBR|HDW|NBA|OKL|NSG|AAP|HRN|HGY|FPK|XKB|KGX
SP001313,12,32,EUS,HHD,EUS|XWI|WMB|HRW|WFJ|XOE|TRI|XOD|BLY|MKC|XHN|XWZ|RUG|NUN|XIM|XOI|XCO|STA|CRE|CTR|SHT|FLN|PRT|RHL|AGL|CWB|LLJ|PMW|BNG|LPG|VAL|HHD
SP001314,3,14,NMP,CRE,NMP|LBK|RUG|NUN|ATH|PSW|XIM|TAM|LTV|XOI|RGL|XCO|STA|CRE
SP001315,4,2,LVS,DGS,LVS|DGS
SP001316,2,4,SBP,KNT,SBP|WMB|NWB|KNT
SP001317,4,2,DGS,LVS,DGS|LVS
SP001318,232,8,QPW,KNT,QPW|KNL|WJL|HDN|SBP|WMB|NWB|KNT
SP001319,27,9,NWP,EBB,NWP|PYE|ROR|RCA|CKY|NBE|LTH|EBV|EBB
SP001320,1,18,XOA,NOT,XOA|LAN|XOU|WGN|WBQ|XYJ|ACB|WSF|STA|XCO|XOI|XIM|NUN|HNK|LBO|XTG|XTR|NOT
SP001321,71,13,QRB,WNR,QRB|PUT|BNS|RMD|TWI|WTN|FEL|AFS|SNS|WRY|SNY|DAT|WNR
SP001322,1,9,LLE,PTA,LLE|GWN|SWA|LAS|SKE|NTH|BNF|BAJ|PTA
SP001323,2,15,RHD,LDS,RHD|HIR|SET|LPR|HLD|GGV|SKI|CEY|SON|KEI|CFL|BIY|SAE|SHY|LDS
SP001324,1,3,LLE,SWA,LLE|GWN|SWA
SP001325,12,10,EUS,TRI,EUS|XWI|WMB|HRW|BSH|WFJ|HML|XOE|BKM|TRI
SP001326,1,5,CDF,BGN,CDF|PYC|LLR|PCD|BGN
SP001327,2,10,EUS,TRI,EUS|XWI|WMB|HRW|WFJ|APS|HML|XOE|BKM|TRI
SP001328,1,31,NOT,LIV,NOT|LGM|ALF|CHD|SHF|DOR|GRN|HSG|BAM|HOP|EDL|CLY|HAZ|WSR|DVN|SPT|HTC|LVM|MAN|MCO|DGT|BWD|WAC|WID|HGN|HNX|ALE|WSA|MSH|EDG|LIV
SP001329,4,10,EUS,TRI,EUS|XWI|WMB|HRW|WFJ|KGL|HML|XOE|BKM|TRI
SP001330,64,11,PEN,COY,PEN|DGL|GTN|CDF|CDQ|HLL|TGS|BCG|RHI|WHT|COY
SP001331,74,6,ILK,LDS,ILK|BEY|BUW|MNN|GSY|LDS
SP001332,66,18,LST,NRW,LST|BET|XOW|SRA|MYL|IFD|GDP|SNF|CHM|BPA|WTM|MKT|COL|MNG|IPS|SMK|DIS|NRW
SP001333,32,12,LWT,IPS,LWT|OUS|BCC|BRP|HAS|DSM|SAX|WCM|MES|WDB|WFI|IPS
SP001334,4,5,KYL,UIG,KYL|KYK|BDD|PEE|UIG
SP001335,4,2,ULP,IBS,ULP|IBS
SP001336,31,10,BTN,SEF,BTN|LRB|MCB|FMR|LWS|XRH|NVN|NVH|BIP|SEF
SP001337,4,17,RDG,GTW,RDG|EAR|WKM|BAW|NCM|ASH|GLD|SFR|CHL|GOM|DKT|DPD|REI|RDH|ELD|SAF|GTW
SP001338,37,19,PRE,CNE,PRE|LOH|XLS|BMB|PLS|CYT|MLH|BBN|RIS|CTW|ACR|HCT|HPN|RSG|BUB|BNC|BRF|NEL|CNE
SP001339,26,18,BHM,HFD,BHM|FWY|UNI|SLY|KNN|LOB|BTG|BMV|XSW|DTW|WOF|XHK|MVL|GMV|XMN|CWL|LED|HFD
SP001340,2,9,BCY,WCY,BCY|HPA|FOH|SYD|PNW|ANZ|NWD|XGU|WCY
SP001341,1,16,COV,EUS,COV|RUG|LBK|NMP|XHN|WOL|MKC|BLY|XOD|TRI|XOE|WFJ|HRW|WMB|XWI|EUS
SP001342,34,9,AWK,SHF,AWK|BYK|DON|CNS|MEX|SWN|RMC|MHS|SHF
SP001343,6,12,EUS,NMP,EUS|XWI|WMB|HRW|WFJ|XOE|TRI|XOD|BLY|MKC|XHN|NMP
SP001344,6,11,BGN,CDF,BGN|LWM|RIA|BRY|BYD|CAD|DNS|EBK|CGN|GTN|CDF
SP001345,6,14,NMP,EUS,NMP|XHN|WOL|MKC|BLY|LBZ|XOD|TRI|XOE|WFJ|HRW|WMB|XWI|EUS
SP001346,32,23,EUS,CRE,EUS|XWI|WMB|HRW|WFJ|XOE|TRI|XOD|BLY|MKC|XHN|XWZ|RUG|NUN|ATH|XIM|TAM|LTV|XOI|RGL|XCO|STA|CRE
SP001347,1,22,SHF,MIA,SHF|SWN|MRP|MIR|DHN|HUD|SWT|MSN|GNF|MSL|SYB|GUI|GTO|ABY|ADK|MAN|MAU|BNA|EDY|GTY|HDG|MIA
SP001348,2,15,MKC,BHM,MKC|WOL|XHN|NMP|LBK|RUG|COV|CNL|THL|BKW|HIA|BHI|SCF|XOZ|BHM
SP001349,2,2,COR,KET,COR|KET
SP001350,2,7,MIA,MAN,MIA|HDG|GTY|EDY|BNA|MAU|MAN
SP001351,2,25,CRE,EUS,CRE|STA|XCO|RGL|XOI|LTV|TAM|XIM|PSW|ATH|NUN|RUG|XWZ|XHN|WOL|MKC|BLY|XOD|TRI|XOE|WFJ|HRW|WMB|XWI|EUS
SP001352,2,17,NOT,NRW,NOT|RDF|BIN|ALK|GRA|PBO|WLE|MCH|MNE|XYE|ELY|XYE|BND|TTF|ATL|WMD|NRW
SP001353,2,22,SHF,NRW,SHF|CHD|ALF|LGM|ILN|NOT|RDF|BIN|ALK|GRA|PBO|WLE|MCH|MNE|XYE|ELY|XYE|BND|TTF|ATL|WMD|NRW
SP001354,12,38,LIV,NRW,LIV|EDG|ALE|HNX|HGN|WID|WAC|BWD|DGT|MCO|MAN|SPT|HAZ|EDL|BAM|HSG|GRN|SHF|CHD|ALF|LGM|NOT|RDF|BIN|ALK|GRA|PBO|WLE|MCH|MNE|XYE|ELY|XYE|BND|TTF|ATL|WMD|NRW
SP001355,2,6,DAR,MBR,DAR|DND|ALW|EAG|TBY|MBR
SP001356,13,17,QRB,RDZ,QRB|BNS|RMD|TWI|FEL|SNS|EGH|VIR|SNG|ACT|MAO|BCE|WKM|WNS|WTI|EAR|RDZ
SP001357,54,6,BDQ,LDS,BDQ|FZH|SHY|APY|KLF|LDS
SP001358,1,15,WGC,KGX,WGC|HAT|WMG|BPK|PBR|HDW|NBA|OKL|NSG|AAP|HRN|HGY|FPK|XKB|KGX
SP001359,52,6,LDS,BDQ,LDS|KLF|APY|SHY|FZH|BDQ
SP001360,2,23,LIV,NOT,LIV|EDG|ALE|HNX|HGN|WID|WAC|BWD|DGT|MCO|MAN|SPT|HAZ|EDL|BAM|HSG|GRN|SHF|CHD|ALF|LGM|ILN|NOT
SP001361,4,16,SNF,LST,SNF|BRE|HRO|GDP|RMF|CTH|GMY|SVK|IFD|MNP|FOG|MYL|SRA|XOW|BET|LST
SP001362,2,39,LIV,NRW,LIV|EDG|ALE|HNX|HGN|WID|WAC|BWD|DGT|MCO|MAN|SPT|HAZ|EDL|BAM|HSG|GRN|SHF|DRO|CHD|ALF|LGM|NOT|RDF|BIN|ALK|GRA|PBO|WLE|MCH|MNE|XYE|ELY|XYE|BND|TTF|ATL|WMD|NRW
SP001363,30,26,BGN,RHY,BGN|LWM|RIA|BRY|BYD|CAD|DNS|EBK|CGN|GTN|CDF|CDQ|HHL|LLS|LVT|CPH|ABE|LNB|YSM|HNG|PGM|BGD|BHD|TIR|PLT|RHY
SP001364,76,6,RDG,BSK,RDG|RDW|RGP|MOR|BMY|BSK
SP001365,2,22,LIV,NOT,LIV|EDG|ALE|HNX|HGN|WID|WAC|BWD|DGT|MCO|MAN|SPT|HAZ|EDL|BAM|HSG|GRN|SHF|CHD|ALF|LGM|NOT
SP001366,2,24,LIV,NOT,LIV|EDG|ALE|HNX|HGN|WID|WAC|BWD|DGT|MCO|MAN|SPT|HAZ|EDL|BAM|HSG|GRN|SHF|DRO|CHD|ALF|LGM|ILN|NOT
SP001367,2,13,QRB,WKM,QRB|BNS|RMD|TWI|FEL|SNS|EGH|VIR|SNG|ACT|MAO|BCE|WKM
SP001368,2,5,KET,MMO,KET|COR|XMJ|OKM|MMO
SP001369,2,5,MMO,KET,MMO|OKM|XMJ|COR|KET
SP001370,1,12,RDZ,SNS,RDZ|EAR|WTI|WNS|WKM|BCE|MAO|ACT|SNG|VIR|EGH|SNS
SP001371,7,9,EBB,CDF,EBB|EBV|LTH|NBE|CKY|RCA|ROR|PYE|CDF
SP001372,2,29,XVJ,GLM,XVJ|BRX|DMK|NHD|BGM|RVB|SRT|BMS|XLY|XMU|SAY|XOT|BRG|MDE|CHG|AFK|WYE|STU|MSR|XMF|RAM|MAR|HNB|WHI|FAV|SIT|NGT|RAI|GLM
SP001373,1,6,RDZ,ACT,RDZ|EAR|WKM|BCE|MAO|ACT
SP001374,4,13,EAD,GLD,EAD|RAY|MOT|WCP|SNL|EWW|EPS|AHD|LHD|BKA|EFF|LRD|GLD
SP001375,2,16,GLM,XVJ,GLM|RTR|XRJ|SOR|XWK|SAY|XMU|XLY|BMS|SRT|RVB|BGM|NHD|DMK|BRX|XVJ
SP001376,34,15,EAD,GLD,EAD|RAY|MOT|WCP|SNL|EWW|EPS|AHD|LHD|BKA|EFF|HSY|CLA|LRD|GLD
SP001377,2,16,CBW,XVJ,CBW|WYE|AFK|HCN|PDW|SEV|ORP|XPE|XLY|BMS|SRT|BKJ|KTH|HNH|BRX|XVJ
SP001378,30,22,MTH,DMR,MTH|AIR|HNC|HNW|BLT|NTN|CBL|RUT|DAK|BDG|AGS|GCL|AND|EXG|PTK|HYN|ANL|WES|DMC|DMY|SIN|DMR
SP001379,2,12,WBP,CHY,WBP|KPA|SPB|XMB|XWI|SAT|BFD|HOU|FEL|SNS|VIR|CHY
SP001380,2,17,CHY,BAL,CHY|BFN|WOK|GLD|SFR|CHL|GOM|DKT|REI|RDH|XJS|PUR|SCY|ECR|SRS|SRC|BAL
SP001381,4,24,XVJ,DVP,XVJ|BRX|DMK|NHD|BGM|RVB|SRT|BMS|XLY|XMU|SAY|XWK|SOR|XRJ|RTR|GLM|RAI|NGT|SIT|FAV|CBE|SPH|XUK|DVP
SP001382,2,34,NEM,WEY,NEM|SUR|WOK|FNB|FLE|BSK|MIC|WIN|SHW|XEW|ESL|SOA|SDN|SOU|RDB|TTN|BCU|SWY|NWM|HNA|CHR|POK|BMH|BSM|PKS|POO|HAM|HOL|WRM|WOO|MTN|DCH|UPW|WEY
SP001383,2,12,ACT,QRB,ACT|SNG|VIR|EGH|SNS|FEL|TWI|SMG|RMD|BNS|PUT|QRB
SP001384,2,20,DVP,XVJ,DVP|FKE|FKC|XSI|AFK|CHG|MDE|BRG|XOT|SAY|XMU|XLY|BMS|SRT|RVB|BGM|NHD|DMK|BRX|XVJ
SP001385,62,20,WVH,WSL,WVH|CSY|TIP|DDP|SAD|XGQ|XGJ|SMR|XOS|BHM|XOZ|DUD|AST|WTT|PRY|XRA|HSD|TAB|BSC|WSL
SP001386,6,11,QRB,SHP,QRB|PUT|BNS|RMD|TWI|STW|FLW|HMP|SUU|UPH|SHP
SP001387,4,16,QRB,SHP,QRB|WNT|PUT|BNS|MTL|NSH|RMD|SMG|TWI|STW|FLW|HMP|KMP|SUU|UPH|SHP
SP001388,6,15,SHP,QRB,SHP|UPH|SUU|HMP|FLW|STW|TWI|SMG|RMD|NSH|MTL|BNS|PUT|WNT|QRB
SP001389,6,20,NEM,PMH,NEM|SUR|WOK|WPL|GLD|FNC|GOD|MLF|WTY|HSL|LIP|LIS|PTR|RLN|HAV|BDH|HLS|FTN|PMS|PMH
SP001390,264,19,SNF,PDX,SNF|BRE|HRO|GDP|RMF|CTH|GMY|SVK|IFD|MNP|FOG|MYL|SRA|WHX|LSX|FDX|TCR|BDS|PDX
SP001391,4,11,HOU,QRB,HOU|ISL|SYL|BFD|KWB|CHK|BNI|BNS|PUT|WNT|QRB
SP001392,2,26,NEM,PMH,NEM|SUR|WAL|WYB|BFN|WOK|BKO|FNB|FLE|WNF|HOK|BSK|MIC|WIN|SHW|XEW|ESL|HDE|BOE|FRM|PTC|CSA|HLS|FTN|PMS|PMH
SP001393,4,14,RAY,GLD,RAY|MOT|WCP|SNL|EWW|EPS|AHD|LHD|BKA|EFF|HSY|CLA|LRD|GLD
SP001394,4,1,BTH,BTH,BTH
SP001395,2,5,SOU,BMH,SOU|RDB|TTN|BCU|BMH
SP001396,6,16,BHM,NOT,BHM|XOZ|XLX|WTO|XKI|WNE|TAH|XWE|BUT|WIL|DBY|SPO|LGE|XTR|BEE|NOT
SP001397,6,14,BHM,NOT,BHM|XOZ|XLX|WTO|XKI|TAH|XWE|BUT|DBY|SPO|LGE|XTR|BEE|NOT
SP001398,6,14,BHM,NOT,BHM|XOZ|XLX|WTO|XKI|WNE|TAH|XWE|BUT|WIL|DBY|SPO|XTR|NOT
SP001399,8,13,BHM,NOT,BHM|XOZ|XLX|WTO|XKI|WNE|TAH|XWE|BUT|DBY|SPO|XTR|NOT
SP001400,4,13,GLD,EAD,GLD|WPL|WOK|WBY|BFN|WYB|WAL|HER|ESH|SUR|NEM|RAY|EAD
SP001401,4,12,BDT,YRK,BDT|NFN|DRF|HUT|BEV|CGM|HUL|BUH|GBD|HOW|SBY|YRK
SP001402,20,15,LST,CET,LST|BET|XOW|SRA|MYL|IFD|GDP|SNF|CHM|BPA|WTM|KEL|MKT|COL|CET
SP001403,2,6,EDB,GLC,EDB|HYM|SLA|SDM|MTH|GLC
SP001404,30,16,LST,BTR,LST|BET|XOW|SRA|MYL|IFD|GDP|SNF|INT|CHM|BPA|WTM|WNY|CES|BTP|BTR
SP001405,8,30,RDG,YRK,RDG|GOR|OXF|HYD|XAN|BAN|XFC|LMS|HTN|DDG|TYS|XOH|XIR|XON|XOZ|BHM|XOZ|XLX|WTO|XKI|TAH|XWE|BUT|DBY|XAJ|CHD|SHF|MEX|DON|YRK
SP001406,22,14,CET,LST,CET|COL|MKT|KEL|WTM|BPA|CHM|SNF|GDP|IFD|SRA|XOW|BET|LST
SP001407,2,13,DBY,NCL,DBY|XAJ|CHD|SHF|SWN|MEX|DON|YRK|THI|NTR|DAR|DHM|NCL
SP001408,24,15,BTR,LST,BTR|BTP|CES|WNY|WTM|BPA|CHM|INT|SNF|GDP|IFD|SRA|XOW|BET|LST
SP001409,60,11,WOK,EAD,WOK|WBY|BFN|WYB|WAL|HER|ESH|SUR|NEM|RAY|EAD
SP001410,69,16,LST,SOV,LST|BET|XOW|SRA|MYL|IFD|GDP|SNF|BIC|WIC|RLG|HOC|RFD|SIA|PRL|SOV
SP001411,4,36,RDG,NCL,RDG|GOR|DID|OXF|HYD|XAN|BAN|XFC|LMS|HTN|DDG|TYS|XOH|XIR|XON|XOZ|BHM|XOZ|XLX|WTO|XKI|TAH|XWE|BUT|DBY|XAJ|CHD|SHF|MEX|DON|YRK|THI|NTR|DAR|DHM|NCL
SP001412,4,11,WSL,BHM,WSL|BSC|TAB|HSD|XRA|PRY|WTT|AST|DUD|XOZ|BHM
SP001413,2,36,RDG,NCL,RDG|GOR|OXF|HYD|XAN|BAN|XFC|LMS|HTN|DDG|TYS|XOH|XIR|XON|XOZ|BHM|XOZ|XLX|WTO|XKI|TAH|XWE|BUT|DBY|XAJ|CHD|SHF|SWN|MEX|DON|YRK|THI|NTR|DAR|DHM|NCL
SP001414,2,7,EPS,EAD,EPS|EWW|SNL|WCP|MOT|RAY|EAD
SP001415,1,17,COL,LST,COL|MKT|KEL|WTM|HAP|BPA|CHM|INT|SNF|GDP|RMF|SVK|IFD|SRA|XOW|BET|LST
SP001416,28,18,LST,CLT,LST|BET|XOW|SRA|MYL|IFD|GDP|SNF|INT|CHM|BPA|WTM|MKT|COL|HYH|WIV|TLS|CLT
SP001417,2,52,PLY,NCL,PLY|IVY|TOT|NTA|TGM|DWL|DWW|EXD|TVP|TAU|BWT|PSN|BRI|FIT|BPW|YAE|CNM|ASC|XAY|WOP|XSW|BMV|BTG|LOB|KNN|SLY|FWY|BHM|XOZ|XLX|WTO|XKI|TAH|XWE|BUT|DBY|XAJ|CHD|SHF|SWN|MRP|WKF|LDS|CRG|MIK|CHF|YRK|THI|NTR|DAR|DHM|NCL
SP001418,34,15,SOU,PMS,SOU|SDN|BTE|WLS|SHO|NTL|HME|BUO|SNW|FRM|PTC|CSA|HLS|FTN|PMS
SP001419,36,15,PMS,SOU,PMS|FTN|HLS|CSA|PTC|FRM|SNW|BUO|HME|NTL|SHO|WLS|BTE|SDN|SOU
SP001420,4,16,BLY,EUS,BLY|LBZ|XOD|CED|TRI|BKM|XOE|HML|APS|KGL|WFJ|BSH|HRW|WMB|XWI|EUS
SP001421,1,22,BHM,CDF,BHM|XOS|SMR|XGJ|SMW|ROW|SBJ|BKD|KID|HBY|DTW|WOS|XAY|ASC|CNM|GCR|LYD|CPW|CDT|STJ|NWP|CDF
SP001422,2,21,CLT,LST,CLT|TLS|WEE|GRB|ALR|WIV|HYH|COL|MKT|WTM|HAP|BPA|CHM|INT|SNF|GDP|IFD|SRA|XOW|BET|LST
SP001423,2,47,PLY,LDS,PLY|IVY|TOT|NTA|TGM|DWL|DWW|EXD|TVP|TAU|BWT|PSN|BRI|FIT|BPW|YAE|CNM|ASC|XAY|WOP|XSW|BMV|BTG|LOB|KNN|SLY|FWY|BHM|XOZ|XLX|WTO|CEH|XQW|XKI|TAH|XWE|BUT|DBY|XAJ|CHD|SHF|RMC|MEX|DON|AWK|WKF|LDS
SP001424,2,14,BLY,EUS,BLY|LBZ|XOD|CED|TRI|BKM|XOE|HML|APS|WFJ|HRW|WMB|XWI|EUS
SP001425,26,17,CLT,LST,CLT|TLS|WIV|HYH|COL|MKT|WTM|BPA|CHM|INT|SNF|GDP|IFD|SRA|XOW|BET|LST
SP001426,2,15,BLY,EUS,BLY|LBZ|XOD|CED|TRI|BKM|XOE|HML|KGL|WFJ|BSH|HRW|WMB|XWI|EUS
SP001427,2,44,SOU,NCL,SOU|SDN|SOA|ESL|XEW|WIN|MIC|BSK|BMY|RDG|GOR|OXF|HYD|XAN|BAN|XFC|LMS|HTN|DDG|TYS|XOH|XIR|XON|XOZ|BHM|XOZ|XLX|WTO|XKI|TAH|XWE|BUT|DBY|XAJ|CHD|SHF|MEX|DON|YRK|THI|NTR|DAR|DHM|NCL
SP001428,8,13,KID,BSW,KID|BKD|SBJ|LYE|CRA|OHL|ROW|LGG|SMW|SGB|THW|JEQ|BSW
SP001429,4,9,EDB,NCL,EDB|PST|DRM|DUN|RSN|BWK|ALM|MPT|NCL
SP001430,2,10,WTE,BSW,WTE|SRL|YRD|HLG|SRI|TYS|XOH|SMA|BMO|BSW
SP001431,2,16,NOT,BHM,NOT|BEE|ATB|XTR|LGE|SPO|DBY|BUT|XWE|TAH|WNE|XKI|WTO|XLX|XOZ|BHM
SP001432,2,11,LMS,BSW,LMS|HTN|DDG|WMR|SOL|OLT|ACG|TYS|XOH|BMO|BSW
SP001433,24,17,LST,IPS,LST|BET|XOW|SRA|MYL|IFD|GDP|SNF|CHM|BPA|HAP|WTM|KEL|MKT|COL|MNG|IPS
SP001434,6,15,NOT,BHM,NOT|BEE|XTR|LGE|SPO|DBY|BUT|XWE|TAH|WNE|XKI|WTO|XLX|XOZ|BHM
SP001435,2,5,CMN,SWA,CMN|PBY|LLE|GWN|SWA
SP001436,4,14,NOT,BHM,NOT|XTR|SPO|DBY|WIL|BUT|XWE|TAH|WNE|XKI|WTO|XLX|XOZ|BHM
SP001437,4,3,SWA,LLE,SWA|GWN|LLE
SP001438,9,14,IPS,LST,IPS|MNG|COL|MKT|WTM|BPA|CHM|SNF|GDP|IFD|SRA|XOW|BET|LST
SP001439,10,13,NOT,BHM,NOT|XTR|SPO|DBY|BUT|XWE|TAH|WNE|XKI|WTO|XLX|XOZ|BHM
SP001440,2,9,DDG,BSW,DDG|WMR|SOL|OLT|ACG|TYS|XOH|BMO|BSW
SP001441,22,16,IPS,LST,IPS|MNG|COL|MKT|KEL|WTM|HAP|BPA|CHM|SNF|GDP|IFD|SRA|XOW|BET|LST
SP001442,6,9,MAN,CTR,MAN|MCO|NLW|ERL|WBQ|RUE|FRD|HSB|CTR
SP001443,2,16,SAV,BSW,SAV|STY|WMC|HNL|EWD|WYT|WTE|SRL|YRD|HLG|SRI|TYS|XOH|SMA|BMO|BSW
SP001444,4,13,NOT,BHM,NOT|XTR|SPO|DBY|WIL|BUT|XWE|TAH|XKI|WTO|XLX|XOZ|BHM
SP001445,1,5,WBQ,MAN,WBQ|ERL|NLW|MCO|MAN
SP001446,2,8,SAV,BSW,SAV|STY|WMC|DDG|TYS|XOH|BMO|BSW
SP001447,32,2,CET,COL,CET|COL
SP001448,2,18,WOF,BSW,WOF|WOS|DTW|HBY|KID|BKD|HAG|SBJ|LYE|CRA|OHL|ROW|LGG|SMW|SGB|THW|JEQ|BSW
SP001449,2,22,TAU,SVB,TAU|BWT|HIG|WSM|WNM|WOR|YAT|NLS|PSN|BMT|BRI|LWH|SRD|MTP|RDA|CFN|SML|SHH|PRI|AVN|SAR|SVB
SP001450,44,17,LST,SOV,LST|BET|XOW|SRA|MYL|IFD|RMF|GDP|SNF|BIC|WIC|RLG|HOC|RFD|SIA|PRL|SOV
SP001451,4,12,EUS,BLY,EUS|XWI|WMB|HRW|WFJ|HML|XOE|BKM|TRI|XOD|LBZ|BLY
SP001452,1,9,CTR,MAN,CTR|HSB|FRD|RUE|WBQ|ERL|NLW|MCO|MAN
SP001453,52,16,SOV,LST,SOV|PRL|SIA|RFD|HOC|RLG|WIC|BIC|SNF|GDP|RMF|IFD|SRA|XOW|BET|LST
SP001454,4,13,EUS,BLY,EUS|XWI|WMB|HRW|WFJ|APS|HML|XOE|BKM|TRI|XOD|LBZ|BLY
SP001455,1,12,COV,BHM,COV|CNL|THL|BKW|HIA|BHI|MGN|LEH|SCF|ADD|XOZ|BHM
SP001456,2,14,NOT,BHM,NOT|XTR|LGE|SPO|DBY|WIL|BUT|XWE|TAH|XKI|WTO|XLX|XOZ|BHM
SP001457,2,25,WOS,DDG,WOS|DTW|HBY|KID|BKD|HAG|SBJ|LYE|CRA|OHL|ROW|LGG|SMW|SGB|THW|JEQ|BSW|BMO|XOH|TYS|ACG|OLT|SOL|WMR|DDG
SP001458,24,22,WOF,DDG,WOF|DTW|HBY|KID|BKD|HAG|SBJ|CRA|ROW|SMW|SGB|THW|JEQ|BSW|BMO|XOH|TYS|ACG|OLT|SOL|WMR|DDG
SP001459,10,16,MAN,BHM,MAN|SPT|CHU|MAC|CNG|KDG|SOT|SNE|STA|PKG|XBJ|WVH|DDP|XGJ|XOS|BHM
SP001460,2,22,WOS,DDG,WOS|DTW|HBY|KID|BKD|HAG|SBJ|CRA|ROW|SMW|SGB|THW|JEQ|BSW|BMO|XOH|TYS|ACG|OLT|SOL|WMR|DDG
SP001461,2,24,WOF,DDG,WOF|WOS|DTW|HBY|KID|BKD|HAG|SBJ|CRA|ROW|SMW|SGB|THW|JEQ|BSW|BMO|SMA|XOH|TYS|ACG|OLT|SOL|WMR|DDG
SP001462,2,16,NOT,BHM,NOT|BEE|XTR|LGE|SPO|DBY|WIL|BUT|XWE|TAH|WNE|XKI|WTO|XLX|XOZ|BHM
SP001463,2,18,NOT,BHM,NOT|BEE|ATB|XTR|LGE|SPO|DBY|BUT|XWE|TAH|WNE|XKI|XQW|CEH|WTO|XLX|XOZ|BHM
SP001464,2,23,WOS,DDG,WOS|DTW|HBY|KID|BKD|HAG|SBJ|CRA|ROW|SMW|SGB|THW|JEQ|BSW|BMO|SMA|XOH|TYS|ACG|OLT|SOL|WMR|DDG
SP001465,6,16,BHM,MAN,BHM|XOS|XGJ|DDP|WVH|XBJ|PKG|STA|SNE|SOT|KDG|CNG|MAC|CHU|SPT|MAN
SP001466,4,26,WOF,DDG,WOF|WOS|DTW|HBY|KID|BKD|SBJ|LYE|CRA|OHL|ROW|LGG|SMW|SGB|THW|JEQ|BSW|BMO|SMA|XOH|TYS|ACG|OLT|SOL|WMR|DDG
SP001467,2,16,BHM,MAN,BHM|XOS|XGJ|DDP|WVH|XBJ|PKG|STA|CRE|SDB|CEL|ALD|WML|CHU|SPT|MAN
SP001468,4,10,BHM,LEI,BHM|XOZ|XLX|WTO|CEH|XQW|NUN|HNK|NBR|LEI
SP001469,2,9,FRM,SOU,FRM|SNW|BUO|HME|NTL|SHO|WLS|SDN|SOU
SP001470,28,11,BHM,LEI,BHM|XOZ|XLX|WTO|CEH|XQW|NUN|HNK|NBR|SWS|LEI
SP001471,2,4,LMS,SAV,LMS|HTN|STY|SAV
SP001472,1,19,ELY,KGX,ELY|WBC|CMB|CBG|CMS|XSP|FXN|RYS|BDK|LET|HIT|SVG|HFN|GDH|BOP|AAP|FPK|XKB|KGX
SP001473,2,13,BSW,SAV,BSW|BMO|SMA|XOH|TYS|ACG|OLT|SOL|WMR|DDG|WMC|STY|SAV
SP001474,2,26,WOS,SAV,WOS|DTW|HBY|KID|BKD|HAG|SBJ|CRA|ROW|SMW|SGB|THW|JEQ|BSW|BMO|SMA|XOH|TYS|ACG|OLT|SOL|WMR|DDG|LPW|STY|SAV
SP001475,10,7,SRS,BAK,SRS|TTH|NRB|SRC|BAL|WSW|BAK
SP001476,14,27,WOF,SAV,WOF|WOS|DTW|HBY|KID|BKD|HAG|SBJ|CRA|ROW|SMW|SGB|THW|JEQ|BSW|BMO|SMA|XOH|TYS|ACG|OLT|SOL|WMR|DDG|LPW|STY|SAV
SP001477,20,26,BHM,SSD,BHM|XOZ|XLX|WTO|CEH|XQW|NUN|HNK|LEI|MMO|OKM|XMJ|SMD|PBO|WLE|MCH|MNE|XYE|ELY|WBC|CMB|CBG|CMS|XSP|AUD|SSD
SP001478,2,12,GLD,EAD,GLD|WOK|WBY|BFN|WYB|WAL|HER|ESH|SUR|NEM|RAY|EAD
SP001479,2,20,RDC,FOK,RDC|ALV|BTG|LOB|NFD|KNN|BRV|SLY|UNI|FWY|BHM|XOZ|DUD|AST|GVH|ERD|CRD|WYL|SUT|FOK
SP001480,4,29,WOF,SAV,WOF|WOS|DTW|HBY|KID|BKD|HAG|SBJ|CRA|ROW|SMW|SGB|THW|JEQ|BSW|BMO|SMA|XOH|TYS|ACG|OLT|SOL|WMR|DDG|LPW|CLV|BER|STY|SAV
SP001481,2,2,CRP,AYR,CRP|AYR
SP001482,4,27,RGL,WVH,RGL|RGT|HNF|CAO|LAW|BWN|BLX|WSL|BSC|TAB|HSD|XRA|PRY|WTT|AST|DUD|XOZ|BHM|XOS|SMR|XGJ|XGQ|SAD|DDP|TIP|CSY|WVH
SP001483,2,26,WOF,SAV,WOF|DTW|HBY|KID|BKD|HAG|SBJ|CRA|ROW|SMW|SGB|THW|JEQ|BSW|BMO|SMA|XOH|TYS|ACG|OLT|SOL|WMR|DDG|LPW|STY|SAV
SP001484,2,2,AYR,CRP,AYR|CRP
SP001485,2,28,BHM,SSD,BHM|XOZ|XLX|WTO|CEH|XQW|NUN|HNK|NBR|SWS|LEI|MMO|OKM|XMJ|SMD|PBO|WLE|MCH|MNE|XYE|ELY|WBC|CMB|CBG|CMS|XSP|AUD|SSD
SP001486,57,8,BHM,KNN,BHM|XOZ|XON|XIR|MOV|KIH|PIR|KNN
SP001487,78,2,SUR,BRS,SUR|BRS
SP001488,59,8,KNN,BHM,KNN|PIR|KIH|MOV|XIR|XON|XOZ|BHM
SP001489,4,5,UIG,KYL,UIG|PEE|BDD|KYK|KYL
SP001490,52,24,BFR,SEV,BFR|EPH|LGJ|DMK|PMR|NHD|CFT|CTF|BGM|BEC|RVB|SRT|BMS|BKL|XLY|XMU|SMY|SAY|EYN|SEH|OTF|XOT|BBL|SEV
SP001491,1,16,LIT,SOU,LIT|FOD|BAA|CCH|EMS|HAV|CSA|PTC|FRM|SNW|HME|NTL|SHO|WLS|SDN|SOU
SP001492,48,1,KCG,KCG,KCG
SP001493,70,13,GLD,EAD,GLD|LRD|CLA|HSY|EFF|CSD|OXS|CLG|HYW|SUR|NEM|RAY|EAD
SP001494,1,18,CRE,CDF,CRE|NAN|WRE|WTC|PRS|WEM|YRT|SHR|CTT|CRV|LUD|LEO|HFD|AGV|PPL|CWM|NWP|CDF
SP001495,1,10,SWA,CDF,SWA|LAS|SKE|NTH|PTA|PYL|BGN|PCD|PYC|CDF
SP001496,2,21,EXD,PAD,EXD|TVP|TAU|BWT|WSM|WOR|YAT|NLS|PSN|BRI|BTH|CPM|SWI|DID|GOR|RDG|TWY|MAI|SLO|STL|PAD
SP001497,98,1,DUO,DUO,DUO
SP001498,8,7,CMN,MFH,CMN|WTL|CUW|CLR|HVF|JOH|MFH
SP001499,1,40,PBO,HRH,PBO|HUN|SNO|SDY|BIW|ARL|HIT|SVG|XGN|WGC|HAT|PBR|AAP|FPK|XKB|SPL|ZFD|CTK|BFR|XMK|XLJ|NXG|SYD|NWD|ECR|SCY|PUR|XJS|CDS|MHM|RDH|ELD|SAF|HOR|GTW|TBD|CRW|IFI|LVN|HRH
SP001500,2,8,CTR,MAN,CTR|HSB|FRD|RUE|ERL|NLW|MCO|MAN
SP001501,15,40,PBO,HRH,PBO|HUN|SNO|SDY|BIW|ARL|HIT|SVG|XGN|WGC|PBR|AAP|FPK|XKB|SPL|ZFD|CTK|BFR|XMK|XLJ|NXG|SYD|NWD|ECR|SCY|PUR|XJS|CDS|MHM|RDH|ELD|SAF|HOR|GTW|TBD|CRW|IFI|FGT|LVN|HRH
SP001502,2,11,CMN,PMD,CMN|WTL|NAR|KGT|SDF|TEN|PNA|MRB|LAM|PMB|PMD
SP001503,2,6,CMN,FGH,CMN|WTL|CUW|CLR|FGW|FGH
SP001504,2,40,PBO,HRH,PBO|HUN|SNO|SDY|BIW|ARL|HIT|SVG|KBW|XGN|WGC|PBR|AAP|FPK|XKB|SPL|ZFD|CTK|BFR|XMK|XLJ|NXG|SYD|NWD|ECR|SCY|PUR|XJS|CDS|RDH|ELD|SAF|HOR|GTW|TBD|CRW|IFI|FGT|LVN|HRH
SP001505,1,54,SOU,MAN,SOU|SDN|SOA|ESL|XEW|WIN|MIC|BSK|BMY|RDG|GOR|OXF|HYD|XAN|BAN|XFC|LMS|COV|CNL|THL|BKW|HIA|BHI|MGN|LEH|SCF|XOZ|BHM|XOS|SMR|XGJ|XGQ|DDP|TIP|CSY|WVH|XBJ|PKG|STA|SNE|SOT|LPT|KDG|CNG|MAC|PRB|ADC|PYT|BML|CHU|SPT|HTC|LVM|MAN
SP001506,32,8,CNM,CDF,CNM|GCR|LYD|CPW|CDT|STJ|NWP|CDF
SP001507,2,8,BRI,CDF,BRI|FIT|BPW|PWY|PIL|STJ|NWP|CDF
SP001508,2,23,BHM,CBG,BHM|XOZ|XLX|WTO|CEH|XQW|NUN|HNK|NBR|LEI|MMO|OKM|XMJ|SMD|PBO|WLE|MCH|MNE|XYE|ELY|WBC|CMB|CBG
SP001509,1,6,RDR,CDF,RDR|DCT|FRW|WNG|NNP|CDF
SP001510,2,27,SUO,BDM,SUO|CSH|HCB|MIJ|MTC|STE|TUH|HNH|LGJ|EPH|BFR|ZFD|SPL|KTN|WHP|CRI|BCZ|HEN|MIL|ELS|RDT|SAC|HPD|LTN|LUT|FLT|BDM
SP001511,6,21,RDZ,GTW,RDZ|EAR|WKM|CRN|SND|BAW|FNN|NCM|ASH|GLD|SFR|CHL|GOM|DKT|DPD|BTO|REI|RDH|ELD|SAF|GTW
SP001512,12,9,WOK,NEM,WOK|WBY|BFN|WYB|WAL|HER|ESH|SUR|NEM
SP001513,4,12,EAD,GLD,EAD|RAY|NEM|SUR|ESH|HER|WAL|WYB|BFN|WBY|WOK|GLD
SP001514,3,21,RDZ,GTW,RDZ|EAR|WKM|CRN|SND|BAW|FNN|NCM|ASH|WAN|GLD|SFR|CHL|GOM|DKT|DPD|REI|RDH|ELD|SAF|GTW
SP001515,2,10,NEM,GLD,NEM|SUR|ESH|HER|WAL|WYB|BFN|WBY|WOK|GLD
SP001516,18,18,GTW,RDZ,GTW|SAF|ELD|RDH|REI|BTO|DPD|DKT|GOM|CHL|SFR|GLD|ASH|NCM|BAW|WKM|EAR|RDZ
SP001517,2,11,NEM,GLD,NEM|SUR|ESH|HER|WAL|WYB|BFN|WBY|WOK|WPL|GLD
SP001518,2,11,NEM,GLD,NEM|SUR|HYW|CLG|OXS|CSD|EFF|HSY|CLA|LRD|GLD
SP001519,73,13,EAD,GLD,EAD|RAY|NEM|SUR|HYW|CLG|OXS|CSD|EFF|HSY|CLA|LRD|GLD
SP001520,2,22,BHM,CBG,BHM|XOZ|XLX|WTO|CEH|XQW|NUN|HNK|LEI|MMO|OKM|XMJ|SMD|PBO|WLE|MCH|MNE|XYE|ELY|WBC|CMB|CBG
SP001521,2,11,WWO,BTN,WWO|WRH|EWR|LAC|SSE|SWK|FSG|PLD|AGT|HOV|BTN
SP001522,2,43,BRI,SSD,BRI|FIT|BPW|YAE|GCR|CNM|ASC|XAY|WOP|XSW|BMV|BTG|LOB|KNN|SLY|UNI|FWY|BHM|XOZ|XLX|WTO|CEH|XQW|NUN|HNK|LEI|MMO|OKM|XMJ|SMD|PBO|WLE|MCH|MNE|XYE|ELY|WBC|CMB|CBG|CMS|XSP|AUD|SSD
SP001523,1,11,WKK,MAN,WKK|MIR|HUD|SWT|MSN|GNF|MSL|SYB|GUI|ABY|MAN
SP001524,38,10,SEF,BTN,SEF|BIP|NVH|NVN|XRH|LWS|FMR|MCB|LRB|BTN
SP001525,6,5,STR,AYR,STR|BRL|GIR|MAY|AYR
SP001526,2,33,CDF,NOT,CDF|NWP|STJ|CDT|CPW|LYD|GCR|CNM|ASC|XAY|WOP|XSW|BMV|BTG|LOB|KNN|SLY|UNI|FWY|BHM|XOZ|XLX|WTO|XKI|TAH|XWE|BUT|DBY|SPO|LGE|XTR|BEE|NOT
SP001527,35,11,SEF,BTN,SEF|BIP|NVH|NVN|SEE|XRH|LWS|FMR|MCB|LRB|BTN
SP001528,2,9,STR,KMK,STR|BRL|GIR|MAY|AYR|NOA|PTW|TRN|KMK
SP001529,29,11,EDB,DEE,EDB|HYM|EGY|INK|BTS|KDY|MNC|LDY|CUP|LEU|DEE
SP001530,3,38,SOU,MAN,SOU|SDN|SOA|ESL|XEW|WIN|MIC|BSK|BMY|RDG|GOR|OXF|HYD|XAN|BAN|XFC|LMS|COV|BKW|BHI|SCF|XOZ|BHM|XOS|XGJ|DDP|WVH|XBJ|PKG|STA|SNE|SOT|KDG|CNG|MAC|CHU|SPT|MAN
SP001531,2,15,PTH,EDB,PTH|LDY|MNC|KDY|KGH|BTS|AUR|DAG|INK|NQU|DAM|EGY|SGL|HYM|EDB
SP001532,2,3,SLH,WTB,SLH|RUS|WTB
SP001533,8,31,BRI,MAN,BRI|FIT|BPW|YAE|CNM|ASC|XAY|XSW|BMV|BTG|LOB|KNN|XIR|XON|XOZ|BHM|XOS|XGJ|DDP|WVH|XBJ|PKG|STA|SNE|SOT|KDG|CNG|MAC|CHU|SPT|MAN
SP001534,8,6,WTB,XPK,WTB|RUS|SLH|XGZ|XLA|XPK
SP001535,6,6,XPK,WTB,XPK|XLA|XGZ|SLH|RUS|WTB
SP001536,18,8,CRE,SHR,CRE|NAN|WRE|WTC|PRS|WEM|YRT|SHR
SP001537,37,13,MAN,CRE,MAN|LVM|HTC|SPT|CHU|HTH|WML|ALD|CEL|GTR|HCH|SDB|CRE
SP001538,2,5,EDB,NBW,EDB|MUB|PST|DRM|NBW
SP001539,2,8,CRE,LIV,CRE|WSF|ACB|XYJ|RUN|ALE|EDG|LIV
SP001540,2,8,HUD,LDS,HUD|DHN|MIR|DEW|BTL|MLY|COT|LDS
SP001541,1,15,LIV,MCV,LIV|EDG|WAV|BGE|ROB|HUY|WHN|RNH|LEG|SHJ|ERL|NLW|PAT|ECC|MCV
SP001542,2,42,PGN,MAN,PGN|TQY|TRR|NTA|TGM|DWL|DWW|EXD|TVP|TAU|BWT|PSN|BRI|FIT|BPW|YAE|CNM|ASC|XAY|XSW|BMV|BTG|LOB|KNN|SLY|FWY|BHM|XOS|XGJ|DDP|WVH|XBJ|PKG|STA|SNE|SOT|KDG|CNG|MAC|CHU|SPT|MAN
SP001543,2,28,PLY,BHM,PLY|IVY|TOT|NTA|TGM|DWL|DWW|EXD|TVP|TAU|BWT|PSN|BRI|FIT|BPW|YAE|CNM|ASC|XAY|WOP|XSW|BMV|BTG|LOB|KNN|SLY|FWY|BHM
SP001544,2,16,FRO,PAD,FRO|WSB|PEW|BDW|HGD|KIT|NBY|THA|THE|RDW|RDG|TWY|MAI|SLO|STL|PAD
SP001545,2,7,LDS,YRK,LDS|CRG|GRF|MIK|CHF|ULL|YRK
SP001546,10,30,BRI,MAN,BRI|FIT|BPW|YAE|CNM|ASC|XAY|XSW|BMV|BTG|LOB|KNN|SLY|FWY|BHM|XOS|XGJ|DDP|WVH|XBJ|PKG|STA|SNE|SOT|KDG|CNG|MAC|CHU|SPT|MAN
SP001547,4,11,RAY,SHP,RAY|NEM|NBT|KNG|HMW|TED|FLW|HMP|SUU|UPH|SHP
SP001548,2,17,MAN,LIV,MAN|MCO|DGT|ECC|PAT|NLW|ERL|SHJ|LEG|RNH|WHN|HUY|ROB|BGE|WAV|EDG|LIV
SP001549,2,8,KNG,SHP,KNG|HMW|TED|FLW|HMP|SUU|UPH|SHP
SP001550,2,5,BTN,LWS,BTN|LRB|MCB|FMR|LWS
SP001551,50,12,RAY,SHP,RAY|NEM|NBT|KNG|HMW|TED|FLW|HMP|KMP|SUU|UPH|SHP
SP001552,12,12,SHP,EAD,SHP|UPH|SUU|HMP|FLW|TED|HMW|KNG|NBT|NEM|RAY|EAD
SP001553,6,21,GTW,RDG,GTW|SAF|ELD|RDH|REI|BTO|DPD|DKT|GOM|CHL|SFR|GLD|ASH|NCM|FNN|BAW|SND|CRN|WKM|EAR|RDG
SP001554,3,13,SHP,EAD,SHP|UPH|SUU|KMP|HMP|FLW|TED|HMW|KNG|NBT|NEM|RAY|EAD
SP001555,56,12,SHP,RAY,SHP|UPH|SUU|KMP|HMP|FLW|TED|HMW|KNG|NBT|NEM|RAY
SP001556,2,44,PGN,MAN,PGN|TQY|TRR|NTA|TGM|DWL|DWW|EXD|TVP|TAU|BWT|WSM|PSN|BRI|FIT|BPW|YAE|CNM|ASC|XAY|XSW|BMV|BTG|LOB|KNN|XIR|XON|XOZ|BHM|XOS|XGJ|DDP|WVH|XBJ|PKG|STA|SNE|SOT|KDG|CNG|MAC|CHU|SPT|MAN
SP001557,1,23,MIA,BPN,MIA|HDG|GTY|BNA|MAU|MAN|MCO|DGT|SLD|BON|XLK|HWI|BLK|ADL|CRL|BSV|XOU|PRE|SLW|KKM|PFY|LAY|BPN
SP001558,18,32,CDF,NOT,CDF|NWP|STJ|CPW|LYD|GCR|CNM|ASC|XAY|WOP|XSW|BMV|BTG|LOB|KNN|SLY|UNI|FWY|BHM|XOZ|XLX|WTO|XKI|TAH|XWE|BUT|DBY|SPO|LGE|XTR|BEE|NOT
SP001559,2,16,BRI,BHM,BRI|FIT|BPW|YAE|CNM|ASC|XAY|XSW|BMV|BTG|LOB|KNN|XIR|XON|XOZ|BHM
SP001560,19,13,EAD,SHP,EAD|RAY|NEM|NBT|KNG|HMW|TED|FLW|HMP|KMP|SUU|UPH|SHP
SP001561,1,22,MAN,RCC,MAN|ABY|GUI|SYB|GNF|MSN|HUD|WKK|XES|LDS|CRG|MIK|CHF|YRK|THI|NTR|YRM|EAG|TBY|MBR|SBK|RCC
SP001562,4,21,NCL,BHM,NCL|DHM|DAR|NTR|THI|YRK|DON|MEX|SWN|SHF|CHD|XAJ|DBY|BUT|XWE|TAH|XKI|WTO|XLX|XOZ|BHM
SP001563,1,29,NCL,MAN,NCL|CLS|DHM|DAR|NTR|THI|YRK|CHF|CFD|XES|LDS|COT|MLY|BTL|DEW|RVN|MIR|DHN|HUD|SWT|MSN|GNF|MSL|SYB|GUI|GTO|ABY|ADK|MAN
SP001564,4,13,YRK,SHF,YRK|ULL|CHF|SIE|PFR|MRP|THC|GOE|BTD|SWN|RMC|MHS|SHF
SP001565,36,20,GLM,XVJ,GLM|CTM|RTR|XRJ|SOR|MEP|LGF|XWK|FNR|SAY|SMY|XMU|XLY|BMS|SRT|RVB|BGM|NHD|DMK|XVJ
SP001566,2,27,BMH,BHM,BMH|BCU|TTN|RDB|SOU|SDN|SOA|ESL|XEW|WIN|MIC|BSK|BMY|RDG|GOR|OXF|HYD|XAN|BAN|XFC|LMS|COV|BKW|BHI|SCF|XOZ|BHM
SP001567,2,15,SRS,WFJ,SRS|TTH|NRB|SRC|BAL|IMW|WBP|KPA|SPB|XMB|XWI|XXW|WMB|HRW|WFJ
SP001568,2,29,PLY,BHM,PLY|IVY|TOT|NTA|TGM|DWL|DWW|EXD|TVP|TAU|BWT|PSN|BRI|FIT|BPW|YAE|CNM|ASC|XAY|WOP|XSW|BMV|BTG|LOB|KNN|XIR|XON|XOZ|BHM
SP001569,2,19,CDF,BHM,CDF|NWP|STJ|CPW|LYD|GCR|CNM|ASC|XAY|WOP|XSW|BMV|BTG|LOB|KNN|SLY|UNI|FWY|BHM
SP001570,8,18,AFK,EBN,AFK|HMT|APD|RYE|WSE|DLH|TOK|ORE|HGS|SLQ|XOP|BEX|CLL|COB|PEV|XIL|HMD|EBN
SP001571,28,13,SUO,BAK,SUO|CSB|WLT|WDO|WCY|XGU|SRS|TTH|NRB|SRC|BAL|WSW|BAK
SP001572,10,11,XSU,SRS,XSU|SBM|QRP|EDW|NDL|TUH|STE|SRC|NRB|TTH|SRS
SP001573,6,11,SRH,XSU,SRH|WNW|GIP|CYP|SYD|FOH|HPA|BCY|NXG|XLJ|XSU
SP001574,26,12,BAK,DKG,BAK|BAL|MTC|MIJ|HCB|CSH|SUO|CHE|EPS|AHD|LHD|DKG
SP001575,64,10,XSU,BIK,XSU|SBM|QRP|EDW|NDL|TUH|WNW|GIP|CYP|BIK
SP001576,2,22,CBG,BHM,CBG|CMB|WBC|ELY|XYE|MNE|MCH|WLE|PBO|SMD|XMJ|OKM|MMO|LEI|HNK|NUN|XQW|CEH|WTO|XLX|XOZ|BHM
SP001577,4,28,SSD,BHM,SSD|AUD|XSP|CMS|CBG|CMB|WBC|ELY|XYE|MNE|MCH|WLE|PBO|SMD|XMJ|OKM|MMO|LEI|SWS|NBR|HNK|NUN|XQW|CEH|WTO|XLX|XOZ|BHM
SP001578,6,47,ABD,KGX,ABD|STN|LAU|MTS|ARB|CAN|BYF|DEE|LEU|CUP|LDY|KDY|BTS|INK|HYM|EDB|PST|DRM|DUN|RSN|BWK|ALM|MPT|NCL|DHM|DAR|NTR|THI|YRK|DON|RET|XNK|NNG|GRA|PBO|HUN|SDY|BIW|HIT|SVG|XGN|WGC|PBR|AAP|FPK|XKB|KGX
SP001579,62,12,XSU,ECR,XSU|SBM|QRP|EDW|NDL|TUH|STE|SRC|NRB|TTH|SRS|ECR
SP001580,2,5,WCY,SUO,WCY|WDO|WLT|CSB|SUO
SP001581,24,17,AFK,EBN,AFK|HMT|APD|RYE|WSE|TOK|ORE|HGS|SLQ|XOP|BEX|CLL|COB|PEV|XIL|HMD|EBN
SP001582,2,6,QRB,STW,QRB|PUT|BNS|RMD|TWI|STW
SP001583,74,8,PUR,TAT,PUR|RHM|CDN|WME|CHP|KND|TAD|TAT
SP001584,2,11,SHP,QRB,SHP|UPH|SUU|HMP|FLW|STW|TWI|SMG|RMD|BNS|QRB
SP001585,2,12,SHP,QRB,SHP|FLW|STW|TWI|SMG|RMD|NSH|MTL|BNS|PUT|WNT|QRB
SP001586,70,5,FNH,GLD,FNH|AHT|ASH|WAN|GLD
SP001587,70,5,GLD,FNH,GLD|WAN|ASH|AHT|FNH
SP001588,4,10,ARD,INV,ARD|TAI|FRN|IGD|ASS|DIN|CBD|MOO|BEL|INV
SP001589,72,6,EAD,HMC,EAD|RAY|NEM|SUR|THD|HMC
SP001590,72,6,HMC,EAD,HMC|THD|SUR|NEM|RAY|EAD
SP001591,2,34,CMN,MAN,CMN|XCI|FYS|KWL|PBY|LLE|PTA|BGN|PCD|PYC|CDF|NWP|CWM|PPL|AGV|HFD|LEO|LUD|CRV|CTT|SHR|WEM|PRS|WTC|WRE|NAN|CRE|SDB|CEL|ALD|WML|CHU|SPT|MAN
SP001592,22,28,LIV,EUS,LIV|EDG|ALE|RUN|XYJ|ACB|WSF|CRE|STA|XCO|XOI|LTV|TAM|XIM|NUN|RUG|XWZ|XHN|MKC|BLY|XOD|TRI|XOE|WFJ|HRW|WMB|XWI|EUS
SP001593,12,23,HUL,KGX,HUL|BUH|GBD|HOW|SBY|DON|RET|XNK|NNG|GRA|PBO|HUN|SDY|BIW|HIT|SVG|XGN|WGC|PBR|AAP|FPK|XKB|KGX
SP001594,12,24,KGX,HUL,KGX|XKB|FPK|AAP|PBR|WGC|XGN|SVG|HIT|BIW|SDY|HUN|XHO|PBO|GRA|NNG|XNK|RET|DON|SBY|HOW|GBD|BUH|HUL
SP001595,2,16,LIT,BTN,LIT|XXA|ANG|GBS|DUR|WWO|WRH|EWR|LAC|SSE|SWK|FSG|PLD|AGT|HOV|BTN
SP001596,2,12,CLY,MAN,CLY|NMC|SRN|MPL|RML|BDY|BNT|RDN|RRB|BLV|ABY|MAN
SP001597,2,12,XSU,SUO,XSU|SBM|QRP|EDW|NDL|TUH|STE|MTC|MIJ|HCB|CSH|SUO
SP001598,2,27,BHM,BMH,BHM|XOZ|SCF|BHI|BKW|COV|LMS|XFC|BAN|XAN|HYD|OXF|GOR|RDG|BMY|BSK|MIC|WIN|XEW|ESL|SOA|SDN|SOU|RDB|TTN|BCU|BMH
SP001599,1,57,MAN,BMH,MAN|HDG|WML|ALD|CEL|GTR|HCH|SDB|CRE|ASG|KDG|LPT|SOT|SNE|STA|PKG|XBJ|WVH|CSY|TIP|DDP|XGQ|XGJ|SMR|XOS|BHM|XOZ|SCF|LEH|MGN|BHI|HIA|BKW|THL|CNL|COV|LMS|XFC|BAN|XAN|HYD|OXF|GOR|RDG|BMY|BSK|MIC|WIN|XEW|ESL|SOA|SDN|SOU|RDB|TTN|BCU|BMH
SP001600,2,6,SRH,XSU,SRH|TUH|NDL|EDW|QRP|XSU
SP001601,2,39,NOT,BMH,NOT|BEE|XTR|SPO|DBY|BUT|XWE|TAH|XKI|WTO|XLX|XOZ|BHM|XOZ|SCF|BHI|BKW|COV|LMS|XFC|BAN|XAN|HYD|OXF|GOR|RDG|BMY|BSK|MIC|WIN|XEW|ESL|SOA|SDN|SOU|RDB|TTN|BCU|BMH
SP001602,24,19,CCH,BTN,CCH|BAA|FOD|LIT|XXA|ANG|GBS|DUR|WWO|WRH|EWR|LAC|SSE|SWK|FSG|PLD|AGT|HOV|BTN
SP001603,1,22,BTN,BAL,BTN|PRP|HSK|BUG|XKM|WVF|HHE|BAB|TBD|GTW|SAF|ELD|XJS|PUR|PUO|SCY|ECR|SRS|TTH|NRB|SRC|BAL
SP001604,26,19,BTN,CCH,BTN|HOV|AGT|PLD|FSG|SWK|SSE|LAC|EWR|WRH|WWO|DUR|GBS|ANG|XXA|LIT|FOD|BAA|CCH
SP001605,1,23,KGX,PBO,KGX|XKB|FPK|HRN|AAP|NSG|NBA|HDW|PBR|BPK|HAT|WGC|XGN|KBW|SVG|HIT|ARL|BIW|SDY|SNO|HUN|XHO|PBO
SP001606,4,34,BTN,BDM,BTN|PRP|HSK|BUG|XKM|WVF|HHE|BAB|TBD|GTW|ELD|XJS|PUR|ECR|NWD|SYD|NXG|XLJ|XMK|BFR|ZFD|SPL|KTN|WHP|CRI|HEN|SAC|HPD|LTN|LUT|LEA|HLN|FLT|BDM
SP001607,12,37,CBG,BTN,CBG|CMS|XSP|FXN|RYS|AWM|BDK|LET|HIT|SVG|XGN|WGC|PBR|AAP|FPK|XKB|SPL|ZFD|CTK|BFR|XMK|XLJ|NXG|SYD|NWD|ECR|PUR|XJS|ELD|GTW|TBD|HHE|XKM|BUG|HSK|PRP|BTN
SP001608,65,28,SAC,SUO,SAC|RDT|ELS|MIL|HEN|BCZ|CRI|WHP|KTN|SPL|ZFD|CTK|BFR|EPH|LGJ|HNH|TUH|STE|TOO|HYR|WIM|WBO|SMO|MDS|SIH|SUC|WSU|SUO
SP001609,2,42,MAN,BMH,MAN|SPT|CHU|WML|ALD|CEL|SDB|CRE|STA|PKG|XBJ|WVH|DDP|XGJ|XOS|BHM|XOZ|SCF|BHI|BKW|COV|LMS|XFC|BAN|XAN|HYD|OXF|GOR|RDG|BMY|BSK|MIC|WIN|XEW|ESL|SOA|SDN|SOU|RDB|TTN|BCU|BMH
SP001610,8,22,KTN,ORP,KTN|SPL|ZFD|CTK|BFR|EPH|LGJ|DMK|PMR|NHD|CFT|CTF|BGM|BEC|RVB|SRT|BMS|BKL|XLY|XPE|PET|ORP
SP001611,64,23,SUO,SAC,SUO|CSH|HCB|MIJ|MTC|STE|TUH|HNH|LGJ|EPH|BFR|CTK|ZFD|SPL|KTN|WHP|CRI|BCZ|HEN|MIL|ELS|RDT|SAC
SP001612,64,36,BDM,BTN,BDM|WIX|FLT|HLN|LEA|LUT|LTN|HPD|SAC|HEN|CRI|WHP|KTN|SPL|ZFD|CTK|BFR|XMK|XLJ|NXG|SYD|NWD|ECR|PUR|XJS|ELD|GTW|TBD|BAB|HHE|WVF|XKM|BUG|HSK|PRP|BTN
SP001613,10,10,LEI,BHM,LEI|NBR|HNK|NUN|XQW|CEH|WTO|XLX|XOZ|BHM
SP001614,50,36,BTN,BDM,BTN|PRP|HSK|BUG|XKM|WVF|HHE|BAB|TBD|GTW|ELD|XJS|PUR|ECR|NWD|SYD|NXG|XLJ|XMK|BFR|CTK|ZFD|SPL|KTN|WHP|CRI|HEN|SAC|HPD|LTN|LUT|LEA|HLN|FLT|WIX|BDM
SP001615,24,11,LEI,BHM,LEI|SWS|NBR|HNK|NUN|XQW|CEH|WTO|XLX|XOZ|BHM
SP001616,26,8,MCV,BBN,MCV|SFD|SLD|BON|HID|BMC|DWN|BBN
SP001617,54,10,SKI,BDQ,SKI|CEY|SON|KEI|CFL|BIY|SAE|SHY|FZH|BDQ
SP001618,4,33,BTN,BDM,BTN|PRP|HSK|BUG|XKM|WVF|HHE|BAB|TBD|GTW|ELD|XJS|PUR|ECR|NWD|SYD|NXG|XLJ|XMK|BFR|CTK|ZFD|SPL|KTN|WHP|CRI|HEN|SAC|HPD|LUT|FLT|WIX|BDM
SP001619,4,10,SRA,CMD,SRA|HKW|HMN|HKC|DLK|CNN|XJC|HII|CIR|CMD
SP001620,4,35,BTN,BDM,BTN|PRP|HSK|BUG|XKM|WVF|HHE|BAB|TBD|GTW|ELD|XJS|PUR|ECR|NWD|SYD|NXG|XLJ|XMK|BFR|CTK|ZFD|SPL|KTN|WHP|CRI|HEN|SAC|HPD|LTN|LUT|LEA|HLN|FLT|BDM
SP001621,1,64,PLY,EDB,PLY|IVY|TOT|NTA|TGM|DWL|DWW|EXD|TVP|TAU|BWT|PSN|BRI|FIT|BPW|YAE|CNM|ASC|XAY|WOP|XSW|BMV|BTG|LOB|NFD|KNN|SLY|UNI|FWY|BHM|XOZ|XLX|WTO|XKI|WNE|TAH|XWE|BUT|DBY|XAJ|CHD|SHF|SWN|MRP|WKF|LDS|CRG|EGF|MIK|CHF|YRK|THI|NTR|DAR|DHM|NCL|MPT|ALM|BWK|RSN|DUN|DRM|PST|EDB
SP001622,2,61,PLY,EDB,PLY|IVY|TOT|NTA|TGM|DWL|DWW|EXD|TVP|TAU|BWT|WSM|PSN|BRI|FIT|BPW|YAE|CNM|ASC|XAY|WOP|XSW|BMV|BTG|LOB|KNN|SLY|FWY|BHM|XOZ|XLX|WTO|XKI|TAH|XWE|BUT|DBY|XAJ|CHD|SHF|SWN|MRP|WKF|LDS|CRG|MIK|CHF|YRK|THI|NTR|DAR|DHM|NCL|MPT|ALM|BWK|RSN|DUN|DRM|PST|EDB
SP001623,4,17,LUT,EPH,LUT|LTN|HPD|SAC|RDT|ELS|MIL|HEN|BCZ|CRI|WHP|KTN|SPL|ZFD|CTK|BFR|EPH
SP001624,7,60,PLY,EDB,PLY|IVY|TOT|NTA|TGM|DWL|DWW|EXD|TVP|TAU|BWT|PSN|BRI|FIT|BPW|YAE|CNM|ASC|XAY|WOP|XSW|BMV|BTG|LOB|KNN|SLY|FWY|BHM|XOZ|XLX|WTO|XKI|TAH|XWE|BUT|DBY|XAJ|CHD|SHF|SWN|MRP|WKF|LDS|CRG|MIK|CHF|YRK|THI|NTR|DAR|DHM|NCL|MPT|ALM|BWK|RSN|DUN|DRM|PST|EDB
SP001625,2,51,CDF,EDB,CDF|NWP|STJ|CPW|LYD|GCR|CNM|ASC|XAY|WOP|XSW|BMV|BTG|LOB|KNN|SLY|UNI|FWY|BHM|XOZ|XLX|WTO|XKI|TAH|XWE|BUT|DBY|XAJ|CHD|SHF|SWN|MRP|WKF|LDS|CRG|MIK|CHF|YRK|THI|NTR|DAR|DHM|NCL|MPT|ALM|BWK|RSN|DUN|DRM|PST|EDB
SP001626,2,74,PLY,ABD,PLY|IVY|TOT|NTA|TGM|DWL|DWW|EXD|TVP|TAU|BWT|PSN|BRI|FIT|BPW|YAE|CNM|XAY|WOP|XSW|BMV|BTG|LOB|KNN|SLY|BHM|XOZ|XLX|WTO|XKI|TAH|XWE|BUT|DBY|XAJ|CHD|SHF|SWN|MRP|WKF|LDS|CRG|MIK|CHF|YRK|THI|NTR|DAR|DHM|NCL|MPT|ALM|BWK|RSN|DUN|DRM|PST|EDB|HYM|INK|BTS|KDY|MNC|LDY|CUP|LEU|DEE|BYF|CAN|ARB|MTS|LAU|STN|ABD
SP001627,4,65,PLY,GLC,PLY|IVY|TOT|NTA|TGM|DWL|DWW|EXD|TVP|TAU|BWT|PSN|BRI|FIT|BPW|YAE|CNM|ASC|XAY|WOP|XSW|BMV|BTG|LOB|KNN|SLY|FWY|BHM|XOZ|XLX|WTO|XKI|TAH|XWE|BUT|DBY|XAJ|CHD|SHF|SWN|MRP|WKF|LDS|CRG|MIK|CHF|YRK|THI|NTR|DAR|DHM|NCL|MPT|ALM|BWK|RSN|DUN|DRM|PST|EDB|HYM|SLA|SDM|MTH|GLC
SP001628,2,73,PNZ,EDB,PNZ|SER|HYL|CBN|RED|TRU|SAU|PAR|LOS|BOD|LSK|SGM|STS|PLY|IVY|TOT|NTA|TGM|DWL|DWW|EXD|TVP|TAU|BWT|PSN|BRI|FIT|BPW|YAE|CNM|ASC|XAY|WOP|XSW|BMV|BTG|LOB|KNN|SLY|FWY|BHM|XOZ|XLX|WTO|XKI|TAH|XWE|BUT|DBY|XAJ|CHD|SHF|SWN|MRP|WKF|LDS|CRG|MIK|CHF|YRK|THI|NTR|DAR|DHM|NCL|MPT|ALM|BWK|RSN|DUN|DRM|PST|EDB
SP001629,2,16,WHP,SUO,WHP|KTN|SPL|ZFD|CTK|BFR|EPH|LGJ|HNH|TUH|STE|MTC|MIJ|HCB|CSH|SUO
SP001630,2,15,KTN,SUO,KTN|SPL|ZFD|CTK|BFR|EPH|LGJ|HNH|TUH|STE|MTC|MIJ|HCB|CSH|SUO
SP001631,1,22,BHM,CDF,BHM|XOZ|XON|XIR|KNN|NFD|LOB|BTG|BMV|XSW|DTW|WOS|XAY|ASC|CNM|GCR|LYD|CPW|CDT|STJ|NWP|CDF
SP001632,42,11,MAN,HDF,MAN|ABY|GUI|FLF|NWN|GDL|HTY|BDB|DTG|GLO|HDF
SP001633,2,27,DBY,CDF,DBY|BUT|XWE|TAH|XKI|WTO|XLX|XOZ|BHM|FWY|UNI|SLY|KNN|LOB|BTG|BMV|XSW|WOP|XAY|ASC|CNM|GCR|LYD|CPW|STJ|NWP|CDF
SP001634,4,18,BFR,ORP,BFR|EPH|LGJ|DMK|PMR|NHD|CFT|CTF|BGM|BEC|RVB|SRT|BMS|BKL|XLY|XPE|PET|ORP
SP001635,2,35,NOT,CDF,NOT|BEE|ATB|XTR|LGE|SPO|DBY|WIL|BUT|XWE|TAH|WNE|XKI|WTO|XLX|XOZ|BHM|FWY|UNI|SLY|KNN|LOB|BTG|BMV|XSW|WOP|XAY|ASC|CNM|GCR|LYD|CPW|STJ|NWP|CDF
SP001636,8,10,LES,FST,LES|BEF|PSE|BSO|LAI|UPM|BKG|WEH|LHS|FST
SP001637,32,16,ECR,WFJ,ECR|SRS|TTH|NRB|SRC|BAL|IMW|WBP|KPA|SPB|XMB|XWI|XXW|WMB|HRW|WFJ
SP001638,31,16,WFJ,ECR,WFJ|HRW|WMB|XXW|XWI|XMB|SPB|KPA|WBP|IMW|BAL|SRC|NRB|TTH|SRS|ECR
SP001639,2,16,WNT,ASN,WNT|PUT|BNS|MTL|NSH|RMD|SMG|TWI|WTN|FEL|AFS|SNS|EGH|VIR|CHY|ASN
SP001640,2,7,MYB,GER,MYB|XNJ|WCX|NLT|SRU|WRU|GER
SP001641,2,19,SHF,MAN,SHF|DOR|GRN|HSG|BAM|HOP|EDL|CLY|NMC|SRN|MPL|RML|BDY|BNT|RDN|RRB|BLV|ABY|MAN
SP001642,28,28,HHD,MIA,HHD|VAL|LPG|BNG|LLF|PMW|CNW|LLJ|CWB|AGL|RHL|PRT|FLN|SHT|CTR|HSB|FRD|RUE|WBQ|ERL|NLW|ECC|DGT|MCO|MAN|EDY|HDG|MIA
SP001643,2,11,MYB,HWY,MYB|XNJ|WCX|SRU|WRU|DNM|DGC|GER|SRG|BCF|HWY
SP001644,2,41,LDS,PLY,LDS|WKF|MRP|SWN|SHF|CHD|XAJ|DBY|BUT|XWE|TAH|XKI|WTO|XLX|XOZ|BHM|FWY|SLY|KNN|LOB|BTG|BMV|XSW|XAY|ASC|CNM|YAE|BPW|FIT|BRI|BWT|TAU|TVP|EXD|DWW|DWL|TGM|NTA|TOT|IVY|PLY
SP001645,2,27,NOT,GCR,NOT|BEE|XTR|LGE|SPO|DBY|BUT|XWE|TAH|XKI|WTO|XLX|XOZ|BHM|FWY|UNI|SLY|KNN|LOB|BTG|BMV|XSW|WOP|XAY|ASC|CNM|GCR
SP001646,2,7,GER,MYB,GER|WRU|SRU|NLT|WCX|XNJ|MYB
SP001647,2,10,HWY,MYB,HWY|BCF|SRG|GER|WRU|SRU|NLT|WCX|XNJ|MYB
SP001648,2,45,YRK,PLY,YRK|CHF|MIK|CRG|LDS|WKF|MRP|SWN|SHF|CHD|XAJ|DBY|BUT|XWE|TAH|XKI|WTO|XLX|XOZ|BHM|FWY|SLY|KNN|LOB|BTG|BMV|XSW|XAY|ASC|CNM|YAE|BPW|FIT|BRI|BWT|TAU|TVP|EXD|DWW|DWL|TGM|NTA|TOT|IVY|PLY
SP001649,2,9,HWY,MYB,HWY|BCF|SRG|GER|WRU|SRU|WCX|XNJ|MYB
SP001650,12,12,NCL,MBR,NCL|HEW|BNR|SUN|SEA|HRE|HPL|SEC|BIL|STK|TBY|MBR
SP001651,17,10,NBY,PAD,NBY|NRC|THA|THE|RDG|TWY|MAI|SLO|STL|PAD
SP001652,1,13,BDW,PAD,BDW|HGD|KIT|NBY|NRC|THA|THE|RDG|TWY|MAI|SLO|STL|PAD
SP001653,26,26,PMH,CDF,PMH|PMS|FTN|CSA|FRM|SNW|HME|SHO|SDN|SOU|RDB|ROM|DEN|SAL|WMN|WSB|TRO|BOA|BTH|BRI|FIT|PWY|PIL|STJ|NWP|CDF
SP001654,3,10,PAD,NBY,PAD|STL|SLO|MAI|TWY|RDG|THE|THA|NRC|NBY
SP001655,2,73,ABD,PLY,ABD|STN|LAU|MTS|ARB|CAN|BYF|DEE|LEU|CUP|LDY|MNC|KDY|BTS|INK|HYM|EDB|PST|DRM|DUN|RSN|BWK|ALM|MPT|NCL|DHM|DAR|NTR|THI|YRK|CHF|MIK|CRG|LDS|WKF|MRP|SWN|SHF|CHD|XAJ|DBY|BUT|XWE|TAH|XKI|WTO|XLX|XOZ|BHM|SLY|KNN|LOB|BTG|BMV|XSW|XAY|ASC|CNM|YAE|BPW|FIT|BRI|BWT|TAU|TVP|EXD|DWW|DWL|TGM|NTA|TOT|IVY|PLY
SP001656,2,24,LEI,GCR,LEI|SWS|NBR|HNK|NUN|XQW|CEH|WTO|XLX|XOZ|BHM|FWY|UNI|SLY|KNN|LOB|BTG|BMV|XSW|WOP|XAY|ASC|CNM|GCR
SP001657,1,37,NCL,RDG,NCL|DHM|DAR|NTR|THI|YRK|DON|MEX|SWN|SHF|CHD|XAJ|DBY|BUT|XWE|TAH|WNE|XKI|WTO|XLX|XOZ|BHM|XOZ|XON|XIR|XOH|TYS|DDG|HTN|LMS|XFC|BAN|XAN|HYD|OXF|GOR|RDG
SP001658,2,28,BHM,PGN,BHM|XOZ|XON|XIR|KNN|LOB|BTG|BMV|XSW|WOP|XAY|ASC|CNM|YAE|BPW|FIT|BRI|BWT|TAU|TVP|EXD|DWW|DWL|TGM|NTA|EDS|TQY|PGN
SP001659,4,35,NCL,RDG,NCL|DHM|DAR|NTR|THI|YRK|DON|MEX|SHF|CHD|XAJ|DBY|BUT|XWE|TAH|XKI|WTO|XLX|XOZ|BHM|XOZ|XON|XIR|XOH|TYS|DDG|HTN|LMS|XFC|BAN|XAN|HYD|OXF|GOR|RDG
SP001660,2,34,DBY,PLY,DBY|BUT|XWE|TAH|XKI|WTO|XLX|XOZ|BHM|FWY|SLY|KNN|LOB|BTG|BMV|XSW|XAY|ASC|CNM|YAE|BPW|FIT|BRI|BWT|TAU|TVP|EXD|DWW|DWL|TGM|NTA|TOT|IVY|PLY
SP001661,2,44,GLM,LUT,GLM|CTM|RTR|XRJ|SOO|HGM|GRV|XSR|NFL|SWM|GNH|SCG|DFD|XRT|SGR|ERH|BVD|ABW|PLU|WWA|WWD|CTN|WCB|MZH|GNW|DEP|XKE|XMK|BFR|CTK|ZFD|SPL|KTN|WHP|CRI|BCZ|HEN|MIL|ELS|RDT|SAC|HPD|LTN|LUT
SP001662,1,4,SUR,EAD,SUR|NEM|RAY|EAD
SP001663,2,5,HMC,RAY,HMC|THD|SUR|NEM|RAY
SP001664,2,13,KNG,QRB,KNG|HMW|TED|STW|TWI|SMG|RMD|NSH|MTL|BNS|PUT|WNT|QRB
SP001665,12,31,RAI,KTN,RAI|GLM|CTM|RTR|XRJ|SOO|HGM|GRV|XSR|NFL|SWM|GNH|SCG|DFD|XRT|SGR|ABW|PLU|WWA|CTN|WCB|MZH|GNW|DEP|XKE|XMK|BFR|CTK|ZFD|SPL|KTN
SP001666,2,44,MAN,PGN,MAN|SPT|CHU|MAC|CNG|KDG|SOT|SNE|STA|PKG|XBJ|WVH|DDP|XGJ|XOS|BHM|XOZ|XON|XIR|KNN|LOB|BTG|BMV|XSW|WOP|XAY|ASC|CNM|YAE|BPW|FIT|BRI|WSM|BWT|TAU|TVP|EXD|DWW|DWL|TGM|NTA|EDS|TQY|PGN
SP001667,2,50,NCL,PLY,NCL|DHM|DAR|NTR|THI|YRK|CHF|MIK|CRG|LDS|WKF|MRP|SWN|SHF|CHD|XAJ|DBY|BUT|XWE|TAH|XKI|WTO|XLX|XOZ|BHM|FWY|SLY|KNN|LOB|BTG|BMV|XSW|XAY|ASC|CNM|YAE|BPW|FIT|BRI|BWT|TAU|TVP|EXD|DWW|DWL|TGM|NTA|TOT|IVY|PLY
SP001668,68,23,DMR,LRH,DMR|SIN|DMY|DMC|WES|ANL|HYN|PTK|EXG|AND|GCL|AGS|BDG|DAK|RUT|CBL|NTN|BLT|HNW|HNC|CTE|MEY|LRH
SP001669,2,43,MAN,PGN,MAN|SPT|CHU|MAC|CNG|KDG|SOT|SNE|STA|PKG|XBJ|WVH|DDP|XGJ|XOS|BHM|XOZ|XON|XIR|KNN|LOB|BTG|BMV|XSW|WOP|XAY|ASC|CNM|YAE|BPW|FIT|BRI|BWT|TAU|TVP|EXD|DWW|DWL|TGM|NTA|EDS|TQY|PGN
SP001670,2,20,MIA,WDM,MIA|HDG|GTY|MAN|MCO|DGT|SLD|BON|XLK|HWI|CRL|XOU|PRE|LAN|XOA|OXN|KEN|BUD|SVL|WDM
SP001671,2,59,EDB,PLY,EDB|PST|DRM|DUN|RSN|BWK|ALM|MPT|NCL|DHM|DAR|NTR|THI|YRK|CHF|MIK|CRG|LDS|WKF|MRP|SWN|SHF|CHD|XAJ|DBY|BUT|XWE|TAH|XKI|WTO|XLX|XOZ|BHM|FWY|SLY|KNN|LOB|BTG|BMV|XSW|XAY|ASC|CNM|YAE|BPW|FIT|BRI|WSM|BWT|TAU|TVP|EXD|DWW|DWL|TGM|NTA|TOT|IVY|PLY
SP001672,18,32,MAN,BRI,MAN|SPT|CHU|MAC|CNG|KDG|SOT|SNE|STA|PKG|XBJ|WVH|DDP|XGJ|XOS|BHM|XOZ|XON|XIR|KNN|LOB|BTG|BMV|XSW|WOP|XAY|ASC|CNM|YAE|BPW|FIT|BRI
SP001673,3,9,NEM,BSK,NEM|SUR|WOK|BKO|FNB|FLE|WNF|HOK|BSK
SP001674,2,49,EDB,CDF,EDB|PST|DRM|DUN|RSN|BWK|ALM|MPT|NCL|DHM|DAR|NTR|THI|YRK|CHF|MIK|CRG|LDS|WKF|MRP|SWN|SHF|CHD|XAJ|DBY|BUT|XWE|TAH|XKI|WTO|XLX|XOZ|BHM|FWY|SLY|KNN|LOB|BTG|BMV|XSW|XAY|ASC|CNM|GCR|LYD|CPW|STJ|NWP|CDF
SP001675,39,12,NEM,BSK,NEM|SUR|WAL|WYB|BFN|WOK|BKO|FNB|FLE|WNF|HOK|BSK
SP001676,8,58,EDB,PLY,EDB|PST|DRM|DUN|RSN|BWK|ALM|MPT|NCL|DHM|DAR|NTR|THI|YRK|CHF|MIK|CRG|LDS|WKF|MRP|SWN|SHF|CHD|XAJ|DBY|BUT|XWE|TAH|XKI|WTO|XLX|XOZ|BHM|FWY|SLY|KNN|LOB|BTG|BMV|XSW|XAY|ASC|CNM|YAE|BPW|FIT|BRI|BWT|TAU|TVP|EXD|DWW|DWL|TGM|NTA|TOT|IVY|PLY
SP001677,8,33,LUT,ORP,LUT|LTN|HPD|SAC|RDT|ELS|MIL|HEN|BCZ|CRI|WHP|KTN|SPL|ZFD|CTK|BFR|EPH|LGJ|DMK|PMR|NHD|CFT|CTF|BGM|BEC|RVB|SRT|BMS|BKL|XLY|XPE|PET|ORP
SP001678,4,20,MOG,SVG,MOG|OLD|EXR|HHY|DYP|FPK|HGY|AAP|BOP|PAL|WIH|GPK|ENC|GDH|CWH|CUF|BAY|HFN|WAS|SVG
SP001679,7,9,BSK,NEM,BSK|HOK|WNF|FLE|FNB|BKO|WOK|SUR|NEM
SP001680,2,48,EDB,BRI,EDB|PST|DRM|DUN|RSN|BWK|ALM|MPT|NCL|DHM|DAR|NTR|THI|YRK|CHF|MIK|CRG|LDS|WKF|MRP|SWN|SHF|CHD|XAJ|DBY|BUT|XWE|TAH|XKI|WTO|XLX|XOZ|BHM|FWY|SLY|KNN|LOB|BTG|BMV|XSW|XAY|ASC|CNM|GCR|YAE|BPW|FIT|BRI
SP001681,6,23,WHP,ORP,WHP|KTN|SPL|ZFD|CTK|BFR|EPH|LGJ|DMK|PMR|NHD|CFT|CTF|BGM|BEC|RVB|SRT|BMS|BKL|XLY|XPE|PET|ORP
SP001682,4,16,BHM,RDG,BHM|XOZ|XON|XIR|XOH|TYS|DDG|HTN|LMS|XFC|BAN|XAN|HYD|OXF|GOR|RDG
SP001683,2,37,NCL,RDG,NCL|DHM|DAR|NTR|THI|YRK|DON|MEX|SWN|SHF|CHD|XAJ|DBY|BUT|XWE|TAH|XKI|WTO|XLX|XOZ|BHM|XOZ|XON|XIR|XOH|TYS|DDG|HTN|LMS|XFC|BAN|XAN|HYD|OXF|DID|GOR|RDG
SP001684,4,9,MCV,BBN,MCV|SFD|SLD|BON|HID|BMC|ENT|DWN|BBN
SP001685,1,15,EBN,AFK,EBN|HMD|XIL|PEV|BEX|XOP|SLQ|HGS|ORE|TOK|WSE|RYE|APD|HMT|AFK
SP001686,1,49,BDM,RAI,BDM|WIX|FLT|HLN|LEA|LUT|LTN|HPD|SAC|RDT|ELS|MIL|HEN|CRI|WHP|KTN|SPL|ZFD|CTK|BFR|XMK|XKE|DEP|GNW|MZH|WCB|CTN|WWD|WWA|PLU|ABW|BVD|ERH|SGR|XRT|DFD|SCG|GNH|SWM|NFL|XSR|GRV|HGM|SOO|XRJ|RTR|CTM|GLM|RAI
SP001687,4,31,YRK,RDG,YRK|DON|MEX|SWN|SHF|CHD|XAJ|DBY|BUT|XWE|TAH|XKI|WTO|XLX|XOZ|BHM|XOZ|XON|XIR|XOH|TYS|DDG|HTN|LMS|XFC|BAN|XAN|HYD|OXF|GOR|RDG
SP001688,3,43,BDM,RAI,BDM|WIX|FLT|HLN|LEA|LUT|LTN|HPD|SAC|HEN|CRI|WHP|KTN|SPL|ZFD|CTK|BFR|XMK|XKE|DEP|GNW|MZH|WCB|CTN|WWA|PLU|ABW|SGR|XRT|DFD|SCG|GNH|SWM|NFL|XSR|GRV|HGM|SOO|XRJ|RTR|CTM|GLM|RAI
SP001689,2,9,MCV,BBN,MCV|SFD|SLD|FNW|BON|HID|BMC|DWN|BBN
SP001690,24,19,MOG,HFN,MOG|OLD|EXR|HHY|DYP|FPK|HGY|HRN|AAP|BOP|PAL|WIH|GPK|ENC|GDH|CWH|CUF|BAY|HFN
SP001691,4,7,DBY,NOT,DBY|SPO|LGE|XTR|ATB|BEE|NOT
SP001692,24,19,HFN,MOG,HFN|BAY|CUF|CWH|GDH|ENC|GPK|WIH|PAL|BOP|AAP|HRN|HGY|FPK|DYP|HHY|EXR|OLD|MOG
SP001693,46,12,BSK,NEM,BSK|HOK|WNF|FLE|FNB|BKO|WOK|BFN|WYB|WAL|SUR|NEM
SP001694,8,5,CBG,SSD,CBG|CMS|XSP|AUD|SSD
SP001695,1,18,MOG,HFN,MOG|OLD|EXR|HHY|DYP|FPK|HGY|HRN|AAP|BOP|PAL|WIH|GPK|ENC|GDH|CWH|CUF|HFN
SP001696,26,12,MAN,HDF,MAN|ABY|GTO|GUI|FLF|NWN|GDL|HTY|BDB|DTG|GLO|HDF
SP001697,2,6,BSK,NEM,BSK|FLE|FNB|WOK|SUR|NEM
SP001698,4,20,SRA,WJH,SRA|HKW|HMN|HKC|DLK|CNN|XJC|HII|CIR|CMD|KTW|GPO|HDH|FNY|WHD|BSY|BSP|KNR|XKG|WJH
SP001699,2,6,RAY,CSS,RAY|MOT|MAL|TOL|CSN|CSS
SP001700,67,7,CSS,EAD,CSS|CSN|TOL|MAL|MOT|RAY|EAD
SP001701,2,17,WWR,XHZ,WWR|XVJ|CLP|DMK|QRP|SQE|ZCW|ROE|WPE|SDE|ZLW|SDC|HOX|HGG|DLJ|XIC|XHZ
SP001702,1,18,LST,SOV,LST|BET|XOW|SRA|MYL|MNP|IFD|SVK|CTH|RMF|GDP|HRO|BRE|SNF|WIC|HOC|SIA|SOV
SP001703,78,18,MOG,WGC,MOG|OLD|EXR|HHY|DYP|FPK|HGY|HRN|AAP|NSG|OKL|NBA|HDW|PBR|BPK|WMG|HAT|WGC
SP001704,8,5,SSD,CBG,SSD|AUD|XSP|CMS|CBG
SP001705,1,8,EBN,HGS,EBN|HMD|XIL|PEV|BEX|XOP|SLQ|HGS
SP001706,8,11,LCN,SHF,LCN|SXY|GBL|XRO|WRK|SRO|KVP|KIV|WDH|DAN|SHF
SP001707,32,20,SHR,BHM,SHR|XSY|WLN|OKN|TFC|XMD|SFN|COS|ALB|CSL|BBK|WVH|XPJ|WIA|DAS|BSC|TAB|XRA|XOS|BHM
SP001708,2,17,HPQ,LST,HPQ|MIS|MNG|COL|MKT|KEL|WTM|HAP|BPA|CHM|SNF|GDP|IFD|SRA|XOW|BET|LST
SP001709,36,7,NUN,LMS,NUN|BEP|BEH|CAA|COV|KNW|LMS
SP001710,28,18,BHI,RGL,BHI|MGN|LEH|SCF|XOZ|BHM|XOS|XRA|TAB|BSC|WSL|BLX|BWN|LAW|CAO|HNF|RGT|RGL
SP001711,122,19,HNX,OMS,HNX|LPY|CSG|AIG|STM|BRW|LVC|XMR|SDL|KKD|WAO|OPK|AIN|ORN|MAG|MNS|TWN|AUG|OMS
SP001712,32,19,BHI,RGL,BHI|MGN|LEH|SCF|ADD|XOZ|BHM|XOS|XRA|TAB|BSC|WSL|BLX|BWN|LAW|CAO|HNF|RGT|RGL
SP001713,4,6,CSS,RAY,CSS|CSN|TOL|MAL|MOT|RAY
SP001714,68,6,ACT,AHT,ACT|BAG|CAM|FML|AHV|AHT
SP001715,34,19,RGL,BHI,RGL|RGT|HNF|CAO|LAW|BWN|BLX|WSL|BSC|TAB|XRA|XOS|BHM|XOZ|ADD|SCF|LEH|MGN|BHI
SP001716,70,6,AHT,ACT,AHT|AHV|FML|CAM|BAG|ACT
SP001717,28,18,RGL,BHI,RGL|RGT|HNF|CAO|LAW|BWN|BLX|WSL|BSC|TAB|XRA|XOS|BHM|XOZ|SCF|LEH|MGN|BHI
SP001718,6,14,XSU,SUO,XSU|XLJ|NXG|BCY|HPA|FOH|SYD|PNW|ANZ|NWD|XGU|WCY|WLT|SUO
SP001719,8,12,HDF,MAN,HDF|GLO|DTG|BDB|HTY|GDL|NWN|FLF|GUI|GTO|ABY|MAN
SP001720,2,12,HDF,MAN,HDF|GLO|DTG|BDB|HTY|GDL|NWN|FLF|GUI|ABY|ADK|MAN
SP001721,14,13,HDF,MAN,HDF|GLO|DTG|BDB|HTY|GDL|NWN|FLF|GUI|FRF|GTO|ABY|MAN
SP001722,46,11,HDF,MAN,HDF|GLO|DTG|BDB|HTY|GDL|NWN|FLF|GUI|ABY|MAN
SP001723,1,11,BAK,EPS,BAK|WSW|BAL|MTC|MIJ|HCB|CSH|SUO|CHE|EWE|EPS
SP001724,1,17,HOV,BOG,HOV|AGT|PLD|FSG|SWK|SSE|LAC|EWR|WRH|WWO|DUR|GBS|ANG|XXA|FOD|BAA|BOG
SP001725,16,4,IMW,SPB,IMW|WBP|KPA|SPB
SP001726,2,21,KGX,CBG,KGX|XKB|FPK|AAP|NBA|PBR|HAT|WGC|XGN|SVG|HIT|LET|BDK|AWM|RYS|MEL|STH|FXN|XSP|CMS|CBG
SP001727,1,17,KGX,CBG,KGX|XKB|FPK|AAP|PBR|WGC|XGN|SVG|HIT|LET|BDK|AWM|RYS|FXN|XSP|CMS|CBG
SP001728,1,22,HAV,BAL,HAV|EMS|CCH|BAA|FOD|XXA|ARU|AMY|PUL|BIG|CHH|HRH|LVN|CRW|TBD|GTW|ELD|XJS|PUR|ECR|SRS|BAL
SP001729,70,8,TAT,PUR,TAT|TAD|KND|CHP|WME|CDN|RHM|PUR
SP001730,1,19,PMH,HRH,PMH|PMS|FTN|HLS|BDH|HAV|WBL|EMS|SOB|NUT|BOH|FSB|CCH|BAA|FOD|XXA|PUL|BIG|HRH
SP001731,1,12,MAN,SOT,MAN|SPT|CHU|BML|PYT|ADC|PRB|MAC|CNG|KDG|LPT|SOT
SP001732,124,2,CDQ,CDB,CDQ|CDB
SP001733,2,14,RCD,LDS,RCD|SMB|LTL|WDN|TOD|HBD|MYT|SOW|HFX|LMR|BDI|NPD|BLE|LDS
SP001734,69,14,XSU,EPS,XSU|XLJ|NXG|SYD|NWD|XGU|WCY|WDO|WLT|CSB|SUO|CHE|EWE|EPS
SP001735,4,15,BHM,NOT,BHM|XOZ|XLX|WTO|XKI|WNE|TAH|XWE|BUT|DBY|SPO|LGE|XTR|BEE|NOT
SP001736,3,7,MAN,MIA,MAN|MAU|BNA|EDY|GTY|HDG|MIA
SP001737,3,6,AFK,DVP,AFK|XSI|FKW|FKC|FKE|DVP
SP001738,1,13,ECR,UCK,ECR|SCY|SNR|OXT|HUR|EBT|HEV|CWN|AHS|ERI|COH|BXD|UCK
SP001739,1,5,MLG,MLG,MLG|EIG|MUK|EIG|MLG
SP001740,22,7,MAN,HAZ,MAN|LVM|HTC|SPT|DVN|WSR|HAZ
SP001741,2,13,QRB,KNG,QRB|WNT|PUT|BNS|MTL|NSH|RMD|SMG|TWI|STW|TED|HMW|KNG
SP001742,10,19,NEM,PMS,NEM|SUR|WOK|WPL|GLD|FNC|GOD|MLF|WTY|HSL|LIP|LIS|PTR|RLN|HAV|BDH|HLS|FTN|PMS
SP001743,8,12,LAN,BIF,LAN|XOA|CNF|SVR|ARN|GOS|KBK|CAK|ULV|DLT|ROO|BIF
SP001744,18,10,NEM,HSL,NEM|SUR|WOK|WPL|GLD|FNC|GOD|MLF|WTY|HSL
SP001745,142,14,BGV,GPO,BGV|BKG|WGR|WNP|LER|LEM|WMW|BHO|STO|HRY|CRH|UHL|XJR|GPO
SP001746,16,10,HSL,NEM,HSL|WTY|MLF|GOD|FNC|GLD|WPL|WOK|SUR|NEM
SP001747,2,12,AON,NEM,AON|BTY|FNH|AHT|AHV|BKO|WOK|BFN|WYB|WAL|SUR|NEM
SP001748,54,23,LRH,DMR,LRH|MEY|CTE|HNC|HNW|BLT|NTN|CBL|RUT|DAK|BDG|AGS|GCL|AND|EXG|PTK|HYN|JOR|SCH|GRS|YOK|CYK|DMR
SP001749,2,18,SOU,WOK,SOU|SDN|WLS|NTL|BUO|SNW|FRM|CSA|HAV|PTR|HSL|WTY|MLF|GOD|FNC|GLD|WPL|WOK
SP001750,13,13,AON,NEM,AON|BTY|FNH|AHT|AHV|BKO|WOK|WBY|BFN|WYB|ESH|SUR|NEM
SP001751,32,2,KLS,HUS,KLS|HUS
SP001752,32,2,HUS,KLN,HUS|KLN
SP001753,6,13,TWI,QRB,TWI|WTN|HOU|ISL|SYL|BFD|KWB|CHK|BNI|BNS|PUT|WNT|QRB
SP001754,234,2,XAD,LUB,XAD|LUB
SP001755,230,2,LUB,XAD,LUB|XAD
SP001756,2,9,RSH,MAN,RSH|RML|WLY|HYC|HYT|GUI|FRF|ABY|MAN
SP001757,34,13,SAL,ROM,SAL|DEN|DBG|ROM|RDB|MBK|SOU|SDN|SWG|SOA|ESL|CFR|ROM
SP001758,2,10,DEE,ABD,DEE|BYF|MON|CAN|ARB|MTS|LAU|STN|PLN|ABD
SP001759,6,9,RSH,MAN,RSH|RML|WLY|HYC|HYT|GUI|GTO|ABY|MAN
SP001760,2,15,SUO,XSU,SUO|WLT|WCY|XGU|SRS|TTH|NRB|SRC|STE|TUH|NDL|EDW|QRP|SBM|XSU
SP001761,2,11,QRB,HOU,QRB|WNT|PUT|BNS|MTL|NSH|RMD|SMG|TWI|WTN|HOU
SP001762,66,14,XSU,BAK,XSU|XLJ|NXG|BCY|HPA|FOH|SYD|CYP|GIP|WNW|SRH|BAL|WSW|BAK
SP001763,1,15,NOT,SKG,NOT|RDF|BIN|ALK|BTF|ANC|RAU|SLR|HEC|HBB|BSN|TPC|WFL|HVN|SKG
SP001764,30,11,SOT,MAN,SOT|KDG|CNG|MAC|PRB|ADC|PYT|BML|CHU|SPT|MAN
SP001765,2,14,SOT,MAN,SOT|LPT|KDG|CNG|MAC|PRB|ADC|PYT|BML|CHU|SPT|HTC|LVM|MAN
SP001766,2,14,SNS,QRB,SNS|AFS|FEL|HOU|ISL|SYL|BFD|KWB|CHK|BNI|BNS|PUT|WNT|QRB
SP001767,2,9,BBN,MCV,BBN|DWN|ENT|BMC|HID|BON|SLD|SFD|MCV
SP001768,2,17,WSB,CDF,WSB|TRO|BOA|AVF|FFD|BTH|OLF|KYN|BRI|LWH|SRD|FIT|PWY|PIL|STJ|NWP|CDF
SP001769,34,13,ROM,SAL,ROM|CFR|ESL|SOA|SWG|SDN|SOU|MBK|RDB|ROM|DBG|DEN|SAL
SP001770,4,11,SRS,XSU,SRS|TTH|NRB|SRC|STE|TUH|NDL|EDW|QRP|SBM|XSU
SP001771,2,7,PAD,HWV,PAD|AML|HAN|STL|HAY|HXX|HWV
SP001772,4,8,HWV,PAD,HWV|HXX|HAY|STL|WEA|EAL|AML|PAD
SP001773,1,29,BTN,PMH,BTN|HOV|PLD|FSG|SWK|SSE|LAC|EWR|WRH|WWO|DUR|GBS|ANG|XXA|FOD|BAA|CCH|FSB|BOH|NUT|SOB|EMS|WBL|HAV|BDH|HLS|FTN|PMS|PMH
SP001774,2,29,MAN,RDG,MAN|SPT|CHU|MAC|CNG|KDG|SOT|SNE|STA|PKG|XBJ|WVH|DDP|XGJ|XOS|BHM|XOZ|SCF|BHI|BKW|COV|LMS|XFC|BAN|XAN|HYD|OXF|GOR|RDG
SP001775,5,11,MCV,WGN,MCV|SFD|SLD|KSL|FNW|MSS|BON|XLK|WHG|HIN|WGN
SP001776,2,11,WGW,MCV,WGW|HIN|DSY|HGF|ATN|WKD|MSD|SNN|SLD|SFD|MCV
SP001777,4,16,LIV,MCV,LIV|EDG|WAV|BGE|ROB|HUY|WHN|RNH|LEG|SHJ|ERL|NLW|PAT|ECC|SFD|MCV
SP001778,2,21,WHP,SUO,WHP|KTN|SPL|ZFD|CTK|BFR|EPH|LGJ|HNH|TUH|STE|TOO|HYR|WIM|WBO|SMO|MDS|SIH|SUC|WSU|SUO
SP001779,1,12,TON,SOO,TON|PDW|WTR|EFL|MDW|MDB|AYL|NHE|SDA|HAI|CUX|SOO
SP001780,36,11,MAN,SOT,MAN|SPT|CHU|BML|PYT|ADC|PRB|MAC|CNG|KDG|SOT
SP001781,2,14,NMP,BHM,NMP|LBK|RUG|COV|CNL|THL|BKW|HIA|BHI|MGN|LEH|SCF|XOZ|BHM
SP001782,2,12,SUO,XSU,SUO|CSH|HCB|MIJ|MTC|STE|TUH|NDL|EDW|QRP|SBM|XSU
SP001783,8,11,BTN,WWO,BTN|HOV|AGT|PLD|FSG|SWK|SSE|LAC|EWR|WRH|WWO
SP001784,33,18,HRH,BAK,HRH|WNH|OLY|HLM|DKG|BXW|LHD|AHD|EPS|EWE|CHE|SUO|CSH|HCB|MIJ|MTC|BAL|BAK
SP001785,2,7,BAA,PMH,BAA|CCH|EMS|HAV|FTN|PMS|PMH
SP001786,3,20,BHI,CTR,BHI|SCF|XOZ|BHM|XOS|XGJ|SAD|DDP|WVH|COS|XMD|TFC|WLN|XSY|SHR|GOB|CRK|RUA|WRX|CTR
SP001787,2,18,HHD,CTR,HHD|VAL|RHO|TYC|BOR|LPG|BNG|LLF|PMW|CNW|LLJ|CWB|AGL|RHL|PRT|FLN|SHT|CTR
SP001788,1,3,BTN,LWS,BTN|FMR|LWS
SP001789,2,13,LLJ,SHR,LLJ|CWB|AGL|RHL|PRT|FLN|SHT|CTR|WRX|RUA|CRK|GOB|SHR
SP001790,12,4,CCH,LIT,CCH|BAA|FOD|LIT
SP001791,1,5,ASN,SNS,ASN|CHY|VIR|EGH|SNS
SP001792,1,32,LIV,EUS,LIV|EDG|ALE|RUN|XYJ|ACB|WSF|CRE|STA|XCO|RGL|XOI|LTV|TAM|XIM|PSW|ATH|NUN|RUG|XWZ|XHN|WOL|MKC|BLY|XOD|TRI|XOE|WFJ|HRW|WMB|XWI|EUS
SP001793,6,10,ESL,PMH,ESL|HDE|BOE|FRM|PTC|CSA|HLS|FTN|PMS|PMH
SP001794,2,11,LLD,CRE,LLD|DGY|LLJ|CWB|AGL|RHL|PRT|FLN|SHT|CTR|CRE
SP001795,2,20,WOK,PMH,WOK|BKO|FNB|FLE|WNF|HOK|BSK|MIC|WIN|XEW|ESL|HDE|BOE|FRM|PTC|CSA|HLS|FTN|PMS|PMH
SP001796,2,13,PMH,WIN,PMH|PMS|FTN|HLS|CSA|PTC|FRM|BOE|HDE|ESL|XEW|SHW|WIN
SP001797,10,4,LIT,CCH,LIT|FOD|BAA|CCH
SP001798,2,10,PMH,ESL,PMH|PMS|FTN|HLS|CSA|PTC|FRM|BOE|HDE|ESL
SP001799,2,5,SNS,WNR,SNS|WRY|SNY|DAT|WNR
SP001800,2,10,SNS,QRB,SNS|AFS|FEL|WTN|TWI|SMG|RMD|BNS|PUT|QRB
SP001801,2,9,TWI,WNR,TWI|WTN|FEL|AFS|SNS|WRY|SNY|DAT|WNR
SP001802,2,16,MCV,HBL,MCV|SFD|SLD|SNN|MSD|WKD|ATN|HGF|DSY|HIN|WGW|PEM|ORR|UPL|RNF|HBL
SP001803,33,18,BHM,LIV,BHM|XOS|XGJ|XGQ|DDP|WVH|XBJ|PKG|STA|CRE|WSF|HTF|ACB|XYJ|RUN|ALE|EDG|LIV
SP001804,2,28,CRE,EUS,CRE|STA|PKG|XBJ|WVH|DDP|SAD|XGJ|XOS|BHM|XOZ|SCF|BHI|BKW|COV|RUG|XWZ|XHN|MKC|BLY|XOD|TRI|XOE|WFJ|HRW|WMB|XWI|EUS
SP001805,7,24,WVH,EUS,WVH|DDP|SAD|XGJ|XOS|BHM|XOZ|SCF|BHI|BKW|COV|RUG|XWZ|XHN|MKC|BLY|XOD|TRI|XOE|WFJ|HRW|WMB|XWI|EUS
SP001806,7,9,OXF,PAD,OXF|DID|GOR|RDG|TWY|MAI|SLO|STL|PAD
SP001807,26,37,EUS,GLC,EUS|XWI|WMB|HRW|WFJ|XOE|TRI|XOD|BLY|MKC|XHN|XWZ|RUG|NUN|XIM|XOI|XCO|STA|CRE|WSF|ACB|XYJ|WBQ|WGN|XOU|PRE|LAN|XOA|OXN|XIT|PNR|CAR|XGS|LOC|SDM|MTH|GLC
SP001808,2,8,BDW,RDG,BDW|HGD|KIT|NBY|THA|THE|RDW|RDG
SP001809,36,16,PBN,SPX,PBN|XXX|XIE|XIW|XXK|XXG|XXL|XXO|XXI|XXJ|XXU|XXH|XXQ|XXR|XXY|SPX
SP001810,2,15,LIV,MAN,LIV|EDG|MSH|WSA|ALE|HNX|HED|HGN|WID|WAW|WAC|BWD|DGT|MCO|MAN
SP001811,2,8,PRE,BBN,PRE|LOH|XLS|BMB|PLS|CYT|MLH|BBN
SP001812,2,15,EDB,HNT,EDB|HYM|INK|BTS|KDY|LDY|BYF|CAN|ARB|MTS|LAU|STN|DYC|INS|HNT
SP001813,4,2,YRK,SBY,YRK|SBY
SP001814,4,10,WFJ,IMW,WFJ|HRW|WMB|XXW|XWI|XMB|SPB|KPA|WBP|IMW
SP001815,36,12,LIV,MCV,LIV|EDG|ROB|HUY|RNH|LEG|SHJ|ERL|NLW|ECC|SFD|MCV
SP001816,1,13,RCC,LDS,RCC|SBK|MBR|TBY|EAG|YRM|NTR|THI|YRK|CHF|MIK|CRG|LDS
SP001817,6,6,MCN,AYW,MCN|DVY|BRH|BOW|LLB|AYW
SP001818,1,28,CTR,BHI,CTR|WRX|RUA|CRK|GOB|SHR|XSY|WLN|TFC|XMD|COS|ALB|BBK|WVH|CSY|TIP|DDP|SAD|SGB|XGJ|SMR|XOS|BHM|XOZ|SCF|LEH|MGN|BHI
SP001819,2,59,BTN,CBG,BTN|PRP|HSK|BUG|XKM|WVF|HHE|BAB|TBD|GTW|HOR|SAF|ELD|XJS|PUR|PUO|SCY|ECR|NWD|ANZ|PNW|SYD|FOH|HPA|BCY|NXG|XLJ|XMK|BFR|CTK|ZFD|SPL|XKB|FPK|HGY|HRN|AAP|NSG|OKL|NBA|HDW|PBR|BPK|HAT|WGC|XGN|KBW|SVG|HIT|LET|BDK|AWM|RYS|MEL|STH|FXN|XSP|CMS|CBG
SP001820,71,13,STP,COR,STP|KTN|WHP|CRI|HEN|SAC|LTN|LUT|FLT|BDM|WEL|KET|COR
SP001821,3,5,WNR,SNS,WNR|DAT|SNY|WRY|SNS
SP001822,1,40,PNZ,PAD,PNZ|SER|CBN|RED|TRU|SAU|PAR|LOS|BOD|LSK|SGM|STS|PLY|IVY|TOT|NTA|TGM|DWL|DWW|EXD|EXC|PIN|FNT|HON|AXM|CKN|YVJ|YVP|CLC|WSB|BDW|HGD|NBY|THE|RDG|TWY|MAI|SLO|STL|PAD
SP001823,1,21,PAD,SWA,PAD|STL|SLO|MAI|TWY|RDG|GOR|DID|XJF|SWI|BPW|PWY|PIL|STJ|NWP|CDF|PYC|BGN|PTA|NTH|SWA
SP001824,2,11,HOU,QRB,HOU|WTN|TWI|SMG|RMD|NSH|MTL|BNS|PUT|WNT|QRB
SP001825,1,4,TBT,UIG,TBT|UIG|LCH|UIG
SP001826,1,11,CLE,NNG,CLE|GMB|SLL|HAB|BTB|MKR|LCN|HKM|SWD|CLM|NNG
SP001827,4,10,IMW,WFJ,IMW|WBP|KPA|SPB|XMB|XWI|XXW|WMB|HRW|WFJ
SP001828,4,2,YVP,YVJ,YVP|YVJ
SP001829,6,13,QRB,TWI,QRB|WNT|PUT|BNS|BNI|CHK|KWB|BFD|SYL|ISL|HOU|WTN|TWI
SP001830,1,17,BAL,BTN,BAL|SRS|ECR|SCY|PUR|XJS|RDH|ELD|SAF|GTW|TBD|HHE|XKM|BUG|HSK|PRP|BTN
SP001831,5,11,QRB,HOU,QRB|WNT|PUT|BNS|BNI|CHK|KWB|BFD|SYL|ISL|HOU
SP001832,6,12,BMH,WEY,BMH|BSM|PKS|POO|HAM|HOL|WRM|WOO|MTN|DCH|UPW|WEY
SP001833,2,19,FRM,NEM,FRM|PTC|CSA|BDH|HAV|RLN|PTR|LIS|LIP|HSL|WTY|MLF|GOD|FNC|GLD|WPL|WOK|SUR|NEM
SP001834,2,18,BCU,WEY,BCU|SWY|NWM|HNA|CHR|POK|BMH|BSM|PKS|POO|HAM|HOL|WRM|WOO|MTN|DCH|UPW|WEY
SP001835,2,22,SOU,WEY,SOU|RDB|TTN|ANF|BCU|SWY|NWM|HNA|CHR|POK|BMH|BSM|PKS|POO|HAM|HOL|WRM|WOO|MTN|DCH|UPW|WEY
SP001836,22,4,POO,BMH,POO|PKS|BSM|BMH
SP001837,2,19,PMS,NEM,PMS|FTN|HLS|BDH|HAV|RLN|PTR|LIS|LIP|HSL|WTY|MLF|GOD|FNC|GLD|WPL|WOK|SUR|NEM
SP001838,25,20,PAD,SWA,PAD|STL|SLO|MAI|TWY|RDG|GOR|DID|SWI|BPW|PWY|PIL|STJ|NWP|CDF|PYC|BGN|PTA|NTH|SWA
SP001839,4,5,WJH,KWG,WJH|ACC|SAT|GUN|KWG
SP001840,15,4,BMH,POO,BMH|BSM|PKS|POO
SP001841,1,12,MIA,SHF,MIA|HDG|MAN|ABY|RDN|RML|NMC|EDL|BAM|HSG|GRN|SHF
SP001842,2,16,MKC,EUS,MKC|BLY|LBZ|XOD|TRI|BKM|XOE|HML|APS|KGL|WFJ|BSH|HRW|WMB|XWI|EUS
SP001843,20,9,MAN,RSH,MAN|ABY|FRF|GUI|HYT|HYC|WLY|RML|RSH
SP001844,2,21,WEY,SOU,WEY|UPW|DCH|MTN|WOO|WRM|HAM|POO|PKS|BSM|BMH|POK|CHR|HNA|NWM|SWY|BCU|ANF|TTN|RDB|SOU
SP001845,2,10,WEY,BMH,WEY|UPW|DCH|MTN|WOO|WRM|HAM|POO|BSM|BMH
SP001846,6,38,NRW,LIV,NRW|WMD|ATL|TTF|BND|XYE|ELY|XYE|MNE|MCH|WLE|PBO|GRA|ALK|BIN|RDF|NOT|ILN|LGM|ALF|CHD|SHF|GRN|BAM|EDL|HAZ|SPT|MAN|MCO|DGT|BWD|WAC|WID|HGN|HNX|ALE|EDG|LIV
SP001847,14,37,NRW,LIV,NRW|WMD|ATL|TTF|BND|XYE|ELY|XYE|MNE|MCH|WLE|PBO|GRA|ALK|BIN|RDF|NOT|LGM|ALF|CHD|SHF|GRN|BAM|EDL|HAZ|SPT|MAN|MCO|DGT|BWD|WAC|WID|HGN|HNX|ALE|EDG|LIV
SP001848,2,30,STP,SHF,STP|KTN|WHP|CRI|BCZ|HEN|MIL|ELS|RDT|SAC|HPD|LTN|LUT|LEA|HLN|FLT|BDM|WEL|KET|MHR|LEI|LBO|EMD|XTG|LGE|SPO|DBY|XAJ|CHD|SHF
SP001849,4,26,NEM,SOU,NEM|SUR|WOK|WPL|GLD|FNC|GOD|MLF|WTY|HSL|LIP|LIS|PTR|RLN|HAV|BDH|CSA|PTC|FRM|SNW|HME|NTL|SHO|WLS|SDN|SOU
SP001850,2,18,NEM,FRM,NEM|SUR|WOK|WPL|GLD|FNC|GOD|MLF|WTY|HSL|LIP|LIS|PTR|RLN|HAV|CSA|PTC|FRM
SP001851,1,28,GLC,MIA,GLC|WSH|LOC|XGS|CAR|PNR|XIT|OXN|XOA|LAN|PRE|XOU|BSV|CRL|ADL|BLK|HWI|XLK|BON|SLD|DGT|MCO|MAN|MAU|EDY|GTY|HDG|MIA
SP001852,36,7,STA,CRE,STA|SNE|SOT|LPT|KDG|ASG|CRE
SP001853,2,17,NMP,EUS,NMP|XHN|WOL|MKC|BLY|LBZ|XOD|TRI|BKM|XOE|HML|WFJ|BSH|HRW|WMB|XWI|EUS
SP001854,2,21,SOU,NEM,SOU|SDN|NTL|BUO|SNW|FRM|CSA|HAV|PTR|LIS|LIP|HSL|WTY|MLF|GOD|FNC|GLD|WPL|WOK|SUR|NEM
SP001855,4,13,FRM,NEM,FRM|PTC|CSA|HAV|PTR|HSL|GOD|FNC|GLD|WPL|WOK|SUR|NEM
SP001856,6,18,PMS,NEM,PMS|FTN|HLS|BDH|HAV|PTR|LIS|LIP|HSL|WTY|MLF|GOD|FNC|GLD|WPL|WOK|SUR|NEM
SP001857,1,21,ORE,BTN,ORE|HGS|SLQ|XOP|BEX|CLL|COB|PEV|XIL|HMD|EBN|HMD|XIL|PLG|GLY|XRH|LWS|FMR|MCB|LRB|BTN
SP001858,2,26,PMH,BTN,PMH|PMS|FTN|HLS|BDH|HAV|EMS|CCH|BAA|FOD|LIT|XXA|ANG|GBS|DUR|WWO|WRH|EWR|LAC|SSE|SWK|FSG|PLD|AGT|HOV|BTN
SP001859,2,9,MAN,RSH,MAN|ABY|GTO|GUI|HYT|HYC|WLY|RML|RSH
SP001860,2,11,MCV,WGN,MCV|SFD|SLD|SNN|MSD|WKD|ATN|HGF|DSY|HIN|WGN
SP001861,4,17,ORE,BTN,ORE|HGS|SLQ|XOP|BEX|PEV|XIL|HMD|EBN|HMD|XIL|PLG|GLY|XRH|LWS|FMR|BTN
SP001862,36,11,NMC,MAN,NMC|SRN|MPL|RML|BDY|BNT|RDN|RRB|BLV|ABY|MAN
SP001863,1,14,YRK,BBN,YRK|CHF|MIK|EGF|GRF|CRG|LDS|NPD|BDI|HFX|HBD|BYM|ACR|BBN
SP001864,2,14,FRM,NEM,FRM|CSA|HAV|RLN|PTR|LIS|LIP|HSL|GOD|FNC|GLD|WOK|SUR|NEM
SP001865,2,12,HAV,NEM,HAV|PTR|HSL|WTY|MLF|GOD|FNC|GLD|WPL|WOK|SUR|NEM
SP001866,1,17,RYS,KGX,RYS|AWM|BDK|LET|HIT|SVG|KBW|XGN|WLW|WGC|HAT|PBR|NBA|AAP|FPK|XKB|KGX
SP001867,8,20,PMH,NEM,PMH|PMS|FTN|HLS|BDH|HAV|RLN|PTR|LIS|LIP|HSL|WTY|MLF|GOD|FNC|GLD|WPL|WOK|SUR|NEM
SP001868,1,13,NMP,CRE,NMP|LBK|RUG|NUN|ATH|XIM|TAM|LTV|XOI|RGL|XCO|STA|CRE
SP001869,1,27,INV,EDB,INV|IVA|NRN|FOR|ELG|KEH|HNT|INS|INR|KTR|DYC|ABD|STN|LAU|MTS|ARB|CAN|BYF|DEE|LEU|CUP|LDY|KDY|BTS|INK|HYM|EDB
SP001870,2,12,MAN,NMC,MAN|ADK|ABY|BLV|RRB|RDN|BNT|BDY|RML|MPL|SRN|NMC
SP001871,32,10,BDI,LDS,BDI|LMR|HFX|BGH|MIR|DEW|BTL|MLY|COT|LDS
SP001872,1,17,HFX,HUL,HFX|BDI|NPD|BLE|LDS|CRG|GRF|EGF|MIK|SOM|SBY|HOW|GBD|BUH|FRY|HES|HUL
SP001873,1,25,NOT,LIV,NOT|LGM|ALF|CHD|SHF|DOR|GRN|HSG|BAM|HOP|EDL|CLY|HAZ|SPT|MAN|MCO|DGT|BWD|WAC|WID|HGN|HNX|ALE|EDG|LIV
SP001874,2,12,MAN,CLY,MAN|ABY|BLV|RRB|RDN|BNT|BDY|RML|MPL|SRN|NMC|CLY
SP001875,2,32,LIV,CLE,LIV|EDG|ALE|HNX|HGN|WAC|BWD|IRL|URM|DGT|MCO|MAN|SPT|HAZ|EDL|BAM|HSG|GRN|DOR|SHF|MHS|MEX|DON|KKS|HFS|CWE|SCU|BTB|HAB|SLL|GMB|CLE
SP001876,2,71,EDB,PNZ,EDB|PST|DRM|DUN|RSN|BWK|ALM|MPT|NCL|DHM|DAR|NTR|THI|YRK|CHF|MIK|CRG|LDS|WKF|MRP|SWN|SHF|CHD|XAJ|DBY|BUT|XWE|TAH|XKI|WTO|XLX|XOZ|BHM|FWY|SLY|KNN|LOB|BTG|BMV|XSW|XAY|ASC|CNM|YAE|BPW|FIT|BRI|BWT|TAU|TVP|EXD|DWW|DWL|TGM|NTA|TOT|IVY|PLY|STS|SGM|LSK|BOD|LOS|PAR|SAU|TRU|RED|CBN|HYL|SER|PNZ
SP001877,1,42,EDB,KGX,EDB|PST|DRM|DUN|RSN|BWK|ALM|MPT|NCL|DHM|DAR|NTR|THI|YRK|DON|RET|XNK|NNG|GRA|PBO|HUN|SNO|SDY|BIW|ARL|HIT|SVG|KBW|XGN|WGC|HAT|BPK|PBR|HDW|OKL|NSG|AAP|HRN|HGY|FPK|XKB|KGX
SP001878,5,36,NCL,RDG,NCL|DHM|DAR|NTR|THI|YRK|DON|MEX|SWN|SHF|CHD|XAJ|DBY|BUT|XWE|TAH|XKI|WTO|XLX|XOZ|BHM|XOZ|XON|XIR|XOH|TYS|DDG|HTN|LMS|XFC|BAN|XAN|HYD|OXF|GOR|RDG
SP001879,12,4,WGN,MCV,WGN|ECC|SFD|MCV
SP001880,4,26,KGX,BEV,KGX|XKB|FPK|AAP|PBR|WGC|XGN|SVG|HIT|BIW|SDY|HUN|XHO|PBO|GRA|NNG|XNK|RET|DON|SBY|HOW|GBD|BUH|HUL|CGM|BEV
SP001881,1,12,SHF,MIA,SHF|SWN|MRP|HUD|MSN|GNF|SYB|GUI|ABY|MAN|HDG|MIA
SP001882,2,26,PMH,NEM,PMH|PMS|FTN|HLS|CSA|PTC|FRM|BOE|HDE|ESL|XEW|SHW|WIN|MIC|BSK|HOK|WNF|FLE|FNB|BKO|WOK|BFN|WYB|WAL|SUR|NEM
SP001883,2,22,CHX,HGS,CHX|WAE|NWX|XPY|HGR|GRP|CIT|XPE|ORP|SEV|TON|HIB|TBW|WAD|ETC|RBR|BAT|CWU|WLD|XOP|SLQ|HGS
SP001884,4,3,MIA,MAN,MIA|HDG|MAN
SP001885,30,23,CRE,EUS,CRE|STA|XCO|RGL|XOI|LTV|TAM|XIM|ATH|NUN|RUG|XWZ|XHN|MKC|BLY|XOD|TRI|XOE|WFJ|HRW|WMB|XWI|EUS
SP001886,38,16,SPX,PBN,SPX|XXY|XXR|XXQ|XXH|XXU|XXJ|XXI|XXO|XXL|XXG|XXK|XIW|XIE|XXX|PBN
SP001887,2,32,XVJ,RAM,XVJ|BRX|HNH|KTH|BKJ|SRT|BMS|XLY|XMU|SAY|XWK|LGF|MEP|SOR|XRJ|RTR|CTM|GLM|RAI|NGT|SIT|TEY|FAV|WHI|CSW|HNB|BCH|WGA|MAR|BSR|DMP|RAM
SP001888,2,10,MAR,AFK,MAR|BSR|RAM|THP|XMF|MSR|STU|CBW|WYE|AFK
SP001889,1,13,WGC,KGX,WGC|HAT|WMG|BPK|PBR|HDW|NBA|OKL|NSG|AAP|FPK|XKB|KGX
SP001890,2,18,MCV,SOP,MCV|SFD|SLD|CLI|KSL|MSS|BON|XLK|WHG|HIN|INC|WGW|GST|APB|PBL|BCB|MEC|SOP
SP001891,2,10,CMD,SRA,CMD|CIR|HII|XJC|CNN|DLK|HKC|HMN|HKW|SRA
SP001892,11,24,CHX,DVP,CHX|WAE|NWX|XPY|HGR|GRP|CIT|XPE|ORP|SEV|TON|PDW|MRN|SPU|HCN|PLC|AFK|WHA|SDG|XSI|FKW|FKC|FKE|DVP
SP001893,2,26,CST,DVP,CST|XKE|NWX|SAJ|XPY|HGR|GRP|CIT|XPE|ORP|SEV|HLB|TON|PDW|MRN|SPU|HCN|PLC|AFK|WHA|SDG|XSI|FKW|FKC|FKE|DVP
SP001894,2,20,WJL,SRA,WJL|XKG|KNR|BSP|BSY|WHD|FNY|HDH|GPO|KTW|CMD|CIR|HII|XJC|CNN|DLK|HKC|HMN|HKW|SRA
SP001895,2,28,CST,RAM,CST|XKE|NWX|SAJ|XPY|HGR|GRP|CIT|XPE|ORP|SEV|HLB|TON|PDW|MRN|SPU|HCN|PLC|AFK|WYE|CIL|CRT|CBW|STU|MSR|XMF|THP|RAM
SP001896,2,11,LES,FST,LES|BEF|PSE|BSO|LAI|WHR|UPM|BKG|WEH|LHS|FST
SP001897,41,17,SOC,FST,SOC|WCF|CHW|LES|BEF|PSE|SFO|ETL|TIL|GRY|CFH|OCK|UPM|BKG|WEH|LHS|FST
SP001898,4,20,SRY,FST,SRY|TPB|SOE|SOC|WCF|CHW|LES|BEF|PSE|SFO|ETL|TIL|GRY|PFL|RNM|DDK|BKG|WEH|LHS|FST
SP001899,1,15,WBP,SFR,WBP|KPA|SPB|XMB|XWS|SAT|BFD|FEL|SNS|VIR|CHY|BFN|WOK|GLD|SFR
SP001900,24,12,PSE,FST,PSE|SFO|ETL|TIL|GRY|PFL|RNM|DDK|BKG|WEH|LHS|FST
SP001901,1,19,XVJ,BTH,XVJ|BRX|HNH|TUH|STE|HYR|WIM|RAY|NEM|SUR|WOK|FNB|FLE|BSK|OVR|ADV|GRT|WMN|BTH
SP001902,54,10,BDQ,SKI,BDQ|FZH|SHY|SAE|BIY|CFL|KEI|SON|CEY|SKI
SP001903,2,18,FKW,XVJ,FKW|XSI|AFK|CHG|MDE|BRG|XOT|SAY|XMU|XLY|BMS|SRT|RVB|BGM|NHD|DMK|BRX|XVJ
SP001904,1,27,XVJ,FKW,XVJ|BRX|DMK|NHD|BGM|RVB|SRT|BMS|XLY|XMU|SAY|XWK|SOR|XRJ|RTR|GLM|RAI|NGT|SIT|FAV|CBE|SPH|XUK|DVP|FKE|FKC|FKW
SP001905,1,26,XVJ,CBW,XVJ|BRX|DMK|NHD|BGM|RVB|SRT|BMS|XLY|XMU|SAY|XWK|SOR|XRJ|GLM|RAI|NGT|SIT|FAV|HNB|MAR|RAM|XMF|MSR|STU|CBW
SP001906,1,17,XVJ,MDW,XVJ|BRX|DMK|NHD|LEW|BKH|ELW|BNH|XRT|DFD|XSR|GRV|SOO|CUX|AYL|MDB|MDW
SP001907,2,14,BYI,CPH,BYI|BRY|BYD|CAD|DNS|EBK|CGN|GTN|CDF|CDQ|HHL|LLS|LVT|CPH
SP001908,2,13,LRG,INV,LRG|INH|CUA|ARD|TAI|FRN|IGD|ASS|DIN|CBD|MOO|BEL|INV
SP001909,5,11,CDF,MST,CDF|PYC|LLR|PCD|BGN|WMI|SRR|TDU|GMG|MEW|MST
SP001910,1,27,BHM,EUS,BHM|XOZ|SCF|LEH|MGN|BHI|HIA|BKW|THL|CNL|COV|RUG|LBK|NMP|XHN|WOL|MKC|BLY|LBZ|XOD|TRI|XOE|WFJ|HRW|WMB|XWI|EUS
SP001911,1,18,BTH,BNS,BTH|BOA|WMN|GRT|ADV|WCH|OVR|FNB|WOK|BFN|CHY|VIR|SNS|FEL|TWI|SMG|RMD|BNS
SP001912,1,4,HHE,LWS,HHE|WVF|CBR|LWS
SP001913,10,6,WJH,IMW,WJH|XMB|SPB|KPA|WBP|IMW
SP001914,1,21,BHM,CDF,BHM|XOS|XGJ|SMW|ROW|SBJ|BKD|KID|HBY|DTW|WOS|XAY|ASC|CNM|GCR|LYD|CPW|CDT|STJ|NWP|CDF
SP001915,16,10,NCL,CAR,NCL|MCE|BLO|WYM|PRU|HEX|HDB|HWH|XRL|CAR
SP001916,4,13,NCL,CAR,NCL|MCE|BLO|WYM|PRU|SKS|RDM|CRB|HEX|HDB|HWH|XRL|CAR
SP001917,4,14,NCL,CAR,NCL|MCE|BLO|WYM|PRU|SKS|RDM|CRB|HEX|HDB|HWH|XRL|WRL|CAR
SP001918,2,2,WMA,EML,WMA|EML
SP001919,36,2,RIA,XCF,RIA|XCF
SP001920,6,8,ZUM,ZHS,ZUM|ZTU|GUN|KWG|KWG|GUN|ZTU|ZHS
SP001921,170,8,ZUM,ZUM,ZUM|ZTU|GUN|KWG|KWG|GUN|ZTU|ZUM
SP001922,2,6,NCL,PRU,NCL|DOT|MCE|BLO|WYM|PRU
SP001923,2,3,SAY,BKL,SAY|SMY|BKL
SP001924,4,1,CTR,CTR,CTR
SP001925,4,13,CAR,NCL,CAR|WRL|BMP|XRL|HWH|BLL|HDB|HEX|PRU|WYM|BLO|MCE|NCL
SP001926,9,2,CTR,CRE,CTR|CRE
SP001927,4,9,CYP,XSU,CYP|GIP|WNW|TUH|NDL|EDW|QRP|SBM|XSU
SP001928,2,15,NCL,CAR,NCL|DOT|MCE|BLO|WYM|PRU|SKS|HEX|HDB|BLL|HWH|XRL|BMP|WRL|CAR
SP001929,25,17,EBN,AFK,EBN|HMD|XIL|PEV|COB|CLL|BEX|XOP|SLQ|HGS|ORE|TOK|WSE|RYE|APD|HMT|AFK
SP001930,2,13,HEX,MPT,HEX|CRB|RDM|SKS|PRU|WYM|BLO|MCE|DOT|NCL|MAS|CRM|MPT
SP001931,2,7,SHR,STA,SHR|XSY|WLN|XMD|COS|PKG|STA
SP001932,36,2,XCF,RIA,XCF|RIA
SP001933,6,8,ZTH,ZHS,ZTH|ZTU|GUN|KWG|KWG|GUN|ZTU|ZHS
SP001934,1,15,COV,EUS,COV|RUG|LBK|NMP|XHN|MKC|BLY|XOD|TRI|XOE|WFJ|HRW|WMB|XWI|EUS
SP001935,2,2,WEL,BDM,WEL|BDM
SP001936,4,19,BTN,BOG,BTN|HOV|AGT|PLD|FSG|SWK|SSE|LAC|EWR|WRH|WWO|DUR|GBS|ANG|XXA|LIT|FOD|BAA|BOG
SP001937,1,16,CRE,CDF,CRE|NAN|WRE|PRS|WEM|SHR|CTT|CRV|LUD|LEO|HFD|AGV|PPL|CWM|NWP|CDF
SP001938,1,8,SWA,CDF,SWA|NTH|PTA|PYL|BGN|PCD|PYC|CDF
SP001939,3,6,PAD,RDG,PAD|STL|SLO|MAI|TWY|RDG
SP001940,20,12,INV,ABD,INV|IVA|NRN|FOR|ELG|KEH|HNT|INS|INR|KTR|DYC|ABD
SP001941,10,6,GLC,KMK,GLC|BRR|DNL|STT|KLM|KMK
SP001942,12,19,LDS,CAR,LDS|SHY|BIY|KEI|SKI|GGV|HLD|LPR|SET|HIR|RHD|DNT|GSD|KSW|APP|LGW|LZB|AWT|CAR
SP001943,6,3,AYR,GIR,AYR|MAY|GIR
SP001944,2,17,EDB,ABD,EDB|HYM|INK|BTS|KDY|LDY|CUP|LEU|DEE|BYF|MON|CAN|ARB|MTS|LAU|STN|ABD
SP001945,2,14,NCL,CAR,NCL|DOT|MCE|BLO|WYM|PRU|HEX|HDB|BLL|HWH|XRL|BMP|WRL|CAR
SP001946,2,17,INV,EDB,INV|CAG|AVM|KIN|DLW|BLA|PIT|DKD|PTH|GLE|DBL|STG|XGM|PMT|LIN|HYM|EDB
SP001947,6,9,HEX,NCL,HEX|CRB|RDM|SKS|PRU|WYM|BLO|MCE|NCL
SP001948,20,10,NCL,HEX,NCL|DOT|MCE|BLO|WYM|PRU|SKS|RDM|CRB|HEX
SP001949,18,10,HEX,NCL,HEX|CRB|RDM|SKS|PRU|WYM|BLO|MCE|DOT|NCL
SP001950,8,10,GLC,EDB,GLC|BLH|MTH|SDM|WSH|CLU|CRS|SLA|HYM|EDB
SP001951,6,9,EDB,GLC,EDB|HYM|SLA|CRS|CLU|WSH|SDM|MTH|GLC
SP001952,4,13,EDB,GLC,EDB|HYM|SLA|KGE|WTA|CUH|KKN|CRS|CLU|WSH|SDM|MTH|GLC
SP001953,1,10,MAN,MAC,MAN|LVM|HTC|SPT|CHU|BML|PYT|ADC|PRB|MAC
SP001954,1,9,EAD,TWI,EAD|RAY|NEM|NBT|KNG|HMW|TED|STW|TWI
SP001955,29,19,MST,EBB,MST|MEW|GMG|TDU|SRR|WMI|BGN|PCD|LLR|PYC|CDF|PYE|ROR|RCA|CKY|NBE|LTH|EBV|EBB
SP001956,2,17,EDB,INV,EDB|HYM|LIN|PMT|XGM|STG|DBL|GLE|PTH|DKD|PIT|BLA|DLW|KIN|AVM|CAG|INV
SP001957,4,10,EBB,CDF,EBB|EBV|LTH|NBE|CKY|RCA|ROR|PYE|NWP|CDF
SP001958,18,12,ABD,INV,ABD|DYC|KTR|INR|INS|HNT|KEH|ELG|FOR|NRN|IVA|INV
SP001959,1,7,WML,MAN,WML|HTH|CHU|SPT|HTC|LVM|MAN
SP001960,12,5,ELG,INV,ELG|FOR|NRN|IVA|INV
SP001961,1,8,KNF,MAN,KNF|MOB|ASY|HAL|ALT|NVR|SPT|MAN
SP001962,2,21,LIV,MCO,LIV|EDG|MSH|WSA|ALE|HNX|HGN|WID|WAW|WAC|PDG|BWD|GLZ|IRL|FLI|CSR|URM|HUP|TRA|DGT|MCO
SP001963,2,19,COR,STP,COR|KET|WEL|BDM|FLT|HLN|LEA|LUT|LTN|HPD|SAC|RDT|ELS|MIL|HEN|CRI|WHP|KTN|STP
SP001964,2,18,EBN,AFK,EBN|HMD|XIL|PEV|NSB|COB|CLL|BEX|XOP|SLQ|HGS|ORE|TOK|WSE|RYE|APD|HMT|AFK
SP001965,52,9,ILK,BDQ,ILK|BEY|BUW|MNN|GSY|BLD|SHY|FZH|BDQ
SP001966,11,8,ZTH,ZUM,ZTH|ZTU|GUN|KWG|KWG|GUN|ZTU|ZUM
SP001967,1,4,SPT,MAN,SPT|HTC|LVM|MAN
SP001968,26,21,WFF,DMR,WFF|KWD|BGI|BIO|MTV|CML|RUT|DAK|BDG|AGS|GCL|AND|EXG|PTK|HYN|JOR|SCH|GRS|YOK|CYK|DMR
SP001969,6,18,EBN,AFK,EBN|HMD|XIL|PEV|COB|CLL|BEX|XOP|SLQ|HGS|ORE|TOK|DLH|WSE|RYE|APD|HMT|AFK
SP001970,6,8,ZUM,ZHA,ZUM|ZTU|GUN|KWG|KWG|GUN|ZTU|ZHA
SP001971,30,22,MTH,DMR,MTH|WFF|KWD|BGI|BIO|MTV|CML|RUT|DAK|BDG|AGS|GCL|AND|EXG|PTK|HYN|JOR|SCH|GRS|YOK|CYK|DMR
SP001972,6,18,GLQ,OBN,GLQ|MYH|WES|DMR|DBC|DLR|HLU|GCH|ART|AUI|CNR|TYL|DAL|LHA|FOC|TAY|CON|OBN
SP001973,4,18,OBN,GLQ,OBN|CON|TAY|FOC|LHA|DAL|TYL|CNR|AUI|ART|GCH|HLU|DLR|DBC|DMR|WES|MYH|GLQ
SP001974,4,8,OBN,CNR,OBN|CON|TAY|FOC|LHA|DAL|TYL|CNR
SP001975,6,19,CNR,MLG,CNR|UTY|BRO|RAN|CRR|TUL|RYB|SBR|FTW|BNV|CPA|LHE|LCS|GLF|LCL|BSL|ARG|MRR|MLG
SP001976,2,11,FTW,MLG,FTW|BNV|CPA|LHE|LCS|GLF|LCL|BSL|ARG|MRR|MLG
SP001977,12,5,MTS,ABD,MTS|LAU|STN|PLN|ABD
SP001978,3,4,EDB,CRS,EDB|HYM|SLA|CRS
SP001979,2,3,TWI,TED,TWI|STW|TED
SP001980,58,9,LNK,GLC,LNK|CLU|WSH|SDM|MTH|BLH|UDD|CBL|GLC
SP001981,2,4,HAV,FTN,HAV|BDH|HLS|FTN
SP001982,2,2,WOK,SUR,WOK|SUR
SP001983,12,8,LNK,GLC,LNK|CLU|WSH|SDM|MTH|UDD|CBL|GLC
SP001984,2,9,BHM,FOK,BHM|XOZ|AST|GVH|ERD|CRD|WYL|SUT|FOK
SP001985,10,7,EDB,DUN,EDB|MUB|WAF|PST|DRM|ELT|DUN
SP001986,2,13,ASB,GLC,ASB|SLT|STV|KWN|DLY|GLG|LHW|HOZ|MIN|JHN|PYG|HLW|GLC
SP001987,38,12,BRI,PAD,BRI|BTH|CPM|SWI|DID|GOR|RDG|TWY|MAI|SLO|STL|PAD
SP001988,16,8,COW,EDB,COW|DFL|DFE|ROS|INK|EGY|HYM|EDB
SP001989,1,9,COV,BHM,COV|BKW|BHI|MGN|LEH|SCF|ADD|XOZ|BHM
SP001990,28,15,HBL,MCV,HBL|RNF|UPL|ORR|PEM|WGW|HIN|DSY|HGF|ATN|WKD|SNN|SLD|SFD|MCV
SP001991,1,20,NCL,MAN,NCL|CLS|DHM|DAR|NTR|THI|YRK|CHF|CFD|XES|LDS|MLY|DEW|HUD|MSN|GNF|SYB|GUI|ABY|MAN
SP001992,2,29,HLC,EDB,HLC|CGD|CDR|DLR|DBC|DBE|DMR|CYK|YOK|GRS|HYN|PTK|CHC|GQL|HST|BLG|SLS|CBS|ADR|DRU|CAC|BKR|ARM|BHG|LSN|UHA|EDP|HYM|EDB
SP001993,36,34,EDB,HLC,EDB|HYM|EDP|UHA|LSN|BHG|ARM|BKR|CAC|DRU|ADR|COA|CBS|BAI|EST|GAR|SLS|CAY|BLG|HST|GQL|CHC|PTK|HYN|GRS|YOK|CYK|DMR|DBE|DBC|DLR|CDR|CGD|HLC
SP001994,2,25,BHG,HLC,BHG|DRU|ADR|COA|CBS|BAI|EST|GAR|SLS|BLG|HST|GQL|CHC|PTK|HYN|GRS|YOK|CYK|DMR|DBE|DBC|DLR|CDR|CGD|HLC
SP001995,30,35,HLC,EDB,HLC|CGD|CDR|DLR|DBC|DBE|DMR|CYK|YOK|GRS|SCH|HYN|PTK|CHC|GQL|HST|BLG|CAY|SLS|GAR|EST|BAI|CBS|COA|ADR|DRU|CAC|BKR|ARM|BHG|LSN|UHA|EDP|HYM|EDB
SP001996,4,27,WCK,INV,WCK|GGJ|THS|GGJ|SCT|ABC|FRS|KBC|KIL|HMS|BRA|DNO|GOL|ROG|LRG|INH|CUA|ARD|TAI|FRN|IGD|ASS|DIN|CBD|MOO|BEL|INV
SP001997,4,27,INV,WCK,INV|BEL|MOO|CBD|DIN|ASS|IGD|FRN|TAI|ARD|CUA|INH|LRG|ROG|GOL|DNO|BRA|HMS|KIL|KBC|FRS|ABC|SCT|GGJ|THS|GGJ|WCK
SP001998,2,19,BMV,FOK,BMV|BTG|LOB|NFD|KNN|BRV|SLY|UNI|FWY|BHM|XOZ|DUD|AST|GVH|ERD|CRD|WYL|SUT|FOK
SP001999,2,25,INV,WCK,INV|MOO|DIN|ASS|IGD|FRN|TAI|ARD|CUA|INH|LRG|ROG|GOL|DNO|BRA|HMS|KIL|KBC|FRS|ABC|SCT|GGJ|THS|GGJ|WCK
SP002000,2,25,WCK,INV,WCK|GGJ|THS|GGJ|SCT|ABC|FRS|KBC|KIL|HMS|BRA|DNO|GOL|ROG|LRG|INH|CUA|ARD|TAI|FRN|IGD|ASS|DIN|MOO|INV
SP002001,2,26,INV,WCK,INV|BEL|MOO|CBD|DIN|ASS|IGD|FRN|TAI|ARD|CUA|INH|LRG|ROG|GOL|BRA|HMS|KIL|KBC|FRS|ABC|SCT|GGJ|THS|GGJ|WCK
SP002002,8,17,KYL,INV,KYL|DRN|PLK|DCG|STF|ATT|STC|ACH|ACN|AAT|LCC|GVE|DIN|CBD|MOO|BEL|INV
SP002003,2,10,WGW,MCV,WGW|HIN|DSY|HGF|ATN|WKD|SNN|SLD|SFD|MCV
SP002004,2,22,DDG,WOS,DDG|WMR|SOL|OLT|ACG|TYS|XOH|BMO|BSW|JEQ|THW|SGB|SMW|ROW|CRA|SBJ|HAG|BKD|KID|HBY|DTW|WOS
SP002005,6,10,MCV,WGW,MCV|SFD|SLD|SNN|WKD|ATN|HGF|DSY|HIN|WGW
SP002006,32,9,GLC,EKL,GLC|CMY|PWW|THB|GFN|CKS|BUS|HMY|EKL
SP002007,2,5,HNY,SGQ,HNY|SOT|WER|BPL|SGQ
SP002008,2,3,BAL,BAK,BAL|WSW|BAK
SP002009,54,7,TWY,TWY,TWY|WGV|SHI|HOT|SHI|WGV|TWY
SP002010,30,9,LDS,HBD,LDS|MLY|BTL|DEW|MIR|BGH|SOW|MYT|HBD
SP002011,22,15,MCV,HBL,MCV|SFD|SLD|SNN|WKD|ATN|HGF|DSY|HIN|WGW|PEM|ORR|UPL|RNF|HBL
SP002012,2,13,MCV,HBL,MCV|SFD|SLD|SNN|WKD|ATN|DSY|WGW|PEM|ORR|UPL|RNF|HBL
SP002013,2,13,BTN,LIT,BTN|HOV|PLD|SSE|LAC|EWR|WRH|WWO|DUR|GBS|ANG|XXA|LIT
SP002014,10,5,ARB,DEE,ARB|CAN|MON|BYF|DEE
SP002015,2,16,BTN,LIT,BTN|HOV|AGT|PLD|FSG|SWK|SSE|LAC|EWR|WRH|WWO|DUR|GBS|ANG|XXA|LIT
SP002016,1,45,MAN,BMH,MAN|HDG|WML|ALD|CEL|SDB|CRE|ASG|KDG|SOT|SNE|STA|PKG|XBJ|WVH|DDP|XGJ|XOS|BHM|XOZ|SCF|BHI|BKW|COV|LMS|XFC|BAN|XAN|HYD|OXF|GOR|RDG|BMY|BSK|MIC|WIN|XEW|ESL|SOA|SDN|SOU|RDB|TTN|BCU|BMH
SP002017,34,12,WGW,MCV,WGW|INC|HIN|DSY|HGF|ATN|WKD|MSD|SNN|SLD|SFD|MCV
SP002018,2,8,MCV,WGN,MCV|SFD|SLD|SNN|WKD|ATN|DSY|WGN
SP002019,30,12,MCV,WGW,MCV|SFD|SLD|SNN|MSD|WKD|ATN|HGF|DSY|HIN|INC|WGW
SP002020,4,16,KGX,PBO,KGX|XKB|FPK|AAP|PBR|WGC|XGN|SVG|HIT|ARL|BIW|SDY|SNO|HUN|XHO|PBO
SP002021,1,24,HGS,HHE,HGS|SLQ|XOP|BEX|CLL|COB|NSB|PEB|PEV|XIL|HMD|EBN|HMD|XIL|PLG|BRK|GLY|XRH|LWS|CBR|PMP|XKM|WVF|HHE
SP002022,4,15,DON,EDB,DON|YRK|THI|NTR|DAR|DHM|NCL|MPT|ALM|BWK|RSN|DUN|DRM|PST|EDB
SP002023,32,39,PBO,HRH,PBO|HUN|SNO|SDY|BIW|ARL|HIT|SVG|XGN|WGC|PBR|AAP|FPK|XKB|SPL|ZFD|CTK|BFR|XMK|XLJ|NXG|SYD|NWD|ECR|SCY|PUR|XJS|CDS|MHM|RDH|ELD|SAF|HOR|GTW|TBD|CRW|IFI|LVN|HRH
SP002024,2,10,LDS,HBD,LDS|COT|MLY|BTL|DEW|MIR|BGH|SOW|MYT|HBD
SP002025,2,56,HRH,PBO,HRH|LVN|FGT|IFI|CRW|TBD|GTW|HOR|SAF|ELD|RDH|MHM|CDS|XJS|PUR|PUO|SCY|ECR|NWD|ANZ|PNW|SYD|FOH|HPA|BCY|NXG|XLJ|XMK|BFR|CTK|ZFD|SPL|XKB|FPK|HGY|HRN|AAP|NSG|OKL|NBA|HDW|PBR|BPK|HAT|WGC|XGN|KBW|SVG|HIT|ARL|BIW|SDY|SNO|HUN|XHO|PBO
SP002026,41,39,HRH,PBO,HRH|LVN|IFI|CRW|TBD|GTW|HOR|SAF|ELD|RDH|MHM|CDS|XJS|PUR|ECR|NWD|SYD|NXG|XLJ|XMK|BFR|CTK|ZFD|SPL|XKB|FPK|AAP|PBR|WGC|XGN|SVG|HIT|ARL|BIW|SDY|SNO|HUN|XHO|PBO
SP002027,8,24,SPR,BHC,SPR|BNL|AXP|DST|BLG|HST|GQL|CHC|PTK|HYN|JOR|SCH|GRS|YOK|CYK|DMR|KPT|BWG|DBE|DBC|DLR|RTN|ALX|BHC
SP002028,10,40,PBO,HRH,PBO|HUN|SNO|SDY|BIW|ARL|HIT|SVG|KBW|XGN|WGC|PBR|AAP|FPK|XKB|SPL|ZFD|CTK|BFR|XMK|XLJ|NXG|SYD|NWD|ECR|SCY|PUR|XJS|CDS|MHM|RDH|ELD|SAF|HOR|GTW|TBD|CRW|IFI|LVN|HRH
SP002029,2,7,HBD,LDS,HBD|MYT|SOW|BGH|DEW|MLY|LDS
SP002030,19,40,HRH,PBO,HRH|LVN|FGT|IFI|CRW|TBD|GTW|HOR|SAF|ELD|RDH|MHM|CDS|XJS|PUR|ECR|NWD|SYD|NXG|XLJ|XMK|BFR|CTK|ZFD|SPL|XKB|FPK|AAP|PBR|WGC|XGN|SVG|HIT|ARL|BIW|SDY|SNO|HUN|XHO|PBO
SP002031,8,24,BHC,SPR,BHC|ALX|RTN|DLR|DBC|DBE|BWG|KPT|DMR|CYK|YOK|GRS|SCH|JOR|HYN|PTK|CHC|GQL|HST|BLG|DST|AXP|BNL|SPR
SP002032,36,11,KMK,GLC,KMK|KLM|STT|DNL|BRR|NIT|PTL|KNS|PWW|CMY|GLC
SP002033,2,41,PBO,HRH,PBO|HUN|SNO|SDY|BIW|ARL|HIT|SVG|KBW|XGN|WGC|PBR|AAP|FPK|XKB|SPL|ZFD|CTK|BFR|XMK|XLJ|NXG|SYD|NWD|ECR|SCY|PUR|XJS|CDS|MHM|RDH|ELD|SAF|HOR|GTW|TBD|CRW|IFI|FGT|LVN|HRH
SP002034,2,7,AUK,GLC,AUK|KMK|KLM|STT|DNL|BRR|GLC
SP002035,12,6,KMK,GLC,KMK|KLM|STT|DNL|BRR|GLC
SP002036,2,19,MTH,EDB,MTH|HLY|CRF|CEA|HTW|SHS|XJB|FLD|BRC|ADW|WCL|LVG|KKN|CUH|WTA|KGE|SLA|HYM|EDB
SP002037,34,11,GLC,KMK,GLC|CMY|PWW|KNS|PTL|NIT|BRR|DNL|STT|KLM|KMK
SP002038,2,10,GLC,AYR,GLC|BRR|DNL|STT|KLM|KMK|TRN|PTW|NOA|AYR
SP002039,1,21,BHM,CDF,BHM|XOZ|XON|XIR|KNN|LOB|BTG|BMV|XSW|DTW|WOS|XAY|ASC|CNM|GCR|LYD|CPW|CDT|STJ|NWP|CDF
SP002040,2,12,WGN,MCV,WGN|INC|HIN|DSY|HGF|ATN|WKD|MSD|SNN|SLD|SFD|MCV
SP002041,261,2,EDA,HYM,EDA|HYM
SP002042,2,35,TBD,PBO,TBD|GTW|HOR|SAF|ELD|RDH|MHM|CDS|XJS|PUR|ECR|NWD|SYD|NXG|XLJ|XMK|BFR|CTK|ZFD|SPL|XKB|FPK|AAP|PBR|WGC|XGN|SVG|HIT|ARL|BIW|SDY|SNO|HUN|XHO|PBO
SP002043,2,3,RUG,NMP,RUG|LBK|NMP
SP002044,2,5,SCN,HNY,SCN|BPL|WER|SOT|HNY
SP002045,68,5,RCD,MCV,RCD|CAS|MIH|MSO|MCV
SP002046,8,27,HWV,SNF,HWV|HXX|HAY|STL|HAN|WEA|EAL|AML|PDX|BDS|TCR|FDX|LSX|WHX|SRA|MYL|FOG|MNP|IFD|SVK|GMY|CTH|RMF|GDP|HRO|BRE|SNF
SP002047,2,13,PTH,INR,PTH|DEE|BYF|CAN|ARB|MTS|LAU|STN|PLN|ABD|DYC|KTR|INR
SP002048,2,12,YRK,HUL,YRK|ULL|CHF|SIE|SBY|HOW|GBD|BMF|BUH|FRY|HES|HUL
SP002049,8,7,GIR,KMK,GIR|MAY|AYR|NOA|PTW|TRN|KMK
SP002050,2,31,GTW,BDM,GTW|HOR|SAF|ELD|RDH|XJS|PUR|SCY|ECR|NWD|SYD|NXG|XLJ|XMK|BFR|CTK|ZFD|SPL|KTN|WHP|CRI|HEN|SAC|HPD|LTN|LUT|LEA|HLN|FLT|WIX|BDM
SP002051,10,7,KMK,GIR,KMK|TRN|PTW|NOA|AYR|MAY|GIR
SP002052,6,27,SAV,WOF,SAV|STY|WMC|LPW|DDG|WMR|SOL|OLT|ACG|TYS|XOH|SMA|BMO|BSW|JEQ|THW|SGB|SMW|ROW|CRA|SBJ|HAG|BKD|KID|HBY|DTW|WOF
SP002053,41,32,TBD,BDM,TBD|GTW|HOR|SAF|ELD|RDH|XJS|PUR|SCY|ECR|NWD|SYD|NXG|XLJ|XMK|BFR|CTK|ZFD|SPL|KTN|WHP|CRI|HEN|SAC|HPD|LTN|LUT|LEA|HLN|FLT|WIX|BDM
SP002054,32,32,BDM,TBD,BDM|WIX|FLT|HLN|LEA|LUT|LTN|HPD|SAC|HEN|CRI|WHP|KTN|SPL|ZFD|CTK|BFR|XMK|XLJ|NXG|SYD|NWD|ECR|SCY|PUR|XJS|RDH|ELD|SAF|HOR|GTW|TBD
SP002055,30,17,WGC,MOG,WGC|HAT|WMG|BPK|PBR|HDW|NBA|OKL|NSG|AAP|HGY|FPK|DYP|HHY|EXR|OLD|MOG
SP002056,5,7,LDS,HUD,LDS|COT|MLY|BTL|DEW|MIR|HUD
SP002057,4,29,TBD,BDM,TBD|GTW|HOR|SAF|ELD|RDH|XJS|PUR|SCY|ECR|NWD|SYD|NXG|XLJ|XMK|BFR|CTK|ZFD|SPL|KTN|WHP|CRI|HEN|SAC|HPD|LUT|LEA|FLT|BDM
SP002058,12,1,FTW,FTW,FTW
SP002059,4,4,FTW,MLG,FTW|BNV|GLF|MLG
SP002060,4,3,MLG,FTW,MLG|BNV|FTW
SP002061,6,5,AYR,KMK,AYR|NOA|PTW|TRN|KMK
SP002062,1,41,TBD,BDM,TBD|GTW|HOR|SAF|ELD|RDH|XJS|PUR|PUO|SCY|ECR|NWD|PNW|SYD|FOH|HPA|BCY|NXG|XLJ|XMK|BFR|CTK|ZFD|SPL|KTN|WHP|CRI|BCZ|HEN|MIL|ELS|RDT|SAC|HPD|LTN|LUT|LEA|HLN|FLT|WIX|BDM
SP002063,2,5,KMK,AYR,KMK|TRN|PTW|NOA|AYR
SP002064,4,2,MLG,MLG,MLG|MLG
SP002065,1,18,SHR,BHM,SHR|XSY|WLN|TFC|XMD|SFN|COS|CSL|WVH|CSY|TIP|DDP|SAD|XGQ|XGJ|SMR|XOS|BHM
SP002066,5,14,SHR,BHM,SHR|XSY|WLN|TFC|XMD|SFN|COS|CSL|WVH|DDP|XGQ|XGJ|XOS|BHM
SP002067,4,16,INV,EDB,INV|CAG|AVM|KIN|DLW|BLA|PIT|DKD|PTH|DBL|STG|XGM|PMT|LIN|HYM|EDB
SP002068,2,20,ABD,EDB,ABD|STN|LAU|MTS|ARB|CAN|BYF|DEE|LEU|CUP|LDY|KDY|BTS|INK|NQU|DAM|EGY|SGL|HYM|EDB
SP002069,4,6,BHI,BHM,BHI|MGN|LEH|SCF|XOZ|BHM
SP002070,2,34,MAN,EUS,MAN|HDG|WML|ALD|CEL|SDB|CRE|STA|PKG|XBJ|WVH|DDP|SAD|XGJ|XOS|BHM|XOZ|SCF|BHI|BKW|COV|RUG|XWZ|XHN|MKC|BLY|XOD|TRI|XOE|WFJ|HRW|WMB|XWI|EUS
SP002071,2,6,CRS,GLC,CRS|CLU|WSH|SDM|MTH|GLC
SP002072,2,6,SBY,LDS,SBY|SOM|MIK|EGF|CRG|LDS
SP002073,4,17,ABD,EDB,ABD|PLN|STN|LAU|MTS|ARB|CAN|BYF|DEE|LEU|CUP|LDY|KDY|BTS|INK|HYM|EDB
SP002074,68,5,MCV,RCD,MCV|MSO|MIH|CAS|RCD
SP002075,2,18,ABD,EDB,ABD|PLN|STN|LAU|MTS|ARB|CAN|BYF|DEE|LEU|CUP|LDY|MNC|KDY|BTS|INK|HYM|EDB
SP002076,1,5,DBY,NOT,DBY|SPO|XTR|BEE|NOT
SP002077,8,11,SSD,LST,SSD|SST|BIS|HWN|BXB|CHN|XSG|SVS|HAC|BET|LST
SP002078,1,14,CRE,BHM,CRE|STA|PKG|XBJ|WVH|CSY|TIP|DDP|SAD|XGQ|XGJ|SMR|XOS|BHM
SP002079,4,19,LIV,BHM,LIV|EDG|MSH|ALE|RUN|XYJ|ACB|HTF|WSF|CRE|STA|PKG|XBJ|WVH|CSY|DDP|XGJ|XOS|BHM
SP002080,2,9,AND,CRS,AND|GCL|AGS|RUT|UDD|BLH|WSH|CLU|CRS
SP002081,32,18,LIV,BHM,LIV|EDG|ALE|RUN|XYJ|ACB|HTF|WSF|CRE|STA|PKG|XBJ|WVH|DDP|XGQ|XGJ|XOS|BHM
SP002082,122,2,CDB,CDQ,CDB|CDQ
SP002083,22,18,LIV,BHM,LIV|EDG|MSH|ALE|RUN|XYJ|ACB|WSF|CRE|STA|PKG|XBJ|WVH|CSY|DDP|XGJ|XOS|BHM
SP002084,27,37,GLC,EUS,GLC|MTH|SDM|LOC|XGS|CAR|PNR|XIT|OXN|XOA|LAN|PRE|XOU|WGN|WBQ|XYJ|ACB|WSF|CRE|STA|XCO|XOI|XIM|NUN|RUG|XWZ|XHN|MKC|BLY|XOD|TRI|XOE|WFJ|HRW|WMB|XWI|EUS
SP002085,2,9,GLC,EDB,GLC|MTH|SDM|WSH|CLU|CRS|SLA|HYM|EDB
SP002086,12,7,DUN,EDB,DUN|ELT|DRM|PST|WAF|MUB|EDB
SP002087,2,12,EDB,MTH,EDB|HYM|SLA|KGE|WTA|CUH|KKN|CRS|CLU|WSH|SDM|MTH
SP002088,144,12,LST,SSD,LST|BET|HAC|XMI|TOM|BMD|CHN|BXB|HWN|BIS|SST|SSD
SP002089,2,12,GLC,ADS,GLC|PYG|JHN|LHW|GLG|DLY|KWN|STV|SLT|ASB|ADN|ADS
SP002090,2,12,ADS,GLC,ADS|ADN|ASB|SLT|STV|KWN|DLY|GLG|LHW|JHN|PYG|GLC
SP002091,64,19,TRB,CDF,TRB|YNW|TRY|TPN|YSR|LLY|TNP|DMG|POR|TRH|PPD|TRF|TRE|TAF|RDR|LLN|CYS|CDQ|CDF
SP002092,6,15,CRE,NOT,CRE|ASG|KDG|SOT|LGN|BYB|UTT|TUT|DBY|SPO|LGE|XTR|ATB|BEE|NOT
SP002093,2,13,GLC,ADS,GLC|PYG|JHN|MIN|LHW|GLG|DLY|KWN|STV|SLT|ASB|ADN|ADS
SP002094,2,10,ADS,GLC,ADS|ADN|ASB|SLT|KWN|DLY|LHW|JHN|PYG|GLC
SP002095,2,16,NOT,CRE,NOT|BEE|ATB|XTR|LGE|SPO|DBY|TUT|UTT|BYB|LGN|SOT|LPT|KDG|ASG|CRE
SP002096,6,7,BAK,SRS,BAK|WSW|BAL|SRC|NRB|TTH|SRS
SP002097,46,10,GRK,GLC,GRK|FTM|GKW|GKC|CDY|BGS|PTG|BPT|PYG|GLC
SP002098,2,23,CMB,LST,CMB|CBG|CMS|XSP|SED|WLF|GRC|AUD|NWE|ESM|SST|BIS|SAW|HWM|HWN|RYN|BXB|CHN|XSG|SVS|HAC|BET|LST
SP002099,2,8,GRK,GLC,GRK|FTM|GKW|GKC|PTG|BPT|PYG|GLC
SP002100,66,13,GLC,AYR,GLC|PYG|JHN|LHW|DLY|KWN|IRV|BSS|TRN|PRA|PTW|NOA|AYR
SP002101,70,13,AYR,GLC,AYR|NOA|PTW|PRA|TRN|BSS|IRV|KWN|DLY|LHW|JHN|PYG|GLC
SP002102,2,3,AVN,SVB,AVN|SAR|SVB
SP002103,14,15,CAR,GLC,CAR|XGS|GEA|ANN|DMF|SQH|KRK|NCK|AUK|KMK|KLM|STT|DNL|BRR|GLC
SP002104,26,13,BHM,SHR,BHM|XOS|XGJ|XGQ|DDP|WVH|COS|SFN|XMD|TFC|WLN|XSY|SHR
SP002105,72,2,MCV,RCD,MCV|RCD
SP002106,2,16,BRI,PAD,BRI|BTH|CPM|SWI|DID|GOR|RDG|TWY|MAI|TAP|BNM|SLO|STL|EAL|AML|PAD
SP002107,15,23,LST,CBG,LST|BET|HAC|XMI|TOM|BMD|CHN|BXB|RYN|HWN|HWM|SAW|BIS|SST|ESM|NWE|AUD|GRC|WLF|SED|XSP|CMS|CBG
SP002108,2,14,BHM,SHR,BHM|XOS|XGJ|XGQ|DDP|WVH|CSL|COS|SFN|XMD|TFC|WLN|XSY|SHR
SP002109,4,18,WSM,PAD,WSM|WNM|WOR|YAT|NLS|PSN|BRI|BTH|CPM|SWI|DID|GOR|RDG|TWY|MAI|SLO|STL|PAD
SP002110,2,20,TAU,PAD,TAU|BWT|HIG|WSM|WOR|YAT|NLS|PSN|BRI|BTH|CPM|SWI|DID|GOR|RDG|TWY|MAI|SLO|STL|PAD
SP002111,72,2,BRS,NEM,BRS|NEM
SP002112,1,10,BAK,EPS,BAK|BAL|MTC|MIJ|HCB|CSH|SUO|CHE|EWE|EPS
SP002113,2,9,LIV,CRE,LIV|EDG|MSH|ALE|RUN|XYJ|ACB|WSF|CRE
SP002114,73,2,NEM,BRS,NEM|BRS
SP002115,1,15,HOV,BOG,HOV|AGT|PLD|FSG|SWK|SSE|LAC|EWR|WRH|WWO|ANG|XXA|FOD|BAA|BOG
SP002116,1,15,GMV,BHM,GMV|MVL|XHK|WOF|DTW|XSW|BMV|BTG|LOB|NFD|KNN|SLY|UNI|FWY|BHM
SP002117,3,14,GMV,BHM,GMV|MVL|XHK|WOF|DTW|XSW|BMV|BTG|LOB|KNN|SLY|UNI|FWY|BHM
SP002118,2,14,SHS,EDB,SHS|XJB|FLD|BRC|ADW|WCL|LVG|KKN|CUH|WTA|KGE|SLA|HYM|EDB
SP002119,2,15,GMV,BHM,GMV|MVL|XHK|WOF|WOS|DTW|XSW|BMV|BTG|LOB|KNN|SLY|UNI|FWY|BHM
SP002120,2,11,WOF,BHM,WOF|DTW|XSW|BMV|BTG|LOB|KNN|SLY|UNI|FWY|BHM
SP002121,2,19,HFD,BHM,HFD|LED|CWL|XMN|GMV|MVL|XHK|WOF|WOS|DTW|XSW|BMV|BTG|LOB|KNN|SLY|UNI|FWY|BHM
SP002122,28,18,HFD,BHM,HFD|LED|CWL|XMN|GMV|MVL|XHK|WOF|DTW|XSW|BMV|BTG|LOB|KNN|SLY|UNI|FWY|BHM
SP002123,2,13,GLC,GRK,GLC|CDO|HLE|HLW|PYG|BPT|PTG|BGS|CDY|GKC|GKW|FTM|GRK
SP002124,3,12,NEM,BSK,NEM|SUR|ESH|WYB|BFN|WOK|BKO|FNB|FLE|WNF|HOK|BSK
SP002125,2,13,GMV,BHM,GMV|MVL|XHK|WOF|DTW|XSW|BMV|BTG|LOB|KNN|SLY|FWY|BHM
SP002126,1,13,BHM,LIF,BHM|XOZ|DUD|AST|GVH|ERD|CRD|WYL|SUT|FOK|BKT|LIC|LIF
SP002127,9,13,NEM,BSK,NEM|SUR|ESH|WAL|WYB|BFN|WOK|BKO|FNB|FLE|WNF|HOK|BSK
SP002128,2,12,GLC,GRK,GLC|PYG|PYJ|BPT|LGB|WDL|PTG|CDY|GKC|GKW|FTM|GRK
SP002129,2,15,PMS,LIT,PMS|FTN|HLS|BDH|HAV|WBL|EMS|SOB|NUT|BOH|FSB|CCH|BAA|FOD|LIT
SP002130,226,2,SAO,LEU,SAO|LEU
SP002131,2,8,GLC,GRK,GLC|PYG|BPT|PTG|GKC|GKW|FTM|GRK
SP002132,96,2,EDA,INK,EDA|INK
SP002133,2,20,BHI,SHR,BHI|SCF|XOZ|BHM|XOS|XGJ|SAD|DDP|WVH|BBK|CSL|ALB|COS|SFN|XMD|TFC|OKN|WLN|XSY|SHR
SP002134,4,11,WOS,BHM,WOS|DTW|XSW|BMV|BTG|LOB|KNN|SLY|UNI|FWY|BHM
SP002135,2,8,CDF,COY,CDF|CDQ|HLL|TGS|BCG|RHI|WHT|COY
SP002136,2,9,GRK,GLC,GRK|FTM|GKW|GKC|CDY|PTG|BPT|PYG|GLC
SP002137,2,35,PNZ,PAD,PNZ|SER|CBN|RED|TRU|SAU|PAR|LOS|BOD|LSK|MEN|SGM|STS|DPT|PLY|IVY|TOT|NTA|TGM|DWL|DWW|EXD|TVP|TAU|CLC|BDW|HGD|NBY|THE|RDG|TWY|MAI|SLO|STL|PAD
SP002138,4,17,EDB,INV,EDB|HYM|LIN|PMT|XGM|STG|DBL|PTH|DKD|PIT|BLA|DLW|NWR|KIN|AVM|CAG|INV
SP002139,76,2,RCD,MCV,RCD|MCV
SP002140,44,7,SAA,WFJ,SAA|PKT|HWW|BWO|GSN|WFN|WFJ
SP002141,4,16,EXD,PAD,EXD|TVP|TAU|CLC|WSB|PEW|BDW|HGD|NBY|THE|RDG|TWY|MAI|SLO|STL|PAD
SP002142,4,9,WOS,HFD,WOS|WOF|XHK|MVL|GMV|XMN|CWL|LED|HFD
SP002143,2,28,NQY,PAD,NQY|PAR|LOS|BOD|LSK|SGM|STS|PLY|IVY|TOT|NTA|TGM|DWL|DWW|EXD|TVP|TAU|CLC|BDW|HGD|NBY|THE|RDG|TWY|MAI|SLO|STL|PAD
SP002144,7,17,MOG,HFN,MOG|OLD|EXR|HHY|DYP|FPK|HGY|HRN|AAP|BOP|PAL|WIH|GPK|ENC|GDH|CUF|HFN
SP002145,2,14,BHM,GMV,BHM|FWY|UNI|SLY|KNN|LOB|BTG|BMV|XSW|DTW|WOF|XHK|MVL|GMV
SP002146,4,19,BHM,HFD,BHM|FWY|UNI|SLY|KNN|LOB|BTG|BMV|XSW|DTW|WOS|WOF|XHK|MVL|GMV|XMN|CWL|LED|HFD
SP002147,2,30,NQY,PAD,NQY|PAR|LOS|BOD|LSK|SGM|STS|PLY|IVY|TOT|NTA|TGM|DWL|DWW|EXD|TVP|TAU|CLC|WSB|PEW|BDW|HGD|NBY|THE|RDG|TWY|MAI|SLO|STL|PAD
SP002148,14,5,INV,ELG,INV|IVA|NRN|FOR|ELG
SP002149,1,17,MAN,YRK,MAN|ABY|GUI|SYB|MSL|GNF|MSN|SWT|HUD|MIR|DEW|MLY|LDS|CRG|MIK|CHF|YRK
SP002150,2,18,BPW,CMN,BPW|PWY|PIL|STJ|NWP|CDF|PYC|BGN|PTA|NTH|SWA|GWN|LLE|PBY|KWL|FYS|XCI|CMN
SP002151,16,34,BDM,TBD,BDM|WIX|FLT|HLN|LEA|LUT|LTN|HPD|SAC|HEN|CRI|WHP|KTN|SPL|ZFD|CTK|BFR|XMK|XLJ|NXG|SYD|NWD|ECR|SCY|PUR|XJS|CDS|MHM|RDH|ELD|SAF|HOR|GTW|TBD
SP002152,4,27,GTW,BDM,GTW|ELD|XJS|PUR|ECR|NWD|SYD|NXG|XLJ|XMK|BFR|CTK|ZFD|SPL|KTN|WHP|CRI|HEN|SAC|HPD|LTN|LUT|LEA|HLN|FLT|WIX|BDM
SP002153,1,4,HOR,RDH,HOR|SAF|ELD|RDH
SP002154,1,38,BDM,EGR,BDM|FLT|HLN|LEA|LUT|HPD|SAC|RDT|ELS|MIL|HEN|BCZ|CRI|WHP|KTN|SPL|ZFD|CTK|BFR|XMK|XLJ|NXG|BCY|FOH|SYD|ANZ|NWD|ECR|SCY|SNR|RDD|UWL|WOH|OXT|HUR|LFD|DMS|EGR
SP002155,2,24,CKL,LAN,CKL|SBS|SEL|SSC|DRI|RAV|BOC|SIC|MLM|GNR|FOX|KBF|ASK|BIF|ROO|DLT|ULV|CAK|GOS|ARN|SVR|CNF|XOA|LAN
SP002156,2,27,CKL,LAN,CKL|SBS|NRT|BYS|SEL|SSC|DRI|RAV|BOC|SIC|MLM|GNR|FOX|KBF|ASK|BIF|ROO|DLT|ULV|CAK|KBK|GOS|ARN|SVR|CNF|XOA|LAN
SP002157,6,33,EGR,BDM,EGR|DMS|LFD|HUR|OXT|WOH|UWL|RDD|SNR|SCY|ECR|NWD|SYD|NXG|XLJ|XMK|BFR|CTK|ZFD|SPL|KTN|WHP|CRI|HEN|SAC|HPD|LTN|LUT|LEA|HLN|FLT|WIX|BDM
SP002158,4,14,BIF,CKL,BIF|ASK|KBF|FOX|GNR|MLM|SIC|BOC|RAV|DRI|SSC|SEL|SBS|CKL
SP002159,48,36,CBG,BTN,CBG|CMS|XSP|FXN|RYS|AWM|BDK|LET|HIT|SVG|XGN|WGC|PBR|AAP|FPK|XKB|SPL|ZFD|CTK|BFR|XMK|XLJ|NXG|SYD|NWD|ECR|PUR|XJS|ELD|GTW|TBD|HHE|XKM|BUG|PRP|BTN
SP002160,4,25,LAN,CKL,LAN|XOA|CNF|SVR|ARN|GOS|KBK|CAK|ULV|DLT|ROO|BIF|ASK|KBF|FOX|GNR|MLM|SIC|BOC|RAV|DRI|SSC|SEL|SBS|CKL
SP002161,4,16,CKL,BIF,CKL|SBS|NRT|BYS|SEL|SSC|DRI|RAV|BOC|SIC|MLM|GNR|FOX|KBF|ASK|BIF
SP002162,2,15,CKL,BIF,CKL|SBS|NRT|BYS|SEL|SSC|RAV|BOC|SIC|MLM|GNR|FOX|KBF|ASK|BIF
SP002163,2,16,AYR,GLC,AYR|NOA|PTW|PRA|TRN|BSS|IRV|KWN|DLY|GLG|LHW|HOZ|MIN|JHN|PYG|GLC
SP002164,2,25,CKL,LAN,CKL|SBS|SEL|SSC|DRI|RAV|BOC|SIC|MLM|GNR|FOX|KBF|ASK|BIF|ROO|DLT|ULV|CAK|KBK|GOS|ARN|SVR|CNF|XOA|LAN
SP002165,6,32,BDM,EGR,BDM|WIX|FLT|HLN|LEA|LUT|HPD|SAC|HEN|CRI|WHP|KTN|SPL|ZFD|CTK|BFR|XMK|XLJ|NXG|SYD|NWD|ECR|SCY|SNR|RDD|UWL|WOH|OXT|HUR|LFD|DMS|EGR
SP002166,8,12,BIF,LAN,BIF|ROO|DLT|ULV|CAK|KBK|GOS|ARN|SVR|CNF|XOA|LAN
SP002167,2,28,CKL,PRE,CKL|SBS|NRT|BYS|SEL|SSC|DRI|RAV|BOC|SIC|MLM|GNR|FOX|KBF|ASK|BIF|ROO|DLT|ULV|CAK|KBK|GOS|ARN|SVR|CNF|XOA|LAN|PRE
SP002168,47,36,BTN,CBG,BTN|PRP|BUG|XKM|HHE|TBD|GTW|ELD|XJS|PUR|ECR|NWD|SYD|NXG|XLJ|XMK|BFR|CTK|ZFD|SPL|XKB|FPK|AAP|PBR|WGC|XGN|SVG|HIT|LET|BDK|AWM|RYS|FXN|XSP|CMS|CBG
SP002169,94,2,INK,EDA,INK|EDA
SP002170,2,27,LAN,CKL,LAN|XOA|CNF|SVR|ARN|GOS|KBK|CAK|ULV|DLT|ROO|BIF|ASK|KBF|FOX|GNR|MLM|SIC|BOC|RAV|DRI|SSC|SEL|BYS|NRT|SBS|CKL
SP002171,2,57,CBG,BTN,CBG|CMS|XSP|FXN|STH|MEL|RYS|AWM|BDK|LET|HIT|SVG|KBW|XGN|WGC|HAT|BPK|PBR|HDW|NBA|OKL|NSG|AAP|HRN|HGY|FPK|XKB|SPL|ZFD|CTK|BFR|XMK|XLJ|NXG|BCY|FOH|SYD|ANZ|NWD|ECR|SCY|PUO|PUR|XJS|ELD|SAF|HOR|GTW|TBD|BAB|HHE|WVF|XKM|BUG|HSK|PRP|BTN
SP002172,6,14,GLC,AYR,GLC|PYG|JHN|LHW|GLG|DLY|KWN|IRV|BSS|TRN|PRA|PTW|NOA|AYR
SP002173,2,14,XSU,HRH,XSU|XLJ|NXG|SYD|NWD|ECR|PUR|XJS|ELD|GTW|TBD|CRW|LVN|HRH
SP002174,12,16,PAD,WSM,PAD|STL|SLO|MAI|TWY|RDG|GOR|DID|SWI|CPM|BTH|BRI|NLS|YAT|WOR|WSM
SP002175,1,48,BTN,BDM,BTN|PRP|HSK|BUG|XKM|WVF|HHE|BAB|TBD|GTW|HOR|SAF|ELD|XJS|PUR|PUO|SCY|ECR|NWD|ANZ|PNW|SYD|FOH|HPA|BCY|NXG|XLJ|XMK|BFR|CTK|ZFD|SPL|KTN|WHP|CRI|HEN|MIL|ELS|RDT|SAC|HPD|LTN|LUT|LEA|HLN|FLT|WIX|BDM
SP002176,2,13,EGR,XSU,EGR|DMS|LFD|HUR|OXT|SNR|SCY|ECR|NWD|SYD|NXG|XLJ|XSU
SP002177,12,37,BTN,CBG,BTN|PRP|HSK|BUG|XKM|HHE|TBD|GTW|ELD|XJS|PUR|ECR|NWD|SYD|NXG|XLJ|XMK|BFR|CTK|ZFD|SPL|XKB|FPK|AAP|PBR|WGC|XGN|SVG|HIT|LET|BDK|AWM|RYS|FXN|XSP|CMS|CBG
SP002178,1,22,EDB,ABD,EDB|HYM|SGL|EGY|DAM|NQU|INK|BTS|KDY|MNC|LDY|CUP|LEU|DEE|BYF|CAN|ARB|MTS|LAU|STN|PLN|ABD
SP002179,1,46,EUS,GLC,EUS|XWI|WMB|HRW|WFJ|XOE|TRI|XOD|BLY|MKC|WOL|XHN|XWZ|RUG|NUN|ATH|PSW|XIM|TAM|LTV|XOI|RGL|XCO|STA|CRE|WSF|ACB|XYJ|WBQ|WGN|EBA|XOU|PRE|LAN|XOA|OXN|OXN|XIT|PNR|PNR|CAR|XGS|LOC|SDM|MTH|GLC
SP002180,2,10,GLC,AYR,GLC|PYG|LHW|DLY|KWN|IRV|TRN|PTW|NOA|AYR
SP002181,4,9,CDF,BRI,CDF|NWP|STJ|PIL|PWY|FIT|SRD|LWH|BRI
SP002182,18,18,BHM,LIV,BHM|XOS|XGJ|DDP|CSY|WVH|XBJ|PKG|STA|CRE|WSF|ACB|XYJ|RUN|ALE|MSH|EDG|LIV
SP002183,4,17,PAD,WSM,PAD|STL|SLO|MAI|TWY|RDG|GOR|DID|SWI|CPM|BTH|BRI|NLS|YAT|WOR|WNM|WSM
SP002184,1,14,NAN,BIB,NAN|WRE|PRS|WEM|LEO|HFD|AGV|STJ|PIL|PWY|FIT|PSN|BWT|BIB
SP002185,1,56,CBG,BTN,CBG|CMS|XSP|FXN|STH|MEL|RYS|AWM|BDK|LET|HIT|SVG|KBW|XGN|WGC|HAT|BPK|PBR|HDW|NBA|OKL|NSG|AAP|HGY|FPK|XKB|SPL|ZFD|CTK|BFR|XMK|XLJ|NXG|BCY|FOH|SYD|ANZ|NWD|ECR|SCY|PUO|PUR|XJS|ELD|SAF|HOR|GTW|TBD|BAB|HHE|WVF|XKM|BUG|HSK|PRP|BTN
SP002186,147,4,HWV,PAD,HWV|HXX|STL|PAD
SP002187,56,9,LDS,SKI,LDS|SHY|SAE|BIY|CFL|KEI|SON|CEY|SKI
SP002188,2,10,SKI,LDS,SKI|CEY|SON|KEI|CFL|BIY|SAE|SHY|APY|LDS
SP002189,1,27,BTN,PMH,BTN|HOV|PLD|SWK|SSE|LAC|WRH|WWO|DUR|GBS|ANG|XXA|FOD|BAA|CCH|FSB|BOH|NUT|SOB|EMS|WBL|HAV|BDH|HLS|FTN|PMS|PMH
SP002190,8,17,LDS,MCM,LDS|SHY|BIY|KEI|SKI|GGV|HLD|LPR|GIG|CPY|BEN|WNN|CNF|XOA|LAN|BAR|MCM
SP002191,2,20,HRH,WSW,HRH|LVN|FGT|IFI|CRW|TBD|GTW|SAF|ELD|XJS|PUR|PUO|SCY|ECR|SRS|TTH|NRB|SRC|BAL|WSW
SP002192,72,2,BRS,SUR,BRS|SUR
SP002193,1,11,CRE,LIV,CRE|WSF|HTF|ACB|XYJ|RUN|ALE|WSA|MSH|EDG|LIV
SP002194,1,20,XSU,EGR,XSU|XLJ|NXG|BCY|FOH|SYD|PNW|ANZ|NWD|ECR|SCY|SNR|RDD|UWL|WOH|OXT|HUR|LFD|DMS|EGR
SP002195,1,17,WSW,EGR,WSW|BAL|SRC|NRB|TTH|SRS|ECR|SCY|SNR|RDD|UWL|WOH|OXT|HUR|LFD|DMS|EGR
SP002196,4,27,WVH,RGL,WVH|CSY|TIP|DDP|SAD|XGQ|XGJ|SMR|XOS|BHM|XOZ|DUD|AST|WTT|PRY|XRA|HSD|TAB|BSC|WSL|BLX|BWN|LAW|CAO|HNF|RGT|RGL
SP002197,4,7,TED,EAD,TED|HMW|KNG|NBT|NEM|RAY|EAD
SP002198,2,14,AYR,GLC,AYR|NOA|PTW|TRN|IRV|KWN|DLY|LHW|JHN|PYG|HLW|HLE|CDO|GLC
SP002199,2,16,GLC,AYR,GLC|HLE|HLW|PYG|JHN|LHW|GLG|DLY|KWN|IRV|BSS|TRN|PRA|PTW|NOA|AYR
SP002200,2,12,AYR,GLC,AYR|NOA|PTW|TRN|IRV|KWN|DLY|GLG|LHW|JHN|PYG|GLC
SP002201,2,12,GLC,AYR,GLC|PYG|JHN|LHW|GLG|DLY|KWN|IRV|TRN|PTW|NOA|AYR
SP002202,2,30,EUS,WSL,EUS|XWI|WMB|HRW|WFJ|XOE|TRI|XOD|LBZ|BLY|MKC|WOL|XHN|NMP|LBK|RUG|COV|CNL|THL|BKW|HIA|BHI|SCF|XOZ|BHM|XOZ|AST|XRA|BSC|WSL
SP002203,4,19,BHM,LIV,BHM|XOZ|AST|XRA|BSC|XPJ|WVH|XBJ|PKG|STA|CRE|WSF|ACB|XYJ|RUN|ALE|MSH|EDG|LIV
SP002204,10,12,SQE,XHZ,SQE|ZCW|ROE|WPE|SDE|ZLW|SDC|HOX|HGG|DLJ|XIC|XHZ
SP002205,1,23,SPL,EGR,SPL|ZFD|CTK|BFR|XMK|XLJ|NXG|BCY|FOH|SYD|ANZ|NWD|ECR|SCY|SNR|RDD|UWL|WOH|OXT|HUR|LFD|DMS|EGR
SP002206,70,16,BAK,EPD,BAK|WSW|BAL|SRC|NRB|TTH|SRS|XGU|WCY|WDO|WLT|CSB|SUO|BLM|BAD|EPD
SP002207,2,13,EDB,DEE,EDB|HYM|EGY|INK|DAG|BTS|KDY|MNC|LDY|SPF|CUP|LEU|DEE
SP002208,8,27,TBD,LUT,TBD|GTW|HOR|SAF|ELD|RDH|XJS|PUR|SCY|ECR|NWD|SYD|NXG|XLJ|XMK|BFR|CTK|ZFD|SPL|KTN|WHP|CRI|HEN|SAC|HPD|LTN|LUT
SP002209,4,16,PAD,EXD,PAD|STL|SLO|MAI|TWY|RDG|THE|NBY|HGD|BDW|PEW|WSB|CLC|TAU|TVP|EXD
SP002210,6,10,BHM,WVH,BHM|XOS|SMR|XGJ|XGQ|SAD|DDP|TIP|CSY|WVH
SP002211,2,13,DEE,EDB,DEE|LEU|CUP|SPF|LDY|MNC|KDY|BTS|DAG|INK|EGY|HYM|EDB
SP002212,4,9,CRE,LIV,CRE|WSF|ACB|XYJ|RUN|ALE|MSH|EDG|LIV
SP002213,2,11,LDS,RHD,LDS|SHY|BIY|KEI|SKI|GGV|HLD|LPR|SET|HIR|RHD
SP002214,2,12,DEE,EDB,DEE|LEU|CUP|SPF|LDY|MNC|KDY|BTS|INK|EGY|HYM|EDB
SP002215,2,19,BHM,LIV,BHM|XOS|XGJ|DDP|CSY|WVH|XBJ|PKG|STA|CRE|WSF|HTF|ACB|XYJ|RUN|ALE|MSH|EDG|LIV
SP002216,2,28,PAD,NQY,PAD|STL|SLO|MAI|TWY|RDG|THE|NBY|BDW|PEW|CLC|TAU|TVP|EXD|DWW|DWL|TGM|NTA|TOT|IVY|PLY|STS|SGM|LSK|BOD|LOS|PAR|NQY
SP002217,8,10,SHR,AYW,SHR|WLP|NWT|CWS|MCN|DVY|BRH|BOW|LLB|AYW
SP002218,4,46,BDM,BTN,BDM|FLT|HLN|LEA|LUT|LTN|HPD|SAC|RDT|ELS|MIL|HEN|BCZ|CRI|WHP|KTN|SPL|ZFD|CTK|BFR|XMK|XLJ|NXG|BCY|FOH|SYD|ANZ|NWD|ECR|SCY|PUO|PUR|XJS|ELD|SAF|HOR|GTW|TBD|BAB|HHE|WVF|XKM|BUG|HSK|PRP|BTN
SP002219,3,26,LUT,GTW,LUT|LTN|HPD|SAC|HEN|CRI|WHP|KTN|SPL|ZFD|CTK|BFR|XMK|XLJ|NXG|SYD|NWD|ECR|SCY|PUR|XJS|RDH|ELD|SAF|HOR|GTW
SP002220,26,8,OXF,PAD,OXF|GOR|RDG|TWY|MAI|SLO|STL|PAD
SP002221,1,49,BTN,BDM,BTN|PRP|HSK|BUG|XKM|WVF|HHE|BAB|TBD|GTW|HOR|SAF|ELD|XJS|PUR|PUO|SCY|ECR|NWD|ANZ|PNW|SYD|FOH|HPA|BCY|NXG|XLJ|XMK|BFR|CTK|ZFD|SPL|KTN|WHP|CRI|BCZ|HEN|MIL|ELS|RDT|SAC|HPD|LTN|LUT|LEA|HLN|FLT|WIX|BDM
SP002222,2,28,BDM,TBD,BDM|FLT|LUT|HPD|SAC|HEN|CRI|WHP|KTN|SPL|ZFD|CTK|BFR|XMK|XLJ|NXG|SYD|NWD|ECR|SCY|PUR|XJS|RDH|ELD|SAF|HOR|GTW|TBD
SP002223,1,16,CTR,MIA,CTR|HSB|FRD|RUE|WBQ|ERL|NLW|ECC|DGT|MCO|MAN|BNA|EDY|GTY|HDG|MIA
SP002224,2,23,CDF,MAN,CDF|NWP|CWM|AGV|HFD|LEO|LUD|CRV|CTT|SHR|WEM|PRS|WTC|WRE|NAN|CRE|SDB|CEL|ALD|WML|CHU|SPT|MAN
SP002225,3,27,LUT,TBD,LUT|LTN|HPD|SAC|HEN|CRI|WHP|KTN|SPL|ZFD|CTK|BFR|XMK|XLJ|NXG|SYD|NWD|ECR|SCY|PUR|XJS|RDH|ELD|SAF|HOR|GTW|TBD
SP002226,2,18,SWA,PMD,SWA|GWN|LLE|PBY|KWL|FYS|XCI|CMN|WTL|NAR|KGT|SDF|TEN|PNA|MRB|LAM|PMB|PMD
SP002227,2,28,CDF,PMH,CDF|NWP|STJ|PIL|PWY|FIT|BRI|KYN|OLF|BTH|BOA|TRO|WSB|WMN|SAL|DEN|ROM|RDB|SOU|SDN|NTL|BUO|SNW|FRM|CSA|FTN|PMS|PMH
SP002228,2,14,RUG,EUS,RUG|LBK|NMP|XHN|MKC|BLY|XOD|TRI|XOE|WFJ|HRW|WMB|XWI|EUS
SP002229,2,19,GLC,CRE,GLC|MTH|SDM|LOC|XGS|CAR|PNR|XIT|OXN|XOA|LAN|PRE|XOU|WGN|WBQ|XYJ|ACB|WSF|CRE
SP002230,2,34,WVH,EUS,WVH|CSY|TIP|DDP|SAD|SGB|XGJ|SMR|XOS|BHM|XOZ|SCF|LEH|MGN|BHI|HIA|BKW|THL|CNL|COV|RUG|XWZ|XHN|WOL|MKC|BLY|XOD|TRI|XOE|WFJ|HRW|WMB|XWI|EUS
SP002231,20,26,CDF,PMH,CDF|NWP|STJ|PIL|PWY|FIT|BRI|BTH|BOA|TRO|WSB|WMN|SAL|DEN|ROM|RDB|SOU|SDN|NTL|BUO|SNW|FRM|CSA|FTN|PMS|PMH
SP002232,2,23,SSD,LWT,SSD|AUD|WLF|XSP|CMS|CBG|CMB|WBC|ELY|XYE|BND|TTF|ATL|WMD|NRW|XWH|BDA|CNY|REE|HAD|SYT|OUN|LWT
SP002233,28,9,LWT,NRW,LWT|OUN|SYT|HAD|REE|CNY|BDA|XWH|NRW
SP002234,2,13,RGL,BHM,RGL|RGT|HNF|CAO|LAW|BWN|BLX|WSL|BSC|TAB|XRA|XOS|BHM
SP002235,2,11,SOV,LST,SOV|SIA|HOC|WIC|SNF|GDP|IFD|SRA|XOW|BET|LST
SP002236,2,16,EDB,GLC,EDB|HYM|SLA|LVG|WCL|ADW|FLD|XJB|SHS|HTW|CEA|CRF|HLY|BLH|UDD|GLC
SP002237,2,10,PTH,EDB,PTH|LDY|MNC|KDY|BTS|INK|EGY|SGL|HYM|EDB
SP002238,1,20,CTR,BHI,CTR|WRX|RUA|CRK|GOB|SHR|XSY|WLN|TFC|XMD|COS|WVH|DDP|SAD|XGJ|XOS|BHM|XOZ|SCF|BHI
SP002239,2,16,BHM,SHR,BHM|XOS|XGJ|DDP|WVH|BBK|CSL|ALB|COS|SFN|XMD|TFC|OKN|WLN|XSY|SHR
SP002240,2,35,HHE,BDM,HHE|TBD|GTW|HOR|SAF|ELD|RDH|MHM|CDS|XJS|PUR|SCY|ECR|NWD|SYD|NXG|XLJ|XMK|BFR|CTK|ZFD|SPL|KTN|WHP|CRI|HEN|SAC|HPD|LTN|LUT|LEA|HLN|FLT|WIX|BDM
SP002241,2,10,POO,BCU,POO|PKS|BSM|BMH|POK|CHR|HNA|NWM|SWY|BCU
SP002242,1,39,BTN,CBG,BTN|PRP|HSK|BUG|XKM|WVF|HHE|BAB|TBD|GTW|ELD|XJS|PUR|ECR|NWD|SYD|NXG|XLJ|XMK|BFR|CTK|ZFD|SPL|XKB|FPK|AAP|PBR|WGC|XGN|SVG|HIT|LET|BDK|AWM|RYS|FXN|XSP|CMS|CBG
SP002243,2,7,NOT,DBY,NOT|BEE|ATB|XTR|LGE|SPO|DBY
SP002244,2,34,HHE,BDM,HHE|TBD|GTW|HOR|SAF|ELD|RDH|CDS|XJS|PUR|SCY|ECR|NWD|SYD|NXG|XLJ|XMK|BFR|CTK|ZFD|SPL|KTN|WHP|CRI|HEN|SAC|HPD|LTN|LUT|LEA|HLN|FLT|WIX|BDM
SP002245,2,27,PMH,CDF,PMH|PMS|FTN|CSA|FRM|SNW|HME|SHO|SDN|SOU|RDB|ROM|DEN|SAL|WMN|WSB|TRO|BOA|BTH|KYN|BRI|FIT|PWY|PIL|STJ|NWP|CDF
SP002246,6,33,BTN,BDM,BTN|PRP|HSK|BUG|XKM|WVF|HHE|BAB|TBD|GTW|ELD|XJS|PUR|ECR|NWD|SYD|NXG|XLJ|XMK|BFR|CTK|ZFD|SPL|KTN|WHP|CRI|HEN|SAC|LTN|LUT|FLT|WIX|BDM
SP002247,2,19,EGR,WHP,EGR|DMS|LFD|HUR|OXT|SNR|SCY|ECR|NWD|SYD|NXG|XLJ|XMK|BFR|CTK|ZFD|SPL|KTN|WHP
SP002248,2,9,EBN,ORE,EBN|HMD|XIL|PEV|BEX|XOP|SLQ|HGS|ORE
SP002249,2,30,BDM,TBD,BDM|FLT|LUT|HPD|SAC|HEN|CRI|WHP|KTN|SPL|ZFD|CTK|BFR|XMK|XLJ|NXG|SYD|NWD|ECR|SCY|PUR|XJS|CDS|MHM|RDH|ELD|SAF|HOR|GTW|TBD
SP002250,1,11,PTH,EDB,PTH|LDY|MNC|GLT|COW|DFE|INK|EGY|SGL|HYM|EDB
SP002251,2,18,CAR,LDS,CAR|AWT|LZB|LGW|APP|KSW|GSD|DNT|RHD|HIR|SET|HLD|GGV|SKI|KEI|BIY|SHY|LDS
SP002252,8,19,CAR,LDS,CAR|AWT|LZB|LGW|APP|KSW|GSD|DNT|RHD|HIR|SET|LPR|HLD|GGV|SKI|KEI|BIY|SHY|LDS
SP002253,2,16,WVH,WSL,WVH|DDP|XGQ|XGJ|XOS|BHM|XOZ|DUD|AST|WTT|PRY|XRA|HSD|TAB|BSC|WSL
SP002254,2,4,MKC,NMP,MKC|WOL|XHN|NMP
SP002255,2,26,BDM,EGR,BDM|FLT|LUT|HPD|SAC|HEN|CRI|WHP|KTN|SPL|ZFD|CTK|BFR|XMK|XLJ|NXG|SYD|NWD|ECR|SCY|SNR|OXT|HUR|LFD|DMS|EGR
SP002256,2,11,XSU,TBD,XSU|XLJ|NXG|SYD|NWD|ECR|PUR|XJS|ELD|GTW|TBD
SP002257,228,2,LEU,SAO,LEU|SAO
SP002258,1,15,BAK,EGR,BAK|WSW|BAL|SRC|ECR|SCY|SNR|RDD|UWL|WOH|OXT|HUR|LFD|DMS|EGR
SP002259,2,27,BDM,TBD,BDM|WIX|FLT|HLN|LEA|LUT|HPD|SAC|HEN|CRI|WHP|KTN|SPL|ZFD|CTK|BFR|XMK|XLJ|NXG|SYD|NWD|ECR|PUR|XJS|ELD|GTW|TBD
SP002260,2,7,TRI,EUS,TRI|XOE|WFJ|HRW|WMB|XWI|EUS
SP002261,2,17,EUS,NMP,EUS|XWI|WMB|HRW|WFJ|KGL|HML|XOE|BKM|TRI|XOD|LBZ|BLY|MKC|WOL|XHN|NMP
SP002262,2,16,EGR,XSU,EGR|DMS|LFD|HUR|OXT|WOH|UWL|RDD|SNR|SCY|ECR|NWD|SYD|NXG|XLJ|XSU
SP002263,2,18,PLY,GCR,PLY|IVY|TOT|NTA|TGM|DWL|DWW|EXD|TVP|TAU|BWT|PSN|BRI|FIT|BPW|YAE|CDU|GCR
SP002264,1,30,PLY,PAD,PLY|IVY|TOT|NTA|TGM|DWL|DWW|EXD|TVP|TAU|CLC|FRO|WSB|PEW|BDW|HGD|NBY|THE|RDG|TWY|MAI|TAP|BNM|SLO|HAY|STL|WEA|EAL|AML|PAD
SP002265,3,24,PLY,PAD,PLY|IVY|TOT|NTA|TGM|DWL|DWW|EXD|TVP|TAU|CLC|FRO|WSB|PEW|BDW|HGD|NBY|THE|RDG|TWY|MAI|SLO|STL|PAD
SP002266,5,12,BHM,COV,BHM|XOZ|ADD|SCF|LEH|MGN|BHI|HIA|BKW|THL|CNL|COV
SP002267,2,42,STG,EUS,STG|LBT|CUB|GRL|CBC|WFF|MTH|SDM|LOC|XGS|CAR|PNR|XIT|OXN|XOA|LAN|PRE|XOU|WGN|WBQ|XYJ|ACB|WSF|CRE|STA|XCO|XOI|XIM|NUN|RUG|XWZ|XHN|MKC|BLY|XOD|TRI|XOE|WFJ|HRW|WMB|XWI|EUS
SP002268,1,32,WSL,EUS,WSL|BSC|TAB|HSD|XRA|XOS|BHM|XOZ|SCF|LEH|MGN|BHI|HIA|BKW|THL|CNL|COV|RUG|LBK|NMP|XHN|WOL|MKC|BLY|XOD|TRI|XOE|WFJ|HRW|WMB|XWI|EUS
SP002269,3,30,HHD,CDF,HHD|VAL|RHO|TYC|BOR|LPG|BNG|PMW|LLJ|CWB|AGL|RHL|PRT|FLN|SHT|CTR|WRX|RUA|CRK|GOB|SHR|CTT|CRV|LUD|LEO|HFD|AGV|CWM|NWP|CDF
SP002270,34,5,PRE,OMS,PRE|CSO|RUF|BCJ|OMS
SP002271,49,24,SEV,BFR,SEV|BBL|XOT|OTF|SEH|EYN|SAY|SMY|XMU|XLY|BKL|BMS|SRT|RVB|BEC|BGM|CTF|CFT|NHD|PMR|DMK|LGJ|EPH|BFR
SP002272,1,18,XOA,LGK,XOA|XOA|OXN|XIT|PNR|XRL|HWH|HDB|HEX|PRU|WYM|BLO|DHM|TBY|MBR|SBK|RCC|LGK
SP002273,1,21,GLC,MIA,GLC|WSH|LOC|XGS|CAR|PNR|XIT|OXN|XOA|LAN|PRE|XOU|CRL|XLK|BON|SLD|DGT|MCO|MAN|HDG|MIA
SP002274,1,9,BTN,EBN,BTN|FMR|LWS|XRH|GLY|PLG|XIL|HMD|EBN
SP002275,1,11,HHE,EBN,HHE|WVF|XKM|CBR|LWS|XRH|GLY|PLG|XIL|HMD|EBN
SP002276,1,30,BAL,HGS,BAL|SRS|ECR|PUR|XJS|ELD|GTW|TBD|HHE|WVF|XKM|PMP|CBR|LWS|XRH|GLY|BRK|PLG|XIL|HMD|EBN|HMD|XIL|PEV|COB|CLL|BEX|XOP|SLQ|HGS
SP002277,2,21,ORE,BTN,ORE|HGS|SLQ|XOP|BEX|CLL|COB|NSB|PEV|XIL|HMD|EBN|HMD|XIL|PLG|BRK|GLY|XRH|LWS|FMR|BTN
SP002278,29,14,CNM,PAD,CNM|GCR|SHU|STD|KEM|SWI|DID|GOR|RDG|TWY|MAI|SLO|STL|PAD
SP002279,2,4,SPT,HAZ,SPT|DVN|WSR|HAZ
SP002280,4,14,LST,SSD,LST|BET|CBH|LOF|HAC|XMI|TOM|BMD|CHN|BXB|HWN|BIS|SST|SSD
SP002281,26,20,RDZ,GTW,RDZ|EAR|WKM|CRN|SND|BAW|FNN|NCM|ASH|GLD|SFR|CHL|GOM|DKT|DPD|REI|RDH|ELD|SAF|GTW
SP002282,8,17,RDZ,GTW,RDZ|EAR|WKM|BAW|NCM|ASH|GLD|SFR|CHL|GOM|DKT|DPD|REI|RDH|ELD|SAF|GTW
SP002283,10,18,RDZ,GTW,RDZ|EAR|WKM|BAW|NCM|ASH|GLD|SFR|CHL|GOM|DKT|DPD|BTO|REI|RDH|ELD|SAF|GTW
SP002284,28,9,NRW,LWT,NRW|XWH|BDA|CNY|REE|HAD|SYT|OUN|LWT
SP002285,9,37,SEV,WGC,SEV|BBL|XOT|OTF|SEH|EYN|SAY|SMY|XMU|XLY|BKL|BMS|SRT|RVB|BEC|BGM|CTF|CFT|NHD|PMR|DMK|LGJ|EPH|BFR|CTK|ZFD|SPL|XKB|FPK|AAP|NSG|OKL|NBA|HDW|PBR|HAT|WGC
SP002286,1,13,SHF,LDS,SHF|MHS|RMC|SWN|BTD|GOE|THC|MRP|FZW|WKK|WKF|OUT|LDS
SP002287,2,7,NRW,SHM,NRW|XWH|HXM|NWA|CMR|WRN|SHM
SP002288,12,36,SEV,WGC,SEV|BBL|XOT|OTF|SEH|EYN|SAY|SMY|XMU|XLY|BKL|BMS|SRT|RVB|BEC|BGM|CTF|CFT|NHD|PMR|DMK|LGJ|EPH|BFR|CTK|ZFD|SPL|XKB|FPK|AAP|NSG|OKL|NBA|PBR|HAT|WGC
SP002289,8,32,RAI,WHP,RAI|GLM|CTM|RTR|XRJ|SOO|HGM|GRV|XSR|NFL|SWM|GNH|SCG|DFD|XRT|SGR|ABW|PLU|WWA|CTN|WCB|MZH|GNW|DEP|XKE|XMK|BFR|CTK|ZFD|SPL|KTN|WHP
SP002290,2,21,RDZ,GTW,RDZ|EAR|WNS|WKM|CRN|SND|BAW|FNN|NCM|ASH|GLD|SFR|CHL|GOM|DKT|DPD|REI|RDH|ELD|SAF|GTW
SP002291,2,19,RDZ,GTW,RDZ|EAR|WKM|BAW|FNN|NCM|ASH|GLD|SFR|CHL|GOM|DKT|DPD|BTO|REI|RDH|ELD|SAF|GTW
SP002292,1,40,SEV,WGC,SEV|BBL|XOT|OTF|SEH|EYN|SAY|SMY|XMU|XLY|BKL|BMS|SRT|RVB|BEC|BGM|CTF|CFT|NHD|PMR|DMK|LGJ|EPH|BFR|CTK|ZFD|SPL|XKB|FPK|HGY|HRN|AAP|NSG|OKL|NBA|HDW|PBR|BPK|HAT|WGC
SP002293,2,22,RDZ,GTW,RDZ|EAR|WKM|CRN|SND|BAW|FNN|NCM|ASH|WAN|GLD|SFR|CHL|GOM|DKT|DPD|BTO|REI|RDH|ELD|SAF|GTW
SP002294,2,12,ABD,PTH,ABD|PLN|STN|LAU|MTS|ARB|CAN|MON|BYF|DEE|ING|PTH
SP002295,6,7,SHF,NOT,SHF|DRO|CHD|ALF|LGM|ILN|NOT
SP002296,8,9,GLC,WMS,GLC|PYG|BPT|PTG|WNL|DFR|BCN|INP|WMS
SP002297,14,17,MOG,WGC,MOG|OLD|EXR|HHY|DYP|FPK|HGY|AAP|NSG|OKL|NBA|HDW|PBR|BPK|WMG|HAT|WGC
SP002298,52,2,IVA,INB,IVA|INB
SP002299,8,15,MOG,WGC,MOG|OLD|EXR|HHY|DYP|FPK|HGY|AAP|NBA|HDW|PBR|BPK|WMG|HAT|WGC
SP002300,1,21,OBN,GLQ,OBN|CON|TAY|LHA|DAL|TYL|CNR|AUI|ART|GCH|HLU|CDR|DLR|DBC|DMR|SIN|WES|MYH|GSC|PPK|GLQ
SP002301,10,16,SPX,BXS,SPX|XXY|XXR|XXQ|XXH|XXU|XXJ|XXI|XXO|XXL|XXG|XXK|XIW|XIE|XXX|BXS
SP002302,1,9,HUL,LDS,HUL|BUH|GBD|HOW|SBY|MIK|GRF|CRG|LDS
SP002303,4,17,GLQ,OBN,GLQ|MYH|WES|DMR|DBC|DLR|HLU|GCH|ART|AUI|CNR|TYL|DAL|LHA|TAY|CON|OBN
SP002304,10,18,AMS,SPX,AMS|ROT|BXS|XXX|XIE|XIW|XXK|XXG|XXL|XXO|XXI|XXJ|XXU|XXH|XXQ|XXR|XXY|SPX
SP002305,2,11,MLG,FTW,MLG|MRR|ARG|BSL|LCL|GLF|LCS|LHE|CPA|BNV|FTW
SP002306,30,15,SOP,MCO,SOP|MEC|BCB|PBL|APB|GST|WGW|INC|HIN|WHG|XLK|BON|SLD|DGT|MCO
SP002307,2,16,YRK,MAN,YRK|CHF|MIK|CRG|LDS|MLY|DEW|HUD|SWT|MSN|GNF|MSL|SYB|GUI|ABY|MAN
SP002308,2,13,EDB,GLC,EDB|HYM|SLA|LVG|WCL|XJB|SHS|HTW|CEA|CRF|HLY|BLH|GLC
SP002309,1,32,HFD,PAD,HFD|LED|CWL|XMN|GMV|MVL|XHK|WOF|WOS|WPH|PSH|EVE|HYB|MIM|KGM|AUW|CBY|HND|OXF|GOR|RDG|TWY|MAI|TAP|BNM|SLO|HAY|STL|WEA|EAL|AML|PAD
SP002310,18,9,EDB,GLC,EDB|HYM|SLA|LVG|WCL|XJB|SHS|BLH|GLC
SP002311,10,18,SPX,AMS,SPX|XXY|XXR|XXQ|XXH|XXU|XXJ|XXI|XXO|XXL|XXG|XXK|XIW|XIE|XXX|BXS|ROT|AMS
SP002312,4,19,WOS,PAD,WOS|WPH|PSH|EVE|HYB|MIM|KGM|AUW|CBY|HND|OXF|DID|GOR|RDG|TWY|MAI|SLO|STL|PAD
SP002313,2,19,WOF,PAD,WOF|WOS|WPH|PSH|EVE|HYB|MIM|KGM|SIP|AUW|CBY|OXF|GOR|RDG|TWY|MAI|SLO|STL|PAD
SP002314,2,8,DID,PAD,DID|GOR|RDG|TWY|MAI|SLO|STL|PAD
SP002315,1,22,GTW,RDZ,GTW|HOR|SAF|ELD|RDH|REI|BTO|DPD|DKT|GOM|CHL|SFR|GLD|ASH|NCM|FNN|BAW|SND|CRN|WKM|EAR|RDZ
SP002316,6,3,BDQ,SHY,BDQ|FZH|SHY
SP002317,1,34,KGX,NCL,KGX|XKB|FPK|HRN|AAP|NSG|NBA|HDW|PBR|BPK|HAT|WGC|XGN|KBW|SVG|HIT|ARL|BIW|SDY|SNO|HUN|XHO|PBO|GRA|NNG|XNK|RET|DON|YRK|THI|NTR|DAR|DHM|NCL
SP002318,2,7,BGH,LDS,BGH|MIR|DEW|BTL|MLY|COT|LDS
SP002319,33,21,GTW,RDZ,GTW|SAF|ELD|RDH|REI|BTO|DPD|DKT|GOM|CHL|SFR|GLD|ASH|NCM|FNN|BAW|SND|CRN|WKM|EAR|RDZ
SP002320,30,14,ADS,GLC,ADS|ADN|ASB|SLT|STV|KWN|DLY|GLG|LHW|HOZ|MIN|JHN|PYG|GLC
SP002321,48,2,INB,IVA,INB|IVA
SP002322,2,15,GLC,EDB,GLC|UDD|BLH|HLY|SHS|XJB|WCL|LVG|KKN|CUH|WTA|KGE|SLA|HYM|EDB
SP002323,20,16,GLC,GRK,GLC|CDO|HLE|HLW|PYG|PYJ|BPT|LGB|WDL|PTG|BGS|CDY|GKC|GKW|FTM|GRK
SP002324,2,10,EDB,GLC,EDB|HYM|SLA|LVG|WCL|XJB|SHS|BLH|UDD|GLC
SP002325,20,5,DMF,CAR,DMF|ANN|GEA|XGS|CAR
SP002326,2,29,WTB,NCL,WTB|RUS|SLH|GMT|EGT|GLS|LHM|DNY|CSM|COM|KLD|BTT|GTA|NNT|GYP|MTO|JCH|MBR|TBY|STK|BIL|SEC|HPL|HRE|SEA|SUN|BNR|HEW|NCL
SP002327,64,17,EUS,MKC,EUS|XWI|WMB|HRW|BSH|WFJ|KGL|APS|HML|XOE|BKM|TRI|CED|XOD|LBZ|BLY|MKC
SP002328,6,17,CDF,TAU,CDF|NWP|STJ|PIL|PWY|FIT|BRI|BMT|PSN|NLS|YAT|WOR|WNM|WSM|HIG|BWT|TAU
SP002329,4,19,TAU,CDF,TAU|BWT|HIG|WSM|WNM|WOR|YAT|NLS|PSN|BMT|BRI|LWH|SRD|FIT|PWY|PIL|STJ|NWP|CDF
SP002330,2,19,GTW,RDZ,GTW|SAF|ELD|RDH|REI|BTO|DPD|DKT|GOM|CHL|SFR|GLD|ASH|NCM|FNN|BAW|WKM|EAR|RDZ
SP002331,26,7,BRR,GLC,BRR|NIT|PTL|KNS|PWW|CMY|GLC
SP002332,2,28,HHD,CDF,HHD|VAL|LPG|BNG|PMW|LLJ|CWB|AGL|RHL|PRT|FLN|SHT|CTR|WRX|RUA|CRK|GOB|SHR|CTT|CRV|LUD|LEO|HFD|AGV|PPL|CWM|NWP|CDF
SP002333,26,7,GLC,BRR,GLC|CMY|PWW|KNS|PTL|NIT|BRR
SP002334,26,11,AYS,MYB,AYS|SKM|WND|GMN|AMR|CFO|CLW|RIC|HOH|XNJ|MYB
SP002335,1,28,KGX,LDS,KGX|XKB|FPK|HRN|AAP|BOP|PAL|GPK|ENC|GDH|HFN|SVG|HIT|ARL|BIW|SDY|SNO|HUN|XHO|PBO|GRA|NNG|XNK|RET|DON|AWK|WKF|LDS
SP002336,2,43,PNZ,BHM,PNZ|SER|HYL|CBN|RED|TRU|SAU|PAR|LOS|BOD|LSK|SGM|STS|PLY|IVY|TOT|NTA|TGM|DWL|DWW|EXD|TVP|TAU|BWT|PSN|BRI|FIT|BPW|YAE|CNM|ASC|XAY|WOS|DTW|HBY|KID|BKD|SBJ|ROW|SMW|XGJ|XOS|BHM
SP002337,9,16,LST,SNF,LST|BET|XOW|SRA|MYL|FOG|MNP|IFD|SVK|GMY|CTH|RMF|GDP|HRO|BRE|SNF
SP002338,257,2,HYM,EDA,HYM|EDA
SP002339,6,16,NMP,EUS,NMP|XHN|WOL|MKC|BLY|LBZ|XOD|TRI|BKM|XOE|HML|WFJ|HRW|WMB|XWI|EUS
SP002340,4,18,HFN,MOG,HFN|BAY|CUF|CWH|GDH|ENC|GPK|WIH|PAL|BOP|AAP|HGY|FPK|DYP|HHY|EXR|OLD|MOG
SP002341,1,11,MCV,WGW,MCV|SFD|SLD|KSL|FNW|MSS|BON|XLK|WHG|HIN|WGW
SP002342,4,15,MOG,GDH,MOG|OLD|EXR|HHY|DYP|FPK|HGY|HRN|AAP|BOP|PAL|WIH|GPK|ENC|GDH
SP002343,4,7,BHI,BHM,BHI|MGN|LEH|SCF|ADD|XOZ|BHM
SP002344,1,39,EDB,KGX,EDB|PST|DRM|DUN|RSN|BWK|ALM|MPT|NCL|DHM|DAR|NTR|THI|YRK|DON|RET|XNK|NNG|GRA|PBO|HUN|SNO|SDY|BIW|ARL|HIT|SVG|HFN|GDH|GPK|WIH|PAL|BOP|AAP|HRN|HGY|FPK|XKB|KGX
SP002345,2,22,LOB,LIF,LOB|NFD|KNN|BRV|SLY|UNI|FWY|BHM|XOZ|DUD|AST|GVH|ERD|CRD|WYL|SUT|FOK|BUL|BKT|SEN|LIC|LIF
SP002346,64,24,BMV,LIF,BMV|BTG|LOB|NFD|KNN|BRV|SLY|UNI|FWY|BHM|XOZ|DUD|AST|GVH|ERD|CRD|WYL|SUT|FOK|BUL|BKT|SEN|LIC|LIF
SP002347,2,17,RYS,KGX,RYS|BDK|LET|HIT|SVG|KBW|XGN|WLW|WGC|HAT|PBR|NBA|AAP|HGY|FPK|XKB|KGX
SP002348,12,11,IPS,PBO,IPS|SMK|BSE|KNE|SOJ|ELY|XYE|MNE|MCH|WLE|PBO
SP002349,2,13,GDH,MOG,GDH|ENC|WIH|PAL|BOP|AAP|HGY|FPK|DYP|HHY|EXR|OLD|MOG
SP002350,28,4,INR,ABD,INR|KTR|DYC|ABD
SP002351,2,6,HNT,ABD,HNT|INS|INR|KTR|DYC|ABD
SP002352,30,4,ABD,INR,ABD|DYC|KTR|INR
SP002353,3,18,GTW,RDG,GTW|SAF|ELD|RDH|REI|BTO|DPD|DKT|GOM|CHL|SFR|GLD|ASH|NCM|BAW|WKM|EAR|RDG
SP002354,3,17,KGX,RYS,KGX|XKB|FPK|AAP|NBA|PBR|HAT|WGC|WLW|XGN|KBW|SVG|HIT|LET|BDK|AWM|RYS
SP002355,2,22,GTW,RDG,GTW|SAF|ELD|RDH|REI|BTO|DPD|DKT|GOM|CHL|SFR|GLD|WAN|ASH|NCM|FNN|BAW|SND|CRN|WKM|EAR|RDG
SP002356,2,5,EXD,BNP,EXD|CDI|EGG|UMB|BNP
SP002357,2,25,EXD,PNZ,EXD|DWW|DWL|TGM|NTA|TOT|IVY|PLY|DPT|DOC|KEY|STS|SGM|MEN|LSK|BOD|LOS|PAR|SAU|TRU|RED|CBN|HYL|SER|PNZ
SP002358,12,6,FPK,MOG,FPK|DYP|HHY|EXR|OLD|MOG
SP002359,2,25,EXD,PNZ,EXD|DWW|DWL|TGM|NTA|TOT|IVY|PLY|DPT|DOC|KEY|SBF|STS|SGM|LSK|BOD|LOS|PAR|SAU|TRU|RED|CBN|HYL|SER|PNZ
SP002360,1,30,STP,DBY,STP|KTN|WHP|CRI|BCZ|HEN|MIL|ELS|RDT|SAC|HPD|LTN|LUT|LEA|HLN|FLT|BDM|WEL|KET|COR|XMJ|OKM|MMO|LEI|LBO|EMD|XTG|LGE|SPO|DBY
SP002361,4,12,GCR,FRO,GCR|YAE|BPW|FIT|BRI|KYN|OLF|BTH|BOA|TRO|WSB|FRO
SP002362,36,19,CNE,PRE,CNE|NEL|BRF|BNC|BUB|RSG|HPN|HCT|ACR|CTW|RIS|BBN|MLH|CYT|PLS|BMB|XLS|LOH|PRE
SP002363,2,13,KGX,LET,KGX|XKB|FPK|AAP|PBR|HAT|WGC|WLW|XGN|KBW|SVG|HIT|LET
SP002364,6,11,GCR,WSB,GCR|YAE|BPW|FIT|BRI|KYN|OLF|BTH|BOA|TRO|WSB
SP002365,31,9,BPS,PRE,BPS|BPB|SQU|SAS|AFV|LTM|MOS|KKM|PRE
SP002366,2,22,EXD,PNZ,EXD|DWW|DWL|TGM|NTA|TOT|IVY|PLY|SBF|STS|SGM|LSK|BOD|LOS|PAR|SAU|TRU|RED|CBN|HYL|SER|PNZ
SP002367,12,14,BUX,MAN,BUX|CEF|WBR|FNV|NMN|DSL|MDL|HAZ|WSR|DVN|SPT|HTC|LVM|MAN
SP002368,18,8,ZUM,ZTH,ZUM|ZTU|GUN|KWG|KWG|GUN|ZTU|ZTH
SP002369,2,22,EXD,PNZ,EXD|DWW|DWL|TGM|NTA|TOT|IVY|PLY|STS|SGM|MEN|LSK|BOD|LOS|PAR|SAU|TRU|RED|CBN|HYL|SER|PNZ
SP002370,4,8,AAP,MOG,AAP|HGY|FPK|DYP|HHY|EXR|OLD|MOG
SP002371,7,21,EXD,PNZ,EXD|DWW|DWL|TGM|NTA|TOT|IVY|PLY|STS|SGM|LSK|BOD|LOS|PAR|SAU|TRU|RED|CBN|HYL|SER|PNZ
SP002372,2,5,MTH,CRS,MTH|SDM|WSH|CLU|CRS
SP002373,8,5,ABD,MTS,ABD|PLN|STN|LAU|MTS
SP002374,4,19,PLY,PNZ,PLY|DPT|DOC|KEY|SBF|STS|SGM|MEN|LSK|BOD|LOS|PAR|SAU|TRU|RED|CBN|HYL|SER|PNZ
SP002375,2,15,HPQ,LST,HPQ|MIS|MNG|COL|MKT|WTM|BPA|CHM|SNF|GDP|IFD|SRA|XOW|BET|LST
SP002376,4,4,ZUM,KWG,ZUM|ZTU|GUN|KWG
SP002377,1,26,XVJ,CBW,XVJ|DMK|NHD|BGM|RVB|SRT|BMS|XLY|XMU|SAY|XWK|SOR|XRJ|RTR|GLM|RAI|NGT|SIT|FAV|HNB|MAR|RAM|XMF|MSR|STU|CBW
SP002378,12,8,INR,MTS,INR|KTR|DYC|ABD|PLN|STN|LAU|MTS
SP002379,6,7,CDF,BRI,CDF|NWP|STJ|PIL|PWY|FIT|BRI
SP002380,1,3,CBW,XSI,CBW|WYE|XSI
SP002381,2,8,BRI,EXD,BRI|YAT|WSM|HIG|BWT|TAU|TVP|EXD
SP002382,8,8,MTS,INR,MTS|LAU|STN|PLN|ABD|DYC|KTR|INR
SP002383,6,8,ZUM,ZKB,ZUM|ZTU|GUN|KWG|KWG|GUN|ZTU|ZKB
SP002384,1,3,XSI,CBW,XSI|WYE|CBW
SP002385,2,7,BRI,EXD,BRI|WSM|HIG|BWT|TAU|TVP|EXD
SP002386,2,11,BRI,TAU,BRI|BMT|PSN|NLS|YAT|WOR|WNM|WSM|HIG|BWT|TAU
SP002387,1,27,CBW,XVJ,CBW|STU|MSR|XMF|RAM|MAR|HNB|FAV|SIT|NGT|RAI|GLM|RTR|XRJ|SOR|XWK|SAY|XMU|XLY|BMS|SRT|RVB|BGM|NHD|DMK|BRX|XVJ
SP002388,8,16,LST,CET,LST|BET|XOW|SRA|MYL|IFD|GDP|SNF|CHM|BPA|HAP|WTM|KEL|MKT|COL|CET
SP002389,2,18,GCR,EXD,GCR|CDU|YAE|BPW|FIT|BRI|BMT|PSN|NLS|YAT|WOR|WNM|WSM|HIG|BWT|TAU|TVP|EXD
SP002390,2,17,MCV,SOP,MCV|SFD|SLD|SNN|MSD|WKD|ATN|HGF|DSY|HIN|WGW|GST|APB|PBL|BCB|MEC|SOP
SP002391,2,16,CET,LST,CET|COL|MKT|KEL|WTM|HAP|BPA|CHM|INT|SNF|GDP|IFD|SRA|XOW|BET|LST
SP002392,12,16,CDF,EXD,CDF|NWP|STJ|PIL|PWY|FIT|BRI|NLS|YAT|WOR|WSM|HIG|BWT|TAU|TVP|EXD
SP002393,4,15,CET,LST,CET|COL|MKT|KEL|WTM|BPA|CHM|INT|SNF|GDP|IFD|SRA|XOW|BET|LST
SP002394,2,23,CDF,PLY,CDF|NWP|STJ|PIL|PWY|FIT|BRI|NLS|YAT|WOR|WSM|HIG|BWT|TAU|TVP|EXD|DWW|DWL|TGM|NTA|TOT|IVY|PLY
SP002395,2,19,CDF,EXD,CDF|NWP|STJ|PIL|PWY|FIT|BRI|BMT|PSN|NLS|YAT|WOR|WNM|WSM|HIG|BWT|TAU|TVP|EXD
SP002396,4,13,BRI,EXD,BRI|BMT|PSN|NLS|YAT|WOR|WNM|WSM|HIG|BWT|TAU|TVP|EXD
SP002397,6,9,HNX,SDL,HNX|LPY|CSG|AIG|STM|BRW|LVC|XMR|SDL
SP002398,1,18,XVJ,FKW,XVJ|BRX|DMK|NHD|BGM|RVB|SRT|BMS|XLY|XMU|SAY|XOT|BRG|MDE|CHG|AFK|XSI|FKW
SP002399,4,15,CET,LST,CET|COL|MKT|KEL|WTM|HAP|BPA|CHM|SNF|GDP|IFD|SRA|XOW|BET|LST
SP002400,2,9,CRS,GLC,CRS|CLU|WSH|SDM|MTH|BLH|UDD|CBL|GLC
SP002401,1,18,XYA,SPO,XYA|REE|CNY|BDA|XWH|WMD|ATL|TTF|BND|MNE|MCH|WLE|XMJ|OKM|MMO|LBO|XTG|SPO
SP002402,8,21,PNZ,EXD,PNZ|SER|HYL|CBN|RED|TRU|SAU|PAR|LOS|BOD|LSK|SGM|STS|PLY|IVY|TOT|NTA|TGM|DWL|DWW|EXD
SP002403,2,19,DVP,XVJ,DVP|FKE|FKC|XSI|AFK|HCN|PDW|TON|SEV|ORP|XPE|XLY|BMS|SRT|BKJ|KTH|HNH|BRX|XVJ
SP002404,2,22,PNZ,EXD,PNZ|SER|HYL|CBN|RED|TRU|SAU|PAR|LOS|BOD|LSK|MEN|SGM|STS|PLY|IVY|TOT|NTA|TGM|DWL|DWW|EXD
SP002405,2,8,ZHS,ZTH,ZHS|ZTU|GUN|KWG|KWG|GUN|ZTU|ZTH
SP002406,1,3,FKE,FKW,FKE|FKC|FKW
SP002407,2,15,DID,EVE,DID|APF|CUM|RAD|OXF|HND|CME|FIN|CBY|AUW|SIP|KGM|MIM|HYB|EVE
SP002408,1,6,FKW,FKE,FKW|XSI|XSI|FKW|FKC|FKE
SP002409,4,14,DFD,RAI,DFD|SCG|GNH|SWM|NFL|XSR|GRV|HGM|SOO|XRJ|RTR|CTM|GLM|RAI
SP002410,20,15,SSD,NRW,SSD|AUD|WLF|XSP|CMS|CBG|CMB|WBC|ELY|XYE|BND|TTF|ATL|WMD|NRW
SP002411,2,11,PGN,EXD,PGN|TQY|TRR|NTA|TGM|DWL|DWW|SCS|MBT|EXT|EXD
SP002412,8,10,CBG,NRW,CBG|CMB|WBC|ELY|XYE|BND|TTF|ATL|WMD|NRW
SP002413,10,8,ZKB,ZUM,ZKB|ZTU|GUN|KWG|KWG|GUN|ZTU|ZUM
SP002414,61,15,SOV,LST,SOV|PRL|SIA|RFD|HOC|RLG|WIC|BIC|SNF|GDP|IFD|SRA|XOW|BET|LST
SP002415,4,11,BRI,SAL,BRI|KYN|OLF|BTH|FFD|AVF|BOA|TRO|WSB|WMN|SAL
SP002416,2,4,IPS,NRW,IPS|SMK|DIS|NRW
SP002417,4,9,WSB,BRI,WSB|TRO|BOA|AVF|FFD|BTH|OLF|KYN|BRI
SP002418,2,34,MLG,GLQ,MLG|MRR|ARG|BSL|LCL|GLF|LCS|LHE|CPA|BNV|FTW|SBR|RYB|TUL|CRR|RAN|BRO|UTY|CNR|AUI|ART|GCH|HLU|DLR|DBC|CYK|YOK|GRS|SCH|HYN|PTK|GQL|BLG|GLQ
SP002419,12,8,ZDE,ZUM,ZDE|ZTU|GUN|KWG|KWG|GUN|ZTU|ZUM
SP002420,2,10,BNP,EXD,BNP|UMB|KGN|EGG|MRD|COP|YEO|CDI|NTC|EXD
SP002421,11,16,BXS,SPX,BXS|XXX|XIE|XIW|XXK|XXG|XXL|XXO|XXI|XXJ|XXU|XXH|XXQ|XXR|XXY|SPX
SP002422,2,8,GLC,LNK,GLC|CBL|UDD|MTH|SDM|WSH|CLU|LNK
SP002423,8,11,BRI,WMN,BRI|KYN|OLF|BTH|FFD|AVF|BOA|TRO|WSB|DMH|WMN
SP002424,6,8,ZUM,ZDE,ZUM|ZTU|GUN|KWG|KWG|GUN|ZTU|ZDE
SP002425,28,5,FIT,BRI,FIT|ASD|SRD|LWH|BRI
SP002426,144,17,SOP,LVC,SOP|BDL|HIL|ANS|FRE|FBY|HTO|HLR|BLN|WLO|SFL|BNW|BOT|BAH|SDL|XMR|LVC
SP002427,26,5,BRI,FIT,BRI|LWH|SRD|ASD|FIT
SP002428,2,5,LNK,MTH,LNK|CLU|WSH|SDM|MTH
SP002429,2,15,MYB,AYS,MYB|XNJ|WCX|SRU|WRU|DNM|DGC|GER|SRG|BCF|HWY|SDR|PRR|LTK|AYS
SP002430,2,26,BMO,MYB,BMO|XOH|TYS|SOL|DDG|LPW|HTN|WRP|WRW|LMS|XFC|BAN|KGS|XAN|BCS|XJV|HDM|PRR|SDR|HWY|GER|WRU|SRU|WCX|XNJ|MYB
SP002431,2,14,LWT,HPQ,LWT|OUS|BCC|BRP|HAS|DSM|SAX|WCM|MES|WDB|WFI|IPS|MIS|HPQ
SP002432,1,4,OBN,OBN,OBN|TEE|CLO|OBN
SP002433,6,6,CBG,SSD,CBG|CMS|XSP|WLF|AUD|SSD
SP002434,2,14,HPQ,LWT,HPQ|MIS|IPS|WFI|WDB|MES|WCM|SAX|DSM|HAS|BRP|BCC|OUS|LWT
SP002435,34,2,COL,CET,COL|CET
SP002436,32,11,WON,COL,WON|FRI|KBX|TLS|WEE|GRB|ALR|WIV|HYH|CET|COL
SP002437,34,11,COL,WON,COL|CET|HYH|WIV|ALR|GRB|WEE|TLS|KBX|FRI|WON
SP002438,2,16,MLN,MTH,MLN|HLF|BRN|WES|ANL|HYN|PTK|EXG|AND|GCL|AGS|BDG|DAK|RUT|CBL|MTH
SP002439,2,21,DEE,INV,DEE|BYF|MON|CAN|ARB|MTS|LAU|STN|PLN|ABD|DYC|KTR|INR|INS|HNT|KEH|ELG|FOR|NRN|IVA|INV
SP002440,30,11,WAC,LIV,WAC|WAW|WID|HGN|HED|HNX|ALE|WSA|MSH|EDG|LIV
SP002441,70,15,FST,SRY,FST|WEH|BKG|UPM|LAI|BSO|PSE|BEF|LES|CHW|WCF|SOC|SOE|TPB|SRY
SP002442,4,12,FST,SOC,FST|WEH|BKG|UPM|LAI|BSO|PSE|BEF|LES|CHW|WCF|SOC
SP002443,1,7,SBY,HUL,SBY|HOW|GBD|BUH|FRY|HES|HUL
SP002444,6,8,BAK,ECR,BAK|WSW|BAL|SRC|NRB|TTH|SRS|ECR
SP002445,2,11,BIS,CBG,BIS|SST|ESM|NWE|AUD|GRC|WLF|SED|XSP|CMS|CBG
SP002446,2,6,SSD,CBG,SSD|AUD|WLF|XSP|CMS|CBG
SP002447,10,11,PBO,IPS,PBO|WLE|MCH|MNE|XYE|ELY|SOJ|KNE|BSE|SMK|IPS
SP002448,6,13,PBO,COL,PBO|WLE|MCH|MNE|XYE|ELY|SOJ|KNE|BSE|SMK|IPS|MNG|COL
SP002449,4,6,BSE,IPS,BSE|TRS|ESW|SMK|NMT|IPS
SP002450,2,13,HPQ,CBG,HPQ|WRB|MIS|IPS|NMT|SMK|ESW|TRS|BSE|KNE|NMK|DUL|CBG
SP002451,12,4,MCV,WGN,MCV|SFD|ECC|WGN
SP002452,18,12,BRI,SVB,BRI|LWH|SRD|MTP|RDA|CFN|SML|SHH|PRI|AVN|SAR|SVB
SP002453,2,15,FST,SRY,FST|WEH|BKG|UPM|WHR|LAI|BSO|PSE|LES|CHW|WCF|SOC|SOE|TPB|SRY
SP002454,2,13,CLE,SHF,CLE|GMB|SLL|HAB|BTB|BGG|KTL|GNB|XRO|WRK|SRO|KVP|SHF
SP002455,1,22,HGS,HHE,HGS|SLQ|XOP|BEX|CLL|COB|PEV|XIL|HMD|EBN|HMD|XIL|PLG|BRK|GLY|XRH|LWS|CBR|PMP|XKM|WVF|HHE
SP002456,24,10,BRI,AVN,BRI|LWH|SRD|MTP|RDA|CFN|SML|SHH|PRI|AVN
SP002457,2,13,SHF,CLE,SHF|KVP|SRO|WRK|XRO|GNB|KTL|BGG|BTB|HAB|SLL|GMB|CLE
SP002458,1,18,BTN,ORE,BTN|FMR|LWS|XRH|PLG|XIL|HMD|EBN|HMD|XIL|PEV|NSB|COB|BEX|XOP|SLQ|HGS|ORE
SP002459,4,14,FST,SRY,FST|WEH|BKG|UPM|LAI|PSE|BEF|LES|CHW|WCF|SOC|SOE|TPB|SRY
SP002460,59,30,ABA,MER,ABA|CMH|FER|MTA|PER|ACY|PPD|TRF|TRE|TAF|RDR|DCT|FRW|WNG|NNP|CDF|CDQ|CYS|LLN|RDR|TAF|TRE|TRF|PPD|ACY|QYD|MEV|TRD|PTB|MER
SP002461,1,28,STP,NOT,STP|KTN|WHP|CRI|BCZ|HEN|MIL|ELS|RDT|SAC|HPD|LTN|LUT|LEA|HLN|FLT|BDM|WEL|KET|MHR|LEI|LBO|EMD|XTG|XTR|ATB|BEE|NOT
SP002462,2,13,FST,SOC,FST|WEH|BKG|UPM|WHR|LAI|BSO|PSE|BEF|LES|CHW|WCF|SOC
SP002463,30,8,ALD,MAN,ALD|WML|HTH|CHU|SPT|HTC|LVM|MAN
SP002464,4,13,NOT,WRK,NOT|BLW|HKN|NSD|KKB|SPK|MFT|MSW|SHB|LAG|CWD|WWL|WRK
SP002465,1,28,NOT,STP,NOT|BEE|ATB|XTR|XTG|EMD|LBO|LEI|MHR|KET|WEL|BDM|FLT|HLN|LEA|LUT|LTN|HPD|SAC|RDT|ELS|MIL|HEN|BCZ|CRI|WHP|KTN|STP
SP002466,1,9,NOT,PBO,NOT|NET|RDF|BIN|ALK|ELO|BTF|GRA|PBO
SP002467,1,32,WSW,WRH,WSW|BAL|NRB|TTH|SRS|ECR|SCY|PUO|PUR|XJS|ELD|SAF|HOR|GTW|TBD|BAB|HHE|WVF|XKM|BUG|HSK|PRP|BTN|HOV|AGT|PLD|FSG|SWK|SSE|LAC|EWR|WRH
SP002468,2,11,DMF,GLC,DMF|SQH|KRK|NCK|AUK|KMK|KLM|STT|DNL|BRR|GLC
SP002469,1,18,CTR,MAN,CTR|MLD|DLM|CUD|GBK|NWI|LTG|PLM|KNF|MOB|ASY|HAL|ALT|NVR|SPT|HTC|LVM|MAN
SP002470,3,39,BDM,TBD,BDM|FLT|HLN|LEA|LUT|LTN|HPD|SAC|RDT|ELS|MIL|HEN|BCZ|CRI|WHP|KTN|SPL|CTK|BFR|XMK|XSU|XLJ|NXG|BCY|FOH|SYD|ANZ|NWD|ECR|SCY|PUO|PUR|XJS|RDH|ELD|SAF|HOR|GTW|TBD
SP002471,1,39,TBD,BDM,TBD|GTW|HOR|SAF|ELD|RDH|XJS|PUR|PUO|SCY|ECR|NWD|PNW|SYD|HPA|BCY|NXG|XLJ|XSU|XMK|BFR|ZFD|SPL|KTN|WHP|CRI|BCZ|HEN|MIL|ELS|RDT|SAC|HPD|LTN|LUT|LEA|HLN|FLT|BDM
SP002472,4,15,CTR,SPT,CTR|MLD|DLM|CUD|GBK|NWI|LTG|PLM|KNF|MOB|ASY|HAL|ALT|NVR|SPT
SP002473,76,18,LST,CHN,LST|BET|CBH|LOF|HAC|REC|SKW|SMH|SVS|BCV|WHL|SLV|EDR|XSG|SBU|TUR|TEO|CHN
SP002474,2,49,BTN,BDM,BTN|PRP|HSK|BUG|XKM|WVF|HHE|BAB|TBD|GTW|HOR|SAF|ELD|RDH|XJS|PUR|PUO|SCY|ECR|NWD|ANZ|PNW|SYD|FOH|HPA|BCY|NXG|XLJ|XSU|XMK|BFR|ZFD|SPL|KTN|WHP|CRI|BCZ|HEN|MIL|ELS|RDT|SAC|HPD|LTN|LUT|LEA|HLN|FLT|BDM
SP002475,4,11,GLC,DMF,GLC|BRR|DNL|STT|KLM|KMK|AUK|NCK|KRK|SQH|DMF
SP002476,14,16,ORE,BTN,ORE|HGS|SLQ|XOP|BEX|PEV|XIL|HMD|EBN|HMD|XIL|PLG|XRH|LWS|FMR|BTN
SP002477,6,5,MTH,LNK,MTH|SDM|WSH|CLU|LNK
SP002478,2,13,GLC,EDB,GLC|MTH|SDM|WSH|CLU|CRS|KKN|CUH|WTA|KGE|SLA|HYM|EDB
SP002479,11,16,BTN,ORE,BTN|FMR|LWS|XRH|PLG|XIL|HMD|EBN|HMD|XIL|PEV|BEX|XOP|SLQ|HGS|ORE
SP002480,1,3,CFC,WRM,CFC|NOD|WRM
SP002481,2,5,GLC,MTH,GLC|CBL|UDD|BLH|MTH
SP002482,3,6,WRM,SGE,WRM|NOD|CFC|HAR|HEH|SGE
SP002483,3,6,SGE,WRM,SGE|HEH|HAR|CFC|NOD|WRM
SP002484,6,5,FST,LAI,FST|WEH|BKG|UPM|LAI
SP002485,38,8,NBY,RDG,NBY|NRC|THA|MDG|AMT|THE|RDW|RDG
SP002486,1,23,PAD,OXF,PAD|AML|EAL|HAN|STL|HAY|WDT|IVR|LNY|SLO|BNM|TAP|MAI|TWY|RDG|TLH|GOR|CHO|DID|APF|CUM|RAD|OXF
SP002487,1,3,WRM,CFC,WRM|NOD|CFC
SP002488,2,35,WEY,WOK,WEY|UPW|DCH|MTN|WOO|WRM|HAM|POO|PKS|BSM|BMH|POK|CHR|HNA|NWM|SWY|BCU|ANF|TTN|RDB|SOU|SDN|SOA|ESL|XEW|SHW|WIN|MIC|BSK|HOK|WNF|FLE|FNB|BKO|WOK
SP002489,2,10,AVN,BRI,AVN|PRI|SHH|SML|CFN|RDA|MTP|SRD|LWH|BRI
SP002490,107,15,PAQ,SHQ,PAQ|RMC|MAB|TIN|CAE|VAE|SAI|ATE|WOD|NUR|CIN|HYP|FIZ|CAX|SHQ
SP002491,2,21,NNT,CAR,NNT|MBR|TBY|STK|HPL|SEA|SUN|BNR|NCL|MCE|BLO|WYM|PRU|HEX|HDB|BLL|HWH|XRL|BMP|WRL|CAR
SP002492,16,20,MBR,CAR,MBR|TBY|STK|HPL|SEA|SUN|BNR|NCL|MCE|BLO|WYM|PRU|HEX|HDB|BLL|HWH|XRL|BMP|WRL|CAR
SP002493,1,15,KGX,HFN,KGX|XKB|FPK|HGY|HRN|AAP|BOP|PAL|WIH|GPK|ENC|GDH|CWH|CUF|HFN
SP002494,1,18,KGX,RYS,KGX|XKB|FPK|HGY|HRN|AAP|BOP|PAL|GPK|ENC|GDH|HFN|SVG|HIT|LET|BDK|AWM|RYS
SP002495,2,6,CFN,BRI,CFN|RDA|MTP|SRD|LWH|BRI
SP002496,2,8,MAC,MAN,MAC|PRB|ADC|PYT|BML|CHU|SPT|MAN
SP002497,2,13,WSM,CFN,WSM|WNM|WOR|YAT|NLS|PSN|BMT|BRI|LWH|SRD|MTP|RDA|CFN
SP002498,1,23,XSU,EBN,XSU|XLJ|NXG|SYD|NWD|ECR|PUR|XJS|ELD|GTW|TBD|HHE|XKM|PMP|CBR|LWS|XRH|GLY|BRK|PLG|XIL|HMD|EBN
SP002499,2,12,SOT,MAN,SOT|KDG|CNG|MAC|PRB|ADC|PYT|BML|CHU|SPT|HTC|MAN
SP002500,5,16,PAD,RDG,PAD|AML|EAL|WEA|HAN|STL|HAY|WDT|IVR|LNY|SLO|BNM|TAP|MAI|TWY|RDG
SP002501,6,13,SSD,LST,SSD|SST|BIS|SAW|HWN|BXB|CHN|BMD|TOM|XMI|HAC|BET|LST
SP002502,1,25,KGX,CBG,KGX|XKB|FPK|HGY|HRN|AAP|BOP|PAL|WIH|GPK|ENC|GDH|HFN|SVG|HIT|LET|BDK|AWM|RYS|MEL|STH|FXN|XSP|CMS|CBG
SP002503,1,23,EBN,XSU,EBN|HMD|XIL|PLG|BRK|GLY|XRH|LWS|CBR|PMP|XKM|HHE|TBD|GTW|ELD|XJS|PUR|ECR|NWD|SYD|NXG|XLJ|XSU
SP002504,2,12,SOT,MAN,SOT|LPT|KDG|CNG|MAC|PRB|ADC|PYT|BML|CHU|SPT|MAN
SP002505,3,19,CHX,GRV,CHX|WAE|NWX|LEW|BKH|KDB|ELW|FCN|WLI|BXH|BNH|XRT|DFD|SCG|GNH|SWM|NFL|XSR|GRV
SP002506,1,27,XSU,LIT,XSU|XLJ|NXG|SYD|NWD|ECR|PUR|XJS|ELD|GTW|TBD|HHE|WVF|XKM|BUG|PRP|HOV|PLD|SSE|LAC|WRH|WWO|DUR|GBS|ANG|XXA|LIT
SP002507,1,21,LST,COL,LST|BET|XOW|SRA|MYL|MNP|IFD|SVK|GMY|CTH|RMF|GDP|HRO|BRE|SNF|INT|CHM|BPA|WTM|MKT|COL
SP002508,4,5,HFN,LET,HFN|WAS|SVG|HIT|LET
SP002509,18,20,CAR,MBR,CAR|WRL|BMP|XRL|HWH|BLL|HDB|HEX|PRU|WYM|BLO|MCE|NCL|BNR|SUN|SEA|HPL|STK|TBY|MBR
SP002510,3,12,FPK,HFN,FPK|AAP|BOP|PAL|WIH|GPK|ENC|GDH|CWH|CUF|BAY|HFN
SP002511,2,7,EPS,BAK,EPS|CHE|SUO|CSH|MIJ|BAL|BAK
SP002512,3,12,HFN,FPK,HFN|BAY|CUF|CWH|GDH|ENC|GPK|WIH|PAL|BOP|AAP|FPK
SP002513,6,7,AAP,SVG,AAP|PBR|HAT|WGC|WLW|KBW|SVG
SP002514,1,15,LST,SSD,LST|BET|CBH|LOF|HAC|XMI|TOM|BMD|CHN|BXB|HWN|SAW|BIS|SST|SSD
SP002515,2,6,BAL,EPS,BAL|MIJ|CSH|SUO|CHE|EPS
SP002516,1,23,XSU,BOG,XSU|XLJ|NXG|SYD|NWD|ECR|PUR|XJS|ELD|GTW|TBD|CRW|LVN|HRH|CHH|BIG|PUL|ARU|XXA|LIT|FOD|BAA|BOG
SP002517,2,26,MIA,YRK,MIA|HDG|GTY|EDY|BNA|MAU|MAN|ADK|ABY|GTO|GUI|SYB|MSL|GNF|MSN|SWT|HUD|DHN|MIR|WKK|XES|LDS|XES|CFD|CHF|YRK
SP002518,2,26,YRK,MIA,YRK|CHF|CFD|XES|LDS|XES|WKK|MIR|DHN|HUD|SWT|MSN|GNF|MSL|SYB|GUI|GTO|ABY|ADK|MAN|MAU|BNA|EDY|GTY|HDG|MIA
SP002519,1,25,LST,CLT,LST|BET|XOW|SRA|MYL|IFD|SVK|CTH|RMF|GDP|HRO|BRE|SNF|INT|CHM|BPA|HAP|WTM|KEL|MKT|COL|HYH|WIV|TLS|CLT
SP002520,2,24,MBR,CAR,MBR|TBY|STK|HPL|SEA|SUN|BNR|NCL|DOT|MCE|BLO|WYM|PRU|SKS|RDM|CRB|HEX|HDB|BLL|HWH|XRL|BMP|WRL|CAR
SP002521,4,7,SUO,SRS,SUO|CSB|WLT|WDO|WCY|XGU|SRS
SP002522,4,8,ECR,BAK,ECR|SRS|TTH|NRB|SRC|BAL|WSW|BAK
SP002523,14,5,OXF,DID,OXF|RAD|CUM|APF|DID
SP002524,2,4,LWS,EBN,LWS|PLG|HMD|EBN
SP002525,26,12,DKG,BAK,DKG|LHD|AHD|EPS|CHE|SUO|CSH|HCB|MIJ|MTC|BAL|BAK
SP002526,16,4,DID,OXF,DID|CUM|RAD|OXF
SP002527,2,2,HHE,LWS,HHE|LWS
SP002528,2,5,OXT,EGR,OXT|HUR|LFD|DMS|EGR
SP002529,5,2,HHD,DFP,HHD|DFP
SP002530,2,16,LDS,HUL,LDS|CRG|GRF|EGF|MIK|SOM|SBY|WRS|HOW|EGN|GBD|BMF|BUH|FRY|HES|HUL
SP002531,35,18,BAK,HRH,BAK|BAL|MTC|MIJ|HCB|CSH|SUO|CHE|EWE|EPS|AHD|LHD|BXW|DKG|HLM|OLY|WNH|HRH
SP002532,14,7,SCU,DON,SCU|ALP|CWE|TNS|HFS|KKS|DON
SP002533,16,4,OXF,DID,OXF|RAD|CUM|DID
SP002534,2,9,HUL,YRK,HUL|BUH|GBD|EGN|HOW|SBY|SIE|CHF|YRK
SP002535,2,17,SUO,XSU,SUO|CSB|WLT|WDO|WCY|XGU|SRS|TTH|NRB|SRC|STE|TUH|NDL|EDW|QRP|SBM|XSU
SP002536,8,14,YRK,BDT,YRK|CHF|SIE|SBY|HOW|GBD|BUH|HUL|CGM|BEV|HUT|DRF|NFN|BDT
SP002537,1,27,CHX,TBW,CHX|WAE|NWX|XPY|HGR|CFB|GRP|ESD|LSY|CIT|NBC|BKJ|SRT|BMS|BKL|XLY|XPE|PET|ORP|CLD|KCK|DNG|SEV|HLB|TON|HIB|TBW
SP002538,1,19,SOV,LST,SOV|PRL|SIA|RFD|HOC|RLG|WIC|BIC|SNF|BRE|HRO|GDP|IFD|MNP|MYL|SRA|XOW|BET|LST
SP002539,2,15,LCN,NOT,LCN|HKM|SWD|CLM|NNG|XNK|NCT|ROL|FSK|BSB|THU|LOW|BUJ|CTO|NOT
SP002540,8,10,NWD,XSU,NWD|ANZ|PNW|SYD|FOH|HPA|BCY|NXG|XLJ|XSU
SP002541,14,5,DID,OXF,DID|APF|CUM|RAD|OXF
SP002542,1,31,LST,ELY,LST|BET|CBH|LOF|HAC|XMI|TOM|PON|BMD|ENL|WLC|CHN|BXB|RYN|HWN|HWM|SAW|BIS|SST|ESM|NWE|AUD|GRC|WLF|SED|XSP|CMS|CBG|CMB|WBC|ELY
SP002543,4,15,YRK,BDT,YRK|CHF|SIE|SBY|WRS|HOW|GBD|BUH|HUL|CGM|BEV|HUT|DRF|NFN|BDT
SP002544,5,2,ARA,MLG,ARA|MLG
SP002545,2,22,CAR,MBR,CAR|WRL|BMP|XRL|HWH|BLL|HDB|HEX|PRU|WYM|BLO|MCE|NCL|BNR|SUN|SEA|HPL|SEC|BIL|STK|TBY|MBR
SP002546,2,11,YRK,HUL,YRK|CHF|SIE|SBY|HOW|EGN|GBD|BUH|FRY|HES|HUL
SP002547,2,9,YRK,HUL,YRK|ULL|CHF|SIE|SBY|HOW|GBD|BUH|HUL
SP002548,2,21,CAR,MBR,CAR|WRL|BMP|XRL|HWH|BLL|HDB|HEX|PRU|WYM|BLO|MCE|NCL|BNR|SUN|SEA|HRE|HPL|STK|TBY|MBR
SP002549,3,17,FST,SRY,FST|LHS|WEH|BKG|UPM|WHR|LAI|BSO|PSE|BEF|LES|CHW|WCF|SOC|SOE|TPB|SRY
SP002550,2,10,LEI,NOT,LEI|SYS|SIL|BWS|LBO|EMD|XTG|XTR|BEE|NOT
SP002551,28,10,LDS,BDI,LDS|COT|MLY|BTL|DEW|MIR|BGH|HFX|LMR|BDI
SP002552,4,16,BDT,YRK,BDT|NFN|DRF|HUT|ARR|BEV|CGM|HUL|BUH|GBD|HOW|WRS|SBY|SIE|CHF|YRK
SP002553,2,8,NOT,NCT,NOT|CTO|BUJ|LOW|THU|BSB|FSK|NCT
SP002554,1,17,LST,HFE,LST|BET|CBH|LOF|HAC|XMI|TOM|PON|BMD|ENL|WLC|CHN|BXB|RYH|SMT|WAR|HFE
SP002555,4,13,YRK,BDT,YRK|SBY|HOW|GBD|BUH|HUL|CGM|BEV|ARR|HUT|DRF|NFN|BDT
SP002556,2,11,HFE,LST,HFE|WAR|SMT|RYH|BXB|CHN|XSG|SVS|HAC|BET|LST
SP002557,1,11,LCN,CLE,LCN|MKR|BTB|HAB|SLL|HLI|GCT|GMB|GMD|NCE|CLE
SP002558,2,20,LEI,LCN,LEI|SYS|SIL|BWS|LBO|EMD|XTG|XTR|ATB|BEE|NOT|CTO|LOW|FSK|NCT|XNK|CLM|SWD|HKM|LCN
SP002559,2,14,NOT,LCN,NOT|CTO|BUJ|LOW|THU|BSB|FSK|ROL|NCT|XNK|CLM|SWD|HKM|LCN
SP002560,2,21,NOT,GMB,NOT|CTO|BUJ|LOW|THU|BSB|FSK|ROL|NCT|XNK|CLM|SWD|HKM|LCN|MKR|BTB|HAB|SLL|HLI|GCT|GMB
SP002561,2,25,MAT,LCN,MAT|MTB|CMF|WTS|AMB|XAJ|BLP|DFI|DBY|SPO|LGE|XTR|BEE|NOT|CTO|BUJ|LOW|FSK|ROL|NCT|XNK|CLM|SWD|HKM|LCN
SP002562,2,8,LDS,YRK,LDS|CRG|GRF|EGF|MIK|CHF|ULL|YRK
SP002563,12,22,MAT,LCN,MAT|MTB|CMF|WTS|AMB|XAJ|BLP|DFI|DBY|SPO|LGE|XTR|BEE|NOT|LOW|FSK|NCT|XNK|CLM|SWD|HKM|LCN
SP002564,10,29,MAT,CLE,MAT|MTB|CMF|WTS|AMB|XAJ|BLP|DFI|DBY|SPO|LGE|XTR|BEE|NOT|LOW|FSK|NCT|XNK|CLM|HKM|LCN|MKR|BTB|HAB|SLL|GMB|GMD|NCE|CLE
SP002565,5,7,HUL,BDT,HUL|CGM|BEV|HUT|DRF|NFN|BDT
SP002566,5,13,DFD,GLM,DFD|SCG|GNH|SWM|NFL|XSR|GRV|HGM|SOO|XRJ|RTR|CTM|GLM
SP002567,4,5,BDT,HUL,BDT|DRF|BEV|CGM|HUL
SP002568,3,8,WSM,BRI,WSM|WNM|WOR|YAT|NLS|PSN|BMT|BRI
SP002569,1,5,HUL,BDT,HUL|CGM|BEV|DRF|BDT
SP002570,2,15,PGN,BRI,PGN|TQY|TRR|NTA|TGM|DWL|DWW|SCS|EXT|EXD|TVP|TAU|BWT|PSN|BRI
SP002571,40,12,AVP,MYB,AVP|AYS|SKM|WND|GMN|AMR|CFO|CLW|RIC|HOH|XNJ|MYB
SP002572,4,10,SHF,YRK,SHF|MHS|RMC|SWN|MRP|PFR|SIE|CHF|ULL|YRK
SP002573,4,6,CDF,HFD,CDF|NWP|CWM|PPL|AGV|HFD
SP002574,2,26,AMB,CLE,AMB|XAJ|BLP|DFI|DBY|SPO|LGE|XTR|ATB|BEE|NOT|LOW|FSK|NCT|XNK|CLM|HKM|LCN|MKR|BTB|HAB|SLL|GMB|GMD|NCE|CLE
SP002575,2,21,XFB,STA,XFB|XEW|WIN|MIC|BSK|BMY|GOR|OXF|OXP|BIT|XGY|WNO|BLU|XHN|NMP|LBK|NUN|XIM|XOI|XCO|STA
SP002576,2,16,SAL,WOF,SAL|WMN|WSB|TRO|MKM|CPM|SWI|KEM|STD|SHU|GCR|CNM|ASC|XAY|WOS|WOF
SP002577,2,8,LCN,NOT,LCN|HKM|CLM|XNK|NCT|FSK|LOW|NOT
SP002578,1,27,LIT,XSU,LIT|XXA|ANG|GBS|DUR|WWO|WRH|LAC|SSE|PLD|HOV|PRP|BUG|XKM|WVF|HHE|TBD|GTW|ELD|XJS|PUR|ECR|NWD|SYD|NXG|XLJ|XSU
SP002579,4,9,EPS,BAK,EPS|CHE|SUO|CSH|HCB|MIJ|MTC|BAL|BAK
SP002580,4,14,MAT,NOT,MAT|MTB|CMF|WTS|AMB|XAJ|BLP|DFI|DBY|SPO|LGE|XTR|BEE|NOT
SP002581,6,15,MAT,NOT,MAT|MTB|CMF|WTS|AMB|XAJ|BLP|DFI|DBY|SPO|LGE|XTR|ATB|BEE|NOT
SP002582,4,9,BAK,EPS,BAK|BAL|MTC|MIJ|HCB|CSH|SUO|CHE|EPS
SP002583,4,16,RDG,PAD,RDG|TWY|MAI|TAP|BNM|SLO|LNY|IVR|WDT|HAY|STL|HAN|WEA|EAL|AML|PAD
SP002584,2,13,PNZ,NQY,PNZ|SER|HYL|CBN|TRU|SAU|PAR|LUX|BGL|ROC|SCR|QUI|NQY
SP002585,2,25,CRE,LCN,CRE|ASG|KDG|SOT|LGN|BYB|UTT|TUT|DBY|SPO|LGE|XTR|ATB|BEE|NOT|CTO|BUJ|LOW|FSK|NCT|XNK|CLM|SWD|HKM|LCN
SP002586,4,7,NQY,PAR,NQY|QUI|SCR|ROC|BGL|LUX|PAR
SP002587,2,28,CRE,LCN,CRE|ASG|KDG|SOT|LGN|BYB|UTT|TUT|PEA|DBY|SPO|LGE|XTR|ATB|BEE|NOT|CTO|BUJ|LOW|THU|BSB|FSK|NCT|XNK|CLM|SWD|HKM|LCN
SP002588,1,23,BOG,XSU,BOG|BAA|FOD|LIT|XXA|ARU|PUL|BIG|CHH|HRH|LVN|CRW|TBD|GTW|ELD|XJS|PUR|ECR|NWD|SYD|NXG|XLJ|XSU
SP002589,2,28,CRE,LCN,CRE|ASG|KDG|SOT|LGN|BYB|UTT|TUT|DBY|SPO|LGE|XTR|ATB|BEE|NOT|CTO|BUJ|LOW|THU|BSB|FSK|ROL|NCT|XNK|CLM|SWD|HKM|LCN
SP002590,4,7,PAR,NQY,PAR|LUX|BGL|ROC|SCR|QUI|NQY
SP002591,8,25,CRE,LCN,CRE|ASG|KDG|SOT|LGN|BYB|UTT|TUT|DBY|SPO|LGE|XTR|ATB|BEE|NOT|CTO|BUJ|LOW|THU|BSB|FSK|NCT|XNK|HKM|LCN
SP002592,14,4,NQY,PAR,NQY|QUI|SCR|PAR
SP002593,6,24,CRE,LCN,CRE|ASG|KDG|SOT|LGN|BYB|UTT|TUT|DBY|SPO|LGE|XTR|ATB|BEE|NOT|CTO|BUJ|LOW|FSK|ROL|NCT|XNK|HKM|LCN
SP002594,12,6,PAR,NQY,PAR|LUX|BGL|ROC|QUI|NQY
SP002595,12,6,NQY,PAR,NQY|QUI|ROC|BGL|LUX|PAR
SP002596,12,13,BUX,MAN,BUX|CEF|WBR|FNV|NMN|DSL|HAZ|WSR|DVN|SPT|HTC|LVM|MAN
SP002597,12,4,PAR,NQY,PAR|SCR|QUI|NQY
SP002598,2,25,CRE,LCN,CRE|ASG|KDG|SOT|LGN|BYB|UTT|TUT|PEA|DBY|SPO|LGE|XTR|ATB|BEE|NOT|CTO|BUJ|LOW|FSK|ROL|NCT|XNK|HKM|LCN
SP002599,2,27,CRE,LCN,CRE|ASG|KDG|SOT|LGN|BYB|UTT|TUT|PEA|DBY|SPO|LGE|XTR|ATB|BEE|NOT|CTO|BUJ|LOW|THU|BSB|FSK|ROL|NCT|XNK|HKM|LCN
SP002600,2,23,LCN,CRE,LCN|HKM|SWD|CLM|XNK|NCT|FSK|LOW|CTO|NOT|BEE|XTR|LGE|SPO|DBY|TUT|UTT|BYB|LGN|SOT|KDG|ASG|CRE
SP002601,2,25,LCN,CRE,LCN|HKM|CLM|XNK|NCT|ROL|FSK|LOW|BUJ|CTO|NOT|BEE|ATB|XTR|LGE|SPO|DBY|TUT|UTT|BYB|LGN|SOT|KDG|ASG|CRE
SP002602,1,14,KGX,WGC,KGX|XKB|FPK|HGY|HRN|AAP|NSG|OKL|NBA|HDW|PBR|BPK|HAT|WGC
SP002603,6,25,LCN,CRE,LCN|HKM|XNK|NCT|FSK|BSB|THU|LOW|BUJ|CTO|NOT|BEE|ATB|XTR|LGE|SPO|DBY|TUT|UTT|BYB|LGN|SOT|KDG|ASG|CRE
SP002604,6,24,LCN,CRE,LCN|HKM|XNK|NCT|ROL|FSK|LOW|BUJ|CTO|NOT|BEE|ATB|XTR|LGE|SPO|DBY|TUT|UTT|BYB|LGN|SOT|KDG|ASG|CRE
SP002605,2,27,LCN,CRE,LCN|HKM|SWD|CLM|XNK|NCT|FSK|BSB|THU|LOW|BUJ|CTO|NOT|BEE|ATB|XTR|LGE|SPO|DBY|TUT|UTT|BYB|LGN|SOT|KDG|ASG|CRE
SP002606,4,23,NCT,CRE,NCT|ROL|FSK|BSB|THU|LOW|BUJ|CTO|NOT|BEE|ATB|XTR|LGE|SPO|DBY|TUT|UTT|BYB|LGN|SOT|KDG|ASG|CRE
SP002607,3,17,NOT,CRE,NOT|BEE|ATB|XTR|LGE|SPO|DBY|PEA|TUT|UTT|BYB|LGN|SOT|LPT|KDG|ASG|CRE
SP002608,2,6,LCN,GMB,LCN|MKR|BTB|HAB|SLL|GMB
SP002609,12,12,BAU,CLE,BAU|BAV|NHL|GOX|TNA|ULC|HAB|SLL|HLI|GCT|GMB|CLE
SP002610,2,36,WOF,SAV,WOF|DTW|HBY|KID|BKD|HAG|SBJ|LYE|CRA|OHL|ROW|LGG|SMW|SGB|THW|JEQ|BSW|BMO|SMA|XOH|TYS|SRI|HLG|YRD|SRL|WTE|WYT|EWD|TLK|WDE|DZY|HNL|WWW|WMC|STY|SAV
SP002611,2,11,TRI,EUS,TRI|BKM|XOE|HML|APS|KGL|WFJ|HRW|WMB|XWI|EUS
SP002612,2,25,BPN,MIA,BPN|PFY|KKM|SLW|PRE|LEY|XOU|BSV|CRL|ADL|BLK|HWI|LOT|XLK|BON|SLD|DGT|MCO|MAN|MAU|BNA|EDY|GTY|HDG|MIA
SP002613,122,19,OMS,HNX,OMS|AUG|TWN|MNS|MAG|ORN|AIN|OPK|WAO|KKD|SDL|XMR|LVC|BRW|STM|AIG|CSG|LPY|HNX
SP002614,16,12,NOT,WRK,NOT|BLW|HKN|NSD|KKB|SPK|MFT|MSW|SHB|CWD|WWL|WRK
SP002615,14,12,NOT,WRK,NOT|BLW|HKN|NSD|KKB|SPK|MFT|MSW|SHB|LAG|CWD|WRK
SP002616,260,19,PDX,SNF,PDX|BDS|TCR|FDX|LSX|WHX|SRA|MYL|FOG|MNP|IFD|SVK|GMY|CTH|RMF|GDP|HRO|BRE|SNF
SP002617,2,27,XOA,HAN,XOA|LAN|PRE|XOU|WGN|XYJ|ACB|WSF|STA|XCO|XOI|XIM|NUN|LBK|NMP|XHN|MKC|BLY|XOD|TRI|XOE|WFJ|HRW|WMB|XXW|WEA|HAN
SP002618,14,12,WRK,NOT,WRK|CWD|LAG|SHB|MSW|MFT|SPK|KKB|NSD|HKN|BLW|NOT
SP002619,14,12,WRK,NOT,WRK|WWL|CWD|SHB|MSW|MFT|SPK|KKB|NSD|HKN|BLW|NOT
SP002620,6,8,MSW,NOT,MSW|MFT|SPK|KKB|NSD|HKN|BLW|NOT
SP002621,2,7,MSW,NOT,MSW|MFT|SPK|KKB|NSD|HKN|NOT
SP002622,2,10,BSK,NEM,BSK|HOK|WNF|FLE|FNB|WOK|BFN|WYB|SUR|NEM
SP002623,1,21,KGX,PBO,KGX|XKB|FPK|HGY|HRN|AAP|BOP|PAL|WIH|ENC|GDH|HFN|SVG|HIT|ARL|BIW|SDY|SNO|HUN|XHO|PBO
SP002624,6,13,WRK,NOT,WRK|WWL|CWD|LAG|SHB|MSW|MFT|SPK|KKB|NSD|HKN|BLW|NOT
SP002625,1,14,CRE,MAN,CRE|SDB|HCH|GTR|CEL|ALD|WML|SYA|MIA|HDG|GTY|BNA|MAU|MAN
SP002626,2,3,WFJ,SAA,WFJ|WFN|SAA
SP002627,4,4,SHF,DBY,SHF|CHD|XAJ|DBY
SP002628,6,14,NOT,MAT,NOT|BEE|XTR|LGE|SPO|DBY|DFI|BLP|XAJ|AMB|WTS|CMF|MTB|MAT
SP002629,36,7,WFJ,SAA,WFJ|WFN|GSN|BWO|HWW|PKT|SAA
SP002630,4,26,GMB,MAT,GMB|SLL|HAB|BTB|MKR|LCN|HKM|CLM|XNK|NCT|FSK|LOW|NOT|BEE|XTR|LGE|SPO|DBY|DFI|BLP|XAJ|AMB|WTS|CMF|MTB|MAT
SP002631,10,22,LCN,MAT,LCN|HKM|SWD|CLM|XNK|NCT|FSK|LOW|NOT|BEE|XTR|LGE|SPO|DBY|DFI|BLP|XAJ|AMB|WTS|CMF|MTB|MAT
SP002632,6,29,CLE,MAT,CLE|NCE|GMD|GMB|SLL|HAB|BTB|MKR|LCN|HKM|CLM|XNK|NCT|FSK|LOW|NOT|BEE|XTR|LGE|SPO|DBY|DFI|BLP|XAJ|AMB|WTS|CMF|MTB|MAT
SP002633,1,8,BHM,LIF,BHM|XOZ|AST|SUT|FOK|BKT|LIC|LIF
SP002634,2,8,NOT,MSW,NOT|BLW|HKN|NSD|KKB|SPK|MFT|MSW
SP002635,2,24,BRI,NQY,BRI|NLS|YAT|WOR|WSM|HIG|BWT|TAU|TVP|EXD|DWW|DWL|TGM|NTA|TOT|IVY|PLY|STS|SGM|LSK|BOD|LOS|PAR|NQY
SP002636,32,8,MAN,ALD,MAN|LVM|HTC|SPT|CHU|HTH|WML|ALD
SP002637,2,12,GCR,SAL,GCR|SHU|STD|KEM|SWI|CPM|MKM|TRO|WSB|DMH|WMN|SAL
SP002638,2,19,RDG,RDH,RDG|EAR|WKM|CRN|SND|BAW|FNN|NCM|ASH|WAN|GLD|SFR|CHL|GOM|DKT|DPD|BTO|REI|RDH
SP002639,4,18,RDG,RDH,RDG|EAR|WKM|CRN|SND|BAW|FNN|NCM|ASH|GLD|SFR|CHL|GOM|DKT|DPD|BTO|REI|RDH
SP002640,2,12,WSB,WEY,WSB|FRO|BRU|CLC|YVP|THO|YET|CNO|MDN|DCW|UPW|WEY
SP002641,2,5,HUL,SBY,HUL|BUH|GBD|HOW|SBY
SP002642,2,6,SHF,BNY,SHF|MHS|CLN|ELR|WOM|BNY
SP002643,2,21,SHF,STP,SHF|CHD|XAJ|BLP|DBY|SPO|XTG|LBO|LEI|MHR|KET|WEL|BDM|FLT|LUT|SAC|HEN|CRI|WHP|KTN|STP
SP002644,2,20,BRI,WEY,BRI|KYN|OLF|BTH|FFD|AVF|BOA|TRO|WSB|FRO|BRU|CLC|YVP|THO|YET|CNO|MDN|DCW|UPW|WEY
SP002645,26,20,SHF,STP,SHF|CHD|XAJ|DBY|SPO|XTG|LBO|LEI|MHR|KET|WEL|BDM|FLT|LUT|SAC|HEN|CRI|WHP|KTN|STP
SP002646,1,10,CRE,BHM,CRE|STA|PKG|XBJ|WVH|DDP|XGQ|XGJ|XOS|BHM
SP002647,5,15,EUS,MKC,EUS|XWI|WMB|HRW|WFJ|KGL|APS|HML|XOE|BKM|TRI|XOD|LBZ|BLY|MKC
SP002648,8,20,EUS,NMP,EUS|XWI|WMB|HRW|BSH|WFJ|KGL|APS|HML|XOE|BKM|TRI|CED|XOD|LBZ|BLY|MKC|WOL|XHN|NMP
SP002649,14,14,PNZ,PLY,PNZ|SER|HYL|CBN|RED|TRU|SAU|PAR|LOS|BOD|LSK|SGM|STS|PLY
SP002650,2,21,SHF,STP,SHF|CHD|XAJ|DBY|SPO|LGE|XTG|LBO|LEI|MHR|KET|WEL|BDM|FLT|LUT|SAC|HEN|CRI|WHP|KTN|STP
SP002651,2,9,LSK,PLY,LSK|MEN|SGM|STS|SBF|KEY|DOC|DPT|PLY
SP002652,1,30,SHF,STP,SHF|CHD|XAJ|DBY|SPO|LGE|XTG|EMD|LBO|LEI|MHR|KET|WEL|BDM|FLT|HLN|LEA|LUT|LTN|HPD|SAC|RDT|ELS|MIL|HEN|BCZ|CRI|WHP|KTN|STP
SP002653,6,1,ABD,ABD,ABD
SP002654,1,34,DBY,STP,DBY|SPO|LGE|XTR|ATB|BEE|NOT|BEE|ATB|XTR|XTG|EMD|LBO|LEI|MHR|KET|WEL|BDM|FLT|HLN|LEA|LUT|LTN|HPD|SAC|RDT|ELS|MIL|HEN|BCZ|CRI|WHP|KTN|STP
SP002655,2,11,EUS,SAA,EUS|XWI|WMB|HRW|WFJ|WFN|GSN|BWO|HWW|PKT|SAA
SP002656,1,34,SHF,STP,SHF|CHD|ALF|LGM|XTR|LGE|SPO|DBY|SPO|LGE|XTG|EMD|LBO|LEI|MHR|KET|WEL|BDM|FLT|HLN|LEA|LUT|LTN|HPD|SAC|RDT|ELS|MIL|HEN|BCZ|CRI|WHP|KTN|STP
SP002657,4,7,NOT,MSW,NOT|HKN|NSD|KKB|SPK|MFT|MSW
SP002658,2,19,PNZ,PLY,PNZ|SER|HYL|CBN|RED|TRU|SAU|PAR|LOS|BOD|LSK|MEN|SGM|STS|SBF|KEY|DOC|DPT|PLY
SP002659,4,14,BAU,CLE,BAU|BAV|NHL|GOX|TNA|ULC|HAB|SLL|HLI|GCT|GMB|GMD|NCE|CLE
SP002660,2,21,SHF,LIV,SHF|DOR|GRN|BAM|EDL|NMC|RML|RDN|ABY|MAN|MCO|DGT|URM|IRL|BWD|WAC|HGN|HNX|ALE|EDG|LIV
SP002661,6,14,CLE,BAU,CLE|NCE|GMD|GMB|GCT|HLI|SLL|HAB|ULC|TNA|GOX|NHL|BAV|BAU
SP002662,10,12,CLE,BAU,CLE|GMB|GCT|HLI|SLL|HAB|ULC|TNA|GOX|NHL|BAV|BAU
SP002663,2,15,PNZ,PLY,PNZ|SER|HYL|CBN|RED|TRU|SAU|PAR|LOS|BOD|LSK|SGM|STS|DPT|PLY
SP002664,1,24,BDM,EGR,BDM|FLT|LUT|HPD|SAC|HEN|CRI|WHP|KTN|SPL|ZFD|CTK|BFR|XMK|XLJ|NXG|SYD|NWD|ECR|SCY|SNR|OXT|HUR|EGR
SP002665,1,20,MAN,GLC,MAN|MCO|DGT|ECC|WGN|EBA|XOU|PRE|LAN|XOA|OXN|XIT|PNR|CAR|XGS|LOC|CRS|SDM|MTH|GLC
SP002666,4,10,LEI,SHF,LEI|LBO|EMD|XTG|LGE|SPO|DBY|XAJ|CHD|SHF
SP002667,2,6,DBY,SHF,DBY|BLP|XAJ|CHD|DRO|SHF
SP002668,8,6,GCR,BRI,GCR|CDU|YAE|BPW|FIT|BRI
SP002669,11,31,HLC,EDB,HLC|CGD|CDR|DLR|DBC|DBE|DMR|CYK|YOK|GRS|SCH|HYN|PTK|CHC|GQL|HST|BLG|SLS|GAR|EST|BAI|CBS|COA|ADR|DRU|BHG|LSN|UHA|EDP|HYM|EDB
SP002670,1,3,CRE,LIV,CRE|RUN|LIV
SP002671,20,22,EXM,PGN,EXM|LYM|LYC|EXN|TOP|NCO|DIG|POL|SJP|EXC|EXD|EXT|MBT|SCS|DWW|DWL|TGM|NTA|EDS|TRR|TQY|PGN
SP002672,2,25,LCN,MAT,LCN|HKM|SWD|CLM|XNK|NCT|ROL|FSK|LOW|BUJ|CTO|NOT|BEE|XTR|LGE|SPO|DBY|DFI|BLP|XAJ|AMB|WTS|CMF|MTB|MAT
SP002673,2,24,LIV,NOT,LIV|EDG|ALE|HNX|HGN|WID|WAC|BWD|DGT|MCO|MAN|SPT|HAZ|CLY|EDL|BAM|HSG|GRN|DOR|SHF|CHD|ALF|LGM|NOT
SP002674,2,21,NOT,NRW,NOT|XTR|XTG|EMD|LBO|MMO|OKM|XMJ|SMD|PBO|WLE|MCH|MNE|XYE|ELY|XYE|BND|TTF|ATL|WMD|NRW
SP002675,2,5,SHF,DBY,SHF|CHD|XAJ|BLP|DBY
SP002676,2,32,CLE,MAT,CLE|NCE|GMD|GMB|SLL|HAB|BTB|MKR|LCN|HKM|SWD|CLM|XNK|NCT|FSK|LOW|BUJ|CTO|NOT|BEE|XTR|LGE|SPO|DBY|DFI|BLP|XAJ|AMB|WTS|CMF|MTB|MAT
SP002677,16,19,EXM,PGN,EXM|LYM|LYC|EXN|TOP|NCO|DIG|POL|SJP|EXC|EXD|DWW|DWL|TGM|NTA|EDS|TRR|TQY|PGN
SP002678,2,30,CLE,MAT,CLE|NCE|GMD|GMB|SLL|HAB|BTB|MKR|LCN|HKM|SWD|CLM|XNK|NCT|FSK|LOW|NOT|BEE|XTR|LGE|SPO|DBY|DFI|BLP|XAJ|AMB|WTS|CMF|MTB|MAT
SP002679,1,20,MAN,YRK,MAN|ADK|ABY|GTO|GUI|SYB|MSL|GNF|MSN|SWT|HUD|DHN|MIR|WKK|XES|LDS|XES|CFD|CHF|YRK
SP002680,3,5,HOT,RDG,HOT|SHI|WGV|TWY|RDG
SP002681,14,2,HUD,BGH,HUD|BGH
SP002682,2,9,AFK,HGS,AFK|HMT|APD|RYE|WSE|DLH|TOK|ORE|HGS
SP002683,4,5,BBN,CLH,BBN|RGW|LHO|WHE|CLH
SP002684,1,22,LST,SOV,LST|BET|XOW|SRA|MYL|MNP|IFD|SVK|CTH|RMF|GDP|HRO|BRE|SNF|BIC|WIC|RLG|HOC|RFD|SIA|PRL|SOV
SP002685,36,12,GLC,GLC,GLC|PLE|QPK|COI|MFL|CCT|LGS|PWE|SHL|MAX|PLW|GLC
SP002686,14,2,BGH,HUD,BGH|HUD
SP002687,4,10,FRO,BRI,FRO|WSB|TRO|BOA|AVF|FFD|BTH|OLF|KYN|BRI
SP002688,4,14,GLC,LAR,GLC|PYG|JHN|MIN|HOZ|LHW|DLY|KWN|STV|SLT|ASB|WKB|FRL|LAR
SP002689,48,15,WMS,GLC,WMS|INP|BCN|DFR|WNL|PTG|WDL|LGB|BPT|PYJ|PYG|HLW|HLE|CDO|GLC
SP002690,2,4,BTH,BRI,BTH|OLF|KYN|BRI
SP002691,4,22,GLC,EDB,GLC|CBL|UDD|BLH|HLY|CRF|CEA|HTW|SHS|XJB|FLD|BRC|ADW|WCL|LVG|KKN|CUH|WTA|KGE|SLA|HYM|EDB
SP002692,2,9,BRI,CDF,BRI|LWH|SRD|FIT|PWY|PIL|STJ|NWP|CDF
SP002693,2,9,BMS,GLM,BMS|SMY|SAY|FNR|LGF|MEP|RTR|CTM|GLM
SP002694,4,13,DMR,RUT,DMR|CYK|YOK|GRS|SCH|JOR|HYN|PTK|EXG|AND|GCL|AGS|RUT
SP002695,4,21,EXD,CDF,EXD|TVP|TAU|BWT|HIG|WSM|WNM|WOR|YAT|NLS|PSN|BMT|BRI|LWH|SRD|FIT|PWY|PIL|STJ|NWP|CDF
SP002696,14,17,EXD,CDF,EXD|TVP|TAU|BWT|HIG|WSM|WOR|YAT|NLS|PSN|BRI|FIT|PWY|PIL|STJ|NWP|CDF
SP002697,18,15,NRW,SSD,NRW|WMD|ATL|TTF|BND|XYE|ELY|WBC|CMB|CBG|CMS|XSP|WLF|AUD|SSD
SP002698,105,2,DBY,EMA,DBY|EMA
SP002699,109,2,EMA,DBY,EMA|DBY
SP002700,2,17,NRW,SSD,NRW|WMD|ATL|ECS|HRD|TTF|BND|XYE|ELY|WBC|CMB|CBG|CMS|XSP|WLF|AUD|SSD
SP002701,1,17,SHR,BHM,SHR|XSY|WLN|OKN|TFC|XMD|SFN|COS|ALB|CSL|BBK|WVH|DDP|XGQ|XGJ|XOS|BHM
SP002702,36,7,LMS,NUN,LMS|KNW|COV|CAA|BEH|BEP|NUN
SP002703,2,7,ELY,NRW,ELY|XYE|BND|TTF|ATL|WMD|NRW
SP002704,4,11,SLB,YRK,SLB|LGK|RCC|SBK|MBR|TBY|EAG|YRM|NTR|THI|YRK
SP002705,2,19,EXD,CDF,EXD|TVP|TAU|BWT|HIG|WSM|WNM|WOR|YAT|NLS|PSN|BMT|BRI|FIT|PWY|PIL|STJ|NWP|CDF
SP002706,2,12,PAR,PLY,PAR|LOS|BOD|LSK|MEN|SGM|STS|SBF|KEY|DOC|DPT|PLY
SP002707,2,11,FST,SFO,FST|LHS|WEH|BKG|UPM|OCK|CFH|GRY|TIL|ETL|SFO
SP002708,2,12,CBG,HPQ,CBG|DUL|NMK|KNE|BSE|TRS|ESW|SMK|NMT|IPS|MIS|HPQ
SP002709,1,5,KIN,DEE,KIN|DLW|BLA|PTH|DEE
SP002710,2,15,TAU,CDF,TAU|BWT|HIG|WSM|WOR|YAT|NLS|PSN|BRI|FIT|PWY|PIL|STJ|NWP|CDF
SP002711,2,12,PAD,BDW,PAD|STL|SLO|MAI|TWY|RDG|THE|THA|NBY|KIT|HGD|BDW
SP002712,4,22,GMV,PAD,GMV|MVL|XHK|WOF|WOS|WPH|PSH|EVE|HYB|MIM|KGM|AUW|CBY|HND|OXF|GOR|RDG|TWY|MAI|SLO|STL|PAD
SP002713,14,11,LDS,SKI,LDS|KLF|APY|SHY|SAE|BIY|CFL|KEI|SON|CEY|SKI
SP002714,2,11,NRW,BCC,NRW|XWH|BDA|CNY|REE|HAD|SYT|OUN|LWT|OUS|BCC
SP002715,2,17,INV,EDB,INV|CAG|AVM|KIN|NWR|DLW|BLA|PIT|DKD|PTH|DBL|STG|XGM|PMT|LIN|HYM|EDB
SP002716,2,14,IPS,PBO,IPS|NMT|SMK|ESW|TRS|BSE|KNE|SOJ|ELY|XYE|MNE|MCH|WLE|PBO
SP002717,2,19,RDH,RDZ,RDH|REI|BTO|DPD|DKT|GOM|CHL|SFR|GLD|ASH|NCM|FNN|BAW|SND|CRN|WKM|WNS|EAR|RDZ
SP002718,2,10,BMV,BHM,BMV|BTG|LOB|NFD|KNN|BRV|SLY|UNI|FWY|BHM
SP002719,2,15,RDH,RDZ,RDH|REI|BTO|DPD|DKT|GOM|CHL|SFR|GLD|ASH|NCM|BAW|WKM|EAR|RDZ
SP002720,2,12,HRH,BAL,HRH|LVN|IFI|CRW|TBD|GTW|ELD|XJS|PUR|ECR|SRS|BAL
SP002721,4,10,NRW,LWT,NRW|XWH|BDA|BUC|CNY|REE|HAD|SYT|OUN|LWT
SP002722,2,24,WEY,GCR,WEY|UPW|DCW|MDN|CNO|YET|THO|YVP|CLC|BRU|FRO|WSB|TRO|BOA|AVF|FFD|BTH|OLF|KYN|BRI|FIT|BPW|YAE|GCR
SP002723,2,16,SOU,BRI,SOU|RDB|ROM|DEN|SAL|WMN|DMH|WSB|TRO|BOA|AVF|FFD|BTH|OLF|KYN|BRI
SP002724,13,14,BTN,BAL,BTN|PRP|HSK|BUG|XKM|HHE|TBD|GTW|ELD|XJS|PUR|ECR|SRS|BAL
SP002725,1,13,XSU,EGR,XSU|XLJ|NXG|SYD|NWD|ECR|SCY|SNR|OXT|HUR|LFD|DMS|EGR
SP002726,1,28,SHF,SCA,SHF|MHS|SWN|MEX|DON|KKS|HFS|TNN|GOO|SAM|GBD|BMF|BUH|FRY|HES|HUL|CGM|BEV|ARR|HUT|DRF|NFN|BDT|BEM|HUB|FIL|SEM|SCA
SP002727,5,12,HUL,DON,HUL|HES|FRY|BUH|BMF|GBD|SAM|GOO|TNN|HFS|KKS|DON
SP002728,2,3,ELG,KYL,ELG|NRN|KYL
SP002729,32,12,DAR,SLB,DAR|DND|ALW|EAG|TBY|MBR|SBK|RCC|RCE|LGK|MSK|SLB
SP002730,2,1,ELG,ELG,ELG
SP002731,2,10,BCC,NRW,BCC|OUS|LWT|OUN|SYT|REE|CNY|BDA|XWH|NRW
SP002732,2,12,CBG,NRW,CBG|CMB|WBC|ELY|XYE|BND|TTF|HRD|ECS|ATL|WMD|NRW
SP002733,28,9,PRE,BPS,PRE|KKM|MOS|LTM|AFV|SAS|SQU|BPB|BPS
SP002734,1,16,HUL,SHF,HUL|HES|FRY|BUH|BMF|GBD|SAM|GOO|TNN|HFS|KKS|DON|MEX|SWN|MHS|SHF
SP002735,2,17,YVP,GCR,YVP|CLC|BRU|FRO|WSB|TRO|BOA|AVF|FFD|BTH|OLF|KYN|BRI|FIT|BPW|YAE|GCR
SP002736,7,8,HUL,BDT,HUL|CGM|BEV|ARR|HUT|DRF|NFN|BDT
SP002737,2,6,SAV,BMO,SAV|HNL|WTE|TYS|XOH|BMO
SP002738,36,7,GYM,NRW,GYM|ACL|LGD|BDA|BGA|XWH|NRW
SP002739,1,8,BTN,EBN,BTN|FMR|LWS|XRH|PLG|XIL|HMD|EBN
SP002740,1,13,HUL,SCA,HUL|CGM|BEV|ARR|HUT|DRF|NFN|BDT|BEM|HUB|FIL|SEM|SCA
SP002741,2,7,BMO,SAV,BMO|XOH|TYS|WTE|WDE|HNL|SAV
SP002742,2,2,XOH,BMO,XOH|BMO
SP002743,6,30,KTN,GLM,KTN|SPL|ZFD|CTK|BFR|XMK|XKE|DEP|GNW|MZH|WCB|CTN|WWA|PLU|ABW|SGR|XRT|DFD|SCG|GNH|SWM|NFL|XSR|GRV|HGM|SOO|XRJ|RTR|CTM|GLM
SP002744,4,20,WEY,BRI,WEY|UPW|DCW|MDN|CNO|YET|THO|YVP|CLC|BRU|FRO|WSB|TRO|BOA|AVF|FFD|BTH|OLF|KYN|BRI
SP002745,2,2,BMO,XOH,BMO|XOH
SP002746,6,31,KTN,RAI,KTN|SPL|ZFD|CTK|BFR|XMK|XKE|DEP|GNW|MZH|WCB|CTN|WWA|PLU|ABW|SGR|XRT|DFD|SCG|GNH|SWM|NFL|XSR|GRV|HGM|SOO|XRJ|RTR|CTM|GLM|RAI
SP002747,1,17,SPL,EGR,SPL|ZFD|CTK|BFR|XMK|XLJ|NXG|SYD|NWD|ECR|SCY|SNR|OXT|HUR|LFD|DMS|EGR
SP002748,2,3,SVG,HFN,SVG|WAS|HFN
SP002749,4,8,SVG,FPK,SVG|KBW|WLW|WGC|HAT|PBR|AAP|FPK
SP002750,1,8,FPK,SVG,FPK|AAP|PBR|HAT|WGC|WLW|KBW|SVG
SP002751,4,19,SVB,WSM,SVB|SAR|AVN|PRI|SHH|SML|CFN|RDA|MTP|SRD|LWH|BRI|BMT|PSN|NLS|YAT|WOR|WNM|WSM
SP002752,22,17,AVN,WSM,AVN|PRI|SHH|SML|CFN|RDA|MTP|SRD|LWH|BRI|BMT|PSN|NLS|YAT|WOR|WNM|WSM
SP002753,2,6,MOG,FPK,MOG|OLD|EXR|HHY|DYP|FPK
SP002754,30,23,CBG,KGX,CBG|CMS|XSP|FXN|STH|MEL|RYS|BDK|LET|HIT|SVG|KBW|XGN|WLW|WGC|HAT|PBR|NBA|AAP|HGY|FPK|XKB|KGX
SP002755,3,19,KGX,CBG,KGX|XKB|FPK|AAP|BOP|GDH|HFN|SVG|HIT|LET|BDK|AWM|RYS|MEL|STH|FXN|XSP|CMS|CBG
SP002756,4,6,NRW,GYM,NRW|XWH|BDA|LGD|ACL|GYM
SP002757,16,23,KGX,CBG,KGX|XKB|FPK|AAP|NBA|PBR|HAT|WGC|WLW|XGN|KBW|SVG|HIT|LET|BDK|AWM|RYS|MEL|STH|FXN|XSP|CMS|CBG
SP002758,8,33,SAV,KID,SAV|STY|WMC|WWW|HNL|DZY|WDE|TLK|EWD|WYT|WTE|SRL|YRD|HLG|SRI|TYS|XOH|SMA|BMO|BSW|JEQ|THW|SGB|SMW|LGG|ROW|OHL|CRA|LYE|SBJ|HAG|BKD|KID
SP002759,2,29,WOF,LMS,WOF|WOS|DTW|HBY|KID|BKD|HAG|SBJ|CRA|ROW|SMW|SGB|THW|JEQ|BSW|BMO|SMA|XOH|TYS|ACG|OLT|SOL|WMR|DDG|LPW|HTN|WRP|WRW|LMS
SP002760,2,13,BSW,LMS,BSW|BMO|XOH|TYS|ACG|OLT|SOL|WMR|DDG|HTN|WRP|WRW|LMS
SP002761,1,10,KGX,LET,KGX|XKB|FPK|AAP|BOP|GDH|HFN|SVG|HIT|LET
SP002762,23,22,KGX,CBG,KGX|XKB|FPK|AAP|NBA|PBR|HAT|WGC|WLW|XGN|KBW|SVG|HIT|LET|BDK|RYS|MEL|STH|FXN|XSP|CMS|CBG
SP002763,3,18,BHM,RGL,BHM|XOZ|DUD|AST|WTT|PRY|XRA|HSD|TAB|BSC|WSL|BLX|BWN|LAW|CAO|HNF|RGT|RGL
SP002764,2,13,BHM,RGL,BHM|XOS|XRA|TAB|BSC|WSL|BLX|BWN|LAW|CAO|HNF|RGT|RGL
SP002765,1,29,KGX,CBG,KGX|XKB|FPK|HGY|HRN|AAP|NSG|OKL|NBA|HDW|PBR|BPK|HAT|WGC|WLW|XGN|KBW|SVG|HIT|LET|BDK|AWM|RYS|MEL|STH|FXN|XSP|CMS|CBG
SP002766,2,35,BDM,BTN,BDM|FLT|HLN|LEA|LUT|LTN|HPD|SAC|HEN|CRI|WHP|KTN|SPL|ZFD|CTK|BFR|XMK|XLJ|NXG|SYD|NWD|ECR|PUR|XJS|ELD|GTW|TBD|BAB|HHE|WVF|XKM|BUG|HSK|PRP|BTN
SP002767,2,2,ELG,ELG,ELG|ELG
SP002768,2,4,MDE,AFK,MDE|BSD|LEN|AFK
SP002769,2,11,BMS,AFK,BMS|SMY|SAY|OTF|BRG|WMA|BMG|MDE|BSD|LEN|AFK
SP002770,4,12,LEW,GRV,LEW|HGR|LEE|MTG|NEH|SID|BXY|CRY|DFD|SCG|GNH|GRV
SP002771,2,16,EDB,INV,EDB|HYM|LIN|PMT|XGM|STG|DBL|PTH|DKD|PIT|BLA|DLW|KIN|AVM|CAG|INV
SP002772,2,14,AYR,GLC,AYR|NOA|PTW|PRA|TRN|BSS|IRV|KWN|DLY|LHW|MIN|JHN|PYG|GLC
SP002773,2,31,WOS,LMS,WOS|DTW|HBY|KID|BKD|HAG|SBJ|LYE|CRA|OHL|ROW|LGG|SMW|SGB|THW|JEQ|BSW|BMO|SMA|XOH|TYS|ACG|OLT|SOL|WMR|DDG|LPW|HTN|WRP|WRW|LMS
SP002774,1,29,XVJ,GLM,XVJ|DMK|DMK|PMR|NHD|LEW|BKH|CTN|WWD|WWA|PLU|ABW|BVD|ERH|SGR|XRT|DFD|SCG|GNH|SWM|NFL|XSR|GRV|HGM|SOO|XRJ|RTR|CTM|GLM
SP002775,1,27,XVJ,AFK,XVJ|BRX|HNH|WDU|SYH|PNE|KTH|BKJ|SRT|BMS|BKL|XLY|XPE|PET|ORP|CLD|KCK|DNG|SEV|HLB|TON|PDW|MRN|SPU|HCN|PLC|AFK
SP002776,3,3,DBY,SHF,DBY|CHD|SHF
SP002777,6,18,MYB,OXF,MYB|XNJ|WCX|SRU|WRU|GER|SRG|BCF|HWY|SDR|PRR|HDM|XJV|XGY|BIT|ISP|OXP|OXF
SP002778,2,8,PTR,PMH,PTR|RLN|HAV|BDH|HLS|FTN|PMS|PMH
SP002779,2,9,OXF,WOP,OXF|HND|CBY|KGM|MIM|HYB|EVE|PSH|WOP
SP002780,13,24,CBG,KGX,CBG|CMS|XSP|FXN|STH|MEL|RYS|AWM|BDK|LET|HIT|SVG|KBW|XGN|WLW|WGC|HAT|PBR|NBA|AAP|HGY|FPK|XKB|KGX
SP002781,5,3,SLO,TAP,SLO|BNM|TAP
SP002782,1,29,CBG,KGX,CBG|CMS|XSP|FXN|STH|MEL|RYS|AWM|BDK|LET|HIT|SVG|KBW|XGN|WLW|WGC|HAT|BPK|PBR|HDW|NBA|OKL|NSG|AAP|HRN|HGY|FPK|XKB|KGX
SP002783,11,17,MYB,OXF,MYB|XNJ|WCX|SRU|WRU|GER|BCF|HWY|SDR|PRR|HDM|XJV|XGY|BIT|ISP|OXP|OXF
SP002784,2,30,SBJ,MYB,SBJ|ROW|SMW|SGB|JEQ|BSW|BMO|XOH|TYS|SOL|DDG|HTN|WRP|WRW|LMS|XFC|BAN|XAN|BCS|XJV|HDM|PRR|SDR|HWY|GER|WRU|SRU|WCX|XNJ|MYB
SP002785,2,5,BTH,FRO,BTH|BOA|TRO|WSB|FRO
SP002786,2,20,BDQ,LAN,BDQ|FZH|SHY|SAE|BIY|CFL|KEI|SON|CEY|SKI|GGV|HLD|LPR|GIG|CPY|BEN|WNN|CNF|XOA|LAN
SP002787,1,14,CTR,MIA,CTR|HSB|FRD|RUE|WBQ|ERL|NLW|ECC|DGT|MCO|MAN|EDY|HDG|MIA
SP002788,1,15,PLG,HGS,PLG|XIL|HMD|EBN|HMD|XIL|PEV|PEB|NSB|COB|CLL|BEX|XOP|SLQ|HGS
SP002789,1,7,HHE,BTN,HHE|WVF|XKM|BUG|HSK|PRP|BTN
SP002790,2,9,EPS,HRH,EPS|AHD|LHD|BXX|DKG|HLM|OLY|WNH|HRH
SP002791,2,6,BHM,BHI,BHM|XOZ|SCF|LEH|MGN|BHI
SP002792,2,11,MYB,HWY,MYB|XNJ|WCX|NLT|SRU|WRU|DNM|GER|SRG|BCF|HWY
SP002793,4,7,BHM,BHI,BHM|XOZ|ADD|SCF|LEH|MGN|BHI
SP002794,2,12,PRR,MYB,PRR|SDR|HWY|BCF|GER|DGC|DNM|WRU|SRU|WCX|XNJ|MYB
SP002795,2,6,IPS,BSE,IPS|NMT|SMK|ESW|TRS|BSE
SP002796,2,17,KGS,MYB,KGS|XAN|BCS|XJV|HDM|PRR|SDR|HWY|BCF|GER|DGC|DNM|WRU|SRU|WCX|XNJ|MYB
SP002797,2,31,RAI,WHP,RAI|GLM|CTM|RTR|XRJ|SOO|HGM|GRV|XSR|NFL|SWM|GNH|SCG|DFD|XRT|SGR|ABW|PLU|WWA|CTN|WCB|MZH|GNW|DEP|XKE|XMK|BFR|ZFD|SPL|KTN|WHP
SP002798,1,22,CHM,STA,CHM|SNF|GDP|IFD|SRA|XJC|XWI|HRW|WFJ|XOE|TRI|XOD|BLY|MKC|XHN|XWZ|RUG|NUN|XIM|XOI|XCO|STA
SP002799,2,23,WVH,EUS,WVH|DDP|XGJ|XOS|BHM|XOZ|SCF|BHI|BKW|COV|RUG|XWZ|XHN|MKC|BLY|XOD|TRI|XOE|WFJ|HRW|WMB|XWI|EUS
SP002800,40,3,HWX,GLD,HWX|WOK|GLD
SP002801,1,14,WGC,KGX,WGC|HAT|BPK|PBR|HDW|NBA|OKL|NSG|AAP|HRN|HGY|FPK|XKB|KGX
SP002802,2,8,CTR,LLJ,CTR|SHT|FLN|PRT|RHL|AGL|CWB|LLJ
SP002803,6,14,RAI,DFD,RAI|GLM|CTM|RTR|XRJ|SOO|HGM|GRV|XSR|NFL|SWM|GNH|SCG|DFD
SP002804,1,10,CRE,LIV,CRE|WSF|HTF|ACB|XYJ|RUN|ALE|MSH|EDG|LIV
SP002805,36,2,WOK,HWX,WOK|HWX
SP002806,38,2,HWX,WOK,HWX|WOK
SP002807,3,23,CHX,DVP,CHX|WAE|NWX|XPY|HGR|GRP|CIT|XPE|ORP|SEV|TON|PDW|MRN|SPU|HCN|PLC|AFK|WHA|SDG|XSI|FKW|FKC|DVP
SP002808,1,14,BAK,EGR,BAK|BAL|SRC|ECR|SCY|SNR|RDD|UWL|WOH|OXT|HUR|LFD|DMS|EGR
SP002809,1,22,BTN,HGS,BTN|LRB|MCB|FMR|LWS|XRH|GLY|BRK|PLG|XIL|HMD|EBN|HMD|XIL|PEV|NSB|COB|CLL|BEX|XOP|SLQ|HGS
SP002810,72,13,XSU,CAT,XSU|XLJ|NXG|SYD|NWD|ECR|SCY|PUO|PUR|KLY|WHY|WHS|CAT
SP002811,2,19,MBR,CAR,MBR|TBY|STK|HPL|SEA|SUN|BNR|HEW|NCL|MCE|BLO|WYM|PRU|HEX|HDB|HWH|XRL|WRL|CAR
SP002812,2,24,MBR,CAR,MBR|TBY|STK|BIL|SEC|HPL|HRE|SEA|SUN|BNR|HEW|NCL|MCE|BLO|WYM|PRU|HEX|HDB|BLL|HWH|XRL|BMP|WRL|CAR
SP002813,2,24,CAR,MBR,CAR|WRL|BMP|XRL|HWH|BLL|HDB|HEX|CRB|RDM|SKS|PRU|WYM|BLO|MCE|DOT|NCL|BNR|SUN|SEA|HPL|STK|TBY|MBR
SP002814,2,21,MBR,CAR,MBR|TBY|STK|HPL|SEA|SUN|BNR|NCL|DOT|MCE|BLO|WYM|PRU|HEX|HDB|BLL|HWH|XRL|BMP|WRL|CAR
SP002815,2,17,MBR,HEX,MBR|TBY|STK|HPL|SEA|SUN|BNR|NCL|DOT|MCE|BLO|WYM|PRU|SKS|RDM|CRB|HEX
SP002816,8,17,CAR,NCL,CAR|WRL|BMP|XRL|HWH|BLL|HDB|HEX|CRB|RDM|SKS|PRU|WYM|BLO|MCE|DOT|NCL
SP002817,1,27,WSL,EUS,WSL|BSC|XRA|XOS|BHM|XOZ|SCF|BHI|HIA|BKW|THL|CNL|COV|RUG|LBK|NMP|XHN|MKC|BLY|XOD|TRI|XOE|WFJ|HRW|WMB|XWI|EUS
SP002818,2,22,MBR,CAR,MBR|TBY|EAG|ALW|DND|DAR|DHM|CLS|NCL|MCE|BLO|WYM|PRU|SKS|RDM|CRB|HEX|HDB|HWH|XRL|WRL|CAR
SP002819,26,16,LIV,LLD,LIV|EDG|ALE|RUN|FRD|HSB|CTR|SHT|FLN|PRT|RHL|AGL|CWB|LLJ|DGY|LLD
SP002820,2,16,NCL,CAR,NCL|MCE|BLO|WYM|PRU|SKS|RDM|CRB|HEX|HDB|BLL|HWH|XRL|BMP|WRL|CAR
SP002821,6,16,CAR,NCL,CAR|WRL|BMP|XRL|HWH|BLL|HDB|HEX|CRB|RDM|SKS|PRU|WYM|BLO|MCE|NCL
SP002822,1,12,DEE,GLQ,DEE|ING|PTH|GLE|DBL|BEA|STG|LBT|CRO|LNZ|BBG|GLQ
SP002823,4,2,SOY,ULP,SOY|ULP
SP002824,10,14,BUX,MAN,BUX|DVH|CEF|WBR|FNV|NMN|DSL|HAZ|WSR|DVN|SPT|HTC|LVM|MAN
SP002825,2,32,BHI,HHD,BHI|SCF|XOZ|BHM|XOS|XGJ|SAD|DDP|WVH|COS|XMD|TFC|WLN|XSY|SHR|GOB|CRK|RUA|WRX|CTR|SHT|FLN|PRT|RHL|AGL|CWB|LLJ|PMW|BNG|LPG|VAL|HHD
SP002826,2,14,MIA,CTR,MIA|HDG|EDY|MAN|MCO|DGT|ECC|NLW|ERL|WBQ|RUE|FRD|HSB|CTR
SP002827,2,3,SHF,BNY,SHF|MHS|BNY
SP002828,6,31,MIA,HHD,MIA|HDG|EDY|MAN|MCO|DGT|ECC|NLW|ERL|WBQ|RUE|FRD|HSB|CTR|SHT|FLN|PRT|RHL|AGL|CWB|LLJ|CNW|PMW|LLF|BNG|LPG|BOR|TYC|RHO|VAL|HHD
SP002829,2,17,CRE,HHD,CRE|CTR|SHT|FLN|PRT|RHL|AGL|CWB|LLJ|PMW|BNG|LPG|BOR|TYC|RHO|VAL|HHD
SP002830,2,12,BUX,MAN,BUX|CEF|WBR|FNV|NMN|DSL|HAZ|WSR|DVN|SPT|LVM|MAN
SP002831,1,48,BDM,BTN,BDM|FLT|HLN|LEA|LUT|LTN|HPD|SAC|RDT|ELS|MIL|HEN|BCZ|CRI|WHP|KTN|SPL|ZFD|CTK|BFR|XMK|XSU|XLJ|NXG|BCY|FOH|SYD|ANZ|NWD|ECR|SCY|PUO|PUR|XJS|RDH|ELD|SAF|HOR|GTW|TBD|BAB|HHE|WVF|XKM|BUG|HSK|PRP|BTN
SP002832,26,16,LLD,LIV,LLD|DGY|LLJ|CWB|AGL|RHL|PRT|FLN|SHT|CTR|HSB|FRD|RUN|ALE|EDG|LIV
SP002833,6,7,DON,SHF,DON|CNS|MEX|SWN|RMC|MHS|SHF
SP002834,1,50,HRH,PBO,HRH|LVN|FGT|IFI|CRW|TBD|GTW|HOR|SAF|ELD|RDH|MHM|CDS|XJS|PUR|PUO|SCY|ECR|NWD|PNW|SYD|HPA|BCY|NXG|XLJ|XSU|XMK|BFR|ZFD|SPL|XKB|FPK|HGY|HRN|AAP|BOP|PAL|GPK|ENC|GDH|HFN|SVG|HIT|ARL|BIW|SDY|SNO|HUN|XHO|PBO
SP002835,1,14,SHR,LIV,SHR|GOB|CRK|RUA|WRX|CTR|HSB|FRD|RUN|ALE|WSA|MSH|EDG|LIV
SP002836,1,18,SEV,XVJ,SEV|BBL|XOT|OTF|SEH|EYN|SAY|SMY|XMU|XLY|BKL|BMS|SRT|BKJ|KTH|HNH|BRX|XVJ
SP002837,12,5,XAA,BWK,XAA|MLS|EAS|DUU|BWK
SP002838,12,5,BWK,XAA,BWK|DUU|EAS|MLS|XAA
SP002839,2,30,HHD,MIA,HHD|VAL|LPG|BNG|LLF|PMW|CNW|LLJ|CWB|AGL|RHL|PRT|FLN|SHT|CTR|HSB|FRD|RUE|WBQ|ERL|NLW|ECC|DGT|MCO|MAN|BNA|EDY|GTY|HDG|MIA
SP002840,2,35,HHD,BHI,HHD|VAL|RHO|TYC|BOR|LPG|BNG|PMW|LLJ|CWB|AGL|RHL|PRT|FLN|SHT|CTR|WRX|RUA|CRK|GOB|SHR|XSY|WLN|TFC|XMD|COS|WVH|DDP|SAD|XGJ|XOS|BHM|XOZ|SCF|BHI
SP002841,1,45,BTN,BDM,BTN|PRP|HSK|BUG|XKM|WVF|HHE|BAB|TBD|GTW|HOR|SAF|ELD|RDH|XJS|PUR|PUO|SCY|ECR|SYD|HPA|BCY|NXG|XLJ|XSU|XMK|BFR|ZFD|SPL|KTN|WHP|CRI|BCZ|HEN|MIL|ELS|RDT|SAC|HPD|LTN|LUT|LEA|HLN|FLT|BDM
SP002842,53,2,XLB,LDS,XLB|LDS
SP002843,34,3,CRE,WRX,CRE|CTR|WRX
SP002844,8,8,LDS,HGT,LDS|BUY|HDY|HRS|WET|PNL|HBP|HGT
SP002845,2,4,LDS,HRS,LDS|BUY|HDY|HRS
SP002846,2,10,LDS,KNA,LDS|BUY|HDY|HRS|WET|PNL|HBP|HGT|SBE|KNA
SP002847,2,6,CTR,SHR,CTR|WRX|RUA|CRK|GOB|SHR
SP002848,38,12,SLB,DAR,SLB|MSK|LGK|RCE|RCC|SBK|MBR|TBY|EAG|ALW|DND|DAR
SP002849,32,16,BIA,SLB,BIA|SHD|NAY|HEI|NRD|DAR|DND|ALW|EAG|TBY|MBR|RCC|RCE|LGK|MSK|SLB
SP002850,1,47,BDM,BTN,BDM|FLT|HLN|LEA|LUT|LTN|HPD|SAC|RDT|ELS|MIL|HEN|BCZ|CRI|WHP|KTN|SPL|CTK|BFR|XMK|XSU|XLJ|NXG|BCY|FOH|SYD|ANZ|NWD|ECR|SCY|PUO|PUR|XJS|RDH|ELD|SAF|HOR|GTW|TBD|BAB|HHE|WVF|XKM|BUG|HSK|PRP|BTN
SP002851,4,9,BAN,DID,BAN|KGS|XAN|HYD|OXF|RAD|CUM|APF|DID
SP002852,18,8,BAN,DID,BAN|KGS|XAN|HYD|OXF|RAD|CUM|DID
SP002853,2,5,BAN,OXF,BAN|KGS|XAN|HYD|OXF
SP002854,2,10,EDB,NCL,EDB|PST|DRM|DUN|RSN|BWK|ALM|MPT|CRM|NCL
SP002855,57,2,LDS,XLB,LDS|XLB
SP002856,1,38,CRE,MFH,CRE|NAN|WRE|WTC|PRS|WEM|YRT|SHR|CTT|CRV|LUD|LEO|HFD|AGV|PPL|CWM|NWP|CDF|PYC|BGN|PTA|NTH|SKE|LAS|SWA|GWN|LLE|PBY|KWL|FYS|XCI|CMN|WTL|CUW|CLR|HVF|JOH|MFH
SP002857,4,41,MAN,MFH,MAN|SPT|CHU|WML|ALD|CEL|SDB|CRE|NAN|WRE|WTC|PRS|WEM|SHR|CTT|CRV|LUD|LEO|HFD|AGV|CWM|NWP|CDF|PYC|BGN|PTA|NTH|SWA|GWN|LLE|PBY|KWL|FYS|XCI|CMN|WTL|CUW|CLR|HVF|JOH|MFH
SP002858,6,21,MAN,CDF,MAN|SPT|CHU|WML|ALD|CEL|SDB|CRE|NAN|WRE|PRS|WEM|SHR|CRV|LUD|LEO|HFD|AGV|CWM|NWP|CDF
SP002859,1,24,HHD,CDF,HHD|VAL|LPG|BNG|PMW|LLJ|CWB|AGL|RHL|PRT|FLN|SHT|CTR|WRX|GOB|SHR|CTT|CRV|LUD|LEO|HFD|AGV|NWP|CDF
SP002860,2,22,CDF,MAN,CDF|NWP|CWM|PPL|AGV|HFD|LEO|LUD|CRV|SHR|WEM|PRS|WRE|NAN|CRE|SDB|CEL|ALD|WML|CHU|SPT|MAN
SP002861,8,30,PMD,CDF,PMD|PMB|LAM|MRB|PNA|TEN|SDF|KGT|NAR|WTL|CMN|XCI|FYS|KWL|PBY|LLE|GWN|SWA|LAS|SKE|NTH|BNF|BAJ|PTA|PYL|BGN|PCD|LLR|PYC|CDF
SP002862,10,13,WRX,BID,WRX|GWE|CYB|CGW|HPE|PNF|BCK|HWD|HWB|NES|HSW|UPT|BID
SP002863,2,9,NCL,HEX,NCL|MCE|BLO|WYM|PRU|SKS|RDM|CRB|HEX
SP002864,1,26,HFD,PAD,HFD|LED|CWL|XMN|GMV|MVL|XHK|WOF|WOS|WPH|PSH|EVE|HYB|MIM|KGM|AUW|CBY|HND|OXF|GOR|RDG|TWY|MAI|SLO|STL|PAD
SP002865,30,14,WXC,BID,WXC|WRX|GWE|CYB|CGW|HPE|PNF|BCK|HWD|HWB|NES|HSW|UPT|BID
SP002866,1,12,BIS,LST,BIS|HWN|BXB|CHN|BMD|TOM|XMI|HAC|LOF|CBH|BET|LST
SP002867,1,52,PNZ,PAD,PNZ|SER|CBN|RED|TRU|SAU|PAR|LOS|BOD|LSK|SGM|STS|SBF|KEY|DOC|DPT|PLY|IVY|TOT|NTA|TGM|DWL|DWW|SCS|EXT|EXD|TVP|TAU|CLC|BRU|PEW|BDW|HGD|KIT|NBY|NRC|THA|MDG|AMT|THE|RDG|TWY|MAI|TAP|BNM|SLO|HAY|STL|HAN|EAL|AML|PAD
SP002868,4,9,CBG,KLN,CBG|CMB|WBC|ELY|XYE|LTP|DOW|WTG|KLN
SP002869,1,22,SOV,LST,SOV|PRL|SIA|RFD|HOC|RLG|WIC|BIC|SNF|BRE|HRO|GDP|RMF|CTH|SVK|IFD|MNP|FOG|SRA|XOW|BET|LST
SP002870,10,13,BID,WRX,BID|UPT|HSW|NES|HWB|HWD|BCK|PNF|HPE|CGW|CYB|GWE|WRX
SP002871,32,14,BID,WXC,BID|UPT|HSW|NES|HWB|HWD|BCK|PNF|HPE|CGW|CYB|GWE|WRX|WXC
SP002872,12,20,EUS,CTR,EUS|XWI|WMB|HRW|WFJ|XOE|TRI|XOD|BLY|MKC|XHN|XWZ|RUG|NUN|XIM|XOI|XCO|STA|CRE|CTR
SP002873,34,5,OMS,PRE,OMS|BCJ|RUF|CSO|PRE
SP002874,2,11,SKI,LAN,SKI|GGV|HLD|LPR|GIG|CPY|BEN|WNN|CNF|XOA|LAN
SP002875,2,8,DEE,ABD,DEE|BYF|CAN|ARB|MTS|LAU|STN|ABD
SP002876,2,18,LDS,MCM,LDS|SHY|BIY|KEI|SON|SKI|GGV|HLD|LPR|GIG|CPY|BEN|WNN|CNF|XOA|LAN|BAR|MCM
SP002877,2,15,LDS,LAN,LDS|SHY|BIY|KEI|SKI|GGV|HLD|LPR|GIG|CPY|BEN|WNN|CNF|XOA|LAN
SP002878,1,32,CTR,BHI,CTR|CRE|NAN|WRE|WTC|PRS|WEM|YRT|SHR|XSY|WLN|TFC|XMD|COS|ALB|CSL|BBK|WVH|CSY|TIP|DDP|SAD|XGQ|XGJ|SMR|XOS|BHM|XOZ|SCF|LEH|MGN|BHI
SP002879,2,6,RYR,SHN,RYR|SAB|BDN|SAN|LKE|SHN
SP002880,48,8,RYP,SHN,RYP|RYD|RYR|SAB|BDN|SAN|LKE|SHN
SP002881,1,1,SLB,SLB,SLB
SP002882,2,9,LLJ,CRE,LLJ|CWB|AGL|RHL|PRT|FLN|SHT|CTR|CRE
SP002883,3,7,SOP,WGW,SOP|MEC|BCB|PBL|APB|GST|WGW
SP002884,151,9,LST,CHI,LST|BET|HAC|CPT|SJS|WHC|WST|HIP|CHI
SP002885,2,16,LAN,LDS,LAN|XOA|CNF|WNN|BEN|CPY|GIG|LPR|HLD|GGV|SKI|SON|KEI|BIY|SHY|LDS
SP002886,1,15,LLD,XOA,LLD|LLJ|CWB|AGL|RHL|PRT|FLN|SHT|HSB|RUE|WBQ|WGN|XOU|LAN|XOA
SP002887,2,21,STA,XFB,STA|XCO|XOI|XIM|NUN|RUG|LBK|NMP|XHN|BLU|WNO|XGY|BIT|OXP|GOR|BMY|BSK|MIC|WIN|XEW|XFB
SP002888,1,30,SHR,FGH,SHR|CTT|CRV|LUD|LEO|HFD|AGV|PPL|CWM|NWP|CDF|PYC|BGN|PTA|NTH|SKE|LAS|SWA|GWN|LLE|PBY|KWL|FYS|XCI|CMN|WTL|CUW|CLR|FGW|FGH
SP002889,2,10,LDS,SKI,LDS|KLF|SHY|SAE|BIY|CFL|KEI|SON|CEY|SKI
SP002890,2,18,LDS,CAR,LDS|SHY|BIY|KEI|SKI|GGV|HLD|SET|HIR|RHD|DNT|GSD|KSW|APP|LGW|LZB|AWT|CAR
SP002891,5,14,XVJ,DFD,XVJ|DMK|PMR|NHD|LEW|BKH|KDB|ELW|FCN|WLI|BXH|BNH|XRT|DFD
SP002892,2,11,LAN,SKI,LAN|XOA|CNF|WNN|BEN|CPY|GIG|LPR|HLD|GGV|SKI
SP002893,2,30,CDF,MAN,CDF|NWP|CWM|PPL|AGV|HFD|LEO|LUD|CRV|CTT|SHR|YRT|WEM|PRS|WTC|WRE|NAN|CRE|SDB|HCH|GTR|CEL|ALD|WML|HTH|CHU|SPT|HTC|LVM|MAN
SP002894,144,9,CHI,LST,CHI|HIP|WST|WHC|SJS|CPT|HAC|BET|LST
SP002895,4,12,WAC,MCO,WAC|PDG|BWD|GLZ|IRL|FLI|CSR|URM|HUP|TRA|DGT|MCO
SP002896,4,11,WAC,MCO,WAC|PDG|BWD|IRL|FLI|CSR|URM|HUP|TRA|DGT|MCO
SP002897,2,9,WAC,MCO,WAC|BWD|IRL|FLI|URM|HUP|TRA|DGT|MCO
SP002898,6,8,WAC,MCO,WAC|PDG|BWD|IRL|FLI|URM|DGT|MCO
SP002899,2,16,GLM,DVP,GLM|RAI|NGT|SIT|TEY|FAV|SEG|CBE|BKS|ADM|AYH|SWO|SPH|KSN|XUK|DVP
SP002900,12,16,CST,DFD,CST|XKE|DEP|GNW|MZH|WCB|CTN|WWD|WWA|PLU|ABW|BVD|ERH|SGR|XRT|DFD
SP002901,2,22,MCO,LIV,MCO|DGT|TRA|HUP|URM|CSR|FLI|IRL|GLZ|BWD|PDG|WAC|WAW|WID|HGN|HED|HNX|ALE|WSA|MSH|EDG|LIV
SP002902,2,33,CDF,HHD,CDF|NWP|CWM|PPL|AGV|HFD|LEO|LUD|CRV|CTT|SHR|GOB|CRK|RUA|WRX|CTR|SHT|FLN|PRT|RHL|AGL|CWB|LLJ|CNW|PMW|LLF|BNG|LPG|BOR|TYC|RHO|VAL|HHD
SP002903,2,18,MCO,LIV,MCO|DGT|TRA|URM|FLI|IRL|GLZ|BWD|PDG|WAC|WAW|HGN|HNX|ALE|WSA|MSH|EDG|LIV
SP002904,1,35,KLN,KGX,KLN|WTG|DOW|LTP|XYE|ELY|WBC|CMB|CBG|CMS|XSP|FXN|STH|MEL|RYS|AWM|BDK|LET|HIT|SVG|KBW|XGN|WGC|HAT|BPK|PBR|HDW|OKL|NSG|AAP|HRN|HGY|FPK|XKB|KGX
SP002905,2,18,MCO,LIV,MCO|DGT|URM|FLI|IRL|GLZ|BWD|PDG|WAC|WAW|WID|HGN|HNX|ALE|WSA|MSH|EDG|LIV
SP002906,2,19,MCO,LIV,MCO|DGT|TRA|HUP|URM|CSR|FLI|IRL|BWD|PDG|WAC|WAW|HGN|HNX|ALE|WSA|MSH|EDG|LIV
SP002907,2,14,PUR,XSU,PUR|PUO|SCY|ECR|NWD|ANZ|PNW|SYD|FOH|HPA|BCY|NXG|XLJ|XSU
SP002908,2,16,MCO,LIV,MCO|DGT|URM|FLI|IRL|BWD|PDG|WAC|WAW|HGN|HNX|ALE|WSA|MSH|EDG|LIV
SP002909,68,17,XVJ,GRV,XVJ|DMK|PMR|NHD|LEW|BKH|KDB|ELW|FCN|WLI|BXH|BNH|XRT|DFD|GNH|XSR|GRV
SP002910,2,15,CST,TBW,CST|XKE|NWX|SAJ|XPY|HGR|GRP|CIT|XPE|ORP|SEV|HLB|TON|HIB|TBW
SP002911,10,18,MCO,LIV,MCO|DGT|URM|CSR|FLI|IRL|GLZ|BWD|PDG|WAC|WAW|HGN|HNX|ALE|WSA|MSH|EDG|LIV
SP002912,12,18,MCO,LIV,MCO|DGT|TRA|HUP|URM|FLI|IRL|BWD|PDG|WAC|WAW|HGN|HNX|ALE|WSA|MSH|EDG|LIV
SP002913,2,4,ACC,KWG,ACC|SAT|GUN|KWG
SP002914,3,25,KGX,KLN,KGX|XKB|FPK|AAP|PBR|WGC|XGN|SVG|HIT|LET|BDK|AWM|RYS|FXN|XSP|CMS|CBG|CMB|WBC|ELY|XYE|LTP|DOW|WTG|KLN
SP002915,1,19,TBW,CST,TBW|HIB|TON|HLB|SEV|DNG|KCK|CLD|ORP|XPE|CIT|ESD|GRP|HGR|XPY|SAJ|NWX|XKE|CST
SP002916,2,20,MCO,LIV,MCO|DGT|TRA|HUP|URM|CSR|FLI|IRL|GLZ|BWD|PDG|WAC|WID|HGN|HNX|ALE|WSA|MSH|EDG|LIV
SP002917,32,25,SPX,MAR,SPX|XXY|XXR|SDI|XXQ|XXH|XXU|XXJ|EBF|XXI|XXO|XXL|XXG|XXK|XIW|AFK|WYE|CBW|STU|MSR|XMF|THP|RAM|BSR|MAR
SP002918,12,18,LIV,MCO,LIV|EDG|MSH|WSA|ALE|HNX|HGN|WAW|WAC|PDG|BWD|GLZ|IRL|FLI|CSR|URM|DGT|MCO
SP002919,2,3,RYP,RYR,RYP|RYD|RYR
SP002920,2,19,LIV,MCO,LIV|EDG|MSH|ALE|HNX|HGN|WAW|WAC|PDG|BWD|GLZ|IRL|FLI|CSR|URM|HUP|TRA|DGT|MCO
SP002921,1,34,PAD,SWA,PAD|AML|HAN|STL|HAY|WDT|IVR|LNY|SLO|BNM|TAP|MAI|TWY|RDG|TLH|GOR|CHO|DID|SWI|BPW|PWY|PIL|STJ|NWP|CDF|CAD|BRY|LWM|BGN|PTA|NTH|SKE|LAS|SWA
SP002922,2,3,RYR,RYP,RYR|RYD|RYP
SP002923,2,18,LIV,MCO,LIV|EDG|MSH|WSA|ALE|HNX|HGN|WID|WAC|PDG|BWD|IRL|FLI|URM|HUP|TRA|DGT|MCO
SP002924,2,17,NCL,CAR,NCL|DOT|MCE|BLO|WYM|PRU|SKS|RDM|CRB|HEX|HDB|BLL|HWH|XRL|BMP|WRL|CAR
SP002925,48,8,SHN,RYP,SHN|LKE|SAN|BDN|SAB|RYR|RYD|RYP
SP002926,10,18,LIV,MCO,LIV|EDG|MSH|WSA|ALE|HNX|HGN|WAW|WAC|PDG|BWD|IRL|FLI|URM|HUP|TRA|DGT|MCO
SP002927,2,20,LIV,MCO,LIV|EDG|MSH|WSA|ALE|HNX|HGN|WAW|WAC|PDG|BWD|GLZ|IRL|FLI|CSR|URM|HUP|TRA|DGT|MCO
SP002928,2,6,PRU,NCL,PRU|WYM|BLO|MCE|DOT|NCL
SP002929,2,22,CAR,HPL,CAR|WRL|BMP|XRL|HWH|BLL|HDB|HEX|CRB|RDM|SKS|PRU|WYM|BLO|MCE|NCL|HEW|BNR|SUN|SEA|HRE|HPL
SP002930,2,15,BRI,BHM,BRI|FIT|BPW|YAE|CNM|ASC|XAY|XSW|BMV|BTG|LOB|KNN|SLY|FWY|BHM
SP002931,3,15,DFD,CHX,DFD|XRT|SGR|ERH|BVD|ABW|PLU|WWA|WWD|CTN|BKH|LEW|NWX|WAE|CHX
SP002932,2,15,BTN,HGS,BTN|FMR|LWS|XRH|PLG|XIL|HMD|EBN|HMD|XIL|PEV|BEX|XOP|SLQ|HGS
SP002933,2,8,RET,SHF,RET|WRK|SRO|KVP|KIV|WDH|DAN|SHF
SP002934,6,11,SHF,LCN,SHF|DAN|WDH|KIV|KVP|SRO|WRK|XRO|GBL|SXY|LCN
SP002935,2,7,SHF,WRK,SHF|DAN|WDH|KIV|KVP|SRO|WRK
SP002936,2,7,WRK,SHF,WRK|SRO|KVP|KIV|WDH|DAN|SHF
SP002937,1,11,ORP,XVJ,ORP|XPE|XLY|BKL|BMS|SRT|RVB|BEC|BGM|DMK|XVJ
SP002938,16,7,DON,SCU,DON|KKS|HFS|TNS|CWE|ALP|SCU
SP002939,2,6,SHN,RYR,SHN|LKE|SAN|BDN|SAB|RYR
SP002940,1,42,KGX,EDB,KGX|XKB|FPK|HRN|AAP|NSG|NBA|HDW|PBR|BPK|HAT|WGC|XGN|KBW|SVG|HIT|ARL|BIW|SDY|SNO|HUN|XHO|PBO|GRA|NNG|XNK|RET|DON|YRK|THI|NTR|DAR|DHM|NCL|MPT|ALM|BWK|RSN|DUN|DRM|PST|EDB
SP002941,10,21,GRV,CHX,GRV|XSR|NFL|SWM|GNH|SCG|DFD|XRT|CRY|BXY|AYP|SID|NEH|MTG|LEE|HGR|XPY|LEW|NWX|WAE|CHX
SP002942,6,31,EDB,KGX,EDB|PST|DRM|DUN|RSN|BWK|ALM|MPT|NCL|DHM|NTR|THI|YRK|DON|RET|XNK|NNG|GRA|PBO|HUN|SDY|BIW|HIT|SVG|XGN|WGC|PBR|AAP|FPK|XKB|KGX
SP002943,6,19,BOG,BTN,BOG|BAA|FOD|LIT|XXA|ANG|GBS|DUR|WWO|WRH|EWR|LAC|SSE|SWK|FSG|PLD|AGT|HOV|BTN
SP002944,2,22,BMH,NEM,BMH|POK|CHR|HNA|NWM|SWY|BCU|ANF|TTN|RDB|SOU|SDN|SOA|ESL|XEW|WIN|MIC|BSK|FNB|WOK|SUR|NEM
SP002945,2,12,RCD,LDS,RCD|SMB|LTL|WDN|TOD|HBD|HFX|LMR|BDI|NPD|BLE|LDS
SP002946,1,20,OBN,GLQ,OBN|CON|TAY|LHA|DAL|TYL|CNR|AUI|ART|GCH|HLU|CDR|DLR|DBC|DMR|SIN|WES|MYH|PPK|GLQ
SP002947,2,12,SCU,SHF,SCU|ALP|CWE|TNS|HFS|KKS|DON|MEX|SWN|RMC|MHS|SHF
SP002948,2,21,NRW,DBY,NRW|WMD|ATL|TTF|BND|XYE|ELY|XYE|MNE|MCH|WLE|PBO|GRA|ALK|BIN|RDF|NOT|XTR|LGE|SPO|DBY
SP002949,2,3,DON,AWK,DON|BYK|AWK
SP002950,1,15,MAN,CRE,MAN|MAU|BNA|EDY|GTY|HDG|MIA|SYA|WML|ALD|CEL|GTR|HCH|SDB|CRE
SP002951,2,9,NMC,MAN,NMC|MPL|RML|BDY|BNT|RDN|RRB|ABY|MAN
SP002952,74,16,SEV,CHX,SEV|DNG|KCK|CLD|ORP|PET|XPE|CIT|ESD|GRP|HGR|XPY|LEW|NWX|WAE|CHX
SP002953,2,32,KGX,EDB,KGX|XKB|FPK|AAP|PBR|WGC|XGN|SVG|HIT|BIW|SDY|HUN|XHO|PBO|GRA|NNG|XNK|RET|DON|THI|NTR|DAR|DHM|NCL|MPT|ALM|BWK|RSN|DUN|DRM|PST|EDB
SP002954,2,8,PAD,HWV,PAD|AML|EAL|HAN|STL|HAY|HXX|HWV
SP002955,7,10,BPS,PRE,BPS|BPB|SQU|SAS|AFV|LTM|MOS|KKM|SLW|PRE
SP002956,2,16,CDF,RHY,CDF|CDQ|HHL|LLS|LVT|CPH|ABE|LNB|YSM|HNG|PGM|BGD|BHD|TIR|PLT|RHY
SP002957,2,25,HEX,NNT,HEX|CRB|RDM|SKS|PRU|WYM|BLO|MCE|DOT|NCL|HEW|BNR|SUN|SEA|HRE|HPL|SEC|BIL|STK|TBY|MBR|JCH|MTO|GYP|NNT
SP002958,2,32,EDB,KGX,EDB|PST|DRM|DUN|RSN|BWK|ALM|MPT|NCL|DHM|DAR|NTR|THI|YRK|DON|RET|XNK|NNG|GRA|PBO|HUN|SDY|BIW|HIT|SVG|HFN|GDH|BOP|AAP|FPK|XKB|KGX
SP002959,2,13,RUT,DMR,RUT|AGS|GCL|AND|EXG|PTK|HYN|JOR|SCH|GRS|YOK|CYK|DMR
SP002960,1,22,KGX,LDS,KGX|XKB|FPK|AAP|BOP|GDH|HFN|SVG|HIT|BIW|SDY|HUN|XHO|PBO|GRA|NNG|XNK|RET|DON|AWK|WKF|LDS
SP002961,6,10,PRE,BPS,PRE|SLW|KKM|MOS|LTM|AFV|SAS|SQU|BPB|BPS
SP002962,134,18,ABX,HAF,ABX|WWC|CUS|CWX|WHX|LSX|FDX|TCR|BDS|PDX|AML|EAL|WEA|HAN|STL|HAY|HXX|HAF
SP002963,2,10,HYS,LEW,HYS|WWI|EDN|ELE|CLK|NBC|LSY|CFB|LAD|LEW
SP002964,2,18,MAN,SHF,MAN|ABY|BLV|RRB|RDN|BNT|BDY|RML|MPL|NMC|CLY|EDL|HOP|BAM|HSG|GRN|DOR|SHF
SP002965,24,24,BAL,PMH,BAL|SRS|ECR|PUR|XJS|ELD|GTW|TBD|CRW|LVN|HRH|BIG|PUL|XXA|FOD|BAA|CCH|SOB|EMS|HAV|HLS|FTN|PMS|PMH
SP002966,1,8,PAD,HAF,PAD|AML|EAL|HAN|STL|HAY|HXX|HAF
SP002967,2,9,PMH,BOG,PMH|PMS|FTN|HAV|EMS|SOB|CCH|BAA|BOG
SP002968,32,18,PMH,HRH,PMH|PMS|FTN|HLS|HAV|WBL|EMS|SOB|NUT|BOH|FSB|CCH|BAA|FOD|XXA|PUL|BIG|HRH
SP002969,2,15,CHX,DFD,CHX|WAE|NWX|LEW|BKH|CTN|WWD|WWA|PLU|ABW|BVD|ERH|SGR|XRT|DFD
SP002970,28,2,WMS,RTY,WMS|RTY
SP002971,6,22,ORP,KTN,ORP|PET|XPE|XLY|BKL|BMS|SRT|RVB|BEC|BGM|CTF|CFT|NHD|PMR|DMK|LGJ|EPH|BFR|CTK|ZFD|SPL|KTN
SP002972,28,2,RTY,WMS,RTY|WMS
SP002973,2,16,KGX,HFN,KGX|XKB|FPK|HGY|HRN|AAP|BOP|PAL|WIH|GPK|ENC|GDH|CWH|CUF|BAY|HFN
SP002974,72,3,LAR,LAR,LAR|CUL|LAR
SP002975,1,29,PAD,GMV,PAD|AML|HAN|STL|HAY|WDT|LNY|SLO|BNM|TAP|MAI|TWY|RDG|GOR|OXF|HND|CBY|AUW|KGM|MIM|HYB|EVE|PSH|WPH|WOS|WOF|XHK|MVL|GMV
SP002976,2,21,CHX,CBW,CHX|WAE|NWX|XPY|HGR|GRP|CIT|XPE|ORP|SEV|TON|PDW|MRN|SPU|HCN|PLC|AFK|WYE|CIL|CRT|CBW
SP002977,2,23,KID,SAV,KID|BKD|HAG|SBJ|CRA|ROW|SMW|SGB|THW|JEQ|BSW|BMO|SMA|XOH|TYS|ACG|OLT|SOL|WMR|DDG|LPW|STY|SAV
SP002978,1,17,MAN,YRK,MAN|ABY|GUI|SYB|GNF|MSN|HUD|MIR|DEW|BTL|MLY|COT|LDS|CRG|MIK|CHF|YRK
SP002979,70,16,CHX,SEV,CHX|WAE|NWX|LEW|XPY|HGR|GRP|ESD|CIT|XPE|PET|ORP|CLD|KCK|DNG|SEV
SP002980,2,27,BAL,PMS,BAL|SRS|ECR|PUR|XJS|ELD|GTW|TBD|CRW|LVN|HRH|BIG|PUL|XXA|FOD|BAA|CCH|FSB|BOH|NUT|SOB|EMS|WBL|HAV|HLS|FTN|PMS
SP002981,1,40,BDM,BTN,BDM|WIX|FLT|HLN|LEA|LUT|LTN|HPD|SAC|HEN|BCZ|CRI|WHP|KTN|SPL|ZFD|CTK|BFR|XMK|XLJ|NXG|SYD|NWD|ECR|PUR|XJS|CDS|MHM|RDH|ELD|GTW|TBD|BAB|HHE|WVF|XKM|BUG|HSK|PRP|BTN
SP002982,5,9,PAD,HAF,PAD|AML|EAL|WEA|HAN|STL|HAY|HXX|HAF
SP002983,2,27,BAL,PMH,BAL|SRS|ECR|PUR|XJS|ELD|GTW|TBD|CRW|LVN|HRH|BIG|PUL|XXA|FOD|BAA|CCH|FSB|BOH|NUT|SOB|EMS|HAV|HLS|FTN|PMS|PMH
SP002984,2,9,AAP,MOG,AAP|HRN|HGY|FPK|DYP|HHY|EXR|OLD|MOG
SP002985,1,22,DVP,CHX,DVP|FKC|FKW|XSI|SDG|WHA|AFK|HCN|SPU|MRN|PDW|TON|SEV|ORP|XPE|CIT|GRP|HGR|XPY|NWX|WAE|CHX
SP002986,2,26,BAL,PMS,BAL|SRS|ECR|PUR|XJS|ELD|GTW|TBD|CRW|LVN|HRH|BIG|PUL|XXA|FOD|BAA|CCH|FSB|BOH|NUT|SOB|EMS|WBL|HAV|FTN|PMS
SP002987,4,18,ORP,BFR,ORP|PET|XPE|XLY|BKL|BMS|SRT|RVB|BEC|BGM|CTF|CFT|NHD|PMR|DMK|LGJ|EPH|BFR
SP002988,2,6,NRW,GYM,NRW|XWH|BDA|CNY|REE|GYM
SP002989,30,14,GLC,ADS,GLC|PYG|JHN|MIN|HOZ|LHW|GLG|DLY|KWN|STV|SLT|ASB|ADN|ADS
SP002990,2,21,SCA,SHF,SCA|SEM|FIL|HUB|BEM|BDT|NFN|DRF|HUT|BEV|CGM|HUL|BUH|GBD|GOO|HFS|KKS|DON|MEX|MHS|SHF
SP002991,2,29,BAL,ORE,BAL|SRS|ECR|PUR|XJS|ELD|GTW|TBD|HHE|WVF|XKM|PMP|CBR|LWS|XRH|PLG|XIL|HMD|EBN|HMD|XIL|PEV|COB|CLL|BEX|XOP|SLQ|HGS|ORE
SP002992,4,28,BAL,ORE,BAL|SRS|ECR|PUR|XJS|ELD|GTW|TBD|HHE|WVF|XKM|PMP|LWS|XRH|PLG|XIL|HMD|EBN|HMD|XIL|PEV|COB|CLL|BEX|XOP|SLQ|HGS|ORE
SP002993,2,29,HGS,BAL,HGS|SLQ|XOP|BEX|CLL|COB|PEV|XIL|HMD|EBN|HMD|XIL|PLG|BRK|GLY|XRH|LWS|CBR|XKM|WVF|HHE|TBD|GTW|ELD|XJS|PUR|ECR|SRS|BAL
SP002994,2,23,STP,DBY,STP|KTN|WHP|CRI|HEN|SAC|LTN|LUT|FLT|BDM|WEL|KET|COR|XMJ|OKM|MMO|LEI|LBO|EMD|XTG|LGE|SPO|DBY
SP002995,18,29,BAL,ORE,BAL|SRS|ECR|PUR|XJS|ELD|GTW|TBD|HHE|WVF|XKM|PMP|LWS|XRH|PLG|XIL|HMD|EBN|HMD|XIL|PEV|NSB|COB|CLL|BEX|XOP|SLQ|HGS|ORE
SP002996,2,29,ORE,BAL,ORE|HGS|SLQ|XOP|BEX|CLL|COB|PEV|XIL|HMD|EBN|HMD|XIL|PLG|XRH|LWS|CBR|PMP|XKM|WVF|HHE|TBD|GTW|ELD|XJS|PUR|ECR|SRS|BAL
SP002997,36,10,CAR,WTH,CAR|DLS|WGT|ASP|MRY|FLM|WKG|HRR|PRN|WTH
SP002998,1,32,HLC,EDB,HLC|CGD|CDR|DLR|DBC|DBE|DMR|CYK|YOK|GRS|SCH|HYN|PTK|CHC|GQL|HST|BLG|CAY|SLS|GAR|EST|BAI|CBS|COA|ADR|DRU|BHG|LSN|UHA|EDP|HYM|EDB
SP002999,2,16,ABX,HAY,ABX|WWC|CUS|CWX|WHX|LSX|FDX|TCR|BDS|PDX|AML|EAL|WEA|HAN|STL|HAY
SP003000,2,29,ORE,BAK,ORE|HGS|SLQ|XOP|BEX|CLL|COB|PEV|XIL|HMD|EBN|HMD|XIL|PLG|XRH|LWS|PMP|XKM|WVF|HHE|TBD|GTW|ELD|XJS|PUR|ECR|SRS|BAL|BAK
SP003001,28,26,DMR,CUB,DMR|CYK|YOK|GRS|SCH|JOR|HYN|PTK|EXG|AND|GCL|AGS|BDG|DAK|RUT|CBL|NTN|BLT|HNW|HNC|AIR|MTH|WFF|CBC|GRL|CUB
SP003002,34,10,WTH,CAR,WTH|PRN|HRR|WKG|FLM|MRY|ASP|WGT|DLS|CAR
SP003003,28,22,DMR,MTH,DMR|CYK|YOK|GRS|SCH|JOR|HYN|PTK|EXG|AND|GCL|AGS|BDG|DAK|RUT|CBL|NTN|BLT|HNW|HNC|AIR|MTH
SP003004,1,22,XYA,XFD,XYA|REE|CNY|BDA|XWH|DIS|SMK|IPS|MNG|COL|MKT|WTM|BPA|CHM|SNF|GDP|IFD|SRA|XJC|FPK|HGY|XFD
SP003005,2,8,CLT,COL,CLT|TLS|WEE|GRB|ALR|WIV|HYH|COL
SP003006,6,30,BAL,ORE,BAL|SRS|ECR|PUR|XJS|ELD|GTW|TBD|HHE|WVF|XKM|PMP|LWS|XRH|PLG|XIL|HMD|EBN|HMD|XIL|PEV|PEB|NSB|COB|CLL|BEX|XOP|SLQ|HGS|ORE
SP003007,10,9,BKJ,BFR,BKJ|KTH|PNE|SYH|WDU|HNH|LGJ|EPH|BFR
SP003008,4,25,MLN,CUB,MLN|HLF|BRN|WES|ANL|HYN|PTK|EXG|AND|GCL|AGS|BDG|DAK|RUT|CBL|NTN|BLT|HNW|HNC|AIR|MTH|WFF|CBC|GRL|CUB
SP003009,1,19,HYN,BHG,HYN|PTK|CHC|GQL|HST|BLG|CAY|SLS|GAR|EST|BAI|CBS|COA|ADR|DRU|CAC|BKR|ARM|BHG
SP003010,64,17,GRV,XVJ,GRV|XSR|GNH|DFD|XRT|BNH|BXH|WLI|FCN|ELW|KDB|BKH|LEW|NHD|PMR|DMK|XVJ
SP003011,10,22,LRH,MLN,LRH|MEY|CTE|HNC|HNW|BLT|NTN|CBL|RUT|DAK|BDG|AGS|GCL|AND|EXG|PTK|HYN|ANL|WES|BRN|HLF|MLN
SP003012,8,14,DFD,XVJ,DFD|XRT|BNH|BXH|WLI|FCN|ELW|KDB|BKH|LEW|NHD|PMR|DMK|XVJ
SP003013,2,15,SRA,HAF,SRA|WHX|LSX|FDX|TCR|BDS|PDX|AML|EAL|WEA|HAN|STL|HAY|HXX|HAF
SP003014,2,28,BAL,HGS,BAL|SRS|ECR|PUR|XJS|ELD|GTW|TBD|HHE|WVF|XKM|PMP|LWS|XRH|PLG|XIL|HMD|EBN|HMD|XIL|PEV|NSB|COB|CLL|BEX|XOP|SLQ|HGS
SP003015,4,6,BIF,MLM,BIF|ASK|KBF|FOX|GNR|MLM
SP003016,34,3,LAN,MCM,LAN|BAR|MCM
SP003017,2,24,GDP,HAF,GDP|RMF|CTH|GMY|SVK|IFD|MNP|FOG|MYL|SRA|WHX|LSX|FDX|TCR|BDS|PDX|AML|EAL|WEA|HAN|STL|HAY|HXX|HAF
SP003018,1,16,LET,KGX,LET|HIT|SVG|HFN|GDH|ENC|GPK|WIH|PAL|BOP|AAP|HRN|HGY|FPK|XKB|KGX
SP003019,4,30,SUO,BDM,SUO|CSH|HCB|MIJ|MTC|STE|TUH|HNH|LGJ|EPH|BFR|CTK|ZFD|SPL|KTN|WHP|CRI|BCZ|HEN|MIL|ELS|RDT|SAC|HPD|LTN|LUT|LEA|HLN|FLT|BDM
SP003020,7,31,LUT,SUO,LUT|LTN|HPD|SAC|RDT|ELS|MIL|HEN|BCZ|CRI|WHP|KTN|SPL|ZFD|CTK|BFR|EPH|LGJ|HNH|TUH|STE|TOO|HYR|WIM|WBO|SMO|MDS|SIH|SUC|WSU|SUO
SP003021,18,8,SHR,CRE,SHR|YRT|WEM|PRS|WTC|WRE|NAN|CRE
SP003022,2,4,LAN,HHB,LAN|BAR|MCM|HHB
SP003023,4,10,BHM,CRE,BHM|XOS|XGJ|XGQ|DDP|WVH|XBJ|PKG|STA|CRE
SP003024,2,12,ORP,CHX,ORP|PET|XPE|CIT|ESD|GRP|HGR|XPY|LEW|NWX|WAE|CHX
SP003025,2,19,CBG,KGX,CBG|CMS|XSP|FXN|STH|MEL|RYS|AWM|BDK|LET|HIT|SVG|HFN|GDH|BOP|AAP|FPK|XKB|KGX
SP003026,2,25,BAL,LIT,BAL|SRS|ECR|PUR|XJS|ELD|GTW|TBD|HHE|XKM|BUG|HSK|PRP|HOV|PLD|SSE|LAC|EWR|WRH|WWO|DUR|GBS|ANG|XXA|LIT
SP003027,6,23,ORP,WHP,ORP|PET|XPE|XLY|BKL|BMS|SRT|RVB|BEC|BGM|CTF|CFT|NHD|PMR|DMK|LGJ|EPH|BFR|CTK|ZFD|SPL|KTN|WHP
SP003028,1,23,WVH,GLC,WVH|XBJ|PKG|STA|CRE|WSF|ACB|XYJ|WBQ|WGN|EBA|XOU|PRE|LAN|XOA|OXN|XIT|PNR|CAR|XGS|LOC|WSH|GLC
SP003029,4,25,LIT,BAL,LIT|XXA|ANG|GBS|DUR|WWO|WRH|EWR|LAC|SSE|PLD|HOV|PRP|HSK|BUG|XKM|HHE|TBD|GTW|ELD|XJS|PUR|ECR|SRS|BAL
SP003030,2,15,KGX,WGC,KGX|XKB|FPK|HGY|HRN|AAP|NSG|OKL|NBA|HDW|PBR|BPK|WMG|HAT|WGC
SP003031,1,28,EUS,MAN,EUS|XWI|WMB|HRW|WFJ|XOE|TRI|XOD|BLY|MKC|XHN|XWZ|RUG|NUN|XIM|XOI|XCO|SNE|SOT|KDG|ASG|CRE|SDB|CEL|ALD|WML|HDG|MAN
SP003032,2,17,BAK,HRH,BAK|BAL|MTC|MIJ|HCB|CSH|SUO|CHE|EPS|AHD|LHD|BXW|DKG|HLM|OLY|WNH|HRH
SP003033,1,18,EPS,XSU,EPS|EWE|CHE|SUO|CSB|WLT|WDO|WCY|XGU|NWD|PNW|SYD|FOH|HPA|BCY|NXG|XLJ|XSU
SP003034,1,42,TBD,BDM,TBD|GTW|SAF|ELD|RDH|XJS|PUR|PUO|SCY|ECR|NWD|ANZ|PNW|SYD|FOH|HPA|BCY|NXG|XLJ|XSU|XMK|BFR|CTK|ZFD|SPL|KTN|WHP|CRI|BCZ|HEN|MIL|ELS|RDT|SAC|HPD|LTN|LUT|LEA|HLN|FLT|WIX|BDM
SP003035,2,19,PMH,NEM,PMH|PMS|FTN|HLS|CSA|PTC|FRM|BOE|HDE|ESL|XEW|SHW|WIN|MIC|BSK|FNB|WOK|SUR|NEM
SP003036,2,28,EUS,BHM,EUS|XWI|WMB|HRW|WFJ|XOE|TRI|XOD|LBZ|BLY|MKC|WOL|XHN|NMP|LBK|RUG|COV|CNL|THL|BKW|HIA|BHI|MGN|LEH|SCF|ADD|XOZ|BHM
SP003037,2,41,TBD,BDM,TBD|GTW|HOR|SAF|ELD|RDH|XJS|PUR|PUO|SCY|ECR|NWD|ANZ|PNW|SYD|FOH|HPA|BCY|NXG|XLJ|XSU|XMK|BFR|ZFD|SPL|KTN|WHP|CRI|BCZ|HEN|MIL|ELS|RDT|SAC|HPD|LTN|LUT|LEA|HLN|FLT|BDM
SP003038,2,17,PMH,NEM,PMH|PMS|FTN|HAV|PTR|LIS|LIP|HSL|WTY|MLF|GOD|FNC|GLD|WPL|WOK|SUR|NEM
SP003039,2,13,CRE,NMP,CRE|STA|XCO|RGL|XOI|LTV|TAM|XIM|ATH|NUN|RUG|LBK|NMP
SP003040,1,33,BDM,TBD,BDM|FLT|HLN|LEA|LUT|LTN|HPD|SAC|RDT|ELS|MIL|HEN|BCZ|CRI|WHP|KTN|SPL|ZFD|CTK|BFR|XMK|XSU|XLJ|NXG|SYD|ECR|PUR|XJS|RDH|ELD|HOR|GTW|TBD
SP003041,1,17,SCA,MAN,SCA|SEM|MLT|YRK|CHF|MIK|CRG|LDS|MLY|DEW|HUD|MSN|GNF|SYB|GUI|ABY|MAN
SP003042,1,32,NCL,LIV,NCL|CLS|DHM|DAR|NTR|THI|YRK|CHF|MIK|CRG|LDS|MLY|DEW|HUD|MSN|GNF|SYB|GUI|ABY|MAN|MCO|DGT|ECC|NLW|ERL|SHJ|LEG|RNH|HUY|ROB|EDG|LIV
SP003043,2,13,LCN,NOT,LCN|HKM|SWD|CLM|NNG|XNK|NCT|FSK|BSB|LOW|BUJ|CTO|NOT
SP003044,1,11,MIA,SHF,MIA|HDG|MAN|ABY|GUI|SYB|GNF|MSN|MRP|SWN|SHF
SP003045,2,11,LCN,NOT,LCN|HKM|SWD|CLM|XNK|NCT|FSK|LOW|BUJ|CTO|NOT
SP003046,2,27,BHM,EUS,BHM|XOZ|SCF|BHI|HIA|BKW|THL|CNL|COV|RUG|LBK|NMP|XHN|WOL|MKC|BLY|LBZ|XOD|TRI|BKM|XOE|HML|WFJ|HRW|WMB|XWI|EUS
SP003047,2,27,CRE,LCN,CRE|ASG|KDG|SOT|LGN|BYB|UTT|TUT|PEA|DBY|SPO|LGE|XTR|ATB|BEE|NOT|CTO|BUJ|LOW|BSB|FSK|NCT|XNK|CLM|SWD|HKM|LCN
SP003048,1,20,MAN,NCL,MAN|ABY|GUI|SYB|GNF|MSN|HUD|WKK|XES|LDS|XES|CFD|CHF|YRK|THI|NTR|DAR|DHM|CLS|NCL
SP003049,2,5,DVP,FAV,DVP|XUK|SPH|CBE|FAV
SP003050,28,3,LLJ,LLD,LLJ|DGY|LLD
SP003051,2,16,CLE,NOT,CLE|NCE|GMD|GMB|SLL|HAB|BTB|MKR|LCN|HKM|CLM|XNK|NCT|FSK|LOW|NOT
SP003052,2,29,NCL,WTB,NCL|HEW|BNR|SUN|SEA|HRE|HPL|SEC|BIL|STK|TBY|MBR|JCH|MTO|GYP|NNT|GTA|BTT|KLD|COM|CSM|DNY|LHM|GLS|EGT|GMT|SLH|RUS|WTB
SP003053,104,6,WMB,QPW,WMB|SBP|HDN|WJL|KNL|QPW
SP003054,2,3,SUR,RAY,SUR|NEM|RAY
SP003055,2,32,SUO,BDM,SUO|WSU|SUC|SIH|MDS|SMO|WBO|WIM|HYR|TOO|STE|TUH|HNH|LGJ|EPH|BFR|ZFD|SPL|KTN|WHP|CRI|BCZ|HEN|MIL|ELS|RDT|SAC|HPD|LTN|LUT|FLT|BDM
SP003056,3,8,LDS,HUL,LDS|CRG|MIK|SBY|HOW|GBD|BUH|HUL
SP003057,1,21,MIA,LLJ,MIA|HDG|EDY|MAN|MCO|DGT|ECC|NLW|ERL|WBQ|RUE|FRD|HSB|CTR|SHT|FLN|PRT|RHL|AGL|CWB|LLJ
SP003058,2,17,MAN,HUL,MAN|ABY|GUI|SYB|GNF|MSN|HUD|DEW|MLY|LDS|XES|CFD|SBY|HOW|GBD|BUH|HUL
SP003059,1,15,RAM,GLM,RAM|DMP|BSR|MAR|WGA|BCH|HNB|CSW|WHI|FAV|TEY|SIT|NGT|RAI|GLM
SP003060,104,6,QPW,WMB,QPW|KNL|WJL|HDN|SBP|WMB
SP003061,4,24,CDF,MAN,CDF|NWP|CWM|PPL|AGV|HFD|LEO|LUD|CRV|CTT|SHR|WEM|PRS|WTC|WRE|NAN|CRE|SDB|CEL|ALD|WML|CHU|SPT|MAN
SP003062,1,17,EGR,WSW,EGR|DMS|LFD|HUR|OXT|WOH|UWL|RDD|SNR|SCY|ECR|SRS|TTH|NRB|SRC|BAL|WSW
SP003063,1,16,SVG,KGX,SVG|HFN|CUF|CWH|GDH|ENC|GPK|WIH|PAL|BOP|AAP|HRN|HGY|FPK|XKB|KGX
SP003064,3,17,BTN,ORE,BTN|FMR|LWS|XRH|GLY|PLG|XIL|HMD|EBN|HMD|XIL|PEV|BEX|XOP|SLQ|HGS|ORE
SP003065,2,7,GLM,SSS,GLM|RAI|NGT|KML|SWL|QBR|SSS
SP003066,2,12,LDS,RCD,LDS|BDI|LMR|HFX|SOW|MYT|HBD|TOD|WDN|LTL|SMB|RCD
SP003067,39,25,BTN,SOU,BTN|HOV|PLD|SWK|SSE|LAC|WRH|WWO|ANG|XXA|FOD|BAA|CCH|SOB|EMS|HAV|CSA|PTC|FRM|SNW|HME|SHO|WLS|SDN|SOU
SP003068,74,13,CHX,HYS,CHX|WAE|NWX|LEW|LAD|CFB|LSY|NBC|CLK|ELE|EDN|WWI|HYS
SP003069,4,26,BTN,SOU,BTN|HOV|PLD|SWK|SSE|LAC|EWR|WRH|WWO|ANG|XXA|FOD|BAA|CCH|SOB|EMS|HAV|CSA|PTC|FRM|SNW|HME|SHO|WLS|SDN|SOU
SP003070,14,24,BTN,SOU,BTN|HOV|PLD|SWK|SSE|LAC|WRH|WWO|ANG|XXA|FOD|BAA|CCH|SOB|EMS|HAV|CSA|FRM|SNW|HME|SHO|WLS|SDN|SOU
SP003071,2,1,DGS,DGS,DGS
SP003072,2,24,MAN,SLB,MAN|ABY|GUI|SYB|GNF|MSN|HUD|DEW|MLY|LDS|CRG|MIK|CHF|YRK|THI|NTR|YRM|EAG|TBY|MBR|SBK|RCC|LGK|SLB
SP003073,2,26,BTN,SOU,BTN|HOV|PLD|SWK|SSE|LAC|WRH|WWO|ANG|XXA|FOD|BAA|CCH|SOB|EMS|HAV|CSA|PTC|FRM|SNW|HME|NTL|SHO|WLS|SDN|SOU
SP003074,1,17,MAN,YRK,MAN|ABY|GUI|SYB|MSL|GNF|MSN|SWT|HUD|MIR|WKK|XES|LDS|XES|CFD|CHF|YRK
SP003075,1,15,MAN,YRK,MAN|ABY|GUI|SYB|GNF|MSN|HUD|MIR|WKK|XES|LDS|XES|CFD|CHF|YRK
SP003076,1,15,MAN,SHF,MAN|LVM|HTC|SPT|DVN|WSR|HAZ|CLY|EDL|HOP|BAM|HSG|GRN|DOR|SHF
SP003077,2,15,SDL,SOP,SDL|BAH|BOT|BNW|SFL|WLO|BLN|HLR|HTO|FBY|FRE|ANS|HIL|BDL|SOP
SP003078,1,15,HUL,LDS,HUL|HES|FRY|BUH|BMF|GBD|EGN|HOW|WRS|SBY|SOM|MIK|EGF|CRG|LDS
SP003079,62,14,YRK,LDS,YRK|POP|HMM|CTL|KNA|SBE|HGT|HBP|PNL|WET|HRS|HDY|BUY|LDS
SP003080,2,7,YRK,LDS,YRK|ULL|CHF|MIK|GRF|CRG|LDS
SP003081,4,3,BEV,HUL,BEV|CGM|HUL
SP003082,14,16,NCL,NNT,NCL|HEW|BNR|SUN|SEA|HRE|HPL|SEC|BIL|STK|TBY|MBR|JCH|MTO|GYP|NNT
SP003083,1,18,YRK,MAN,YRK|CHF|CFD|NOR|WKK|MIR|DHN|HUD|SWT|MSN|GNF|MSL|SYB|GUI|GTO|ABY|ADK|MAN
SP003084,2,12,HUL,SCA,HUL|CGM|BEV|HUT|DRF|NFN|BDT|BEM|HUB|FIL|SEM|SCA
SP003085,1,26,MAR,XVJ,MAR|WGA|BCH|HNB|CSW|WHI|FAV|TEY|SIT|NGT|RAI|GLM|RTR|XRJ|SOR|XWK|SAY|XMU|XLY|BMS|SRT|BKJ|KTH|HNH|BRX|XVJ
SP003086,4,3,HUL,BEV,HUL|CGM|BEV
SP003087,34,7,KNO,LDS,KNO|PFM|GLH|CFD|WDS|XES|LDS
SP003088,5,7,BDT,HUL,BDT|NFN|DRF|HUT|BEV|CGM|HUL
SP003089,2,7,LIV,WAC,LIV|EDG|ALE|HNX|HGN|WAW|WAC
SP003090,41,20,SPX,FAV,SPX|XXY|XXR|SDI|XXQ|XXH|XXU|XXJ|EBF|XSR|GRV|SOO|XRJ|RTR|CTM|GLM|RAI|NGT|SIT|FAV
SP003091,1,4,SDI,SPX,SDI|XXR|XXY|SPX
SP003092,4,17,NCL,GTA,NCL|HEW|BNR|SUN|SEA|HRE|HPL|SEC|BIL|STK|TBY|MBR|JCH|MTO|GYP|NNT|GTA
SP003093,2,41,STG,EUS,STG|LBT|CUB|GRL|CBC|WFF|WSH|LOC|XGS|CAR|PNR|XIT|OXN|XOA|LAN|PRE|XOU|WGN|WBQ|XYJ|ACB|WSF|CRE|STA|XCO|XOI|XIM|NUN|RUG|XWZ|XHN|MKC|BLY|XOD|TRI|XOE|WFJ|HRW|WMB|XWI|EUS
SP003094,2,34,BTN,SOU,BTN|HOV|AGT|PLD|FSG|SWK|SSE|LAC|EWR|WRH|WWO|DUR|GBS|ANG|XXA|FOD|BAA|CCH|FSB|BOH|NUT|SOB|EMS|WBL|HAV|CSA|PTC|FRM|SNW|HME|SHO|WLS|SDN|SOU
SP003095,2,25,BDI,KGX,BDI|LMR|HFX|BGH|MIR|WKK|AWK|DON|RET|XNK|NNG|GRA|PBO|HUN|SDY|BIW|HIT|SVG|XGN|WGC|PBR|AAP|FPK|XKB|KGX
SP003096,2,12,MCO,WGN,MCO|DGT|SLD|KSL|FNW|MSS|BON|XLK|WHG|HIN|INC|WGN
SP003097,2,7,GOO,HUL,GOO|SAM|GBD|BUH|FRY|HES|HUL
SP003098,39,25,SOU,BTN,SOU|SDN|WLS|NTL|BUO|SNW|FRM|PTC|CSA|HAV|EMS|SOB|CCH|BAA|FOD|XXA|ANG|WWO|WRH|LAC|SSE|SWK|PLD|HOV|BTN
SP003099,2,10,LIV,WGN,LIV|EDG|ROB|HUY|RNH|LEG|SHJ|ERL|NLW|WGN
SP003100,1,27,BIF,MIA,BIF|DLT|ULV|GOS|ARN|CNF|XOA|LAN|PRE|XOU|BSV|CRL|ADL|BLK|HWI|XLK|BON|SLD|DGT|MCO|MAN|MAU|BNA|EDY|GTY|HDG|MIA
SP003101,2,29,MLM,MIA,MLM|GNR|FOX|KBF|ASK|BIF|ROO|DLT|ULV|CAK|KBK|GOS|ARN|SVR|CNF|XOA|LAN|PRE|XOU|CRL|XLK|BON|SLD|DGT|MCO|MAN|GTY|HDG|MIA
SP003102,10,24,BIF,MIA,BIF|ROO|DLT|ULV|CAK|KBK|GOS|ARN|SVR|CNF|XOA|LAN|PRE|XOU|CRL|XLK|BON|SLD|DGT|MCO|MAN|GTY|HDG|MIA
SP003103,40,20,ABX,MAI,ABX|WWC|CUS|CWX|WHX|LSX|FDX|TCR|BDS|PDX|EAL|WEA|STL|HAY|WDT|IVR|LNY|SLO|BNM|MAI
SP003104,1,9,LDS,HUL,LDS|CRG|GRF|MIK|SBY|HOW|GBD|BUH|HUL
SP003105,6,10,WVH,BHM,WVH|CSY|TIP|DDP|SAD|XGQ|XGJ|SMR|XOS|BHM
SP003106,15,21,ABX,MAI,ABX|WWC|CUS|CWX|WHX|LSX|FDX|TCR|BDS|PDX|EAL|WEA|STL|HAY|WDT|IVR|LNY|SLO|BNM|TAP|MAI
SP003107,2,13,ORP,CST,ORP|PET|XPE|CIT|ESD|GRP|HGR|XPY|LEW|SAJ|NWX|XKE|CST
SP003108,2,11,SHR,CDF,SHR|CTT|CRV|LUD|LEO|HFD|AGV|PPL|CWM|NWP|CDF
SP003109,5,15,NEM,YVJ,NEM|SUR|WOK|FNB|BSK|OVR|WCH|ADV|GRT|SAL|TIS|GIL|TMC|SHE|YVJ
SP003110,2,15,LAN,LDS,LAN|XOA|CNF|WNN|BEN|CPY|GIG|LPR|HLD|GGV|SKI|KEI|BIY|SHY|LDS
SP003111,2,27,LIV,EUS,LIV|EDG|ALE|RUN|XYJ|ACB|HTF|WSF|CRE|STA|XCO|XOI|XIM|NUN|RUG|XWZ|XHN|MKC|BLY|XOD|TRI|XOE|WFJ|HRW|WMB|XWI|EUS
SP003112,2,14,XSU,CAT,XSU|XLJ|NXG|FOH|SYD|NWD|ECR|SCY|PUO|PUR|KLY|WHY|WHS|CAT
SP003113,10,19,TPB,FST,TPB|SOE|SOC|WCF|CHW|LES|BEF|PSE|SFO|ETL|TIL|GRY|CFH|OCK|UPM|BKG|WEH|LHS|FST
SP003114,2,34,EUS,LIV,EUS|XWI|WMB|HRW|WFJ|XOE|TRI|XOD|BLY|MKC|XHN|XWZ|RUG|COV|BKW|BHI|SCF|XOZ|BHM|XOS|XGJ|DDP|WVH|XBJ|PKG|STA|CRE|WSF|ACB|XYJ|RUN|ALE|EDG|LIV
SP003115,2,25,LIV,NOT,LIV|EDG|ALE|HNX|HGN|WID|WAC|BWD|DGT|MCO|MAN|SPT|HAZ|CLY|EDL|HOP|BAM|HSG|GRN|DOR|SHF|CHD|ALF|LGM|NOT
SP003116,2,30,ABD,DON,ABD|STN|LAU|MTS|ARB|CAN|BYF|DEE|LEU|CUP|LDY|KDY|BTS|INK|HYM|EDB|PST|DRM|DUN|RSN|BWK|ALM|MPT|NCL|DHM|DAR|NTR|THI|YRK|DON
SP003117,1,19,TBW,CHX,TBW|HIB|TON|HLB|SEV|DNG|KCK|CLD|ORP|PET|XPE|CIT|ESD|GRP|HGR|XPY|NWX|WAE|CHX
SP003118,1,11,GLD,EAD,GLD|WOK|WBY|BFN|WYB|WAL|HER|ESH|SUR|NEM|EAD
SP003119,1,18,ABX,MAI,ABX|WWC|CUS|CWX|WHX|LSX|FDX|TCR|BDS|PDX|EAL|STL|HAY|WDT|IVR|LNY|SLO|MAI
SP003120,9,32,HHD,EUS,HHD|VAL|LPG|BNG|PMW|LLJ|CWB|AGL|RHL|PRT|FLN|SHT|CTR|CRE|STA|XCO|XOI|XIM|NUN|RUG|XWZ|XHN|MKC|BLY|XOD|TRI|XOE|WFJ|HRW|WMB|XWI|EUS
SP003121,2,8,AFK,HGS,AFK|HMT|APD|RYE|WSE|TOK|ORE|HGS
SP003122,20,27,CST,CST,CST|XKE|NWX|SAJ|XPY|HGR|LEE|MTG|NEH|SID|AYP|BXY|CRY|SGR|ERH|BVD|ABW|PLU|WWA|WWD|CTN|WCB|MZH|GNW|DEP|XKE|CST
SP003123,3,19,NEM,PMH,NEM|SUR|WOK|GLD|FNC|GOD|MLF|WTY|HSL|LIP|LIS|PTR|RLN|HAV|BDH|HLS|FTN|PMS|PMH
SP003124,2,15,CTR,HHD,CTR|SHT|FLN|PRT|RHL|AGL|CWB|LLJ|CNW|PMW|LLF|BNG|LPG|VAL|HHD
SP003125,1,23,YRK,MAN,YRK|CHF|CFD|XES|LDS|COT|MLY|BTL|DEW|RVN|MIR|DHN|HUD|SWT|MSN|GNF|MSL|SYB|GUI|GTO|ABY|ADK|MAN
SP003126,2,17,LST,COL,LST|BET|XOW|SRA|MYL|FOG|IFD|GDP|SNF|INT|CHM|BPA|HAP|WTM|KEL|MKT|COL
SP003127,2,22,BTN,PMS,BTN|HOV|AGT|PLD|FSG|SWK|SSE|LAC|EWR|WRH|WWO|DUR|GBS|ANG|XXA|FOD|BAA|CCH|EMS|HAV|FTN|PMS
SP003128,4,21,RCC,MAN,RCC|SBK|MBR|TBY|EAG|YRM|NTR|THI|YRK|CHF|MIK|CRG|LDS|MLY|DEW|HUD|MSN|GNF|GUI|ABY|MAN
SP003129,2,18,LIV,BPN,LIV|EDG|ROB|HUY|PSC|ECL|THH|SNH|GSW|BYN|WGN|EBA|XOU|LEY|PRE|KKM|PFY|BPN
SP003130,1,19,BAL,WRH,BAL|SRS|ECR|PUR|XJS|ELD|GTW|TBD|HHE|XKM|BUG|PRP|BTN|HOV|PLD|SWK|SSE|LAC|WRH
SP003131,2,11,BDW,RDG,BDW|HGD|KIT|NBY|NRC|THA|MDG|AMT|THE|RDW|RDG
SP003132,3,33,BDM,TBD,BDM|FLT|HLN|LEA|LUT|LTN|HPD|SAC|RDT|ELS|MIL|HEN|BCZ|CRI|WHP|KTN|SPL|CTK|BFR|XMK|XSU|XLJ|NXG|SYD|NWD|ECR|PUR|XJS|RDH|ELD|HOR|GTW|TBD
SP003133,4,6,TBD,RDH,TBD|GTW|HOR|SAF|ELD|RDH
SP003134,2,20,MAN,NCL,MAN|ABY|GUI|SYB|GNF|MSN|HUD|DEW|MLY|LDS|XES|CFD|CHF|YRK|THI|NTR|DAR|DHM|CLS|NCL
SP003135,1,23,HGS,BTN,HGS|SLQ|XOP|BEX|CLL|COB|NSB|PEB|PEV|XIL|HMD|EBN|HMD|XIL|PLG|BRK|GLY|XRH|LWS|FMR|MCB|LRB|BTN
SP003136,1,38,XVJ,DVP,XVJ|DMK|NHD|CFT|CTF|BGM|BEC|RVB|SRT|BMS|XLY|XMU|SMY|SAY|FNR|XWK|LGF|MEP|SOR|XRJ|RTR|CTM|GLM|RAI|NGT|SIT|TEY|FAV|SEG|CBE|BKS|ADM|AYH|SWO|SPH|KSN|XUK|DVP
SP003137,3,33,TBD,BDM,TBD|GTW|HOR|ELD|RDH|XJS|PUR|ECR|NWD|SYD|NXG|XLJ|XSU|XMK|BFR|ZFD|SPL|KTN|WHP|CRI|BCZ|HEN|MIL|ELS|RDT|SAC|HPD|LTN|LUT|LEA|HLN|FLT|BDM
SP003138,2,22,HGS,BTN,HGS|SLQ|XOP|BEX|CLL|COB|NSB|PEV|XIL|HMD|EBN|HMD|XIL|PLG|BRK|GLY|XRH|LWS|FMR|MCB|LRB|BTN
SP003139,2,7,RAY,GLD,RAY|NEM|SUR|WYB|BFN|WOK|GLD
SP003140,2,17,BTN,HGS,BTN|FMR|LWS|XRH|PLG|XIL|HMD|EBN|HMD|XIL|PEV|COB|CLL|BEX|XOP|SLQ|HGS
SP003141,1,41,BTN,BDM,BTN|PRP|HSK|BUG|XKM|WVF|HHE|BAB|TBD|GTW|HOR|ELD|RDH|XJS|PUR|ECR|NWD|SYD|NXG|XLJ|XSU|XMK|BFR|ZFD|SPL|KTN|WHP|CRI|BCZ|HEN|MIL|ELS|RDT|SAC|HPD|LTN|LUT|LEA|HLN|FLT|BDM
SP003142,2,22,HGS,BTN,HGS|SLQ|XOP|BEX|CLL|COB|NSB|PEB|PEV|XIL|HMD|EBN|HMD|XIL|PLG|BRK|GLY|XRH|LWS|FMR|MCB|BTN
SP003143,2,20,BTN,HGS,BTN|MCB|FMR|LWS|XRH|BRK|PLG|XIL|HMD|EBN|HMD|XIL|PEV|PEB|COB|CLL|BEX|XOP|SLQ|HGS
SP003144,2,21,HGS,BTN,HGS|SLQ|XOP|BEX|CLL|COB|NSB|PEB|PEV|XIL|HMD|EBN|HMD|XIL|PLG|BRK|GLY|XRH|LWS|FMR|BTN
SP003145,1,49,MAN,FGH,MAN|LVM|HTC|SPT|CHU|HTH|WML|ALD|CEL|GTR|HCH|SDB|CRE|NAN|WRE|WTC|PRS|WEM|YRT|SHR|CTT|CRV|LUD|LEO|HFD|AGV|PPL|CWM|NWP|CDF|PYC|BGN|PTA|NTH|SKE|LAS|SWA|GWN|LLE|PBY|KWL|FYS|XCI|CMN|WTL|CUW|CLR|FGW|FGH
SP003146,1,32,NCL,LIV,NCL|CLS|DHM|DAR|NTR|THI|YRK|CHF|MIK|CRG|LDS|XES|WKK|HUD|MSN|GNF|SYB|GUI|ABY|MAN|MCO|DGT|ECC|NLW|ERL|SHJ|LEG|RNH|HUY|ROB|EDG|LIV
SP003147,2,22,ORE,BTN,ORE|HGS|SLQ|XOP|BEX|CLL|COB|NSB|PEB|PEV|XIL|HMD|EBN|HMD|XIL|PLG|XRH|LWS|FMR|MCB|LRB|BTN
SP003148,2,4,DAR,YRK,DAR|NTR|THI|YRK
SP003149,2,21,ORE,BTN,ORE|HGS|SLQ|XOP|BEX|CLL|COB|NSB|PEB|PEV|XIL|HMD|EBN|HMD|XIL|PLG|XRH|LWS|FMR|MCB|BTN
SP003150,4,19,BTN,ORE,BTN|MCB|FMR|LWS|XRH|PLG|XIL|HMD|EBN|HMD|XIL|PEV|COB|CLL|BEX|XOP|SLQ|HGS|ORE
SP003151,6,2,GLC,DUM,GLC|DUM
SP003152,2,33,XVJ,RAM,XVJ|BRX|HNH|KTH|BKJ|SRT|BMS|XLY|XMU|SMY|SAY|OTF|XOT|KMS|BRG|WMA|EML|BMG|MDE|BSD|HBN|HRM|LEN|CHG|AFK|WYE|CIL|CRT|CBW|STU|MSR|XMF|RAM
SP003153,2,16,SPX,AFK,SPX|XXY|XXR|SDI|XXQ|XXH|XXU|XXJ|EBF|XXI|XXO|XXL|XXG|XXK|XIW|AFK
SP003154,6,2,DUM,GLC,DUM|GLC
SP003155,3,20,XVJ,GLM,XVJ|BRX|HNH|KTH|BKJ|SRT|BMS|XLY|XMU|SMY|SAY|FNR|XWK|LGF|MEP|SOR|XRJ|RTR|CTM|GLM
SP003156,2,27,CHX,CST,CHX|WAE|NWX|LEW|XPY|HGR|LEE|MTG|NEH|SID|AYP|BXY|CRY|SGR|ERH|BVD|ABW|PLU|WWA|WWD|CTN|WCB|MZH|GNW|DEP|XKE|CST
SP003157,2,7,NCL,YRK,NCL|CLS|DHM|DAR|NTR|THI|YRK
SP003158,2,10,SRS,EPD,SRS|XGU|WCY|WDO|WLT|CSB|SUO|BLM|BAD|EPD
SP003159,1,29,DVP,CST,DVP|FKC|FKW|XSI|SDG|WHA|AFK|PLC|HCN|SPU|MRN|PDW|TON|HLB|SEV|DNG|KCK|CLD|ORP|XPE|CIT|ESD|GRP|HGR|XPY|SAJ|NWX|XKE|CST
SP003160,2,4,YRK,DAR,YRK|THI|NTR|DAR
SP003161,1,7,NOT,PBO,NOT|RDF|BIN|ALK|BTF|GRA|PBO
SP003162,1,22,AFK,CHX,AFK|PLC|HCN|SPU|MRN|PDW|TON|HLB|SEV|DNG|KCK|CLD|ORP|XPE|CIT|ESD|GRP|HGR|XPY|NWX|WAE|CHX
SP003163,1,32,RAM,CHX,RAM|THP|XMF|MSR|STU|CBW|CRT|CIL|WYE|AFK|PLC|HCN|SPU|MRN|PDW|TON|HLB|SEV|DNG|KCK|CLD|ORP|PET|XPE|CIT|ESD|GRP|HGR|XPY|NWX|WAE|CHX
SP003164,29,26,RAM,CHX,RAM|THP|XMF|MSR|STU|CBW|CRT|CIL|WYE|AFK|PLC|HCN|SPU|MRN|PDW|TON|SEV|ORP|XPE|CIT|GRP|HGR|XPY|NWX|WAE|CHX
SP003165,98,15,SHQ,PAQ,SHQ|CAX|FIZ|HYP|CIN|NUR|WOD|ATE|SAI|VAE|CAE|TIN|MAB|RMC|PAQ
SP003166,8,24,DVP,CHX,DVP|FKE|FKC|FKW|XSI|SDG|WHA|AFK|PLC|HCN|SPU|MRN|PDW|TON|SEV|ORP|XPE|CIT|GRP|HGR|XPY|NWX|WAE|CHX
SP003167,1,18,GLQ,ABD,GLQ|BBG|LNZ|CRO|STG|DBL|GLE|PTH|ING|DEE|BYF|CAN|ARB|MTS|LAU|STN|PLN|ABD
SP003168,4,16,RAM,TON,RAM|THP|XMF|MSR|STU|CBW|CRT|CIL|WYE|AFK|PLC|HCN|SPU|MRN|PDW|TON
SP003169,2,5,PCN,GLC,PCN|HKH|CKT|MPK|GLC
SP003170,4,10,RAM,AFK,RAM|THP|XMF|MSR|STU|CBW|CRT|CIL|WYE|AFK
SP003171,2,5,GLC,PCN,GLC|MPK|CKT|HKH|PCN
SP003172,2,3,BRS,RAY,BRS|NEM|RAY
SP003173,2,13,HHD,CTR,HHD|VAL|LPG|BNG|PMW|LLJ|CWB|AGL|RHL|PRT|FLN|SHT|CTR
SP003174,4,23,MOG,LET,MOG|OLD|EXR|HHY|DYP|FPK|HGY|HRN|AAP|BOP|PAL|WIH|GPK|ENC|GDH|CWH|CUF|BAY|HFN|WAS|SVG|HIT|LET
SP003175,2,14,KGX,HFN,KGX|XKB|FPK|HGY|HRN|AAP|BOP|PAL|WIH|GPK|ENC|GDH|CUF|HFN
SP003176,1,13,KGX,RYS,KGX|XKB|FPK|AAP|BOP|GDH|HFN|SVG|HIT|LET|BDK|AWM|RYS
SP003177,60,31,MER,ABA,MER|PTB|TRD|MEV|QYD|ACY|PPD|TRF|TRE|TAF|RDR|LLN|CYS|CDQ|CDF|NNP|WNG|FRW|DCT|RDR|TAF|TRE|TRF|PPD|ACY|PER|MTA|FER|CMH|XCB|ABA
SP003178,2,19,FAV,AFK,FAV|WHI|CSW|HNB|BCH|WGA|MAR|BSR|DMP|RAM|THP|XMF|MSR|STU|CBW|CRT|CIL|WYE|AFK
SP003179,1,12,BAL,TBD,BAL|SRS|ECR|PUR|XJS|CDS|MHM|RDH|ELD|HOR|GTW|TBD
SP003180,2,11,PAD,RDG,PAD|EAL|STL|HAY|WDT|IVR|LNY|SLO|MAI|TWY|RDG
SP003181,2,5,CBW,AFK,CBW|CRT|CIL|WYE|AFK
SP003182,10,19,ABX,RDG,ABX|WWC|CUS|CWX|WHX|LSX|FDX|TCR|BDS|PDX|EAL|WEA|STL|WDT|SLO|BNM|MAI|TWY|RDG
SP003183,1,3,HFN,SVG,HFN|WAS|SVG
SP003184,2,15,QRB,RDZ,QRB|BNS|RMD|TWI|FEL|SNS|EGH|VIR|SNG|ACT|MAO|BCE|WKM|EAR|RDZ
SP003185,38,22,ABX,RDG,ABX|WWC|CUS|CWX|WHX|LSX|FDX|TCR|BDS|PDX|EAL|WEA|STL|HAY|WDT|LNY|SLO|BNM|TAP|MAI|TWY|RDG
SP003186,42,23,ABX,RDG,ABX|WWC|CUS|CWX|WHX|LSX|FDX|TCR|BDS|PDX|EAL|WEA|STL|HAY|WDT|IVR|LNY|SLO|BNM|TAP|MAI|TWY|RDG
SP003187,15,23,DVP,CHX,DVP|FKE|FKC|FKW|XSI|SDG|WHA|AFK|HCN|SPU|MRN|PDW|TON|SEV|ORP|XPE|CIT|GRP|HGR|XPY|NWX|WAE|CHX
SP003188,3,12,CHX,ORP,CHX|WAE|NWX|LEW|XPY|HGR|GRP|ESD|CIT|XPE|PET|ORP
SP003189,2,16,MIA,YRK,MIA|HDG|MAN|ABY|GUI|SYB|GNF|MSN|HUD|WKK|XES|LDS|XES|CFD|CHF|YRK
SP003190,2,16,MYB,AYS,MYB|XNJ|WCX|NLT|SRU|WRU|DNM|GER|SRG|BCF|HWY|SDR|PRR|MRS|LTK|AYS
SP003191,2,29,EUS,BPN,EUS|XWI|WMB|HRW|WFJ|XOE|TRI|XOD|BLY|MKC|XHN|XWZ|RUG|NUN|XIM|XOI|XCO|STA|CRE|WSF|ACB|XYJ|WBQ|WGN|XOU|PRE|KKM|PFY|BPN
SP003192,2,7,LWS,SEF,LWS|SEE|NVN|NVH|NVN|BIP|SEF
SP003193,1,2,PLG,LWS,PLG|LWS
SP003194,1,2,PMP,LWS,PMP|LWS
SP003195,1,3,LWS,PLG,LWS|BRK|PLG
SP003196,2,6,ECR,OXT,ECR|SNR|RDD|UWL|WOH|OXT
SP003197,3,16,CTR,CDF,CTR|WRX|RUA|CRK|GOB|SHR|CTT|CRV|LUD|LEO|HFD|AGV|PPL|CWM|NWP|CDF
SP003198,2,16,MYB,BAN,MYB|XNJ|WCX|SRU|WRU|GER|BCF|HWY|SDR|PRR|HDM|XJV|BCS|XAN|KGS|BAN
SP003199,4,14,PAD,RDG,PAD|EAL|WEA|STL|HAY|WDT|IVR|LNY|SLO|BNM|TAP|MAI|TWY|RDG
SP003200,2,18,CHX,TBW,CHX|WAE|NWX|XPY|NBC|BKJ|SRT|BMS|XLY|XPE|ORP|CLD|DNG|SEV|HLB|TON|HIB|TBW
SP003201,3,29,PMD,CDF,PMD|PMB|LAM|MRB|PNA|TEN|SDF|KGT|NAR|WTL|CMN|XCI|FYS|KWL|PBY|LLE|GWN|SWA|LAS|SKE|NTH|BNF|BAJ|PTA|PYL|BGN|PCD|PYC|CDF
SP003202,2,13,LST,COL,LST|BET|XOW|SRA|IFD|GDP|SNF|INT|CHM|BPA|WTM|MKT|COL
SP003203,2,20,CDF,CMN,CDF|PYC|LLR|PCD|BGN|PYL|PTA|BAJ|BNF|NTH|SKE|LAS|SWA|GWN|LLE|PBY|KWL|FYS|XCI|CMN
SP003204,1,25,ABX,RDG,ABX|WWC|CUS|CWX|WHX|LSX|FDX|TCR|BDS|PDX|AML|EAL|WEA|HAN|STL|HAY|WDT|IVR|LNY|SLO|BNM|TAP|MAI|TWY|RDG
SP003205,1,21,LST,CLT,LST|BET|XOW|SRA|MYL|IFD|RMF|GDP|SNF|INT|CHM|BPA|HAP|WTM|KEL|MKT|COL|HYH|WIV|TLS|CLT
SP003206,2,35,FAV,CHX,FAV|WHI|CSW|HNB|BCH|WGA|MAR|BSR|DMP|RAM|THP|XMF|MSR|STU|CBW|CRT|CIL|WYE|AFK|PLC|HCN|SPU|MRN|PDW|TON|SEV|ORP|XPE|CIT|GRP|HGR|XPY|NWX|WAE|CHX
SP003207,2,27,EUS,LIV,EUS|XWI|WMB|HRW|WFJ|XOE|TRI|XOD|BLY|MKC|XHN|XWZ|RUG|NUN|XIM|XOI|XCO|STA|CRE|WSF|HTF|ACB|XYJ|RUN|ALE|EDG|LIV
SP003208,1,6,LDS,HFX,LDS|BLE|NPD|BDI|LMR|HFX
SP003209,4,21,CBW,CHX,CBW|CRT|CIL|WYE|AFK|PLC|HCN|SPU|MRN|PDW|TON|SEV|ORP|XPE|CIT|GRP|HGR|XPY|NWX|WAE|CHX
SP003210,1,23,DBY,STP,DBY|SPO|LGE|XTR|NOT|BEE|XTR|XTG|EMD|LBO|LEI|MHR|KET|WEL|BDM|FLT|LUT|SAC|HEN|CRI|WHP|KTN|STP
SP003211,4,21,XVJ,GLM,XVJ|DMK|NHD|CFT|BGM|RVB|SRT|BMS|XLY|XMU|SMY|SAY|FNR|XWK|LGF|MEP|SOR|XRJ|RTR|CTM|GLM
SP003212,1,25,SHF,STP,SHF|CHD|ALF|LGM|XTR|SPO|DBY|SPO|LGE|XTG|EMD|LBO|LEI|MHR|KET|WEL|BDM|FLT|LUT|SAC|HEN|CRI|WHP|KTN|STP
SP003213,1,6,HWV,PAD,HWV|HXX|HAY|STL|EAL|PAD
SP003214,3,9,PAD,RDG,PAD|EAL|STL|HAY|WDT|SLO|MAI|TWY|RDG
SP003215,1,10,RDG,PAD,RDG|TWY|MAI|SLO|LNY|WDT|HAY|STL|EAL|PAD
SP003216,1,19,MAN,GLC,MAN|MCO|DGT|ECC|WGN|XOU|PRE|LAN|XOA|OXN|XIT|PNR|CAR|XGS|LOC|CRS|SDM|MTH|GLC
SP003217,4,9,RDG,PAD,RDG|TWY|MAI|SLO|WDT|HAY|STL|EAL|PAD
SP003218,8,15,RAM,AFK,RAM|XMF|SDW|DEA|WAM|MTM|XUK|DVP|FKE|FKC|FKW|XSI|SDG|WHA|AFK
SP003219,2,3,OBN,OBN,OBN|CYA|OBN
SP003220,2,8,CRE,MAN,CRE|SDB|CEL|ALD|WML|MIA|HDG|MAN
SP003221,6,16,RAM,AFK,RAM|THP|XMF|SDW|DEA|WAM|MTM|XUK|DVP|FKE|FKC|FKW|XSI|SDG|WHA|AFK
SP003222,8,3,OBN,OBN,OBN|CRU|OBN
SP003223,1,7,LCN,CLE,LCN|MKR|BTB|HAB|SLL|GMB|CLE
SP003224,2,18,BRI,WEY,BRI|KYN|OLF|BTH|BOA|TRO|WSB|FRO|BRU|CLC|YVP|THO|YET|CNO|MDN|DCW|UPW|WEY
SP003225,2,11,KGX,WGC,KGX|XKB|FPK|AAP|NSG|OKL|NBA|HDW|PBR|HAT|WGC
SP003226,4,6,DID,RDG,DID|CHO|GOR|PAN|TLH|RDG
SP003227,2,4,NRW,IPS,NRW|DIS|SMK|IPS
SP003228,2,11,XSU,ECR,XSU|XLJ|NXG|BCY|HPA|FOH|SYD|PNW|ANZ|NWD|ECR
SP003229,2,12,GLC,GIR,GLC|BRR|DNL|STT|KLM|KMK|TRN|PTW|NOA|AYR|MAY|GIR
SP003230,1,13,BIB,SLO,BIB|BWT|PSN|FIT|BPW|SWI|XJF|DID|GOR|RDG|TWY|MAI|SLO
SP003231,2,14,GLC,DMF,GLC|KNS|PTL|NIT|BRR|DNL|STT|KLM|KMK|AUK|NCK|KRK|SQH|DMF
SP003232,2,8,DVP,AFK,DVP|FKE|FKC|FKW|XSI|SDG|WHA|AFK
SP003233,2,14,LIV,MIA,LIV|EDG|ROB|HUY|RNH|SHJ|ERL|NLW|ECC|DGT|MCO|MAN|HDG|MIA
SP003234,2,24,FTN,BRI,FTN|CSA|PTC|FRM|SNW|HME|SHO|SDN|SOU|RDB|ROM|DEN|SAL|WMN|DMH|WSB|TRO|BOA|AVF|FFD|BTH|OLF|KYN|BRI
SP003235,6,22,GCR,WEY,GCR|YAE|BPW|FIT|BRI|KYN|OLF|BTH|BOA|TRO|WSB|FRO|BRU|CLC|YVP|THO|YET|CNO|MDN|DCW|UPW|WEY
SP003236,2,12,HYS,NWX,HYS|WWI|EDN|ELE|CLK|NBC|LSY|CFB|LAD|LEW|SAJ|NWX
SP003237,1,38,RAM,CHX,RAM|THP|XMF|SDW|DEA|WAM|MTM|XUK|DVP|FKE|FKC|FKW|XSI|SDG|WHA|AFK|PLC|HCN|SPU|MRN|PDW|TON|HLB|SEV|DNG|KCK|CLD|ORP|PET|XPE|CIT|ESD|GRP|HGR|XPY|NWX|WAE|CHX
SP003238,2,22,GCR,WEY,GCR|YAE|BPW|FIT|BRI|KYN|OLF|BTH|FFD|AVF|BOA|TRO|WSB|FRO|BRU|CLC|YVP|YET|MDN|DCW|UPW|WEY
SP003239,2,8,NEI,GLC,NEI|PTT|WCR|WLM|MUI|CCT|MFL|GLC
SP003240,2,8,GLC,NEI,GLC|MFL|CCT|MUI|WLM|WCR|PTT|NEI
SP003241,2,32,RAM,CHX,RAM|THP|XMF|SDW|DEA|WAM|MTM|XUK|DVP|FKE|FKC|FKW|XSI|SDG|WHA|AFK|PLC|HCN|SPU|MRN|PDW|TON|SEV|ORP|XPE|CIT|GRP|HGR|XPY|NWX|WAE|CHX
SP003242,2,14,GMV,BRI,GMV|MVL|XHK|WOF|WOS|XAY|ASC|CNM|GCR|CDU|YAE|BPW|FIT|BRI
SP003243,8,21,GLM,XVJ,GLM|CTM|RTR|XRJ|SOR|MEP|LGF|XWK|FNR|SAY|SMY|XMU|XLY|BMS|SRT|RVB|BGM|CFT|NHD|DMK|XVJ
SP003244,42,8,RDG,NBY,RDG|RDW|THE|AMT|MDG|THA|NRC|NBY
SP003245,4,19,AFK,CST,AFK|PLC|HCN|SPU|MRN|PDW|TON|HLB|SEV|ORP|XPE|CIT|GRP|HGR|XPY|SAJ|NWX|XKE|CST
SP003246,1,9,PTA,LLE,PTA|BAJ|BNF|NTH|SKE|LAS|SWA|GWN|LLE
SP003247,2,2,PNQ,SMQ,PNQ|SMQ
SP003248,2,13,TON,CHX,TON|HLB|SEV|CLD|ORP|XPE|CIT|GRP|HGR|XPY|NWX|WAE|CHX
SP003249,2,6,XSU,ECR,XSU|XLJ|NXG|SYD|NWD|ECR
SP003250,1,47,EDB,EUS,EDB|HYM|SLA|LOC|XGS|CAR|PNR|XIT|OXN|XOA|LAN|PRE|XOU|WGN|WBQ|XYJ|ACB|WSF|CRE|STA|PKG|XBJ|WVH|DDP|SAD|XGJ|XOS|BHM|XOZ|SCF|BHI|BKW|COV|RUG|LBK|NMP|XHN|MKC|BLY|XOD|TRI|XOE|WFJ|HRW|WMB|XWI|EUS
SP003251,1,15,NOT,CRE,NOT|BEE|XTR|LGE|SPO|DBY|PEA|TUT|UTT|BYB|LGN|SOT|KDG|ASG|CRE
SP003252,1,12,RAM,AFK,RAM|XMF|SDW|DEA|WAM|MTM|XUK|DVP|FKC|FKW|XSI|AFK
SP003253,1,26,MAN,EUS,MAN|SPT|CHU|MAC|CNG|KDG|SOT|SNE|XCO|XOI|XIM|NUN|RUG|LBK|NMP|XHN|MKC|BLY|XOD|TRI|XOE|WFJ|HRW|WMB|XWI|EUS
SP003254,2,16,KGX,PBO,KGX|XKB|FPK|AAP|BOP|GDH|HFN|SVG|HIT|ARL|BIW|SDY|SNO|HUN|XHO|PBO
SP003255,2,26,DVP,CST,DVP|FKE|FKC|FKW|XSI|SDG|WHA|AFK|PLC|HCN|SPU|MRN|PDW|TON|HLB|SEV|ORP|XPE|CIT|GRP|HGR|XPY|SAJ|NWX|XKE|CST
SP003256,2,13,LLO,SHR,LLO|PNY|DOL|LLT|LGO|KNU|KNI|BUK|HPT|BME|CRV|CTT|SHR
SP003257,1,12,EDB,DEE,EDB|HYM|EGY|INK|DFE|COW|GLT|MNC|LDY|CUP|LEU|DEE
SP003258,8,22,WEY,GCR,WEY|UPW|DCW|MDN|CNO|YET|THO|YVP|CLC|BRU|FRO|WSB|TRO|BOA|BTH|OLF|KYN|BRI|FIT|BPW|YAE|GCR
SP003259,98,16,LST,ENF,LST|BET|CBH|LOF|HAC|REC|SKW|SMH|SVS|BCV|WHL|SLV|EDR|XSG|BHK|ENF
SP003260,2,13,TON,CST,TON|SEV|CLD|ORP|XPE|CIT|GRP|HGR|XPY|SAJ|NWX|XKE|CST
SP003261,2,12,TON,CHX,TON|SEV|CLD|ORP|XPE|CIT|GRP|HGR|XPY|NWX|WAE|CHX
SP003262,1,8,EAD,STW,EAD|RAY|NEM|NBT|KNG|HMW|TED|STW
SP003263,2,42,FAV,CHX,FAV|WHI|CSW|HNB|BCH|WGA|MAR|BSR|DMP|RAM|THP|XMF|MSR|SDW|DEA|WAM|MTM|XUK|DVP|FKE|FKC|FKW|XSI|SDG|WHA|AFK|PLC|HCN|SPU|MRN|PDW|TON|SEV|ORP|XPE|CIT|GRP|HGR|XPY|NWX|WAE|CHX
SP003264,38,9,FKG,GLQ,FKG|CMO|CUB|GRL|GRH|SPS|RRN|SPR|GLQ
SP003265,2,16,CRY,BFR,CRY|BXY|AYP|SID|NEH|MTG|LEE|HGR|XPY|LEW|NHD|PMR|DMK|LGJ|EPH|BFR
SP003266,2,35,MAN,EUS,MAN|SPT|CHU|MAC|CNG|KDG|SOT|SNE|STA|PKG|XBJ|WVH|DDP|SAD|XGJ|XOS|BHM|XOZ|SCF|BHI|BKW|COV|RUG|XWZ|XHN|MKC|BLY|XOD|TRI|XOE|WFJ|HRW|WMB|XWI|EUS
SP003267,4,4,BOG,LIT,BOG|BAA|FOD|LIT
SP003268,2,16,YRK,MIA,YRK|CHF|CFD|XES|LDS|XES|WKK|HUD|MSN|GNF|SYB|GUI|ABY|MAN|HDG|MIA
SP003269,2,22,CRE,BHI,CRE|NAN|WRE|WTC|PRS|WEM|YRT|SHR|XSY|WLN|TFC|XMD|COS|WVH|DDP|SAD|XGJ|XOS|BHM|XOZ|SCF|BHI
SP003270,5,12,GLC,ASB,GLC|PYG|JHN|MIN|HOZ|LHW|GLG|DLY|KWN|STV|SLT|ASB
SP003271,2,11,BHM,COV,BHM|XOZ|SCF|LEH|MGN|BHI|HIA|BKW|THL|CNL|COV
SP003272,63,25,SNF,HWV,SNF|BRE|HRO|GDP|RMF|CTH|GMY|SVK|IFD|MNP|FOG|MYL|SRA|WHX|LSX|FDX|TCR|BDS|PDX|EAL|WEA|STL|HAY|HXX|HWV
SP003273,4,18,ABX,HWV,ABX|WWC|CUS|CWX|WHX|LSX|FDX|TCR|BDS|PDX|AML|EAL|WEA|HAN|STL|HAY|HXX|HWV
SP003274,28,15,MCO,SOP,MCO|DGT|SLD|BON|XLK|WHG|HIN|INC|WGW|GST|APB|PBL|BCB|MEC|SOP
SP003275,6,9,PAD,HWV,PAD|AML|EAL|WEA|HAN|STL|HAY|HXX|HWV
SP003276,1,2,RML,SPT,RML|SPT
SP003277,1,3,SOT,SPT,SOT|MAC|SPT
SP003278,2,3,TBW,TON,TBW|HIB|TON
SP003279,1,14,MAN,YRK,MAN|ABY|GUI|SYB|GNF|MSN|HUD|WKK|XES|LDS|XES|CFD|CHF|YRK
SP003280,1,17,ABX,HWV,ABX|WWC|CUS|CWX|WHX|LSX|FDX|TCR|BDS|PDX|AML|EAL|WEA|STL|HAY|HXX|HWV
SP003281,2,20,GLM,BFR,GLM|CTM|RTR|XRJ|SOR|MEP|LGF|XWK|SAY|XMU|XLY|BMS|SRT|RVB|BGM|NHD|DMK|LGJ|EPH|BFR
SP003282,2,19,BFR,RTR,BFR|EPH|LGJ|DMK|NHD|BGM|RVB|SRT|BMS|XLY|XMU|SMY|SAY|XWK|LGF|MEP|SOR|XRJ|RTR
SP003283,1,15,DKG,BAK,DKG|BXW|LHD|AHD|EPS|EWE|CHE|SUO|CSH|HCB|MIJ|MTC|BAL|WSW|BAK
SP003284,1,27,SNF,HWV,SNF|BRE|HRO|GDP|RMF|CTH|GMY|SVK|IFD|MNP|FOG|MYL|SRA|WHX|LSX|FDX|TCR|BDS|PDX|AML|EAL|WEA|HAN|STL|HAY|HXX|HWV
SP003285,2,9,PGN,EXD,PGN|TQY|TRR|NTA|TGM|DWL|DWW|EXT|EXD
SP003286,1,19,HRH,BAK,HRH|WNH|OLY|HLM|DKG|BXW|LHD|AHD|EPS|EWE|CHE|SUO|CSH|HCB|MIJ|MTC|BAL|WSW|BAK
SP003287,1,22,CBG,KGX,CBG|CMS|XSP|FXN|STH|MEL|RYS|BDK|LET|HIT|SVG|KBW|XGN|WLW|WGC|HAT|PBR|NBA|AAP|FPK|XKB|KGX
SP003288,2,9,QRB,SNS,QRB|PUT|BNS|RMD|TWI|WTN|FEL|AFS|SNS
SP003289,6,13,DKG,BAK,DKG|LHD|AHD|EPS|EWE|CHE|SUO|CSH|HCB|MIJ|MTC|BAL|BAK
SP003290,8,13,BAK,DKG,BAK|BAL|MTC|MIJ|HCB|CSH|SUO|CHE|EWE|EPS|AHD|LHD|DKG
SP003291,2,2,EPD,SUO,EPD|SUO
SP003292,2,10,MIA,LAN,MIA|HDG|MAN|MCO|DGT|ECC|WGN|XOU|PRE|LAN
SP003293,2,19,SOU,HRH,SOU|SDN|WLS|NTL|BUO|SNW|FRM|PTC|CSA|HAV|EMS|SOB|CCH|BAA|FOD|XXA|PUL|BIG|HRH
SP003294,2,11,BAL,HRH,BAL|SRS|ECR|PUR|XJS|ELD|GTW|TBD|CRW|LVN|HRH
SP003295,100,16,ENF,LST,ENF|BHK|XSG|EDR|SLV|WHL|BCV|SVS|SMH|SKW|REC|HAC|LOF|CBH|BET|LST
SP003296,1,40,BEV,KGX,BEV|CGM|HUL|HES|FRY|BUH|BMF|GBD|EGN|HOW|WRS|SBY|DON|RET|XNK|NNG|GRA|PBO|HUN|SNO|SDY|BIW|ARL|HIT|SVG|KBW|XGN|WGC|HAT|BPK|PBR|HDW|OKL|NSG|AAP|HRN|HGY|FPK|XKB|KGX
SP003297,4,16,LST,SOV,LST|BET|XOW|SRA|IFD|RMF|GDP|SNF|BIC|WIC|RLG|HOC|RFD|SIA|PRL|SOV
SP003298,2,20,BAL,CCH,BAL|SRS|ECR|PUR|XJS|ELD|GTW|TBD|CRW|LVN|HRH|CHH|BIG|PUL|AMY|ARU|XXA|FOD|BAA|CCH
SP003299,3,25,BEV,KGX,BEV|CGM|HUL|BUH|GBD|HOW|SBY|DON|RET|XNK|NNG|GRA|PBO|HUN|SDY|BIW|HIT|SVG|XGN|WGC|PBR|AAP|FPK|XKB|KGX
SP003300,2,21,EUS,WRX,EUS|XWI|WMB|HRW|WFJ|XOE|TRI|XOD|BLY|MKC|XHN|XWZ|RUG|NUN|XIM|XOI|XCO|STA|CRE|CTR|WRX
SP003301,1,12,WGC,KGX,WGC|HAT|PBR|HDW|NBA|OKL|NSG|AAP|HGY|FPK|XKB|KGX
SP003302,48,7,RDH,TON,RDH|NUF|GDN|EBR|PHR|LIH|TON
SP003303,1,19,PBO,KGX,PBO|HUN|SNO|SDY|BIW|ARL|HIT|SVG|HFN|GDH|ENC|WIH|PAL|BOP|AAP|HGY|FPK|XKB|KGX
SP003304,2,6,PDX,WHX,PDX|BDS|TCR|FDX|LSX|WHX
SP003305,2,12,REI,BAK,REI|RDH|MHM|CDS|XJS|PUR|SCY|ECR|SRS|SRC|BAL|BAK
SP003306,2,10,QRB,STW,QRB|WNT|PUT|BNS|MTL|NSH|RMD|SMG|TWI|STW
SP003307,2,19,BTN,HAV,BTN|HOV|AGT|PLD|FSG|SWK|SSE|LAC|EWR|WRH|WWO|ANG|XXA|FOD|BAA|CCH|SOB|EMS|HAV
SP003308,2,26,WEA,XOA,WEA|AML|XXW|WMB|HRW|WFJ|XOE|TRI|XOD|BLY|MKC|XHN|NMP|LBK|NUN|XIM|XOI|XCO|STA|WSF|ACB|XYJ|WBQ|XOU|LAN|XOA
SP003309,49,23,RDG,ABX,RDG|TWY|MAI|TAP|BNM|SLO|LNY|IVR|WDT|HAY|STL|WEA|EAL|PDX|BDS|TCR|FDX|LSX|WHX|CWX|CUS|WWC|ABX
SP003310,2,36,LAN,EUS,LAN|PRE|XOU|WGN|WBQ|XYJ|ACB|WSF|CRE|STA|PKG|XBJ|WVH|DDP|SAD|XGJ|XOS|BHM|XOZ|SCF|BHI|BKW|COV|RUG|XWZ|XHN|MKC|BLY|XOD|TRI|XOE|WFJ|HRW|WMB|XWI|EUS
SP003311,6,7,ACT,FNH,ACT|BAG|CAM|FML|AHV|AHT|FNH
SP003312,136,18,HAF,ABX,HAF|HXX|HAY|STL|HAN|WEA|EAL|AML|PDX|BDS|TCR|FDX|LSX|WHX|CWX|CUS|WWC|ABX
SP003313,1,27,SHF,SCA,SHF|MHS|SWN|MEX|DON|KKS|HFS|TNN|GOO|SAM|GBD|BMF|BUH|FRY|HES|HUL|CGM|BEV|HUT|DRF|NFN|BDT|BEM|HUB|FIL|SEM|SCA
SP003314,2,24,CST,RTR,CST|XKE|NWX|SAJ|LEW|BKH|KDB|ELW|FCN|WLI|BXH|BNH|XRT|DFD|SCG|GNH|SWM|NFL|XSR|GRV|HGM|SOO|XRJ|RTR
SP003315,4,21,CHX,GRV,CHX|WAE|NWX|LEW|XPY|HGR|LEE|MTG|NEH|SID|AYP|BXY|CRY|XRT|DFD|SCG|GNH|SWM|NFL|XSR|GRV
SP003316,1,16,LDS,BPN,LDS|NPD|BDI|HFX|HBD|BYM|ACR|BBN|MLH|BMB|XLS|LOH|PRE|KKM|PFY|BPN
SP003317,1,12,HUL,SHF,HUL|BUH|GBD|SAM|GOO|HFS|KKS|DON|MEX|SWN|MHS|SHF
SP003318,38,20,MAI,ABX,MAI|BNM|SLO|LNY|IVR|WDT|HAY|STL|WEA|EAL|PDX|BDS|TCR|FDX|LSX|WHX|CWX|CUS|WWC|ABX
SP003319,1,8,HUL,SCA,HUL|BEV|DRF|BDT|HUB|FIL|SEM|SCA
SP003320,8,5,WTM,BTR,WTM|WNY|CES|BTP|BTR
SP003321,10,5,BTR,WTM,BTR|BTP|CES|WNY|WTM
SP003322,6,18,HWV,ABX,HWV|HXX|HAY|STL|HAN|WEA|EAL|AML|PDX|BDS|TCR|FDX|LSX|WHX|CWX|CUS|WWC|ABX
SP003323,2,20,GLC,MIA,GLC|MTH|SDM|LOC|XGS|CAR|PNR|XIT|OXN|XOA|LAN|PRE|XOU|WGN|ECC|DGT|MCO|MAN|HDG|MIA
SP003324,36,10,PDX,ABX,PDX|BDS|TCR|FDX|LSX|WHX|CWX|CUS|WWC|ABX
SP003325,1,34,LAN,EUS,LAN|PRE|XOU|EBA|WGN|WBQ|XYJ|ACB|WSF|CRE|STA|XCO|RGL|XOI|LTV|TAM|XIM|PSW|ATH|NUN|RUG|XWZ|XHN|WOL|MKC|BLY|XOD|TRI|XOE|WFJ|HRW|WMB|XWI|EUS
SP003326,8,9,PPD,CDB,PPD|TRF|TRE|TAF|RDR|LLN|CYS|CDQ|CDB
SP003327,1,8,SFO,BKG,SFO|ETL|TIL|GRY|CFH|OCK|UPM|BKG
SP003328,6,10,FST,SFO,FST|WEH|BKG|UPM|OCK|CFH|GRY|TIL|ETL|SFO
SP003329,2,11,CRE,RUG,CRE|STA|XCO|RGL|XOI|LTV|TAM|XIM|ATH|NUN|RUG
SP003330,6,2,SFO,PSE,SFO|PSE
SP003331,1,34,WVH,EUS,WVH|CSY|TIP|DDP|SAD|XGQ|XGJ|SMR|XOS|BHM|XOZ|SCF|LEH|MGN|BHI|HIA|BKW|THL|CNL|COV|RUG|XWZ|XHN|WOL|MKC|BLY|XOD|TRI|XOE|WFJ|HRW|WMB|XWI|EUS
SP003332,3,23,MAI,ABX,MAI|TAP|BNM|SLO|LNY|IVR|WDT|HAY|STL|HAN|WEA|EAL|AML|PDX|BDS|TCR|FDX|LSX|WHX|CWX|CUS|WWC|ABX
SP003333,1,18,XVJ,GLM,XVJ|DMK|NHD|LEW|BKH|CTN|WWA|PLU|SGR|XRT|DFD|XSR|GRV|SOO|XRJ|RTR|CTM|GLM
SP003334,1,15,XVJ,AFK,XVJ|BRX|HNH|KTH|BKJ|SRT|BMS|XLY|XPE|ORP|SEV|TON|PDW|HCN|AFK
SP003335,3,2,TLH,PAN,TLH|PAN
SP003336,1,12,SHR,LIV,SHR|GOB|CRK|RUA|WRX|CTR|HSB|FRD|RUN|ALE|EDG|LIV
SP003337,3,2,PAN,TLH,PAN|TLH
SP003338,36,22,RDG,ABX,RDG|TWY|MAI|TAP|BNM|SLO|LNY|WDT|HAY|STL|WEA|EAL|PDX|BDS|TCR|FDX|LSX|WHX|CWX|CUS|WWC|ABX
SP003339,4,3,TAP,SLO,TAP|BNM|SLO
SP003340,1,38,HHD,EUS,HHD|VAL|LPG|BNG|PMW|LLJ|CWB|AGL|RHL|PRT|FLN|SHT|CTR|CRE|STA|XCO|RGL|XOI|LTV|TAM|XIM|PSW|ATH|NUN|RUG|XWZ|XHN|WOL|MKC|BLY|XOD|TRI|XOE|WFJ|HRW|WMB|XWI|EUS
SP003341,3,17,WFJ,ECR,WFJ|HRW|WMB|XXW|XWI|XMB|SPB|KPA|WBP|IMW|WSW|BAL|SRC|NRB|TTH|SRS|ECR
SP003342,2,21,WRX,EUS,WRX|CTR|CRE|STA|XCO|XOI|XIM|NUN|RUG|XWZ|XHN|MKC|BLY|XOD|TRI|XOE|WFJ|HRW|WMB|XWI|EUS
SP003343,2,13,PLG,HGS,PLG|XIL|HMD|EBN|HMD|XIL|PEV|COB|CLL|BEX|XOP|SLQ|HGS
SP003344,1,5,HHE,BTN,HHE|XKM|BUG|PRP|BTN
SP003345,3,5,LWS,BTN,LWS|FMR|MCB|LRB|BTN
SP003346,2,28,BHM,EDB,BHM|XOS|XGJ|SAD|DDP|WVH|XBJ|PKG|STA|CRE|WSF|ACB|XYJ|WBQ|WGN|XOU|PRE|LAN|XOA|OXN|XIT|PNR|CAR|XGS|LOC|SLA|HYM|EDB
SP003347,1,3,COH,UCK,COH|BXD|UCK
SP003348,1,27,BHM,HHD,BHM|XOS|SMR|XGJ|SGB|SAD|DDP|TIP|CSY|WVH|XBJ|PKG|STA|CRE|CTR|SHT|FLN|PRT|RHL|AGL|CWB|LLJ|PMW|BNG|LPG|VAL|HHD
SP003349,1,34,PAD,SWA,PAD|AML|HAN|STL|HAY|WDT|LNY|SLO|BNM|TAP|MAI|TWY|RDG|GOR|DID|SWI|CPM|BTH|BRI|FIT|BPW|PWY|PIL|STJ|NWP|CDF|PYC|PCD|BGN|PTA|NTH|SKE|LAS|SWA
SP003350,1,4,ELY,CBG,ELY|WBC|CMB|CBG
SP003351,1,17,PAD,OXF,PAD|AML|HAN|STL|HAY|WDT|IVR|LNY|SLO|BNM|TAP|MAI|TWY|RDG|GOR|DID|OXF
SP003352,28,17,SLB,BIA,SLB|MSK|LGK|RCE|RCC|SBK|MBR|TBY|EAG|ALW|DND|DAR|NRD|HEI|NAY|SHD|BIA
SP003353,2,20,BRI,PMH,BRI|BTH|BOA|TRO|WSB|WMN|SAL|DEN|ROM|RDB|SOU|SDN|NTL|BUO|SNW|FRM|CSA|FTN|PMS|PMH
SP003354,1,23,BRI,PAD,BRI|BTH|BOA|TRO|WSB|PEW|BDW|HGD|KIT|NBY|THA|THE|RDG|TWY|MAI|TAP|BNM|SLO|STL|WEA|EAL|AML|PAD
SP003355,1,28,SWA,PAD,SWA|LAS|SKE|NTH|PTA|BGN|PCD|PYC|CDF|NWP|STJ|PIL|PWY|BPW|SWI|DID|GOR|RDG|TWY|MAI|TAP|BNM|SLO|STL|WEA|EAL|AML|PAD
SP003356,1,35,CRE,MFH,CRE|NAN|WRE|WTC|PRS|WEM|SHR|CTT|CRV|LUD|LEO|HFD|AGV|PPL|CWM|NWP|CDF|PYC|BGN|PTA|NTH|SWA|GWN|LLE|PBY|KWL|FYS|XCI|CMN|WTL|CUW|CLR|HVF|JOH|MFH
SP003357,1,11,LET,KGX,LET|HIT|SVG|HFN|GDH|BOP|AAP|HGY|FPK|XKB|KGX
SP003358,10,14,EDB,GLT,EDB|HYM|SGL|EGY|DAM|NQU|INK|ROS|DFE|DFL|COW|LCG|CDD|GLT
SP003359,1,23,HHD,CDF,HHD|VAL|LPG|BNG|PMW|LLJ|CWB|AGL|RHL|PRT|FLN|SHT|CTR|WRX|GOB|SHR|CRV|LUD|LEO|HFD|AGV|NWP|CDF
SP003360,12,46,EUS,EDB,EUS|XWI|WMB|HRW|WFJ|XOE|TRI|XOD|BLY|MKC|XHN|XWZ|RUG|COV|BKW|BHI|SCF|XOZ|BHM|XOS|XGJ|SAD|DDP|WVH|XBJ|PKG|STA|CRE|WSF|ACB|XYJ|WBQ|WGN|XOU|PRE|LAN|XOA|OXN|XIT|PNR|CAR|XGS|LOC|SLA|HYM|EDB
SP003361,2,10,WGW,SOP,WGW|GST|APB|PBL|HSC|BCB|NLN|BES|MEC|SOP
SP003362,26,22,BYI,BGD,BYI|BRY|BYD|CAD|DNS|EBK|CGN|GTN|CDF|CDQ|HHL|LLS|LVT|CPH|ABE|ECP|LNB|YSM|HNG|PGM|GFF|BGD
SP003363,1,25,RDG,ABX,RDG|TWY|MAI|TAP|BNM|SLO|LNY|IVR|WDT|HAY|STL|HAN|WEA|EAL|AML|PDX|BDS|TCR|FDX|LSX|WHX|CWX|CUS|WWC|ABX
SP003364,6,15,MER,CDF,MER|PTB|TRD|MEV|QYD|ACY|PPD|TRF|TRE|TAF|RDR|LLN|CYS|CDQ|CDF
SP003365,1,29,PLY,PAD,PLY|IVY|TOT|NTA|TGM|DWL|DWW|EXD|TVP|TAU|CLC|WSB|PEW|BDW|HGD|NBY|THE|RDG|TWY|MAI|TAP|BNM|SLO|HAY|STL|WEA|EAL|AML|PAD
SP003366,1,25,PLY,PAD,PLY|IVY|TOT|NTA|TGM|DWL|DWW|EXD|TVP|TAU|CLC|BDW|HGD|NBY|THE|RDG|TWY|MAI|TAP|BNM|SLO|STL|EAL|AML|PAD
SP003367,1,37,PNZ,PAD,PNZ|SER|CBN|RED|TRU|SAU|PAR|LOS|BOD|LSK|SGM|STS|PLY|IVY|TOT|NTA|TGM|DWL|DWW|EXD|TVP|TAU|CLC|BDW|HGD|NBY|THE|RDG|TWY|MAI|TAP|BNM|SLO|STL|EAL|AML|PAD
SP003368,3,23,PLY,PAD,PLY|IVY|TOT|NTA|TGM|DWL|DWW|EXD|TVP|TAU|CLC|WSB|PEW|BDW|HGD|NBY|THE|RDG|TWY|MAI|SLO|STL|PAD
SP003369,4,5,QPW,SBP,QPW|KNL|WJL|HDN|SBP
SP003370,5,14,SWA,MFH,SWA|GWN|LLE|PBY|KWL|FYS|XCI|CMN|WTL|CUW|CLR|HVF|JOH|MFH
SP003371,2,34,PNZ,PAD,PNZ|SER|HYL|CBN|RED|TRU|SAU|PAR|LOS|BOD|LSK|SGM|STS|PLY|IVY|TOT|NTA|TGM|DWL|DWW|EXD|TVP|TAU|CLC|BDW|HGD|NBY|THE|RDG|TWY|MAI|SLO|STL|PAD
SP003372,3,21,PLY,PAD,PLY|IVY|TOT|NTA|TGM|DWL|DWW|EXD|TVP|TAU|CLC|BDW|HGD|NBY|THE|RDG|TWY|MAI|SLO|STL|PAD
SP003373,1,5,SBY,HUL,SBY|HOW|GBD|BUH|HUL
SP003374,2,34,RDG,MAN,RDG|GOR|OXF|HYD|XAN|BAN|XFC|LMS|HTN|DDG|TYS|XOH|XIR|XON|XOZ|BHM|XOS|XGJ|DDP|WVH|XBJ|PKG|STA|SNE|SOT|KDG|ASG|CRE|SDB|CEL|ALD|WML|HDG|MAN
SP003375,2,13,BPW,WSB,BPW|FIT|SRD|LWH|BRI|KYN|OLF|BTH|FFD|AVF|BOA|TRO|WSB
SP003376,2,14,MOG,WGC,MOG|OLD|EXR|HHY|DYP|FPK|AAP|NBA|HDW|PBR|BPK|WMG|HAT|WGC
SP003377,2,38,MAN,SOU,MAN|SPT|CHU|MAC|CNG|KDG|SOT|SNE|STA|PKG|XBJ|WVH|DDP|XGJ|XOS|BHM|XOZ|SCF|BHI|BKW|COV|LMS|XFC|BAN|XAN|HYD|OXF|GOR|RDG|BMY|BSK|MIC|WIN|XEW|ESL|SOA|SDN|SOU
SP003378,2,34,RAM,XVJ,RAM|DMP|BSR|MAR|WGA|BCH|HNB|CSW|WHI|FAV|TEY|SIT|NGT|RAI|GLM|CTM|RTR|XRJ|SOR|MEP|LGF|XWK|FNR|SAY|SMY|XMU|XLY|BMS|SRT|BKJ|KTH|HNH|BRX|XVJ
SP003379,2,40,CDF,PNZ,CDF|NWP|STJ|PIL|PWY|FIT|BRI|BMT|PSN|NLS|YAT|WOR|WNM|WSM|HIG|BWT|TAU|TVP|EXD|DWW|DWL|TGM|NTA|TOT|IVY|PLY|STS|SGM|MEN|LSK|BOD|LOS|PAR|SAU|TRU|RED|CBN|HYL|SER|PNZ
SP003380,15,21,MAI,ABX,MAI|TAP|BNM|SLO|LNY|IVR|WDT|HAY|STL|WEA|EAL|PDX|BDS|TCR|FDX|LSX|WHX|CWX|CUS|WWC|ABX
SP003381,2,33,NOT,CDF,NOT|BEE|XTR|LGE|SPO|DBY|BUT|XWE|TAH|XKI|WTO|XLX|XOZ|BHM|FWY|UNI|SLY|KNN|LOB|BTG|BMV|XSW|WOP|XAY|ASC|CNM|GCR|LYD|CPW|CDT|STJ|NWP|CDF
SP003382,2,19,CDF,TAU,CDF|NWP|STJ|PIL|PWY|FIT|SRD|LWH|BRI|BMT|PSN|NLS|YAT|WOR|WNM|WSM|HIG|BWT|TAU
SP003383,4,5,BRI,BPW,BRI|LWH|SRD|FIT|BPW
SP003384,2,47,EDB,BRI,EDB|PST|DRM|DUN|RSN|BWK|ALM|MPT|NCL|DHM|DAR|NTR|THI|YRK|CHF|MIK|CRG|LDS|WKF|MRP|SWN|SHF|CHD|XAJ|DBY|BUT|XWE|TAH|XKI|WTO|XLX|XOZ|BHM|FWY|SLY|KNN|LOB|BTG|BMV|XSW|XAY|ASC|CNM|YAE|BPW|FIT|BRI
SP003385,6,23,PAD,PGN,PAD|STL|SLO|MAI|TWY|RDG|THE|NBY|BDW|PEW|WSB|CLC|TAU|TVP|EXD|DWW|DWL|TGM|NTA|EDS|TRR|TQY|PGN
SP003386,2,13,BGD,CDF,BGD|PGM|HNG|YSM|LNB|ECP|ABE|CPH|LVT|LLS|HHL|CDQ|CDF
SP003387,10,23,CHX,DVP,CHX|WAE|NWX|XPY|HGR|GRP|CIT|XPE|ORP|SEV|TON|PDW|MRN|SPU|HCN|AFK|WHA|SDG|XSI|FKW|FKC|FKE|DVP
SP003388,2,14,CAR,LDS,CAR|LZB|APP|KSW|GSD|RHD|SET|HLD|GGV|SKI|KEI|BIY|SHY|LDS
SP003389,1,37,BDM,BTN,BDM|FLT|HLN|LEA|LUT|LTN|HPD|SAC|HEN|BCZ|CRI|WHP|KTN|SPL|ZFD|CTK|BFR|XMK|XSU|XLJ|NXG|SYD|NWD|ECR|PUR|XJS|RDH|ELD|GTW|TBD|HHE|WVF|XKM|BUG|HSK|PRP|BTN
SP003390,56,3,WSM,BWE,WSM|WOR|BWE
SP003391,1,38,HRH,PBO,HRH|LVN|IFI|CRW|TBD|GTW|HOR|ELD|RDH|MHM|CDS|XJS|PUR|ECR|NWD|SYD|NXG|XLJ|XSU|XMK|BFR|ZFD|SPL|XKB|FPK|AAP|BOP|GDH|HFN|SVG|HIT|ARL|BIW|SDY|SNO|HUN|XHO|PBO
SP003392,1,15,OXF,PAD,OXF|DID|GOR|RDG|TWY|MAI|TAP|BNM|SLO|HAY|STL|WEA|EAL|AML|PAD
SP003393,6,19,RDG,ABX,RDG|TWY|MAI|BNM|SLO|WDT|STL|WEA|EAL|PDX|BDS|TCR|FDX|LSX|WHX|CWX|CUS|WWC|ABX
SP003394,24,16,EDB,LEV,EDB|HYM|SGL|EGY|DAM|NQU|INK|ROS|DFE|DFL|COW|LCG|CDD|GLT|CBX|LEV
SP003395,1,36,BTN,BDM,BTN|PRP|HSK|BUG|XKM|WVF|HHE|BAB|TBD|GTW|ELD|RDH|XJS|PUR|ECR|SYD|NXG|XLJ|XSU|XMK|BFR|ZFD|SPL|KTN|WHP|CRI|BCZ|HEN|SAC|HPD|LTN|LUT|LEA|HLN|FLT|BDM
SP003396,35,13,EDB,LEV,EDB|HYM|EGY|DAM|NQU|INK|DAG|AUR|BTS|KGH|KDY|CBX|LEV
SP003397,12,6,BHG,EDB,BHG|LSN|UHA|EDP|HYM|EDB
SP003398,4,14,CLH,MCV,CLH|WHE|LHO|RGW|BBN|DWN|ENT|BMC|HID|BON|MSS|SLD|SFD|MCV
SP003399,1,40,BTN,BDM,BTN|PRP|HSK|BUG|XKM|WVF|HHE|BAB|TBD|GTW|ELD|RDH|XJS|PUR|ECR|NWD|SYD|NXG|XLJ|XSU|XMK|BFR|ZFD|SPL|KTN|WHP|CRI|BCZ|HEN|MIL|ELS|RDT|SAC|HPD|LTN|LUT|LEA|HLN|FLT|BDM
SP003400,10,32,CHX,RAM,CHX|WAE|NWX|XPY|HGR|GRP|CIT|XPE|ORP|SEV|TON|PDW|MRN|SPU|HCN|PLC|AFK|WHA|SDG|XSI|FKW|FKC|FKE|DVP|XUK|MTM|WAM|DEA|SDW|XMF|THP|RAM
SP003401,1,35,BDM,BTN,BDM|FLT|HLN|LEA|LUT|LTN|HPD|SAC|HEN|BCZ|CRI|WHP|KTN|SPL|CTK|BFR|XMK|XSU|XLJ|NXG|SYD|NWD|ECR|PUR|XJS|RDH|ELD|HOR|GTW|TBD|HHE|XKM|BUG|PRP|BTN
SP003402,2,21,TAU,PAD,TAU|BWT|HIG|WSM|WNM|WOR|YAT|NLS|PSN|BRI|BTH|CPM|SWI|DID|GOR|RDG|TWY|MAI|SLO|STL|PAD
SP003403,2,6,SBY,LDS,SBY|SOM|MIK|GRF|CRG|LDS
SP003404,2,7,NOT,LEI,NOT|BEE|XTR|XTG|EMD|LBO|LEI
SP003405,2,9,PBO,DON,PBO|SPA|SLR|RKT|MGM|LCN|SXY|GBL|DON
SP003406,62,3,BWE,WSM,BWE|WOR|WSM
SP003407,2,19,YRK,BDT,YRK|ULL|CHF|SIE|SBY|WRS|HOW|EGN|GBD|BUH|FRY|HES|HUL|CGM|BEV|HUT|DRF|NFN|BDT
SP003408,2,13,BRI,PAD,BRI|KYN|BTH|CPM|SWI|DID|GOR|RDG|TWY|MAI|SLO|STL|PAD
SP003409,2,24,BRI,PMH,BRI|KYN|OLF|BTH|FFD|AVF|BOA|TRO|WSB|WMN|SAL|DEN|ROM|RDB|SOU|SDN|NTL|BUO|SNW|FRM|CSA|FTN|PMS|PMH
SP003410,1,19,MYB,OXF,MYB|XNJ|WCX|NLT|SRU|WRU|DNM|GER|BCF|HWY|SDR|PRR|HDM|XJV|XGY|BIT|ISP|OXP|OXF
SP003411,1,29,DBY,STP,DBY|SPO|XTG|EMD|LBO|LEI|MMO|OKM|XMJ|COR|KET|WEL|BDM|FLT|HLN|LEA|LUT|LTN|HPD|SAC|RDT|ELS|MIL|HEN|BCZ|CRI|WHP|KTN|STP
SP003412,1,57,PAD,PNZ,PAD|AML|EAL|WEA|HAN|STL|HAY|WDT|IVR|LNY|SLO|BNM|TAP|MAI|TWY|RDG|THE|AMT|MDG|THA|NRC|NBY|KIT|HGD|BDW|PEW|BRU|CLC|TAU|TVP|EXD|EXT|SCS|DWW|DWL|TGM|NTA|TOT|IVY|PLY|DPT|DOC|KEY|SBF|STS|SGM|LSK|BOD|LOS|PAR|SAU|TRU|RED|CBN|HYL|SER|PNZ
SP003413,1,11,RDZ,SFR,RDZ|EAR|WKM|CRN|SND|BAW|FNN|NCM|ASH|GLD|SFR
SP003414,6,27,CDF,PMH,CDF|NWP|STJ|PIL|PWY|FIT|BRI|BTH|BOA|TRO|WSB|DMH|WMN|SAL|DEN|ROM|RDB|SOU|SDN|NTL|BUO|SNW|FRM|CSA|FTN|PMS|PMH
SP003415,4,23,PGN,PAD,PGN|TQY|TRR|NTA|TGM|DWL|DWW|EXD|TVP|TAU|CLC|WSB|PEW|BDW|HGD|NBY|THE|RDG|TWY|MAI|SLO|STL|PAD
SP003416,2,9,SWI,WOS,SWI|KEM|STD|SHU|GCR|CNM|ASC|XAY|WOS
SP003417,18,15,PAD,CDF,PAD|STL|SLO|MAI|TWY|RDG|GOR|DID|SWI|BPW|PWY|PIL|STJ|NWP|CDF
SP003418,2,34,CDF,NOT,CDF|NWP|STJ|CPW|LYD|GCR|CNM|ASC|XAY|WOP|XSW|BMV|BTG|LOB|KNN|SLY|UNI|FWY|BHM|XOZ|XLX|WTO|XKI|WNE|TAH|XWE|BUT|WIL|DBY|SPO|LGE|XTR|BEE|NOT
SP003419,1,20,SHF,CLE,SHF|MHS|RMC|MEX|DON|KKS|HFS|TNS|CWE|ALP|SCU|BTB|HAB|SLL|HLI|GCT|GMB|GMD|NCE|CLE
SP003420,2,17,PAD,WOS,PAD|STL|SLO|MAI|TWY|RDG|GOR|DID|SWI|KEM|STD|SHU|GCR|CNM|ASC|XAY|WOS
SP003421,1,25,DON,LIV,DON|MEX|RMC|MHS|SHF|DOR|GRN|BAM|EDL|HAZ|WSR|DVN|SPT|MAN|MCO|DGT|URM|IRL|BWD|WAC|HGN|HNX|ALE|EDG|LIV
SP003422,1,8,BHM,NWP,BHM|CNM|GCR|LYD|CPW|CDT|STJ|NWP
SP003423,2,19,STP,DBY,STP|KTN|WHP|CRI|HEN|SAC|LUT|FLT|BDM|WEL|KET|MHR|LEI|LBO|EMD|XTG|LGE|SPO|DBY
SP003424,48,7,TON,RDH,TON|LIH|PHR|EBR|GDN|NUF|RDH
SP003425,2,13,CST,TON,CST|XKE|NWX|SAJ|XPY|HGR|GRP|CIT|XPE|ORP|CLD|SEV|TON
SP003426,2,4,BIT,OXF,BIT|ISP|OXP|OXF
SP003427,2,13,CDF,FRO,CDF|NWP|STJ|PIL|PWY|FIT|BRI|KYN|BTH|BOA|TRO|WSB|FRO
SP003428,2,14,PAD,WSB,PAD|STL|SLO|MAI|TWY|RDG|THE|THA|NBY|KIT|HGD|BDW|PEW|WSB
SP003429,12,27,PAD,CMN,PAD|STL|SLO|MAI|TWY|RDG|GOR|DID|SWI|BPW|PWY|PIL|STJ|NWP|CDF|PYC|BGN|PTA|NTH|SWA|GWN|LLE|PBY|KWL|FYS|XCI|CMN
SP003430,2,13,BDW,PAD,BDW|HGD|KIT|NBY|THA|THE|RDW|RDG|TWY|MAI|SLO|STL|PAD
SP003431,2,13,NBY,PAD,NBY|NRC|THA|MDG|AMT|THE|RDW|RDG|TWY|MAI|SLO|STL|PAD
SP003432,9,9,NBY,PAD,NBY|THA|THE|RDG|TWY|MAI|SLO|STL|PAD
SP003433,2,14,MCV,HBL,MCV|SFD|SLD|SNN|WKD|ATN|DSY|HIN|WGW|PEM|ORR|UPL|RNF|HBL
SP003434,2,21,PAD,SWA,PAD|STL|SLO|MAI|TWY|RDG|GOR|DID|SWI|BPW|PWY|PIL|STJ|NWP|CDF|NNP|PYC|BGN|PTA|NTH|SWA
SP003435,1,19,CNM,PAD,CNM|GCR|SHU|STD|KEM|SWI|DID|GOR|RDG|TWY|MAI|TAP|BNM|SLO|STL|WEA|EAL|AML|PAD
SP003436,2,17,WOS,PAD,WOS|XAY|ASC|CNM|GCR|SHU|STD|KEM|SWI|DID|GOR|RDG|TWY|MAI|SLO|STL|PAD
SP003437,12,23,GMV,PAD,GMV|MVL|XHK|WOF|WOS|WPH|PSH|EVE|HYB|MIM|KGM|AUW|CBY|HND|OXF|DID|GOR|RDG|TWY|MAI|SLO|STL|PAD
SP003438,2,20,WOF,PAD,WOF|WOS|WPH|PSH|EVE|HYB|MIM|KGM|AUW|CBY|HND|OXF|DID|GOR|RDG|TWY|MAI|SLO|STL|PAD
SP003439,3,16,PMH,GLD,PMH|PMS|FTN|HLS|BDH|HAV|RLN|PTR|LIS|LIP|HSL|WTY|MLF|GOD|FNC|GLD
SP003440,2,22,PAD,SWA,PAD|STL|SLO|MAI|TWY|RDG|GOR|DID|SWI|BPW|PWY|PIL|STJ|NWP|CDF|CAD|BRY|LWM|BGN|PTA|NTH|SWA
SP003441,1,24,WOS,PAD,WOS|WPH|PSH|EVE|HYB|MIM|KGM|AUW|CBY|HND|OXF|GOR|RDG|TWY|MAI|TAP|BNM|SLO|HAY|STL|WEA|EAL|AML|PAD
SP003442,2,17,WOS,PAD,WOS|WPH|EVE|HYB|MIM|KGM|AUW|CBY|HND|OXF|GOR|RDG|TWY|MAI|SLO|STL|PAD
SP003443,5,27,HFD,PAD,HFD|LED|CWL|XMN|GMV|MVL|XHK|WOF|WOS|WPH|PSH|EVE|HYB|MIM|KGM|AUW|CBY|HND|OXF|DID|GOR|RDG|TWY|MAI|SLO|STL|PAD
SP003444,1,7,SWA,CMN,SWA|GWN|LLE|PBY|KWL|FYS|CMN
SP003445,2,19,WOF,PAD,WOF|WOS|WPH|EVE|HYB|MIM|KGM|AUW|CBY|HND|OXF|DID|GOR|RDG|TWY|MAI|SLO|STL|PAD
SP003446,4,20,RDG,ABX,RDG|TWY|MAI|BNM|SLO|WDT|STL|WEA|EAL|AML|PDX|BDS|TCR|FDX|LSX|WHX|CWX|CUS|WWC|ABX
SP003447,1,21,CTR,BHI,CTR|CRE|NAN|WRE|PRS|WEM|SHR|XSY|WLN|TFC|XMD|COS|WVH|DDP|SAD|XGJ|XOS|BHM|XOZ|SCF|BHI
SP003448,2,19,PAD,TAU,PAD|STL|SLO|MAI|TWY|RDG|GOR|DID|SWI|CPM|BTH|BRI|NLS|YAT|WOR|WSM|HIG|BWT|TAU
SP003449,2,11,LST,SSD,LST|BET|HAC|SVS|XSG|CHN|BXB|HWN|BIS|SST|SSD
SP003450,2,16,FRO,CDF,FRO|WSB|TRO|BOA|AVF|FFD|BTH|OLF|KYN|BRI|FIT|PWY|PIL|STJ|NWP|CDF
SP003451,2,30,GTW,BDM,GTW|SAF|ELD|RDH|XJS|PUR|SCY|ECR|NWD|SYD|NXG|XLJ|XMK|BFR|CTK|ZFD|SPL|KTN|WHP|CRI|HEN|SAC|HPD|LTN|LUT|LEA|HLN|FLT|WIX|BDM
SP003452,4,31,BDM,GTW,BDM|WIX|FLT|HLN|LEA|LUT|LTN|HPD|SAC|HEN|CRI|WHP|KTN|SPL|ZFD|CTK|BFR|XMK|XLJ|NXG|SYD|NWD|ECR|SCY|PUR|XJS|RDH|ELD|SAF|HOR|GTW
SP003453,20,37,WGC,SEV,WGC|HAT|PBR|NBA|OKL|NSG|AAP|HGY|FPK|XKB|SPL|ZFD|CTK|BFR|EPH|LGJ|DMK|PMR|NHD|CFT|CTF|BGM|BEC|RVB|SRT|BMS|BKL|XLY|XMU|SMY|SAY|EYN|SEH|OTF|XOT|BBL|SEV
SP003454,1,35,BAL,ORE,BAL|SRS|ECR|SCY|PUR|XJS|RDH|ELD|SAF|HOR|GTW|TBD|HHE|WVF|XKM|PMP|CBR|LWS|XRH|GLY|BRK|PLG|XIL|HMD|EBN|HMD|XIL|PEV|COB|CLL|BEX|XOP|SLQ|HGS|ORE
SP003455,2,30,PMH,CDF,PMH|PMS|FTN|CSA|FRM|SNW|HME|SHO|SDN|SOU|RDB|ROM|DEN|SAL|WMN|DMH|WSB|TRO|BOA|FFD|BTH|OLF|KYN|BRI|FIT|PWY|PIL|STJ|NWP|CDF
SP003456,1,27,SHR,FGH,SHR|CRV|LUD|LEO|HFD|AGV|PPL|CWM|NWP|CDF|PYC|BGN|PTA|NTH|SWA|GWN|LLE|PBY|KWL|FYS|XCI|CMN|WTL|CUW|CLR|FGW|FGH
SP003457,4,29,FPK,SEV,FPK|XKB|SPL|ZFD|CTK|BFR|EPH|LGJ|DMK|PMR|NHD|CFT|CTF|BGM|BEC|RVB|SRT|BMS|BKL|XLY|XMU|SMY|SAY|EYN|SEH|OTF|XOT|BBL|SEV
SP003458,1,16,TBW,CST,TBW|HIB|TON|HLB|SEV|CLD|ORP|XPE|CIT|GRP|HGR|XPY|SAJ|NWX|XKE|CST
SP003459,2,29,SEV,FPK,SEV|BBL|XOT|OTF|SEH|EYN|SAY|SMY|XMU|XLY|BKL|BMS|SRT|RVB|BEC|BGM|CTF|CFT|NHD|PMR|DMK|LGJ|EPH|BFR|CTK|ZFD|SPL|XKB|FPK
SP003460,2,7,HNX,LVC,HNX|LPY|CSG|AIG|STM|BRW|LVC
SP003461,2,25,BPW,PMS,BPW|FIT|SRD|LWH|BRI|KYN|OLF|BTH|FFD|AVF|BOA|TRO|WSB|WMN|SAL|DEN|ROM|RDB|SOU|SDN|SOA|FRM|CSA|FTN|PMS
SP003462,1,28,SWA,PAD,SWA|LAS|SKE|NTH|PTA|BGN|LWM|BRY|CAD|CDF|NWP|STJ|PIL|PWY|BPW|SWI|DID|GOR|RDG|TWY|MAI|TAP|BNM|SLO|STL|EAL|AML|PAD
SP003463,1,15,DFD,XKE,DFD|XRT|SGR|ERH|BVD|ABW|PLU|WWA|WWD|CTN|WCB|MZH|GNW|DEP|XKE
SP003464,2,29,SWA,PAD,SWA|LAS|SKE|NTH|PTA|BGN|PCD|PYC|CDF|NWP|STJ|PIL|PWY|BPW|SWI|DID|GOR|RDG|TWY|MAI|TAP|BNM|SLO|HAY|STL|WEA|EAL|AML|PAD
SP003465,1,10,ORP,XVJ,ORP|XPE|XLY|BKL|BMS|SRT|RVB|BGM|DMK|XVJ
SP003466,25,21,SWA,PAD,SWA|NTH|PTA|BGN|PCD|PYC|CDF|NWP|STJ|PIL|PWY|BPW|SWI|DID|GOR|RDG|TWY|MAI|SLO|STL|PAD
SP003467,26,21,BYI,BGD,BYI|BRY|BYD|CAD|DNS|EBK|CGN|GTN|CDF|CDQ|HHL|LLS|LVT|CPH|ABE|ECP|LNB|YSM|HNG|PGM|BGD
SP003468,1,13,BUX,MAN,BUX|DVH|CEF|WBR|FNV|NMN|DSL|MDL|HAZ|WSR|DVN|SPT|MAN
SP003469,18,15,CDF,PAD,CDF|NWP|STJ|PIL|PWY|BPW|SWI|DID|GOR|RDG|TWY|MAI|SLO|STL|PAD
SP003470,12,27,CMN,PAD,CMN|XCI|FYS|KWL|PBY|LLE|SWA|NTH|PTA|BGN|PCD|PYC|CDF|NWP|STJ|PIL|PWY|BPW|SWI|DID|GOR|RDG|TWY|MAI|SLO|STL|PAD
SP003471,2,3,CLR,FGH,CLR|FGW|FGH
SP003472,2,26,RHY,BGN,RHY|PLT|TIR|BHD|BGD|PGM|HNG|YSM|LNB|ABE|CPH|LVT|LLS|HHL|CDQ|CDF|GTN|CGN|EBK|DNS|CAD|BYD|BRY|RIA|LWM|BGN
SP003473,1,15,HYN,BHG,HYN|PTK|CHC|GQL|HST|BLG|CAY|SLS|CBS|ADR|DRU|CAC|BKR|ARM|BHG
SP003474,2,18,CMN,BPW,CMN|XCI|FYS|KWL|PBY|LLE|SWA|NTH|PTA|BGN|PCD|PYC|CDF|NWP|STJ|PIL|PWY|BPW
SP003475,2,25,EUS,WVH,EUS|XWI|WMB|HRW|WFJ|XOE|TRI|XOD|BLY|MKC|XHN|NMP|LBK|RUG|COV|BKW|BHI|SCF|XOZ|BHM|XOS|XRA|BSC|XPJ|WVH
SP003476,2,34,EDB,KGX,EDB|PST|DRM|DUN|RSN|BWK|ALM|MPT|NCL|DHM|DAR|NTR|THI|YRK|DON|RET|XNK|NNG|GRA|PBO|HUN|SDY|BIW|HIT|SVG|XGN|WGC|HAT|PBR|NBA|AAP|FPK|XKB|KGX
SP003477,1,3,RTY,RTY,RTY|WMS|RTY
SP003478,1,35,EAD,BMH,EAD|RAY|NEM|BRS|SUR|ESH|HER|WAL|WYB|WBY|WOK|FNB|FLE|WNF|HOK|BSK|MIC|WIN|XEW|ESL|SOA|SWG|SDN|SOU|RDB|TTN|ANF|BEU|BCU|SWY|NWM|HNA|CHR|POK|BMH
SP003479,4,13,CST,ORP,CST|XKE|NWX|SAJ|LEW|XPY|HGR|GRP|ESD|CIT|XPE|PET|ORP
SP003480,1,35,PAD,PNZ,PAD|STL|SLO|MAI|TWY|RDG|THE|NBY|BDW|PEW|WSB|CLC|TAU|TVP|EXD|DWW|DWL|TGM|NTA|TOT|IVY|PLY|STS|SGM|LSK|BOD|LOS|PAR|SAU|TRU|RED|CBN|HYL|SER|PNZ
SP003481,2,10,BRI,EXD,BRI|NLS|YAT|WOR|WSM|HIG|BWT|TAU|TVP|EXD
SP003482,2,7,CDF,GCR,CDF|NWP|STJ|CDT|CPW|LYD|GCR
SP003483,1,42,BDM,BTN,BDM|WIX|FLT|HLN|LEA|LUT|LTN|HPD|SAC|HEN|BCZ|CRI|WHP|KTN|SPL|ZFD|CTK|BFR|XMK|XLJ|NXG|SYD|NWD|ECR|SCY|PUR|XJS|CDS|MHM|RDH|ELD|SAF|GTW|TBD|BAB|HHE|WVF|XKM|BUG|HSK|PRP|BTN
SP003484,2,2,WSB,FRO,WSB|FRO
SP003485,2,24,MAN,CDF,MAN|SPT|CHU|WML|ALD|CEL|SDB|CRE|NAN|WRE|WTC|PRS|WEM|SHR|CTT|CRV|LUD|LEO|HFD|AGV|PPL|CWM|NWP|CDF
SP003486,2,13,WMN,GCR,WMN|DMH|WSB|TRO|BOA|BTH|OLF|KYN|BRI|FIT|BPW|YAE|GCR
SP003487,6,11,WSB,GCR,WSB|TRO|BOA|BTH|OLF|KYN|BRI|FIT|BPW|YAE|GCR
SP003488,2,25,MAN,CDF,MAN|SPT|CHU|WML|ALD|CEL|SDB|CRE|NAN|WRE|WTC|PRS|WEM|YRT|SHR|CTT|CRV|LUD|LEO|HFD|AGV|PPL|CWM|NWP|CDF
SP003489,2,24,NWX,CST,NWX|SAJ|LEW|BKH|KDB|ELW|FCN|WLI|BXH|BNH|SGR|ERH|BVD|ABW|PLU|WWA|WWD|CTN|WCB|MZH|GNW|DEP|XKE|CST
SP003490,2,9,CDF,EBB,CDF|PYE|ROR|RCA|CKY|NBE|LTH|EBV|EBB
SP003491,1,37,BDM,BTN,BDM|FLT|HLN|LEA|LUT|LTN|HPD|SAC|HEN|BCZ|CRI|WHP|KTN|SPL|CTK|BFR|EPH|LGJ|HNH|TUH|STE|SRC|ECR|SCY|PUR|XJS|RDH|ELD|SAF|HOR|GTW|TBD|HHE|XKM|BUG|PRP|BTN
SP003492,2,8,MAN,CRE,MAN|SPT|CHU|WML|ALD|CEL|SDB|CRE
SP003493,2,13,OMS,LVC,OMS|AUG|TWN|MNS|MAG|ORN|AIN|OPK|WAO|KKD|SDL|XMR|LVC
SP003494,2,14,BRI,GMV,BRI|FIT|BPW|YAE|CDU|GCR|CNM|ASC|XAY|WOS|WOF|XHK|MVL|GMV
SP003495,2,17,CDF,CTR,CDF|NWP|CWM|PPL|AGV|HFD|LEO|LUD|CRV|CTT|SHR|WEM|PRS|WRE|NAN|CRE|CTR
SP003496,2,21,LIV,SHF,LIV|EDG|ALE|HNX|HGN|WAC|BWD|IRL|URM|DGT|MCO|MAN|ABY|RDN|RML|NMC|EDL|BAM|HSG|GRN|SHF
SP003497,2,9,EXD,BRI,EXD|TVP|TAU|BWT|HIG|WSM|YAT|PSN|BRI
SP003498,1,17,PMH,WSB,PMH|PMS|FTN|CSA|FRM|BOE|ESL|SOA|SDN|SOU|RDB|ROM|DEN|SAL|WMN|DMH|WSB
SP003499,2,20,CAR,LDS,CAR|AWT|LZB|LGW|APP|KSW|GSD|DNT|RHD|HIR|SET|LPR|HLD|GGV|SKI|SON|KEI|BIY|SHY|LDS
SP003500,1,27,BTN,SOU,BTN|HOV|PLD|SWK|SSE|LAC|WRH|WWO|DUR|GBS|ANG|XXA|FOD|BAA|CCH|SOB|EMS|HAV|CSA|PTC|FRM|SNW|HME|SHO|WLS|SDN|SOU
SP003501,4,23,GCR,WEY,GCR|YAE|BPW|FIT|BRI|KYN|OLF|BTH|FFD|BOA|TRO|WSB|FRO|BRU|CLC|YVP|THO|YET|CNO|MDN|DCW|UPW|WEY
SP003502,2,18,RHY,CDF,RHY|PLT|TIR|BHD|BGD|GFF|PGM|HNG|YSM|LNB|ECP|ABE|CPH|LVT|LLS|HHL|CDQ|CDF
SP003503,1,10,LET,KGX,LET|HIT|SVG|HFN|GDH|BOP|AAP|FPK|XKB|KGX
SP003504,1,20,BIF,MIA,BIF|DLT|ULV|GOS|ARN|CNF|XOA|LAN|PRE|XOU|CRL|XLK|BON|SLD|DGT|MCO|MAN|GTY|HDG|MIA
SP003505,2,7,BTH,FIT,BTH|OLF|KYN|LWH|SRD|ASD|FIT
SP003506,1,8,PAD,GFD,PAD|AML|EAL|WEA|DRG|CBP|SGN|GFD
SP003507,4,13,LVC,OMS,LVC|XMR|SDL|KKD|WAO|OPK|AIN|ORN|MAG|MNS|TWN|AUG|OMS
SP003508,2,7,CNM,BRI,CNM|GCR|CDU|YAE|BPW|FIT|BRI
SP003509,2,15,PMH,NEM,PMH|PMS|FTN|HAV|PTR|HSL|WTY|MLF|GOD|FNC|GLD|WPL|WOK|SUR|NEM
SP003510,2,3,FTN,PMH,FTN|PMS|PMH
SP003511,2,23,PMH,NEM,PMH|PMS|FTN|HLS|CSA|PTC|FRM|BOE|HDE|ESL|XEW|SHW|WIN|MIC|BSK|HOK|WNF|FLE|FNB|BKO|WOK|SUR|NEM
SP003512,2,7,LDS,SBY,LDS|CRG|GRF|EGF|MIK|SOM|SBY
SP003513,2,26,PGN,CDF,PGN|TQY|TRR|NTA|TGM|DWL|DWW|SCS|EXT|EXD|TVP|TAU|BWT|HIG|WSM|WOR|YAT|NLS|PSN|BRI|FIT|PWY|PIL|STJ|NWP|CDF
SP003514,2,27,EXM,CDF,EXM|LYM|LYC|EXN|TOP|NCO|DIG|POL|SJP|EXC|EXD|TVP|TAU|BWT|HIG|WSM|WOR|YAT|NLS|PSN|BRI|FIT|PWY|PIL|STJ|NWP|CDF
SP003515,1,23,CBG,KGX,CBG|CMS|XSP|FXN|STH|MEL|RYS|AWM|BDK|LET|HIT|SVG|KBW|XGN|WLW|WGC|HAT|PBR|NBA|AAP|FPK|XKB|KGX
SP003516,2,22,WEY,GCR,WEY|UPW|DCW|MDN|CNO|YET|THO|YVP|CLC|FRO|WSB|TRO|BOA|FFD|BTH|OLF|KYN|BRI|FIT|BPW|YAE|GCR
SP003517,2,21,EXM,BNP,EXM|LYM|LYC|EXN|TOP|NCO|DIG|POL|SJP|EXC|EXD|NTC|CDI|YEO|COP|MRD|LAP|EGG|KGN|UMB|BNP
SP003518,1,9,NEM,AON,NEM|SUR|WOK|BKO|AHV|AHT|FNH|BTY|AON
SP003519,1,22,WVH,GLC,WVH|XBJ|PKG|STA|CRE|WSF|ACB|XYJ|WBQ|WGN|XOU|PRE|LAN|XOA|OXN|XIT|PNR|CAR|XGS|LOC|WSH|GLC
SP003520,2,5,SHF,RET,SHF|KVP|SRO|WRK|RET
SP003521,6,3,SHY,BDQ,SHY|FZH|BDQ
SP003522,60,25,HWV,SNF,HWV|HXX|HAY|STL|WEA|EAL|PDX|BDS|TCR|FDX|LSX|WHX|SRA|MYL|FOG|MNP|IFD|SVK|GMY|CTH|RMF|GDP|HRO|BRE|SNF
SP003523,2,19,NEM,PMH,NEM|SUR|EFF|GLD|FNC|GOD|MLF|WTY|HSL|LIP|LIS|PTR|RLN|HAV|BDH|HLS|FTN|PMS|PMH
SP003524,1,31,TBD,BDM,TBD|GTW|ELD|RDH|XJS|PUR|ECR|NWD|SYD|NXG|XLJ|XSU|XMK|BFR|CTK|ZFD|SPL|KTN|WHP|CRI|BCZ|HEN|SAC|HPD|LTN|LUT|LEA|HLN|FLT|WIX|BDM
SP003525,1,5,CDF,AGV,CDF|NWP|CWM|PPL|AGV
SP003526,2,17,SCA,MAN,SCA|SEM|MLT|YRK|CHF|CFD|XES|LDS|MLY|DEW|HUD|MSN|GNF|SYB|GUI|ABY|MAN
SP003527,2,11,NEM,AHT,NEM|SUR|ESH|HER|WAL|WYB|BFN|WBY|WOK|AHV|AHT
SP003528,2,21,NEM,SOU,NEM|SUR|WAL|WYB|BFN|WOK|BKO|FNB|FLE|WNF|HOK|BSK|MIC|WIN|SHW|XEW|ESL|SOA|SWG|SDN|SOU
SP003529,1,8,LDS,YRK,LDS|CRG|GRF|EGF|MIK|SOM|CHF|YRK
SP003530,1,20,HGS,BTN,HGS|SLQ|XOP|BEX|CLL|COB|PEV|XIL|HMD|EBN|HMD|XIL|PLG|BRK|GLY|XRH|LWS|FMR|MCB|BTN
SP003531,1,19,SCA,MAN,SCA|SEM|MLT|YRK|CHF|MIK|CRG|LDS|MLY|DEW|HUD|SWT|MSN|GNF|MSL|SYB|GUI|ABY|MAN
SP003532,4,12,BRI,SAL,BRI|KYN|OLF|BTH|FFD|AVF|BOA|TRO|WSB|DMH|WMN|SAL
SP003533,1,12,BNY,HUD,BNY|DOD|SLK|PNS|DBD|SPY|SSM|BHS|HOY|BBW|LCK|HUD
SP003534,2,12,GLD,RAY,GLD|LRD|CLA|HSY|EFF|CSD|OXS|CLG|HYW|SUR|NEM|RAY
SP003535,30,3,HUD,BGH,HUD|DHN|BGH
SP003536,32,3,BGH,HUD,BGH|DHN|HUD
SP003537,2,13,CLE,SHF,CLE|GMB|SLL|HAB|BTB|SCU|CWE|HFS|KKS|DON|MEX|RMC|SHF
SP003538,6,9,SDL,HNX,SDL|XMR|LVC|BRW|STM|AIG|CSG|LPY|HNX
SP003539,2,15,QRB,BSK,QRB|ZPU|WPK|NEM|SUR|WAL|WYB|BFN|WOK|BKO|FNB|FLE|WNF|HOK|BSK
SP003540,4,40,KGX,GLQ,KGX|XKB|FPK|AAP|PBR|WGC|XGN|SVG|HIT|BIW|SDY|HUN|XHO|PBO|GRA|NNG|XNK|RET|DON|THI|NTR|DAR|DHM|NCL|MPT|ALM|BWK|RSN|DUN|DRM|PST|EDB|HYM|LIN|PMT|FKK|CRO|LNZ|BBG|GLQ
SP003541,1,11,MAN,SHF,MAN|SPT|HAZ|CLY|EDL|HOP|BAM|HSG|GRN|DOR|SHF
SP003542,1,40,GLQ,KGX,GLQ|BBG|LNZ|CRO|FKK|PMT|LIN|HYM|EDB|PST|DRM|DUN|RSN|BWK|ALM|MPT|NCL|DHM|DAR|NTR|THI|YRK|DON|RET|XNK|NNG|GRA|PBO|HUN|SDY|BIW|HIT|SVG|HFN|GDH|BOP|AAP|FPK|XKB|KGX
SP003543,33,4,NBY,BDW,NBY|KIT|HGD|BDW
SP003544,2,24,NEM,PMH,NEM|SUR|WAL|WYB|BFN|WOK|BKO|FNB|FLE|WNF|HOK|BSK|MIC|WIN|XEW|ESL|HDE|BOE|FRM|PTC|CSA|FTN|PMS|PMH
SP003545,2,25,PMH,NEM,PMH|PMS|FTN|HLS|CSA|PTC|FRM|BOE|HDE|ESL|XEW|WIN|MIC|BSK|HOK|WNF|FLE|FNB|BKO|WOK|BFN|WYB|WAL|SUR|NEM
SP003546,1,14,BTN,BAL,BTN|PRP|HSK|BUG|XKM|HHE|TBD|GTW|ELD|RDH|XJS|PUR|ECR|BAL
SP003547,2,22,PMH,GTW,PMH|PMS|FTN|HLS|HAV|EMS|SOB|CCH|BAA|FOD|XXA|ARU|AMY|PUL|BIG|CHH|HRH|LVN|IFI|CRW|TBD|GTW
SP003548,2,4,RDG,NBY,RDG|THE|THA|NBY
SP003549,3,15,PBO,KGX,PBO|HUN|SNO|SDY|BIW|ARL|HIT|SVG|HFN|GDH|BOP|AAP|FPK|XKB|KGX
SP003550,2,21,BTN,HGS,BTN|LRB|MCB|FMR|LWS|XRH|GLY|BRK|PLG|XIL|HMD|EBN|HMD|XIL|PEV|COB|CLL|BEX|XOP|SLQ|HGS
SP003551,4,15,BDT,YRK,BDT|NFN|DRF|HUT|BEV|CGM|HUL|BUH|GBD|EGN|HOW|SBY|SIE|CHF|YRK
SP003552,1,14,ORE,PLG,ORE|HGS|SLQ|XOP|BEX|CLL|COB|PEV|XIL|HMD|EBN|HMD|XIL|PLG
SP003553,2,15,BDT,YRK,BDT|NFN|DRF|HUT|BEV|CGM|HUL|BUH|GBD|HOW|SBY|SIE|CHF|ULL|YRK
SP003554,2,20,SVG,MOG,SVG|WAS|HFN|BAY|CUF|CWH|GDH|ENC|GPK|WIH|PAL|BOP|AAP|HGY|FPK|DYP|HHY|EXR|OLD|MOG
SP003555,2,17,BDT,YRK,BDT|NFN|DRF|HUT|ARR|BEV|CGM|HUL|HES|FRY|BUH|GBD|HOW|SBY|SIE|CHF|YRK
SP003556,1,14,DKG,BAL,DKG|BXW|LHD|AHD|EPS|EWE|CHE|SUO|WLT|WCY|XGU|SRS|SRC|BAL
SP003557,2,21,QRB,WOK,QRB|WNT|PUT|BNS|BNI|CHK|KWB|BFD|SYL|ISL|HOU|FEL|AFS|SNS|EGH|VIR|CHY|ASN|BFN|WBY|WOK
SP003558,1,12,SVG,KGX,SVG|HFN|CUF|GDH|ENC|WIH|PAL|BOP|AAP|FPK|XKB|KGX
SP003559,2,15,YRK,BDT,YRK|CHF|SIE|SBY|HOW|GBD|BUH|HUL|CGM|BEV|ARR|HUT|DRF|NFN|BDT
SP003560,1,6,EUS,WJL,EUS|SOH|KBN|QPW|KNL|WJL
SP003561,6,4,HUD,HFX,HUD|DHN|BGH|HFX
SP003562,1,57,EDB,EUS,EDB|HYM|SLA|LOC|XGS|CAR|PNR|XIT|OXN|XOA|LAN|PRE|XOU|WGN|WBQ|XYJ|ACB|WSF|CRE|STA|XCO|PKG|XOI|XBJ|XIM|WVH|NUN|CSY|TIP|DDP|SAD|XGJ|SMR|XOS|BHM|XOZ|SCF|LEH|MGN|BHI|BKW|THL|CNL|COV|RUG|XWZ|XHN|MKC|BLY|XOD|TRI|XOE|WFJ|HRW|WMB|XWI|EUS
SP003563,2,5,SBY,YRK,SBY|SIE|CHF|ULL|YRK
SP003564,1,13,HUL,YRK,HUL|HES|FRY|BUH|BMF|GBD|EGN|HOW|WRS|SBY|SIE|CHF|YRK
SP003565,2,15,BDT,YRK,BDT|NFN|DRF|HUT|BEV|CGM|HUL|BUH|GBD|HOW|WRS|SBY|SIE|CHF|YRK
SP003566,1,7,SBY,LDS,SBY|SOM|MIK|EGF|GRF|CRG|LDS
SP003567,2,13,BDT,YRK,BDT|NFN|DRF|HUT|ARR|BEV|CGM|HUL|BUH|GBD|HOW|SBY|YRK
SP003568,1,32,EUS,WVH,EUS|XWI|WMB|HRW|WFJ|XOE|TRI|XOD|BLY|MKC|WOL|XHN|XWZ|RUG|COV|CNL|THL|BKW|HIA|BHI|MGN|LEH|SCF|XOZ|BHM|XOS|SMR|SAD|DDP|TIP|CSY|WVH
SP003569,2,12,YRK,BDT,YRK|SBY|HOW|GBD|BUH|HUL|CGM|BEV|HUT|DRF|NFN|BDT
SP003570,1,15,XVJ,DFD,XVJ|BRX|DMK|PMR|NHD|LEW|BKH|KDB|ELW|FCN|WLI|BXH|BNH|XRT|DFD
SP003571,1,11,LDS,HUL,LDS|CRG|GRF|EGF|MIK|SOM|SBY|HOW|GBD|BUH|HUL
SP003572,2,2,DHN,HUD,DHN|HUD
SP003573,2,13,SHF,YRK,SHF|MHS|RMC|SWN|BTD|GOE|THC|MRP|PFR|SIE|CHF|ULL|YRK
SP003574,1,12,CDF,CMN,CDF|NNP|PYC|BGN|PYL|PTA|LLE|PBY|KWL|FYS|XCI|CMN
SP003575,4,4,HFX,HUD,HFX|BGH|DHN|HUD
SP003576,1,22,XVJ,AFK,XVJ|BRX|HNH|KTH|BKJ|SRT|BMS|XLY|XMU|SMY|SAY|OTF|XOT|BRG|WMA|EML|BMG|MDE|BSD|LEN|CHG|AFK
SP003577,18,5,CAR,DMF,CAR|XGS|GEA|ANN|DMF
SP003578,1,23,MFH,CDF,MFH|JOH|HVF|CLR|CUW|WTL|CMN|XCI|FYS|KWL|PBY|LLE|GWN|SWA|LAS|SKE|NTH|PTA|PYL|BGN|PCD|PYC|CDF
SP003579,2,10,LEI,NOT,LEI|SYS|SIL|LBO|EMD|XTG|XTR|ATB|BEE|NOT
SP003580,2,19,FGH,CDF,FGH|FGW|CLR|CUW|WTL|CMN|XCI|FYS|KWL|PBY|LLE|GWN|SWA|NTH|PTA|BGN|PCD|PYC|CDF
SP003581,4,19,CDF,MFH,CDF|PYC|BGN|PTA|NTH|SWA|GWN|LLE|PBY|KWL|FYS|XCI|CMN|WTL|CUW|CLR|HVF|JOH|MFH
SP003582,1,13,ABA,CDF,ABA|CMH|FER|MTA|PER|ACY|PPD|TRF|TRE|TAF|RDR|CDQ|CDF
SP003583,2,13,GLD,PMH,GLD|FNC|HSL|LIP|LIS|PTR|RLN|HAV|BDH|HLS|FTN|PMS|PMH
SP003584,100,2,RBU,HWX,RBU|HWX
SP003585,2,26,LLD,BHM,LLD|DGY|LLJ|CWB|AGL|RHL|PRT|FLN|SHT|CTR|WRX|RUA|CRK|GOB|SHR|XSY|WLN|TFC|XMD|COS|WVH|DDP|SAD|XGJ|XOS|BHM
SP003586,1,15,HHD,CTR,HHD|VAL|LPG|BNG|LLF|PMW|CNW|LLJ|CWB|AGL|RHL|PRT|FLN|SHT|CTR
SP003587,1,17,CBG,KGX,CBG|CMS|XSP|FXN|RYS|AWM|BDK|LET|HIT|SVG|HFN|GDH|BOP|AAP|FPK|XKB|KGX
SP003588,1,43,BTN,BDM,BTN|PRP|HSK|BUG|XKM|WVF|HHE|BAB|TBD|GTW|HOR|SAF|ELD|RDH|XJS|PUR|SCY|ECR|SRC|STE|TUH|HNH|LGJ|EPH|BFR|ZFD|SPL|KTN|WHP|CRI|BCZ|HEN|MIL|ELS|RDT|SAC|HPD|LTN|LUT|LEA|HLN|FLT|BDM
SP003589,1,16,BAK,HRH,BAK|BAL|SRS|ECR|PUR|XJS|CDS|MHM|RDH|ELD|HOR|GTW|TBD|CRW|LVN|HRH
SP003590,2,41,MAN,FGH,MAN|SPT|CHU|WML|ALD|CEL|SDB|CRE|NAN|WRE|WTC|PRS|WEM|SHR|CTT|CRV|LUD|LEO|HFD|AGV|PPL|CWM|NWP|CDF|PYC|BGN|PTA|NTH|SWA|GWN|LLE|PBY|KWL|FYS|XCI|CMN|WTL|CUW|CLR|FGW|FGH
SP003591,1,8,PAD,RDG,PAD|STL|SLO|BNM|TAP|MAI|TWY|RDG
SP003592,2,18,CTR,HHD,CTR|SHT|FLN|PRT|RHL|AGL|CWB|LLJ|CNW|PMW|LLF|BNG|LPG|BOR|TYC|RHO|VAL|HHD
SP003593,1,15,GTW,BAL,GTW|HOR|SAF|ELD|RDH|XJS|PUR|PUO|SCY|ECR|SRS|TTH|NRB|SRC|BAL
SP003594,8,6,FGH,CMN,FGH|FGW|CLR|CUW|WTL|CMN
SP003595,1,15,WSW,GTW,WSW|BAL|SRC|NRB|TTH|SRS|ECR|SCY|PUO|PUR|XJS|ELD|SAF|HOR|GTW
SP003596,1,12,RDG,PAD,RDG|TWY|MAI|TAP|BNM|SLO|LNY|WDT|HAY|STL|EAL|PAD
SP003597,12,13,GDP,LST,GDP|RMF|CTH|GMY|SVK|IFD|MNP|FOG|MYL|SRA|XOW|BET|LST
SP003598,12,13,LST,GDP,LST|BET|XOW|SRA|MYL|FOG|MNP|IFD|SVK|GMY|CTH|RMF|GDP
SP003599,1,16,PBO,KGX,PBO|HUN|SNO|SDY|BIW|ARL|HIT|SVG|HFN|GDH|BOP|AAP|HGY|FPK|XKB|KGX
SP003600,1,19,KGX,CBG,KGX|XKB|FPK|AAP|PBR|WGC|XGN|SVG|HIT|LET|BDK|AWM|RYS|MEL|STH|FXN|XSP|CMS|CBG
SP003601,100,2,HWX,RBU,HWX|RBU
SP003602,1,19,ABX,MAI,ABX|WWC|CUS|CWX|WHX|LSX|FDX|TCR|BDS|PDX|EAL|WEA|STL|HAY|WDT|IVR|LNY|SLO|MAI
SP003603,1,17,GTW,WSW,GTW|HOR|SAF|ELD|RDH|MHM|CDS|XJS|PUR|PUO|SCY|ECR|SRS|TTH|SRC|BAL|WSW
SP003604,1,9,CTR,LIV,CTR|HSB|FRD|RUN|ALE|WSA|MSH|EDG|LIV
SP003605,2,14,LLJ,LIV,LLJ|CWB|AGL|RHL|PRT|FLN|SHT|CTR|HSB|FRD|RUN|ALE|EDG|LIV
SP003606,1,14,YRK,MAN,YRK|CHF|CFD|XES|LDS|MLY|DEW|HUD|MSN|GNF|SYB|GUI|ABY|MAN
SP003607,1,5,YRK,LDS,YRK|CHF|CFD|XES|LDS
SP003608,1,8,HHE,EBN,HHE|XKM|LWS|XRH|PLG|XIL|HMD|EBN
SP003609,1,35,XVJ,DVP,XVJ|DMK|NHD|BGM|RVB|SRT|BMS|XLY|XMU|SMY|SAY|FNR|XWK|LGF|MEP|SOR|XRJ|RTR|CTM|GLM|RAI|NGT|SIT|TEY|FAV|SEG|CBE|BKS|ADM|AYH|SWO|SPH|KSN|XUK|DVP
SP003610,1,16,BAK,TBD,BAK|BAL|SRC|SRS|ECR|SCY|PUR|XJS|CDS|MHM|RDH|ELD|SAF|HOR|GTW|TBD
SP003611,1,11,MAI,PAD,MAI|TAP|BNM|SLO|LNY|IVR|WDT|HAY|STL|EAL|PAD
SP003612,1,23,LLJ,MIA,LLJ|CWB|AGL|RHL|PRT|FLN|SHT|CTR|HSB|FRD|RUE|WBQ|ERL|NLW|ECC|DGT|MCO|MAN|BNA|EDY|GTY|HDG|MIA
SP003613,1,6,HAF,PAD,HAF|HXX|HAY|STL|EAL|PAD
SP003614,2,11,MAI,PAD,MAI|BNM|SLO|LNY|IVR|WDT|HAY|STL|WEA|EAL|PAD
SP003615,1,24,DVP,CST,DVP|FKC|FKW|XSI|SDG|WHA|AFK|PLC|HCN|SPU|MRN|PDW|TON|SEV|ORP|XPE|CIT|GRP|HGR|XPY|SAJ|NWX|XKE|CST
SP003616,2,43,PLY,LDS,PLY|IVY|TOT|NTA|TGM|DWL|DWW|EXD|TVP|TAU|BWT|PSN|BRI|FIT|BPW|YAE|CNM|ASC|XAY|WOP|XSW|BMV|BTG|LOB|KNN|SLY|FWY|BHM|XOZ|XLX|WTO|XKI|TAH|XWE|BUT|DBY|XAJ|CHD|SHF|SWN|MRP|WKF|LDS
SP003617,4,22,MAN,CDF,MAN|SPT|CHU|WML|ALD|CEL|SDB|CRE|NAN|WRE|PRS|WEM|SHR|CRV|LUD|LEO|HFD|AGV|PPL|CWM|NWP|CDF
SP003618,1,17,AFK,CHX,AFK|PLC|HCN|SPU|MRN|PDW|TON|SEV|ORP|XPE|CIT|GRP|HGR|XPY|NWX|WAE|CHX
SP003619,2,19,CDF,CTR,CDF|NWP|CWM|PPL|AGV|HFD|LEO|LUD|CRV|CTT|SHR|YRT|WEM|PRS|WTC|WRE|NAN|CRE|CTR
SP003620,1,26,MFH,CDF,MFH|JOH|HVF|CLR|CUW|WTL|CMN|XCI|FYS|KWL|PBY|LLE|GWN|SWA|LAS|SKE|NTH|BNF|BAJ|PTA|PYL|BGN|LWM|BRY|CAD|CDF
SP003621,1,30,PMD,CDF,PMD|PMB|LAM|MRB|PNA|TEN|SDF|KGT|NAR|WTL|CMN|XCI|FYS|KWL|PBY|LLE|GWN|SWA|LAS|SKE|NTH|BNF|BAJ|PTA|PYL|BGN|PCD|PYC|NNP|CDF
SP003622,1,13,CDF,CMN,CDF|CAD|BRY|LWM|BGN|PYL|PTA|LLE|PBY|KWL|FYS|XCI|CMN
SP003623,3,7,MFH,CMN,MFH|JOH|HVF|CLR|CUW|WTL|CMN
SP003624,20,4,BNP,CMA,BNP|XUS|IHS|CMA
SP003625,1,23,PMD,CDF,PMD|PMB|LAM|MRB|PNA|TEN|SDF|KGT|NAR|WTL|CMN|XCI|FYS|KWL|PBY|LLE|PTA|PYL|BGN|LWM|BRY|CAD|CDF
SP003626,2,25,BRI,PNZ,BRI|BWT|TAU|TVP|EXD|DWW|DWL|TGM|NTA|TOT|IVY|PLY|STS|SGM|LSK|BOD|LOS|PAR|SAU|TRU|RED|CBN|HYL|SER|PNZ
SP003627,2,35,BDM,TBD,BDM|FLT|HLN|LEA|LUT|LTN|HPD|SAC|RDT|ELS|MIL|HEN|BCZ|CRI|WHP|KTN|SPL|CTK|BFR|EPH|LGJ|HNH|TUH|STE|SRC|ECR|SCY|PUR|XJS|RDH|ELD|SAF|HOR|GTW|TBD
SP003628,18,4,CMA,BNP,CMA|IHS|XUS|BNP
SP003629,1,35,TBD,BDM,TBD|GTW|HOR|SAF|ELD|RDH|XJS|PUR|SCY|ECR|SRC|STE|TUH|HNH|LGJ|EPH|BFR|ZFD|SPL|KTN|WHP|CRI|BCZ|HEN|MIL|ELS|RDT|SAC|HPD|LTN|LUT|LEA|HLN|FLT|BDM
SP003630,144,10,DLJ,SQE,DLJ|HGG|HOX|SDC|ZLW|SDE|WPE|ROE|ZCW|SQE
SP003631,2,3,CDB,CDF,CDB|CDQ|CDF
SP003632,2,9,WLP,AYW,WLP|NWT|CWS|MCN|DVY|BRH|BOW|LLB|AYW
SP003633,26,3,LLD,LLJ,LLD|DGY|LLJ
SP003634,1,11,CDF,MST,CDF|CAD|BRY|LWM|BGN|WMI|SRR|TDU|GMG|MEW|MST
SP003635,1,11,MAN,CTR,MAN|MCO|DGT|ECC|NLW|ERL|WBQ|RUE|FRD|HSB|CTR
SP003636,1,7,HWV,PAD,HWV|HXX|HAY|STL|WEA|EAL|PAD
SP003637,2,15,CRS,GRS,CRS|CLU|WSH|HLY|BLH|UDD|RUT|BDG|AGS|GCL|AND|EXG|PTK|HYN|GRS
SP003638,2,24,RAY,PMH,RAY|NEM|SUR|WAL|WYB|BFN|WBY|WOK|GLD|FNC|GOD|MLF|WTY|HSL|LIP|LIS|PTR|RLN|HAV|BDH|HLS|FTN|PMS|PMH
SP003639,2,10,EDB,GLC,EDB|HYM|SLA|CRS|CLU|WSH|SDM|MTH|UDD|GLC
SP003640,1,13,DKG,BAK,DKG|BXW|LHD|AHD|EPS|CHE|SUO|CSH|HCB|MIJ|MTC|BAL|BAK
SP003641,2,16,HYN,MTH,HYN|PTK|EXG|AND|GCL|AGS|BDG|DAK|RUT|CBL|NTN|BLT|HNW|HNC|AIR|MTH
SP003642,20,4,BNP,LLP,BNP|XUS|LCP|LLP
SP003643,2,4,BAK,SRH,BAK|WSW|BAL|SRH
SP003644,2,18,EDB,INV,EDB|HYM|LIN|PMT|XGM|STG|DBL|GLE|PTH|DKD|PIT|BLA|DLW|NWR|KIN|AVM|CAG|INV
SP003645,3,2,EDB,XCN,EDB|XCN
SP003646,2,9,DEE,EDB,DEE|LEU|CUP|LDY|KDY|BTS|INK|HYM|EDB
SP003647,2,3,BNP,LCP,BNP|XUS|LCP
SP003648,24,4,LLP,BNP,LLP|LCP|XUS|BNP
SP003649,2,37,PNZ,PAD,PNZ|SER|HYL|CBN|RED|TRU|SAU|PAR|LOS|BOD|LSK|SGM|STS|PLY|IVY|TOT|NTA|TGM|DWL|DWW|EXD|TVP|TAU|BWT|PSN|BRI|BTH|CPM|SWI|DID|GOR|RDG|TWY|MAI|SLO|STL|PAD
SP003650,6,21,MLN,MTH,MLN|HLF|BRN|WES|ANL|HYN|PTK|EXG|AND|GCL|AGS|BDG|DAK|RUT|CBL|NTN|BLT|HNW|HNC|AIR|MTH
SP003651,2,22,PLY,PAD,PLY|IVY|TOT|NTA|TGM|DWL|DWW|EXD|TVP|TAU|CLC|WSB|BDW|HGD|NBY|THE|RDG|TWY|MAI|SLO|STL|PAD
SP003652,42,6,TAU,XBV,TAU|BLS|WCT|XDY|XPR|XBV
SP003653,2,8,EDB,DUN,EDB|MUB|WAF|PST|LND|DRM|ELT|DUN
SP003654,2,17,HHD,CRE,HHD|VAL|RHO|TYC|BOR|LPG|BNG|PMW|LLJ|CWB|AGL|RHL|PRT|FLN|SHT|CTR|CRE
SP003655,52,28,BHC,ADR,BHC|ALX|RTN|DLR|DBC|DBE|BWG|KPT|DMR|SIN|DMY|DMC|WES|ANL|HYN|PTK|CHC|GQL|HST|BLG|CAY|SLS|GAR|EST|BAI|CBS|COA|ADR
SP003656,1,23,CHX,GRV,CHX|WAE|XKE|NWX|SAJ|LEW|XPY|HGR|LEE|MTG|NEH|SID|AYP|BXY|CRY|XRT|DFD|SCG|GNH|SWM|NFL|XSR|GRV
SP003657,1,39,LIV,NCL,LIV|EDG|ALE|HNX|HGN|WAC|BWD|DGT|MCO|MAN|ADK|ABY|GTO|GUI|SYB|MSL|GNF|MSN|SWT|HUD|DHN|MIR|RVN|DEW|BTL|MLY|COT|LDS|CRG|EGF|MIK|CHF|YRK|THI|NTR|DAR|DHM|CLS|NCL
SP003658,1,20,KGX,ELY,KGX|XKB|FPK|AAP|BOP|GDH|HFN|SVG|HIT|LET|BDK|AWM|RYS|FXN|XSP|CMS|CBG|CMB|WBC|ELY
SP003659,4,17,GTA,NCL,GTA|NNT|GYP|MTO|JCH|MBR|TBY|STK|BIL|SEC|HPL|HRE|SEA|SUN|BNR|HEW|NCL
SP003660,1,20,ELY,KGX,ELY|WBC|CMB|CBG|CMS|XSP|FXN|RYS|AWM|BDK|LET|HIT|SVG|HFN|GDH|BOP|AAP|FPK|XKB|KGX
SP003661,2,27,BHC,ADR,BHC|ALX|RTN|DLR|DBC|DBE|BWG|KPT|DMR|SIN|DMY|DMC|WES|ANL|HYN|PTK|CHC|GQL|HST|BLG|CAY|SLS|GAR|EST|BAI|CBS|ADR
SP003662,42,6,XBV,TAU,XBV|XBW|XDY|WCT|BLS|TAU
SP003663,2,12,MAN,GLO,MAN|ABY|GTO|GUI|FLF|NWN|GDL|HTY|BDB|DTG|HDF|GLO
SP003664,1,31,RAM,CHX,RAM|XMF|SDW|DEA|WAM|MTM|XUK|DVP|FKE|FKC|FKW|XSI|SDG|WHA|AFK|PLC|HCN|SPU|MRN|PDW|TON|SEV|ORP|XPE|CIT|GRP|HGR|XPY|NWX|WAE|CHX
SP003665,1,5,HFX,LDS,HFX|BDI|NPD|BLE|LDS
SP003666,2,20,PAD,TAU,PAD|STL|SLO|MAI|TWY|RDG|GOR|DID|SWI|CPM|BTH|BRI|NLS|YAT|WOR|WNM|WSM|HIG|BWT|TAU
SP003667,1,20,KGX,YRK,KGX|XKB|FPK|AAP|BOP|GDH|HFN|SVG|HIT|BIW|SDY|HUN|XHO|PBO|GRA|NNG|XNK|RET|DON|YRK
SP003668,2,18,MCO,SOP,MCO|DGT|SLD|BON|XLK|WHG|HIN|INC|WGW|GST|APB|PBL|HSC|BCB|NLN|BES|MEC|SOP
SP003669,2,50,KGX,INV,KGX|XKB|FPK|AAP|PBR|WGC|XGN|SVG|HIT|BIW|SDY|HUN|XHO|PBO|GRA|NNG|XNK|RET|DON|YRK|THI|NTR|DAR|DHM|NCL|MPT|ALM|BWK|RSN|DUN|DRM|PST|EDB|HYM|LIN|PMT|XGM|FKG|STG|DBL|GLE|PTH|DKD|PIT|BLA|DLW|KIN|AVM|CAG|INV
SP003670,2,18,BPN,LIV,BPN|PFY|KKM|PRE|LEY|XOU|EBA|WGN|BYN|GSW|SNH|THH|ECL|PSC|HUY|ROB|EDG|LIV
SP003671,2,13,HUL,SHF,HUL|HES|FRY|BUH|GBD|GOO|TNN|HFS|KKS|DON|MEX|MHS|SHF
SP003672,2,25,WML,LIV,WML|SYA|MIA|HDG|GTY|EDY|BNA|MAU|MAN|MCO|DGT|ECC|PAT|NLW|ERL|SHJ|LEG|RNH|WHN|HUY|ROB|BGE|WAV|EDG|LIV
SP003673,1,24,BAK,WRH,BAK|BAL|SRC|SRS|ECR|SCY|PUR|XJS|RDH|ELD|SAF|GTW|TBD|HHE|XKM|BUG|PRP|BTN|HOV|PLD|SWK|SSE|LAC|WRH
SP003674,2,9,MCV,BBN,MCV|RCD|SMB|LTL|TOD|BYM|RSG|ACR|BBN
SP003675,1,18,BAL,WRH,BAL|SRS|ECR|PUR|XJS|ELD|GTW|TBD|HHE|XKM|BUG|PRP|HOV|PLD|SWK|SSE|LAC|WRH
SP003676,4,23,MAN,CDF,MAN|SPT|CHU|WML|ALD|CEL|SDB|CRE|NAN|WRE|PRS|WEM|SHR|CTT|CRV|LUD|LEO|HFD|AGV|PPL|CWM|NWP|CDF
SP003677,1,19,BAL,WRH,BAL|SRS|ECR|PUR|XJS|ELD|GTW|TBD|HHE|WVF|XKM|BUG|PRP|HOV|PLD|SWK|SSE|LAC|WRH
SP003678,2,40,MAN,FGH,MAN|SPT|CHU|WML|ALD|CEL|SDB|CRE|NAN|WRE|WTC|PRS|WEM|SHR|CTT|CRV|LUD|LEO|HFD|AGV|CWM|NWP|CDF|PYC|BGN|PTA|NTH|SWA|GWN|LLE|PBY|KWL|FYS|XCI|CMN|WTL|CUW|CLR|FGW|FGH
SP003679,1,16,RAY,SOU,RAY|NEM|SUR|WYB|BFN|WOK|FNB|FLE|BSK|MIC|WIN|XEW|ESL|SOA|SDN|SOU
SP003680,2,7,DMR,BHC,DMR|DBE|DBC|DLR|RTN|ALX|BHC
SP003681,2,26,ADR,BHC,ADR|COA|CBS|BAI|EST|GAR|SLS|CAY|BLG|HST|GQL|CHC|PTK|HYN|ANL|WES|DMC|DMY|SIN|DMR|DBE|DBC|DLR|RTN|ALX|BHC
SP003682,4,27,SOU,BTN,SOU|SDN|WLS|NTL|BUO|SNW|FRM|PTC|CSA|HAV|EMS|SOB|CCH|BAA|FOD|XXA|ANG|GBS|DUR|WWO|WRH|LAC|SSE|SWK|PLD|HOV|BTN
SP003683,1,8,TOM,SSD,TOM|BMD|CHN|BXB|HWN|BIS|SST|SSD
SP003684,1,11,LST,SSD,LST|BET|HAC|XMI|TOM|BMD|CHN|BXB|HWN|SST|SSD
SP003685,2,8,SSD,TOM,SSD|SST|BIS|HWN|BXB|CHN|BMD|TOM
SP003686,2,45,MAN,PMD,MAN|SPT|CHU|WML|ALD|CEL|SDB|CRE|NAN|WRE|WTC|PRS|WEM|SHR|CTT|CRV|LUD|LEO|HFD|AGV|CWM|NWP|CDF|PYC|BGN|PTA|NTH|SWA|GWN|LLE|PBY|KWL|FYS|XCI|CMN|WTL|NAR|KGT|SDF|TEN|PNA|MRB|LAM|PMB|PMD
SP003687,2,8,BBN,RCD,BBN|ACR|RSG|BYM|TOD|LTL|SMB|RCD
SP003688,2,20,DMR,ADR,DMR|SIN|DMY|DMC|WES|ANL|HYN|PTK|CHC|GQL|HST|BLG|CAY|SLS|GAR|EST|BAI|CBS|COA|ADR
SP003689,2,9,DMR,BHC,DMR|KPT|BWG|DBE|DBC|DLR|RTN|ALX|BHC
SP003690,26,26,CUB,DMR,CUB|GRL|CBC|WFF|MTH|AIR|HNC|HNW|BLT|NTN|CBL|RUT|DAK|BDG|AGS|GCL|AND|EXG|PTK|HYN|ANL|WES|DMC|DMY|SIN|DMR
SP003691,5,17,CDF,ABA,CDF|NNP|WNG|FRW|DCT|RDR|TAF|TRE|TRF|PPD|ACY|PER|MTA|FER|CMH|XCB|ABA
SP003692,1,41,MAN,CMN,MAN|SPT|CHU|WML|ALD|CEL|SDB|CRE|NAN|WRE|WTC|PRS|WEM|SHR|CTT|CRV|LUD|LEO|HFD|AGV|PPL|CWM|NWP|CDF|PYC|BGN|PYL|PTA|BAJ|BNF|NTH|SKE|LAS|SWA|GWN|LLE|PBY|KWL|FYS|XCI|CMN
SP003693,65,19,CDF,TRB,CDF|CDQ|CYS|LLN|RDR|TAF|TRE|TRF|PPD|TRH|POR|DMG|TNP|LLY|YSR|TPN|TRY|YNW|TRB
SP003694,1,17,CAT,XSU,CAT|WHS|WHY|KLY|PUR|PUO|SCY|ECR|NWD|ANZ|PNW|SYD|HPA|BCY|NXG|XLJ|XSU
SP003695,2,11,RCD,LDS,RCD|SMB|LTL|WDN|TOD|HBD|MYT|SOW|HFX|BDI|LDS
SP003696,4,10,LWT,NRW,LWT|OUN|SYT|HAD|REE|CNY|BUC|BDA|XWH|NRW
SP003697,1,4,BNP,EXD,BNP|EGG|CDI|EXD
SP003698,1,15,CHX,DFD,CHX|WAE|XKE|NWX|SAJ|LEW|BKH|KDB|ELW|FCN|WLI|BXH|BNH|XRT|DFD
SP003699,1,14,CHX,ORP,CHX|WAE|XKE|NWX|SAJ|LEW|XPY|HGR|GRP|ESD|CIT|XPE|PET|ORP
SP003700,26,3,TOT,XSC,TOT|KBS|XSC
SP003701,1,28,YRK,KGX,YRK|DON|RET|XNK|NNG|GRA|PBO|HUN|SNO|SDY|BIW|ARL|HIT|SVG|KBW|XGN|WGC|HAT|BPK|PBR|HDW|OKL|NSG|AAP|HGY|FPK|XKB|KGX
SP003702,2,15,SLB,NCL,SLB|MSK|LGK|RCE|RCC|SBK|MBR|TBY|EAG|ALW|DND|DAR|DHM|CLS|NCL
SP003703,2,6,GYM,NRW,GYM|ACL|LGD|BDA|XWH|NRW
SP003704,6,26,CUB,DMR,CUB|GRL|CBC|WFF|MTH|AIR|HNC|HNW|BLT|NTN|CBL|RUT|DAK|BDG|AGS|GCL|AND|EXG|PTK|HYN|JOR|SCH|GRS|YOK|CYK|DMR
SP003705,2,23,NOT,LIV,NOT|ILN|LGM|ALF|CHD|DRO|SHF|GRN|BAM|EDL|HAZ|SPT|MAN|MCO|DGT|BWD|WAC|WID|HGN|HNX|ALE|EDG|LIV
SP003706,2,7,HUD,MAN,HUD|SWT|MSN|GNF|MSL|SYB|MAN
SP003707,2,18,MIA,BPN,MIA|HDG|MAN|MCO|DGT|SLD|BON|XLK|LOT|HWI|CRL|BSV|XOU|PRE|KKM|PFY|LAY|BPN
SP003708,6,22,MTH,DMR,MTH|AIR|HNC|HNW|BLT|NTN|CBL|RUT|DAK|BDG|AGS|GCL|AND|EXG|PTK|HYN|JOR|SCH|GRS|YOK|CYK|DMR
SP003709,6,42,MFH,MAN,MFH|JOH|HVF|CLR|CUW|WTL|CMN|XCI|FYS|KWL|PBY|LLE|GWN|SWA|NTH|PTA|BGN|PCD|PYC|CDF|NWP|CWM|AGV|HFD|LEO|LUD|CRV|CTT|SHR|WEM|PRS|WTC|WRE|NAN|CRE|SDB|CEL|ALD|WML|CHU|SPT|MAN
SP003710,4,27,HAF,SNF,HAF|HXX|HAY|STL|HAN|WEA|EAL|AML|PDX|BDS|TCR|FDX|LSX|WHX|SRA|MYL|FOG|MNP|IFD|SVK|GMY|CTH|RMF|GDP|HRO|BRE|SNF
SP003711,2,23,MIA,BPN,MIA|HDG|GTY|EDY|BNA|MAU|MAN|MCO|DGT|SLD|BON|XLK|LOT|HWI|CRL|BSV|XOU|LEY|PRE|KKM|PFY|LAY|BPN
SP003712,2,41,FGH,MAN,FGH|FGW|CLR|CUW|WTL|CMN|XCI|FYS|KWL|PBY|LLE|GWN|SWA|NTH|PTA|BGN|PCD|PYC|CDF|NWP|CWM|PPL|AGV|HFD|LEO|LUD|CRV|SHR|WEM|PRS|WTC|WRE|NAN|CRE|SDB|CEL|ALD|WML|CHU|SPT|MAN
SP003713,2,43,MFH,MAN,MFH|JOH|HVF|CLR|CUW|WTL|CMN|XCI|FYS|KWL|PBY|LLE|GWN|SWA|NTH|PTA|BGN|PCD|PYC|CDF|NWP|CWM|PPL|AGV|HFD|LEO|LUD|CRV|CTT|SHR|WEM|PRS|WTC|WRE|NAN|CRE|SDB|CEL|ALD|WML|CHU|SPT|MAN
SP003714,1,7,PAD,HWV,PAD|EAL|WEA|STL|HAY|HXX|HWV
SP003715,10,21,CDF,MAN,CDF|NWP|CWM|AGV|HFD|LEO|LUD|CRV|SHR|WEM|PRS|WRE|NAN|CRE|SDB|CEL|ALD|WML|CHU|SPT|MAN
SP003716,40,10,ABX,PDX,ABX|WWC|CUS|CWX|WHX|LSX|FDX|TCR|BDS|PDX
SP003717,2,2,TOT,KBS,TOT|KBS
SP003718,1,18,EDB,ABD,EDB|HYM|INK|BTS|KDY|MNC|LDY|CUP|LEU|DEE|BYF|CAN|ARB|MTS|LAU|STN|PLN|ABD
SP003719,1,3,MAN,LDS,MAN|HUD|LDS
SP003720,1,38,XVJ,RAM,XVJ|BRX|HNH|WDU|SYH|PNE|KTH|BKJ|SRT|BMS|BKL|XLY|XMU|SMY|SAY|FNR|XWK|LGF|MEP|SOR|XRJ|RTR|CTM|GLM|RAI|NGT|SIT|TEY|FAV|WHI|CSW|HNB|BCH|WGA|MAR|BSR|DMP|RAM
SP003721,1,3,LDS,MAN,LDS|HUD|MAN
SP003722,2,2,KBS,TOT,KBS|TOT
SP003723,1,5,LDS,YRK,LDS|CRG|MIK|CHF|YRK
SP003724,2,22,BPN,MIA,BPN|LAY|PFY|KKM|PRE|LEY|XOU|BSV|CRL|ADL|BLK|HWI|LOT|XLK|BON|SLD|DGT|MCO|MAN|EDY|HDG|MIA
SP003725,26,3,XSC,TOT,XSC|KBS|TOT
SP003726,2,15,PLY,PNZ,PLY|DPT|STS|SGM|LSK|BOD|LOS|PAR|SAU|TRU|RED|CBN|HYL|SER|PNZ
SP003727,2,25,CUB,MLN,CUB|GRL|CBC|WFF|MTH|AIR|HNC|HNW|BLT|NTN|CBL|RUT|DAK|BDG|AGS|GCL|AND|EXG|PTK|HYN|ANL|WES|BRN|HLF|MLN
SP003728,1,22,GTW,RDZ,GTW|SAF|ELD|RDH|REI|BTO|DPD|DKT|GOM|CHL|SFR|GLD|WAN|ASH|NCM|FNN|BAW|SND|CRN|WKM|EAR|RDZ
SP003729,1,8,EAD,WOK,EAD|RAY|NEM|SUR|WYB|BFN|WBY|WOK
SP003730,1,16,ABX,HWV,ABX|WWC|CUS|CWX|WHX|LSX|FDX|TCR|BDS|PDX|EAL|WEA|STL|HAY|HXX|HWV
SP003731,1,7,RAY,STW,RAY|NEM|NBT|KNG|HMW|TED|STW
SP003732,4,12,ASB,GLC,ASB|SLT|STV|KWN|DLY|GLG|LHW|HOZ|MIN|JHN|PYG|GLC
SP003733,22,3,YVP,YVJ,YVP|YVB|YVJ
SP003734,2,18,SOP,MCO,SOP|MEC|BES|NLN|BCB|HSC|PBL|APB|GST|WGW|INC|HIN|WHG|XLK|BON|SLD|DGT|MCO
SP003735,22,3,YVJ,YVP,YVJ|YVB|YVP
SP003736,1,18,SCA,MAN,SCA|SEM|MLT|YRK|CHF|CFD|XES|LDS|XES|WKK|MIR|HUD|MSN|GNF|SYB|GUI|ABY|MAN
SP003737,1,10,STA,NOT,STA|XCO|XOI|XIM|NUN|HNK|LBO|XTG|XTR|NOT
SP003738,2,19,LST,HWC,LST|BET|XOW|SRA|MYL|IFD|GDP|SNF|CHM|BPA|WTM|KEL|MKT|COL|MNG|MIS|HPQ|DVC|HWC
SP003739,2,20,HWC,LST,HWC|DVC|HPQ|WRB|MIS|MNG|COL|MKT|KEL|WTM|HAP|BPA|CHM|SNF|GDP|IFD|SRA|XOW|BET|LST
SP003740,6,7,COL,HWC,COL|MNG|MIS|WRB|HPQ|DVC|HWC
SP003741,2,18,LST,HPQ,LST|BET|XOW|SRA|MYL|IFD|GDP|SNF|CHM|BPA|HAP|WTM|KEL|MKT|COL|MNG|MIS|HPQ
SP003742,4,2,YVJ,YVP,YVJ|YVP
SP003743,2,17,LST,HPQ,LST|BET|XOW|SRA|MYL|IFD|GDP|SNF|CHM|BPA|WTM|KEL|MKT|COL|MNG|MIS|HPQ
SP003744,2,20,CMN,CDF,CMN|XCI|FYS|KWL|PBY|LLE|GWN|SWA|LAS|SKE|NTH|BNF|BAJ|PTA|PYL|BGN|PCD|LLR|PYC|CDF
SP003745,2,15,LLE,CDF,LLE|GWN|SWA|LAS|SKE|NTH|BNF|BAJ|PTA|PYL|BGN|PCD|LLR|PYC|CDF
SP003746,6,13,SWA,CDF,SWA|LAS|SKE|NTH|BNF|BAJ|PTA|PYL|BGN|PCD|LLR|PYC|CDF
SP003747,1,14,SSD,LST,SSD|SST|BIS|HWN|BXB|CHN|BMD|TOM|XMI|HAC|LOF|CBH|BET|LST
SP003748,10,13,CDF,SWA,CDF|PYC|LLR|PCD|BGN|PYL|PTA|BAJ|BNF|NTH|SKE|LAS|SWA
SP003749,12,10,COW,EDB,COW|DFL|DFE|ROS|INK|NQU|DAM|EGY|HYM|EDB
SP003750,4,29,PMD,CDF,PMD|PMB|LAM|MRB|PNA|TEN|SDF|KGT|NAR|WTL|CMN|XCI|FYS|KWL|PBY|LLE|SWA|LAS|SKE|NTH|BNF|BAJ|PTA|PYL|BGN|PCD|LLR|PYC|CDF
SP003751,2,9,WOS,BRI,WOS|XAY|ASC|CNM|GCR|YAE|BPW|FIT|BRI
SP003752,1,3,ARA,ARA,ARA|MLG|ARA
SP003753,3,2,MLG,ARA,MLG|ARA
SP003754,2,13,LIV,WGN,LIV|EDG|WAV|BGE|ROB|HUY|WHN|RNH|LEG|SHJ|ERL|NLW|WGN
SP003755,4,6,RDG,PAD,RDG|TWY|MAI|SLO|STL|PAD
SP003756,1,15,BAL,BTN,BAL|SRS|ECR|PUR|XJS|RDH|ELD|GTW|TBD|HHE|XKM|BUG|HSK|PRP|BTN
SP003757,6,14,EDB,LEV,EDB|HYM|SGL|EGY|INK|ROS|DFE|DFL|COW|LCG|CDD|GLT|CBX|LEV
SP003758,2,36,BDM,BTN,BDM|FLT|HLN|LEA|LUT|LTN|HPD|SAC|HEN|BCZ|CRI|WHP|KTN|SPL|ZFD|CTK|BFR|XMK|XLJ|NXG|SYD|NWD|ECR|PUR|XJS|ELD|GTW|TBD|BAB|HHE|WVF|XKM|BUG|HSK|PRP|BTN
SP003759,1,19,EBN,BAL,EBN|HMD|XIL|PLG|XRH|LWS|CBR|XKM|WVF|HHE|TBD|GTW|ELD|RDH|XJS|PUR|ECR|SRS|BAL
SP003760,1,19,CHX,GRV,CHX|WAE|NWX|LEW|XPY|HGR|LEE|MTG|NEH|SID|AYP|BXY|CRY|XRT|DFD|SCG|GNH|XSR|GRV
SP003761,2,11,EDB,COW,EDB|HYM|SGL|EGY|DAM|NQU|INK|ROS|DFE|DFL|COW
SP003762,2,5,LLJ,BFF,LLJ|TLC|LWR|BYC|BFF
SP003763,12,13,BFF,LLD,BFF|RMB|DWD|PYP|BYC|LWR|NLR|DLG|TLC|GCW|LLJ|DGY|LLD
SP003764,10,13,LLD,BFF,LLD|DGY|LLJ|GCW|TLC|DLG|NLR|LWR|BYC|PYP|DWD|RMB|BFF
SP003765,1,29,LAN,EUS,LAN|PRE|XOU|WGN|WBQ|XYJ|ACB|WSF|CRE|STA|XCO|XOI|LTV|TAM|XIM|NUN|RUG|XWZ|XHN|MKC|BLY|XOD|TRI|XOE|WFJ|HRW|WMB|XWI|EUS
SP003766,38,9,GLQ,FKG,GLQ|SPR|RRN|SPS|GRH|GRL|CUB|CMO|FKG
SP003767,2,12,EDB,GLT,EDB|HYM|SGL|EGY|INK|ROS|DFE|DFL|COW|LCG|CDD|GLT
SP003768,2,31,HLC,EDB,HLC|CGD|CDR|DLR|DBC|DBE|DMR|CYK|YOK|GRS|SCH|HYN|PTK|CHC|GQL|HST|BLG|SLS|CBS|COA|ADR|DRU|CAC|BKR|ARM|BHG|LSN|UHA|EDP|HYM|EDB
SP003769,1,15,BHM,RGL,BHM|XOZ|AST|XRA|HSD|TAB|BSC|WSL|BLX|BWN|LAW|CAO|HNF|RGT|RGL
SP003770,6,31,HLC,BHG,HLC|CGD|CDR|DLR|DBC|DBE|DMR|SIN|DMY|DMC|WES|ANL|HYN|PTK|CHC|GQL|HST|BLG|CAY|SLS|GAR|EST|BAI|CBS|COA|ADR|DRU|CAC|BKR|ARM|BHG
SP003771,2,27,CDF,MFH,CDF|NNP|PYC|LLR|PCD|BGN|PYL|PTA|BAJ|BNF|NTH|SKE|LAS|SWA|GWN|LLE|PBY|KWL|FYS|XCI|CMN|WTL|CUW|CLR|HVF|JOH|MFH
SP003772,2,3,FGH,CLR,FGH|FGW|CLR
SP003773,2,26,HLC,ADR,HLC|CGD|CDR|DLR|DBC|DBE|DMR|SIN|DMY|DMC|WES|ANL|HYN|PTK|CHC|GQL|HST|BLG|CAY|SLS|GAR|EST|BAI|CBS|COA|ADR
SP003774,2,24,ADR,HLC,ADR|COA|CBS|BAI|EST|GAR|SLS|CAY|BLG|HST|GQL|CHC|PTK|HYN|GRS|YOK|CYK|DMR|DBE|DBC|DLR|CDR|CGD|HLC
SP003775,2,7,DMR,HLC,DMR|DBE|DBC|DLR|CDR|CGD|HLC
SP003776,2,32,EDB,HLC,EDB|HYM|EDP|UHA|LSN|BHG|DRU|ADR|COA|CBS|BAI|EST|GAR|SLS|BLG|HST|GQL|CHC|PTK|HYN|GRS|YOK|CYK|DMR|KPT|BWG|DBE|DBC|DLR|CDR|CGD|HLC
SP003777,8,15,SRA,BIS,SRA|XTA|LEB|XMI|TOM|MRW|BMD|ENL|CHN|BXB|RYN|HWN|HWM|SAW|BIS
SP003778,4,14,SRA,BIS,SRA|XTA|LEB|XMI|TOM|MRW|BMD|ENL|WLC|CHN|BXB|HWN|HWM|BIS
SP003779,2,35,EDB,HLC,EDB|HYM|EDP|UHA|LSN|BHG|ARM|BKR|CAC|DRU|ADR|COA|CBS|BAI|EST|GAR|SLS|CAY|BLG|HST|GQL|CHC|PTK|HYN|SCH|GRS|YOK|CYK|DMR|DBE|DBC|DLR|CDR|CGD|HLC
SP003780,3,8,SWA,CMN,SWA|GWN|LLE|PBY|KWL|FYS|XCI|CMN
SP003781,2,12,BPN,LDS,BPN|PFY|KKM|PRE|XLS|BBN|ACR|BYM|HBD|HFX|BDI|LDS
SP003782,8,34,HLC,EDB,HLC|CGD|CDR|DLR|DBC|DBE|DMR|CYK|YOK|GRS|HYN|PTK|CHC|GQL|HST|BLG|CAY|SLS|GAR|EST|BAI|CBS|COA|ADR|DRU|CAC|BKR|ARM|BHG|LSN|UHA|EDP|HYM|EDB
SP003783,2,11,PMD,CMN,PMD|PMB|LAM|MRB|PNA|TEN|SDF|KGT|NAR|WTL|CMN
SP003784,2,13,SWA,FGH,SWA|GWN|LLE|PBY|KWL|FYS|XCI|CMN|WTL|CUW|CLR|FGW|FGH
SP003785,2,14,SRA,BIS,SRA|XTA|LEB|XMI|TOM|NUM|BMD|ENL|WLC|CHN|BXB|HWN|HWM|BIS
SP003786,1,22,BHM,HHD,BHM|XOS|XGJ|DDP|WVH|XBJ|PKG|STA|CRE|CTR|SHT|FLN|PRT|RHL|AGL|CWB|LLJ|PMW|BNG|LPG|VAL|HHD
SP003787,2,16,SRA,BIS,SRA|XTA|LEB|XMI|TOM|MRW|BMD|ENL|WLC|CHN|BXB|RYN|HWN|HWM|SAW|BIS
SP003788,1,24,PAD,SWA,PAD|STL|SLO|MAI|TWY|RDG|GOR|DID|SWI|CPM|BTH|BRI|FIT|BPW|PWY|PIL|STJ|NWP|CDF|PYC|BGN|PTA|NTH|SWA
SP003789,4,3,CMN,TEN,CMN|WTL|TEN
SP003790,4,3,TEN,CMN,TEN|WTL|CMN
SP003791,2,14,SRA,BIS,SRA|XTA|LEB|XMI|TOM|NUM|BMD|CHN|BXB|RYN|HWN|HWM|SAW|BIS
SP003792,2,33,EDB,HLC,EDB|HYM|EDP|UHA|LSN|BHG|ARM|BKR|CAC|DRU|ADR|COA|CBS|BAI|EST|GAR|SLS|BLG|HST|GQL|CHC|PTK|HYN|GRS|YOK|CYK|DMR|DBE|DBC|DLR|CDR|CGD|HLC
SP003793,1,18,BRI,PAD,BRI|BTH|BOA|TRO|WSB|PEW|BDW|HGD|KIT|NBY|THA|THE|RDG|TWY|MAI|SLO|STL|PAD
SP003794,1,4,BAK,ECR,BAK|BAL|SRS|ECR
SP003795,1,13,LST,BIS,LST|BET|HAC|XMI|TOM|BMD|CHN|BXB|RYN|HWN|HWM|SAW|BIS
SP003796,2,25,EDB,GRS,EDB|HYM|EDP|UHA|LSN|BHG|ARM|BKR|CAC|DRU|ADR|COA|CBS|BAI|EST|GAR|SLS|CAY|BLG|HST|GQL|CHC|PTK|HYN|GRS
SP003797,2,26,WCK,INV,WCK|GGJ|THS|GGJ|SCT|ABC|FRS|KBC|KIL|HMS|BRA|GOL|ROG|LRG|INH|CUA|ARD|TAI|FRN|IGD|ASS|DIN|CBD|MOO|BEL|INV
SP003798,2,5,DIN,INV,DIN|CBD|MOO|BEL|INV
SP003799,2,5,INV,DIN,INV|BEL|MOO|CBD|DIN
SP003800,2,7,IGD,INV,IGD|ASS|DIN|CBD|MOO|BEL|INV
SP003801,2,7,INV,IGD,INV|BEL|MOO|CBD|DIN|ASS|IGD
SP003802,2,10,INV,ARD,INV|BEL|MOO|CBD|DIN|ASS|IGD|FRN|TAI|ARD
SP003803,2,9,TAI,INV,TAI|FRN|IGD|ASS|DIN|CBD|MOO|BEL|INV
SP003804,3,9,INV,TAI,INV|BEL|MOO|CBD|DIN|ASS|IGD|FRN|TAI
SP003805,8,17,INV,KYL,INV|BEL|MOO|CBD|DIN|GVE|LCC|AAT|ACN|ACH|STC|ATT|STF|DCG|PLK|DRN|KYL
SP003806,1,14,LET,KGX,LET|HIT|SVG|KBW|XGN|WLW|WGC|HAT|PBR|NBA|AAP|FPK|XKB|KGX
SP003807,1,24,GRS,EDB,GRS|SCH|JOR|HYN|PTK|CHC|GQL|HST|BLG|CAY|SLS|GAR|EST|BAI|CBS|COA|ADR|DRU|BHG|LSN|UHA|EDP|HYM|EDB
SP003808,2,7,EDB,GLC,EDB|HYM|SLA|CRS|SDM|MTH|GLC
SP003809,1,23,BTN,WSW,BTN|PRP|HSK|BUG|XKM|WVF|HHE|BAB|TBD|GTW|SAF|ELD|XJS|PUR|PUO|SCY|ECR|SRS|TTH|NRB|SRC|BAL|WSW
SP003810,2,10,ABD,DEE,ABD|PLN|STN|LAU|MTS|ARB|CAN|MON|BYF|DEE
SP003811,1,18,WOS,PAD,WOS|WPH|PSH|EVE|HYB|MIM|KGM|AUW|CBY|HND|OXF|GOR|RDG|TWY|MAI|SLO|STL|PAD
SP003812,1,13,EBN,HHE,EBN|HMD|XIL|PLG|BRK|GLY|XRH|LWS|CBR|PMP|XKM|WVF|HHE
SP003813,2,9,PLY,LSK,PLY|DPT|DOC|KEY|SBF|STS|SGM|MEN|LSK
SP003814,2,8,GLC,EKL,GLC|CMY|PWW|CKS|BUS|THT|HMY|EKL
SP003815,2,6,GLC,EKL,GLC|CKS|BUS|THT|HMY|EKL
SP003816,2,16,GDP,PDX,GDP|RMF|CTH|GMY|SVK|IFD|MNP|FOG|MYL|SRA|WHX|LSX|FDX|TCR|BDS|PDX
SP003817,2,24,NOT,LIV,NOT|LGM|ALF|CHD|DRO|SHF|DOR|GRN|BAM|EDL|CLY|HAZ|SPT|MAN|MCO|DGT|BWD|WAC|WID|HGN|HNX|ALE|EDG|LIV
SP003818,28,7,CUB,GLQ,CUB|GRL|GRH|SPS|RRN|SPR|GLQ
SP003819,30,7,GLQ,CUB,GLQ|SPR|RRN|SPS|GRH|GRL|CUB
SP003820,1,15,TPB,FST,TPB|SOE|SOC|WCF|CHW|LES|BEF|PSE|LAI|WHR|UPM|BKG|WEH|LHS|FST
SP003821,2,14,SRY,FST,SRY|TPB|SOE|SOC|LES|BEF|PSE|BSO|LAI|UPM|BKG|WEH|LHS|FST
SP003822,1,19,WSW,TBD,WSW|BAL|SRC|NRB|TTH|SRS|ECR|SCY|PUO|PUR|XJS|CDS|MHM|RDH|ELD|SAF|HOR|GTW|TBD
SP003823,2,14,SRY,FST,SRY|TPB|SOE|SOC|WCF|CHW|LES|BEF|PSE|LAI|UPM|BKG|WEH|FST
SP003824,2,11,MCV,WGW,MCV|SFD|SLD|SNN|MSD|WKD|ATN|HGF|DSY|HIN|WGW
SP003825,2,14,SRY,FST,SRY|TPB|SOE|SOC|WCF|CHW|LES|PSE|LAI|UPM|BKG|WEH|LHS|FST
SP003826,2,12,LLE,LLV,LLE|BYE|LLH|PTD|PTF|AMF|LLI|FFA|LLL|LLG|LNR|LLV
SP003827,2,14,SRY,FST,SRY|TPB|SOE|SOC|WCF|CHW|LES|PSE|BSO|LAI|UPM|BKG|WEH|FST
SP003828,8,34,SWA,SHR,SWA|GWN|LLE|BYE|LLH|PTD|PTF|AMF|LLI|FFA|LLL|LLG|LNR|LLV|CYN|SUG|LNW|LLM|GTH|CIM|BHR|LLO|PNY|DOL|LLT|LGO|KNU|KNI|BUK|HPT|BME|CRV|CTT|SHR
SP003829,2,15,TPB,FST,TPB|SOE|SOC|WCF|CHW|LES|BEF|PSE|BSO|LAI|UPM|BKG|WEH|LHS|FST
SP003830,56,16,SRY,FST,SRY|TPB|SOE|SOC|WCF|CHW|LES|BEF|PSE|BSO|LAI|UPM|BKG|WEH|LHS|FST
SP003831,2,8,FST,LES,FST|WEH|BKG|UPM|LAI|BSO|PSE|LES
SP003832,2,11,GLT,EDB,GLT|KDY|BTS|DAG|INK|NQU|DAM|EGY|SGL|HYM|EDB
SP003833,2,13,EDB,GLT,EDB|HYM|SGL|EGY|DAM|NQU|INK|DAG|AUR|BTS|KGH|KDY|GLT
SP003834,2,19,AYR,GLC,AYR|NOA|PTW|PRA|TRN|BSS|IRV|KWN|DLY|GLG|LHW|HOZ|MIN|JHN|PYG|HLW|HLE|CDO|GLC
SP003835,2,16,SRY,FST,SRY|TPB|SOE|SOC|WCF|CHW|LES|PSE|BSO|LAI|WHR|UPM|BKG|WEH|LHS|FST
SP003836,14,6,OXF,BRI,OXF|XJF|SWI|CPM|BTH|BRI
SP003837,16,6,BRI,OXF,BRI|BTH|CPM|SWI|XJF|OXF
SP003838,2,18,XSU,CAT,XSU|XLJ|NXG|BCY|HPA|FOH|SYD|PNW|ANZ|NWD|ECR|SCY|PUO|PUR|KLY|WHY|WHS|CAT
SP003839,1,9,SHF,PNS,SHF|MHS|CLN|ELR|WOM|BNY|DOD|SLK|PNS
SP003840,2,3,AON,FNH,AON|BTY|FNH
SP003841,2,5,OXF,BRI,OXF|SWI|CPM|BTH|BRI
SP003842,2,26,POO,NEM,POO|PKS|BSM|BMH|POK|CHR|HNA|NWM|SWY|BCU|BEU|ANF|TTN|RDB|SOU|SDN|SOA|ESL|XEW|WIN|MIC|BSK|FNB|WOK|SUR|NEM
SP003843,1,19,BAK,HRH,BAK|BAL|SRC|SRS|XGU|WCY|WLT|SUO|CHE|EWE|EPS|AHD|LHD|BXW|DKG|HLM|OLY|WNH|HRH
SP003844,2,21,NEM,BMH,NEM|SUR|WOK|FNB|BSK|MIC|WIN|XEW|ESL|SOA|SDN|SOU|RDB|TTN|BCU|SWY|NWM|HNA|CHR|POK|BMH
SP003845,2,19,WOF,PAD,WOF|WOS|WPH|PSH|EVE|HYB|MIM|KGM|AUW|CBY|HND|OXF|GOR|RDG|TWY|MAI|SLO|STL|PAD
SP003846,4,22,NEM,BMH,NEM|SUR|WOK|FNB|BSK|MIC|WIN|XEW|ESL|SOA|SDN|SOU|RDB|TTN|ANF|BCU|SWY|NWM|HNA|CHR|POK|BMH
SP003847,2,6,WJL,EUS,WJL|KNL|QPW|KBN|SOH|EUS
SP003848,5,16,SRY,FST,SRY|TPB|SOE|SOC|WCF|CHW|LES|BEF|PSE|BSO|LAI|WHR|UPM|BKG|WEH|FST
SP003849,1,16,NEM,BMH,NEM|SUR|WOK|FNB|BSK|MIC|WIN|XEW|ESL|SOA|SDN|SOU|RDB|TTN|BCU|BMH
SP003850,8,15,SRY,FST,SRY|TPB|SOE|SOC|WCF|CHW|LES|BEF|PSE|BSO|LAI|UPM|BKG|WEH|FST
SP003851,2,13,NEM,SOU,NEM|SUR|WOK|FNB|BSK|MIC|WIN|SHW|XEW|ESL|SOA|SDN|SOU
SP003852,2,16,TPB,FST,TPB|SOE|SOC|WCF|CHW|LES|BEF|PSE|BSO|LAI|WHR|UPM|BKG|WEH|LHS|FST
SP003853,1,11,LEV,EDB,LEV|CBX|GLT|COW|DFE|INK|NQU|DAM|EGY|HYM|EDB
SP003854,2,19,POO,NEM,POO|PKS|BSM|BMH|BCU|TTN|RDB|SOU|SDN|SOA|ESL|XEW|WIN|MIC|BSK|FNB|WOK|SUR|NEM
SP003855,1,60,KGX,ABD,KGX|XKB|FPK|HRN|AAP|NSG|NBA|HDW|PBR|BPK|HAT|WGC|XGN|KBW|SVG|HIT|ARL|BIW|SDY|SNO|HUN|XHO|PBO|GRA|NNG|XNK|RET|DON|YRK|THI|NTR|DAR|DHM|NCL|MPT|ALM|BWK|RSN|DUN|DRM|PST|EDB|HYM|EGY|DAM|NQU|INK|BTS|KDY|LDY|CUP|LEU|DEE|BYF|CAN|ARB|MTS|LAU|STN|ABD
SP003856,1,22,DBY,STP,DBY|SPO|XTG|EMD|LBO|LEI|MMO|OKM|XMJ|COR|KET|WEL|BDM|FLT|LUT|LTN|SAC|HEN|CRI|WHP|KTN|STP
SP003857,28,8,GRY,FST,GRY|CFH|OCK|UPM|BKG|WEH|LHS|FST
SP003858,34,3,MBR,RCC,MBR|SBK|RCC
SP003859,1,31,KGX,LDS,KGX|XKB|FPK|HRN|AAP|NSG|NBA|HDW|PBR|BPK|HAT|WGC|XGN|KBW|SVG|HIT|ARL|BIW|SDY|SNO|HUN|XHO|PBO|GRA|NNG|XNK|RET|DON|AWK|WKF|LDS
SP003860,2,8,LES,FST,LES|PSE|BSO|LAI|UPM|BKG|WEH|FST
SP003861,1,46,BDM,BTN,BDM|FLT|HLN|LEA|LUT|LTN|HPD|SAC|RDT|ELS|MIL|HEN|BCZ|CRI|WHP|KTN|SPL|CTK|BFR|XMK|XSU|XLJ|NXG|BCY|FOH|SYD|ANZ|NWD|ECR|SCY|PUO|PUR|XJS|ELD|SAF|HOR|GTW|TBD|BAB|HHE|WVF|XKM|BUG|HSK|PRP|BTN
SP003862,1,14,SHF,CLE,SHF|MHS|RMC|MEX|DON|KKS|HFS|CWE|SCU|BTB|HAB|SLL|GMB|CLE
SP003863,1,23,DON,LIV,DON|MEX|RMC|MHS|SHF|DOR|GRN|BAM|EDL|HAZ|SPT|MAN|MCO|DGT|URM|IRL|BWD|WAC|HGN|HNX|ALE|EDG|LIV
SP003864,4,18,LRH,GRS,LRH|MEY|CTE|HNC|HNW|BLT|NTN|CBL|RUT|DAK|BDG|AGS|GCL|AND|EXG|PTK|HYN|GRS
SP003865,1,47,BDM,BTN,BDM|FLT|HLN|LEA|LUT|LTN|HPD|SAC|RDT|ELS|MIL|HEN|BCZ|CRI|WHP|KTN|SPL|ZFD|CTK|BFR|XMK|XSU|XLJ|NXG|BCY|HPA|FOH|SYD|ECR|SCY|PUO|PUR|XJS|RDH|ELD|SAF|HOR|GTW|TBD|BAB|HHE|WVF|XKM|BUG|HSK|PRP|BTN
SP003866,2,27,FTW,EDB,FTW|SBR|RYB|TUL|CRR|RAN|BRO|UTY|CNR|AUI|ART|GCH|HLU|DLR|DBC|DMR|WES|MYH|BBG|LNZ|CRO|FKK|PMT|LIN|HYM|EDB|EDB
SP003867,1,16,MYB,OXF,MYB|XNJ|WCX|SRU|WRU|GER|HWY|SDR|PRR|HDM|XJV|XGY|BIT|ISP|OXP|OXF
SP003868,2,5,SHR,LLO,SHR|CTT|CRV|KNI|LLO
SP003869,1,17,HUL,MAN,HUL|BUH|GBD|HOW|SBY|CFD|XES|LDS|XES|MIR|HUD|MSN|GNF|SYB|GUI|ABY|MAN
SP003870,2,7,SVG,AAP,SVG|KBW|WLW|WGC|HAT|PBR|AAP
SP003871,1,11,NEM,SAL,NEM|SUR|WOK|FNB|FLE|BSK|OVR|WCH|ADV|GRT|SAL
SP003872,2,14,EXD,SAL,EXD|EXC|PIN|CBK|WHM|FNT|HON|AXM|CKN|YVJ|SHE|TMC|GIL|SAL
SP003873,2,10,YRK,SHF,YRK|ULL|CHF|SIE|PFR|MRP|SWN|RMC|MHS|SHF
SP003874,2,11,PSE,FST,PSE|SFO|ETL|TIL|GRY|PFL|RNM|DDK|BKG|WEH|FST
SP003875,2,18,HFD,BHM,HFD|LED|CWL|XMN|GMV|MVL|XHK|WOF|DTW|XSW|BMV|BTG|LOB|KNN|XIR|XON|XOZ|BHM
SP003876,2,4,SVG,WGC,SVG|KBW|WLW|WGC
SP003877,2,12,WTM,LST,WTM|HAP|BPA|CHM|INT|SNF|GDP|IFD|SRA|XOW|BET|LST
SP003878,2,17,EDB,PTH,EDB|HYM|SGL|EGY|DAM|NQU|INK|ROS|DFE|DFL|COW|LCG|CDD|GLT|MNC|LDY|PTH
SP003879,2,6,SVG,RYS,SVG|HIT|LET|BDK|AWM|RYS
SP003880,6,15,BTR,LST,BTR|BTP|CES|WNY|WTM|HAP|BPA|CHM|SNF|GDP|IFD|SRA|XOW|BET|LST
SP003881,4,14,SOC,FST,SOC|WCF|CHW|LES|BEF|PSE|BSO|LAI|WHR|UPM|BKG|WEH|LHS|FST
SP003882,2,15,BHM,MKC,BHM|XOZ|SCF|BHI|HIA|BKW|THL|CNL|COV|RUG|LBK|NMP|XHN|WOL|MKC
SP003883,3,25,MFH,CDF,MFH|JOH|HVF|CLR|CUW|WTL|CMN|XCI|FYS|KWL|PBY|LLE|GWN|SWA|LAS|SKE|NTH|BNF|BAJ|PTA|PYL|BGN|PCD|PYC|CDF
SP003884,2,4,DEE,ARB,DEE|BYF|CAN|ARB
SP003885,4,10,WTM,LST,WTM|BPA|CHM|SNF|GDP|IFD|SRA|XOW|BET|LST
SP003886,6,5,DEE,ARB,DEE|BYF|MON|CAN|ARB
SP003887,4,2,WRX,CTR,WRX|CTR
SP003888,2,16,BTR,LST,BTR|BTP|CES|WNY|WTM|HAP|BPA|CHM|INT|SNF|GDP|IFD|SRA|XOW|BET|LST
SP003889,2,8,ARB,DEE,ARB|CAN|GOF|BYL|MON|BSI|BYF|DEE
SP003890,2,6,PTH,ARB,PTH|DEE|BYF|MON|CAN|ARB
SP003891,2,7,CRE,SHR,CRE|CTR|WRX|RUA|CRK|GOB|SHR
SP003892,1,19,ADR,MLN,ADR|COA|CBS|BAI|EST|GAR|SLS|CAY|BLG|HST|GQL|CHC|PTK|HYN|ANL|WES|BRN|HLF|MLN
SP003893,8,25,EDB,MLN,EDB|HYM|EDP|UHA|LSN|BHG|ARM|BKR|CAC|DRU|ADR|CBS|SLS|CAY|BLG|HST|GQL|CHC|PTK|HYN|ANL|WES|BRN|HLF|MLN
SP003894,2,20,HYN,EDB,HYN|PTK|CHC|GQL|HST|BLG|CAY|SLS|CBS|ADR|DRU|CAC|BKR|ARM|BHG|LSN|UHA|EDP|HYM|EDB
SP003895,2,20,BHG,MLN,BHG|ARM|BKR|CAC|DRU|ADR|CBS|SLS|CAY|BLG|HST|GQL|CHC|PTK|HYN|ANL|WES|BRN|HLF|MLN
SP003896,6,17,BHG,MLN,BHG|DRU|ADR|CBS|SLS|CAY|BLG|HST|GQL|CHC|PTK|HYN|ANL|WES|BRN|HLF|MLN
SP003897,2,21,EDB,GRS,EDB|HYM|EDP|UHA|LSN|BHG|ARM|BKR|CAC|DRU|ADR|CBS|SLS|BLG|HST|GQL|CHC|PTK|HYN|SCH|GRS
SP003898,4,21,BHG,MLN,BHG|DRU|ADR|COA|CBS|BAI|EST|GAR|SLS|CAY|BLG|HST|GQL|CHC|PTK|HYN|ANL|WES|BRN|HLF|MLN
SP003899,1,12,NEM,AON,NEM|SUR|ESH|WYB|BFN|WOK|BKO|AHV|AHT|FNH|BTY|AON
SP003900,1,22,SWA,PAD,SWA|NTH|PTA|BGN|LWM|BRY|CAD|CDF|NWP|STJ|PIL|PWY|BPW|SWI|DID|GOR|RDG|TWY|MAI|SLO|STL|PAD
SP003901,6,15,MLN,ADR,MLN|HLF|BRN|WES|ANL|HYN|PTK|CHC|GQL|HST|BLG|CAY|SLS|CBS|ADR
SP003902,2,29,EDB,MLN,EDB|HYM|EDP|UHA|LSN|BHG|ARM|BKR|CAC|DRU|ADR|COA|CBS|BAI|EST|GAR|SLS|CAY|BLG|HST|GQL|CHC|PTK|HYN|ANL|WES|BRN|HLF|MLN
SP003903,2,33,WEY,NEM,WEY|UPW|DCH|MTN|WOO|WRM|HOL|HAM|POO|PKS|BSM|BMH|POK|CHR|HNA|NWM|SWY|BCU|ANF|TTN|RDB|SOU|SDN|SOA|ESL|XEW|WIN|MIC|BSK|FNB|WOK|SUR|NEM
SP003904,2,2,SMQ,PNQ,SMQ|PNQ
SP003905,2,13,LST,WTM,LST|BET|XOW|SRA|MYL|IFD|GDP|SNF|INT|CHM|BPA|HAP|WTM
SP003906,2,22,GRS,EDB,GRS|SCH|HYN|PTK|CHC|GQL|HST|BLG|CAY|SLS|CBS|ADR|DRU|CAC|BKR|ARM|BHG|LSN|UHA|EDP|HYM|EDB
SP003907,2,28,MLN,EDB,MLN|HLF|BRN|WES|ANL|HYN|PTK|CHC|GQL|HST|BLG|CAY|SLS|GAR|EST|BAI|CBS|ADR|DRU|CAC|BKR|ARM|BHG|LSN|UHA|EDP|HYM|EDB
SP003908,6,12,LST,WTM,LST|BET|XOW|SRA|MYL|IFD|GDP|SNF|INT|CHM|BPA|WTM
SP003909,4,29,MLN,EDB,MLN|HLF|BRN|WES|ANL|HYN|PTK|CHC|GQL|HST|BLG|CAY|SLS|GAR|EST|BAI|CBS|COA|ADR|DRU|CAC|BKR|ARM|BHG|LSN|UHA|EDP|HYM|EDB
SP003910,2,16,LST,BTR,LST|BET|XOW|SRA|MYL|IFD|GDP|SNF|CHM|BPA|HAP|WTM|WNY|CES|BTP|BTR
SP003911,3,15,ADR,MLN,ADR|CBS|SLS|CAY|BLG|HST|GQL|CHC|PTK|HYN|ANL|WES|BRN|HLF|MLN
SP003912,4,17,MLN,BHG,MLN|HLF|BRN|WES|ANL|HYN|PTK|CHC|GQL|HST|BLG|CAY|SLS|CBS|ADR|DRU|BHG
SP003913,2,14,LIT,PMS,LIT|FOD|BAA|CCH|FSB|BOH|NUT|SOB|EMS|WBL|HAV|HLS|FTN|PMS
SP003914,2,12,COL,LST,COL|MKT|WTM|BPA|CHM|SNF|GDP|IFD|SRA|XOW|BET|LST
SP003915,1,35,WHP,RAI,WHP|KTN|SPL|ZFD|CTK|BFR|XMK|XKE|DEP|GNW|MZH|WCB|CTN|WWD|WWA|PLU|ABW|BVD|ERH|SGR|XRT|DFD|SCG|GNH|SWM|NFL|XSR|GRV|HGM|SOO|XRJ|RTR|CTM|GLM|RAI
SP003916,1,30,DMR,EDB,DMR|CYK|YOK|GRS|SCH|JOR|HYN|PTK|CHC|GQL|HST|BLG|CAY|SLS|GAR|EST|BAI|CBS|COA|ADR|DRU|CAC|BKR|ARM|BHG|LSN|UHA|EDP|HYM|EDB
SP003917,2,21,NEM,BMH,NEM|SUR|WOK|FNB|FLE|WNF|BSK|MIC|WIN|XEW|ESL|SOA|SDN|SOU|RDB|TTN|BCU|NWM|CHR|POK|BMH
SP003918,2,20,SOU,NEM,SOU|SDN|SWG|SOA|ESL|XEW|SHW|WIN|MIC|BSK|HOK|WNF|FLE|FNB|BKO|WOK|BFN|WYB|SUR|NEM
SP003919,4,11,WTM,LST,WTM|BPA|CHM|INT|SNF|GDP|IFD|SRA|XOW|BET|LST
SP003920,2,16,SOU,PMH,SOU|SDN|BTE|WLS|SHO|NTL|HME|BUO|SNW|FRM|PTC|CSA|HLS|FTN|PMS|PMH
SP003921,2,3,XOA,CNF,XOA|XOA|CNF
SP003922,2,15,LST,COL,LST|BET|XOW|SRA|MYL|IFD|GDP|SNF|CHM|BPA|HAP|WTM|KEL|MKT|COL
SP003923,2,15,LST,COL,LST|BET|XOW|SRA|MYL|IFD|GDP|SNF|INT|CHM|BPA|WTM|KEL|MKT|COL
SP003924,18,2,BAU,HUU,BAU|HUU
SP003925,18,2,HUU,BAU,HUU|BAU
SP003926,2,16,LST,COL,LST|BET|XOW|SRA|MYL|IFD|GDP|SNF|INT|CHM|BPA|HAP|WTM|KEL|MKT|COL
SP003927,6,21,LST,ELY,LST|BET|HAC|XMI|TOM|BMD|WLC|CHN|BXB|HWN|SAW|BIS|SST|AUD|WLF|XSP|CMS|CBG|CMB|WBC|ELY
SP003928,1,13,NEM,BSK,NEM|SUR|WAL|WYB|BFN|WBY|WOK|BKO|FNB|FLE|WNF|HOK|BSK
SP003929,1,22,ELY,LST,ELY|WBC|CMB|CBG|CMS|XSP|WLF|AUD|SST|BIS|HWN|RYN|BXB|CHN|BMD|TOM|XMI|HAC|LOF|CBH|BET|LST
SP003930,4,19,LST,CMB,LST|BET|HAC|XMI|TOM|BMD|WLC|CHN|BXB|HWN|SAW|BIS|SST|AUD|WLF|XSP|CMS|CBG|CMB
SP003931,4,16,CBG,LST,CBG|CMS|XSP|WLF|AUD|SST|BIS|HWN|BXB|CHN|BMD|TOM|XMI|HAC|BET|LST
SP003932,2,22,LIF,LOB,LIF|LIC|SEN|BKT|BUL|FOK|SUT|WYL|CRD|ERD|GVH|AST|DUD|XOZ|BHM|FWY|UNI|SLY|BRV|KNN|NFD|LOB
SP003933,4,10,BHM,BMV,BHM|FWY|UNI|SLY|BRV|KNN|NFD|LOB|BTG|BMV
SP003934,66,24,LIF,BMV,LIF|LIC|SEN|BKT|BUL|FOK|SUT|WYL|CRD|ERD|GVH|AST|DUD|XOZ|BHM|FWY|UNI|SLY|BRV|KNN|NFD|LOB|BTG|BMV
SP003935,2,19,ELY,LST,ELY|WBC|CMB|CBG|CMS|XSP|WLF|AUD|SST|BIS|HWN|BXB|CHN|BMD|TOM|XMI|HAC|BET|LST
SP003936,2,20,CBG,LST,CBG|CMS|XSP|WLF|AUD|NWE|ESM|SST|BIS|SAW|HWN|BXB|CHN|WLC|BMD|TOM|XMI|HAC|BET|LST
SP003937,4,18,LST,CBG,LST|BET|HAC|XMI|TOM|BMD|CHN|BXB|HWN|HWM|SAW|BIS|SST|AUD|WLF|XSP|CMS|CBG
SP003938,4,20,CBG,LST,CBG|CMS|XSP|SED|WLF|GRC|AUD|NWE|ESM|SST|BIS|HWN|BXB|CHN|BMD|TOM|XMI|HAC|BET|LST
SP003939,1,12,NEM,PTR,NEM|SUR|WOK|GLD|FNC|GOD|MLF|WTY|HSL|LIP|LIS|PTR
SP003940,4,12,PSE,FST,PSE|SFO|ETL|TIL|GRY|CFH|OCK|UPM|BKG|WEH|LHS|FST
SP003941,1,6,HUD,LDS,HUD|DEW|BTL|MLY|COT|LDS
SP003942,2,12,SAL,ROM,SAL|DEN|ROM|RDB|MBK|SOU|SDN|SWG|SOA|ESL|CFR|ROM
SP003943,1,6,LDS,HUD,LDS|COT|MLY|BTL|DEW|HUD
SP003944,2,16,SAL,SAL,SAL|DEN|DBG|ROM|CFR|ESL|SOA|SWG|SDN|SOU|MBK|RDB|ROM|DBG|DEN|SAL
SP003945,6,15,SMN,LST,SMN|BUU|ALN|NFA|SOF|BLB|WIC|BIC|SNF|GDP|IFD|SRA|XOW|BET|LST
SP003946,2,14,SMN,LST,SMN|BUU|ALN|NFA|SOF|BLB|WIC|SNF|GDP|IFD|SRA|XOW|BET|LST
SP003947,4,16,LST,SMN,LST|BET|XOW|SRA|MYL|IFD|GDP|SNF|BIC|WIC|BLB|SOF|NFA|ALN|BUU|SMN
SP003948,1,22,LST,SOV,LST|BET|XOW|SRA|MYL|MNP|IFD|GMY|CTH|RMF|GDP|HRO|BRE|SNF|BIC|WIC|RLG|HOC|RFD|SIA|PRL|SOV
SP003949,2,20,FOK,RDC,FOK|SUT|WYL|CRD|ERD|GVH|AST|DUD|XOZ|BHM|FWY|UNI|SLY|BRV|KNN|NFD|LOB|BTG|ALV|RDC
SP003950,34,12,MCV,LIV,MCV|SFD|ECC|NLW|ERL|SHJ|LEG|RNH|HUY|ROB|EDG|LIV
SP003951,1,10,HUL,YRK,HUL|BUH|GBD|EGN|HOW|WRS|SBY|SIE|CHF|YRK
SP003952,2,9,DBY,MAT,DBY|DFI|BLP|XAJ|AMB|WTS|CMF|MTB|MAT
SP003953,2,21,NRW,SHF,NRW|WMD|ATL|TTF|BND|XYE|ELY|XYE|MNE|MCH|WLE|PBO|GRA|ALK|BIN|RDF|NOT|LGM|ALF|CHD|SHF
SP003954,2,20,SOV,LST,SOV|PRL|SIA|RFD|HOC|RLG|WIC|BIC|SNF|GDP|RMF|GMY|SVK|IFD|MNP|FOG|SRA|XOW|BET|LST
SP003955,1,20,SOV,LST,SOV|PRL|SIA|RFD|HOC|RLG|WIC|BIC|SNF|GDP|RMF|CTH|SVK|IFD|MNP|FOG|SRA|XOW|BET|LST
SP003956,1,21,BHM,SHR,BHM|XOS|SMR|XGJ|XGQ|SAD|DDP|TIP|CSY|WVH|BBK|CSL|ALB|COS|SFN|XMD|TFC|OKN|WLN|XSY|SHR
SP003957,1,7,PAD,GFD,PAD|EAL|WEA|DRG|CBP|SGN|GFD
SP003958,2,58,EUS,INV,EUS|XWI|WMB|HRW|WFJ|XOE|TRI|XOD|BLY|MKC|XHN|XWZ|RUG|COV|BKW|BHI|SCF|AST|XRA|BSC|XPJ|XBJ|PKG|STA|CRE|WSF|ACB|XYJ|WBQ|WGN|XOU|PRE|LAN|XOA|OXN|XIT|PNR|XGS|LOC|SLA|HYM|HYM|LIN|PMT|XGM|STG|DBL|GLE|PTH|DKD|PIT|BLA|DLW|NWR|KIN|AVM|CAG|INV
SP003959,31,20,BHM,SHR,BHM|XOS|XRA|TAB|BSC|DAS|WIA|XPJ|WVH|BBK|CSL|ALB|COS|SFN|XMD|TFC|OKN|WLN|XSY|SHR
SP003960,2,14,MAN,YRK,MAN|ABY|GUI|SYB|GNF|MSN|HUD|DEW|MLY|LDS|CRG|MIK|CHF|YRK
SP003961,2,9,HBD,LDS,HBD|MYT|SOW|HFX|LMR|BDI|NPD|BLE|LDS
SP003962,8,7,LAI,FST,LAI|WHR|UPM|BKG|WEH|LHS|FST
SP003963,1,21,MFH,CDF,MFH|JOH|HVF|CLR|CUW|WTL|CMN|XCI|FYS|KWL|PBY|LLE|GWN|SWA|NTH|PTA|PYL|BGN|PCD|PYC|CDF
SP003964,2,9,RCD,LDS,RCD|LTL|TOD|HBD|MYT|SOW|HFX|BDI|LDS
SP003965,2,47,BRI,EDB,BRI|FIT|BPW|YAE|CNM|ASC|XAY|XSW|BMV|BTG|LOB|KNN|SLY|FWY|BHM|XOZ|XLX|WTO|XKI|TAH|XWE|BUT|DBY|XAJ|CHD|SHF|SWN|MRP|WKF|LDS|CRG|MIK|CHF|YRK|THI|NTR|DAR|DHM|NCL|MPT|ALM|BWK|RSN|DUN|DRM|PST|EDB
SP003966,2,8,SHF,WKK,SHF|MHS|CLN|ELR|WOM|BNY|DRT|WKK
SP003967,2,12,BHM,NMP,BHM|XOZ|SCF|BHI|HIA|BKW|THL|CNL|COV|RUG|LBK|NMP
SP003968,58,8,GRY,FST,GRY|PFL|RNM|DDK|BKG|WEH|LHS|FST
SP003969,1,25,BAK,BTN,BAK|BAL|SRC|NRB|TTH|SRS|ECR|SCY|PUO|PUR|XJS|RDH|ELD|SAF|HOR|GTW|TBD|BAB|HHE|WVF|XKM|BUG|HSK|PRP|BTN
SP003970,13,46,EDB,EUS,EDB|HYM|SLA|LOC|XGS|CAR|PNR|XIT|OXN|XOA|LAN|PRE|XOU|WGN|WBQ|XYJ|ACB|WSF|CRE|STA|PKG|XBJ|WVH|DDP|SAD|XGJ|XOS|BHM|XOZ|SCF|BHI|BKW|COV|RUG|XWZ|XHN|MKC|BLY|XOD|TRI|XOE|WFJ|HRW|WMB|XWI|EUS
SP003971,2,11,BHM,WOF,BHM|XOZ|XON|XIR|KNN|LOB|BTG|BMV|XSW|DTW|WOF
SP003972,3,17,BHM,SHR,BHM|XOS|XGJ|XGQ|DDP|WVH|BBK|CSL|ALB|COS|SFN|XMD|TFC|OKN|WLN|XSY|SHR
SP003973,2,13,BSW,KID,BSW|JEQ|THW|SGB|SMW|LGG|ROW|OHL|CRA|LYE|SBJ|BKD|KID
SP003974,18,32,SAV,KID,SAV|STY|WMC|WWW|HNL|DZY|WDE|TLK|EWD|WYT|WTE|SRL|YRD|HLG|SRI|TYS|XOH|SMA|BMO|BSW|JEQ|THW|SGB|SMW|LGG|ROW|OHL|CRA|LYE|SBJ|BKD|KID
SP003975,6,17,SOC,FST,SOC|WCF|CHW|LES|BEF|PSE|SFO|ETL|TIL|GRY|PFL|RNM|DDK|BKG|WEH|LHS|FST
SP003976,2,21,WTE,KID,WTE|SRL|YRD|HLG|SRI|TYS|XOH|BMO|BSW|JEQ|THW|SGB|SMW|LGG|ROW|OHL|CRA|LYE|SBJ|BKD|KID
SP003977,4,8,NRW,GYM,NRW|XWH|BGA|BDA|CNY|REE|BYA|GYM
SP003978,20,22,WTE,KID,WTE|SRL|YRD|HLG|SRI|TYS|XOH|SMA|BMO|BSW|JEQ|THW|SGB|SMW|LGG|ROW|OHL|CRA|LYE|SBJ|BKD|KID
SP003979,2,8,WDM,PRE,WDM|SVL|BUD|KEN|OXN|XOA|LAN|PRE
SP003980,1,16,HUL,HFX,HUL|BUH|GBD|HOW|SBY|SOM|MIK|EGF|GRF|CRG|LDS|BLE|NPD|BDI|LMR|HFX
SP003981,2,8,GYM,NRW,GYM|BYA|REE|CNY|BDA|BGA|XWH|NRW
SP003982,2,7,GYM,NRW,GYM|BYA|REE|CNY|BDA|XWH|NRW
SP003983,4,6,GYM,NRW,GYM|REE|CNY|BDA|XWH|NRW
SP003984,1,26,BPN,MIA,BPN|LAY|PFY|KKM|SLW|PRE|LEY|XOU|BSV|CRL|ADL|BLK|HWI|LOT|XLK|BON|SLD|DGT|MCO|MAN|MAU|BNA|EDY|GTY|HDG|MIA
SP003985,1,11,SHF,LDS,SHF|MHS|RMC|SWN|BTD|GOE|THC|MRP|FZW|XES|LDS
SP003986,1,40,GLQ,KGX,GLQ|BBG|LNZ|CRO|FKK|PMT|LIN|HYM|EDB|PST|DRM|DUN|RSN|BWK|ALM|MPT|NCL|DHM|DAR|NTR|THI|YRK|DON|RET|XNK|NNG|GRA|PBO|HUN|SDY|BIW|HIT|SVG|XGN|WGC|PBR|AAP|FPK|XKB|KGX
SP003987,2,13,MAN,BUX,MAN|SPT|DVN|WSR|HAZ|MDL|DSL|NMN|FNV|WBR|CEF|DVH|BUX
SP003988,6,23,WTE,KID,WTE|SRL|YRD|HLG|SRI|TYS|XOH|SMA|BMO|BSW|JEQ|THW|SGB|SMW|LGG|ROW|OHL|CRA|LYE|SBJ|HAG|BKD|KID
SP003989,1,18,BTN,BAK,BTN|PRP|HSK|BUG|XKM|HHE|TBD|GTW|SAF|ELD|RDH|XJS|PUR|SCY|ECR|SRC|BAL|BAK
SP003990,1,21,LLJ,MIA,LLJ|CWB|AGL|RHL|PRT|FLN|SHT|CTR|HSB|FRD|RUE|WBQ|ERL|NLW|ECC|DGT|MCO|MAN|EDY|HDG|MIA
SP003991,1,35,PBO,HRH,PBO|HUN|SNO|SDY|BIW|ARL|HIT|SVG|XGN|WGC|PBR|AAP|FPK|XKB|SPL|ZFD|CTK|BFR|XMK|XLJ|NXG|SYD|NWD|ECR|PUR|XJS|RDH|ELD|HOR|GTW|TBD|CRW|IFI|LVN|HRH
SP003992,1,37,PBO,HRH,PBO|HUN|SNO|SDY|BIW|ARL|HIT|SVG|XGN|WGC|PBR|AAP|FPK|XKB|SPL|ZFD|CTK|BFR|XMK|XLJ|NXG|SYD|NWD|ECR|PUR|XJS|CDS|MHM|RDH|ELD|HOR|GTW|TBD|CRW|IFI|LVN|HRH
SP003993,1,35,HRH,PBO,HRH|LVN|IFI|CRW|TBD|GTW|HOR|ELD|RDH|XJS|PUR|ECR|NWD|SYD|NXG|XLJ|XMK|BFR|ZFD|SPL|XKB|FPK|AAP|BOP|GDH|HFN|SVG|HIT|ARL|BIW|SDY|SNO|HUN|XHO|PBO
SP003994,2,15,PBO,KGX,PBO|HUN|SNO|SDY|BIW|ARL|HIT|SVG|XGN|WGC|PBR|AAP|FPK|XKB|KGX
SP003995,4,5,BKG,GRY,BKG|DDK|RNM|PFL|GRY
SP003996,1,17,PBO,KGX,PBO|HUN|SNO|SDY|BIW|ARL|HIT|SVG|XGN|WGC|HAT|PBR|NBA|AAP|FPK|XKB|KGX
SP003997,2,19,TPB,FST,TPB|SOE|SOC|WCF|CHW|LES|BEF|PSE|SFO|ETL|TIL|GRY|PFL|RNM|DDK|BKG|WEH|LHS|FST
SP003998,1,19,LDS,BPN,LDS|NPD|BDI|HFX|HBD|BYM|ACR|BBN|MLH|CYT|PLS|BMB|XLS|LOH|PRE|SLW|KKM|PFY|BPN
SP003999,2,22,LST,CLT,LST|BET|XOW|SRA|MYL|IFD|GDP|SNF|CHM|BPA|HAP|WTM|KEL|MKT|COL|HYH|WIV|ALR|GRB|WEE|TLS|CLT
SP004000,1,43,GLC,EUS,GLC|WSH|LOC|XGS|CAR|PNR|XIT|OXN|XOA|LAN|PRE|XOU|EBA|WGN|WBQ|XYJ|ACB|WSF|CRE|STA|XCO|RGL|XOI|LTV|TAM|XIM|PSW|ATH|NUN|RUG|XWZ|XHN|WOL|MKC|BLY|XOD|TRI|XOE|WFJ|HRW|WMB|XWI|EUS
SP004001,1,27,CLT,LST,CLT|TLS|WEE|GRB|ALR|WIV|HYH|COL|MKT|KEL|WTM|BPA|CHM|SNF|BRE|HRO|GDP|RMF|GMY|SVK|IFD|MNP|FOG|SRA|XOW|BET|LST
SP004002,2,5,LDS,HFX,LDS|BLE|NPD|BDI|HFX
SP004003,6,17,CLT,LST,CLT|TLS|WIV|HYH|COL|MKT|KEL|WTM|BPA|CHM|SNF|GDP|IFD|SRA|XOW|BET|LST
SP004004,2,19,CLT,LST,CLT|TLS|GRB|ALR|WIV|HYH|COL|MKT|KEL|WTM|BPA|CHM|SNF|GDP|IFD|SRA|XOW|BET|LST
SP004005,2,20,MCO,LIV,MCO|DGT|URM|CSR|FLI|IRL|GLZ|BWD|PDG|WAC|WAW|WID|HGN|HED|HNX|ALE|WSA|MSH|EDG|LIV
SP004006,2,21,CLT,LST,CLT|TLS|GRB|ALR|WIV|HYH|COL|MKT|KEL|WTM|HAP|BPA|CHM|INT|SNF|GDP|IFD|SRA|XOW|BET|LST
SP004007,2,20,MCO,LIV,MCO|DGT|TRA|HUP|URM|CSR|FLI|IRL|GLZ|BWD|PDG|WAC|WAW|WID|HGN|HED|HNX|ALE|EDG|LIV
SP004008,1,17,CBG,KGX,CBG|CMS|XSP|FXN|RYS|AWM|BDK|LET|HIT|SVG|XGN|WGC|PBR|AAP|FPK|XKB|KGX
SP004009,1,44,GLC,EUS,GLC|MTH|SDM|LOC|XGS|CAR|PNR|XIT|OXN|XOA|LAN|PRE|XOU|EBA|WGN|WBQ|XYJ|ACB|WSF|CRE|STA|XCO|RGL|XOI|LTV|TAM|XIM|PSW|ATH|NUN|RUG|XWZ|XHN|WOL|MKC|BLY|XOD|TRI|XOE|WFJ|HRW|WMB|XWI|EUS
SP004010,1,38,GLC,EUS,GLC|MTH|SDM|CRS|LOC|XGS|CAR|PNR|XIT|OXN|XOA|LAN|XOU|WGN|WBQ|XYJ|ACB|WSF|CRE|STA|XCO|XOI|XIM|NUN|RUG|LBK|NMP|XHN|MKC|BLY|XOD|TRI|XOE|WFJ|HRW|WMB|XWI|EUS
SP004011,1,13,SHF,MAN,SHF|DOR|GRN|HSG|BAM|HOP|EDL|CLY|NMC|RML|RDN|ABY|MAN
SP004012,1,38,EUS,GLC,EUS|XWI|WMB|HRW|WFJ|XOE|TRI|XOD|BLY|MKC|XHN|NMP|LBK|RUG|NUN|XIM|XOI|XCO|STA|CRE|WSF|ACB|XYJ|WBQ|WGN|XOU|LAN|XOA|OXN|XIT|PNR|CAR|XGS|LOC|CRS|SDM|MTH|GLC
SP004013,1,19,BAK,HRH,BAK|BAL|SRC|SRS|ECR|SCY|PUR|XJS|CDS|MHM|RDH|ELD|SAF|HOR|GTW|TBD|CRW|LVN|HRH
SP004014,2,19,WON,LST,WON|FRI|KBX|TLS|WIV|HYH|COL|MKT|KEL|WTM|BPA|CHM|SNF|GDP|IFD|SRA|XOW|BET|LST
SP004015,2,22,HHD,BHM,HHD|VAL|LPG|BNG|PMW|LLJ|CWB|AGL|RHL|PRT|FLN|SHT|CTR|CRE|STA|PKG|XBJ|WVH|DDP|XGJ|XOS|BHM
SP004016,2,11,BHM,RDC,BHM|FWY|UNI|SLY|BRV|KNN|NFD|LOB|BTG|ALV|RDC
SP004017,2,28,EUS,PRE,EUS|XWI|WMB|HRW|WFJ|XOE|TRI|XOD|BLY|MKC|XHN|XWZ|RUG|NUN|XIM|TAM|LTV|XOI|XCO|STA|CRE|WSF|ACB|XYJ|WBQ|WGN|XOU|PRE
SP004018,1,8,GTW,BAL,GTW|ELD|RDH|XJS|PUR|ECR|SRS|BAL
SP004019,2,28,BHM,GLC,BHM|XOS|XGJ|SAD|DDP|WVH|XBJ|PKG|STA|CRE|WSF|ACB|XYJ|WBQ|WGN|XOU|PRE|LAN|XOA|OXN|XIT|PNR|CAR|XGS|LOC|SDM|MTH|GLC
SP004020,1,7,BAL,GTW,BAL|SRS|ECR|PUR|XJS|ELD|GTW
SP004021,1,35,SLB,MAN,SLB|LGK|RCE|RCC|SBK|MBR|TBY|EAG|YRM|NTR|THI|YRK|CHF|MIK|EGF|CRG|LDS|COT|MLY|BTL|DEW|RVN|MIR|DHN|HUD|SWT|MSN|GNF|MSL|SYB|GUI|GTO|ABY|ADK|MAN
SP004022,1,23,BHM,LIV,BHM|XOS|SMR|XGJ|XGQ|SAD|DDP|TIP|CSY|WVH|XBJ|PKG|STA|CRE|WSF|HTF|ACB|XYJ|RUN|ALE|MSH|EDG|LIV
SP004023,2,27,MAN,EUS,MAN|SPT|CHU|MAC|CNG|KDG|SOT|SNE|XCO|XOI|LTV|TAM|XIM|NUN|RUG|XWZ|XHN|MKC|BLY|XOD|TRI|XOE|WFJ|HRW|WMB|XWI|EUS
SP004024,2,19,LST,CLT,LST|BET|XOW|SRA|MYL|IFD|GDP|SNF|CHM|BPA|WTM|MKT|COL|HYH|WIV|ALR|GRB|TLS|CLT
SP004025,2,26,EUS,PRE,EUS|XWI|WMB|HRW|WFJ|XOE|TRI|XOD|BLY|MKC|XHN|XWZ|RUG|NUN|XIM|XOI|XCO|STA|CRE|WSF|ACB|XYJ|WBQ|WGN|XOU|PRE
SP004026,4,9,LIV,CRE,LIV|EDG|ALE|RUN|XYJ|ACB|HTF|WSF|CRE
SP004027,2,21,MAN,RCC,MAN|ABY|GUI|GNF|MSN|HUD|DEW|MLY|LDS|CRG|MIK|CHF|YRK|THI|NTR|YRM|EAG|TBY|MBR|SBK|RCC
SP004028,4,18,LST,CLT,LST|BET|XOW|SRA|MYL|IFD|GDP|SNF|CHM|BPA|WTM|KEL|MKT|COL|HYH|WIV|TLS|CLT
SP004029,4,20,LST,CLT,LST|BET|XOW|SRA|MYL|IFD|GDP|SNF|CHM|BPA|HAP|WTM|MKT|COL|HYH|WIV|ALR|GRB|TLS|CLT
SP004030,2,10,BHM,FOK,BHM|XOZ|DUD|AST|GVH|ERD|CRD|WYL|SUT|FOK
SP004031,2,23,BMV,LIC,BMV|BTG|LOB|NFD|KNN|BRV|SLY|UNI|FWY|BHM|XOZ|DUD|AST|GVH|ERD|CRD|WYL|SUT|FOK|BUL|BKT|SEN|LIC
SP004032,1,13,GTW,BAL,GTW|HOR|ELD|RDH|MHM|CDS|XJS|PUR|PUO|SCY|ECR|SRS|BAL
SP004033,11,46,GLC,EUS,GLC|MTH|SDM|LOC|XGS|CAR|PNR|XIT|OXN|XOA|LAN|PRE|XOU|WGN|WBQ|XYJ|ACB|WSF|CRE|STA|PKG|XBJ|WVH|DDP|SAD|XGJ|XOS|BHM|XOZ|SCF|BHI|BKW|COV|RUG|XWZ|XHN|MKC|BLY|XOD|TRI|XOE|WFJ|HRW|WMB|XWI|EUS
SP004034,2,32,EUS,CRE,EUS|XWI|WMB|HRW|WFJ|XOE|TRI|XOD|BLY|MKC|XHN|XWZ|RUG|COV|BKW|BHI|SCF|XOZ|BHM|XOS|XGJ|SAD|DDP|WVH|XBJ|PKG|STA|SNE|SOT|KDG|ASG|CRE
SP004035,9,18,MBR,WTB,MBR|JCH|MTO|GYP|NNT|GTA|BTT|KLD|COM|CSM|DNY|LHM|GLS|EGT|GMT|SLH|RUS|WTB
SP004036,1,43,EUS,GLC,EUS|XWI|WMB|HRW|WFJ|XOE|TRI|XOD|BLY|MKC|WOL|XHN|XWZ|RUG|NUN|ATH|PSW|XIM|TAM|LTV|XOI|RGL|XCO|STA|CRE|WSF|ACB|XYJ|WBQ|WGN|EBA|XOU|PRE|LAN|XOA|OXN|XIT|PNR|CAR|XGS|LOC|WSH|GLC
SP004037,2,26,LCN,STP,LCN|HKM|CLM|XNK|NCT|FSK|LOW|NOT|BEE|XTR|XTG|EMD|LBO|LEI|MHR|KET|WEL|BDM|FLT|LUT|SAC|HEN|CRI|WHP|KTN|STP
SP004038,2,26,LCN,STP,LCN|HKM|SWD|CLM|XNK|NCT|FSK|LOW|NOT|XTR|XTG|EMD|LBO|LEI|MHR|KET|WEL|BDM|FLT|LUT|SAC|HEN|CRI|WHP|KTN|STP
SP004039,2,20,LST,CLT,LST|BET|XOW|SRA|MYL|IFD|GDP|SNF|INT|CHM|BPA|WTM|MKT|COL|HYH|WIV|ALR|GRB|TLS|CLT
SP004040,1,14,RDG,PAD,RDG|TWY|MAI|TAP|BNM|SLO|LNY|IVR|WDT|HAY|STL|WEA|EAL|PAD
SP004041,1,7,HAF,PAD,HAF|HXX|HAY|STL|WEA|EAL|PAD
SP004042,1,13,MAN,CRE,MAN|MAU|BNA|EDY|GTY|HDG|WML|ALD|CEL|GTR|HCH|SDB|CRE
SP004043,4,15,BHM,LIF,BHM|XOZ|DUD|AST|GVH|ERD|CRD|WYL|SUT|FOK|BUL|BKT|SEN|LIC|LIF
SP004044,1,57,GLC,EUS,GLC|MTH|SDM|LOC|XGS|CAR|PNR|XIT|OXN|XOA|LAN|PRE|XOU|EBA|WGN|WBQ|XYJ|ACB|WSF|CRE|STA|PKG|XBJ|WVH|CSY|TIP|DDP|SAD|SGB|XGJ|SMR|XOS|BHM|XOZ|SCF|LEH|MGN|BHI|HIA|BKW|THL|CNL|COV|RUG|XWZ|XHN|WOL|MKC|BLY|XOD|TRI|XOE|WFJ|HRW|WMB|XWI|EUS
SP004045,2,21,WOK,QRB,WOK|WBY|BFN|ASN|CHY|VIR|EGH|SNS|AFS|FEL|HOU|ISL|SYL|BFD|KWB|CHK|BNI|BNS|PUT|WNT|QRB
SP004046,1,21,IPS,LST,IPS|MNG|COL|MKT|WTM|BPA|CHM|SNF|BRE|HRO|GDP|RMF|GMY|SVK|IFD|MNP|FOG|SRA|XOW|BET|LST
SP004047,1,29,SHF,STP,SHF|CHD|XAJ|DBY|SPO|LGE|XTG|EMD|LBO|LEI|MHR|KET|WEL|BDM|FLT|HLN|LEA|LUT|LTN|HPD|SAC|RDT|ELS|MIL|HEN|CRI|WHP|KTN|STP
SP004048,2,15,IPS,LST,IPS|MNG|COL|MKT|WTM|HAP|BPA|CHM|SNF|GDP|IFD|SRA|XOW|BET|LST
SP004049,2,18,LST,IPS,LST|BET|XOW|SRA|MYL|IFD|GDP|SNF|INT|CHM|BPA|HAP|WTM|KEL|MKT|COL|MNG|IPS
SP004050,6,16,LST,IPS,LST|BET|XOW|SRA|MYL|IFD|GDP|SNF|CHM|BPA|WTM|KEL|MKT|COL|MNG|IPS
SP004051,2,18,RGL,BHM,RGL|RGT|HNF|CAO|LAW|BWN|BLX|WSL|BSC|TAB|HSD|XRA|PRY|WTT|AST|DUD|XOZ|BHM
SP004052,1,11,RDG,BDW,RDG|RDW|THE|AMT|MDG|THA|NRC|NBY|KIT|HGD|BDW
SP004053,4,15,LST,IPS,LST|BET|XOW|SRA|MYL|IFD|GDP|SNF|CHM|BPA|WTM|MKT|COL|MNG|IPS
SP004054,2,9,KET,NOT,KET|MHR|LEI|LBO|EMD|XTG|XTR|BEE|NOT
SP004055,1,9,LIV,WGN,LIV|EDG|ROB|HUY|ECL|THH|SNH|GSW|WGN
SP004056,30,11,LIV,WAC,LIV|EDG|MSH|WSA|ALE|HNX|HED|HGN|WID|WAW|WAC
SP004057,2,10,HBD,LDS,HBD|MYT|SOW|BGH|MIR|DEW|BTL|MLY|COT|LDS
SP004058,4,11,CHI,LST,CHI|HIP|WST|WHC|SJS|CPT|HAC|LOF|CBH|BET|LST
SP004059,1,11,LST,CHI,LST|BET|CBH|LOF|HAC|CPT|SJS|WHC|WST|HIP|CHI
SP004060,2,15,IPS,LST,IPS|MNG|COL|MKT|KEL|WTM|BPA|CHM|SNF|GDP|IFD|SRA|XOW|BET|LST
SP004061,2,14,CDF,BGD,CDF|CDQ|HHL|LLS|LVT|CPH|ABE|ECP|LNB|YSM|HNG|PGM|GFF|BGD
SP004062,34,6,MNG,HWC,MNG|MIS|WRB|HPQ|DVC|HWC
SP004063,2,29,BHM,EUS,BHM|XOZ|SCF|BHI|HIA|BKW|THL|CNL|COV|RUG|LBK|NMP|XHN|WOL|MKC|BLY|LBZ|XOD|TRI|BKM|XOE|HML|APS|KGL|WFJ|HRW|WMB|XWI|EUS
SP004064,36,6,HWC,MNG,HWC|DVC|HPQ|WRB|MIS|MNG
SP004065,2,25,LST,ELY,LST|BET|HAC|XMI|TOM|BMD|CHN|BXB|RYN|HWN|SAW|BIS|SST|ESM|NWE|AUD|GRC|WLF|SED|XSP|CMS|CBG|CMB|WBC|ELY
SP004066,24,23,LST,CMB,LST|BET|HAC|XMI|TOM|BMD|CHN|BXB|HWN|HWM|SAW|BIS|SST|ESM|NWE|AUD|GRC|WLF|SED|XSP|CMS|CBG|CMB
SP004067,2,21,CMB,LST,CMB|CBG|CMS|XSP|SED|WLF|GRC|AUD|NWE|ESM|SST|BIS|HWN|BXB|CHN|BMD|TOM|XMI|HAC|BET|LST
SP004068,24,23,CMB,LST,CMB|CBG|CMS|XSP|SED|WLF|GRC|AUD|NWE|ESM|SST|BIS|SAW|HWM|HWN|BXB|CHN|BMD|TOM|XMI|HAC|BET|LST
SP004069,18,17,CMB,LST,CMB|CBG|CMS|XSP|WLF|AUD|SST|BIS|HWN|BXB|CHN|BMD|TOM|XMI|HAC|BET|LST
SP004070,52,2,TBR,TIL,TBR|TIL
SP004071,4,22,CBG,LST,CBG|CMS|XSP|SED|WLF|GRC|AUD|NWE|ESM|SST|BIS|SAW|HWN|RYN|BXB|CHN|BMD|TOM|XMI|HAC|BET|LST
SP004072,2,8,PPD,ABA,PPD|ACY|PER|MTA|FER|CMH|XCB|ABA
SP004073,4,24,LST,CMB,LST|BET|HAC|XMI|TOM|BMD|CHN|BXB|RYN|HWN|HWM|SAW|BIS|SST|ESM|NWE|AUD|GRC|WLF|SED|XSP|CMS|CBG|CMB
SP004074,4,18,LST,CMB,LST|BET|HAC|XMI|TOM|BMD|CHN|BXB|HWN|SAW|BIS|SST|AUD|WLF|XSP|CMS|CBG|CMB
SP004075,8,16,ABA,CDF,ABA|CMH|FER|MTA|PER|ACY|PPD|TRF|TRE|TAF|RDR|DCT|FRW|WNG|NNP|CDF
SP004076,4,17,LST,CBG,LST|BET|HAC|XMI|TOM|BMD|CHN|BXB|HWN|SAW|BIS|SST|AUD|WLF|XSP|CMS|CBG
SP004077,1,32,LIV,NCL,LIV|EDG|ROB|HUY|RNH|LEG|SHJ|ERL|NLW|ECC|DGT|MCO|MAN|ABY|GUI|SYB|GNF|MSN|HUD|DEW|MLY|LDS|CRG|MIK|CHF|YRK|THI|NTR|DAR|DHM|CLS|NCL
SP004078,1,27,KLN,KGX,KLN|WTG|DOW|LTP|XYE|ELY|WBC|CMB|CBG|CMS|XSP|FXN|RYS|AWM|BDK|LET|HIT|SVG|XGN|WGC|HAT|PBR|NBA|AAP|FPK|XKB|KGX
SP004079,4,24,CMB,LST,CMB|CBG|CMS|XSP|SED|WLF|GRC|AUD|NWE|ESM|SST|BIS|SAW|HWM|HWN|RYN|BXB|CHN|BMD|TOM|XMI|HAC|BET|LST
SP004080,9,2,DPS,HHD,DPS|HHD
SP004081,52,2,TIL,TBR,TIL|TBR
SP004082,10,14,LST,HFE,LST|BET|HAC|XMI|TOM|PON|BMD|ENL|CHN|BXB|RYH|SMT|WAR|HFE
SP004083,68,15,HFE,LST,HFE|WAR|SMT|RYH|BXB|CHN|WLC|ENL|BMD|PON|TOM|XMI|HAC|BET|LST
SP004084,2,18,CDF,CRE,CDF|NWP|CWM|PPL|AGV|HFD|LEO|LUD|CRV|CTT|SHR|YRT|WEM|PRS|WTC|WRE|NAN|CRE
SP004085,1,10,HHE,WRH,HHE|XKM|BUG|PRP|HOV|PLD|SWK|SSE|LAC|WRH
SP004086,1,20,BAL,WRH,BAL|SRS|ECR|PUR|XJS|ELD|SAF|GTW|TBD|HHE|WVF|XKM|BUG|PRP|HOV|PLD|SWK|SSE|LAC|WRH
SP004087,61,15,LST,HFE,LST|BET|HAC|XMI|TOM|PON|BMD|ENL|WLC|CHN|BXB|RYH|SMT|WAR|HFE
SP004088,2,7,GFD,PAD,GFD|SGN|CBP|DRG|WEA|EAL|PAD
SP004089,4,9,PPD,CDF,PPD|TRF|TRE|TAF|RDR|LLN|CYS|CDQ|CDF
SP004090,2,11,BHM,WOF,BHM|FWY|UNI|SLY|KNN|LOB|BTG|BMV|XSW|DTW|WOF
SP004091,2,17,LST,HFE,LST|BET|HAC|XMI|TOM|NUM|MRW|PON|BMD|ENL|WLC|CHN|BXB|RYH|SMT|WAR|HFE
SP004092,8,15,HFE,SRA,HFE|WAR|SMT|RYH|BXB|CHN|WLC|ENL|BMD|NUM|TOM|XMI|LEB|XTA|SRA
SP004093,2,13,PGN,BRI,PGN|TQY|TRR|NTA|TGM|DWL|DWW|EXD|TVP|TAU|BWT|PSN|BRI
SP004094,2,16,GCR,PLY,GCR|YAE|BPW|FIT|BRI|BWT|TAU|TVP|EXD|DWW|DWL|TGM|NTA|TOT|IVY|PLY
SP004095,4,15,SRA,HFE,SRA|XTA|LEB|XMI|TOM|NUM|BMD|ENL|WLC|CHN|BXB|RYH|SMT|WAR|HFE
SP004096,6,13,BHM,NOT,BHM|XOZ|XLX|WTO|XKI|TAH|XWE|BUT|WIL|DBY|SPO|XTR|NOT
SP004097,1,11,BPN,MAN,BPN|PFY|KKM|PRE|LEY|XOU|WGN|ECC|DGT|MCO|MAN
SP004098,2,5,WON,CLT,WON|FRI|KBX|TLS|CLT
SP004099,2,14,HGS,TON,HGS|SLQ|XOP|WLD|CWU|BAT|RBR|ETC|SOG|WAD|FRT|TBW|HIB|TON
SP004100,2,26,DDG,WOF,DDG|WMR|SOL|OLT|ACG|TYS|XOH|SMA|BMO|BSW|JEQ|THW|SGB|SMW|LGG|ROW|OHL|CRA|LYE|SBJ|HAG|BKD|KID|HBY|DTW|WOF
SP004101,1,21,GTW,RDZ,GTW|ELD|RDH|REI|BTO|DPD|DKT|GOM|CHL|SFR|GLD|WAN|ASH|NCM|FNN|BAW|SND|CRN|WKM|EAR|RDZ
SP004102,2,28,LMS,WOF,LMS|WRW|WRP|HTN|LPW|DDG|WMR|SOL|OLT|ACG|TYS|XOH|BMO|BSW|JEQ|THW|SGB|SMW|ROW|CRA|SBJ|HAG|BKD|KID|HBY|DTW|WOS|WOF
SP004103,2,28,SAV,WOF,SAV|STY|BER|CLV|LPW|DDG|WMR|SOL|OLT|ACG|TYS|XOH|SMA|BMO|BSW|JEQ|THW|SGB|SMW|ROW|CRA|SBJ|HAG|BKD|KID|HBY|DTW|WOF
SP004104,2,10,BHM,LEI,BHM|XOZ|XLX|WTO|CEH|XQW|NUN|HNK|SWS|LEI
SP004105,2,36,CDF,NOT,CDF|NWP|STJ|CDT|CPW|LYD|GCR|CNM|ASC|XAY|WOP|XSW|BMV|BTG|LOB|KNN|SLY|UNI|FWY|BHM|XOZ|XLX|WTO|CEH|XQW|XKI|TAH|XWE|BUT|DBY|SPO|LGE|XTR|ATB|BEE|NOT
SP004106,2,19,BPN,YRK,BPN|PFY|KKM|PRE|XLS|BBN|ACR|BYM|HBD|HFX|BDI|NPD|LDS|CRG|GRF|EGF|MIK|CHF|YRK
SP004107,2,33,CDF,NOT,CDF|NWP|STJ|CPW|LYD|GCR|CNM|ASC|XAY|WOP|XSW|BMV|BTG|LOB|KNN|SLY|UNI|FWY|BHM|XOZ|XLX|WTO|XKI|WNE|TAH|XWE|BUT|DBY|SPO|LGE|XTR|BEE|NOT
SP004108,2,26,DDG,WOF,DDG|WMR|SOL|OLT|ACG|TYS|XOH|SMA|BMO|BSW|JEQ|THW|SGB|SMW|LGG|ROW|OHL|CRA|LYE|SBJ|BKD|KID|HBY|DTW|WOS|WOF
SP004109,10,3,ADS,ADS,ADS|BDC|ADS
SP004110,1,44,GLC,EUS,GLC|MTH|SDM|CRS|LOC|XGS|CAR|PNR|XIT|OXN|XOA|LAN|XOU|EBA|WGN|WBQ|XYJ|ACB|WSF|CRE|STA|XCO|RGL|XOI|LTV|TAM|XIM|PSW|ATH|NUN|RUG|XWZ|XHN|WOL|MKC|BLY|XOD|TRI|XOE|WFJ|HRW|WMB|XWI|EUS
SP004111,1,44,EUS,GLC,EUS|XWI|WMB|HRW|WFJ|XOE|TRI|XOD|BLY|MKC|WOL|XHN|XWZ|RUG|NUN|ATH|PSW|XIM|TAM|LTV|XOI|RGL|XCO|STA|CRE|WSF|ACB|XYJ|WBQ|WGN|EBA|XOU|LAN|XOA|OXN|XIT|PNR|CAR|XGS|LOC|CRS|SDM|MTH|GLC
SP004112,4,2,ULP,SOY,ULP|SOY
SP004113,2,22,DDG,WOF,DDG|WMR|SOL|OLT|ACG|TYS|XOH|BMO|BSW|JEQ|THW|SGB|SMW|ROW|CRA|SBJ|HAG|BKD|KID|HBY|DTW|WOF
SP004114,1,16,MYB,BCS,MYB|XNJ|WCX|SRU|WRU|DNM|DGC|GER|SRG|BCF|HWY|SDR|PRR|HDM|XJV|BCS
SP004115,2,16,CAR,LDS,CAR|AWT|LZB|LGW|APP|KSW|GSD|RHD|SET|HLD|GGV|SKI|KEI|BIY|SHY|LDS
SP004116,1,23,GRS,EDB,GRS|SCH|JOR|HYN|PTK|CHC|GQL|HST|BLG|SLS|GAR|EST|BAI|CBS|COA|ADR|DRU|BHG|LSN|UHA|EDP|HYM|EDB
SP004117,1,11,HUL,LDS,HUL|BUH|GBD|HOW|SBY|SOM|MIK|EGF|GRF|CRG|LDS
SP004118,1,22,MIA,LIV,MIA|HDG|GTY|EDY|BNA|MAU|MAN|MCO|DGT|SFD|MCV|SFD|ECC|NLW|ERL|SHJ|LEG|RNH|HUY|ROB|EDG|LIV
SP004119,12,5,GTW,RDH,GTW|HOR|SAF|ELD|RDH
SP004120,4,20,ORE,BTN,ORE|HGS|SLQ|XOP|BEX|PEV|XIL|HMD|EBN|HMD|XIL|PLG|BRK|GLY|XRH|LWS|FMR|MCB|LRB|BTN
SP004121,2,19,EUS,NMP,EUS|XWI|WMB|HRW|BSH|WFJ|KGL|APS|HML|XOE|BKM|TRI|XOD|LBZ|BLY|MKC|WOL|XHN|NMP
SP004122,4,18,BTN,ORE,BTN|FMR|LWS|XRH|GLY|BRK|PLG|XIL|HMD|EBN|HMD|XIL|PEV|BEX|XOP|SLQ|HGS|ORE
SP004123,2,19,BTN,ORE,BTN|MCB|FMR|LWS|XRH|PLG|XIL|HMD|EBN|HMD|XIL|PEV|PEB|NSB|BEX|XOP|SLQ|HGS|ORE
SP004124,4,17,BTN,ORE,BTN|MCB|FMR|LWS|XRH|PLG|XIL|HMD|EBN|HMD|XIL|PEV|BEX|XOP|SLQ|HGS|ORE
SP004125,2,14,LLV,SWA,LLV|LNR|LLG|LLL|FFA|LLI|AMF|PTF|PTD|LLH|BYE|LLE|GWN|SWA
SP004126,2,19,ORE,BTN,ORE|HGS|SLQ|XOP|BEX|CLL|COB|PEV|XIL|HMD|EBN|HMD|XIL|PLG|XRH|LWS|FMR|MCB|BTN
SP004127,2,17,EUS,NMP,EUS|XWI|WMB|HRW|BSH|WFJ|HML|XOE|BKM|TRI|XOD|LBZ|BLY|MKC|WOL|XHN|NMP
SP004128,4,18,ORE,BTN,ORE|HGS|SLQ|XOP|BEX|CLL|COB|PEV|XIL|HMD|EBN|HMD|XIL|PLG|XRH|LWS|FMR|BTN
SP004129,2,7,SHF,DBY,SHF|CHD|ALF|LGM|XTR|SPO|DBY
SP004130,2,5,LDS,DEW,LDS|COT|MLY|BTL|DEW
SP004131,1,32,EUS,BHM,EUS|XWI|WMB|HRW|WFJ|KGL|APS|HML|XOE|BKM|TRI|CED|XOD|LBZ|BLY|MKC|WOL|XHN|NMP|LBK|RUG|COV|CNL|THL|BKW|HIA|BHI|MGN|LEH|SCF|XOZ|BHM
SP004132,1,14,TPB,FST,TPB|SOE|SOC|WCF|CHW|LES|BEF|PSE|LAI|UPM|BKG|WEH|LHS|FST
SP004133,2,6,SYB,HUD,SYB|MSL|GNF|MSN|SWT|HUD
SP004134,70,7,ALO,GLQ,ALO|STG|LBT|CRO|LNZ|BBG|GLQ
SP004135,2,24,BTN,SOU,BTN|HOV|PLD|SWK|SSE|LAC|WRH|WWO|ANG|XXA|FOD|BAA|CCH|SOB|EMS|HAV|CSA|PTC|FRM|BOE|ESL|SOA|SDN|SOU
SP004136,2,23,SOU,BTN,SOU|SDN|SOA|ESL|BOE|FRM|CSA|HAV|EMS|SOB|CCH|BAA|FOD|XXA|ANG|WWO|WRH|LAC|SSE|SWK|PLD|HOV|BTN
SP004137,2,13,SOU,LIT,SOU|SDN|SOA|ESL|BOE|FRM|CSA|HAV|EMS|CCH|BAA|FOD|LIT
SP004138,1,17,MAN,DAR,MAN|ABY|GUI|SYB|GNF|MSN|HUD|DEW|MLY|LDS|CRG|MIK|CHF|YRK|THI|NTR|DAR
SP004139,2,6,STG,GLQ,STG|LBT|CRO|LNZ|BBG|GLQ
SP004140,70,7,GLQ,ALO,GLQ|BBG|LNZ|CRO|LBT|STG|ALO
SP004141,2,11,BHM,WSL,BHM|XOZ|DUD|AST|WTT|PRY|XRA|HSD|TAB|BSC|WSL
SP004142,1,11,BAK,OXT,BAK|BAL|SRC|SRS|ECR|SCY|SNR|RDD|UWL|WOH|OXT
SP004143,2,41,LIV,NRW,LIV|EDG|ALE|HNX|HGN|WID|WAC|BWD|DGT|MCO|MAN|SPT|HAZ|CLY|EDL|BAM|HSG|GRN|DOR|SHF|DRO|CHD|ALF|LGM|NOT|RDF|BIN|ALK|GRA|PBO|WLE|MCH|MNE|XYE|ELY|XYE|BND|TTF|ATL|WMD|NRW
SP004144,1,20,STP,COR,STP|KTN|WHP|CRI|BCZ|HEN|MIL|ELS|RDT|SAC|HPD|LTN|LUT|LEA|HLN|FLT|BDM|WEL|KET|COR
SP004145,2,13,COL,PBO,COL|MNG|IPS|SMK|BSE|KNE|SOJ|ELY|XYE|MNE|MCH|WLE|PBO
SP004146,2,2,ALO,STG,ALO|STG
SP004147,1,12,EBN,HHE,EBN|HMD|XIL|PLG|BRK|GLY|XRH|LWS|PMP|XKM|WVF|HHE
SP004148,2,8,SNF,BTR,SNF|CHM|BPA|WTM|WNY|CES|BTP|BTR
SP004149,1,18,OXF,MYB,OXF|OXP|BIT|XGY|XJV|HDM|PRR|SDR|HWY|BCF|GER|DGC|DNM|WRU|SRU|WCX|XNJ|MYB
SP004150,1,22,COL,LST,COL|MKT|KEL|WTM|HAP|BPA|CHM|INT|SNF|BRE|HRO|GDP|RMF|GMY|SVK|IFD|MNP|FOG|SRA|XOW|BET|LST
SP004151,2,7,CHM,BTR,CHM|BPA|WTM|WNY|CES|BTP|BTR
SP004152,2,10,OXF,HWY,OXF|OXP|ISP|BIT|XGY|XJV|HDM|PRR|SDR|HWY
SP004153,2,13,LST,WTM,LST|BET|XOW|SRA|MYL|IFD|RMF|GDP|SNF|INT|CHM|BPA|WTM
SP004154,2,8,INT,COL,INT|CHM|BPA|HAP|WTM|KEL|MKT|COL
SP004155,2,38,PBO,HRH,PBO|HUN|SNO|SDY|BIW|ARL|HIT|SVG|XGN|WGC|PBR|AAP|FPK|XKB|SPL|ZFD|CTK|BFR|XMK|XLJ|NXG|SYD|NWD|ECR|SCY|PUR|XJS|CDS|MHM|RDH|ELD|HOR|GTW|TBD|CRW|IFI|LVN|HRH
SP004156,2,8,BTR,SNF,BTR|BTP|CES|WNY|WTM|BPA|CHM|SNF
SP004157,2,26,MYB,BMO,MYB|XNJ|WCX|SRU|WRU|GER|HWY|SDR|PRR|HDM|XJV|BCS|XAN|KGS|BAN|XFC|LMS|WRW|WRP|HTN|LPW|DDG|SOL|TYS|XOH|BMO
SP004158,2,5,SUY,COL,SUY|BUE|CWC|MKT|COL
SP004159,1,17,MYB,AYS,MYB|XNJ|WCX|NLT|SRU|WRU|DNM|DGC|GER|SRG|BCF|HWY|SDR|PRR|MRS|LTK|AYS
SP004160,4,7,HWC,COL,HWC|DVC|HPQ|WRB|MIS|MNG|COL
SP004161,4,10,HWY,MYB,HWY|BCF|GER|DGC|DNM|WRU|SRU|WCX|XNJ|MYB
SP004162,2,26,SAV,MYB,SAV|STY|WMC|BER|CLV|HTN|WRW|LMS|XFC|BAN|KGS|XAN|BCS|XJV|HDM|PRR|SDR|HWY|SRG|GER|WRU|SRU|NLT|WCX|XNJ|MYB
SP004163,4,12,HWY,MYB,HWY|BCF|SRG|GER|DGC|DNM|WRU|SRU|NLT|WCX|XNJ|MYB
SP004164,1,21,CBG,LST,CBG|CMS|XSP|WLF|AUD|SST|BIS|SAW|HWM|HWN|RYN|BXB|CHN|BMD|TOM|XMI|HAC|LOF|CBH|BET|LST
SP004165,1,28,LST,ELY,LST|BET|CBH|LOF|HAC|XMI|TOM|BMD|CHN|BXB|RYN|HWN|HWM|SAW|BIS|SST|ESM|NWE|AUD|GRC|WLF|SED|XSP|CMS|CBG|CMB|WBC|ELY
SP004166,2,25,CBG,LST,CBG|CMS|XSP|SED|WLF|GRC|AUD|NWE|ESM|SST|BIS|SAW|HWM|HWN|RYN|BXB|CHN|BMD|TOM|XMI|HAC|LOF|CBH|BET|LST
SP004167,2,22,PGN,PAD,PGN|TQY|TRR|NTA|TGM|DWL|DWW|EXD|TVP|TAU|CLC|WSB|BDW|HGD|NBY|THE|RDG|TWY|MAI|SLO|STL|PAD
SP004168,6,23,CBG,LST,CBG|CMS|XSP|SED|WLF|GRC|AUD|NWE|ESM|SST|BIS|SAW|HWM|HWN|RYN|BXB|CHN|BMD|TOM|XMI|HAC|BET|LST
SP004169,1,14,BAL,TBD,BAL|SRC|SRS|ECR|SCY|PUR|XJS|CDS|MHM|RDH|ELD|HOR|GTW|TBD
SP004170,4,23,LST,CMB,LST|BET|HAC|XMI|TOM|BMD|CHN|BXB|RYN|HWN|SAW|BIS|SST|ESM|NWE|AUD|GRC|WLF|SED|XSP|CMS|CBG|CMB
SP004171,2,26,ELY,LST,ELY|WBC|CMB|CBG|CMS|XSP|SED|WLF|GRC|AUD|NWE|ESM|SST|BIS|SAW|HWM|HWN|RYN|BXB|CHN|BMD|TOM|XMI|HAC|BET|LST
SP004172,2,30,MAT,CLE,MAT|MTB|CMF|WTS|AMB|XAJ|BLP|DFI|DBY|SPO|LGE|XTR|BEE|NOT|CTO|BUJ|LOW|FSK|NCT|XNK|CLM|SWD|HKM|LCN|MKR|BTB|HAB|SLL|GMB|CLE
SP004173,12,17,LST,CMB,LST|BET|HAC|XMI|TOM|BMD|CHN|BXB|HWN|BIS|SST|AUD|WLF|XSP|CMS|CBG|CMB
SP004174,2,11,BSW,LMS,BSW|BMO|XOH|TYS|SOL|DDG|LPW|HTN|WRP|WRW|LMS
SP004175,2,16,PBO,NOT,PBO|SMD|XMJ|OKM|MMO|LEI|SYS|SIL|BWS|LBO|EMD|XTG|XTR|ATB|BEE|NOT
SP004176,2,23,ELY,LST,ELY|WBC|CMB|CBG|CMS|XSP|SED|WLF|GRC|AUD|SST|BIS|SAW|HWM|HWN|BXB|CHN|BMD|TOM|XMI|HAC|BET|LST
SP004177,8,9,HWY,MYB,HWY|BCF|GER|DNM|WRU|SRU|WCX|XNJ|MYB
SP004178,2,23,CMB,LST,CMB|CBG|CMS|XSP|SED|WLF|GRC|AUD|NWE|ESM|SST|BIS|SAW|HWN|RYN|BXB|CHN|BMD|TOM|XMI|HAC|BET|LST
SP004179,2,17,BHM,BRI,BHM|XOZ|XON|XIR|KNN|LOB|BTG|BMV|XSW|WOP|XAY|ASC|CNM|YAE|BPW|FIT|BRI
SP004180,2,16,BAN,MYB,BAN|KGS|XAN|BCS|XJV|HDM|PRR|SDR|HWY|BCF|GER|WRU|SRU|WCX|XNJ|MYB
SP004181,1,5,HWV,PAD,HWV|HXX|STL|WEA|PAD
SP004182,2,14,MYB,AYS,MYB|XNJ|WCX|NLT|SRU|WRU|DNM|GER|HWY|SDR|PRR|MRS|LTK|AYS
SP004183,1,16,BRI,PAD,BRI|FIT|BPW|SWI|DID|GOR|RDG|TWY|MAI|TAP|BNM|SLO|STL|EAL|AML|PAD
SP004184,3,3,LCB,LCB,LCB|MLG|LCB
SP004185,1,15,MYB,BAN,MYB|XNJ|WCX|SRU|WRU|DNM|GER|HWY|SDR|PRR|HDM|XJV|BCS|XAN|BAN
SP004186,2,15,PAD,FRO,PAD|STL|SLO|MAI|TWY|RDG|THE|THA|NBY|KIT|HGD|BDW|PEW|WSB|FRO
SP004187,2,9,NCL,EDB,NCL|MPT|ALM|BWK|RSN|DUN|DRM|PST|EDB
SP004188,2,21,EUS,CRE,EUS|XWI|WMB|HRW|WFJ|XOE|TRI|XOD|BLY|MKC|XHN|XWZ|RUG|NUN|XIM|TAM|LTV|XOI|XCO|STA|CRE
SP004189,1,10,OXF,PAD,OXF|DID|GOR|RDG|TWY|MAI|SLO|STL|WEA|PAD
SP004190,2,37,HRH,PBO,HRH|LVN|IFI|CRW|TBD|GTW|HOR|SAF|ELD|RDH|XJS|PUR|ECR|NWD|SYD|NXG|XLJ|XMK|BFR|CTK|ZFD|SPL|XKB|FPK|AAP|PBR|WGC|XGN|SVG|HIT|ARL|BIW|SDY|SNO|HUN|XHO|PBO
SP004191,2,37,MYB,SBJ,MYB|XNJ|WCX|SRU|WRU|GER|HWY|SDR|PRR|HDM|XJV|BCS|XAN|KGS|BAN|XFC|LMS|WRW|WRP|HTN|LPW|DDG|SOL|TYS|XOH|BMO|BSW|JEQ|THW|SGB|SMW|LGG|ROW|OHL|CRA|LYE|SBJ
SP004192,1,36,HRH,PBO,HRH|LVN|IFI|CRW|TBD|GTW|HOR|SAF|ELD|RDH|XJS|PUR|ECR|NWD|SYD|NXG|XLJ|XMK|BFR|ZFD|SPL|XKB|FPK|AAP|BOP|GDH|HFN|SVG|HIT|ARL|BIW|SDY|SNO|HUN|XHO|PBO
SP004193,2,22,LST,CBG,LST|BET|HAC|XMI|TOM|BMD|CHN|BXB|HWN|HWM|SAW|BIS|SST|ESM|NWE|AUD|GRC|WLF|SED|XSP|CMS|CBG
SP004194,1,49,BTN,BDM,BTN|PRP|HSK|BUG|XKM|WVF|HHE|BAB|TBD|GTW|HOR|SAF|ELD|RDH|XJS|PUR|PUO|SCY|ECR|NWD|ANZ|PNW|SYD|HPA|BCY|NXG|XLJ|XMK|BFR|CTK|ZFD|SPL|KTN|WHP|CRI|BCZ|HEN|MIL|ELS|RDT|SAC|HPD|LTN|LUT|LEA|HLN|FLT|WIX|BDM
SP004195,2,2,OBN,CTB,OBN|CTB
SP004196,1,42,TBD,BDM,TBD|GTW|HOR|SAF|ELD|RDH|XJS|PUR|PUO|SCY|ECR|NWD|ANZ|PNW|SYD|FOH|HPA|BCY|NXG|XLJ|XMK|BFR|CTK|ZFD|SPL|KTN|WHP|CRI|BCZ|HEN|MIL|ELS|RDT|SAC|HPD|LTN|LUT|LEA|HLN|FLT|WIX|BDM
SP004197,2,2,CTB,OBN,CTB|OBN
SP004198,1,19,NEM,POO,NEM|SUR|WOK|FNB|BSK|MIC|WIN|XEW|ESL|SOA|SDN|SOU|RDB|TTN|BCU|BMH|BSM|PKS|POO
SP004199,4,2,CRU,OBN,CRU|OBN
SP004200,1,34,SOU,BTN,SOU|SDN|WLS|NTL|BUO|SNW|FRM|PTC|CSA|HAV|WBL|EMS|SOB|NUT|BOH|FSB|CCH|BAA|FOD|XXA|ANG|GBS|DUR|WWO|WRH|EWR|LAC|SSE|SWK|FSG|PLD|AGT|HOV|BTN
SP004201,3,2,OBN,CRU,OBN|CRU
SP004202,14,24,SOU,BTN,SOU|SDN|WLS|NTL|BUO|SNW|FRM|CSA|HAV|EMS|SOB|CCH|BAA|FOD|XXA|ANG|WWO|WRH|LAC|SSE|SWK|PLD|HOV|BTN
SP004203,1,40,BDM,BTN,BDM|FLT|HLN|LEA|LUT|LTN|HPD|SAC|RDT|ELS|MIL|HEN|BCZ|CRI|WHP|KTN|SPL|CTK|BFR|XMK|XSU|XLJ|NXG|SYD|NWD|ECR|PUR|XJS|ELD|HOR|GTW|TBD|BAB|HHE|WVF|XKM|BUG|HSK|PRP|BTN
SP004204,1,37,BDM,BTN,BDM|FLT|HLN|LEA|LUT|LTN|HPD|SAC|HEN|BCZ|CRI|WHP|KTN|SPL|ZFD|CTK|BFR|XMK|XSU|XLJ|NXG|SYD|ECR|SCY|PUR|XJS|RDH|ELD|GTW|TBD|HHE|WVF|XKM|BUG|HSK|PRP|BTN
SP004205,1,13,BPN,CRE,BPN|PFY|KKM|SLW|PRE|XOU|EBA|WGN|WBQ|XYJ|ACB|WSF|CRE
SP004206,1,26,DMR,EDB,DMR|CYK|YOK|GRS|SCH|JOR|HYN|PTK|CHC|GQL|HST|BLG|CAY|SLS|CBS|ADR|DRU|CAC|BKR|ARM|BHG|LSN|UHA|EDP|HYM|EDB
SP004207,2,28,EUS,CRE,EUS|XWI|WMB|HRW|WFJ|XOE|TRI|XOD|BLY|MKC|XHN|XWZ|RUG|COV|BKW|BHI|SCF|XOZ|BHM|XOS|XGJ|SAD|DDP|WVH|XBJ|PKG|STA|CRE
SP004208,2,26,SOU,BTN,SOU|SDN|WLS|NTL|BUO|SNW|FRM|PTC|CSA|HAV|EMS|SOB|CCH|BAA|FOD|XXA|ANG|WWO|WRH|EWR|LAC|SSE|SWK|PLD|HOV|BTN
SP004209,2,15,MAN,SHR,MAN|SPT|CHU|WML|ALD|CEL|SDB|CRE|NAN|WRE|WTC|PRS|WEM|YRT|SHR
SP004210,4,25,ELY,LST,ELY|WBC|CMB|CBG|CMS|XSP|SED|WLF|GRC|AUD|NWE|ESM|SST|BIS|SAW|HWM|HWN|BXB|CHN|BMD|TOM|XMI|HAC|BET|LST
SP004211,2,7,LAN,WDM,LAN|XOA|OXN|KEN|BUD|SVL|WDM
SP004212,22,5,WDM,OXN,WDM|SVL|BUD|KEN|OXN
SP004213,4,5,DON,GOO,DON|KKS|HFS|TNN|GOO
SP004214,2,4,CFD,LDS,CFD|WDS|XES|LDS
SP004215,2,16,MCV,LIV,MCV|SFD|ECC|PAT|NLW|ERL|SHJ|LEG|RNH|WHN|HUY|ROB|BGE|WAV|EDG|LIV
SP004216,22,5,OXN,WDM,OXN|KEN|BUD|SVL|WDM
SP004217,1,35,BTN,CBG,BTN|PRP|BUG|XKM|HHE|TBD|GTW|ELD|XJS|PUR|ECR|NWD|SYD|NXG|XLJ|XMK|BFR|ZFD|SPL|XKB|FPK|AAP|BOP|GDH|HFN|SVG|HIT|LET|BDK|AWM|RYS|FXN|XSP|CMS|CBG
SP004218,2,30,EGR,BDM,EGR|DMS|LFD|HUR|OXT|SNR|SCY|ECR|NWD|SYD|NXG|XLJ|XMK|BFR|CTK|ZFD|SPL|KTN|WHP|CRI|HEN|SAC|HPD|LTN|LUT|LEA|HLN|FLT|WIX|BDM
SP004219,2,25,LUT,GTW,LUT|LTN|HPD|SAC|HEN|CRI|WHP|KTN|SPL|ZFD|CTK|BFR|XMK|XLJ|NXG|SYD|NWD|ECR|SCY|PUR|XJS|RDH|ELD|HOR|GTW
SP004220,1,28,FTW,EDB,FTW|SBR|RYB|TUL|CRR|RAN|BRO|UTY|CNR|AUI|ART|GCH|HLU|DLR|DBC|DMR|WES|MYH|BBG|LNZ|CRO|FKK|PMT|LIN|EDP|HYM|EDB|EDB
SP004221,2,19,YRK,BPN,YRK|ULL|CHF|MIK|GRF|CRG|LDS|NPD|BDI|HFX|HBD|BYM|ACR|BBN|XLS|PRE|KKM|PFY|BPN
SP004222,2,21,MLN,MTH,MLN|HLF|BRN|WES|ANL|HYN|PTK|EXG|AND|GCL|AGS|BDG|DAK|RUT|CML|MTV|BIO|BGI|KWD|WFF|MTH
SP004223,2,2,CBG,CMB,CBG|CMB
SP004224,2,3,WDM,OXN,WDM|KEN|OXN
SP004225,2,22,CBG,SRA,CBG|CMS|XSP|WLF|AUD|SST|BIS|SAW|HWM|HWN|RYN|BXB|CHN|WLC|ENL|BMD|NUM|TOM|XMI|LEB|XTA|SRA
SP004226,1,18,BAA,SOU,BAA|CCH|FSB|BOH|NUT|SOB|EMS|WBL|HAV|CSA|PTC|FRM|SNW|HME|SHO|WLS|SDN|SOU
SP004227,2,18,BTN,CCH,BTN|HOV|AGT|PLD|FSG|SWK|SSE|LAC|EWR|WRH|WWO|DUR|GBS|ANG|XXA|FOD|BAA|CCH
SP004228,1,68,INV,EUS,INV|CAG|AVM|KIN|NWR|DLW|BLA|PIT|DKD|PTH|GLE|DBL|STG|LBT|CMO|FKG|XGM|PMT|LIN|EDP|HYM|HYM|SLA|LOC|XGS|PNR|XIT|OXN|XOA|LAN|PRE|XOU|WGN|WBQ|XYJ|ACB|WSF|CRE|STA|PKG|XBJ|XPJ|BSC|XRA|AST|SCF|LEH|MGN|BHI|HIA|BKW|THL|CNL|COV|RUG|XWZ|XHN|WOL|MKC|BLY|XOD|TRI|XOE|WFJ|HRW|WMB|XWI|EUS
SP004229,2,20,BPN,LIV,BPN|PFY|KKM|PRE|LEY|XOU|EBA|WGN|BYN|GSW|SNH|THH|ECL|PSC|HUY|ROB|BGE|WAV|EDG|LIV
SP004230,2,16,BTN,CCH,BTN|HOV|AGT|PLD|FSG|SWK|SSE|LAC|EWR|WRH|WWO|ANG|XXA|FOD|BAA|CCH
SP004231,42,7,SMN,WIC,SMN|BUU|ALN|NFA|SOF|BLB|WIC
SP004232,1,68,EUS,INV,EUS|XWI|WMB|HRW|WFJ|XOE|TRI|XOD|BLY|MKC|WOL|XHN|XWZ|RUG|COV|CNL|THL|BKW|HIA|BHI|MGN|LEH|SCF|AST|XRA|BSC|XPJ|XBJ|PKG|STA|CRE|WSF|ACB|XYJ|WBQ|WGN|XOU|PRE|LAN|XOA|OXN|XIT|PNR|XGS|LOC|SLA|HYM|HYM|EDP|LIN|PMT|XGM|FKG|CMO|LBT|STG|DBL|GLE|PTH|DKD|PIT|BLA|DLW|NWR|KIN|AVM|CAG|INV
SP004233,1,6,MYB,WRU,MYB|XNJ|WCX|NLT|SRU|WRU
SP004234,6,2,SCB,SOS,SCB|SOS
SP004235,2,26,DMR,CRS,DMR|CYK|YOK|GRS|SCH|JOR|HYN|PTK|EXG|AND|GCL|AGS|BDG|DAK|RUT|CML|MTV|BIO|BGI|KWD|WFF|MTH|SDM|WSH|CLU|CRS
SP004236,48,7,WIC,SMN,WIC|BLB|SOF|NFA|ALN|BUU|SMN
SP004237,1,25,KGX,PBO,KGX|XKB|FPK|HGY|HRN|AAP|NSG|OKL|NBA|HDW|PBR|BPK|HAT|WGC|XGN|KBW|SVG|HIT|ARL|BIW|SDY|SNO|HUN|XHO|PBO
SP004238,1,10,DID,PAD,DID|CHO|GOR|TLH|RDG|TWY|MAI|SLO|STL|PAD
SP004239,4,2,SOS,SCB,SOS|SCB
SP004240,2,3,OXN,WDM,OXN|KEN|WDM
SP004241,2,11,BIF,LAN,BIF|ROO|DLT|ULV|CAK|GOS|ARN|SVR|CNF|XOA|LAN
SP004242,2,21,WFF,DMR,WFF|KWD|BGI|BIO|MTV|CML|RUT|DAK|BDG|AGS|GCL|AND|EXG|PTK|HYN|ANL|WES|DMC|DMY|SIN|DMR
SP004243,6,22,MTH,DMR,MTH|WFF|KWD|BGI|BIO|MTV|CML|RUT|DAK|BDG|AGS|GCL|AND|EXG|PTK|HYN|ANL|WES|DMC|DMY|SIN|DMR
SP004244,2,4,LDS,HGT,LDS|HRS|HBP|HGT
SP004245,2,6,RDG,DID,RDG|TLH|PAN|GOR|CHO|DID
SP004246,2,3,LDS,HGT,LDS|HRS|HGT
SP004247,2,13,LAR,GLC,LAR|FRL|WKB|ASB|SLT|STV|KWN|DLY|GLG|LHW|JHN|PYG|GLC
SP004248,1,17,PAD,WPH,PAD|STL|SLO|MAI|TWY|RDG|GOR|OXF|HND|CBY|AUW|KGM|MIM|HYB|EVE|PSH|WPH
SP004249,2,27,CDF,PMH,CDF|NWP|STJ|PIL|PWY|FIT|BRI|KYN|BTH|BOA|TRO|WSB|WMN|SAL|DEN|ROM|RDB|SOU|SDN|NTL|BUO|SNW|FRM|CSA|FTN|PMS|PMH
SP004250,2,19,SCA,SHF,SCA|SEM|FIL|HUB|BEM|BDT|DRF|BEV|CGM|HUL|BUH|GBD|HOW|SBY|DON|MEX|SWN|MHS|SHF
SP004251,4,15,MCV,LIV,MCV|SFD|ECC|NLW|ERL|SHJ|LEG|RNH|WHN|HUY|ROB|BGE|WAV|EDG|LIV
SP004252,2,12,LDS,GOO,LDS|XES|WDS|CFD|GLH|PFM|KNO|WBD|HEL|SNI|RWC|GOO
SP004253,2,12,WGN,LIV,WGN|BYN|GSW|SNH|THH|ECL|PSC|HUY|ROB|WAV|EDG|LIV
SP004254,4,12,GOO,LDS,GOO|RWC|SNI|HEL|WBD|KNO|PFM|GLH|CFD|WDS|XES|LDS
SP004255,2,7,WKG,CAR,WKG|FLM|MRY|ASP|WGT|DLS|CAR
SP004256,6,6,MLM,BIF,MLM|GNR|FOX|KBF|ASK|BIF
SP004257,1,25,MYB,BMO,MYB|XNJ|WCX|SRU|WRU|GER|BCF|HWY|SDR|PRR|HDM|XJV|BCS|XAN|BAN|XFC|LMS|WRW|WRP|HTN|DDG|SOL|TYS|XOH|BMO
SP004258,2,6,MRY,WTH,MRY|FLM|WKG|HRR|PRN|WTH
SP004259,2,13,PRE,BIF,PRE|LAN|XOA|CNF|SVR|ARN|GOS|KBK|CAK|ULV|DLT|ROO|BIF
SP004260,2,20,NOT,STP,NOT|BEE|XTR|XTG|EMD|LBO|LEI|MHR|KET|WEL|BDM|FLT|LUT|LTN|SAC|HEN|CRI|WHP|KTN|STP
SP004261,2,22,LIV,DON,LIV|EDG|ALE|HNX|HGN|WAC|BWD|IRL|URM|DGT|MCO|MAN|SPT|HAZ|EDL|BAM|HSG|GRN|SHF|RMC|MEX|DON
SP004262,2,18,BYI,YSM,BYI|BRY|BYD|CAD|DNS|EBK|CGN|GTN|CDF|CDQ|HHL|LLS|LVT|CPH|ABE|ECP|LNB|YSM
SP004263,2,20,EDB,MIA,EDB|HYM|SLA|LOC|XGS|CAR|PNR|XIT|OXN|XOA|LAN|PRE|XOU|WGN|ECC|DGT|MCO|MAN|HDG|MIA
SP004264,2,14,OXN,MIA,OXN|XOA|LAN|PRE|XOU|CRL|XLK|BON|SLD|DGT|MCO|MAN|HDG|MIA
SP004265,2,10,LAN,BIF,LAN|XOA|CNF|SVR|ARN|GOS|CAK|ULV|DLT|BIF
SP004266,2,15,EXD,SAL,EXD|EXC|PIN|CBK|WHM|FNT|HON|AXM|CKN|YVJ|SHE|TMC|GIL|TIS|SAL
SP004267,2,17,LAN,MLM,LAN|XOA|CNF|SVR|ARN|GOS|KBK|CAK|ULV|DLT|ROO|BIF|ASK|KBF|FOX|GNR|MLM
SP004268,2,14,LIV,MIA,LIV|EDG|ALE|HNX|HGN|WAC|BWD|IRL|URM|DGT|MCO|MAN|HDG|MIA
SP004269,2,39,LIV,NRW,LIV|EDG|ALE|HNX|HGN|WID|WAC|BWD|DGT|MCO|MAN|SPT|HAZ|EDL|BAM|HSG|GRN|SHF|CHD|ALF|LGM|ILN|NOT|RDF|BIN|ALK|GRA|PBO|WLE|MCH|MNE|XYE|ELY|XYE|BND|TTF|ATL|WMD|NRW
SP004270,1,29,BSR,SPX,BSR|MAR|WGA|BCH|HNB|CSW|WHI|FAV|TEY|SIT|NGT|RAI|GLM|CTM|RTR|XRJ|SOO|HGM|GRV|XSR|EBF|XXJ|XXU|XXH|XXQ|SDI|XXR|XXY|SPX
SP004271,26,26,SPX,RAM,SPX|XXY|XXR|SDI|XXQ|XXH|XXU|XXJ|EBF|XSR|GRV|SOO|XRJ|RTR|CTM|GLM|RAI|NGT|SIT|FAV|WHI|HNB|BCH|MAR|BSR|RAM
SP004272,2,15,MAN,NOT,MAN|ABY|RDN|RML|NMC|EDL|BAM|HSG|GRN|SHF|CHD|ALF|LGM|ILN|NOT
SP004273,4,25,BSR,SPX,BSR|MAR|BCH|HNB|WHI|FAV|SIT|NGT|RAI|GLM|CTM|RTR|XRJ|SOO|GRV|XSR|EBF|XXJ|XXU|XXH|XXQ|SDI|XXR|XXY|SPX
SP004274,2,14,CPH,BYI,CPH|LVT|LLS|HHL|CDQ|CDF|GTN|CGN|EBK|DNS|CAD|BYD|BRY|BYI
SP004275,2,27,NRW,MAN,NRW|WMD|ATL|TTF|BND|XYE|ELY|XYE|MNE|MCH|WLE|PBO|GRA|ALK|BIN|RDF|NOT|LGM|ALF|CHD|SHF|GRN|BAM|EDL|HAZ|SPT|MAN
SP004276,2,22,YRK,BPN,YRK|CHF|MIK|EGF|GRF|CRG|LDS|NPD|BDI|HFX|HBD|BYM|ACR|BBN|MLH|BMB|XLS|LOH|PRE|KKM|PFY|BPN
SP004277,2,15,PNZ,PLY,PNZ|SER|HYL|CBN|RED|TRU|SAU|PAR|LOS|BOD|LSK|MEN|SGM|STS|PLY
SP004278,1,20,ELY,LST,ELY|WBC|CMB|CBG|CMS|XSP|WLF|AUD|SST|BIS|HWN|RYN|BXB|CHN|BMD|TOM|XMI|HAC|BET|LST
SP004279,4,12,DON,HUL,DON|KKS|HFS|TNN|GOO|SAM|GBD|BMF|BUH|FRY|HES|HUL
SP004280,2,8,WTH,CAR,WTH|PRN|WKG|MRY|ASP|WGT|DLS|CAR
SP004281,22,26,RAM,SPX,RAM|BSR|MAR|BCH|HNB|WHI|FAV|SIT|NGT|RAI|GLM|CTM|RTR|XRJ|SOO|GRV|XSR|EBF|XXJ|XXU|XXH|XXQ|SDI|XXR|XXY|SPX
SP004282,2,7,BRI,CDF,BRI|FIT|PWY|PIL|STJ|NWP|CDF
SP004283,18,10,DON,HUL,DON|KKS|HFS|TNN|GOO|GBD|BUH|FRY|HES|HUL
SP004284,2,5,BRI,WSM,BRI|NLS|YAT|WOR|WSM
SP004285,12,11,HUL,DON,HUL|HES|FRY|BUH|GBD|SAM|GOO|TNN|HFS|KKS|DON
SP004286,7,10,HUL,DON,HUL|HES|FRY|BUH|GBD|GOO|TNN|HFS|KKS|DON
SP004287,2,13,GRS,SPR,GRS|SCH|JOR|HYN|PTK|CHC|GQL|HST|BLG|DST|AXP|BNL|SPR
SP004288,1,11,YRK,HUL,YRK|SBY|WRS|HOW|EGN|GBD|BMF|BUH|FRY|HES|HUL
SP004289,2,10,HYN,SPR,HYN|PTK|CHC|GQL|HST|BLG|DST|AXP|BNL|SPR
SP004290,54,15,MLN,SPR,MLN|HLF|BRN|WES|ANL|HYN|PTK|CHC|GQL|HST|BLG|DST|AXP|BNL|SPR
SP004291,2,24,SPX,MAR,SPX|XXY|XXR|SDI|XXQ|XXH|XXU|XXJ|EBF|XSR|GRV|SOO|XRJ|RTR|CTM|GLM|RAI|NGT|SIT|FAV|WHI|HNB|BCH|MAR
SP004292,8,11,HUL,DON,HUL|HES|FRY|BUH|BMF|GBD|GOO|TNN|HFS|KKS|DON
SP004293,1,19,GLQ,ABD,GLQ|BBG|LNZ|CRO|LBT|STG|DBL|GLE|PTH|ING|DEE|BYF|CAN|ARB|MTS|LAU|STN|PLN|ABD
SP004294,2,18,CDF,CTR,CDF|NWP|CWM|PPL|AGV|HFD|LEO|LUD|CRV|CTT|SHR|WEM|PRS|WTC|WRE|NAN|CRE|CTR
SP004295,2,21,BPN,YRK,BPN|PFY|KKM|PRE|LOH|XLS|BMB|MLH|BBN|ACR|BYM|HBD|HFX|BDI|NPD|LDS|CRG|GRF|MIK|CHF|YRK
SP004296,1,17,DID,PAD,DID|CHO|GOR|PAN|TLH|RDG|TWY|MAI|TAP|BNM|SLO|HAY|STL|WEA|EAL|AML|PAD
SP004297,2,18,GLQ,ABD,GLQ|BBG|LNZ|CRO|STG|DBL|PTH|ING|DEE|BYF|MON|CAN|ARB|MTS|LAU|STN|PLN|ABD
SP004298,2,25,GLQ,INV,GLQ|BBG|LNZ|CRO|STG|DBL|PTH|DEE|BYF|CAN|ARB|MTS|LAU|STN|ABD|DYC|INR|INS|HNT|KEH|ELG|FOR|NRN|IVA|INV
SP004299,2,22,FAV,SPX,FAV|TEY|SIT|NGT|RAI|GLM|CTM|RTR|XRJ|SOO|HGM|GRV|XSR|EBF|XXJ|XXU|XXH|XXQ|SDI|XXR|XXY|SPX
SP004300,2,17,GLQ,INV,GLQ|BBG|LNZ|CRO|STG|DBL|GLE|PTH|DKD|PIT|BLA|DLW|NWR|KIN|AVM|CAG|INV
SP004301,4,11,DON,HUL,DON|KKS|HFS|TNN|GOO|SAM|GBD|BUH|FRY|HES|HUL
SP004302,4,9,BHC,DMR,BHC|ALX|RTN|DLR|DBC|DBE|BWG|KPT|DMR
SP004303,38,20,FAV,SPX,FAV|SIT|NGT|RAI|GLM|CTM|RTR|XRJ|SOO|GRV|XSR|EBF|XXJ|XXU|XXH|XXQ|SDI|XXR|XXY|SPX
SP004304,36,3,MCM,LAN,MCM|BAR|LAN
SP004305,2,13,SPR,GRS,SPR|BNL|AXP|DST|BLG|HST|GQL|CHC|PTK|HYN|JOR|SCH|GRS
SP004306,6,16,QRB,EAD,QRB|PUT|BNS|MTL|NSH|RMD|SMG|TWI|STW|TED|HMW|KNG|NBT|NEM|RAY|EAD
SP004307,1,17,BAK,BTN,BAK|BAL|SRC|SRS|ECR|SCY|PUR|XJS|RDH|ELD|GTW|TBD|HHE|XKM|BUG|PRP|BTN
SP004308,2,16,DEE,GLQ,DEE|LEU|CUP|LDY|GLT|COW|DFE|INK|LIN|PMT|XGM|FKG|CRO|LNZ|BBG|GLQ
SP004309,1,8,GTW,BTN,GTW|TBD|BAB|HHE|WVF|XKM|PRP|BTN
SP004310,2,16,ABD,GLQ,ABD|PLN|STN|LAU|MTS|ARB|CAN|BYF|DEE|PTH|DBL|STG|CRO|LNZ|BBG|GLQ
SP004311,2,14,CBG,NRW,CBG|CMB|WBC|ELY|XYE|SPP|BND|TTF|HRD|ECS|ATL|SPN|WMD|NRW
SP004312,2,11,CBG,NRW,CBG|CMB|WBC|ELY|XYE|BND|TTF|ATL|SPN|WMD|NRW
SP004313,2,13,SNS,QRB,SNS|AFS|FEL|WTN|TWI|SMG|RMD|NSH|MTL|BNS|PUT|WNT|QRB
SP004314,6,17,QRB,ASN,QRB|PUT|BNS|BNI|CHK|KWB|BFD|SYL|ISL|HOU|FEL|AFS|SNS|EGH|VIR|CHY|ASN
SP004315,2,11,DON,HUL,DON|KKS|HFS|TNN|GOO|GBD|BMF|BUH|FRY|HES|HUL
SP004316,2,11,EDB,ADR,EDB|HYM|EDP|UHA|LSN|BHG|ARM|BKR|CAC|DRU|ADR
SP004317,1,17,INV,GLQ,INV|CAG|AVM|KIN|NWR|DLW|BLA|PIT|DKD|PTH|DBL|STG|LBT|CRO|LNZ|BBG|GLQ
SP004318,2,21,HWC,LST,HWC|DVC|HPQ|WRB|MIS|MNG|COL|MKT|KEL|WTM|HAP|BPA|CHM|INT|SNF|GDP|IFD|SRA|XOW|BET|LST
SP004319,2,15,INV,GLQ,INV|CAG|AVM|KIN|DLW|BLA|PIT|DKD|PTH|DBL|STG|CRO|LNZ|BBG|GLQ
SP004320,2,11,NRW,CBG,NRW|WMD|SPN|ATL|TTF|BND|XYE|ELY|WBC|CMB|CBG
SP004321,2,16,INV,GLQ,INV|CAG|AVM|KIN|DLW|BLA|PIT|DKD|PTH|GLE|DBL|STG|CRO|LNZ|BBG|GLQ
SP004322,2,13,NRW,CBG,NRW|WMD|SPN|ATL|ECS|HRD|TTF|BND|XYE|ELY|WBC|CMB|CBG
SP004323,2,11,EXD,PGN,EXD|EXT|SCS|DWW|DWL|TGM|NTA|EDS|TRR|TQY|PGN
SP004324,2,10,EXD,PGN,EXD|MBT|DWW|DWL|TGM|NTA|EDS|TRR|TQY|PGN
SP004325,2,5,CLT,WON,CLT|TLS|KBX|FRI|WON
SP004326,2,12,EXD,PGN,EXD|EXT|MBT|SCS|DWW|DWL|TGM|NTA|EDS|TRR|TQY|PGN
SP004327,2,17,OBN,GLQ,OBN|CON|TAY|LHA|DAL|TYL|CNR|AUI|ART|GCH|HLU|DLR|DBC|DMR|WES|MYH|GLQ
SP004328,4,4,WON,TLS,WON|FRI|KBX|TLS
SP004329,2,11,WMS,GLC,WMS|INP|BCN|DFR|WNL|PTG|BPT|PYG|HLW|HLE|GLC
SP004330,2,19,EXM,PGN,EXM|LYM|TOP|NCO|DIG|POL|EXC|EXD|EXT|MBT|SCS|DWW|DWL|TGM|NTA|EDS|TRR|TQY|PGN
SP004331,4,29,MLG,GLQ,MLG|MRR|ARG|BSL|LCL|GLF|LCS|LHE|CPA|BNV|FTW|SBR|RYB|TUL|CRR|RAN|BRO|UTY|CNR|AUI|ART|GCH|HLU|DLR|DBC|DMR|WES|MYH|GLQ
SP004332,6,4,TLS,WON,TLS|KBX|FRI|WON
SP004333,8,21,EXM,PGN,EXM|LYM|LYC|EXN|TOP|NCO|DIG|POL|SJP|EXC|EXD|EXT|SCS|DWW|DWL|TGM|NTA|EDS|TRR|TQY|PGN
SP004334,1,24,CLT,LST,CLT|TLS|WIV|HYH|COL|MKT|KEL|WTM|BPA|CHM|SNF|BRE|HRO|GDP|RMF|GMY|SVK|IFD|MNP|FOG|SRA|XOW|BET|LST
SP004335,2,4,HRS,LDS,HRS|HDY|BUY|LDS
SP004336,2,18,CLT,LST,CLT|TLS|WIV|HYH|COL|MKT|WTM|BPA|CHM|INT|SNF|GDP|RMF|IFD|SRA|XOW|BET|LST
SP004337,1,3,RDH,GTW,RDH|ELD|GTW
SP004338,4,10,PAD,BPW,PAD|STL|SLO|MAI|TWY|RDG|GOR|DID|SWI|BPW
SP004339,1,37,PBO,HRH,PBO|HUN|SNO|SDY|BIW|ARL|HIT|SVG|XGN|WGC|PBR|AAP|FPK|XKB|SPL|ZFD|CTK|BFR|XMK|XLJ|NXG|SYD|NWD|ECR|SCY|PUR|XJS|RDH|ELD|SAF|HOR|GTW|TBD|CRW|IFI|LVN|HRH
SP004340,2,5,BXB,HFE,BXB|RYH|SMT|WAR|HFE
SP004341,1,38,PBO,HRH,PBO|HUN|SNO|SDY|BIW|ARL|HIT|SVG|XGN|WGC|PBR|AAP|FPK|XKB|SPL|ZFD|CTK|BFR|XMK|XLJ|NXG|SYD|NWD|ECR|PUR|XJS|CDS|MHM|RDH|ELD|SAF|HOR|GTW|TBD|CRW|IFI|LVN|HRH
SP004342,14,18,EXM,PGN,EXM|LYM|TOP|NCO|DIG|EXC|EXD|EXT|MBT|SCS|DWW|DWL|TGM|NTA|EDS|TRR|TQY|PGN
SP004343,2,4,HHB,LAN,HHB|MCM|BAR|LAN
SP004344,1,19,HFE,LST,HFE|WAR|SMT|RYH|BXB|CHN|WLC|ENL|BMD|PON|MRW|NUM|TOM|XMI|HAC|LOF|CBH|BET|LST
SP004345,2,36,HRH,PBO,HRH|LVN|IFI|CRW|TBD|GTW|HOR|SAF|ELD|RDH|XJS|PUR|ECR|NWD|SYD|NXG|XLJ|XMK|BFR|ZFD|SPL|XKB|FPK|AAP|PBR|WGC|XGN|SVG|HIT|ARL|BIW|SDY|SNO|HUN|XHO|PBO
SP004346,2,16,AFK,SPX,AFK|XIW|XXK|XXG|XXL|XXO|XXI|EBF|XXJ|XXU|XXH|XXQ|SDI|XXR|XXY|SPX
SP004347,2,25,RAM,SPX,RAM|THP|XMF|MSR|STU|CBW|CRT|CIL|WYE|AFK|XIW|XXK|XXG|XXL|XXO|XXI|EBF|XXJ|XXU|XXH|XXQ|SDI|XXR|XXY|SPX
SP004348,2,27,SPX,MAR,SPX|XXY|XXR|SDI|XXQ|XXH|XXU|XXJ|EBF|XXI|XXO|XXL|XXG|XXK|XIW|AFK|WYE|CIL|CRT|CBW|STU|MSR|XMF|THP|RAM|BSR|MAR
SP004349,2,21,BRI,EXM,BRI|NLS|YAT|WOR|WNM|WSM|HIG|BWT|TAU|TVP|EXD|EXC|SJP|POL|DIG|NCO|TOP|EXN|LYC|LYM|EXM
SP004350,1,28,MAR,SPX,MAR|BSR|DMP|RAM|THP|XMF|MSR|STU|CBW|CRT|CIL|WYE|AFK|XIW|XXK|XXG|XXL|XXO|XXI|EBF|XXJ|XXU|XXH|XXQ|SDI|XXR|XXY|SPX
SP004351,4,24,MAR,SPX,MAR|BSR|RAM|THP|XMF|MSR|STU|CBW|WYE|AFK|XIW|XXK|XXG|XXL|XXO|XXI|XXJ|XXU|XXH|XXQ|SDI|XXR|XXY|SPX
SP004352,12,8,HGT,LDS,HGT|HBP|PNL|WET|HRS|HDY|BUY|LDS
SP004353,2,13,BGN,EBB,BGN|PCD|LLR|PYC|CDF|PYE|ROR|RCA|CKY|NBE|LTH|EBV|EBB
SP004354,24,5,PBO,DEB,PBO|WIS|KLB|SWB|DEB
SP004355,2,6,LAN,MCM,LAN|XOA|CNF|XOA|BAR|MCM
SP004356,10,3,KLB,PBO,KLB|WIS|PBO
SP004357,33,25,MAR,SPX,MAR|BSR|RAM|THP|XMF|MSR|STU|CBW|WYE|AFK|XIW|XXK|XXG|XXL|XXO|XXI|EBF|XXJ|XXU|XXH|XXQ|SDI|XXR|XXY|SPX
SP004358,4,6,DAR,BIA,DAR|NRD|HEI|NAY|SHD|BIA
SP004359,18,4,PBO,SWB,PBO|WIS|KLB|SWB
SP004360,3,11,SFO,FST,SFO|ETL|TIL|GRY|CFH|OCK|UPM|BKG|WEH|LHS|FST
SP004361,2,11,DAR,SLB,DAR|DND|ALW|EAG|TBY|MBR|RCC|RCE|LGK|MSK|SLB
SP004362,4,18,CBW,SPX,CBW|WYE|AFK|XIW|XXK|XXG|XXL|XXO|XXI|EBF|XXJ|XXU|XXH|XXQ|SDI|XXR|XXY|SPX
SP004363,16,4,SWB,PBO,SWB|KLB|WIS|PBO
SP004364,2,20,EXM,PGN,EXM|LYM|TOP|NCO|DIG|POL|SJP|EXC|EXD|EXT|MBT|SCS|DWW|DWL|TGM|NTA|EDS|TRR|TQY|PGN
SP004365,1,36,GLC,EUS,GLC|WSH|LOC|XGS|CAR|PNR|XIT|OXN|XOA|LAN|PRE|XOU|WGN|WBQ|XYJ|ACB|WSF|CRE|STA|XCO|XOI|XIM|NUN|RUG|XWZ|XHN|MKC|BLY|XOD|TRI|XOE|WFJ|HRW|WMB|XWI|EUS
SP004366,1,20,CLT,LST,CLT|TLS|WEE|GRB|ALR|WIV|HYH|COL|MKT|KEL|WTM|BPA|CHM|SNF|GDP|IFD|SRA|XOW|BET|LST
SP004367,28,5,DEB,PBO,DEB|SWB|KLB|WIS|PBO
SP004368,2,16,BDT,YRK,BDT|NFN|DRF|HUT|BEV|CGM|HUL|HES|FRY|BUH|GBD|HOW|SBY|SIE|CHF|YRK
SP004369,2,8,FAL,PAR,FAL|FMT|PNM|PYN|PRW|TRU|SAU|PAR
SP004370,2,2,SBY,YRK,SBY|YRK
SP004371,42,6,FAL,TRU,FAL|FMT|PNM|PYN|PRW|TRU
SP004372,2,12,GLC,WMS,GLC|CDO|HLE|HLW|PYG|BPT|PTG|WNL|DFR|BCN|INP|WMS
SP004373,1,11,BNP,EXC,BNP|UMB|PMA|EGG|MRD|COP|YEO|CDI|NTC|EXD|EXC
SP004374,2,14,HFE,LST,HFE|WAR|SMT|RYH|BXB|CHN|ENL|BMD|PON|TOM|XMI|HAC|BET|LST
SP004375,1,7,LIV,WGN,LIV|EDG|ROB|HUY|SNH|GSW|WGN
SP004376,16,5,FAL,TRU,FAL|FMT|PNM|PYN|TRU
SP004377,1,11,SHF,MAN,SHF|DOR|GRN|HSG|BAM|HOP|EDL|CLY|HAZ|SPT|MAN
SP004378,1,24,SLB,MAN,SLB|LGK|RCC|SBK|MBR|TBY|EAG|YRM|NTR|THI|YRK|CHF|MIK|CRG|LDS|MLY|DEW|HUD|MSN|GNF|SYB|GUI|ABY|MAN
SP004379,2,7,NRW,ELY,NRW|WMD|ATL|TTF|BND|XYE|ELY
SP004380,4,24,SPX,MAR,SPX|XXY|XXR|SDI|XXQ|XXH|XXU|XXJ|XXI|XXO|XXL|XXG|XXK|XIW|AFK|WYE|CBW|STU|MSR|XMF|THP|RAM|BSR|MAR
SP004381,1,9,HLD,YRK,HLD|GGV|SKI|KEI|SHY|XES|CFD|CHF|YRK
SP004382,2,59,INV,EUS,INV|CAG|AVM|KIN|NWR|DLW|BLA|PIT|DKD|PTH|GLE|DBL|STG|FKG|XGM|PMT|LIN|HYM|HYM|SLA|LOC|XGS|PNR|XIT|OXN|XOA|LAN|PRE|XOU|WGN|WBQ|XYJ|ACB|WSF|CRE|STA|PKG|XBJ|XPJ|BSC|XRA|AST|SCF|BHI|BKW|COV|RUG|XWZ|XHN|MKC|BLY|XOD|TRI|XOE|WFJ|HRW|WMB|XWI|EUS
SP004383,2,7,SHF,LDS,SHF|MHS|BNY|WKK|NOR|XES|LDS
SP004384,1,24,EUS,WVH,EUS|XWI|WMB|HRW|WFJ|XOE|TRI|XOD|BLY|MKC|XHN|XWZ|RUG|COV|BKW|BHI|SCF|XOZ|BHM|XOS|XRA|BSC|XPJ|WVH
SP004385,2,16,SMN,LST,SMN|BUU|ALN|NFA|SOF|BLB|WIC|BIC|SNF|GDP|RMF|IFD|SRA|XOW|BET|LST
SP004386,2,19,IPS,NRW,IPS|WFI|WDB|MES|WCM|SAX|DSM|HAS|BRP|BCC|OUS|LWT|OUN|SYT|REE|CNY|BDA|XWH|NRW
SP004387,2,13,SPT,CTR,SPT|NVR|ALT|HAL|ASY|MOB|KNF|PLM|LTG|NWI|GBK|MLD|CTR
SP004388,1,22,DVP,SPX,DVP|FKC|FKW|XSI|SDG|WHA|AFK|XIW|XXK|XXG|XXL|XXO|XXI|EBF|XXJ|XXU|XXH|XXQ|SDI|XXR|XXY|SPX
SP004389,12,3,PBO,KLB,PBO|WIS|KLB
SP004390,1,28,SDW,SPX,SDW|DEA|WAM|MTM|XUK|DVP|FKE|FKC|FKW|XSI|SDG|WHA|AFK|XIW|XXK|XXG|XXL|XXO|XXI|EBF|XXJ|XXU|XXH|XXQ|SDI|XXR|XXY|SPX
SP004391,2,15,SPT,CTR,SPT|NVR|ALT|HAL|ASY|MOB|KNF|PLM|LTG|NWI|GBK|CUD|DLM|MLD|CTR
SP004392,10,21,SPX,DVP,SPX|XXY|XXR|SDI|XXQ|XXH|XXU|XXJ|EBF|XXI|XXO|XXL|XXG|XXK|XIW|AFK|XSI|FKW|FKC|FKE|DVP
SP004393,2,29,RAM,SPX,RAM|THP|XMF|SDW|DEA|WAM|MTM|XUK|DVP|FKE|FKC|FKW|XSI|AFK|XIW|XXK|XXG|XXL|XXO|XXI|EBF|XXJ|XXU|XXH|XXQ|SDI|XXR|XXY|SPX
SP004394,3,26,SDW,SPX,SDW|DEA|WAM|MTM|XUK|DVP|FKE|FKC|FKW|XSI|AFK|XIW|XXK|XXG|XXL|XXO|XXI|EBF|XXJ|XXU|XXH|XXQ|SDI|XXR|XXY|SPX
SP004395,2,2,BFA,CRP,BFA|CRP
SP004396,26,28,SPX,RAM,SPX|XXY|XXR|SDI|XXQ|XXH|XXU|XXJ|EBF|XXI|XXO|XXL|XXG|XXK|XIW|AFK|XSI|FKW|FKC|FKE|DVP|XUK|MTM|WAM|DEA|SDW|XMF|RAM
SP004397,2,2,CRP,BFA,CRP|BFA
SP004398,2,37,FAV,SPX,FAV|WHI|CSW|HNB|BCH|WGA|MAR|BSR|DMP|RAM|XMF|SDW|DEA|WAM|MTM|XUK|DVP|FKE|FKC|FKW|XSI|AFK|XIW|XXK|XXG|XXL|XXO|XXI|EBF|XXJ|XXU|XXH|XXQ|SDI|XXR|XXY|SPX
SP004399,1,36,EUS,GLC,EUS|XWI|WMB|HRW|WFJ|XOE|TRI|XOD|BLY|MKC|XHN|XWZ|RUG|NUN|XIM|XOI|XCO|STA|CRE|WSF|ACB|XYJ|WBQ|WGN|XOU|PRE|LAN|XOA|OXN|XIT|PNR|CAR|XGS|LOC|WSH|GLC
SP004400,2,16,GCR,SOU,GCR|SHU|STD|KEM|SWI|CPM|MKM|TRO|WSB|DMH|WMN|SAL|DEN|ROM|RDB|SOU
SP004401,10,21,DVP,SPX,DVP|FKE|FKC|FKW|XSI|AFK|XIW|XXK|XXG|XXL|XXO|XXI|EBF|XXJ|XXU|XXH|XXQ|SDI|XXR|XXY|SPX
SP004402,1,8,MAN,MAC,MAN|SPT|CHU|BML|PYT|ADC|PRB|MAC
SP004403,4,5,GCR,BRI,GCR|YAE|BPW|FIT|BRI
SP004404,15,28,RAM,SPX,RAM|XMF|SDW|DEA|WAM|MTM|XUK|DVP|FKE|FKC|FKW|XSI|AFK|XIW|XXK|XXG|XXL|XXO|XXI|EBF|XXJ|XXU|XXH|XXQ|SDI|XXR|XXY|SPX
SP004405,54,3,DAR,CGT,DAR|RMK|CGT
SP004406,2,11,MBR,WTB,MBR|JCH|GYP|NNT|BTT|GLS|EGT|GMT|SLH|RUS|WTB
SP004407,1,6,SEF,LWS,SEF|BIP|NVN|NVH|NVN|LWS
SP004408,4,5,NNT,MBR,NNT|GYP|MTO|JCH|MBR
SP004409,1,2,HHE,PMP,HHE|PMP
SP004410,6,5,MBR,NNT,MBR|JCH|MTO|GYP|NNT
SP004411,1,6,LWS,EBN,LWS|GLY|BRK|PLG|HMD|EBN
SP004412,10,18,WTB,MBR,WTB|RUS|SLH|GMT|EGT|GLS|LHM|DNY|CSM|COM|KLD|BTT|GTA|NNT|GYP|MTO|JCH|MBR
SP004413,1,10,BAL,EPS,BAL|SRC|MTC|MIJ|HCB|CSH|SUO|CHE|EWE|EPS
SP004414,1,6,SUO,BAL,SUO|CSH|HCB|MIJ|MTC|BAL
SP004415,16,5,LSK,LOO,LSK|SKN|CAU|SDP|LOO
SP004416,1,16,PAD,BDW,PAD|STL|SLO|MAI|TWY|RDG|RDW|THE|AMT|MDG|THA|NRC|NBY|KIT|HGD|BDW
SP004417,1,3,ECR,EGR,ECR|OXT|EGR
SP004418,4,6,LSK,LOO,LSK|COE|SKN|CAU|SDP|LOO
SP004419,1,9,HUD,LDS,HUD|DHN|MIR|RVN|DEW|BTL|MLY|COT|LDS
SP004420,6,2,LSK,LOO,LSK|LOO
SP004421,2,10,KNA,LDS,KNA|SBE|HGT|HBP|PNL|WET|HRS|HDY|BUY|LDS
SP004422,2,6,HGT,LDS,HGT|HBP|PNL|WET|HRS|LDS
SP004423,2,7,LDS,HGT,LDS|BUY|HDY|HRS|PNL|HBP|HGT
SP004424,58,3,CGT,DAR,CGT|RMK|DAR
SP004425,2,14,SRA,HFE,SRA|XTA|LEB|XMI|TOM|NUM|BMD|ENL|CHN|BXB|RYH|SMT|WAR|HFE
SP004426,2,15,BPN,LIV,BPN|PFY|KKM|PRE|LEY|XOU|EBA|WGN|SNH|HUY|ROB|BGE|WAV|EDG|LIV
SP004427,2,10,WGN,LIV,WGN|NLW|ERL|SHJ|LEG|RNH|HUY|ROB|EDG|LIV
SP004428,2,14,SRA,HFE,SRA|XTA|LEB|XMI|TOM|NUM|BMD|WLC|CHN|BXB|RYH|SMT|WAR|HFE
SP004429,2,15,HFE,SRA,HFE|WAR|SMT|RYH|BXB|CHN|WLC|ENL|BMD|MRW|TOM|XMI|LEB|XTA|SRA
SP004430,4,3,HSB,ELP,HSB|INE|ELP
SP004431,2,5,LSK,PLY,LSK|SGM|STS|SBF|PLY
SP004432,2,3,ELP,HSB,ELP|INE|HSB
SP004433,2,14,EUS,NMP,EUS|XWI|WMB|HRW|WFJ|XOE|TRI|XOD|LBZ|BLY|MKC|WOL|XHN|NMP
SP004434,2,8,HYM,NBW,HYM|EDB|MUB|WAF|PST|LND|DRM|NBW
SP004435,4,17,SPX,MDW,SPX|XXY|XXR|SDI|XXQ|XXH|XXU|XXJ|EBF|XSR|GRV|SOO|CUX|SDA|AYL|MDB|MDW
SP004436,2,8,NBW,HYM,NBW|DRM|LND|PST|WAF|MUB|EDB|HYM
SP004437,2,15,BIS,SRA,BIS|SAW|HWM|HWN|BXB|CHN|WLC|ENL|BMD|MRW|TOM|XMI|LEB|XTA|SRA
SP004438,4,17,MDW,SPX,MDW|MDB|AYL|SDA|CUX|SOO|GRV|XSR|EBF|XXJ|XXU|XXH|XXQ|SDI|XXR|XXY|SPX
SP004439,2,13,SRA,BIS,SRA|XTA|LEB|XMI|TOM|NUM|BMD|WLC|CHN|BXB|RYN|HWN|BIS
SP004440,2,16,ELP,LIV,ELP|INE|HSB|RUE|WBQ|ERL|SHJ|LEG|RNH|WHN|HUY|ROB|BGE|WAV|EDG|LIV
SP004441,2,5,DAL,OBN,DAL|LHA|TAY|CON|OBN
SP004442,2,14,SRA,BIS,SRA|XTA|LEB|XMI|TOM|NUM|BMD|WLC|CHN|BXB|RYN|HWN|SAW|BIS
SP004443,2,8,WRU,MYB,WRU|SRU|NLT|SDH|SUD|WCX|XNJ|MYB
SP004444,2,5,OBN,DAL,OBN|CON|TAY|LHA|DAL
SP004445,1,19,MYB,BAN,MYB|XNJ|WCX|SRU|WRU|GER|BCF|HWY|SDR|PRR|HDM|XJV|XGY|BIT|OXP|OXF|HYD|XAN|BAN
SP004446,2,15,BIS,SRA,BIS|HWM|HWN|RYN|BXB|CHN|WLC|ENL|BMD|MRW|TOM|XMI|LEB|XTA|SRA
SP004447,1,13,GLC,ADN,GLC|PYG|JHN|MIN|HOZ|LHW|GLG|DLY|KWN|STV|SLT|ASB|ADN
SP004448,6,22,EDB,GLC,EDB|HYM|SLA|KGE|WTA|CUH|KKN|LVG|WCL|ADW|BRC|FLD|XJB|SHS|HTW|CEA|CRF|HLY|BLH|UDD|CBL|GLC
SP004449,2,12,GLC,EDB,GLC|CBL|UDD|BLH|HLY|SHS|XJB|WCL|LVG|SLA|HYM|EDB
SP004450,2,7,MCO,WAC,MCO|DGT|URM|FLI|IRL|BWD|WAC
SP004451,2,14,MIA,OXN,MIA|HDG|MAN|MCO|DGT|SLD|BON|XLK|CRL|XOU|PRE|LAN|XOA|OXN
SP004452,2,11,MCO,WAC,MCO|DGT|TRA|HUP|URM|CSR|FLI|IRL|BWD|PDG|WAC
SP004453,4,10,MCO,WAC,MCO|DGT|URM|CSR|FLI|IRL|GLZ|BWD|PDG|WAC
SP004454,2,18,GLC,EDB,GLC|UDD|BLH|HLY|CRF|CEA|HTW|SHS|XJB|FLD|ADW|WCL|LVG|KKN|CUH|SLA|HYM|EDB
SP004455,1,16,CYP,DLJ,CYP|SYD|FOH|HPA|BCY|NXG|SQE|ZCW|ROE|WPE|SDE|ZLW|SDC|HOX|HGG|DLJ
SP004456,2,17,EDB,GLC,EDB|HYM|SLA|LVG|WCL|ADW|BRC|FLD|XJB|SHS|HTW|CEA|CRF|HLY|BLH|UDD|GLC
SP004457,2,11,MCO,WAC,MCO|DGT|TRA|HUP|URM|CSR|FLI|IRL|GLZ|BWD|WAC
SP004458,2,4,KWG,ZUM,KWG|GUN|ZTU|ZUM
SP004459,2,15,LIV,MCV,LIV|EDG|WAV|BGE|ROB|HUY|WHN|RNH|LEG|SHJ|ERL|NLW|ECC|SFD|MCV
SP004460,1,24,YRK,MAN,YRK|CHF|MIK|EGF|CRG|LDS|COT|MLY|BTL|DEW|RVN|MIR|DHN|HUD|SWT|MSN|GNF|MSL|SYB|GUI|GTO|ABY|ADK|MAN
SP004461,2,11,SBY,HFX,SBY|SOM|MIK|EGF|GRF|CRG|LDS|BLE|NPD|BDI|HFX
SP004462,2,9,YRK,RCC,YRK|THI|NTR|YRM|EAG|TBY|MBR|SBK|RCC
SP004463,16,5,LOO,LSK,LOO|SDP|CAU|SKN|LSK
SP004464,4,6,LOO,LSK,LOO|SDP|CAU|SKN|COE|LSK
SP004465,2,14,HUL,HFX,HUL|BUH|GBD|HOW|SBY|SOM|MIK|GRF|CRG|LDS|BLE|NPD|BDI|HFX
SP004466,2,33,WEY,NEM,WEY|UPW|DCH|MTN|WOO|WRM|HAM|POO|PKS|BSM|BMH|POK|CHR|HNA|NWM|SWY|BCU|ANF|TTN|RDB|SOU|SDN|SOA|ESL|XEW|SHW|WIN|MIC|BSK|FNB|WOK|SUR|NEM
SP004467,6,2,LOO,LSK,LOO|LSK
SP004468,1,7,BSK,WOK,BSK|HOK|WNF|FLE|FNB|BKO|WOK
SP004469,80,1,WFJ,WFJ,WFJ
SP004470,2,12,SHF,LDS,SHF|MHS|CLN|ELR|WOM|BNY|DRT|WKK|NOR|WDS|XES|LDS
SP004471,2,11,LIV,WAC,LIV|EDG|MSH|WSA|ALE|HNX|HED|HGN|WID|SNK|WAC
SP004472,2,12,LIV,WAC,LIV|EDG|MSH|WSA|ALE|HNX|HED|HGN|WID|SNK|WAW|WAC
SP004473,4,2,DFP,HHD,DFP|HHD
SP004474,2,14,CLH,MCV,CLH|WHE|LHO|RGW|BBN|DWN|ENT|BMC|HID|BON|FNW|SLD|SFD|MCV
SP004475,8,2,HHD,DPS,HHD|DPS
SP004476,2,11,PAD,BAN,PAD|STL|SLO|MAI|TWY|RDG|GOR|OXF|HYD|XAN|BAN
SP004477,2,5,NBY,RDG,NBY|NRC|THA|THE|RDG
SP004478,2,12,WAC,LIV,WAC|WAW|SNK|WID|HGN|HED|HNX|ALE|WSA|MSH|EDG|LIV
SP004479,1,9,MYB,PRR,MYB|XNJ|WCX|SRU|WRU|GER|HWY|SDR|PRR
SP004480,2,11,WAC,LIV,WAC|SNK|WID|HGN|HED|HNX|ALE|WSA|MSH|EDG|LIV
SP004481,1,37,CBG,BTN,CBG|CMS|XSP|FXN|RYS|AWM|BDK|LET|HIT|SVG|XGN|WGC|PBR|AAP|FPK|XKB|SPL|ZFD|CTK|BFR|XMK|XLJ|NXG|SYD|NWD|ECR|PUR|XJS|ELD|SAF|GTW|TBD|HHE|XKM|BUG|PRP|BTN
SP004482,1,41,HRH,PBO,HRH|LVN|IFI|CRW|TBD|GTW|HOR|SAF|ELD|RDH|MHM|CDS|XJS|PUR|SCY|ECR|SRS|SRC|STE|TUH|HNH|LGJ|EPH|BFR|ZFD|SPL|XKB|FPK|AAP|BOP|GDH|HFN|SVG|HIT|ARL|BIW|SDY|SNO|HUN|XHO|PBO
SP004483,2,10,WOS,OXF,WOS|WOP|PSH|EVE|HYB|MIM|KGM|CBY|HND|OXF
SP004484,1,5,NRC,BDW,NRC|NBY|KIT|HGD|BDW
SP004485,2,11,OXF,WOS,OXF|HND|CBY|SIP|KGM|MIM|HYB|EVE|PSH|WOP|WOS
SP004486,2,15,AYS,MYB,AYS|LTK|MRS|PRR|SDR|HWY|BCF|GER|DGC|DNM|WRU|SRU|WCX|XNJ|MYB
SP004487,1,38,BTN,BDM,BTN|PRP|HSK|BUG|XKM|WVF|HHE|BAB|TBD|GTW|ELD|RDH|XJS|PUR|SCY|ECR|SRC|STE|TUH|HNH|LGJ|EPH|BFR|ZFD|SPL|KTN|WHP|CRI|BCZ|HEN|SAC|HPD|LTN|LUT|LEA|HLN|FLT|BDM
SP004488,2,19,OXF,MYB,OXF|OXP|ISP|BIT|XGY|XJV|HDM|PRR|SDR|HWY|SRG|GER|DGC|DNM|WRU|SRU|WCX|XNJ|MYB
SP004489,1,37,MIA,CLE,MIA|HDG|GTY|EDY|BNA|MAU|MAN|LVM|HTC|SPT|DVN|WSR|HAZ|EDL|BAM|HSG|GRN|SHF|MHS|SWN|MEX|DON|KKS|HFS|TNS|CWE|ALP|SCU|BTB|HAB|SLL|HLI|GCT|GMB|GMD|NCE|CLE
SP004490,1,41,CLE,LIV,CLE|NCE|GMD|GMB|GCT|HLI|SLL|HAB|BTB|SCU|ALP|CWE|TNS|HFS|KKS|DON|MEX|RMC|MHS|SHF|DOR|GRN|BAM|EDL|HAZ|WSR|DVN|SPT|HTC|LVM|MAN|MCO|DGT|BWD|WAC|HGN|HNX|ALE|MSH|EDG|LIV
SP004491,2,6,SWI,CNM,SWI|KEM|STD|SHU|GCR|CNM
SP004492,2,17,PNZ,PLY,PNZ|SER|HYL|CBN|RED|TRU|SAU|PAR|LOS|BOD|LSK|MEN|SGM|STS|SBF|DPT|PLY
SP004493,60,20,GRV,CHX,GRV|XSR|NFL|SWM|GNH|SCG|DFD|XRT|CRY|BXY|AYP|SID|NEH|MTG|LEE|HGR|XPY|NWX|WAE|CHX
SP004494,2,16,PNZ,PLY,PNZ|SER|HYL|CBN|RED|TRU|SAU|PAR|LOS|BOD|LSK|MEN|SGM|STS|DPT|PLY
SP004495,1,4,UIG,LCH,UIG|TBT|UIG|LCH
SP004496,1,8,MLG,MLG,MLG|MUK|EIG|MLG|RHU|CNA|RHU|MLG
SP004497,1,2,ADS,BDC,ADS|BDC
SP004498,8,13,CRY,CST,CRY|BXY|AYP|SID|NEH|MTG|LEE|HGR|XPY|SAJ|NWX|XKE|CST
SP004499,4,2,PSE,SFO,PSE|SFO
SP004500,1,18,MIA,LIV,MIA|HDG|MAN|MCO|DGT|SFD|MCV|SFD|ECC|NLW|ERL|SHJ|LEG|RNH|HUY|ROB|EDG|LIV
SP004501,8,19,GRV,CHX,GRV|XSR|NFL|SWM|GNH|SCG|DFD|XRT|CRY|BXY|SID|NEH|MTG|LEE|HGR|XPY|NWX|WAE|CHX
SP004502,1,21,PMH,BRI,PMH|PMS|FTN|CSA|FRM|BOE|ESL|SOA|SDN|SOU|RDB|ROM|DEN|SAL|WMN|DMH|WSB|TRO|BOA|BTH|BRI
SP004503,1,31,MIA,BIF,MIA|HDG|GTY|EDY|BNA|MAU|MAN|MCO|DGT|SLD|BON|XLK|HWI|BLK|ADL|CRL|BSV|XOU|PRE|LAN|XOA|CNF|SVR|ARN|GOS|KBK|CAK|ULV|DLT|ROO|BIF
SP004504,1,20,EDB,ABD,EDB|HYM|EDP|LIN|PMT|XGM|FKG|CMO|LBT|STG|DBL|PTH|DEE|BYF|CAN|ARB|MTS|LAU|STN|ABD
SP004505,1,21,EBN,BAK,EBN|HMD|XIL|PLG|XRH|LWS|CBR|XKM|WVF|HHE|TBD|GTW|ELD|RDH|XJS|PUR|ECR|SRS|SRC|BAL|BAK
SP004506,2,4,CRS,EDB,CRS|SLA|HYM|EDB
SP004507,1,34,EDB,FTW,EDB|HYM|EDP|UHA|BHG|ADR|COA|CBS|BAI|EST|GAR|SLS|CAY|BLG|GQL|CHC|ANL|WES|DMR|DBC|DLR|HLU|GCH|ART|AUI|CNR|UTY|BRO|RAN|CRR|TUL|RYB|SBR|FTW
SP004508,2,6,BKJ,BFR,BKJ|KTH|HNH|LGJ|EPH|BFR
SP004509,4,11,CRY,CHX,CRY|BXY|AYP|SID|NEH|LEE|HGR|XPY|NWX|WAE|CHX
SP004510,4,18,SOO,CHX,SOO|HGM|GRV|XSR|GNH|DFD|XRT|CRY|BXY|AYP|SID|NEH|LEE|HGR|XPY|NWX|WAE|CHX
SP004511,2,5,BKJ,XVJ,BKJ|KTH|HNH|BRX|XVJ
SP004512,1,10,ORP,CHX,ORP|XPE|CIT|ESD|GRP|HGR|XPY|NWX|WAE|CHX
SP004513,1,8,EXD,PLY,EXD|DWW|DWL|TGM|NTA|TOT|IVY|PLY
SP004514,1,10,WSM,BPW,WSM|WNM|WOR|YAT|NLS|PSN|BMT|BRI|FIT|BPW
SP004515,1,37,GLC,EUS,GLC|MTH|SDM|CRS|LOC|XGS|CAR|PNR|XIT|OXN|XOA|LAN|XOU|WGN|WBQ|XYJ|ACB|WSF|CRE|STA|XCO|XOI|XIM|NUN|RUG|XWZ|XHN|MKC|BLY|XOD|TRI|XOE|WFJ|HRW|WMB|XWI|EUS
SP004516,1,37,EUS,GLC,EUS|XWI|WMB|HRW|WFJ|XOE|TRI|XOD|BLY|MKC|XHN|XWZ|RUG|NUN|XIM|XOI|XCO|STA|CRE|WSF|ACB|XYJ|WBQ|WGN|XOU|LAN|XOA|OXN|XIT|PNR|CAR|XGS|LOC|CRS|SDM|MTH|GLC
SP004517,2,6,RDG,BDW,RDG|THE|NBY|KIT|HGD|BDW
SP004518,1,46,NRW,LIV,NRW|WMD|ATL|TTF|BND|XYE|ELY|XYE|MNE|MCH|WLE|PBO|GRA|BTF|ELO|ALK|BIN|RDF|NET|NOT|LGM|ALF|CHD|SHF|GRN|BAM|EDL|HAZ|WSR|DVN|SPT|HTC|LVM|MAN|MCO|DGT|BWD|WAC|WID|HGN|HNX|ALE|WSA|MSH|EDG|LIV
SP004519,2,5,RDG,NBY,RDG|THE|AMT|THA|NBY
SP004520,1,13,RDG,PAD,RDG|TWY|MAI|TAP|BNM|SLO|HAY|STL|HAN|WEA|EAL|AML|PAD
SP004521,1,4,LCH,UIG,LCH|UIG|TBT|UIG
SP004522,2,19,RDH,RDZ,RDH|REI|BTO|DPD|DKT|GOM|CHL|SFR|GLD|WAN|ASH|NCM|FNN|BAW|SND|CRN|WKM|EAR|RDZ
SP004523,1,4,UIG,TBT,UIG|LCH|UIG|TBT
SP004524,2,23,SVB,SAL,SVB|SAR|AVN|PRI|SHH|SML|CFN|RDA|MTP|SRD|LWH|BRI|KYN|OLF|BTH|FFD|AVF|BOA|TRO|WSB|DMH|WMN|SAL
SP004525,2,6,NCL,CHT,NCL|MAS|CRM|MPT|ALM|CHT
SP004526,1,13,BPN,MAN,BPN|PFY|KKM|PRE|LEY|XOU|CRL|XLK|BON|SLD|DGT|MCO|MAN
SP004527,2,20,MDE,BFR,MDE|BMG|EML|WMA|BRG|XOT|OTF|SAY|SMY|XMU|XLY|BMS|SRT|RVB|BGM|NHD|DMK|LGJ|EPH|BFR
SP004528,2,20,BFR,MDE,BFR|EPH|LGJ|DMK|NHD|BGM|RVB|SRT|BMS|XLY|XMU|SMY|SAY|OTF|XOT|BRG|WMA|EML|BMG|MDE
SP004529,1,31,EUS,BHM,EUS|XWI|WMB|HRW|WFJ|KGL|APS|HML|XOE|BKM|TRI|CED|XOD|LBZ|BLY|MKC|WOL|XHN|NMP|LBK|RUG|COV|CNL|THL|BKW|HIA|BHI|MGN|SCF|XOZ|BHM
SP004530,3,9,ORP,CHX,ORP|XPE|CIT|GRP|HGR|XPY|NWX|WAE|CHX
SP004531,1,21,GLM,CST,GLM|CTM|RTR|XRJ|SOR|MEP|LGF|XWK|FNR|SAY|SMY|XMU|CIT|ESD|GRP|HGR|XPY|SAJ|NWX|XKE|CST
SP004532,1,26,FAV,CST,FAV|TEY|SIT|NGT|RAI|GLM|CTM|RTR|XRJ|SOR|MEP|LGF|XWK|FNR|SAY|SMY|XMU|CIT|ESD|GRP|HGR|XPY|SAJ|NWX|XKE|CST
SP004533,2,21,FAV,CST,FAV|TEY|SIT|NGT|RAI|GLM|CTM|RTR|XRJ|SOR|XWK|SAY|XMU|CIT|GRP|HGR|XPY|SAJ|NWX|XKE|CST
SP004534,4,29,RAM,CST,RAM|DMP|BSR|MAR|WGA|BCH|HNB|CSW|WHI|FAV|SIT|NGT|RAI|GLM|CTM|RTR|XRJ|SOR|XWK|SAY|XMU|CIT|GRP|HGR|XPY|SAJ|NWX|XKE|CST
SP004535,2,26,BSR,CST,BSR|MAR|BCH|HNB|WHI|FAV|TEY|SIT|NGT|RAI|GLM|CTM|RTR|XRJ|SOR|XWK|SAY|XMU|CIT|GRP|HGR|XPY|SAJ|NWX|XKE|CST
SP004536,3,16,GLM,CST,GLM|CTM|RTR|XRJ|SOR|XWK|SAY|XMU|CIT|GRP|HGR|XPY|SAJ|NWX|XKE|CST
SP004537,6,31,CST,DVP,CST|XKE|NWX|SAJ|XPY|HGR|GRP|CIT|XMU|SAY|XWK|SOR|XRJ|RTR|CTM|GLM|RAI|NGT|SIT|TEY|FAV|SEG|CBE|BKS|ADM|AYH|SWO|SPH|KSN|XUK|DVP
SP004538,4,29,CST,RAM,CST|XKE|NWX|SAJ|XPY|HGR|GRP|CIT|XMU|SAY|XWK|SOR|XRJ|RTR|CTM|GLM|RAI|NGT|SIT|FAV|WHI|CSW|HNB|BCH|WGA|MAR|BSR|DMP|RAM
SP004539,1,5,WVH,SHR,WVH|SFN|TFC|WLN|SHR
SP004540,1,13,TAB,SHR,TAB|DAS|WIA|WVH|BBK|CSL|ALB|COS|SFN|TFC|OKN|WLN|SHR
SP004541,1,9,CRE,MAN,CRE|SDB|HCH|GTR|CEL|ALD|WML|HDG|MAN
SP004542,2,11,SHR,BHM,SHR|WLN|OKN|TFC|SFN|COS|ALB|CSL|BBK|WVH|BHM
SP004543,1,5,KNN,BHM,KNN|PIR|KIH|MOV|BHM
SP004544,2,14,TON,HGS,TON|HIB|TBW|FRT|WAD|SOG|ETC|RBR|BAT|CWU|WLD|XOP|SLQ|HGS
SP004545,1,5,BHM,KNN,BHM|MOV|KIH|PIR|KNN
SP004546,8,20,CHX,HGS,CHX|WAE|NWX|XPY|HGR|GRP|CIT|XPE|ORP|SEV|TON|HIB|TBW|WAD|ETC|RBR|BAT|XOP|SLQ|HGS
SP004547,1,30,CHX,HGS,CHX|WAE|NWX|XPY|HGR|GRP|ESD|CIT|XPE|PET|ORP|CLD|KCK|DNG|SEV|HLB|TON|HIB|TBW|FRT|WAD|SOG|ETC|RBR|BAT|CWU|WLD|XOP|SLQ|HGS
SP004548,1,7,THI,SHD,THI|NTR|DAR|NRD|HEI|NAY|SHD
SP004549,2,25,CHX,HGS,CHX|WAE|NWX|XPY|HGR|GRP|CIT|XPE|ORP|CLD|SEV|TON|HIB|TBW|FRT|WAD|SOG|ETC|RBR|BAT|CWU|WLD|XOP|SLQ|HGS
SP004550,2,13,NWX,DFD,NWX|LEW|BKH|CTN|WWD|WWA|PLU|ABW|BVD|ERH|SGR|XRT|DFD
SP004551,2,22,CHX,HGS,CHX|WAE|NWX|XPY|HGR|GRP|CIT|XPE|ORP|SEV|TON|HIB|TBW|FRT|WAD|SOG|ETC|RBR|BAT|XOP|SLQ|HGS
SP004552,1,20,BTN,HGS,BTN|LRB|MCB|FMR|LWS|XRH|BRK|PLG|XIL|HMD|EBN|HMD|XIL|PEV|COB|CLL|BEX|XOP|SLQ|HGS
SP004553,1,20,BTN,ORE,BTN|FMR|LWS|XRH|GLY|BRK|PLG|XIL|HMD|EBN|HMD|XIL|PEV|NSB|COB|BEX|XOP|SLQ|HGS|ORE
SP004554,1,14,DKG,BAK,DKG|BXW|LHD|AHD|EPS|EWE|CHE|SUO|CSH|HCB|MIJ|MTC|BAL|BAK
SP004555,2,29,HGS,CHX,HGS|SLQ|XOP|WLD|CWU|BAT|RBR|ETC|SOG|WAD|FRT|TBW|HIB|TON|HLB|SEV|DNG|KCK|CLD|ORP|XPE|CIT|ESD|GRP|HGR|XPY|NWX|WAE|CHX
SP004556,1,7,LMS,SAV,LMS|WRW|HTN|CLV|WMC|STY|SAV
SP004557,1,2,LDS,SBY,LDS|SBY
SP004558,1,11,CDF,CMN,CDF|PYC|BGN|PYL|PTA|LLE|PBY|KWL|FYS|XCI|CMN
SP004559,1,2,SBY,LDS,SBY|LDS
SP004560,1,19,OXF,MYB,OXF|OXP|BIT|XGY|XJV|HDM|PRR|SDR|HWY|BCF|GER|DGC|DNM|WRU|SRU|NLT|WCX|XNJ|MYB
SP004561,1,16,COL,LST,COL|MKT|KEL|WTM|HAP|BPA|CHM|INT|SNF|GDP|RMF|IFD|SRA|XOW|BET|LST
SP004562,2,36,MAN,EUS,MAN|HTC|SPT|CHU|HTH|WML|ALD|CEL|GTR|HCH|SDB|CRE|STA|XCO|RGL|XOI|LTV|TAM|XIM|PSW|ATH|NUN|RUG|XWZ|XHN|WOL|MKC|BLY|XOD|TRI|XOE|WFJ|HRW|WMB|XWI|EUS
SP004563,1,17,MYB,OXF,MYB|XNJ|WCX|NLT|SRU|WRU|DNM|GER|HWY|SDR|PRR|HDM|XJV|XGY|BIT|OXP|OXF
SP004564,1,12,WEY,WSB,WEY|UPW|DCW|MDN|CNO|YET|THO|YVP|CLC|BRU|FRO|WSB
SP004565,1,47,MAN,MFH,MAN|SPT|CHU|WML|ALD|CEL|SDB|CRE|NAN|WRE|WTC|PRS|WEM|SHR|CTT|CRV|LUD|LEO|HFD|AGV|PPL|CWM|NWP|CDF|PYC|BGN|PYL|PTA|BAJ|BNF|NTH|SKE|LAS|SWA|GWN|LLE|PBY|KWL|FYS|XCI|CMN|WTL|CUW|CLR|HVF|JOH|MFH
SP004566,1,31,HGS,CST,HGS|SLQ|XOP|WLD|CWU|BAT|RBR|ETC|SOG|WAD|FRT|TBW|HIB|TON|HLB|SEV|DNG|KCK|CLD|ORP|PET|XPE|CIT|ESD|GRP|HGR|XPY|SAJ|NWX|XKE|CST
SP004567,1,29,LST,ELY,LST|BET|HAC|XMI|TOM|PON|BMD|ENL|WLC|CHN|BXB|RYN|HWN|HWM|SAW|BIS|SST|ESM|NWE|AUD|GRC|WLF|SED|XSP|CMS|CBG|CMB|WBC|ELY
SP004568,1,19,CBG,LST,CBG|CMS|XSP|WLF|AUD|SST|BIS|SAW|HWM|HWN|RYN|BXB|CHN|BMD|TOM|XMI|HAC|BET|LST
SP004569,1,26,LST,ELY,LST|BET|HAC|XMI|TOM|BMD|CHN|BXB|RYN|HWN|HWM|SAW|BIS|SST|ESM|NWE|AUD|GRC|WLF|SED|XSP|CMS|CBG|CMB|WBC|ELY
SP004570,1,12,BRI,PAD,BRI|FIT|BPW|SWI|DID|GOR|RDG|TWY|MAI|SLO|STL|PAD
SP004571,1,12,BDW,PAD,BDW|HGD|KIT|NBY|THA|THE|RDG|TWY|MAI|SLO|STL|PAD
SP004572,1,26,MIA,BPN,MIA|HDG|GTY|EDY|BNA|MAU|MAN|MCO|DGT|SLD|BON|XLK|LOT|HWI|BLK|ADL|CRL|BSV|XOU|LEY|PRE|SLW|KKM|PFY|LAY|BPN
SP004573,2,8,FST,GRY,FST|LHS|WEH|BKG|DDK|RNM|PFL|GRY
SP004574,1,36,BTN,BDM,BTN|PRP|BUG|XKM|HHE|TBD|GTW|HOR|ELD|RDH|XJS|PUR|SCY|ECR|NWD|SYD|NXG|XLJ|XMK|BFR|CTK|ZFD|SPL|KTN|WHP|CRI|HEN|SAC|HPD|LTN|LUT|LEA|HLN|FLT|WIX|BDM
SP004575,1,29,TBD,BDM,TBD|GTW|ELD|RDH|XJS|PUR|ECR|NWD|SYD|NXG|XLJ|XMK|BFR|CTK|ZFD|SPL|KTN|WHP|CRI|HEN|SAC|HPD|LTN|LUT|LEA|HLN|FLT|WIX|BDM
SP004576,1,15,EGR,BAK,EGR|DMS|LFD|HUR|OXT|WOH|UWL|RDD|SNR|SCY|ECR|SRS|SRC|BAL|BAK
SP004577,1,11,HWY,MYB,HWY|BCF|GER|DGC|DNM|WRU|SRU|NLT|WCX|XNJ|MYB
SP004578,1,11,BPN,CRE,BPN|PFY|KKM|PRE|XOU|WGN|WBQ|XYJ|ACB|WSF|CRE
SP004579,1,35,BTN,CBG,BTN|PRP|BUG|XKM|HHE|TBD|GTW|ELD|XJS|PUR|ECR|NWD|SYD|NXG|XLJ|XMK|BFR|ZFD|SPL|XKB|FPK|AAP|PBR|WGC|XGN|SVG|HIT|LET|BDK|AWM|RYS|FXN|XSP|CMS|CBG
SP004580,2,19,DLJ,WCY,DLJ|HGG|HOX|SDC|ZLW|SDE|WPE|ROE|ZCW|SQE|BCY|HPA|FOH|SYD|PNW|ANZ|NWD|XGU|WCY
SP004581,1,12,DID,PAD,DID|CHO|GOR|PAN|TLH|RDG|TWY|MAI|SLO|STL|WEA|PAD
SP004582,1,43,BTN,BDM,BTN|PRP|HSK|BUG|XKM|WVF|HHE|BAB|TBD|GTW|SAF|ELD|RDH|XJS|PUR|SCY|ECR|SRS|SRC|STE|TUH|HNH|LGJ|EPH|BFR|ZFD|SPL|KTN|WHP|CRI|BCZ|HEN|MIL|ELS|RDT|SAC|HPD|LTN|LUT|LEA|HLN|FLT|BDM
SP004583,1,30,BHI,MAN,BHI|SCF|XOZ|BHM|XOS|XGJ|SAD|DDP|WVH|COS|XMD|TFC|WLN|XSY|SHR|GOB|CRK|RUA|WRX|CTR|HSB|FRD|RUE|WBQ|ERL|NLW|ECC|DGT|MCO|MAN
SP004584,2,17,FST,SOC,FST|LHS|WEH|BKG|UPM|OCK|CFH|GRY|TIL|ETL|SFO|PSE|BEF|LES|CHW|WCF|SOC
SP004585,1,30,MIA,SCA,MIA|HDG|GTY|EDY|BNA|MAU|MAN|ADK|ABY|GTO|GUI|SYB|MSL|GNF|MSN|SWT|HUD|DHN|MIR|WKK|XES|LDS|CRG|EGF|MIK|CHF|YRK|MLT|SEM|SCA
SP004586,1,13,BAA,SOU,BAA|CCH|EMS|HAV|CSA|PTC|FRM|SNW|HME|SHO|WLS|SDN|SOU
SP004587,2,38,RAM,XVJ,RAM|DMP|BSR|MAR|WGA|BCH|HNB|CSW|WHI|FAV|TEY|SIT|NGT|RAI|GLM|CTM|RTR|XRJ|SOR|MEP|LGF|XWK|FNR|SAY|SMY|XMU|XLY|BKL|BMS|SRT|BKJ|KTH|PNE|SYH|WDU|HNH|BRX|XVJ
SP004588,2,39,DVP,XVJ,DVP|XUK|KSN|SPH|SWO|AYH|ADM|BKS|CBE|SEG|FAV|TEY|SIT|NGT|RAI|GLM|CTM|RTR|XRJ|SOR|MEP|LGF|XWK|FNR|SAY|SMY|XMU|XLY|BKL|BMS|SRT|BKJ|KTH|PNE|SYH|WDU|HNH|BRX|XVJ
SP004589,1,35,NCL,KGX,NCL|DHM|DAR|NTR|THI|YRK|DON|RET|XNK|NNG|GRA|PBO|HUN|SNO|SDY|BIW|ARL|HIT|SVG|KBW|XGN|WGC|HAT|BPK|PBR|HDW|NBA|OKL|NSG|AAP|HRN|HGY|FPK|XKB|KGX
SP004590,1,27,BSR,SPX,BSR|MAR|WGA|BCH|HNB|CSW|WHI|FAV|SIT|NGT|RAI|GLM|CTM|RTR|XRJ|SOO|GRV|XSR|EBF|XXJ|XXU|XXH|XXQ|SDI|XXR|XXY|SPX
SP004591,1,33,WHP,RAI,WHP|KTN|SPL|ZFD|CTK|BFR|XMK|XKE|NWX|SAJ|LEW|BKH|KDB|ELW|FCN|WLI|BXH|BNH|XRT|DFD|SCG|GNH|SWM|NFL|XSR|GRV|HGM|SOO|XRJ|RTR|CTM|GLM|RAI
SP004592,1,31,BIF,MIA,BIF|ROO|DLT|ULV|CAK|KBK|GOS|ARN|SVR|CNF|XOA|LAN|PRE|XOU|BSV|CRL|ADL|BLK|HWI|XLK|BON|SLD|DGT|MCO|MAN|MAU|BNA|EDY|GTY|HDG|MIA
SP004593,1,6,YRK,HUL,YRK|SBY|HOW|GBD|BUH|HUL
SP004594,1,40,WSW,PMH,WSW|BAL|NRB|TTH|SRS|ECR|SCY|PUO|PUR|XJS|ELD|SAF|HOR|GTW|TBD|CRW|IFI|FGT|LVN|HRH|CHH|BIG|PUL|AMY|ARU|XXA|FOD|BAA|CCH|FSB|BOH|NUT|SOB|EMS|WBL|HAV|HLS|FTN|PMS|PMH
SP004595,1,29,EBN,WSW,EBN|HMD|XIL|PLG|BRK|GLY|XRH|LWS|CBR|PMP|XKM|WVF|HHE|BAB|TBD|GTW|SAF|ELD|XJS|PUR|PUO|SCY|ECR|SRS|TTH|NRB|SRC|BAL|WSW
SP004596,1,36,BDM,TBD,BDM|FLT|HLN|LEA|LUT|LTN|HPD|SAC|RDT|ELS|MIL|HEN|BCZ|CRI|WHP|KTN|SPL|ZFD|CTK|BFR|EPH|LGJ|HNH|TUH|STE|SRC|ECR|SCY|PUR|XJS|RDH|ELD|SAF|HOR|GTW|TBD
SP004597,1,6,GTW,BTN,GTW|TBD|HHE|XKM|PRP|BTN
SP004598,1,40,BDM,BTN,BDM|FLT|HLN|LEA|LUT|LTN|HPD|SAC|HEN|BCZ|CRI|WHP|KTN|SPL|ZFD|CTK|BFR|EPH|LGJ|HNH|TUH|STE|SRC|SRS|ECR|SCY|PUR|XJS|RDH|ELD|SAF|GTW|TBD|HHE|WVF|XKM|BUG|HSK|PRP|BTN
SP004599,1,14,PAD,WOS,PAD|STL|SLO|MAI|TWY|RDG|GOR|DID|SWI|KEM|CNM|ASC|XAY|WOS
SP004600,1,10,RDZ,SNS,RDZ|EAR|WKM|BCE|MAO|ACT|SNG|VIR|EGH|SNS
SP004601,1,14,GLD,RAY,GLD|LRD|CLA|HSY|EFF|BKA|LHD|AHD|EPS|EWW|SNL|WCP|MOT|RAY
SP004602,1,43,EDB,KGX,EDB|PST|DRM|DUN|RSN|BWK|ALM|MPT|NCL|DHM|DAR|NTR|THI|YRK|DON|RET|XNK|NNG|GRA|PBO|HUN|SNO|SDY|BIW|ARL|HIT|SVG|KBW|XGN|WGC|HAT|BPK|PBR|HDW|NBA|OKL|NSG|AAP|HRN|HGY|FPK|XKB|KGX
SP004603,1,12,GLD,EAD,GLD|LRD|CLA|HSY|EFF|CSD|OXS|CLG|HYW|SUR|NEM|EAD
SP004604,1,28,DON,KGX,DON|RET|XNK|NNG|GRA|PBO|HUN|SNO|SDY|BIW|ARL|HIT|SVG|KBW|XGN|WGC|HAT|BPK|PBR|HDW|OKL|NSG|AAP|HRN|HGY|FPK|XKB|KGX
SP004605,1,27,AFK,CHX,AFK|CHG|LEN|HRM|HBN|BSD|MDE|BMG|EML|WMA|BRG|KMS|XOT|OTF|SEH|EYN|SAY|SMY|XMU|CIT|ESD|GRP|HGR|XPY|NWX|WAE|CHX
SP004606,1,4,WCX,WRU,WCX|NLT|SRU|WRU
SP004607,1,18,CLT,LST,CLT|TLS|WIV|HYH|COL|MKT|KEL|WTM|BPA|CHM|SNF|GDP|RMF|IFD|SRA|XOW|BET|LST
SP004608,5,3,MYB,WCX,MYB|XNJ|WCX
SP004609,1,10,MYB,GER,MYB|XNJ|WCX|SDH|NLT|SRU|WRU|DNM|DGC|GER
SP004610,1,17,HFE,LST,HFE|WAR|SMT|RYH|BXB|CHN|WLC|ENL|BMD|PON|MRW|NUM|TOM|XMI|HAC|BET|LST
SP004611,1,16,ASN,QRB,ASN|CHY|VIR|EGH|SNS|AFS|FEL|HOU|ISL|SYL|BFD|KWB|CHK|BNI|BNS|QRB
SP004612,1,21,TON,CHX,TON|HLB|SEV|DNG|KCK|CLD|ORP|XPE|XLY|BKL|BMS|SRT|BKJ|NBC|LSY|CFB|LAD|XPY|NWX|WAE|CHX
SP004613,3,31,AFK,XVJ,AFK|CHG|LEN|HRM|HBN|BSD|MDE|BMG|EML|WMA|BRG|KMS|XOT|OTF|SEH|EYN|SAY|SMY|XMU|XLY|BKL|BMS|SRT|BKJ|KTH|PNE|SYH|WDU|HNH|BRX|XVJ
SP004614,1,20,DVP,SPX,DVP|FKC|FKW|XSI|AFK|XIW|XXK|XXG|XXL|XXO|XXI|EBF|XXJ|XXU|XXH|XXQ|SDI|XXR|XXY|SPX
SP004615,1,19,ABD,GLQ,ABD|PLN|STN|LAU|MTS|ARB|CAN|BYF|DEE|PTH|GLE|DBL|BEA|STG|LBT|CRO|LNZ|BBG|GLQ
SP004616,1,7,HUD,LDS,HUD|MIR|DEW|BTL|MLY|COT|LDS
SP004617,1,12,DEE,EDB,DEE|LEU|CUP|LDY|MNC|KDY|BTS|INK|EGY|SGL|HYM|EDB
SP004618,1,27,RAM,SPX,RAM|XMF|SDW|DEA|WAM|MTM|XUK|DVP|FKE|FKC|FKW|XSI|XIW|XXK|XXG|XXL|XXO|XXI|EBF|XXJ|XXU|XXH|XXQ|SDI|XXR|XXY|SPX
SP004619,1,14,DEE,EDB,DEE|LEU|CUP|LDY|MNC|KDY|BTS|INK|NQU|DAM|EGY|SGL|HYM|EDB
SP004620,1,10,EDB,LEV,EDB|HYM|EGY|DAM|NQU|INK|DFE|COW|CBX|LEV
SP004621,1,1,GOB,GOB,GOB
SP004622,1,11,LST,SOV,LST|BET|XOW|SRA|IFD|GDP|SNF|WIC|HOC|SIA|SOV
SP004623,1,13,EDB,SBR,EDB|HYM|LIN|PMT|FKK|CRO|LNZ|BBG|MYH|WES|DBC|DLR|SBR
SP004624,1,16,EDB,ABD,EDB|HYM|LIN|PMT|XGM|STG|DBL|PTH|DEE|BYF|CAN|ARB|MTS|LAU|STN|ABD
SP004625,1,27,EDB,FTW,EDB|HYM|UHA|BHG|ADR|CBS|SLS|BLG|GQL|ANL|WES|DMR|DBC|DLR|HLU|GCH|ART|AUI|CNR|UTY|BRO|RAN|CRR|TUL|RYB|SBR|FTW
SP004626,1,18,MYB,OXF,MYB|XNJ|WCX|SRU|WRU|DNM|GER|BCF|HWY|SDR|PRR|HDM|XJV|XGY|BIT|ISP|OXP|OXF
SP004627,1,13,LST,SSD,LST|BET|HAC|XMI|TOM|BMD|CHN|BXB|HWN|SAW|BIS|SST|SSD
SP004628,1,38,NRW,LIV,NRW|WMD|ATL|TTF|BND|XYE|ELY|XYE|MNE|MCH|WLE|PBO|GRA|BTF|ALK|BIN|RDF|NOT|LGM|ALF|CHD|SHF|GRN|BAM|EDL|HAZ|SPT|MAN|MCO|DGT|BWD|WAC|WID|HGN|HNX|ALE|EDG|LIV
SP004629,1,12,RDG,PAD,RDG|TWY|MAI|SLO|LNY|IVR|WDT|HAY|STL|WEA|EAL|PAD
SP004630,1,7,RDG,PAD,RDG|TWY|MAI|SLO|STL|WEA|PAD
SP004631,1,15,BHM,NMP,BHM|XOZ|ADD|SCF|LEH|MGN|BHI|HIA|BKW|THL|CNL|COV|RUG|LBK|NMP
SP004632,1,11,CBG,BIS,CBG|CMS|XSP|SED|WLF|GRC|AUD|NWE|ESM|SST|BIS
SP004633,1,18,OXF,MYB,OXF|OXP|ISP|BIT|XGY|XJV|HDM|PRR|SDR|HWY|BCF|GER|DNM|WRU|SRU|WCX|XNJ|MYB
SP004634,1,27,BSW,MYB,BSW|BMO|XOH|TYS|SOL|DDG|LPW|HTN|WRP|WRW|LMS|XFC|BAN|KGS|XAN|BCS|XJV|HDM|PRR|SDR|HWY|GER|WRU|SRU|WCX|XNJ|MYB
SP004635,1,25,MYB,BMO,MYB|XNJ|WCX|NLT|SRU|WRU|GER|HWY|SDR|PRR|HDM|XJV|BCS|XAN|BAN|XFC|LMS|WRW|WRP|HTN|DDG|SOL|TYS|XOH|BMO
SP004636,1,17,OXF,MYB,OXF|OXP|BIT|XGY|XJV|HDM|PRR|SDR|HWY|SRG|GER|WRU|SRU|NLT|WCX|XNJ|MYB
SP004637,1,15,MYB,AYS,MYB|XNJ|WCX|NLT|SRU|WRU|DNM|GER|BCF|HWY|SDR|PRR|MRS|LTK|AYS
SP004638,1,20,FAV,CST,FAV|SIT|NGT|RAI|GLM|CTM|RTR|XRJ|SOR|XWK|SAY|XMU|CIT|GRP|HGR|XPY|SAJ|NWX|XKE|CST
SP004639,1,20,MYB,BAN,MYB|XNJ|WCX|SRU|WRU|DNM|GER|BCF|HWY|SDR|PRR|HDM|XJV|XGY|BIT|OXP|OXF|HYD|XAN|BAN
SP004640,1,17,RAM,RTR,RAM|DMP|BSR|MAR|WGA|BCH|HNB|CSW|WHI|FAV|TEY|SIT|NGT|RAI|GLM|CTM|RTR
SP004641,1,26,MYB,BSW,MYB|XNJ|WCX|SRU|WRU|GER|BCF|HWY|SDR|PRR|HDM|XJV|BCS|XAN|BAN|XFC|LMS|WRW|WRP|HTN|DDG|SOL|TYS|XOH|BMO|BSW
SP004642,1,15,MAR,AFK,MAR|BSR|RAM|XMF|SDW|DEA|WAM|MTM|XUK|DVP|FKE|FKC|FKW|XSI|AFK
SP004643,1,18,OXF,MYB,OXF|OXP|ISP|BIT|XGY|XJV|HDM|PRR|SDR|HWY|BCF|GER|WRU|SRU|NLT|WCX|XNJ|MYB
SP004644,1,6,MAN,MIA,MAN|MAU|EDY|GTY|HDG|MIA
SP004645,1,27,BSW,MYB,BSW|BMO|XOH|TYS|SOL|DDG|HTN|WRP|WRW|LMS|XFC|BAN|KGS|XAN|BCS|XJV|HDM|PRR|SDR|HWY|BCF|GER|WRU|SRU|WCX|XNJ|MYB
SP004646,1,4,WSB,BTH,WSB|TRO|BOA|BTH
SP004647,1,4,BTH,WSB,BTH|BOA|TRO|WSB
SP004648,1,14,BNS,OXP,BNS|KWB|BFD|HOU|FEL|SNS|VIR|ACT|BCE|WKM|EAR|GOR|OXF|OXP
SP004649,1,31,XVJ,HOV,XVJ|BRX|HNH|TUH|STE|HYR|WIM|RAY|NEM|SUR|WOK|BKO|FNB|BSK|MIC|WIN|XEW|BOE|FRM|CSA|HAV|EMS|CCH|BAA|FOD|XXA|ANG|WWO|WRH|SSE|HOV
SP004650,1,12,HOV,BAL,HOV|BUG|XKM|HHE|TBD|GTW|ELD|XJS|PUR|ECR|SRS|BAL
