pattern_a,pattern_b,shared_prefix,origin,destination_a,destination_b
SP000002,SP000177,3,ORP,XVJ,CST
SP000002,SP000190,7,ORP,XVJ,LUT
SP000002,SP000334,3,ORP,XVJ,CHX
SP000002,SP002971,7,ORP,XVJ,KTN
SP000002,SP002987,7,ORP,XVJ,BFR
SP000002,SP003024,3,ORP,XVJ,CHX
SP000002,SP003027,7,ORP,XVJ,WHP
SP000002,SP003107,3,ORP,XVJ,CST
SP000003,SP000019,12,XHZ,WCY,WWR
SP000003,SP000779,12,XHZ,WCY,SQE
SP000003,SP001023,16,XHZ,WCY,CYP
SP000004,SP000035,5,MYB,HWY,OXF
SP000004,SP000049,3,MYB,HWY,HWY
SP000004,SP000059,5,MYB,HWY,SBJ
SP000004,SP000061,5,MYB,HWY,BMO
SP000004,SP000078,3,MYB,HWY,WRU
SP000004,SP000081,7,MYB,HWY,HWY
SP000004,SP000088,5,MYB,HWY,BMO
SP000004,SP000117,5,MYB,HWY,OXF
SP000004,SP000124,5,MYB,HWY,BSW
SP000004,SP000145,3,MYB,HWY,WRU
SP000004,SP000168,5,MYB,HWY,BAN
SP000004,SP000194,3,MYB,HWY,HWY
SP000004,SP000199,5,MYB,HWY,BSW
SP000004,SP000227,5,MYB,HWY,OXF
SP000004,SP000235,3,MYB,HWY,HWY
SP000004,SP000240,3,MYB,HWY,BSW
SP000004,SP000248,6,MYB,HWY,HWY
SP000004,SP000297,3,MYB,HWY,HWY
SP000004,SP000298,7,MYB,HWY,PRR
SP000004,SP000305,7,MYB,HWY,GER
SP000004,SP000311,3,MYB,HWY,AYS
SP000004,SP000313,7,MYB,HWY,OXF
SP000004,SP000328,5,MYB,HWY,BMO
SP000004,SP000552,5,MYB,HWY,BSW
SP000004,SP000605,3,MYB,HWY,GER
SP000004,SP000607,3,MYB,HWY,GER
SP000004,SP000667,3,MYB,HWY,WRU
SP000004,SP001640,3,MYB,HWY,GER
SP000004,SP001643,6,MYB,HWY,HWY
SP000004,SP002429,6,MYB,HWY,AYS
SP000004,SP002777,5,MYB,HWY,OXF
SP000004,SP002783,5,MYB,HWY,OXF
SP000004,SP002792,3,MYB,HWY,HWY
SP000004,SP003190,3,MYB,HWY,AYS
SP000004,SP003198,5,MYB,HWY,BAN
SP000004,SP003410,3,MYB,HWY,OXF
SP000004,SP003867,5,MYB,HWY,OXF
SP000004,SP004114,6,MYB,HWY,BCS
SP000004,SP004157,5,MYB,HWY,BMO
SP000004,SP004159,3,MYB,HWY,AYS
SP000004,SP004182,3,MYB,HWY,AYS
SP000004,SP004185,7,MYB,HWY,BAN
SP000004,SP004191,5,MYB,HWY,SBJ
SP000004,SP004233,3,MYB,HWY,WRU
SP000004,SP004257,5,MYB,HWY,BMO
SP000004,SP004445,5,MYB,HWY,BAN
SP000004,SP004479,5,MYB,HWY,PRR
SP000004,SP004563,3,MYB,HWY,OXF
SP000004,SP004608,3,MYB,HWY,WCX
SP000004,SP004609,3,MYB,HWY,GER
SP000004,SP004626,7,MYB,HWY,OXF
SP000004,SP004635,3,MYB,HWY,BMO
SP000004,SP004637,3,MYB,HWY,AYS
SP000004,SP004639,7,MYB,HWY,BAN
SP000004,SP004641,5,MYB,HWY,BSW
SP000006,SP000015,7,SHF,AWK,DON
SP000006,SP000160,4,SHF,AWK,LDS
SP000006,SP002286,4,SHF,AWK,LDS
SP000006,SP002572,4,SHF,AWK,YRK
SP000006,SP003419,3,SHF,AWK,CLE
SP000006,SP003573,4,SHF,AWK,YRK
SP000006,SP003862,3,SHF,AWK,CLE
SP000006,SP003985,4,SHF,AWK,LDS
SP000008,SP000634,8,KNT,ZEL,QPW
SP000010,SP002204,10,SQE,DLJ,XHZ
SP000012,SP000056,9,OXF,MYB,MYB
SP000012,SP000120,11,OXF,MYB,MYB
SP000012,SP000206,9,OXF,MYB,MYB
SP000012,SP000679,10,OXF,MYB,MYB
SP000012,SP000689,9,OXF,MYB,MYB
SP000012,SP004149,11,OXF,MYB,MYB
SP000012,SP004560,11,OXF,MYB,MYB
SP000012,SP004636,9,OXF,MYB,MYB
SP000014,SP000021,10,CHX,HGS,HGS
SP000014,SP000031,10,CHX,HGS,HGS
SP000014,SP000039,10,CHX,HGS,HGS
SP000014,SP000337,14,CHX,HGS,TBW
SP000014,SP000349,9,CHX,HGS,TBW
SP000014,SP000413,5,CHX,HGS,GRV
SP000014,SP000477,5,CHX,HGS,GLM
SP000014,SP000659,9,CHX,HGS,ORP
SP000014,SP000668,7,CHX,HGS,AFK
SP000014,SP000670,7,CHX,HGS,MDE
SP000014,SP000732,4,CHX,HGS,HYS
SP000014,SP000756,3,CHX,HGS,DFD
SP000014,SP000766,4,CHX,HGS,HYS
SP000014,SP000908,3,CHX,HGS,DFD
SP000014,SP000922,3,CHX,HGS,DFD
SP000014,SP000986,3,CHX,HGS,GRV
SP000014,SP001044,10,CHX,HGS,RAM
SP000014,SP001137,6,CHX,HGS,SEV
SP000014,SP001138,6,CHX,HGS,ORP
SP000014,SP001883,10,CHX,HGS,HGS
SP000014,SP001892,10,CHX,HGS,DVP
SP000014,SP002505,3,CHX,HGS,GRV
SP000014,SP002537,5,CHX,HGS,TBW
SP000014,SP002807,10,CHX,HGS,DVP
SP000014,SP002969,3,CHX,HGS,DFD
SP000014,SP002976,10,CHX,HGS,CBW
SP000014,SP002979,3,CHX,HGS,SEV
SP000014,SP003068,3,CHX,HGS,HYS
SP000014,SP003156,3,CHX,HGS,CST
SP000014,SP003188,3,CHX,HGS,ORP
SP000014,SP003200,4,CHX,HGS,TBW
SP000014,SP003315,3,CHX,HGS,GRV
SP000014,SP003387,10,CHX,HGS,DVP
SP000014,SP003400,10,CHX,HGS,RAM
SP000014,SP003760,3,CHX,HGS,GRV
SP000014,SP004546,10,CHX,HGS,HGS
SP000014,SP004547,6,CHX,HGS,HGS
SP000014,SP004549,9,CHX,HGS,HGS
SP000014,SP004551,10,CHX,HGS,HGS
SP000015,SP000160,4,SHF,DON,LDS
SP000015,SP002286,4,SHF,DON,LDS
SP000015,SP002572,4,SHF,DON,YRK
SP000015,SP003419,3,SHF,DON,CLE
SP000015,SP003573,4,SHF,DON,YRK
SP000015,SP003862,3,SHF,DON,CLE
SP000015,SP003985,4,SHF,DON,LDS
SP000017,SP000627,5,SBP,ZEL,QPW
SP000018,SP000024,11,MYB,AVP,AYS
SP000019,SP000779,12,XHZ,WWR,SQE
SP000019,SP001023,12,XHZ,WWR,CYP
SP000021,SP000031,16,CHX,HGS,HGS
SP000021,SP000039,13,CHX,HGS,HGS
SP000021,SP000337,10,CHX,HGS,TBW
SP000021,SP000349,9,CHX,HGS,TBW
SP000021,SP000413,5,CHX,HGS,GRV
SP000021,SP000477,5,CHX,HGS,GLM
SP000021,SP000659,9,CHX,HGS,ORP
SP000021,SP000668,7,CHX,HGS,AFK
SP000021,SP000670,7,CHX,HGS,MDE
SP000021,SP000732,4,CHX,HGS,HYS
SP000021,SP000756,3,CHX,HGS,DFD
SP000021,SP000766,4,CHX,HGS,HYS
SP000021,SP000908,3,CHX,HGS,DFD
SP000021,SP000922,3,CHX,HGS,DFD
SP000021,SP000986,3,CHX,HGS,GRV
SP000021,SP001044,11,CHX,HGS,RAM
SP000021,SP001137,6,CHX,HGS,SEV
SP000021,SP001138,6,CHX,HGS,ORP
SP000021,SP001883,14,CHX,HGS,HGS
SP000021,SP001892,11,CHX,HGS,DVP
SP000021,SP002505,3,CHX,HGS,GRV
SP000021,SP002537,5,CHX,HGS,TBW
SP000021,SP002807,11,CHX,HGS,DVP
SP000021,SP002969,3,CHX,HGS,DFD
SP000021,SP002976,11,CHX,HGS,CBW
SP000021,SP002979,3,CHX,HGS,SEV
SP000021,SP003068,3,CHX,HGS,HYS
SP000021,SP003156,3,CHX,HGS,CST
SP000021,SP003188,3,CHX,HGS,ORP
SP000021,SP003200,4,CHX,HGS,TBW
SP000021,SP003315,3,CHX,HGS,GRV
SP000021,SP003387,11,CHX,HGS,DVP
SP000021,SP003400,11,CHX,HGS,RAM
SP000021,SP003760,3,CHX,HGS,GRV
SP000021,SP004546,14,CHX,HGS,HGS
SP000021,SP004547,6,CHX,HGS,HGS
SP000021,SP004549,9,CHX,HGS,HGS
SP000021,SP004551,13,CHX,HGS,HGS
SP000023,SP000780,15,DLJ,WWR,BAK
SP000023,SP001020,10,DLJ,WWR,CYP
SP000023,SP003630,10,DLJ,WWR,SQE
SP000023,SP004580,10,DLJ,WWR,WCY
SP000025,SP001701,15,WWR,DLJ,XHZ
SP000027,SP000118,8,CDF,BHM,CNM
SP000027,SP001526,10,CDF,BHM,NOT
SP000027,SP001558,3,CDF,BHM,NOT
SP000027,SP001569,3,CDF,BHM,BHM
SP000027,SP001625,3,CDF,BHM,EDB
SP000027,SP002181,3,CDF,BHM,BRI
SP000027,SP002227,3,CDF,BHM,PMH
SP000027,SP002231,3,CDF,BHM,PMH
SP000027,SP002328,3,CDF,BHM,TAU
SP000027,SP002379,3,CDF,BHM,BRI
SP000027,SP002392,3,CDF,BHM,EXD
SP000027,SP002394,3,CDF,BHM,PLY
SP000027,SP002395,3,CDF,BHM,EXD
SP000027,SP003379,3,CDF,BHM,PNZ
SP000027,SP003382,3,CDF,BHM,TAU
SP000027,SP003414,3,CDF,BHM,PMH
SP000027,SP003418,3,CDF,BHM,NOT
SP000027,SP003427,3,CDF,BHM,FRO
SP000027,SP003469,3,CDF,BHM,PAD
SP000027,SP003482,7,CDF,BHM,GCR
SP000027,SP004105,10,CDF,BHM,NOT
SP000027,SP004107,3,CDF,BHM,NOT
SP000027,SP004249,3,CDF,BHM,PMH
SP000031,SP000039,13,CHX,HGS,HGS
SP000031,SP000337,10,CHX,HGS,TBW
SP000031,SP000349,9,CHX,HGS,TBW
SP000031,SP000413,5,CHX,HGS,GRV
SP000031,SP000477,5,CHX,HGS,GLM
SP000031,SP000659,9,CHX,HGS,ORP
SP000031,SP000668,7,CHX,HGS,AFK
SP000031,SP000670,7,CHX,HGS,MDE
SP000031,SP000732,4,CHX,HGS,HYS
SP000031,SP000756,3,CHX,HGS,DFD
SP000031,SP000766,4,CHX,HGS,HYS
SP000031,SP000908,3,CHX,HGS,DFD
SP000031,SP000922,3,CHX,HGS,DFD
SP000031,SP000986,3,CHX,HGS,GRV
SP000031,SP001044,11,CHX,HGS,RAM
SP000031,SP001137,6,CHX,HGS,SEV
SP000031,SP001138,6,CHX,HGS,ORP
SP000031,SP001883,14,CHX,HGS,HGS
SP000031,SP001892,11,CHX,HGS,DVP
SP000031,SP002505,3,CHX,HGS,GRV
SP000031,SP002537,5,CHX,HGS,TBW
SP000031,SP002807,11,CHX,HGS,DVP
SP000031,SP002969,3,CHX,HGS,DFD
SP000031,SP002976,11,CHX,HGS,CBW
SP000031,SP002979,3,CHX,HGS,SEV
SP000031,SP003068,3,CHX,HGS,HYS
SP000031,SP003156,3,CHX,HGS,CST
SP000031,SP003188,3,CHX,HGS,ORP
SP000031,SP003200,4,CHX,HGS,TBW
SP000031,SP003315,3,CHX,HGS,GRV
SP000031,SP003387,11,CHX,HGS,DVP
SP000031,SP003400,11,CHX,HGS,RAM
SP000031,SP003760,3,CHX,HGS,GRV
SP000031,SP004546,14,CHX,HGS,HGS
SP000031,SP004547,6,CHX,HGS,HGS
SP000031,SP004549,9,CHX,HGS,HGS
SP000031,SP004551,13,CHX,HGS,HGS
SP000032,SP000569,3,YRK,BDT,LDS
SP000032,SP001564,4,YRK,BDT,SHF
SP000032,SP002048,7,YRK,BDT,HUL
SP000032,SP002547,9,YRK,BDT,HUL
SP000032,SP003080,3,YRK,BDT,LDS
SP000032,SP003407,5,YRK,BDT,BDT
SP000032,SP003873,4,YRK,BDT,SHF
SP000032,SP004221,3,YRK,BDT,BPN
SP000033,SP000522,10,BRI,WOS,WOF
SP000033,SP000527,4,BRI,WOS,GCR
SP000033,SP000531,6,BRI,WOS,GCR
SP000033,SP001507,3,BRI,WOS,CDF
SP000033,SP001522,4,BRI,WOS,SSD
SP000033,SP001533,4,BRI,WOS,MAN
SP000033,SP001546,4,BRI,WOS,MAN
SP000033,SP001559,4,BRI,WOS,BHM
SP000033,SP002930,4,BRI,WOS,BHM
SP000033,SP003494,10,BRI,WOS,GMV
SP000033,SP003965,4,BRI,WOS,EDB
SP000033,SP004183,3,BRI,WOS,PAD
SP000033,SP004570,3,BRI,WOS,PAD
SP000034,SP001577,18,SSD,BHM,BHM
SP000034,SP001704,5,SSD,BHM,CBG
SP000035,SP000049,3,MYB,OXF,HWY
SP000035,SP000059,6,MYB,OXF,SBJ
SP000035,SP000061,6,MYB,OXF,BMO
SP000035,SP000078,3,MYB,OXF,WRU
SP000035,SP000081,5,MYB,OXF,HWY
SP000035,SP000088,6,MYB,OXF,BMO
SP000035,SP000117,6,MYB,OXF,OXF
SP000035,SP000124,6,MYB,OXF,BSW
SP000035,SP000145,3,MYB,OXF,WRU
SP000035,SP000168,6,MYB,OXF,BAN
SP000035,SP000194,3,MYB,OXF,HWY
SP000035,SP000199,6,MYB,OXF,BSW
SP000035,SP000227,6,MYB,OXF,OXF
SP000035,SP000235,3,MYB,OXF,HWY
SP000035,SP000240,3,MYB,OXF,BSW
SP000035,SP000248,5,MYB,OXF,HWY
SP000035,SP000297,3,MYB,OXF,HWY
SP000035,SP000298,5,MYB,OXF,PRR
SP000035,SP000305,5,MYB,OXF,GER
SP000035,SP000311,3,MYB,OXF,AYS
SP000035,SP000313,5,MYB,OXF,OXF
SP000035,SP000328,6,MYB,OXF,BMO
SP000035,SP000552,6,MYB,OXF,BSW
SP000035,SP000605,3,MYB,OXF,GER
SP000035,SP000607,3,MYB,OXF,GER
SP000035,SP000667,3,MYB,OXF,WRU
SP000035,SP001640,3,MYB,OXF,GER
SP000035,SP001643,5,MYB,OXF,HWY
SP000035,SP002429,5,MYB,OXF,AYS
SP000035,SP002777,6,MYB,OXF,OXF
SP000035,SP002783,14,MYB,OXF,OXF
SP000035,SP002792,3,MYB,OXF,HWY
SP000035,SP003190,3,MYB,OXF,AYS
SP000035,SP003198,12,MYB,OXF,BAN
SP000035,SP003410,3,MYB,OXF,OXF
SP000035,SP003867,6,MYB,OXF,OXF
SP000035,SP004114,5,MYB,OXF,BCS
SP000035,SP004157,6,MYB,OXF,BMO
SP000035,SP004159,3,MYB,OXF,AYS
SP000035,SP004182,3,MYB,OXF,AYS
SP000035,SP004185,5,MYB,OXF,BAN
SP000035,SP004191,6,MYB,OXF,SBJ
SP000035,SP004233,3,MYB,OXF,WRU
SP000035,SP004257,12,MYB,OXF,BMO
SP000035,SP004445,16,MYB,OXF,BAN
SP000035,SP004479,6,MYB,OXF,PRR
SP000035,SP004563,3,MYB,OXF,OXF
SP000035,SP004608,3,MYB,OXF,WCX
SP000035,SP004609,3,MYB,OXF,GER
SP000035,SP004626,5,MYB,OXF,OXF
SP000035,SP004635,3,MYB,OXF,BMO
SP000035,SP004637,3,MYB,OXF,AYS
SP000035,SP004639,5,MYB,OXF,BAN
SP000035,SP004641,12,MYB,OXF,BSW
SP000039,SP000337,10,CHX,HGS,TBW
SP000039,SP000349,9,CHX,HGS,TBW
SP000039,SP000413,5,CHX,HGS,GRV
SP000039,SP000477,5,CHX,HGS,GLM
SP000039,SP000659,9,CHX,HGS,ORP
SP000039,SP000668,7,CHX,HGS,AFK
SP000039,SP000670,7,CHX,HGS,MDE
SP000039,SP000732,4,CHX,HGS,HYS
SP000039,SP000756,3,CHX,HGS,DFD
SP000039,SP000766,4,CHX,HGS,HYS
SP000039,SP000908,3,CHX,HGS,DFD
SP000039,SP000922,3,CHX,HGS,DFD
SP000039,SP000986,3,CHX,HGS,GRV
SP000039,SP001044,11,CHX,HGS,RAM
SP000039,SP001137,6,CHX,HGS,SEV
SP000039,SP001138,6,CHX,HGS,ORP
SP000039,SP001883,13,CHX,HGS,HGS
SP000039,SP001892,11,CHX,HGS,DVP
SP000039,SP002505,3,CHX,HGS,GRV
SP000039,SP002537,5,CHX,HGS,TBW
SP000039,SP002807,11,CHX,HGS,DVP
SP000039,SP002969,3,CHX,HGS,DFD
SP000039,SP002976,11,CHX,HGS,CBW
SP000039,SP002979,3,CHX,HGS,SEV
SP000039,SP003068,3,CHX,HGS,HYS
SP000039,SP003156,3,CHX,HGS,CST
SP000039,SP003188,3,CHX,HGS,ORP
SP000039,SP003200,4,CHX,HGS,TBW
SP000039,SP003315,3,CHX,HGS,GRV
SP000039,SP003387,11,CHX,HGS,DVP
SP000039,SP003400,11,CHX,HGS,RAM
SP000039,SP003760,3,CHX,HGS,GRV
SP000039,SP004546,13,CHX,HGS,HGS
SP000039,SP004547,6,CHX,HGS,HGS
SP000039,SP004549,9,CHX,HGS,HGS
SP000039,SP004551,19,CHX,HGS,HGS
SP000040,SP000045,14,OXF,MYB,MYB
SP000040,SP000073,10,OXF,MYB,MYB
SP000040,SP004152,10,OXF,MYB,HWY
SP000040,SP004488,12,OXF,MYB,MYB
SP000040,SP004633,10,OXF,MYB,MYB
SP000040,SP004643,10,OXF,MYB,MYB
SP000041,SP000044,11,PAD,HFD,WOF
SP000041,SP000048,15,PAD,HFD,GMV
SP000041,SP000094,6,PAD,HFD,PLY
SP000041,SP000096,6,PAD,HFD,PNZ
SP000041,SP000099,6,PAD,HFD,PNZ
SP000041,SP000105,6,PAD,HFD,DID
SP000041,SP000106,6,PAD,HFD,NBY
SP000041,SP000129,7,PAD,HFD,WOF
SP000041,SP000184,15,PAD,HFD,HFD
SP000041,SP000198,15,PAD,HFD,WOS
SP000041,SP000326,6,PAD,HFD,DID
SP000041,SP000364,15,PAD,HFD,WOF
SP000041,SP000462,8,PAD,HFD,OXF
SP000041,SP000581,7,PAD,HFD,BRI
SP000041,SP000651,6,PAD,HFD,PLY
SP000041,SP000801,6,PAD,HFD,PLY
SP000041,SP000835,7,PAD,HFD,WSM
SP000041,SP000840,7,PAD,HFD,PNZ
SP000041,SP000848,11,PAD,HFD,WOS
SP000041,SP000858,7,PAD,HFD,OXF
SP000041,SP000862,7,PAD,HFD,CNM
SP000041,SP001654,6,PAD,HFD,NBY
SP000041,SP001823,7,PAD,HFD,SWA
SP000041,SP001838,7,PAD,HFD,SWA
SP000041,SP001939,6,PAD,HFD,RDG
SP000041,SP002174,7,PAD,HFD,WSM
SP000041,SP002183,7,PAD,HFD,WSM
SP000041,SP002209,6,PAD,HFD,EXD
SP000041,SP002216,6,PAD,HFD,NQY
SP000041,SP002711,6,PAD,HFD,BDW
SP000041,SP003385,6,PAD,HFD,PGN
SP000041,SP003417,7,PAD,HFD,CDF
SP000041,SP003420,7,PAD,HFD,WOS
SP000041,SP003428,6,PAD,HFD,WSB
SP000041,SP003429,7,PAD,HFD,CMN
SP000041,SP003434,7,PAD,HFD,SWA
SP000041,SP003440,7,PAD,HFD,SWA
SP000041,SP003448,7,PAD,HFD,TAU
SP000041,SP003480,6,PAD,HFD,PNZ
SP000041,SP003591,3,PAD,HFD,RDG
SP000041,SP003666,7,PAD,HFD,TAU
SP000041,SP003788,7,PAD,HFD,SWA
SP000041,SP004186,6,PAD,HFD,FRO
SP000041,SP004248,15,PAD,HFD,WPH
SP000041,SP004338,7,PAD,HFD,BPW
SP000041,SP004416,6,PAD,HFD,BDW
SP000041,SP004476,8,PAD,HFD,BAN
SP000041,SP004599,7,PAD,HFD,WOS
SP000042,SP002211,3,DEE,EDB,EDB
SP000042,SP002214,3,DEE,EDB,EDB
SP000042,SP003646,4,DEE,EDB,EDB
SP000042,SP004308,4,DEE,EDB,GLQ
SP000042,SP004617,9,DEE,EDB,EDB
SP000042,SP004619,8,DEE,EDB,EDB
SP000043,SP000645,9,BAN,MYB,MYB
SP000043,SP002851,3,BAN,MYB,DID
SP000043,SP002852,3,BAN,MYB,DID
SP000043,SP002853,3,BAN,MYB,OXF
SP000043,SP004180,9,BAN,MYB,MYB
SP000044,SP000048,11,PAD,WOF,GMV
SP000044,SP000094,6,PAD,WOF,PLY
SP000044,SP000096,6,PAD,WOF,PNZ
SP000044,SP000099,6,PAD,WOF,PNZ
SP000044,SP000105,6,PAD,WOF,DID
SP000044,SP000106,6,PAD,WOF,NBY
SP000044,SP000129,7,PAD,WOF,WOF
SP000044,SP000184,11,PAD,WOF,HFD
SP000044,SP000198,11,PAD,WOF,WOS
SP000044,SP000326,6,PAD,WOF,DID
SP000044,SP000364,11,PAD,WOF,WOF
SP000044,SP000462,8,PAD,WOF,OXF
SP000044,SP000581,7,PAD,WOF,BRI
SP000044,SP000651,6,PAD,WOF,PLY
SP000044,SP000801,6,PAD,WOF,PLY
SP000044,SP000835,7,PAD,WOF,WSM
SP000044,SP000840,7,PAD,WOF,PNZ
SP000044,SP000848,19,PAD,WOF,WOS
SP000044,SP000858,7,PAD,WOF,OXF
SP000044,SP000862,7,PAD,WOF,CNM
SP000044,SP001654,6,PAD,WOF,NBY
SP000044,SP001823,7,PAD,WOF,SWA
SP000044,SP001838,7,PAD,WOF,SWA
SP000044,SP001939,6,PAD,WOF,RDG
SP000044,SP002174,7,PAD,WOF,WSM
SP000044,SP002183,7,PAD,WOF,WSM
SP000044,SP002209,6,PAD,WOF,EXD
SP000044,SP002216,6,PAD,WOF,NQY
SP000044,SP002711,6,PAD,WOF,BDW
SP000044,SP003385,6,PAD,WOF,PGN
SP000044,SP003417,7,PAD,WOF,CDF
SP000044,SP003420,7,PAD,WOF,WOS
SP000044,SP003428,6,PAD,WOF,WSB
SP000044,SP003429,7,PAD,WOF,CMN
SP000044,SP003434,7,PAD,WOF,SWA
SP000044,SP003440,7,PAD,WOF,SWA
SP000044,SP003448,7,PAD,WOF,TAU
SP000044,SP003480,6,PAD,WOF,PNZ
SP000044,SP003591,3,PAD,WOF,RDG
SP000044,SP003666,7,PAD,WOF,TAU
SP000044,SP003788,7,PAD,WOF,SWA
SP000044,SP004186,6,PAD,WOF,FRO
SP000044,SP004248,11,PAD,WOF,WPH
SP000044,SP004338,7,PAD,WOF,BPW
SP000044,SP004416,6,PAD,WOF,BDW
SP000044,SP004476,8,PAD,WOF,BAN
SP000044,SP004599,7,PAD,WOF,WOS
SP000045,SP000073,10,OXF,MYB,MYB
SP000045,SP004152,10,OXF,MYB,HWY
SP000045,SP004488,12,OXF,MYB,MYB
SP000045,SP004633,10,OXF,MYB,MYB
SP000045,SP004643,10,OXF,MYB,MYB
SP000046,SP000196,11,RDC,BHM,FOK
SP000046,SP001479,11,RDC,BHM,FOK
SP000047,SP000234,6,SHF,HUD,LDS
SP000047,SP002642,6,SHF,HUD,BNY
SP000047,SP003839,9,SHF,HUD,PNS
SP000047,SP003966,6,SHF,HUD,WKK
SP000047,SP004470,6,SHF,HUD,LDS
SP000048,SP000094,6,PAD,GMV,PLY
SP000048,SP000096,6,PAD,GMV,PNZ
SP000048,SP000099,6,PAD,GMV,PNZ
SP000048,SP000105,6,PAD,GMV,DID
SP000048,SP000106,6,PAD,GMV,NBY
SP000048,SP000129,7,PAD,GMV,WOF
SP000048,SP000184,22,PAD,GMV,HFD
SP000048,SP000198,18,PAD,GMV,WOS
SP000048,SP000326,6,PAD,GMV,DID
SP000048,SP000364,19,PAD,GMV,WOF
SP000048,SP000462,8,PAD,GMV,OXF
SP000048,SP000581,7,PAD,GMV,BRI
SP000048,SP000651,6,PAD,GMV,PLY
SP000048,SP000801,6,PAD,GMV,PLY
SP000048,SP000835,7,PAD,GMV,WSM
SP000048,SP000840,7,PAD,GMV,PNZ
SP000048,SP000848,11,PAD,GMV,WOS
SP000048,SP000858,7,PAD,GMV,OXF
SP000048,SP000862,7,PAD,GMV,CNM
SP000048,SP001654,6,PAD,GMV,NBY
SP000048,SP001823,7,PAD,GMV,SWA
SP000048,SP001838,7,PAD,GMV,SWA
SP000048,SP001939,6,PAD,GMV,RDG
SP000048,SP002174,7,PAD,GMV,WSM
SP000048,SP002183,7,PAD,GMV,WSM
SP000048,SP002209,6,PAD,GMV,EXD
SP000048,SP002216,6,PAD,GMV,NQY
SP000048,SP002711,6,PAD,GMV,BDW
SP000048,SP003385,6,PAD,GMV,PGN
SP000048,SP003417,7,PAD,GMV,CDF
SP000048,SP003420,7,PAD,GMV,WOS
SP000048,SP003428,6,PAD,GMV,WSB
SP000048,SP003429,7,PAD,GMV,CMN
SP000048,SP003434,7,PAD,GMV,SWA
SP000048,SP003440,7,PAD,GMV,SWA
SP000048,SP003448,7,PAD,GMV,TAU
SP000048,SP003480,6,PAD,GMV,PNZ
SP000048,SP003591,3,PAD,GMV,RDG
SP000048,SP003666,7,PAD,GMV,TAU
SP000048,SP003788,7,PAD,GMV,SWA
SP000048,SP004186,6,PAD,GMV,FRO
SP000048,SP004248,17,PAD,GMV,WPH
SP000048,SP004338,7,PAD,GMV,BPW
SP000048,SP004416,6,PAD,GMV,BDW
SP000048,SP004476,8,PAD,GMV,BAN
SP000048,SP004599,7,PAD,GMV,WOS
SP000049,SP000059,3,MYB,HWY,SBJ
SP000049,SP000061,3,MYB,HWY,BMO
SP000049,SP000078,3,MYB,HWY,WRU
SP000049,SP000081,3,MYB,HWY,HWY
SP000049,SP000088,3,MYB,HWY,BMO
SP000049,SP000117,3,MYB,HWY,OXF
SP000049,SP000124,3,MYB,HWY,BSW
SP000049,SP000145,3,MYB,HWY,WRU
SP000049,SP000168,3,MYB,HWY,BAN
SP000049,SP000194,8,MYB,HWY,HWY
SP000049,SP000199,3,MYB,HWY,BSW
SP000049,SP000227,3,MYB,HWY,OXF
SP000049,SP000235,3,MYB,HWY,HWY
SP000049,SP000240,3,MYB,HWY,BSW
SP000049,SP000248,3,MYB,HWY,HWY
SP000049,SP000297,3,MYB,HWY,HWY
SP000049,SP000298,3,MYB,HWY,PRR
SP000049,SP000305,3,MYB,HWY,GER
SP000049,SP000311,3,MYB,HWY,AYS
SP000049,SP000313,3,MYB,HWY,OXF
SP000049,SP000328,3,MYB,HWY,BMO
SP000049,SP000552,3,MYB,HWY,BSW
SP000049,SP000605,7,MYB,HWY,GER
SP000049,SP000607,8,MYB,HWY,GER
SP000049,SP000667,7,MYB,HWY,WRU
SP000049,SP001640,3,MYB,HWY,GER
SP000049,SP001643,3,MYB,HWY,HWY
SP000049,SP002429,3,MYB,HWY,AYS
SP000049,SP002777,3,MYB,HWY,OXF
SP000049,SP002783,3,MYB,HWY,OXF
SP000049,SP002792,3,MYB,HWY,HWY
SP000049,SP003190,3,MYB,HWY,AYS
SP000049,SP003198,3,MYB,HWY,BAN
SP000049,SP003410,3,MYB,HWY,OXF
SP000049,SP003867,3,MYB,HWY,OXF
SP000049,SP004114,3,MYB,HWY,BCS
SP000049,SP004157,3,MYB,HWY,BMO
SP000049,SP004159,3,MYB,HWY,AYS
SP000049,SP004182,3,MYB,HWY,AYS
SP000049,SP004185,3,MYB,HWY,BAN
SP000049,SP004191,3,MYB,HWY,SBJ
SP000049,SP004233,3,MYB,HWY,WRU
SP000049,SP004257,3,MYB,HWY,BMO
SP000049,SP004445,3,MYB,HWY,BAN
SP000049,SP004479,3,MYB,HWY,PRR
SP000049,SP004563,3,MYB,HWY,OXF
SP000049,SP004608,3,MYB,HWY,WCX
SP000049,SP004609,10,MYB,HWY,GER
SP000049,SP004626,3,MYB,HWY,OXF
SP000049,SP004635,3,MYB,HWY,BMO
SP000049,SP004637,3,MYB,HWY,AYS
SP000049,SP004639,3,MYB,HWY,BAN
SP000049,SP004641,3,MYB,HWY,BSW
SP000050,SP003932,15,LIF,BHM,LOB
SP000050,SP003934,15,LIF,BHM,BMV
SP000051,SP000114,8,HWY,MYB,MYB
SP000051,SP000201,4,HWY,MYB,MYB
SP000051,SP001647,4,HWY,MYB,MYB
SP000051,SP001649,4,HWY,MYB,MYB
SP000051,SP004163,9,HWY,MYB,MYB
SP000052,SP000617,11,TAU,CDF,BRI
SP000052,SP001449,11,TAU,CDF,SVB
SP000052,SP002110,4,TAU,CDF,PAD
SP000052,SP002329,11,TAU,CDF,CDF
SP000052,SP002710,4,TAU,CDF,CDF
SP000052,SP003402,9,TAU,CDF,PAD
SP000053,SP000590,3,PMH,LIT,NEM
SP000053,SP000972,3,PMH,LIT,NEM
SP000053,SP000994,4,PMH,LIT,HRH
SP000053,SP000995,3,PMH,LIT,HRH
SP000053,SP000998,5,PMH,LIT,HRH
SP000053,SP001139,4,PMH,LIT,NEM
SP000053,SP001162,14,PMH,LIT,BTN
SP000053,SP001173,4,PMH,LIT,NEM
SP000053,SP001175,4,PMH,LIT,NEM
SP000053,SP001219,3,PMH,LIT,NEM
SP000053,SP001653,3,PMH,LIT,CDF
SP000053,SP001730,4,PMH,LIT,HRH
SP000053,SP001796,4,PMH,LIT,WIN
SP000053,SP001798,4,PMH,LIT,ESL
SP000053,SP001858,4,PMH,LIT,BTN
SP000053,SP001867,4,PMH,LIT,NEM
SP000053,SP001882,4,PMH,LIT,NEM
SP000053,SP002245,3,PMH,LIT,CDF
SP000053,SP002967,3,PMH,LIT,BOG
SP000053,SP002968,14,PMH,LIT,HRH
SP000053,SP003035,4,PMH,LIT,NEM
SP000053,SP003038,3,PMH,LIT,NEM
SP000053,SP003439,4,PMH,LIT,GLD
SP000053,SP003455,3,PMH,LIT,CDF
SP000053,SP003498,3,PMH,LIT,WSB
SP000053,SP003509,3,PMH,LIT,NEM
SP000053,SP003511,4,PMH,LIT,NEM
SP000053,SP003545,4,PMH,LIT,NEM
SP000053,SP003547,5,PMH,LIT,GTW
SP000053,SP004502,3,PMH,LIT,BRI
SP000054,SP000057,3,HGS,CHX,CHX
SP000054,SP000063,5,HGS,CHX,CHX
SP000054,SP000071,3,HGS,CHX,CHX
SP000054,SP000108,9,HGS,CHX,CHX
SP000054,SP000154,5,HGS,CHX,CST
SP000054,SP000170,3,HGS,CHX,CST
SP000054,SP000174,5,HGS,CHX,CST
SP000054,SP000939,3,HGS,CHX,EBN
SP000054,SP002021,3,HGS,CHX,HHE
SP000054,SP002455,3,HGS,CHX,HHE
SP000054,SP002993,3,HGS,CHX,BAL
SP000054,SP003135,3,HGS,CHX,BTN
SP000054,SP003138,3,HGS,CHX,BTN
SP000054,SP003142,3,HGS,CHX,BTN
SP000054,SP003144,3,HGS,CHX,BTN
SP000054,SP003530,3,HGS,CHX,BTN
SP000054,SP004099,3,HGS,CHX,TON
SP000054,SP004555,3,HGS,CHX,CHX
SP000054,SP004566,3,HGS,CHX,CST
SP000055,SP000499,3,PTH,EDB,EDB
SP000055,SP001531,9,PTH,EDB,EDB
SP000055,SP002237,4,PTH,EDB,EDB
SP000055,SP002250,3,PTH,EDB,EDB
SP000056,SP000120,9,OXF,MYB,MYB
SP000056,SP000206,9,OXF,MYB,MYB
SP000056,SP000679,9,OXF,MYB,MYB
SP000056,SP000689,9,OXF,MYB,MYB
SP000056,SP004149,9,OXF,MYB,MYB
SP000056,SP004560,9,OXF,MYB,MYB
SP000056,SP004636,9,OXF,MYB,MYB
SP000057,SP000063,3,HGS,CHX,CHX
SP000057,SP000071,8,HGS,CHX,CHX
SP000057,SP000108,3,HGS,CHX,CHX
SP000057,SP000154,3,HGS,CHX,CST
SP000057,SP000170,15,HGS,CHX,CST
SP000057,SP000174,3,HGS,CHX,CST
SP000057,SP000939,3,HGS,CHX,EBN
SP000057,SP002021,3,HGS,CHX,HHE
SP000057,SP002455,3,HGS,CHX,HHE
SP000057,SP002993,3,HGS,CHX,BAL
SP000057,SP003135,3,HGS,CHX,BTN
SP000057,SP003138,3,HGS,CHX,BTN
SP000057,SP003142,3,HGS,CHX,BTN
SP000057,SP003144,3,HGS,CHX,BTN
SP000057,SP003530,3,HGS,CHX,BTN
SP000057,SP004099,14,HGS,CHX,TON
SP000057,SP004555,14,HGS,CHX,CHX
SP000057,SP004566,14,HGS,CHX,CST
SP000059,SP000061,24,MYB,SBJ,BMO
SP000059,SP000078,3,MYB,SBJ,WRU
SP000059,SP000081,5,MYB,SBJ,HWY
SP000059,SP000088,13,MYB,SBJ,BMO
SP000059,SP000117,11,MYB,SBJ,OXF
SP000059,SP000124,25,MYB,SBJ,BSW
SP000059,SP000145,3,MYB,SBJ,WRU
SP000059,SP000168,13,MYB,SBJ,BAN
SP000059,SP000194,3,MYB,SBJ,HWY
SP000059,SP000199,19,MYB,SBJ,BSW
SP000059,SP000227,6,MYB,SBJ,OXF
SP000059,SP000235,3,MYB,SBJ,HWY
SP000059,SP000240,3,MYB,SBJ,BSW
SP000059,SP000248,5,MYB,SBJ,HWY
SP000059,SP000297,3,MYB,SBJ,HWY
SP000059,SP000298,5,MYB,SBJ,PRR
SP000059,SP000305,5,MYB,SBJ,GER
SP000059,SP000311,3,MYB,SBJ,AYS
SP000059,SP000313,5,MYB,SBJ,OXF
SP000059,SP000328,16,MYB,SBJ,BMO
SP000059,SP000552,13,MYB,SBJ,BSW
SP000059,SP000605,3,MYB,SBJ,GER
SP000059,SP000607,3,MYB,SBJ,GER
SP000059,SP000667,3,MYB,SBJ,WRU
SP000059,SP001640,3,MYB,SBJ,GER
SP000059,SP001643,5,MYB,SBJ,HWY
SP000059,SP002429,5,MYB,SBJ,AYS
SP000059,SP002777,6,MYB,SBJ,OXF
SP000059,SP002783,6,MYB,SBJ,OXF
SP000059,SP002792,3,MYB,SBJ,HWY
SP000059,SP003190,3,MYB,SBJ,AYS
SP000059,SP003198,6,MYB,SBJ,BAN
SP000059,SP003410,3,MYB,SBJ,OXF
SP000059,SP003867,11,MYB,SBJ,OXF
SP000059,SP004114,5,MYB,SBJ,BCS
SP000059,SP004157,13,MYB,SBJ,BMO
SP000059,SP004159,3,MYB,SBJ,AYS
SP000059,SP004182,3,MYB,SBJ,AYS
SP000059,SP004185,5,MYB,SBJ,BAN
SP000059,SP004191,13,MYB,SBJ,SBJ
SP000059,SP004233,3,MYB,SBJ,WRU
SP000059,SP004257,6,MYB,SBJ,BMO
SP000059,SP004445,6,MYB,SBJ,BAN
SP000059,SP004479,9,MYB,SBJ,PRR
SP000059,SP004563,3,MYB,SBJ,OXF
SP000059,SP004608,3,MYB,SBJ,WCX
SP000059,SP004609,3,MYB,SBJ,GER
SP000059,SP004626,5,MYB,SBJ,OXF
SP000059,SP004635,3,MYB,SBJ,BMO
SP000059,SP004637,3,MYB,SBJ,AYS
SP000059,SP004639,5,MYB,SBJ,BAN
SP000059,SP004641,6,MYB,SBJ,BSW
SP000060,SP002178,4,EDB,PTH,ABD
SP000060,SP003358,4,EDB,PTH,GLT
SP000060,SP003394,4,EDB,PTH,LEV
SP000060,SP003757,5,EDB,PTH,LEV
SP000060,SP003761,4,EDB,PTH,COW
SP000060,SP003767,5,EDB,PTH,GLT
SP000060,SP003833,4,EDB,PTH,GLT
SP000060,SP003878,4,EDB,PTH,PTH
SP000061,SP000078,3,MYB,BMO,WRU
SP000061,SP000081,5,MYB,BMO,HWY
SP000061,SP000088,13,MYB,BMO,BMO
SP000061,SP000117,11,MYB,BMO,OXF
SP000061,SP000124,24,MYB,BMO,BSW
SP000061,SP000145,3,MYB,BMO,WRU
SP000061,SP000168,13,MYB,BMO,BAN
SP000061,SP000194,3,MYB,BMO,HWY
SP000061,SP000199,19,MYB,BMO,BSW
SP000061,SP000227,6,MYB,BMO,OXF
SP000061,SP000235,3,MYB,BMO,HWY
SP000061,SP000240,3,MYB,BMO,BSW
SP000061,SP000248,5,MYB,BMO,HWY
SP000061,SP000297,3,MYB,BMO,HWY
SP000061,SP000298,5,MYB,BMO,PRR
SP000061,SP000305,5,MYB,BMO,GER
SP000061,SP000311,3,MYB,BMO,AYS
SP000061,SP000313,5,MYB,BMO,OXF
SP000061,SP000328,16,MYB,BMO,BMO
SP000061,SP000552,13,MYB,BMO,BSW
SP000061,SP000605,3,MYB,BMO,GER
SP000061,SP000607,3,MYB,BMO,GER
SP000061,SP000667,3,MYB,BMO,WRU
SP000061,SP001640,3,MYB,BMO,GER
SP000061,SP001643,5,MYB,BMO,HWY
SP000061,SP002429,5,MYB,BMO,AYS
SP000061,SP002777,6,MYB,BMO,OXF
SP000061,SP002783,6,MYB,BMO,OXF
SP000061,SP002792,3,MYB,BMO,HWY
SP000061,SP003190,3,MYB,BMO,AYS
SP000061,SP003198,6,MYB,BMO,BAN
SP000061,SP003410,3,MYB,BMO,OXF
SP000061,SP003867,11,MYB,BMO,OXF
SP000061,SP004114,5,MYB,BMO,BCS
SP000061,SP004157,13,MYB,BMO,BMO
SP000061,SP004159,3,MYB,BMO,AYS
SP000061,SP004182,3,MYB,BMO,AYS
SP000061,SP004185,5,MYB,BMO,BAN
SP000061,SP004191,13,MYB,BMO,SBJ
SP000061,SP004233,3,MYB,BMO,WRU
SP000061,SP004257,6,MYB,BMO,BMO
SP000061,SP004445,6,MYB,BMO,BAN
SP000061,SP004479,9,MYB,BMO,PRR
SP000061,SP004563,3,MYB,BMO,OXF
SP000061,SP004608,3,MYB,BMO,WCX
SP000061,SP004609,3,MYB,BMO,GER
SP000061,SP004626,5,MYB,BMO,OXF
SP000061,SP004635,3,MYB,BMO,BMO
SP000061,SP004637,3,MYB,BMO,AYS
SP000061,SP004639,5,MYB,BMO,BAN
SP000061,SP004641,6,MYB,BMO,BSW
SP000062,SP000563,3,LIT,BOG,SOU
SP000062,SP001491,3,LIT,BOG,SOU
SP000062,SP001797,3,LIT,BOG,CCH
SP000062,SP003913,3,LIT,BOG,PMS
SP000063,SP000071,3,HGS,CHX,CHX
SP000063,SP000108,5,HGS,CHX,CHX
SP000063,SP000154,17,HGS,CHX,CST
SP000063,SP000170,3,HGS,CHX,CST
SP000063,SP000174,11,HGS,CHX,CST
SP000063,SP000939,3,HGS,CHX,EBN
SP000063,SP002021,3,HGS,CHX,HHE
SP000063,SP002455,3,HGS,CHX,HHE
SP000063,SP002993,3,HGS,CHX,BAL
SP000063,SP003135,3,HGS,CHX,BTN
SP000063,SP003138,3,HGS,CHX,BTN
SP000063,SP003142,3,HGS,CHX,BTN
SP000063,SP003144,3,HGS,CHX,BTN
SP000063,SP003530,3,HGS,CHX,BTN
SP000063,SP004099,3,HGS,CHX,TON
SP000063,SP004555,3,HGS,CHX,CHX
SP000063,SP004566,3,HGS,CHX,CST
SP000064,SP002009,4,TWY,HOT,TWY
SP000065,SP001788,3,BTN,EBN,LWS
SP000065,SP002274,5,BTN,EBN,EBN
SP000065,SP002458,4,BTN,EBN,ORE
SP000065,SP002479,4,BTN,EBN,ORE
SP000065,SP002739,4,BTN,EBN,EBN
SP000065,SP002932,4,BTN,EBN,HGS
SP000065,SP003064,5,BTN,EBN,ORE
SP000065,SP003140,4,BTN,EBN,HGS
SP000065,SP004122,10,BTN,EBN,ORE
SP000065,SP004553,10,BTN,EBN,ORE
SP000066,SP000758,4,ORE,CHX,BAL
SP000066,SP001857,4,ORE,CHX,BTN
SP000066,SP001861,4,ORE,CHX,BTN
SP000066,SP002277,4,ORE,CHX,BTN
SP000066,SP002476,4,ORE,CHX,BTN
SP000066,SP002996,4,ORE,CHX,BAL
SP000066,SP003000,4,ORE,CHX,BAK
SP000066,SP003147,4,ORE,CHX,BTN
SP000066,SP003149,4,ORE,CHX,BTN
SP000066,SP003552,4,ORE,CHX,PLG
SP000066,SP004120,4,ORE,CHX,BTN
SP000066,SP004126,4,ORE,CHX,BTN
SP000066,SP004128,4,ORE,CHX,BTN
SP000067,SP000576,6,BSW,MYB,BAN
SP000067,SP000644,12,BSW,MYB,MYB
SP000067,SP000655,12,BSW,MYB,BAN
SP000067,SP002760,4,BSW,MYB,LMS
SP000067,SP004174,6,BSW,MYB,LMS
SP000067,SP004634,6,BSW,MYB,MYB
SP000067,SP004645,12,BSW,MYB,MYB
SP000069,SP003486,5,WMN,BRI,GCR
SP000070,SP000077,19,EUS,STG,MAN
SP000070,SP000195,5,EUS,STG,NMP
SP000070,SP000212,5,EUS,STG,TRI
SP000070,SP000266,13,EUS,STG,WVH
SP000070,SP000392,22,EUS,STG,LIV
SP000070,SP000398,17,EUS,STG,MAN
SP000070,SP000401,13,EUS,STG,BHM
SP000070,SP000533,8,EUS,STG,BHM
SP000070,SP000868,15,EUS,STG,LIV
SP000070,SP000882,13,EUS,STG,WVH
SP000070,SP000885,13,EUS,STG,CRE
SP000070,SP000892,13,EUS,STG,GLC
SP000070,SP001313,19,EUS,STG,HHD
SP000070,SP001325,4,EUS,STG,TRI
SP000070,SP001327,5,EUS,STG,TRI
SP000070,SP001329,5,EUS,STG,TRI
SP000070,SP001343,11,EUS,STG,NMP
SP000070,SP001346,14,EUS,STG,CRE
SP000070,SP001451,5,EUS,STG,BLY
SP000070,SP001454,5,EUS,STG,BLY
SP000070,SP001807,36,EUS,STG,GLC
SP000070,SP002179,10,EUS,STG,GLC
SP000070,SP002202,8,EUS,STG,WSL
SP000070,SP002261,5,EUS,STG,NMP
SP000070,SP002327,4,EUS,STG,MKC
SP000070,SP002647,5,EUS,STG,MKC
SP000070,SP002648,4,EUS,STG,NMP
SP000070,SP002655,5,EUS,STG,SAA
SP000070,SP002872,19,EUS,STG,CTR
SP000070,SP003031,17,EUS,STG,MAN
SP000070,SP003036,8,EUS,STG,BHM
SP000070,SP003114,13,EUS,STG,LIV
SP000070,SP003191,26,EUS,STG,BPN
SP000070,SP003207,20,EUS,STG,LIV
SP000070,SP003300,19,EUS,STG,WRX
SP000070,SP003360,13,EUS,STG,EDB
SP000070,SP003475,11,EUS,STG,WVH
SP000070,SP003568,10,EUS,STG,WVH
SP000070,SP003958,13,EUS,STG,INV
SP000070,SP004012,11,EUS,STG,GLC
SP000070,SP004017,15,EUS,STG,PRE
SP000070,SP004025,26,EUS,STG,PRE
SP000070,SP004034,13,EUS,STG,CRE
SP000070,SP004036,10,EUS,STG,GLC
SP000070,SP004111,10,EUS,STG,GLC
SP000070,SP004121,4,EUS,STG,NMP
SP000070,SP004127,4,EUS,STG,NMP
SP000070,SP004131,5,EUS,STG,BHM
SP000070,SP004188,15,EUS,STG,CRE
SP000070,SP004207,13,EUS,STG,CRE
SP000070,SP004232,10,EUS,STG,INV
SP000070,SP004384,13,EUS,STG,WVH
SP000070,SP004399,34,EUS,STG,GLC
SP000070,SP004433,8,EUS,STG,NMP
SP000070,SP004516,25,EUS,STG,GLC
SP000070,SP004529,5,EUS,STG,BHM
SP000071,SP000108,3,HGS,CHX,CHX
SP000071,SP000154,3,HGS,CHX,CST
SP000071,SP000170,8,HGS,CHX,CST
SP000071,SP000174,3,HGS,CHX,CST
SP000071,SP000939,3,HGS,CHX,EBN
SP000071,SP002021,3,HGS,CHX,HHE
SP000071,SP002455,3,HGS,CHX,HHE
SP000071,SP002993,3,HGS,CHX,BAL
SP000071,SP003135,3,HGS,CHX,BTN
SP000071,SP003138,3,HGS,CHX,BTN
SP000071,SP003142,3,HGS,CHX,BTN
SP000071,SP003144,3,HGS,CHX,BTN
SP000071,SP003530,3,HGS,CHX,BTN
SP000071,SP004099,8,HGS,CHX,TON
SP000071,SP004555,8,HGS,CHX,CHX
SP000071,SP004566,8,HGS,CHX,CST
SP000072,SP001252,5,WSB,SWI,CNM
SP000073,SP004152,10,OXF,MYB,HWY
SP000073,SP004488,10,OXF,MYB,MYB
SP000073,SP004633,12,OXF,MYB,MYB
SP000073,SP004643,14,OXF,MYB,MYB
SP000074,SP000076,15,BHI,LLJ,AYW
SP000074,SP001786,20,BHI,LLJ,CTR
SP000074,SP002133,9,BHI,LLJ,SHR
SP000074,SP002825,27,BHI,LLJ,HHD
SP000074,SP004583,20,BHI,LLJ,MAN
SP000075,SP000470,3,MCV,SOP,CLH
SP000075,SP000474,3,MCV,SOP,CLH
SP000075,SP000577,3,MCV,SOP,SOP
SP000075,SP000579,15,MCV,SOP,SOP
SP000075,SP001616,3,MCV,SOP,BBN
SP000075,SP001684,3,MCV,SOP,BBN
SP000075,SP001689,3,MCV,SOP,BBN
SP000075,SP001775,10,MCV,SOP,WGN
SP000075,SP001802,3,MCV,SOP,HBL
SP000075,SP001860,3,MCV,SOP,WGN
SP000075,SP001890,3,MCV,SOP,SOP
SP000075,SP002005,3,MCV,SOP,WGW
SP000075,SP002011,3,MCV,SOP,HBL
SP000075,SP002012,3,MCV,SOP,HBL
SP000075,SP002018,3,MCV,SOP,WGN
SP000075,SP002019,3,MCV,SOP,WGW
SP000075,SP002341,10,MCV,SOP,WGW
SP000075,SP002390,3,MCV,SOP,SOP
SP000075,SP003433,3,MCV,SOP,HBL
SP000075,SP003824,3,MCV,SOP,WGW
SP000076,SP001786,15,BHI,AYW,CTR
SP000076,SP002133,9,BHI,AYW,SHR
SP000076,SP002825,15,BHI,AYW,HHD
SP000076,SP004583,15,BHI,AYW,MAN
SP000077,SP000195,5,EUS,MAN,NMP
SP000077,SP000212,5,EUS,MAN,TRI
SP000077,SP000266,13,EUS,MAN,WVH
SP000077,SP000392,19,EUS,MAN,LIV
SP000077,SP000398,17,EUS,MAN,MAN
SP000077,SP000401,13,EUS,MAN,BHM
SP000077,SP000533,8,EUS,MAN,BHM
SP000077,SP000868,15,EUS,MAN,LIV
SP000077,SP000882,13,EUS,MAN,WVH
SP000077,SP000885,13,EUS,MAN,CRE
SP000077,SP000892,13,EUS,MAN,GLC
SP000077,SP001313,19,EUS,MAN,HHD
SP000077,SP001325,4,EUS,MAN,TRI
SP000077,SP001327,5,EUS,MAN,TRI
SP000077,SP001329,5,EUS,MAN,TRI
SP000077,SP001343,11,EUS,MAN,NMP
SP000077,SP001346,14,EUS,MAN,CRE
SP000077,SP001451,5,EUS,MAN,BLY
SP000077,SP001454,5,EUS,MAN,BLY
SP000077,SP001807,19,EUS,MAN,GLC
SP000077,SP002179,10,EUS,MAN,GLC
SP000077,SP002202,8,EUS,MAN,WSL
SP000077,SP002261,5,EUS,MAN,NMP
SP000077,SP002327,4,EUS,MAN,MKC
SP000077,SP002647,5,EUS,MAN,MKC
SP000077,SP002648,4,EUS,MAN,NMP
SP000077,SP002655,5,EUS,MAN,SAA
SP000077,SP002872,19,EUS,MAN,CTR
SP000077,SP003031,17,EUS,MAN,MAN
SP000077,SP003036,8,EUS,MAN,BHM
SP000077,SP003114,13,EUS,MAN,LIV
SP000077,SP003191,19,EUS,MAN,BPN
SP000077,SP003207,19,EUS,MAN,LIV
SP000077,SP003300,19,EUS,MAN,WRX
SP000077,SP003360,13,EUS,MAN,EDB
SP000077,SP003475,11,EUS,MAN,WVH
SP000077,SP003568,10,EUS,MAN,WVH
SP000077,SP003958,13,EUS,MAN,INV
SP000077,SP004012,11,EUS,MAN,GLC
SP000077,SP004017,15,EUS,MAN,PRE
SP000077,SP004025,19,EUS,MAN,PRE
SP000077,SP004034,13,EUS,MAN,CRE
SP000077,SP004036,10,EUS,MAN,GLC
SP000077,SP004111,10,EUS,MAN,GLC
SP000077,SP004121,4,EUS,MAN,NMP
SP000077,SP004127,4,EUS,MAN,NMP
SP000077,SP004131,5,EUS,MAN,BHM
SP000077,SP004188,15,EUS,MAN,CRE
SP000077,SP004207,13,EUS,MAN,CRE
SP000077,SP004232,10,EUS,MAN,INV
SP000077,SP004384,13,EUS,MAN,WVH
SP000077,SP004399,19,EUS,MAN,GLC
SP000077,SP004433,8,EUS,MAN,NMP
SP000077,SP004516,19,EUS,MAN,GLC
SP000077,SP004529,5,EUS,MAN,BHM
SP000078,SP000081,3,MYB,WRU,HWY
SP000078,SP000088,3,MYB,WRU,BMO
SP000078,SP000117,3,MYB,WRU,OXF
SP000078,SP000124,3,MYB,WRU,BSW
SP000078,SP000145,5,MYB,WRU,WRU
SP000078,SP000168,3,MYB,WRU,BAN
SP000078,SP000194,3,MYB,WRU,HWY
SP000078,SP000199,3,MYB,WRU,BSW
SP000078,SP000227,3,MYB,WRU,OXF
SP000078,SP000235,3,MYB,WRU,HWY
SP000078,SP000240,3,MYB,WRU,BSW
SP000078,SP000248,3,MYB,WRU,HWY
SP000078,SP000297,3,MYB,WRU,HWY
SP000078,SP000298,3,MYB,WRU,PRR
SP000078,SP000305,3,MYB,WRU,GER
SP000078,SP000311,3,MYB,WRU,AYS
SP000078,SP000313,3,MYB,WRU,OXF
SP000078,SP000328,3,MYB,WRU,BMO
SP000078,SP000552,3,MYB,WRU,BSW
SP000078,SP000605,3,MYB,WRU,GER
SP000078,SP000607,3,MYB,WRU,GER
SP000078,SP000667,3,MYB,WRU,WRU
SP000078,SP001640,3,MYB,WRU,GER
SP000078,SP001643,3,MYB,WRU,HWY
SP000078,SP002429,3,MYB,WRU,AYS
SP000078,SP002777,3,MYB,WRU,OXF
SP000078,SP002783,3,MYB,WRU,OXF
SP000078,SP002792,3,MYB,WRU,HWY
SP000078,SP003190,3,MYB,WRU,AYS
SP000078,SP003198,3,MYB,WRU,BAN
SP000078,SP003410,3,MYB,WRU,OXF
SP000078,SP003867,3,MYB,WRU,OXF
SP000078,SP004114,3,MYB,WRU,BCS
SP000078,SP004157,3,MYB,WRU,BMO
SP000078,SP004159,3,MYB,WRU,AYS
SP000078,SP004182,3,MYB,WRU,AYS
SP000078,SP004185,3,MYB,WRU,BAN
SP000078,SP004191,3,MYB,WRU,SBJ
SP000078,SP004233,3,MYB,WRU,WRU
SP000078,SP004257,3,MYB,WRU,BMO
SP000078,SP004445,3,MYB,WRU,BAN
SP000078,SP004479,3,MYB,WRU,PRR
SP000078,SP004563,3,MYB,WRU,OXF
SP000078,SP004608,3,MYB,WRU,WCX
SP000078,SP004609,3,MYB,WRU,GER
SP000078,SP004626,3,MYB,WRU,OXF
SP000078,SP004635,3,MYB,WRU,BMO
SP000078,SP004637,3,MYB,WRU,AYS
SP000078,SP004639,3,MYB,WRU,BAN
SP000078,SP004641,3,MYB,WRU,BSW
SP000079,SP000189,3,MIA,CLE,EDB
SP000079,SP000205,3,MIA,CLE,GLC
SP000079,SP000453,3,MIA,CLE,SCA
SP000079,SP000560,3,MIA,CLE,BPN
SP000079,SP000565,3,MIA,CLE,BPN
SP000079,SP000570,3,MIA,CLE,BPN
SP000079,SP000610,3,MIA,CLE,BPN
SP000079,SP001841,3,MIA,CLE,SHF
SP000079,SP001884,3,MIA,CLE,MAN
SP000079,SP003044,3,MIA,CLE,SHF
SP000079,SP003189,3,MIA,CLE,YRK
SP000079,SP003292,3,MIA,CLE,LAN
SP000079,SP003707,3,MIA,CLE,BPN
SP000079,SP004451,3,MIA,CLE,OXN
SP000079,SP004500,3,MIA,CLE,LIV
SP000080,SP000085,6,CLE,LIV,LIV
SP000080,SP000089,6,CLE,LIV,LIV
SP000080,SP000109,6,CLE,LIV,LIV
SP000080,SP000113,6,CLE,LIV,LIV
SP000080,SP001826,5,CLE,LIV,NNG
SP000080,SP002454,5,CLE,LIV,SHF
SP000080,SP003537,6,CLE,LIV,SHF
SP000081,SP000088,5,MYB,HWY,BMO
SP000081,SP000117,5,MYB,HWY,OXF
SP000081,SP000124,5,MYB,HWY,BSW
SP000081,SP000145,3,MYB,HWY,WRU
SP000081,SP000168,5,MYB,HWY,BAN
SP000081,SP000194,3,MYB,HWY,HWY
SP000081,SP000199,5,MYB,HWY,BSW
SP000081,SP000227,5,MYB,HWY,OXF
SP000081,SP000235,3,MYB,HWY,HWY
SP000081,SP000240,3,MYB,HWY,BSW
SP000081,SP000248,6,MYB,HWY,HWY
SP000081,SP000297,3,MYB,HWY,HWY
SP000081,SP000298,7,MYB,HWY,PRR
SP000081,SP000305,7,MYB,HWY,GER
SP000081,SP000311,3,MYB,HWY,AYS
SP000081,SP000313,9,MYB,HWY,OXF
SP000081,SP000328,5,MYB,HWY,BMO
SP000081,SP000552,5,MYB,HWY,BSW
SP000081,SP000605,3,MYB,HWY,GER
SP000081,SP000607,3,MYB,HWY,GER
SP000081,SP000667,3,MYB,HWY,WRU
SP000081,SP001640,3,MYB,HWY,GER
SP000081,SP001643,6,MYB,HWY,HWY
SP000081,SP002429,6,MYB,HWY,AYS
SP000081,SP002777,5,MYB,HWY,OXF
SP000081,SP002783,5,MYB,HWY,OXF
SP000081,SP002792,3,MYB,HWY,HWY
SP000081,SP003190,3,MYB,HWY,AYS
SP000081,SP003198,5,MYB,HWY,BAN
SP000081,SP003410,3,MYB,HWY,OXF
SP000081,SP003867,5,MYB,HWY,OXF
SP000081,SP004114,6,MYB,HWY,BCS
SP000081,SP004157,5,MYB,HWY,BMO
SP000081,SP004159,3,MYB,HWY,AYS
SP000081,SP004182,3,MYB,HWY,AYS
SP000081,SP004185,7,MYB,HWY,BAN
SP000081,SP004191,5,MYB,HWY,SBJ
SP000081,SP004233,3,MYB,HWY,WRU
SP000081,SP004257,5,MYB,HWY,BMO
SP000081,SP004445,5,MYB,HWY,BAN
SP000081,SP004479,5,MYB,HWY,PRR
SP000081,SP004563,3,MYB,HWY,OXF
SP000081,SP004608,3,MYB,HWY,WCX
SP000081,SP004609,3,MYB,HWY,GER
SP000081,SP004626,9,MYB,HWY,OXF
SP000081,SP004635,3,MYB,HWY,BMO
SP000081,SP004637,3,MYB,HWY,AYS
SP000081,SP004639,9,MYB,HWY,BAN
SP000081,SP004641,5,MYB,HWY,BSW
SP000082,SP000086,9,LIV,CLE,CLE
SP000082,SP000091,8,LIV,CLE,CLE
SP000082,SP000093,5,LIV,CLE,CLE
SP000082,SP000121,5,LIV,CLE,CLE
SP000082,SP000126,8,LIV,CLE,CLE
SP000082,SP000128,5,LIV,CLE,CLE
SP000082,SP000133,5,LIV,CLE,CLE
SP000082,SP000430,3,LIV,CLE,EUS
SP000082,SP000750,5,LIV,CLE,NRW
SP000082,SP001199,3,LIV,CLE,CTR
SP000082,SP001354,5,LIV,CLE,NRW
SP000082,SP001360,5,LIV,CLE,NOT
SP000082,SP001362,5,LIV,CLE,NRW
SP000082,SP001365,5,LIV,CLE,NOT
SP000082,SP001366,5,LIV,CLE,NOT
SP000082,SP001592,3,LIV,CLE,EUS
SP000082,SP001792,3,LIV,CLE,EUS
SP000082,SP001875,5,LIV,CLE,CLE
SP000082,SP002081,3,LIV,CLE,BHM
SP000082,SP002673,5,LIV,CLE,NOT
SP000082,SP002819,3,LIV,CLE,LLD
SP000082,SP003089,7,LIV,CLE,WAC
SP000082,SP003111,3,LIV,CLE,EUS
SP000082,SP003115,5,LIV,CLE,NOT
SP000082,SP003496,5,LIV,CLE,SHF
SP000082,SP003657,5,LIV,CLE,NCL
SP000082,SP004026,3,LIV,CLE,CRE
SP000082,SP004143,5,LIV,CLE,NRW
SP000082,SP004261,5,LIV,CLE,DON
SP000082,SP004268,5,LIV,CLE,MIA
SP000082,SP004269,5,LIV,CLE,NRW
SP000083,SP001871,5,BDI,KGX,LDS
SP000083,SP003095,6,BDI,KGX,KGX
SP000085,SP000089,14,CLE,LIV,LIV
SP000085,SP000109,14,CLE,LIV,LIV
SP000085,SP000113,14,CLE,LIV,LIV
SP000085,SP001826,5,CLE,LIV,NNG
SP000085,SP002454,5,CLE,LIV,SHF
SP000085,SP003537,11,CLE,LIV,SHF
SP000086,SP000091,8,LIV,CLE,CLE
SP000086,SP000093,5,LIV,CLE,CLE
SP000086,SP000121,5,LIV,CLE,CLE
SP000086,SP000126,8,LIV,CLE,CLE
SP000086,SP000128,5,LIV,CLE,CLE
SP000086,SP000133,5,LIV,CLE,CLE
SP000086,SP000430,3,LIV,CLE,EUS
SP000086,SP000750,5,LIV,CLE,NRW
SP000086,SP001199,3,LIV,CLE,CTR
SP000086,SP001354,5,LIV,CLE,NRW
SP000086,SP001360,5,LIV,CLE,NOT
SP000086,SP001362,5,LIV,CLE,NRW
SP000086,SP001365,5,LIV,CLE,NOT
SP000086,SP001366,5,LIV,CLE,NOT
SP000086,SP001592,3,LIV,CLE,EUS
SP000086,SP001792,3,LIV,CLE,EUS
SP000086,SP001875,5,LIV,CLE,CLE
SP000086,SP002081,3,LIV,CLE,BHM
SP000086,SP002673,5,LIV,CLE,NOT
SP000086,SP002819,3,LIV,CLE,LLD
SP000086,SP003089,7,LIV,CLE,WAC
SP000086,SP003111,3,LIV,CLE,EUS
SP000086,SP003115,5,LIV,CLE,NOT
SP000086,SP003496,5,LIV,CLE,SHF
SP000086,SP003657,5,LIV,CLE,NCL
SP000086,SP004026,3,LIV,CLE,CRE
SP000086,SP004143,5,LIV,CLE,NRW
SP000086,SP004261,5,LIV,CLE,DON
SP000086,SP004268,5,LIV,CLE,MIA
SP000086,SP004269,5,LIV,CLE,NRW
SP000088,SP000117,11,MYB,BMO,OXF
SP000088,SP000124,13,MYB,BMO,BSW
SP000088,SP000145,3,MYB,BMO,WRU
SP000088,SP000168,15,MYB,BMO,BAN
SP000088,SP000194,3,MYB,BMO,HWY
SP000088,SP000199,13,MYB,BMO,BSW
SP000088,SP000227,6,MYB,BMO,OXF
SP000088,SP000235,3,MYB,BMO,HWY
SP000088,SP000240,3,MYB,BMO,BSW
SP000088,SP000248,5,MYB,BMO,HWY
SP000088,SP000297,3,MYB,BMO,HWY
SP000088,SP000298,5,MYB,BMO,PRR
SP000088,SP000305,5,MYB,BMO,GER
SP000088,SP000311,3,MYB,BMO,AYS
SP000088,SP000313,5,MYB,BMO,OXF
SP000088,SP000328,13,MYB,BMO,BMO
SP000088,SP000552,25,MYB,BMO,BSW
SP000088,SP000605,3,MYB,BMO,GER
SP000088,SP000607,3,MYB,BMO,GER
SP000088,SP000667,3,MYB,BMO,WRU
SP000088,SP001640,3,MYB,BMO,GER
SP000088,SP001643,5,MYB,BMO,HWY
SP000088,SP002429,5,MYB,BMO,AYS
SP000088,SP002777,6,MYB,BMO,OXF
SP000088,SP002783,6,MYB,BMO,OXF
SP000088,SP002792,3,MYB,BMO,HWY
SP000088,SP003190,3,MYB,BMO,AYS
SP000088,SP003198,6,MYB,BMO,BAN
SP000088,SP003410,3,MYB,BMO,OXF
SP000088,SP003867,11,MYB,BMO,OXF
SP000088,SP004114,5,MYB,BMO,BCS
SP000088,SP004157,20,MYB,BMO,BMO
SP000088,SP004159,3,MYB,BMO,AYS
SP000088,SP004182,3,MYB,BMO,AYS
SP000088,SP004185,5,MYB,BMO,BAN
SP000088,SP004191,20,MYB,BMO,SBJ
SP000088,SP004233,3,MYB,BMO,WRU
SP000088,SP004257,6,MYB,BMO,BMO
SP000088,SP004445,6,MYB,BMO,BAN
SP000088,SP004479,9,MYB,BMO,PRR
SP000088,SP004563,3,MYB,BMO,OXF
SP000088,SP004608,3,MYB,BMO,WCX
SP000088,SP004609,3,MYB,BMO,GER
SP000088,SP004626,5,MYB,BMO,OXF
SP000088,SP004635,3,MYB,BMO,BMO
SP000088,SP004637,3,MYB,BMO,AYS
SP000088,SP004639,5,MYB,BMO,BAN
SP000088,SP004641,6,MYB,BMO,BSW
SP000089,SP000109,22,CLE,LIV,LIV
SP000089,SP000113,22,CLE,LIV,LIV
SP000089,SP001826,5,CLE,LIV,NNG
SP000089,SP002454,5,CLE,LIV,SHF
SP000089,SP003537,11,CLE,LIV,SHF
SP000090,SP001182,3,WSB,SAL,WMN
SP000091,SP000093,5,LIV,CLE,CLE
SP000091,SP000121,5,LIV,CLE,CLE
SP000091,SP000126,17,LIV,CLE,CLE
SP000091,SP000128,5,LIV,CLE,CLE
SP000091,SP000133,5,LIV,CLE,CLE
SP000091,SP000430,3,LIV,CLE,EUS
SP000091,SP000750,5,LIV,CLE,NRW
SP000091,SP001199,3,LIV,CLE,CTR
SP000091,SP001354,5,LIV,CLE,NRW
SP000091,SP001360,5,LIV,CLE,NOT
SP000091,SP001362,5,LIV,CLE,NRW
SP000091,SP001365,5,LIV,CLE,NOT
SP000091,SP001366,5,LIV,CLE,NOT
SP000091,SP001592,3,LIV,CLE,EUS
SP000091,SP001792,3,LIV,CLE,EUS
SP000091,SP001875,5,LIV,CLE,CLE
SP000091,SP002081,3,LIV,CLE,BHM
SP000091,SP002673,5,LIV,CLE,NOT
SP000091,SP002819,3,LIV,CLE,LLD
SP000091,SP003089,7,LIV,CLE,WAC
SP000091,SP003111,3,LIV,CLE,EUS
SP000091,SP003115,5,LIV,CLE,NOT
SP000091,SP003496,5,LIV,CLE,SHF
SP000091,SP003657,5,LIV,CLE,NCL
SP000091,SP004026,3,LIV,CLE,CRE
SP000091,SP004143,5,LIV,CLE,NRW
SP000091,SP004261,5,LIV,CLE,DON
SP000091,SP004268,5,LIV,CLE,MIA
SP000091,SP004269,5,LIV,CLE,NRW
SP000093,SP000121,7,LIV,CLE,CLE
SP000093,SP000126,5,LIV,CLE,CLE
SP000093,SP000128,18,LIV,CLE,CLE
SP000093,SP000133,18,LIV,CLE,CLE
SP000093,SP000430,3,LIV,CLE,EUS
SP000093,SP000750,5,LIV,CLE,NRW
SP000093,SP001199,3,LIV,CLE,CTR
SP000093,SP001354,5,LIV,CLE,NRW
SP000093,SP001360,5,LIV,CLE,NOT
SP000093,SP001362,5,LIV,CLE,NRW
SP000093,SP001365,5,LIV,CLE,NOT
SP000093,SP001366,5,LIV,CLE,NOT
SP000093,SP001592,3,LIV,CLE,EUS
SP000093,SP001792,3,LIV,CLE,EUS
SP000093,SP001875,18,LIV,CLE,CLE
SP000093,SP002081,3,LIV,CLE,BHM
SP000093,SP002673,5,LIV,CLE,NOT
SP000093,SP002819,3,LIV,CLE,LLD
SP000093,SP003089,5,LIV,CLE,WAC
SP000093,SP003111,3,LIV,CLE,EUS
SP000093,SP003115,5,LIV,CLE,NOT
SP000093,SP003496,12,LIV,CLE,SHF
SP000093,SP003657,7,LIV,CLE,NCL
SP000093,SP004026,3,LIV,CLE,CRE
SP000093,SP004143,5,LIV,CLE,NRW
SP000093,SP004261,19,LIV,CLE,DON
SP000093,SP004268,12,LIV,CLE,MIA
SP000093,SP004269,5,LIV,CLE,NRW
SP000094,SP000096,21,PAD,PLY,PNZ
SP000094,SP000099,21,PAD,PLY,PNZ
SP000094,SP000105,6,PAD,PLY,DID
SP000094,SP000106,7,PAD,PLY,NBY
SP000094,SP000129,6,PAD,PLY,WOF
SP000094,SP000184,6,PAD,PLY,HFD
SP000094,SP000198,6,PAD,PLY,WOS
SP000094,SP000326,6,PAD,PLY,DID
SP000094,SP000364,6,PAD,PLY,WOF
SP000094,SP000462,6,PAD,PLY,OXF
SP000094,SP000581,6,PAD,PLY,BRI
SP000094,SP000651,10,PAD,PLY,PLY
SP000094,SP000801,8,PAD,PLY,PLY
SP000094,SP000835,6,PAD,PLY,WSM
SP000094,SP000840,6,PAD,PLY,PNZ
SP000094,SP000848,6,PAD,PLY,WOS
SP000094,SP000858,6,PAD,PLY,OXF
SP000094,SP000862,6,PAD,PLY,CNM
SP000094,SP001654,7,PAD,PLY,NBY
SP000094,SP001823,6,PAD,PLY,SWA
SP000094,SP001838,6,PAD,PLY,SWA
SP000094,SP001939,6,PAD,PLY,RDG
SP000094,SP002174,6,PAD,PLY,WSM
SP000094,SP002183,6,PAD,PLY,WSM
SP000094,SP002209,8,PAD,PLY,EXD
SP000094,SP002216,21,PAD,PLY,NQY
SP000094,SP002711,7,PAD,PLY,BDW
SP000094,SP003385,10,PAD,PLY,PGN
SP000094,SP003417,6,PAD,PLY,CDF
SP000094,SP003420,6,PAD,PLY,WOS
SP000094,SP003428,7,PAD,PLY,WSB
SP000094,SP003429,6,PAD,PLY,CMN
SP000094,SP003434,6,PAD,PLY,SWA
SP000094,SP003440,6,PAD,PLY,SWA
SP000094,SP003448,6,PAD,PLY,TAU
SP000094,SP003480,10,PAD,PLY,PNZ
SP000094,SP003591,3,PAD,PLY,RDG
SP000094,SP003666,6,PAD,PLY,TAU
SP000094,SP003788,6,PAD,PLY,SWA
SP000094,SP004186,7,PAD,PLY,FRO
SP000094,SP004248,6,PAD,PLY,WPH
SP000094,SP004338,6,PAD,PLY,BPW
SP000094,SP004416,6,PAD,PLY,BDW
SP000094,SP004476,6,PAD,PLY,BAN
SP000094,SP004599,6,PAD,PLY,WOS
SP000095,SP000428,15,SOP,MCV,MCV
SP000095,SP000431,15,SOP,MCV,MCV
SP000095,SP003734,15,SOP,MCV,MCO
SP000096,SP000099,31,PAD,PNZ,PNZ
SP000096,SP000105,6,PAD,PNZ,DID
SP000096,SP000106,7,PAD,PNZ,NBY
SP000096,SP000129,6,PAD,PNZ,WOF
SP000096,SP000184,6,PAD,PNZ,HFD
SP000096,SP000198,6,PAD,PNZ,WOS
SP000096,SP000326,6,PAD,PNZ,DID
SP000096,SP000364,6,PAD,PNZ,WOF
SP000096,SP000462,6,PAD,PNZ,OXF
SP000096,SP000581,6,PAD,PNZ,BRI
SP000096,SP000651,10,PAD,PNZ,PLY
SP000096,SP000801,8,PAD,PNZ,PLY
SP000096,SP000835,6,PAD,PNZ,WSM
SP000096,SP000840,6,PAD,PNZ,PNZ
SP000096,SP000848,6,PAD,PNZ,WOS
SP000096,SP000858,6,PAD,PNZ,OXF
SP000096,SP000862,6,PAD,PNZ,CNM
SP000096,SP001654,7,PAD,PNZ,NBY
SP000096,SP001823,6,PAD,PNZ,SWA
SP000096,SP001838,6,PAD,PNZ,SWA
SP000096,SP001939,6,PAD,PNZ,RDG
SP000096,SP002174,6,PAD,PNZ,WSM
SP000096,SP002183,6,PAD,PNZ,WSM
SP000096,SP002209,8,PAD,PNZ,EXD
SP000096,SP002216,27,PAD,PNZ,NQY
SP000096,SP002711,7,PAD,PNZ,BDW
SP000096,SP003385,10,PAD,PNZ,PGN
SP000096,SP003417,6,PAD,PNZ,CDF
SP000096,SP003420,6,PAD,PNZ,WOS
SP000096,SP003428,7,PAD,PNZ,WSB
SP000096,SP003429,6,PAD,PNZ,CMN
SP000096,SP003434,6,PAD,PNZ,SWA
SP000096,SP003440,6,PAD,PNZ,SWA
SP000096,SP003448,6,PAD,PNZ,TAU
SP000096,SP003480,10,PAD,PNZ,PNZ
SP000096,SP003591,3,PAD,PNZ,RDG
SP000096,SP003666,6,PAD,PNZ,TAU
SP000096,SP003788,6,PAD,PNZ,SWA
SP000096,SP004186,7,PAD,PNZ,FRO
SP000096,SP004248,6,PAD,PNZ,WPH
SP000096,SP004338,6,PAD,PNZ,BPW
SP000096,SP004416,6,PAD,PNZ,BDW
SP000096,SP004476,6,PAD,PNZ,BAN
SP000096,SP004599,6,PAD,PNZ,WOS
SP000097,SP000101,17,WSM,SVB,AVN
SP000097,SP002109,6,WSM,SVB,PAD
SP000097,SP002497,13,WSM,SVB,CFN
SP000097,SP002568,8,WSM,SVB,BRI
SP000097,SP004514,8,WSM,SVB,BPW
SP000098,SP002824,7,BUX,MAN,MAN
SP000098,SP003468,12,BUX,MAN,MAN
SP000099,SP000105,6,PAD,PNZ,DID
SP000099,SP000106,7,PAD,PNZ,NBY
SP000099,SP000129,6,PAD,PNZ,WOF
SP000099,SP000184,6,PAD,PNZ,HFD
SP000099,SP000198,6,PAD,PNZ,WOS
SP000099,SP000326,6,PAD,PNZ,DID
SP000099,SP000364,6,PAD,PNZ,WOF
SP000099,SP000462,6,PAD,PNZ,OXF
SP000099,SP000581,6,PAD,PNZ,BRI
SP000099,SP000651,10,PAD,PNZ,PLY
SP000099,SP000801,8,PAD,PNZ,PLY
SP000099,SP000835,6,PAD,PNZ,WSM
SP000099,SP000840,6,PAD,PNZ,PNZ
SP000099,SP000848,6,PAD,PNZ,WOS
SP000099,SP000858,6,PAD,PNZ,OXF
SP000099,SP000862,6,PAD,PNZ,CNM
SP000099,SP001654,7,PAD,PNZ,NBY
SP000099,SP001823,6,PAD,PNZ,SWA
SP000099,SP001838,6,PAD,PNZ,SWA
SP000099,SP001939,6,PAD,PNZ,RDG
SP000099,SP002174,6,PAD,PNZ,WSM
SP000099,SP002183,6,PAD,PNZ,WSM
SP000099,SP002209,8,PAD,PNZ,EXD
SP000099,SP002216,27,PAD,PNZ,NQY
SP000099,SP002711,7,PAD,PNZ,BDW
SP000099,SP003385,10,PAD,PNZ,PGN
SP000099,SP003417,6,PAD,PNZ,CDF
SP000099,SP003420,6,PAD,PNZ,WOS
SP000099,SP003428,7,PAD,PNZ,WSB
SP000099,SP003429,6,PAD,PNZ,CMN
SP000099,SP003434,6,PAD,PNZ,SWA
SP000099,SP003440,6,PAD,PNZ,SWA
SP000099,SP003448,6,PAD,PNZ,TAU
SP000099,SP003480,10,PAD,PNZ,PNZ
SP000099,SP003591,3,PAD,PNZ,RDG
SP000099,SP003666,6,PAD,PNZ,TAU
SP000099,SP003788,6,PAD,PNZ,SWA
SP000099,SP004186,7,PAD,PNZ,FRO
SP000099,SP004248,6,PAD,PNZ,WPH
SP000099,SP004338,6,PAD,PNZ,BPW
SP000099,SP004416,6,PAD,PNZ,BDW
SP000099,SP004476,6,PAD,PNZ,BAN
SP000099,SP004599,6,PAD,PNZ,WOS
SP000100,SP000226,18,BMO,MYB,MYB
SP000100,SP000555,5,BMO,MYB,LMS
SP000100,SP000609,5,BMO,MYB,LMS
SP000100,SP002430,5,BMO,MYB,MYB
SP000100,SP002741,3,BMO,MYB,SAV
SP000101,SP002109,6,WSM,AVN,PAD
SP000101,SP002497,13,WSM,AVN,CFN
SP000101,SP002568,8,WSM,AVN,BRI
SP000101,SP004514,8,WSM,AVN,BPW
SP000102,SP000107,19,KGX,BDI,SUN
SP000102,SP000187,4,KGX,BDI,LET
SP000102,SP000442,3,KGX,BDI,SVG
SP000102,SP000450,19,KGX,BDI,EDB
SP000102,SP000521,16,KGX,BDI,LCN
SP000102,SP000529,19,KGX,BDI,LDS
SP000102,SP000698,19,KGX,BDI,NCL
SP000102,SP000700,19,KGX,BDI,BDQ
SP000102,SP000799,19,KGX,BDI,BDI
SP000102,SP000920,9,KGX,BDI,KLN
SP000102,SP000930,9,KGX,BDI,ELY
SP000102,SP000950,19,KGX,BDI,YRK
SP000102,SP000952,19,KGX,BDI,MBR
SP000102,SP000958,19,KGX,BDI,ABD
SP000102,SP000991,3,KGX,BDI,CBG
SP000102,SP000999,19,KGX,BDI,DON
SP000102,SP001003,19,KGX,BDI,HGT
SP000102,SP001007,6,KGX,BDI,CBG
SP000102,SP001047,19,KGX,BDI,SKI
SP000102,SP001120,11,KGX,BDI,PBO
SP000102,SP001176,3,KGX,BDI,KLN
SP000102,SP001594,19,KGX,BDI,HUL
SP000102,SP001605,3,KGX,BDI,PBO
SP000102,SP001726,4,KGX,BDI,CBG
SP000102,SP001727,9,KGX,BDI,CBG
SP000102,SP001880,19,KGX,BDI,BEV
SP000102,SP002020,9,KGX,BDI,PBO
SP000102,SP002317,3,KGX,BDI,NCL
SP000102,SP002335,3,KGX,BDI,LDS
SP000102,SP002354,4,KGX,BDI,RYS
SP000102,SP002363,5,KGX,BDI,LET
SP000102,SP002493,3,KGX,BDI,HFN
SP000102,SP002494,3,KGX,BDI,RYS
SP000102,SP002502,3,KGX,BDI,CBG
SP000102,SP002602,3,KGX,BDI,WGC
SP000102,SP002623,3,KGX,BDI,PBO
SP000102,SP002755,4,KGX,BDI,CBG
SP000102,SP002757,4,KGX,BDI,CBG
SP000102,SP002761,4,KGX,BDI,LET
SP000102,SP002762,4,KGX,BDI,CBG
SP000102,SP002765,3,KGX,BDI,CBG
SP000102,SP002914,9,KGX,BDI,KLN
SP000102,SP002940,3,KGX,BDI,EDB
SP000102,SP002953,19,KGX,BDI,EDB
SP000102,SP002960,4,KGX,BDI,LDS
SP000102,SP002973,3,KGX,BDI,HFN
SP000102,SP003030,3,KGX,BDI,WGC
SP000102,SP003175,3,KGX,BDI,HFN
SP000102,SP003176,4,KGX,BDI,RYS
SP000102,SP003225,4,KGX,BDI,WGC
SP000102,SP003254,4,KGX,BDI,PBO
SP000102,SP003540,19,KGX,BDI,GLQ
SP000102,SP003600,9,KGX,BDI,CBG
SP000102,SP003658,4,KGX,BDI,ELY
SP000102,SP003667,4,KGX,BDI,YRK
SP000102,SP003669,19,KGX,BDI,INV
SP000102,SP003855,3,KGX,BDI,ABD
SP000102,SP003859,3,KGX,BDI,LDS
SP000102,SP004237,3,KGX,BDI,PBO
SP000103,SP002306,12,SOP,MCV,MCO
SP000103,SP002883,7,SOP,MCV,WGW
SP000104,SP001079,3,WCY,XHZ,BAK
SP000104,SP001311,20,WCY,XHZ,DLJ
SP000105,SP000106,6,PAD,DID,NBY
SP000105,SP000129,6,PAD,DID,WOF
SP000105,SP000184,6,PAD,DID,HFD
SP000105,SP000198,6,PAD,DID,WOS
SP000105,SP000326,7,PAD,DID,DID
SP000105,SP000364,6,PAD,DID,WOF
SP000105,SP000462,6,PAD,DID,OXF
SP000105,SP000581,6,PAD,DID,BRI
SP000105,SP000651,6,PAD,DID,PLY
SP000105,SP000801,6,PAD,DID,PLY
SP000105,SP000835,6,PAD,DID,WSM
SP000105,SP000840,6,PAD,DID,PNZ
SP000105,SP000848,6,PAD,DID,WOS
SP000105,SP000858,6,PAD,DID,OXF
SP000105,SP000862,6,PAD,DID,CNM
SP000105,SP001654,6,PAD,DID,NBY
SP000105,SP001823,6,PAD,DID,SWA
SP000105,SP001838,6,PAD,DID,SWA
SP000105,SP001939,6,PAD,DID,RDG
SP000105,SP002174,6,PAD,DID,WSM
SP000105,SP002183,6,PAD,DID,WSM
SP000105,SP002209,6,PAD,DID,EXD
SP000105,SP002216,6,PAD,DID,NQY
SP000105,SP002711,6,PAD,DID,BDW
SP000105,SP003385,6,PAD,DID,PGN
SP000105,SP003417,6,PAD,DID,CDF
SP000105,SP003420,6,PAD,DID,WOS
SP000105,SP003428,6,PAD,DID,WSB
SP000105,SP003429,6,PAD,DID,CMN
SP000105,SP003434,6,PAD,DID,SWA
SP000105,SP003440,6,PAD,DID,SWA
SP000105,SP003448,6,PAD,DID,TAU
SP000105,SP003480,6,PAD,DID,PNZ
SP000105,SP003591,3,PAD,DID,RDG
SP000105,SP003666,6,PAD,DID,TAU
SP000105,SP003788,6,PAD,DID,SWA
SP000105,SP004186,6,PAD,DID,FRO
SP000105,SP004248,6,PAD,DID,WPH
SP000105,SP004338,6,PAD,DID,BPW
SP000105,SP004416,6,PAD,DID,BDW
SP000105,SP004476,6,PAD,DID,BAN
SP000105,SP004599,6,PAD,DID,WOS
SP000106,SP000129,6,PAD,NBY,WOF
SP000106,SP000184,6,PAD,NBY,HFD
SP000106,SP000198,6,PAD,NBY,WOS
SP000106,SP000326,6,PAD,NBY,DID
SP000106,SP000364,6,PAD,NBY,WOF
SP000106,SP000462,6,PAD,NBY,OXF
SP000106,SP000581,6,PAD,NBY,BRI
SP000106,SP000651,7,PAD,NBY,PLY
SP000106,SP000801,7,PAD,NBY,PLY
SP000106,SP000835,6,PAD,NBY,WSM
SP000106,SP000840,6,PAD,NBY,PNZ
SP000106,SP000848,6,PAD,NBY,WOS
SP000106,SP000858,6,PAD,NBY,OXF
SP000106,SP000862,6,PAD,NBY,CNM
SP000106,SP001654,8,PAD,NBY,NBY
SP000106,SP001823,6,PAD,NBY,SWA
SP000106,SP001838,6,PAD,NBY,SWA
SP000106,SP001939,6,PAD,NBY,RDG
SP000106,SP002174,6,PAD,NBY,WSM
SP000106,SP002183,6,PAD,NBY,WSM
SP000106,SP002209,7,PAD,NBY,EXD
SP000106,SP002216,7,PAD,NBY,NQY
SP000106,SP002711,9,PAD,NBY,BDW
SP000106,SP003385,7,PAD,NBY,PGN
SP000106,SP003417,6,PAD,NBY,CDF
SP000106,SP003420,6,PAD,NBY,WOS
SP000106,SP003428,9,PAD,NBY,WSB
SP000106,SP003429,6,PAD,NBY,CMN
SP000106,SP003434,6,PAD,NBY,SWA
SP000106,SP003440,6,PAD,NBY,SWA
SP000106,SP003448,6,PAD,NBY,TAU
SP000106,SP003480,7,PAD,NBY,PNZ
SP000106,SP003591,3,PAD,NBY,RDG
SP000106,SP003666,6,PAD,NBY,TAU
SP000106,SP003788,6,PAD,NBY,SWA
SP000106,SP004186,9,PAD,NBY,FRO
SP000106,SP004248,6,PAD,NBY,WPH
SP000106,SP004338,6,PAD,NBY,BPW
SP000106,SP004416,6,PAD,NBY,BDW
SP000106,SP004476,6,PAD,NBY,BAN
SP000106,SP004599,6,PAD,NBY,WOS
SP000107,SP000187,4,KGX,SUN,LET
SP000107,SP000442,3,KGX,SUN,SVG
SP000107,SP000450,22,KGX,SUN,EDB
SP000107,SP000521,16,KGX,SUN,LCN
SP000107,SP000529,19,KGX,SUN,LDS
SP000107,SP000698,22,KGX,SUN,NCL
SP000107,SP000700,19,KGX,SUN,BDQ
SP000107,SP000799,19,KGX,SUN,BDI
SP000107,SP000920,9,KGX,SUN,KLN
SP000107,SP000930,9,KGX,SUN,ELY
SP000107,SP000950,20,KGX,SUN,YRK
SP000107,SP000952,24,KGX,SUN,MBR
SP000107,SP000958,22,KGX,SUN,ABD
SP000107,SP000991,3,KGX,SUN,CBG
SP000107,SP000999,19,KGX,SUN,DON
SP000107,SP001003,19,KGX,SUN,HGT
SP000107,SP001007,6,KGX,SUN,CBG
SP000107,SP001047,19,KGX,SUN,SKI
SP000107,SP001120,11,KGX,SUN,PBO
SP000107,SP001176,3,KGX,SUN,KLN
SP000107,SP001594,19,KGX,SUN,HUL
SP000107,SP001605,3,KGX,SUN,PBO
SP000107,SP001726,4,KGX,SUN,CBG
SP000107,SP001727,9,KGX,SUN,CBG
SP000107,SP001880,19,KGX,SUN,BEV
SP000107,SP002020,9,KGX,SUN,PBO
SP000107,SP002317,3,KGX,SUN,NCL
SP000107,SP002335,3,KGX,SUN,LDS
SP000107,SP002354,4,KGX,SUN,RYS
SP000107,SP002363,5,KGX,SUN,LET
SP000107,SP002493,3,KGX,SUN,HFN
SP000107,SP002494,3,KGX,SUN,RYS
SP000107,SP002502,3,KGX,SUN,CBG
SP000107,SP002602,3,KGX,SUN,WGC
SP000107,SP002623,3,KGX,SUN,PBO
SP000107,SP002755,4,KGX,SUN,CBG
SP000107,SP002757,4,KGX,SUN,CBG
SP000107,SP002761,4,KGX,SUN,LET
SP000107,SP002762,4,KGX,SUN,CBG
SP000107,SP002765,3,KGX,SUN,CBG
SP000107,SP002914,9,KGX,SUN,KLN
SP000107,SP002940,3,KGX,SUN,EDB
SP000107,SP002953,19,KGX,SUN,EDB
SP000107,SP002960,4,KGX,SUN,LDS
SP000107,SP002973,3,KGX,SUN,HFN
SP000107,SP003030,3,KGX,SUN,WGC
SP000107,SP003175,3,KGX,SUN,HFN
SP000107,SP003176,4,KGX,SUN,RYS
SP000107,SP003225,4,KGX,SUN,WGC
SP000107,SP003254,4,KGX,SUN,PBO
SP000107,SP003540,19,KGX,SUN,GLQ
SP000107,SP003600,9,KGX,SUN,CBG
SP000107,SP003658,4,KGX,SUN,ELY
SP000107,SP003667,4,KGX,SUN,YRK
SP000107,SP003669,22,KGX,SUN,INV
SP000107,SP003855,3,KGX,SUN,ABD
SP000107,SP003859,3,KGX,SUN,LDS
SP000107,SP004237,3,KGX,SUN,PBO
SP000108,SP000154,5,HGS,CHX,CST
SP000108,SP000170,3,HGS,CHX,CST
SP000108,SP000174,5,HGS,CHX,CST
SP000108,SP000939,3,HGS,CHX,EBN
SP000108,SP002021,3,HGS,CHX,HHE
SP000108,SP002455,3,HGS,CHX,HHE
SP000108,SP002993,3,HGS,CHX,BAL
SP000108,SP003135,3,HGS,CHX,BTN
SP000108,SP003138,3,HGS,CHX,BTN
SP000108,SP003142,3,HGS,CHX,BTN
SP000108,SP003144,3,HGS,CHX,BTN
SP000108,SP003530,3,HGS,CHX,BTN
SP000108,SP004099,3,HGS,CHX,TON
SP000108,SP004555,3,HGS,CHX,CHX
SP000108,SP004566,3,HGS,CHX,CST
SP000109,SP000113,22,CLE,LIV,LIV
SP000109,SP001826,5,CLE,LIV,NNG
SP000109,SP002454,5,CLE,LIV,SHF
SP000109,SP003537,11,CLE,LIV,SHF
SP000110,SP000588,16,LUT,RAI,BFR
SP000110,SP001310,16,LUT,RAI,SUO
SP000110,SP001623,16,LUT,RAI,EPH
SP000110,SP001677,16,LUT,RAI,ORP
SP000110,SP002219,4,LUT,RAI,GTW
SP000110,SP002225,4,LUT,RAI,TBD
SP000110,SP003020,16,LUT,RAI,SUO
SP000110,SP004219,4,LUT,RAI,GTW
SP000111,SP000397,3,MAN,EUS,EUS
SP000111,SP000549,3,MAN,EUS,BMH
SP000111,SP001459,3,MAN,EUS,BHM
SP000111,SP001609,9,MAN,EUS,BMH
SP000111,SP001666,3,MAN,EUS,PGN
SP000111,SP001669,3,MAN,EUS,PGN
SP000111,SP001672,3,MAN,EUS,BRI
SP000111,SP001731,3,MAN,EUS,SOT
SP000111,SP001774,3,MAN,EUS,RDG
SP000111,SP001780,3,MAN,EUS,SOT
SP000111,SP002857,8,MAN,EUS,MFH
SP000111,SP002858,8,MAN,EUS,CDF
SP000111,SP003253,3,MAN,EUS,EUS
SP000111,SP003266,3,MAN,EUS,EUS
SP000111,SP003377,3,MAN,EUS,SOU
SP000111,SP003485,8,MAN,EUS,CDF
SP000111,SP003488,8,MAN,EUS,CDF
SP000111,SP003492,8,MAN,EUS,CRE
SP000111,SP003590,8,MAN,EUS,FGH
SP000111,SP003617,8,MAN,EUS,CDF
SP000111,SP003676,8,MAN,EUS,CDF
SP000111,SP003678,8,MAN,EUS,FGH
SP000111,SP003686,8,MAN,EUS,PMD
SP000111,SP003692,8,MAN,EUS,CMN
SP000111,SP004023,3,MAN,EUS,EUS
SP000111,SP004209,8,MAN,EUS,SHR
SP000111,SP004402,3,MAN,EUS,MAC
SP000111,SP004565,8,MAN,EUS,MFH
SP000112,SP001872,14,HFX,HUL,HUL
SP000112,SP003665,5,HFX,HUL,LDS
SP000113,SP001826,5,CLE,LIV,NNG
SP000113,SP002454,5,CLE,LIV,SHF
SP000113,SP003537,11,CLE,LIV,SHF
SP000114,SP000201,4,HWY,MYB,MYB
SP000114,SP001647,4,HWY,MYB,MYB
SP000114,SP001649,4,HWY,MYB,MYB
SP000114,SP004163,8,HWY,MYB,MYB
SP000115,SP000131,16,RAI,LUT,LUT
SP000115,SP000982,15,RAI,LUT,WHP
SP000115,SP001665,31,RAI,LUT,KTN
SP000115,SP002289,32,RAI,LUT,WHP
SP000115,SP002797,27,RAI,LUT,WHP
SP000115,SP002803,14,RAI,LUT,DFD
SP000116,SP000391,3,RHY,BGN,BYI
SP000117,SP000124,11,MYB,OXF,BSW
SP000117,SP000145,3,MYB,OXF,WRU
SP000117,SP000168,11,MYB,OXF,BAN
SP000117,SP000194,3,MYB,OXF,HWY
SP000117,SP000199,11,MYB,OXF,BSW
SP000117,SP000227,6,MYB,OXF,OXF
SP000117,SP000235,3,MYB,OXF,HWY
SP000117,SP000240,3,MYB,OXF,BSW
SP000117,SP000248,5,MYB,OXF,HWY
SP000117,SP000297,3,MYB,OXF,HWY
SP000117,SP000298,5,MYB,OXF,PRR
SP000117,SP000305,5,MYB,OXF,GER
SP000117,SP000311,3,MYB,OXF,AYS
SP000117,SP000313,5,MYB,OXF,OXF
SP000117,SP000328,11,MYB,OXF,BMO
SP000117,SP000552,11,MYB,OXF,BSW
SP000117,SP000605,3,MYB,OXF,GER
SP000117,SP000607,3,MYB,OXF,GER
SP000117,SP000667,3,MYB,OXF,WRU
SP000117,SP001640,3,MYB,OXF,GER
SP000117,SP001643,5,MYB,OXF,HWY
SP000117,SP002429,5,MYB,OXF,AYS
SP000117,SP002777,6,MYB,OXF,OXF
SP000117,SP002783,6,MYB,OXF,OXF
SP000117,SP002792,3,MYB,OXF,HWY
SP000117,SP003190,3,MYB,OXF,AYS
SP000117,SP003198,6,MYB,OXF,BAN
SP000117,SP003410,3,MYB,OXF,OXF
SP000117,SP003867,13,MYB,OXF,OXF
SP000117,SP004114,5,MYB,OXF,BCS
SP000117,SP004157,11,MYB,OXF,BMO
SP000117,SP004159,3,MYB,OXF,AYS
SP000117,SP004182,3,MYB,OXF,AYS
SP000117,SP004185,5,MYB,OXF,BAN
SP000117,SP004191,11,MYB,OXF,SBJ
SP000117,SP004233,3,MYB,OXF,WRU
SP000117,SP004257,6,MYB,OXF,BMO
SP000117,SP004445,6,MYB,OXF,BAN
SP000117,SP004479,9,MYB,OXF,PRR
SP000117,SP004563,3,MYB,OXF,OXF
SP000117,SP004608,3,MYB,OXF,WCX
SP000117,SP004609,3,MYB,OXF,GER
SP000117,SP004626,5,MYB,OXF,OXF
SP000117,SP004635,3,MYB,OXF,BMO
SP000117,SP004637,3,MYB,OXF,AYS
SP000117,SP004639,5,MYB,OXF,BAN
SP000117,SP004641,6,MYB,OXF,BSW
SP000118,SP001526,8,CDF,CNM,NOT
SP000118,SP001558,3,CDF,CNM,NOT
SP000118,SP001569,3,CDF,CNM,BHM
SP000118,SP001625,3,CDF,CNM,EDB
SP000118,SP002181,3,CDF,CNM,BRI
SP000118,SP002227,3,CDF,CNM,PMH
SP000118,SP002231,3,CDF,CNM,PMH
SP000118,SP002328,3,CDF,CNM,TAU
SP000118,SP002379,3,CDF,CNM,BRI
SP000118,SP002392,3,CDF,CNM,EXD
SP000118,SP002394,3,CDF,CNM,PLY
SP000118,SP002395,3,CDF,CNM,EXD
SP000118,SP003379,3,CDF,CNM,PNZ
SP000118,SP003382,3,CDF,CNM,TAU
SP000118,SP003414,3,CDF,CNM,PMH
SP000118,SP003418,3,CDF,CNM,NOT
SP000118,SP003427,3,CDF,CNM,FRO
SP000118,SP003469,3,CDF,CNM,PAD
SP000118,SP003482,7,CDF,CNM,GCR
SP000118,SP004105,8,CDF,CNM,NOT
SP000118,SP004107,3,CDF,CNM,NOT
SP000118,SP004249,3,CDF,CNM,PMH
SP000120,SP000206,9,OXF,MYB,MYB
SP000120,SP000679,10,OXF,MYB,MYB
SP000120,SP000689,9,OXF,MYB,MYB
SP000120,SP004149,11,OXF,MYB,MYB
SP000120,SP004560,11,OXF,MYB,MYB
SP000120,SP004636,9,OXF,MYB,MYB
SP000121,SP000126,5,LIV,CLE,CLE
SP000121,SP000128,7,LIV,CLE,CLE
SP000121,SP000133,7,LIV,CLE,CLE
SP000121,SP000430,3,LIV,CLE,EUS
SP000121,SP000750,5,LIV,CLE,NRW
SP000121,SP001199,3,LIV,CLE,CTR
SP000121,SP001354,5,LIV,CLE,NRW
SP000121,SP001360,5,LIV,CLE,NOT
SP000121,SP001362,5,LIV,CLE,NRW
SP000121,SP001365,5,LIV,CLE,NOT
SP000121,SP001366,5,LIV,CLE,NOT
SP000121,SP001592,3,LIV,CLE,EUS
SP000121,SP001792,3,LIV,CLE,EUS
SP000121,SP001875,7,LIV,CLE,CLE
SP000121,SP002081,3,LIV,CLE,BHM
SP000121,SP002673,5,LIV,CLE,NOT
SP000121,SP002819,3,LIV,CLE,LLD
SP000121,SP003089,5,LIV,CLE,WAC
SP000121,SP003111,3,LIV,CLE,EUS
SP000121,SP003115,5,LIV,CLE,NOT
SP000121,SP003496,7,LIV,CLE,SHF
SP000121,SP003657,10,LIV,CLE,NCL
SP000121,SP004026,3,LIV,CLE,CRE
SP000121,SP004143,5,LIV,CLE,NRW
SP000121,SP004261,7,LIV,CLE,DON
SP000121,SP004268,7,LIV,CLE,MIA
SP000121,SP004269,5,LIV,CLE,NRW
SP000122,SP000274,5,HUL,HFX,LDS
SP000122,SP000421,3,HUL,HFX,SHF
SP000122,SP000454,3,HUL,HFX,SHF
SP000122,SP000494,5,HUL,HFX,YRK
SP000122,SP000694,5,HUL,HFX,MAN
SP000122,SP000697,7,HUL,HFX,MAN
SP000122,SP000702,5,HUL,HFX,MAN
SP000122,SP001593,5,HUL,HFX,KGX
SP000122,SP002302,5,HUL,HFX,LDS
SP000122,SP002534,3,HUL,HFX,YRK
SP000122,SP002641,5,HUL,HFX,SBY
SP000122,SP003317,3,HUL,HFX,SHF
SP000122,SP003869,5,HUL,HFX,MAN
SP000122,SP003951,3,HUL,HFX,YRK
SP000122,SP003980,14,HUL,HFX,HFX
SP000122,SP004117,11,HUL,HFX,LDS
SP000122,SP004465,7,HUL,HFX,HFX
SP000123,SP004544,3,TON,TBW,HGS
SP000124,SP000145,3,MYB,BSW,WRU
SP000124,SP000168,13,MYB,BSW,BAN
SP000124,SP000194,3,MYB,BSW,HWY
SP000124,SP000199,19,MYB,BSW,BSW
SP000124,SP000227,6,MYB,BSW,OXF
SP000124,SP000235,3,MYB,BSW,HWY
SP000124,SP000240,3,MYB,BSW,BSW
SP000124,SP000248,5,MYB,BSW,HWY
SP000124,SP000297,3,MYB,BSW,HWY
SP000124,SP000298,5,MYB,BSW,PRR
SP000124,SP000305,5,MYB,BSW,GER
SP000124,SP000311,3,MYB,BSW,AYS
SP000124,SP000313,5,MYB,BSW,OXF
SP000124,SP000328,16,MYB,BSW,BMO
SP000124,SP000552,13,MYB,BSW,BSW
SP000124,SP000605,3,MYB,BSW,GER
SP000124,SP000607,3,MYB,BSW,GER
SP000124,SP000667,3,MYB,BSW,WRU
SP000124,SP001640,3,MYB,BSW,GER
SP000124,SP001643,5,MYB,BSW,HWY
SP000124,SP002429,5,MYB,BSW,AYS
SP000124,SP002777,6,MYB,BSW,OXF
SP000124,SP002783,6,MYB,BSW,OXF
SP000124,SP002792,3,MYB,BSW,HWY
SP000124,SP003190,3,MYB,BSW,AYS
SP000124,SP003198,6,MYB,BSW,BAN
SP000124,SP003410,3,MYB,BSW,OXF
SP000124,SP003867,11,MYB,BSW,OXF
SP000124,SP004114,5,MYB,BSW,BCS
SP000124,SP004157,13,MYB,BSW,BMO
SP000124,SP004159,3,MYB,BSW,AYS
SP000124,SP004182,3,MYB,BSW,AYS
SP000124,SP004185,5,MYB,BSW,BAN
SP000124,SP004191,13,MYB,BSW,SBJ
SP000124,SP004233,3,MYB,BSW,WRU
SP000124,SP004257,6,MYB,BSW,BMO
SP000124,SP004445,6,MYB,BSW,BAN
SP000124,SP004479,9,MYB,BSW,PRR
SP000124,SP004563,3,MYB,BSW,OXF
SP000124,SP004608,3,MYB,BSW,WCX
SP000124,SP004609,3,MYB,BSW,GER
SP000124,SP004626,5,MYB,BSW,OXF
SP000124,SP004635,3,MYB,BSW,BMO
SP000124,SP004637,3,MYB,BSW,AYS
SP000124,SP004639,5,MYB,BSW,BAN
SP000124,SP004641,6,MYB,BSW,BSW
SP000125,SP002017,3,WGW,MCV,MCV
SP000126,SP000128,5,LIV,CLE,CLE
SP000126,SP000133,5,LIV,CLE,CLE
SP000126,SP000430,3,LIV,CLE,EUS
SP000126,SP000750,5,LIV,CLE,NRW
SP000126,SP001199,3,LIV,CLE,CTR
SP000126,SP001354,5,LIV,CLE,NRW
SP000126,SP001360,5,LIV,CLE,NOT
SP000126,SP001362,5,LIV,CLE,NRW
SP000126,SP001365,5,LIV,CLE,NOT
SP000126,SP001366,5,LIV,CLE,NOT
SP000126,SP001592,3,LIV,CLE,EUS
SP000126,SP001792,3,LIV,CLE,EUS
SP000126,SP001875,5,LIV,CLE,CLE
SP000126,SP002081,3,LIV,CLE,BHM
SP000126,SP002673,5,LIV,CLE,NOT
SP000126,SP002819,3,LIV,CLE,LLD
SP000126,SP003089,7,LIV,CLE,WAC
SP000126,SP003111,3,LIV,CLE,EUS
SP000126,SP003115,5,LIV,CLE,NOT
SP000126,SP003496,5,LIV,CLE,SHF
SP000126,SP003657,5,LIV,CLE,NCL
SP000126,SP004026,3,LIV,CLE,CRE
SP000126,SP004143,5,LIV,CLE,NRW
SP000126,SP004261,5,LIV,CLE,DON
SP000126,SP004268,5,LIV,CLE,MIA
SP000126,SP004269,5,LIV,CLE,NRW
SP000128,SP000133,26,LIV,CLE,CLE
SP000128,SP000430,3,LIV,CLE,EUS
SP000128,SP000750,5,LIV,CLE,NRW
SP000128,SP001199,3,LIV,CLE,CTR
SP000128,SP001354,5,LIV,CLE,NRW
SP000128,SP001360,5,LIV,CLE,NOT
SP000128,SP001362,5,LIV,CLE,NRW
SP000128,SP001365,5,LIV,CLE,NOT
SP000128,SP001366,5,LIV,CLE,NOT
SP000128,SP001592,3,LIV,CLE,EUS
SP000128,SP001792,3,LIV,CLE,EUS
SP000128,SP001875,21,LIV,CLE,CLE
SP000128,SP002081,3,LIV,CLE,BHM
SP000128,SP002673,5,LIV,CLE,NOT
SP000128,SP002819,3,LIV,CLE,LLD
SP000128,SP003089,5,LIV,CLE,WAC
SP000128,SP003111,3,LIV,CLE,EUS
SP000128,SP003115,5,LIV,CLE,NOT
SP000128,SP003496,12,LIV,CLE,SHF
SP000128,SP003657,7,LIV,CLE,NCL
SP000128,SP004026,3,LIV,CLE,CRE
SP000128,SP004143,5,LIV,CLE,NRW
SP000128,SP004261,18,LIV,CLE,DON
SP000128,SP004268,12,LIV,CLE,MIA
SP000128,SP004269,5,LIV,CLE,NRW
SP000129,SP000184,7,PAD,WOF,HFD
SP000129,SP000198,7,PAD,WOF,WOS
SP000129,SP000326,6,PAD,WOF,DID
SP000129,SP000364,7,PAD,WOF,WOF
SP000129,SP000462,7,PAD,WOF,OXF
SP000129,SP000581,8,PAD,WOF,BRI
SP000129,SP000651,6,PAD,WOF,PLY
SP000129,SP000801,6,PAD,WOF,PLY
SP000129,SP000835,8,PAD,WOF,WSM
SP000129,SP000840,8,PAD,WOF,PNZ
SP000129,SP000848,7,PAD,WOF,WOS
SP000129,SP000858,9,PAD,WOF,OXF
SP000129,SP000862,8,PAD,WOF,CNM
SP000129,SP001654,6,PAD,WOF,NBY
SP000129,SP001823,8,PAD,WOF,SWA
SP000129,SP001838,8,PAD,WOF,SWA
SP000129,SP001939,6,PAD,WOF,RDG
SP000129,SP002174,8,PAD,WOF,WSM
SP000129,SP002183,8,PAD,WOF,WSM
SP000129,SP002209,6,PAD,WOF,EXD
SP000129,SP002216,6,PAD,WOF,NQY
SP000129,SP002711,6,PAD,WOF,BDW
SP000129,SP003385,6,PAD,WOF,PGN
SP000129,SP003417,8,PAD,WOF,CDF
SP000129,SP003420,8,PAD,WOF,WOS
SP000129,SP003428,6,PAD,WOF,WSB
SP000129,SP003429,8,PAD,WOF,CMN
SP000129,SP003434,8,PAD,WOF,SWA
SP000129,SP003440,8,PAD,WOF,SWA
SP000129,SP003448,8,PAD,WOF,TAU
SP000129,SP003480,6,PAD,WOF,PNZ
SP000129,SP003591,3,PAD,WOF,RDG
SP000129,SP003666,8,PAD,WOF,TAU
SP000129,SP003788,8,PAD,WOF,SWA
SP000129,SP004186,6,PAD,WOF,FRO
SP000129,SP004248,7,PAD,WOF,WPH
SP000129,SP004338,8,PAD,WOF,BPW
SP000129,SP004416,6,PAD,WOF,BDW
SP000129,SP004476,7,PAD,WOF,BAN
SP000129,SP004599,8,PAD,WOF,WOS
SP000131,SP000982,15,RAI,LUT,WHP
SP000131,SP001665,16,RAI,LUT,KTN
SP000131,SP002289,16,RAI,LUT,WHP
SP000131,SP002797,16,RAI,LUT,WHP
SP000131,SP002803,14,RAI,LUT,DFD
SP000132,SP002049,3,GIR,AYR,KMK
SP000133,SP000430,3,LIV,CLE,EUS
SP000133,SP000750,5,LIV,CLE,NRW
SP000133,SP001199,3,LIV,CLE,CTR
SP000133,SP001354,5,LIV,CLE,NRW
SP000133,SP001360,5,LIV,CLE,NOT
SP000133,SP001362,5,LIV,CLE,NRW
SP000133,SP001365,5,LIV,CLE,NOT
SP000133,SP001366,5,LIV,CLE,NOT
SP000133,SP001592,3,LIV,CLE,EUS
SP000133,SP001792,3,LIV,CLE,EUS
SP000133,SP001875,21,LIV,CLE,CLE
SP000133,SP002081,3,LIV,CLE,BHM
SP000133,SP002673,5,LIV,CLE,NOT
SP000133,SP002819,3,LIV,CLE,LLD
SP000133,SP003089,5,LIV,CLE,WAC
SP000133,SP003111,3,LIV,CLE,EUS
SP000133,SP003115,5,LIV,CLE,NOT
SP000133,SP003496,12,LIV,CLE,SHF
SP000133,SP003657,7,LIV,CLE,NCL
SP000133,SP004026,3,LIV,CLE,CRE
SP000133,SP004143,5,LIV,CLE,NRW
SP000133,SP004261,18,LIV,CLE,DON
SP000133,SP004268,12,LIV,CLE,MIA
SP000133,SP004269,5,LIV,CLE,NRW
SP000134,SP000175,13,DDG,WOF,WOF
SP000134,SP000692,7,DDG,WOF,WOS
SP000134,SP001440,9,DDG,WOF,BSW
SP000134,SP002004,22,DDG,WOF,WOS
SP000134,SP004100,7,DDG,WOF,WOF
SP000134,SP004108,7,DDG,WOF,WOF
SP000134,SP004113,21,DDG,WOF,WOF
SP000135,SP003436,5,WOS,BRI,PAD
SP000135,SP003751,5,WOS,BRI,BRI
SP000136,SP000192,11,LIV,OXN,GLC
SP000136,SP000209,11,LIV,OXN,GLC
SP000136,SP000631,6,LIV,OXN,BPN
SP000136,SP001815,4,LIV,OXN,MCV
SP000136,SP003099,4,LIV,OXN,WGN
SP000136,SP003129,4,LIV,OXN,BPN
SP000136,SP003233,4,LIV,OXN,MIA
SP000136,SP004055,4,LIV,OXN,WGN
SP000136,SP004077,4,LIV,OXN,NCL
SP000136,SP004375,5,LIV,OXN,WGN
SP000137,SP000286,3,BAL,EGR,EBN
SP000137,SP000639,3,BAL,EGR,PMH
SP000137,SP000646,4,BAL,EGR,REI
SP000137,SP000945,3,BAL,EGR,BOG
SP000137,SP000971,3,BAL,EGR,BOG
SP000137,SP001001,3,BAL,EGR,PMH
SP000137,SP001002,3,BAL,EGR,PMH
SP000137,SP001005,3,BAL,EGR,PMS
SP000137,SP001015,3,BAL,EGR,CCH
SP000137,SP001077,3,BAL,EGR,EBN
SP000137,SP001083,3,BAL,EGR,EBN
SP000137,SP001092,3,BAL,EGR,EBN
SP000137,SP001239,3,BAL,EGR,LIT
SP000137,SP001241,3,BAL,EGR,LIT
SP000137,SP001255,3,BAL,EGR,LIT
SP000137,SP001291,3,BAL,EGR,BTN
SP000137,SP001295,3,BAL,EGR,BTN
SP000137,SP001830,4,BAL,EGR,BTN
SP000137,SP002276,3,BAL,EGR,HGS
SP000137,SP002965,3,BAL,EGR,PMH
SP000137,SP002980,3,BAL,EGR,PMS
SP000137,SP002983,3,BAL,EGR,PMH
SP000137,SP002986,3,BAL,EGR,PMS
SP000137,SP002991,3,BAL,EGR,ORE
SP000137,SP002992,3,BAL,EGR,ORE
SP000137,SP002995,3,BAL,EGR,ORE
SP000137,SP003006,3,BAL,EGR,ORE
SP000137,SP003014,3,BAL,EGR,HGS
SP000137,SP003026,3,BAL,EGR,LIT
SP000137,SP003130,3,BAL,EGR,WRH
SP000137,SP003179,3,BAL,EGR,TBD
SP000137,SP003294,3,BAL,EGR,HRH
SP000137,SP003298,3,BAL,EGR,CCH
SP000137,SP003454,4,BAL,EGR,ORE
SP000137,SP003675,3,BAL,EGR,WRH
SP000137,SP003677,3,BAL,EGR,WRH
SP000137,SP003756,3,BAL,EGR,BTN
SP000137,SP004020,3,BAL,EGR,GTW
SP000137,SP004086,3,BAL,EGR,WRH
SP000138,SP000761,8,WHP,RAI,RAI
SP000138,SP001629,6,WHP,RAI,SUO
SP000138,SP001681,6,WHP,RAI,ORP
SP000138,SP001778,6,WHP,RAI,SUO
SP000138,SP003915,13,WHP,RAI,RAI
SP000138,SP004591,8,WHP,RAI,RAI
SP000139,SP000543,4,TRI,EUS,EUS
SP000139,SP001283,4,TRI,EUS,EUS
SP000139,SP001284,5,TRI,EUS,EUS
SP000139,SP001287,4,TRI,EUS,EUS
SP000139,SP002611,4,TRI,EUS,EUS
SP000140,SP003701,8,YRK,KGX,KGX
SP000141,SP004443,4,WRU,MYB,MYB
SP000142,SP003169,4,PCN,GLC,GLC
SP000143,SP002157,11,EGR,BAL,BDM
SP000143,SP002176,5,EGR,BAL,XSU
SP000143,SP002247,5,EGR,BAL,WHP
SP000143,SP002262,11,EGR,BAL,XSU
SP000143,SP003062,12,EGR,BAL,WSW
SP000143,SP004218,5,EGR,BAL,BDM
SP000143,SP004576,12,EGR,BAL,BAK
SP000144,SP000152,8,GLT,EDB,EDB
SP000145,SP000168,3,MYB,WRU,BAN
SP000145,SP000194,3,MYB,WRU,HWY
SP000145,SP000199,3,MYB,WRU,BSW
SP000145,SP000227,3,MYB,WRU,OXF
SP000145,SP000235,3,MYB,WRU,HWY
SP000145,SP000240,3,MYB,WRU,BSW
SP000145,SP000248,3,MYB,WRU,HWY
SP000145,SP000297,3,MYB,WRU,HWY
SP000145,SP000298,3,MYB,WRU,PRR
SP000145,SP000305,3,MYB,WRU,GER
SP000145,SP000311,3,MYB,WRU,AYS
SP000145,SP000313,3,MYB,WRU,OXF
SP000145,SP000328,3,MYB,WRU,BMO
SP000145,SP000552,3,MYB,WRU,BSW
SP000145,SP000605,3,MYB,WRU,GER
SP000145,SP000607,3,MYB,WRU,GER
SP000145,SP000667,3,MYB,WRU,WRU
SP000145,SP001640,3,MYB,WRU,GER
SP000145,SP001643,3,MYB,WRU,HWY
SP000145,SP002429,3,MYB,WRU,AYS
SP000145,SP002777,3,MYB,WRU,OXF
SP000145,SP002783,3,MYB,WRU,OXF
SP000145,SP002792,3,MYB,WRU,HWY
SP000145,SP003190,3,MYB,WRU,AYS
SP000145,SP003198,3,MYB,WRU,BAN
SP000145,SP003410,3,MYB,WRU,OXF
SP000145,SP003867,3,MYB,WRU,OXF
SP000145,SP004114,3,MYB,WRU,BCS
SP000145,SP004157,3,MYB,WRU,BMO
SP000145,SP004159,3,MYB,WRU,AYS
SP000145,SP004182,3,MYB,WRU,AYS
SP000145,SP004185,3,MYB,WRU,BAN
SP000145,SP004191,3,MYB,WRU,SBJ
SP000145,SP004233,3,MYB,WRU,WRU
SP000145,SP004257,3,MYB,WRU,BMO
SP000145,SP004445,3,MYB,WRU,BAN
SP000145,SP004479,3,MYB,WRU,PRR
SP000145,SP004563,3,MYB,WRU,OXF
SP000145,SP004608,3,MYB,WRU,WCX
SP000145,SP004609,3,MYB,WRU,GER
SP000145,SP004626,3,MYB,WRU,OXF
SP000145,SP004635,3,MYB,WRU,BMO
SP000145,SP004637,3,MYB,WRU,AYS
SP000145,SP004639,3,MYB,WRU,BAN
SP000145,SP004641,3,MYB,WRU,BSW
SP000146,SP002097,7,GRK,GLC,GLC
SP000146,SP002099,4,GRK,GLC,GLC
SP000146,SP002136,5,GRK,GLC,GLC
SP000148,SP000961,5,CLH,MCV,BBN
SP000148,SP003398,10,CLH,MCV,MCV
SP000148,SP004474,10,CLH,MCV,MCV
SP000149,SP000267,3,EDB,MIA,GLC
SP000149,SP000268,3,EDB,MIA,GLC
SP000149,SP001403,3,EDB,MIA,GLC
SP000149,SP001951,3,EDB,MIA,GLC
SP000149,SP001952,3,EDB,MIA,GLC
SP000149,SP001978,3,EDB,MIA,CRS
SP000149,SP002087,3,EDB,MIA,MTH
SP000149,SP002236,3,EDB,MIA,GLC
SP000149,SP002308,3,EDB,MIA,GLC
SP000149,SP002310,3,EDB,MIA,GLC
SP000149,SP002324,3,EDB,MIA,GLC
SP000149,SP003250,13,EDB,MIA,EUS
SP000149,SP003562,13,EDB,MIA,EUS
SP000149,SP003639,3,EDB,MIA,GLC
SP000149,SP003808,3,EDB,MIA,GLC
SP000149,SP003970,13,EDB,MIA,EUS
SP000149,SP004263,13,EDB,MIA,MIA
SP000149,SP004448,3,EDB,MIA,GLC
SP000149,SP004456,3,EDB,MIA,GLC
SP000151,SP001412,11,WSL,WVH,BHM
SP000151,SP002268,5,WSL,WVH,EUS
SP000153,SP000176,8,DID,PAD,PAD
SP000153,SP003226,6,DID,PAD,RDG
SP000153,SP004238,3,DID,PAD,PAD
SP000153,SP004296,8,DID,PAD,PAD
SP000153,SP004581,10,DID,PAD,PAD
SP000154,SP000170,3,HGS,CST,CST
SP000154,SP000174,11,HGS,CST,CST
SP000154,SP000939,3,HGS,CST,EBN
SP000154,SP002021,3,HGS,CST,HHE
SP000154,SP002455,3,HGS,CST,HHE
SP000154,SP002993,3,HGS,CST,BAL
SP000154,SP003135,3,HGS,CST,BTN
SP000154,SP003138,3,HGS,CST,BTN
SP000154,SP003142,3,HGS,CST,BTN
SP000154,SP003144,3,HGS,CST,BTN
SP000154,SP003530,3,HGS,CST,BTN
SP000154,SP004099,3,HGS,CST,TON
SP000154,SP004555,3,HGS,CST,CHX
SP000154,SP004566,3,HGS,CST,CST
SP000155,SP001992,7,HLC,EDB,EDB
SP000155,SP001995,7,HLC,EDB,EDB
SP000155,SP002669,7,HLC,EDB,EDB
SP000155,SP002998,7,HLC,EDB,EDB
SP000155,SP003768,7,HLC,EDB,EDB
SP000155,SP003770,31,HLC,EDB,BHG
SP000155,SP003773,26,HLC,EDB,ADR
SP000155,SP003782,7,HLC,EDB,EDB
SP000156,SP000186,6,GLC,GLC,NTN
SP000157,SP003310,4,LAN,MIA,EUS
SP000157,SP003325,3,LAN,MIA,EUS
SP000157,SP003765,4,LAN,MIA,EUS
SP000158,SP001211,5,NNG,PBO,LCN
SP000160,SP002286,9,SHF,LDS,LDS
SP000160,SP002572,4,SHF,LDS,YRK
SP000160,SP003419,3,SHF,LDS,CLE
SP000160,SP003573,8,SHF,LDS,YRK
SP000160,SP003862,3,SHF,LDS,CLE
SP000160,SP003985,9,SHF,LDS,LDS
SP000161,SP004264,5,OXN,LIV,MIA
SP000162,SP003405,6,PBO,LCN,DON
SP000163,SP000172,13,GLC,LIV,MIA
SP000163,SP000492,3,GLC,LIV,PLY
SP000163,SP002084,14,GLC,LIV,EUS
SP000163,SP002085,3,GLC,LIV,EDB
SP000163,SP002229,14,GLC,LIV,CRE
SP000163,SP002478,3,GLC,LIV,EDB
SP000163,SP003323,14,GLC,LIV,MIA
SP000163,SP004009,13,GLC,LIV,EUS
SP000163,SP004010,3,GLC,LIV,EUS
SP000163,SP004033,14,GLC,LIV,EUS
SP000163,SP004044,13,GLC,LIV,EUS
SP000163,SP004110,3,GLC,LIV,EUS
SP000163,SP004515,3,GLC,LIV,EUS
SP000164,SP000355,3,SAV,WOS,WOF
SP000164,SP000553,3,SAV,WOS,LMS
SP000164,SP001443,3,SAV,WOS,BSW
SP000164,SP001446,3,SAV,WOS,BSW
SP000164,SP002052,3,SAV,WOS,WOF
SP000164,SP002758,33,SAV,WOS,KID
SP000164,SP003974,30,SAV,WOS,KID
SP000164,SP004162,3,SAV,WOS,MYB
SP000165,SP002006,7,GLC,EKL,EKL
SP000165,SP002037,3,GLC,EKL,KMK
SP000165,SP002333,3,GLC,EKL,BRR
SP000165,SP003814,3,GLC,EKL,EKL
SP000168,SP000194,3,MYB,BAN,HWY
SP000168,SP000199,13,MYB,BAN,BSW
SP000168,SP000227,6,MYB,BAN,OXF
SP000168,SP000235,3,MYB,BAN,HWY
SP000168,SP000240,3,MYB,BAN,BSW
SP000168,SP000248,5,MYB,BAN,HWY
SP000168,SP000297,3,MYB,BAN,HWY
SP000168,SP000298,5,MYB,BAN,PRR
SP000168,SP000305,5,MYB,BAN,GER
SP000168,SP000311,3,MYB,BAN,AYS
SP000168,SP000313,5,MYB,BAN,OXF
SP000168,SP000328,13,MYB,BAN,BMO
SP000168,SP000552,15,MYB,BAN,BSW
SP000168,SP000605,3,MYB,BAN,GER
SP000168,SP000607,3,MYB,BAN,GER
SP000168,SP000667,3,MYB,BAN,WRU
SP000168,SP001640,3,MYB,BAN,GER
SP000168,SP001643,5,MYB,BAN,HWY
SP000168,SP002429,5,MYB,BAN,AYS
SP000168,SP002777,6,MYB,BAN,OXF
SP000168,SP002783,6,MYB,BAN,OXF
SP000168,SP002792,3,MYB,BAN,HWY
SP000168,SP003190,3,MYB,BAN,AYS
SP000168,SP003198,6,MYB,BAN,BAN
SP000168,SP003410,3,MYB,BAN,OXF
SP000168,SP003867,11,MYB,BAN,OXF
SP000168,SP004114,5,MYB,BAN,BCS
SP000168,SP004157,15,MYB,BAN,BMO
SP000168,SP004159,3,MYB,BAN,AYS
SP000168,SP004182,3,MYB,BAN,AYS
SP000168,SP004185,5,MYB,BAN,BAN
SP000168,SP004191,15,MYB,BAN,SBJ
SP000168,SP004233,3,MYB,BAN,WRU
SP000168,SP004257,6,MYB,BAN,BMO
SP000168,SP004445,6,MYB,BAN,BAN
SP000168,SP004479,9,MYB,BAN,PRR
SP000168,SP004563,3,MYB,BAN,OXF
SP000168,SP004608,3,MYB,BAN,WCX
SP000168,SP004609,3,MYB,BAN,GER
SP000168,SP004626,5,MYB,BAN,OXF
SP000168,SP004635,3,MYB,BAN,BMO
SP000168,SP004637,3,MYB,BAN,AYS
SP000168,SP004639,5,MYB,BAN,BAN
SP000168,SP004641,6,MYB,BAN,BSW
SP000169,SP000188,14,BPN,YRK,YRK
SP000169,SP000293,4,BPN,YRK,LIV
SP000169,SP000299,4,BPN,YRK,LIV
SP000169,SP000301,4,BPN,YRK,LIV
SP000169,SP000740,4,BPN,YRK,MIA
SP000169,SP000759,4,BPN,YRK,MIA
SP000169,SP000979,3,BPN,YRK,YRK
SP000169,SP000984,13,BPN,YRK,LDS
SP000169,SP002612,3,BPN,YRK,MIA
SP000169,SP003670,4,BPN,YRK,LIV
SP000169,SP003781,11,BPN,YRK,LDS
SP000169,SP004097,4,BPN,YRK,MAN
SP000169,SP004106,15,BPN,YRK,YRK
SP000169,SP004205,3,BPN,YRK,CRE
SP000169,SP004229,4,BPN,YRK,LIV
SP000169,SP004295,4,BPN,YRK,YRK
SP000169,SP004426,4,BPN,YRK,LIV
SP000169,SP004526,4,BPN,YRK,MAN
SP000169,SP004578,4,BPN,YRK,CRE
SP000170,SP000174,3,HGS,CST,CST
SP000170,SP000939,3,HGS,CST,EBN
SP000170,SP002021,3,HGS,CST,HHE
SP000170,SP002455,3,HGS,CST,HHE
SP000170,SP002993,3,HGS,CST,BAL
SP000170,SP003135,3,HGS,CST,BTN
SP000170,SP003138,3,HGS,CST,BTN
SP000170,SP003142,3,HGS,CST,BTN
SP000170,SP003144,3,HGS,CST,BTN
SP000170,SP003530,3,HGS,CST,BTN
SP000170,SP004099,14,HGS,CST,TON
SP000170,SP004555,14,HGS,CST,CHX
SP000170,SP004566,14,HGS,CST,CST
SP000172,SP000492,3,GLC,MIA,PLY
SP000172,SP002084,13,GLC,MIA,EUS
SP000172,SP002085,3,GLC,MIA,EDB
SP000172,SP002229,13,GLC,MIA,CRE
SP000172,SP002478,3,GLC,MIA,EDB
SP000172,SP003323,13,GLC,MIA,MIA
SP000172,SP004009,13,GLC,MIA,EUS
SP000172,SP004010,3,GLC,MIA,EUS
SP000172,SP004033,13,GLC,MIA,EUS
SP000172,SP004044,13,GLC,MIA,EUS
SP000172,SP004110,3,GLC,MIA,EUS
SP000172,SP004515,3,GLC,MIA,EUS
SP000173,SP000197,9,YRK,BPN,BPN
SP000173,SP000505,3,YRK,BPN,LDS
SP000173,SP000681,3,YRK,BPN,MAN
SP000173,SP001648,3,YRK,BPN,PLY
SP000173,SP001863,3,YRK,BPN,BBN
SP000173,SP002307,3,YRK,BPN,MAN
SP000173,SP004276,3,YRK,BPN,BPN
SP000173,SP004460,3,YRK,BPN,MAN
SP000174,SP000939,3,HGS,CST,EBN
SP000174,SP002021,3,HGS,CST,HHE
SP000174,SP002455,3,HGS,CST,HHE
SP000174,SP002993,3,HGS,CST,BAL
SP000174,SP003135,3,HGS,CST,BTN
SP000174,SP003138,3,HGS,CST,BTN
SP000174,SP003142,3,HGS,CST,BTN
SP000174,SP003144,3,HGS,CST,BTN
SP000174,SP003530,3,HGS,CST,BTN
SP000174,SP004099,3,HGS,CST,TON
SP000174,SP004555,3,HGS,CST,CHX
SP000174,SP004566,3,HGS,CST,CST
SP000175,SP000692,7,DDG,WOF,WOS
SP000175,SP001440,9,DDG,WOF,BSW
SP000175,SP002004,13,DDG,WOF,WOS
SP000175,SP004100,7,DDG,WOF,WOF
SP000175,SP004108,7,DDG,WOF,WOF
SP000175,SP004113,13,DDG,WOF,WOF
SP000176,SP003226,6,DID,PAD,RDG
SP000176,SP004238,3,DID,PAD,PAD
SP000176,SP004296,13,DID,PAD,PAD
SP000176,SP004581,8,DID,PAD,PAD
SP000177,SP000190,3,ORP,CST,LUT
SP000177,SP000334,8,ORP,CST,CHX
SP000177,SP002971,3,ORP,CST,KTN
SP000177,SP002987,3,ORP,CST,BFR
SP000177,SP003024,8,ORP,CST,CHX
SP000177,SP003027,3,ORP,CST,WHP
SP000177,SP003107,8,ORP,CST,CST
SP000178,SP000888,11,LEV,EDB,EDB
SP000180,SP000185,15,CST,HGS,HGS
SP000180,SP000725,4,CST,HGS,DFD
SP000180,SP000905,4,CST,HGS,GRV
SP000180,SP001031,10,CST,HGS,RAM
SP000180,SP001056,10,CST,HGS,AFK
SP000180,SP001064,7,CST,HGS,ORP
SP000180,SP001142,4,CST,HGS,CST
SP000180,SP001893,10,CST,HGS,DVP
SP000180,SP001895,10,CST,HGS,RAM
SP000180,SP002910,10,CST,HGS,TBW
SP000180,SP003122,6,CST,HGS,CST
SP000180,SP003314,4,CST,HGS,RTR
SP000180,SP003425,13,CST,HGS,TON
SP000180,SP003479,4,CST,HGS,ORP
SP000180,SP004537,8,CST,HGS,DVP
SP000180,SP004538,8,CST,HGS,RAM
SP000181,SP000347,17,SAV,WOF,WOF
SP000182,SP000229,5,NTN,GLC,GLC
SP000183,SP003018,3,LET,KGX,KGX
SP000183,SP003357,3,LET,KGX,KGX
SP000183,SP003503,3,LET,KGX,KGX
SP000183,SP003806,11,LET,KGX,KGX
SP000184,SP000198,18,PAD,HFD,WOS
SP000184,SP000326,6,PAD,HFD,DID
SP000184,SP000364,19,PAD,HFD,WOF
SP000184,SP000462,8,PAD,HFD,OXF
SP000184,SP000581,7,PAD,HFD,BRI
SP000184,SP000651,6,PAD,HFD,PLY
SP000184,SP000801,6,PAD,HFD,PLY
SP000184,SP000835,7,PAD,HFD,WSM
SP000184,SP000840,7,PAD,HFD,PNZ
SP000184,SP000848,11,PAD,HFD,WOS
SP000184,SP000858,7,PAD,HFD,OXF
SP000184,SP000862,7,PAD,HFD,CNM
SP000184,SP001654,6,PAD,HFD,NBY
SP000184,SP001823,7,PAD,HFD,SWA
SP000184,SP001838,7,PAD,HFD,SWA
SP000184,SP001939,6,PAD,HFD,RDG
SP000184,SP002174,7,PAD,HFD,WSM
SP000184,SP002183,7,PAD,HFD,WSM
SP000184,SP002209,6,PAD,HFD,EXD
SP000184,SP002216,6,PAD,HFD,NQY
SP000184,SP002711,6,PAD,HFD,BDW
SP000184,SP003385,6,PAD,HFD,PGN
SP000184,SP003417,7,PAD,HFD,CDF
SP000184,SP003420,7,PAD,HFD,WOS
SP000184,SP003428,6,PAD,HFD,WSB
SP000184,SP003429,7,PAD,HFD,CMN
SP000184,SP003434,7,PAD,HFD,SWA
SP000184,SP003440,7,PAD,HFD,SWA
SP000184,SP003448,7,PAD,HFD,TAU
SP000184,SP003480,6,PAD,HFD,PNZ
SP000184,SP003591,3,PAD,HFD,RDG
SP000184,SP003666,7,PAD,HFD,TAU
SP000184,SP003788,7,PAD,HFD,SWA
SP000184,SP004186,6,PAD,HFD,FRO
SP000184,SP004248,17,PAD,HFD,WPH
SP000184,SP004338,7,PAD,HFD,BPW
SP000184,SP004416,6,PAD,HFD,BDW
SP000184,SP004476,8,PAD,HFD,BAN
SP000184,SP004599,7,PAD,HFD,WOS
SP000185,SP000725,4,CST,HGS,DFD
SP000185,SP000905,4,CST,HGS,GRV
SP000185,SP001031,10,CST,HGS,RAM
SP000185,SP001056,10,CST,HGS,AFK
SP000185,SP001064,7,CST,HGS,ORP
SP000185,SP001142,4,CST,HGS,CST
SP000185,SP001893,10,CST,HGS,DVP
SP000185,SP001895,10,CST,HGS,RAM
SP000185,SP002910,10,CST,HGS,TBW
SP000185,SP003122,6,CST,HGS,CST
SP000185,SP003314,4,CST,HGS,RTR
SP000185,SP003425,13,CST,HGS,TON
SP000185,SP003479,4,CST,HGS,ORP
SP000185,SP004537,8,CST,HGS,DVP
SP000185,SP004538,8,CST,HGS,RAM
SP000187,SP000442,3,KGX,LET,SVG
SP000187,SP000450,4,KGX,LET,EDB
SP000187,SP000521,4,KGX,LET,LCN
SP000187,SP000529,4,KGX,LET,LDS
SP000187,SP000698,4,KGX,LET,NCL
SP000187,SP000700,4,KGX,LET,BDQ
SP000187,SP000799,4,KGX,LET,BDI
SP000187,SP000920,4,KGX,LET,KLN
SP000187,SP000930,4,KGX,LET,ELY
SP000187,SP000950,4,KGX,LET,YRK
SP000187,SP000952,4,KGX,LET,MBR
SP000187,SP000958,4,KGX,LET,ABD
SP000187,SP000991,3,KGX,LET,CBG
SP000187,SP000999,4,KGX,LET,DON
SP000187,SP001003,4,KGX,LET,HGT
SP000187,SP001007,4,KGX,LET,CBG
SP000187,SP001047,4,KGX,LET,SKI
SP000187,SP001120,4,KGX,LET,PBO
SP000187,SP001176,3,KGX,LET,KLN
SP000187,SP001594,4,KGX,LET,HUL
SP000187,SP001605,3,KGX,LET,PBO
SP000187,SP001726,8,KGX,LET,CBG
SP000187,SP001727,4,KGX,LET,CBG
SP000187,SP001880,4,KGX,LET,BEV
SP000187,SP002020,4,KGX,LET,PBO
SP000187,SP002317,3,KGX,LET,NCL
SP000187,SP002335,3,KGX,LET,LDS
SP000187,SP002354,14,KGX,LET,RYS
SP000187,SP002363,4,KGX,LET,LET
SP000187,SP002493,3,KGX,LET,HFN
SP000187,SP002494,3,KGX,LET,RYS
SP000187,SP002502,3,KGX,LET,CBG
SP000187,SP002602,3,KGX,LET,WGC
SP000187,SP002623,3,KGX,LET,PBO
SP000187,SP002755,4,KGX,LET,CBG
SP000187,SP002757,14,KGX,LET,CBG
SP000187,SP002761,4,KGX,LET,LET
SP000187,SP002762,14,KGX,LET,CBG
SP000187,SP002765,3,KGX,LET,CBG
SP000187,SP002914,4,KGX,LET,KLN
SP000187,SP002940,3,KGX,LET,EDB
SP000187,SP002953,4,KGX,LET,EDB
SP000187,SP002960,4,KGX,LET,LDS
SP000187,SP002973,3,KGX,LET,HFN
SP000187,SP003030,3,KGX,LET,WGC
SP000187,SP003175,3,KGX,LET,HFN
SP000187,SP003176,4,KGX,LET,RYS
SP000187,SP003225,4,KGX,LET,WGC
SP000187,SP003254,4,KGX,LET,PBO
SP000187,SP003540,4,KGX,LET,GLQ
SP000187,SP003600,4,KGX,LET,CBG
SP000187,SP003658,4,KGX,LET,ELY
SP000187,SP003667,4,KGX,LET,YRK
SP000187,SP003669,4,KGX,LET,INV
SP000187,SP003855,3,KGX,LET,ABD
SP000187,SP003859,3,KGX,LET,LDS
SP000187,SP004237,3,KGX,LET,PBO
SP000188,SP000293,4,BPN,YRK,LIV
SP000188,SP000299,4,BPN,YRK,LIV
SP000188,SP000301,4,BPN,YRK,LIV
SP000188,SP000740,4,BPN,YRK,MIA
SP000188,SP000759,4,BPN,YRK,MIA
SP000188,SP000979,3,BPN,YRK,YRK
SP000188,SP000984,13,BPN,YRK,LDS
SP000188,SP002612,3,BPN,YRK,MIA
SP000188,SP003670,4,BPN,YRK,LIV
SP000188,SP003781,11,BPN,YRK,LDS
SP000188,SP004097,4,BPN,YRK,MAN
SP000188,SP004106,14,BPN,YRK,YRK
SP000188,SP004205,3,BPN,YRK,CRE
SP000188,SP004229,4,BPN,YRK,LIV
SP000188,SP004295,4,BPN,YRK,YRK
SP000188,SP004426,4,BPN,YRK,LIV
SP000188,SP004526,4,BPN,YRK,MAN
SP000188,SP004578,4,BPN,YRK,CRE
SP000189,SP000205,19,MIA,EDB,GLC
SP000189,SP000453,3,MIA,EDB,SCA
SP000189,SP000560,8,MIA,EDB,BPN
SP000189,SP000565,8,MIA,EDB,BPN
SP000189,SP000570,8,MIA,EDB,BPN
SP000189,SP000610,8,MIA,EDB,BPN
SP000189,SP001841,3,MIA,EDB,SHF
SP000189,SP001884,3,MIA,EDB,MAN
SP000189,SP003044,3,MIA,EDB,SHF
SP000189,SP003189,3,MIA,EDB,YRK
SP000189,SP003292,5,MIA,EDB,LAN
SP000189,SP003707,8,MIA,EDB,BPN
SP000189,SP004451,14,MIA,EDB,OXN
SP000189,SP004500,5,MIA,EDB,LIV
SP000190,SP000334,3,ORP,LUT,CHX
SP000190,SP002971,22,ORP,LUT,KTN
SP000190,SP002987,18,ORP,LUT,BFR
SP000190,SP003024,3,ORP,LUT,CHX
SP000190,SP003027,23,ORP,LUT,WHP
SP000190,SP003107,3,ORP,LUT,CST
SP000191,SP001842,4,MKC,EUS,EUS
SP000192,SP000209,16,LIV,GLC,GLC
SP000192,SP000631,6,LIV,GLC,BPN
SP000192,SP001815,4,LIV,GLC,MCV
SP000192,SP003099,4,LIV,GLC,WGN
SP000192,SP003129,4,LIV,GLC,BPN
SP000192,SP003233,4,LIV,GLC,MIA
SP000192,SP004055,4,LIV,GLC,WGN
SP000192,SP004077,4,LIV,GLC,NCL
SP000192,SP004375,5,LIV,GLC,WGN
SP000194,SP000199,3,MYB,HWY,BSW
SP000194,SP000227,3,MYB,HWY,OXF
SP000194,SP000235,3,MYB,HWY,HWY
SP000194,SP000240,3,MYB,HWY,BSW
SP000194,SP000248,3,MYB,HWY,HWY
SP000194,SP000297,3,MYB,HWY,HWY
SP000194,SP000298,3,MYB,HWY,PRR
SP000194,SP000305,3,MYB,HWY,GER
SP000194,SP000311,3,MYB,HWY,AYS
SP000194,SP000313,3,MYB,HWY,OXF
SP000194,SP000328,3,MYB,HWY,BMO
SP000194,SP000552,3,MYB,HWY,BSW
SP000194,SP000605,7,MYB,HWY,GER
SP000194,SP000607,9,MYB,HWY,GER
SP000194,SP000667,7,MYB,HWY,WRU
SP000194,SP001640,3,MYB,HWY,GER
SP000194,SP001643,3,MYB,HWY,HWY
SP000194,SP002429,3,MYB,HWY,AYS
SP000194,SP002777,3,MYB,HWY,OXF
SP000194,SP002783,3,MYB,HWY,OXF
SP000194,SP002792,3,MYB,HWY,HWY
SP000194,SP003190,3,MYB,HWY,AYS
SP000194,SP003198,3,MYB,HWY,BAN
SP000194,SP003410,3,MYB,HWY,OXF
SP000194,SP003867,3,MYB,HWY,OXF
SP000194,SP004114,3,MYB,HWY,BCS
SP000194,SP004157,3,MYB,HWY,BMO
SP000194,SP004159,3,MYB,HWY,AYS
SP000194,SP004182,3,MYB,HWY,AYS
SP000194,SP004185,3,MYB,HWY,BAN
SP000194,SP004191,3,MYB,HWY,SBJ
SP000194,SP004233,3,MYB,HWY,WRU
SP000194,SP004257,3,MYB,HWY,BMO
SP000194,SP004445,3,MYB,HWY,BAN
SP000194,SP004479,3,MYB,HWY,PRR
SP000194,SP004563,3,MYB,HWY,OXF
SP000194,SP004608,3,MYB,HWY,WCX
SP000194,SP004609,8,MYB,HWY,GER
SP000194,SP004626,3,MYB,HWY,OXF
SP000194,SP004635,3,MYB,HWY,BMO
SP000194,SP004637,3,MYB,HWY,AYS
SP000194,SP004639,3,MYB,HWY,BAN
SP000194,SP004641,3,MYB,HWY,BSW
SP000195,SP000212,5,EUS,NMP,TRI
SP000195,SP000266,5,EUS,NMP,WVH
SP000195,SP000392,5,EUS,NMP,LIV
SP000195,SP000398,5,EUS,NMP,MAN
SP000195,SP000401,5,EUS,NMP,BHM
SP000195,SP000533,5,EUS,NMP,BHM
SP000195,SP000868,5,EUS,NMP,LIV
SP000195,SP000882,5,EUS,NMP,WVH
SP000195,SP000885,5,EUS,NMP,CRE
SP000195,SP000892,5,EUS,NMP,GLC
SP000195,SP001313,5,EUS,NMP,HHD
SP000195,SP001325,4,EUS,NMP,TRI
SP000195,SP001327,5,EUS,NMP,TRI
SP000195,SP001329,6,EUS,NMP,TRI
SP000195,SP001343,5,EUS,NMP,NMP
SP000195,SP001346,5,EUS,NMP,CRE
SP000195,SP001451,5,EUS,NMP,BLY
SP000195,SP001454,5,EUS,NMP,BLY
SP000195,SP001807,5,EUS,NMP,GLC
SP000195,SP002179,5,EUS,NMP,GLC
SP000195,SP002202,5,EUS,NMP,WSL
SP000195,SP002261,6,EUS,NMP,NMP
SP000195,SP002327,4,EUS,NMP,MKC
SP000195,SP002647,11,EUS,NMP,MKC
SP000195,SP002648,4,EUS,NMP,NMP
SP000195,SP002655,5,EUS,NMP,SAA
SP000195,SP002872,5,EUS,NMP,CTR
SP000195,SP003031,5,EUS,NMP,MAN
SP000195,SP003036,5,EUS,NMP,BHM
SP000195,SP003114,5,EUS,NMP,LIV
SP000195,SP003191,5,EUS,NMP,BPN
SP000195,SP003207,5,EUS,NMP,LIV
SP000195,SP003300,5,EUS,NMP,WRX
SP000195,SP003360,5,EUS,NMP,EDB
SP000195,SP003475,5,EUS,NMP,WVH
SP000195,SP003568,5,EUS,NMP,WVH
SP000195,SP003958,5,EUS,NMP,INV
SP000195,SP004012,5,EUS,NMP,GLC
SP000195,SP004017,5,EUS,NMP,PRE
SP000195,SP004025,5,EUS,NMP,PRE
SP000195,SP004034,5,EUS,NMP,CRE
SP000195,SP004036,5,EUS,NMP,GLC
SP000195,SP004111,5,EUS,NMP,GLC
SP000195,SP004121,4,EUS,NMP,NMP
SP000195,SP004127,4,EUS,NMP,NMP
SP000195,SP004131,19,EUS,NMP,BHM
SP000195,SP004188,5,EUS,NMP,CRE
SP000195,SP004207,5,EUS,NMP,CRE
SP000195,SP004232,5,EUS,NMP,INV
SP000195,SP004384,5,EUS,NMP,WVH
SP000195,SP004399,5,EUS,NMP,GLC
SP000195,SP004433,5,EUS,NMP,NMP
SP000195,SP004516,5,EUS,NMP,GLC
SP000195,SP004529,19,EUS,NMP,BHM
SP000196,SP001479,12,RDC,FOK,FOK
SP000197,SP000505,3,YRK,BPN,LDS
SP000197,SP000681,3,YRK,BPN,MAN
SP000197,SP001648,3,YRK,BPN,PLY
SP000197,SP001863,3,YRK,BPN,BBN
SP000197,SP002307,3,YRK,BPN,MAN
SP000197,SP004276,3,YRK,BPN,BPN
SP000197,SP004460,3,YRK,BPN,MAN
SP000198,SP000326,6,PAD,WOS,DID
SP000198,SP000364,18,PAD,WOS,WOF
SP000198,SP000462,8,PAD,WOS,OXF
SP000198,SP000581,7,PAD,WOS,BRI
SP000198,SP000651,6,PAD,WOS,PLY
SP000198,SP000801,6,PAD,WOS,PLY
SP000198,SP000835,7,PAD,WOS,WSM
SP000198,SP000840,7,PAD,WOS,PNZ
SP000198,SP000848,11,PAD,WOS,WOS
SP000198,SP000858,7,PAD,WOS,OXF
SP000198,SP000862,7,PAD,WOS,CNM
SP000198,SP001654,6,PAD,WOS,NBY
SP000198,SP001823,7,PAD,WOS,SWA
SP000198,SP001838,7,PAD,WOS,SWA
SP000198,SP001939,6,PAD,WOS,RDG
SP000198,SP002174,7,PAD,WOS,WSM
SP000198,SP002183,7,PAD,WOS,WSM
SP000198,SP002209,6,PAD,WOS,EXD
SP000198,SP002216,6,PAD,WOS,NQY
SP000198,SP002711,6,PAD,WOS,BDW
SP000198,SP003385,6,PAD,WOS,PGN
SP000198,SP003417,7,PAD,WOS,CDF
SP000198,SP003420,7,PAD,WOS,WOS
SP000198,SP003428,6,PAD,WOS,WSB
SP000198,SP003429,7,PAD,WOS,CMN
SP000198,SP003434,7,PAD,WOS,SWA
SP000198,SP003440,7,PAD,WOS,SWA
SP000198,SP003448,7,PAD,WOS,TAU
SP000198,SP003480,6,PAD,WOS,PNZ
SP000198,SP003591,3,PAD,WOS,RDG
SP000198,SP003666,7,PAD,WOS,TAU
SP000198,SP003788,7,PAD,WOS,SWA
SP000198,SP004186,6,PAD,WOS,FRO
SP000198,SP004248,17,PAD,WOS,WPH
SP000198,SP004338,7,PAD,WOS,BPW
SP000198,SP004416,6,PAD,WOS,BDW
SP000198,SP004476,8,PAD,WOS,BAN
SP000198,SP004599,7,PAD,WOS,WOS
SP000199,SP000227,6,MYB,BSW,OXF
SP000199,SP000235,3,MYB,BSW,HWY
SP000199,SP000240,3,MYB,BSW,BSW
SP000199,SP000248,5,MYB,BSW,HWY
SP000199,SP000297,3,MYB,BSW,HWY
SP000199,SP000298,5,MYB,BSW,PRR
SP000199,SP000305,5,MYB,BSW,GER
SP000199,SP000311,3,MYB,BSW,AYS
SP000199,SP000313,5,MYB,BSW,OXF
SP000199,SP000328,16,MYB,BSW,BMO
SP000199,SP000552,13,MYB,BSW,BSW
SP000199,SP000605,3,MYB,BSW,GER
SP000199,SP000607,3,MYB,BSW,GER
SP000199,SP000667,3,MYB,BSW,WRU
SP000199,SP001640,3,MYB,BSW,GER
SP000199,SP001643,5,MYB,BSW,HWY
SP000199,SP002429,5,MYB,BSW,AYS
SP000199,SP002777,6,MYB,BSW,OXF
SP000199,SP002783,6,MYB,BSW,OXF
SP000199,SP002792,3,MYB,BSW,HWY
SP000199,SP003190,3,MYB,BSW,AYS
SP000199,SP003198,6,MYB,BSW,BAN
SP000199,SP003410,3,MYB,BSW,OXF
SP000199,SP003867,11,MYB,BSW,OXF
SP000199,SP004114,5,MYB,BSW,BCS
SP000199,SP004157,13,MYB,BSW,BMO
SP000199,SP004159,3,MYB,BSW,AYS
SP000199,SP004182,3,MYB,BSW,AYS
SP000199,SP004185,5,MYB,BSW,BAN
SP000199,SP004191,13,MYB,BSW,SBJ
SP000199,SP004233,3,MYB,BSW,WRU
SP000199,SP004257,6,MYB,BSW,BMO
SP000199,SP004445,6,MYB,BSW,BAN
SP000199,SP004479,9,MYB,BSW,PRR
SP000199,SP004563,3,MYB,BSW,OXF
SP000199,SP004608,3,MYB,BSW,WCX
SP000199,SP004609,3,MYB,BSW,GER
SP000199,SP004626,5,MYB,BSW,OXF
SP000199,SP004635,3,MYB,BSW,BMO
SP000199,SP004637,3,MYB,BSW,AYS
SP000199,SP004639,5,MYB,BSW,BAN
SP000199,SP004641,6,MYB,BSW,BSW
SP000200,SP003239,7,NEI,GLC,GLC
SP000201,SP001647,4,HWY,MYB,MYB
SP000201,SP001649,4,HWY,MYB,MYB
SP000201,SP004163,4,HWY,MYB,MYB
SP000202,SP000224,5,GLC,NEI,NTN
SP000202,SP002685,6,GLC,NEI,GLC
SP000204,SP001898,9,SRY,FST,FST
SP000204,SP003821,4,SRY,FST,FST
SP000204,SP003823,9,SRY,FST,FST
SP000204,SP003825,7,SRY,FST,FST
SP000204,SP003827,7,SRY,FST,FST
SP000204,SP003830,11,SRY,FST,FST
SP000204,SP003835,7,SRY,FST,FST
SP000204,SP003848,15,SRY,FST,FST
SP000204,SP003850,11,SRY,FST,FST
SP000205,SP000453,3,MIA,GLC,SCA
SP000205,SP000560,8,MIA,GLC,BPN
SP000205,SP000565,8,MIA,GLC,BPN
SP000205,SP000570,8,MIA,GLC,BPN
SP000205,SP000610,8,MIA,GLC,BPN
SP000205,SP001841,3,MIA,GLC,SHF
SP000205,SP001884,3,MIA,GLC,MAN
SP000205,SP003044,3,MIA,GLC,SHF
SP000205,SP003189,3,MIA,GLC,YRK
SP000205,SP003292,5,MIA,GLC,LAN
SP000205,SP003707,8,MIA,GLC,BPN
SP000205,SP004451,14,MIA,GLC,OXN
SP000205,SP004500,5,MIA,GLC,LIV
SP000206,SP000679,9,OXF,MYB,MYB
SP000206,SP000689,11,OXF,MYB,MYB
SP000206,SP004149,9,OXF,MYB,MYB
SP000206,SP004560,9,OXF,MYB,MYB
SP000206,SP004636,13,OXF,MYB,MYB
SP000207,SP001132,3,HBD,YRK,LDS
SP000207,SP002029,3,HBD,YRK,LDS
SP000207,SP003961,4,HBD,YRK,LDS
SP000207,SP004057,3,HBD,YRK,LDS
SP000208,SP000495,6,EDB,KIN,ABD
SP000208,SP001812,6,EDB,KIN,HNT
SP000208,SP001944,6,EDB,KIN,ABD
SP000208,SP003718,5,EDB,KIN,ABD
SP000209,SP000631,6,LIV,GLC,BPN
SP000209,SP001815,4,LIV,GLC,MCV
SP000209,SP003099,4,LIV,GLC,WGN
SP000209,SP003129,4,LIV,GLC,BPN
SP000209,SP003233,4,LIV,GLC,MIA
SP000209,SP004055,4,LIV,GLC,WGN
SP000209,SP004077,4,LIV,GLC,NCL
SP000209,SP004375,5,LIV,GLC,WGN
SP000211,SP000232,6,AYW,BNG,CFS
SP000211,SP000332,3,AYW,BNG,DOG
SP000212,SP000266,5,EUS,TRI,WVH
SP000212,SP000392,5,EUS,TRI,LIV
SP000212,SP000398,5,EUS,TRI,MAN
SP000212,SP000401,5,EUS,TRI,BHM
SP000212,SP000533,5,EUS,TRI,BHM
SP000212,SP000868,5,EUS,TRI,LIV
SP000212,SP000882,5,EUS,TRI,WVH
SP000212,SP000885,5,EUS,TRI,CRE
SP000212,SP000892,5,EUS,TRI,GLC
SP000212,SP001313,5,EUS,TRI,HHD
SP000212,SP001325,4,EUS,TRI,TRI
SP000212,SP001327,5,EUS,TRI,TRI
SP000212,SP001329,5,EUS,TRI,TRI
SP000212,SP001343,5,EUS,TRI,NMP
SP000212,SP001346,5,EUS,TRI,CRE
SP000212,SP001451,9,EUS,TRI,BLY
SP000212,SP001454,5,EUS,TRI,BLY
SP000212,SP001807,5,EUS,TRI,GLC
SP000212,SP002179,5,EUS,TRI,GLC
SP000212,SP002202,5,EUS,TRI,WSL
SP000212,SP002261,5,EUS,TRI,NMP
SP000212,SP002327,4,EUS,TRI,MKC
SP000212,SP002647,5,EUS,TRI,MKC
SP000212,SP002648,4,EUS,TRI,NMP
SP000212,SP002655,5,EUS,TRI,SAA
SP000212,SP002872,5,EUS,TRI,CTR
SP000212,SP003031,5,EUS,TRI,MAN
SP000212,SP003036,5,EUS,TRI,BHM
SP000212,SP003114,5,EUS,TRI,LIV
SP000212,SP003191,5,EUS,TRI,BPN
SP000212,SP003207,5,EUS,TRI,LIV
SP000212,SP003300,5,EUS,TRI,WRX
SP000212,SP003360,5,EUS,TRI,EDB
SP000212,SP003475,5,EUS,TRI,WVH
SP000212,SP003568,5,EUS,TRI,WVH
SP000212,SP003958,5,EUS,TRI,INV
SP000212,SP004012,5,EUS,TRI,GLC
SP000212,SP004017,5,EUS,TRI,PRE
SP000212,SP004025,5,EUS,TRI,PRE
SP000212,SP004034,5,EUS,TRI,CRE
SP000212,SP004036,5,EUS,TRI,GLC
SP000212,SP004111,5,EUS,TRI,GLC
SP000212,SP004121,4,EUS,TRI,NMP
SP000212,SP004127,4,EUS,TRI,NMP
SP000212,SP004131,5,EUS,TRI,BHM
SP000212,SP004188,5,EUS,TRI,CRE
SP000212,SP004207,5,EUS,TRI,CRE
SP000212,SP004232,5,EUS,TRI,INV
SP000212,SP004384,5,EUS,TRI,WVH
SP000212,SP004399,5,EUS,TRI,GLC
SP000212,SP004433,5,EUS,TRI,NMP
SP000212,SP004516,5,EUS,TRI,GLC
SP000212,SP004529,5,EUS,TRI,BHM
SP000213,SP000241,14,MIA,BIF,WDM
SP000213,SP000249,6,MIA,BIF,WDM
SP000213,SP000251,6,MIA,BIF,CKL
SP000213,SP000966,3,MIA,BIF,LIV
SP000213,SP001350,3,MIA,BIF,MAN
SP000213,SP001557,3,MIA,BIF,BPN
SP000213,SP001670,9,MIA,BIF,WDM
SP000213,SP002517,3,MIA,BIF,YRK
SP000213,SP003711,3,MIA,BIF,BPN
SP000213,SP004118,3,MIA,BIF,LIV
SP000213,SP004489,3,MIA,BIF,CLE
SP000213,SP004503,3,MIA,BIF,BIF
SP000213,SP004572,3,MIA,BIF,BPN
SP000213,SP004585,3,MIA,BIF,SCA
SP000215,SP000704,5,SRA,BIS,BIS
SP000215,SP000708,10,SRA,BIS,BIS
SP000215,SP000829,3,SRA,BIS,MRW
SP000215,SP003777,5,SRA,BIS,BIS
SP000215,SP003778,5,SRA,BIS,BIS
SP000215,SP003785,5,SRA,BIS,BIS
SP000215,SP003787,5,SRA,BIS,BIS
SP000215,SP003791,5,SRA,BIS,BIS
SP000215,SP004095,5,SRA,BIS,HFE
SP000215,SP004425,5,SRA,BIS,HFE
SP000215,SP004428,5,SRA,BIS,HFE
SP000215,SP004439,5,SRA,BIS,BIS
SP000215,SP004442,5,SRA,BIS,BIS
SP000216,SP000680,4,GLQ,STG,INV
SP000216,SP000683,4,GLQ,STG,EDB
SP000216,SP000860,4,GLQ,STG,ABD
SP000216,SP000863,4,GLQ,STG,ABD
SP000216,SP000867,4,GLQ,STG,ABD
SP000216,SP000875,4,GLQ,STG,ABD
SP000216,SP000877,4,GLQ,STG,ABD
SP000216,SP000878,4,GLQ,STG,ABD
SP000216,SP000883,4,GLQ,STG,INV
SP000216,SP000887,4,GLQ,STG,PTH
SP000216,SP000890,4,GLQ,STG,ARB
SP000216,SP000895,4,GLQ,STG,DEE
SP000216,SP000896,4,GLQ,STG,DEE
SP000216,SP000921,4,GLQ,STG,DEE
SP000216,SP003167,4,GLQ,STG,ABD
SP000216,SP003542,4,GLQ,STG,KGX
SP000216,SP003986,4,GLQ,STG,KGX
SP000216,SP004140,6,GLQ,STG,ALO
SP000216,SP004293,6,GLQ,STG,ABD
SP000216,SP004297,4,GLQ,STG,ABD
SP000216,SP004298,4,GLQ,STG,INV
SP000216,SP004300,4,GLQ,STG,INV
SP000217,SP001646,4,GER,MYB,MYB
SP000222,SP002077,6,SSD,LST,LST
SP000222,SP002501,3,SSD,LST,LST
SP000222,SP003685,8,SSD,LST,TOM
SP000222,SP003747,10,SSD,LST,LST
SP000224,SP002685,5,GLC,NTN,GLC
SP000226,SP000555,5,BMO,MYB,LMS
SP000226,SP000609,5,BMO,MYB,LMS
SP000226,SP002430,5,BMO,MYB,MYB
SP000226,SP002741,3,BMO,MYB,SAV
SP000227,SP000235,3,MYB,OXF,HWY
SP000227,SP000240,3,MYB,OXF,BSW
SP000227,SP000248,5,MYB,OXF,HWY
SP000227,SP000297,3,MYB,OXF,HWY
SP000227,SP000298,5,MYB,OXF,PRR
SP000227,SP000305,5,MYB,OXF,GER
SP000227,SP000311,3,MYB,OXF,AYS
SP000227,SP000313,5,MYB,OXF,OXF
SP000227,SP000328,6,MYB,OXF,BMO
SP000227,SP000552,6,MYB,OXF,BSW
SP000227,SP000605,3,MYB,OXF,GER
SP000227,SP000607,3,MYB,OXF,GER
SP000227,SP000667,3,MYB,OXF,WRU
SP000227,SP001640,3,MYB,OXF,GER
SP000227,SP001643,5,MYB,OXF,HWY
SP000227,SP002429,5,MYB,OXF,AYS
SP000227,SP002777,7,MYB,OXF,OXF
SP000227,SP002783,6,MYB,OXF,OXF
SP000227,SP002792,3,MYB,OXF,HWY
SP000227,SP003190,3,MYB,OXF,AYS
SP000227,SP003198,6,MYB,OXF,BAN
SP000227,SP003410,3,MYB,OXF,OXF
SP000227,SP003867,6,MYB,OXF,OXF
SP000227,SP004114,5,MYB,OXF,BCS
SP000227,SP004157,6,MYB,OXF,BMO
SP000227,SP004159,3,MYB,OXF,AYS
SP000227,SP004182,3,MYB,OXF,AYS
SP000227,SP004185,5,MYB,OXF,BAN
SP000227,SP004191,6,MYB,OXF,SBJ
SP000227,SP004233,3,MYB,OXF,WRU
SP000227,SP004257,6,MYB,OXF,BMO
SP000227,SP004445,6,MYB,OXF,BAN
SP000227,SP004479,6,MYB,OXF,PRR
SP000227,SP004563,3,MYB,OXF,OXF
SP000227,SP004608,3,MYB,OXF,WCX
SP000227,SP004609,3,MYB,OXF,GER
SP000227,SP004626,5,MYB,OXF,OXF
SP000227,SP004635,3,MYB,OXF,BMO
SP000227,SP004637,3,MYB,OXF,AYS
SP000227,SP004639,5,MYB,OXF,BAN
SP000227,SP004641,6,MYB,OXF,BSW
SP000230,SP004161,3,HWY,MYB,MYB
SP000230,SP004177,3,HWY,MYB,MYB
SP000230,SP004577,3,HWY,MYB,MYB
SP000231,SP000312,7,NOT,NRW,LEI
SP000231,SP001011,4,NOT,NRW,MAT
SP000231,SP001431,4,NOT,NRW,BHM
SP000231,SP001463,4,NOT,NRW,BHM
SP000231,SP001635,4,NOT,NRW,CDF
SP000231,SP002095,4,NOT,NRW,CRE
SP000231,SP002243,4,NOT,NRW,DBY
SP000231,SP002465,7,NOT,NRW,STP
SP000231,SP002607,4,NOT,NRW,CRE
SP000232,SP000332,3,AYW,CFS,DOG
SP000233,SP000254,3,SIV,SER,SER
SP000233,SP000849,4,SIV,SER,PNZ
SP000234,SP002642,6,SHF,LDS,BNY
SP000234,SP003839,6,SHF,LDS,PNS
SP000234,SP003966,8,SHF,LDS,WKK
SP000234,SP004470,9,SHF,LDS,LDS
SP000235,SP000240,6,MYB,HWY,BSW
SP000235,SP000248,3,MYB,HWY,HWY
SP000235,SP000297,7,MYB,HWY,HWY
SP000235,SP000298,3,MYB,HWY,PRR
SP000235,SP000305,3,MYB,HWY,GER
SP000235,SP000311,7,MYB,HWY,AYS
SP000235,SP000313,3,MYB,HWY,OXF
SP000235,SP000328,3,MYB,HWY,BMO
SP000235,SP000552,3,MYB,HWY,BSW
SP000235,SP000605,3,MYB,HWY,GER
SP000235,SP000607,3,MYB,HWY,GER
SP000235,SP000667,3,MYB,HWY,WRU
SP000235,SP001640,6,MYB,HWY,GER
SP000235,SP001643,3,MYB,HWY,HWY
SP000235,SP002429,3,MYB,HWY,AYS
SP000235,SP002777,3,MYB,HWY,OXF
SP000235,SP002783,3,MYB,HWY,OXF
SP000235,SP002792,7,MYB,HWY,HWY
SP000235,SP003190,7,MYB,HWY,AYS
SP000235,SP003198,3,MYB,HWY,BAN
SP000235,SP003410,7,MYB,HWY,OXF
SP000235,SP003867,3,MYB,HWY,OXF
SP000235,SP004114,3,MYB,HWY,BCS
SP000235,SP004157,3,MYB,HWY,BMO
SP000235,SP004159,9,MYB,HWY,AYS
SP000235,SP004182,7,MYB,HWY,AYS
SP000235,SP004185,3,MYB,HWY,BAN
SP000235,SP004191,3,MYB,HWY,SBJ
SP000235,SP004233,6,MYB,HWY,WRU
SP000235,SP004257,3,MYB,HWY,BMO
SP000235,SP004445,3,MYB,HWY,BAN
SP000235,SP004479,3,MYB,HWY,PRR
SP000235,SP004563,7,MYB,HWY,OXF
SP000235,SP004608,3,MYB,HWY,WCX
SP000235,SP004609,3,MYB,HWY,GER
SP000235,SP004626,3,MYB,HWY,OXF
SP000235,SP004635,6,MYB,HWY,BMO
SP000235,SP004637,7,MYB,HWY,AYS
SP000235,SP004639,3,MYB,HWY,BAN
SP000235,SP004641,3,MYB,HWY,BSW
SP000237,SP000255,5,BNG,AYW,DOG
SP000237,SP000335,3,BNG,AYW,PGR
SP000239,SP000262,3,EDB,DBL,BHG
SP000239,SP000502,3,EDB,DBL,HLC
SP000239,SP000559,3,EDB,DBL,HLC
SP000239,SP001993,3,EDB,DBL,HLC
SP000239,SP003776,3,EDB,DBL,HLC
SP000239,SP003779,3,EDB,DBL,HLC
SP000239,SP003792,3,EDB,DBL,HLC
SP000239,SP003796,3,EDB,DBL,GRS
SP000239,SP003893,3,EDB,DBL,MLN
SP000239,SP003897,3,EDB,DBL,GRS
SP000239,SP003902,3,EDB,DBL,MLN
SP000239,SP004316,3,EDB,DBL,ADR
SP000239,SP004504,10,EDB,DBL,ABD
SP000239,SP004507,3,EDB,DBL,FTW
SP000240,SP000248,3,MYB,BSW,HWY
SP000240,SP000297,6,MYB,BSW,HWY
SP000240,SP000298,3,MYB,BSW,PRR
SP000240,SP000305,3,MYB,BSW,GER
SP000240,SP000311,6,MYB,BSW,AYS
SP000240,SP000313,3,MYB,BSW,OXF
SP000240,SP000328,3,MYB,BSW,BMO
SP000240,SP000552,3,MYB,BSW,BSW
SP000240,SP000605,3,MYB,BSW,GER
SP000240,SP000607,3,MYB,BSW,GER
SP000240,SP000667,3,MYB,BSW,WRU
SP000240,SP001640,7,MYB,BSW,GER
SP000240,SP001643,3,MYB,BSW,HWY
SP000240,SP002429,3,MYB,BSW,AYS
SP000240,SP002777,3,MYB,BSW,OXF
SP000240,SP002783,3,MYB,BSW,OXF
SP000240,SP002792,6,MYB,BSW,HWY
SP000240,SP003190,6,MYB,BSW,AYS
SP000240,SP003198,3,MYB,BSW,BAN
SP000240,SP003410,6,MYB,BSW,OXF
SP000240,SP003867,3,MYB,BSW,OXF
SP000240,SP004114,3,MYB,BSW,BCS
SP000240,SP004157,3,MYB,BSW,BMO
SP000240,SP004159,6,MYB,BSW,AYS
SP000240,SP004182,6,MYB,BSW,AYS
SP000240,SP004185,3,MYB,BSW,BAN
SP000240,SP004191,3,MYB,BSW,SBJ
SP000240,SP004233,6,MYB,BSW,WRU
SP000240,SP004257,3,MYB,BSW,BMO
SP000240,SP004445,3,MYB,BSW,BAN
SP000240,SP004479,3,MYB,BSW,PRR
SP000240,SP004563,6,MYB,BSW,OXF
SP000240,SP004608,3,MYB,BSW,WCX
SP000240,SP004609,3,MYB,BSW,GER
SP000240,SP004626,3,MYB,BSW,OXF
SP000240,SP004635,25,MYB,BSW,BMO
SP000240,SP004637,6,MYB,BSW,AYS
SP000240,SP004639,3,MYB,BSW,BAN
SP000240,SP004641,3,MYB,BSW,BSW
SP000241,SP000249,6,MIA,WDM,WDM
SP000241,SP000251,6,MIA,WDM,CKL
SP000241,SP000966,3,MIA,WDM,LIV
SP000241,SP001350,3,MIA,WDM,MAN
SP000241,SP001557,3,MIA,WDM,BPN
SP000241,SP001670,9,MIA,WDM,WDM
SP000241,SP002517,3,MIA,WDM,YRK
SP000241,SP003711,3,MIA,WDM,BPN
SP000241,SP004118,3,MIA,WDM,LIV
SP000241,SP004489,3,MIA,WDM,CLE
SP000241,SP004503,3,MIA,WDM,BIF
SP000241,SP004572,3,MIA,WDM,BPN
SP000241,SP004585,3,MIA,WDM,SCA
SP000242,SP004247,10,LAR,GLC,GLC
SP000243,SP002131,4,GLC,GRK,GRK
SP000243,SP002296,4,GLC,GRK,WMS
SP000245,SP002089,3,GLC,LAR,ADS
SP000245,SP002093,4,GLC,LAR,ADS
SP000245,SP002100,3,GLC,LAR,AYR
SP000245,SP002172,3,GLC,LAR,AYR
SP000245,SP002201,3,GLC,LAR,AYR
SP000245,SP002688,6,GLC,LAR,LAR
SP000245,SP002989,12,GLC,LAR,ADS
SP000245,SP003270,12,GLC,LAR,ASB
SP000245,SP004447,12,GLC,LAR,ADN
SP000248,SP000297,3,MYB,HWY,HWY
SP000248,SP000298,6,MYB,HWY,PRR
SP000248,SP000305,6,MYB,HWY,GER
SP000248,SP000311,3,MYB,HWY,AYS
SP000248,SP000313,6,MYB,HWY,OXF
SP000248,SP000328,5,MYB,HWY,BMO
SP000248,SP000552,5,MYB,HWY,BSW
SP000248,SP000605,3,MYB,HWY,GER
SP000248,SP000607,3,MYB,HWY,GER
SP000248,SP000667,3,MYB,HWY,WRU
SP000248,SP001640,3,MYB,HWY,GER
SP000248,SP001643,8,MYB,HWY,HWY
SP000248,SP002429,8,MYB,HWY,AYS
SP000248,SP002777,5,MYB,HWY,OXF
SP000248,SP002783,5,MYB,HWY,OXF
SP000248,SP002792,3,MYB,HWY,HWY
SP000248,SP003190,3,MYB,HWY,AYS
SP000248,SP003198,5,MYB,HWY,BAN
SP000248,SP003410,3,MYB,HWY,OXF
SP000248,SP003867,5,MYB,HWY,OXF
SP000248,SP004114,8,MYB,HWY,BCS
SP000248,SP004157,5,MYB,HWY,BMO
SP000248,SP004159,3,MYB,HWY,AYS
SP000248,SP004182,3,MYB,HWY,AYS
SP000248,SP004185,6,MYB,HWY,BAN
SP000248,SP004191,5,MYB,HWY,SBJ
SP000248,SP004233,3,MYB,HWY,WRU
SP000248,SP004257,5,MYB,HWY,BMO
SP000248,SP004445,5,MYB,HWY,BAN
SP000248,SP004479,5,MYB,HWY,PRR
SP000248,SP004563,3,MYB,HWY,OXF
SP000248,SP004608,3,MYB,HWY,WCX
SP000248,SP004609,3,MYB,HWY,GER
SP000248,SP004626,6,MYB,HWY,OXF
SP000248,SP004635,3,MYB,HWY,BMO
SP000248,SP004637,3,MYB,HWY,AYS
SP000248,SP004639,6,MYB,HWY,BAN
SP000248,SP004641,5,MYB,HWY,BSW
SP000249,SP000251,12,MIA,WDM,CKL
SP000249,SP000966,3,MIA,WDM,LIV
SP000249,SP001350,3,MIA,WDM,MAN
SP000249,SP001557,3,MIA,WDM,BPN
SP000249,SP001670,6,MIA,WDM,WDM
SP000249,SP002517,3,MIA,WDM,YRK
SP000249,SP003711,3,MIA,WDM,BPN
SP000249,SP004118,3,MIA,WDM,LIV
SP000249,SP004489,3,MIA,WDM,CLE
SP000249,SP004503,3,MIA,WDM,BIF
SP000249,SP004572,3,MIA,WDM,BPN
SP000249,SP004585,3,MIA,WDM,SCA
SP000251,SP000966,3,MIA,CKL,LIV
SP000251,SP001350,3,MIA,CKL,MAN
SP000251,SP001557,3,MIA,CKL,BPN
SP000251,SP001670,6,MIA,CKL,WDM
SP000251,SP002517,3,MIA,CKL,YRK
SP000251,SP003711,3,MIA,CKL,BPN
SP000251,SP004118,3,MIA,CKL,LIV
SP000251,SP004489,3,MIA,CKL,CLE
SP000251,SP004503,3,MIA,CKL,BIF
SP000251,SP004572,3,MIA,CKL,BPN
SP000251,SP004585,3,MIA,CKL,SCA
SP000252,SP000465,3,LCN,DON,LDS
SP000252,SP001706,3,LCN,DON,SHF
SP000254,SP000849,3,SIV,SER,PNZ
SP000255,SP000335,3,BNG,DOG,PGR
SP000260,SP000904,6,IMW,SRA,WJH
SP000260,SP001725,4,IMW,SRA,SPB
SP000260,SP001827,5,IMW,SRA,WFJ
SP000262,SP000502,6,EDB,BHG,HLC
SP000262,SP000559,6,EDB,BHG,HLC
SP000262,SP001993,6,EDB,BHG,HLC
SP000262,SP003776,6,EDB,BHG,HLC
SP000262,SP003779,6,EDB,BHG,HLC
SP000262,SP003792,6,EDB,BHG,HLC
SP000262,SP003796,6,EDB,BHG,GRS
SP000262,SP003893,6,EDB,BHG,MLN
SP000262,SP003897,6,EDB,BHG,GRS
SP000262,SP003902,6,EDB,BHG,MLN
SP000262,SP004316,6,EDB,BHG,ADR
SP000262,SP004504,3,EDB,BHG,ABD
SP000262,SP004507,4,EDB,BHG,FTW
SP000263,SP004436,7,NBW,EDB,HYM
SP000264,SP001985,4,EDB,NBW,DUN
SP000264,SP003653,6,EDB,NBW,DUN
SP000266,SP000392,13,EUS,WVH,LIV
SP000266,SP000398,13,EUS,WVH,MAN
SP000266,SP000401,19,EUS,WVH,BHM
SP000266,SP000533,8,EUS,WVH,BHM
SP000266,SP000868,13,EUS,WVH,LIV
SP000266,SP000882,21,EUS,WVH,WVH
SP000266,SP000885,20,EUS,WVH,CRE
SP000266,SP000892,24,EUS,WVH,GLC
SP000266,SP001313,13,EUS,WVH,HHD
SP000266,SP001325,4,EUS,WVH,TRI
SP000266,SP001327,5,EUS,WVH,TRI
SP000266,SP001329,5,EUS,WVH,TRI
SP000266,SP001343,11,EUS,WVH,NMP
SP000266,SP001346,13,EUS,WVH,CRE
SP000266,SP001451,5,EUS,WVH,BLY
SP000266,SP001454,5,EUS,WVH,BLY
SP000266,SP001807,13,EUS,WVH,GLC
SP000266,SP002179,10,EUS,WVH,GLC
SP000266,SP002202,8,EUS,WVH,WSL
SP000266,SP002261,5,EUS,WVH,NMP
SP000266,SP002327,4,EUS,WVH,MKC
SP000266,SP002647,5,EUS,WVH,MKC
SP000266,SP002648,4,EUS,WVH,NMP
SP000266,SP002655,5,EUS,WVH,SAA
SP000266,SP002872,13,EUS,WVH,CTR
SP000266,SP003031,13,EUS,WVH,MAN
SP000266,SP003036,8,EUS,WVH,BHM
SP000266,SP003114,21,EUS,WVH,LIV
SP000266,SP003191,13,EUS,WVH,BPN
SP000266,SP003207,13,EUS,WVH,LIV
SP000266,SP003300,13,EUS,WVH,WRX
SP000266,SP003360,24,EUS,WVH,EDB
SP000266,SP003475,11,EUS,WVH,WVH
SP000266,SP003568,10,EUS,WVH,WVH
SP000266,SP003958,17,EUS,WVH,INV
SP000266,SP004012,11,EUS,WVH,GLC
SP000266,SP004017,13,EUS,WVH,PRE
SP000266,SP004025,13,EUS,WVH,PRE
SP000266,SP004034,24,EUS,WVH,CRE
SP000266,SP004036,10,EUS,WVH,GLC
SP000266,SP004111,10,EUS,WVH,GLC
SP000266,SP004121,4,EUS,WVH,NMP
SP000266,SP004127,4,EUS,WVH,NMP
SP000266,SP004131,5,EUS,WVH,BHM
SP000266,SP004188,13,EUS,WVH,CRE
SP000266,SP004207,24,EUS,WVH,CRE
SP000266,SP004232,10,EUS,WVH,INV
SP000266,SP004384,20,EUS,WVH,WVH
SP000266,SP004399,13,EUS,WVH,GLC
SP000266,SP004433,8,EUS,WVH,NMP
SP000266,SP004516,13,EUS,WVH,GLC
SP000266,SP004529,5,EUS,WVH,BHM
SP000267,SP000268,10,EDB,GLC,GLC
SP000267,SP001403,3,EDB,GLC,GLC
SP000267,SP001951,3,EDB,GLC,GLC
SP000267,SP001952,7,EDB,GLC,GLC
SP000267,SP001978,3,EDB,GLC,CRS
SP000267,SP002087,7,EDB,GLC,MTH
SP000267,SP002236,3,EDB,GLC,GLC
SP000267,SP002308,3,EDB,GLC,GLC
SP000267,SP002310,3,EDB,GLC,GLC
SP000267,SP002324,3,EDB,GLC,GLC
SP000267,SP003250,3,EDB,GLC,EUS
SP000267,SP003562,3,EDB,GLC,EUS
SP000267,SP003639,3,EDB,GLC,GLC
SP000267,SP003808,3,EDB,GLC,GLC
SP000267,SP003970,3,EDB,GLC,EUS
SP000267,SP004263,3,EDB,GLC,MIA
SP000267,SP004448,10,EDB,GLC,GLC
SP000267,SP004456,3,EDB,GLC,GLC
SP000268,SP001403,3,EDB,GLC,GLC
SP000268,SP001951,3,EDB,GLC,GLC
SP000268,SP001952,7,EDB,GLC,GLC
SP000268,SP001978,3,EDB,GLC,CRS
SP000268,SP002087,7,EDB,GLC,MTH
SP000268,SP002236,3,EDB,GLC,GLC
SP000268,SP002308,3,EDB,GLC,GLC
SP000268,SP002310,3,EDB,GLC,GLC
SP000268,SP002324,3,EDB,GLC,GLC
SP000268,SP003250,3,EDB,GLC,EUS
SP000268,SP003562,3,EDB,GLC,EUS
SP000268,SP003639,3,EDB,GLC,GLC
SP000268,SP003808,3,EDB,GLC,GLC
SP000268,SP003970,3,EDB,GLC,EUS
SP000268,SP004263,3,EDB,GLC,MIA
SP000268,SP004448,20,EDB,GLC,GLC
SP000268,SP004456,3,EDB,GLC,GLC
SP000269,SP002322,4,GLC,EDB,EDB
SP000269,SP004454,10,GLC,EDB,EDB
SP000271,SP003581,16,CDF,FGH,MFH
SP000271,SP004558,3,CDF,FGH,CMN
SP000272,SP000480,4,BHM,SSD,EDB
SP000272,SP001396,4,BHM,SSD,NOT
SP000272,SP001397,4,BHM,SSD,NOT
SP000272,SP001398,4,BHM,SSD,NOT
SP000272,SP001399,4,BHM,SSD,NOT
SP000272,SP001468,10,BHM,SSD,LEI
SP000272,SP001470,9,BHM,SSD,LEI
SP000272,SP001477,8,BHM,SSD,SSD
SP000272,SP001485,9,BHM,SSD,SSD
SP000272,SP001508,23,BHM,SSD,CBG
SP000272,SP001520,8,BHM,SSD,CBG
SP000272,SP001735,4,BHM,SSD,NOT
SP000272,SP004096,4,BHM,SSD,NOT
SP000272,SP004104,8,BHM,SSD,LEI
SP000273,SP000682,4,GLM,DFD,XVJ
SP000273,SP000760,13,GLM,DFD,LUT
SP000273,SP000784,13,GLM,DFD,CST
SP000273,SP001141,5,GLM,DFD,TON
SP000273,SP001144,5,GLM,DFD,PDW
SP000273,SP001565,4,GLM,DFD,XVJ
SP000273,SP001661,13,GLM,DFD,LUT
SP000273,SP003243,4,GLM,DFD,XVJ
SP000273,SP003281,4,GLM,DFD,BFR
SP000273,SP004531,4,GLM,DFD,CST
SP000273,SP004536,4,GLM,DFD,CST
SP000274,SP000421,3,HUL,LDS,SHF
SP000274,SP000454,3,HUL,LDS,SHF
SP000274,SP000494,5,HUL,LDS,YRK
SP000274,SP000694,8,HUL,LDS,MAN
SP000274,SP000697,5,HUL,LDS,MAN
SP000274,SP000702,8,HUL,LDS,MAN
SP000274,SP001593,5,HUL,LDS,KGX
SP000274,SP002302,6,HUL,LDS,LDS
SP000274,SP002534,3,HUL,LDS,YRK
SP000274,SP002641,5,HUL,LDS,SBY
SP000274,SP003317,3,HUL,LDS,SHF
SP000274,SP003869,5,HUL,LDS,MAN
SP000274,SP003951,3,HUL,LDS,YRK
SP000274,SP003980,5,HUL,LDS,HFX
SP000274,SP004117,5,HUL,LDS,LDS
SP000274,SP004465,5,HUL,LDS,HFX
SP000276,SP002689,6,WMS,GLC,GLC
SP000276,SP004329,8,WMS,GLC,GLC
SP000279,SP000390,3,RCD,LDS,BBN
SP000279,SP003964,7,RCD,LDS,LDS
SP000282,SP000294,6,SKG,NOT,NOT
SP000283,SP000285,9,SKG,NOT,NOT
SP000283,SP000292,4,SKG,NOT,NOT
SP000283,SP000296,12,SKG,NOT,NOT
SP000283,SP000303,8,SKG,NOT,NOT
SP000285,SP000292,4,SKG,NOT,NOT
SP000285,SP000296,9,SKG,NOT,NOT
SP000285,SP000303,8,SKG,NOT,NOT
SP000286,SP000639,8,BAL,EBN,PMH
SP000286,SP000646,3,BAL,EBN,REI
SP000286,SP000945,6,BAL,EBN,BOG
SP000286,SP000971,9,BAL,EBN,BOG
SP000286,SP001001,8,BAL,EBN,PMH
SP000286,SP001002,8,BAL,EBN,PMH
SP000286,SP001005,8,BAL,EBN,PMS
SP000286,SP001015,8,BAL,EBN,CCH
SP000286,SP001077,11,BAL,EBN,EBN
SP000286,SP001083,14,BAL,EBN,EBN
SP000286,SP001092,14,BAL,EBN,EBN
SP000286,SP001239,9,BAL,EBN,LIT
SP000286,SP001241,6,BAL,EBN,LIT
SP000286,SP001255,9,BAL,EBN,LIT
SP000286,SP001291,9,BAL,EBN,BTN
SP000286,SP001295,9,BAL,EBN,BTN
SP000286,SP001830,3,BAL,EBN,BTN
SP000286,SP002276,11,BAL,EBN,HGS
SP000286,SP002965,8,BAL,EBN,PMH
SP000286,SP002980,8,BAL,EBN,PMS
SP000286,SP002983,8,BAL,EBN,PMH
SP000286,SP002986,8,BAL,EBN,PMS
SP000286,SP002991,11,BAL,EBN,ORE
SP000286,SP002992,11,BAL,EBN,ORE
SP000286,SP002995,11,BAL,EBN,ORE
SP000286,SP003006,11,BAL,EBN,ORE
SP000286,SP003014,11,BAL,EBN,HGS
SP000286,SP003026,9,BAL,EBN,LIT
SP000286,SP003130,9,BAL,EBN,WRH
SP000286,SP003179,5,BAL,EBN,TBD
SP000286,SP003294,8,BAL,EBN,HRH
SP000286,SP003298,8,BAL,EBN,CCH
SP000286,SP003454,3,BAL,EBN,ORE
SP000286,SP003675,9,BAL,EBN,WRH
SP000286,SP003677,11,BAL,EBN,WRH
SP000286,SP003756,5,BAL,EBN,BTN
SP000286,SP004020,7,BAL,EBN,GTW
SP000286,SP004086,6,BAL,EBN,WRH
SP000290,SP002233,9,LWT,CBG,NRW
SP000290,SP003696,6,LWT,CBG,NRW
SP000292,SP000296,4,SKG,NOT,NOT
SP000292,SP000303,4,SKG,NOT,NOT
SP000293,SP000299,8,BPN,LIV,LIV
SP000293,SP000301,11,BPN,LIV,LIV
SP000293,SP000740,6,BPN,LIV,MIA
SP000293,SP000759,6,BPN,LIV,MIA
SP000293,SP000979,3,BPN,LIV,YRK
SP000293,SP000984,4,BPN,LIV,LDS
SP000293,SP002612,3,BPN,LIV,MIA
SP000293,SP003670,8,BPN,LIV,LIV
SP000293,SP003781,4,BPN,LIV,LDS
SP000293,SP004097,6,BPN,LIV,MAN
SP000293,SP004106,4,BPN,LIV,YRK
SP000293,SP004205,3,BPN,LIV,CRE
SP000293,SP004229,8,BPN,LIV,LIV
SP000293,SP004295,4,BPN,LIV,YRK
SP000293,SP004426,11,BPN,LIV,LIV
SP000293,SP004526,6,BPN,LIV,MAN
SP000293,SP004578,4,BPN,LIV,CRE
SP000295,SP001251,11,NRW,LST,LST
SP000295,SP003227,4,NRW,LST,IPS
SP000296,SP000303,8,SKG,NOT,NOT
SP000297,SP000298,3,MYB,HWY,PRR
SP000297,SP000305,3,MYB,HWY,GER
SP000297,SP000311,10,MYB,HWY,AYS
SP000297,SP000313,3,MYB,HWY,OXF
SP000297,SP000328,3,MYB,HWY,BMO
SP000297,SP000552,3,MYB,HWY,BSW
SP000297,SP000605,3,MYB,HWY,GER
SP000297,SP000607,3,MYB,HWY,GER
SP000297,SP000667,3,MYB,HWY,WRU
SP000297,SP001640,6,MYB,HWY,GER
SP000297,SP001643,3,MYB,HWY,HWY
SP000297,SP002429,3,MYB,HWY,AYS
SP000297,SP002777,3,MYB,HWY,OXF
SP000297,SP002783,3,MYB,HWY,OXF
SP000297,SP002792,8,MYB,HWY,HWY
SP000297,SP003190,8,MYB,HWY,AYS
SP000297,SP003198,3,MYB,HWY,BAN
SP000297,SP003410,10,MYB,HWY,OXF
SP000297,SP003867,3,MYB,HWY,OXF
SP000297,SP004114,3,MYB,HWY,BCS
SP000297,SP004157,3,MYB,HWY,BMO
SP000297,SP004159,7,MYB,HWY,AYS
SP000297,SP004182,8,MYB,HWY,AYS
SP000297,SP004185,3,MYB,HWY,BAN
SP000297,SP004191,3,MYB,HWY,SBJ
SP000297,SP004233,6,MYB,HWY,WRU
SP000297,SP004257,3,MYB,HWY,BMO
SP000297,SP004445,3,MYB,HWY,BAN
SP000297,SP004479,3,MYB,HWY,PRR
SP000297,SP004563,8,MYB,HWY,OXF
SP000297,SP004608,3,MYB,HWY,WCX
SP000297,SP004609,3,MYB,HWY,GER
SP000297,SP004626,3,MYB,HWY,OXF
SP000297,SP004635,6,MYB,HWY,BMO
SP000297,SP004637,10,MYB,HWY,AYS
SP000297,SP004639,3,MYB,HWY,BAN
SP000297,SP004641,3,MYB,HWY,BSW
SP000298,SP000305,7,MYB,PRR,GER
SP000298,SP000311,3,MYB,PRR,AYS
SP000298,SP000313,7,MYB,PRR,OXF
SP000298,SP000328,5,MYB,PRR,BMO
SP000298,SP000552,5,MYB,PRR,BSW
SP000298,SP000605,3,MYB,PRR,GER
SP000298,SP000607,3,MYB,PRR,GER
SP000298,SP000667,3,MYB,PRR,WRU
SP000298,SP001640,3,MYB,PRR,GER
SP000298,SP001643,6,MYB,PRR,HWY
SP000298,SP002429,6,MYB,PRR,AYS
SP000298,SP002777,5,MYB,PRR,OXF
SP000298,SP002783,5,MYB,PRR,OXF
SP000298,SP002792,3,MYB,PRR,HWY
SP000298,SP003190,3,MYB,PRR,AYS
SP000298,SP003198,5,MYB,PRR,BAN
SP000298,SP003410,3,MYB,PRR,OXF
SP000298,SP003867,5,MYB,PRR,OXF
SP000298,SP004114,6,MYB,PRR,BCS
SP000298,SP004157,5,MYB,PRR,BMO
SP000298,SP004159,3,MYB,PRR,AYS
SP000298,SP004182,3,MYB,PRR,AYS
SP000298,SP004185,10,MYB,PRR,BAN
SP000298,SP004191,5,MYB,PRR,SBJ
SP000298,SP004233,3,MYB,PRR,WRU
SP000298,SP004257,5,MYB,PRR,BMO
SP000298,SP004445,5,MYB,PRR,BAN
SP000298,SP004479,5,MYB,PRR,PRR
SP000298,SP004563,3,MYB,PRR,OXF
SP000298,SP004608,3,MYB,PRR,WCX
SP000298,SP004609,3,MYB,PRR,GER
SP000298,SP004626,7,MYB,PRR,OXF
SP000298,SP004635,3,MYB,PRR,BMO
SP000298,SP004637,3,MYB,PRR,AYS
SP000298,SP004639,7,MYB,PRR,BAN
SP000298,SP004641,5,MYB,PRR,BSW
SP000299,SP000301,8,BPN,LIV,LIV
SP000299,SP000740,6,BPN,LIV,MIA
SP000299,SP000759,6,BPN,LIV,MIA
SP000299,SP000979,3,BPN,LIV,YRK
SP000299,SP000984,4,BPN,LIV,LDS
SP000299,SP002612,3,BPN,LIV,MIA
SP000299,SP003670,8,BPN,LIV,LIV
SP000299,SP003781,4,BPN,LIV,LDS
SP000299,SP004097,6,BPN,LIV,MAN
SP000299,SP004106,4,BPN,LIV,YRK
SP000299,SP004205,3,BPN,LIV,CRE
SP000299,SP004229,8,BPN,LIV,LIV
SP000299,SP004295,4,BPN,LIV,YRK
SP000299,SP004426,8,BPN,LIV,LIV
SP000299,SP004526,6,BPN,LIV,MAN
SP000299,SP004578,4,BPN,LIV,CRE
SP000300,SP001254,4,NRW,GYM,LWT
SP000300,SP003977,4,NRW,GYM,GYM
SP000301,SP000740,6,BPN,LIV,MIA
SP000301,SP000759,6,BPN,LIV,MIA
SP000301,SP000979,3,BPN,LIV,YRK
SP000301,SP000984,4,BPN,LIV,LDS
SP000301,SP002612,3,BPN,LIV,MIA
SP000301,SP003670,8,BPN,LIV,LIV
SP000301,SP003781,4,BPN,LIV,LDS
SP000301,SP004097,6,BPN,LIV,MAN
SP000301,SP004106,4,BPN,LIV,YRK
SP000301,SP004205,3,BPN,LIV,CRE
SP000301,SP004229,8,BPN,LIV,LIV
SP000301,SP004295,4,BPN,LIV,YRK
SP000301,SP004426,12,BPN,LIV,LIV
SP000301,SP004526,6,BPN,LIV,MAN
SP000301,SP004578,4,BPN,LIV,CRE
SP000302,SP000685,3,PRR,MYB,MYB
SP000302,SP002794,3,PRR,MYB,MYB
SP000305,SP000311,3,MYB,GER,AYS
SP000305,SP000313,7,MYB,GER,OXF
SP000305,SP000328,5,MYB,GER,BMO
SP000305,SP000552,5,MYB,GER,BSW
SP000305,SP000605,3,MYB,GER,GER
SP000305,SP000607,3,MYB,GER,GER
SP000305,SP000667,3,MYB,GER,WRU
SP000305,SP001640,3,MYB,GER,GER
SP000305,SP001643,6,MYB,GER,HWY
SP000305,SP002429,6,MYB,GER,AYS
SP000305,SP002777,5,MYB,GER,OXF
SP000305,SP002783,5,MYB,GER,OXF
SP000305,SP002792,3,MYB,GER,HWY
SP000305,SP003190,3,MYB,GER,AYS
SP000305,SP003198,5,MYB,GER,BAN
SP000305,SP003410,3,MYB,GER,OXF
SP000305,SP003867,5,MYB,GER,OXF
SP000305,SP004114,6,MYB,GER,BCS
SP000305,SP004157,5,MYB,GER,BMO
SP000305,SP004159,3,MYB,GER,AYS
SP000305,SP004182,3,MYB,GER,AYS
SP000305,SP004185,7,MYB,GER,BAN
SP000305,SP004191,5,MYB,GER,SBJ
SP000305,SP004233,3,MYB,GER,WRU
SP000305,SP004257,5,MYB,GER,BMO
SP000305,SP004445,5,MYB,GER,BAN
SP000305,SP004479,5,MYB,GER,PRR
SP000305,SP004563,3,MYB,GER,OXF
SP000305,SP004608,3,MYB,GER,WCX
SP000305,SP004609,3,MYB,GER,GER
SP000305,SP004626,7,MYB,GER,OXF
SP000305,SP004635,3,MYB,GER,BMO
SP000305,SP004637,3,MYB,GER,AYS
SP000305,SP004639,7,MYB,GER,BAN
SP000305,SP004641,5,MYB,GER,BSW
SP000307,SP000723,9,HYS,CHX,CHX
SP000307,SP002963,9,HYS,CHX,LEW
SP000307,SP003236,9,HYS,CHX,NWX
SP000309,SP002550,8,LEI,NOT,NOT
SP000309,SP002558,11,LEI,NOT,LCN
SP000309,SP003579,3,LEI,NOT,NOT
SP000311,SP000313,3,MYB,AYS,OXF
SP000311,SP000328,3,MYB,AYS,BMO
SP000311,SP000552,3,MYB,AYS,BSW
SP000311,SP000605,3,MYB,AYS,GER
SP000311,SP000607,3,MYB,AYS,GER
SP000311,SP000667,3,MYB,AYS,WRU
SP000311,SP001640,6,MYB,AYS,GER
SP000311,SP001643,3,MYB,AYS,HWY
SP000311,SP002429,3,MYB,AYS,AYS
SP000311,SP002777,3,MYB,AYS,OXF
SP000311,SP002783,3,MYB,AYS,OXF
SP000311,SP002792,8,MYB,AYS,HWY
SP000311,SP003190,8,MYB,AYS,AYS
SP000311,SP003198,3,MYB,AYS,BAN
SP000311,SP003410,12,MYB,AYS,OXF
SP000311,SP003867,3,MYB,AYS,OXF
SP000311,SP004114,3,MYB,AYS,BCS
SP000311,SP004157,3,MYB,AYS,BMO
SP000311,SP004159,7,MYB,AYS,AYS
SP000311,SP004182,8,MYB,AYS,AYS
SP000311,SP004185,3,MYB,AYS,BAN
SP000311,SP004191,3,MYB,AYS,SBJ
SP000311,SP004233,6,MYB,AYS,WRU
SP000311,SP004257,3,MYB,AYS,BMO
SP000311,SP004445,3,MYB,AYS,BAN
SP000311,SP004479,3,MYB,AYS,PRR
SP000311,SP004563,8,MYB,AYS,OXF
SP000311,SP004608,3,MYB,AYS,WCX
SP000311,SP004609,3,MYB,AYS,GER
SP000311,SP004626,3,MYB,AYS,OXF
SP000311,SP004635,6,MYB,AYS,BMO
SP000311,SP004637,12,MYB,AYS,AYS
SP000311,SP004639,3,MYB,AYS,BAN
SP000311,SP004641,3,MYB,AYS,BSW
SP000312,SP001011,4,NOT,LEI,MAT
SP000312,SP001431,4,NOT,LEI,BHM
SP000312,SP001463,4,NOT,LEI,BHM
SP000312,SP001635,4,NOT,LEI,CDF
SP000312,SP002095,4,NOT,LEI,CRE
SP000312,SP002243,4,NOT,LEI,DBY
SP000312,SP002465,7,NOT,LEI,STP
SP000312,SP002607,4,NOT,LEI,CRE
SP000313,SP000328,5,MYB,OXF,BMO
SP000313,SP000552,5,MYB,OXF,BSW
SP000313,SP000605,3,MYB,OXF,GER
SP000313,SP000607,3,MYB,OXF,GER
SP000313,SP000667,3,MYB,OXF,WRU
SP000313,SP001640,3,MYB,OXF,GER
SP000313,SP001643,6,MYB,OXF,HWY
SP000313,SP002429,6,MYB,OXF,AYS
SP000313,SP002777,5,MYB,OXF,OXF
SP000313,SP002783,5,MYB,OXF,OXF
SP000313,SP002792,3,MYB,OXF,HWY
SP000313,SP003190,3,MYB,OXF,AYS
SP000313,SP003198,5,MYB,OXF,BAN
SP000313,SP003410,3,MYB,OXF,OXF
SP000313,SP003867,5,MYB,OXF,OXF
SP000313,SP004114,6,MYB,OXF,BCS
SP000313,SP004157,5,MYB,OXF,BMO
SP000313,SP004159,3,MYB,OXF,AYS
SP000313,SP004182,3,MYB,OXF,AYS
SP000313,SP004185,7,MYB,OXF,BAN
SP000313,SP004191,5,MYB,OXF,SBJ
SP000313,SP004233,3,MYB,OXF,WRU
SP000313,SP004257,5,MYB,OXF,BMO
SP000313,SP004445,5,MYB,OXF,BAN
SP000313,SP004479,5,MYB,OXF,PRR
SP000313,SP004563,3,MYB,OXF,OXF
SP000313,SP004608,3,MYB,OXF,WCX
SP000313,SP004609,3,MYB,OXF,GER
SP000313,SP004626,15,MYB,OXF,OXF
SP000313,SP004635,3,MYB,OXF,BMO
SP000313,SP004637,3,MYB,OXF,AYS
SP000313,SP004639,17,MYB,OXF,BAN
SP000313,SP004641,5,MYB,OXF,BSW
SP000315,SP000573,12,PBO,KGX,HRH
SP000315,SP000575,15,PBO,KGX,HRH
SP000315,SP001121,5,PBO,KGX,KGX
SP000315,SP001499,8,PBO,KGX,HRH
SP000315,SP001501,8,PBO,KGX,HRH
SP000315,SP001504,11,PBO,KGX,HRH
SP000315,SP002023,8,PBO,KGX,HRH
SP000315,SP002028,11,PBO,KGX,HRH
SP000315,SP002033,11,PBO,KGX,HRH
SP000315,SP003303,8,PBO,KGX,KGX
SP000315,SP003549,8,PBO,KGX,KGX
SP000315,SP003599,8,PBO,KGX,KGX
SP000315,SP003991,8,PBO,KGX,HRH
SP000315,SP003992,8,PBO,KGX,HRH
SP000315,SP003994,8,PBO,KGX,KGX
SP000315,SP003996,8,PBO,KGX,KGX
SP000315,SP004155,8,PBO,KGX,HRH
SP000315,SP004339,8,PBO,KGX,HRH
SP000315,SP004341,8,PBO,KGX,HRH
SP000316,SP000318,4,NOT,SKG,SKG
SP000316,SP000320,10,NOT,SKG,SKG
SP000316,SP000330,12,NOT,SKG,BSN
SP000316,SP001209,4,NOT,SKG,GRA
SP000316,SP001352,4,NOT,SKG,NRW
SP000316,SP001763,5,NOT,SKG,SKG
SP000316,SP003161,6,NOT,SKG,PBO
SP000318,SP000320,4,NOT,SKG,SKG
SP000318,SP000330,4,NOT,SKG,BSN
SP000318,SP001209,5,NOT,SKG,GRA
SP000318,SP001352,5,NOT,SKG,NRW
SP000318,SP001763,4,NOT,SKG,SKG
SP000318,SP003161,4,NOT,SKG,PBO
SP000319,SP000718,7,AFK,XVJ,CHX
SP000319,SP000783,11,AFK,XVJ,XVJ
SP000319,SP000787,20,AFK,XVJ,XVJ
SP000319,SP000791,11,AFK,XVJ,XVJ
SP000319,SP004605,14,AFK,XVJ,CHX
SP000319,SP004613,14,AFK,XVJ,XVJ
SP000320,SP000330,10,NOT,SKG,BSN
SP000320,SP001209,4,NOT,SKG,GRA
SP000320,SP001352,4,NOT,SKG,NRW
SP000320,SP001763,5,NOT,SKG,SKG
SP000320,SP003161,6,NOT,SKG,PBO
SP000321,SP000323,5,NOT,SKG,SKG
SP000321,SP000327,13,NOT,SKG,SKG
SP000321,SP000329,13,NOT,SKG,BSN
SP000321,SP001108,5,NOT,SKG,SKG
SP000321,SP001109,5,NOT,SKG,SKG
SP000321,SP001118,11,NOT,SKG,SKG
SP000321,SP002466,5,NOT,SKG,PBO
SP000323,SP000327,5,NOT,SKG,SKG
SP000323,SP000329,5,NOT,SKG,BSN
SP000323,SP001108,5,NOT,SKG,SKG
SP000323,SP001109,7,NOT,SKG,SKG
SP000323,SP001118,5,NOT,SKG,SKG
SP000323,SP002466,8,NOT,SKG,PBO
SP000324,SP000438,6,ZEL,SBP,KNT
SP000326,SP000364,6,PAD,DID,WOF
SP000326,SP000462,6,PAD,DID,OXF
SP000326,SP000581,6,PAD,DID,BRI
SP000326,SP000651,6,PAD,DID,PLY
SP000326,SP000801,6,PAD,DID,PLY
SP000326,SP000835,6,PAD,DID,WSM
SP000326,SP000840,6,PAD,DID,PNZ
SP000326,SP000848,6,PAD,DID,WOS
SP000326,SP000858,6,PAD,DID,OXF
SP000326,SP000862,6,PAD,DID,CNM
SP000326,SP001654,6,PAD,DID,NBY
SP000326,SP001823,6,PAD,DID,SWA
SP000326,SP001838,6,PAD,DID,SWA
SP000326,SP001939,6,PAD,DID,RDG
SP000326,SP002174,6,PAD,DID,WSM
SP000326,SP002183,6,PAD,DID,WSM
SP000326,SP002209,6,PAD,DID,EXD
SP000326,SP002216,6,PAD,DID,NQY
SP000326,SP002711,6,PAD,DID,BDW
SP000326,SP003385,6,PAD,DID,PGN
SP000326,SP003417,6,PAD,DID,CDF
SP000326,SP003420,6,PAD,DID,WOS
SP000326,SP003428,6,PAD,DID,WSB
SP000326,SP003429,6,PAD,DID,CMN
SP000326,SP003434,6,PAD,DID,SWA
SP000326,SP003440,6,PAD,DID,SWA
SP000326,SP003448,6,PAD,DID,TAU
SP000326,SP003480,6,PAD,DID,PNZ
SP000326,SP003591,3,PAD,DID,RDG
SP000326,SP003666,6,PAD,DID,TAU
SP000326,SP003788,6,PAD,DID,SWA
SP000326,SP004186,6,PAD,DID,FRO
SP000326,SP004248,6,PAD,DID,WPH
SP000326,SP004338,6,PAD,DID,BPW
SP000326,SP004416,6,PAD,DID,BDW
SP000326,SP004476,6,PAD,DID,BAN
SP000326,SP004599,6,PAD,DID,WOS
SP000327,SP000329,13,NOT,SKG,BSN
SP000327,SP001108,5,NOT,SKG,SKG
SP000327,SP001109,5,NOT,SKG,SKG
SP000327,SP001118,11,NOT,SKG,SKG
SP000327,SP002466,5,NOT,SKG,PBO
SP000328,SP000552,13,MYB,BMO,BSW
SP000328,SP000605,3,MYB,BMO,GER
SP000328,SP000607,3,MYB,BMO,GER
SP000328,SP000667,3,MYB,BMO,WRU
SP000328,SP001640,3,MYB,BMO,GER
SP000328,SP001643,5,MYB,BMO,HWY
SP000328,SP002429,5,MYB,BMO,AYS
SP000328,SP002777,6,MYB,BMO,OXF
SP000328,SP002783,6,MYB,BMO,OXF
SP000328,SP002792,3,MYB,BMO,HWY
SP000328,SP003190,3,MYB,BMO,AYS
SP000328,SP003198,6,MYB,BMO,BAN
SP000328,SP003410,3,MYB,BMO,OXF
SP000328,SP003867,11,MYB,BMO,OXF
SP000328,SP004114,5,MYB,BMO,BCS
SP000328,SP004157,13,MYB,BMO,BMO
SP000328,SP004159,3,MYB,BMO,AYS
SP000328,SP004182,3,MYB,BMO,AYS
SP000328,SP004185,5,MYB,BMO,BAN
SP000328,SP004191,13,MYB,BMO,SBJ
SP000328,SP004233,3,MYB,BMO,WRU
SP000328,SP004257,6,MYB,BMO,BMO
SP000328,SP004445,6,MYB,BMO,BAN
SP000328,SP004479,9,MYB,BMO,PRR
SP000328,SP004563,3,MYB,BMO,OXF
SP000328,SP004608,3,MYB,BMO,WCX
SP000328,SP004609,3,MYB,BMO,GER
SP000328,SP004626,5,MYB,BMO,OXF
SP000328,SP004635,3,MYB,BMO,BMO
SP000328,SP004637,3,MYB,BMO,AYS
SP000328,SP004639,5,MYB,BMO,BAN
SP000328,SP004641,6,MYB,BMO,BSW
SP000329,SP001108,5,NOT,BSN,SKG
SP000329,SP001109,5,NOT,BSN,SKG
SP000329,SP001118,11,NOT,BSN,SKG
SP000329,SP002466,5,NOT,BSN,PBO
SP000330,SP001209,4,NOT,BSN,GRA
SP000330,SP001352,4,NOT,BSN,NRW
SP000330,SP001763,5,NOT,BSN,SKG
SP000330,SP003161,6,NOT,BSN,PBO
SP000333,SP000666,5,SHF,HUL,SCA
SP000333,SP000688,5,SHF,HUL,SCA
SP000333,SP000696,5,SHF,HUL,BDT
SP000333,SP000701,5,SHF,HUL,HUL
SP000333,SP000705,5,SHF,HUL,HUL
SP000333,SP002726,5,SHF,HUL,SCA
SP000333,SP003313,5,SHF,HUL,SCA
SP000334,SP002971,3,ORP,CHX,KTN
SP000334,SP002987,3,ORP,CHX,BFR
SP000334,SP003024,8,ORP,CHX,CHX
SP000334,SP003027,3,ORP,CHX,WHP
SP000334,SP003107,8,ORP,CHX,CST
SP000337,SP000349,9,CHX,TBW,TBW
SP000337,SP000413,5,CHX,TBW,GRV
SP000337,SP000477,5,CHX,TBW,GLM
SP000337,SP000659,9,CHX,TBW,ORP
SP000337,SP000668,7,CHX,TBW,AFK
SP000337,SP000670,7,CHX,TBW,MDE
SP000337,SP000732,4,CHX,TBW,HYS
SP000337,SP000756,3,CHX,TBW,DFD
SP000337,SP000766,4,CHX,TBW,HYS
SP000337,SP000908,3,CHX,TBW,DFD
SP000337,SP000922,3,CHX,TBW,DFD
SP000337,SP000986,3,CHX,TBW,GRV
SP000337,SP001044,10,CHX,TBW,RAM
SP000337,SP001137,6,CHX,TBW,SEV
SP000337,SP001138,6,CHX,TBW,ORP
SP000337,SP001883,10,CHX,TBW,HGS
SP000337,SP001892,10,CHX,TBW,DVP
SP000337,SP002505,3,CHX,TBW,GRV
SP000337,SP002537,5,CHX,TBW,TBW
SP000337,SP002807,10,CHX,TBW,DVP
SP000337,SP002969,3,CHX,TBW,DFD
SP000337,SP002976,10,CHX,TBW,CBW
SP000337,SP002979,3,CHX,TBW,SEV
SP000337,SP003068,3,CHX,TBW,HYS
SP000337,SP003156,3,CHX,TBW,CST
SP000337,SP003188,3,CHX,TBW,ORP
SP000337,SP003200,4,CHX,TBW,TBW
SP000337,SP003315,3,CHX,TBW,GRV
SP000337,SP003387,10,CHX,TBW,DVP
SP000337,SP003400,10,CHX,TBW,RAM
SP000337,SP003760,3,CHX,TBW,GRV
SP000337,SP004546,10,CHX,TBW,HGS
SP000337,SP004547,6,CHX,TBW,HGS
SP000337,SP004549,9,CHX,TBW,HGS
SP000337,SP004551,10,CHX,TBW,HGS
SP000338,SP000386,6,RCD,LDS,LDS
SP000338,SP001000,8,RCD,LDS,LDS
SP000338,SP001733,6,RCD,LDS,LDS
SP000338,SP002945,6,RCD,LDS,LDS
SP000338,SP003695,6,RCD,LDS,LDS
SP000340,SP001337,16,RDG,GTW,GTW
SP000340,SP002638,3,RDG,GTW,RDH
SP000340,SP002639,3,RDG,GTW,RDH
SP000343,SP003560,6,EUS,WFH,WJL
SP000345,SP001125,11,WSW,ORE,REI
SP000345,SP002195,8,WSW,ORE,EGR
SP000345,SP003595,11,WSW,ORE,GTW
SP000345,SP003822,11,WSW,ORE,TBD
SP000346,SP000378,7,LIT,BAL,WSW
SP000346,SP001115,18,LIT,BAL,BAL
SP000346,SP001298,16,LIT,BAL,HHE
SP000346,SP001595,7,LIT,BAL,BTN
SP000346,SP002578,12,LIT,BAL,XSU
SP000346,SP003029,7,LIT,BAL,BAL
SP000348,SP003033,10,EPS,XSU,XSU
SP000349,SP000413,5,CHX,TBW,GRV
SP000349,SP000477,5,CHX,TBW,GLM
SP000349,SP000659,9,CHX,TBW,ORP
SP000349,SP000668,7,CHX,TBW,AFK
SP000349,SP000670,7,CHX,TBW,MDE
SP000349,SP000732,4,CHX,TBW,HYS
SP000349,SP000756,3,CHX,TBW,DFD
SP000349,SP000766,4,CHX,TBW,HYS
SP000349,SP000908,3,CHX,TBW,DFD
SP000349,SP000922,3,CHX,TBW,DFD
SP000349,SP000986,3,CHX,TBW,GRV
SP000349,SP001044,9,CHX,TBW,RAM
SP000349,SP001137,6,CHX,TBW,SEV
SP000349,SP001138,6,CHX,TBW,ORP
SP000349,SP001883,9,CHX,TBW,HGS
SP000349,SP001892,9,CHX,TBW,DVP
SP000349,SP002505,3,CHX,TBW,GRV
SP000349,SP002537,5,CHX,TBW,TBW
SP000349,SP002807,9,CHX,TBW,DVP
SP000349,SP002969,3,CHX,TBW,DFD
SP000349,SP002976,9,CHX,TBW,CBW
SP000349,SP002979,3,CHX,TBW,SEV
SP000349,SP003068,3,CHX,TBW,HYS
SP000349,SP003156,3,CHX,TBW,CST
SP000349,SP003188,3,CHX,TBW,ORP
SP000349,SP003200,4,CHX,TBW,TBW
SP000349,SP003315,3,CHX,TBW,GRV
SP000349,SP003387,9,CHX,TBW,DVP
SP000349,SP003400,9,CHX,TBW,RAM
SP000349,SP003760,3,CHX,TBW,GRV
SP000349,SP004546,9,CHX,TBW,HGS
SP000349,SP004547,6,CHX,TBW,HGS
SP000349,SP004549,11,CHX,TBW,HGS
SP000349,SP004551,9,CHX,TBW,HGS
SP000350,SP003694,9,CAT,XSU,XSU
SP000351,SP000352,3,BAK,SUO,XSU
SP000351,SP001723,3,BAK,SUO,EPS
SP000351,SP002096,7,BAK,SUO,SRS
SP000351,SP002206,13,BAK,SUO,EPD
SP000351,SP002258,4,BAK,SUO,EGR
SP000351,SP002444,7,BAK,SUO,ECR
SP000351,SP003643,3,BAK,SUO,SRH
SP000352,SP001723,3,BAK,XSU,EPS
SP000352,SP002096,3,BAK,XSU,SRS
SP000352,SP002206,3,BAK,XSU,EPD
SP000352,SP002258,3,BAK,XSU,EGR
SP000352,SP002444,3,BAK,XSU,ECR
SP000352,SP003643,4,BAK,XSU,SRH
SP000355,SP000553,5,SAV,WOF,LMS
SP000355,SP001443,3,SAV,WOF,BSW
SP000355,SP001446,3,SAV,WOF,BSW
SP000355,SP002052,3,SAV,WOF,WOF
SP000355,SP002758,3,SAV,WOF,KID
SP000355,SP003974,3,SAV,WOF,KID
SP000355,SP004162,5,SAV,WOF,MYB
SP000357,SP000946,11,BOG,BAL,WSW
SP000357,SP002588,3,BOG,BAL,XSU
SP000357,SP002943,3,BOG,BAL,BTN
SP000357,SP003267,3,BOG,BAL,LIT
SP000358,SP003687,6,BBN,RCD,RCD
SP000361,SP000444,20,SRA,KWG,IMW
SP000361,SP000909,19,SRA,KWG,WJL
SP000361,SP001619,10,SRA,KWG,CMD
SP000361,SP001698,20,SRA,KWG,WJH
SP000362,SP000843,3,XSU,OXT,EPS
SP000362,SP001026,9,XSU,OXT,UCK
SP000362,SP001042,9,XSU,OXT,UCK
SP000362,SP001081,3,XSU,OXT,SRH
SP000362,SP001718,3,XSU,OXT,SUO
SP000362,SP001734,5,XSU,OXT,EPS
SP000362,SP001762,3,XSU,OXT,BAK
SP000362,SP002173,6,XSU,OXT,HRH
SP000362,SP002194,3,XSU,OXT,EGR
SP000362,SP002256,6,XSU,OXT,TBD
SP000362,SP002498,6,XSU,OXT,EBN
SP000362,SP002506,6,XSU,OXT,LIT
SP000362,SP002516,6,XSU,OXT,BOG
SP000362,SP002725,9,XSU,OXT,EGR
SP000362,SP002810,7,XSU,OXT,CAT
SP000362,SP003112,3,XSU,OXT,CAT
SP000362,SP003228,3,XSU,OXT,ECR
SP000362,SP003249,6,XSU,OXT,ECR
SP000362,SP003838,3,XSU,OXT,CAT
SP000363,SP000376,5,TBW,CHX,CHX
SP000363,SP002915,5,TBW,CHX,CST
SP000363,SP003117,5,TBW,CHX,CHX
SP000363,SP003278,3,TBW,CHX,TON
SP000363,SP003458,5,TBW,CHX,CST
SP000364,SP000462,8,PAD,WOF,OXF
SP000364,SP000581,7,PAD,WOF,BRI
SP000364,SP000651,6,PAD,WOF,PLY
SP000364,SP000801,6,PAD,WOF,PLY
SP000364,SP000835,7,PAD,WOF,WSM
SP000364,SP000840,7,PAD,WOF,PNZ
SP000364,SP000848,11,PAD,WOF,WOS
SP000364,SP000858,7,PAD,WOF,OXF
SP000364,SP000862,7,PAD,WOF,CNM
SP000364,SP001654,6,PAD,WOF,NBY
SP000364,SP001823,7,PAD,WOF,SWA
SP000364,SP001838,7,PAD,WOF,SWA
SP000364,SP001939,6,PAD,WOF,RDG
SP000364,SP002174,7,PAD,WOF,WSM
SP000364,SP002183,7,PAD,WOF,WSM
SP000364,SP002209,6,PAD,WOF,EXD
SP000364,SP002216,6,PAD,WOF,NQY
SP000364,SP002711,6,PAD,WOF,BDW
SP000364,SP003385,6,PAD,WOF,PGN
SP000364,SP003417,7,PAD,WOF,CDF
SP000364,SP003420,7,PAD,WOF,WOS
SP000364,SP003428,6,PAD,WOF,WSB
SP000364,SP003429,7,PAD,WOF,CMN
SP000364,SP003434,7,PAD,WOF,SWA
SP000364,SP003440,7,PAD,WOF,SWA
SP000364,SP003448,7,PAD,WOF,TAU
SP000364,SP003480,6,PAD,WOF,PNZ
SP000364,SP003591,3,PAD,WOF,RDG
SP000364,SP003666,7,PAD,WOF,TAU
SP000364,SP003788,7,PAD,WOF,SWA
SP000364,SP004186,6,PAD,WOF,FRO
SP000364,SP004248,17,PAD,WOF,WPH
SP000364,SP004338,7,PAD,WOF,BPW
SP000364,SP004416,6,PAD,WOF,BDW
SP000364,SP004476,8,PAD,WOF,BAN
SP000364,SP004599,7,PAD,WOF,WOS
SP000366,SP003218,12,RAM,AFK,AFK
SP000366,SP003252,8,RAM,AFK,AFK
SP000366,SP003664,12,RAM,AFK,CHX
SP000366,SP004404,13,RAM,AFK,SPX
SP000366,SP004618,12,RAM,AFK,SPX
SP000367,SP000381,3,BNG,CEN,BYC
SP000368,SP000665,5,KWG,WJH,SRA
SP000369,SP000457,6,EXC,BNP,BNP
SP000369,SP000461,8,EXC,BNP,BNP
SP000369,SP000464,6,EXC,BNP,BNP
SP000369,SP001053,3,EXC,BNP,OKE
SP000370,SP000468,3,LDS,SHF,SHF
SP000370,SP000954,5,LDS,SHF,DON
SP000372,SP002275,6,HHE,EBN,EBN
SP000372,SP002789,3,HHE,EBN,BTN
SP000374,SP000901,3,BNP,EXD,EXC
SP000374,SP000907,3,BNP,EXD,EXC
SP000374,SP000913,3,BNP,EXD,PGN
SP000376,SP002915,5,TBW,CHX,CST
SP000376,SP003117,5,TBW,CHX,CHX
SP000376,SP003278,3,TBW,CHX,TON
SP000376,SP003458,12,TBW,CHX,CST
SP000377,SP001055,5,RHY,PEN,CDF
SP000377,SP001127,5,RHY,PEN,BYI
SP000377,SP001129,10,RHY,PEN,BYI
SP000377,SP001140,5,RHY,PEN,BYI
SP000377,SP003472,5,RHY,PEN,BGN
SP000377,SP003502,18,RHY,PEN,CDF
SP000378,SP001115,7,LIT,WSW,BAL
SP000378,SP001298,7,LIT,WSW,HHE
SP000378,SP001595,15,LIT,WSW,BTN
SP000378,SP002578,7,LIT,WSW,XSU
SP000378,SP003029,10,LIT,WSW,BAL
SP000379,SP000836,4,PEN,CDF,CPH
SP000379,SP001330,4,PEN,CDF,COY
SP000382,SP004253,9,WGN,LIV,LIV
SP000383,SP002168,11,BTN,BAL,CBG
SP000383,SP004217,11,BTN,BAL,CBG
SP000383,SP004574,7,BTN,BAL,BDM
SP000383,SP004579,11,BTN,BAL,CBG
SP000385,SP000389,4,MAI,MLW,BNE
SP000386,SP001000,6,RCD,LDS,LDS
SP000386,SP001733,6,RCD,LDS,LDS
SP000386,SP002945,7,RCD,LDS,LDS
SP000386,SP003695,6,RCD,LDS,LDS
SP000388,SP001943,3,AYR,STR,GIR
SP000390,SP003964,3,RCD,BBN,LDS
SP000392,SP000398,17,EUS,LIV,MAN
SP000392,SP000401,13,EUS,LIV,BHM
SP000392,SP000533,8,EUS,LIV,BHM
SP000392,SP000868,15,EUS,LIV,LIV
SP000392,SP000882,13,EUS,LIV,WVH
SP000392,SP000885,13,EUS,LIV,CRE
SP000392,SP000892,13,EUS,LIV,GLC
SP000392,SP001313,19,EUS,LIV,HHD
SP000392,SP001325,4,EUS,LIV,TRI
SP000392,SP001327,5,EUS,LIV,TRI
SP000392,SP001329,5,EUS,LIV,TRI
SP000392,SP001343,11,EUS,LIV,NMP
SP000392,SP001346,14,EUS,LIV,CRE
SP000392,SP001451,5,EUS,LIV,BLY
SP000392,SP001454,5,EUS,LIV,BLY
SP000392,SP001807,22,EUS,LIV,GLC
SP000392,SP002179,10,EUS,LIV,GLC
SP000392,SP002202,8,EUS,LIV,WSL
SP000392,SP002261,5,EUS,LIV,NMP
SP000392,SP002327,4,EUS,LIV,MKC
SP000392,SP002647,5,EUS,LIV,MKC
SP000392,SP002648,4,EUS,LIV,NMP
SP000392,SP002655,5,EUS,LIV,SAA
SP000392,SP002872,19,EUS,LIV,CTR
SP000392,SP003031,17,EUS,LIV,MAN
SP000392,SP003036,8,EUS,LIV,BHM
SP000392,SP003114,13,EUS,LIV,LIV
SP000392,SP003191,22,EUS,LIV,BPN
SP000392,SP003207,20,EUS,LIV,LIV
SP000392,SP003300,19,EUS,LIV,WRX
SP000392,SP003360,13,EUS,LIV,EDB
SP000392,SP003475,11,EUS,LIV,WVH
SP000392,SP003568,10,EUS,LIV,WVH
SP000392,SP003958,13,EUS,LIV,INV
SP000392,SP004012,11,EUS,LIV,GLC
SP000392,SP004017,15,EUS,LIV,PRE
SP000392,SP004025,22,EUS,LIV,PRE
SP000392,SP004034,13,EUS,LIV,CRE
SP000392,SP004036,10,EUS,LIV,GLC
SP000392,SP004111,10,EUS,LIV,GLC
SP000392,SP004121,4,EUS,LIV,NMP
SP000392,SP004127,4,EUS,LIV,NMP
SP000392,SP004131,5,EUS,LIV,BHM
SP000392,SP004188,15,EUS,LIV,CRE
SP000392,SP004207,13,EUS,LIV,CRE
SP000392,SP004232,10,EUS,LIV,INV
SP000392,SP004384,13,EUS,LIV,WVH
SP000392,SP004399,22,EUS,LIV,GLC
SP000392,SP004433,8,EUS,LIV,NMP
SP000392,SP004516,22,EUS,LIV,GLC
SP000392,SP004529,5,EUS,LIV,BHM
SP000394,SP001955,11,MST,EBB,EBB
SP000396,SP001151,6,REI,BAL,WSW
SP000396,SP003305,9,REI,BAL,BAK
SP000397,SP000549,8,MAN,EUS,BMH
SP000397,SP001459,8,MAN,EUS,BHM
SP000397,SP001609,3,MAN,EUS,BMH
SP000397,SP001666,8,MAN,EUS,PGN
SP000397,SP001669,8,MAN,EUS,PGN
SP000397,SP001672,8,MAN,EUS,BRI
SP000397,SP001731,3,MAN,EUS,SOT
SP000397,SP001774,8,MAN,EUS,RDG
SP000397,SP001780,3,MAN,EUS,SOT
SP000397,SP002857,3,MAN,EUS,MFH
SP000397,SP002858,3,MAN,EUS,CDF
SP000397,SP003253,13,MAN,EUS,EUS
SP000397,SP003266,8,MAN,EUS,EUS
SP000397,SP003377,8,MAN,EUS,SOU
SP000397,SP003485,3,MAN,EUS,CDF
SP000397,SP003488,3,MAN,EUS,CDF
SP000397,SP003492,3,MAN,EUS,CRE
SP000397,SP003590,3,MAN,EUS,FGH
SP000397,SP003617,3,MAN,EUS,CDF
SP000397,SP003676,3,MAN,EUS,CDF
SP000397,SP003678,3,MAN,EUS,FGH
SP000397,SP003686,3,MAN,EUS,PMD
SP000397,SP003692,3,MAN,EUS,CMN
SP000397,SP004023,10,MAN,EUS,EUS
SP000397,SP004209,3,MAN,EUS,SHR
SP000397,SP004402,3,MAN,EUS,MAC
SP000397,SP004565,3,MAN,EUS,MFH
SP000398,SP000401,13,EUS,MAN,BHM
SP000398,SP000533,8,EUS,MAN,BHM
SP000398,SP000868,15,EUS,MAN,LIV
SP000398,SP000882,13,EUS,MAN,WVH
SP000398,SP000885,13,EUS,MAN,CRE
SP000398,SP000892,13,EUS,MAN,GLC
SP000398,SP001313,17,EUS,MAN,HHD
SP000398,SP001325,4,EUS,MAN,TRI
SP000398,SP001327,5,EUS,MAN,TRI
SP000398,SP001329,5,EUS,MAN,TRI
SP000398,SP001343,11,EUS,MAN,NMP
SP000398,SP001346,14,EUS,MAN,CRE
SP000398,SP001451,5,EUS,MAN,BLY
SP000398,SP001454,5,EUS,MAN,BLY
SP000398,SP001807,17,EUS,MAN,GLC
SP000398,SP002179,10,EUS,MAN,GLC
SP000398,SP002202,8,EUS,MAN,WSL
SP000398,SP002261,5,EUS,MAN,NMP
SP000398,SP002327,4,EUS,MAN,MKC
SP000398,SP002647,5,EUS,MAN,MKC
SP000398,SP002648,4,EUS,MAN,NMP
SP000398,SP002655,5,EUS,MAN,SAA
SP000398,SP002872,17,EUS,MAN,CTR
SP000398,SP003031,20,EUS,MAN,MAN
SP000398,SP003036,8,EUS,MAN,BHM
SP000398,SP003114,13,EUS,MAN,LIV
SP000398,SP003191,17,EUS,MAN,BPN
SP000398,SP003207,17,EUS,MAN,LIV
SP000398,SP003300,17,EUS,MAN,WRX
SP000398,SP003360,13,EUS,MAN,EDB
SP000398,SP003475,11,EUS,MAN,WVH
SP000398,SP003568,10,EUS,MAN,WVH
SP000398,SP003958,13,EUS,MAN,INV
SP000398,SP004012,11,EUS,MAN,GLC
SP000398,SP004017,15,EUS,MAN,PRE
SP000398,SP004025,17,EUS,MAN,PRE
SP000398,SP004034,13,EUS,MAN,CRE
SP000398,SP004036,10,EUS,MAN,GLC
SP000398,SP004111,10,EUS,MAN,GLC
SP000398,SP004121,4,EUS,MAN,NMP
SP000398,SP004127,4,EUS,MAN,NMP
SP000398,SP004131,5,EUS,MAN,BHM
SP000398,SP004188,15,EUS,MAN,CRE
SP000398,SP004207,13,EUS,MAN,CRE
SP000398,SP004232,10,EUS,MAN,INV
SP000398,SP004384,13,EUS,MAN,WVH
SP000398,SP004399,17,EUS,MAN,GLC
SP000398,SP004433,8,EUS,MAN,NMP
SP000398,SP004516,17,EUS,MAN,GLC
SP000398,SP004529,5,EUS,MAN,BHM
SP000399,SP000987,4,LDS,RCD,RCD
SP000399,SP001009,4,LDS,RCD,RCD
SP000399,SP003208,4,LDS,RCD,HFX
SP000399,SP004002,5,LDS,RCD,HFX
SP000400,SP000427,3,CFS,BFF,PTM
SP000401,SP000533,8,EUS,BHM,BHM
SP000401,SP000868,13,EUS,BHM,LIV
SP000401,SP000882,19,EUS,BHM,WVH
SP000401,SP000885,19,EUS,BHM,CRE
SP000401,SP000892,19,EUS,BHM,GLC
SP000401,SP001313,13,EUS,BHM,HHD
SP000401,SP001325,4,EUS,BHM,TRI
SP000401,SP001327,5,EUS,BHM,TRI
SP000401,SP001329,5,EUS,BHM,TRI
SP000401,SP001343,11,EUS,BHM,NMP
SP000401,SP001346,13,EUS,BHM,CRE
SP000401,SP001451,5,EUS,BHM,BLY
SP000401,SP001454,5,EUS,BHM,BLY
SP000401,SP001807,13,EUS,BHM,GLC
SP000401,SP002179,10,EUS,BHM,GLC
SP000401,SP002202,8,EUS,BHM,WSL
SP000401,SP002261,5,EUS,BHM,NMP
SP000401,SP002327,4,EUS,BHM,MKC
SP000401,SP002647,5,EUS,BHM,MKC
SP000401,SP002648,4,EUS,BHM,NMP
SP000401,SP002655,5,EUS,BHM,SAA
SP000401,SP002872,13,EUS,BHM,CTR
SP000401,SP003031,13,EUS,BHM,MAN
SP000401,SP003036,8,EUS,BHM,BHM
SP000401,SP003114,19,EUS,BHM,LIV
SP000401,SP003191,13,EUS,BHM,BPN
SP000401,SP003207,13,EUS,BHM,LIV
SP000401,SP003300,13,EUS,BHM,WRX
SP000401,SP003360,19,EUS,BHM,EDB
SP000401,SP003475,11,EUS,BHM,WVH
SP000401,SP003568,10,EUS,BHM,WVH
SP000401,SP003958,17,EUS,BHM,INV
SP000401,SP004012,11,EUS,BHM,GLC
SP000401,SP004017,13,EUS,BHM,PRE
SP000401,SP004025,13,EUS,BHM,PRE
SP000401,SP004034,19,EUS,BHM,CRE
SP000401,SP004036,10,EUS,BHM,GLC
SP000401,SP004111,10,EUS,BHM,GLC
SP000401,SP004121,4,EUS,BHM,NMP
SP000401,SP004127,4,EUS,BHM,NMP
SP000401,SP004131,5,EUS,BHM,BHM
SP000401,SP004188,13,EUS,BHM,CRE
SP000401,SP004207,19,EUS,BHM,CRE
SP000401,SP004232,10,EUS,BHM,INV
SP000401,SP004384,19,EUS,BHM,WVH
SP000401,SP004399,13,EUS,BHM,GLC
SP000401,SP004433,8,EUS,BHM,NMP
SP000401,SP004516,13,EUS,BHM,GLC
SP000401,SP004529,5,EUS,BHM,BHM
SP000402,SP000962,4,BHM,EUS,EUS
SP000402,SP001598,6,BHM,EUS,BMH
SP000402,SP001910,3,BHM,EUS,EUS
SP000402,SP002791,3,BHM,EUS,BHI
SP000402,SP003046,4,BHM,EUS,EUS
SP000402,SP003271,3,BHM,EUS,COV
SP000402,SP003882,4,BHM,EUS,MKC
SP000402,SP003967,4,BHM,EUS,NMP
SP000402,SP004063,4,BHM,EUS,EUS
SP000405,SP003681,20,ADR,BHC,BHC
SP000405,SP003774,14,ADR,BHC,HLC
SP000405,SP003892,16,ADR,BHC,MLN
SP000406,SP001641,9,SHF,MAN,MAN
SP000406,SP002660,3,SHF,MAN,LIV
SP000406,SP004011,9,SHF,MAN,MAN
SP000406,SP004377,8,SHF,MAN,MAN
SP000409,SP001339,10,BHM,WOS,HFD
SP000409,SP002145,10,BHM,WOS,GMV
SP000409,SP002146,11,BHM,WOS,HFD
SP000409,SP003933,4,BHM,WOS,BMV
SP000409,SP004016,4,BHM,WOS,RDC
SP000409,SP004090,10,BHM,WOS,WOF
SP000410,SP000893,4,BFR,BKJ,BKJ
SP000410,SP001490,3,BFR,BKJ,SEV
SP000410,SP001634,3,BFR,BKJ,ORP
SP000410,SP003282,3,BFR,BKJ,RTR
SP000410,SP004528,3,BFR,BKJ,MDE
SP000412,SP000415,14,STP,NOT,NOT
SP000412,SP000432,17,STP,NOT,NOT
SP000412,SP000684,14,STP,NOT,SHF
SP000412,SP000717,16,STP,NOT,SHF
SP000412,SP001820,6,STP,NOT,COR
SP000412,SP001848,4,STP,NOT,SHF
SP000412,SP002360,4,STP,NOT,DBY
SP000412,SP002461,4,STP,NOT,NOT
SP000412,SP002994,6,STP,NOT,DBY
SP000412,SP003423,16,STP,NOT,DBY
SP000412,SP004144,4,STP,NOT,COR
SP000413,SP000477,6,CHX,GRV,GLM
SP000413,SP000659,5,CHX,GRV,ORP
SP000413,SP000668,5,CHX,GRV,AFK
SP000413,SP000670,5,CHX,GRV,MDE
SP000413,SP000732,4,CHX,GRV,HYS
SP000413,SP000756,3,CHX,GRV,DFD
SP000413,SP000766,4,CHX,GRV,HYS
SP000413,SP000908,3,CHX,GRV,DFD
SP000413,SP000922,3,CHX,GRV,DFD
SP000413,SP000986,3,CHX,GRV,GRV
SP000413,SP001044,5,CHX,GRV,RAM
SP000413,SP001137,5,CHX,GRV,SEV
SP000413,SP001138,5,CHX,GRV,ORP
SP000413,SP001883,5,CHX,GRV,HGS
SP000413,SP001892,5,CHX,GRV,DVP
SP000413,SP002505,3,CHX,GRV,GRV
SP000413,SP002537,5,CHX,GRV,TBW
SP000413,SP002807,5,CHX,GRV,DVP
SP000413,SP002969,3,CHX,GRV,DFD
SP000413,SP002976,5,CHX,GRV,CBW
SP000413,SP002979,3,CHX,GRV,SEV
SP000413,SP003068,3,CHX,GRV,HYS
SP000413,SP003156,3,CHX,GRV,CST
SP000413,SP003188,3,CHX,GRV,ORP
SP000413,SP003200,4,CHX,GRV,TBW
SP000413,SP003315,3,CHX,GRV,GRV
SP000413,SP003387,5,CHX,GRV,DVP
SP000413,SP003400,5,CHX,GRV,RAM
SP000413,SP003760,3,CHX,GRV,GRV
SP000413,SP004546,5,CHX,GRV,HGS
SP000413,SP004547,5,CHX,GRV,HGS
SP000413,SP004549,5,CHX,GRV,HGS
SP000413,SP004551,5,CHX,GRV,HGS
SP000415,SP000432,14,STP,NOT,NOT
SP000415,SP000684,15,STP,NOT,SHF
SP000415,SP000717,14,STP,NOT,SHF
SP000415,SP001820,6,STP,NOT,COR
SP000415,SP001848,4,STP,NOT,SHF
SP000415,SP002360,4,STP,NOT,DBY
SP000415,SP002461,4,STP,NOT,NOT
SP000415,SP002994,6,STP,NOT,DBY
SP000415,SP003423,14,STP,NOT,DBY
SP000415,SP004144,4,STP,NOT,COR
SP000416,SP002627,4,SHF,STP,DBY
SP000416,SP002643,3,SHF,STP,STP
SP000416,SP002645,5,SHF,STP,STP
SP000416,SP002650,7,SHF,STP,STP
SP000416,SP002652,15,SHF,STP,STP
SP000416,SP002675,3,SHF,STP,DBY
SP000416,SP004047,15,SHF,STP,STP
SP000417,SP000422,3,NOT,STP,STP
SP000417,SP001004,3,NOT,STP,LEI
SP000417,SP001262,4,NOT,STP,NRW
SP000417,SP002674,3,NOT,STP,NRW
SP000418,SP003160,4,YRK,NCL,DAR
SP000418,SP004462,3,YRK,NCL,RCC
SP000420,SP000449,3,MBR,NCL,MCE
SP000420,SP000451,3,MBR,NCL,NCL
SP000420,SP002492,3,MBR,NCL,CAR
SP000420,SP002520,3,MBR,NCL,CAR
SP000420,SP002811,3,MBR,NCL,CAR
SP000420,SP002812,12,MBR,NCL,CAR
SP000420,SP002814,3,MBR,NCL,CAR
SP000420,SP002815,3,MBR,NCL,HEX
SP000421,SP000454,7,HUL,SHF,SHF
SP000421,SP000494,3,HUL,SHF,YRK
SP000421,SP000694,3,HUL,SHF,MAN
SP000421,SP000697,3,HUL,SHF,MAN
SP000421,SP000702,3,HUL,SHF,MAN
SP000421,SP001593,3,HUL,SHF,KGX
SP000421,SP002302,3,HUL,SHF,LDS
SP000421,SP002534,3,HUL,SHF,YRK
SP000421,SP002641,3,HUL,SHF,SBY
SP000421,SP003317,3,HUL,SHF,SHF
SP000421,SP003869,3,HUL,SHF,MAN
SP000421,SP003951,3,HUL,SHF,YRK
SP000421,SP003980,3,HUL,SHF,HFX
SP000421,SP004117,3,HUL,SHF,LDS
SP000421,SP004465,3,HUL,SHF,HFX
SP000422,SP001004,5,NOT,STP,LEI
SP000422,SP001262,3,NOT,STP,NRW
SP000422,SP002674,5,NOT,STP,NRW
SP000423,SP000445,3,EDB,NCL,BHM
SP000423,SP000537,3,EDB,NCL,KGX
SP000423,SP001429,3,EDB,NCL,NCL
SP000423,SP001671,3,EDB,NCL,PLY
SP000423,SP001674,3,EDB,NCL,CDF
SP000423,SP001676,3,EDB,NCL,PLY
SP000423,SP001680,3,EDB,NCL,BRI
SP000423,SP001876,3,EDB,NCL,PNZ
SP000423,SP001877,3,EDB,NCL,KGX
SP000423,SP002344,3,EDB,NCL,KGX
SP000423,SP002854,3,EDB,NCL,NCL
SP000423,SP002942,3,EDB,NCL,KGX
SP000423,SP002958,3,EDB,NCL,KGX
SP000423,SP003384,3,EDB,NCL,BRI
SP000423,SP003476,3,EDB,NCL,KGX
SP000423,SP004602,3,EDB,NCL,KGX
SP000424,SP004408,5,NNT,NCL,MBR
SP000425,SP000433,10,BDT,SHF,SHF
SP000425,SP000663,4,BDT,SHF,HUL
SP000425,SP001135,9,BDT,SHF,YRK
SP000425,SP001401,9,BDT,SHF,YRK
SP000425,SP002552,4,BDT,SHF,YRK
SP000425,SP003088,7,BDT,SHF,HUL
SP000425,SP003551,9,BDT,SHF,YRK
SP000425,SP003553,9,BDT,SHF,YRK
SP000425,SP003555,4,BDT,SHF,YRK
SP000425,SP003565,9,BDT,SHF,YRK
SP000425,SP003567,4,BDT,SHF,YRK
SP000425,SP004368,7,BDT,SHF,YRK
SP000428,SP000431,17,SOP,MCV,MCV
SP000428,SP003734,15,SOP,MCV,MCO
SP000430,SP000750,3,LIV,EUS,NRW
SP000430,SP001199,4,LIV,EUS,CTR
SP000430,SP001354,3,LIV,EUS,NRW
SP000430,SP001360,3,LIV,EUS,NOT
SP000430,SP001362,3,LIV,EUS,NRW
SP000430,SP001365,3,LIV,EUS,NOT
SP000430,SP001366,3,LIV,EUS,NOT
SP000430,SP001592,11,LIV,EUS,EUS
SP000430,SP001792,10,LIV,EUS,EUS
SP000430,SP001875,3,LIV,EUS,CLE
SP000430,SP002081,6,LIV,EUS,BHM
SP000430,SP002673,3,LIV,EUS,NOT
SP000430,SP002819,4,LIV,EUS,LLD
SP000430,SP003089,3,LIV,EUS,WAC
SP000430,SP003111,6,LIV,EUS,EUS
SP000430,SP003115,3,LIV,EUS,NOT
SP000430,SP003496,3,LIV,EUS,SHF
SP000430,SP003657,3,LIV,EUS,NCL
SP000430,SP004026,6,LIV,EUS,CRE
SP000430,SP004143,3,LIV,EUS,NRW
SP000430,SP004261,3,LIV,EUS,DON
SP000430,SP004268,3,LIV,EUS,MIA
SP000430,SP004269,3,LIV,EUS,NRW
SP000431,SP003734,15,SOP,MCV,MCO
SP000432,SP000684,14,STP,NOT,SHF
SP000432,SP000717,16,STP,NOT,SHF
SP000432,SP001820,6,STP,NOT,COR
SP000432,SP001848,4,STP,NOT,SHF
SP000432,SP002360,4,STP,NOT,DBY
SP000432,SP002461,4,STP,NOT,NOT
SP000432,SP002994,6,STP,NOT,DBY
SP000432,SP003423,16,STP,NOT,DBY
SP000432,SP004144,4,STP,NOT,COR
SP000433,SP000663,4,BDT,SHF,HUL
SP000433,SP001135,9,BDT,SHF,YRK
SP000433,SP001401,9,BDT,SHF,YRK
SP000433,SP002552,4,BDT,SHF,YRK
SP000433,SP003088,7,BDT,SHF,HUL
SP000433,SP003551,9,BDT,SHF,YRK
SP000433,SP003553,9,BDT,SHF,YRK
SP000433,SP003555,4,BDT,SHF,YRK
SP000433,SP003565,9,BDT,SHF,YRK
SP000433,SP003567,4,BDT,SHF,YRK
SP000433,SP004368,7,BDT,SHF,YRK
SP000435,SP004187,6,NCL,EDB,EDB
SP000439,SP000539,3,MAN,YRK,HDF
SP000439,SP000578,4,MAN,YRK,HUL
SP000439,SP000593,9,MAN,YRK,HUL
SP000439,SP000652,13,MAN,YRK,YRK
SP000439,SP000661,4,MAN,YRK,NCL
SP000439,SP000678,4,MAN,YRK,RCC
SP000439,SP000719,4,MAN,YRK,RCC
SP000439,SP001110,11,MAN,YRK,WKK
SP000439,SP001561,4,MAN,YRK,RCC
SP000439,SP001632,3,MAN,YRK,HDF
SP000439,SP002149,10,MAN,YRK,YRK
SP000439,SP002978,4,MAN,YRK,YRK
SP000439,SP003048,4,MAN,YRK,NCL
SP000439,SP003058,4,MAN,YRK,HUL
SP000439,SP003072,4,MAN,YRK,SLB
SP000439,SP003074,11,MAN,YRK,YRK
SP000439,SP003075,4,MAN,YRK,YRK
SP000439,SP003134,4,MAN,YRK,NCL
SP000439,SP003279,4,MAN,YRK,YRK
SP000439,SP003960,4,MAN,YRK,YRK
SP000439,SP004027,3,MAN,YRK,RCC
SP000439,SP004138,4,MAN,YRK,DAR
SP000440,SP000446,17,SCA,SHF,SHF
SP000440,SP001179,12,SCA,SHF,YRK
SP000440,SP001204,6,SCA,SHF,HUL
SP000440,SP002990,6,SCA,SHF,SHF
SP000440,SP004250,12,SCA,SHF,SHF
SP000441,SP000671,6,ASL,NCL,NCL
SP000442,SP000450,3,KGX,SVG,EDB
SP000442,SP000521,3,KGX,SVG,LCN
SP000442,SP000529,3,KGX,SVG,LDS
SP000442,SP000698,3,KGX,SVG,NCL
SP000442,SP000700,3,KGX,SVG,BDQ
SP000442,SP000799,3,KGX,SVG,BDI
SP000442,SP000920,3,KGX,SVG,KLN
SP000442,SP000930,3,KGX,SVG,ELY
SP000442,SP000950,3,KGX,SVG,YRK
SP000442,SP000952,3,KGX,SVG,MBR
SP000442,SP000958,3,KGX,SVG,ABD
SP000442,SP000991,6,KGX,SVG,CBG
SP000442,SP000999,3,KGX,SVG,DON
SP000442,SP001003,3,KGX,SVG,HGT
SP000442,SP001007,3,KGX,SVG,CBG
SP000442,SP001047,3,KGX,SVG,SKI
SP000442,SP001120,3,KGX,SVG,PBO
SP000442,SP001176,3,KGX,SVG,KLN
SP000442,SP001594,3,KGX,SVG,HUL
SP000442,SP001605,3,KGX,SVG,PBO
SP000442,SP001726,3,KGX,SVG,CBG
SP000442,SP001727,3,KGX,SVG,CBG
SP000442,SP001880,3,KGX,SVG,BEV
SP000442,SP002020,3,KGX,SVG,PBO
SP000442,SP002317,3,KGX,SVG,NCL
SP000442,SP002335,3,KGX,SVG,LDS
SP000442,SP002354,3,KGX,SVG,RYS
SP000442,SP002363,3,KGX,SVG,LET
SP000442,SP002493,14,KGX,SVG,HFN
SP000442,SP002494,8,KGX,SVG,RYS
SP000442,SP002502,12,KGX,SVG,CBG
SP000442,SP002602,6,KGX,SVG,WGC
SP000442,SP002623,9,KGX,SVG,PBO
SP000442,SP002755,3,KGX,SVG,CBG
SP000442,SP002757,3,KGX,SVG,CBG
SP000442,SP002761,3,KGX,SVG,LET
SP000442,SP002762,3,KGX,SVG,CBG
SP000442,SP002765,6,KGX,SVG,CBG
SP000442,SP002914,3,KGX,SVG,KLN
SP000442,SP002940,3,KGX,SVG,EDB
SP000442,SP002953,3,KGX,SVG,EDB
SP000442,SP002960,3,KGX,SVG,LDS
SP000442,SP002973,16,KGX,SVG,HFN
SP000442,SP003030,6,KGX,SVG,WGC
SP000442,SP003175,12,KGX,SVG,HFN
SP000442,SP003176,3,KGX,SVG,RYS
SP000442,SP003225,3,KGX,SVG,WGC
SP000442,SP003254,3,KGX,SVG,PBO
SP000442,SP003540,3,KGX,SVG,GLQ
SP000442,SP003600,3,KGX,SVG,CBG
SP000442,SP003658,3,KGX,SVG,ELY
SP000442,SP003667,3,KGX,SVG,YRK
SP000442,SP003669,3,KGX,SVG,INV
SP000442,SP003855,3,KGX,SVG,ABD
SP000442,SP003859,3,KGX,SVG,LDS
SP000442,SP004237,6,KGX,SVG,PBO
SP000444,SP000909,19,SRA,IMW,WJL
SP000444,SP001619,10,SRA,IMW,CMD
SP000444,SP001698,20,SRA,IMW,WJH
SP000445,SP000537,14,EDB,BHM,KGX
SP000445,SP001429,9,EDB,BHM,NCL
SP000445,SP001671,33,EDB,BHM,PLY
SP000445,SP001674,33,EDB,BHM,CDF
SP000445,SP001676,33,EDB,BHM,PLY
SP000445,SP001680,33,EDB,BHM,BRI
SP000445,SP001876,33,EDB,BHM,PNZ
SP000445,SP001877,14,EDB,BHM,KGX
SP000445,SP002344,14,EDB,BHM,KGX
SP000445,SP002854,8,EDB,BHM,NCL
SP000445,SP002942,10,EDB,BHM,KGX
SP000445,SP002958,14,EDB,BHM,KGX
SP000445,SP003384,33,EDB,BHM,BRI
SP000445,SP003476,14,EDB,BHM,KGX
SP000445,SP004602,14,EDB,BHM,KGX
SP000446,SP001179,12,SCA,SHF,YRK
SP000446,SP001204,6,SCA,SHF,HUL
SP000446,SP002990,6,SCA,SHF,SHF
SP000446,SP004250,12,SCA,SHF,SHF
SP000447,SP001276,3,EAD,DKG,CSS
SP000447,SP001374,9,EAD,DKG,GLD
SP000447,SP001376,9,EAD,DKG,GLD
SP000448,SP001415,9,COL,LST,LST
SP000448,SP004150,13,COL,LST,LST
SP000448,SP004561,9,COL,LST,LST
SP000449,SP000451,8,MBR,MCE,NCL
SP000449,SP002492,8,MBR,MCE,CAR
SP000449,SP002520,10,MBR,MCE,CAR
SP000449,SP002811,7,MBR,MCE,CAR
SP000449,SP002812,3,MBR,MCE,CAR
SP000449,SP002814,10,MBR,MCE,CAR
SP000449,SP002815,10,MBR,MCE,HEX
SP000450,SP000521,16,KGX,EDB,LCN
SP000450,SP000529,19,KGX,EDB,LDS
SP000450,SP000698,25,KGX,EDB,NCL
SP000450,SP000700,19,KGX,EDB,BDQ
SP000450,SP000799,19,KGX,EDB,BDI
SP000450,SP000920,9,KGX,EDB,KLN
SP000450,SP000930,9,KGX,EDB,ELY
SP000450,SP000950,20,KGX,EDB,YRK
SP000450,SP000952,22,KGX,EDB,MBR
SP000450,SP000958,33,KGX,EDB,ABD
SP000450,SP000991,3,KGX,EDB,CBG
SP000450,SP000999,19,KGX,EDB,DON
SP000450,SP001003,19,KGX,EDB,HGT
SP000450,SP001007,6,KGX,EDB,CBG
SP000450,SP001047,19,KGX,EDB,SKI
SP000450,SP001120,11,KGX,EDB,PBO
SP000450,SP001176,3,KGX,EDB,KLN
SP000450,SP001594,19,KGX,EDB,HUL
SP000450,SP001605,3,KGX,EDB,PBO
SP000450,SP001726,4,KGX,EDB,CBG
SP000450,SP001727,9,KGX,EDB,CBG
SP000450,SP001880,19,KGX,EDB,BEV
SP000450,SP002020,9,KGX,EDB,PBO
SP000450,SP002317,3,KGX,EDB,NCL
SP000450,SP002335,3,KGX,EDB,LDS
SP000450,SP002354,4,KGX,EDB,RYS
SP000450,SP002363,5,KGX,EDB,LET
SP000450,SP002493,3,KGX,EDB,HFN
SP000450,SP002494,3,KGX,EDB,RYS
SP000450,SP002502,3,KGX,EDB,CBG
SP000450,SP002602,3,KGX,EDB,WGC
SP000450,SP002623,3,KGX,EDB,PBO
SP000450,SP002755,4,KGX,EDB,CBG
SP000450,SP002757,4,KGX,EDB,CBG
SP000450,SP002761,4,KGX,EDB,LET
SP000450,SP002762,4,KGX,EDB,CBG
SP000450,SP002765,3,KGX,EDB,CBG
SP000450,SP002914,9,KGX,EDB,KLN
SP000450,SP002940,3,KGX,EDB,EDB
SP000450,SP002953,19,KGX,EDB,EDB
SP000450,SP002960,4,KGX,EDB,LDS
SP000450,SP002973,3,KGX,EDB,HFN
SP000450,SP003030,3,KGX,EDB,WGC
SP000450,SP003175,3,KGX,EDB,HFN
SP000450,SP003176,4,KGX,EDB,RYS
SP000450,SP003225,4,KGX,EDB,WGC
SP000450,SP003254,4,KGX,EDB,PBO
SP000450,SP003540,19,KGX,EDB,GLQ
SP000450,SP003600,9,KGX,EDB,CBG
SP000450,SP003658,4,KGX,EDB,ELY
SP000450,SP003667,4,KGX,EDB,YRK
SP000450,SP003669,33,KGX,EDB,INV
SP000450,SP003855,3,KGX,EDB,ABD
SP000450,SP003859,3,KGX,EDB,LDS
SP000450,SP004237,3,KGX,EDB,PBO
SP000451,SP002492,8,MBR,NCL,CAR
SP000451,SP002520,8,MBR,NCL,CAR
SP000451,SP002811,7,MBR,NCL,CAR
SP000451,SP002812,3,MBR,NCL,CAR
SP000451,SP002814,8,MBR,NCL,CAR
SP000451,SP002815,8,MBR,NCL,HEX
SP000452,SP000456,5,EXD,BNP,BNP
SP000453,SP000560,3,MIA,SCA,BPN
SP000453,SP000565,3,MIA,SCA,BPN
SP000453,SP000570,3,MIA,SCA,BPN
SP000453,SP000610,3,MIA,SCA,BPN
SP000453,SP001841,4,MIA,SCA,SHF
SP000453,SP001884,3,MIA,SCA,MAN
SP000453,SP003044,8,MIA,SCA,SHF
SP000453,SP003189,12,MIA,SCA,YRK
SP000453,SP003292,3,MIA,SCA,LAN
SP000453,SP003707,3,MIA,SCA,BPN
SP000453,SP004451,3,MIA,SCA,OXN
SP000453,SP004500,3,MIA,SCA,LIV
SP000454,SP000494,3,HUL,SHF,YRK
SP000454,SP000694,3,HUL,SHF,MAN
SP000454,SP000697,3,HUL,SHF,MAN
SP000454,SP000702,3,HUL,SHF,MAN
SP000454,SP001593,3,HUL,SHF,KGX
SP000454,SP002302,3,HUL,SHF,LDS
SP000454,SP002534,3,HUL,SHF,YRK
SP000454,SP002641,3,HUL,SHF,SBY
SP000454,SP003317,3,HUL,SHF,SHF
SP000454,SP003869,3,HUL,SHF,MAN
SP000454,SP003951,3,HUL,SHF,YRK
SP000454,SP003980,3,HUL,SHF,HFX
SP000454,SP004117,3,HUL,SHF,LDS
SP000454,SP004465,3,HUL,SHF,HFX
SP000455,SP000912,4,NCL,MPT,CHT
SP000455,SP004525,4,NCL,MPT,CHT
SP000457,SP000461,6,EXC,BNP,BNP
SP000457,SP000464,7,EXC,BNP,BNP
SP000457,SP001053,3,EXC,BNP,OKE
SP000458,SP000772,8,RET,LDS,NOT
SP000458,SP002933,8,RET,LDS,SHF
SP000459,SP000672,6,WEY,NEM,SOU
SP000459,SP000673,8,WEY,NEM,SOU
SP000459,SP001213,6,WEY,NEM,NEM
SP000459,SP001844,8,WEY,NEM,SOU
SP000459,SP001845,10,WEY,NEM,BMH
SP000459,SP002488,8,WEY,NEM,WOK
SP000459,SP003903,6,WEY,NEM,NEM
SP000459,SP004466,8,WEY,NEM,NEM
SP000461,SP000464,6,EXC,BNP,BNP
SP000461,SP001053,3,EXC,BNP,OKE
SP000462,SP000581,7,PAD,OXF,BRI
SP000462,SP000651,6,PAD,OXF,PLY
SP000462,SP000801,6,PAD,OXF,PLY
SP000462,SP000835,7,PAD,OXF,WSM
SP000462,SP000840,7,PAD,OXF,PNZ
SP000462,SP000848,8,PAD,OXF,WOS
SP000462,SP000858,7,PAD,OXF,OXF
SP000462,SP000862,7,PAD,OXF,CNM
SP000462,SP001654,6,PAD,OXF,NBY
SP000462,SP001823,7,PAD,OXF,SWA
SP000462,SP001838,7,PAD,OXF,SWA
SP000462,SP001939,6,PAD,OXF,RDG
SP000462,SP002174,7,PAD,OXF,WSM
SP000462,SP002183,7,PAD,OXF,WSM
SP000462,SP002209,6,PAD,OXF,EXD
SP000462,SP002216,6,PAD,OXF,NQY
SP000462,SP002711,6,PAD,OXF,BDW
SP000462,SP003385,6,PAD,OXF,PGN
SP000462,SP003417,7,PAD,OXF,CDF
SP000462,SP003420,7,PAD,OXF,WOS
SP000462,SP003428,6,PAD,OXF,WSB
SP000462,SP003429,7,PAD,OXF,CMN
SP000462,SP003434,7,PAD,OXF,SWA
SP000462,SP003440,7,PAD,OXF,SWA
SP000462,SP003448,7,PAD,OXF,TAU
SP000462,SP003480,6,PAD,OXF,PNZ
SP000462,SP003591,3,PAD,OXF,RDG
SP000462,SP003666,7,PAD,OXF,TAU
SP000462,SP003788,7,PAD,OXF,SWA
SP000462,SP004186,6,PAD,OXF,FRO
SP000462,SP004248,8,PAD,OXF,WPH
SP000462,SP004338,7,PAD,OXF,BPW
SP000462,SP004416,6,PAD,OXF,BDW
SP000462,SP004476,8,PAD,OXF,BAN
SP000462,SP004599,7,PAD,OXF,WOS
SP000463,SP000944,15,NEM,WEY,POO
SP000463,SP001030,5,NEM,WEY,GIL
SP000463,SP001041,5,NEM,WEY,SAL
SP000463,SP001068,5,NEM,WEY,WSB
SP000463,SP001071,5,NEM,WEY,YVP
SP000463,SP001122,3,NEM,WEY,PMH
SP000463,SP001124,3,NEM,WEY,PMH
SP000463,SP001157,3,NEM,WEY,PMH
SP000463,SP001172,4,NEM,WEY,PMH
SP000463,SP001181,4,NEM,WEY,PMH
SP000463,SP001186,5,NEM,WEY,YVP
SP000463,SP001187,5,NEM,WEY,YVJ
SP000463,SP001190,24,NEM,WEY,WEY
SP000463,SP001194,5,NEM,WEY,EXD
SP000463,SP001197,5,NEM,WEY,EXD
SP000463,SP001198,5,NEM,WEY,EXD
SP000463,SP001206,5,NEM,WEY,EXD
SP000463,SP001217,15,NEM,WEY,WEY
SP000463,SP001227,20,NEM,WEY,WEY
SP000463,SP001233,7,NEM,WEY,WEY
SP000463,SP001281,3,NEM,WEY,SOU
SP000463,SP001382,4,NEM,WEY,WEY
SP000463,SP001389,3,NEM,WEY,PMH
SP000463,SP001673,3,NEM,WEY,BSK
SP000463,SP001742,3,NEM,WEY,PMS
SP000463,SP001744,3,NEM,WEY,HSL
SP000463,SP001849,3,NEM,WEY,SOU
SP000463,SP001850,3,NEM,WEY,FRM
SP000463,SP003109,5,NEM,WEY,YVJ
SP000463,SP003123,3,NEM,WEY,PMH
SP000463,SP003518,3,NEM,WEY,AON
SP000463,SP003844,15,NEM,WEY,BMH
SP000463,SP003846,14,NEM,WEY,BMH
SP000463,SP003849,16,NEM,WEY,BMH
SP000463,SP003851,7,NEM,WEY,SOU
SP000463,SP003871,4,NEM,WEY,SAL
SP000463,SP003917,4,NEM,WEY,BMH
SP000463,SP003939,3,NEM,WEY,PTR
SP000463,SP004198,19,NEM,WEY,POO
SP000464,SP001053,3,EXC,BNP,OKE
SP000465,SP001706,11,LCN,LDS,SHF
SP000466,SP002526,4,DID,BAN,OXF
SP000467,SP000508,6,LDS,LCN,SHF
SP000467,SP000714,6,LDS,LCN,NOT
SP000468,SP000954,3,LDS,SHF,DON
SP000469,SP001846,7,NRW,CBG,LIV
SP000469,SP001847,7,NRW,CBG,LIV
SP000469,SP002697,10,NRW,CBG,SSD
SP000469,SP002700,3,NRW,CBG,SSD
SP000469,SP002948,7,NRW,CBG,DBY
SP000469,SP003953,7,NRW,CBG,SHF
SP000469,SP004275,7,NRW,CBG,MAN
SP000469,SP004379,7,NRW,CBG,ELY
SP000469,SP004518,7,NRW,CBG,LIV
SP000469,SP004628,7,NRW,CBG,LIV
SP000470,SP000474,3,MCV,CLH,CLH
SP000470,SP000577,3,MCV,CLH,SOP
SP000470,SP000579,3,MCV,CLH,SOP
SP000470,SP001616,3,MCV,CLH,BBN
SP000470,SP001684,3,MCV,CLH,BBN
SP000470,SP001689,7,MCV,CLH,BBN
SP000470,SP001775,3,MCV,CLH,WGN
SP000470,SP001802,3,MCV,CLH,HBL
SP000470,SP001860,3,MCV,CLH,WGN
SP000470,SP001890,3,MCV,CLH,SOP
SP000470,SP002005,3,MCV,CLH,WGW
SP000470,SP002011,3,MCV,CLH,HBL
SP000470,SP002012,3,MCV,CLH,HBL
SP000470,SP002018,3,MCV,CLH,WGN
SP000470,SP002019,3,MCV,CLH,WGW
SP000470,SP002341,3,MCV,CLH,WGW
SP000470,SP002390,3,MCV,CLH,SOP
SP000470,SP003433,3,MCV,CLH,HBL
SP000470,SP003824,3,MCV,CLH,WGW
SP000471,SP000473,10,EXC,BNP,BNP
SP000471,SP000475,7,EXC,BNP,BNP
SP000471,SP001059,4,EXC,BNP,OKE
SP000472,SP001150,8,CDF,BGN,BYI
SP000473,SP000475,7,EXC,BNP,BNP
SP000473,SP001059,4,EXC,BNP,OKE
SP000474,SP000577,4,MCV,CLH,SOP
SP000474,SP000579,3,MCV,CLH,SOP
SP000474,SP001616,6,MCV,CLH,BBN
SP000474,SP001684,9,MCV,CLH,BBN
SP000474,SP001689,3,MCV,CLH,BBN
SP000474,SP001775,3,MCV,CLH,WGN
SP000474,SP001802,3,MCV,CLH,HBL
SP000474,SP001860,3,MCV,CLH,WGN
SP000474,SP001890,3,MCV,CLH,SOP
SP000474,SP002005,3,MCV,CLH,WGW
SP000474,SP002011,3,MCV,CLH,HBL
SP000474,SP002012,3,MCV,CLH,HBL
SP000474,SP002018,3,MCV,CLH,WGN
SP000474,SP002019,3,MCV,CLH,WGW
SP000474,SP002341,3,MCV,CLH,WGW
SP000474,SP002390,3,MCV,CLH,SOP
SP000474,SP003433,3,MCV,CLH,HBL
SP000474,SP003824,3,MCV,CLH,WGW
SP000475,SP001059,4,EXC,BNP,OKE
SP000476,SP001405,30,RDG,NCL,YRK
SP000476,SP001413,27,RDG,NCL,NCL
SP000476,SP003374,16,RDG,NCL,MAN
SP000477,SP000659,5,CHX,GLM,ORP
SP000477,SP000668,5,CHX,GLM,AFK
SP000477,SP000670,5,CHX,GLM,MDE
SP000477,SP000732,4,CHX,GLM,HYS
SP000477,SP000756,3,CHX,GLM,DFD
SP000477,SP000766,4,CHX,GLM,HYS
SP000477,SP000908,3,CHX,GLM,DFD
SP000477,SP000922,3,CHX,GLM,DFD
SP000477,SP000986,3,CHX,GLM,GRV
SP000477,SP001044,5,CHX,GLM,RAM
SP000477,SP001137,5,CHX,GLM,SEV
SP000477,SP001138,5,CHX,GLM,ORP
SP000477,SP001883,5,CHX,GLM,HGS
SP000477,SP001892,5,CHX,GLM,DVP
SP000477,SP002505,3,CHX,GLM,GRV
SP000477,SP002537,5,CHX,GLM,TBW
SP000477,SP002807,5,CHX,GLM,DVP
SP000477,SP002969,3,CHX,GLM,DFD
SP000477,SP002976,5,CHX,GLM,CBW
SP000477,SP002979,3,CHX,GLM,SEV
SP000477,SP003068,3,CHX,GLM,HYS
SP000477,SP003156,3,CHX,GLM,CST
SP000477,SP003188,3,CHX,GLM,ORP
SP000477,SP003200,4,CHX,GLM,TBW
SP000477,SP003315,3,CHX,GLM,GRV
SP000477,SP003387,5,CHX,GLM,DVP
SP000477,SP003400,5,CHX,GLM,RAM
SP000477,SP003760,3,CHX,GLM,GRV
SP000477,SP004546,5,CHX,GLM,HGS
SP000477,SP004547,5,CHX,GLM,HGS
SP000477,SP004549,5,CHX,GLM,HGS
SP000477,SP004551,5,CHX,GLM,HGS
SP000478,SP002278,6,CNM,SWI,PAD
SP000478,SP003435,6,CNM,SWI,PAD
SP000479,SP000491,18,RAM,XVJ,XVJ
SP000479,SP000498,10,RAM,XVJ,XVJ
SP000479,SP000503,10,RAM,XVJ,XVJ
SP000479,SP000551,10,RAM,XVJ,FAV
SP000479,SP003059,10,RAM,XVJ,GLM
SP000479,SP003378,10,RAM,XVJ,XVJ
SP000479,SP004534,21,RAM,XVJ,CST
SP000479,SP004587,10,RAM,XVJ,XVJ
SP000479,SP004640,10,RAM,XVJ,RTR
SP000480,SP001396,5,BHM,EDB,NOT
SP000480,SP001397,9,BHM,EDB,NOT
SP000480,SP001398,5,BHM,EDB,NOT
SP000480,SP001399,5,BHM,EDB,NOT
SP000480,SP001468,4,BHM,EDB,LEI
SP000480,SP001470,4,BHM,EDB,LEI
SP000480,SP001477,4,BHM,EDB,SSD
SP000480,SP001485,4,BHM,EDB,SSD
SP000480,SP001508,4,BHM,EDB,CBG
SP000480,SP001520,4,BHM,EDB,CBG
SP000480,SP001735,5,BHM,EDB,NOT
SP000480,SP004096,8,BHM,EDB,NOT
SP000480,SP004104,4,BHM,EDB,LEI
SP000481,SP000487,20,DVP,XVJ,XVJ
SP000481,SP000496,11,DVP,XVJ,FAV
SP000481,SP000556,11,DVP,XVJ,XVJ
SP000481,SP000567,4,DVP,XVJ,FAV
SP000481,SP004588,20,DVP,XVJ,XVJ
SP000483,SP001296,3,NOT,CDF,STP
SP000483,SP001434,9,NOT,CDF,BHM
SP000483,SP001462,6,NOT,CDF,BHM
SP000483,SP001601,3,NOT,CDF,BMH
SP000483,SP001645,27,NOT,CDF,GCR
SP000483,SP002628,6,NOT,CDF,MAT
SP000483,SP003251,6,NOT,CDF,CRE
SP000483,SP003381,29,NOT,CDF,CDF
SP000483,SP003404,3,NOT,CDF,LEI
SP000483,SP004260,3,NOT,CDF,STP
SP000484,SP000493,9,BRI,WSB,FRO
SP000484,SP000608,4,BRI,WSB,BTH
SP000484,SP002415,9,BRI,WSB,SAL
SP000484,SP002423,9,BRI,WSB,WMN
SP000484,SP002644,9,BRI,WSB,WEY
SP000484,SP003224,4,BRI,WSB,WEY
SP000484,SP003409,9,BRI,WSB,PMH
SP000484,SP003532,9,BRI,WSB,SAL
SP000485,SP001442,4,MAN,CTR,CTR
SP000486,SP002357,9,EXD,PNZ,PNZ
SP000486,SP002359,9,EXD,PNZ,PNZ
SP000486,SP002366,8,EXD,PNZ,PNZ
SP000486,SP002369,8,EXD,PNZ,PNZ
SP000486,SP002371,8,EXD,PNZ,PNZ
SP000486,SP004513,8,EXD,PNZ,PLY
SP000487,SP000496,11,DVP,XVJ,FAV
SP000487,SP000556,11,DVP,XVJ,XVJ
SP000487,SP000567,4,DVP,XVJ,FAV
SP000487,SP004588,20,DVP,XVJ,XVJ
SP000489,SP000828,3,CTR,MAN,LIV
SP000489,SP001452,4,CTR,MAN,MAN
SP000489,SP001500,6,CTR,MAN,MAN
SP000489,SP002223,4,CTR,MAN,MIA
SP000489,SP002787,4,CTR,MAN,MIA
SP000489,SP003604,3,CTR,MAN,LIV
SP000490,SP001525,5,STR,GLC,AYR
SP000490,SP001528,9,STR,GLC,KMK
SP000491,SP000498,10,RAM,XVJ,XVJ
SP000491,SP000503,10,RAM,XVJ,XVJ
SP000491,SP000551,10,RAM,XVJ,FAV
SP000491,SP003059,10,RAM,XVJ,GLM
SP000491,SP003378,10,RAM,XVJ,XVJ
SP000491,SP004534,18,RAM,XVJ,CST
SP000491,SP004587,10,RAM,XVJ,XVJ
SP000491,SP004640,10,RAM,XVJ,RTR
SP000492,SP002084,3,GLC,PLY,EUS
SP000492,SP002085,3,GLC,PLY,EDB
SP000492,SP002229,3,GLC,PLY,CRE
SP000492,SP002478,3,GLC,PLY,EDB
SP000492,SP003323,3,GLC,PLY,MIA
SP000492,SP004009,3,GLC,PLY,EUS
SP000492,SP004010,3,GLC,PLY,EUS
SP000492,SP004033,3,GLC,PLY,EUS
SP000492,SP004044,3,GLC,PLY,EUS
SP000492,SP004110,3,GLC,PLY,EUS
SP000492,SP004515,3,GLC,PLY,EUS
SP000493,SP000608,4,BRI,FRO,BTH
SP000493,SP002415,9,BRI,FRO,SAL
SP000493,SP002423,9,BRI,FRO,WMN
SP000493,SP002644,10,BRI,FRO,WEY
SP000493,SP003224,4,BRI,FRO,WEY
SP000493,SP003409,9,BRI,FRO,PMH
SP000493,SP003532,9,BRI,FRO,SAL
SP000494,SP000694,5,HUL,YRK,MAN
SP000494,SP000697,5,HUL,YRK,MAN
SP000494,SP000702,5,HUL,YRK,MAN
SP000494,SP001593,5,HUL,YRK,KGX
SP000494,SP002302,5,HUL,YRK,LDS
SP000494,SP002534,3,HUL,YRK,YRK
SP000494,SP002641,5,HUL,YRK,SBY
SP000494,SP003317,3,HUL,YRK,SHF
SP000494,SP003869,5,HUL,YRK,MAN
SP000494,SP003951,3,HUL,YRK,YRK
SP000494,SP003980,5,HUL,YRK,HFX
SP000494,SP004117,5,HUL,YRK,LDS
SP000494,SP004465,5,HUL,YRK,HFX
SP000495,SP001812,6,EDB,ABD,HNT
SP000495,SP001944,10,EDB,ABD,ABD
SP000495,SP003718,5,EDB,ABD,ABD
SP000496,SP000556,11,DVP,FAV,XVJ
SP000496,SP000567,4,DVP,FAV,FAV
SP000496,SP004588,11,DVP,FAV,XVJ
SP000497,SP002051,7,KMK,STR,GIR
SP000497,SP002063,5,KMK,STR,AYR
SP000498,SP000503,19,RAM,XVJ,XVJ
SP000498,SP000551,10,RAM,XVJ,FAV
SP000498,SP003059,15,RAM,XVJ,GLM
SP000498,SP003378,19,RAM,XVJ,XVJ
SP000498,SP004534,10,RAM,XVJ,CST
SP000498,SP004587,19,RAM,XVJ,XVJ
SP000498,SP004640,17,RAM,XVJ,RTR
SP000499,SP001531,3,PTH,EDB,EDB
SP000499,SP002237,3,PTH,EDB,EDB
SP000499,SP002250,4,PTH,EDB,EDB
SP000500,SP003853,3,LEV,EDB,EDB
SP000501,SP001545,3,LDS,YRK,YRK
SP000501,SP002530,5,LDS,YRK,HUL
SP000501,SP002562,6,LDS,YRK,YRK
SP000501,SP003104,3,LDS,YRK,HUL
SP000501,SP003512,5,LDS,YRK,SBY
SP000501,SP003529,5,LDS,YRK,YRK
SP000501,SP003571,5,LDS,YRK,HUL
SP000502,SP000559,6,EDB,HLC,HLC
SP000502,SP001993,6,EDB,HLC,HLC
SP000502,SP003776,24,EDB,HLC,HLC
SP000502,SP003779,6,EDB,HLC,HLC
SP000502,SP003792,6,EDB,HLC,HLC
SP000502,SP003796,6,EDB,HLC,GRS
SP000502,SP003893,6,EDB,HLC,MLN
SP000502,SP003897,6,EDB,HLC,GRS
SP000502,SP003902,6,EDB,HLC,MLN
SP000502,SP004316,6,EDB,HLC,ADR
SP000502,SP004504,3,EDB,HLC,ABD
SP000502,SP004507,4,EDB,HLC,FTW
SP000503,SP000551,10,RAM,XVJ,FAV
SP000503,SP003059,15,RAM,XVJ,GLM
SP000503,SP003378,22,RAM,XVJ,XVJ
SP000503,SP004534,10,RAM,XVJ,CST
SP000503,SP004587,22,RAM,XVJ,XVJ
SP000503,SP004640,17,RAM,XVJ,RTR
SP000504,SP002934,7,SHF,RET,LCN
SP000504,SP002935,7,SHF,RET,WRK
SP000505,SP000681,3,YRK,LDS,MAN
SP000505,SP001648,3,YRK,LDS,PLY
SP000505,SP001863,7,YRK,LDS,BBN
SP000505,SP002307,3,YRK,LDS,MAN
SP000505,SP004276,7,YRK,LDS,BPN
SP000505,SP004460,4,YRK,LDS,MAN
SP000507,SP002121,9,HFD,WOS,BHM
SP000507,SP002122,8,HFD,WOS,BHM
SP000507,SP002309,9,HFD,WOS,PAD
SP000507,SP002864,9,HFD,WOS,PAD
SP000507,SP003443,9,HFD,WOS,PAD
SP000507,SP003875,8,HFD,WOS,BHM
SP000508,SP000714,6,LDS,SHF,NOT
SP000513,SP001347,3,SHF,LDS,MIA
SP000513,SP001881,3,SHF,LDS,MIA
SP000515,SP001644,5,LDS,SHF,PLY
SP000516,SP001054,10,LDS,KGX,KGX
SP000516,SP001300,14,LDS,KGX,KGX
SP000517,SP002671,11,EXM,EXD,PGN
SP000517,SP002677,11,EXM,EXD,PGN
SP000517,SP003514,11,EXM,EXD,CDF
SP000517,SP003517,11,EXM,EXD,BNP
SP000517,SP004333,11,EXM,EXD,PGN
SP000518,SP000550,8,PGN,EXD,EXM
SP000518,SP000558,7,PGN,EXD,EXM
SP000518,SP001152,10,PGN,EXD,EXM
SP000518,SP001156,7,PGN,EXD,EXM
SP000518,SP001165,10,PGN,EXD,EXM
SP000518,SP001167,7,PGN,EXD,EXM
SP000518,SP001168,8,PGN,EXD,EXM
SP000518,SP001542,7,PGN,EXD,MAN
SP000518,SP001556,7,PGN,EXD,MAN
SP000518,SP002411,8,PGN,EXD,EXD
SP000518,SP002570,10,PGN,EXD,BRI
SP000518,SP003285,7,PGN,EXD,EXD
SP000518,SP003415,7,PGN,EXD,PAD
SP000518,SP003513,10,PGN,EXD,CDF
SP000518,SP004093,7,PGN,EXD,BRI
SP000518,SP004167,7,PGN,EXD,PAD
SP000520,SP002187,9,LDS,CAR,SKI
SP000521,SP000529,16,KGX,LCN,LDS
SP000521,SP000698,16,KGX,LCN,NCL
SP000521,SP000700,16,KGX,LCN,BDQ
SP000521,SP000799,16,KGX,LCN,BDI
SP000521,SP000920,9,KGX,LCN,KLN
SP000521,SP000930,9,KGX,LCN,ELY
SP000521,SP000950,16,KGX,LCN,YRK
SP000521,SP000952,16,KGX,LCN,MBR
SP000521,SP000958,16,KGX,LCN,ABD
SP000521,SP000991,3,KGX,LCN,CBG
SP000521,SP000999,16,KGX,LCN,DON
SP000521,SP001003,16,KGX,LCN,HGT
SP000521,SP001007,6,KGX,LCN,CBG
SP000521,SP001047,16,KGX,LCN,SKI
SP000521,SP001120,11,KGX,LCN,PBO
SP000521,SP001176,3,KGX,LCN,KLN
SP000521,SP001594,16,KGX,LCN,HUL
SP000521,SP001605,3,KGX,LCN,PBO
SP000521,SP001726,4,KGX,LCN,CBG
SP000521,SP001727,9,KGX,LCN,CBG
SP000521,SP001880,16,KGX,LCN,BEV
SP000521,SP002020,9,KGX,LCN,PBO
SP000521,SP002317,3,KGX,LCN,NCL
SP000521,SP002335,3,KGX,LCN,LDS
SP000521,SP002354,4,KGX,LCN,RYS
SP000521,SP002363,5,KGX,LCN,LET
SP000521,SP002493,3,KGX,LCN,HFN
SP000521,SP002494,3,KGX,LCN,RYS
SP000521,SP002502,3,KGX,LCN,CBG
SP000521,SP002602,3,KGX,LCN,WGC
SP000521,SP002623,3,KGX,LCN,PBO
SP000521,SP002755,4,KGX,LCN,CBG
SP000521,SP002757,4,KGX,LCN,CBG
SP000521,SP002761,4,KGX,LCN,LET
SP000521,SP002762,4,KGX,LCN,CBG
SP000521,SP002765,3,KGX,LCN,CBG
SP000521,SP002914,9,KGX,LCN,KLN
SP000521,SP002940,3,KGX,LCN,EDB
SP000521,SP002953,16,KGX,LCN,EDB
SP000521,SP002960,4,KGX,LCN,LDS
SP000521,SP002973,3,KGX,LCN,HFN
SP000521,SP003030,3,KGX,LCN,WGC
SP000521,SP003175,3,KGX,LCN,HFN
SP000521,SP003176,4,KGX,LCN,RYS
SP000521,SP003225,4,KGX,LCN,WGC
SP000521,SP003254,4,KGX,LCN,PBO
SP000521,SP003540,16,KGX,LCN,GLQ
SP000521,SP003600,9,KGX,LCN,CBG
SP000521,SP003658,4,KGX,LCN,ELY
SP000521,SP003667,4,KGX,LCN,YRK
SP000521,SP003669,16,KGX,LCN,INV
SP000521,SP003855,3,KGX,LCN,ABD
SP000521,SP003859,3,KGX,LCN,LDS
SP000521,SP004237,3,KGX,LCN,PBO
SP000522,SP000527,4,BRI,WOF,GCR
SP000522,SP000531,6,BRI,WOF,GCR
SP000522,SP001507,3,BRI,WOF,CDF
SP000522,SP001522,4,BRI,WOF,SSD
SP000522,SP001533,4,BRI,WOF,MAN
SP000522,SP001546,4,BRI,WOF,MAN
SP000522,SP001559,4,BRI,WOF,BHM
SP000522,SP002930,4,BRI,WOF,BHM
SP000522,SP003494,11,BRI,WOF,GMV
SP000522,SP003965,4,BRI,WOF,EDB
SP000522,SP004183,3,BRI,WOF,PAD
SP000522,SP004570,3,BRI,WOF,PAD
SP000523,SP002027,10,SPR,MLN,BHC
SP000523,SP004305,10,SPR,MLN,GRS
SP000525,SP001357,3,BDQ,ILK,LDS
SP000525,SP001902,3,BDQ,ILK,SKI
SP000525,SP002316,3,BDQ,ILK,SHY
SP000525,SP002786,3,BDQ,ILK,LAN
SP000526,SP000528,21,DMR,WFF,MTH
SP000526,SP002694,12,DMR,WFF,RUT
SP000526,SP003001,15,DMR,WFF,CUB
SP000526,SP003003,15,DMR,WFF,MTH
SP000526,SP003916,8,DMR,WFF,EDB
SP000526,SP004206,8,DMR,WFF,EDB
SP000526,SP004235,21,DMR,WFF,CRS
SP000527,SP000531,4,BRI,GCR,GCR
SP000527,SP001507,3,BRI,GCR,CDF
SP000527,SP001522,5,BRI,GCR,SSD
SP000527,SP001533,4,BRI,GCR,MAN
SP000527,SP001546,4,BRI,GCR,MAN
SP000527,SP001559,4,BRI,GCR,BHM
SP000527,SP002930,4,BRI,GCR,BHM
SP000527,SP003494,4,BRI,GCR,GMV
SP000527,SP003965,4,BRI,GCR,EDB
SP000527,SP004183,3,BRI,GCR,PAD
SP000527,SP004570,3,BRI,GCR,PAD
SP000528,SP002694,12,DMR,MTH,RUT
SP000528,SP003001,15,DMR,MTH,CUB
SP000528,SP003003,15,DMR,MTH,MTH
SP000528,SP003916,8,DMR,MTH,EDB
SP000528,SP004206,8,DMR,MTH,EDB
SP000528,SP004235,22,DMR,MTH,CRS
SP000529,SP000698,19,KGX,LDS,NCL
SP000529,SP000700,22,KGX,LDS,BDQ
SP000529,SP000799,20,KGX,LDS,BDI
SP000529,SP000920,9,KGX,LDS,KLN
SP000529,SP000930,9,KGX,LDS,ELY
SP000529,SP000950,19,KGX,LDS,YRK
SP000529,SP000952,19,KGX,LDS,MBR
SP000529,SP000958,19,KGX,LDS,ABD
SP000529,SP000991,3,KGX,LDS,CBG
SP000529,SP000999,19,KGX,LDS,DON
SP000529,SP001003,22,KGX,LDS,HGT
SP000529,SP001007,6,KGX,LDS,CBG
SP000529,SP001047,22,KGX,LDS,SKI
SP000529,SP001120,11,KGX,LDS,PBO
SP000529,SP001176,3,KGX,LDS,KLN
SP000529,SP001594,19,KGX,LDS,HUL
SP000529,SP001605,3,KGX,LDS,PBO
SP000529,SP001726,4,KGX,LDS,CBG
SP000529,SP001727,9,KGX,LDS,CBG
SP000529,SP001880,19,KGX,LDS,BEV
SP000529,SP002020,9,KGX,LDS,PBO
SP000529,SP002317,3,KGX,LDS,NCL
SP000529,SP002335,3,KGX,LDS,LDS
SP000529,SP002354,4,KGX,LDS,RYS
SP000529,SP002363,5,KGX,LDS,LET
SP000529,SP002493,3,KGX,LDS,HFN
SP000529,SP002494,3,KGX,LDS,RYS
SP000529,SP002502,3,KGX,LDS,CBG
SP000529,SP002602,3,KGX,LDS,WGC
SP000529,SP002623,3,KGX,LDS,PBO
SP000529,SP002755,4,KGX,LDS,CBG
SP000529,SP002757,4,KGX,LDS,CBG
SP000529,SP002761,4,KGX,LDS,LET
SP000529,SP002762,4,KGX,LDS,CBG
SP000529,SP002765,3,KGX,LDS,CBG
SP000529,SP002914,9,KGX,LDS,KLN
SP000529,SP002940,3,KGX,LDS,EDB
SP000529,SP002953,19,KGX,LDS,EDB
SP000529,SP002960,4,KGX,LDS,LDS
SP000529,SP002973,3,KGX,LDS,HFN
SP000529,SP003030,3,KGX,LDS,WGC
SP000529,SP003175,3,KGX,LDS,HFN
SP000529,SP003176,4,KGX,LDS,RYS
SP000529,SP003225,4,KGX,LDS,WGC
SP000529,SP003254,4,KGX,LDS,PBO
SP000529,SP003540,19,KGX,LDS,GLQ
SP000529,SP003600,9,KGX,LDS,CBG
SP000529,SP003658,4,KGX,LDS,ELY
SP000529,SP003667,4,KGX,LDS,YRK
SP000529,SP003669,19,KGX,LDS,INV
SP000529,SP003855,3,KGX,LDS,ABD
SP000529,SP003859,3,KGX,LDS,LDS
SP000529,SP004237,3,KGX,LDS,PBO
SP000531,SP001507,3,BRI,GCR,CDF
SP000531,SP001522,4,BRI,GCR,SSD
SP000531,SP001533,4,BRI,GCR,MAN
SP000531,SP001546,4,BRI,GCR,MAN
SP000531,SP001559,4,BRI,GCR,BHM
SP000531,SP002930,4,BRI,GCR,BHM
SP000531,SP003494,6,BRI,GCR,GMV
SP000531,SP003965,4,BRI,GCR,EDB
SP000531,SP004183,3,BRI,GCR,PAD
SP000531,SP004570,3,BRI,GCR,PAD
SP000533,SP000868,8,EUS,BHM,LIV
SP000533,SP000882,8,EUS,BHM,WVH
SP000533,SP000885,8,EUS,BHM,CRE
SP000533,SP000892,8,EUS,BHM,GLC
SP000533,SP001313,8,EUS,BHM,HHD
SP000533,SP001325,4,EUS,BHM,TRI
SP000533,SP001327,5,EUS,BHM,TRI
SP000533,SP001329,5,EUS,BHM,TRI
SP000533,SP001343,8,EUS,BHM,NMP
SP000533,SP001346,8,EUS,BHM,CRE
SP000533,SP001451,5,EUS,BHM,BLY
SP000533,SP001454,5,EUS,BHM,BLY
SP000533,SP001807,8,EUS,BHM,GLC
SP000533,SP002179,8,EUS,BHM,GLC
SP000533,SP002202,25,EUS,BHM,WSL
SP000533,SP002261,5,EUS,BHM,NMP
SP000533,SP002327,4,EUS,BHM,MKC
SP000533,SP002647,5,EUS,BHM,MKC
SP000533,SP002648,4,EUS,BHM,NMP
SP000533,SP002655,5,EUS,BHM,SAA
SP000533,SP002872,8,EUS,BHM,CTR
SP000533,SP003031,8,EUS,BHM,MAN
SP000533,SP003036,22,EUS,BHM,BHM
SP000533,SP003114,8,EUS,BHM,LIV
SP000533,SP003191,8,EUS,BHM,BPN
SP000533,SP003207,8,EUS,BHM,LIV
SP000533,SP003300,8,EUS,BHM,WRX
SP000533,SP003360,8,EUS,BHM,EDB
SP000533,SP003475,8,EUS,BHM,WVH
SP000533,SP003568,8,EUS,BHM,WVH
SP000533,SP003958,8,EUS,BHM,INV
SP000533,SP004012,8,EUS,BHM,GLC
SP000533,SP004017,8,EUS,BHM,PRE
SP000533,SP004025,8,EUS,BHM,PRE
SP000533,SP004034,8,EUS,BHM,CRE
SP000533,SP004036,8,EUS,BHM,GLC
SP000533,SP004111,8,EUS,BHM,GLC
SP000533,SP004121,4,EUS,BHM,NMP
SP000533,SP004127,4,EUS,BHM,NMP
SP000533,SP004131,5,EUS,BHM,BHM
SP000533,SP004188,8,EUS,BHM,CRE
SP000533,SP004207,8,EUS,BHM,CRE
SP000533,SP004232,8,EUS,BHM,INV
SP000533,SP004384,8,EUS,BHM,WVH
SP000533,SP004399,8,EUS,BHM,GLC
SP000533,SP004433,14,EUS,BHM,NMP
SP000533,SP004516,8,EUS,BHM,GLC
SP000533,SP004529,5,EUS,BHM,BHM
SP000534,SP001318,5,QPW,KNT,KNT
SP000534,SP003060,5,QPW,KNT,WMB
SP000534,SP003369,5,QPW,KNT,SBP
SP000535,SP001941,6,GLC,CAR,KMK
SP000535,SP002038,6,GLC,CAR,AYR
SP000535,SP002475,11,GLC,CAR,DMF
SP000535,SP003229,6,GLC,CAR,GIR
SP000536,SP000557,7,FST,GRY,PSE
SP000536,SP000594,7,FST,GRY,SOC
SP000536,SP000611,7,FST,GRY,LES
SP000536,SP000619,3,FST,GRY,SRY
SP000536,SP000632,3,FST,GRY,SRY
SP000536,SP000638,3,FST,GRY,SOC
SP000536,SP000643,3,FST,GRY,GRY
SP000536,SP000649,3,FST,GRY,PSE
SP000536,SP002441,3,FST,GRY,SRY
SP000536,SP002442,3,FST,GRY,SOC
SP000536,SP002453,3,FST,GRY,SRY
SP000536,SP002459,3,FST,GRY,SRY
SP000536,SP002462,3,FST,GRY,SOC
SP000536,SP002484,3,FST,GRY,LAI
SP000536,SP003328,3,FST,GRY,SFO
SP000536,SP003831,3,FST,GRY,LES
SP000537,SP001429,9,EDB,KGX,NCL
SP000537,SP001671,14,EDB,KGX,PLY
SP000537,SP001674,14,EDB,KGX,CDF
SP000537,SP001676,14,EDB,KGX,PLY
SP000537,SP001680,14,EDB,KGX,BRI
SP000537,SP001876,14,EDB,KGX,PNZ
SP000537,SP001877,21,EDB,KGX,KGX
SP000537,SP002344,21,EDB,KGX,KGX
SP000537,SP002854,8,EDB,KGX,NCL
SP000537,SP002942,10,EDB,KGX,KGX
SP000537,SP002958,25,EDB,KGX,KGX
SP000537,SP003384,14,EDB,KGX,BRI
SP000537,SP003476,27,EDB,KGX,KGX
SP000537,SP004602,21,EDB,KGX,KGX
SP000538,SP000891,32,SHR,SWA,LLE
SP000538,SP002888,3,SHR,SWA,FGH
SP000538,SP003108,3,SHR,SWA,CDF
SP000538,SP003868,3,SHR,SWA,LLO
SP000539,SP000578,3,MAN,HDF,HUL
SP000539,SP000593,3,MAN,HDF,HUL
SP000539,SP000652,3,MAN,HDF,YRK
SP000539,SP000661,3,MAN,HDF,NCL
SP000539,SP000678,3,MAN,HDF,RCC
SP000539,SP000719,3,MAN,HDF,RCC
SP000539,SP001110,3,MAN,HDF,WKK
SP000539,SP001561,3,MAN,HDF,RCC
SP000539,SP001632,3,MAN,HDF,HDF
SP000539,SP002149,3,MAN,HDF,YRK
SP000539,SP002978,3,MAN,HDF,YRK
SP000539,SP003048,3,MAN,HDF,NCL
SP000539,SP003058,3,MAN,HDF,HUL
SP000539,SP003072,3,MAN,HDF,SLB
SP000539,SP003074,3,MAN,HDF,YRK
SP000539,SP003075,3,MAN,HDF,YRK
SP000539,SP003134,3,MAN,HDF,NCL
SP000539,SP003279,3,MAN,HDF,YRK
SP000539,SP003960,3,MAN,HDF,YRK
SP000539,SP004027,3,MAN,HDF,RCC
SP000539,SP004138,3,MAN,HDF,DAR
SP000540,SP002312,7,WOS,DID,PAD
SP000540,SP003441,7,WOS,DID,PAD
SP000540,SP003811,7,WOS,DID,PAD
SP000541,SP004373,10,BNP,EXD,EXC
SP000543,SP001283,4,TRI,EUS,EUS
SP000543,SP001284,4,TRI,EUS,EUS
SP000543,SP001287,5,TRI,EUS,EUS
SP000543,SP002611,5,TRI,EUS,EUS
SP000547,SP004258,6,MRY,SEL,WTH
SP000548,SP001707,3,SHR,BHM,BHM
SP000548,SP001931,3,SHR,BHM,STA
SP000548,SP002065,7,SHR,BHM,BHM
SP000548,SP002066,7,SHR,BHM,BHM
SP000548,SP002701,3,SHR,BHM,BHM
SP000549,SP001459,16,MAN,BMH,BHM
SP000549,SP001609,3,MAN,BMH,BMH
SP000549,SP001666,17,MAN,BMH,PGN
SP000549,SP001669,17,MAN,BMH,PGN
SP000549,SP001672,17,MAN,BMH,BRI
SP000549,SP001731,3,MAN,BMH,SOT
SP000549,SP001774,29,MAN,BMH,RDG
SP000549,SP001780,3,MAN,BMH,SOT
SP000549,SP002857,3,MAN,BMH,MFH
SP000549,SP002858,3,MAN,BMH,CDF
SP000549,SP003253,8,MAN,BMH,EUS
SP000549,SP003266,13,MAN,BMH,EUS
SP000549,SP003377,38,MAN,BMH,SOU
SP000549,SP003485,3,MAN,BMH,CDF
SP000549,SP003488,3,MAN,BMH,CDF
SP000549,SP003492,3,MAN,BMH,CRE
SP000549,SP003590,3,MAN,BMH,FGH
SP000549,SP003617,3,MAN,BMH,CDF
SP000549,SP003676,3,MAN,BMH,CDF
SP000549,SP003678,3,MAN,BMH,FGH
SP000549,SP003686,3,MAN,BMH,PMD
SP000549,SP003692,3,MAN,BMH,CMN
SP000549,SP004023,8,MAN,BMH,EUS
SP000549,SP004209,3,MAN,BMH,SHR
SP000549,SP004402,3,MAN,BMH,MAC
SP000549,SP004565,3,MAN,BMH,MFH
SP000550,SP000558,7,PGN,EXM,EXM
SP000550,SP001152,8,PGN,EXM,EXM
SP000550,SP001156,7,PGN,EXM,EXM
SP000550,SP001165,8,PGN,EXM,EXM
SP000550,SP001167,7,PGN,EXM,EXM
SP000550,SP001168,13,PGN,EXM,EXM
SP000550,SP001542,7,PGN,EXM,MAN
SP000550,SP001556,7,PGN,EXM,MAN
SP000550,SP002411,11,PGN,EXM,EXD
SP000550,SP002570,8,PGN,EXM,BRI
SP000550,SP003285,7,PGN,EXM,EXD
SP000550,SP003415,7,PGN,EXM,PAD
SP000550,SP003513,8,PGN,EXM,CDF
SP000550,SP004093,7,PGN,EXM,BRI
SP000550,SP004167,7,PGN,EXM,PAD
SP000551,SP003059,10,RAM,FAV,GLM
SP000551,SP003378,10,RAM,FAV,XVJ
SP000551,SP004534,10,RAM,FAV,CST
SP000551,SP004587,10,RAM,FAV,XVJ
SP000551,SP004640,10,RAM,FAV,RTR
SP000552,SP000605,3,MYB,BSW,GER
SP000552,SP000607,3,MYB,BSW,GER
SP000552,SP000667,3,MYB,BSW,WRU
SP000552,SP001640,3,MYB,BSW,GER
SP000552,SP001643,5,MYB,BSW,HWY
SP000552,SP002429,5,MYB,BSW,AYS
SP000552,SP002777,6,MYB,BSW,OXF
SP000552,SP002783,6,MYB,BSW,OXF
SP000552,SP002792,3,MYB,BSW,HWY
SP000552,SP003190,3,MYB,BSW,AYS
SP000552,SP003198,6,MYB,BSW,BAN
SP000552,SP003410,3,MYB,BSW,OXF
SP000552,SP003867,11,MYB,BSW,OXF
SP000552,SP004114,5,MYB,BSW,BCS
SP000552,SP004157,20,MYB,BSW,BMO
SP000552,SP004159,3,MYB,BSW,AYS
SP000552,SP004182,3,MYB,BSW,AYS
SP000552,SP004185,5,MYB,BSW,BAN
SP000552,SP004191,20,MYB,BSW,SBJ
SP000552,SP004233,3,MYB,BSW,WRU
SP000552,SP004257,6,MYB,BSW,BMO
SP000552,SP004445,6,MYB,BSW,BAN
SP000552,SP004479,9,MYB,BSW,PRR
SP000552,SP004563,3,MYB,BSW,OXF
SP000552,SP004608,3,MYB,BSW,WCX
SP000552,SP004609,3,MYB,BSW,GER
SP000552,SP004626,5,MYB,BSW,OXF
SP000552,SP004635,3,MYB,BSW,BMO
SP000552,SP004637,3,MYB,BSW,AYS
SP000552,SP004639,5,MYB,BSW,BAN
SP000552,SP004641,6,MYB,BSW,BSW
SP000553,SP001443,3,SAV,LMS,BSW
SP000553,SP001446,3,SAV,LMS,BSW
SP000553,SP002052,3,SAV,LMS,WOF
SP000553,SP002758,3,SAV,LMS,KID
SP000553,SP003974,3,SAV,LMS,KID
SP000553,SP004162,8,SAV,LMS,MYB
SP000554,SP000612,10,LMS,BSW,BMO
SP000554,SP000635,4,LMS,BSW,BMO
SP000554,SP004102,6,LMS,BSW,WOF
SP000555,SP000609,7,BMO,LMS,LMS
SP000555,SP002430,7,BMO,LMS,MYB
SP000555,SP002741,3,BMO,LMS,SAV
SP000556,SP000567,4,DVP,XVJ,FAV
SP000556,SP004588,11,DVP,XVJ,XVJ
SP000557,SP000594,11,FST,PSE,SOC
SP000557,SP000611,11,FST,PSE,LES
SP000557,SP000619,3,FST,PSE,SRY
SP000557,SP000632,3,FST,PSE,SRY
SP000557,SP000638,3,FST,PSE,SOC
SP000557,SP000643,3,FST,PSE,GRY
SP000557,SP000649,3,FST,PSE,PSE
SP000557,SP002441,3,FST,PSE,SRY
SP000557,SP002442,3,FST,PSE,SOC
SP000557,SP002453,3,FST,PSE,SRY
SP000557,SP002459,3,FST,PSE,SRY
SP000557,SP002462,3,FST,PSE,SOC
SP000557,SP002484,3,FST,PSE,LAI
SP000557,SP003328,3,FST,PSE,SFO
SP000557,SP003831,3,FST,PSE,LES
SP000558,SP001152,7,PGN,EXM,EXM
SP000558,SP001156,10,PGN,EXM,EXM
SP000558,SP001165,7,PGN,EXM,EXM
SP000558,SP001167,10,PGN,EXM,EXM
SP000558,SP001168,7,PGN,EXM,EXM
SP000558,SP001542,7,PGN,EXM,MAN
SP000558,SP001556,7,PGN,EXM,MAN
SP000558,SP002411,7,PGN,EXM,EXD
SP000558,SP002570,7,PGN,EXM,BRI
SP000558,SP003285,7,PGN,EXM,EXD
SP000558,SP003415,7,PGN,EXM,PAD
SP000558,SP003513,7,PGN,EXM,CDF
SP000558,SP004093,7,PGN,EXM,BRI
SP000558,SP004167,7,PGN,EXM,PAD
SP000559,SP001993,24,EDB,HLC,HLC
SP000559,SP003776,6,EDB,HLC,HLC
SP000559,SP003779,24,EDB,HLC,HLC
SP000559,SP003792,17,EDB,HLC,HLC
SP000559,SP003796,24,EDB,HLC,GRS
SP000559,SP003893,11,EDB,HLC,MLN
SP000559,SP003897,11,EDB,HLC,GRS
SP000559,SP003902,26,EDB,HLC,MLN
SP000559,SP004316,11,EDB,HLC,ADR
SP000559,SP004504,3,EDB,HLC,ABD
SP000559,SP004507,4,EDB,HLC,FTW
SP000560,SP000565,10,MIA,BPN,BPN
SP000560,SP000570,10,MIA,BPN,BPN
SP000560,SP000610,8,MIA,BPN,BPN
SP000560,SP001841,3,MIA,BPN,SHF
SP000560,SP001884,3,MIA,BPN,MAN
SP000560,SP003044,3,MIA,BPN,SHF
SP000560,SP003189,3,MIA,BPN,YRK
SP000560,SP003292,5,MIA,BPN,LAN
SP000560,SP003707,13,MIA,BPN,BPN
SP000560,SP004451,8,MIA,BPN,OXN
SP000560,SP004500,5,MIA,BPN,LIV
SP000561,SP000601,3,LMS,SAV,BMO
SP000561,SP004556,4,LMS,SAV,SAV
SP000562,SP000978,16,SUO,SAC,BDM
SP000562,SP001203,28,SUO,SAC,BDM
SP000562,SP003055,16,SUO,SAC,BDM
SP000563,SP001491,4,LIT,SOU,SOU
SP000563,SP001797,4,LIT,SOU,CCH
SP000563,SP003913,11,LIT,SOU,PMS
SP000565,SP000570,19,MIA,BPN,BPN
SP000565,SP000610,8,MIA,BPN,BPN
SP000565,SP001841,3,MIA,BPN,SHF
SP000565,SP001884,3,MIA,BPN,MAN
SP000565,SP003044,3,MIA,BPN,SHF
SP000565,SP003189,3,MIA,BPN,YRK
SP000565,SP003292,5,MIA,BPN,LAN
SP000565,SP003707,10,MIA,BPN,BPN
SP000565,SP004451,8,MIA,BPN,OXN
SP000565,SP004500,5,MIA,BPN,LIV
SP000567,SP004588,4,DVP,FAV,XVJ
SP000568,SP001637,5,ECR,XSU,WFJ
SP000568,SP002522,5,ECR,XSU,BAK
SP000569,SP001564,3,YRK,LDS,SHF
SP000569,SP002048,3,YRK,LDS,HUL
SP000569,SP002547,3,YRK,LDS,HUL
SP000569,SP003080,4,YRK,LDS,LDS
SP000569,SP003407,3,YRK,LDS,BDT
SP000569,SP003873,3,YRK,LDS,SHF
SP000569,SP004221,4,YRK,LDS,BPN
SP000570,SP000610,8,MIA,BPN,BPN
SP000570,SP001841,3,MIA,BPN,SHF
SP000570,SP001884,3,MIA,BPN,MAN
SP000570,SP003044,3,MIA,BPN,SHF
SP000570,SP003189,3,MIA,BPN,YRK
SP000570,SP003292,5,MIA,BPN,LAN
SP000570,SP003707,10,MIA,BPN,BPN
SP000570,SP004451,8,MIA,BPN,OXN
SP000570,SP004500,5,MIA,BPN,LIV
SP000572,SP000613,4,AYS,PRR,MYB
SP000572,SP000650,4,AYS,PRR,MYB
SP000572,SP004486,4,AYS,PRR,MYB
SP000573,SP000575,12,PBO,HRH,HRH
SP000573,SP001121,5,PBO,HRH,KGX
SP000573,SP001499,8,PBO,HRH,HRH
SP000573,SP001501,8,PBO,HRH,HRH
SP000573,SP001504,11,PBO,HRH,HRH
SP000573,SP002023,8,PBO,HRH,HRH
SP000573,SP002028,11,PBO,HRH,HRH
SP000573,SP002033,11,PBO,HRH,HRH
SP000573,SP003303,8,PBO,HRH,KGX
SP000573,SP003549,8,PBO,HRH,KGX
SP000573,SP003599,8,PBO,HRH,KGX
SP000573,SP003991,8,PBO,HRH,HRH
SP000573,SP003992,8,PBO,HRH,HRH
SP000573,SP003994,8,PBO,HRH,KGX
SP000573,SP003996,8,PBO,HRH,KGX
SP000573,SP004155,8,PBO,HRH,HRH
SP000573,SP004339,8,PBO,HRH,HRH
SP000573,SP004341,8,PBO,HRH,HRH
SP000575,SP001121,5,PBO,HRH,KGX
SP000575,SP001499,8,PBO,HRH,HRH
SP000575,SP001501,8,PBO,HRH,HRH
SP000575,SP001504,11,PBO,HRH,HRH
SP000575,SP002023,8,PBO,HRH,HRH
SP000575,SP002028,11,PBO,HRH,HRH
SP000575,SP002033,11,PBO,HRH,HRH
SP000575,SP003303,8,PBO,HRH,KGX
SP000575,SP003549,8,PBO,HRH,KGX
SP000575,SP003599,8,PBO,HRH,KGX
SP000575,SP003991,8,PBO,HRH,HRH
SP000575,SP003992,8,PBO,HRH,HRH
SP000575,SP003994,8,PBO,HRH,KGX
SP000575,SP003996,8,PBO,HRH,KGX
SP000575,SP004155,8,PBO,HRH,HRH
SP000575,SP004339,8,PBO,HRH,HRH
SP000575,SP004341,8,PBO,HRH,HRH
SP000576,SP000644,6,BSW,BAN,MYB
SP000576,SP000655,6,BSW,BAN,BAN
SP000576,SP002760,4,BSW,BAN,LMS
SP000576,SP004174,11,BSW,BAN,LMS
SP000576,SP004634,13,BSW,BAN,MYB
SP000576,SP004645,6,BSW,BAN,MYB
SP000577,SP000579,3,MCV,SOP,SOP
SP000577,SP001616,4,MCV,SOP,BBN
SP000577,SP001684,4,MCV,SOP,BBN
SP000577,SP001689,3,MCV,SOP,BBN
SP000577,SP001775,3,MCV,SOP,WGN
SP000577,SP001802,3,MCV,SOP,HBL
SP000577,SP001860,3,MCV,SOP,WGN
SP000577,SP001890,3,MCV,SOP,SOP
SP000577,SP002005,3,MCV,SOP,WGW
SP000577,SP002011,3,MCV,SOP,HBL
SP000577,SP002012,3,MCV,SOP,HBL
SP000577,SP002018,3,MCV,SOP,WGN
SP000577,SP002019,3,MCV,SOP,WGW
SP000577,SP002341,3,MCV,SOP,WGW
SP000577,SP002390,3,MCV,SOP,SOP
SP000577,SP003433,3,MCV,SOP,HBL
SP000577,SP003824,3,MCV,SOP,WGW
SP000578,SP000593,4,MAN,HUL,HUL
SP000578,SP000652,4,MAN,HUL,YRK
SP000578,SP000661,12,MAN,HUL,NCL
SP000578,SP000678,12,MAN,HUL,RCC
SP000578,SP000719,11,MAN,HUL,RCC
SP000578,SP001110,4,MAN,HUL,WKK
SP000578,SP001561,7,MAN,HUL,RCC
SP000578,SP001632,3,MAN,HUL,HDF
SP000578,SP002149,4,MAN,HUL,YRK
SP000578,SP002978,7,MAN,HUL,YRK
SP000578,SP003048,7,MAN,HUL,NCL
SP000578,SP003058,10,MAN,HUL,HUL
SP000578,SP003072,12,MAN,HUL,SLB
SP000578,SP003074,4,MAN,HUL,YRK
SP000578,SP003075,7,MAN,HUL,YRK
SP000578,SP003134,10,MAN,HUL,NCL
SP000578,SP003279,7,MAN,HUL,YRK
SP000578,SP003960,12,MAN,HUL,YRK
SP000578,SP004027,3,MAN,HUL,RCC
SP000578,SP004138,12,MAN,HUL,DAR
SP000579,SP001616,3,MCV,SOP,BBN
SP000579,SP001684,3,MCV,SOP,BBN
SP000579,SP001689,3,MCV,SOP,BBN
SP000579,SP001775,10,MCV,SOP,WGN
SP000579,SP001802,3,MCV,SOP,HBL
SP000579,SP001860,3,MCV,SOP,WGN
SP000579,SP001890,3,MCV,SOP,SOP
SP000579,SP002005,3,MCV,SOP,WGW
SP000579,SP002011,3,MCV,SOP,HBL
SP000579,SP002012,3,MCV,SOP,HBL
SP000579,SP002018,3,MCV,SOP,WGN
SP000579,SP002019,3,MCV,SOP,WGW
SP000579,SP002341,10,MCV,SOP,WGW
SP000579,SP002390,3,MCV,SOP,SOP
SP000579,SP003433,3,MCV,SOP,HBL
SP000579,SP003824,3,MCV,SOP,WGW
SP000580,SP002092,3,CRE,STA,NOT
SP000580,SP002585,3,CRE,STA,LCN
SP000580,SP002587,3,CRE,STA,LCN
SP000580,SP002589,3,CRE,STA,LCN
SP000580,SP002591,3,CRE,STA,LCN
SP000580,SP002593,3,CRE,STA,LCN
SP000580,SP002598,3,CRE,STA,LCN
SP000580,SP002599,3,CRE,STA,LCN
SP000580,SP003047,3,CRE,STA,LCN
SP000581,SP000651,6,PAD,BRI,PLY
SP000581,SP000801,6,PAD,BRI,PLY
SP000581,SP000835,11,PAD,BRI,WSM
SP000581,SP000840,12,PAD,BRI,PNZ
SP000581,SP000848,7,PAD,BRI,WOS
SP000581,SP000858,8,PAD,BRI,OXF
SP000581,SP000862,9,PAD,BRI,CNM
SP000581,SP001654,6,PAD,BRI,NBY
SP000581,SP001823,8,PAD,BRI,SWA
SP000581,SP001838,9,PAD,BRI,SWA
SP000581,SP001939,6,PAD,BRI,RDG
SP000581,SP002174,12,PAD,BRI,WSM
SP000581,SP002183,12,PAD,BRI,WSM
SP000581,SP002209,6,PAD,BRI,EXD
SP000581,SP002216,6,PAD,BRI,NQY
SP000581,SP002711,6,PAD,BRI,BDW
SP000581,SP003385,6,PAD,BRI,PGN
SP000581,SP003417,9,PAD,BRI,CDF
SP000581,SP003420,9,PAD,BRI,WOS
SP000581,SP003428,6,PAD,BRI,WSB
SP000581,SP003429,9,PAD,BRI,CMN
SP000581,SP003434,9,PAD,BRI,SWA
SP000581,SP003440,9,PAD,BRI,SWA
SP000581,SP003448,12,PAD,BRI,TAU
SP000581,SP003480,6,PAD,BRI,PNZ
SP000581,SP003591,3,PAD,BRI,RDG
SP000581,SP003666,12,PAD,BRI,TAU
SP000581,SP003788,12,PAD,BRI,SWA
SP000581,SP004186,6,PAD,BRI,FRO
SP000581,SP004248,7,PAD,BRI,WPH
SP000581,SP004338,9,PAD,BRI,BPW
SP000581,SP004416,6,PAD,BRI,BDW
SP000581,SP004476,7,PAD,BRI,BAN
SP000581,SP004599,9,PAD,BRI,WOS
SP000584,SP000587,21,XVJ,RAM,DVP
SP000584,SP000599,19,XVJ,RAM,RAM
SP000584,SP000602,11,XVJ,RAM,DVP
SP000584,SP000620,19,XVJ,RAM,DVP
SP000584,SP000654,11,XVJ,RAM,FAV
SP000584,SP000753,3,XVJ,RAM,ORP
SP000584,SP000951,9,XVJ,RAM,AFK
SP000584,SP000953,9,XVJ,RAM,AFK
SP000584,SP000960,10,XVJ,RAM,AFK
SP000584,SP000964,9,XVJ,RAM,RAM
SP000584,SP001887,11,XVJ,RAM,RAM
SP000584,SP001901,3,XVJ,RAM,BTH
SP000584,SP002775,3,XVJ,RAM,AFK
SP000584,SP003152,9,XVJ,RAM,RAM
SP000584,SP003155,9,XVJ,RAM,GLM
SP000584,SP003334,8,XVJ,RAM,AFK
SP000584,SP003576,9,XVJ,RAM,AFK
SP000584,SP003720,3,XVJ,RAM,RAM
SP000584,SP004649,3,XVJ,RAM,HOV
SP000587,SP000599,19,XVJ,DVP,RAM
SP000587,SP000602,11,XVJ,DVP,DVP
SP000587,SP000620,19,XVJ,DVP,DVP
SP000587,SP000654,11,XVJ,DVP,FAV
SP000587,SP000753,3,XVJ,DVP,ORP
SP000587,SP000951,9,XVJ,DVP,AFK
SP000587,SP000953,9,XVJ,DVP,AFK
SP000587,SP000960,10,XVJ,DVP,AFK
SP000587,SP000964,9,XVJ,DVP,RAM
SP000587,SP001887,11,XVJ,DVP,RAM
SP000587,SP001901,3,XVJ,DVP,BTH
SP000587,SP002775,3,XVJ,DVP,AFK
SP000587,SP003152,9,XVJ,DVP,RAM
SP000587,SP003155,9,XVJ,DVP,GLM
SP000587,SP003334,8,XVJ,DVP,AFK
SP000587,SP003576,9,XVJ,DVP,AFK
SP000587,SP003720,3,XVJ,DVP,RAM
SP000587,SP004649,3,XVJ,DVP,HOV
SP000588,SP001310,16,LUT,BFR,SUO
SP000588,SP001623,16,LUT,BFR,EPH
SP000588,SP001677,16,LUT,BFR,ORP
SP000588,SP002219,4,LUT,BFR,GTW
SP000588,SP002225,4,LUT,BFR,TBD
SP000588,SP003020,16,LUT,BFR,SUO
SP000588,SP004219,4,LUT,BFR,GTW
SP000589,SP001013,16,SAC,HNH,SUO
SP000589,SP001608,16,SAC,HNH,SUO
SP000590,SP000972,9,PMH,NEM,NEM
SP000590,SP000994,3,PMH,NEM,HRH
SP000590,SP000995,4,PMH,NEM,HRH
SP000590,SP000998,3,PMH,NEM,HRH
SP000590,SP001139,3,PMH,NEM,NEM
SP000590,SP001162,3,PMH,NEM,BTN
SP000590,SP001173,3,PMH,NEM,NEM
SP000590,SP001175,3,PMH,NEM,NEM
SP000590,SP001219,5,PMH,NEM,NEM
SP000590,SP001653,3,PMH,NEM,CDF
SP000590,SP001730,3,PMH,NEM,HRH
SP000590,SP001796,3,PMH,NEM,WIN
SP000590,SP001798,3,PMH,NEM,ESL
SP000590,SP001858,3,PMH,NEM,BTN
SP000590,SP001867,3,PMH,NEM,NEM
SP000590,SP001882,3,PMH,NEM,NEM
SP000590,SP002245,3,PMH,NEM,CDF
SP000590,SP002967,4,PMH,NEM,BOG
SP000590,SP002968,3,PMH,NEM,HRH
SP000590,SP003035,3,PMH,NEM,NEM
SP000590,SP003038,5,PMH,NEM,NEM
SP000590,SP003439,3,PMH,NEM,GLD
SP000590,SP003455,3,PMH,NEM,CDF
SP000590,SP003498,3,PMH,NEM,WSB
SP000590,SP003509,6,PMH,NEM,NEM
SP000590,SP003511,3,PMH,NEM,NEM
SP000590,SP003545,3,PMH,NEM,NEM
SP000590,SP003547,3,PMH,NEM,GTW
SP000590,SP004502,3,PMH,NEM,BRI
SP000591,SP002826,14,MIA,HHD,CTR
SP000591,SP002828,26,MIA,HHD,HHD
SP000591,SP003057,21,MIA,HHD,LLJ
SP000592,SP000923,3,KLN,DOW,KGX
SP000592,SP000937,3,KLN,DOW,KGX
SP000592,SP001177,3,KLN,DOW,KGX
SP000592,SP002904,3,KLN,DOW,KGX
SP000592,SP004078,3,KLN,DOW,KGX
SP000593,SP000652,9,MAN,HUL,YRK
SP000593,SP000661,4,MAN,HUL,NCL
SP000593,SP000678,4,MAN,HUL,RCC
SP000593,SP000719,4,MAN,HUL,RCC
SP000593,SP001110,9,MAN,HUL,WKK
SP000593,SP001561,4,MAN,HUL,RCC
SP000593,SP001632,3,MAN,HUL,HDF
SP000593,SP002149,9,MAN,HUL,YRK
SP000593,SP002978,4,MAN,HUL,YRK
SP000593,SP003048,4,MAN,HUL,NCL
SP000593,SP003058,4,MAN,HUL,HUL
SP000593,SP003072,4,MAN,HUL,SLB
SP000593,SP003074,9,MAN,HUL,YRK
SP000593,SP003075,4,MAN,HUL,YRK
SP000593,SP003134,4,MAN,HUL,NCL
SP000593,SP003279,4,MAN,HUL,YRK
SP000593,SP003960,4,MAN,HUL,YRK
SP000593,SP004027,3,MAN,HUL,RCC
SP000593,SP004138,4,MAN,HUL,DAR
SP000594,SP000611,13,FST,SOC,LES
SP000594,SP000619,3,FST,SOC,SRY
SP000594,SP000632,3,FST,SOC,SRY
SP000594,SP000638,3,FST,SOC,SOC
SP000594,SP000643,3,FST,SOC,GRY
SP000594,SP000649,3,FST,SOC,PSE
SP000594,SP002441,3,FST,SOC,SRY
SP000594,SP002442,3,FST,SOC,SOC
SP000594,SP002453,3,FST,SOC,SRY
SP000594,SP002459,3,FST,SOC,SRY
SP000594,SP002462,3,FST,SOC,SOC
SP000594,SP002484,3,FST,SOC,LAI
SP000594,SP003328,3,FST,SOC,SFO
SP000594,SP003831,3,FST,SOC,LES
SP000596,SP003342,3,WRX,CRE,EUS
SP000597,SP000603,9,RDZ,GTW,GTW
SP000597,SP001373,3,RDZ,GTW,ACT
SP000597,SP001511,19,RDZ,GTW,GTW
SP000597,SP001514,9,RDZ,GTW,GTW
SP000597,SP002281,15,RDZ,GTW,GTW
SP000597,SP002282,3,RDZ,GTW,GTW
SP000597,SP002283,3,RDZ,GTW,GTW
SP000597,SP002291,3,RDZ,GTW,GTW
SP000597,SP002293,9,RDZ,GTW,GTW
SP000597,SP003413,11,RDZ,GTW,SFR
SP000597,SP004600,3,RDZ,GTW,SNS
SP000599,SP000602,11,XVJ,RAM,DVP
SP000599,SP000620,20,XVJ,RAM,DVP
SP000599,SP000654,11,XVJ,RAM,FAV
SP000599,SP000753,3,XVJ,RAM,ORP
SP000599,SP000951,9,XVJ,RAM,AFK
SP000599,SP000953,9,XVJ,RAM,AFK
SP000599,SP000960,10,XVJ,RAM,AFK
SP000599,SP000964,9,XVJ,RAM,RAM
SP000599,SP001887,11,XVJ,RAM,RAM
SP000599,SP001901,3,XVJ,RAM,BTH
SP000599,SP002775,3,XVJ,RAM,AFK
SP000599,SP003152,9,XVJ,RAM,RAM
SP000599,SP003155,9,XVJ,RAM,GLM
SP000599,SP003334,8,XVJ,RAM,AFK
SP000599,SP003576,9,XVJ,RAM,AFK
SP000599,SP003720,3,XVJ,RAM,RAM
SP000599,SP004649,3,XVJ,RAM,HOV
SP000601,SP004556,3,LMS,BMO,SAV
SP000602,SP000620,11,XVJ,DVP,DVP
SP000602,SP000654,23,XVJ,DVP,FAV
SP000602,SP000753,3,XVJ,DVP,ORP
SP000602,SP000951,9,XVJ,DVP,AFK
SP000602,SP000953,9,XVJ,DVP,AFK
SP000602,SP000960,10,XVJ,DVP,AFK
SP000602,SP000964,9,XVJ,DVP,RAM
SP000602,SP001887,23,XVJ,DVP,RAM
SP000602,SP001901,3,XVJ,DVP,BTH
SP000602,SP002775,3,XVJ,DVP,AFK
SP000602,SP003152,9,XVJ,DVP,RAM
SP000602,SP003155,9,XVJ,DVP,GLM
SP000602,SP003334,8,XVJ,DVP,AFK
SP000602,SP003576,9,XVJ,DVP,AFK
SP000602,SP003720,3,XVJ,DVP,RAM
SP000602,SP004649,3,XVJ,DVP,HOV
SP000603,SP001373,3,RDZ,GTW,ACT
SP000603,SP001511,9,RDZ,GTW,GTW
SP000603,SP001514,19,RDZ,GTW,GTW
SP000603,SP002281,9,RDZ,GTW,GTW
SP000603,SP002282,3,RDZ,GTW,GTW
SP000603,SP002283,3,RDZ,GTW,GTW
SP000603,SP002291,3,RDZ,GTW,GTW
SP000603,SP002293,16,RDZ,GTW,GTW
SP000603,SP003413,9,RDZ,GTW,SFR
SP000603,SP004600,3,RDZ,GTW,SNS
SP000604,SP002123,5,GLC,WMS,GRK
SP000604,SP002323,10,GLC,WMS,GRK
SP000604,SP004372,5,GLC,WMS,WMS
SP000605,SP000607,7,MYB,GER,GER
SP000605,SP000667,7,MYB,GER,WRU
SP000605,SP001640,3,MYB,GER,GER
SP000605,SP001643,3,MYB,GER,HWY
SP000605,SP002429,3,MYB,GER,AYS
SP000605,SP002777,3,MYB,GER,OXF
SP000605,SP002783,3,MYB,GER,OXF
SP000605,SP002792,3,MYB,GER,HWY
SP000605,SP003190,3,MYB,GER,AYS
SP000605,SP003198,3,MYB,GER,BAN
SP000605,SP003410,3,MYB,GER,OXF
SP000605,SP003867,3,MYB,GER,OXF
SP000605,SP004114,3,MYB,GER,BCS
SP000605,SP004157,3,MYB,GER,BMO
SP000605,SP004159,3,MYB,GER,AYS
SP000605,SP004182,3,MYB,GER,AYS
SP000605,SP004185,3,MYB,GER,BAN
SP000605,SP004191,3,MYB,GER,SBJ
SP000605,SP004233,3,MYB,GER,WRU
SP000605,SP004257,3,MYB,GER,BMO
SP000605,SP004445,3,MYB,GER,BAN
SP000605,SP004479,3,MYB,GER,PRR
SP000605,SP004563,3,MYB,GER,OXF
SP000605,SP004608,3,MYB,GER,WCX
SP000605,SP004609,7,MYB,GER,GER
SP000605,SP004626,3,MYB,GER,OXF
SP000605,SP004635,3,MYB,GER,BMO
SP000605,SP004637,3,MYB,GER,AYS
SP000605,SP004639,3,MYB,GER,BAN
SP000605,SP004641,3,MYB,GER,BSW
SP000606,SP004018,3,GTW,RDZ,BAL
SP000606,SP004101,11,GTW,RDZ,RDZ
SP000607,SP000667,7,MYB,GER,WRU
SP000607,SP001640,3,MYB,GER,GER
SP000607,SP001643,3,MYB,GER,HWY
SP000607,SP002429,3,MYB,GER,AYS
SP000607,SP002777,3,MYB,GER,OXF
SP000607,SP002783,3,MYB,GER,OXF
SP000607,SP002792,3,MYB,GER,HWY
SP000607,SP003190,3,MYB,GER,AYS
SP000607,SP003198,3,MYB,GER,BAN
SP000607,SP003410,3,MYB,GER,OXF
SP000607,SP003867,3,MYB,GER,OXF
SP000607,SP004114,3,MYB,GER,BCS
SP000607,SP004157,3,MYB,GER,BMO
SP000607,SP004159,3,MYB,GER,AYS
SP000607,SP004182,3,MYB,GER,AYS
SP000607,SP004185,3,MYB,GER,BAN
SP000607,SP004191,3,MYB,GER,SBJ
SP000607,SP004233,3,MYB,GER,WRU
SP000607,SP004257,3,MYB,GER,BMO
SP000607,SP004445,3,MYB,GER,BAN
SP000607,SP004479,3,MYB,GER,PRR
SP000607,SP004563,3,MYB,GER,OXF
SP000607,SP004608,3,MYB,GER,WCX
SP000607,SP004609,8,MYB,GER,GER
SP000607,SP004626,3,MYB,GER,OXF
SP000607,SP004635,3,MYB,GER,BMO
SP000607,SP004637,3,MYB,GER,AYS
SP000607,SP004639,3,MYB,GER,BAN
SP000607,SP004641,3,MYB,GER,BSW
SP000608,SP002415,4,BRI,BTH,SAL
SP000608,SP002423,4,BRI,BTH,WMN
SP000608,SP002644,4,BRI,BTH,WEY
SP000608,SP003224,4,BRI,BTH,WEY
SP000608,SP003409,4,BRI,BTH,PMH
SP000608,SP003532,4,BRI,BTH,SAL
SP000609,SP002430,10,BMO,LMS,MYB
SP000609,SP002741,3,BMO,LMS,SAV
SP000610,SP001841,3,MIA,BPN,SHF
SP000610,SP001884,3,MIA,BPN,MAN
SP000610,SP003044,3,MIA,BPN,SHF
SP000610,SP003189,3,MIA,BPN,YRK
SP000610,SP003292,5,MIA,BPN,LAN
SP000610,SP003707,8,MIA,BPN,BPN
SP000610,SP004451,8,MIA,BPN,OXN
SP000610,SP004500,5,MIA,BPN,LIV
SP000611,SP000619,3,FST,LES,SRY
SP000611,SP000632,3,FST,LES,SRY
SP000611,SP000638,3,FST,LES,SOC
SP000611,SP000643,3,FST,LES,GRY
SP000611,SP000649,3,FST,LES,PSE
SP000611,SP002441,3,FST,LES,SRY
SP000611,SP002442,3,FST,LES,SOC
SP000611,SP002453,3,FST,LES,SRY
SP000611,SP002459,3,FST,LES,SRY
SP000611,SP002462,3,FST,LES,SOC
SP000611,SP002484,3,FST,LES,LAI
SP000611,SP003328,3,FST,LES,SFO
SP000611,SP003831,3,FST,LES,LES
SP000612,SP000635,4,LMS,BMO,BMO
SP000612,SP004102,6,LMS,BMO,WOF
SP000613,SP000650,7,AYS,MYB,MYB
SP000613,SP004486,7,AYS,MYB,MYB
SP000614,SP002751,12,SVB,BRI,WSM
SP000614,SP004524,12,SVB,BRI,SAL
SP000615,SP000935,12,SOU,POO,POO
SP000615,SP000936,4,SOU,POO,POO
SP000615,SP000938,4,SOU,POO,BMH
SP000615,SP001245,11,SOU,POO,BMH
SP000615,SP001297,4,SOU,POO,POO
SP000615,SP001395,3,SOU,POO,BMH
SP000615,SP001835,14,SOU,POO,WEY
SP000617,SP001449,11,TAU,BRI,SVB
SP000617,SP002110,4,TAU,BRI,PAD
SP000617,SP002329,11,TAU,BRI,CDF
SP000617,SP002710,4,TAU,BRI,CDF
SP000617,SP003402,9,TAU,BRI,PAD
SP000619,SP000632,4,FST,SRY,SRY
SP000619,SP000638,4,FST,SRY,SOC
SP000619,SP000643,4,FST,SRY,GRY
SP000619,SP000649,4,FST,SRY,PSE
SP000619,SP002441,4,FST,SRY,SRY
SP000619,SP002442,4,FST,SRY,SOC
SP000619,SP002453,8,FST,SRY,SRY
SP000619,SP002459,4,FST,SRY,SRY
SP000619,SP002462,13,FST,SRY,SOC
SP000619,SP002484,4,FST,SRY,LAI
SP000619,SP003328,4,FST,SRY,SFO
SP000619,SP003831,4,FST,SRY,LES
SP000620,SP000654,11,XVJ,DVP,FAV
SP000620,SP000753,3,XVJ,DVP,ORP
SP000620,SP000951,9,XVJ,DVP,AFK
SP000620,SP000953,9,XVJ,DVP,AFK
SP000620,SP000960,10,XVJ,DVP,AFK
SP000620,SP000964,9,XVJ,DVP,RAM
SP000620,SP001887,11,XVJ,DVP,RAM
SP000620,SP001901,3,XVJ,DVP,BTH
SP000620,SP002775,3,XVJ,DVP,AFK
SP000620,SP003152,9,XVJ,DVP,RAM
SP000620,SP003155,9,XVJ,DVP,GLM
SP000620,SP003334,8,XVJ,DVP,AFK
SP000620,SP003576,9,XVJ,DVP,AFK
SP000620,SP003720,3,XVJ,DVP,RAM
SP000620,SP004649,3,XVJ,DVP,HOV
SP000622,SP003178,10,FAV,RAM,AFK
SP000622,SP003206,10,FAV,RAM,CHX
SP000622,SP003263,10,FAV,RAM,CHX
SP000622,SP004398,10,FAV,RAM,SPX
SP000623,SP002377,9,XVJ,GLM,CBW
SP000623,SP003136,3,XVJ,GLM,DVP
SP000623,SP003211,3,XVJ,GLM,GLM
SP000623,SP003333,3,XVJ,GLM,GLM
SP000623,SP003609,20,XVJ,GLM,DVP
SP000626,SP001679,9,BSK,QRB,NEM
SP000626,SP001693,7,BSK,QRB,NEM
SP000626,SP002622,5,BSK,QRB,NEM
SP000626,SP004468,7,BSK,QRB,WOK
SP000628,SP000712,7,NOT,SHF,LDS
SP000628,SP000737,5,NOT,SHF,SHF
SP000628,SP003705,7,NOT,SHF,LIV
SP000631,SP001815,4,LIV,BPN,MCV
SP000631,SP003099,4,LIV,BPN,WGN
SP000631,SP003129,4,LIV,BPN,BPN
SP000631,SP003233,4,LIV,BPN,MIA
SP000631,SP004055,4,LIV,BPN,WGN
SP000631,SP004077,4,LIV,BPN,NCL
SP000631,SP004375,5,LIV,BPN,WGN
SP000632,SP000638,16,FST,SRY,SOC
SP000632,SP000643,7,FST,SRY,GRY
SP000632,SP000649,11,FST,SRY,PSE
SP000632,SP002441,4,FST,SRY,SRY
SP000632,SP002442,4,FST,SRY,SOC
SP000632,SP002453,4,FST,SRY,SRY
SP000632,SP002459,4,FST,SRY,SRY
SP000632,SP002462,4,FST,SRY,SOC
SP000632,SP002484,4,FST,SRY,LAI
SP000632,SP003328,10,FST,SRY,SFO
SP000632,SP003831,4,FST,SRY,LES
SP000635,SP004102,4,LMS,BMO,WOF
SP000638,SP000643,7,FST,SOC,GRY
SP000638,SP000649,11,FST,SOC,PSE
SP000638,SP002441,4,FST,SOC,SRY
SP000638,SP002442,4,FST,SOC,SOC
SP000638,SP002453,4,FST,SOC,SRY
SP000638,SP002459,4,FST,SOC,SRY
SP000638,SP002462,4,FST,SOC,SOC
SP000638,SP002484,4,FST,SOC,LAI
SP000638,SP003328,10,FST,SOC,SFO
SP000638,SP003831,4,FST,SOC,LES
SP000639,SP000646,3,BAL,PMH,REI
SP000639,SP000945,6,BAL,PMH,BOG
SP000639,SP000971,8,BAL,PMH,BOG
SP000639,SP001001,10,BAL,PMH,PMH
SP000639,SP001002,9,BAL,PMH,PMH
SP000639,SP001005,9,BAL,PMH,PMS
SP000639,SP001015,9,BAL,PMH,CCH
SP000639,SP001077,8,BAL,PMH,EBN
SP000639,SP001083,8,BAL,PMH,EBN
SP000639,SP001092,8,BAL,PMH,EBN
SP000639,SP001239,8,BAL,PMH,LIT
SP000639,SP001241,6,BAL,PMH,LIT
SP000639,SP001255,8,BAL,PMH,LIT
SP000639,SP001291,8,BAL,PMH,BTN
SP000639,SP001295,8,BAL,PMH,BTN
SP000639,SP001830,3,BAL,PMH,BTN
SP000639,SP002276,8,BAL,PMH,HGS
SP000639,SP002965,9,BAL,PMH,PMH
SP000639,SP002980,9,BAL,PMH,PMS
SP000639,SP002983,9,BAL,PMH,PMH
SP000639,SP002986,9,BAL,PMH,PMS
SP000639,SP002991,8,BAL,PMH,ORE
SP000639,SP002992,8,BAL,PMH,ORE
SP000639,SP002995,8,BAL,PMH,ORE
SP000639,SP003006,8,BAL,PMH,ORE
SP000639,SP003014,8,BAL,PMH,HGS
SP000639,SP003026,8,BAL,PMH,LIT
SP000639,SP003130,8,BAL,PMH,WRH
SP000639,SP003179,5,BAL,PMH,TBD
SP000639,SP003294,9,BAL,PMH,HRH
SP000639,SP003298,9,BAL,PMH,CCH
SP000639,SP003454,3,BAL,PMH,ORE
SP000639,SP003675,8,BAL,PMH,WRH
SP000639,SP003677,8,BAL,PMH,WRH
SP000639,SP003756,5,BAL,PMH,BTN
SP000639,SP004020,7,BAL,PMH,GTW
SP000639,SP004086,6,BAL,PMH,WRH
SP000640,SP000641,4,SCA,LDS,YRK
SP000640,SP003041,8,SCA,LDS,MAN
SP000640,SP003526,5,SCA,LDS,MAN
SP000640,SP003531,8,SCA,LDS,MAN
SP000640,SP003736,5,SCA,LDS,MAN
SP000641,SP003041,4,SCA,YRK,MAN
SP000641,SP003526,4,SCA,YRK,MAN
SP000641,SP003531,4,SCA,YRK,MAN
SP000641,SP003736,4,SCA,YRK,MAN
SP000642,SP000739,3,EBN,BAL,AFK
SP000642,SP000933,4,EBN,BAL,BTN
SP000642,SP000941,3,EBN,BAL,HGS
SP000642,SP001048,4,EBN,BAL,BAL
SP000642,SP001051,6,EBN,BAL,BAL
SP000642,SP001685,3,EBN,BAL,AFK
SP000642,SP001705,3,EBN,BAL,HGS
SP000642,SP001929,3,EBN,BAL,AFK
SP000642,SP001964,3,EBN,BAL,AFK
SP000642,SP001969,3,EBN,BAL,AFK
SP000642,SP002248,3,EBN,BAL,ORE
SP000642,SP002503,4,EBN,BAL,XSU
SP000642,SP003759,6,EBN,BAL,BAL
SP000642,SP003812,4,EBN,BAL,HHE
SP000642,SP004147,4,EBN,BAL,HHE
SP000642,SP004505,6,EBN,BAL,BAK
SP000642,SP004595,4,EBN,BAL,WSW
SP000643,SP000649,7,FST,GRY,PSE
SP000643,SP002441,4,FST,GRY,SRY
SP000643,SP002442,4,FST,GRY,SOC
SP000643,SP002453,4,FST,GRY,SRY
SP000643,SP002459,4,FST,GRY,SRY
SP000643,SP002462,4,FST,GRY,SOC
SP000643,SP002484,4,FST,GRY,LAI
SP000643,SP003328,7,FST,GRY,SFO
SP000643,SP003831,4,FST,GRY,LES
SP000644,SP000655,12,BSW,MYB,BAN
SP000644,SP002760,4,BSW,MYB,LMS
SP000644,SP004174,6,BSW,MYB,LMS
SP000644,SP004634,6,BSW,MYB,MYB
SP000644,SP004645,20,BSW,MYB,MYB
SP000645,SP002851,3,BAN,MYB,DID
SP000645,SP002852,3,BAN,MYB,DID
SP000645,SP002853,3,BAN,MYB,OXF
SP000645,SP004180,9,BAN,MYB,MYB
SP000646,SP000945,3,BAL,REI,BOG
SP000646,SP000971,3,BAL,REI,BOG
SP000646,SP001001,3,BAL,REI,PMH
SP000646,SP001002,3,BAL,REI,PMH
SP000646,SP001005,3,BAL,REI,PMS
SP000646,SP001015,3,BAL,REI,CCH
SP000646,SP001077,3,BAL,REI,EBN
SP000646,SP001083,3,BAL,REI,EBN
SP000646,SP001092,3,BAL,REI,EBN
SP000646,SP001239,3,BAL,REI,LIT
SP000646,SP001241,3,BAL,REI,LIT
SP000646,SP001255,3,BAL,REI,LIT
SP000646,SP001291,3,BAL,REI,BTN
SP000646,SP001295,3,BAL,REI,BTN
SP000646,SP001830,6,BAL,REI,BTN
SP000646,SP002276,3,BAL,REI,HGS
SP000646,SP002965,3,BAL,REI,PMH
SP000646,SP002980,3,BAL,REI,PMS
SP000646,SP002983,3,BAL,REI,PMH
SP000646,SP002986,3,BAL,REI,PMS
SP000646,SP002991,3,BAL,REI,ORE
SP000646,SP002992,3,BAL,REI,ORE
SP000646,SP002995,3,BAL,REI,ORE
SP000646,SP003006,3,BAL,REI,ORE
SP000646,SP003014,3,BAL,REI,HGS
SP000646,SP003026,3,BAL,REI,LIT
SP000646,SP003130,3,BAL,REI,WRH
SP000646,SP003179,3,BAL,REI,TBD
SP000646,SP003294,3,BAL,REI,HRH
SP000646,SP003298,3,BAL,REI,CCH
SP000646,SP003454,6,BAL,REI,ORE
SP000646,SP003675,3,BAL,REI,WRH
SP000646,SP003677,3,BAL,REI,WRH
SP000646,SP003756,3,BAL,REI,BTN
SP000646,SP004020,3,BAL,REI,GTW
SP000646,SP004086,3,BAL,REI,WRH
SP000647,SP000731,5,YRK,MAN,WKK
SP000647,SP002518,3,YRK,MAN,MIA
SP000647,SP003083,6,YRK,MAN,MAN
SP000647,SP003125,3,YRK,MAN,MAN
SP000647,SP003268,3,YRK,MAN,MIA
SP000647,SP003606,3,YRK,MAN,MAN
SP000647,SP003607,3,YRK,MAN,LDS
SP000648,SP000757,13,LIV,BPN,PRE
SP000648,SP000795,6,LIV,BPN,MIA
SP000648,SP000970,13,LIV,BPN,WGN
SP000648,SP001541,6,LIV,BPN,MCV
SP000648,SP001777,6,LIV,BPN,MCV
SP000648,SP003754,6,LIV,BPN,WGN
SP000648,SP004459,6,LIV,BPN,MCV
SP000649,SP002441,4,FST,PSE,SRY
SP000649,SP002442,4,FST,PSE,SOC
SP000649,SP002453,4,FST,PSE,SRY
SP000649,SP002459,4,FST,PSE,SRY
SP000649,SP002462,4,FST,PSE,SOC
SP000649,SP002484,4,FST,PSE,LAI
SP000649,SP003328,10,FST,PSE,SFO
SP000649,SP003831,4,FST,PSE,LES
SP000650,SP004486,12,AYS,MYB,MYB
SP000651,SP000801,8,PAD,PLY,PLY
SP000651,SP000835,6,PAD,PLY,WSM
SP000651,SP000840,6,PAD,PLY,PNZ
SP000651,SP000848,6,PAD,PLY,WOS
SP000651,SP000858,6,PAD,PLY,OXF
SP000651,SP000862,6,PAD,PLY,CNM
SP000651,SP001654,7,PAD,PLY,NBY
SP000651,SP001823,6,PAD,PLY,SWA
SP000651,SP001838,6,PAD,PLY,SWA
SP000651,SP001939,6,PAD,PLY,RDG
SP000651,SP002174,6,PAD,PLY,WSM
SP000651,SP002183,6,PAD,PLY,WSM
SP000651,SP002209,8,PAD,PLY,EXD
SP000651,SP002216,10,PAD,PLY,NQY
SP000651,SP002711,7,PAD,PLY,BDW
SP000651,SP003385,19,PAD,PLY,PGN
SP000651,SP003417,6,PAD,PLY,CDF
SP000651,SP003420,6,PAD,PLY,WOS
SP000651,SP003428,7,PAD,PLY,WSB
SP000651,SP003429,6,PAD,PLY,CMN
SP000651,SP003434,6,PAD,PLY,SWA
SP000651,SP003440,6,PAD,PLY,SWA
SP000651,SP003448,6,PAD,PLY,TAU
SP000651,SP003480,22,PAD,PLY,PNZ
SP000651,SP003591,3,PAD,PLY,RDG
SP000651,SP003666,6,PAD,PLY,TAU
SP000651,SP003788,6,PAD,PLY,SWA
SP000651,SP004186,7,PAD,PLY,FRO
SP000651,SP004248,6,PAD,PLY,WPH
SP000651,SP004338,6,PAD,PLY,BPW
SP000651,SP004416,6,PAD,PLY,BDW
SP000651,SP004476,6,PAD,PLY,BAN
SP000651,SP004599,6,PAD,PLY,WOS
SP000652,SP000661,4,MAN,YRK,NCL
SP000652,SP000678,4,MAN,YRK,RCC
SP000652,SP000719,4,MAN,YRK,RCC
SP000652,SP001110,11,MAN,YRK,WKK
SP000652,SP001561,4,MAN,YRK,RCC
SP000652,SP001632,3,MAN,YRK,HDF
SP000652,SP002149,10,MAN,YRK,YRK
SP000652,SP002978,4,MAN,YRK,YRK
SP000652,SP003048,4,MAN,YRK,NCL
SP000652,SP003058,4,MAN,YRK,HUL
SP000652,SP003072,4,MAN,YRK,SLB
SP000652,SP003074,11,MAN,YRK,YRK
SP000652,SP003075,4,MAN,YRK,YRK
SP000652,SP003134,4,MAN,YRK,NCL
SP000652,SP003279,4,MAN,YRK,YRK
SP000652,SP003960,4,MAN,YRK,YRK
SP000652,SP004027,3,MAN,YRK,RCC
SP000652,SP004138,4,MAN,YRK,DAR
SP000653,SP001628,11,PNZ,EXD,EDB
SP000653,SP002336,11,PNZ,EXD,BHM
SP000653,SP002402,11,PNZ,EXD,EXD
SP000653,SP002404,14,PNZ,EXD,EXD
SP000653,SP002584,4,PNZ,EXD,NQY
SP000653,SP002649,11,PNZ,EXD,PLY
SP000653,SP002658,19,PNZ,EXD,PLY
SP000653,SP002663,11,PNZ,EXD,PLY
SP000653,SP003371,11,PNZ,EXD,PAD
SP000653,SP003649,11,PNZ,EXD,PAD
SP000653,SP004277,14,PNZ,EXD,PLY
SP000653,SP004492,15,PNZ,EXD,PLY
SP000653,SP004494,14,PNZ,EXD,PLY
SP000654,SP000753,3,XVJ,FAV,ORP
SP000654,SP000951,9,XVJ,FAV,AFK
SP000654,SP000953,9,XVJ,FAV,AFK
SP000654,SP000960,10,XVJ,FAV,AFK
SP000654,SP000964,9,XVJ,FAV,RAM
SP000654,SP001887,23,XVJ,FAV,RAM
SP000654,SP001901,3,XVJ,FAV,BTH
SP000654,SP002775,3,XVJ,FAV,AFK
SP000654,SP003152,9,XVJ,FAV,RAM
SP000654,SP003155,9,XVJ,FAV,GLM
SP000654,SP003334,8,XVJ,FAV,AFK
SP000654,SP003576,9,XVJ,FAV,AFK
SP000654,SP003720,3,XVJ,FAV,RAM
SP000654,SP004649,3,XVJ,FAV,HOV
SP000655,SP002760,4,BSW,BAN,LMS
SP000655,SP004174,6,BSW,BAN,LMS
SP000655,SP004634,6,BSW,BAN,MYB
SP000655,SP004645,12,BSW,BAN,MYB
SP000657,SP000660,13,BIF,PRE,MIA
SP000657,SP000769,13,BIF,PRE,MIA
SP000657,SP001012,13,BIF,PRE,MIA
SP000657,SP002166,12,BIF,PRE,LAN
SP000657,SP003102,13,BIF,PRE,MIA
SP000657,SP004241,5,BIF,PRE,LAN
SP000657,SP004592,13,BIF,PRE,MIA
SP000658,SP001183,3,EAD,WOK,SOU
SP000658,SP001275,3,EAD,WOK,QRB
SP000658,SP001513,11,EAD,WOK,GLD
SP000658,SP001519,4,EAD,WOK,GLD
SP000658,SP001560,3,EAD,WOK,SHP
SP000658,SP001589,4,EAD,WOK,HMC
SP000658,SP001954,3,EAD,WOK,TWI
SP000658,SP003262,3,EAD,WOK,STW
SP000658,SP003478,3,EAD,WOK,BMH
SP000658,SP003729,4,EAD,WOK,WOK
SP000659,SP000668,7,CHX,ORP,AFK
SP000659,SP000670,7,CHX,ORP,MDE
SP000659,SP000732,4,CHX,ORP,HYS
SP000659,SP000756,3,CHX,ORP,DFD
SP000659,SP000766,4,CHX,ORP,HYS
SP000659,SP000908,3,CHX,ORP,DFD
SP000659,SP000922,3,CHX,ORP,DFD
SP000659,SP000986,3,CHX,ORP,GRV
SP000659,SP001044,9,CHX,ORP,RAM
SP000659,SP001137,6,CHX,ORP,SEV
SP000659,SP001138,6,CHX,ORP,ORP
SP000659,SP001883,9,CHX,ORP,HGS
SP000659,SP001892,9,CHX,ORP,DVP
SP000659,SP002505,3,CHX,ORP,GRV
SP000659,SP002537,5,CHX,ORP,TBW
SP000659,SP002807,9,CHX,ORP,DVP
SP000659,SP002969,3,CHX,ORP,DFD
SP000659,SP002976,9,CHX,ORP,CBW
SP000659,SP002979,3,CHX,ORP,SEV
SP000659,SP003068,3,CHX,ORP,HYS
SP000659,SP003156,3,CHX,ORP,CST
SP000659,SP003188,3,CHX,ORP,ORP
SP000659,SP003200,4,CHX,ORP,TBW
SP000659,SP003315,3,CHX,ORP,GRV
SP000659,SP003387,9,CHX,ORP,DVP
SP000659,SP003400,9,CHX,ORP,RAM
SP000659,SP003760,3,CHX,ORP,GRV
SP000659,SP004546,9,CHX,ORP,HGS
SP000659,SP004547,6,CHX,ORP,HGS
SP000659,SP004549,9,CHX,ORP,HGS
SP000659,SP004551,9,CHX,ORP,HGS
SP000660,SP000769,14,BIF,MIA,MIA
SP000660,SP001012,14,BIF,MIA,MIA
SP000660,SP002166,12,BIF,MIA,LAN
SP000660,SP003102,14,BIF,MIA,MIA
SP000660,SP004241,5,BIF,MIA,LAN
SP000660,SP004592,14,BIF,MIA,MIA
SP000661,SP000678,16,MAN,NCL,RCC
SP000661,SP000719,11,MAN,NCL,RCC
SP000661,SP001110,4,MAN,NCL,WKK
SP000661,SP001561,7,MAN,NCL,RCC
SP000661,SP001632,3,MAN,NCL,HDF
SP000661,SP002149,4,MAN,NCL,YRK
SP000661,SP002978,7,MAN,NCL,YRK
SP000661,SP003048,7,MAN,NCL,NCL
SP000661,SP003058,10,MAN,NCL,HUL
SP000661,SP003072,16,MAN,NCL,SLB
SP000661,SP003074,4,MAN,NCL,YRK
SP000661,SP003075,7,MAN,NCL,YRK
SP000661,SP003134,10,MAN,NCL,NCL
SP000661,SP003279,7,MAN,NCL,YRK
SP000661,SP003960,14,MAN,NCL,YRK
SP000661,SP004027,3,MAN,NCL,RCC
SP000661,SP004138,17,MAN,NCL,DAR
SP000662,SP002577,6,LCN,CRE,NOT
SP000662,SP002601,5,LCN,CRE,CRE
SP000662,SP004037,6,LCN,CRE,STP
SP000663,SP001135,4,BDT,HUL,YRK
SP000663,SP001401,4,BDT,HUL,YRK
SP000663,SP002552,8,BDT,HUL,YRK
SP000663,SP003088,4,BDT,HUL,HUL
SP000663,SP003551,4,BDT,HUL,YRK
SP000663,SP003553,4,BDT,HUL,YRK
SP000663,SP003555,8,BDT,HUL,YRK
SP000663,SP003565,4,BDT,HUL,YRK
SP000663,SP003567,8,BDT,HUL,YRK
SP000663,SP004368,4,BDT,HUL,YRK
SP000666,SP000688,7,SHF,SCA,SCA
SP000666,SP000696,13,SHF,SCA,BDT
SP000666,SP000701,8,SHF,SCA,HUL
SP000666,SP000705,11,SHF,SCA,HUL
SP000666,SP002726,7,SHF,SCA,SCA
SP000666,SP003313,7,SHF,SCA,SCA
SP000667,SP001640,3,MYB,WRU,GER
SP000667,SP001643,3,MYB,WRU,HWY
SP000667,SP002429,3,MYB,WRU,AYS
SP000667,SP002777,3,MYB,WRU,OXF
SP000667,SP002783,3,MYB,WRU,OXF
SP000667,SP002792,3,MYB,WRU,HWY
SP000667,SP003190,3,MYB,WRU,AYS
SP000667,SP003198,3,MYB,WRU,BAN
SP000667,SP003410,3,MYB,WRU,OXF
SP000667,SP003867,3,MYB,WRU,OXF
SP000667,SP004114,3,MYB,WRU,BCS
SP000667,SP004157,3,MYB,WRU,BMO
SP000667,SP004159,3,MYB,WRU,AYS
SP000667,SP004182,3,MYB,WRU,AYS
SP000667,SP004185,3,MYB,WRU,BAN
SP000667,SP004191,3,MYB,WRU,SBJ
SP000667,SP004233,3,MYB,WRU,WRU
SP000667,SP004257,3,MYB,WRU,BMO
SP000667,SP004445,3,MYB,WRU,BAN
SP000667,SP004479,3,MYB,WRU,PRR
SP000667,SP004563,3,MYB,WRU,OXF
SP000667,SP004608,3,MYB,WRU,WCX
SP000667,SP004609,7,MYB,WRU,GER
SP000667,SP004626,3,MYB,WRU,OXF
SP000667,SP004635,3,MYB,WRU,BMO
SP000667,SP004637,3,MYB,WRU,AYS
SP000667,SP004639,3,MYB,WRU,BAN
SP000667,SP004641,3,MYB,WRU,BSW
SP000668,SP000670,14,CHX,AFK,MDE
SP000668,SP000732,4,CHX,AFK,HYS
SP000668,SP000756,3,CHX,AFK,DFD
SP000668,SP000766,4,CHX,AFK,HYS
SP000668,SP000908,3,CHX,AFK,DFD
SP000668,SP000922,3,CHX,AFK,DFD
SP000668,SP000986,3,CHX,AFK,GRV
SP000668,SP001044,7,CHX,AFK,RAM
SP000668,SP001137,6,CHX,AFK,SEV
SP000668,SP001138,6,CHX,AFK,ORP
SP000668,SP001883,7,CHX,AFK,HGS
SP000668,SP001892,7,CHX,AFK,DVP
SP000668,SP002505,3,CHX,AFK,GRV
SP000668,SP002537,5,CHX,AFK,TBW
SP000668,SP002807,7,CHX,AFK,DVP
SP000668,SP002969,3,CHX,AFK,DFD
SP000668,SP002976,7,CHX,AFK,CBW
SP000668,SP002979,3,CHX,AFK,SEV
SP000668,SP003068,3,CHX,AFK,HYS
SP000668,SP003156,3,CHX,AFK,CST
SP000668,SP003188,3,CHX,AFK,ORP
SP000668,SP003200,4,CHX,AFK,TBW
SP000668,SP003315,3,CHX,AFK,GRV
SP000668,SP003387,7,CHX,AFK,DVP
SP000668,SP003400,7,CHX,AFK,RAM
SP000668,SP003760,3,CHX,AFK,GRV
SP000668,SP004546,7,CHX,AFK,HGS
SP000668,SP004547,6,CHX,AFK,HGS
SP000668,SP004549,7,CHX,AFK,HGS
SP000668,SP004551,7,CHX,AFK,HGS
SP000669,SP000716,3,LDS,SCA,SLB
SP000669,SP000915,3,LDS,SCA,EDB
SP000669,SP003056,3,LDS,SCA,HUL
SP000669,SP003723,3,LDS,SCA,YRK
SP000670,SP000732,4,CHX,MDE,HYS
SP000670,SP000756,3,CHX,MDE,DFD
SP000670,SP000766,4,CHX,MDE,HYS
SP000670,SP000908,3,CHX,MDE,DFD
SP000670,SP000922,3,CHX,MDE,DFD
SP000670,SP000986,3,CHX,MDE,GRV
SP000670,SP001044,7,CHX,MDE,RAM
SP000670,SP001137,6,CHX,MDE,SEV
SP000670,SP001138,6,CHX,MDE,ORP
SP000670,SP001883,7,CHX,MDE,HGS
SP000670,SP001892,7,CHX,MDE,DVP
SP000670,SP002505,3,CHX,MDE,GRV
SP000670,SP002537,5,CHX,MDE,TBW
SP000670,SP002807,7,CHX,MDE,DVP
SP000670,SP002969,3,CHX,MDE,DFD
SP000670,SP002976,7,CHX,MDE,CBW
SP000670,SP002979,3,CHX,MDE,SEV
SP000670,SP003068,3,CHX,MDE,HYS
SP000670,SP003156,3,CHX,MDE,CST
SP000670,SP003188,3,CHX,MDE,ORP
SP000670,SP003200,4,CHX,MDE,TBW
SP000670,SP003315,3,CHX,MDE,GRV
SP000670,SP003387,7,CHX,MDE,DVP
SP000670,SP003400,7,CHX,MDE,RAM
SP000670,SP003760,3,CHX,MDE,GRV
SP000670,SP004546,7,CHX,MDE,HGS
SP000670,SP004547,6,CHX,MDE,HGS
SP000670,SP004549,7,CHX,MDE,HGS
SP000670,SP004551,7,CHX,MDE,HGS
SP000672,SP000673,6,WEY,SOU,SOU
SP000672,SP001213,9,WEY,SOU,NEM
SP000672,SP001844,6,WEY,SOU,SOU
SP000672,SP001845,6,WEY,SOU,BMH
SP000672,SP002488,6,WEY,SOU,WOK
SP000672,SP003903,12,WEY,SOU,NEM
SP000672,SP004466,6,WEY,SOU,NEM
SP000673,SP001213,6,WEY,SOU,NEM
SP000673,SP001844,11,WEY,SOU,SOU
SP000673,SP001845,8,WEY,SOU,BMH
SP000673,SP002488,11,WEY,SOU,WOK
SP000673,SP003903,6,WEY,SOU,NEM
SP000673,SP004466,11,WEY,SOU,NEM
SP000675,SP001006,5,INV,EDB,KGX
SP000675,SP001089,4,INV,EDB,GLQ
SP000675,SP001090,4,INV,EDB,GLQ
SP000675,SP001946,5,INV,EDB,EDB
SP000675,SP002067,5,INV,EDB,EDB
SP000675,SP002715,4,INV,EDB,EDB
SP000675,SP004228,4,INV,EDB,EUS
SP000675,SP004317,4,INV,EDB,GLQ
SP000675,SP004319,5,INV,EDB,GLQ
SP000675,SP004321,5,INV,EDB,GLQ
SP000675,SP004382,4,INV,EDB,EUS
SP000676,SP000988,13,NCL,KGX,KGX
SP000676,SP001196,13,NCL,KGX,KGX
SP000676,SP001562,7,NCL,KGX,BHM
SP000676,SP001657,7,NCL,KGX,RDG
SP000676,SP001659,7,NCL,KGX,RDG
SP000676,SP001667,6,NCL,KGX,PLY
SP000676,SP001683,7,NCL,KGX,RDG
SP000676,SP001878,7,NCL,KGX,RDG
SP000676,SP004589,13,NCL,KGX,KGX
SP000677,SP000706,13,MAN,RCC,HUL
SP000677,SP001870,3,MAN,RCC,NMC
SP000677,SP002679,16,MAN,RCC,YRK
SP000678,SP000719,11,MAN,RCC,RCC
SP000678,SP001110,4,MAN,RCC,WKK
SP000678,SP001561,7,MAN,RCC,RCC
SP000678,SP001632,3,MAN,RCC,HDF
SP000678,SP002149,4,MAN,RCC,YRK
SP000678,SP002978,7,MAN,RCC,YRK
SP000678,SP003048,7,MAN,RCC,NCL
SP000678,SP003058,10,MAN,RCC,HUL
SP000678,SP003072,22,MAN,RCC,SLB
SP000678,SP003074,4,MAN,RCC,YRK
SP000678,SP003075,7,MAN,RCC,YRK
SP000678,SP003134,10,MAN,RCC,NCL
SP000678,SP003279,7,MAN,RCC,YRK
SP000678,SP003960,14,MAN,RCC,YRK
SP000678,SP004027,3,MAN,RCC,RCC
SP000678,SP004138,16,MAN,RCC,DAR
SP000679,SP000689,9,OXF,MYB,MYB
SP000679,SP004149,10,OXF,MYB,MYB
SP000679,SP004560,10,OXF,MYB,MYB
SP000679,SP004636,9,OXF,MYB,MYB
SP000680,SP000683,4,GLQ,INV,EDB
SP000680,SP000860,7,GLQ,INV,ABD
SP000680,SP000863,7,GLQ,INV,ABD
SP000680,SP000867,7,GLQ,INV,ABD
SP000680,SP000875,7,GLQ,INV,ABD
SP000680,SP000877,5,GLQ,INV,ABD
SP000680,SP000878,5,GLQ,INV,ABD
SP000680,SP000883,5,GLQ,INV,INV
SP000680,SP000887,5,GLQ,INV,PTH
SP000680,SP000890,5,GLQ,INV,ARB
SP000680,SP000895,5,GLQ,INV,DEE
SP000680,SP000896,6,GLQ,INV,DEE
SP000680,SP000921,4,GLQ,INV,DEE
SP000680,SP003167,6,GLQ,INV,ABD
SP000680,SP003542,4,GLQ,INV,KGX
SP000680,SP003986,4,GLQ,INV,KGX
SP000680,SP004140,4,GLQ,INV,ALO
SP000680,SP004293,4,GLQ,INV,ABD
SP000680,SP004297,7,GLQ,INV,ABD
SP000680,SP004298,7,GLQ,INV,INV
SP000680,SP004300,6,GLQ,INV,INV
SP000681,SP001648,5,YRK,MAN,PLY
SP000681,SP001863,3,YRK,MAN,BBN
SP000681,SP002307,8,YRK,MAN,MAN
SP000681,SP004276,3,YRK,MAN,BPN
SP000681,SP004460,3,YRK,MAN,MAN
SP000682,SP000760,4,GLM,XVJ,LUT
SP000682,SP000784,4,GLM,XVJ,CST
SP000682,SP001141,4,GLM,XVJ,TON
SP000682,SP001144,4,GLM,XVJ,PDW
SP000682,SP001565,13,GLM,XVJ,XVJ
SP000682,SP001661,4,GLM,XVJ,LUT
SP000682,SP003243,13,GLM,XVJ,XVJ
SP000682,SP003281,8,GLM,XVJ,BFR
SP000682,SP004531,12,GLM,XVJ,CST
SP000682,SP004536,5,GLM,XVJ,CST
SP000683,SP000860,4,GLQ,EDB,ABD
SP000683,SP000863,4,GLQ,EDB,ABD
SP000683,SP000867,4,GLQ,EDB,ABD
SP000683,SP000875,4,GLQ,EDB,ABD
SP000683,SP000877,4,GLQ,EDB,ABD
SP000683,SP000878,4,GLQ,EDB,ABD
SP000683,SP000883,4,GLQ,EDB,INV
SP000683,SP000887,4,GLQ,EDB,PTH
SP000683,SP000890,4,GLQ,EDB,ARB
SP000683,SP000895,4,GLQ,EDB,DEE
SP000683,SP000896,4,GLQ,EDB,DEE
SP000683,SP000921,4,GLQ,EDB,DEE
SP000683,SP003167,4,GLQ,EDB,ABD
SP000683,SP003542,9,GLQ,EDB,KGX
SP000683,SP003986,9,GLQ,EDB,KGX
SP000683,SP004140,4,GLQ,EDB,ALO
SP000683,SP004293,4,GLQ,EDB,ABD
SP000683,SP004297,4,GLQ,EDB,ABD
SP000683,SP004298,4,GLQ,EDB,INV
SP000683,SP004300,4,GLQ,EDB,INV
SP000684,SP000717,14,STP,SHF,SHF
SP000684,SP001820,6,STP,SHF,COR
SP000684,SP001848,4,STP,SHF,SHF
SP000684,SP002360,4,STP,SHF,DBY
SP000684,SP002461,4,STP,SHF,NOT
SP000684,SP002994,6,STP,SHF,DBY
SP000684,SP003423,14,STP,SHF,DBY
SP000684,SP004144,4,STP,SHF,COR
SP000685,SP002794,5,PRR,MYB,MYB
SP000687,SP000856,4,NCL,MAN,DAR
SP000687,SP001149,11,NCL,MAN,MAN
SP000687,SP001563,8,NCL,MAN,MAN
SP000687,SP001991,8,NCL,MAN,MAN
SP000687,SP003042,20,NCL,MAN,LIV
SP000687,SP003146,11,NCL,MAN,LIV
SP000687,SP003157,7,NCL,MAN,YRK
SP000688,SP000696,7,SHF,SCA,BDT
SP000688,SP000701,7,SHF,SCA,HUL
SP000688,SP000705,7,SHF,SCA,HUL
SP000688,SP002726,9,SHF,SCA,SCA
SP000688,SP003313,9,SHF,SCA,SCA
SP000689,SP004149,9,OXF,MYB,MYB
SP000689,SP004560,9,OXF,MYB,MYB
SP000689,SP004636,11,OXF,MYB,MYB
SP000692,SP001440,7,DDG,WOS,BSW
SP000692,SP002004,7,DDG,WOS,WOS
SP000692,SP004100,20,DDG,WOS,WOF
SP000692,SP004108,25,DDG,WOS,WOF
SP000692,SP004113,7,DDG,WOS,WOF
SP000694,SP000697,5,HUL,MAN,MAN
SP000694,SP000702,11,HUL,MAN,MAN
SP000694,SP001593,5,HUL,MAN,KGX
SP000694,SP002302,6,HUL,MAN,LDS
SP000694,SP002534,3,HUL,MAN,YRK
SP000694,SP002641,5,HUL,MAN,SBY
SP000694,SP003317,3,HUL,MAN,SHF
SP000694,SP003869,5,HUL,MAN,MAN
SP000694,SP003951,3,HUL,MAN,YRK
SP000694,SP003980,5,HUL,MAN,HFX
SP000694,SP004117,5,HUL,MAN,LDS
SP000694,SP004465,5,HUL,MAN,HFX
SP000696,SP000701,8,SHF,BDT,HUL
SP000696,SP000705,11,SHF,BDT,HUL
SP000696,SP002726,7,SHF,BDT,SCA
SP000696,SP003313,7,SHF,BDT,SCA
SP000697,SP000702,5,HUL,MAN,MAN
SP000697,SP001593,5,HUL,MAN,KGX
SP000697,SP002302,5,HUL,MAN,LDS
SP000697,SP002534,3,HUL,MAN,YRK
SP000697,SP002641,5,HUL,MAN,SBY
SP000697,SP003317,3,HUL,MAN,SHF
SP000697,SP003869,5,HUL,MAN,MAN
SP000697,SP003951,3,HUL,MAN,YRK
SP000697,SP003980,7,HUL,MAN,HFX
SP000697,SP004117,7,HUL,MAN,LDS
SP000697,SP004465,7,HUL,MAN,HFX
SP000698,SP000700,19,KGX,NCL,BDQ
SP000698,SP000799,19,KGX,NCL,BDI
SP000698,SP000920,9,KGX,NCL,KLN
SP000698,SP000930,9,KGX,NCL,ELY
SP000698,SP000950,20,KGX,NCL,YRK
SP000698,SP000952,22,KGX,NCL,MBR
SP000698,SP000958,25,KGX,NCL,ABD
SP000698,SP000991,3,KGX,NCL,CBG
SP000698,SP000999,19,KGX,NCL,DON
SP000698,SP001003,19,KGX,NCL,HGT
SP000698,SP001007,6,KGX,NCL,CBG
SP000698,SP001047,19,KGX,NCL,SKI
SP000698,SP001120,11,KGX,NCL,PBO
SP000698,SP001176,3,KGX,NCL,KLN
SP000698,SP001594,19,KGX,NCL,HUL
SP000698,SP001605,3,KGX,NCL,PBO
SP000698,SP001726,4,KGX,NCL,CBG
SP000698,SP001727,9,KGX,NCL,CBG
SP000698,SP001880,19,KGX,NCL,BEV
SP000698,SP002020,9,KGX,NCL,PBO
SP000698,SP002317,3,KGX,NCL,NCL
SP000698,SP002335,3,KGX,NCL,LDS
SP000698,SP002354,4,KGX,NCL,RYS
SP000698,SP002363,5,KGX,NCL,LET
SP000698,SP002493,3,KGX,NCL,HFN
SP000698,SP002494,3,KGX,NCL,RYS
SP000698,SP002502,3,KGX,NCL,CBG
SP000698,SP002602,3,KGX,NCL,WGC
SP000698,SP002623,3,KGX,NCL,PBO
SP000698,SP002755,4,KGX,NCL,CBG
SP000698,SP002757,4,KGX,NCL,CBG
SP000698,SP002761,4,KGX,NCL,LET
SP000698,SP002762,4,KGX,NCL,CBG
SP000698,SP002765,3,KGX,NCL,CBG
SP000698,SP002914,9,KGX,NCL,KLN
SP000698,SP002940,3,KGX,NCL,EDB
SP000698,SP002953,19,KGX,NCL,EDB
SP000698,SP002960,4,KGX,NCL,LDS
SP000698,SP002973,3,KGX,NCL,HFN
SP000698,SP003030,3,KGX,NCL,WGC
SP000698,SP003175,3,KGX,NCL,HFN
SP000698,SP003176,4,KGX,NCL,RYS
SP000698,SP003225,4,KGX,NCL,WGC
SP000698,SP003254,4,KGX,NCL,PBO
SP000698,SP003540,19,KGX,NCL,GLQ
SP000698,SP003600,9,KGX,NCL,CBG
SP000698,SP003658,4,KGX,NCL,ELY
SP000698,SP003667,4,KGX,NCL,YRK
SP000698,SP003669,25,KGX,NCL,INV
SP000698,SP003855,3,KGX,NCL,ABD
SP000698,SP003859,3,KGX,NCL,LDS
SP000698,SP004237,3,KGX,NCL,PBO
SP000699,SP001960,4,ELG,KYL,INV
SP000700,SP000799,20,KGX,BDQ,BDI
SP000700,SP000920,9,KGX,BDQ,KLN
SP000700,SP000930,9,KGX,BDQ,ELY
SP000700,SP000950,19,KGX,BDQ,YRK
SP000700,SP000952,19,KGX,BDQ,MBR
SP000700,SP000958,19,KGX,BDQ,ABD
SP000700,SP000991,3,KGX,BDQ,CBG
SP000700,SP000999,19,KGX,BDQ,DON
SP000700,SP001003,22,KGX,BDQ,HGT
SP000700,SP001007,6,KGX,BDQ,CBG
SP000700,SP001047,23,KGX,BDQ,SKI
SP000700,SP001120,11,KGX,BDQ,PBO
SP000700,SP001176,3,KGX,BDQ,KLN
SP000700,SP001594,19,KGX,BDQ,HUL
SP000700,SP001605,3,KGX,BDQ,PBO
SP000700,SP001726,4,KGX,BDQ,CBG
SP000700,SP001727,9,KGX,BDQ,CBG
SP000700,SP001880,19,KGX,BDQ,BEV
SP000700,SP002020,9,KGX,BDQ,PBO
SP000700,SP002317,3,KGX,BDQ,NCL
SP000700,SP002335,3,KGX,BDQ,LDS
SP000700,SP002354,4,KGX,BDQ,RYS
SP000700,SP002363,5,KGX,BDQ,LET
SP000700,SP002493,3,KGX,BDQ,HFN
SP000700,SP002494,3,KGX,BDQ,RYS
SP000700,SP002502,3,KGX,BDQ,CBG
SP000700,SP002602,3,KGX,BDQ,WGC
SP000700,SP002623,3,KGX,BDQ,PBO
SP000700,SP002755,4,KGX,BDQ,CBG
SP000700,SP002757,4,KGX,BDQ,CBG
SP000700,SP002761,4,KGX,BDQ,LET
SP000700,SP002762,4,KGX,BDQ,CBG
SP000700,SP002765,3,KGX,BDQ,CBG
SP000700,SP002914,9,KGX,BDQ,KLN
SP000700,SP002940,3,KGX,BDQ,EDB
SP000700,SP002953,19,KGX,BDQ,EDB
SP000700,SP002960,4,KGX,BDQ,LDS
SP000700,SP002973,3,KGX,BDQ,HFN
SP000700,SP003030,3,KGX,BDQ,WGC
SP000700,SP003175,3,KGX,BDQ,HFN
SP000700,SP003176,4,KGX,BDQ,RYS
SP000700,SP003225,4,KGX,BDQ,WGC
SP000700,SP003254,4,KGX,BDQ,PBO
SP000700,SP003540,19,KGX,BDQ,GLQ
SP000700,SP003600,9,KGX,BDQ,CBG
SP000700,SP003658,4,KGX,BDQ,ELY
SP000700,SP003667,4,KGX,BDQ,YRK
SP000700,SP003669,19,KGX,BDQ,INV
SP000700,SP003855,3,KGX,BDQ,ABD
SP000700,SP003859,3,KGX,BDQ,LDS
SP000700,SP004237,3,KGX,BDQ,PBO
SP000701,SP000705,8,SHF,HUL,HUL
SP000701,SP002726,7,SHF,HUL,SCA
SP000701,SP003313,7,SHF,HUL,SCA
SP000702,SP001593,5,HUL,MAN,KGX
SP000702,SP002302,6,HUL,MAN,LDS
SP000702,SP002534,3,HUL,MAN,YRK
SP000702,SP002641,5,HUL,MAN,SBY
SP000702,SP003317,3,HUL,MAN,SHF
SP000702,SP003869,5,HUL,MAN,MAN
SP000702,SP003951,3,HUL,MAN,YRK
SP000702,SP003980,5,HUL,MAN,HFX
SP000702,SP004117,5,HUL,MAN,LDS
SP000702,SP004465,5,HUL,MAN,HFX
SP000704,SP000708,5,SRA,BIS,BIS
SP000704,SP000829,3,SRA,BIS,MRW
SP000704,SP003777,5,SRA,BIS,BIS
SP000704,SP003778,5,SRA,BIS,BIS
SP000704,SP003785,11,SRA,BIS,BIS
SP000704,SP003787,5,SRA,BIS,BIS
SP000704,SP003791,7,SRA,BIS,BIS
SP000704,SP004095,11,SRA,BIS,HFE
SP000704,SP004425,8,SRA,BIS,HFE
SP000704,SP004428,7,SRA,BIS,HFE
SP000704,SP004439,7,SRA,BIS,BIS
SP000704,SP004442,7,SRA,BIS,BIS
SP000705,SP002726,7,SHF,HUL,SCA
SP000705,SP003313,7,SHF,HUL,SCA
SP000706,SP001870,3,MAN,HUL,NMC
SP000706,SP002679,13,MAN,HUL,YRK
SP000707,SP002438,7,MLN,EDB,MTH
SP000707,SP003008,7,MLN,EDB,CUB
SP000707,SP003650,7,MLN,EDB,MTH
SP000707,SP003901,15,MLN,EDB,ADR
SP000707,SP003907,13,MLN,EDB,EDB
SP000707,SP003909,13,MLN,EDB,EDB
SP000707,SP003912,16,MLN,EDB,BHG
SP000707,SP004222,7,MLN,EDB,MTH
SP000707,SP004290,11,MLN,EDB,SPR
SP000708,SP000829,3,SRA,BIS,MRW
SP000708,SP003777,5,SRA,BIS,BIS
SP000708,SP003778,5,SRA,BIS,BIS
SP000708,SP003785,5,SRA,BIS,BIS
SP000708,SP003787,5,SRA,BIS,BIS
SP000708,SP003791,5,SRA,BIS,BIS
SP000708,SP004095,5,SRA,BIS,HFE
SP000708,SP004425,5,SRA,BIS,HFE
SP000708,SP004428,5,SRA,BIS,HFE
SP000708,SP004439,5,SRA,BIS,BIS
SP000708,SP004442,5,SRA,BIS,BIS
SP000709,SP004158,4,SUY,MKT,COL
SP000712,SP000737,5,NOT,LDS,SHF
SP000712,SP003705,7,NOT,LDS,LIV
SP000713,SP002716,7,IPS,CBG,PBO
SP000713,SP002795,6,IPS,CBG,BSE
SP000715,SP001072,7,DON,KGX,KGX
SP000715,SP004604,7,DON,KGX,KGX
SP000716,SP000915,7,LDS,SLB,EDB
SP000716,SP003056,3,LDS,SLB,HUL
SP000716,SP003723,5,LDS,SLB,YRK
SP000717,SP001820,6,STP,SHF,COR
SP000717,SP001848,4,STP,SHF,SHF
SP000717,SP002360,4,STP,SHF,DBY
SP000717,SP002461,4,STP,SHF,NOT
SP000717,SP002994,6,STP,SHF,DBY
SP000717,SP003423,19,STP,SHF,DBY
SP000717,SP004144,4,STP,SHF,COR
SP000718,SP000783,7,AFK,CHX,XVJ
SP000718,SP000787,7,AFK,CHX,XVJ
SP000718,SP000791,7,AFK,CHX,XVJ
SP000718,SP004605,7,AFK,CHX,CHX
SP000718,SP004613,7,AFK,CHX,XVJ
SP000719,SP001110,4,MAN,RCC,WKK
SP000719,SP001561,7,MAN,RCC,RCC
SP000719,SP001632,3,MAN,RCC,HDF
SP000719,SP002149,4,MAN,RCC,YRK
SP000719,SP002978,7,MAN,RCC,YRK
SP000719,SP003048,7,MAN,RCC,NCL
SP000719,SP003058,10,MAN,RCC,HUL
SP000719,SP003072,11,MAN,RCC,SLB
SP000719,SP003074,4,MAN,RCC,YRK
SP000719,SP003075,7,MAN,RCC,YRK
SP000719,SP003134,10,MAN,RCC,NCL
SP000719,SP003279,7,MAN,RCC,YRK
SP000719,SP003960,11,MAN,RCC,YRK
SP000719,SP004027,3,MAN,RCC,RCC
SP000719,SP004138,11,MAN,RCC,DAR
SP000720,SP004304,3,MCM,LDS,LAN
SP000722,SP000775,4,AFK,CHX,XVJ
SP000723,SP002963,10,HYS,CHX,LEW
SP000723,SP003236,10,HYS,CHX,NWX
SP000724,SP001161,4,BSK,RDG,RDG
SP000725,SP000905,6,CST,DFD,GRV
SP000725,SP001031,4,CST,DFD,RAM
SP000725,SP001056,4,CST,DFD,AFK
SP000725,SP001064,4,CST,DFD,ORP
SP000725,SP001142,6,CST,DFD,CST
SP000725,SP001893,4,CST,DFD,DVP
SP000725,SP001895,4,CST,DFD,RAM
SP000725,SP002910,4,CST,DFD,TBW
SP000725,SP003122,4,CST,DFD,CST
SP000725,SP003314,6,CST,DFD,RTR
SP000725,SP003425,4,CST,DFD,TON
SP000725,SP003479,5,CST,DFD,ORP
SP000725,SP004537,4,CST,DFD,DVP
SP000725,SP004538,4,CST,DFD,RAM
SP000726,SP004386,12,IPS,LWT,NRW
SP000727,SP004145,3,COL,IPS,PBO
SP000728,SP000746,8,SKI,LDS,LDS
SP000728,SP001617,8,SKI,LDS,BDQ
SP000728,SP002188,9,SKI,LDS,LDS
SP000731,SP002518,3,YRK,WKK,MIA
SP000731,SP003083,5,YRK,WKK,MAN
SP000731,SP003125,3,YRK,WKK,MAN
SP000731,SP003268,3,YRK,WKK,MIA
SP000731,SP003606,3,YRK,WKK,MAN
SP000731,SP003607,3,YRK,WKK,LDS
SP000732,SP000756,3,CHX,HYS,DFD
SP000732,SP000766,4,CHX,HYS,HYS
SP000732,SP000908,3,CHX,HYS,DFD
SP000732,SP000922,3,CHX,HYS,DFD
SP000732,SP000986,3,CHX,HYS,GRV
SP000732,SP001044,4,CHX,HYS,RAM
SP000732,SP001137,4,CHX,HYS,SEV
SP000732,SP001138,4,CHX,HYS,ORP
SP000732,SP001883,4,CHX,HYS,HGS
SP000732,SP001892,4,CHX,HYS,DVP
SP000732,SP002505,3,CHX,HYS,GRV
SP000732,SP002537,4,CHX,HYS,TBW
SP000732,SP002807,4,CHX,HYS,DVP
SP000732,SP002969,3,CHX,HYS,DFD
SP000732,SP002976,4,CHX,HYS,CBW
SP000732,SP002979,3,CHX,HYS,SEV
SP000732,SP003068,3,CHX,HYS,HYS
SP000732,SP003156,3,CHX,HYS,CST
SP000732,SP003188,3,CHX,HYS,ORP
SP000732,SP003200,4,CHX,HYS,TBW
SP000732,SP003315,3,CHX,HYS,GRV
SP000732,SP003387,4,CHX,HYS,DVP
SP000732,SP003400,4,CHX,HYS,RAM
SP000732,SP003760,3,CHX,HYS,GRV
SP000732,SP004546,4,CHX,HYS,HGS
SP000732,SP004547,4,CHX,HYS,HGS
SP000732,SP004549,4,CHX,HYS,HGS
SP000732,SP004551,4,CHX,HYS,HGS
SP000733,SP001566,27,BMH,MAN,BHM
SP000737,SP003705,5,NOT,SHF,LIV
SP000738,SP000821,27,HOO,CTR,ELP
SP000739,SP000933,3,EBN,AFK,BTN
SP000739,SP000941,12,EBN,AFK,HGS
SP000739,SP001048,3,EBN,AFK,BAL
SP000739,SP001051,3,EBN,AFK,BAL
SP000739,SP001685,4,EBN,AFK,AFK
SP000739,SP001705,4,EBN,AFK,HGS
SP000739,SP001929,4,EBN,AFK,AFK
SP000739,SP001964,4,EBN,AFK,AFK
SP000739,SP001969,4,EBN,AFK,AFK
SP000739,SP002248,4,EBN,AFK,ORE
SP000739,SP002503,3,EBN,AFK,XSU
SP000739,SP003759,3,EBN,AFK,BAL
SP000739,SP003812,3,EBN,AFK,HHE
SP000739,SP004147,3,EBN,AFK,HHE
SP000739,SP004505,3,EBN,AFK,BAK
SP000739,SP004595,3,EBN,AFK,WSW
SP000740,SP000759,8,BPN,MIA,MIA
SP000740,SP000979,3,BPN,MIA,YRK
SP000740,SP000984,4,BPN,MIA,LDS
SP000740,SP002612,3,BPN,MIA,MIA
SP000740,SP003670,6,BPN,MIA,LIV
SP000740,SP003781,4,BPN,MIA,LDS
SP000740,SP004097,6,BPN,MIA,MAN
SP000740,SP004106,4,BPN,MIA,YRK
SP000740,SP004205,3,BPN,MIA,CRE
SP000740,SP004229,6,BPN,MIA,LIV
SP000740,SP004295,4,BPN,MIA,YRK
SP000740,SP004426,6,BPN,MIA,LIV
SP000740,SP004526,6,BPN,MIA,MAN
SP000740,SP004578,4,BPN,MIA,CRE
SP000742,SP000811,4,CTR,CTR,HOO
SP000742,SP001265,18,CTR,CTR,XLV
SP000743,SP001963,5,COR,STP,STP
SP000745,SP000754,9,BPN,MIA,MIA
SP000745,SP003724,9,BPN,MIA,MIA
SP000745,SP003984,4,BPN,MIA,MIA
SP000746,SP001617,8,SKI,LDS,BDQ
SP000746,SP002188,8,SKI,LDS,LDS
SP000747,SP002708,10,CBG,IPS,HPQ
SP000749,SP000816,20,ELP,CTR,BKQ
SP000749,SP000824,30,ELP,CTR,ELP
SP000750,SP001199,3,LIV,NRW,CTR
SP000750,SP001354,17,LIV,NRW,NRW
SP000750,SP001360,17,LIV,NRW,NOT
SP000750,SP001362,17,LIV,NRW,NRW
SP000750,SP001365,17,LIV,NRW,NOT
SP000750,SP001366,17,LIV,NRW,NOT
SP000750,SP001592,3,LIV,NRW,EUS
SP000750,SP001792,3,LIV,NRW,EUS
SP000750,SP001875,5,LIV,NRW,CLE
SP000750,SP002081,3,LIV,NRW,BHM
SP000750,SP002673,13,LIV,NRW,NOT
SP000750,SP002819,3,LIV,NRW,LLD
SP000750,SP003089,5,LIV,NRW,WAC
SP000750,SP003111,3,LIV,NRW,EUS
SP000750,SP003115,13,LIV,NRW,NOT
SP000750,SP003496,5,LIV,NRW,SHF
SP000750,SP003657,5,LIV,NRW,NCL
SP000750,SP004026,3,LIV,NRW,CRE
SP000750,SP004143,13,LIV,NRW,NRW
SP000750,SP004261,5,LIV,NRW,DON
SP000750,SP004268,5,LIV,NRW,MIA
SP000750,SP004269,17,LIV,NRW,NRW
SP000752,SP002561,5,MAT,DBY,LCN
SP000752,SP002563,5,MAT,DBY,LCN
SP000752,SP002564,5,MAT,DBY,CLE
SP000752,SP002580,5,MAT,DBY,NOT
SP000752,SP002581,5,MAT,DBY,NOT
SP000752,SP004172,5,MAT,DBY,CLE
SP000753,SP000951,3,XVJ,ORP,AFK
SP000753,SP000953,3,XVJ,ORP,AFK
SP000753,SP000960,3,XVJ,ORP,AFK
SP000753,SP000964,3,XVJ,ORP,RAM
SP000753,SP001887,3,XVJ,ORP,RAM
SP000753,SP001901,3,XVJ,ORP,BTH
SP000753,SP002775,15,XVJ,ORP,AFK
SP000753,SP003152,3,XVJ,ORP,RAM
SP000753,SP003155,3,XVJ,ORP,GLM
SP000753,SP003334,3,XVJ,ORP,AFK
SP000753,SP003576,3,XVJ,ORP,AFK
SP000753,SP003720,12,XVJ,ORP,RAM
SP000753,SP004649,3,XVJ,ORP,HOV
SP000754,SP003724,19,BPN,MIA,MIA
SP000754,SP003984,4,BPN,MIA,MIA
SP000755,SP003952,3,DBY,MAT,MAT
SP000756,SP000766,3,CHX,DFD,HYS
SP000756,SP000908,4,CHX,DFD,DFD
SP000756,SP000922,4,CHX,DFD,DFD
SP000756,SP000986,4,CHX,DFD,GRV
SP000756,SP001044,3,CHX,DFD,RAM
SP000756,SP001137,3,CHX,DFD,SEV
SP000756,SP001138,3,CHX,DFD,ORP
SP000756,SP001883,3,CHX,DFD,HGS
SP000756,SP001892,3,CHX,DFD,DVP
SP000756,SP002505,13,CHX,DFD,GRV
SP000756,SP002537,3,CHX,DFD,TBW
SP000756,SP002807,3,CHX,DFD,DVP
SP000756,SP002969,5,CHX,DFD,DFD
SP000756,SP002976,3,CHX,DFD,CBW
SP000756,SP002979,4,CHX,DFD,SEV
SP000756,SP003068,4,CHX,DFD,HYS
SP000756,SP003156,4,CHX,DFD,CST
SP000756,SP003188,4,CHX,DFD,ORP
SP000756,SP003200,3,CHX,DFD,TBW
SP000756,SP003315,4,CHX,DFD,GRV
SP000756,SP003387,3,CHX,DFD,DVP
SP000756,SP003400,3,CHX,DFD,RAM
SP000756,SP003760,4,CHX,DFD,GRV
SP000756,SP004546,3,CHX,DFD,HGS
SP000756,SP004547,3,CHX,DFD,HGS
SP000756,SP004549,3,CHX,DFD,HGS
SP000756,SP004551,3,CHX,DFD,HGS
SP000757,SP000795,6,LIV,PRE,MIA
SP000757,SP000970,13,LIV,PRE,WGN
SP000757,SP001541,6,LIV,PRE,MCV
SP000757,SP001777,6,LIV,PRE,MCV
SP000757,SP003754,6,LIV,PRE,WGN
SP000757,SP004459,6,LIV,PRE,MCV
SP000758,SP001857,7,ORE,BAL,BTN
SP000758,SP001861,5,ORE,BAL,BTN
SP000758,SP002277,15,ORE,BAL,BTN
SP000758,SP002476,5,ORE,BAL,BTN
SP000758,SP002996,7,ORE,BAL,BAL
SP000758,SP003000,7,ORE,BAL,BAK
SP000758,SP003147,8,ORE,BAL,BTN
SP000758,SP003149,8,ORE,BAL,BTN
SP000758,SP003552,7,ORE,BAL,PLG
SP000758,SP004120,5,ORE,BAL,BTN
SP000758,SP004126,7,ORE,BAL,BTN
SP000758,SP004128,7,ORE,BAL,BTN
SP000759,SP000979,3,BPN,MIA,YRK
SP000759,SP000984,4,BPN,MIA,LDS
SP000759,SP002612,3,BPN,MIA,MIA
SP000759,SP003670,6,BPN,MIA,LIV
SP000759,SP003781,4,BPN,MIA,LDS
SP000759,SP004097,6,BPN,MIA,MAN
SP000759,SP004106,4,BPN,MIA,YRK
SP000759,SP004205,3,BPN,MIA,CRE
SP000759,SP004229,6,BPN,MIA,LIV
SP000759,SP004295,4,BPN,MIA,YRK
SP000759,SP004426,6,BPN,MIA,LIV
SP000759,SP004526,6,BPN,MIA,MAN
SP000759,SP004578,4,BPN,MIA,CRE
SP000760,SP000784,15,GLM,LUT,CST
SP000760,SP001141,5,GLM,LUT,TON
SP000760,SP001144,5,GLM,LUT,PDW
SP000760,SP001565,4,GLM,LUT,XVJ
SP000760,SP001661,15,GLM,LUT,LUT
SP000760,SP003243,4,GLM,LUT,XVJ
SP000760,SP003281,4,GLM,LUT,BFR
SP000760,SP004531,4,GLM,LUT,CST
SP000760,SP004536,4,GLM,LUT,CST
SP000761,SP001629,6,WHP,RAI,SUO
SP000761,SP001681,6,WHP,RAI,ORP
SP000761,SP001778,6,WHP,RAI,SUO
SP000761,SP003915,8,WHP,RAI,RAI
SP000761,SP004591,12,WHP,RAI,RAI
SP000763,SP002469,15,CTR,MAN,MAN
SP000763,SP002472,15,CTR,MAN,SPT
SP000764,SP001112,6,RSH,MAN,MAN
SP000764,SP001756,7,RSH,MAN,MAN
SP000764,SP001759,6,RSH,MAN,MAN
SP000765,SP003979,8,WDM,MIA,PRE
SP000765,SP004212,5,WDM,MIA,OXN
SP000766,SP000908,3,CHX,HYS,DFD
SP000766,SP000922,3,CHX,HYS,DFD
SP000766,SP000986,3,CHX,HYS,GRV
SP000766,SP001044,4,CHX,HYS,RAM
SP000766,SP001137,4,CHX,HYS,SEV
SP000766,SP001138,4,CHX,HYS,ORP
SP000766,SP001883,4,CHX,HYS,HGS
SP000766,SP001892,4,CHX,HYS,DVP
SP000766,SP002505,3,CHX,HYS,GRV
SP000766,SP002537,4,CHX,HYS,TBW
SP000766,SP002807,4,CHX,HYS,DVP
SP000766,SP002969,3,CHX,HYS,DFD
SP000766,SP002976,4,CHX,HYS,CBW
SP000766,SP002979,3,CHX,HYS,SEV
SP000766,SP003068,3,CHX,HYS,HYS
SP000766,SP003156,3,CHX,HYS,CST
SP000766,SP003188,3,CHX,HYS,ORP
SP000766,SP003200,5,CHX,HYS,TBW
SP000766,SP003315,3,CHX,HYS,GRV
SP000766,SP003387,4,CHX,HYS,DVP
SP000766,SP003400,4,CHX,HYS,RAM
SP000766,SP003760,3,CHX,HYS,GRV
SP000766,SP004546,4,CHX,HYS,HGS
SP000766,SP004547,4,CHX,HYS,HGS
SP000766,SP004549,4,CHX,HYS,HGS
SP000766,SP004551,4,CHX,HYS,HGS
SP000768,SP000770,12,AFK,CHX,CST
SP000769,SP001012,15,BIF,MIA,MIA
SP000769,SP002166,12,BIF,MIA,LAN
SP000769,SP003102,15,BIF,MIA,MIA
SP000769,SP004241,5,BIF,MIA,LAN
SP000769,SP004592,14,BIF,MIA,MIA
SP000771,SP003248,6,TON,CHX,CHX
SP000771,SP004612,3,TON,CHX,CHX
SP000772,SP002933,8,RET,NOT,SHF
SP000773,SP000894,10,DFD,CST,CST
SP000773,SP002931,12,DFD,CST,CHX
SP000773,SP003463,10,DFD,CST,XKE
SP000774,SP000906,9,MAN,WML,CRE
SP000774,SP001736,7,MAN,WML,MIA
SP000774,SP002950,9,MAN,WML,CRE
SP000774,SP004042,6,MAN,WML,CRE
SP000777,SP001200,12,BTN,ORE,EBN
SP000777,SP001226,6,BTN,ORE,SEF
SP000777,SP001228,6,BTN,ORE,NVH
SP000777,SP001336,6,BTN,ORE,SEF
SP000777,SP001550,5,BTN,ORE,LWS
SP000777,SP002809,15,BTN,ORE,HGS
SP000777,SP003550,15,BTN,ORE,HGS
SP000777,SP004552,6,BTN,ORE,HGS
SP000779,SP001023,12,XHZ,SQE,CYP
SP000780,SP001020,10,DLJ,BAK,CYP
SP000780,SP003630,10,DLJ,BAK,SQE
SP000780,SP004580,10,DLJ,BAK,WCY
SP000781,SP000834,7,KNO,LDS,WKF
SP000783,SP000787,11,AFK,XVJ,XVJ
SP000783,SP000791,14,AFK,XVJ,XVJ
SP000783,SP004605,11,AFK,XVJ,CHX
SP000783,SP004613,11,AFK,XVJ,XVJ
SP000784,SP001141,5,GLM,CST,TON
SP000784,SP001144,5,GLM,CST,PDW
SP000784,SP001565,4,GLM,CST,XVJ
SP000784,SP001661,22,GLM,CST,LUT
SP000784,SP003243,4,GLM,CST,XVJ
SP000784,SP003281,4,GLM,CST,BFR
SP000784,SP004531,4,GLM,CST,CST
SP000784,SP004536,4,GLM,CST,CST
SP000786,SP000789,8,EPD,BAK,WCY
SP000787,SP000791,11,AFK,XVJ,XVJ
SP000787,SP004605,14,AFK,XVJ,CHX
SP000787,SP004613,14,AFK,XVJ,XVJ
SP000788,SP002941,8,GRV,CST,CHX
SP000788,SP004493,8,GRV,CST,CHX
SP000788,SP004501,8,GRV,CST,CHX
SP000790,SP000792,6,NRW,SHM,SHM
SP000790,SP000806,7,NRW,SHM,SHM
SP000791,SP004605,11,AFK,XVJ,CHX
SP000791,SP004613,11,AFK,XVJ,XVJ
SP000792,SP000806,6,NRW,SHM,SHM
SP000795,SP000970,6,LIV,MIA,WGN
SP000795,SP001541,14,LIV,MIA,MCV
SP000795,SP001777,14,LIV,MIA,MCV
SP000795,SP003754,12,LIV,MIA,WGN
SP000795,SP004459,12,LIV,MIA,MCV
SP000796,SP000814,5,PAD,HAF,HWV
SP000796,SP003180,4,PAD,HAF,RDG
SP000796,SP003214,4,PAD,HAF,RDG
SP000797,SP000800,3,SHM,NRW,NRW
SP000797,SP000802,3,SHM,NRW,NRW
SP000797,SP000803,3,SHM,NRW,NRW
SP000797,SP000805,4,SHM,NRW,NRW
SP000799,SP000920,9,KGX,BDI,KLN
SP000799,SP000930,9,KGX,BDI,ELY
SP000799,SP000950,19,KGX,BDI,YRK
SP000799,SP000952,19,KGX,BDI,MBR
SP000799,SP000958,19,KGX,BDI,ABD
SP000799,SP000991,3,KGX,BDI,CBG
SP000799,SP000999,19,KGX,BDI,DON
SP000799,SP001003,20,KGX,BDI,HGT
SP000799,SP001007,6,KGX,BDI,CBG
SP000799,SP001047,20,KGX,BDI,SKI
SP000799,SP001120,11,KGX,BDI,PBO
SP000799,SP001176,3,KGX,BDI,KLN
SP000799,SP001594,19,KGX,BDI,HUL
SP000799,SP001605,3,KGX,BDI,PBO
SP000799,SP001726,4,KGX,BDI,CBG
SP000799,SP001727,9,KGX,BDI,CBG
SP000799,SP001880,19,KGX,BDI,BEV
SP000799,SP002020,9,KGX,BDI,PBO
SP000799,SP002317,3,KGX,BDI,NCL
SP000799,SP002335,3,KGX,BDI,LDS
SP000799,SP002354,4,KGX,BDI,RYS
SP000799,SP002363,5,KGX,BDI,LET
SP000799,SP002493,3,KGX,BDI,HFN
SP000799,SP002494,3,KGX,BDI,RYS
SP000799,SP002502,3,KGX,BDI,CBG
SP000799,SP002602,3,KGX,BDI,WGC
SP000799,SP002623,3,KGX,BDI,PBO
SP000799,SP002755,4,KGX,BDI,CBG
SP000799,SP002757,4,KGX,BDI,CBG
SP000799,SP002761,4,KGX,BDI,LET
SP000799,SP002762,4,KGX,BDI,CBG
SP000799,SP002765,3,KGX,BDI,CBG
SP000799,SP002914,9,KGX,BDI,KLN
SP000799,SP002940,3,KGX,BDI,EDB
SP000799,SP002953,19,KGX,BDI,EDB
SP000799,SP002960,4,KGX,BDI,LDS
SP000799,SP002973,3,KGX,BDI,HFN
SP000799,SP003030,3,KGX,BDI,WGC
SP000799,SP003175,3,KGX,BDI,HFN
SP000799,SP003176,4,KGX,BDI,RYS
SP000799,SP003225,4,KGX,BDI,WGC
SP000799,SP003254,4,KGX,BDI,PBO
SP000799,SP003540,19,KGX,BDI,GLQ
SP000799,SP003600,9,KGX,BDI,CBG
SP000799,SP003658,4,KGX,BDI,ELY
SP000799,SP003667,4,KGX,BDI,YRK
SP000799,SP003669,19,KGX,BDI,INV
SP000799,SP003855,3,KGX,BDI,ABD
SP000799,SP003859,3,KGX,BDI,LDS
SP000799,SP004237,3,KGX,BDI,PBO
SP000800,SP000802,4,SHM,NRW,NRW
SP000800,SP000803,3,SHM,NRW,NRW
SP000800,SP000805,3,SHM,NRW,NRW
SP000801,SP000835,6,PAD,PLY,WSM
SP000801,SP000840,6,PAD,PLY,PNZ
SP000801,SP000848,6,PAD,PLY,WOS
SP000801,SP000858,6,PAD,PLY,OXF
SP000801,SP000862,6,PAD,PLY,CNM
SP000801,SP001654,7,PAD,PLY,NBY
SP000801,SP001823,6,PAD,PLY,SWA
SP000801,SP001838,6,PAD,PLY,SWA
SP000801,SP001939,6,PAD,PLY,RDG
SP000801,SP002174,6,PAD,PLY,WSM
SP000801,SP002183,6,PAD,PLY,WSM
SP000801,SP002209,16,PAD,PLY,EXD
SP000801,SP002216,8,PAD,PLY,NQY
SP000801,SP002711,7,PAD,PLY,BDW
SP000801,SP003385,8,PAD,PLY,PGN
SP000801,SP003417,6,PAD,PLY,CDF
SP000801,SP003420,6,PAD,PLY,WOS
SP000801,SP003428,7,PAD,PLY,WSB
SP000801,SP003429,6,PAD,PLY,CMN
SP000801,SP003434,6,PAD,PLY,SWA
SP000801,SP003440,6,PAD,PLY,SWA
SP000801,SP003448,6,PAD,PLY,TAU
SP000801,SP003480,8,PAD,PLY,PNZ
SP000801,SP003591,3,PAD,PLY,RDG
SP000801,SP003666,6,PAD,PLY,TAU
SP000801,SP003788,6,PAD,PLY,SWA
SP000801,SP004186,7,PAD,PLY,FRO
SP000801,SP004248,6,PAD,PLY,WPH
SP000801,SP004338,6,PAD,PLY,BPW
SP000801,SP004416,6,PAD,PLY,BDW
SP000801,SP004476,6,PAD,PLY,BAN
SP000801,SP004599,6,PAD,PLY,WOS
SP000802,SP000803,3,SHM,NRW,NRW
SP000802,SP000805,3,SHM,NRW,NRW
SP000803,SP000805,3,SHM,NRW,NRW
SP000804,SP000955,13,APN,SHZ,SUN
SP000809,SP001822,20,PNZ,PAD,PAD
SP000809,SP002137,10,PNZ,PAD,PAD
SP000809,SP002867,12,PNZ,PAD,PAD
SP000809,SP003367,30,PNZ,PAD,PAD
SP000811,SP001265,4,CTR,HOO,XLV
SP000812,SP000818,3,LVC,HBL,SOP
SP000812,SP003507,4,LVC,HBL,OMS
SP000814,SP003180,4,PAD,HWV,RDG
SP000814,SP003214,4,PAD,HWV,RDG
SP000816,SP000824,20,ELP,BKQ,ELP
SP000817,SP000833,16,SHZ,APN,SGH
SP000817,SP000898,17,SHZ,APN,REG
SP000818,SP003507,3,LVC,SOP,OMS
SP000820,SP001326,5,CDF,PMD,BGN
SP000820,SP001909,5,CDF,PMD,MST
SP000820,SP003203,20,CDF,PMD,CMN
SP000820,SP003748,13,CDF,PMD,SWA
SP000822,SP000844,3,BWR,CPG,MIM
SP000823,SP002835,6,SHR,CTR,LIV
SP000823,SP003336,6,SHR,CTR,LIV
SP000825,SP000949,4,MAN,SOT,BUX
SP000825,SP000963,4,MAN,SOT,BUX
SP000825,SP000967,4,MAN,SOT,BUX
SP000825,SP000974,4,MAN,SOT,BUX
SP000825,SP001537,5,MAN,SOT,CRE
SP000825,SP001740,4,MAN,SOT,HAZ
SP000825,SP001953,10,MAN,SOT,MAC
SP000825,SP002636,5,MAN,SOT,ALD
SP000825,SP003076,4,MAN,SOT,SHF
SP000825,SP003145,5,MAN,SOT,FGH
SP000827,SP002405,7,ZHS,ZUM,ZTH
SP000828,SP001452,3,CTR,LIV,MAN
SP000828,SP001500,3,CTR,LIV,MAN
SP000828,SP002223,3,CTR,LIV,MIA
SP000828,SP002787,3,CTR,LIV,MIA
SP000828,SP003604,5,CTR,LIV,LIV
SP000829,SP003777,3,SRA,MRW,BIS
SP000829,SP003778,3,SRA,MRW,BIS
SP000829,SP003785,3,SRA,MRW,BIS
SP000829,SP003787,3,SRA,MRW,BIS
SP000829,SP003791,3,SRA,MRW,BIS
SP000829,SP004095,3,SRA,MRW,HFE
SP000829,SP004425,3,SRA,MRW,HFE
SP000829,SP004428,3,SRA,MRW,HFE
SP000829,SP004439,3,SRA,MRW,BIS
SP000829,SP004442,3,SRA,MRW,BIS
SP000831,SP001642,19,HHD,WBQ,MIA
SP000831,SP002332,4,HHD,WBQ,CDF
SP000831,SP002839,19,HHD,WBQ,MIA
SP000831,SP002859,4,HHD,WBQ,CDF
SP000831,SP003120,4,HHD,WBQ,EUS
SP000831,SP003173,4,HHD,WBQ,CTR
SP000831,SP003340,4,HHD,WBQ,EUS
SP000831,SP003359,4,HHD,WBQ,CDF
SP000831,SP003586,15,HHD,WBQ,CTR
SP000831,SP004015,4,HHD,WBQ,BHM
SP000833,SP000898,16,SHZ,SGH,REG
SP000835,SP000840,11,PAD,WSM,PNZ
SP000835,SP000848,7,PAD,WSM,WOS
SP000835,SP000858,8,PAD,WSM,OXF
SP000835,SP000862,9,PAD,WSM,CNM
SP000835,SP001654,6,PAD,WSM,NBY
SP000835,SP001823,8,PAD,WSM,SWA
SP000835,SP001838,9,PAD,WSM,SWA
SP000835,SP001939,6,PAD,WSM,RDG
SP000835,SP002174,11,PAD,WSM,WSM
SP000835,SP002183,11,PAD,WSM,WSM
SP000835,SP002209,6,PAD,WSM,EXD
SP000835,SP002216,6,PAD,WSM,NQY
SP000835,SP002711,6,PAD,WSM,BDW
SP000835,SP003385,6,PAD,WSM,PGN
SP000835,SP003417,9,PAD,WSM,CDF
SP000835,SP003420,9,PAD,WSM,WOS
SP000835,SP003428,6,PAD,WSM,WSB
SP000835,SP003429,9,PAD,WSM,CMN
SP000835,SP003434,9,PAD,WSM,SWA
SP000835,SP003440,9,PAD,WSM,SWA
SP000835,SP003448,11,PAD,WSM,TAU
SP000835,SP003480,6,PAD,WSM,PNZ
SP000835,SP003591,3,PAD,WSM,RDG
SP000835,SP003666,11,PAD,WSM,TAU
SP000835,SP003788,11,PAD,WSM,SWA
SP000835,SP004186,6,PAD,WSM,FRO
SP000835,SP004248,7,PAD,WSM,WPH
SP000835,SP004338,9,PAD,WSM,BPW
SP000835,SP004416,6,PAD,WSM,BDW
SP000835,SP004476,7,PAD,WSM,BAN
SP000835,SP004599,9,PAD,WSM,WOS
SP000836,SP001330,5,PEN,CPH,COY
SP000837,SP000839,15,AYW,BHI,BHI
SP000837,SP000850,6,AYW,BHI,MCN
SP000837,SP000859,10,AYW,BHI,SHR
SP000839,SP000850,6,AYW,BHI,MCN
SP000839,SP000859,10,AYW,BHI,SHR
SP000840,SP000848,7,PAD,PNZ,WOS
SP000840,SP000858,8,PAD,PNZ,OXF
SP000840,SP000862,9,PAD,PNZ,CNM
SP000840,SP001654,6,PAD,PNZ,NBY
SP000840,SP001823,8,PAD,PNZ,SWA
SP000840,SP001838,9,PAD,PNZ,SWA
SP000840,SP001939,6,PAD,PNZ,RDG
SP000840,SP002174,12,PAD,PNZ,WSM
SP000840,SP002183,12,PAD,PNZ,WSM
SP000840,SP002209,6,PAD,PNZ,EXD
SP000840,SP002216,6,PAD,PNZ,NQY
SP000840,SP002711,6,PAD,PNZ,BDW
SP000840,SP003385,6,PAD,PNZ,PGN
SP000840,SP003417,9,PAD,PNZ,CDF
SP000840,SP003420,9,PAD,PNZ,WOS
SP000840,SP003428,6,PAD,PNZ,WSB
SP000840,SP003429,9,PAD,PNZ,CMN
SP000840,SP003434,9,PAD,PNZ,SWA
SP000840,SP003440,9,PAD,PNZ,SWA
SP000840,SP003448,12,PAD,PNZ,TAU
SP000840,SP003480,6,PAD,PNZ,PNZ
SP000840,SP003591,3,PAD,PNZ,RDG
SP000840,SP003666,12,PAD,PNZ,TAU
SP000840,SP003788,12,PAD,PNZ,SWA
SP000840,SP004186,6,PAD,PNZ,FRO
SP000840,SP004248,7,PAD,PNZ,WPH
SP000840,SP004338,9,PAD,PNZ,BPW
SP000840,SP004416,6,PAD,PNZ,BDW
SP000840,SP004476,7,PAD,PNZ,BAN
SP000840,SP004599,9,PAD,PNZ,WOS
SP000841,SP001230,8,COY,PEN,CDF
SP000842,SP001103,3,EDB,COW,DEE
SP000842,SP001529,3,EDB,COW,DEE
SP000842,SP002207,3,EDB,COW,DEE
SP000842,SP003257,3,EDB,COW,DEE
SP000842,SP003396,6,EDB,COW,LEV
SP000842,SP004620,6,EDB,COW,LEV
SP000843,SP001026,3,XSU,EPS,UCK
SP000843,SP001042,3,XSU,EPS,UCK
SP000843,SP001081,7,XSU,EPS,SRH
SP000843,SP001718,7,XSU,EPS,SUO
SP000843,SP001734,3,XSU,EPS,EPS
SP000843,SP001762,7,XSU,EPS,BAK
SP000843,SP002173,3,XSU,EPS,HRH
SP000843,SP002194,4,XSU,EPS,EGR
SP000843,SP002256,3,XSU,EPS,TBD
SP000843,SP002498,3,XSU,EPS,EBN
SP000843,SP002506,3,XSU,EPS,LIT
SP000843,SP002516,3,XSU,EPS,BOG
SP000843,SP002725,3,XSU,EPS,EGR
SP000843,SP002810,3,XSU,EPS,CAT
SP000843,SP003112,3,XSU,EPS,CAT
SP000843,SP003228,7,XSU,EPS,ECR
SP000843,SP003249,3,XSU,EPS,ECR
SP000843,SP003838,7,XSU,EPS,CAT
SP000845,SP001922,3,NCL,MCE,PRU
SP000845,SP001928,3,NCL,MCE,CAR
SP000845,SP001945,3,NCL,MCE,CAR
SP000845,SP001948,3,NCL,MCE,HEX
SP000845,SP002924,3,NCL,MCE,CAR
SP000846,SP002704,10,SLB,LLD,YRK
SP000846,SP004378,10,SLB,LLD,MAN
SP000847,SP001789,13,LLJ,BHI,SHR
SP000847,SP002882,8,LLJ,BHI,CRE
SP000847,SP003605,8,LLJ,BHI,LIV
SP000847,SP003612,8,LLJ,BHI,MIA
SP000847,SP003990,8,LLJ,BHI,MIA
SP000848,SP000858,7,PAD,WOS,OXF
SP000848,SP000862,7,PAD,WOS,CNM
SP000848,SP001654,6,PAD,WOS,NBY
SP000848,SP001823,7,PAD,WOS,SWA
SP000848,SP001838,7,PAD,WOS,SWA
SP000848,SP001939,6,PAD,WOS,RDG
SP000848,SP002174,7,PAD,WOS,WSM
SP000848,SP002183,7,PAD,WOS,WSM
SP000848,SP002209,6,PAD,WOS,EXD
SP000848,SP002216,6,PAD,WOS,NQY
SP000848,SP002711,6,PAD,WOS,BDW
SP000848,SP003385,6,PAD,WOS,PGN
SP000848,SP003417,7,PAD,WOS,CDF
SP000848,SP003420,7,PAD,WOS,WOS
SP000848,SP003428,6,PAD,WOS,WSB
SP000848,SP003429,7,PAD,WOS,CMN
SP000848,SP003434,7,PAD,WOS,SWA
SP000848,SP003440,7,PAD,WOS,SWA
SP000848,SP003448,7,PAD,WOS,TAU
SP000848,SP003480,6,PAD,WOS,PNZ
SP000848,SP003591,3,PAD,WOS,RDG
SP000848,SP003666,7,PAD,WOS,TAU
SP000848,SP003788,7,PAD,WOS,SWA
SP000848,SP004186,6,PAD,WOS,FRO
SP000848,SP004248,11,PAD,WOS,WPH
SP000848,SP004338,7,PAD,WOS,BPW
SP000848,SP004416,6,PAD,WOS,BDW
SP000848,SP004476,8,PAD,WOS,BAN
SP000848,SP004599,7,PAD,WOS,WOS
SP000850,SP000859,6,AYW,MCN,SHR
SP000851,SP001465,3,BHM,AYW,MAN
SP000851,SP001467,3,BHM,AYW,MAN
SP000851,SP001803,3,BHM,AYW,LIV
SP000851,SP001914,3,BHM,AYW,CDF
SP000851,SP002104,3,BHM,AYW,SHR
SP000851,SP002108,3,BHM,AYW,SHR
SP000851,SP002182,3,BHM,AYW,LIV
SP000851,SP002215,3,BHM,AYW,LIV
SP000851,SP002239,3,BHM,AYW,SHR
SP000851,SP003023,3,BHM,AYW,CRE
SP000851,SP003346,6,BHM,AYW,EDB
SP000851,SP003786,3,BHM,AYW,HHD
SP000851,SP003972,3,BHM,AYW,SHR
SP000851,SP004019,6,BHM,AYW,GLC
SP000852,SP001417,8,PLY,EXD,NCL
SP000852,SP001423,8,PLY,EXD,LDS
SP000852,SP001543,8,PLY,EXD,BHM
SP000852,SP001568,8,PLY,EXD,BHM
SP000852,SP001621,8,PLY,EXD,EDB
SP000852,SP001622,8,PLY,EXD,EDB
SP000852,SP001624,8,PLY,EXD,EDB
SP000852,SP001626,8,PLY,EXD,ABD
SP000852,SP001627,8,PLY,EXD,GLC
SP000852,SP002263,8,PLY,EXD,GCR
SP000852,SP002264,8,PLY,EXD,PAD
SP000852,SP002265,8,PLY,EXD,PAD
SP000852,SP003365,8,PLY,EXD,PAD
SP000852,SP003366,8,PLY,EXD,PAD
SP000852,SP003368,8,PLY,EXD,PAD
SP000852,SP003372,8,PLY,EXD,PAD
SP000852,SP003616,8,PLY,EXD,LDS
SP000852,SP003651,8,PLY,EXD,PAD
SP000853,SP002407,5,DID,BAN,EVE
SP000853,SP002541,5,DID,BAN,OXF
SP000856,SP001149,4,NCL,DAR,MAN
SP000856,SP001563,4,NCL,DAR,MAN
SP000856,SP001991,4,NCL,DAR,MAN
SP000856,SP003042,4,NCL,DAR,LIV
SP000856,SP003146,4,NCL,DAR,LIV
SP000856,SP003157,4,NCL,DAR,YRK
SP000857,SP003672,9,WML,MAN,LIV
SP000858,SP000862,8,PAD,OXF,CNM
SP000858,SP001654,6,PAD,OXF,NBY
SP000858,SP001823,8,PAD,OXF,SWA
SP000858,SP001838,8,PAD,OXF,SWA
SP000858,SP001939,6,PAD,OXF,RDG
SP000858,SP002174,8,PAD,OXF,WSM
SP000858,SP002183,8,PAD,OXF,WSM
SP000858,SP002209,6,PAD,OXF,EXD
SP000858,SP002216,6,PAD,OXF,NQY
SP000858,SP002711,6,PAD,OXF,BDW
SP000858,SP003385,6,PAD,OXF,PGN
SP000858,SP003417,8,PAD,OXF,CDF
SP000858,SP003420,8,PAD,OXF,WOS
SP000858,SP003428,6,PAD,OXF,WSB
SP000858,SP003429,8,PAD,OXF,CMN
SP000858,SP003434,8,PAD,OXF,SWA
SP000858,SP003440,8,PAD,OXF,SWA
SP000858,SP003448,8,PAD,OXF,TAU
SP000858,SP003480,6,PAD,OXF,PNZ
SP000858,SP003591,3,PAD,OXF,RDG
SP000858,SP003666,8,PAD,OXF,TAU
SP000858,SP003788,8,PAD,OXF,SWA
SP000858,SP004186,6,PAD,OXF,FRO
SP000858,SP004248,7,PAD,OXF,WPH
SP000858,SP004338,8,PAD,OXF,BPW
SP000858,SP004416,6,PAD,OXF,BDW
SP000858,SP004476,7,PAD,OXF,BAN
SP000858,SP004599,8,PAD,OXF,WOS
SP000860,SP000863,9,GLQ,ABD,ABD
SP000860,SP000867,14,GLQ,ABD,ABD
SP000860,SP000875,9,GLQ,ABD,ABD
SP000860,SP000877,5,GLQ,ABD,ABD
SP000860,SP000878,5,GLQ,ABD,ABD
SP000860,SP000883,5,GLQ,ABD,INV
SP000860,SP000887,5,GLQ,ABD,PTH
SP000860,SP000890,5,GLQ,ABD,ARB
SP000860,SP000895,5,GLQ,ABD,DEE
SP000860,SP000896,6,GLQ,ABD,DEE
SP000860,SP000921,4,GLQ,ABD,DEE
SP000860,SP003167,6,GLQ,ABD,ABD
SP000860,SP003542,4,GLQ,ABD,KGX
SP000860,SP003986,4,GLQ,ABD,KGX
SP000860,SP004140,4,GLQ,ABD,ALO
SP000860,SP004293,4,GLQ,ABD,ABD
SP000860,SP004297,7,GLQ,ABD,ABD
SP000860,SP004298,14,GLQ,ABD,INV
SP000860,SP004300,6,GLQ,ABD,INV
SP000861,SP001119,3,CRE,MAN,MAN
SP000861,SP002625,3,CRE,MAN,MAN
SP000861,SP004541,3,CRE,MAN,MAN
SP000862,SP001654,6,PAD,CNM,NBY
SP000862,SP001823,8,PAD,CNM,SWA
SP000862,SP001838,9,PAD,CNM,SWA
SP000862,SP001939,6,PAD,CNM,RDG
SP000862,SP002174,9,PAD,CNM,WSM
SP000862,SP002183,9,PAD,CNM,WSM
SP000862,SP002209,6,PAD,CNM,EXD
SP000862,SP002216,6,PAD,CNM,NQY
SP000862,SP002711,6,PAD,CNM,BDW
SP000862,SP003385,6,PAD,CNM,PGN
SP000862,SP003417,9,PAD,CNM,CDF
SP000862,SP003420,14,PAD,CNM,WOS
SP000862,SP003428,6,PAD,CNM,WSB
SP000862,SP003429,9,PAD,CNM,CMN
SP000862,SP003434,9,PAD,CNM,SWA
SP000862,SP003440,9,PAD,CNM,SWA
SP000862,SP003448,9,PAD,CNM,TAU
SP000862,SP003480,6,PAD,CNM,PNZ
SP000862,SP003591,3,PAD,CNM,RDG
SP000862,SP003666,9,PAD,CNM,TAU
SP000862,SP003788,9,PAD,CNM,SWA
SP000862,SP004186,6,PAD,CNM,FRO
SP000862,SP004248,7,PAD,CNM,WPH
SP000862,SP004338,9,PAD,CNM,BPW
SP000862,SP004416,6,PAD,CNM,BDW
SP000862,SP004476,7,PAD,CNM,BAN
SP000862,SP004599,10,PAD,CNM,WOS
SP000863,SP000867,9,GLQ,ABD,ABD
SP000863,SP000875,15,GLQ,ABD,ABD
SP000863,SP000877,5,GLQ,ABD,ABD
SP000863,SP000878,5,GLQ,ABD,ABD
SP000863,SP000883,5,GLQ,ABD,INV
SP000863,SP000887,5,GLQ,ABD,PTH
SP000863,SP000890,5,GLQ,ABD,ARB
SP000863,SP000895,5,GLQ,ABD,DEE
SP000863,SP000896,6,GLQ,ABD,DEE
SP000863,SP000921,4,GLQ,ABD,DEE
SP000863,SP003167,6,GLQ,ABD,ABD
SP000863,SP003542,4,GLQ,ABD,KGX
SP000863,SP003986,4,GLQ,ABD,KGX
SP000863,SP004140,4,GLQ,ABD,ALO
SP000863,SP004293,4,GLQ,ABD,ABD
SP000863,SP004297,7,GLQ,ABD,ABD
SP000863,SP004298,9,GLQ,ABD,INV
SP000863,SP004300,6,GLQ,ABD,INV
SP000864,SP001351,3,CRE,EUS,EUS
SP000864,SP001885,3,CRE,EUS,EUS
SP000864,SP003039,3,CRE,EUS,NMP
SP000864,SP003329,3,CRE,EUS,RUG
SP000865,SP001787,7,HHD,CDF,CTR
SP000865,SP002269,27,HHD,CDF,CDF
SP000865,SP002840,21,HHD,CDF,BHI
SP000865,SP003654,16,HHD,CDF,CRE
SP000867,SP000875,9,GLQ,ABD,ABD
SP000867,SP000877,5,GLQ,ABD,ABD
SP000867,SP000878,5,GLQ,ABD,ABD
SP000867,SP000883,5,GLQ,ABD,INV
SP000867,SP000887,5,GLQ,ABD,PTH
SP000867,SP000890,5,GLQ,ABD,ARB
SP000867,SP000895,5,GLQ,ABD,DEE
SP000867,SP000896,6,GLQ,ABD,DEE
SP000867,SP000921,4,GLQ,ABD,DEE
SP000867,SP003167,6,GLQ,ABD,ABD
SP000867,SP003542,4,GLQ,ABD,KGX
SP000867,SP003986,4,GLQ,ABD,KGX
SP000867,SP004140,4,GLQ,ABD,ALO
SP000867,SP004293,4,GLQ,ABD,ABD
SP000867,SP004297,7,GLQ,ABD,ABD
SP000867,SP004298,15,GLQ,ABD,INV
SP000867,SP004300,6,GLQ,ABD,INV
SP000868,SP000882,13,EUS,LIV,WVH
SP000868,SP000885,13,EUS,LIV,CRE
SP000868,SP000892,13,EUS,LIV,GLC
SP000868,SP001313,15,EUS,LIV,HHD
SP000868,SP001325,4,EUS,LIV,TRI
SP000868,SP001327,5,EUS,LIV,TRI
SP000868,SP001329,5,EUS,LIV,TRI
SP000868,SP001343,11,EUS,LIV,NMP
SP000868,SP001346,14,EUS,LIV,CRE
SP000868,SP001451,5,EUS,LIV,BLY
SP000868,SP001454,5,EUS,LIV,BLY
SP000868,SP001807,15,EUS,LIV,GLC
SP000868,SP002179,10,EUS,LIV,GLC
SP000868,SP002202,8,EUS,LIV,WSL
SP000868,SP002261,5,EUS,LIV,NMP
SP000868,SP002327,4,EUS,LIV,MKC
SP000868,SP002647,5,EUS,LIV,MKC
SP000868,SP002648,4,EUS,LIV,NMP
SP000868,SP002655,5,EUS,LIV,SAA
SP000868,SP002872,15,EUS,LIV,CTR
SP000868,SP003031,15,EUS,LIV,MAN
SP000868,SP003036,8,EUS,LIV,BHM
SP000868,SP003114,13,EUS,LIV,LIV
SP000868,SP003191,15,EUS,LIV,BPN
SP000868,SP003207,15,EUS,LIV,LIV
SP000868,SP003300,15,EUS,LIV,WRX
SP000868,SP003360,13,EUS,LIV,EDB
SP000868,SP003475,11,EUS,LIV,WVH
SP000868,SP003568,10,EUS,LIV,WVH
SP000868,SP003958,13,EUS,LIV,INV
SP000868,SP004012,11,EUS,LIV,GLC
SP000868,SP004017,24,EUS,LIV,PRE
SP000868,SP004025,15,EUS,LIV,PRE
SP000868,SP004034,13,EUS,LIV,CRE
SP000868,SP004036,10,EUS,LIV,GLC
SP000868,SP004111,10,EUS,LIV,GLC
SP000868,SP004121,4,EUS,LIV,NMP
SP000868,SP004127,4,EUS,LIV,NMP
SP000868,SP004131,5,EUS,LIV,BHM
SP000868,SP004188,21,EUS,LIV,CRE
SP000868,SP004207,13,EUS,LIV,CRE
SP000868,SP004232,10,EUS,LIV,INV
SP000868,SP004384,13,EUS,LIV,WVH
SP000868,SP004399,15,EUS,LIV,GLC
SP000868,SP004433,8,EUS,LIV,NMP
SP000868,SP004516,15,EUS,LIV,GLC
SP000868,SP004529,5,EUS,LIV,BHM
SP000869,SP000873,9,CDF,HHD,HHD
SP000869,SP002224,3,CDF,HHD,MAN
SP000869,SP002573,6,CDF,HHD,HFD
SP000869,SP002860,9,CDF,HHD,MAN
SP000869,SP002893,11,CDF,HHD,MAN
SP000869,SP002902,23,CDF,HHD,HHD
SP000869,SP003061,11,CDF,HHD,MAN
SP000869,SP003495,11,CDF,HHD,CTR
SP000869,SP003525,5,CDF,HHD,AGV
SP000869,SP003619,11,CDF,HHD,CTR
SP000869,SP003715,3,CDF,HHD,MAN
SP000869,SP004084,11,CDF,HHD,CRE
SP000869,SP004294,11,CDF,HHD,CTR
SP000870,SP001067,6,CPH,PEN,CDF
SP000870,SP004274,7,CPH,PEN,BYI
SP000871,SP001290,9,CDF,PPD,MER
SP000871,SP003693,9,CDF,PPD,TRB
SP000873,SP002224,3,CDF,HHD,MAN
SP000873,SP002573,6,CDF,HHD,HFD
SP000873,SP002860,10,CDF,HHD,MAN
SP000873,SP002893,9,CDF,HHD,MAN
SP000873,SP002902,9,CDF,HHD,HHD
SP000873,SP003061,9,CDF,HHD,MAN
SP000873,SP003495,9,CDF,HHD,CTR
SP000873,SP003525,5,CDF,HHD,AGV
SP000873,SP003619,9,CDF,HHD,CTR
SP000873,SP003715,3,CDF,HHD,MAN
SP000873,SP004084,9,CDF,HHD,CRE
SP000873,SP004294,9,CDF,HHD,CTR
SP000875,SP000877,5,GLQ,ABD,ABD
SP000875,SP000878,5,GLQ,ABD,ABD
SP000875,SP000883,5,GLQ,ABD,INV
SP000875,SP000887,5,GLQ,ABD,PTH
SP000875,SP000890,5,GLQ,ABD,ARB
SP000875,SP000895,5,GLQ,ABD,DEE
SP000875,SP000896,6,GLQ,ABD,DEE
SP000875,SP000921,4,GLQ,ABD,DEE
SP000875,SP003167,6,GLQ,ABD,ABD
SP000875,SP003542,4,GLQ,ABD,KGX
SP000875,SP003986,4,GLQ,ABD,KGX
SP000875,SP004140,4,GLQ,ABD,ALO
SP000875,SP004293,4,GLQ,ABD,ABD
SP000875,SP004297,7,GLQ,ABD,ABD
SP000875,SP004298,9,GLQ,ABD,INV
SP000875,SP004300,6,GLQ,ABD,INV
SP000877,SP000878,7,GLQ,ABD,ABD
SP000877,SP000883,7,GLQ,ABD,INV
SP000877,SP000887,7,GLQ,ABD,PTH
SP000877,SP000890,7,GLQ,ABD,ARB
SP000877,SP000895,7,GLQ,ABD,DEE
SP000877,SP000896,5,GLQ,ABD,DEE
SP000877,SP000921,4,GLQ,ABD,DEE
SP000877,SP003167,5,GLQ,ABD,ABD
SP000877,SP003542,4,GLQ,ABD,KGX
SP000877,SP003986,4,GLQ,ABD,KGX
SP000877,SP004140,4,GLQ,ABD,ALO
SP000877,SP004293,4,GLQ,ABD,ABD
SP000877,SP004297,5,GLQ,ABD,ABD
SP000877,SP004298,5,GLQ,ABD,INV
SP000877,SP004300,5,GLQ,ABD,INV
SP000878,SP000883,9,GLQ,ABD,INV
SP000878,SP000887,9,GLQ,ABD,PTH
SP000878,SP000890,9,GLQ,ABD,ARB
SP000878,SP000895,9,GLQ,ABD,DEE
SP000878,SP000896,5,GLQ,ABD,DEE
SP000878,SP000921,4,GLQ,ABD,DEE
SP000878,SP003167,5,GLQ,ABD,ABD
SP000878,SP003542,4,GLQ,ABD,KGX
SP000878,SP003986,4,GLQ,ABD,KGX
SP000878,SP004140,4,GLQ,ABD,ALO
SP000878,SP004293,4,GLQ,ABD,ABD
SP000878,SP004297,5,GLQ,ABD,ABD
SP000878,SP004298,5,GLQ,ABD,INV
SP000878,SP004300,5,GLQ,ABD,INV
SP000879,SP000917,4,NEM,AON,AON
SP000880,SP000881,7,AON,NEM,NEM
SP000880,SP000929,7,AON,NEM,WOK
SP000880,SP001095,10,AON,NEM,NEM
SP000880,SP001747,7,AON,NEM,NEM
SP000880,SP001750,10,AON,NEM,NEM
SP000880,SP003840,3,AON,NEM,FNH
SP000881,SP000929,7,AON,NEM,WOK
SP000881,SP001095,7,AON,NEM,NEM
SP000881,SP001747,7,AON,NEM,NEM
SP000881,SP001750,7,AON,NEM,NEM
SP000881,SP003840,3,AON,NEM,FNH
SP000882,SP000885,20,EUS,WVH,CRE
SP000882,SP000892,21,EUS,WVH,GLC
SP000882,SP001313,13,EUS,WVH,HHD
SP000882,SP001325,4,EUS,WVH,TRI
SP000882,SP001327,5,EUS,WVH,TRI
SP000882,SP001329,5,EUS,WVH,TRI
SP000882,SP001343,11,EUS,WVH,NMP
SP000882,SP001346,13,EUS,WVH,CRE
SP000882,SP001451,5,EUS,WVH,BLY
SP000882,SP001454,5,EUS,WVH,BLY
SP000882,SP001807,13,EUS,WVH,GLC
SP000882,SP002179,10,EUS,WVH,GLC
SP000882,SP002202,8,EUS,WVH,WSL
SP000882,SP002261,5,EUS,WVH,NMP
SP000882,SP002327,4,EUS,WVH,MKC
SP000882,SP002647,5,EUS,WVH,MKC
SP000882,SP002648,4,EUS,WVH,NMP
SP000882,SP002655,5,EUS,WVH,SAA
SP000882,SP002872,13,EUS,WVH,CTR
SP000882,SP003031,13,EUS,WVH,MAN
SP000882,SP003036,8,EUS,WVH,BHM
SP000882,SP003114,23,EUS,WVH,LIV
SP000882,SP003191,13,EUS,WVH,BPN
SP000882,SP003207,13,EUS,WVH,LIV
SP000882,SP003300,13,EUS,WVH,WRX
SP000882,SP003360,21,EUS,WVH,EDB
SP000882,SP003475,11,EUS,WVH,WVH
SP000882,SP003568,10,EUS,WVH,WVH
SP000882,SP003958,17,EUS,WVH,INV
SP000882,SP004012,11,EUS,WVH,GLC
SP000882,SP004017,13,EUS,WVH,PRE
SP000882,SP004025,13,EUS,WVH,PRE
SP000882,SP004034,21,EUS,WVH,CRE
SP000882,SP004036,10,EUS,WVH,GLC
SP000882,SP004111,10,EUS,WVH,GLC
SP000882,SP004121,4,EUS,WVH,NMP
SP000882,SP004127,4,EUS,WVH,NMP
SP000882,SP004131,5,EUS,WVH,BHM
SP000882,SP004188,13,EUS,WVH,CRE
SP000882,SP004207,21,EUS,WVH,CRE
SP000882,SP004232,10,EUS,WVH,INV
SP000882,SP004384,20,EUS,WVH,WVH
SP000882,SP004399,13,EUS,WVH,GLC
SP000882,SP004433,8,EUS,WVH,NMP
SP000882,SP004516,13,EUS,WVH,GLC
SP000882,SP004529,5,EUS,WVH,BHM
SP000883,SP000887,9,GLQ,INV,PTH
SP000883,SP000890,9,GLQ,INV,ARB
SP000883,SP000895,9,GLQ,INV,DEE
SP000883,SP000896,5,GLQ,INV,DEE
SP000883,SP000921,4,GLQ,INV,DEE
SP000883,SP003167,5,GLQ,INV,ABD
SP000883,SP003542,4,GLQ,INV,KGX
SP000883,SP003986,4,GLQ,INV,KGX
SP000883,SP004140,4,GLQ,INV,ALO
SP000883,SP004293,4,GLQ,INV,ABD
SP000883,SP004297,5,GLQ,INV,ABD
SP000883,SP004298,5,GLQ,INV,INV
SP000883,SP004300,5,GLQ,INV,INV
SP000884,SP001591,6,CMN,SHR,MAN
SP000884,SP003470,6,CMN,SHR,PAD
SP000884,SP003474,6,CMN,SHR,BPW
SP000884,SP003744,6,CMN,SHR,CDF
SP000885,SP000892,20,EUS,CRE,GLC
SP000885,SP001313,13,EUS,CRE,HHD
SP000885,SP001325,4,EUS,CRE,TRI
SP000885,SP001327,5,EUS,CRE,TRI
SP000885,SP001329,5,EUS,CRE,TRI
SP000885,SP001343,11,EUS,CRE,NMP
SP000885,SP001346,13,EUS,CRE,CRE
SP000885,SP001451,5,EUS,CRE,BLY
SP000885,SP001454,5,EUS,CRE,BLY
SP000885,SP001807,13,EUS,CRE,GLC
SP000885,SP002179,10,EUS,CRE,GLC
SP000885,SP002202,8,EUS,CRE,WSL
SP000885,SP002261,5,EUS,CRE,NMP
SP000885,SP002327,4,EUS,CRE,MKC
SP000885,SP002647,5,EUS,CRE,MKC
SP000885,SP002648,4,EUS,CRE,NMP
SP000885,SP002655,5,EUS,CRE,SAA
SP000885,SP002872,13,EUS,CRE,CTR
SP000885,SP003031,13,EUS,CRE,MAN
SP000885,SP003036,8,EUS,CRE,BHM
SP000885,SP003114,20,EUS,CRE,LIV
SP000885,SP003191,13,EUS,CRE,BPN
SP000885,SP003207,13,EUS,CRE,LIV
SP000885,SP003300,13,EUS,CRE,WRX
SP000885,SP003360,20,EUS,CRE,EDB
SP000885,SP003475,11,EUS,CRE,WVH
SP000885,SP003568,10,EUS,CRE,WVH
SP000885,SP003958,17,EUS,CRE,INV
SP000885,SP004012,11,EUS,CRE,GLC
SP000885,SP004017,13,EUS,CRE,PRE
SP000885,SP004025,13,EUS,CRE,PRE
SP000885,SP004034,20,EUS,CRE,CRE
SP000885,SP004036,10,EUS,CRE,GLC
SP000885,SP004111,10,EUS,CRE,GLC
SP000885,SP004121,4,EUS,CRE,NMP
SP000885,SP004127,4,EUS,CRE,NMP
SP000885,SP004131,5,EUS,CRE,BHM
SP000885,SP004188,13,EUS,CRE,CRE
SP000885,SP004207,20,EUS,CRE,CRE
SP000885,SP004232,10,EUS,CRE,INV
SP000885,SP004384,24,EUS,CRE,WVH
SP000885,SP004399,13,EUS,CRE,GLC
SP000885,SP004433,8,EUS,CRE,NMP
SP000885,SP004516,13,EUS,CRE,GLC
SP000885,SP004529,5,EUS,CRE,BHM
SP000886,SP001229,8,EBB,MST,MST
SP000886,SP001246,9,EBB,MST,NWP
SP000886,SP001371,8,EBB,MST,CDF
SP000886,SP001957,10,EBB,MST,CDF
SP000887,SP000890,9,GLQ,PTH,ARB
SP000887,SP000895,9,GLQ,PTH,DEE
SP000887,SP000896,5,GLQ,PTH,DEE
SP000887,SP000921,4,GLQ,PTH,DEE
SP000887,SP003167,5,GLQ,PTH,ABD
SP000887,SP003542,4,GLQ,PTH,KGX
SP000887,SP003986,4,GLQ,PTH,KGX
SP000887,SP004140,4,GLQ,PTH,ALO
SP000887,SP004293,4,GLQ,PTH,ABD
SP000887,SP004297,5,GLQ,PTH,ABD
SP000887,SP004298,5,GLQ,PTH,INV
SP000887,SP004300,5,GLQ,PTH,INV
SP000889,SP001804,6,CRE,BHM,EUS
SP000889,SP002078,5,CRE,BHM,BHM
SP000889,SP002646,6,CRE,BHM,BHM
SP000890,SP000895,11,GLQ,ARB,DEE
SP000890,SP000896,5,GLQ,ARB,DEE
SP000890,SP000921,4,GLQ,ARB,DEE
SP000890,SP003167,5,GLQ,ARB,ABD
SP000890,SP003542,4,GLQ,ARB,KGX
SP000890,SP003986,4,GLQ,ARB,KGX
SP000890,SP004140,4,GLQ,ARB,ALO
SP000890,SP004293,4,GLQ,ARB,ABD
SP000890,SP004297,5,GLQ,ARB,ABD
SP000890,SP004298,5,GLQ,ARB,INV
SP000890,SP004300,5,GLQ,ARB,INV
SP000891,SP002888,3,SHR,LLE,FGH
SP000891,SP003108,3,SHR,LLE,CDF
SP000891,SP003868,3,SHR,LLE,LLO
SP000892,SP001313,13,EUS,GLC,HHD
SP000892,SP001325,4,EUS,GLC,TRI
SP000892,SP001327,5,EUS,GLC,TRI
SP000892,SP001329,5,EUS,GLC,TRI
SP000892,SP001343,11,EUS,GLC,NMP
SP000892,SP001346,13,EUS,GLC,CRE
SP000892,SP001451,5,EUS,GLC,BLY
SP000892,SP001454,5,EUS,GLC,BLY
SP000892,SP001807,13,EUS,GLC,GLC
SP000892,SP002179,10,EUS,GLC,GLC
SP000892,SP002202,8,EUS,GLC,WSL
SP000892,SP002261,5,EUS,GLC,NMP
SP000892,SP002327,4,EUS,GLC,MKC
SP000892,SP002647,5,EUS,GLC,MKC
SP000892,SP002648,4,EUS,GLC,NMP
SP000892,SP002655,5,EUS,GLC,SAA
SP000892,SP002872,13,EUS,GLC,CTR
SP000892,SP003031,13,EUS,GLC,MAN
SP000892,SP003036,8,EUS,GLC,BHM
SP000892,SP003114,21,EUS,GLC,LIV
SP000892,SP003191,13,EUS,GLC,BPN
SP000892,SP003207,13,EUS,GLC,LIV
SP000892,SP003300,13,EUS,GLC,WRX
SP000892,SP003360,43,EUS,GLC,EDB
SP000892,SP003475,11,EUS,GLC,WVH
SP000892,SP003568,10,EUS,GLC,WVH
SP000892,SP003958,17,EUS,GLC,INV
SP000892,SP004012,11,EUS,GLC,GLC
SP000892,SP004017,13,EUS,GLC,PRE
SP000892,SP004025,13,EUS,GLC,PRE
SP000892,SP004034,27,EUS,GLC,CRE
SP000892,SP004036,10,EUS,GLC,GLC
SP000892,SP004111,10,EUS,GLC,GLC
SP000892,SP004121,4,EUS,GLC,NMP
SP000892,SP004127,4,EUS,GLC,NMP
SP000892,SP004131,5,EUS,GLC,BHM
SP000892,SP004188,13,EUS,GLC,CRE
SP000892,SP004207,28,EUS,GLC,CRE
SP000892,SP004232,10,EUS,GLC,INV
SP000892,SP004384,20,EUS,GLC,WVH
SP000892,SP004399,13,EUS,GLC,GLC
SP000892,SP004433,8,EUS,GLC,NMP
SP000892,SP004516,13,EUS,GLC,GLC
SP000892,SP004529,5,EUS,GLC,BHM
SP000893,SP001490,3,BFR,BKJ,SEV
SP000893,SP001634,3,BFR,BKJ,ORP
SP000893,SP003282,3,BFR,BKJ,RTR
SP000893,SP004528,3,BFR,BKJ,MDE
SP000894,SP002931,10,DFD,CST,CHX
SP000894,SP003463,15,DFD,CST,XKE
SP000895,SP000896,5,GLQ,DEE,DEE
SP000895,SP000921,4,GLQ,DEE,DEE
SP000895,SP003167,5,GLQ,DEE,ABD
SP000895,SP003542,4,GLQ,DEE,KGX
SP000895,SP003986,4,GLQ,DEE,KGX
SP000895,SP004140,4,GLQ,DEE,ALO
SP000895,SP004293,4,GLQ,DEE,ABD
SP000895,SP004297,5,GLQ,DEE,ABD
SP000895,SP004298,5,GLQ,DEE,INV
SP000895,SP004300,5,GLQ,DEE,INV
SP000896,SP000921,4,GLQ,DEE,DEE
SP000896,SP003167,10,GLQ,DEE,ABD
SP000896,SP003542,4,GLQ,DEE,KGX
SP000896,SP003986,4,GLQ,DEE,KGX
SP000896,SP004140,4,GLQ,DEE,ALO
SP000896,SP004293,4,GLQ,DEE,ABD
SP000896,SP004297,6,GLQ,DEE,ABD
SP000896,SP004298,6,GLQ,DEE,INV
SP000896,SP004300,8,GLQ,DEE,INV
SP000897,SP000899,10,BNP,EXC,AXM
SP000897,SP001166,4,BNP,EXC,EXM
SP000897,SP002420,8,BNP,EXC,EXD
SP000899,SP001166,4,BNP,AXM,EXM
SP000899,SP002420,8,BNP,AXM,EXD
SP000900,SP001049,9,BYI,RHY,CDF
SP000900,SP001134,15,BYI,RHY,RHY
SP000900,SP001907,14,BYI,RHY,CPH
SP000900,SP003362,15,BYI,RHY,BGD
SP000900,SP003467,15,BYI,RHY,BGD
SP000900,SP004262,15,BYI,RHY,YSM
SP000901,SP000907,3,BNP,EXC,EXC
SP000901,SP000913,3,BNP,EXC,PGN
SP000902,SP000911,4,BNP,EXC,EXC
SP000904,SP001725,4,IMW,WJH,SPB
SP000904,SP001827,5,IMW,WJH,WFJ
SP000905,SP001031,4,CST,GRV,RAM
SP000905,SP001056,4,CST,GRV,AFK
SP000905,SP001064,4,CST,GRV,ORP
SP000905,SP001142,12,CST,GRV,CST
SP000905,SP001893,4,CST,GRV,DVP
SP000905,SP001895,4,CST,GRV,RAM
SP000905,SP002910,4,CST,GRV,TBW
SP000905,SP003122,4,CST,GRV,CST
SP000905,SP003314,20,CST,GRV,RTR
SP000905,SP003425,4,CST,GRV,TON
SP000905,SP003479,5,CST,GRV,ORP
SP000905,SP004537,4,CST,GRV,DVP
SP000905,SP004538,4,CST,GRV,RAM
SP000906,SP001736,7,MAN,CRE,MIA
SP000906,SP002950,11,MAN,CRE,CRE
SP000906,SP004042,6,MAN,CRE,CRE
SP000907,SP000913,7,BNP,EXC,PGN
SP000908,SP000922,7,CHX,DFD,DFD
SP000908,SP000986,10,CHX,DFD,GRV
SP000908,SP001044,3,CHX,DFD,RAM
SP000908,SP001137,3,CHX,DFD,SEV
SP000908,SP001138,3,CHX,DFD,ORP
SP000908,SP001883,3,CHX,DFD,HGS
SP000908,SP001892,3,CHX,DFD,DVP
SP000908,SP002505,4,CHX,DFD,GRV
SP000908,SP002537,3,CHX,DFD,TBW
SP000908,SP002807,3,CHX,DFD,DVP
SP000908,SP002969,4,CHX,DFD,DFD
SP000908,SP002976,3,CHX,DFD,CBW
SP000908,SP002979,6,CHX,DFD,SEV
SP000908,SP003068,4,CHX,DFD,HYS
SP000908,SP003156,13,CHX,DFD,CST
SP000908,SP003188,6,CHX,DFD,ORP
SP000908,SP003200,3,CHX,DFD,TBW
SP000908,SP003315,15,CHX,DFD,GRV
SP000908,SP003387,3,CHX,DFD,DVP
SP000908,SP003400,3,CHX,DFD,RAM
SP000908,SP003760,15,CHX,DFD,GRV
SP000908,SP004546,3,CHX,DFD,HGS
SP000908,SP004547,3,CHX,DFD,HGS
SP000908,SP004549,3,CHX,DFD,HGS
SP000908,SP004551,3,CHX,DFD,HGS
SP000909,SP001619,10,SRA,WJL,CMD
SP000909,SP001698,19,SRA,WJL,WJH
SP000912,SP004525,4,NCL,CHT,CHT
SP000914,SP002844,8,LDS,YRK,HGT
SP000914,SP002845,4,LDS,YRK,HRS
SP000914,SP002846,10,LDS,YRK,KNA
SP000914,SP004423,4,LDS,YRK,HGT
SP000915,SP003056,3,LDS,EDB,HUL
SP000915,SP003723,5,LDS,EDB,YRK
SP000918,SP003012,10,DFD,CHX,XVJ
SP000920,SP000930,19,KGX,KLN,ELY
SP000920,SP000950,9,KGX,KLN,YRK
SP000920,SP000952,9,KGX,KLN,MBR
SP000920,SP000958,9,KGX,KLN,ABD
SP000920,SP000991,3,KGX,KLN,CBG
SP000920,SP000999,9,KGX,KLN,DON
SP000920,SP001003,9,KGX,KLN,HGT
SP000920,SP001007,6,KGX,KLN,CBG
SP000920,SP001047,9,KGX,KLN,SKI
SP000920,SP001120,9,KGX,KLN,PBO
SP000920,SP001176,3,KGX,KLN,KLN
SP000920,SP001594,9,KGX,KLN,HUL
SP000920,SP001605,3,KGX,KLN,PBO
SP000920,SP001726,4,KGX,KLN,CBG
SP000920,SP001727,11,KGX,KLN,CBG
SP000920,SP001880,9,KGX,KLN,BEV
SP000920,SP002020,9,KGX,KLN,PBO
SP000920,SP002317,3,KGX,KLN,NCL
SP000920,SP002335,3,KGX,KLN,LDS
SP000920,SP002354,4,KGX,KLN,RYS
SP000920,SP002363,5,KGX,KLN,LET
SP000920,SP002493,3,KGX,KLN,HFN
SP000920,SP002494,3,KGX,KLN,RYS
SP000920,SP002502,3,KGX,KLN,CBG
SP000920,SP002602,3,KGX,KLN,WGC
SP000920,SP002623,3,KGX,KLN,PBO
SP000920,SP002755,4,KGX,KLN,CBG
SP000920,SP002757,4,KGX,KLN,CBG
SP000920,SP002761,4,KGX,KLN,LET
SP000920,SP002762,4,KGX,KLN,CBG
SP000920,SP002765,3,KGX,KLN,CBG
SP000920,SP002914,11,KGX,KLN,KLN
SP000920,SP002940,3,KGX,KLN,EDB
SP000920,SP002953,9,KGX,KLN,EDB
SP000920,SP002960,4,KGX,KLN,LDS
SP000920,SP002973,3,KGX,KLN,HFN
SP000920,SP003030,3,KGX,KLN,WGC
SP000920,SP003175,3,KGX,KLN,HFN
SP000920,SP003176,4,KGX,KLN,RYS
SP000920,SP003225,4,KGX,KLN,WGC
SP000920,SP003254,4,KGX,KLN,PBO
SP000920,SP003540,9,KGX,KLN,GLQ
SP000920,SP003600,11,KGX,KLN,CBG
SP000920,SP003658,4,KGX,KLN,ELY
SP000920,SP003667,4,KGX,KLN,YRK
SP000920,SP003669,9,KGX,KLN,INV
SP000920,SP003855,3,KGX,KLN,ABD
SP000920,SP003859,3,KGX,KLN,LDS
SP000920,SP004237,3,KGX,KLN,PBO
SP000921,SP003167,4,GLQ,DEE,ABD
SP000921,SP003542,4,GLQ,DEE,KGX
SP000921,SP003986,4,GLQ,DEE,KGX
SP000921,SP004140,4,GLQ,DEE,ALO
SP000921,SP004293,4,GLQ,DEE,ABD
SP000921,SP004297,4,GLQ,DEE,ABD
SP000921,SP004298,4,GLQ,DEE,INV
SP000921,SP004300,4,GLQ,DEE,INV
SP000922,SP000986,7,CHX,DFD,GRV
SP000922,SP001044,3,CHX,DFD,RAM
SP000922,SP001137,3,CHX,DFD,SEV
SP000922,SP001138,3,CHX,DFD,ORP
SP000922,SP001883,3,CHX,DFD,HGS
SP000922,SP001892,3,CHX,DFD,DVP
SP000922,SP002505,4,CHX,DFD,GRV
SP000922,SP002537,3,CHX,DFD,TBW
SP000922,SP002807,3,CHX,DFD,DVP
SP000922,SP002969,4,CHX,DFD,DFD
SP000922,SP002976,3,CHX,DFD,CBW
SP000922,SP002979,6,CHX,DFD,SEV
SP000922,SP003068,4,CHX,DFD,HYS
SP000922,SP003156,7,CHX,DFD,CST
SP000922,SP003188,6,CHX,DFD,ORP
SP000922,SP003200,3,CHX,DFD,TBW
SP000922,SP003315,7,CHX,DFD,GRV
SP000922,SP003387,3,CHX,DFD,DVP
SP000922,SP003400,3,CHX,DFD,RAM
SP000922,SP003760,7,CHX,DFD,GRV
SP000922,SP004546,3,CHX,DFD,HGS
SP000922,SP004547,3,CHX,DFD,HGS
SP000922,SP004549,3,CHX,DFD,HGS
SP000922,SP004551,3,CHX,DFD,HGS
SP000923,SP000937,17,KLN,KGX,KGX
SP000923,SP001177,12,KLN,KGX,KGX
SP000923,SP002904,12,KLN,KGX,KGX
SP000923,SP004078,13,KLN,KGX,KGX
SP000928,SP001956,4,EDB,GLQ,INV
SP000928,SP002138,4,EDB,GLQ,INV
SP000928,SP002771,4,EDB,GLQ,INV
SP000928,SP003644,4,EDB,GLQ,INV
SP000928,SP004623,8,EDB,GLQ,SBR
SP000928,SP004624,4,EDB,GLQ,ABD
SP000929,SP001095,7,AON,WOK,NEM
SP000929,SP001747,7,AON,WOK,NEM
SP000929,SP001750,7,AON,WOK,NEM
SP000929,SP003840,3,AON,WOK,FNH
SP000930,SP000950,9,KGX,ELY,YRK
SP000930,SP000952,9,KGX,ELY,MBR
SP000930,SP000958,9,KGX,ELY,ABD
SP000930,SP000991,3,KGX,ELY,CBG
SP000930,SP000999,9,KGX,ELY,DON
SP000930,SP001003,9,KGX,ELY,HGT
SP000930,SP001007,6,KGX,ELY,CBG
SP000930,SP001047,9,KGX,ELY,SKI
SP000930,SP001120,9,KGX,ELY,PBO
SP000930,SP001176,3,KGX,ELY,KLN
SP000930,SP001594,9,KGX,ELY,HUL
SP000930,SP001605,3,KGX,ELY,PBO
SP000930,SP001726,4,KGX,ELY,CBG
SP000930,SP001727,11,KGX,ELY,CBG
SP000930,SP001880,9,KGX,ELY,BEV
SP000930,SP002020,9,KGX,ELY,PBO
SP000930,SP002317,3,KGX,ELY,NCL
SP000930,SP002335,3,KGX,ELY,LDS
SP000930,SP002354,4,KGX,ELY,RYS
SP000930,SP002363,5,KGX,ELY,LET
SP000930,SP002493,3,KGX,ELY,HFN
SP000930,SP002494,3,KGX,ELY,RYS
SP000930,SP002502,3,KGX,ELY,CBG
SP000930,SP002602,3,KGX,ELY,WGC
SP000930,SP002623,3,KGX,ELY,PBO
SP000930,SP002755,4,KGX,ELY,CBG
SP000930,SP002757,4,KGX,ELY,CBG
SP000930,SP002761,4,KGX,ELY,LET
SP000930,SP002762,4,KGX,ELY,CBG
SP000930,SP002765,3,KGX,ELY,CBG
SP000930,SP002914,11,KGX,ELY,KLN
SP000930,SP002940,3,KGX,ELY,EDB
SP000930,SP002953,9,KGX,ELY,EDB
SP000930,SP002960,4,KGX,ELY,LDS
SP000930,SP002973,3,KGX,ELY,HFN
SP000930,SP003030,3,KGX,ELY,WGC
SP000930,SP003175,3,KGX,ELY,HFN
SP000930,SP003176,4,KGX,ELY,RYS
SP000930,SP003225,4,KGX,ELY,WGC
SP000930,SP003254,4,KGX,ELY,PBO
SP000930,SP003540,9,KGX,ELY,GLQ
SP000930,SP003600,11,KGX,ELY,CBG
SP000930,SP003658,4,KGX,ELY,ELY
SP000930,SP003667,4,KGX,ELY,YRK
SP000930,SP003669,9,KGX,ELY,INV
SP000930,SP003855,3,KGX,ELY,ABD
SP000930,SP003859,3,KGX,ELY,LDS
SP000930,SP004237,3,KGX,ELY,PBO
SP000931,SP000932,6,POO,NEM,NEM
SP000931,SP001294,6,POO,NEM,WIN
SP000931,SP001836,4,POO,NEM,BMH
SP000931,SP002241,6,POO,NEM,BCU
SP000931,SP003842,6,POO,NEM,NEM
SP000931,SP003854,4,POO,NEM,NEM
SP000932,SP001294,10,POO,NEM,WIN
SP000932,SP001836,4,POO,NEM,BMH
SP000932,SP002241,10,POO,NEM,BCU
SP000932,SP003842,10,POO,NEM,NEM
SP000932,SP003854,4,POO,NEM,NEM
SP000933,SP000941,3,EBN,BTN,HGS
SP000933,SP001048,8,EBN,BTN,BAL
SP000933,SP001051,4,EBN,BTN,BAL
SP000933,SP001685,3,EBN,BTN,AFK
SP000933,SP001705,3,EBN,BTN,HGS
SP000933,SP001929,3,EBN,BTN,AFK
SP000933,SP001964,3,EBN,BTN,AFK
SP000933,SP001969,3,EBN,BTN,AFK
SP000933,SP002248,3,EBN,BTN,ORE
SP000933,SP002503,8,EBN,BTN,XSU
SP000933,SP003759,4,EBN,BTN,BAL
SP000933,SP003812,8,EBN,BTN,HHE
SP000933,SP004147,8,EBN,BTN,HHE
SP000933,SP004505,4,EBN,BTN,BAK
SP000933,SP004595,8,EBN,BTN,WSW
SP000934,SP001472,12,ELY,KGX,KGX
SP000934,SP003350,4,ELY,KGX,CBG
SP000934,SP003660,8,ELY,KGX,KGX
SP000934,SP003929,6,ELY,KGX,LST
SP000934,SP003935,6,ELY,KGX,LST
SP000934,SP004171,6,ELY,KGX,LST
SP000934,SP004176,6,ELY,KGX,LST
SP000934,SP004210,6,ELY,KGX,LST
SP000934,SP004278,6,ELY,KGX,LST
SP000935,SP000936,4,SOU,POO,POO
SP000935,SP000938,4,SOU,POO,BMH
SP000935,SP001245,11,SOU,POO,BMH
SP000935,SP001297,4,SOU,POO,POO
SP000935,SP001395,3,SOU,POO,BMH
SP000935,SP001835,12,SOU,POO,WEY
SP000936,SP000938,12,SOU,POO,BMH
SP000936,SP001245,4,SOU,POO,BMH
SP000936,SP001297,6,SOU,POO,POO
SP000936,SP001395,3,SOU,POO,BMH
SP000936,SP001835,4,SOU,POO,WEY
SP000937,SP001177,12,KLN,KGX,KGX
SP000937,SP002904,12,KLN,KGX,KGX
SP000937,SP004078,13,KLN,KGX,KGX
SP000938,SP001245,4,SOU,BMH,BMH
SP000938,SP001297,6,SOU,BMH,POO
SP000938,SP001395,3,SOU,BMH,BMH
SP000938,SP001835,4,SOU,BMH,WEY
SP000939,SP002021,4,HGS,EBN,HHE
SP000939,SP002455,4,HGS,EBN,HHE
SP000939,SP002993,4,HGS,EBN,BAL
SP000939,SP003135,4,HGS,EBN,BTN
SP000939,SP003138,4,HGS,EBN,BTN
SP000939,SP003142,4,HGS,EBN,BTN
SP000939,SP003144,4,HGS,EBN,BTN
SP000939,SP003530,4,HGS,EBN,BTN
SP000939,SP004099,3,HGS,EBN,TON
SP000939,SP004555,3,HGS,EBN,CHX
SP000939,SP004566,3,HGS,EBN,CST
SP000940,SP000942,7,BMH,BSK,BSK
SP000940,SP000943,13,BMH,BSK,BSK
SP000940,SP001249,19,BMH,BSK,WIN
SP000940,SP001260,13,BMH,BSK,WIN
SP000940,SP001263,7,BMH,BSK,WIN
SP000940,SP002944,7,BMH,BSK,NEM
SP000941,SP001048,3,EBN,HGS,BAL
SP000941,SP001051,3,EBN,HGS,BAL
SP000941,SP001685,4,EBN,HGS,AFK
SP000941,SP001705,4,EBN,HGS,HGS
SP000941,SP001929,4,EBN,HGS,AFK
SP000941,SP001964,4,EBN,HGS,AFK
SP000941,SP001969,4,EBN,HGS,AFK
SP000941,SP002248,4,EBN,HGS,ORE
SP000941,SP002503,3,EBN,HGS,XSU
SP000941,SP003759,3,EBN,HGS,BAL
SP000941,SP003812,3,EBN,HGS,HHE
SP000941,SP004147,3,EBN,HGS,HHE
SP000941,SP004505,3,EBN,HGS,BAK
SP000941,SP004595,3,EBN,HGS,WSW
SP000942,SP000943,7,BMH,BSK,BSK
SP000942,SP001249,7,BMH,BSK,WIN
SP000942,SP001260,7,BMH,BSK,WIN
SP000942,SP001263,12,BMH,BSK,WIN
SP000942,SP002944,12,BMH,BSK,NEM
SP000943,SP001249,13,BMH,BSK,WIN
SP000943,SP001260,18,BMH,BSK,WIN
SP000943,SP001263,7,BMH,BSK,WIN
SP000943,SP002944,7,BMH,BSK,NEM
SP000944,SP001030,5,NEM,POO,GIL
SP000944,SP001041,5,NEM,POO,SAL
SP000944,SP001068,5,NEM,POO,WSB
SP000944,SP001071,5,NEM,POO,YVP
SP000944,SP001122,3,NEM,POO,PMH
SP000944,SP001124,3,NEM,POO,PMH
SP000944,SP001157,3,NEM,POO,PMH
SP000944,SP001172,4,NEM,POO,PMH
SP000944,SP001181,4,NEM,POO,PMH
SP000944,SP001186,5,NEM,POO,YVP
SP000944,SP001187,5,NEM,POO,YVJ
SP000944,SP001190,15,NEM,POO,WEY
SP000944,SP001194,5,NEM,POO,EXD
SP000944,SP001197,5,NEM,POO,EXD
SP000944,SP001198,5,NEM,POO,EXD
SP000944,SP001206,5,NEM,POO,EXD
SP000944,SP001217,15,NEM,POO,WEY
SP000944,SP001227,15,NEM,POO,WEY
SP000944,SP001233,7,NEM,POO,WEY
SP000944,SP001281,3,NEM,POO,SOU
SP000944,SP001382,4,NEM,POO,WEY
SP000944,SP001389,3,NEM,POO,PMH
SP000944,SP001673,3,NEM,POO,BSK
SP000944,SP001742,3,NEM,POO,PMS
SP000944,SP001744,3,NEM,POO,HSL
SP000944,SP001849,3,NEM,POO,SOU
SP000944,SP001850,3,NEM,POO,FRM
SP000944,SP003109,5,NEM,POO,YVJ
SP000944,SP003123,3,NEM,POO,PMH
SP000944,SP003518,3,NEM,POO,AON
SP000944,SP003844,21,NEM,POO,BMH
SP000944,SP003846,14,NEM,POO,BMH
SP000944,SP003849,15,NEM,POO,BMH
SP000944,SP003851,7,NEM,POO,SOU
SP000944,SP003871,4,NEM,POO,SAL
SP000944,SP003917,4,NEM,POO,BMH
SP000944,SP003939,3,NEM,POO,PTR
SP000944,SP004198,15,NEM,POO,POO
SP000945,SP000971,6,BAL,BOG,BOG
SP000945,SP001001,6,BAL,BOG,PMH
SP000945,SP001002,6,BAL,BOG,PMH
SP000945,SP001005,6,BAL,BOG,PMS
SP000945,SP001015,6,BAL,BOG,CCH
SP000945,SP001077,6,BAL,BOG,EBN
SP000945,SP001083,6,BAL,BOG,EBN
SP000945,SP001092,6,BAL,BOG,EBN
SP000945,SP001239,6,BAL,BOG,LIT
SP000945,SP001241,6,BAL,BOG,LIT
SP000945,SP001255,6,BAL,BOG,LIT
SP000945,SP001291,6,BAL,BOG,BTN
SP000945,SP001295,6,BAL,BOG,BTN
SP000945,SP001830,3,BAL,BOG,BTN
SP000945,SP002276,6,BAL,BOG,HGS
SP000945,SP002965,6,BAL,BOG,PMH
SP000945,SP002980,6,BAL,BOG,PMS
SP000945,SP002983,6,BAL,BOG,PMH
SP000945,SP002986,6,BAL,BOG,PMS
SP000945,SP002991,6,BAL,BOG,ORE
SP000945,SP002992,6,BAL,BOG,ORE
SP000945,SP002995,6,BAL,BOG,ORE
SP000945,SP003006,6,BAL,BOG,ORE
SP000945,SP003014,6,BAL,BOG,HGS
SP000945,SP003026,6,BAL,BOG,LIT
SP000945,SP003130,6,BAL,BOG,WRH
SP000945,SP003179,5,BAL,BOG,TBD
SP000945,SP003294,6,BAL,BOG,HRH
SP000945,SP003298,6,BAL,BOG,CCH
SP000945,SP003454,3,BAL,BOG,ORE
SP000945,SP003675,6,BAL,BOG,WRH
SP000945,SP003677,6,BAL,BOG,WRH
SP000945,SP003756,5,BAL,BOG,BTN
SP000945,SP004020,6,BAL,BOG,GTW
SP000945,SP004086,9,BAL,BOG,WRH
SP000946,SP002588,3,BOG,WSW,XSU
SP000946,SP002943,3,BOG,WSW,BTN
SP000946,SP003267,3,BOG,WSW,LIT
SP000947,SP003283,5,DKG,EAD,BAK
SP000947,SP003556,5,DKG,EAD,BAL
SP000947,SP003640,5,DKG,EAD,BAK
SP000947,SP004554,5,DKG,EAD,BAK
SP000949,SP000963,7,MAN,BUX,BUX
SP000949,SP000967,13,MAN,BUX,BUX
SP000949,SP000974,7,MAN,BUX,BUX
SP000949,SP001537,4,MAN,BUX,CRE
SP000949,SP001740,7,MAN,BUX,HAZ
SP000949,SP001953,4,MAN,BUX,MAC
SP000949,SP002636,4,MAN,BUX,ALD
SP000949,SP003076,7,MAN,BUX,SHF
SP000949,SP003145,4,MAN,BUX,FGH
SP000950,SP000952,20,KGX,YRK,MBR
SP000950,SP000958,20,KGX,YRK,ABD
SP000950,SP000991,3,KGX,YRK,CBG
SP000950,SP000999,19,KGX,YRK,DON
SP000950,SP001003,19,KGX,YRK,HGT
SP000950,SP001007,6,KGX,YRK,CBG
SP000950,SP001047,19,KGX,YRK,SKI
SP000950,SP001120,11,KGX,YRK,PBO
SP000950,SP001176,3,KGX,YRK,KLN
SP000950,SP001594,19,KGX,YRK,HUL
SP000950,SP001605,3,KGX,YRK,PBO
SP000950,SP001726,4,KGX,YRK,CBG
SP000950,SP001727,9,KGX,YRK,CBG
SP000950,SP001880,19,KGX,YRK,BEV
SP000950,SP002020,9,KGX,YRK,PBO
SP000950,SP002317,3,KGX,YRK,NCL
SP000950,SP002335,3,KGX,YRK,LDS
SP000950,SP002354,4,KGX,YRK,RYS
SP000950,SP002363,5,KGX,YRK,LET
SP000950,SP002493,3,KGX,YRK,HFN
SP000950,SP002494,3,KGX,YRK,RYS
SP000950,SP002502,3,KGX,YRK,CBG
SP000950,SP002602,3,KGX,YRK,WGC
SP000950,SP002623,3,KGX,YRK,PBO
SP000950,SP002755,4,KGX,YRK,CBG
SP000950,SP002757,4,KGX,YRK,CBG
SP000950,SP002761,4,KGX,YRK,LET
SP000950,SP002762,4,KGX,YRK,CBG
SP000950,SP002765,3,KGX,YRK,CBG
SP000950,SP002914,9,KGX,YRK,KLN
SP000950,SP002940,3,KGX,YRK,EDB
SP000950,SP002953,19,KGX,YRK,EDB
SP000950,SP002960,4,KGX,YRK,LDS
SP000950,SP002973,3,KGX,YRK,HFN
SP000950,SP003030,3,KGX,YRK,WGC
SP000950,SP003175,3,KGX,YRK,HFN
SP000950,SP003176,4,KGX,YRK,RYS
SP000950,SP003225,4,KGX,YRK,WGC
SP000950,SP003254,4,KGX,YRK,PBO
SP000950,SP003540,19,KGX,YRK,GLQ
SP000950,SP003600,9,KGX,YRK,CBG
SP000950,SP003658,4,KGX,YRK,ELY
SP000950,SP003667,4,KGX,YRK,YRK
SP000950,SP003669,20,KGX,YRK,INV
SP000950,SP003855,3,KGX,YRK,ABD
SP000950,SP003859,3,KGX,YRK,LDS
SP000950,SP004237,3,KGX,YRK,PBO
SP000951,SP000953,13,XVJ,AFK,AFK
SP000951,SP000960,9,XVJ,AFK,AFK
SP000951,SP000964,25,XVJ,AFK,RAM
SP000951,SP001887,9,XVJ,AFK,RAM
SP000951,SP001901,3,XVJ,AFK,BTH
SP000951,SP002775,3,XVJ,AFK,AFK
SP000951,SP003152,25,XVJ,AFK,RAM
SP000951,SP003155,11,XVJ,AFK,GLM
SP000951,SP003334,8,XVJ,AFK,AFK
SP000951,SP003576,13,XVJ,AFK,AFK
SP000951,SP003720,3,XVJ,AFK,RAM
SP000951,SP004649,3,XVJ,AFK,HOV
SP000952,SP000958,22,KGX,MBR,ABD
SP000952,SP000991,3,KGX,MBR,CBG
SP000952,SP000999,19,KGX,MBR,DON
SP000952,SP001003,19,KGX,MBR,HGT
SP000952,SP001007,6,KGX,MBR,CBG
SP000952,SP001047,19,KGX,MBR,SKI
SP000952,SP001120,11,KGX,MBR,PBO
SP000952,SP001176,3,KGX,MBR,KLN
SP000952,SP001594,19,KGX,MBR,HUL
SP000952,SP001605,3,KGX,MBR,PBO
SP000952,SP001726,4,KGX,MBR,CBG
SP000952,SP001727,9,KGX,MBR,CBG
SP000952,SP001880,19,KGX,MBR,BEV
SP000952,SP002020,9,KGX,MBR,PBO
SP000952,SP002317,3,KGX,MBR,NCL
SP000952,SP002335,3,KGX,MBR,LDS
SP000952,SP002354,4,KGX,MBR,RYS
SP000952,SP002363,5,KGX,MBR,LET
SP000952,SP002493,3,KGX,MBR,HFN
SP000952,SP002494,3,KGX,MBR,RYS
SP000952,SP002502,3,KGX,MBR,CBG
SP000952,SP002602,3,KGX,MBR,WGC
SP000952,SP002623,3,KGX,MBR,PBO
SP000952,SP002755,4,KGX,MBR,CBG
SP000952,SP002757,4,KGX,MBR,CBG
SP000952,SP002761,4,KGX,MBR,LET
SP000952,SP002762,4,KGX,MBR,CBG
SP000952,SP002765,3,KGX,MBR,CBG
SP000952,SP002914,9,KGX,MBR,KLN
SP000952,SP002940,3,KGX,MBR,EDB
SP000952,SP002953,19,KGX,MBR,EDB
SP000952,SP002960,4,KGX,MBR,LDS
SP000952,SP002973,3,KGX,MBR,HFN
SP000952,SP003030,3,KGX,MBR,WGC
SP000952,SP003175,3,KGX,MBR,HFN
SP000952,SP003176,4,KGX,MBR,RYS
SP000952,SP003225,4,KGX,MBR,WGC
SP000952,SP003254,4,KGX,MBR,PBO
SP000952,SP003540,19,KGX,MBR,GLQ
SP000952,SP003600,9,KGX,MBR,CBG
SP000952,SP003658,4,KGX,MBR,ELY
SP000952,SP003667,4,KGX,MBR,YRK
SP000952,SP003669,22,KGX,MBR,INV
SP000952,SP003855,3,KGX,MBR,ABD
SP000952,SP003859,3,KGX,MBR,LDS
SP000952,SP004237,3,KGX,MBR,PBO
SP000953,SP000960,9,XVJ,AFK,AFK
SP000953,SP000964,13,XVJ,AFK,RAM
SP000953,SP001887,9,XVJ,AFK,RAM
SP000953,SP001901,3,XVJ,AFK,BTH
SP000953,SP002775,3,XVJ,AFK,AFK
SP000953,SP003152,13,XVJ,AFK,RAM
SP000953,SP003155,11,XVJ,AFK,GLM
SP000953,SP003334,8,XVJ,AFK,AFK
SP000953,SP003576,19,XVJ,AFK,AFK
SP000953,SP003720,3,XVJ,AFK,RAM
SP000953,SP004649,3,XVJ,AFK,HOV
SP000956,SP004562,3,MAN,BUX,EUS
SP000958,SP000991,3,KGX,ABD,CBG
SP000958,SP000999,19,KGX,ABD,DON
SP000958,SP001003,19,KGX,ABD,HGT
SP000958,SP001007,6,KGX,ABD,CBG
SP000958,SP001047,19,KGX,ABD,SKI
SP000958,SP001120,11,KGX,ABD,PBO
SP000958,SP001176,3,KGX,ABD,KLN
SP000958,SP001594,19,KGX,ABD,HUL
SP000958,SP001605,3,KGX,ABD,PBO
SP000958,SP001726,4,KGX,ABD,CBG
SP000958,SP001727,9,KGX,ABD,CBG
SP000958,SP001880,19,KGX,ABD,BEV
SP000958,SP002020,9,KGX,ABD,PBO
SP000958,SP002317,3,KGX,ABD,NCL
SP000958,SP002335,3,KGX,ABD,LDS
SP000958,SP002354,4,KGX,ABD,RYS
SP000958,SP002363,5,KGX,ABD,LET
SP000958,SP002493,3,KGX,ABD,HFN
SP000958,SP002494,3,KGX,ABD,RYS
SP000958,SP002502,3,KGX,ABD,CBG
SP000958,SP002602,3,KGX,ABD,WGC
SP000958,SP002623,3,KGX,ABD,PBO
SP000958,SP002755,4,KGX,ABD,CBG
SP000958,SP002757,4,KGX,ABD,CBG
SP000958,SP002761,4,KGX,ABD,LET
SP000958,SP002762,4,KGX,ABD,CBG
SP000958,SP002765,3,KGX,ABD,CBG
SP000958,SP002914,9,KGX,ABD,KLN
SP000958,SP002940,3,KGX,ABD,EDB
SP000958,SP002953,19,KGX,ABD,EDB
SP000958,SP002960,4,KGX,ABD,LDS
SP000958,SP002973,3,KGX,ABD,HFN
SP000958,SP003030,3,KGX,ABD,WGC
SP000958,SP003175,3,KGX,ABD,HFN
SP000958,SP003176,4,KGX,ABD,RYS
SP000958,SP003225,4,KGX,ABD,WGC
SP000958,SP003254,4,KGX,ABD,PBO
SP000958,SP003540,19,KGX,ABD,GLQ
SP000958,SP003600,9,KGX,ABD,CBG
SP000958,SP003658,4,KGX,ABD,ELY
SP000958,SP003667,4,KGX,ABD,YRK
SP000958,SP003669,34,KGX,ABD,INV
SP000958,SP003855,3,KGX,ABD,ABD
SP000958,SP003859,3,KGX,ABD,LDS
SP000958,SP004237,3,KGX,ABD,PBO
SP000960,SP000964,9,XVJ,AFK,RAM
SP000960,SP001887,10,XVJ,AFK,RAM
SP000960,SP001901,3,XVJ,AFK,BTH
SP000960,SP002775,3,XVJ,AFK,AFK
SP000960,SP003152,9,XVJ,AFK,RAM
SP000960,SP003155,9,XVJ,AFK,GLM
SP000960,SP003334,8,XVJ,AFK,AFK
SP000960,SP003576,9,XVJ,AFK,AFK
SP000960,SP003720,3,XVJ,AFK,RAM
SP000960,SP004649,3,XVJ,AFK,HOV
SP000961,SP003398,5,CLH,BBN,MCV
SP000961,SP004474,5,CLH,BBN,MCV
SP000962,SP001598,4,BHM,EUS,BMH
SP000962,SP001910,3,BHM,EUS,EUS
SP000962,SP002791,3,BHM,EUS,BHI
SP000962,SP003046,19,BHM,EUS,EUS
SP000962,SP003271,3,BHM,EUS,COV
SP000962,SP003882,15,BHM,EUS,MKC
SP000962,SP003967,12,BHM,EUS,NMP
SP000962,SP004063,19,BHM,EUS,EUS
SP000963,SP000967,7,MAN,BUX,BUX
SP000963,SP000974,12,MAN,BUX,BUX
SP000963,SP001537,4,MAN,BUX,CRE
SP000963,SP001740,7,MAN,BUX,HAZ
SP000963,SP001953,4,MAN,BUX,MAC
SP000963,SP002636,4,MAN,BUX,ALD
SP000963,SP003076,7,MAN,BUX,SHF
SP000963,SP003145,4,MAN,BUX,FGH
SP000964,SP001887,9,XVJ,RAM,RAM
SP000964,SP001901,3,XVJ,RAM,BTH
SP000964,SP002775,3,XVJ,RAM,AFK
SP000964,SP003152,32,XVJ,RAM,RAM
SP000964,SP003155,11,XVJ,RAM,GLM
SP000964,SP003334,8,XVJ,RAM,AFK
SP000964,SP003576,13,XVJ,RAM,AFK
SP000964,SP003720,3,XVJ,RAM,RAM
SP000964,SP004649,3,XVJ,RAM,HOV
SP000966,SP001350,7,MIA,LIV,MAN
SP000966,SP001557,3,MIA,LIV,BPN
SP000966,SP001670,3,MIA,LIV,WDM
SP000966,SP002517,7,MIA,LIV,YRK
SP000966,SP003711,9,MIA,LIV,BPN
SP000966,SP004118,9,MIA,LIV,LIV
SP000966,SP004489,7,MIA,LIV,CLE
SP000966,SP004503,9,MIA,LIV,BIF
SP000966,SP004572,9,MIA,LIV,BPN
SP000966,SP004585,7,MIA,LIV,SCA
SP000967,SP000974,7,MAN,BUX,BUX
SP000967,SP001537,4,MAN,BUX,CRE
SP000967,SP001740,7,MAN,BUX,HAZ
SP000967,SP001953,4,MAN,BUX,MAC
SP000967,SP002636,4,MAN,BUX,ALD
SP000967,SP003076,7,MAN,BUX,SHF
SP000967,SP003145,4,MAN,BUX,FGH
SP000968,SP001114,4,LDS,KNO,SHF
SP000968,SP004252,7,LDS,KNO,GOO
SP000969,SP001984,3,BHM,WVH,FOK
SP000969,SP002203,4,BHM,WVH,LIV
SP000969,SP002633,3,BHM,WVH,LIF
SP000969,SP003769,4,BHM,WVH,RGL
SP000970,SP001541,6,LIV,WGN,MCV
SP000970,SP001777,6,LIV,WGN,MCV
SP000970,SP003754,6,LIV,WGN,WGN
SP000970,SP004459,6,LIV,WGN,MCV
SP000971,SP001001,8,BAL,BOG,PMH
SP000971,SP001002,8,BAL,BOG,PMH
SP000971,SP001005,8,BAL,BOG,PMS
SP000971,SP001015,8,BAL,BOG,CCH
SP000971,SP001077,9,BAL,BOG,EBN
SP000971,SP001083,9,BAL,BOG,EBN
SP000971,SP001092,9,BAL,BOG,EBN
SP000971,SP001239,15,BAL,BOG,LIT
SP000971,SP001241,6,BAL,BOG,LIT
SP000971,SP001255,24,BAL,BOG,LIT
SP000971,SP001291,13,BAL,BOG,BTN
SP000971,SP001295,11,BAL,BOG,BTN
SP000971,SP001830,3,BAL,BOG,BTN
SP000971,SP002276,9,BAL,BOG,HGS
SP000971,SP002965,8,BAL,BOG,PMH
SP000971,SP002980,8,BAL,BOG,PMS
SP000971,SP002983,8,BAL,BOG,PMH
SP000971,SP002986,8,BAL,BOG,PMS
SP000971,SP002991,9,BAL,BOG,ORE
SP000971,SP002992,9,BAL,BOG,ORE
SP000971,SP002995,9,BAL,BOG,ORE
SP000971,SP003006,9,BAL,BOG,ORE
SP000971,SP003014,9,BAL,BOG,HGS
SP000971,SP003026,15,BAL,BOG,LIT
SP000971,SP003130,11,BAL,BOG,WRH
SP000971,SP003179,5,BAL,BOG,TBD
SP000971,SP003294,8,BAL,BOG,HRH
SP000971,SP003298,8,BAL,BOG,CCH
SP000971,SP003454,3,BAL,BOG,ORE
SP000971,SP003675,11,BAL,BOG,WRH
SP000971,SP003677,9,BAL,BOG,WRH
SP000971,SP003756,5,BAL,BOG,BTN
SP000971,SP004020,7,BAL,BOG,GTW
SP000971,SP004086,6,BAL,BOG,WRH
SP000972,SP000994,3,PMH,NEM,HRH
SP000972,SP000995,4,PMH,NEM,HRH
SP000972,SP000998,3,PMH,NEM,HRH
SP000972,SP001139,3,PMH,NEM,NEM
SP000972,SP001162,3,PMH,NEM,BTN
SP000972,SP001173,3,PMH,NEM,NEM
SP000972,SP001175,3,PMH,NEM,NEM
SP000972,SP001219,5,PMH,NEM,NEM
SP000972,SP001653,3,PMH,NEM,CDF
SP000972,SP001730,3,PMH,NEM,HRH
SP000972,SP001796,3,PMH,NEM,WIN
SP000972,SP001798,3,PMH,NEM,ESL
SP000972,SP001858,3,PMH,NEM,BTN
SP000972,SP001867,3,PMH,NEM,NEM
SP000972,SP001882,3,PMH,NEM,NEM
SP000972,SP002245,3,PMH,NEM,CDF
SP000972,SP002967,4,PMH,NEM,BOG
SP000972,SP002968,3,PMH,NEM,HRH
SP000972,SP003035,3,PMH,NEM,NEM
SP000972,SP003038,5,PMH,NEM,NEM
SP000972,SP003439,3,PMH,NEM,GLD
SP000972,SP003455,3,PMH,NEM,CDF
SP000972,SP003498,3,PMH,NEM,WSB
SP000972,SP003509,6,PMH,NEM,NEM
SP000972,SP003511,3,PMH,NEM,NEM
SP000972,SP003545,3,PMH,NEM,NEM
SP000972,SP003547,3,PMH,NEM,GTW
SP000972,SP004502,3,PMH,NEM,BRI
SP000973,SP003523,18,NEM,PMS,PMH
SP000974,SP001537,4,MAN,BUX,CRE
SP000974,SP001740,7,MAN,BUX,HAZ
SP000974,SP001953,4,MAN,BUX,MAC
SP000974,SP002636,4,MAN,BUX,ALD
SP000974,SP003076,7,MAN,BUX,SHF
SP000974,SP003145,4,MAN,BUX,FGH
SP000978,SP001203,16,SUO,BDM,BDM
SP000978,SP003055,30,SUO,BDM,BDM
SP000979,SP000984,3,BPN,YRK,LDS
SP000979,SP002612,5,BPN,YRK,MIA
SP000979,SP003670,3,BPN,YRK,LIV
SP000979,SP003781,3,BPN,YRK,LDS
SP000979,SP004097,3,BPN,YRK,MAN
SP000979,SP004106,3,BPN,YRK,YRK
SP000979,SP004205,5,BPN,YRK,CRE
SP000979,SP004229,3,BPN,YRK,LIV
SP000979,SP004295,3,BPN,YRK,YRK
SP000979,SP004426,3,BPN,YRK,LIV
SP000979,SP004526,3,BPN,YRK,MAN
SP000979,SP004578,3,BPN,YRK,CRE
SP000981,SP001117,4,HAZ,MAN,MAN
SP000982,SP001665,15,RAI,WHP,KTN
SP000982,SP002289,15,RAI,WHP,WHP
SP000982,SP002797,15,RAI,WHP,WHP
SP000982,SP002803,14,RAI,WHP,DFD
SP000984,SP002612,3,BPN,LDS,MIA
SP000984,SP003670,4,BPN,LDS,LIV
SP000984,SP003781,11,BPN,LDS,LDS
SP000984,SP004097,4,BPN,LDS,MAN
SP000984,SP004106,13,BPN,LDS,YRK
SP000984,SP004205,3,BPN,LDS,CRE
SP000984,SP004229,4,BPN,LDS,LIV
SP000984,SP004295,4,BPN,LDS,YRK
SP000984,SP004426,4,BPN,LDS,LIV
SP000984,SP004526,4,BPN,LDS,MAN
SP000984,SP004578,4,BPN,LDS,CRE
SP000985,SP003316,8,LDS,BBN,BPN
SP000985,SP003998,8,LDS,BBN,BPN
SP000986,SP001044,3,CHX,GRV,RAM
SP000986,SP001137,3,CHX,GRV,SEV
SP000986,SP001138,3,CHX,GRV,ORP
SP000986,SP001883,3,CHX,GRV,HGS
SP000986,SP001892,3,CHX,GRV,DVP
SP000986,SP002505,4,CHX,GRV,GRV
SP000986,SP002537,3,CHX,GRV,TBW
SP000986,SP002807,3,CHX,GRV,DVP
SP000986,SP002969,4,CHX,GRV,DFD
SP000986,SP002976,3,CHX,GRV,CBW
SP000986,SP002979,6,CHX,GRV,SEV
SP000986,SP003068,4,CHX,GRV,HYS
SP000986,SP003156,10,CHX,GRV,CST
SP000986,SP003188,6,CHX,GRV,ORP
SP000986,SP003200,3,CHX,GRV,TBW
SP000986,SP003315,10,CHX,GRV,GRV
SP000986,SP003387,3,CHX,GRV,DVP
SP000986,SP003400,3,CHX,GRV,RAM
SP000986,SP003760,10,CHX,GRV,GRV
SP000986,SP004546,3,CHX,GRV,HGS
SP000986,SP004547,3,CHX,GRV,HGS
SP000986,SP004549,3,CHX,GRV,HGS
SP000986,SP004551,3,CHX,GRV,HGS
SP000987,SP001009,10,LDS,RCD,RCD
SP000987,SP003208,6,LDS,RCD,HFX
SP000987,SP004002,4,LDS,RCD,HFX
SP000988,SP001196,29,NCL,KGX,KGX
SP000988,SP001562,7,NCL,KGX,BHM
SP000988,SP001657,7,NCL,KGX,RDG
SP000988,SP001659,7,NCL,KGX,RDG
SP000988,SP001667,6,NCL,KGX,PLY
SP000988,SP001683,7,NCL,KGX,RDG
SP000988,SP001878,7,NCL,KGX,RDG
SP000988,SP004589,26,NCL,KGX,KGX
SP000990,SP000996,14,CST,CST,CST
SP000990,SP002900,14,CST,CST,DFD
SP000991,SP000999,3,KGX,CBG,DON
SP000991,SP001003,3,KGX,CBG,HGT
SP000991,SP001007,3,KGX,CBG,CBG
SP000991,SP001047,3,KGX,CBG,SKI
SP000991,SP001120,3,KGX,CBG,PBO
SP000991,SP001176,3,KGX,CBG,KLN
SP000991,SP001594,3,KGX,CBG,HUL
SP000991,SP001605,3,KGX,CBG,PBO
SP000991,SP001726,3,KGX,CBG,CBG
SP000991,SP001727,3,KGX,CBG,CBG
SP000991,SP001880,3,KGX,CBG,BEV
SP000991,SP002020,3,KGX,CBG,PBO
SP000991,SP002317,3,KGX,CBG,NCL
SP000991,SP002335,3,KGX,CBG,LDS
SP000991,SP002354,3,KGX,CBG,RYS
SP000991,SP002363,3,KGX,CBG,LET
SP000991,SP002493,6,KGX,CBG,HFN
SP000991,SP002494,6,KGX,CBG,RYS
SP000991,SP002502,6,KGX,CBG,CBG
SP000991,SP002602,14,KGX,CBG,WGC
SP000991,SP002623,6,KGX,CBG,PBO
SP000991,SP002755,3,KGX,CBG,CBG
SP000991,SP002757,3,KGX,CBG,CBG
SP000991,SP002761,3,KGX,CBG,LET
SP000991,SP002762,3,KGX,CBG,CBG
SP000991,SP002765,14,KGX,CBG,CBG
SP000991,SP002914,3,KGX,CBG,KLN
SP000991,SP002940,3,KGX,CBG,EDB
SP000991,SP002953,3,KGX,CBG,EDB
SP000991,SP002960,3,KGX,CBG,LDS
SP000991,SP002973,6,KGX,CBG,HFN
SP000991,SP003030,12,KGX,CBG,WGC
SP000991,SP003175,6,KGX,CBG,HFN
SP000991,SP003176,3,KGX,CBG,RYS
SP000991,SP003225,3,KGX,CBG,WGC
SP000991,SP003254,3,KGX,CBG,PBO
SP000991,SP003540,3,KGX,CBG,GLQ
SP000991,SP003600,3,KGX,CBG,CBG
SP000991,SP003658,3,KGX,CBG,ELY
SP000991,SP003667,3,KGX,CBG,YRK
SP000991,SP003669,3,KGX,CBG,INV
SP000991,SP003855,3,KGX,CBG,ABD
SP000991,SP003859,3,KGX,CBG,LDS
SP000991,SP004237,18,KGX,CBG,PBO
SP000994,SP000995,3,PMH,HRH,HRH
SP000994,SP000998,4,PMH,HRH,HRH
SP000994,SP001139,6,PMH,HRH,NEM
SP000994,SP001162,4,PMH,HRH,BTN
SP000994,SP001173,4,PMH,HRH,NEM
SP000994,SP001175,4,PMH,HRH,NEM
SP000994,SP001219,3,PMH,HRH,NEM
SP000994,SP001653,3,PMH,HRH,CDF
SP000994,SP001730,16,PMH,HRH,HRH
SP000994,SP001796,4,PMH,HRH,WIN
SP000994,SP001798,4,PMH,HRH,ESL
SP000994,SP001858,6,PMH,HRH,BTN
SP000994,SP001867,6,PMH,HRH,NEM
SP000994,SP001882,4,PMH,HRH,NEM
SP000994,SP002245,3,PMH,HRH,CDF
SP000994,SP002967,3,PMH,HRH,BOG
SP000994,SP002968,4,PMH,HRH,HRH
SP000994,SP003035,4,PMH,HRH,NEM
SP000994,SP003038,3,PMH,HRH,NEM
SP000994,SP003439,6,PMH,HRH,GLD
SP000994,SP003455,3,PMH,HRH,CDF
SP000994,SP003498,3,PMH,HRH,WSB
SP000994,SP003509,3,PMH,HRH,NEM
SP000994,SP003511,4,PMH,HRH,NEM
SP000994,SP003545,4,PMH,HRH,NEM
SP000994,SP003547,4,PMH,HRH,GTW
SP000994,SP004502,3,PMH,HRH,BRI
SP000995,SP000998,3,PMH,HRH,HRH
SP000995,SP001139,3,PMH,HRH,NEM
SP000995,SP001162,3,PMH,HRH,BTN
SP000995,SP001173,3,PMH,HRH,NEM
SP000995,SP001175,3,PMH,HRH,NEM
SP000995,SP001219,4,PMH,HRH,NEM
SP000995,SP001653,3,PMH,HRH,CDF
SP000995,SP001730,3,PMH,HRH,HRH
SP000995,SP001796,3,PMH,HRH,WIN
SP000995,SP001798,3,PMH,HRH,ESL
SP000995,SP001858,3,PMH,HRH,BTN
SP000995,SP001867,3,PMH,HRH,NEM
SP000995,SP001882,3,PMH,HRH,NEM
SP000995,SP002245,3,PMH,HRH,CDF
SP000995,SP002967,6,PMH,HRH,BOG
SP000995,SP002968,3,PMH,HRH,HRH
SP000995,SP003035,3,PMH,HRH,NEM
SP000995,SP003038,4,PMH,HRH,NEM
SP000995,SP003439,3,PMH,HRH,GLD
SP000995,SP003455,3,PMH,HRH,CDF
SP000995,SP003498,3,PMH,HRH,WSB
SP000995,SP003509,4,PMH,HRH,NEM
SP000995,SP003511,3,PMH,HRH,NEM
SP000995,SP003545,3,PMH,HRH,NEM
SP000995,SP003547,3,PMH,HRH,GTW
SP000995,SP004502,3,PMH,HRH,BRI
SP000996,SP002900,14,CST,CST,DFD
SP000997,SP001419,3,PMS,HRH,SOU
SP000997,SP001837,3,PMS,HRH,NEM
SP000997,SP001856,3,PMS,HRH,NEM
SP000997,SP002129,3,PMS,HRH,LIT
SP000998,SP001139,4,PMH,HRH,NEM
SP000998,SP001162,5,PMH,HRH,BTN
SP000998,SP001173,4,PMH,HRH,NEM
SP000998,SP001175,4,PMH,HRH,NEM
SP000998,SP001219,3,PMH,HRH,NEM
SP000998,SP001653,3,PMH,HRH,CDF
SP000998,SP001730,4,PMH,HRH,HRH
SP000998,SP001796,4,PMH,HRH,WIN
SP000998,SP001798,4,PMH,HRH,ESL
SP000998,SP001858,4,PMH,HRH,BTN
SP000998,SP001867,4,PMH,HRH,NEM
SP000998,SP001882,4,PMH,HRH,NEM
SP000998,SP002245,3,PMH,HRH,CDF
SP000998,SP002967,3,PMH,HRH,BOG
SP000998,SP002968,5,PMH,HRH,HRH
SP000998,SP003035,4,PMH,HRH,NEM
SP000998,SP003038,3,PMH,HRH,NEM
SP000998,SP003439,4,PMH,HRH,GLD
SP000998,SP003455,3,PMH,HRH,CDF
SP000998,SP003498,3,PMH,HRH,WSB
SP000998,SP003509,3,PMH,HRH,NEM
SP000998,SP003511,4,PMH,HRH,NEM
SP000998,SP003545,4,PMH,HRH,NEM
SP000998,SP003547,11,PMH,HRH,GTW
SP000998,SP004502,3,PMH,HRH,BRI
SP000999,SP001003,19,KGX,DON,HGT
SP000999,SP001007,6,KGX,DON,CBG
SP000999,SP001047,19,KGX,DON,SKI
SP000999,SP001120,11,KGX,DON,PBO
SP000999,SP001176,3,KGX,DON,KLN
SP000999,SP001594,19,KGX,DON,HUL
SP000999,SP001605,3,KGX,DON,PBO
SP000999,SP001726,4,KGX,DON,CBG
SP000999,SP001727,9,KGX,DON,CBG
SP000999,SP001880,19,KGX,DON,BEV
SP000999,SP002020,9,KGX,DON,PBO
SP000999,SP002317,3,KGX,DON,NCL
SP000999,SP002335,3,KGX,DON,LDS
SP000999,SP002354,4,KGX,DON,RYS
SP000999,SP002363,5,KGX,DON,LET
SP000999,SP002493,3,KGX,DON,HFN
SP000999,SP002494,3,KGX,DON,RYS
SP000999,SP002502,3,KGX,DON,CBG
SP000999,SP002602,3,KGX,DON,WGC
SP000999,SP002623,3,KGX,DON,PBO
SP000999,SP002755,4,KGX,DON,CBG
SP000999,SP002757,4,KGX,DON,CBG
SP000999,SP002761,4,KGX,DON,LET
SP000999,SP002762,4,KGX,DON,CBG
SP000999,SP002765,3,KGX,DON,CBG
SP000999,SP002914,9,KGX,DON,KLN
SP000999,SP002940,3,KGX,DON,EDB
SP000999,SP002953,19,KGX,DON,EDB
SP000999,SP002960,4,KGX,DON,LDS
SP000999,SP002973,3,KGX,DON,HFN
SP000999,SP003030,3,KGX,DON,WGC
SP000999,SP003175,3,KGX,DON,HFN
SP000999,SP003176,4,KGX,DON,RYS
SP000999,SP003225,4,KGX,DON,WGC
SP000999,SP003254,4,KGX,DON,PBO
SP000999,SP003540,19,KGX,DON,GLQ
SP000999,SP003600,9,KGX,DON,CBG
SP000999,SP003658,4,KGX,DON,ELY
SP000999,SP003667,4,KGX,DON,YRK
SP000999,SP003669,19,KGX,DON,INV
SP000999,SP003855,3,KGX,DON,ABD
SP000999,SP003859,3,KGX,DON,LDS
SP000999,SP004237,3,KGX,DON,PBO
SP001000,SP001733,6,RCD,LDS,LDS
SP001000,SP002945,6,RCD,LDS,LDS
SP001000,SP003695,6,RCD,LDS,LDS
SP001001,SP001002,9,BAL,PMH,PMH
SP001001,SP001005,9,BAL,PMH,PMS
SP001001,SP001015,9,BAL,PMH,CCH
SP001001,SP001077,8,BAL,PMH,EBN
SP001001,SP001083,8,BAL,PMH,EBN
SP001001,SP001092,8,BAL,PMH,EBN
SP001001,SP001239,8,BAL,PMH,LIT
SP001001,SP001241,6,BAL,PMH,LIT
SP001001,SP001255,8,BAL,PMH,LIT
SP001001,SP001291,8,BAL,PMH,BTN
SP001001,SP001295,8,BAL,PMH,BTN
SP001001,SP001830,3,BAL,PMH,BTN
SP001001,SP002276,8,BAL,PMH,HGS
SP001001,SP002965,9,BAL,PMH,PMH
SP001001,SP002980,9,BAL,PMH,PMS
SP001001,SP002983,9,BAL,PMH,PMH
SP001001,SP002986,9,BAL,PMH,PMS
SP001001,SP002991,8,BAL,PMH,ORE
SP001001,SP002992,8,BAL,PMH,ORE
SP001001,SP002995,8,BAL,PMH,ORE
SP001001,SP003006,8,BAL,PMH,ORE
SP001001,SP003014,8,BAL,PMH,HGS
SP001001,SP003026,8,BAL,PMH,LIT
SP001001,SP003130,8,BAL,PMH,WRH
SP001001,SP003179,5,BAL,PMH,TBD
SP001001,SP003294,9,BAL,PMH,HRH
SP001001,SP003298,9,BAL,PMH,CCH
SP001001,SP003454,3,BAL,PMH,ORE
SP001001,SP003675,8,BAL,PMH,WRH
SP001001,SP003677,8,BAL,PMH,WRH
SP001001,SP003756,5,BAL,PMH,BTN
SP001001,SP004020,7,BAL,PMH,GTW
SP001001,SP004086,6,BAL,PMH,WRH
SP001002,SP001005,11,BAL,PMH,PMS
SP001002,SP001015,17,BAL,PMH,CCH
SP001002,SP001077,8,BAL,PMH,EBN
SP001002,SP001083,8,BAL,PMH,EBN
SP001002,SP001092,8,BAL,PMH,EBN
SP001002,SP001239,8,BAL,PMH,LIT
SP001002,SP001241,6,BAL,PMH,LIT
SP001002,SP001255,8,BAL,PMH,LIT
SP001002,SP001291,8,BAL,PMH,BTN
SP001002,SP001295,8,BAL,PMH,BTN
SP001002,SP001830,3,BAL,PMH,BTN
SP001002,SP002276,8,BAL,PMH,HGS
SP001002,SP002965,17,BAL,PMH,PMH
SP001002,SP002980,27,BAL,PMH,PMS
SP001002,SP002983,22,BAL,PMH,PMH
SP001002,SP002986,24,BAL,PMH,PMS
SP001002,SP002991,8,BAL,PMH,ORE
SP001002,SP002992,8,BAL,PMH,ORE
SP001002,SP002995,8,BAL,PMH,ORE
SP001002,SP003006,8,BAL,PMH,ORE
SP001002,SP003014,8,BAL,PMH,HGS
SP001002,SP003026,8,BAL,PMH,LIT
SP001002,SP003130,8,BAL,PMH,WRH
SP001002,SP003179,5,BAL,PMH,TBD
SP001002,SP003294,11,BAL,PMH,HRH
SP001002,SP003298,11,BAL,PMH,CCH
SP001002,SP003454,3,BAL,PMH,ORE
SP001002,SP003675,8,BAL,PMH,WRH
SP001002,SP003677,8,BAL,PMH,WRH
SP001002,SP003756,5,BAL,PMH,BTN
SP001002,SP004020,7,BAL,PMH,GTW
SP001002,SP004086,6,BAL,PMH,WRH
SP001003,SP001007,6,KGX,HGT,CBG
SP001003,SP001047,22,KGX,HGT,SKI
SP001003,SP001120,11,KGX,HGT,PBO
SP001003,SP001176,3,KGX,HGT,KLN
SP001003,SP001594,19,KGX,HGT,HUL
SP001003,SP001605,3,KGX,HGT,PBO
SP001003,SP001726,4,KGX,HGT,CBG
SP001003,SP001727,9,KGX,HGT,CBG
SP001003,SP001880,19,KGX,HGT,BEV
SP001003,SP002020,9,KGX,HGT,PBO
SP001003,SP002317,3,KGX,HGT,NCL
SP001003,SP002335,3,KGX,HGT,LDS
SP001003,SP002354,4,KGX,HGT,RYS
SP001003,SP002363,5,KGX,HGT,LET
SP001003,SP002493,3,KGX,HGT,HFN
SP001003,SP002494,3,KGX,HGT,RYS
SP001003,SP002502,3,KGX,HGT,CBG
SP001003,SP002602,3,KGX,HGT,WGC
SP001003,SP002623,3,KGX,HGT,PBO
SP001003,SP002755,4,KGX,HGT,CBG
SP001003,SP002757,4,KGX,HGT,CBG
SP001003,SP002761,4,KGX,HGT,LET
SP001003,SP002762,4,KGX,HGT,CBG
SP001003,SP002765,3,KGX,HGT,CBG
SP001003,SP002914,9,KGX,HGT,KLN
SP001003,SP002940,3,KGX,HGT,EDB
SP001003,SP002953,19,KGX,HGT,EDB
SP001003,SP002960,4,KGX,HGT,LDS
SP001003,SP002973,3,KGX,HGT,HFN
SP001003,SP003030,3,KGX,HGT,WGC
SP001003,SP003175,3,KGX,HGT,HFN
SP001003,SP003176,4,KGX,HGT,RYS
SP001003,SP003225,4,KGX,HGT,WGC
SP001003,SP003254,4,KGX,HGT,PBO
SP001003,SP003540,19,KGX,HGT,GLQ
SP001003,SP003600,9,KGX,HGT,CBG
SP001003,SP003658,4,KGX,HGT,ELY
SP001003,SP003667,4,KGX,HGT,YRK
SP001003,SP003669,19,KGX,HGT,INV
SP001003,SP003855,3,KGX,HGT,ABD
SP001003,SP003859,3,KGX,HGT,LDS
SP001003,SP004237,3,KGX,HGT,PBO
SP001004,SP001262,3,NOT,LEI,NRW
SP001004,SP002674,5,NOT,LEI,NRW
SP001005,SP001015,11,BAL,PMS,CCH
SP001005,SP001077,8,BAL,PMS,EBN
SP001005,SP001083,8,BAL,PMS,EBN
SP001005,SP001092,8,BAL,PMS,EBN
SP001005,SP001239,8,BAL,PMS,LIT
SP001005,SP001241,6,BAL,PMS,LIT
SP001005,SP001255,8,BAL,PMS,LIT
SP001005,SP001291,8,BAL,PMS,BTN
SP001005,SP001295,8,BAL,PMS,BTN
SP001005,SP001830,3,BAL,PMS,BTN
SP001005,SP002276,8,BAL,PMS,HGS
SP001005,SP002965,11,BAL,PMS,PMH
SP001005,SP002980,11,BAL,PMS,PMS
SP001005,SP002983,11,BAL,PMS,PMH
SP001005,SP002986,11,BAL,PMS,PMS
SP001005,SP002991,8,BAL,PMS,ORE
SP001005,SP002992,8,BAL,PMS,ORE
SP001005,SP002995,8,BAL,PMS,ORE
SP001005,SP003006,8,BAL,PMS,ORE
SP001005,SP003014,8,BAL,PMS,HGS
SP001005,SP003026,8,BAL,PMS,LIT
SP001005,SP003130,8,BAL,PMS,WRH
SP001005,SP003179,5,BAL,PMS,TBD
SP001005,SP003294,11,BAL,PMS,HRH
SP001005,SP003298,20,BAL,PMS,CCH
SP001005,SP003454,3,BAL,PMS,ORE
SP001005,SP003675,8,BAL,PMS,WRH
SP001005,SP003677,8,BAL,PMS,WRH
SP001005,SP003756,5,BAL,PMS,BTN
SP001005,SP004020,7,BAL,PMS,GTW
SP001005,SP004086,6,BAL,PMS,WRH
SP001006,SP001089,4,INV,KGX,GLQ
SP001006,SP001090,4,INV,KGX,GLQ
SP001006,SP001946,12,INV,KGX,EDB
SP001006,SP002067,9,INV,KGX,EDB
SP001006,SP002715,4,INV,KGX,EDB
SP001006,SP004228,4,INV,KGX,EUS
SP001006,SP004317,4,INV,KGX,GLQ
SP001006,SP004319,9,INV,KGX,GLQ
SP001006,SP004321,12,INV,KGX,GLQ
SP001006,SP004382,4,INV,KGX,EUS
SP001007,SP001047,6,KGX,CBG,SKI
SP001007,SP001120,6,KGX,CBG,PBO
SP001007,SP001176,3,KGX,CBG,KLN
SP001007,SP001594,6,KGX,CBG,HUL
SP001007,SP001605,3,KGX,CBG,PBO
SP001007,SP001726,4,KGX,CBG,CBG
SP001007,SP001727,6,KGX,CBG,CBG
SP001007,SP001880,6,KGX,CBG,BEV
SP001007,SP002020,6,KGX,CBG,PBO
SP001007,SP002317,3,KGX,CBG,NCL
SP001007,SP002335,3,KGX,CBG,LDS
SP001007,SP002354,4,KGX,CBG,RYS
SP001007,SP002363,5,KGX,CBG,LET
SP001007,SP002493,3,KGX,CBG,HFN
SP001007,SP002494,3,KGX,CBG,RYS
SP001007,SP002502,3,KGX,CBG,CBG
SP001007,SP002602,3,KGX,CBG,WGC
SP001007,SP002623,3,KGX,CBG,PBO
SP001007,SP002755,4,KGX,CBG,CBG
SP001007,SP002757,4,KGX,CBG,CBG
SP001007,SP002761,4,KGX,CBG,LET
SP001007,SP002762,4,KGX,CBG,CBG
SP001007,SP002765,3,KGX,CBG,CBG
SP001007,SP002914,6,KGX,CBG,KLN
SP001007,SP002940,3,KGX,CBG,EDB
SP001007,SP002953,6,KGX,CBG,EDB
SP001007,SP002960,4,KGX,CBG,LDS
SP001007,SP002973,3,KGX,CBG,HFN
SP001007,SP003030,3,KGX,CBG,WGC
SP001007,SP003175,3,KGX,CBG,HFN
SP001007,SP003176,4,KGX,CBG,RYS
SP001007,SP003225,4,KGX,CBG,WGC
SP001007,SP003254,4,KGX,CBG,PBO
SP001007,SP003540,6,KGX,CBG,GLQ
SP001007,SP003600,6,KGX,CBG,CBG
SP001007,SP003658,4,KGX,CBG,ELY
SP001007,SP003667,4,KGX,CBG,YRK
SP001007,SP003669,6,KGX,CBG,INV
SP001007,SP003855,3,KGX,CBG,ABD
SP001007,SP003859,3,KGX,CBG,LDS
SP001007,SP004237,3,KGX,CBG,PBO
SP001008,SP001010,12,CBG,KGX,KGX
SP001008,SP001607,4,CBG,KGX,BTN
SP001008,SP001694,3,CBG,KGX,SSD
SP001008,SP002159,4,CBG,KGX,BTN
SP001008,SP002171,14,CBG,KGX,BTN
SP001008,SP002185,14,CBG,KGX,BTN
SP001008,SP002433,3,CBG,KGX,SSD
SP001008,SP002754,7,CBG,KGX,KGX
SP001008,SP002780,17,CBG,KGX,KGX
SP001008,SP002782,24,CBG,KGX,KGX
SP001008,SP003025,12,CBG,KGX,KGX
SP001008,SP003287,7,CBG,KGX,KGX
SP001008,SP003515,17,CBG,KGX,KGX
SP001008,SP003587,4,CBG,KGX,KGX
SP001008,SP003931,3,CBG,KGX,LST
SP001008,SP003936,3,CBG,KGX,LST
SP001008,SP003938,3,CBG,KGX,LST
SP001008,SP004008,4,CBG,KGX,KGX
SP001008,SP004071,3,CBG,KGX,LST
SP001008,SP004164,3,CBG,KGX,LST
SP001008,SP004166,3,CBG,KGX,LST
SP001008,SP004168,3,CBG,KGX,LST
SP001008,SP004225,3,CBG,KGX,SRA
SP001008,SP004481,4,CBG,KGX,BTN
SP001008,SP004568,3,CBG,KGX,LST
SP001008,SP004632,3,CBG,KGX,BIS
SP001009,SP003208,6,LDS,RCD,HFX
SP001009,SP004002,4,LDS,RCD,HFX
SP001010,SP001607,4,CBG,KGX,BTN
SP001010,SP001694,3,CBG,KGX,SSD
SP001010,SP002159,4,CBG,KGX,BTN
SP001010,SP002171,12,CBG,KGX,BTN
SP001010,SP002185,12,CBG,KGX,BTN
SP001010,SP002433,3,CBG,KGX,SSD
SP001010,SP002754,7,CBG,KGX,KGX
SP001010,SP002780,12,CBG,KGX,KGX
SP001010,SP002782,12,CBG,KGX,KGX
SP001010,SP003025,12,CBG,KGX,KGX
SP001010,SP003287,7,CBG,KGX,KGX
SP001010,SP003515,12,CBG,KGX,KGX
SP001010,SP003587,4,CBG,KGX,KGX
SP001010,SP003931,3,CBG,KGX,LST
SP001010,SP003936,3,CBG,KGX,LST
SP001010,SP003938,3,CBG,KGX,LST
SP001010,SP004008,4,CBG,KGX,KGX
SP001010,SP004071,3,CBG,KGX,LST
SP001010,SP004164,3,CBG,KGX,LST
SP001010,SP004166,3,CBG,KGX,LST
SP001010,SP004168,3,CBG,KGX,LST
SP001010,SP004225,3,CBG,KGX,SRA
SP001010,SP004481,4,CBG,KGX,BTN
SP001010,SP004568,3,CBG,KGX,LST
SP001010,SP004632,3,CBG,KGX,BIS
SP001011,SP001431,7,NOT,MAT,BHM
SP001011,SP001463,7,NOT,MAT,BHM
SP001011,SP001635,7,NOT,MAT,CDF
SP001011,SP002095,7,NOT,MAT,CRE
SP001011,SP002243,7,NOT,MAT,DBY
SP001011,SP002465,4,NOT,MAT,STP
SP001011,SP002607,7,NOT,MAT,CRE
SP001012,SP002166,12,BIF,MIA,LAN
SP001012,SP003102,21,BIF,MIA,MIA
SP001012,SP004241,5,BIF,MIA,LAN
SP001012,SP004592,14,BIF,MIA,MIA
SP001013,SP001608,18,SAC,SUO,SUO
SP001014,SP001040,9,RCC,YRK,MAN
SP001014,SP001816,9,RCC,YRK,LDS
SP001014,SP003128,9,RCC,YRK,MAN
SP001015,SP001077,8,BAL,CCH,EBN
SP001015,SP001083,8,BAL,CCH,EBN
SP001015,SP001092,8,BAL,CCH,EBN
SP001015,SP001239,8,BAL,CCH,LIT
SP001015,SP001241,6,BAL,CCH,LIT
SP001015,SP001255,8,BAL,CCH,LIT
SP001015,SP001291,8,BAL,CCH,BTN
SP001015,SP001295,8,BAL,CCH,BTN
SP001015,SP001830,3,BAL,CCH,BTN
SP001015,SP002276,8,BAL,CCH,HGS
SP001015,SP002965,17,BAL,CCH,PMH
SP001015,SP002980,17,BAL,CCH,PMS
SP001015,SP002983,17,BAL,CCH,PMH
SP001015,SP002986,17,BAL,CCH,PMS
SP001015,SP002991,8,BAL,CCH,ORE
SP001015,SP002992,8,BAL,CCH,ORE
SP001015,SP002995,8,BAL,CCH,ORE
SP001015,SP003006,8,BAL,CCH,ORE
SP001015,SP003014,8,BAL,CCH,HGS
SP001015,SP003026,8,BAL,CCH,LIT
SP001015,SP003130,8,BAL,CCH,WRH
SP001015,SP003179,5,BAL,CCH,TBD
SP001015,SP003294,11,BAL,CCH,HRH
SP001015,SP003298,11,BAL,CCH,CCH
SP001015,SP003454,3,BAL,CCH,ORE
SP001015,SP003675,8,BAL,CCH,WRH
SP001015,SP003677,8,BAL,CCH,WRH
SP001015,SP003756,5,BAL,CCH,BTN
SP001015,SP004020,7,BAL,CCH,GTW
SP001015,SP004086,6,BAL,CCH,WRH
SP001016,SP001340,4,BCY,CYP,WCY
SP001017,SP001021,6,AFK,DVP,RAM
SP001018,SP001032,6,SAL,RDG,NEM
SP001019,SP001738,3,ECR,UCK,UCK
SP001020,SP003630,10,DLJ,CYP,SQE
SP001020,SP004580,14,DLJ,CYP,WCY
SP001022,SP001029,10,UCK,XSU,XSU
SP001024,SP001033,5,AFK,MAR,CBW
SP001025,SP002949,3,DON,LDS,AWK
SP001026,SP001042,12,XSU,UCK,UCK
SP001026,SP001081,3,XSU,UCK,SRH
SP001026,SP001718,3,XSU,UCK,SUO
SP001026,SP001734,5,XSU,UCK,EPS
SP001026,SP001762,3,XSU,UCK,BAK
SP001026,SP002173,6,XSU,UCK,HRH
SP001026,SP002194,3,XSU,UCK,EGR
SP001026,SP002256,6,XSU,UCK,TBD
SP001026,SP002498,6,XSU,UCK,EBN
SP001026,SP002506,6,XSU,UCK,LIT
SP001026,SP002516,6,XSU,UCK,BOG
SP001026,SP002725,10,XSU,UCK,EGR
SP001026,SP002810,7,XSU,UCK,CAT
SP001026,SP003112,3,XSU,UCK,CAT
SP001026,SP003228,3,XSU,UCK,ECR
SP001026,SP003249,6,XSU,UCK,ECR
SP001026,SP003838,3,XSU,UCK,CAT
SP001027,SP001098,3,SAL,EXD,GIL
SP001030,SP001041,10,NEM,GIL,SAL
SP001030,SP001068,12,NEM,GIL,WSB
SP001030,SP001071,12,NEM,GIL,YVP
SP001030,SP001122,3,NEM,GIL,PMH
SP001030,SP001124,3,NEM,GIL,PMH
SP001030,SP001157,3,NEM,GIL,PMH
SP001030,SP001172,4,NEM,GIL,PMH
SP001030,SP001181,4,NEM,GIL,PMH
SP001030,SP001186,10,NEM,GIL,YVP
SP001030,SP001187,10,NEM,GIL,YVJ
SP001030,SP001190,5,NEM,GIL,WEY
SP001030,SP001194,12,NEM,GIL,EXD
SP001030,SP001197,6,NEM,GIL,EXD
SP001030,SP001198,6,NEM,GIL,EXD
SP001030,SP001206,12,NEM,GIL,EXD
SP001030,SP001217,5,NEM,GIL,WEY
SP001030,SP001227,5,NEM,GIL,WEY
SP001030,SP001233,5,NEM,GIL,WEY
SP001030,SP001281,3,NEM,GIL,SOU
SP001030,SP001382,4,NEM,GIL,WEY
SP001030,SP001389,3,NEM,GIL,PMH
SP001030,SP001673,3,NEM,GIL,BSK
SP001030,SP001742,3,NEM,GIL,PMS
SP001030,SP001744,3,NEM,GIL,HSL
SP001030,SP001849,3,NEM,GIL,SOU
SP001030,SP001850,3,NEM,GIL,FRM
SP001030,SP003109,12,NEM,GIL,YVJ
SP001030,SP003123,3,NEM,GIL,PMH
SP001030,SP003518,3,NEM,GIL,AON
SP001030,SP003844,5,NEM,GIL,BMH
SP001030,SP003846,5,NEM,GIL,BMH
SP001030,SP003849,5,NEM,GIL,BMH
SP001030,SP003851,5,NEM,GIL,SOU
SP001030,SP003871,4,NEM,GIL,SAL
SP001030,SP003917,4,NEM,GIL,BMH
SP001030,SP003939,3,NEM,GIL,PTR
SP001030,SP004198,5,NEM,GIL,POO
SP001031,SP001056,11,CST,RAM,AFK
SP001031,SP001064,7,CST,RAM,ORP
SP001031,SP001142,4,CST,RAM,CST
SP001031,SP001893,11,CST,RAM,DVP
SP001031,SP001895,11,CST,RAM,RAM
SP001031,SP002910,11,CST,RAM,TBW
SP001031,SP003122,6,CST,RAM,CST
SP001031,SP003314,4,CST,RAM,RTR
SP001031,SP003425,10,CST,RAM,TON
SP001031,SP003479,4,CST,RAM,ORP
SP001031,SP004537,8,CST,RAM,DVP
SP001031,SP004538,8,CST,RAM,RAM
SP001035,SP003987,5,MAN,BUX,BUX
SP001040,SP001816,13,RCC,MAN,LDS
SP001040,SP003128,18,RCC,MAN,MAN
SP001041,SP001068,10,NEM,SAL,WSB
SP001041,SP001071,10,NEM,SAL,YVP
SP001041,SP001122,3,NEM,SAL,PMH
SP001041,SP001124,3,NEM,SAL,PMH
SP001041,SP001157,3,NEM,SAL,PMH
SP001041,SP001172,4,NEM,SAL,PMH
SP001041,SP001181,4,NEM,SAL,PMH
SP001041,SP001186,10,NEM,SAL,YVP
SP001041,SP001187,10,NEM,SAL,YVJ
SP001041,SP001190,5,NEM,SAL,WEY
SP001041,SP001194,10,NEM,SAL,EXD
SP001041,SP001197,6,NEM,SAL,EXD
SP001041,SP001198,6,NEM,SAL,EXD
SP001041,SP001206,10,NEM,SAL,EXD
SP001041,SP001217,5,NEM,SAL,WEY
SP001041,SP001227,5,NEM,SAL,WEY
SP001041,SP001233,5,NEM,SAL,WEY
SP001041,SP001281,3,NEM,SAL,SOU
SP001041,SP001382,4,NEM,SAL,WEY
SP001041,SP001389,3,NEM,SAL,PMH
SP001041,SP001673,3,NEM,SAL,BSK
SP001041,SP001742,3,NEM,SAL,PMS
SP001041,SP001744,3,NEM,SAL,HSL
SP001041,SP001849,3,NEM,SAL,SOU
SP001041,SP001850,3,NEM,SAL,FRM
SP001041,SP003109,10,NEM,SAL,YVJ
SP001041,SP003123,3,NEM,SAL,PMH
SP001041,SP003518,3,NEM,SAL,AON
SP001041,SP003844,5,NEM,SAL,BMH
SP001041,SP003846,5,NEM,SAL,BMH
SP001041,SP003849,5,NEM,SAL,BMH
SP001041,SP003851,5,NEM,SAL,SOU
SP001041,SP003871,4,NEM,SAL,SAL
SP001041,SP003917,4,NEM,SAL,BMH
SP001041,SP003939,3,NEM,SAL,PTR
SP001041,SP004198,5,NEM,SAL,POO
SP001042,SP001081,3,XSU,UCK,SRH
SP001042,SP001718,3,XSU,UCK,SUO
SP001042,SP001734,5,XSU,UCK,EPS
SP001042,SP001762,3,XSU,UCK,BAK
SP001042,SP002173,6,XSU,UCK,HRH
SP001042,SP002194,3,XSU,UCK,EGR
SP001042,SP002256,6,XSU,UCK,TBD
SP001042,SP002498,6,XSU,UCK,EBN
SP001042,SP002506,6,XSU,UCK,LIT
SP001042,SP002516,6,XSU,UCK,BOG
SP001042,SP002725,10,XSU,UCK,EGR
SP001042,SP002810,7,XSU,UCK,CAT
SP001042,SP003112,3,XSU,UCK,CAT
SP001042,SP003228,3,XSU,UCK,ECR
SP001042,SP003249,6,XSU,UCK,ECR
SP001042,SP003838,3,XSU,UCK,CAT
SP001044,SP001137,6,CHX,RAM,SEV
SP001044,SP001138,6,CHX,RAM,ORP
SP001044,SP001883,11,CHX,RAM,HGS
SP001044,SP001892,17,CHX,RAM,DVP
SP001044,SP002505,3,CHX,RAM,GRV
SP001044,SP002537,5,CHX,RAM,TBW
SP001044,SP002807,17,CHX,RAM,DVP
SP001044,SP002969,3,CHX,RAM,DFD
SP001044,SP002976,21,CHX,RAM,CBW
SP001044,SP002979,3,CHX,RAM,SEV
SP001044,SP003068,3,CHX,RAM,HYS
SP001044,SP003156,3,CHX,RAM,CST
SP001044,SP003188,3,CHX,RAM,ORP
SP001044,SP003200,4,CHX,RAM,TBW
SP001044,SP003315,3,CHX,RAM,GRV
SP001044,SP003387,15,CHX,RAM,DVP
SP001044,SP003400,17,CHX,RAM,RAM
SP001044,SP003760,3,CHX,RAM,GRV
SP001044,SP004546,11,CHX,RAM,HGS
SP001044,SP004547,6,CHX,RAM,HGS
SP001044,SP004549,9,CHX,RAM,HGS
SP001044,SP004551,11,CHX,RAM,HGS
SP001046,SP001080,3,OKE,EXD,EXC
SP001047,SP001120,11,KGX,SKI,PBO
SP001047,SP001176,3,KGX,SKI,KLN
SP001047,SP001594,19,KGX,SKI,HUL
SP001047,SP001605,3,KGX,SKI,PBO
SP001047,SP001726,4,KGX,SKI,CBG
SP001047,SP001727,9,KGX,SKI,CBG
SP001047,SP001880,19,KGX,SKI,BEV
SP001047,SP002020,9,KGX,SKI,PBO
SP001047,SP002317,3,KGX,SKI,NCL
SP001047,SP002335,3,KGX,SKI,LDS
SP001047,SP002354,4,KGX,SKI,RYS
SP001047,SP002363,5,KGX,SKI,LET
SP001047,SP002493,3,KGX,SKI,HFN
SP001047,SP002494,3,KGX,SKI,RYS
SP001047,SP002502,3,KGX,SKI,CBG
SP001047,SP002602,3,KGX,SKI,WGC
SP001047,SP002623,3,KGX,SKI,PBO
SP001047,SP002755,4,KGX,SKI,CBG
SP001047,SP002757,4,KGX,SKI,CBG
SP001047,SP002761,4,KGX,SKI,LET
SP001047,SP002762,4,KGX,SKI,CBG
SP001047,SP002765,3,KGX,SKI,CBG
SP001047,SP002914,9,KGX,SKI,KLN
SP001047,SP002940,3,KGX,SKI,EDB
SP001047,SP002953,19,KGX,SKI,EDB
SP001047,SP002960,4,KGX,SKI,LDS
SP001047,SP002973,3,KGX,SKI,HFN
SP001047,SP003030,3,KGX,SKI,WGC
SP001047,SP003175,3,KGX,SKI,HFN
SP001047,SP003176,4,KGX,SKI,RYS
SP001047,SP003225,4,KGX,SKI,WGC
SP001047,SP003254,4,KGX,SKI,PBO
SP001047,SP003540,19,KGX,SKI,GLQ
SP001047,SP003600,9,KGX,SKI,CBG
SP001047,SP003658,4,KGX,SKI,ELY
SP001047,SP003667,4,KGX,SKI,YRK
SP001047,SP003669,19,KGX,SKI,INV
SP001047,SP003855,3,KGX,SKI,ABD
SP001047,SP003859,3,KGX,SKI,LDS
SP001047,SP004237,3,KGX,SKI,PBO
SP001048,SP001051,4,EBN,BAL,BAL
SP001048,SP001685,3,EBN,BAL,AFK
SP001048,SP001705,3,EBN,BAL,HGS
SP001048,SP001929,3,EBN,BAL,AFK
SP001048,SP001964,3,EBN,BAL,AFK
SP001048,SP001969,3,EBN,BAL,AFK
SP001048,SP002248,3,EBN,BAL,ORE
SP001048,SP002503,8,EBN,BAL,XSU
SP001048,SP003759,4,EBN,BAL,BAL
SP001048,SP003812,8,EBN,BAL,HHE
SP001048,SP004147,12,EBN,BAL,HHE
SP001048,SP004505,4,EBN,BAL,BAK
SP001048,SP004595,8,EBN,BAL,WSW
SP001049,SP001134,9,BYI,CDF,RHY
SP001049,SP001907,9,BYI,CDF,CPH
SP001049,SP003362,9,BYI,CDF,BGD
SP001049,SP003467,9,BYI,CDF,BGD
SP001049,SP004262,9,BYI,CDF,YSM
SP001051,SP001685,3,EBN,BAL,AFK
SP001051,SP001705,3,EBN,BAL,HGS
SP001051,SP001929,3,EBN,BAL,AFK
SP001051,SP001964,3,EBN,BAL,AFK
SP001051,SP001969,3,EBN,BAL,AFK
SP001051,SP002248,3,EBN,BAL,ORE
SP001051,SP002503,4,EBN,BAL,XSU
SP001051,SP003759,13,EBN,BAL,BAL
SP001051,SP003812,4,EBN,BAL,HHE
SP001051,SP004147,4,EBN,BAL,HHE
SP001051,SP004505,13,EBN,BAL,BAK
SP001051,SP004595,4,EBN,BAL,WSW
SP001052,SP001128,14,BGD,CDF,BYI
SP001054,SP001300,10,LDS,KGX,KGX
SP001055,SP001127,16,RHY,CDF,BYI
SP001055,SP001129,5,RHY,CDF,BYI
SP001055,SP001140,9,RHY,CDF,BYI
SP001055,SP003472,16,RHY,CDF,BGN
SP001055,SP003502,5,RHY,CDF,CDF
SP001056,SP001064,7,CST,AFK,ORP
SP001056,SP001142,4,CST,AFK,CST
SP001056,SP001893,19,CST,AFK,DVP
SP001056,SP001895,19,CST,AFK,RAM
SP001056,SP002910,13,CST,AFK,TBW
SP001056,SP003122,6,CST,AFK,CST
SP001056,SP003314,4,CST,AFK,RTR
SP001056,SP003425,10,CST,AFK,TON
SP001056,SP003479,4,CST,AFK,ORP
SP001056,SP004537,8,CST,AFK,DVP
SP001056,SP004538,8,CST,AFK,RAM
SP001058,SP001060,5,PTH,GLQ,GLQ
SP001061,SP001070,7,ABD,GLQ,GLQ
SP001061,SP002073,9,ABD,GLQ,EDB
SP001061,SP002075,9,ABD,GLQ,EDB
SP001061,SP002294,7,ABD,GLQ,PTH
SP001061,SP002373,5,ABD,GLQ,MTS
SP001061,SP003810,7,ABD,GLQ,DEE
SP001061,SP004310,10,ABD,GLQ,GLQ
SP001061,SP004615,14,ABD,GLQ,GLQ
SP001062,SP002822,7,DEE,GLQ,GLQ
SP001063,SP002818,3,MBR,KGX,CAR
SP001064,SP001142,4,CST,ORP,CST
SP001064,SP001893,7,CST,ORP,DVP
SP001064,SP001895,7,CST,ORP,RAM
SP001064,SP002910,7,CST,ORP,TBW
SP001064,SP003122,6,CST,ORP,CST
SP001064,SP003314,4,CST,ORP,RTR
SP001064,SP003425,7,CST,ORP,TON
SP001064,SP003479,4,CST,ORP,ORP
SP001064,SP004537,7,CST,ORP,DVP
SP001064,SP004538,7,CST,ORP,RAM
SP001065,SP001076,6,ABD,GLQ,GLQ
SP001065,SP001086,8,ABD,GLQ,GLQ
SP001065,SP001100,8,ABD,GLQ,EDB
SP001065,SP001578,8,ABD,GLQ,KGX
SP001065,SP001655,8,ABD,GLQ,PLY
SP001065,SP002068,8,ABD,GLQ,EDB
SP001065,SP003116,8,ABD,GLQ,DON
SP001067,SP004274,6,CPH,CDF,BYI
SP001068,SP001071,16,NEM,WSB,YVP
SP001068,SP001122,3,NEM,WSB,PMH
SP001068,SP001124,3,NEM,WSB,PMH
SP001068,SP001157,3,NEM,WSB,PMH
SP001068,SP001172,4,NEM,WSB,PMH
SP001068,SP001181,4,NEM,WSB,PMH
SP001068,SP001186,10,NEM,WSB,YVP
SP001068,SP001187,10,NEM,WSB,YVJ
SP001068,SP001190,5,NEM,WSB,WEY
SP001068,SP001194,15,NEM,WSB,EXD
SP001068,SP001197,6,NEM,WSB,EXD
SP001068,SP001198,6,NEM,WSB,EXD
SP001068,SP001206,15,NEM,WSB,EXD
SP001068,SP001217,5,NEM,WSB,WEY
SP001068,SP001227,5,NEM,WSB,WEY
SP001068,SP001233,5,NEM,WSB,WEY
SP001068,SP001281,3,NEM,WSB,SOU
SP001068,SP001382,4,NEM,WSB,WEY
SP001068,SP001389,3,NEM,WSB,PMH
SP001068,SP001673,3,NEM,WSB,BSK
SP001068,SP001742,3,NEM,WSB,PMS
SP001068,SP001744,3,NEM,WSB,HSL
SP001068,SP001849,3,NEM,WSB,SOU
SP001068,SP001850,3,NEM,WSB,FRM
SP001068,SP003109,15,NEM,WSB,YVJ
SP001068,SP003123,3,NEM,WSB,PMH
SP001068,SP003518,3,NEM,WSB,AON
SP001068,SP003844,5,NEM,WSB,BMH
SP001068,SP003846,5,NEM,WSB,BMH
SP001068,SP003849,5,NEM,WSB,BMH
SP001068,SP003851,5,NEM,WSB,SOU
SP001068,SP003871,4,NEM,WSB,SAL
SP001068,SP003917,4,NEM,WSB,BMH
SP001068,SP003939,3,NEM,WSB,PTR
SP001068,SP004198,5,NEM,WSB,POO
SP001069,SP003889,8,ARB,GLQ,DEE
SP001070,SP002073,7,ABD,GLQ,EDB
SP001070,SP002075,7,ABD,GLQ,EDB
SP001070,SP002294,10,ABD,GLQ,PTH
SP001070,SP002373,5,ABD,GLQ,MTS
SP001070,SP003810,10,ABD,GLQ,DEE
SP001070,SP004310,7,ABD,GLQ,GLQ
SP001070,SP004615,7,ABD,GLQ,GLQ
SP001071,SP001122,3,NEM,YVP,PMH
SP001071,SP001124,3,NEM,YVP,PMH
SP001071,SP001157,3,NEM,YVP,PMH
SP001071,SP001172,4,NEM,YVP,PMH
SP001071,SP001181,4,NEM,YVP,PMH
SP001071,SP001186,10,NEM,YVP,YVP
SP001071,SP001187,10,NEM,YVP,YVJ
SP001071,SP001190,5,NEM,YVP,WEY
SP001071,SP001194,15,NEM,YVP,EXD
SP001071,SP001197,6,NEM,YVP,EXD
SP001071,SP001198,6,NEM,YVP,EXD
SP001071,SP001206,15,NEM,YVP,EXD
SP001071,SP001217,5,NEM,YVP,WEY
SP001071,SP001227,5,NEM,YVP,WEY
SP001071,SP001233,5,NEM,YVP,WEY
SP001071,SP001281,3,NEM,YVP,SOU
SP001071,SP001382,4,NEM,YVP,WEY
SP001071,SP001389,3,NEM,YVP,PMH
SP001071,SP001673,3,NEM,YVP,BSK
SP001071,SP001742,3,NEM,YVP,PMS
SP001071,SP001744,3,NEM,YVP,HSL
SP001071,SP001849,3,NEM,YVP,SOU
SP001071,SP001850,3,NEM,YVP,FRM
SP001071,SP003109,15,NEM,YVP,YVJ
SP001071,SP003123,3,NEM,YVP,PMH
SP001071,SP003518,3,NEM,YVP,AON
SP001071,SP003844,5,NEM,YVP,BMH
SP001071,SP003846,5,NEM,YVP,BMH
SP001071,SP003849,5,NEM,YVP,BMH
SP001071,SP003851,5,NEM,YVP,SOU
SP001071,SP003871,4,NEM,YVP,SAL
SP001071,SP003917,4,NEM,YVP,BMH
SP001071,SP003939,3,NEM,YVP,PTR
SP001071,SP004198,5,NEM,YVP,POO
SP001072,SP004604,20,DON,KGX,KGX
SP001073,SP002951,6,NMC,MAN,MAN
SP001075,SP001572,6,XSU,NWD,SRS
SP001075,SP001575,9,XSU,NWD,BIK
SP001075,SP001579,6,XSU,NWD,ECR
SP001075,SP001597,6,XSU,NWD,SUO
SP001076,SP001086,6,ABD,GLQ,GLQ
SP001076,SP001100,6,ABD,GLQ,EDB
SP001076,SP001578,6,ABD,GLQ,KGX
SP001076,SP001655,6,ABD,GLQ,PLY
SP001076,SP002068,6,ABD,GLQ,EDB
SP001076,SP003116,6,ABD,GLQ,DON
SP001077,SP001083,11,BAL,EBN,EBN
SP001077,SP001092,11,BAL,EBN,EBN
SP001077,SP001239,9,BAL,EBN,LIT
SP001077,SP001241,6,BAL,EBN,LIT
SP001077,SP001255,9,BAL,EBN,LIT
SP001077,SP001291,9,BAL,EBN,BTN
SP001077,SP001295,9,BAL,EBN,BTN
SP001077,SP001830,3,BAL,EBN,BTN
SP001077,SP002276,15,BAL,EBN,HGS
SP001077,SP002965,8,BAL,EBN,PMH
SP001077,SP002980,8,BAL,EBN,PMS
SP001077,SP002983,8,BAL,EBN,PMH
SP001077,SP002986,8,BAL,EBN,PMS
SP001077,SP002991,19,BAL,EBN,ORE
SP001077,SP002992,12,BAL,EBN,ORE
SP001077,SP002995,12,BAL,EBN,ORE
SP001077,SP003006,12,BAL,EBN,ORE
SP001077,SP003014,12,BAL,EBN,HGS
SP001077,SP003026,9,BAL,EBN,LIT
SP001077,SP003130,9,BAL,EBN,WRH
SP001077,SP003179,5,BAL,EBN,TBD
SP001077,SP003294,8,BAL,EBN,HRH
SP001077,SP003298,8,BAL,EBN,CCH
SP001077,SP003454,3,BAL,EBN,ORE
SP001077,SP003675,9,BAL,EBN,WRH
SP001077,SP003677,11,BAL,EBN,WRH
SP001077,SP003756,5,BAL,EBN,BTN
SP001077,SP004020,7,BAL,EBN,GTW
SP001077,SP004086,6,BAL,EBN,WRH
SP001079,SP001311,3,WCY,BAK,DLJ
SP001081,SP001718,7,XSU,SRH,SUO
SP001081,SP001734,3,XSU,SRH,EPS
SP001081,SP001762,11,XSU,SRH,BAK
SP001081,SP002173,3,XSU,SRH,HRH
SP001081,SP002194,4,XSU,SRH,EGR
SP001081,SP002256,3,XSU,SRH,TBD
SP001081,SP002498,3,XSU,SRH,EBN
SP001081,SP002506,3,XSU,SRH,LIT
SP001081,SP002516,3,XSU,SRH,BOG
SP001081,SP002725,3,XSU,SRH,EGR
SP001081,SP002810,3,XSU,SRH,CAT
SP001081,SP003112,3,XSU,SRH,CAT
SP001081,SP003228,7,XSU,SRH,ECR
SP001081,SP003249,3,XSU,SRH,ECR
SP001081,SP003838,7,XSU,SRH,CAT
SP001082,SP001277,4,QRB,WYB,EAD
SP001082,SP001278,4,QRB,WYB,QRB
SP001082,SP001280,4,QRB,WYB,QRB
SP001082,SP001282,18,QRB,WYB,ASN
SP001082,SP001289,11,QRB,WYB,QRB
SP001082,SP001387,4,QRB,WYB,SHP
SP001082,SP001741,4,QRB,WYB,KNG
SP001082,SP001761,4,QRB,WYB,HOU
SP001082,SP001829,11,QRB,WYB,TWI
SP001082,SP001831,11,QRB,WYB,HOU
SP001082,SP003306,4,QRB,WYB,STW
SP001082,SP003557,18,QRB,WYB,WOK
SP001083,SP001092,14,BAL,EBN,EBN
SP001083,SP001239,9,BAL,EBN,LIT
SP001083,SP001241,6,BAL,EBN,LIT
SP001083,SP001255,9,BAL,EBN,LIT
SP001083,SP001291,9,BAL,EBN,BTN
SP001083,SP001295,9,BAL,EBN,BTN
SP001083,SP001830,3,BAL,EBN,BTN
SP001083,SP002276,11,BAL,EBN,HGS
SP001083,SP002965,8,BAL,EBN,PMH
SP001083,SP002980,8,BAL,EBN,PMS
SP001083,SP002983,8,BAL,EBN,PMH
SP001083,SP002986,8,BAL,EBN,PMS
SP001083,SP002991,11,BAL,EBN,ORE
SP001083,SP002992,11,BAL,EBN,ORE
SP001083,SP002995,11,BAL,EBN,ORE
SP001083,SP003006,11,BAL,EBN,ORE
SP001083,SP003014,11,BAL,EBN,HGS
SP001083,SP003026,9,BAL,EBN,LIT
SP001083,SP003130,9,BAL,EBN,WRH
SP001083,SP003179,5,BAL,EBN,TBD
SP001083,SP003294,8,BAL,EBN,HRH
SP001083,SP003298,8,BAL,EBN,CCH
SP001083,SP003454,3,BAL,EBN,ORE
SP001083,SP003675,9,BAL,EBN,WRH
SP001083,SP003677,11,BAL,EBN,WRH
SP001083,SP003756,5,BAL,EBN,BTN
SP001083,SP004020,7,BAL,EBN,GTW
SP001083,SP004086,6,BAL,EBN,WRH
SP001086,SP001100,8,ABD,GLQ,EDB
SP001086,SP001578,8,ABD,GLQ,KGX
SP001086,SP001655,8,ABD,GLQ,PLY
SP001086,SP002068,8,ABD,GLQ,EDB
SP001086,SP003116,8,ABD,GLQ,DON
SP001087,SP002748,3,SVG,MOG,HFN
SP001087,SP003554,13,SVG,MOG,MOG
SP001089,SP001090,10,INV,GLQ,GLQ
SP001089,SP001946,4,INV,GLQ,EDB
SP001089,SP002067,4,INV,GLQ,EDB
SP001089,SP002715,10,INV,GLQ,EDB
SP001089,SP004228,13,INV,GLQ,EUS
SP001089,SP004317,10,INV,GLQ,GLQ
SP001089,SP004319,4,INV,GLQ,GLQ
SP001089,SP004321,4,INV,GLQ,GLQ
SP001089,SP004382,13,INV,GLQ,EUS
SP001090,SP001946,4,INV,GLQ,EDB
SP001090,SP002067,4,INV,GLQ,EDB
SP001090,SP002715,12,INV,GLQ,EDB
SP001090,SP004228,10,INV,GLQ,EUS
SP001090,SP004317,12,INV,GLQ,GLQ
SP001090,SP004319,4,INV,GLQ,GLQ
SP001090,SP004321,4,INV,GLQ,GLQ
SP001090,SP004382,10,INV,GLQ,EUS
SP001091,SP001358,13,WGC,MOG,KGX
SP001091,SP001889,10,WGC,MOG,KGX
SP001091,SP002055,10,WGC,MOG,MOG
SP001092,SP001239,9,BAL,EBN,LIT
SP001092,SP001241,6,BAL,EBN,LIT
SP001092,SP001255,9,BAL,EBN,LIT
SP001092,SP001291,9,BAL,EBN,BTN
SP001092,SP001295,9,BAL,EBN,BTN
SP001092,SP001830,3,BAL,EBN,BTN
SP001092,SP002276,11,BAL,EBN,HGS
SP001092,SP002965,8,BAL,EBN,PMH
SP001092,SP002980,8,BAL,EBN,PMS
SP001092,SP002983,8,BAL,EBN,PMH
SP001092,SP002986,8,BAL,EBN,PMS
SP001092,SP002991,11,BAL,EBN,ORE
SP001092,SP002992,11,BAL,EBN,ORE
SP001092,SP002995,11,BAL,EBN,ORE
SP001092,SP003006,11,BAL,EBN,ORE
SP001092,SP003014,11,BAL,EBN,HGS
SP001092,SP003026,9,BAL,EBN,LIT
SP001092,SP003130,9,BAL,EBN,WRH
SP001092,SP003179,5,BAL,EBN,TBD
SP001092,SP003294,8,BAL,EBN,HRH
SP001092,SP003298,8,BAL,EBN,CCH
SP001092,SP003454,3,BAL,EBN,ORE
SP001092,SP003675,9,BAL,EBN,WRH
SP001092,SP003677,11,BAL,EBN,WRH
SP001092,SP003756,5,BAL,EBN,BTN
SP001092,SP004020,7,BAL,EBN,GTW
SP001092,SP004086,6,BAL,EBN,WRH
SP001093,SP002422,3,GLC,LNK,LNK
SP001093,SP002481,5,GLC,LNK,MTH
SP001093,SP002691,4,GLC,LNK,EDB
SP001093,SP004449,4,GLC,LNK,EDB
SP001094,SP001678,7,MOG,SVG,SVG
SP001094,SP001690,19,MOG,SVG,HFN
SP001094,SP001695,17,MOG,SVG,HFN
SP001094,SP001703,9,MOG,SVG,WGC
SP001094,SP002144,15,MOG,SVG,HFN
SP001094,SP002297,7,MOG,SVG,WGC
SP001094,SP002299,7,MOG,SVG,WGC
SP001094,SP002342,15,MOG,SVG,GDH
SP001094,SP002753,6,MOG,SVG,FPK
SP001094,SP003174,21,MOG,SVG,LET
SP001094,SP003376,6,MOG,SVG,WGC
SP001095,SP001747,7,AON,NEM,NEM
SP001095,SP001750,10,AON,NEM,NEM
SP001095,SP003840,3,AON,NEM,FNH
SP001097,SP001126,6,CDF,CPH,RHY
SP001097,SP001147,6,CDF,CPH,RHY
SP001097,SP001207,6,CDF,CPH,RHY
SP001097,SP002956,6,CDF,CPH,RHY
SP001097,SP004061,6,CDF,CPH,BGD
SP001099,SP001201,10,EXD,YVJ,NEM
SP001099,SP001202,4,EXD,YVJ,NEM
SP001099,SP003872,10,EXD,YVJ,SAL
SP001099,SP004266,10,EXD,YVJ,SAL
SP001100,SP001578,16,ABD,EDB,KGX
SP001100,SP001655,11,ABD,EDB,PLY
SP001100,SP002068,14,ABD,EDB,EDB
SP001100,SP003116,16,ABD,EDB,DON
SP001103,SP001529,8,EDB,DEE,DEE
SP001103,SP002207,4,EDB,DEE,DEE
SP001103,SP003257,4,EDB,DEE,DEE
SP001103,SP003396,3,EDB,DEE,LEV
SP001103,SP004620,3,EDB,DEE,LEV
SP001106,SP004455,16,CYP,XHZ,DLJ
SP001107,SP001321,5,QRB,AHT,WNR
SP001107,SP001386,5,QRB,AHT,SHP
SP001107,SP001582,5,QRB,AHT,STW
SP001107,SP003288,5,QRB,AHT,SNS
SP001107,SP004306,3,QRB,AHT,EAD
SP001107,SP004314,3,QRB,AHT,ASN
SP001108,SP001109,5,NOT,SKG,SKG
SP001108,SP001118,5,NOT,SKG,SKG
SP001108,SP002466,5,NOT,SKG,PBO
SP001109,SP001118,5,NOT,SKG,SKG
SP001109,SP002466,7,NOT,SKG,PBO
SP001110,SP001561,4,MAN,WKK,RCC
SP001110,SP001632,3,MAN,WKK,HDF
SP001110,SP002149,10,MAN,WKK,YRK
SP001110,SP002978,4,MAN,WKK,YRK
SP001110,SP003048,4,MAN,WKK,NCL
SP001110,SP003058,4,MAN,WKK,HUL
SP001110,SP003072,4,MAN,WKK,SLB
SP001110,SP003074,11,MAN,WKK,YRK
SP001110,SP003075,4,MAN,WKK,YRK
SP001110,SP003134,4,MAN,WKK,NCL
SP001110,SP003279,4,MAN,WKK,YRK
SP001110,SP003960,4,MAN,WKK,YRK
SP001110,SP004027,3,MAN,WKK,RCC
SP001110,SP004138,4,MAN,WKK,DAR
SP001111,SP001123,4,BDW,NBY,NRC
SP001111,SP001652,4,BDW,NBY,PAD
SP001111,SP001808,4,BDW,NBY,RDG
SP001111,SP003131,4,BDW,NBY,RDG
SP001111,SP003430,4,BDW,NBY,PAD
SP001111,SP004571,4,BDW,NBY,PAD
SP001112,SP001756,6,RSH,MAN,MAN
SP001112,SP001759,6,RSH,MAN,MAN
SP001113,SP002735,5,YVP,SAL,GCR
SP001114,SP004252,4,LDS,SHF,GOO
SP001115,SP001298,16,LIT,BAL,HHE
SP001115,SP001595,7,LIT,BAL,BTN
SP001115,SP002578,12,LIT,BAL,XSU
SP001115,SP003029,7,LIT,BAL,BAL
SP001118,SP002466,5,NOT,SKG,PBO
SP001119,SP002625,7,CRE,MAN,MAN
SP001119,SP004541,7,CRE,MAN,MAN
SP001120,SP001176,3,KGX,PBO,KLN
SP001120,SP001594,11,KGX,PBO,HUL
SP001120,SP001605,3,KGX,PBO,PBO
SP001120,SP001726,4,KGX,PBO,CBG
SP001120,SP001727,9,KGX,PBO,CBG
SP001120,SP001880,11,KGX,PBO,BEV
SP001120,SP002020,9,KGX,PBO,PBO
SP001120,SP002317,3,KGX,PBO,NCL
SP001120,SP002335,3,KGX,PBO,LDS
SP001120,SP002354,4,KGX,PBO,RYS
SP001120,SP002363,5,KGX,PBO,LET
SP001120,SP002493,3,KGX,PBO,HFN
SP001120,SP002494,3,KGX,PBO,RYS
SP001120,SP002502,3,KGX,PBO,CBG
SP001120,SP002602,3,KGX,PBO,WGC
SP001120,SP002623,3,KGX,PBO,PBO
SP001120,SP002755,4,KGX,PBO,CBG
SP001120,SP002757,4,KGX,PBO,CBG
SP001120,SP002761,4,KGX,PBO,LET
SP001120,SP002762,4,KGX,PBO,CBG
SP001120,SP002765,3,KGX,PBO,CBG
SP001120,SP002914,9,KGX,PBO,KLN
SP001120,SP002940,3,KGX,PBO,EDB
SP001120,SP002953,11,KGX,PBO,EDB
SP001120,SP002960,4,KGX,PBO,LDS
SP001120,SP002973,3,KGX,PBO,HFN
SP001120,SP003030,3,KGX,PBO,WGC
SP001120,SP003175,3,KGX,PBO,HFN
SP001120,SP003176,4,KGX,PBO,RYS
SP001120,SP003225,4,KGX,PBO,WGC
SP001120,SP003254,4,KGX,PBO,PBO
SP001120,SP003540,11,KGX,PBO,GLQ
SP001120,SP003600,9,KGX,PBO,CBG
SP001120,SP003658,4,KGX,PBO,ELY
SP001120,SP003667,4,KGX,PBO,YRK
SP001120,SP003669,11,KGX,PBO,INV
SP001120,SP003855,3,KGX,PBO,ABD
SP001120,SP003859,3,KGX,PBO,LDS
SP001120,SP004237,3,KGX,PBO,PBO
SP001121,SP001499,5,PBO,KGX,HRH
SP001121,SP001501,5,PBO,KGX,HRH
SP001121,SP001504,5,PBO,KGX,HRH
SP001121,SP002023,5,PBO,KGX,HRH
SP001121,SP002028,5,PBO,KGX,HRH
SP001121,SP002033,5,PBO,KGX,HRH
SP001121,SP003303,5,PBO,KGX,KGX
SP001121,SP003549,5,PBO,KGX,KGX
SP001121,SP003599,5,PBO,KGX,KGX
SP001121,SP003991,5,PBO,KGX,HRH
SP001121,SP003992,5,PBO,KGX,HRH
SP001121,SP003994,5,PBO,KGX,KGX
SP001121,SP003996,5,PBO,KGX,KGX
SP001121,SP004155,5,PBO,KGX,HRH
SP001121,SP004339,5,PBO,KGX,HRH
SP001121,SP004341,5,PBO,KGX,HRH
SP001122,SP001124,7,NEM,PMH,PMH
SP001122,SP001157,3,NEM,PMH,PMH
SP001122,SP001172,3,NEM,PMH,PMH
SP001122,SP001181,3,NEM,PMH,PMH
SP001122,SP001186,3,NEM,PMH,YVP
SP001122,SP001187,3,NEM,PMH,YVJ
SP001122,SP001190,3,NEM,PMH,WEY
SP001122,SP001194,3,NEM,PMH,EXD
SP001122,SP001197,3,NEM,PMH,EXD
SP001122,SP001198,3,NEM,PMH,EXD
SP001122,SP001206,3,NEM,PMH,EXD
SP001122,SP001217,3,NEM,PMH,WEY
SP001122,SP001227,3,NEM,PMH,WEY
SP001122,SP001233,3,NEM,PMH,WEY
SP001122,SP001281,3,NEM,PMH,SOU
SP001122,SP001382,3,NEM,PMH,WEY
SP001122,SP001389,3,NEM,PMH,PMH
SP001122,SP001673,3,NEM,PMH,BSK
SP001122,SP001742,3,NEM,PMH,PMS
SP001122,SP001744,3,NEM,PMH,HSL
SP001122,SP001849,3,NEM,PMH,SOU
SP001122,SP001850,3,NEM,PMH,FRM
SP001122,SP003109,3,NEM,PMH,YVJ
SP001122,SP003123,6,NEM,PMH,PMH
SP001122,SP003518,3,NEM,PMH,AON
SP001122,SP003844,3,NEM,PMH,BMH
SP001122,SP003846,3,NEM,PMH,BMH
SP001122,SP003849,3,NEM,PMH,BMH
SP001122,SP003851,3,NEM,PMH,SOU
SP001122,SP003871,3,NEM,PMH,SAL
SP001122,SP003917,3,NEM,PMH,BMH
SP001122,SP003939,6,NEM,PMH,PTR
SP001122,SP004198,3,NEM,PMH,POO
SP001123,SP001652,5,BDW,NRC,PAD
SP001123,SP001808,4,BDW,NRC,RDG
SP001123,SP003131,5,BDW,NRC,RDG
SP001123,SP003430,4,BDW,NRC,PAD
SP001123,SP004571,4,BDW,NRC,PAD
SP001124,SP001157,3,NEM,PMH,PMH
SP001124,SP001172,3,NEM,PMH,PMH
SP001124,SP001181,3,NEM,PMH,PMH
SP001124,SP001186,3,NEM,PMH,YVP
SP001124,SP001187,3,NEM,PMH,YVJ
SP001124,SP001190,3,NEM,PMH,WEY
SP001124,SP001194,3,NEM,PMH,EXD
SP001124,SP001197,3,NEM,PMH,EXD
SP001124,SP001198,3,NEM,PMH,EXD
SP001124,SP001206,3,NEM,PMH,EXD
SP001124,SP001217,3,NEM,PMH,WEY
SP001124,SP001227,3,NEM,PMH,WEY
SP001124,SP001233,3,NEM,PMH,WEY
SP001124,SP001281,3,NEM,PMH,SOU
SP001124,SP001382,3,NEM,PMH,WEY
SP001124,SP001389,3,NEM,PMH,PMH
SP001124,SP001673,3,NEM,PMH,BSK
SP001124,SP001742,3,NEM,PMH,PMS
SP001124,SP001744,3,NEM,PMH,HSL
SP001124,SP001849,3,NEM,PMH,SOU
SP001124,SP001850,3,NEM,PMH,FRM
SP001124,SP003109,3,NEM,PMH,YVJ
SP001124,SP003123,6,NEM,PMH,PMH
SP001124,SP003518,3,NEM,PMH,AON
SP001124,SP003844,3,NEM,PMH,BMH
SP001124,SP003846,3,NEM,PMH,BMH
SP001124,SP003849,3,NEM,PMH,BMH
SP001124,SP003851,3,NEM,PMH,SOU
SP001124,SP003871,3,NEM,PMH,SAL
SP001124,SP003917,3,NEM,PMH,BMH
SP001124,SP003939,6,NEM,PMH,PTR
SP001124,SP004198,3,NEM,PMH,POO
SP001125,SP002195,8,WSW,REI,EGR
SP001125,SP003595,11,WSW,REI,GTW
SP001125,SP003822,14,WSW,REI,TBD
SP001126,SP001147,7,CDF,RHY,RHY
SP001126,SP001207,7,CDF,RHY,RHY
SP001126,SP002956,12,CDF,RHY,RHY
SP001126,SP004061,7,CDF,RHY,BGD
SP001127,SP001129,5,RHY,BYI,BYI
SP001127,SP001140,9,RHY,BYI,BYI
SP001127,SP003472,23,RHY,BYI,BGN
SP001127,SP003502,5,RHY,BYI,CDF
SP001129,SP001140,5,RHY,BYI,BYI
SP001129,SP003472,5,RHY,BYI,BGN
SP001129,SP003502,10,RHY,BYI,CDF
SP001130,SP001133,11,HRH,BDM,BDM
SP001130,SP002025,11,HRH,BDM,PBO
SP001130,SP002030,11,HRH,BDM,PBO
SP001130,SP002191,7,HRH,BDM,WSW
SP001130,SP002834,11,HRH,BDM,PBO
SP001131,SP003386,13,BGD,BYI,CDF
SP001132,SP002029,4,HBD,LDS,LDS
SP001132,SP003961,3,HBD,LDS,LDS
SP001132,SP004057,8,HBD,LDS,LDS
SP001133,SP002025,15,HRH,BDM,PBO
SP001133,SP002030,15,HRH,BDM,PBO
SP001133,SP002191,7,HRH,BDM,WSW
SP001133,SP002834,15,HRH,BDM,PBO
SP001134,SP001907,14,BYI,RHY,CPH
SP001134,SP003362,22,BYI,RHY,BGD
SP001134,SP003467,20,BYI,RHY,BGD
SP001134,SP004262,18,BYI,RHY,YSM
SP001135,SP001401,11,BDT,YRK,YRK
SP001135,SP002552,4,BDT,YRK,YRK
SP001135,SP003088,7,BDT,YRK,HUL
SP001135,SP003551,9,BDT,YRK,YRK
SP001135,SP003553,13,BDT,YRK,YRK
SP001135,SP003555,4,BDT,YRK,YRK
SP001135,SP003565,10,BDT,YRK,YRK
SP001135,SP003567,4,BDT,YRK,YRK
SP001135,SP004368,7,BDT,YRK,YRK
SP001137,SP001138,11,CHX,SEV,ORP
SP001137,SP001883,6,CHX,SEV,HGS
SP001137,SP001892,6,CHX,SEV,DVP
SP001137,SP002505,3,CHX,SEV,GRV
SP001137,SP002537,5,CHX,SEV,TBW
SP001137,SP002807,6,CHX,SEV,DVP
SP001137,SP002969,3,CHX,SEV,DFD
SP001137,SP002976,6,CHX,SEV,CBW
SP001137,SP002979,3,CHX,SEV,SEV
SP001137,SP003068,3,CHX,SEV,HYS
SP001137,SP003156,3,CHX,SEV,CST
SP001137,SP003188,3,CHX,SEV,ORP
SP001137,SP003200,4,CHX,SEV,TBW
SP001137,SP003315,3,CHX,SEV,GRV
SP001137,SP003387,6,CHX,SEV,DVP
SP001137,SP003400,6,CHX,SEV,RAM
SP001137,SP003760,3,CHX,SEV,GRV
SP001137,SP004546,6,CHX,SEV,HGS
SP001137,SP004547,15,CHX,SEV,HGS
SP001137,SP004549,6,CHX,SEV,HGS
SP001137,SP004551,6,CHX,SEV,HGS
SP001138,SP001883,6,CHX,ORP,HGS
SP001138,SP001892,6,CHX,ORP,DVP
SP001138,SP002505,3,CHX,ORP,GRV
SP001138,SP002537,5,CHX,ORP,TBW
SP001138,SP002807,6,CHX,ORP,DVP
SP001138,SP002969,3,CHX,ORP,DFD
SP001138,SP002976,6,CHX,ORP,CBW
SP001138,SP002979,3,CHX,ORP,SEV
SP001138,SP003068,3,CHX,ORP,HYS
SP001138,SP003156,3,CHX,ORP,CST
SP001138,SP003188,3,CHX,ORP,ORP
SP001138,SP003200,4,CHX,ORP,TBW
SP001138,SP003315,3,CHX,ORP,GRV
SP001138,SP003387,6,CHX,ORP,DVP
SP001138,SP003400,6,CHX,ORP,RAM
SP001138,SP003760,3,CHX,ORP,GRV
SP001138,SP004546,6,CHX,ORP,HGS
SP001138,SP004547,11,CHX,ORP,HGS
SP001138,SP004549,6,CHX,ORP,HGS
SP001138,SP004551,6,CHX,ORP,HGS
SP001139,SP001162,4,PMH,NEM,BTN
SP001139,SP001173,4,PMH,NEM,NEM
SP001139,SP001175,4,PMH,NEM,NEM
SP001139,SP001219,3,PMH,NEM,NEM
SP001139,SP001653,3,PMH,NEM,CDF
SP001139,SP001730,6,PMH,NEM,HRH
SP001139,SP001796,4,PMH,NEM,WIN
SP001139,SP001798,4,PMH,NEM,ESL
SP001139,SP001858,6,PMH,NEM,BTN
SP001139,SP001867,11,PMH,NEM,NEM
SP001139,SP001882,4,PMH,NEM,NEM
SP001139,SP002245,3,PMH,NEM,CDF
SP001139,SP002967,3,PMH,NEM,BOG
SP001139,SP002968,4,PMH,NEM,HRH
SP001139,SP003035,4,PMH,NEM,NEM
SP001139,SP003038,3,PMH,NEM,NEM
SP001139,SP003439,11,PMH,NEM,GLD
SP001139,SP003455,3,PMH,NEM,CDF
SP001139,SP003498,3,PMH,NEM,WSB
SP001139,SP003509,3,PMH,NEM,NEM
SP001139,SP003511,4,PMH,NEM,NEM
SP001139,SP003545,4,PMH,NEM,NEM
SP001139,SP003547,4,PMH,NEM,GTW
SP001139,SP004502,3,PMH,NEM,BRI
SP001140,SP003472,9,RHY,BYI,BGN
SP001140,SP003502,5,RHY,BYI,CDF
SP001141,SP001144,17,GLM,TON,PDW
SP001141,SP001565,4,GLM,TON,XVJ
SP001141,SP001661,5,GLM,TON,LUT
SP001141,SP003243,4,GLM,TON,XVJ
SP001141,SP003281,4,GLM,TON,BFR
SP001141,SP004531,4,GLM,TON,CST
SP001141,SP004536,4,GLM,TON,CST
SP001142,SP001893,4,CST,CST,DVP
SP001142,SP001895,4,CST,CST,RAM
SP001142,SP002910,4,CST,CST,TBW
SP001142,SP003122,4,CST,CST,CST
SP001142,SP003314,12,CST,CST,RTR
SP001142,SP003425,4,CST,CST,TON
SP001142,SP003479,5,CST,CST,ORP
SP001142,SP004537,4,CST,CST,DVP
SP001142,SP004538,4,CST,CST,RAM
SP001143,SP001195,14,TON,SOO,GLM
SP001144,SP001565,4,GLM,PDW,XVJ
SP001144,SP001661,5,GLM,PDW,LUT
SP001144,SP003243,4,GLM,PDW,XVJ
SP001144,SP003281,4,GLM,PDW,BFR
SP001144,SP004531,4,GLM,PDW,CST
SP001144,SP004536,4,GLM,PDW,CST
SP001145,SP004438,3,MDW,SOO,SPX
SP001146,SP001153,13,SOO,PDW,TON
SP001146,SP001192,8,SOO,PDW,MDW
SP001147,SP001207,14,CDF,RHY,RHY
SP001147,SP002956,7,CDF,RHY,RHY
SP001147,SP004061,14,CDF,RHY,BGD
SP001149,SP001563,8,NCL,MAN,MAN
SP001149,SP001991,8,NCL,MAN,MAN
SP001149,SP003042,11,NCL,MAN,LIV
SP001149,SP003146,20,NCL,MAN,LIV
SP001149,SP003157,7,NCL,MAN,YRK
SP001151,SP003305,6,REI,WSW,BAK
SP001152,SP001156,7,PGN,EXM,EXM
SP001152,SP001165,11,PGN,EXM,EXM
SP001152,SP001167,7,PGN,EXM,EXM
SP001152,SP001168,8,PGN,EXM,EXM
SP001152,SP001542,7,PGN,EXM,MAN
SP001152,SP001556,7,PGN,EXM,MAN
SP001152,SP002411,8,PGN,EXM,EXD
SP001152,SP002570,10,PGN,EXM,BRI
SP001152,SP003285,7,PGN,EXM,EXD
SP001152,SP003415,7,PGN,EXM,PAD
SP001152,SP003513,10,PGN,EXM,CDF
SP001152,SP004093,7,PGN,EXM,BRI
SP001152,SP004167,7,PGN,EXM,PAD
SP001153,SP001192,8,SOO,TON,MDW
SP001156,SP001165,7,PGN,EXM,EXM
SP001156,SP001167,10,PGN,EXM,EXM
SP001156,SP001168,7,PGN,EXM,EXM
SP001156,SP001542,7,PGN,EXM,MAN
SP001156,SP001556,7,PGN,EXM,MAN
SP001156,SP002411,7,PGN,EXM,EXD
SP001156,SP002570,7,PGN,EXM,BRI
SP001156,SP003285,7,PGN,EXM,EXD
SP001156,SP003415,7,PGN,EXM,PAD
SP001156,SP003513,7,PGN,EXM,CDF
SP001156,SP004093,7,PGN,EXM,BRI
SP001156,SP004167,7,PGN,EXM,PAD
SP001157,SP001172,3,NEM,PMH,PMH
SP001157,SP001181,3,NEM,PMH,PMH
SP001157,SP001186,3,NEM,PMH,YVP
SP001157,SP001187,3,NEM,PMH,YVJ
SP001157,SP001190,3,NEM,PMH,WEY
SP001157,SP001194,3,NEM,PMH,EXD
SP001157,SP001197,3,NEM,PMH,EXD
SP001157,SP001198,3,NEM,PMH,EXD
SP001157,SP001206,3,NEM,PMH,EXD
SP001157,SP001217,3,NEM,PMH,WEY
SP001157,SP001227,3,NEM,PMH,WEY
SP001157,SP001233,3,NEM,PMH,WEY
SP001157,SP001281,3,NEM,PMH,SOU
SP001157,SP001382,3,NEM,PMH,WEY
SP001157,SP001389,7,NEM,PMH,PMH
SP001157,SP001673,3,NEM,PMH,BSK
SP001157,SP001742,7,NEM,PMH,PMS
SP001157,SP001744,7,NEM,PMH,HSL
SP001157,SP001849,7,NEM,PMH,SOU
SP001157,SP001850,7,NEM,PMH,FRM
SP001157,SP003109,3,NEM,PMH,YVJ
SP001157,SP003123,3,NEM,PMH,PMH
SP001157,SP003518,3,NEM,PMH,AON
SP001157,SP003844,3,NEM,PMH,BMH
SP001157,SP003846,3,NEM,PMH,BMH
SP001157,SP003849,3,NEM,PMH,BMH
SP001157,SP003851,3,NEM,PMH,SOU
SP001157,SP003871,3,NEM,PMH,SAL
SP001157,SP003917,3,NEM,PMH,BMH
SP001157,SP003939,3,NEM,PMH,PTR
SP001157,SP004198,3,NEM,PMH,POO
SP001159,SP004226,9,BAA,PMH,SOU
SP001160,SP001602,3,CCH,BTN,BTN
SP001160,SP001790,3,CCH,BTN,LIT
SP001162,SP001173,4,PMH,BTN,NEM
SP001162,SP001175,4,PMH,BTN,NEM
SP001162,SP001219,3,PMH,BTN,NEM
SP001162,SP001653,3,PMH,BTN,CDF
SP001162,SP001730,4,PMH,BTN,HRH
SP001162,SP001796,4,PMH,BTN,WIN
SP001162,SP001798,4,PMH,BTN,ESL
SP001162,SP001858,4,PMH,BTN,BTN
SP001162,SP001867,4,PMH,BTN,NEM
SP001162,SP001882,4,PMH,BTN,NEM
SP001162,SP002245,3,PMH,BTN,CDF
SP001162,SP002967,3,PMH,BTN,BOG
SP001162,SP002968,15,PMH,BTN,HRH
SP001162,SP003035,4,PMH,BTN,NEM
SP001162,SP003038,3,PMH,BTN,NEM
SP001162,SP003439,4,PMH,BTN,GLD
SP001162,SP003455,3,PMH,BTN,CDF
SP001162,SP003498,3,PMH,BTN,WSB
SP001162,SP003509,3,PMH,BTN,NEM
SP001162,SP003511,4,PMH,BTN,NEM
SP001162,SP003545,4,PMH,BTN,NEM
SP001162,SP003547,5,PMH,BTN,GTW
SP001162,SP004502,3,PMH,BTN,BRI
SP001163,SP001171,6,BTN,PMS,PMH
SP001163,SP001174,3,BTN,PMS,PMH
SP001163,SP001773,3,BTN,PMS,PMH
SP001163,SP002013,3,BTN,PMS,LIT
SP001163,SP002189,6,BTN,PMS,PMH
SP001163,SP003067,6,BTN,PMS,SOU
SP001163,SP003069,9,BTN,PMS,SOU
SP001163,SP003070,6,BTN,PMS,SOU
SP001163,SP003073,6,BTN,PMS,SOU
SP001163,SP003500,6,BTN,PMS,SOU
SP001163,SP004135,6,BTN,PMS,SOU
SP001164,SP001169,17,PMS,BTN,BTN
SP001165,SP001167,7,PGN,EXM,EXM
SP001165,SP001168,8,PGN,EXM,EXM
SP001165,SP001542,7,PGN,EXM,MAN
SP001165,SP001556,7,PGN,EXM,MAN
SP001165,SP002411,8,PGN,EXM,EXD
SP001165,SP002570,10,PGN,EXM,BRI
SP001165,SP003285,7,PGN,EXM,EXD
SP001165,SP003415,7,PGN,EXM,PAD
SP001165,SP003513,10,PGN,EXM,CDF
SP001165,SP004093,7,PGN,EXM,BRI
SP001165,SP004167,7,PGN,EXM,PAD
SP001166,SP002420,4,BNP,EXM,EXD
SP001167,SP001168,7,PGN,EXM,EXM
SP001167,SP001542,7,PGN,EXM,MAN
SP001167,SP001556,7,PGN,EXM,MAN
SP001167,SP002411,7,PGN,EXM,EXD
SP001167,SP002570,7,PGN,EXM,BRI
SP001167,SP003285,7,PGN,EXM,EXD
SP001167,SP003415,7,PGN,EXM,PAD
SP001167,SP003513,7,PGN,EXM,CDF
SP001167,SP004093,7,PGN,EXM,BRI
SP001167,SP004167,7,PGN,EXM,PAD
SP001168,SP001542,7,PGN,EXM,MAN
SP001168,SP001556,7,PGN,EXM,MAN
SP001168,SP002411,11,PGN,EXM,EXD
SP001168,SP002570,8,PGN,EXM,BRI
SP001168,SP003285,7,PGN,EXM,EXD
SP001168,SP003415,7,PGN,EXM,PAD
SP001168,SP003513,8,PGN,EXM,CDF
SP001168,SP004093,7,PGN,EXM,BRI
SP001168,SP004167,7,PGN,EXM,PAD
SP001170,SP001791,5,ASN,QRB,SNS
SP001170,SP004611,15,ASN,QRB,QRB
SP001171,SP001174,3,BTN,PMH,PMH
SP001171,SP001773,3,BTN,PMH,PMH
SP001171,SP002013,3,BTN,PMH,LIT
SP001171,SP002189,15,BTN,PMH,PMH
SP001171,SP003067,8,BTN,PMH,SOU
SP001171,SP003069,6,BTN,PMH,SOU
SP001171,SP003070,8,BTN,PMH,SOU
SP001171,SP003073,8,BTN,PMH,SOU
SP001171,SP003500,18,BTN,PMH,SOU
SP001171,SP004135,8,BTN,PMH,SOU
SP001172,SP001181,8,NEM,PMH,PMH
SP001172,SP001186,4,NEM,PMH,YVP
SP001172,SP001187,4,NEM,PMH,YVJ
SP001172,SP001190,4,NEM,PMH,WEY
SP001172,SP001194,4,NEM,PMH,EXD
SP001172,SP001197,4,NEM,PMH,EXD
SP001172,SP001198,4,NEM,PMH,EXD
SP001172,SP001206,4,NEM,PMH,EXD
SP001172,SP001217,4,NEM,PMH,WEY
SP001172,SP001227,4,NEM,PMH,WEY
SP001172,SP001233,4,NEM,PMH,WEY
SP001172,SP001281,3,NEM,PMH,SOU
SP001172,SP001382,8,NEM,PMH,WEY
SP001172,SP001389,3,NEM,PMH,PMH
SP001172,SP001673,3,NEM,PMH,BSK
SP001172,SP001742,3,NEM,PMH,PMS
SP001172,SP001744,3,NEM,PMH,HSL
SP001172,SP001849,3,NEM,PMH,SOU
SP001172,SP001850,3,NEM,PMH,FRM
SP001172,SP003109,4,NEM,PMH,YVJ
SP001172,SP003123,3,NEM,PMH,PMH
SP001172,SP003518,3,NEM,PMH,AON
SP001172,SP003844,4,NEM,PMH,BMH
SP001172,SP003846,4,NEM,PMH,BMH
SP001172,SP003849,4,NEM,PMH,BMH
SP001172,SP003851,4,NEM,PMH,SOU
SP001172,SP003871,6,NEM,PMH,SAL
SP001172,SP003917,5,NEM,PMH,BMH
SP001172,SP003939,3,NEM,PMH,PTR
SP001172,SP004198,4,NEM,PMH,POO
SP001173,SP001175,11,PMH,NEM,NEM
SP001173,SP001219,3,PMH,NEM,NEM
SP001173,SP001653,3,PMH,NEM,CDF
SP001173,SP001730,4,PMH,NEM,HRH
SP001173,SP001796,11,PMH,NEM,WIN
SP001173,SP001798,10,PMH,NEM,ESL
SP001173,SP001858,4,PMH,NEM,BTN
SP001173,SP001867,4,PMH,NEM,NEM
SP001173,SP001882,11,PMH,NEM,NEM
SP001173,SP002245,3,PMH,NEM,CDF
SP001173,SP002967,3,PMH,NEM,BOG
SP001173,SP002968,4,PMH,NEM,HRH
SP001173,SP003035,11,PMH,NEM,NEM
SP001173,SP003038,3,PMH,NEM,NEM
SP001173,SP003439,4,PMH,NEM,GLD
SP001173,SP003455,3,PMH,NEM,CDF
SP001173,SP003498,3,PMH,NEM,WSB
SP001173,SP003509,3,PMH,NEM,NEM
SP001173,SP003511,11,PMH,NEM,NEM
SP001173,SP003545,14,PMH,NEM,NEM
SP001173,SP003547,4,PMH,NEM,GTW
SP001173,SP004502,3,PMH,NEM,BRI
SP001174,SP001773,3,BTN,PMH,PMH
SP001174,SP002013,12,BTN,PMH,LIT
SP001174,SP002189,3,BTN,PMH,PMH
SP001174,SP003067,3,BTN,PMH,SOU
SP001174,SP003069,3,BTN,PMH,SOU
SP001174,SP003070,3,BTN,PMH,SOU
SP001174,SP003073,3,BTN,PMH,SOU
SP001174,SP003500,3,BTN,PMH,SOU
SP001174,SP004135,3,BTN,PMH,SOU
SP001175,SP001219,3,PMH,NEM,NEM
SP001175,SP001653,3,PMH,NEM,CDF
SP001175,SP001730,4,PMH,NEM,HRH
SP001175,SP001796,13,PMH,NEM,WIN
SP001175,SP001798,10,PMH,NEM,ESL
SP001175,SP001858,4,PMH,NEM,BTN
SP001175,SP001867,4,PMH,NEM,NEM
SP001175,SP001882,15,PMH,NEM,NEM
SP001175,SP002245,3,PMH,NEM,CDF
SP001175,SP002967,3,PMH,NEM,BOG
SP001175,SP002968,4,PMH,NEM,HRH
SP001175,SP003035,15,PMH,NEM,NEM
SP001175,SP003038,3,PMH,NEM,NEM
SP001175,SP003439,4,PMH,NEM,GLD
SP001175,SP003455,3,PMH,NEM,CDF
SP001175,SP003498,3,PMH,NEM,WSB
SP001175,SP003509,3,PMH,NEM,NEM
SP001175,SP003511,15,PMH,NEM,NEM
SP001175,SP003545,11,PMH,NEM,NEM
SP001175,SP003547,4,PMH,NEM,GTW
SP001175,SP004502,3,PMH,NEM,BRI
SP001176,SP001594,3,KGX,KLN,HUL
SP001176,SP001605,6,KGX,KLN,PBO
SP001176,SP001726,3,KGX,KLN,CBG
SP001176,SP001727,3,KGX,KLN,CBG
SP001176,SP001880,3,KGX,KLN,BEV
SP001176,SP002020,3,KGX,KLN,PBO
SP001176,SP002317,6,KGX,KLN,NCL
SP001176,SP002335,5,KGX,KLN,LDS
SP001176,SP002354,3,KGX,KLN,RYS
SP001176,SP002363,3,KGX,KLN,LET
SP001176,SP002493,3,KGX,KLN,HFN
SP001176,SP002494,3,KGX,KLN,RYS
SP001176,SP002502,3,KGX,KLN,CBG
SP001176,SP002602,3,KGX,KLN,WGC
SP001176,SP002623,3,KGX,KLN,PBO
SP001176,SP002755,3,KGX,KLN,CBG
SP001176,SP002757,3,KGX,KLN,CBG
SP001176,SP002761,3,KGX,KLN,LET
SP001176,SP002762,3,KGX,KLN,CBG
SP001176,SP002765,3,KGX,KLN,CBG
SP001176,SP002914,3,KGX,KLN,KLN
SP001176,SP002940,6,KGX,KLN,EDB
SP001176,SP002953,3,KGX,KLN,EDB
SP001176,SP002960,3,KGX,KLN,LDS
SP001176,SP002973,3,KGX,KLN,HFN
SP001176,SP003030,3,KGX,KLN,WGC
SP001176,SP003175,3,KGX,KLN,HFN
SP001176,SP003176,3,KGX,KLN,RYS
SP001176,SP003225,3,KGX,KLN,WGC
SP001176,SP003254,3,KGX,KLN,PBO
SP001176,SP003540,3,KGX,KLN,GLQ
SP001176,SP003600,3,KGX,KLN,CBG
SP001176,SP003658,3,KGX,KLN,ELY
SP001176,SP003667,3,KGX,KLN,YRK
SP001176,SP003669,3,KGX,KLN,INV
SP001176,SP003855,6,KGX,KLN,ABD
SP001176,SP003859,6,KGX,KLN,LDS
SP001176,SP004237,3,KGX,KLN,PBO
SP001177,SP002904,30,KLN,KGX,KGX
SP001177,SP004078,12,KLN,KGX,KGX
SP001178,SP001869,25,INV,EDB,EDB
SP001178,SP001940,12,INV,EDB,ABD
SP001178,SP002148,5,INV,EDB,ELG
SP001179,SP001204,6,SCA,YRK,HUL
SP001179,SP002990,6,SCA,YRK,SHF
SP001179,SP004250,14,SCA,YRK,SHF
SP001181,SP001186,4,NEM,PMH,YVP
SP001181,SP001187,4,NEM,PMH,YVJ
SP001181,SP001190,4,NEM,PMH,WEY
SP001181,SP001194,4,NEM,PMH,EXD
SP001181,SP001197,4,NEM,PMH,EXD
SP001181,SP001198,4,NEM,PMH,EXD
SP001181,SP001206,4,NEM,PMH,EXD
SP001181,SP001217,4,NEM,PMH,WEY
SP001181,SP001227,4,NEM,PMH,WEY
SP001181,SP001233,4,NEM,PMH,WEY
SP001181,SP001281,3,NEM,PMH,SOU
SP001181,SP001382,11,NEM,PMH,WEY
SP001181,SP001389,3,NEM,PMH,PMH
SP001181,SP001673,3,NEM,PMH,BSK
SP001181,SP001742,3,NEM,PMH,PMS
SP001181,SP001744,3,NEM,PMH,HSL
SP001181,SP001849,3,NEM,PMH,SOU
SP001181,SP001850,3,NEM,PMH,FRM
SP001181,SP003109,4,NEM,PMH,YVJ
SP001181,SP003123,3,NEM,PMH,PMH
SP001181,SP003518,3,NEM,PMH,AON
SP001181,SP003844,4,NEM,PMH,BMH
SP001181,SP003846,4,NEM,PMH,BMH
SP001181,SP003849,4,NEM,PMH,BMH
SP001181,SP003851,4,NEM,PMH,SOU
SP001181,SP003871,6,NEM,PMH,SAL
SP001181,SP003917,5,NEM,PMH,BMH
SP001181,SP003939,3,NEM,PMH,PTR
SP001181,SP004198,4,NEM,PMH,POO
SP001183,SP001275,3,EAD,SOU,QRB
SP001183,SP001513,3,EAD,SOU,GLD
SP001183,SP001519,3,EAD,SOU,GLD
SP001183,SP001560,3,EAD,SOU,SHP
SP001183,SP001589,3,EAD,SOU,HMC
SP001183,SP001954,3,EAD,SOU,TWI
SP001183,SP003262,3,EAD,SOU,STW
SP001183,SP003478,9,EAD,SOU,BMH
SP001183,SP003729,3,EAD,SOU,WOK
SP001184,SP004088,5,GFD,WEA,PAD
SP001186,SP001187,16,NEM,YVP,YVJ
SP001186,SP001190,5,NEM,YVP,WEY
SP001186,SP001194,10,NEM,YVP,EXD
SP001186,SP001197,6,NEM,YVP,EXD
SP001186,SP001198,6,NEM,YVP,EXD
SP001186,SP001206,10,NEM,YVP,EXD
SP001186,SP001217,5,NEM,YVP,WEY
SP001186,SP001227,5,NEM,YVP,WEY
SP001186,SP001233,5,NEM,YVP,WEY
SP001186,SP001281,3,NEM,YVP,SOU
SP001186,SP001382,4,NEM,YVP,WEY
SP001186,SP001389,3,NEM,YVP,PMH
SP001186,SP001673,3,NEM,YVP,BSK
SP001186,SP001742,3,NEM,YVP,PMS
SP001186,SP001744,3,NEM,YVP,HSL
SP001186,SP001849,3,NEM,YVP,SOU
SP001186,SP001850,3,NEM,YVP,FRM
SP001186,SP003109,10,NEM,YVP,YVJ
SP001186,SP003123,3,NEM,YVP,PMH
SP001186,SP003518,3,NEM,YVP,AON
SP001186,SP003844,5,NEM,YVP,BMH
SP001186,SP003846,5,NEM,YVP,BMH
SP001186,SP003849,5,NEM,YVP,BMH
SP001186,SP003851,5,NEM,YVP,SOU
SP001186,SP003871,4,NEM,YVP,SAL
SP001186,SP003917,4,NEM,YVP,BMH
SP001186,SP003939,3,NEM,YVP,PTR
SP001186,SP004198,5,NEM,YVP,POO
SP001187,SP001190,5,NEM,YVJ,WEY
SP001187,SP001194,10,NEM,YVJ,EXD
SP001187,SP001197,6,NEM,YVJ,EXD
SP001187,SP001198,6,NEM,YVJ,EXD
SP001187,SP001206,10,NEM,YVJ,EXD
SP001187,SP001217,5,NEM,YVJ,WEY
SP001187,SP001227,5,NEM,YVJ,WEY
SP001187,SP001233,5,NEM,YVJ,WEY
SP001187,SP001281,3,NEM,YVJ,SOU
SP001187,SP001382,4,NEM,YVJ,WEY
SP001187,SP001389,3,NEM,YVJ,PMH
SP001187,SP001673,3,NEM,YVJ,BSK
SP001187,SP001742,3,NEM,YVJ,PMS
SP001187,SP001744,3,NEM,YVJ,HSL
SP001187,SP001849,3,NEM,YVJ,SOU
SP001187,SP001850,3,NEM,YVJ,FRM
SP001187,SP003109,10,NEM,YVJ,YVJ
SP001187,SP003123,3,NEM,YVJ,PMH
SP001187,SP003518,3,NEM,YVJ,AON
SP001187,SP003844,5,NEM,YVJ,BMH
SP001187,SP003846,5,NEM,YVJ,BMH
SP001187,SP003849,5,NEM,YVJ,BMH
SP001187,SP003851,5,NEM,YVJ,SOU
SP001187,SP003871,4,NEM,YVJ,SAL
SP001187,SP003917,4,NEM,YVJ,BMH
SP001187,SP003939,3,NEM,YVJ,PTR
SP001187,SP004198,5,NEM,YVJ,POO
SP001188,SP002576,3,SAL,YVJ,WOF
SP001190,SP001194,5,NEM,WEY,EXD
SP001190,SP001197,5,NEM,WEY,EXD
SP001190,SP001198,5,NEM,WEY,EXD
SP001190,SP001206,5,NEM,WEY,EXD
SP001190,SP001217,15,NEM,WEY,WEY
SP001190,SP001227,20,NEM,WEY,WEY
SP001190,SP001233,7,NEM,WEY,WEY
SP001190,SP001281,3,NEM,WEY,SOU
SP001190,SP001382,4,NEM,WEY,WEY
SP001190,SP001389,3,NEM,WEY,PMH
SP001190,SP001673,3,NEM,WEY,BSK
SP001190,SP001742,3,NEM,WEY,PMS
SP001190,SP001744,3,NEM,WEY,HSL
SP001190,SP001849,3,NEM,WEY,SOU
SP001190,SP001850,3,NEM,WEY,FRM
SP001190,SP003109,5,NEM,WEY,YVJ
SP001190,SP003123,3,NEM,WEY,PMH
SP001190,SP003518,3,NEM,WEY,AON
SP001190,SP003844,15,NEM,WEY,BMH
SP001190,SP003846,14,NEM,WEY,BMH
SP001190,SP003849,16,NEM,WEY,BMH
SP001190,SP003851,7,NEM,WEY,SOU
SP001190,SP003871,4,NEM,WEY,SAL
SP001190,SP003917,4,NEM,WEY,BMH
SP001190,SP003939,3,NEM,WEY,PTR
SP001190,SP004198,19,NEM,WEY,POO
SP001191,SP003220,5,CRE,MAN,MAN
SP001193,SP003949,7,FOK,RDC,RDC
SP001194,SP001197,6,NEM,EXD,EXD
SP001194,SP001198,6,NEM,EXD,EXD
SP001194,SP001206,19,NEM,EXD,EXD
SP001194,SP001217,5,NEM,EXD,WEY
SP001194,SP001227,5,NEM,EXD,WEY
SP001194,SP001233,5,NEM,EXD,WEY
SP001194,SP001281,3,NEM,EXD,SOU
SP001194,SP001382,4,NEM,EXD,WEY
SP001194,SP001389,3,NEM,EXD,PMH
SP001194,SP001673,3,NEM,EXD,BSK
SP001194,SP001742,3,NEM,EXD,PMS
SP001194,SP001744,3,NEM,EXD,HSL
SP001194,SP001849,3,NEM,EXD,SOU
SP001194,SP001850,3,NEM,EXD,FRM
SP001194,SP003109,15,NEM,EXD,YVJ
SP001194,SP003123,3,NEM,EXD,PMH
SP001194,SP003518,3,NEM,EXD,AON
SP001194,SP003844,5,NEM,EXD,BMH
SP001194,SP003846,5,NEM,EXD,BMH
SP001194,SP003849,5,NEM,EXD,BMH
SP001194,SP003851,5,NEM,EXD,SOU
SP001194,SP003871,4,NEM,EXD,SAL
SP001194,SP003917,4,NEM,EXD,BMH
SP001194,SP003939,3,NEM,EXD,PTR
SP001194,SP004198,5,NEM,EXD,POO
SP001196,SP001562,7,NCL,KGX,BHM
SP001196,SP001657,7,NCL,KGX,RDG
SP001196,SP001659,7,NCL,KGX,RDG
SP001196,SP001667,6,NCL,KGX,PLY
SP001196,SP001683,7,NCL,KGX,RDG
SP001196,SP001878,7,NCL,KGX,RDG
SP001196,SP004589,26,NCL,KGX,KGX
SP001197,SP001198,18,NEM,EXD,EXD
SP001197,SP001206,6,NEM,EXD,EXD
SP001197,SP001217,5,NEM,EXD,WEY
SP001197,SP001227,5,NEM,EXD,WEY
SP001197,SP001233,5,NEM,EXD,WEY
SP001197,SP001281,3,NEM,EXD,SOU
SP001197,SP001382,4,NEM,EXD,WEY
SP001197,SP001389,3,NEM,EXD,PMH
SP001197,SP001673,3,NEM,EXD,BSK
SP001197,SP001742,3,NEM,EXD,PMS
SP001197,SP001744,3,NEM,EXD,HSL
SP001197,SP001849,3,NEM,EXD,SOU
SP001197,SP001850,3,NEM,EXD,FRM
SP001197,SP003109,6,NEM,EXD,YVJ
SP001197,SP003123,3,NEM,EXD,PMH
SP001197,SP003518,3,NEM,EXD,AON
SP001197,SP003844,5,NEM,EXD,BMH
SP001197,SP003846,5,NEM,EXD,BMH
SP001197,SP003849,5,NEM,EXD,BMH
SP001197,SP003851,5,NEM,EXD,SOU
SP001197,SP003871,4,NEM,EXD,SAL
SP001197,SP003917,4,NEM,EXD,BMH
SP001197,SP003939,3,NEM,EXD,PTR
SP001197,SP004198,5,NEM,EXD,POO
SP001198,SP001206,6,NEM,EXD,EXD
SP001198,SP001217,5,NEM,EXD,WEY
SP001198,SP001227,5,NEM,EXD,WEY
SP001198,SP001233,5,NEM,EXD,WEY
SP001198,SP001281,3,NEM,EXD,SOU
SP001198,SP001382,4,NEM,EXD,WEY
SP001198,SP001389,3,NEM,EXD,PMH
SP001198,SP001673,3,NEM,EXD,BSK
SP001198,SP001742,3,NEM,EXD,PMS
SP001198,SP001744,3,NEM,EXD,HSL
SP001198,SP001849,3,NEM,EXD,SOU
SP001198,SP001850,3,NEM,EXD,FRM
SP001198,SP003109,6,NEM,EXD,YVJ
SP001198,SP003123,3,NEM,EXD,PMH
SP001198,SP003518,3,NEM,EXD,AON
SP001198,SP003844,5,NEM,EXD,BMH
SP001198,SP003846,5,NEM,EXD,BMH
SP001198,SP003849,5,NEM,EXD,BMH
SP001198,SP003851,5,NEM,EXD,SOU
SP001198,SP003871,4,NEM,EXD,SAL
SP001198,SP003917,4,NEM,EXD,BMH
SP001198,SP003939,3,NEM,EXD,PTR
SP001198,SP004198,5,NEM,EXD,POO
SP001199,SP001354,3,LIV,CTR,NRW
SP001199,SP001360,3,LIV,CTR,NOT
SP001199,SP001362,3,LIV,CTR,NRW
SP001199,SP001365,3,LIV,CTR,NOT
SP001199,SP001366,3,LIV,CTR,NOT
SP001199,SP001592,4,LIV,CTR,EUS
SP001199,SP001792,4,LIV,CTR,EUS
SP001199,SP001875,3,LIV,CTR,CLE
SP001199,SP002081,4,LIV,CTR,BHM
SP001199,SP002673,3,LIV,CTR,NOT
SP001199,SP002819,7,LIV,CTR,LLD
SP001199,SP003089,3,LIV,CTR,WAC
SP001199,SP003111,4,LIV,CTR,EUS
SP001199,SP003115,3,LIV,CTR,NOT
SP001199,SP003496,3,LIV,CTR,SHF
SP001199,SP003657,3,LIV,CTR,NCL
SP001199,SP004026,4,LIV,CTR,CRE
SP001199,SP004143,3,LIV,CTR,NRW
SP001199,SP004261,3,LIV,CTR,DON
SP001199,SP004268,3,LIV,CTR,MIA
SP001199,SP004269,3,LIV,CTR,NRW
SP001200,SP001226,6,BTN,EBN,SEF
SP001200,SP001228,6,BTN,EBN,NVH
SP001200,SP001336,6,BTN,EBN,SEF
SP001200,SP001550,5,BTN,EBN,LWS
SP001200,SP002809,12,BTN,EBN,HGS
SP001200,SP003550,12,BTN,EBN,HGS
SP001200,SP004552,6,BTN,EBN,HGS
SP001201,SP001202,4,EXD,NEM,NEM
SP001201,SP003872,13,EXD,NEM,SAL
SP001201,SP004266,15,EXD,NEM,SAL
SP001202,SP003872,4,EXD,NEM,SAL
SP001202,SP004266,4,EXD,NEM,SAL
SP001203,SP003055,16,SUO,BDM,BDM
SP001204,SP002990,12,SCA,HUL,SHF
SP001204,SP004250,6,SCA,HUL,SHF
SP001205,SP001510,18,SUO,BDM,BDM
SP001205,SP001611,11,SUO,BDM,SAC
SP001205,SP001782,7,SUO,BDM,XSU
SP001205,SP003019,11,SUO,BDM,BDM
SP001205,SP004414,5,SUO,BDM,BAL
SP001206,SP001217,5,NEM,EXD,WEY
SP001206,SP001227,5,NEM,EXD,WEY
SP001206,SP001233,5,NEM,EXD,WEY
SP001206,SP001281,3,NEM,EXD,SOU
SP001206,SP001382,4,NEM,EXD,WEY
SP001206,SP001389,3,NEM,EXD,PMH
SP001206,SP001673,3,NEM,EXD,BSK
SP001206,SP001742,3,NEM,EXD,PMS
SP001206,SP001744,3,NEM,EXD,HSL
SP001206,SP001849,3,NEM,EXD,SOU
SP001206,SP001850,3,NEM,EXD,FRM
SP001206,SP003109,15,NEM,EXD,YVJ
SP001206,SP003123,3,NEM,EXD,PMH
SP001206,SP003518,3,NEM,EXD,AON
SP001206,SP003844,5,NEM,EXD,BMH
SP001206,SP003846,5,NEM,EXD,BMH
SP001206,SP003849,5,NEM,EXD,BMH
SP001206,SP003851,5,NEM,EXD,SOU
SP001206,SP003871,4,NEM,EXD,SAL
SP001206,SP003917,4,NEM,EXD,BMH
SP001206,SP003939,3,NEM,EXD,PTR
SP001206,SP004198,5,NEM,EXD,POO
SP001207,SP002956,7,CDF,RHY,RHY
SP001207,SP004061,14,CDF,RHY,BGD
SP001209,SP001352,5,NOT,GRA,NRW
SP001209,SP001763,4,NOT,GRA,SKG
SP001209,SP003161,4,NOT,GRA,PBO
SP001210,SP002539,5,LCN,NNG,NOT
SP001210,SP002600,4,LCN,NNG,CRE
SP001210,SP002605,4,LCN,NNG,CRE
SP001210,SP002631,4,LCN,NNG,MAT
SP001210,SP002672,4,LCN,NNG,MAT
SP001210,SP003043,5,LCN,NNG,NOT
SP001210,SP003045,4,LCN,NNG,NOT
SP001210,SP004038,4,LCN,NNG,STP
SP001212,SP002632,4,CLE,NNG,MAT
SP001212,SP002661,8,CLE,NNG,BAU
SP001212,SP002676,4,CLE,NNG,MAT
SP001212,SP002678,4,CLE,NNG,MAT
SP001212,SP003051,4,CLE,NNG,NOT
SP001212,SP004490,9,CLE,NNG,LIV
SP001213,SP001844,6,WEY,NEM,SOU
SP001213,SP001845,6,WEY,NEM,BMH
SP001213,SP002488,6,WEY,NEM,WOK
SP001213,SP003903,9,WEY,NEM,NEM
SP001213,SP004466,6,WEY,NEM,NEM
SP001216,SP001222,22,KID,SAV,WTE
SP001216,SP001428,13,KID,SAV,BSW
SP001217,SP001227,15,NEM,WEY,WEY
SP001217,SP001233,7,NEM,WEY,WEY
SP001217,SP001281,3,NEM,WEY,SOU
SP001217,SP001382,4,NEM,WEY,WEY
SP001217,SP001389,3,NEM,WEY,PMH
SP001217,SP001673,3,NEM,WEY,BSK
SP001217,SP001742,3,NEM,WEY,PMS
SP001217,SP001744,3,NEM,WEY,HSL
SP001217,SP001849,3,NEM,WEY,SOU
SP001217,SP001850,3,NEM,WEY,FRM
SP001217,SP003109,5,NEM,WEY,YVJ
SP001217,SP003123,3,NEM,WEY,PMH
SP001217,SP003518,3,NEM,WEY,AON
SP001217,SP003844,15,NEM,WEY,BMH
SP001217,SP003846,14,NEM,WEY,BMH
SP001217,SP003849,15,NEM,WEY,BMH
SP001217,SP003851,7,NEM,WEY,SOU
SP001217,SP003871,4,NEM,WEY,SAL
SP001217,SP003917,4,NEM,WEY,BMH
SP001217,SP003939,3,NEM,WEY,PTR
SP001217,SP004198,15,NEM,WEY,POO
SP001218,SP002536,8,YRK,HUL,BDT
SP001218,SP002543,4,YRK,HUL,BDT
SP001218,SP002546,5,YRK,HUL,HUL
SP001218,SP003559,8,YRK,HUL,BDT
SP001219,SP001653,3,PMH,NEM,CDF
SP001219,SP001730,3,PMH,NEM,HRH
SP001219,SP001796,3,PMH,NEM,WIN
SP001219,SP001798,3,PMH,NEM,ESL
SP001219,SP001858,3,PMH,NEM,BTN
SP001219,SP001867,3,PMH,NEM,NEM
SP001219,SP001882,3,PMH,NEM,NEM
SP001219,SP002245,3,PMH,NEM,CDF
SP001219,SP002967,4,PMH,NEM,BOG
SP001219,SP002968,3,PMH,NEM,HRH
SP001219,SP003035,3,PMH,NEM,NEM
SP001219,SP003038,8,PMH,NEM,NEM
SP001219,SP003439,3,PMH,NEM,GLD
SP001219,SP003455,3,PMH,NEM,CDF
SP001219,SP003498,3,PMH,NEM,WSB
SP001219,SP003509,5,PMH,NEM,NEM
SP001219,SP003511,3,PMH,NEM,NEM
SP001219,SP003545,3,PMH,NEM,NEM
SP001219,SP003547,3,PMH,NEM,GTW
SP001219,SP004502,3,PMH,NEM,BRI
SP001221,SP004272,3,MAN,SHF,NOT
SP001222,SP001428,13,KID,WTE,BSW
SP001224,SP001248,23,KID,WTE,SAV
SP001224,SP002977,4,KID,WTE,SAV
SP001226,SP001228,6,BTN,SEF,NVH
SP001226,SP001336,6,BTN,SEF,SEF
SP001226,SP001550,5,BTN,SEF,LWS
SP001226,SP002809,6,BTN,SEF,HGS
SP001226,SP003550,6,BTN,SEF,HGS
SP001226,SP004552,6,BTN,SEF,HGS
SP001227,SP001233,7,NEM,WEY,WEY
SP001227,SP001281,3,NEM,WEY,SOU
SP001227,SP001382,4,NEM,WEY,WEY
SP001227,SP001389,3,NEM,WEY,PMH
SP001227,SP001673,3,NEM,WEY,BSK
SP001227,SP001742,3,NEM,WEY,PMS
SP001227,SP001744,3,NEM,WEY,HSL
SP001227,SP001849,3,NEM,WEY,SOU
SP001227,SP001850,3,NEM,WEY,FRM
SP001227,SP003109,5,NEM,WEY,YVJ
SP001227,SP003123,3,NEM,WEY,PMH
SP001227,SP003518,3,NEM,WEY,AON
SP001227,SP003844,15,NEM,WEY,BMH
SP001227,SP003846,14,NEM,WEY,BMH
SP001227,SP003849,16,NEM,WEY,BMH
SP001227,SP003851,7,NEM,WEY,SOU
SP001227,SP003871,4,NEM,WEY,SAL
SP001227,SP003917,4,NEM,WEY,BMH
SP001227,SP003939,3,NEM,WEY,PTR
SP001227,SP004198,19,NEM,WEY,POO
SP001228,SP001336,8,BTN,NVH,SEF
SP001228,SP001550,5,BTN,NVH,LWS
SP001228,SP002809,6,BTN,NVH,HGS
SP001228,SP003550,6,BTN,NVH,HGS
SP001228,SP004552,6,BTN,NVH,HGS
SP001229,SP001246,8,EBB,MST,NWP
SP001229,SP001371,9,EBB,MST,CDF
SP001229,SP001957,8,EBB,MST,CDF
SP001232,SP001458,15,WOF,SAV,DDG
SP001232,SP001483,18,WOF,SAV,SAV
SP001232,SP002610,7,WOF,SAV,SAV
SP001233,SP001281,3,NEM,WEY,SOU
SP001233,SP001382,4,NEM,WEY,WEY
SP001233,SP001389,3,NEM,WEY,PMH
SP001233,SP001673,3,NEM,WEY,BSK
SP001233,SP001742,3,NEM,WEY,PMS
SP001233,SP001744,3,NEM,WEY,HSL
SP001233,SP001849,3,NEM,WEY,SOU
SP001233,SP001850,3,NEM,WEY,FRM
SP001233,SP003109,5,NEM,WEY,YVJ
SP001233,SP003123,3,NEM,WEY,PMH
SP001233,SP003518,3,NEM,WEY,AON
SP001233,SP003844,7,NEM,WEY,BMH
SP001233,SP003846,7,NEM,WEY,BMH
SP001233,SP003849,7,NEM,WEY,BMH
SP001233,SP003851,13,NEM,WEY,SOU
SP001233,SP003871,4,NEM,WEY,SAL
SP001233,SP003917,4,NEM,WEY,BMH
SP001233,SP003939,3,NEM,WEY,PTR
SP001233,SP004198,7,NEM,WEY,POO
SP001236,SP002374,4,PLY,GSL,PNZ
SP001236,SP003813,4,PLY,GSL,LSK
SP001237,SP001427,5,SOU,BSK,NCL
SP001237,SP001505,5,SOU,BSK,MAN
SP001237,SP001530,5,SOU,BSK,MAN
SP001237,SP004136,4,SOU,BSK,BTN
SP001237,SP004137,4,SOU,BSK,LIT
SP001238,SP001696,3,MAN,RSH,HDF
SP001238,SP001859,3,MAN,RSH,RSH
SP001238,SP003663,3,MAN,RSH,GLO
SP001239,SP001241,6,BAL,LIT,LIT
SP001239,SP001255,15,BAL,LIT,LIT
SP001239,SP001291,13,BAL,LIT,BTN
SP001239,SP001295,11,BAL,LIT,BTN
SP001239,SP001830,3,BAL,LIT,BTN
SP001239,SP002276,9,BAL,LIT,HGS
SP001239,SP002965,8,BAL,LIT,PMH
SP001239,SP002980,8,BAL,LIT,PMS
SP001239,SP002983,8,BAL,LIT,PMH
SP001239,SP002986,8,BAL,LIT,PMS
SP001239,SP002991,9,BAL,LIT,ORE
SP001239,SP002992,9,BAL,LIT,ORE
SP001239,SP002995,9,BAL,LIT,ORE
SP001239,SP003006,9,BAL,LIT,ORE
SP001239,SP003014,9,BAL,LIT,HGS
SP001239,SP003026,17,BAL,LIT,LIT
SP001239,SP003130,11,BAL,LIT,WRH
SP001239,SP003179,5,BAL,LIT,TBD
SP001239,SP003294,8,BAL,LIT,HRH
SP001239,SP003298,8,BAL,LIT,CCH
SP001239,SP003454,3,BAL,LIT,ORE
SP001239,SP003675,11,BAL,LIT,WRH
SP001239,SP003677,9,BAL,LIT,WRH
SP001239,SP003756,5,BAL,LIT,BTN
SP001239,SP004020,7,BAL,LIT,GTW
SP001239,SP004086,6,BAL,LIT,WRH
SP001240,SP001247,10,SOU,NEM,NEM
SP001240,SP003918,10,SOU,NEM,NEM
SP001241,SP001255,6,BAL,LIT,LIT
SP001241,SP001291,6,BAL,LIT,BTN
SP001241,SP001295,6,BAL,LIT,BTN
SP001241,SP001830,3,BAL,LIT,BTN
SP001241,SP002276,6,BAL,LIT,HGS
SP001241,SP002965,6,BAL,LIT,PMH
SP001241,SP002980,6,BAL,LIT,PMS
SP001241,SP002983,6,BAL,LIT,PMH
SP001241,SP002986,6,BAL,LIT,PMS
SP001241,SP002991,6,BAL,LIT,ORE
SP001241,SP002992,6,BAL,LIT,ORE
SP001241,SP002995,6,BAL,LIT,ORE
SP001241,SP003006,6,BAL,LIT,ORE
SP001241,SP003014,6,BAL,LIT,HGS
SP001241,SP003026,6,BAL,LIT,LIT
SP001241,SP003130,6,BAL,LIT,WRH
SP001241,SP003179,5,BAL,LIT,TBD
SP001241,SP003294,6,BAL,LIT,HRH
SP001241,SP003298,6,BAL,LIT,CCH
SP001241,SP003454,3,BAL,LIT,ORE
SP001241,SP003675,6,BAL,LIT,WRH
SP001241,SP003677,6,BAL,LIT,WRH
SP001241,SP003756,5,BAL,LIT,BTN
SP001241,SP004020,6,BAL,LIT,GTW
SP001241,SP004086,6,BAL,LIT,WRH
SP001242,SP001244,7,WIN,BMH,SOU
SP001242,SP001286,5,WIN,BMH,SOU
SP001242,SP001299,5,WIN,BMH,BMH
SP001244,SP001286,5,WIN,SOU,SOU
SP001244,SP001299,5,WIN,SOU,BMH
SP001245,SP001297,4,SOU,BMH,POO
SP001245,SP001395,3,SOU,BMH,BMH
SP001245,SP001835,11,SOU,BMH,WEY
SP001246,SP001371,8,EBB,NWP,CDF
SP001246,SP001957,9,EBB,NWP,CDF
SP001247,SP003918,16,SOU,NEM,NEM
SP001248,SP002977,4,KID,SAV,SAV
SP001249,SP001260,13,BMH,WIN,WIN
SP001249,SP001263,7,BMH,WIN,WIN
SP001249,SP002944,7,BMH,WIN,NEM
SP001251,SP003227,4,NRW,LST,IPS
SP001254,SP003977,6,NRW,LWT,GYM
SP001255,SP001291,13,BAL,LIT,BTN
SP001255,SP001295,11,BAL,LIT,BTN
SP001255,SP001830,3,BAL,LIT,BTN
SP001255,SP002276,9,BAL,LIT,HGS
SP001255,SP002965,8,BAL,LIT,PMH
SP001255,SP002980,8,BAL,LIT,PMS
SP001255,SP002983,8,BAL,LIT,PMH
SP001255,SP002986,8,BAL,LIT,PMS
SP001255,SP002991,9,BAL,LIT,ORE
SP001255,SP002992,9,BAL,LIT,ORE
SP001255,SP002995,9,BAL,LIT,ORE
SP001255,SP003006,9,BAL,LIT,ORE
SP001255,SP003014,9,BAL,LIT,HGS
SP001255,SP003026,15,BAL,LIT,LIT
SP001255,SP003130,11,BAL,LIT,WRH
SP001255,SP003179,5,BAL,LIT,TBD
SP001255,SP003294,8,BAL,LIT,HRH
SP001255,SP003298,8,BAL,LIT,CCH
SP001255,SP003454,3,BAL,LIT,ORE
SP001255,SP003675,11,BAL,LIT,WRH
SP001255,SP003677,9,BAL,LIT,WRH
SP001255,SP003756,5,BAL,LIT,BTN
SP001255,SP004020,7,BAL,LIT,GTW
SP001255,SP004086,6,BAL,LIT,WRH
SP001256,SP001473,5,BSW,WTE,SAV
SP001257,SP002680,4,HOT,TWY,RDG
SP001258,SP001874,11,MAN,NMC,CLY
SP001258,SP002964,9,MAN,NMC,SHF
SP001259,SP001261,10,BIS,SRA,SRA
SP001259,SP001279,7,BIS,SRA,SRA
SP001259,SP001285,7,BIS,SRA,SRA
SP001259,SP004437,4,BIS,SRA,SRA
SP001260,SP001263,7,BMH,WIN,WIN
SP001260,SP002944,7,BMH,WIN,NEM
SP001261,SP001279,7,BIS,SRA,SRA
SP001261,SP001285,7,BIS,SRA,SRA
SP001261,SP004437,4,BIS,SRA,SRA
SP001262,SP002674,3,NOT,NRW,NRW
SP001263,SP002944,15,BMH,WIN,NEM
SP001268,SP003578,14,MFH,CDF,CDF
SP001268,SP003620,14,MFH,CDF,CDF
SP001268,SP003623,7,MFH,CDF,CMN
SP001268,SP003709,20,MFH,CDF,MAN
SP001268,SP003713,20,MFH,CDF,MAN
SP001268,SP003883,14,MFH,CDF,CDF
SP001268,SP003963,16,MFH,CDF,CDF
SP001269,SP001356,8,QRB,RDZ,RDZ
SP001269,SP001367,8,QRB,RDZ,WKM
SP001269,SP003184,8,QRB,RDZ,RDZ
SP001270,SP001271,9,RDZ,QRB,QRB
SP001270,SP001309,9,RDZ,QRB,QRB
SP001270,SP001370,9,RDZ,QRB,SNS
SP001271,SP001309,17,RDZ,QRB,QRB
SP001271,SP001370,12,RDZ,QRB,SNS
SP001272,SP001493,5,GLD,EAD,EAD
SP001272,SP003534,5,GLD,EAD,RAY
SP001272,SP004601,14,GLD,EAD,RAY
SP001272,SP004603,5,GLD,EAD,EAD
SP001273,SP001409,5,WOK,NEM,EAD
SP001273,SP001512,5,WOK,NEM,NEM
SP001273,SP004045,3,WOK,NEM,QRB
SP001274,SP001478,11,GLD,QRB,EAD
SP001274,SP003118,10,GLD,QRB,EAD
SP001275,SP001513,3,EAD,QRB,GLD
SP001275,SP001519,3,EAD,QRB,GLD
SP001275,SP001560,7,EAD,QRB,SHP
SP001275,SP001589,3,EAD,QRB,HMC
SP001275,SP001954,9,EAD,QRB,TWI
SP001275,SP003262,8,EAD,QRB,STW
SP001275,SP003478,3,EAD,QRB,BMH
SP001275,SP003729,3,EAD,QRB,WOK
SP001276,SP001374,3,EAD,CSS,GLD
SP001276,SP001376,3,EAD,CSS,GLD
SP001277,SP001278,17,QRB,EAD,QRB
SP001277,SP001280,9,QRB,EAD,QRB
SP001277,SP001282,4,QRB,EAD,ASN
SP001277,SP001289,4,QRB,EAD,QRB
SP001277,SP001387,10,QRB,EAD,SHP
SP001277,SP001741,13,QRB,EAD,KNG
SP001277,SP001761,9,QRB,EAD,HOU
SP001277,SP001829,4,QRB,EAD,TWI
SP001277,SP001831,4,QRB,EAD,HOU
SP001277,SP003306,10,QRB,EAD,STW
SP001277,SP003557,4,QRB,EAD,WOK
SP001278,SP001280,9,QRB,QRB,QRB
SP001278,SP001282,4,QRB,QRB,ASN
SP001278,SP001289,4,QRB,QRB,QRB
SP001278,SP001387,10,QRB,QRB,SHP
SP001278,SP001741,13,QRB,QRB,KNG
SP001278,SP001761,9,QRB,QRB,HOU
SP001278,SP001829,4,QRB,QRB,TWI
SP001278,SP001831,4,QRB,QRB,HOU
SP001278,SP003306,10,QRB,QRB,STW
SP001278,SP003557,4,QRB,QRB,WOK
SP001279,SP001285,8,BIS,SRA,SRA
SP001279,SP004437,4,BIS,SRA,SRA
SP001280,SP001282,4,QRB,QRB,ASN
SP001280,SP001289,4,QRB,QRB,QRB
SP001280,SP001387,9,QRB,QRB,SHP
SP001280,SP001741,9,QRB,QRB,KNG
SP001280,SP001761,11,QRB,QRB,HOU
SP001280,SP001829,4,QRB,QRB,TWI
SP001280,SP001831,4,QRB,QRB,HOU
SP001280,SP003306,9,QRB,QRB,STW
SP001280,SP003557,4,QRB,QRB,WOK
SP001281,SP001382,3,NEM,SOU,WEY
SP001281,SP001389,3,NEM,SOU,PMH
SP001281,SP001673,9,NEM,SOU,BSK
SP001281,SP001742,3,NEM,SOU,PMS
SP001281,SP001744,3,NEM,SOU,HSL
SP001281,SP001849,3,NEM,SOU,SOU
SP001281,SP001850,3,NEM,SOU,FRM
SP001281,SP003109,3,NEM,SOU,YVJ
SP001281,SP003123,3,NEM,SOU,PMH
SP001281,SP003518,4,NEM,SOU,AON
SP001281,SP003844,3,NEM,SOU,BMH
SP001281,SP003846,3,NEM,SOU,BMH
SP001281,SP003849,3,NEM,SOU,BMH
SP001281,SP003851,3,NEM,SOU,SOU
SP001281,SP003871,3,NEM,SOU,SAL
SP001281,SP003917,3,NEM,SOU,BMH
SP001281,SP003939,3,NEM,SOU,PTR
SP001281,SP004198,3,NEM,SOU,POO
SP001282,SP001289,11,QRB,ASN,QRB
SP001282,SP001387,4,QRB,ASN,SHP
SP001282,SP001741,4,QRB,ASN,KNG
SP001282,SP001761,4,QRB,ASN,HOU
SP001282,SP001829,11,QRB,ASN,TWI
SP001282,SP001831,11,QRB,ASN,HOU
SP001282,SP003306,4,QRB,ASN,STW
SP001282,SP003557,18,QRB,ASN,WOK
SP001283,SP001284,4,TRI,EUS,EUS
SP001283,SP001287,4,TRI,EUS,EUS
SP001283,SP002611,4,TRI,EUS,EUS
SP001284,SP001287,4,TRI,EUS,EUS
SP001284,SP002611,4,TRI,EUS,EUS
SP001285,SP004437,4,BIS,SRA,SRA
SP001286,SP001299,8,WIN,SOU,BMH
SP001287,SP002611,7,TRI,EUS,EUS
SP001288,SP001821,5,WNR,QRB,SNS
SP001289,SP001387,4,QRB,QRB,SHP
SP001289,SP001741,4,QRB,QRB,KNG
SP001289,SP001761,4,QRB,QRB,HOU
SP001289,SP001829,13,QRB,QRB,TWI
SP001289,SP001831,11,QRB,QRB,HOU
SP001289,SP003306,4,QRB,QRB,STW
SP001289,SP003557,11,QRB,QRB,WOK
SP001290,SP003693,9,CDF,MER,TRB
SP001291,SP001295,11,BAL,BTN,BTN
SP001291,SP001830,3,BAL,BTN,BTN
SP001291,SP002276,9,BAL,BTN,HGS
SP001291,SP002965,8,BAL,BTN,PMH
SP001291,SP002980,8,BAL,BTN,PMS
SP001291,SP002983,8,BAL,BTN,PMH
SP001291,SP002986,8,BAL,BTN,PMS
SP001291,SP002991,9,BAL,BTN,ORE
SP001291,SP002992,9,BAL,BTN,ORE
SP001291,SP002995,9,BAL,BTN,ORE
SP001291,SP003006,9,BAL,BTN,ORE
SP001291,SP003014,9,BAL,BTN,HGS
SP001291,SP003026,13,BAL,BTN,LIT
SP001291,SP003130,11,BAL,BTN,WRH
SP001291,SP003179,5,BAL,BTN,TBD
SP001291,SP003294,8,BAL,BTN,HRH
SP001291,SP003298,8,BAL,BTN,CCH
SP001291,SP003454,3,BAL,BTN,ORE
SP001291,SP003675,11,BAL,BTN,WRH
SP001291,SP003677,9,BAL,BTN,WRH
SP001291,SP003756,5,BAL,BTN,BTN
SP001291,SP004020,7,BAL,BTN,GTW
SP001291,SP004086,6,BAL,BTN,WRH
SP001292,SP001834,10,BCU,POO,WEY
SP001294,SP001836,4,POO,WIN,BMH
SP001294,SP002241,10,POO,WIN,BCU
SP001294,SP003842,19,POO,WIN,NEM
SP001294,SP003854,4,POO,WIN,NEM
SP001295,SP001830,3,BAL,BTN,BTN
SP001295,SP002276,9,BAL,BTN,HGS
SP001295,SP002965,8,BAL,BTN,PMH
SP001295,SP002980,8,BAL,BTN,PMS
SP001295,SP002983,8,BAL,BTN,PMH
SP001295,SP002986,8,BAL,BTN,PMS
SP001295,SP002991,9,BAL,BTN,ORE
SP001295,SP002992,9,BAL,BTN,ORE
SP001295,SP002995,9,BAL,BTN,ORE
SP001295,SP003006,9,BAL,BTN,ORE
SP001295,SP003014,9,BAL,BTN,HGS
SP001295,SP003026,11,BAL,BTN,LIT
SP001295,SP003130,13,BAL,BTN,WRH
SP001295,SP003179,5,BAL,BTN,TBD
SP001295,SP003294,8,BAL,BTN,HRH
SP001295,SP003298,8,BAL,BTN,CCH
SP001295,SP003454,3,BAL,BTN,ORE
SP001295,SP003675,12,BAL,BTN,WRH
SP001295,SP003677,9,BAL,BTN,WRH
SP001295,SP003756,5,BAL,BTN,BTN
SP001295,SP004020,7,BAL,BTN,GTW
SP001295,SP004086,6,BAL,BTN,WRH
SP001296,SP001434,3,NOT,STP,BHM
SP001296,SP001462,3,NOT,STP,BHM
SP001296,SP001601,3,NOT,STP,BMH
SP001296,SP001645,3,NOT,STP,GCR
SP001296,SP002628,3,NOT,STP,MAT
SP001296,SP003251,3,NOT,STP,CRE
SP001296,SP003381,3,NOT,STP,CDF
SP001296,SP003404,7,NOT,STP,LEI
SP001296,SP004260,13,NOT,STP,STP
SP001297,SP001395,3,SOU,POO,BMH
SP001297,SP001835,4,SOU,POO,WEY
SP001298,SP001595,7,LIT,HHE,BTN
SP001298,SP002578,12,LIT,HHE,XSU
SP001298,SP003029,7,LIT,HHE,BAL
SP001302,SP001749,9,SOU,BTN,WOK
SP001302,SP003098,7,SOU,BTN,BTN
SP001302,SP003293,7,SOU,BTN,HRH
SP001302,SP003682,7,SOU,BTN,BTN
SP001302,SP004200,7,SOU,BTN,BTN
SP001302,SP004202,18,SOU,BTN,BTN
SP001302,SP004208,7,SOU,BTN,BTN
SP001304,SP002158,12,BIF,CKL,CKL
SP001304,SP003015,6,BIF,CKL,MLM
SP001305,SP003674,4,MCV,BDI,BBN
SP001306,SP001314,3,NMP,BHM,CRE
SP001306,SP001781,9,NMP,BHM,BHM
SP001306,SP001868,3,NMP,BHM,CRE
SP001307,SP002155,14,CKL,BIF,LAN
SP001307,SP002164,14,CKL,BIF,LAN
SP001309,SP001370,12,RDZ,QRB,SNS
SP001310,SP001623,17,LUT,SUO,EPH
SP001310,SP001677,18,LUT,SUO,ORP
SP001310,SP002219,4,LUT,SUO,GTW
SP001310,SP002225,4,LUT,SUO,TBD
SP001310,SP003020,21,LUT,SUO,SUO
SP001310,SP004219,4,LUT,SUO,GTW
SP001312,SP001866,11,RYS,KGX,KGX
SP001313,SP001325,4,EUS,HHD,TRI
SP001313,SP001327,5,EUS,HHD,TRI
SP001313,SP001329,5,EUS,HHD,TRI
SP001313,SP001343,11,EUS,HHD,NMP
SP001313,SP001346,14,EUS,HHD,CRE
SP001313,SP001451,5,EUS,HHD,BLY
SP001313,SP001454,5,EUS,HHD,BLY
SP001313,SP001807,19,EUS,HHD,GLC
SP001313,SP002179,10,EUS,HHD,GLC
SP001313,SP002202,8,EUS,HHD,WSL
SP001313,SP002261,5,EUS,HHD,NMP
SP001313,SP002327,4,EUS,HHD,MKC
SP001313,SP002647,5,EUS,HHD,MKC
SP001313,SP002648,4,EUS,HHD,NMP
SP001313,SP002655,5,EUS,HHD,SAA
SP001313,SP002872,20,EUS,HHD,CTR
SP001313,SP003031,17,EUS,HHD,MAN
SP001313,SP003036,8,EUS,HHD,BHM
SP001313,SP003114,13,EUS,HHD,LIV
SP001313,SP003191,19,EUS,HHD,BPN
SP001313,SP003207,19,EUS,HHD,LIV
SP001313,SP003300,20,EUS,HHD,WRX
SP001313,SP003360,13,EUS,HHD,EDB
SP001313,SP003475,11,EUS,HHD,WVH
SP001313,SP003568,10,EUS,HHD,WVH
SP001313,SP003958,13,EUS,HHD,INV
SP001313,SP004012,11,EUS,HHD,GLC
SP001313,SP004017,15,EUS,HHD,PRE
SP001313,SP004025,19,EUS,HHD,PRE
SP001313,SP004034,13,EUS,HHD,CRE
SP001313,SP004036,10,EUS,HHD,GLC
SP001313,SP004111,10,EUS,HHD,GLC
SP001313,SP004121,4,EUS,HHD,NMP
SP001313,SP004127,4,EUS,HHD,NMP
SP001313,SP004131,5,EUS,HHD,BHM
SP001313,SP004188,15,EUS,HHD,CRE
SP001313,SP004207,13,EUS,HHD,CRE
SP001313,SP004232,10,EUS,HHD,INV
SP001313,SP004384,13,EUS,HHD,WVH
SP001313,SP004399,19,EUS,HHD,GLC
SP001313,SP004433,8,EUS,HHD,NMP
SP001313,SP004516,19,EUS,HHD,GLC
SP001313,SP004529,5,EUS,HHD,BHM
SP001314,SP001781,3,NMP,CRE,BHM
SP001314,SP001868,5,NMP,CRE,CRE
SP001318,SP003060,6,QPW,KNT,WMB
SP001318,SP003369,5,QPW,KNT,SBP
SP001321,SP001386,5,QRB,WNR,SHP
SP001321,SP001582,5,QRB,WNR,STW
SP001321,SP003288,9,QRB,WNR,SNS
SP001321,SP004306,3,QRB,WNR,EAD
SP001321,SP004314,3,QRB,WNR,ASN
SP001322,SP001324,3,LLE,PTA,SWA
SP001322,SP003745,9,LLE,PTA,CDF
SP001324,SP003745,3,LLE,SWA,CDF
SP001325,SP001327,4,EUS,TRI,TRI
SP001325,SP001329,4,EUS,TRI,TRI
SP001325,SP001343,4,EUS,TRI,NMP
SP001325,SP001346,4,EUS,TRI,CRE
SP001325,SP001451,4,EUS,TRI,BLY
SP001325,SP001454,4,EUS,TRI,BLY
SP001325,SP001807,4,EUS,TRI,GLC
SP001325,SP002179,4,EUS,TRI,GLC
SP001325,SP002202,4,EUS,TRI,WSL
SP001325,SP002261,4,EUS,TRI,NMP
SP001325,SP002327,6,EUS,TRI,MKC
SP001325,SP002647,4,EUS,TRI,MKC
SP001325,SP002648,6,EUS,TRI,NMP
SP001325,SP002655,4,EUS,TRI,SAA
SP001325,SP002872,4,EUS,TRI,CTR
SP001325,SP003031,4,EUS,TRI,MAN
SP001325,SP003036,4,EUS,TRI,BHM
SP001325,SP003114,4,EUS,TRI,LIV
SP001325,SP003191,4,EUS,TRI,BPN
SP001325,SP003207,4,EUS,TRI,LIV
SP001325,SP003300,4,EUS,TRI,WRX
SP001325,SP003360,4,EUS,TRI,EDB
SP001325,SP003475,4,EUS,TRI,WVH
SP001325,SP003568,4,EUS,TRI,WVH
SP001325,SP003958,4,EUS,TRI,INV
SP001325,SP004012,4,EUS,TRI,GLC
SP001325,SP004017,4,EUS,TRI,PRE
SP001325,SP004025,4,EUS,TRI,PRE
SP001325,SP004034,4,EUS,TRI,CRE
SP001325,SP004036,4,EUS,TRI,GLC
SP001325,SP004111,4,EUS,TRI,GLC
SP001325,SP004121,6,EUS,TRI,NMP
SP001325,SP004127,10,EUS,TRI,NMP
SP001325,SP004131,4,EUS,TRI,BHM
SP001325,SP004188,4,EUS,TRI,CRE
SP001325,SP004207,4,EUS,TRI,CRE
SP001325,SP004232,4,EUS,TRI,INV
SP001325,SP004384,4,EUS,TRI,WVH
SP001325,SP004399,4,EUS,TRI,GLC
SP001325,SP004433,4,EUS,TRI,NMP
SP001325,SP004516,4,EUS,TRI,GLC
SP001325,SP004529,4,EUS,TRI,BHM
SP001326,SP001909,5,CDF,BGN,MST
SP001326,SP003203,5,CDF,BGN,CMN
SP001326,SP003748,5,CDF,BGN,SWA
SP001327,SP001329,5,EUS,TRI,TRI
SP001327,SP001343,5,EUS,TRI,NMP
SP001327,SP001346,5,EUS,TRI,CRE
SP001327,SP001451,5,EUS,TRI,BLY
SP001327,SP001454,10,EUS,TRI,BLY
SP001327,SP001807,5,EUS,TRI,GLC
SP001327,SP002179,5,EUS,TRI,GLC
SP001327,SP002202,5,EUS,TRI,WSL
SP001327,SP002261,5,EUS,TRI,NMP
SP001327,SP002327,4,EUS,TRI,MKC
SP001327,SP002647,5,EUS,TRI,MKC
SP001327,SP002648,4,EUS,TRI,NMP
SP001327,SP002655,5,EUS,TRI,SAA
SP001327,SP002872,5,EUS,TRI,CTR
SP001327,SP003031,5,EUS,TRI,MAN
SP001327,SP003036,5,EUS,TRI,BHM
SP001327,SP003114,5,EUS,TRI,LIV
SP001327,SP003191,5,EUS,TRI,BPN
SP001327,SP003207,5,EUS,TRI,LIV
SP001327,SP003300,5,EUS,TRI,WRX
SP001327,SP003360,5,EUS,TRI,EDB
SP001327,SP003475,5,EUS,TRI,WVH
SP001327,SP003568,5,EUS,TRI,WVH
SP001327,SP003958,5,EUS,TRI,INV
SP001327,SP004012,5,EUS,TRI,GLC
SP001327,SP004017,5,EUS,TRI,PRE
SP001327,SP004025,5,EUS,TRI,PRE
SP001327,SP004034,5,EUS,TRI,CRE
SP001327,SP004036,5,EUS,TRI,GLC
SP001327,SP004111,5,EUS,TRI,GLC
SP001327,SP004121,4,EUS,TRI,NMP
SP001327,SP004127,4,EUS,TRI,NMP
SP001327,SP004131,5,EUS,TRI,BHM
SP001327,SP004188,5,EUS,TRI,CRE
SP001327,SP004207,5,EUS,TRI,CRE
SP001327,SP004232,5,EUS,TRI,INV
SP001327,SP004384,5,EUS,TRI,WVH
SP001327,SP004399,5,EUS,TRI,GLC
SP001327,SP004433,5,EUS,TRI,NMP
SP001327,SP004516,5,EUS,TRI,GLC
SP001327,SP004529,5,EUS,TRI,BHM
SP001328,SP001873,13,NOT,LIV,LIV
SP001328,SP003817,4,NOT,LIV,LIV
SP001329,SP001343,5,EUS,TRI,NMP
SP001329,SP001346,5,EUS,TRI,CRE
SP001329,SP001451,5,EUS,TRI,BLY
SP001329,SP001454,5,EUS,TRI,BLY
SP001329,SP001807,5,EUS,TRI,GLC
SP001329,SP002179,5,EUS,TRI,GLC
SP001329,SP002202,5,EUS,TRI,WSL
SP001329,SP002261,10,EUS,TRI,NMP
SP001329,SP002327,4,EUS,TRI,MKC
SP001329,SP002647,6,EUS,TRI,MKC
SP001329,SP002648,4,EUS,TRI,NMP
SP001329,SP002655,5,EUS,TRI,SAA
SP001329,SP002872,5,EUS,TRI,CTR
SP001329,SP003031,5,EUS,TRI,MAN
SP001329,SP003036,5,EUS,TRI,BHM
SP001329,SP003114,5,EUS,TRI,LIV
SP001329,SP003191,5,EUS,TRI,BPN
SP001329,SP003207,5,EUS,TRI,LIV
SP001329,SP003300,5,EUS,TRI,WRX
SP001329,SP003360,5,EUS,TRI,EDB
SP001329,SP003475,5,EUS,TRI,WVH
SP001329,SP003568,5,EUS,TRI,WVH
SP001329,SP003958,5,EUS,TRI,INV
SP001329,SP004012,5,EUS,TRI,GLC
SP001329,SP004017,5,EUS,TRI,PRE
SP001329,SP004025,5,EUS,TRI,PRE
SP001329,SP004034,5,EUS,TRI,CRE
SP001329,SP004036,5,EUS,TRI,GLC
SP001329,SP004111,5,EUS,TRI,GLC
SP001329,SP004121,4,EUS,TRI,NMP
SP001329,SP004127,4,EUS,TRI,NMP
SP001329,SP004131,6,EUS,TRI,BHM
SP001329,SP004188,5,EUS,TRI,CRE
SP001329,SP004207,5,EUS,TRI,CRE
SP001329,SP004232,5,EUS,TRI,INV
SP001329,SP004384,5,EUS,TRI,WVH
SP001329,SP004399,5,EUS,TRI,GLC
SP001329,SP004433,5,EUS,TRI,NMP
SP001329,SP004516,5,EUS,TRI,GLC
SP001329,SP004529,6,EUS,TRI,BHM
SP001331,SP001965,5,ILK,LDS,BDQ
SP001332,SP001402,11,LST,NRW,CET
SP001332,SP001404,8,LST,NRW,BTR
SP001332,SP001410,8,LST,NRW,SOV
SP001332,SP001416,8,LST,NRW,CLT
SP001332,SP001433,10,LST,NRW,IPS
SP001332,SP001450,6,LST,NRW,SOV
SP001332,SP001702,5,LST,NRW,SOV
SP001332,SP002337,5,LST,NRW,SNF
SP001332,SP002388,10,LST,NRW,CET
SP001332,SP002507,5,LST,NRW,COL
SP001332,SP002519,6,LST,NRW,CLT
SP001332,SP002684,5,LST,NRW,SOV
SP001332,SP003126,5,LST,NRW,COL
SP001332,SP003202,4,LST,NRW,COL
SP001332,SP003205,6,LST,NRW,CLT
SP001332,SP003297,4,LST,NRW,SOV
SP001332,SP003598,5,LST,NRW,GDP
SP001332,SP003738,11,LST,NRW,HWC
SP001332,SP003741,10,LST,NRW,HPQ
SP001332,SP003743,11,LST,NRW,HPQ
SP001332,SP003905,8,LST,NRW,WTM
SP001332,SP003908,8,LST,NRW,WTM
SP001332,SP003910,10,LST,NRW,BTR
SP001332,SP003922,10,LST,NRW,COL
SP001332,SP003923,8,LST,NRW,COL
SP001332,SP003926,8,LST,NRW,COL
SP001332,SP003947,8,LST,NRW,SMN
SP001332,SP003948,5,LST,NRW,SOV
SP001332,SP003999,10,LST,NRW,CLT
SP001332,SP004024,13,LST,NRW,CLT
SP001332,SP004028,11,LST,NRW,CLT
SP001332,SP004029,10,LST,NRW,CLT
SP001332,SP004039,8,LST,NRW,CLT
SP001332,SP004049,8,LST,NRW,IPS
SP001332,SP004050,11,LST,NRW,IPS
SP001332,SP004053,15,LST,NRW,IPS
SP001332,SP004153,6,LST,NRW,WTM
SP001332,SP004622,4,LST,NRW,SOV
SP001333,SP002431,12,LWT,IPS,HPQ
SP001336,SP001550,5,BTN,SEF,LWS
SP001336,SP002809,6,BTN,SEF,HGS
SP001336,SP003550,6,BTN,SEF,HGS
SP001336,SP004552,6,BTN,SEF,HGS
SP001337,SP002638,3,RDG,GTW,RDH
SP001337,SP002639,3,RDG,GTW,RDH
SP001338,SP001811,8,PRE,CNE,BBN
SP001339,SP002145,14,BHM,HFD,GMV
SP001339,SP002146,10,BHM,HFD,HFD
SP001339,SP003933,4,BHM,HFD,BMV
SP001339,SP004016,4,BHM,HFD,RDC
SP001339,SP004090,11,BHM,HFD,WOF
SP001341,SP001934,5,COV,EUS,EUS
SP001343,SP001346,11,EUS,NMP,CRE
SP001343,SP001451,5,EUS,NMP,BLY
SP001343,SP001454,5,EUS,NMP,BLY
SP001343,SP001807,11,EUS,NMP,GLC
SP001343,SP002179,10,EUS,NMP,GLC
SP001343,SP002202,8,EUS,NMP,WSL
SP001343,SP002261,5,EUS,NMP,NMP
SP001343,SP002327,4,EUS,NMP,MKC
SP001343,SP002647,5,EUS,NMP,MKC
SP001343,SP002648,4,EUS,NMP,NMP
SP001343,SP002655,5,EUS,NMP,SAA
SP001343,SP002872,11,EUS,NMP,CTR
SP001343,SP003031,11,EUS,NMP,MAN
SP001343,SP003036,8,EUS,NMP,BHM
SP001343,SP003114,11,EUS,NMP,LIV
SP001343,SP003191,11,EUS,NMP,BPN
SP001343,SP003207,11,EUS,NMP,LIV
SP001343,SP003300,11,EUS,NMP,WRX
SP001343,SP003360,11,EUS,NMP,EDB
SP001343,SP003475,12,EUS,NMP,WVH
SP001343,SP003568,10,EUS,NMP,WVH
SP001343,SP003958,11,EUS,NMP,INV
SP001343,SP004012,12,EUS,NMP,GLC
SP001343,SP004017,11,EUS,NMP,PRE
SP001343,SP004025,11,EUS,NMP,PRE
SP001343,SP004034,11,EUS,NMP,CRE
SP001343,SP004036,10,EUS,NMP,GLC
SP001343,SP004111,10,EUS,NMP,GLC
SP001343,SP004121,4,EUS,NMP,NMP
SP001343,SP004127,4,EUS,NMP,NMP
SP001343,SP004131,5,EUS,NMP,BHM
SP001343,SP004188,11,EUS,NMP,CRE
SP001343,SP004207,11,EUS,NMP,CRE
SP001343,SP004232,10,EUS,NMP,INV
SP001343,SP004384,11,EUS,NMP,WVH
SP001343,SP004399,11,EUS,NMP,GLC
SP001343,SP004433,8,EUS,NMP,NMP
SP001343,SP004516,11,EUS,NMP,GLC
SP001343,SP004529,5,EUS,NMP,BHM
SP001344,SP001363,11,BGN,CDF,RHY
SP001345,SP001853,8,NMP,EUS,EUS
SP001345,SP002339,8,NMP,EUS,EUS
SP001346,SP001451,5,EUS,CRE,BLY
SP001346,SP001454,5,EUS,CRE,BLY
SP001346,SP001807,14,EUS,CRE,GLC
SP001346,SP002179,10,EUS,CRE,GLC
SP001346,SP002202,8,EUS,CRE,WSL
SP001346,SP002261,5,EUS,CRE,NMP
SP001346,SP002327,4,EUS,CRE,MKC
SP001346,SP002647,5,EUS,CRE,MKC
SP001346,SP002648,4,EUS,CRE,NMP
SP001346,SP002655,5,EUS,CRE,SAA
SP001346,SP002872,14,EUS,CRE,CTR
SP001346,SP003031,14,EUS,CRE,MAN
SP001346,SP003036,8,EUS,CRE,BHM
SP001346,SP003114,13,EUS,CRE,LIV
SP001346,SP003191,14,EUS,CRE,BPN
SP001346,SP003207,14,EUS,CRE,LIV
SP001346,SP003300,14,EUS,CRE,WRX
SP001346,SP003360,13,EUS,CRE,EDB
SP001346,SP003475,11,EUS,CRE,WVH
SP001346,SP003568,10,EUS,CRE,WVH
SP001346,SP003958,13,EUS,CRE,INV
SP001346,SP004012,11,EUS,CRE,GLC
SP001346,SP004017,14,EUS,CRE,PRE
SP001346,SP004025,14,EUS,CRE,PRE
SP001346,SP004034,13,EUS,CRE,CRE
SP001346,SP004036,10,EUS,CRE,GLC
SP001346,SP004111,10,EUS,CRE,GLC
SP001346,SP004121,4,EUS,CRE,NMP
SP001346,SP004127,4,EUS,CRE,NMP
SP001346,SP004131,5,EUS,CRE,BHM
SP001346,SP004188,14,EUS,CRE,CRE
SP001346,SP004207,13,EUS,CRE,CRE
SP001346,SP004232,10,EUS,CRE,INV
SP001346,SP004384,13,EUS,CRE,WVH
SP001346,SP004399,14,EUS,CRE,GLC
SP001346,SP004433,8,EUS,CRE,NMP
SP001346,SP004516,14,EUS,CRE,GLC
SP001346,SP004529,5,EUS,CRE,BHM
SP001347,SP001881,3,SHF,MIA,MIA
SP001348,SP002254,4,MKC,BHM,NMP
SP001350,SP001557,3,MIA,MAN,BPN
SP001350,SP001670,3,MIA,MAN,WDM
SP001350,SP002517,7,MIA,MAN,YRK
SP001350,SP003711,7,MIA,MAN,BPN
SP001350,SP004118,7,MIA,MAN,LIV
SP001350,SP004489,7,MIA,MAN,CLE
SP001350,SP004503,7,MIA,MAN,BIF
SP001350,SP004572,7,MIA,MAN,BPN
SP001350,SP004585,7,MIA,MAN,SCA
SP001351,SP001885,8,CRE,EUS,EUS
SP001351,SP003039,8,CRE,EUS,NMP
SP001351,SP003329,8,CRE,EUS,RUG
SP001352,SP001763,4,NOT,NRW,SKG
SP001352,SP003161,4,NOT,NRW,PBO
SP001353,SP002656,4,SHF,NRW,STP
SP001353,SP003212,4,SHF,NRW,STP
SP001353,SP004129,4,SHF,NRW,DBY
SP001354,SP001360,21,LIV,NRW,NOT
SP001354,SP001362,18,LIV,NRW,NRW
SP001354,SP001365,22,LIV,NRW,NOT
SP001354,SP001366,18,LIV,NRW,NOT
SP001354,SP001592,3,LIV,NRW,EUS
SP001354,SP001792,3,LIV,NRW,EUS
SP001354,SP001875,5,LIV,NRW,CLE
SP001354,SP002081,3,LIV,NRW,BHM
SP001354,SP002673,13,LIV,NRW,NOT
SP001354,SP002819,3,LIV,NRW,LLD
SP001354,SP003089,5,LIV,NRW,WAC
SP001354,SP003111,3,LIV,NRW,EUS
SP001354,SP003115,13,LIV,NRW,NOT
SP001354,SP003496,5,LIV,NRW,SHF
SP001354,SP003657,5,LIV,NRW,NCL
SP001354,SP004026,3,LIV,NRW,CRE
SP001354,SP004143,13,LIV,NRW,NRW
SP001354,SP004261,5,LIV,NRW,DON
SP001354,SP004268,5,LIV,NRW,MIA
SP001354,SP004269,21,LIV,NRW,NRW
SP001355,SP002729,6,DAR,MBR,SLB
SP001355,SP004361,6,DAR,MBR,SLB
SP001356,SP001367,13,QRB,RDZ,WKM
SP001356,SP003184,13,QRB,RDZ,RDZ
SP001357,SP001902,3,BDQ,LDS,SKI
SP001357,SP002316,3,BDQ,LDS,SHY
SP001357,SP002786,3,BDQ,LDS,LAN
SP001358,SP001889,10,WGC,KGX,KGX
SP001358,SP002055,10,WGC,KGX,MOG
SP001359,SP002713,4,LDS,BDQ,SKI
SP001360,SP001362,18,LIV,NOT,NRW
SP001360,SP001365,21,LIV,NOT,NOT
SP001360,SP001366,18,LIV,NOT,NOT
SP001360,SP001592,3,LIV,NOT,EUS
SP001360,SP001792,3,LIV,NOT,EUS
SP001360,SP001875,5,LIV,NOT,CLE
SP001360,SP002081,3,LIV,NOT,BHM
SP001360,SP002673,13,LIV,NOT,NOT
SP001360,SP002819,3,LIV,NOT,LLD
SP001360,SP003089,5,LIV,NOT,WAC
SP001360,SP003111,3,LIV,NOT,EUS
SP001360,SP003115,13,LIV,NOT,NOT
SP001360,SP003496,5,LIV,NOT,SHF
SP001360,SP003657,5,LIV,NOT,NCL
SP001360,SP004026,3,LIV,NOT,CRE
SP001360,SP004143,13,LIV,NOT,NRW
SP001360,SP004261,5,LIV,NOT,DON
SP001360,SP004268,5,LIV,NOT,MIA
SP001360,SP004269,23,LIV,NOT,NRW
SP001361,SP001390,13,SNF,LST,PDX
SP001361,SP003272,13,SNF,LST,HWV
SP001361,SP003284,13,SNF,LST,HWV
SP001362,SP001365,18,LIV,NRW,NOT
SP001362,SP001366,22,LIV,NRW,NOT
SP001362,SP001592,3,LIV,NRW,EUS
SP001362,SP001792,3,LIV,NRW,EUS
SP001362,SP001875,5,LIV,NRW,CLE
SP001362,SP002081,3,LIV,NRW,BHM
SP001362,SP002673,13,LIV,NRW,NOT
SP001362,SP002819,3,LIV,NRW,LLD
SP001362,SP003089,5,LIV,NRW,WAC
SP001362,SP003111,3,LIV,NRW,EUS
SP001362,SP003115,13,LIV,NRW,NOT
SP001362,SP003496,5,LIV,NRW,SHF
SP001362,SP003657,5,LIV,NRW,NCL
SP001362,SP004026,3,LIV,NRW,CRE
SP001362,SP004143,13,LIV,NRW,NRW
SP001362,SP004261,5,LIV,NRW,DON
SP001362,SP004268,5,LIV,NRW,MIA
SP001362,SP004269,18,LIV,NRW,NRW
SP001365,SP001366,18,LIV,NOT,NOT
SP001365,SP001592,3,LIV,NOT,EUS
SP001365,SP001792,3,LIV,NOT,EUS
SP001365,SP001875,5,LIV,NOT,CLE
SP001365,SP002081,3,LIV,NOT,BHM
SP001365,SP002673,13,LIV,NOT,NOT
SP001365,SP002819,3,LIV,NOT,LLD
SP001365,SP003089,5,LIV,NOT,WAC
SP001365,SP003111,3,LIV,NOT,EUS
SP001365,SP003115,13,LIV,NOT,NOT
SP001365,SP003496,5,LIV,NOT,SHF
SP001365,SP003657,5,LIV,NOT,NCL
SP001365,SP004026,3,LIV,NOT,CRE
SP001365,SP004143,13,LIV,NOT,NRW
SP001365,SP004261,5,LIV,NOT,DON
SP001365,SP004268,5,LIV,NOT,MIA
SP001365,SP004269,21,LIV,NOT,NRW
SP001366,SP001592,3,LIV,NOT,EUS
SP001366,SP001792,3,LIV,NOT,EUS
SP001366,SP001875,5,LIV,NOT,CLE
SP001366,SP002081,3,LIV,NOT,BHM
SP001366,SP002673,13,LIV,NOT,NOT
SP001366,SP002819,3,LIV,NOT,LLD
SP001366,SP003089,5,LIV,NOT,WAC
SP001366,SP003111,3,LIV,NOT,EUS
SP001366,SP003115,13,LIV,NOT,NOT
SP001366,SP003496,5,LIV,NOT,SHF
SP001366,SP003657,5,LIV,NOT,NCL
SP001366,SP004026,3,LIV,NOT,CRE
SP001366,SP004143,13,LIV,NOT,NRW
SP001366,SP004261,5,LIV,NOT,DON
SP001366,SP004268,5,LIV,NOT,MIA
SP001366,SP004269,18,LIV,NOT,NRW
SP001367,SP003184,13,QRB,WKM,RDZ
SP001371,SP001957,8,EBB,CDF,CDF
SP001372,SP001381,11,XVJ,GLM,DVP
SP001372,SP001904,11,XVJ,GLM,FKW
SP001372,SP001905,11,XVJ,GLM,CBW
SP001372,SP001906,4,XVJ,GLM,MDW
SP001372,SP002398,16,XVJ,GLM,FKW
SP001372,SP003570,3,XVJ,GLM,DFD
SP001373,SP001511,3,RDZ,ACT,GTW
SP001373,SP001514,3,RDZ,ACT,GTW
SP001373,SP002281,3,RDZ,ACT,GTW
SP001373,SP002282,3,RDZ,ACT,GTW
SP001373,SP002283,3,RDZ,ACT,GTW
SP001373,SP002291,3,RDZ,ACT,GTW
SP001373,SP002293,3,RDZ,ACT,GTW
SP001373,SP003413,3,RDZ,ACT,SFR
SP001373,SP004600,6,RDZ,ACT,SNS
SP001374,SP001376,11,EAD,GLD,GLD
SP001377,SP004362,3,CBW,XVJ,SPX
SP001378,SP003708,16,MTH,DMR,DMR
SP001379,SP001899,4,WBP,CHY,SFR
SP001381,SP001904,24,XVJ,DVP,FKW
SP001381,SP001905,14,XVJ,DVP,CBW
SP001381,SP001906,4,XVJ,DVP,MDW
SP001381,SP002398,11,XVJ,DVP,FKW
SP001381,SP003570,3,XVJ,DVP,DFD
SP001382,SP001389,3,NEM,WEY,PMH
SP001382,SP001673,3,NEM,WEY,BSK
SP001382,SP001742,3,NEM,WEY,PMS
SP001382,SP001744,3,NEM,WEY,HSL
SP001382,SP001849,3,NEM,WEY,SOU
SP001382,SP001850,3,NEM,WEY,FRM
SP001382,SP003109,4,NEM,WEY,YVJ
SP001382,SP003123,3,NEM,WEY,PMH
SP001382,SP003518,3,NEM,WEY,AON
SP001382,SP003844,4,NEM,WEY,BMH
SP001382,SP003846,4,NEM,WEY,BMH
SP001382,SP003849,4,NEM,WEY,BMH
SP001382,SP003851,4,NEM,WEY,SOU
SP001382,SP003871,6,NEM,WEY,SAL
SP001382,SP003917,5,NEM,WEY,BMH
SP001382,SP003939,3,NEM,WEY,PTR
SP001382,SP004198,4,NEM,WEY,POO
SP001384,SP002403,5,DVP,XVJ,XVJ
SP001384,SP003166,3,DVP,XVJ,CHX
SP001384,SP003187,3,DVP,XVJ,CHX
SP001384,SP003232,3,DVP,XVJ,AFK
SP001384,SP003255,3,DVP,XVJ,CST
SP001384,SP004401,3,DVP,XVJ,SPX
SP001385,SP002196,20,WVH,WSL,RGL
SP001385,SP002230,5,WVH,WSL,EUS
SP001385,SP003105,10,WVH,WSL,BHM
SP001385,SP003331,11,WVH,WSL,EUS
SP001386,SP001582,6,QRB,SHP,STW
SP001386,SP003288,5,QRB,SHP,SNS
SP001386,SP004306,3,QRB,SHP,EAD
SP001386,SP004314,3,QRB,SHP,ASN
SP001387,SP001741,10,QRB,SHP,KNG
SP001387,SP001761,9,QRB,SHP,HOU
SP001387,SP001829,4,QRB,SHP,TWI
SP001387,SP001831,4,QRB,SHP,HOU
SP001387,SP003306,10,QRB,SHP,STW
SP001387,SP003557,4,QRB,SHP,WOK
SP001388,SP001552,5,SHP,QRB,EAD
SP001388,SP001554,3,SHP,QRB,EAD
SP001388,SP001555,3,SHP,QRB,RAY
SP001388,SP001584,9,SHP,QRB,QRB
SP001389,SP001673,3,NEM,PMH,BSK
SP001389,SP001742,19,NEM,PMH,PMS
SP001389,SP001744,10,NEM,PMH,HSL
SP001389,SP001849,16,NEM,PMH,SOU
SP001389,SP001850,15,NEM,PMH,FRM
SP001389,SP003109,3,NEM,PMH,YVJ
SP001389,SP003123,3,NEM,PMH,PMH
SP001389,SP003518,3,NEM,PMH,AON
SP001389,SP003844,3,NEM,PMH,BMH
SP001389,SP003846,3,NEM,PMH,BMH
SP001389,SP003849,3,NEM,PMH,BMH
SP001389,SP003851,3,NEM,PMH,SOU
SP001389,SP003871,3,NEM,PMH,SAL
SP001389,SP003917,3,NEM,PMH,BMH
SP001389,SP003939,3,NEM,PMH,PTR
SP001389,SP004198,3,NEM,PMH,POO
SP001390,SP003272,19,SNF,PDX,HWV
SP001390,SP003284,19,SNF,PDX,HWV
SP001392,SP001675,12,NEM,PMH,BSK
SP001392,SP003528,17,NEM,PMH,SOU
SP001392,SP003544,14,NEM,PMH,PMH
SP001392,SP003928,5,NEM,PMH,BSK
SP001395,SP001835,3,SOU,BMH,WEY
SP001396,SP001397,5,BHM,NOT,NOT
SP001396,SP001398,12,BHM,NOT,NOT
SP001396,SP001399,9,BHM,NOT,NOT
SP001396,SP001468,4,BHM,NOT,LEI
SP001396,SP001470,4,BHM,NOT,LEI
SP001396,SP001477,4,BHM,NOT,SSD
SP001396,SP001485,4,BHM,NOT,SSD
SP001396,SP001508,4,BHM,NOT,CBG
SP001396,SP001520,4,BHM,NOT,CBG
SP001396,SP001735,9,BHM,NOT,NOT
SP001396,SP004096,5,BHM,NOT,NOT
SP001396,SP004104,4,BHM,NOT,LEI
SP001397,SP001398,5,BHM,NOT,NOT
SP001397,SP001399,5,BHM,NOT,NOT
SP001397,SP001468,4,BHM,NOT,LEI
SP001397,SP001470,4,BHM,NOT,LEI
SP001397,SP001477,4,BHM,NOT,SSD
SP001397,SP001485,4,BHM,NOT,SSD
SP001397,SP001508,4,BHM,NOT,CBG
SP001397,SP001520,4,BHM,NOT,CBG
SP001397,SP001735,5,BHM,NOT,NOT
SP001397,SP004096,8,BHM,NOT,NOT
SP001397,SP004104,4,BHM,NOT,LEI
SP001398,SP001399,9,BHM,NOT,NOT
SP001398,SP001468,4,BHM,NOT,LEI
SP001398,SP001470,4,BHM,NOT,LEI
SP001398,SP001477,4,BHM,NOT,SSD
SP001398,SP001485,4,BHM,NOT,SSD
SP001398,SP001508,4,BHM,NOT,CBG
SP001398,SP001520,4,BHM,NOT,CBG
SP001398,SP001735,9,BHM,NOT,NOT
SP001398,SP004096,5,BHM,NOT,NOT
SP001398,SP004104,4,BHM,NOT,LEI
SP001399,SP001468,4,BHM,NOT,LEI
SP001399,SP001470,4,BHM,NOT,LEI
SP001399,SP001477,4,BHM,NOT,SSD
SP001399,SP001485,4,BHM,NOT,SSD
SP001399,SP001508,4,BHM,NOT,CBG
SP001399,SP001520,4,BHM,NOT,CBG
SP001399,SP001735,11,BHM,NOT,NOT
SP001399,SP004096,5,BHM,NOT,NOT
SP001399,SP004104,4,BHM,NOT,LEI
SP001401,SP002552,4,BDT,YRK,YRK
SP001401,SP003088,7,BDT,YRK,HUL
SP001401,SP003551,9,BDT,YRK,YRK
SP001401,SP003553,11,BDT,YRK,YRK
SP001401,SP003555,4,BDT,YRK,YRK
SP001401,SP003565,10,BDT,YRK,YRK
SP001401,SP003567,4,BDT,YRK,YRK
SP001401,SP004368,7,BDT,YRK,YRK
SP001402,SP001404,8,LST,CET,BTR
SP001402,SP001410,8,LST,CET,SOV
SP001402,SP001416,8,LST,CET,CLT
SP001402,SP001433,10,LST,CET,IPS
SP001402,SP001450,6,LST,CET,SOV
SP001402,SP001702,5,LST,CET,SOV
SP001402,SP002337,5,LST,CET,SNF
SP001402,SP002388,10,LST,CET,CET
SP001402,SP002507,5,LST,CET,COL
SP001402,SP002519,6,LST,CET,CLT
SP001402,SP002684,5,LST,CET,SOV
SP001402,SP003126,5,LST,CET,COL
SP001402,SP003202,4,LST,CET,COL
SP001402,SP003205,6,LST,CET,CLT
SP001402,SP003297,4,LST,CET,SOV
SP001402,SP003598,5,LST,CET,GDP
SP001402,SP003738,14,LST,CET,HWC
SP001402,SP003741,10,LST,CET,HPQ
SP001402,SP003743,14,LST,CET,HPQ
SP001402,SP003905,8,LST,CET,WTM
SP001402,SP003908,8,LST,CET,WTM
SP001402,SP003910,10,LST,CET,BTR
SP001402,SP003922,10,LST,CET,COL
SP001402,SP003923,8,LST,CET,COL
SP001402,SP003926,8,LST,CET,COL
SP001402,SP003947,8,LST,CET,SMN
SP001402,SP003948,5,LST,CET,SOV
SP001402,SP003999,10,LST,CET,CLT
SP001402,SP004024,11,LST,CET,CLT
SP001402,SP004028,14,LST,CET,CLT
SP001402,SP004029,10,LST,CET,CLT
SP001402,SP004039,8,LST,CET,CLT
SP001402,SP004049,8,LST,CET,IPS
SP001402,SP004050,14,LST,CET,IPS
SP001402,SP004053,11,LST,CET,IPS
SP001402,SP004153,6,LST,CET,WTM
SP001402,SP004622,4,LST,CET,SOV
SP001403,SP001951,3,EDB,GLC,GLC
SP001403,SP001952,3,EDB,GLC,GLC
SP001403,SP001978,3,EDB,GLC,CRS
SP001403,SP002087,3,EDB,GLC,MTH
SP001403,SP002236,3,EDB,GLC,GLC
SP001403,SP002308,3,EDB,GLC,GLC
SP001403,SP002310,3,EDB,GLC,GLC
SP001403,SP002324,3,EDB,GLC,GLC
SP001403,SP003250,3,EDB,GLC,EUS
SP001403,SP003562,3,EDB,GLC,EUS
SP001403,SP003639,3,EDB,GLC,GLC
SP001403,SP003808,3,EDB,GLC,GLC
SP001403,SP003970,3,EDB,GLC,EUS
SP001403,SP004263,3,EDB,GLC,MIA
SP001403,SP004448,3,EDB,GLC,GLC
SP001403,SP004456,3,EDB,GLC,GLC
SP001404,SP001410,8,LST,BTR,SOV
SP001404,SP001416,12,LST,BTR,CLT
SP001404,SP001433,8,LST,BTR,IPS
SP001404,SP001450,6,LST,BTR,SOV
SP001404,SP001702,5,LST,BTR,SOV
SP001404,SP002337,5,LST,BTR,SNF
SP001404,SP002388,8,LST,BTR,CET
SP001404,SP002507,5,LST,BTR,COL
SP001404,SP002519,6,LST,BTR,CLT
SP001404,SP002684,5,LST,BTR,SOV
SP001404,SP003126,5,LST,BTR,COL
SP001404,SP003202,4,LST,BTR,COL
SP001404,SP003205,6,LST,BTR,CLT
SP001404,SP003297,4,LST,BTR,SOV
SP001404,SP003598,5,LST,BTR,GDP
SP001404,SP003738,8,LST,BTR,HWC
SP001404,SP003741,8,LST,BTR,HPQ
SP001404,SP003743,8,LST,BTR,HPQ
SP001404,SP003905,11,LST,BTR,WTM
SP001404,SP003908,12,LST,BTR,WTM
SP001404,SP003910,8,LST,BTR,BTR
SP001404,SP003922,8,LST,BTR,COL
SP001404,SP003923,12,LST,BTR,COL
SP001404,SP003926,11,LST,BTR,COL
SP001404,SP003947,8,LST,BTR,SMN
SP001404,SP003948,5,LST,BTR,SOV
SP001404,SP003999,8,LST,BTR,CLT
SP001404,SP004024,8,LST,BTR,CLT
SP001404,SP004028,8,LST,BTR,CLT
SP001404,SP004029,8,LST,BTR,CLT
SP001404,SP004039,12,LST,BTR,CLT
SP001404,SP004049,11,LST,BTR,IPS
SP001404,SP004050,8,LST,BTR,IPS
SP001404,SP004053,8,LST,BTR,IPS
SP001404,SP004153,6,LST,BTR,WTM
SP001404,SP004622,4,LST,BTR,SOV
SP001405,SP001413,27,RDG,YRK,NCL
SP001405,SP003374,16,RDG,YRK,MAN
SP001406,SP002391,5,CET,LST,LST
SP001406,SP002393,7,CET,LST,LST
SP001406,SP002399,5,CET,LST,LST
SP001408,SP003321,5,BTR,LST,WTM
SP001408,SP003880,5,BTR,LST,LST
SP001408,SP003888,5,BTR,LST,LST
SP001408,SP004156,7,BTR,LST,SNF
SP001409,SP001512,9,WOK,EAD,NEM
SP001409,SP004045,3,WOK,EAD,QRB
SP001410,SP001416,8,LST,SOV,CLT
SP001410,SP001433,8,LST,SOV,IPS
SP001410,SP001450,6,LST,SOV,SOV
SP001410,SP001702,5,LST,SOV,SOV
SP001410,SP002337,5,LST,SOV,SNF
SP001410,SP002388,8,LST,SOV,CET
SP001410,SP002507,5,LST,SOV,COL
SP001410,SP002519,6,LST,SOV,CLT
SP001410,SP002684,5,LST,SOV,SOV
SP001410,SP003126,5,LST,SOV,COL
SP001410,SP003202,4,LST,SOV,COL
SP001410,SP003205,6,LST,SOV,CLT
SP001410,SP003297,4,LST,SOV,SOV
SP001410,SP003598,5,LST,SOV,GDP
SP001410,SP003738,8,LST,SOV,HWC
SP001410,SP003741,8,LST,SOV,HPQ
SP001410,SP003743,8,LST,SOV,HPQ
SP001410,SP003905,8,LST,SOV,WTM
SP001410,SP003908,8,LST,SOV,WTM
SP001410,SP003910,8,LST,SOV,BTR
SP001410,SP003922,8,LST,SOV,COL
SP001410,SP003923,8,LST,SOV,COL
SP001410,SP003926,8,LST,SOV,COL
SP001410,SP003947,10,LST,SOV,SMN
SP001410,SP003948,5,LST,SOV,SOV
SP001410,SP003999,8,LST,SOV,CLT
SP001410,SP004024,8,LST,SOV,CLT
SP001410,SP004028,8,LST,SOV,CLT
SP001410,SP004029,8,LST,SOV,CLT
SP001410,SP004039,8,LST,SOV,CLT
SP001410,SP004049,8,LST,SOV,IPS
SP001410,SP004050,8,LST,SOV,IPS
SP001410,SP004053,8,LST,SOV,IPS
SP001410,SP004153,6,LST,SOV,WTM
SP001410,SP004622,4,LST,SOV,SOV
SP001412,SP002268,5,WSL,BHM,EUS
SP001413,SP003374,16,RDG,NCL,MAN
SP001415,SP004150,9,COL,LST,LST
SP001415,SP004561,11,COL,LST,LST
SP001416,SP001433,8,LST,CLT,IPS
SP001416,SP001450,6,LST,CLT,SOV
SP001416,SP001702,5,LST,CLT,SOV
SP001416,SP002337,5,LST,CLT,SNF
SP001416,SP002388,8,LST,CLT,CET
SP001416,SP002507,5,LST,CLT,COL
SP001416,SP002519,6,LST,CLT,CLT
SP001416,SP002684,5,LST,CLT,SOV
SP001416,SP003126,5,LST,CLT,COL
SP001416,SP003202,4,LST,CLT,COL
SP001416,SP003205,6,LST,CLT,CLT
SP001416,SP003297,4,LST,CLT,SOV
SP001416,SP003598,5,LST,CLT,GDP
SP001416,SP003738,8,LST,CLT,HWC
SP001416,SP003741,8,LST,CLT,HPQ
SP001416,SP003743,8,LST,CLT,HPQ
SP001416,SP003905,11,LST,CLT,WTM
SP001416,SP003908,12,LST,CLT,WTM
SP001416,SP003910,8,LST,CLT,BTR
SP001416,SP003922,8,LST,CLT,COL
SP001416,SP003923,12,LST,CLT,COL
SP001416,SP003926,11,LST,CLT,COL
SP001416,SP003947,8,LST,CLT,SMN
SP001416,SP003948,5,LST,CLT,SOV
SP001416,SP003999,8,LST,CLT,CLT
SP001416,SP004024,8,LST,CLT,CLT
SP001416,SP004028,8,LST,CLT,CLT
SP001416,SP004029,8,LST,CLT,CLT
SP001416,SP004039,16,LST,CLT,CLT
SP001416,SP004049,11,LST,CLT,IPS
SP001416,SP004050,8,LST,CLT,IPS
SP001416,SP004053,8,LST,CLT,IPS
SP001416,SP004153,6,LST,CLT,WTM
SP001416,SP004622,4,LST,CLT,SOV
SP001417,SP001423,31,PLY,NCL,LDS
SP001417,SP001543,28,PLY,NCL,BHM
SP001417,SP001568,25,PLY,NCL,BHM
SP001417,SP001621,24,PLY,NCL,EDB
SP001417,SP001622,11,PLY,NCL,EDB
SP001417,SP001624,52,PLY,NCL,EDB
SP001417,SP001626,17,PLY,NCL,ABD
SP001417,SP001627,52,PLY,NCL,GLC
SP001417,SP002263,16,PLY,NCL,GCR
SP001417,SP002264,10,PLY,NCL,PAD
SP001417,SP002265,10,PLY,NCL,PAD
SP001417,SP003365,10,PLY,NCL,PAD
SP001417,SP003366,10,PLY,NCL,PAD
SP001417,SP003368,10,PLY,NCL,PAD
SP001417,SP003372,10,PLY,NCL,PAD
SP001417,SP003616,43,PLY,NCL,LDS
SP001417,SP003651,10,PLY,NCL,PAD
SP001418,SP003920,15,SOU,PMS,PMH
SP001419,SP001837,3,PMS,SOU,NEM
SP001419,SP001856,3,PMS,SOU,NEM
SP001419,SP002129,3,PMS,SOU,LIT
SP001420,SP001424,9,BLY,EUS,EUS
SP001420,SP001426,8,BLY,EUS,EUS
SP001421,SP002210,4,BHM,CDF,WVH
SP001421,SP003348,4,BHM,CDF,HHD
SP001421,SP003956,4,BHM,CDF,SHR
SP001421,SP004022,4,BHM,CDF,LIV
SP001422,SP003005,8,CLT,LST,COL
SP001422,SP004001,9,CLT,LST,LST
SP001422,SP004366,9,CLT,LST,LST
SP001423,SP001543,28,PLY,LDS,BHM
SP001423,SP001568,25,PLY,LDS,BHM
SP001423,SP001621,24,PLY,LDS,EDB
SP001423,SP001622,11,PLY,LDS,EDB
SP001423,SP001624,31,PLY,LDS,EDB
SP001423,SP001626,17,PLY,LDS,ABD
SP001423,SP001627,31,PLY,LDS,GLC
SP001423,SP002263,16,PLY,LDS,GCR
SP001423,SP002264,10,PLY,LDS,PAD
SP001423,SP002265,10,PLY,LDS,PAD
SP001423,SP003365,10,PLY,LDS,PAD
SP001423,SP003366,10,PLY,LDS,PAD
SP001423,SP003368,10,PLY,LDS,PAD
SP001423,SP003372,10,PLY,LDS,PAD
SP001423,SP003616,31,PLY,LDS,LDS
SP001423,SP003651,10,PLY,LDS,PAD
SP001424,SP001426,8,BLY,EUS,EUS
SP001425,SP004003,6,CLT,LST,LST
SP001425,SP004334,6,CLT,LST,LST
SP001425,SP004336,12,CLT,LST,LST
SP001425,SP004607,6,CLT,LST,LST
SP001427,SP001505,17,SOU,NCL,MAN
SP001427,SP001530,17,SOU,NCL,MAN
SP001427,SP004136,4,SOU,NCL,BTN
SP001427,SP004137,4,SOU,NCL,LIT
SP001429,SP001671,9,EDB,NCL,PLY
SP001429,SP001674,9,EDB,NCL,CDF
SP001429,SP001676,9,EDB,NCL,PLY
SP001429,SP001680,9,EDB,NCL,BRI
SP001429,SP001876,9,EDB,NCL,PNZ
SP001429,SP001877,9,EDB,NCL,KGX
SP001429,SP002344,9,EDB,NCL,KGX
SP001429,SP002854,8,EDB,NCL,NCL
SP001429,SP002942,9,EDB,NCL,KGX
SP001429,SP002958,9,EDB,NCL,KGX
SP001429,SP003384,9,EDB,NCL,BRI
SP001429,SP003476,9,EDB,NCL,KGX
SP001429,SP004602,9,EDB,NCL,KGX
SP001430,SP003976,7,WTE,BSW,KID
SP001430,SP003978,10,WTE,BSW,KID
SP001430,SP003988,10,WTE,BSW,KID
SP001431,SP001463,12,NOT,BHM,BHM
SP001431,SP001635,7,NOT,BHM,CDF
SP001431,SP002095,7,NOT,BHM,CRE
SP001431,SP002243,7,NOT,BHM,DBY
SP001431,SP002465,4,NOT,BHM,STP
SP001431,SP002607,7,NOT,BHM,CRE
SP001433,SP001450,6,LST,IPS,SOV
SP001433,SP001702,5,LST,IPS,SOV
SP001433,SP002337,5,LST,IPS,SNF
SP001433,SP002388,15,LST,IPS,CET
SP001433,SP002507,5,LST,IPS,COL
SP001433,SP002519,6,LST,IPS,CLT
SP001433,SP002684,5,LST,IPS,SOV
SP001433,SP003126,5,LST,IPS,COL
SP001433,SP003202,4,LST,IPS,COL
SP001433,SP003205,6,LST,IPS,CLT
SP001433,SP003297,4,LST,IPS,SOV
SP001433,SP003598,5,LST,IPS,GDP
SP001433,SP003738,10,LST,IPS,HWC
SP001433,SP003741,16,LST,IPS,HPQ
SP001433,SP003743,10,LST,IPS,HPQ
SP001433,SP003905,8,LST,IPS,WTM
SP001433,SP003908,8,LST,IPS,WTM
SP001433,SP003910,12,LST,IPS,BTR
SP001433,SP003922,15,LST,IPS,COL
SP001433,SP003923,8,LST,IPS,COL
SP001433,SP003926,8,LST,IPS,COL
SP001433,SP003947,8,LST,IPS,SMN
SP001433,SP003948,5,LST,IPS,SOV
SP001433,SP003999,15,LST,IPS,CLT
SP001433,SP004024,10,LST,IPS,CLT
SP001433,SP004028,10,LST,IPS,CLT
SP001433,SP004029,12,LST,IPS,CLT
SP001433,SP004039,8,LST,IPS,CLT
SP001433,SP004049,8,LST,IPS,IPS
SP001433,SP004050,10,LST,IPS,IPS
SP001433,SP004053,10,LST,IPS,IPS
SP001433,SP004153,6,LST,IPS,WTM
SP001433,SP004622,4,LST,IPS,SOV
SP001434,SP001462,6,NOT,BHM,BHM
SP001434,SP001601,3,NOT,BHM,BMH
SP001434,SP001645,9,NOT,BHM,GCR
SP001434,SP002628,6,NOT,BHM,MAT
SP001434,SP003251,6,NOT,BHM,CRE
SP001434,SP003381,9,NOT,BHM,CDF
SP001434,SP003404,3,NOT,BHM,LEI
SP001434,SP004260,3,NOT,BHM,STP
SP001436,SP001439,4,NOT,BHM,BHM
SP001436,SP001444,8,NOT,BHM,BHM
SP001437,SP002226,3,SWA,LLE,PMD
SP001437,SP003370,3,SWA,LLE,MFH
SP001437,SP003444,3,SWA,LLE,CMN
SP001437,SP003780,3,SWA,LLE,CMN
SP001437,SP003784,3,SWA,LLE,FGH
SP001437,SP003828,3,SWA,LLE,SHR
SP001438,SP001441,4,IPS,LST,LST
SP001438,SP004046,8,IPS,LST,LST
SP001438,SP004048,5,IPS,LST,LST
SP001438,SP004060,4,IPS,LST,LST
SP001439,SP001444,4,NOT,BHM,BHM
SP001440,SP002004,9,DDG,BSW,WOS
SP001440,SP004100,7,DDG,BSW,WOF
SP001440,SP004108,7,DDG,BSW,WOF
SP001440,SP004113,9,DDG,BSW,WOF
SP001441,SP004046,4,IPS,LST,LST
SP001441,SP004048,4,IPS,LST,LST
SP001441,SP004060,6,IPS,LST,LST
SP001443,SP001446,3,SAV,BSW,BSW
SP001443,SP002052,3,SAV,BSW,WOF
SP001443,SP002758,3,SAV,BSW,KID
SP001443,SP003974,3,SAV,BSW,KID
SP001443,SP004162,3,SAV,BSW,MYB
SP001446,SP002052,3,SAV,BSW,WOF
SP001446,SP002758,3,SAV,BSW,KID
SP001446,SP003974,3,SAV,BSW,KID
SP001446,SP004162,3,SAV,BSW,MYB
SP001448,SP001461,8,WOF,BSW,DDG
SP001448,SP001466,6,WOF,BSW,DDG
SP001448,SP001476,8,WOF,BSW,SAV
SP001448,SP001480,8,WOF,BSW,SAV
SP001448,SP002759,8,WOF,BSW,LMS
SP001449,SP002110,4,TAU,SVB,PAD
SP001449,SP002329,13,TAU,SVB,CDF
SP001449,SP002710,4,TAU,SVB,CDF
SP001449,SP003402,9,TAU,SVB,PAD
SP001450,SP001702,5,LST,SOV,SOV
SP001450,SP002337,5,LST,SOV,SNF
SP001450,SP002388,6,LST,SOV,CET
SP001450,SP002507,5,LST,SOV,COL
SP001450,SP002519,6,LST,SOV,CLT
SP001450,SP002684,5,LST,SOV,SOV
SP001450,SP003126,5,LST,SOV,COL
SP001450,SP003202,4,LST,SOV,COL
SP001450,SP003205,9,LST,SOV,CLT
SP001450,SP003297,4,LST,SOV,SOV
SP001450,SP003598,5,LST,SOV,GDP
SP001450,SP003738,6,LST,SOV,HWC
SP001450,SP003741,6,LST,SOV,HPQ
SP001450,SP003743,6,LST,SOV,HPQ
SP001450,SP003905,6,LST,SOV,WTM
SP001450,SP003908,6,LST,SOV,WTM
SP001450,SP003910,6,LST,SOV,BTR
SP001450,SP003922,6,LST,SOV,COL
SP001450,SP003923,6,LST,SOV,COL
SP001450,SP003926,6,LST,SOV,COL
SP001450,SP003947,6,LST,SOV,SMN
SP001450,SP003948,5,LST,SOV,SOV
SP001450,SP003999,6,LST,SOV,CLT
SP001450,SP004024,6,LST,SOV,CLT
SP001450,SP004028,6,LST,SOV,CLT
SP001450,SP004029,6,LST,SOV,CLT
SP001450,SP004039,6,LST,SOV,CLT
SP001450,SP004049,6,LST,SOV,IPS
SP001450,SP004050,6,LST,SOV,IPS
SP001450,SP004053,6,LST,SOV,IPS
SP001450,SP004153,9,LST,SOV,WTM
SP001450,SP004622,4,LST,SOV,SOV
SP001451,SP001454,5,EUS,BLY,BLY
SP001451,SP001807,5,EUS,BLY,GLC
SP001451,SP002179,5,EUS,BLY,GLC
SP001451,SP002202,5,EUS,BLY,WSL
SP001451,SP002261,5,EUS,BLY,NMP
SP001451,SP002327,4,EUS,BLY,MKC
SP001451,SP002647,5,EUS,BLY,MKC
SP001451,SP002648,4,EUS,BLY,NMP
SP001451,SP002655,5,EUS,BLY,SAA
SP001451,SP002872,5,EUS,BLY,CTR
SP001451,SP003031,5,EUS,BLY,MAN
SP001451,SP003036,5,EUS,BLY,BHM
SP001451,SP003114,5,EUS,BLY,LIV
SP001451,SP003191,5,EUS,BLY,BPN
SP001451,SP003207,5,EUS,BLY,LIV
SP001451,SP003300,5,EUS,BLY,WRX
SP001451,SP003360,5,EUS,BLY,EDB
SP001451,SP003475,5,EUS,BLY,WVH
SP001451,SP003568,5,EUS,BLY,WVH
SP001451,SP003958,5,EUS,BLY,INV
SP001451,SP004012,5,EUS,BLY,GLC
SP001451,SP004017,5,EUS,BLY,PRE
SP001451,SP004025,5,EUS,BLY,PRE
SP001451,SP004034,5,EUS,BLY,CRE
SP001451,SP004036,5,EUS,BLY,GLC
SP001451,SP004111,5,EUS,BLY,GLC
SP001451,SP004121,4,EUS,BLY,NMP
SP001451,SP004127,4,EUS,BLY,NMP
SP001451,SP004131,5,EUS,BLY,BHM
SP001451,SP004188,5,EUS,BLY,CRE
SP001451,SP004207,5,EUS,BLY,CRE
SP001451,SP004232,5,EUS,BLY,INV
SP001451,SP004384,5,EUS,BLY,WVH
SP001451,SP004399,5,EUS,BLY,GLC
SP001451,SP004433,5,EUS,BLY,NMP
SP001451,SP004516,5,EUS,BLY,GLC
SP001451,SP004529,5,EUS,BLY,BHM
SP001452,SP001500,4,CTR,MAN,MAN
SP001452,SP002223,7,CTR,MAN,MIA
SP001452,SP002787,7,CTR,MAN,MIA
SP001452,SP003604,3,CTR,MAN,LIV
SP001453,SP002414,10,SOV,LST,LST
SP001453,SP002538,9,SOV,LST,LST
SP001453,SP002869,9,SOV,LST,LST
SP001453,SP003954,11,SOV,LST,LST
SP001453,SP003955,11,SOV,LST,LST
SP001454,SP001807,5,EUS,BLY,GLC
SP001454,SP002179,5,EUS,BLY,GLC
SP001454,SP002202,5,EUS,BLY,WSL
SP001454,SP002261,5,EUS,BLY,NMP
SP001454,SP002327,4,EUS,BLY,MKC
SP001454,SP002647,5,EUS,BLY,MKC
SP001454,SP002648,4,EUS,BLY,NMP
SP001454,SP002655,5,EUS,BLY,SAA
SP001454,SP002872,5,EUS,BLY,CTR
SP001454,SP003031,5,EUS,BLY,MAN
SP001454,SP003036,5,EUS,BLY,BHM
SP001454,SP003114,5,EUS,BLY,LIV
SP001454,SP003191,5,EUS,BLY,BPN
SP001454,SP003207,5,EUS,BLY,LIV
SP001454,SP003300,5,EUS,BLY,WRX
SP001454,SP003360,5,EUS,BLY,EDB
SP001454,SP003475,5,EUS,BLY,WVH
SP001454,SP003568,5,EUS,BLY,WVH
SP001454,SP003958,5,EUS,BLY,INV
SP001454,SP004012,5,EUS,BLY,GLC
SP001454,SP004017,5,EUS,BLY,PRE
SP001454,SP004025,5,EUS,BLY,PRE
SP001454,SP004034,5,EUS,BLY,CRE
SP001454,SP004036,5,EUS,BLY,GLC
SP001454,SP004111,5,EUS,BLY,GLC
SP001454,SP004121,4,EUS,BLY,NMP
SP001454,SP004127,4,EUS,BLY,NMP
SP001454,SP004131,5,EUS,BLY,BHM
SP001454,SP004188,5,EUS,BLY,CRE
SP001454,SP004207,5,EUS,BLY,CRE
SP001454,SP004232,5,EUS,BLY,INV
SP001454,SP004384,5,EUS,BLY,WVH
SP001454,SP004399,5,EUS,BLY,GLC
SP001454,SP004433,5,EUS,BLY,NMP
SP001454,SP004516,5,EUS,BLY,GLC
SP001454,SP004529,5,EUS,BLY,BHM
SP001457,SP001460,7,WOS,DDG,DDG
SP001457,SP001464,7,WOS,DDG,DDG
SP001457,SP001474,7,WOS,DDG,SAV
SP001457,SP002773,18,WOS,DDG,LMS
SP001458,SP001483,15,WOF,DDG,SAV
SP001458,SP002610,7,WOF,DDG,SAV
SP001459,SP001609,3,MAN,BHM,BMH
SP001459,SP001666,16,MAN,BHM,PGN
SP001459,SP001669,16,MAN,BHM,PGN
SP001459,SP001672,16,MAN,BHM,BRI
SP001459,SP001731,3,MAN,BHM,SOT
SP001459,SP001774,16,MAN,BHM,RDG
SP001459,SP001780,3,MAN,BHM,SOT
SP001459,SP002857,3,MAN,BHM,MFH
SP001459,SP002858,3,MAN,BHM,CDF
SP001459,SP003253,8,MAN,BHM,EUS
SP001459,SP003266,13,MAN,BHM,EUS
SP001459,SP003377,16,MAN,BHM,SOU
SP001459,SP003485,3,MAN,BHM,CDF
SP001459,SP003488,3,MAN,BHM,CDF
SP001459,SP003492,3,MAN,BHM,CRE
SP001459,SP003590,3,MAN,BHM,FGH
SP001459,SP003617,3,MAN,BHM,CDF
SP001459,SP003676,3,MAN,BHM,CDF
SP001459,SP003678,3,MAN,BHM,FGH
SP001459,SP003686,3,MAN,BHM,PMD
SP001459,SP003692,3,MAN,BHM,CMN
SP001459,SP004023,8,MAN,BHM,EUS
SP001459,SP004209,3,MAN,BHM,SHR
SP001459,SP004402,3,MAN,BHM,MAC
SP001459,SP004565,3,MAN,BHM,MFH
SP001460,SP001464,15,WOS,DDG,DDG
SP001460,SP001474,15,WOS,DDG,SAV
SP001460,SP002773,7,WOS,DDG,LMS
SP001461,SP001466,6,WOF,DDG,DDG
SP001461,SP001476,24,WOF,DDG,SAV
SP001461,SP001480,24,WOF,DDG,SAV
SP001461,SP002759,24,WOF,DDG,LMS
SP001462,SP001601,3,NOT,BHM,BMH
SP001462,SP001645,6,NOT,BHM,GCR
SP001462,SP002628,6,NOT,BHM,MAT
SP001462,SP003251,6,NOT,BHM,CRE
SP001462,SP003381,6,NOT,BHM,CDF
SP001462,SP003404,3,NOT,BHM,LEI
SP001462,SP004260,3,NOT,BHM,STP
SP001463,SP001635,7,NOT,BHM,CDF
SP001463,SP002095,7,NOT,BHM,CRE
SP001463,SP002243,7,NOT,BHM,DBY
SP001463,SP002465,4,NOT,BHM,STP
SP001463,SP002607,7,NOT,BHM,CRE
SP001464,SP001474,23,WOS,DDG,SAV
SP001464,SP002773,7,WOS,DDG,LMS
SP001465,SP001467,8,BHM,MAN,MAN
SP001465,SP001803,3,BHM,MAN,LIV
SP001465,SP001914,3,BHM,MAN,CDF
SP001465,SP002104,3,BHM,MAN,SHR
SP001465,SP002108,3,BHM,MAN,SHR
SP001465,SP002182,4,BHM,MAN,LIV
SP001465,SP002215,4,BHM,MAN,LIV
SP001465,SP002239,5,BHM,MAN,SHR
SP001465,SP003023,3,BHM,MAN,CRE
SP001465,SP003346,3,BHM,MAN,EDB
SP001465,SP003786,8,BHM,MAN,HHD
SP001465,SP003972,3,BHM,MAN,SHR
SP001465,SP004019,3,BHM,MAN,GLC
SP001466,SP001476,6,WOF,DDG,SAV
SP001466,SP001480,6,WOF,DDG,SAV
SP001466,SP002759,6,WOF,DDG,LMS
SP001467,SP001803,3,BHM,MAN,LIV
SP001467,SP001914,3,BHM,MAN,CDF
SP001467,SP002104,3,BHM,MAN,SHR
SP001467,SP002108,3,BHM,MAN,SHR
SP001467,SP002182,4,BHM,MAN,LIV
SP001467,SP002215,4,BHM,MAN,LIV
SP001467,SP002239,5,BHM,MAN,SHR
SP001467,SP003023,3,BHM,MAN,CRE
SP001467,SP003346,3,BHM,MAN,EDB
SP001467,SP003786,9,BHM,MAN,HHD
SP001467,SP003972,3,BHM,MAN,SHR
SP001467,SP004019,3,BHM,MAN,GLC
SP001468,SP001470,9,BHM,LEI,LEI
SP001468,SP001477,8,BHM,LEI,SSD
SP001468,SP001485,9,BHM,LEI,SSD
SP001468,SP001508,10,BHM,LEI,CBG
SP001468,SP001520,8,BHM,LEI,CBG
SP001468,SP001735,4,BHM,LEI,NOT
SP001468,SP004096,4,BHM,LEI,NOT
SP001468,SP004104,8,BHM,LEI,LEI
SP001470,SP001477,8,BHM,LEI,SSD
SP001470,SP001485,11,BHM,LEI,SSD
SP001470,SP001508,9,BHM,LEI,CBG
SP001470,SP001520,8,BHM,LEI,CBG
SP001470,SP001735,4,BHM,LEI,NOT
SP001470,SP004096,4,BHM,LEI,NOT
SP001470,SP004104,8,BHM,LEI,LEI
SP001472,SP003350,4,ELY,KGX,CBG
SP001472,SP003660,8,ELY,KGX,KGX
SP001472,SP003929,6,ELY,KGX,LST
SP001472,SP003935,6,ELY,KGX,LST
SP001472,SP004171,6,ELY,KGX,LST
SP001472,SP004176,6,ELY,KGX,LST
SP001472,SP004210,6,ELY,KGX,LST
SP001472,SP004278,6,ELY,KGX,LST
SP001474,SP002773,7,WOS,SAV,LMS
SP001475,SP001567,5,SRS,BAK,WFJ
SP001475,SP001770,4,SRS,BAK,XSU
SP001476,SP001480,25,WOF,SAV,SAV
SP001476,SP002759,25,WOF,SAV,LMS
SP001477,SP001485,8,BHM,SSD,SSD
SP001477,SP001508,8,BHM,SSD,CBG
SP001477,SP001520,22,BHM,SSD,CBG
SP001477,SP001735,4,BHM,SSD,NOT
SP001477,SP004096,4,BHM,SSD,NOT
SP001477,SP004104,8,BHM,SSD,LEI
SP001478,SP003118,10,GLD,EAD,EAD
SP001480,SP002759,25,WOF,SAV,LMS
SP001482,SP001715,10,RGL,WVH,BHI
SP001482,SP001717,10,RGL,WVH,BHI
SP001482,SP002234,10,RGL,WVH,BHM
SP001482,SP004051,18,RGL,WVH,BHM
SP001483,SP002610,7,WOF,SAV,SAV
SP001485,SP001508,9,BHM,SSD,CBG
SP001485,SP001520,8,BHM,SSD,CBG
SP001485,SP001735,4,BHM,SSD,NOT
SP001485,SP004096,4,BHM,SSD,NOT
SP001485,SP004104,8,BHM,SSD,LEI
SP001486,SP001631,4,BHM,KNN,CDF
SP001486,SP001658,4,BHM,KNN,PGN
SP001486,SP001682,4,BHM,KNN,RDG
SP001486,SP002039,4,BHM,KNN,CDF
SP001486,SP003971,4,BHM,KNN,WOF
SP001486,SP004179,4,BHM,KNN,BRI
SP001488,SP004543,4,KNN,BHM,BHM
SP001490,SP001634,15,BFR,SEV,ORP
SP001490,SP003282,4,BFR,SEV,RTR
SP001490,SP004528,4,BFR,SEV,MDE
SP001491,SP001797,4,LIT,SOU,CCH
SP001491,SP003913,4,LIT,SOU,PMS
SP001493,SP003534,12,GLD,EAD,RAY
SP001493,SP004601,5,GLD,EAD,RAY
SP001493,SP004603,11,GLD,EAD,EAD
SP001494,SP001536,8,CRE,CDF,SHR
SP001494,SP001937,3,CRE,CDF,CDF
SP001494,SP002856,18,CRE,CDF,MFH
SP001494,SP003269,8,CRE,CDF,BHI
SP001494,SP003356,6,CRE,CDF,MFH
SP001495,SP003355,5,SWA,CDF,PAD
SP001495,SP003462,5,SWA,CDF,PAD
SP001495,SP003464,5,SWA,CDF,PAD
SP001495,SP003746,4,SWA,CDF,CDF
SP001496,SP002141,3,EXD,PAD,PAD
SP001496,SP002695,4,EXD,PAD,CDF
SP001496,SP002696,4,EXD,PAD,CDF
SP001496,SP002705,4,EXD,PAD,CDF
SP001496,SP003497,4,EXD,PAD,BRI
SP001498,SP001503,4,CMN,MFH,FGH
SP001499,SP001501,10,PBO,HRH,HRH
SP001499,SP001504,8,PBO,HRH,HRH
SP001499,SP002023,10,PBO,HRH,HRH
SP001499,SP002028,8,PBO,HRH,HRH
SP001499,SP002033,8,PBO,HRH,HRH
SP001499,SP003303,8,PBO,HRH,KGX
SP001499,SP003549,8,PBO,HRH,KGX
SP001499,SP003599,8,PBO,HRH,KGX
SP001499,SP003991,10,PBO,HRH,HRH
SP001499,SP003992,10,PBO,HRH,HRH
SP001499,SP003994,10,PBO,HRH,KGX
SP001499,SP003996,12,PBO,HRH,KGX
SP001499,SP004155,10,PBO,HRH,HRH
SP001499,SP004339,10,PBO,HRH,HRH
SP001499,SP004341,10,PBO,HRH,HRH
SP001500,SP002223,4,CTR,MAN,MIA
SP001500,SP002787,4,CTR,MAN,MIA
SP001500,SP003604,3,CTR,MAN,LIV
SP001501,SP001504,8,PBO,HRH,HRH
SP001501,SP002023,37,PBO,HRH,HRH
SP001501,SP002028,8,PBO,HRH,HRH
SP001501,SP002033,8,PBO,HRH,HRH
SP001501,SP003303,8,PBO,HRH,KGX
SP001501,SP003549,8,PBO,HRH,KGX
SP001501,SP003599,8,PBO,HRH,KGX
SP001501,SP003991,24,PBO,HRH,HRH
SP001501,SP003992,24,PBO,HRH,HRH
SP001501,SP003994,14,PBO,HRH,KGX
SP001501,SP003996,10,PBO,HRH,KGX
SP001501,SP004155,31,PBO,HRH,HRH
SP001501,SP004339,27,PBO,HRH,HRH
SP001501,SP004341,24,PBO,HRH,HRH
SP001504,SP002023,8,PBO,HRH,HRH
SP001504,SP002028,29,PBO,HRH,HRH
SP001504,SP002033,29,PBO,HRH,HRH
SP001504,SP003303,8,PBO,HRH,KGX
SP001504,SP003549,8,PBO,HRH,KGX
SP001504,SP003599,8,PBO,HRH,KGX
SP001504,SP003991,8,PBO,HRH,HRH
SP001504,SP003992,8,PBO,HRH,HRH
SP001504,SP003994,8,PBO,HRH,KGX
SP001504,SP003996,8,PBO,HRH,KGX
SP001504,SP004155,8,PBO,HRH,HRH
SP001504,SP004339,8,PBO,HRH,HRH
SP001504,SP004341,8,PBO,HRH,HRH
SP001505,SP001530,18,SOU,MAN,MAN
SP001505,SP004136,4,SOU,MAN,BTN
SP001505,SP004137,4,SOU,MAN,LIT
SP001507,SP001522,3,BRI,CDF,SSD
SP001507,SP001533,3,BRI,CDF,MAN
SP001507,SP001546,3,BRI,CDF,MAN
SP001507,SP001559,3,BRI,CDF,BHM
SP001507,SP002930,3,BRI,CDF,BHM
SP001507,SP003494,3,BRI,CDF,GMV
SP001507,SP003965,3,BRI,CDF,EDB
SP001507,SP004183,3,BRI,CDF,PAD
SP001507,SP004570,3,BRI,CDF,PAD
SP001508,SP001520,8,BHM,CBG,CBG
SP001508,SP001735,4,BHM,CBG,NOT
SP001508,SP004096,4,BHM,CBG,NOT
SP001508,SP004104,8,BHM,CBG,LEI
SP001510,SP001611,11,SUO,BDM,SAC
SP001510,SP001782,7,SUO,BDM,XSU
SP001510,SP003019,11,SUO,BDM,BDM
SP001510,SP004414,5,SUO,BDM,BAL
SP001511,SP001514,9,RDZ,GTW,GTW
SP001511,SP002281,15,RDZ,GTW,GTW
SP001511,SP002282,3,RDZ,GTW,GTW
SP001511,SP002283,3,RDZ,GTW,GTW
SP001511,SP002291,3,RDZ,GTW,GTW
SP001511,SP002293,9,RDZ,GTW,GTW
SP001511,SP003413,11,RDZ,GTW,SFR
SP001511,SP004600,3,RDZ,GTW,SNS
SP001512,SP004045,3,WOK,NEM,QRB
SP001513,SP001519,4,EAD,GLD,GLD
SP001513,SP001560,3,EAD,GLD,SHP
SP001513,SP001589,4,EAD,GLD,HMC
SP001513,SP001954,3,EAD,GLD,TWI
SP001513,SP003262,3,EAD,GLD,STW
SP001513,SP003478,3,EAD,GLD,BMH
SP001513,SP003729,4,EAD,GLD,WOK
SP001514,SP002281,9,RDZ,GTW,GTW
SP001514,SP002282,3,RDZ,GTW,GTW
SP001514,SP002283,3,RDZ,GTW,GTW
SP001514,SP002291,3,RDZ,GTW,GTW
SP001514,SP002293,16,RDZ,GTW,GTW
SP001514,SP003413,9,RDZ,GTW,SFR
SP001514,SP004600,3,RDZ,GTW,SNS
SP001515,SP001517,9,NEM,GLD,GLD
SP001515,SP002124,3,NEM,GLD,BSK
SP001515,SP002127,3,NEM,GLD,BSK
SP001515,SP003527,9,NEM,GLD,AHT
SP001515,SP003899,3,NEM,GLD,AON
SP001516,SP001553,14,GTW,RDZ,RDG
SP001516,SP002319,14,GTW,RDZ,RDZ
SP001516,SP002330,14,GTW,RDZ,RDZ
SP001516,SP002353,17,GTW,RDZ,RDG
SP001516,SP002355,12,GTW,RDZ,RDG
SP001516,SP003451,4,GTW,RDZ,BDM
SP001516,SP003728,12,GTW,RDZ,RDZ
SP001517,SP002124,3,NEM,GLD,BSK
SP001517,SP002127,3,NEM,GLD,BSK
SP001517,SP003527,9,NEM,GLD,AHT
SP001517,SP003899,3,NEM,GLD,AON
SP001519,SP001560,3,EAD,GLD,SHP
SP001519,SP001589,4,EAD,GLD,HMC
SP001519,SP001954,3,EAD,GLD,TWI
SP001519,SP003262,3,EAD,GLD,STW
SP001519,SP003478,3,EAD,GLD,BMH
SP001519,SP003729,4,EAD,GLD,WOK
SP001520,SP001735,4,BHM,CBG,NOT
SP001520,SP004096,4,BHM,CBG,NOT
SP001520,SP004104,8,BHM,CBG,LEI
SP001522,SP001533,4,BRI,SSD,MAN
SP001522,SP001546,4,BRI,SSD,MAN
SP001522,SP001559,4,BRI,SSD,BHM
SP001522,SP002930,4,BRI,SSD,BHM
SP001522,SP003494,4,BRI,SSD,GMV
SP001522,SP003965,4,BRI,SSD,EDB
SP001522,SP004183,3,BRI,SSD,PAD
SP001522,SP004570,3,BRI,SSD,PAD
SP001524,SP001527,4,SEF,BTN,BTN
SP001525,SP001528,5,STR,AYR,KMK
SP001526,SP001558,3,CDF,NOT,NOT
SP001526,SP001569,3,CDF,NOT,BHM
SP001526,SP001625,3,CDF,NOT,EDB
SP001526,SP002181,3,CDF,NOT,BRI
SP001526,SP002227,3,CDF,NOT,PMH
SP001526,SP002231,3,CDF,NOT,PMH
SP001526,SP002328,3,CDF,NOT,TAU
SP001526,SP002379,3,CDF,NOT,BRI
SP001526,SP002392,3,CDF,NOT,EXD
SP001526,SP002394,3,CDF,NOT,PLY
SP001526,SP002395,3,CDF,NOT,EXD
SP001526,SP003379,3,CDF,NOT,PNZ
SP001526,SP003382,3,CDF,NOT,TAU
SP001526,SP003414,3,CDF,NOT,PMH
SP001526,SP003418,3,CDF,NOT,NOT
SP001526,SP003427,3,CDF,NOT,FRO
SP001526,SP003469,3,CDF,NOT,PAD
SP001526,SP003482,7,CDF,NOT,GCR
SP001526,SP004105,23,CDF,NOT,NOT
SP001526,SP004107,3,CDF,NOT,NOT
SP001526,SP004249,3,CDF,NOT,PMH
SP001529,SP002207,4,EDB,DEE,DEE
SP001529,SP003257,4,EDB,DEE,DEE
SP001529,SP003396,3,EDB,DEE,LEV
SP001529,SP004620,3,EDB,DEE,LEV
SP001530,SP004136,4,SOU,MAN,BTN
SP001530,SP004137,4,SOU,MAN,LIT
SP001531,SP002237,4,PTH,EDB,EDB
SP001531,SP002250,3,PTH,EDB,EDB
SP001533,SP001546,12,BRI,MAN,MAN
SP001533,SP001559,16,BRI,MAN,BHM
SP001533,SP002930,12,BRI,MAN,BHM
SP001533,SP003494,4,BRI,MAN,GMV
SP001533,SP003965,12,BRI,MAN,EDB
SP001533,SP004183,3,BRI,MAN,PAD
SP001533,SP004570,3,BRI,MAN,PAD
SP001534,SP002326,3,WTB,XPK,NCL
SP001534,SP004412,3,WTB,XPK,MBR
SP001536,SP001937,3,CRE,SHR,CDF
SP001536,SP002856,8,CRE,SHR,MFH
SP001536,SP003269,8,CRE,SHR,BHI
SP001536,SP003356,6,CRE,SHR,MFH
SP001537,SP001740,4,MAN,CRE,HAZ
SP001537,SP001953,5,MAN,CRE,MAC
SP001537,SP002636,8,MAN,CRE,ALD
SP001537,SP003076,4,MAN,CRE,SHF
SP001537,SP003145,13,MAN,CRE,FGH
SP001539,SP002212,6,CRE,LIV,LIV
SP001540,SP004419,3,HUD,LDS,LDS
SP001541,SP001777,14,LIV,MCV,MCV
SP001541,SP003754,12,LIV,MCV,WGN
SP001541,SP004459,12,LIV,MCV,MCV
SP001542,SP001556,11,PGN,MAN,MAN
SP001542,SP002411,7,PGN,MAN,EXD
SP001542,SP002570,7,PGN,MAN,BRI
SP001542,SP003285,7,PGN,MAN,EXD
SP001542,SP003415,10,PGN,MAN,PAD
SP001542,SP003513,7,PGN,MAN,CDF
SP001542,SP004093,13,PGN,MAN,BRI
SP001542,SP004167,10,PGN,MAN,PAD
SP001543,SP001568,25,PLY,BHM,BHM
SP001543,SP001621,24,PLY,BHM,EDB
SP001543,SP001622,11,PLY,BHM,EDB
SP001543,SP001624,28,PLY,BHM,EDB
SP001543,SP001626,17,PLY,BHM,ABD
SP001543,SP001627,28,PLY,BHM,GLC
SP001543,SP002263,16,PLY,BHM,GCR
SP001543,SP002264,10,PLY,BHM,PAD
SP001543,SP002265,10,PLY,BHM,PAD
SP001543,SP003365,10,PLY,BHM,PAD
SP001543,SP003366,10,PLY,BHM,PAD
SP001543,SP003368,10,PLY,BHM,PAD
SP001543,SP003372,10,PLY,BHM,PAD
SP001543,SP003616,28,PLY,BHM,LDS
SP001543,SP003651,10,PLY,BHM,PAD
SP001545,SP002530,3,LDS,YRK,HUL
SP001545,SP002562,3,LDS,YRK,YRK
SP001545,SP003104,4,LDS,YRK,HUL
SP001545,SP003512,3,LDS,YRK,SBY
SP001545,SP003529,3,LDS,YRK,YRK
SP001545,SP003571,3,LDS,YRK,HUL
SP001546,SP001559,12,BRI,MAN,BHM
SP001546,SP002930,15,BRI,MAN,BHM
SP001546,SP003494,4,BRI,MAN,GMV
SP001546,SP003965,15,BRI,MAN,EDB
SP001546,SP004183,3,BRI,MAN,PAD
SP001546,SP004570,3,BRI,MAN,PAD
SP001547,SP001551,8,RAY,SHP,SHP
SP001547,SP003731,6,RAY,SHP,STW
SP001548,SP002665,4,MAN,LIV,GLC
SP001548,SP003216,4,MAN,LIV,GLC
SP001548,SP003635,4,MAN,LIV,CTR
SP001549,SP001664,3,KNG,SHP,QRB
SP001550,SP002809,5,BTN,LWS,HGS
SP001550,SP003550,5,BTN,LWS,HGS
SP001550,SP004552,5,BTN,LWS,HGS
SP001551,SP003731,6,RAY,SHP,STW
SP001552,SP001554,3,SHP,EAD,EAD
SP001552,SP001555,3,SHP,EAD,RAY
SP001552,SP001584,5,SHP,EAD,QRB
SP001553,SP002319,20,GTW,RDG,RDZ
SP001553,SP002330,16,GTW,RDG,RDZ
SP001553,SP002353,14,GTW,RDG,RDG
SP001553,SP002355,12,GTW,RDG,RDG
SP001553,SP003451,4,GTW,RDG,BDM
SP001553,SP003728,12,GTW,RDG,RDZ
SP001554,SP001555,12,SHP,EAD,RAY
SP001554,SP001584,3,SHP,EAD,QRB
SP001555,SP001584,3,SHP,RAY,QRB
SP001556,SP002411,7,PGN,MAN,EXD
SP001556,SP002570,7,PGN,MAN,BRI
SP001556,SP003285,7,PGN,MAN,EXD
SP001556,SP003415,10,PGN,MAN,PAD
SP001556,SP003513,7,PGN,MAN,CDF
SP001556,SP004093,11,PGN,MAN,BRI
SP001556,SP004167,10,PGN,MAN,PAD
SP001557,SP001670,3,MIA,BPN,WDM
SP001557,SP002517,3,MIA,BPN,YRK
SP001557,SP003711,3,MIA,BPN,BPN
SP001557,SP004118,3,MIA,BPN,LIV
SP001557,SP004489,3,MIA,BPN,CLE
SP001557,SP004503,3,MIA,BPN,BIF
SP001557,SP004572,3,MIA,BPN,BPN
SP001557,SP004585,3,MIA,BPN,SCA
SP001558,SP001569,19,CDF,NOT,BHM
SP001558,SP001625,27,CDF,NOT,EDB
SP001558,SP002181,3,CDF,NOT,BRI
SP001558,SP002227,3,CDF,NOT,PMH
SP001558,SP002231,3,CDF,NOT,PMH
SP001558,SP002328,3,CDF,NOT,TAU
SP001558,SP002379,3,CDF,NOT,BRI
SP001558,SP002392,3,CDF,NOT,EXD
SP001558,SP002394,3,CDF,NOT,PLY
SP001558,SP002395,3,CDF,NOT,EXD
SP001558,SP003379,3,CDF,NOT,PNZ
SP001558,SP003382,3,CDF,NOT,TAU
SP001558,SP003414,3,CDF,NOT,PMH
SP001558,SP003418,23,CDF,NOT,NOT
SP001558,SP003427,3,CDF,NOT,FRO
SP001558,SP003469,3,CDF,NOT,PAD
SP001558,SP003482,3,CDF,NOT,GCR
SP001558,SP004105,3,CDF,NOT,NOT
SP001558,SP004107,23,CDF,NOT,NOT
SP001558,SP004249,3,CDF,NOT,PMH
SP001559,SP002930,12,BRI,BHM,BHM
SP001559,SP003494,4,BRI,BHM,GMV
SP001559,SP003965,12,BRI,BHM,EDB
SP001559,SP004183,3,BRI,BHM,PAD
SP001559,SP004570,3,BRI,BHM,PAD
SP001560,SP001589,3,EAD,SHP,HMC
SP001560,SP001954,7,EAD,SHP,TWI
SP001560,SP003262,7,EAD,SHP,STW
SP001560,SP003478,3,EAD,SHP,BMH
SP001560,SP003729,3,EAD,SHP,WOK
SP001561,SP001632,3,MAN,RCC,HDF
SP001561,SP002149,4,MAN,RCC,YRK
SP001561,SP002978,7,MAN,RCC,YRK
SP001561,SP003048,10,MAN,RCC,NCL
SP001561,SP003058,7,MAN,RCC,HUL
SP001561,SP003072,7,MAN,RCC,SLB
SP001561,SP003074,4,MAN,RCC,YRK
SP001561,SP003075,7,MAN,RCC,YRK
SP001561,SP003134,7,MAN,RCC,NCL
SP001561,SP003279,10,MAN,RCC,YRK
SP001561,SP003960,7,MAN,RCC,YRK
SP001561,SP004027,3,MAN,RCC,RCC
SP001561,SP004138,7,MAN,RCC,DAR
SP001562,SP001657,16,NCL,BHM,RDG
SP001562,SP001659,8,NCL,BHM,RDG
SP001562,SP001667,6,NCL,BHM,PLY
SP001562,SP001683,21,NCL,BHM,RDG
SP001562,SP001878,21,NCL,BHM,RDG
SP001562,SP004589,7,NCL,BHM,KGX
SP001563,SP001991,11,NCL,MAN,MAN
SP001563,SP003042,8,NCL,MAN,LIV
SP001563,SP003146,8,NCL,MAN,LIV
SP001563,SP003157,7,NCL,MAN,YRK
SP001564,SP002048,4,YRK,SHF,HUL
SP001564,SP002547,4,YRK,SHF,HUL
SP001564,SP003080,3,YRK,SHF,LDS
SP001564,SP003407,4,YRK,SHF,BDT
SP001564,SP003873,6,YRK,SHF,SHF
SP001564,SP004221,3,YRK,SHF,BPN
SP001565,SP001661,4,GLM,XVJ,LUT
SP001565,SP003243,17,GLM,XVJ,XVJ
SP001565,SP003281,8,GLM,XVJ,BFR
SP001565,SP004531,12,GLM,XVJ,CST
SP001565,SP004536,5,GLM,XVJ,CST
SP001567,SP001770,4,SRS,WFJ,XSU
SP001568,SP001621,24,PLY,BHM,EDB
SP001568,SP001622,11,PLY,BHM,EDB
SP001568,SP001624,25,PLY,BHM,EDB
SP001568,SP001626,17,PLY,BHM,ABD
SP001568,SP001627,25,PLY,BHM,GLC
SP001568,SP002263,16,PLY,BHM,GCR
SP001568,SP002264,10,PLY,BHM,PAD
SP001568,SP002265,10,PLY,BHM,PAD
SP001568,SP003365,10,PLY,BHM,PAD
SP001568,SP003366,10,PLY,BHM,PAD
SP001568,SP003368,10,PLY,BHM,PAD
SP001568,SP003372,10,PLY,BHM,PAD
SP001568,SP003616,25,PLY,BHM,LDS
SP001568,SP003651,10,PLY,BHM,PAD
SP001569,SP001625,19,CDF,BHM,EDB
SP001569,SP002181,3,CDF,BHM,BRI
SP001569,SP002227,3,CDF,BHM,PMH
SP001569,SP002231,3,CDF,BHM,PMH
SP001569,SP002328,3,CDF,BHM,TAU
SP001569,SP002379,3,CDF,BHM,BRI
SP001569,SP002392,3,CDF,BHM,EXD
SP001569,SP002394,3,CDF,BHM,PLY
SP001569,SP002395,3,CDF,BHM,EXD
SP001569,SP003379,3,CDF,BHM,PNZ
SP001569,SP003382,3,CDF,BHM,TAU
SP001569,SP003414,3,CDF,BHM,PMH
SP001569,SP003418,19,CDF,BHM,NOT
SP001569,SP003427,3,CDF,BHM,FRO
SP001569,SP003469,3,CDF,BHM,PAD
SP001569,SP003482,3,CDF,BHM,GCR
SP001569,SP004105,3,CDF,BHM,NOT
SP001569,SP004107,19,CDF,BHM,NOT
SP001569,SP004249,3,CDF,BHM,PMH
SP001570,SP001581,5,AFK,EBN,EBN
SP001570,SP002682,9,AFK,EBN,HGS
SP001570,SP003121,5,AFK,EBN,HGS
SP001571,SP002521,7,SUO,BAK,SRS
SP001571,SP002535,10,SUO,BAK,XSU
SP001572,SP001575,6,XSU,SRS,BIK
SP001572,SP001579,11,XSU,SRS,ECR
SP001572,SP001597,7,XSU,SRS,SUO
SP001574,SP002112,8,BAK,DKG,EPS
SP001574,SP002531,8,BAK,DKG,HRH
SP001574,SP002582,9,BAK,DKG,EPS
SP001574,SP003032,11,BAK,DKG,HRH
SP001574,SP003290,8,BAK,DKG,DKG
SP001575,SP001579,6,XSU,BIK,ECR
SP001575,SP001597,6,XSU,BIK,SUO
SP001576,SP002412,5,CBG,BHM,NRW
SP001576,SP002732,5,CBG,BHM,NRW
SP001576,SP002868,5,CBG,BHM,KLN
SP001576,SP004311,5,CBG,BHM,NRW
SP001576,SP004312,5,CBG,BHM,NRW
SP001577,SP001704,5,SSD,BHM,CBG
SP001578,SP001655,11,ABD,KGX,PLY
SP001578,SP002068,14,ABD,KGX,EDB
SP001578,SP003116,30,ABD,KGX,DON
SP001579,SP001597,7,XSU,ECR,SUO
SP001581,SP002682,5,AFK,EBN,HGS
SP001581,SP003121,8,AFK,EBN,HGS
SP001582,SP003288,5,QRB,STW,SNS
SP001582,SP004306,3,QRB,STW,EAD
SP001582,SP004314,3,QRB,STW,ASN
SP001589,SP001954,3,EAD,HMC,TWI
SP001589,SP003262,3,EAD,HMC,STW
SP001589,SP003478,3,EAD,HMC,BMH
SP001589,SP003729,4,EAD,HMC,WOK
SP001590,SP001663,5,HMC,EAD,RAY
SP001591,SP003470,6,CMN,MAN,PAD
SP001591,SP003474,6,CMN,MAN,BPW
SP001591,SP003744,6,CMN,MAN,CDF
SP001592,SP001792,10,LIV,EUS,EUS
SP001592,SP001875,3,LIV,EUS,CLE
SP001592,SP002081,6,LIV,EUS,BHM
SP001592,SP002673,3,LIV,EUS,NOT
SP001592,SP002819,4,LIV,EUS,LLD
SP001592,SP003089,3,LIV,EUS,WAC
SP001592,SP003111,6,LIV,EUS,EUS
SP001592,SP003115,3,LIV,EUS,NOT
SP001592,SP003496,3,LIV,EUS,SHF
SP001592,SP003657,3,LIV,EUS,NCL
SP001592,SP004026,6,LIV,EUS,CRE
SP001592,SP004143,3,LIV,EUS,NRW
SP001592,SP004261,3,LIV,EUS,DON
SP001592,SP004268,3,LIV,EUS,MIA
SP001592,SP004269,3,LIV,EUS,NRW
SP001593,SP002302,5,HUL,KGX,LDS
SP001593,SP002534,3,HUL,KGX,YRK
SP001593,SP002641,5,HUL,KGX,SBY
SP001593,SP003317,3,HUL,KGX,SHF
SP001593,SP003869,5,HUL,KGX,MAN
SP001593,SP003951,3,HUL,KGX,YRK
SP001593,SP003980,5,HUL,KGX,HFX
SP001593,SP004117,5,HUL,KGX,LDS
SP001593,SP004465,5,HUL,KGX,HFX
SP001594,SP001605,3,KGX,HUL,PBO
SP001594,SP001726,4,KGX,HUL,CBG
SP001594,SP001727,9,KGX,HUL,CBG
SP001594,SP001880,24,KGX,HUL,BEV
SP001594,SP002020,9,KGX,HUL,PBO
SP001594,SP002317,3,KGX,HUL,NCL
SP001594,SP002335,3,KGX,HUL,LDS
SP001594,SP002354,4,KGX,HUL,RYS
SP001594,SP002363,5,KGX,HUL,LET
SP001594,SP002493,3,KGX,HUL,HFN
SP001594,SP002494,3,KGX,HUL,RYS
SP001594,SP002502,3,KGX,HUL,CBG
SP001594,SP002602,3,KGX,HUL,WGC
SP001594,SP002623,3,KGX,HUL,PBO
SP001594,SP002755,4,KGX,HUL,CBG
SP001594,SP002757,4,KGX,HUL,CBG
SP001594,SP002761,4,KGX,HUL,LET
SP001594,SP002762,4,KGX,HUL,CBG
SP001594,SP002765,3,KGX,HUL,CBG
SP001594,SP002914,9,KGX,HUL,KLN
SP001594,SP002940,3,KGX,HUL,EDB
SP001594,SP002953,19,KGX,HUL,EDB
SP001594,SP002960,4,KGX,HUL,LDS
SP001594,SP002973,3,KGX,HUL,HFN
SP001594,SP003030,3,KGX,HUL,WGC
SP001594,SP003175,3,KGX,HUL,HFN
SP001594,SP003176,4,KGX,HUL,RYS
SP001594,SP003225,4,KGX,HUL,WGC
SP001594,SP003254,4,KGX,HUL,PBO
SP001594,SP003540,19,KGX,HUL,GLQ
SP001594,SP003600,9,KGX,HUL,CBG
SP001594,SP003658,4,KGX,HUL,ELY
SP001594,SP003667,4,KGX,HUL,YRK
SP001594,SP003669,19,KGX,HUL,INV
SP001594,SP003855,3,KGX,HUL,ABD
SP001594,SP003859,3,KGX,HUL,LDS
SP001594,SP004237,3,KGX,HUL,PBO
SP001595,SP002578,7,LIT,BTN,XSU
SP001595,SP003029,10,LIT,BTN,BAL
SP001598,SP001910,3,BHM,BMH,EUS
SP001598,SP002791,3,BHM,BMH,BHI
SP001598,SP003046,4,BHM,BMH,EUS
SP001598,SP003271,3,BHM,BMH,COV
SP001598,SP003882,4,BHM,BMH,MKC
SP001598,SP003967,4,BHM,BMH,NMP
SP001598,SP004063,4,BHM,BMH,EUS
SP001599,SP002016,5,MAN,BMH,BMH
SP001599,SP002070,5,MAN,BMH,EUS
SP001601,SP001645,3,NOT,BMH,GCR
SP001601,SP002628,3,NOT,BMH,MAT
SP001601,SP003251,3,NOT,BMH,CRE
SP001601,SP003381,3,NOT,BMH,CDF
SP001601,SP003404,3,NOT,BMH,LEI
SP001601,SP004260,3,NOT,BMH,STP
SP001602,SP001790,4,CCH,BTN,LIT
SP001603,SP001606,10,BTN,BAL,BDM
SP001603,SP001614,10,BTN,BAL,BDM
SP001603,SP001618,10,BTN,BAL,BDM
SP001603,SP001620,10,BTN,BAL,BDM
SP001603,SP001819,10,BTN,BAL,CBG
SP001603,SP002175,10,BTN,BAL,BDM
SP001603,SP002177,5,BTN,BAL,CBG
SP001603,SP002221,10,BTN,BAL,BDM
SP001603,SP002242,10,BTN,BAL,CBG
SP001603,SP002246,10,BTN,BAL,BDM
SP001603,SP002474,10,BTN,BAL,BDM
SP001603,SP002724,5,BTN,BAL,BAL
SP001603,SP002841,10,BTN,BAL,BDM
SP001603,SP003141,10,BTN,BAL,BDM
SP001603,SP003395,10,BTN,BAL,BDM
SP001603,SP003399,10,BTN,BAL,BDM
SP001603,SP003546,5,BTN,BAL,BAL
SP001603,SP003588,10,BTN,BAL,BDM
SP001603,SP003809,22,BTN,BAL,WSW
SP001603,SP003989,5,BTN,BAL,BAK
SP001603,SP004194,10,BTN,BAL,BDM
SP001603,SP004487,10,BTN,BAL,BDM
SP001603,SP004582,12,BTN,BAL,BDM
SP001604,SP001783,11,BTN,CCH,WWO
SP001604,SP001936,18,BTN,CCH,BOG
SP001604,SP002015,16,BTN,CCH,LIT
SP001604,SP003094,15,BTN,CCH,SOU
SP001604,SP003127,15,BTN,CCH,PMS
SP001604,SP003307,11,BTN,CCH,HAV
SP001604,SP004227,15,BTN,CCH,CCH
SP001604,SP004230,11,BTN,CCH,CCH
SP001605,SP001726,3,KGX,PBO,CBG
SP001605,SP001727,3,KGX,PBO,CBG
SP001605,SP001880,3,KGX,PBO,BEV
SP001605,SP002020,3,KGX,PBO,PBO
SP001605,SP002317,23,KGX,PBO,NCL
SP001605,SP002335,5,KGX,PBO,LDS
SP001605,SP002354,3,KGX,PBO,RYS
SP001605,SP002363,3,KGX,PBO,LET
SP001605,SP002493,3,KGX,PBO,HFN
SP001605,SP002494,3,KGX,PBO,RYS
SP001605,SP002502,3,KGX,PBO,CBG
SP001605,SP002602,3,KGX,PBO,WGC
SP001605,SP002623,3,KGX,PBO,PBO
SP001605,SP002755,3,KGX,PBO,CBG
SP001605,SP002757,3,KGX,PBO,CBG
SP001605,SP002761,3,KGX,PBO,LET
SP001605,SP002762,3,KGX,PBO,CBG
SP001605,SP002765,3,KGX,PBO,CBG
SP001605,SP002914,3,KGX,PBO,KLN
SP001605,SP002940,23,KGX,PBO,EDB
SP001605,SP002953,3,KGX,PBO,EDB
SP001605,SP002960,3,KGX,PBO,LDS
SP001605,SP002973,3,KGX,PBO,HFN
SP001605,SP003030,3,KGX,PBO,WGC
SP001605,SP003175,3,KGX,PBO,HFN
SP001605,SP003176,3,KGX,PBO,RYS
SP001605,SP003225,3,KGX,PBO,WGC
SP001605,SP003254,3,KGX,PBO,PBO
SP001605,SP003540,3,KGX,PBO,GLQ
SP001605,SP003600,3,KGX,PBO,CBG
SP001605,SP003658,3,KGX,PBO,ELY
SP001605,SP003667,3,KGX,PBO,YRK
SP001605,SP003669,3,KGX,PBO,INV
SP001605,SP003855,23,KGX,PBO,ABD
SP001605,SP003859,23,KGX,PBO,LDS
SP001605,SP004237,3,KGX,PBO,PBO
SP001606,SP001614,20,BTN,BDM,BDM
SP001606,SP001618,20,BTN,BDM,BDM
SP001606,SP001620,20,BTN,BDM,BDM
SP001606,SP001819,10,BTN,BDM,CBG
SP001606,SP002175,10,BTN,BDM,BDM
SP001606,SP002177,5,BTN,BDM,CBG
SP001606,SP002221,10,BTN,BDM,BDM
SP001606,SP002242,20,BTN,BDM,CBG
SP001606,SP002246,20,BTN,BDM,BDM
SP001606,SP002474,10,BTN,BDM,BDM
SP001606,SP002724,5,BTN,BDM,BAL
SP001606,SP002841,10,BTN,BDM,BDM
SP001606,SP003141,10,BTN,BDM,BDM
SP001606,SP003395,11,BTN,BDM,BDM
SP001606,SP003399,11,BTN,BDM,BDM
SP001606,SP003546,5,BTN,BDM,BAL
SP001606,SP003588,10,BTN,BDM,BDM
SP001606,SP003809,10,BTN,BDM,WSW
SP001606,SP003989,5,BTN,BDM,BAK
SP001606,SP004194,10,BTN,BDM,BDM
SP001606,SP004487,11,BTN,BDM,BDM
SP001606,SP004582,10,BTN,BDM,BDM
SP001607,SP001694,3,CBG,BTN,SSD
SP001607,SP002159,34,CBG,BTN,BTN
SP001607,SP002171,4,CBG,BTN,BTN
SP001607,SP002185,4,CBG,BTN,BTN
SP001607,SP002433,3,CBG,BTN,SSD
SP001607,SP002754,4,CBG,BTN,KGX
SP001607,SP002780,4,CBG,BTN,KGX
SP001607,SP002782,4,CBG,BTN,KGX
SP001607,SP003025,4,CBG,BTN,KGX
SP001607,SP003287,4,CBG,BTN,KGX
SP001607,SP003515,4,CBG,BTN,KGX
SP001607,SP003587,10,CBG,BTN,KGX
SP001607,SP003931,3,CBG,BTN,LST
SP001607,SP003936,3,CBG,BTN,LST
SP001607,SP003938,3,CBG,BTN,LST
SP001607,SP004008,16,CBG,BTN,KGX
SP001607,SP004071,3,CBG,BTN,LST
SP001607,SP004164,3,CBG,BTN,LST
SP001607,SP004166,3,CBG,BTN,LST
SP001607,SP004168,3,CBG,BTN,LST
SP001607,SP004225,3,CBG,BTN,SRA
SP001607,SP004481,29,CBG,BTN,BTN
SP001607,SP004568,3,CBG,BTN,LST
SP001607,SP004632,3,CBG,BTN,BIS
SP001609,SP001666,3,MAN,BMH,PGN
SP001609,SP001669,3,MAN,BMH,PGN
SP001609,SP001672,3,MAN,BMH,BRI
SP001609,SP001731,3,MAN,BMH,SOT
SP001609,SP001774,3,MAN,BMH,RDG
SP001609,SP001780,3,MAN,BMH,SOT
SP001609,SP002857,8,MAN,BMH,MFH
SP001609,SP002858,8,MAN,BMH,CDF
SP001609,SP003253,3,MAN,BMH,EUS
SP001609,SP003266,3,MAN,BMH,EUS
SP001609,SP003377,3,MAN,BMH,SOU
SP001609,SP003485,8,MAN,BMH,CDF
SP001609,SP003488,8,MAN,BMH,CDF
SP001609,SP003492,8,MAN,BMH,CRE
SP001609,SP003590,8,MAN,BMH,FGH
SP001609,SP003617,8,MAN,BMH,CDF
SP001609,SP003676,8,MAN,BMH,CDF
SP001609,SP003678,8,MAN,BMH,FGH
SP001609,SP003686,8,MAN,BMH,PMD
SP001609,SP003692,8,MAN,BMH,CMN
SP001609,SP004023,3,MAN,BMH,EUS
SP001609,SP004209,8,MAN,BMH,SHR
SP001609,SP004402,3,MAN,BMH,MAC
SP001609,SP004565,8,MAN,BMH,MFH
SP001610,SP001630,7,KTN,ORP,SUO
SP001610,SP002743,5,KTN,ORP,GLM
SP001610,SP002746,5,KTN,ORP,RAI
SP001611,SP001782,7,SUO,SAC,XSU
SP001611,SP003019,23,SUO,SAC,BDM
SP001611,SP004414,5,SUO,SAC,BAL
SP001612,SP001686,9,BDM,BTN,RAI
SP001612,SP001688,18,BDM,BTN,RAI
SP001612,SP002054,23,BDM,BTN,TBD
SP001612,SP002151,23,BDM,BTN,TBD
SP001612,SP002165,6,BDM,BTN,EGR
SP001612,SP002259,6,BDM,BTN,TBD
SP001612,SP002981,10,BDM,BTN,BTN
SP001612,SP003452,23,BDM,BTN,GTW
SP001612,SP003483,10,BDM,BTN,BTN
SP001614,SP001618,29,BTN,BDM,BDM
SP001614,SP001620,34,BTN,BDM,BDM
SP001614,SP001819,10,BTN,BDM,CBG
SP001614,SP002175,10,BTN,BDM,BDM
SP001614,SP002177,5,BTN,BDM,CBG
SP001614,SP002221,10,BTN,BDM,BDM
SP001614,SP002242,23,BTN,BDM,CBG
SP001614,SP002246,28,BTN,BDM,BDM
SP001614,SP002474,10,BTN,BDM,BDM
SP001614,SP002724,5,BTN,BDM,BAL
SP001614,SP002841,10,BTN,BDM,BDM
SP001614,SP003141,10,BTN,BDM,BDM
SP001614,SP003395,11,BTN,BDM,BDM
SP001614,SP003399,11,BTN,BDM,BDM
SP001614,SP003546,5,BTN,BDM,BAL
SP001614,SP003588,10,BTN,BDM,BDM
SP001614,SP003809,10,BTN,BDM,WSW
SP001614,SP003989,5,BTN,BDM,BAK
SP001614,SP004194,10,BTN,BDM,BDM
SP001614,SP004487,11,BTN,BDM,BDM
SP001614,SP004582,10,BTN,BDM,BDM
SP001615,SP001656,11,LEI,BHM,GCR
SP001616,SP001684,6,MCV,BBN,BBN
SP001616,SP001689,3,MCV,BBN,BBN
SP001616,SP001775,3,MCV,BBN,WGN
SP001616,SP001802,3,MCV,BBN,HBL
SP001616,SP001860,3,MCV,BBN,WGN
SP001616,SP001890,3,MCV,BBN,SOP
SP001616,SP002005,3,MCV,BBN,WGW
SP001616,SP002011,3,MCV,BBN,HBL
SP001616,SP002012,3,MCV,BBN,HBL
SP001616,SP002018,3,MCV,BBN,WGN
SP001616,SP002019,3,MCV,BBN,WGW
SP001616,SP002341,3,MCV,BBN,WGW
SP001616,SP002390,3,MCV,BBN,SOP
SP001616,SP003433,3,MCV,BBN,HBL
SP001616,SP003824,3,MCV,BBN,WGW
SP001617,SP002188,8,SKI,BDQ,LDS
SP001618,SP001620,29,BTN,BDM,BDM
SP001618,SP001819,10,BTN,BDM,CBG
SP001618,SP002175,10,BTN,BDM,BDM
SP001618,SP002177,5,BTN,BDM,CBG
SP001618,SP002221,10,BTN,BDM,BDM
SP001618,SP002242,23,BTN,BDM,CBG
SP001618,SP002246,28,BTN,BDM,BDM
SP001618,SP002474,10,BTN,BDM,BDM
SP001618,SP002724,5,BTN,BDM,BAL
SP001618,SP002841,10,BTN,BDM,BDM
SP001618,SP003141,10,BTN,BDM,BDM
SP001618,SP003395,11,BTN,BDM,BDM
SP001618,SP003399,11,BTN,BDM,BDM
SP001618,SP003546,5,BTN,BDM,BAL
SP001618,SP003588,10,BTN,BDM,BDM
SP001618,SP003809,10,BTN,BDM,WSW
SP001618,SP003989,5,BTN,BDM,BAK
SP001618,SP004194,10,BTN,BDM,BDM
SP001618,SP004487,11,BTN,BDM,BDM
SP001618,SP004582,10,BTN,BDM,BDM
SP001619,SP001698,10,SRA,CMD,WJH
SP001620,SP001819,10,BTN,BDM,CBG
SP001620,SP002175,10,BTN,BDM,BDM
SP001620,SP002177,5,BTN,BDM,CBG
SP001620,SP002221,10,BTN,BDM,BDM
SP001620,SP002242,23,BTN,BDM,CBG
SP001620,SP002246,28,BTN,BDM,BDM
SP001620,SP002474,10,BTN,BDM,BDM
SP001620,SP002724,5,BTN,BDM,BAL
SP001620,SP002841,10,BTN,BDM,BDM
SP001620,SP003141,10,BTN,BDM,BDM
SP001620,SP003395,11,BTN,BDM,BDM
SP001620,SP003399,11,BTN,BDM,BDM
SP001620,SP003546,5,BTN,BDM,BAL
SP001620,SP003588,10,BTN,BDM,BDM
SP001620,SP003809,10,BTN,BDM,WSW
SP001620,SP003989,5,BTN,BDM,BAK
SP001620,SP004194,10,BTN,BDM,BDM
SP001620,SP004487,11,BTN,BDM,BDM
SP001620,SP004582,10,BTN,BDM,BDM
SP001621,SP001622,11,PLY,EDB,EDB
SP001621,SP001624,24,PLY,EDB,EDB
SP001621,SP001626,17,PLY,EDB,ABD
SP001621,SP001627,24,PLY,EDB,GLC
SP001621,SP002263,16,PLY,EDB,GCR
SP001621,SP002264,10,PLY,EDB,PAD
SP001621,SP002265,10,PLY,EDB,PAD
SP001621,SP003365,10,PLY,EDB,PAD
SP001621,SP003366,10,PLY,EDB,PAD
SP001621,SP003368,10,PLY,EDB,PAD
SP001621,SP003372,10,PLY,EDB,PAD
SP001621,SP003616,24,PLY,EDB,LDS
SP001621,SP003651,10,PLY,EDB,PAD
SP001622,SP001624,11,PLY,EDB,EDB
SP001622,SP001626,11,PLY,EDB,ABD
SP001622,SP001627,11,PLY,EDB,GLC
SP001622,SP002263,11,PLY,EDB,GCR
SP001622,SP002264,10,PLY,EDB,PAD
SP001622,SP002265,10,PLY,EDB,PAD
SP001622,SP003365,10,PLY,EDB,PAD
SP001622,SP003366,10,PLY,EDB,PAD
SP001622,SP003368,10,PLY,EDB,PAD
SP001622,SP003372,10,PLY,EDB,PAD
SP001622,SP003616,11,PLY,EDB,LDS
SP001622,SP003651,10,PLY,EDB,PAD
SP001623,SP001677,17,LUT,EPH,ORP
SP001623,SP002219,4,LUT,EPH,GTW
SP001623,SP002225,4,LUT,EPH,TBD
SP001623,SP003020,17,LUT,EPH,SUO
SP001623,SP004219,4,LUT,EPH,GTW
SP001624,SP001626,17,PLY,EDB,ABD
SP001624,SP001627,60,PLY,EDB,GLC
SP001624,SP002263,16,PLY,EDB,GCR
SP001624,SP002264,10,PLY,EDB,PAD
SP001624,SP002265,10,PLY,EDB,PAD
SP001624,SP003365,10,PLY,EDB,PAD
SP001624,SP003366,10,PLY,EDB,PAD
SP001624,SP003368,10,PLY,EDB,PAD
SP001624,SP003372,10,PLY,EDB,PAD
SP001624,SP003616,43,PLY,EDB,LDS
SP001624,SP003651,10,PLY,EDB,PAD
SP001625,SP002181,3,CDF,EDB,BRI
SP001625,SP002227,3,CDF,EDB,PMH
SP001625,SP002231,3,CDF,EDB,PMH
SP001625,SP002328,3,CDF,EDB,TAU
SP001625,SP002379,3,CDF,EDB,BRI
SP001625,SP002392,3,CDF,EDB,EXD
SP001625,SP002394,3,CDF,EDB,PLY
SP001625,SP002395,3,CDF,EDB,EXD
SP001625,SP003379,3,CDF,EDB,PNZ
SP001625,SP003382,3,CDF,EDB,TAU
SP001625,SP003414,3,CDF,EDB,PMH
SP001625,SP003418,23,CDF,EDB,NOT
SP001625,SP003427,3,CDF,EDB,FRO
SP001625,SP003469,3,CDF,EDB,PAD
SP001625,SP003482,3,CDF,EDB,GCR
SP001625,SP004105,3,CDF,EDB,NOT
SP001625,SP004107,23,CDF,EDB,NOT
SP001625,SP004249,3,CDF,EDB,PMH
SP001626,SP001627,17,PLY,ABD,GLC
SP001626,SP002263,16,PLY,ABD,GCR
SP001626,SP002264,10,PLY,ABD,PAD
SP001626,SP002265,10,PLY,ABD,PAD
SP001626,SP003365,10,PLY,ABD,PAD
SP001626,SP003366,10,PLY,ABD,PAD
SP001626,SP003368,10,PLY,ABD,PAD
SP001626,SP003372,10,PLY,ABD,PAD
SP001626,SP003616,17,PLY,ABD,LDS
SP001626,SP003651,10,PLY,ABD,PAD
SP001627,SP002263,16,PLY,GLC,GCR
SP001627,SP002264,10,PLY,GLC,PAD
SP001627,SP002265,10,PLY,GLC,PAD
SP001627,SP003365,10,PLY,GLC,PAD
SP001627,SP003366,10,PLY,GLC,PAD
SP001627,SP003368,10,PLY,GLC,PAD
SP001627,SP003372,10,PLY,GLC,PAD
SP001627,SP003616,43,PLY,GLC,LDS
SP001627,SP003651,10,PLY,GLC,PAD
SP001628,SP002336,32,PNZ,EDB,BHM
SP001628,SP002402,21,PNZ,EDB,EXD
SP001628,SP002404,11,PNZ,EDB,EXD
SP001628,SP002584,4,PNZ,EDB,NQY
SP001628,SP002649,14,PNZ,EDB,PLY
SP001628,SP002658,11,PNZ,EDB,PLY
SP001628,SP002663,13,PNZ,EDB,PLY
SP001628,SP003371,23,PNZ,EDB,PAD
SP001628,SP003649,26,PNZ,EDB,PAD
SP001628,SP004277,11,PNZ,EDB,PLY
SP001628,SP004492,11,PNZ,EDB,PLY
SP001628,SP004494,11,PNZ,EDB,PLY
SP001629,SP001681,8,WHP,SUO,ORP
SP001629,SP001778,11,WHP,SUO,SUO
SP001629,SP003915,6,WHP,SUO,RAI
SP001629,SP004591,6,WHP,SUO,RAI
SP001630,SP002743,5,KTN,SUO,GLM
SP001630,SP002746,5,KTN,SUO,RAI
SP001631,SP001658,5,BHM,CDF,PGN
SP001631,SP001682,4,BHM,CDF,RDG
SP001631,SP002039,5,BHM,CDF,CDF
SP001631,SP003971,5,BHM,CDF,WOF
SP001631,SP004179,5,BHM,CDF,BRI
SP001632,SP002149,3,MAN,HDF,YRK
SP001632,SP002978,3,MAN,HDF,YRK
SP001632,SP003048,3,MAN,HDF,NCL
SP001632,SP003058,3,MAN,HDF,HUL
SP001632,SP003072,3,MAN,HDF,SLB
SP001632,SP003074,3,MAN,HDF,YRK
SP001632,SP003075,3,MAN,HDF,YRK
SP001632,SP003134,3,MAN,HDF,NCL
SP001632,SP003279,3,MAN,HDF,YRK
SP001632,SP003960,3,MAN,HDF,YRK
SP001632,SP004027,3,MAN,HDF,RCC
SP001632,SP004138,3,MAN,HDF,DAR
SP001633,SP001660,10,DBY,CDF,PLY
SP001634,SP003282,4,BFR,ORP,RTR
SP001634,SP004528,4,BFR,ORP,MDE
SP001635,SP002095,7,NOT,CDF,CRE
SP001635,SP002243,7,NOT,CDF,DBY
SP001635,SP002465,4,NOT,CDF,STP
SP001635,SP002607,7,NOT,CDF,CRE
SP001636,SP001896,5,LES,FST,FST
SP001637,SP002522,6,ECR,WFJ,BAK
SP001638,SP001814,10,WFJ,ECR,IMW
SP001638,SP003341,10,WFJ,ECR,ECR
SP001640,SP001643,3,MYB,GER,HWY
SP001640,SP002429,3,MYB,GER,AYS
SP001640,SP002777,3,MYB,GER,OXF
SP001640,SP002783,3,MYB,GER,OXF
SP001640,SP002792,6,MYB,GER,HWY
SP001640,SP003190,6,MYB,GER,AYS
SP001640,SP003198,3,MYB,GER,BAN
SP001640,SP003410,6,MYB,GER,OXF
SP001640,SP003867,3,MYB,GER,OXF
SP001640,SP004114,3,MYB,GER,BCS
SP001640,SP004157,3,MYB,GER,BMO
SP001640,SP004159,6,MYB,GER,AYS
SP001640,SP004182,6,MYB,GER,AYS
SP001640,SP004185,3,MYB,GER,BAN
SP001640,SP004191,3,MYB,GER,SBJ
SP001640,SP004233,6,MYB,GER,WRU
SP001640,SP004257,3,MYB,GER,BMO
SP001640,SP004445,3,MYB,GER,BAN
SP001640,SP004479,3,MYB,GER,PRR
SP001640,SP004563,6,MYB,GER,OXF
SP001640,SP004608,3,MYB,GER,WCX
SP001640,SP004609,3,MYB,GER,GER
SP001640,SP004626,3,MYB,GER,OXF
SP001640,SP004635,7,MYB,GER,BMO
SP001640,SP004637,6,MYB,GER,AYS
SP001640,SP004639,3,MYB,GER,BAN
SP001640,SP004641,3,MYB,GER,BSW
SP001641,SP002660,3,SHF,MAN,LIV
SP001641,SP004011,9,SHF,MAN,MAN
SP001641,SP004377,8,SHF,MAN,MAN
SP001642,SP002332,4,HHD,MIA,CDF
SP001642,SP002839,25,HHD,MIA,MIA
SP001642,SP002859,4,HHD,MIA,CDF
SP001642,SP003120,4,HHD,MIA,EUS
SP001642,SP003173,4,HHD,MIA,CTR
SP001642,SP003340,4,HHD,MIA,EUS
SP001642,SP003359,4,HHD,MIA,CDF
SP001642,SP003586,15,HHD,MIA,CTR
SP001642,SP004015,4,HHD,MIA,BHM
SP001643,SP002429,11,MYB,HWY,AYS
SP001643,SP002777,5,MYB,HWY,OXF
SP001643,SP002783,5,MYB,HWY,OXF
SP001643,SP002792,3,MYB,HWY,HWY
SP001643,SP003190,3,MYB,HWY,AYS
SP001643,SP003198,5,MYB,HWY,BAN
SP001643,SP003410,3,MYB,HWY,OXF
SP001643,SP003867,5,MYB,HWY,OXF
SP001643,SP004114,11,MYB,HWY,BCS
SP001643,SP004157,5,MYB,HWY,BMO
SP001643,SP004159,3,MYB,HWY,AYS
SP001643,SP004182,3,MYB,HWY,AYS
SP001643,SP004185,6,MYB,HWY,BAN
SP001643,SP004191,5,MYB,HWY,SBJ
SP001643,SP004233,3,MYB,HWY,WRU
SP001643,SP004257,5,MYB,HWY,BMO
SP001643,SP004445,5,MYB,HWY,BAN
SP001643,SP004479,5,MYB,HWY,PRR
SP001643,SP004563,3,MYB,HWY,OXF
SP001643,SP004608,3,MYB,HWY,WCX
SP001643,SP004609,3,MYB,HWY,GER
SP001643,SP004626,6,MYB,HWY,OXF
SP001643,SP004635,3,MYB,HWY,BMO
SP001643,SP004637,3,MYB,HWY,AYS
SP001643,SP004639,6,MYB,HWY,BAN
SP001643,SP004641,5,MYB,HWY,BSW
SP001645,SP002628,6,NOT,GCR,MAT
SP001645,SP003251,6,NOT,GCR,CRE
SP001645,SP003381,27,NOT,GCR,CDF
SP001645,SP003404,3,NOT,GCR,LEI
SP001645,SP004260,3,NOT,GCR,STP
SP001647,SP001649,6,HWY,MYB,MYB
SP001647,SP004163,4,HWY,MYB,MYB
SP001648,SP001863,3,YRK,PLY,BBN
SP001648,SP002307,5,YRK,PLY,MAN
SP001648,SP004276,3,YRK,PLY,BPN
SP001648,SP004460,3,YRK,PLY,MAN
SP001649,SP004163,4,HWY,MYB,MYB
SP001650,SP003052,12,NCL,MBR,WTB
SP001650,SP003082,12,NCL,MBR,NNT
SP001650,SP003092,12,NCL,MBR,GTA
SP001651,SP002485,3,NBY,PAD,RDG
SP001651,SP003431,3,NBY,PAD,PAD
SP001651,SP004477,5,NBY,PAD,RDG
SP001652,SP001808,4,BDW,PAD,RDG
SP001652,SP003131,6,BDW,PAD,RDG
SP001652,SP003430,4,BDW,PAD,PAD
SP001652,SP004571,4,BDW,PAD,PAD
SP001653,SP001730,3,PMH,CDF,HRH
SP001653,SP001796,3,PMH,CDF,WIN
SP001653,SP001798,3,PMH,CDF,ESL
SP001653,SP001858,3,PMH,CDF,BTN
SP001653,SP001867,3,PMH,CDF,NEM
SP001653,SP001882,3,PMH,CDF,NEM
SP001653,SP002245,19,PMH,CDF,CDF
SP001653,SP002967,3,PMH,CDF,BOG
SP001653,SP002968,3,PMH,CDF,HRH
SP001653,SP003035,3,PMH,CDF,NEM
SP001653,SP003038,3,PMH,CDF,NEM
SP001653,SP003439,3,PMH,CDF,GLD
SP001653,SP003455,15,PMH,CDF,CDF
SP001653,SP003498,5,PMH,CDF,WSB
SP001653,SP003509,3,PMH,CDF,NEM
SP001653,SP003511,3,PMH,CDF,NEM
SP001653,SP003545,3,PMH,CDF,NEM
SP001653,SP003547,3,PMH,CDF,GTW
SP001653,SP004502,5,PMH,CDF,BRI
SP001654,SP001823,6,PAD,NBY,SWA
SP001654,SP001838,6,PAD,NBY,SWA
SP001654,SP001939,6,PAD,NBY,RDG
SP001654,SP002174,6,PAD,NBY,WSM
SP001654,SP002183,6,PAD,NBY,WSM
SP001654,SP002209,7,PAD,NBY,EXD
SP001654,SP002216,7,PAD,NBY,NQY
SP001654,SP002711,8,PAD,NBY,BDW
SP001654,SP003385,7,PAD,NBY,PGN
SP001654,SP003417,6,PAD,NBY,CDF
SP001654,SP003420,6,PAD,NBY,WOS
SP001654,SP003428,8,PAD,NBY,WSB
SP001654,SP003429,6,PAD,NBY,CMN
SP001654,SP003434,6,PAD,NBY,SWA
SP001654,SP003440,6,PAD,NBY,SWA
SP001654,SP003448,6,PAD,NBY,TAU
SP001654,SP003480,7,PAD,NBY,PNZ
SP001654,SP003591,3,PAD,NBY,RDG
SP001654,SP003666,6,PAD,NBY,TAU
SP001654,SP003788,6,PAD,NBY,SWA
SP001654,SP004186,8,PAD,NBY,FRO
SP001654,SP004248,6,PAD,NBY,WPH
SP001654,SP004338,6,PAD,NBY,BPW
SP001654,SP004416,6,PAD,NBY,BDW
SP001654,SP004476,6,PAD,NBY,BAN
SP001654,SP004599,6,PAD,NBY,WOS
SP001655,SP002068,11,ABD,PLY,EDB
SP001655,SP003116,11,ABD,PLY,DON
SP001657,SP001659,8,NCL,RDG,RDG
SP001657,SP001667,6,NCL,RDG,PLY
SP001657,SP001683,16,NCL,RDG,RDG
SP001657,SP001878,16,NCL,RDG,RDG
SP001657,SP004589,7,NCL,RDG,KGX
SP001658,SP001682,4,BHM,PGN,RDG
SP001658,SP002039,9,BHM,PGN,CDF
SP001658,SP003971,9,BHM,PGN,WOF
SP001658,SP004179,17,BHM,PGN,BRI
SP001659,SP001667,6,NCL,RDG,PLY
SP001659,SP001683,8,NCL,RDG,RDG
SP001659,SP001878,8,NCL,RDG,RDG
SP001659,SP004589,7,NCL,RDG,KGX
SP001661,SP003243,4,GLM,LUT,XVJ
SP001661,SP003281,4,GLM,LUT,BFR
SP001661,SP004531,4,GLM,LUT,CST
SP001661,SP004536,4,GLM,LUT,CST
SP001662,SP003054,3,SUR,EAD,RAY
SP001665,SP002289,31,RAI,KTN,WHP
SP001665,SP002797,27,RAI,KTN,WHP
SP001665,SP002803,14,RAI,KTN,DFD
SP001666,SP001669,32,MAN,PGN,PGN
SP001666,SP001672,32,MAN,PGN,BRI
SP001666,SP001731,3,MAN,PGN,SOT
SP001666,SP001774,17,MAN,PGN,RDG
SP001666,SP001780,3,MAN,PGN,SOT
SP001666,SP002857,3,MAN,PGN,MFH
SP001666,SP002858,3,MAN,PGN,CDF
SP001666,SP003253,8,MAN,PGN,EUS
SP001666,SP003266,13,MAN,PGN,EUS
SP001666,SP003377,17,MAN,PGN,SOU
SP001666,SP003485,3,MAN,PGN,CDF
SP001666,SP003488,3,MAN,PGN,CDF
SP001666,SP003492,3,MAN,PGN,CRE
SP001666,SP003590,3,MAN,PGN,FGH
SP001666,SP003617,3,MAN,PGN,CDF
SP001666,SP003676,3,MAN,PGN,CDF
SP001666,SP003678,3,MAN,PGN,FGH
SP001666,SP003686,3,MAN,PGN,PMD
SP001666,SP003692,3,MAN,PGN,CMN
SP001666,SP004023,8,MAN,PGN,EUS
SP001666,SP004209,3,MAN,PGN,SHR
SP001666,SP004402,3,MAN,PGN,MAC
SP001666,SP004565,3,MAN,PGN,MFH
SP001667,SP001683,6,NCL,PLY,RDG
SP001667,SP001878,6,NCL,PLY,RDG
SP001667,SP004589,6,NCL,PLY,KGX
SP001668,SP003688,8,DMR,LRH,ADR
SP001669,SP001672,32,MAN,PGN,BRI
SP001669,SP001731,3,MAN,PGN,SOT
SP001669,SP001774,17,MAN,PGN,RDG
SP001669,SP001780,3,MAN,PGN,SOT
SP001669,SP002857,3,MAN,PGN,MFH
SP001669,SP002858,3,MAN,PGN,CDF
SP001669,SP003253,8,MAN,PGN,EUS
SP001669,SP003266,13,MAN,PGN,EUS
SP001669,SP003377,17,MAN,PGN,SOU
SP001669,SP003485,3,MAN,PGN,CDF
SP001669,SP003488,3,MAN,PGN,CDF
SP001669,SP003492,3,MAN,PGN,CRE
SP001669,SP003590,3,MAN,PGN,FGH
SP001669,SP003617,3,MAN,PGN,CDF
SP001669,SP003676,3,MAN,PGN,CDF
SP001669,SP003678,3,MAN,PGN,FGH
SP001669,SP003686,3,MAN,PGN,PMD
SP001669,SP003692,3,MAN,PGN,CMN
SP001669,SP004023,8,MAN,PGN,EUS
SP001669,SP004209,3,MAN,PGN,SHR
SP001669,SP004402,3,MAN,PGN,MAC
SP001669,SP004565,3,MAN,PGN,MFH
SP001670,SP002517,3,MIA,WDM,YRK
SP001670,SP003711,3,MIA,WDM,BPN
SP001670,SP004118,3,MIA,WDM,LIV
SP001670,SP004489,3,MIA,WDM,CLE
SP001670,SP004503,3,MIA,WDM,BIF
SP001670,SP004572,3,MIA,WDM,BPN
SP001670,SP004585,3,MIA,WDM,SCA
SP001671,SP001674,43,EDB,PLY,CDF
SP001671,SP001676,47,EDB,PLY,PLY
SP001671,SP001680,43,EDB,PLY,BRI
SP001671,SP001876,47,EDB,PLY,PNZ
SP001671,SP001877,14,EDB,PLY,KGX
SP001671,SP002344,14,EDB,PLY,KGX
SP001671,SP002854,8,EDB,PLY,NCL
SP001671,SP002942,10,EDB,PLY,KGX
SP001671,SP002958,14,EDB,PLY,KGX
SP001671,SP003384,47,EDB,PLY,BRI
SP001671,SP003476,14,EDB,PLY,KGX
SP001671,SP004602,14,EDB,PLY,KGX
SP001672,SP001731,3,MAN,BRI,SOT
SP001672,SP001774,17,MAN,BRI,RDG
SP001672,SP001780,3,MAN,BRI,SOT
SP001672,SP002857,3,MAN,BRI,MFH
SP001672,SP002858,3,MAN,BRI,CDF
SP001672,SP003253,8,MAN,BRI,EUS
SP001672,SP003266,13,MAN,BRI,EUS
SP001672,SP003377,17,MAN,BRI,SOU
SP001672,SP003485,3,MAN,BRI,CDF
SP001672,SP003488,3,MAN,BRI,CDF
SP001672,SP003492,3,MAN,BRI,CRE
SP001672,SP003590,3,MAN,BRI,FGH
SP001672,SP003617,3,MAN,BRI,CDF
SP001672,SP003676,3,MAN,BRI,CDF
SP001672,SP003678,3,MAN,BRI,FGH
SP001672,SP003686,3,MAN,BRI,PMD
SP001672,SP003692,3,MAN,BRI,CMN
SP001672,SP004023,8,MAN,BRI,EUS
SP001672,SP004209,3,MAN,BRI,SHR
SP001672,SP004402,3,MAN,BRI,MAC
SP001672,SP004565,3,MAN,BRI,MFH
SP001673,SP001742,3,NEM,BSK,PMS
SP001673,SP001744,3,NEM,BSK,HSL
SP001673,SP001849,3,NEM,BSK,SOU
SP001673,SP001850,3,NEM,BSK,FRM
SP001673,SP003109,3,NEM,BSK,YVJ
SP001673,SP003123,3,NEM,BSK,PMH
SP001673,SP003518,4,NEM,BSK,AON
SP001673,SP003844,3,NEM,BSK,BMH
SP001673,SP003846,3,NEM,BSK,BMH
SP001673,SP003849,3,NEM,BSK,BMH
SP001673,SP003851,3,NEM,BSK,SOU
SP001673,SP003871,3,NEM,BSK,SAL
SP001673,SP003917,3,NEM,BSK,BMH
SP001673,SP003939,3,NEM,BSK,PTR
SP001673,SP004198,3,NEM,BSK,POO
SP001674,SP001676,43,EDB,CDF,PLY
SP001674,SP001680,44,EDB,CDF,BRI
SP001674,SP001876,43,EDB,CDF,PNZ
SP001674,SP001877,14,EDB,CDF,KGX
SP001674,SP002344,14,EDB,CDF,KGX
SP001674,SP002854,8,EDB,CDF,NCL
SP001674,SP002942,10,EDB,CDF,KGX
SP001674,SP002958,14,EDB,CDF,KGX
SP001674,SP003384,43,EDB,CDF,BRI
SP001674,SP003476,14,EDB,CDF,KGX
SP001674,SP004602,14,EDB,CDF,KGX
SP001675,SP003528,12,NEM,BSK,SOU
SP001675,SP003544,12,NEM,BSK,PMH
SP001675,SP003928,5,NEM,BSK,BSK
SP001676,SP001680,43,EDB,PLY,BRI
SP001676,SP001876,58,EDB,PLY,PNZ
SP001676,SP001877,14,EDB,PLY,KGX
SP001676,SP002344,14,EDB,PLY,KGX
SP001676,SP002854,8,EDB,PLY,NCL
SP001676,SP002942,10,EDB,PLY,KGX
SP001676,SP002958,14,EDB,PLY,KGX
SP001676,SP003384,47,EDB,PLY,BRI
SP001676,SP003476,14,EDB,PLY,KGX
SP001676,SP004602,14,EDB,PLY,KGX
SP001677,SP002219,4,LUT,ORP,GTW
SP001677,SP002225,4,LUT,ORP,TBD
SP001677,SP003020,18,LUT,ORP,SUO
SP001677,SP004219,4,LUT,ORP,GTW
SP001678,SP001690,7,MOG,SVG,HFN
SP001678,SP001695,7,MOG,SVG,HFN
SP001678,SP001703,7,MOG,SVG,WGC
SP001678,SP002144,7,MOG,SVG,HFN
SP001678,SP002297,8,MOG,SVG,WGC
SP001678,SP002299,8,MOG,SVG,WGC
SP001678,SP002342,7,MOG,SVG,GDH
SP001678,SP002753,6,MOG,SVG,FPK
SP001678,SP003174,7,MOG,SVG,LET
SP001678,SP003376,6,MOG,SVG,WGC
SP001679,SP001693,7,BSK,NEM,NEM
SP001679,SP002622,5,BSK,NEM,NEM
SP001679,SP004468,7,BSK,NEM,WOK
SP001680,SP001876,43,EDB,BRI,PNZ
SP001680,SP001877,14,EDB,BRI,KGX
SP001680,SP002344,14,EDB,BRI,KGX
SP001680,SP002854,8,EDB,BRI,NCL
SP001680,SP002942,10,EDB,BRI,KGX
SP001680,SP002958,14,EDB,BRI,KGX
SP001680,SP003384,43,EDB,BRI,BRI
SP001680,SP003476,14,EDB,BRI,KGX
SP001680,SP004602,14,EDB,BRI,KGX
SP001681,SP001778,8,WHP,ORP,SUO
SP001681,SP003915,6,WHP,ORP,RAI
SP001681,SP004591,6,WHP,ORP,RAI
SP001682,SP002039,4,BHM,RDG,CDF
SP001682,SP003971,4,BHM,RDG,WOF
SP001682,SP004179,4,BHM,RDG,BRI
SP001683,SP001878,34,NCL,RDG,RDG
SP001683,SP004589,7,NCL,RDG,KGX
SP001684,SP001689,3,MCV,BBN,BBN
SP001684,SP001775,3,MCV,BBN,WGN
SP001684,SP001802,3,MCV,BBN,HBL
SP001684,SP001860,3,MCV,BBN,WGN
SP001684,SP001890,3,MCV,BBN,SOP
SP001684,SP002005,3,MCV,BBN,WGW
SP001684,SP002011,3,MCV,BBN,HBL
SP001684,SP002012,3,MCV,BBN,HBL
SP001684,SP002018,3,MCV,BBN,WGN
SP001684,SP002019,3,MCV,BBN,WGW
SP001684,SP002341,3,MCV,BBN,WGW
SP001684,SP002390,3,MCV,BBN,SOP
SP001684,SP003433,3,MCV,BBN,HBL
SP001684,SP003824,3,MCV,BBN,WGW
SP001685,SP001705,8,EBN,AFK,HGS
SP001685,SP001929,4,EBN,AFK,AFK
SP001685,SP001964,4,EBN,AFK,AFK
SP001685,SP001969,4,EBN,AFK,AFK
SP001685,SP002248,9,EBN,AFK,ORE
SP001685,SP002503,3,EBN,AFK,XSU
SP001685,SP003759,3,EBN,AFK,BAL
SP001685,SP003812,3,EBN,AFK,HHE
SP001685,SP004147,3,EBN,AFK,HHE
SP001685,SP004505,3,EBN,AFK,BAK
SP001685,SP004595,3,EBN,AFK,WSW
SP001686,SP001688,9,BDM,RAI,RAI
SP001686,SP002054,9,BDM,RAI,TBD
SP001686,SP002151,9,BDM,RAI,TBD
SP001686,SP002165,6,BDM,RAI,EGR
SP001686,SP002259,6,BDM,RAI,TBD
SP001686,SP002981,9,BDM,RAI,BTN
SP001686,SP003452,9,BDM,RAI,GTW
SP001686,SP003483,9,BDM,RAI,BTN
SP001688,SP002054,18,BDM,RAI,TBD
SP001688,SP002151,18,BDM,RAI,TBD
SP001688,SP002165,6,BDM,RAI,EGR
SP001688,SP002259,6,BDM,RAI,TBD
SP001688,SP002981,10,BDM,RAI,BTN
SP001688,SP003452,18,BDM,RAI,GTW
SP001688,SP003483,10,BDM,RAI,BTN
SP001689,SP001775,3,MCV,BBN,WGN
SP001689,SP001802,3,MCV,BBN,HBL
SP001689,SP001860,3,MCV,BBN,WGN
SP001689,SP001890,3,MCV,BBN,SOP
SP001689,SP002005,3,MCV,BBN,WGW
SP001689,SP002011,3,MCV,BBN,HBL
SP001689,SP002012,3,MCV,BBN,HBL
SP001689,SP002018,3,MCV,BBN,WGN
SP001689,SP002019,3,MCV,BBN,WGW
SP001689,SP002341,3,MCV,BBN,WGW
SP001689,SP002390,3,MCV,BBN,SOP
SP001689,SP003433,3,MCV,BBN,HBL
SP001689,SP003824,3,MCV,BBN,WGW
SP001690,SP001695,17,MOG,HFN,HFN
SP001690,SP001703,9,MOG,HFN,WGC
SP001690,SP002144,15,MOG,HFN,HFN
SP001690,SP002297,7,MOG,HFN,WGC
SP001690,SP002299,7,MOG,HFN,WGC
SP001690,SP002342,15,MOG,HFN,GDH
SP001690,SP002753,6,MOG,HFN,FPK
SP001690,SP003174,19,MOG,HFN,LET
SP001690,SP003376,6,MOG,HFN,WGC
SP001691,SP002654,7,DBY,NOT,STP
SP001691,SP003210,4,DBY,NOT,STP
SP001692,SP002340,11,HFN,MOG,MOG
SP001692,SP002512,11,HFN,MOG,FPK
SP001693,SP002622,5,BSK,NEM,NEM
SP001693,SP004468,7,BSK,NEM,WOK
SP001694,SP002159,3,CBG,SSD,BTN
SP001694,SP002171,3,CBG,SSD,BTN
SP001694,SP002185,3,CBG,SSD,BTN
SP001694,SP002433,3,CBG,SSD,SSD
SP001694,SP002754,3,CBG,SSD,KGX
SP001694,SP002780,3,CBG,SSD,KGX
SP001694,SP002782,3,CBG,SSD,KGX
SP001694,SP003025,3,CBG,SSD,KGX
SP001694,SP003287,3,CBG,SSD,KGX
SP001694,SP003515,3,CBG,SSD,KGX
SP001694,SP003587,3,CBG,SSD,KGX
SP001694,SP003931,3,CBG,SSD,LST
SP001694,SP003936,3,CBG,SSD,LST
SP001694,SP003938,3,CBG,SSD,LST
SP001694,SP004008,3,CBG,SSD,KGX
SP001694,SP004071,3,CBG,SSD,LST
SP001694,SP004164,3,CBG,SSD,LST
SP001694,SP004166,3,CBG,SSD,LST
SP001694,SP004168,3,CBG,SSD,LST
SP001694,SP004225,3,CBG,SSD,SRA
SP001694,SP004481,3,CBG,SSD,BTN
SP001694,SP004568,3,CBG,SSD,LST
SP001694,SP004632,3,CBG,SSD,BIS
SP001695,SP001703,9,MOG,HFN,WGC
SP001695,SP002144,15,MOG,HFN,HFN
SP001695,SP002297,7,MOG,HFN,WGC
SP001695,SP002299,7,MOG,HFN,WGC
SP001695,SP002342,15,MOG,HFN,GDH
SP001695,SP002753,6,MOG,HFN,FPK
SP001695,SP003174,17,MOG,HFN,LET
SP001695,SP003376,6,MOG,HFN,WGC
SP001696,SP001859,4,MAN,HDF,RSH
SP001696,SP003663,10,MAN,HDF,GLO
SP001700,SP001713,6,CSS,EAD,RAY
SP001702,SP002337,5,LST,SOV,SNF
SP001702,SP002388,5,LST,SOV,CET
SP001702,SP002507,8,LST,SOV,COL
SP001702,SP002519,5,LST,SOV,CLT
SP001702,SP002684,14,LST,SOV,SOV
SP001702,SP003126,5,LST,SOV,COL
SP001702,SP003202,4,LST,SOV,COL
SP001702,SP003205,5,LST,SOV,CLT
SP001702,SP003297,4,LST,SOV,SOV
SP001702,SP003598,5,LST,SOV,GDP
SP001702,SP003738,5,LST,SOV,HWC
SP001702,SP003741,5,LST,SOV,HPQ
SP001702,SP003743,5,LST,SOV,HPQ
SP001702,SP003905,5,LST,SOV,WTM
SP001702,SP003908,5,LST,SOV,WTM
SP001702,SP003910,5,LST,SOV,BTR
SP001702,SP003922,5,LST,SOV,COL
SP001702,SP003923,5,LST,SOV,COL
SP001702,SP003926,5,LST,SOV,COL
SP001702,SP003947,5,LST,SOV,SMN
SP001702,SP003948,7,LST,SOV,SOV
SP001702,SP003999,5,LST,SOV,CLT
SP001702,SP004024,5,LST,SOV,CLT
SP001702,SP004028,5,LST,SOV,CLT
SP001702,SP004029,5,LST,SOV,CLT
SP001702,SP004039,5,LST,SOV,CLT
SP001702,SP004049,5,LST,SOV,IPS
SP001702,SP004050,5,LST,SOV,IPS
SP001702,SP004053,5,LST,SOV,IPS
SP001702,SP004153,5,LST,SOV,WTM
SP001702,SP004622,4,LST,SOV,SOV
SP001703,SP002144,9,MOG,WGC,HFN
SP001703,SP002297,7,MOG,WGC,WGC
SP001703,SP002299,7,MOG,WGC,WGC
SP001703,SP002342,9,MOG,WGC,GDH
SP001703,SP002753,6,MOG,WGC,FPK
SP001703,SP003174,9,MOG,WGC,LET
SP001703,SP003376,6,MOG,WGC,WGC
SP001705,SP001929,4,EBN,HGS,AFK
SP001705,SP001964,4,EBN,HGS,AFK
SP001705,SP001969,4,EBN,HGS,AFK
SP001705,SP002248,8,EBN,HGS,ORE
SP001705,SP002503,3,EBN,HGS,XSU
SP001705,SP003759,3,EBN,HGS,BAL
SP001705,SP003812,3,EBN,HGS,HHE
SP001705,SP004147,3,EBN,HGS,HHE
SP001705,SP004505,3,EBN,HGS,BAK
SP001705,SP004595,3,EBN,HGS,WSW
SP001707,SP001931,3,SHR,BHM,STA
SP001707,SP002065,3,SHR,BHM,BHM
SP001707,SP002066,3,SHR,BHM,BHM
SP001707,SP002701,12,SHR,BHM,BHM
SP001708,SP002375,5,HPQ,LST,LST
SP001710,SP001712,4,BHI,RGL,RGL
SP001710,SP002069,6,BHI,RGL,BHM
SP001710,SP002343,4,BHI,RGL,BHM
SP001711,SP002397,9,HNX,OMS,SDL
SP001711,SP003460,7,HNX,OMS,LVC
SP001712,SP002069,4,BHI,RGL,BHM
SP001712,SP002343,7,BHI,RGL,BHM
SP001714,SP003311,6,ACT,AHT,FNH
SP001715,SP001717,14,RGL,BHI,BHI
SP001715,SP002234,13,RGL,BHI,BHM
SP001715,SP004051,10,RGL,BHI,BHM
SP001717,SP002234,13,RGL,BHI,BHM
SP001717,SP004051,10,RGL,BHI,BHM
SP001718,SP001734,3,XSU,SUO,EPS
SP001718,SP001762,7,XSU,SUO,BAK
SP001718,SP002173,3,XSU,SUO,HRH
SP001718,SP002194,4,XSU,SUO,EGR
SP001718,SP002256,3,XSU,SUO,TBD
SP001718,SP002498,3,XSU,SUO,EBN
SP001718,SP002506,3,XSU,SUO,LIT
SP001718,SP002516,3,XSU,SUO,BOG
SP001718,SP002725,3,XSU,SUO,EGR
SP001718,SP002810,3,XSU,SUO,CAT
SP001718,SP003112,3,XSU,SUO,CAT
SP001718,SP003228,10,XSU,SUO,ECR
SP001718,SP003249,3,XSU,SUO,ECR
SP001718,SP003838,10,XSU,SUO,CAT
SP001719,SP001720,9,HDF,MAN,MAN
SP001719,SP001721,9,HDF,MAN,MAN
SP001719,SP001722,9,HDF,MAN,MAN
SP001720,SP001721,9,HDF,MAN,MAN
SP001720,SP001722,10,HDF,MAN,MAN
SP001721,SP001722,9,HDF,MAN,MAN
SP001723,SP002096,3,BAK,EPS,SRS
SP001723,SP002206,3,BAK,EPS,EPD
SP001723,SP002258,3,BAK,EPS,EGR
SP001723,SP002444,3,BAK,EPS,ECR
SP001723,SP003643,3,BAK,EPS,SRH
SP001724,SP002115,10,HOV,BOG,BOG
SP001725,SP001827,4,IMW,SPB,WFJ
SP001726,SP001727,4,KGX,CBG,CBG
SP001726,SP001880,4,KGX,CBG,BEV
SP001726,SP002020,4,KGX,CBG,PBO
SP001726,SP002317,3,KGX,CBG,NCL
SP001726,SP002335,3,KGX,CBG,LDS
SP001726,SP002354,8,KGX,CBG,RYS
SP001726,SP002363,4,KGX,CBG,LET
SP001726,SP002493,3,KGX,CBG,HFN
SP001726,SP002494,3,KGX,CBG,RYS
SP001726,SP002502,3,KGX,CBG,CBG
SP001726,SP002602,3,KGX,CBG,WGC
SP001726,SP002623,3,KGX,CBG,PBO
SP001726,SP002755,4,KGX,CBG,CBG
SP001726,SP002757,8,KGX,CBG,CBG
SP001726,SP002761,4,KGX,CBG,LET
SP001726,SP002762,8,KGX,CBG,CBG
SP001726,SP002765,3,KGX,CBG,CBG
SP001726,SP002914,4,KGX,CBG,KLN
SP001726,SP002940,3,KGX,CBG,EDB
SP001726,SP002953,4,KGX,CBG,EDB
SP001726,SP002960,4,KGX,CBG,LDS
SP001726,SP002973,3,KGX,CBG,HFN
SP001726,SP003030,3,KGX,CBG,WGC
SP001726,SP003175,3,KGX,CBG,HFN
SP001726,SP003176,4,KGX,CBG,RYS
SP001726,SP003225,4,KGX,CBG,WGC
SP001726,SP003254,4,KGX,CBG,PBO
SP001726,SP003540,4,KGX,CBG,GLQ
SP001726,SP003600,4,KGX,CBG,CBG
SP001726,SP003658,4,KGX,CBG,ELY
SP001726,SP003667,4,KGX,CBG,YRK
SP001726,SP003669,4,KGX,CBG,INV
SP001726,SP003855,3,KGX,CBG,ABD
SP001726,SP003859,3,KGX,CBG,LDS
SP001726,SP004237,3,KGX,CBG,PBO
SP001727,SP001880,9,KGX,CBG,BEV
SP001727,SP002020,9,KGX,CBG,PBO
SP001727,SP002317,3,KGX,CBG,NCL
SP001727,SP002335,3,KGX,CBG,LDS
SP001727,SP002354,4,KGX,CBG,RYS
SP001727,SP002363,5,KGX,CBG,LET
SP001727,SP002493,3,KGX,CBG,HFN
SP001727,SP002494,3,KGX,CBG,RYS
SP001727,SP002502,3,KGX,CBG,CBG
SP001727,SP002602,3,KGX,CBG,WGC
SP001727,SP002623,3,KGX,CBG,PBO
SP001727,SP002755,4,KGX,CBG,CBG
SP001727,SP002757,4,KGX,CBG,CBG
SP001727,SP002761,4,KGX,CBG,LET
SP001727,SP002762,4,KGX,CBG,CBG
SP001727,SP002765,3,KGX,CBG,CBG
SP001727,SP002914,17,KGX,CBG,KLN
SP001727,SP002940,3,KGX,CBG,EDB
SP001727,SP002953,9,KGX,CBG,EDB
SP001727,SP002960,4,KGX,CBG,LDS
SP001727,SP002973,3,KGX,CBG,HFN
SP001727,SP003030,3,KGX,CBG,WGC
SP001727,SP003175,3,KGX,CBG,HFN
SP001727,SP003176,4,KGX,CBG,RYS
SP001727,SP003225,4,KGX,CBG,WGC
SP001727,SP003254,4,KGX,CBG,PBO
SP001727,SP003540,9,KGX,CBG,GLQ
SP001727,SP003600,13,KGX,CBG,CBG
SP001727,SP003658,4,KGX,CBG,ELY
SP001727,SP003667,4,KGX,CBG,YRK
SP001727,SP003669,9,KGX,CBG,INV
SP001727,SP003855,3,KGX,CBG,ABD
SP001727,SP003859,3,KGX,CBG,LDS
SP001727,SP004237,3,KGX,CBG,PBO
SP001730,SP001796,4,PMH,HRH,WIN
SP001730,SP001798,4,PMH,HRH,ESL
SP001730,SP001858,6,PMH,HRH,BTN
SP001730,SP001867,6,PMH,HRH,NEM
SP001730,SP001882,4,PMH,HRH,NEM
SP001730,SP002245,3,PMH,HRH,CDF
SP001730,SP002967,3,PMH,HRH,BOG
SP001730,SP002968,4,PMH,HRH,HRH
SP001730,SP003035,4,PMH,HRH,NEM
SP001730,SP003038,3,PMH,HRH,NEM
SP001730,SP003439,6,PMH,HRH,GLD
SP001730,SP003455,3,PMH,HRH,CDF
SP001730,SP003498,3,PMH,HRH,WSB
SP001730,SP003509,3,PMH,HRH,NEM
SP001730,SP003511,4,PMH,HRH,NEM
SP001730,SP003545,4,PMH,HRH,NEM
SP001730,SP003547,4,PMH,HRH,GTW
SP001730,SP004502,3,PMH,HRH,BRI
SP001731,SP001774,3,MAN,SOT,RDG
SP001731,SP001780,10,MAN,SOT,SOT
SP001731,SP002857,3,MAN,SOT,MFH
SP001731,SP002858,3,MAN,SOT,CDF
SP001731,SP003253,3,MAN,SOT,EUS
SP001731,SP003266,3,MAN,SOT,EUS
SP001731,SP003377,3,MAN,SOT,SOU
SP001731,SP003485,3,MAN,SOT,CDF
SP001731,SP003488,3,MAN,SOT,CDF
SP001731,SP003492,3,MAN,SOT,CRE
SP001731,SP003590,3,MAN,SOT,FGH
SP001731,SP003617,3,MAN,SOT,CDF
SP001731,SP003676,3,MAN,SOT,CDF
SP001731,SP003678,3,MAN,SOT,FGH
SP001731,SP003686,3,MAN,SOT,PMD
SP001731,SP003692,3,MAN,SOT,CMN
SP001731,SP004023,3,MAN,SOT,EUS
SP001731,SP004209,3,MAN,SOT,SHR
SP001731,SP004402,8,MAN,SOT,MAC
SP001731,SP004565,3,MAN,SOT,MFH
SP001733,SP002945,6,RCD,LDS,LDS
SP001733,SP003695,9,RCD,LDS,LDS
SP001734,SP001762,3,XSU,EPS,BAK
SP001734,SP002173,5,XSU,EPS,HRH
SP001734,SP002194,3,XSU,EPS,EGR
SP001734,SP002256,5,XSU,EPS,TBD
SP001734,SP002498,5,XSU,EPS,EBN
SP001734,SP002506,5,XSU,EPS,LIT
SP001734,SP002516,5,XSU,EPS,BOG
SP001734,SP002725,5,XSU,EPS,EGR
SP001734,SP002810,5,XSU,EPS,CAT
SP001734,SP003112,3,XSU,EPS,CAT
SP001734,SP003228,3,XSU,EPS,ECR
SP001734,SP003249,5,XSU,EPS,ECR
SP001734,SP003838,3,XSU,EPS,CAT
SP001735,SP004096,5,BHM,NOT,NOT
SP001735,SP004104,4,BHM,NOT,LEI
SP001736,SP002950,7,MAN,MIA,CRE
SP001736,SP004042,6,MAN,MIA,CRE
SP001740,SP001953,4,MAN,HAZ,MAC
SP001740,SP002636,4,MAN,HAZ,ALD
SP001740,SP003076,7,MAN,HAZ,SHF
SP001740,SP003145,4,MAN,HAZ,FGH
SP001741,SP001761,9,QRB,KNG,HOU
SP001741,SP001829,4,QRB,KNG,TWI
SP001741,SP001831,4,QRB,KNG,HOU
SP001741,SP003306,10,QRB,KNG,STW
SP001741,SP003557,4,QRB,KNG,WOK
SP001742,SP001744,10,NEM,PMS,HSL
SP001742,SP001849,16,NEM,PMS,SOU
SP001742,SP001850,15,NEM,PMS,FRM
SP001742,SP003109,3,NEM,PMS,YVJ
SP001742,SP003123,3,NEM,PMS,PMH
SP001742,SP003518,3,NEM,PMS,AON
SP001742,SP003844,3,NEM,PMS,BMH
SP001742,SP003846,3,NEM,PMS,BMH
SP001742,SP003849,3,NEM,PMS,BMH
SP001742,SP003851,3,NEM,PMS,SOU
SP001742,SP003871,3,NEM,PMS,SAL
SP001742,SP003917,3,NEM,PMS,BMH
SP001742,SP003939,3,NEM,PMS,PTR
SP001742,SP004198,3,NEM,PMS,POO
SP001743,SP002160,12,LAN,BIF,CKL
SP001743,SP002170,12,LAN,BIF,CKL
SP001743,SP002885,3,LAN,BIF,LDS
SP001743,SP002892,3,LAN,BIF,SKI
SP001743,SP003110,3,LAN,BIF,LDS
SP001743,SP004265,6,LAN,BIF,BIF
SP001743,SP004267,12,LAN,BIF,MLM
SP001743,SP004355,3,LAN,BIF,MCM
SP001744,SP001849,10,NEM,HSL,SOU
SP001744,SP001850,10,NEM,HSL,FRM
SP001744,SP003109,3,NEM,HSL,YVJ
SP001744,SP003123,3,NEM,HSL,PMH
SP001744,SP003518,3,NEM,HSL,AON
SP001744,SP003844,3,NEM,HSL,BMH
SP001744,SP003846,3,NEM,HSL,BMH
SP001744,SP003849,3,NEM,HSL,BMH
SP001744,SP003851,3,NEM,HSL,SOU
SP001744,SP003871,3,NEM,HSL,SAL
SP001744,SP003917,3,NEM,HSL,BMH
SP001744,SP003939,3,NEM,HSL,PTR
SP001744,SP004198,3,NEM,HSL,POO
SP001747,SP001750,7,AON,NEM,NEM
SP001747,SP003840,3,AON,NEM,FNH
SP001748,SP003011,17,LRH,DMR,MLN
SP001748,SP003864,17,LRH,DMR,GRS
SP001749,SP003098,7,SOU,WOK,BTN
SP001749,SP003293,7,SOU,WOK,HRH
SP001749,SP003682,7,SOU,WOK,BTN
SP001749,SP004200,7,SOU,WOK,BTN
SP001749,SP004202,9,SOU,WOK,BTN
SP001749,SP004208,7,SOU,WOK,BTN
SP001750,SP003840,3,AON,NEM,FNH
SP001756,SP001759,6,RSH,MAN,MAN
SP001757,SP003944,4,SAL,ROM,SAL
SP001758,SP002439,10,DEE,ABD,INV
SP001758,SP003886,5,DEE,ABD,ARB
SP001761,SP001829,4,QRB,HOU,TWI
SP001761,SP001831,4,QRB,HOU,HOU
SP001761,SP003306,9,QRB,HOU,STW
SP001761,SP003557,4,QRB,HOU,WOK
SP001762,SP002173,3,XSU,BAK,HRH
SP001762,SP002194,4,XSU,BAK,EGR
SP001762,SP002256,3,XSU,BAK,TBD
SP001762,SP002498,3,XSU,BAK,EBN
SP001762,SP002506,3,XSU,BAK,LIT
SP001762,SP002516,3,XSU,BAK,BOG
SP001762,SP002725,3,XSU,BAK,EGR
SP001762,SP002810,3,XSU,BAK,CAT
SP001762,SP003112,3,XSU,BAK,CAT
SP001762,SP003228,7,XSU,BAK,ECR
SP001762,SP003249,3,XSU,BAK,ECR
SP001762,SP003838,7,XSU,BAK,CAT
SP001763,SP003161,5,NOT,SKG,PBO
SP001764,SP002499,10,SOT,MAN,MAN
SP001765,SP002504,11,SOT,MAN,MAN
SP001766,SP001800,3,SNS,QRB,QRB
SP001766,SP004313,3,SNS,QRB,QRB
SP001768,SP002417,9,WSB,CDF,BRI
SP001768,SP003487,3,WSB,CDF,GCR
SP001768,SP004646,3,WSB,CDF,BTH
SP001771,SP002921,5,PAD,HWV,SWA
SP001771,SP002975,5,PAD,HWV,GMV
SP001771,SP003349,5,PAD,HWV,SWA
SP001771,SP003351,5,PAD,HWV,OXF
SP001772,SP002046,4,HWV,PAD,SNF
SP001772,SP003213,4,HWV,PAD,PAD
SP001772,SP003322,4,HWV,PAD,ABX
SP001772,SP003522,6,HWV,PAD,SNF
SP001772,SP003636,6,HWV,PAD,PAD
SP001773,SP002013,3,BTN,PMH,LIT
SP001773,SP002189,3,BTN,PMH,PMH
SP001773,SP003067,3,BTN,PMH,SOU
SP001773,SP003069,3,BTN,PMH,SOU
SP001773,SP003070,3,BTN,PMH,SOU
SP001773,SP003073,3,BTN,PMH,SOU
SP001773,SP003500,3,BTN,PMH,SOU
SP001773,SP004135,3,BTN,PMH,SOU
SP001774,SP001780,3,MAN,RDG,SOT
SP001774,SP002857,3,MAN,RDG,MFH
SP001774,SP002858,3,MAN,RDG,CDF
SP001774,SP003253,8,MAN,RDG,EUS
SP001774,SP003266,13,MAN,RDG,EUS
SP001774,SP003377,29,MAN,RDG,SOU
SP001774,SP003485,3,MAN,RDG,CDF
SP001774,SP003488,3,MAN,RDG,CDF
SP001774,SP003492,3,MAN,RDG,CRE
SP001774,SP003590,3,MAN,RDG,FGH
SP001774,SP003617,3,MAN,RDG,CDF
SP001774,SP003676,3,MAN,RDG,CDF
SP001774,SP003678,3,MAN,RDG,FGH
SP001774,SP003686,3,MAN,RDG,PMD
SP001774,SP003692,3,MAN,RDG,CMN
SP001774,SP004023,8,MAN,RDG,EUS
SP001774,SP004209,3,MAN,RDG,SHR
SP001774,SP004402,3,MAN,RDG,MAC
SP001774,SP004565,3,MAN,RDG,MFH
SP001775,SP001802,3,MCV,WGN,HBL
SP001775,SP001860,3,MCV,WGN,WGN
SP001775,SP001890,3,MCV,WGN,SOP
SP001775,SP002005,3,MCV,WGN,WGW
SP001775,SP002011,3,MCV,WGN,HBL
SP001775,SP002012,3,MCV,WGN,HBL
SP001775,SP002018,3,MCV,WGN,WGN
SP001775,SP002019,3,MCV,WGN,WGW
SP001775,SP002341,10,MCV,WGN,WGW
SP001775,SP002390,3,MCV,WGN,SOP
SP001775,SP003433,3,MCV,WGN,HBL
SP001775,SP003824,3,MCV,WGN,WGW
SP001776,SP002003,6,WGW,MCV,MCV
SP001777,SP003754,12,LIV,MCV,WGN
SP001777,SP004459,12,LIV,MCV,MCV
SP001778,SP003915,6,WHP,SUO,RAI
SP001778,SP004591,6,WHP,SUO,RAI
SP001780,SP002857,3,MAN,SOT,MFH
SP001780,SP002858,3,MAN,SOT,CDF
SP001780,SP003253,3,MAN,SOT,EUS
SP001780,SP003266,3,MAN,SOT,EUS
SP001780,SP003377,3,MAN,SOT,SOU
SP001780,SP003485,3,MAN,SOT,CDF
SP001780,SP003488,3,MAN,SOT,CDF
SP001780,SP003492,3,MAN,SOT,CRE
SP001780,SP003590,3,MAN,SOT,FGH
SP001780,SP003617,3,MAN,SOT,CDF
SP001780,SP003676,3,MAN,SOT,CDF
SP001780,SP003678,3,MAN,SOT,FGH
SP001780,SP003686,3,MAN,SOT,PMD
SP001780,SP003692,3,MAN,SOT,CMN
SP001780,SP004023,3,MAN,SOT,EUS
SP001780,SP004209,3,MAN,SOT,SHR
SP001780,SP004402,8,MAN,SOT,MAC
SP001780,SP004565,3,MAN,SOT,MFH
SP001781,SP001868,3,NMP,BHM,CRE
SP001782,SP003019,7,SUO,XSU,BDM
SP001782,SP004414,5,SUO,XSU,BAL
SP001783,SP001936,11,BTN,WWO,BOG
SP001783,SP002015,11,BTN,WWO,LIT
SP001783,SP003094,11,BTN,WWO,SOU
SP001783,SP003127,11,BTN,WWO,PMS
SP001783,SP003307,11,BTN,WWO,HAV
SP001783,SP004227,11,BTN,WWO,CCH
SP001783,SP004230,11,BTN,WWO,CCH
SP001784,SP003286,17,HRH,BAK,BAK
SP001785,SP004586,4,BAA,PMH,SOU
SP001786,SP002133,9,BHI,CTR,SHR
SP001786,SP002825,20,BHI,CTR,HHD
SP001786,SP004583,20,BHI,CTR,MAN
SP001787,SP002269,7,HHD,CTR,CDF
SP001787,SP002840,7,HHD,CTR,BHI
SP001787,SP003654,7,HHD,CTR,CRE
SP001788,SP002274,3,BTN,LWS,EBN
SP001788,SP002458,3,BTN,LWS,ORE
SP001788,SP002479,3,BTN,LWS,ORE
SP001788,SP002739,3,BTN,LWS,EBN
SP001788,SP002932,3,BTN,LWS,HGS
SP001788,SP003064,3,BTN,LWS,ORE
SP001788,SP003140,3,BTN,LWS,HGS
SP001788,SP004122,3,BTN,LWS,ORE
SP001788,SP004553,3,BTN,LWS,ORE
SP001789,SP002882,8,LLJ,SHR,CRE
SP001789,SP003605,8,LLJ,SHR,LIV
SP001789,SP003612,8,LLJ,SHR,MIA
SP001789,SP003990,8,LLJ,SHR,MIA
SP001791,SP004611,5,ASN,SNS,QRB
SP001792,SP001875,3,LIV,EUS,CLE
SP001792,SP002081,6,LIV,EUS,BHM
SP001792,SP002673,3,LIV,EUS,NOT
SP001792,SP002819,4,LIV,EUS,LLD
SP001792,SP003089,3,LIV,EUS,WAC
SP001792,SP003111,6,LIV,EUS,EUS
SP001792,SP003115,3,LIV,EUS,NOT
SP001792,SP003496,3,LIV,EUS,SHF
SP001792,SP003657,3,LIV,EUS,NCL
SP001792,SP004026,6,LIV,EUS,CRE
SP001792,SP004143,3,LIV,EUS,NRW
SP001792,SP004261,3,LIV,EUS,DON
SP001792,SP004268,3,LIV,EUS,MIA
SP001792,SP004269,3,LIV,EUS,NRW
SP001794,SP002832,10,LLD,CRE,LIV
SP001794,SP003585,10,LLD,CRE,BHM
SP001794,SP003633,3,LLD,CRE,LLJ
SP001794,SP003764,3,LLD,CRE,BFF
SP001796,SP001798,10,PMH,WIN,ESL
SP001796,SP001858,4,PMH,WIN,BTN
SP001796,SP001867,4,PMH,WIN,NEM
SP001796,SP001882,13,PMH,WIN,NEM
SP001796,SP002245,3,PMH,WIN,CDF
SP001796,SP002967,3,PMH,WIN,BOG
SP001796,SP002968,4,PMH,WIN,HRH
SP001796,SP003035,13,PMH,WIN,NEM
SP001796,SP003038,3,PMH,WIN,NEM
SP001796,SP003439,4,PMH,WIN,GLD
SP001796,SP003455,3,PMH,WIN,CDF
SP001796,SP003498,3,PMH,WIN,WSB
SP001796,SP003509,3,PMH,WIN,NEM
SP001796,SP003511,13,PMH,WIN,NEM
SP001796,SP003545,11,PMH,WIN,NEM
SP001796,SP003547,4,PMH,WIN,GTW
SP001796,SP004502,3,PMH,WIN,BRI
SP001797,SP003913,4,LIT,CCH,PMS
SP001798,SP001858,4,PMH,ESL,BTN
SP001798,SP001867,4,PMH,ESL,NEM
SP001798,SP001882,10,PMH,ESL,NEM
SP001798,SP002245,3,PMH,ESL,CDF
SP001798,SP002967,3,PMH,ESL,BOG
SP001798,SP002968,4,PMH,ESL,HRH
SP001798,SP003035,10,PMH,ESL,NEM
SP001798,SP003038,3,PMH,ESL,NEM
SP001798,SP003439,4,PMH,ESL,GLD
SP001798,SP003455,3,PMH,ESL,CDF
SP001798,SP003498,3,PMH,ESL,WSB
SP001798,SP003509,3,PMH,ESL,NEM
SP001798,SP003511,10,PMH,ESL,NEM
SP001798,SP003545,10,PMH,ESL,NEM
SP001798,SP003547,4,PMH,ESL,GTW
SP001798,SP004502,3,PMH,ESL,BRI
SP001800,SP004313,7,SNS,QRB,QRB
SP001802,SP001860,10,MCV,HBL,WGN
SP001802,SP001890,3,MCV,HBL,SOP
SP001802,SP002005,4,MCV,HBL,WGW
SP001802,SP002011,4,MCV,HBL,HBL
SP001802,SP002012,4,MCV,HBL,HBL
SP001802,SP002018,4,MCV,HBL,WGN
SP001802,SP002019,10,MCV,HBL,WGW
SP001802,SP002341,3,MCV,HBL,WGW
SP001802,SP002390,11,MCV,HBL,SOP
SP001802,SP003433,4,MCV,HBL,HBL
SP001802,SP003824,11,MCV,HBL,WGW
SP001803,SP001914,3,BHM,LIV,CDF
SP001803,SP002104,6,BHM,LIV,SHR
SP001803,SP002108,6,BHM,LIV,SHR
SP001803,SP002182,3,BHM,LIV,LIV
SP001803,SP002215,3,BHM,LIV,LIV
SP001803,SP002239,3,BHM,LIV,SHR
SP001803,SP003023,10,BHM,LIV,CRE
SP001803,SP003346,3,BHM,LIV,EDB
SP001803,SP003786,3,BHM,LIV,HHD
SP001803,SP003972,6,BHM,LIV,SHR
SP001803,SP004019,3,BHM,LIV,GLC
SP001804,SP002078,5,CRE,EUS,BHM
SP001804,SP002646,6,CRE,EUS,BHM
SP001806,SP003392,6,OXF,PAD,PAD
SP001806,SP004189,8,OXF,PAD,PAD
SP001807,SP002179,10,EUS,GLC,GLC
SP001807,SP002202,8,EUS,GLC,WSL
SP001807,SP002261,5,EUS,GLC,NMP
SP001807,SP002327,4,EUS,GLC,MKC
SP001807,SP002647,5,EUS,GLC,MKC
SP001807,SP002648,4,EUS,GLC,NMP
SP001807,SP002655,5,EUS,GLC,SAA
SP001807,SP002872,19,EUS,GLC,CTR
SP001807,SP003031,17,EUS,GLC,MAN
SP001807,SP003036,8,EUS,GLC,BHM
SP001807,SP003114,13,EUS,GLC,LIV
SP001807,SP003191,26,EUS,GLC,BPN
SP001807,SP003207,20,EUS,GLC,LIV
SP001807,SP003300,19,EUS,GLC,WRX
SP001807,SP003360,13,EUS,GLC,EDB
SP001807,SP003475,11,EUS,GLC,WVH
SP001807,SP003568,10,EUS,GLC,WVH
SP001807,SP003958,13,EUS,GLC,INV
SP001807,SP004012,11,EUS,GLC,GLC
SP001807,SP004017,15,EUS,GLC,PRE
SP001807,SP004025,26,EUS,GLC,PRE
SP001807,SP004034,13,EUS,GLC,CRE
SP001807,SP004036,10,EUS,GLC,GLC
SP001807,SP004111,10,EUS,GLC,GLC
SP001807,SP004121,4,EUS,GLC,NMP
SP001807,SP004127,4,EUS,GLC,NMP
SP001807,SP004131,5,EUS,GLC,BHM
SP001807,SP004188,15,EUS,GLC,CRE
SP001807,SP004207,13,EUS,GLC,CRE
SP001807,SP004232,10,EUS,GLC,INV
SP001807,SP004384,13,EUS,GLC,WVH
SP001807,SP004399,34,EUS,GLC,GLC
SP001807,SP004433,8,EUS,GLC,NMP
SP001807,SP004516,25,EUS,GLC,GLC
SP001807,SP004529,5,EUS,GLC,BHM
SP001808,SP003131,4,BDW,RDG,RDG
SP001808,SP003430,8,BDW,RDG,PAD
SP001808,SP004571,6,BDW,RDG,PAD
SP001810,SP001962,6,LIV,MAN,MCO
SP001810,SP002079,3,LIV,MAN,BHM
SP001810,SP002083,3,LIV,MAN,BHM
SP001810,SP002113,3,LIV,MAN,CRE
SP001810,SP002918,6,LIV,MAN,MCO
SP001810,SP002920,3,LIV,MAN,MCO
SP001810,SP002923,6,LIV,MAN,MCO
SP001810,SP002926,6,LIV,MAN,MCO
SP001810,SP002927,6,LIV,MAN,MCO
SP001810,SP004056,11,LIV,MAN,WAC
SP001810,SP004471,9,LIV,MAN,WAC
SP001810,SP004472,9,LIV,MAN,WAC
SP001812,SP001944,6,EDB,HNT,ABD
SP001812,SP003718,5,EDB,HNT,ABD
SP001814,SP003341,10,WFJ,IMW,ECR
SP001815,SP003099,9,LIV,MCV,WGN
SP001815,SP003129,4,LIV,MCV,BPN
SP001815,SP003233,5,LIV,MCV,MIA
SP001815,SP004055,4,LIV,MCV,WGN
SP001815,SP004077,10,LIV,MCV,NCL
SP001815,SP004375,4,LIV,MCV,WGN
SP001816,SP003128,13,RCC,LDS,MAN
SP001818,SP002238,11,CTR,BHI,BHI
SP001818,SP002847,6,CTR,BHI,SHR
SP001818,SP003197,6,CTR,BHI,CDF
SP001819,SP002175,32,BTN,CBG,BDM
SP001819,SP002177,5,BTN,CBG,CBG
SP001819,SP002221,32,BTN,CBG,BDM
SP001819,SP002242,10,BTN,CBG,CBG
SP001819,SP002246,10,BTN,CBG,BDM
SP001819,SP002474,13,BTN,CBG,BDM
SP001819,SP002724,5,BTN,CBG,BAL
SP001819,SP002841,13,BTN,CBG,BDM
SP001819,SP003141,11,BTN,CBG,BDM
SP001819,SP003395,10,BTN,CBG,BDM
SP001819,SP003399,10,BTN,CBG,BDM
SP001819,SP003546,5,BTN,CBG,BAL
SP001819,SP003588,13,BTN,CBG,BDM
SP001819,SP003809,10,BTN,CBG,WSW
SP001819,SP003989,5,BTN,CBG,BAK
SP001819,SP004194,13,BTN,CBG,BDM
SP001819,SP004487,10,BTN,CBG,BDM
SP001819,SP004582,10,BTN,CBG,BDM
SP001820,SP001848,4,STP,COR,SHF
SP001820,SP002360,4,STP,COR,DBY
SP001820,SP002461,4,STP,COR,NOT
SP001820,SP002994,13,STP,COR,DBY
SP001820,SP003423,6,STP,COR,DBY
SP001820,SP004144,4,STP,COR,COR
SP001822,SP002137,10,PNZ,PAD,PAD
SP001822,SP002867,12,PNZ,PAD,PAD
SP001822,SP003367,20,PNZ,PAD,PAD
SP001823,SP001838,8,PAD,SWA,SWA
SP001823,SP001939,6,PAD,SWA,RDG
SP001823,SP002174,8,PAD,SWA,WSM
SP001823,SP002183,8,PAD,SWA,WSM
SP001823,SP002209,6,PAD,SWA,EXD
SP001823,SP002216,6,PAD,SWA,NQY
SP001823,SP002711,6,PAD,SWA,BDW
SP001823,SP003385,6,PAD,SWA,PGN
SP001823,SP003417,8,PAD,SWA,CDF
SP001823,SP003420,8,PAD,SWA,WOS
SP001823,SP003428,6,PAD,SWA,WSB
SP001823,SP003429,8,PAD,SWA,CMN
SP001823,SP003434,8,PAD,SWA,SWA
SP001823,SP003440,8,PAD,SWA,SWA
SP001823,SP003448,8,PAD,SWA,TAU
SP001823,SP003480,6,PAD,SWA,PNZ
SP001823,SP003591,3,PAD,SWA,RDG
SP001823,SP003666,8,PAD,SWA,TAU
SP001823,SP003788,8,PAD,SWA,SWA
SP001823,SP004186,6,PAD,SWA,FRO
SP001823,SP004248,7,PAD,SWA,WPH
SP001823,SP004338,8,PAD,SWA,BPW
SP001823,SP004416,6,PAD,SWA,BDW
SP001823,SP004476,7,PAD,SWA,BAN
SP001823,SP004599,8,PAD,SWA,WOS
SP001826,SP002454,5,CLE,NNG,SHF
SP001826,SP003537,5,CLE,NNG,SHF
SP001829,SP001831,11,QRB,TWI,HOU
SP001829,SP003306,4,QRB,TWI,STW
SP001829,SP003557,11,QRB,TWI,WOK
SP001830,SP002276,3,BAL,BTN,HGS
SP001830,SP002965,3,BAL,BTN,PMH
SP001830,SP002980,3,BAL,BTN,PMS
SP001830,SP002983,3,BAL,BTN,PMH
SP001830,SP002986,3,BAL,BTN,PMS
SP001830,SP002991,3,BAL,BTN,ORE
SP001830,SP002992,3,BAL,BTN,ORE
SP001830,SP002995,3,BAL,BTN,ORE
SP001830,SP003006,3,BAL,BTN,ORE
SP001830,SP003014,3,BAL,BTN,HGS
SP001830,SP003026,3,BAL,BTN,LIT
SP001830,SP003130,3,BAL,BTN,WRH
SP001830,SP003179,3,BAL,BTN,TBD
SP001830,SP003294,3,BAL,BTN,HRH
SP001830,SP003298,3,BAL,BTN,CCH
SP001830,SP003454,9,BAL,BTN,ORE
SP001830,SP003675,3,BAL,BTN,WRH
SP001830,SP003677,3,BAL,BTN,WRH
SP001830,SP003756,3,BAL,BTN,BTN
SP001830,SP004020,3,BAL,BTN,GTW
SP001830,SP004086,3,BAL,BTN,WRH
SP001831,SP003306,4,QRB,HOU,STW
SP001831,SP003557,11,QRB,HOU,WOK
SP001832,SP001840,4,BMH,WEY,POO
SP001833,SP001855,3,FRM,NEM,NEM
SP001836,SP002241,4,POO,BMH,BCU
SP001836,SP003842,4,POO,BMH,NEM
SP001836,SP003854,4,POO,BMH,NEM
SP001837,SP001856,5,PMS,NEM,NEM
SP001837,SP002129,5,PMS,NEM,LIT
SP001838,SP001939,6,PAD,SWA,RDG
SP001838,SP002174,9,PAD,SWA,WSM
SP001838,SP002183,9,PAD,SWA,WSM
SP001838,SP002209,6,PAD,SWA,EXD
SP001838,SP002216,6,PAD,SWA,NQY
SP001838,SP002711,6,PAD,SWA,BDW
SP001838,SP003385,6,PAD,SWA,PGN
SP001838,SP003417,15,PAD,SWA,CDF
SP001838,SP003420,9,PAD,SWA,WOS
SP001838,SP003428,6,PAD,SWA,WSB
SP001838,SP003429,20,PAD,SWA,CMN
SP001838,SP003434,15,PAD,SWA,SWA
SP001838,SP003440,15,PAD,SWA,SWA
SP001838,SP003448,9,PAD,SWA,TAU
SP001838,SP003480,6,PAD,SWA,PNZ
SP001838,SP003591,3,PAD,SWA,RDG
SP001838,SP003666,9,PAD,SWA,TAU
SP001838,SP003788,9,PAD,SWA,SWA
SP001838,SP004186,6,PAD,SWA,FRO
SP001838,SP004248,7,PAD,SWA,WPH
SP001838,SP004338,10,PAD,SWA,BPW
SP001838,SP004416,6,PAD,SWA,BDW
SP001838,SP004476,7,PAD,SWA,BAN
SP001838,SP004599,9,PAD,SWA,WOS
SP001841,SP001884,3,MIA,SHF,MAN
SP001841,SP003044,4,MIA,SHF,SHF
SP001841,SP003189,4,MIA,SHF,YRK
SP001841,SP003292,3,MIA,SHF,LAN
SP001841,SP003707,3,MIA,SHF,BPN
SP001841,SP004451,3,MIA,SHF,OXN
SP001841,SP004500,3,MIA,SHF,LIV
SP001844,SP001845,8,WEY,SOU,BMH
SP001844,SP002488,21,WEY,SOU,WOK
SP001844,SP003903,6,WEY,SOU,NEM
SP001844,SP004466,21,WEY,SOU,NEM
SP001845,SP002488,8,WEY,BMH,WOK
SP001845,SP003903,6,WEY,BMH,NEM
SP001845,SP004466,8,WEY,BMH,NEM
SP001846,SP001847,17,NRW,LIV,LIV
SP001846,SP002697,7,NRW,LIV,SSD
SP001846,SP002700,3,NRW,LIV,SSD
SP001846,SP002948,17,NRW,LIV,DBY
SP001846,SP003953,17,NRW,LIV,SHF
SP001846,SP004275,17,NRW,LIV,MAN
SP001846,SP004379,7,NRW,LIV,ELY
SP001846,SP004518,13,NRW,LIV,LIV
SP001846,SP004628,13,NRW,LIV,LIV
SP001847,SP002697,7,NRW,LIV,SSD
SP001847,SP002700,3,NRW,LIV,SSD
SP001847,SP002948,17,NRW,LIV,DBY
SP001847,SP003953,21,NRW,LIV,SHF
SP001847,SP004275,27,NRW,LIV,MAN
SP001847,SP004379,7,NRW,LIV,ELY
SP001847,SP004518,13,NRW,LIV,LIV
SP001847,SP004628,13,NRW,LIV,LIV
SP001848,SP002360,19,STP,SHF,DBY
SP001848,SP002461,24,STP,SHF,NOT
SP001848,SP002994,4,STP,SHF,DBY
SP001848,SP003423,4,STP,SHF,DBY
SP001848,SP004144,19,STP,SHF,COR
SP001849,SP001850,15,NEM,SOU,FRM
SP001849,SP003109,3,NEM,SOU,YVJ
SP001849,SP003123,3,NEM,SOU,PMH
SP001849,SP003518,3,NEM,SOU,AON
SP001849,SP003844,3,NEM,SOU,BMH
SP001849,SP003846,3,NEM,SOU,BMH
SP001849,SP003849,3,NEM,SOU,BMH
SP001849,SP003851,3,NEM,SOU,SOU
SP001849,SP003871,3,NEM,SOU,SAL
SP001849,SP003917,3,NEM,SOU,BMH
SP001849,SP003939,3,NEM,SOU,PTR
SP001849,SP004198,3,NEM,SOU,POO
SP001850,SP003109,3,NEM,FRM,YVJ
SP001850,SP003123,3,NEM,FRM,PMH
SP001850,SP003518,3,NEM,FRM,AON
SP001850,SP003844,3,NEM,FRM,BMH
SP001850,SP003846,3,NEM,FRM,BMH
SP001850,SP003849,3,NEM,FRM,BMH
SP001850,SP003851,3,NEM,FRM,SOU
SP001850,SP003871,3,NEM,FRM,SAL
SP001850,SP003917,3,NEM,FRM,BMH
SP001850,SP003939,3,NEM,FRM,PTR
SP001850,SP004198,3,NEM,FRM,POO
SP001851,SP002273,12,GLC,MIA,MIA
SP001851,SP004000,12,GLC,MIA,EUS
SP001851,SP004365,12,GLC,MIA,EUS
SP001853,SP002339,12,NMP,EUS,EUS
SP001856,SP002129,5,PMS,NEM,LIT
SP001857,SP001861,5,ORE,BTN,BTN
SP001857,SP002277,7,ORE,BTN,BTN
SP001857,SP002476,5,ORE,BTN,BTN
SP001857,SP002996,14,ORE,BTN,BAL
SP001857,SP003000,14,ORE,BTN,BAK
SP001857,SP003147,7,ORE,BTN,BTN
SP001857,SP003149,7,ORE,BTN,BTN
SP001857,SP003552,14,ORE,BTN,PLG
SP001857,SP004120,5,ORE,BTN,BTN
SP001857,SP004126,14,ORE,BTN,BTN
SP001857,SP004128,14,ORE,BTN,BTN
SP001858,SP001867,6,PMH,BTN,NEM
SP001858,SP001882,4,PMH,BTN,NEM
SP001858,SP002245,3,PMH,BTN,CDF
SP001858,SP002967,3,PMH,BTN,BOG
SP001858,SP002968,4,PMH,BTN,HRH
SP001858,SP003035,4,PMH,BTN,NEM
SP001858,SP003038,3,PMH,BTN,NEM
SP001858,SP003439,6,PMH,BTN,GLD
SP001858,SP003455,3,PMH,BTN,CDF
SP001858,SP003498,3,PMH,BTN,WSB
SP001858,SP003509,3,PMH,BTN,NEM
SP001858,SP003511,4,PMH,BTN,NEM
SP001858,SP003545,4,PMH,BTN,NEM
SP001858,SP003547,4,PMH,BTN,GTW
SP001858,SP004502,3,PMH,BTN,BRI
SP001859,SP003663,4,MAN,RSH,GLO
SP001860,SP001890,3,MCV,WGN,SOP
SP001860,SP002005,4,MCV,WGN,WGW
SP001860,SP002011,4,MCV,WGN,HBL
SP001860,SP002012,4,MCV,WGN,HBL
SP001860,SP002018,4,MCV,WGN,WGN
SP001860,SP002019,10,MCV,WGN,WGW
SP001860,SP002341,3,MCV,WGN,WGW
SP001860,SP002390,10,MCV,WGN,SOP
SP001860,SP003433,4,MCV,WGN,HBL
SP001860,SP003824,10,MCV,WGN,WGW
SP001861,SP002277,5,ORE,BTN,BTN
SP001861,SP002476,12,ORE,BTN,BTN
SP001861,SP002996,5,ORE,BTN,BAL
SP001861,SP003000,5,ORE,BTN,BAK
SP001861,SP003147,5,ORE,BTN,BTN
SP001861,SP003149,5,ORE,BTN,BTN
SP001861,SP003552,5,ORE,BTN,PLG
SP001861,SP004120,12,ORE,BTN,BTN
SP001861,SP004126,5,ORE,BTN,BTN
SP001861,SP004128,5,ORE,BTN,BTN
SP001863,SP002307,3,YRK,BBN,MAN
SP001863,SP004276,14,YRK,BBN,BPN
SP001863,SP004460,4,YRK,BBN,MAN
SP001867,SP001882,4,PMH,NEM,NEM
SP001867,SP002245,3,PMH,NEM,CDF
SP001867,SP002967,3,PMH,NEM,BOG
SP001867,SP002968,4,PMH,NEM,HRH
SP001867,SP003035,4,PMH,NEM,NEM
SP001867,SP003038,3,PMH,NEM,NEM
SP001867,SP003439,16,PMH,NEM,GLD
SP001867,SP003455,3,PMH,NEM,CDF
SP001867,SP003498,3,PMH,NEM,WSB
SP001867,SP003509,3,PMH,NEM,NEM
SP001867,SP003511,4,PMH,NEM,NEM
SP001867,SP003545,4,PMH,NEM,NEM
SP001867,SP003547,4,PMH,NEM,GTW
SP001867,SP004502,3,PMH,NEM,BRI
SP001869,SP001940,12,INV,EDB,ABD
SP001869,SP002148,5,INV,EDB,ELG
SP001870,SP002679,3,MAN,NMC,YRK
SP001871,SP003095,5,BDI,LDS,KGX
SP001872,SP003665,5,HFX,HUL,LDS
SP001873,SP003817,4,NOT,LIV,LIV
SP001874,SP002964,9,MAN,CLY,SHF
SP001875,SP002081,3,LIV,CLE,BHM
SP001875,SP002673,5,LIV,CLE,NOT
SP001875,SP002819,3,LIV,CLE,LLD
SP001875,SP003089,5,LIV,CLE,WAC
SP001875,SP003111,3,LIV,CLE,EUS
SP001875,SP003115,5,LIV,CLE,NOT
SP001875,SP003496,12,LIV,CLE,SHF
SP001875,SP003657,7,LIV,CLE,NCL
SP001875,SP004026,3,LIV,CLE,CRE
SP001875,SP004143,5,LIV,CLE,NRW
SP001875,SP004261,18,LIV,CLE,DON
SP001875,SP004268,12,LIV,CLE,MIA
SP001875,SP004269,5,LIV,CLE,NRW
SP001876,SP001877,14,EDB,PNZ,KGX
SP001876,SP002344,14,EDB,PNZ,KGX
SP001876,SP002854,8,EDB,PNZ,NCL
SP001876,SP002942,10,EDB,PNZ,KGX
SP001876,SP002958,14,EDB,PNZ,KGX
SP001876,SP003384,47,EDB,PNZ,BRI
SP001876,SP003476,14,EDB,PNZ,KGX
SP001876,SP004602,14,EDB,PNZ,KGX
SP001877,SP002344,27,EDB,KGX,KGX
SP001877,SP002854,8,EDB,KGX,NCL
SP001877,SP002942,10,EDB,KGX,KGX
SP001877,SP002958,21,EDB,KGX,KGX
SP001877,SP003384,14,EDB,KGX,BRI
SP001877,SP003476,21,EDB,KGX,KGX
SP001877,SP004602,34,EDB,KGX,KGX
SP001878,SP004589,7,NCL,RDG,KGX
SP001880,SP002020,9,KGX,BEV,PBO
SP001880,SP002317,3,KGX,BEV,NCL
SP001880,SP002335,3,KGX,BEV,LDS
SP001880,SP002354,4,KGX,BEV,RYS
SP001880,SP002363,5,KGX,BEV,LET
SP001880,SP002493,3,KGX,BEV,HFN
SP001880,SP002494,3,KGX,BEV,RYS
SP001880,SP002502,3,KGX,BEV,CBG
SP001880,SP002602,3,KGX,BEV,WGC
SP001880,SP002623,3,KGX,BEV,PBO
SP001880,SP002755,4,KGX,BEV,CBG
SP001880,SP002757,4,KGX,BEV,CBG
SP001880,SP002761,4,KGX,BEV,LET
SP001880,SP002762,4,KGX,BEV,CBG
SP001880,SP002765,3,KGX,BEV,CBG
SP001880,SP002914,9,KGX,BEV,KLN
SP001880,SP002940,3,KGX,BEV,EDB
SP001880,SP002953,19,KGX,BEV,EDB
SP001880,SP002960,4,KGX,BEV,LDS
SP001880,SP002973,3,KGX,BEV,HFN
SP001880,SP003030,3,KGX,BEV,WGC
SP001880,SP003175,3,KGX,BEV,HFN
SP001880,SP003176,4,KGX,BEV,RYS
SP001880,SP003225,4,KGX,BEV,WGC
SP001880,SP003254,4,KGX,BEV,PBO
SP001880,SP003540,19,KGX,BEV,GLQ
SP001880,SP003600,9,KGX,BEV,CBG
SP001880,SP003658,4,KGX,BEV,ELY
SP001880,SP003667,4,KGX,BEV,YRK
SP001880,SP003669,19,KGX,BEV,INV
SP001880,SP003855,3,KGX,BEV,ABD
SP001880,SP003859,3,KGX,BEV,LDS
SP001880,SP004237,3,KGX,BEV,PBO
SP001882,SP002245,3,PMH,NEM,CDF
SP001882,SP002967,3,PMH,NEM,BOG
SP001882,SP002968,4,PMH,NEM,HRH
SP001882,SP003035,15,PMH,NEM,NEM
SP001882,SP003038,3,PMH,NEM,NEM
SP001882,SP003439,4,PMH,NEM,GLD
SP001882,SP003455,3,PMH,NEM,CDF
SP001882,SP003498,3,PMH,NEM,WSB
SP001882,SP003509,3,PMH,NEM,NEM
SP001882,SP003511,21,PMH,NEM,NEM
SP001882,SP003545,11,PMH,NEM,NEM
SP001882,SP003547,4,PMH,NEM,GTW
SP001882,SP004502,3,PMH,NEM,BRI
SP001883,SP001892,11,CHX,HGS,DVP
SP001883,SP002505,3,CHX,HGS,GRV
SP001883,SP002537,5,CHX,HGS,TBW
SP001883,SP002807,11,CHX,HGS,DVP
SP001883,SP002969,3,CHX,HGS,DFD
SP001883,SP002976,11,CHX,HGS,CBW
SP001883,SP002979,3,CHX,HGS,SEV
SP001883,SP003068,3,CHX,HGS,HYS
SP001883,SP003156,3,CHX,HGS,CST
SP001883,SP003188,3,CHX,HGS,ORP
SP001883,SP003200,4,CHX,HGS,TBW
SP001883,SP003315,3,CHX,HGS,GRV
SP001883,SP003387,11,CHX,HGS,DVP
SP001883,SP003400,11,CHX,HGS,RAM
SP001883,SP003760,3,CHX,HGS,GRV
SP001883,SP004546,17,CHX,HGS,HGS
SP001883,SP004547,6,CHX,HGS,HGS
SP001883,SP004549,9,CHX,HGS,HGS
SP001883,SP004551,13,CHX,HGS,HGS
SP001884,SP003044,3,MIA,MAN,SHF
SP001884,SP003189,3,MIA,MAN,YRK
SP001884,SP003292,3,MIA,MAN,LAN
SP001884,SP003707,3,MIA,MAN,BPN
SP001884,SP004451,3,MIA,MAN,OXN
SP001884,SP004500,3,MIA,MAN,LIV
SP001885,SP003039,11,CRE,EUS,NMP
SP001885,SP003329,11,CRE,EUS,RUG
SP001886,SP002301,15,SPX,PBN,BXS
SP001886,SP002311,15,SPX,PBN,AMS
SP001886,SP002917,3,SPX,PBN,MAR
SP001886,SP003090,3,SPX,PBN,FAV
SP001886,SP003153,3,SPX,PBN,AFK
SP001886,SP004271,3,SPX,PBN,RAM
SP001886,SP004291,3,SPX,PBN,MAR
SP001886,SP004348,3,SPX,PBN,MAR
SP001886,SP004380,3,SPX,PBN,MAR
SP001886,SP004392,3,SPX,PBN,DVP
SP001886,SP004396,3,SPX,PBN,RAM
SP001886,SP004435,3,SPX,PBN,MDW
SP001887,SP001901,3,XVJ,RAM,BTH
SP001887,SP002775,3,XVJ,RAM,AFK
SP001887,SP003152,9,XVJ,RAM,RAM
SP001887,SP003155,9,XVJ,RAM,GLM
SP001887,SP003334,8,XVJ,RAM,AFK
SP001887,SP003576,9,XVJ,RAM,AFK
SP001887,SP003720,3,XVJ,RAM,RAM
SP001887,SP004649,3,XVJ,RAM,HOV
SP001888,SP004351,10,MAR,AFK,SPX
SP001888,SP004357,10,MAR,AFK,SPX
SP001888,SP004642,3,MAR,AFK,AFK
SP001889,SP002055,10,WGC,KGX,MOG
SP001890,SP002005,3,MCV,SOP,WGW
SP001890,SP002011,3,MCV,SOP,HBL
SP001890,SP002012,3,MCV,SOP,HBL
SP001890,SP002018,3,MCV,SOP,WGN
SP001890,SP002019,3,MCV,SOP,WGW
SP001890,SP002341,3,MCV,SOP,WGW
SP001890,SP002390,3,MCV,SOP,SOP
SP001890,SP003433,3,MCV,SOP,HBL
SP001890,SP003824,3,MCV,SOP,WGW
SP001892,SP002505,3,CHX,DVP,GRV
SP001892,SP002537,5,CHX,DVP,TBW
SP001892,SP002807,22,CHX,DVP,DVP
SP001892,SP002969,3,CHX,DVP,DFD
SP001892,SP002976,17,CHX,DVP,CBW
SP001892,SP002979,3,CHX,DVP,SEV
SP001892,SP003068,3,CHX,DVP,HYS
SP001892,SP003156,3,CHX,DVP,CST
SP001892,SP003188,3,CHX,DVP,ORP
SP001892,SP003200,4,CHX,DVP,TBW
SP001892,SP003315,3,CHX,DVP,GRV
SP001892,SP003387,15,CHX,DVP,DVP
SP001892,SP003400,24,CHX,DVP,RAM
SP001892,SP003760,3,CHX,DVP,GRV
SP001892,SP004546,11,CHX,DVP,HGS
SP001892,SP004547,6,CHX,DVP,HGS
SP001892,SP004549,9,CHX,DVP,HGS
SP001892,SP004551,11,CHX,DVP,HGS
SP001893,SP001895,19,CST,DVP,RAM
SP001893,SP002910,13,CST,DVP,TBW
SP001893,SP003122,6,CST,DVP,CST
SP001893,SP003314,4,CST,DVP,RTR
SP001893,SP003425,10,CST,DVP,TON
SP001893,SP003479,4,CST,DVP,ORP
SP001893,SP004537,8,CST,DVP,DVP
SP001893,SP004538,8,CST,DVP,RAM
SP001895,SP002910,13,CST,RAM,TBW
SP001895,SP003122,6,CST,RAM,CST
SP001895,SP003314,4,CST,RAM,RTR
SP001895,SP003425,10,CST,RAM,TON
SP001895,SP003479,4,CST,RAM,ORP
SP001895,SP004537,8,CST,RAM,DVP
SP001895,SP004538,8,CST,RAM,RAM
SP001897,SP003881,6,SOC,FST,FST
SP001897,SP003975,10,SOC,FST,FST
SP001898,SP003821,4,SRY,FST,FST
SP001898,SP003823,9,SRY,FST,FST
SP001898,SP003825,7,SRY,FST,FST
SP001898,SP003827,7,SRY,FST,FST
SP001898,SP003830,9,SRY,FST,FST
SP001898,SP003835,7,SRY,FST,FST
SP001898,SP003848,9,SRY,FST,FST
SP001898,SP003850,9,SRY,FST,FST
SP001900,SP003874,10,PSE,FST,FST
SP001900,SP003940,5,PSE,FST,FST
SP001901,SP002775,3,XVJ,BTH,AFK
SP001901,SP003152,3,XVJ,BTH,RAM
SP001901,SP003155,3,XVJ,BTH,GLM
SP001901,SP003334,3,XVJ,BTH,AFK
SP001901,SP003576,3,XVJ,BTH,AFK
SP001901,SP003720,3,XVJ,BTH,RAM
SP001901,SP004649,11,XVJ,BTH,HOV
SP001902,SP002316,3,BDQ,SKI,SHY
SP001902,SP002786,10,BDQ,SKI,LAN
SP001904,SP001905,14,XVJ,FKW,CBW
SP001904,SP001906,4,XVJ,FKW,MDW
SP001904,SP002398,11,XVJ,FKW,FKW
SP001904,SP003570,3,XVJ,FKW,DFD
SP001905,SP001906,4,XVJ,CBW,MDW
SP001905,SP002398,11,XVJ,CBW,FKW
SP001905,SP003570,3,XVJ,CBW,DFD
SP001906,SP002398,4,XVJ,MDW,FKW
SP001906,SP003570,3,XVJ,MDW,DFD
SP001907,SP003362,14,BYI,CPH,BGD
SP001907,SP003467,14,BYI,CPH,BGD
SP001907,SP004262,14,BYI,CPH,YSM
SP001909,SP003203,5,CDF,MST,CMN
SP001909,SP003748,5,CDF,MST,SWA
SP001910,SP002791,6,BHM,EUS,BHI
SP001910,SP003046,3,BHM,EUS,EUS
SP001910,SP003271,11,BHM,EUS,COV
SP001910,SP003882,3,BHM,EUS,MKC
SP001910,SP003967,3,BHM,EUS,NMP
SP001910,SP004063,3,BHM,EUS,EUS
SP001914,SP002104,3,BHM,CDF,SHR
SP001914,SP002108,3,BHM,CDF,SHR
SP001914,SP002182,3,BHM,CDF,LIV
SP001914,SP002215,3,BHM,CDF,LIV
SP001914,SP002239,3,BHM,CDF,SHR
SP001914,SP003023,3,BHM,CDF,CRE
SP001914,SP003346,3,BHM,CDF,EDB
SP001914,SP003786,3,BHM,CDF,HHD
SP001914,SP003972,3,BHM,CDF,SHR
SP001914,SP004019,3,BHM,CDF,GLC
SP001915,SP001916,5,NCL,CAR,CAR
SP001915,SP001917,5,NCL,CAR,CAR
SP001915,SP002820,5,NCL,CAR,CAR
SP001915,SP002863,5,NCL,CAR,HEX
SP001916,SP001917,12,NCL,CAR,CAR
SP001916,SP002820,10,NCL,CAR,CAR
SP001916,SP002863,9,NCL,CAR,HEX
SP001917,SP002820,10,NCL,CAR,CAR
SP001917,SP002863,9,NCL,CAR,HEX
SP001920,SP001921,7,ZUM,ZHS,ZUM
SP001920,SP001970,7,ZUM,ZHS,ZHA
SP001920,SP002368,7,ZUM,ZHS,ZTH
SP001920,SP002376,4,ZUM,ZHS,KWG
SP001920,SP002383,7,ZUM,ZHS,ZKB
SP001920,SP002424,7,ZUM,ZHS,ZDE
SP001921,SP001970,7,ZUM,ZUM,ZHA
SP001921,SP002368,7,ZUM,ZUM,ZTH
SP001921,SP002376,4,ZUM,ZUM,KWG
SP001921,SP002383,7,ZUM,ZUM,ZKB
SP001921,SP002424,7,ZUM,ZUM,ZDE
SP001922,SP001928,6,NCL,PRU,CAR
SP001922,SP001945,6,NCL,PRU,CAR
SP001922,SP001948,6,NCL,PRU,HEX
SP001922,SP002924,6,NCL,PRU,CAR
SP001925,SP002509,13,CAR,NCL,MBR
SP001925,SP002545,13,CAR,NCL,MBR
SP001925,SP002548,13,CAR,NCL,MBR
SP001925,SP002813,8,CAR,NCL,MBR
SP001925,SP002816,8,CAR,NCL,NCL
SP001925,SP002821,8,CAR,NCL,NCL
SP001925,SP002929,8,CAR,NCL,HPL
SP001928,SP001945,6,NCL,CAR,CAR
SP001928,SP001948,7,NCL,CAR,HEX
SP001928,SP002924,7,NCL,CAR,CAR
SP001929,SP001964,4,EBN,AFK,AFK
SP001929,SP001969,12,EBN,AFK,AFK
SP001929,SP002248,4,EBN,AFK,ORE
SP001929,SP002503,3,EBN,AFK,XSU
SP001929,SP003759,3,EBN,AFK,BAL
SP001929,SP003812,3,EBN,AFK,HHE
SP001929,SP004147,3,EBN,AFK,HHE
SP001929,SP004505,3,EBN,AFK,BAK
SP001929,SP004595,3,EBN,AFK,WSW
SP001930,SP001947,8,HEX,MPT,NCL
SP001930,SP001949,10,HEX,MPT,NCL
SP001930,SP002957,10,HEX,MPT,NNT
SP001931,SP002065,3,SHR,STA,BHM
SP001931,SP002066,3,SHR,STA,BHM
SP001931,SP002701,3,SHR,STA,BHM
SP001933,SP001966,7,ZTH,ZHS,ZUM
SP001936,SP002015,16,BTN,BOG,LIT
SP001936,SP003094,15,BTN,BOG,SOU
SP001936,SP003127,15,BTN,BOG,PMS
SP001936,SP003307,11,BTN,BOG,HAV
SP001936,SP004227,15,BTN,BOG,CCH
SP001936,SP004230,11,BTN,BOG,CCH
SP001937,SP002856,3,CRE,CDF,MFH
SP001937,SP003269,3,CRE,CDF,BHI
SP001937,SP003356,3,CRE,CDF,MFH
SP001938,SP003466,3,SWA,CDF,PAD
SP001938,SP003900,3,SWA,CDF,PAD
SP001939,SP002174,6,PAD,RDG,WSM
SP001939,SP002183,6,PAD,RDG,WSM
SP001939,SP002209,6,PAD,RDG,EXD
SP001939,SP002216,6,PAD,RDG,NQY
SP001939,SP002711,6,PAD,RDG,BDW
SP001939,SP003385,6,PAD,RDG,PGN
SP001939,SP003417,6,PAD,RDG,CDF
SP001939,SP003420,6,PAD,RDG,WOS
SP001939,SP003428,6,PAD,RDG,WSB
SP001939,SP003429,6,PAD,RDG,CMN
SP001939,SP003434,6,PAD,RDG,SWA
SP001939,SP003440,6,PAD,RDG,SWA
SP001939,SP003448,6,PAD,RDG,TAU
SP001939,SP003480,6,PAD,RDG,PNZ
SP001939,SP003591,3,PAD,RDG,RDG
SP001939,SP003666,6,PAD,RDG,TAU
SP001939,SP003788,6,PAD,RDG,SWA
SP001939,SP004186,6,PAD,RDG,FRO
SP001939,SP004248,6,PAD,RDG,WPH
SP001939,SP004338,6,PAD,RDG,BPW
SP001939,SP004416,6,PAD,RDG,BDW
SP001939,SP004476,6,PAD,RDG,BAN
SP001939,SP004599,6,PAD,RDG,WOS
SP001940,SP002148,5,INV,ABD,ELG
SP001941,SP002038,6,GLC,KMK,AYR
SP001941,SP002475,6,GLC,KMK,DMF
SP001941,SP003229,6,GLC,KMK,GIR
SP001942,SP002190,8,LDS,CAR,MCM
SP001942,SP002213,11,LDS,CAR,RHD
SP001942,SP002876,4,LDS,CAR,MCM
SP001942,SP002877,8,LDS,CAR,LAN
SP001942,SP002890,7,LDS,CAR,CAR
SP001944,SP003718,5,EDB,ABD,ABD
SP001945,SP001948,6,NCL,CAR,HEX
SP001945,SP002924,6,NCL,CAR,CAR
SP001946,SP002067,9,INV,EDB,EDB
SP001946,SP002715,4,INV,EDB,EDB
SP001946,SP004228,4,INV,EDB,EUS
SP001946,SP004317,4,INV,EDB,GLQ
SP001946,SP004319,9,INV,EDB,GLQ
SP001946,SP004321,12,INV,EDB,GLQ
SP001946,SP004382,4,INV,EDB,EUS
SP001947,SP001949,8,HEX,NCL,NCL
SP001947,SP002957,8,HEX,NCL,NNT
SP001948,SP002924,10,NCL,HEX,CAR
SP001949,SP002957,10,HEX,NCL,NNT
SP001951,SP001952,3,EDB,GLC,GLC
SP001951,SP001978,4,EDB,GLC,CRS
SP001951,SP002087,3,EDB,GLC,MTH
SP001951,SP002236,3,EDB,GLC,GLC
SP001951,SP002308,3,EDB,GLC,GLC
SP001951,SP002310,3,EDB,GLC,GLC
SP001951,SP002324,3,EDB,GLC,GLC
SP001951,SP003250,3,EDB,GLC,EUS
SP001951,SP003562,3,EDB,GLC,EUS
SP001951,SP003639,8,EDB,GLC,GLC
SP001951,SP003808,4,EDB,GLC,GLC
SP001951,SP003970,3,EDB,GLC,EUS
SP001951,SP004263,3,EDB,GLC,MIA
SP001951,SP004448,3,EDB,GLC,GLC
SP001951,SP004456,3,EDB,GLC,GLC
SP001952,SP001978,3,EDB,GLC,CRS
SP001952,SP002087,12,EDB,GLC,MTH
SP001952,SP002236,3,EDB,GLC,GLC
SP001952,SP002308,3,EDB,GLC,GLC
SP001952,SP002310,3,EDB,GLC,GLC
SP001952,SP002324,3,EDB,GLC,GLC
SP001952,SP003250,3,EDB,GLC,EUS
SP001952,SP003562,3,EDB,GLC,EUS
SP001952,SP003639,3,EDB,GLC,GLC
SP001952,SP003808,3,EDB,GLC,GLC
SP001952,SP003970,3,EDB,GLC,EUS
SP001952,SP004263,3,EDB,GLC,MIA
SP001952,SP004448,7,EDB,GLC,GLC
SP001952,SP004456,3,EDB,GLC,GLC
SP001953,SP002636,5,MAN,MAC,ALD
SP001953,SP003076,4,MAN,MAC,SHF
SP001953,SP003145,5,MAN,MAC,FGH
SP001954,SP003262,8,EAD,TWI,STW
SP001954,SP003478,3,EAD,TWI,BMH
SP001954,SP003729,3,EAD,TWI,WOK
SP001956,SP002138,7,EDB,INV,INV
SP001956,SP002771,7,EDB,INV,INV
SP001956,SP003644,13,EDB,INV,INV
SP001956,SP004623,4,EDB,INV,SBR
SP001956,SP004624,7,EDB,INV,ABD
SP001958,SP002352,4,ABD,INV,INR
SP001962,SP002079,3,LIV,MCO,BHM
SP001962,SP002083,3,LIV,MCO,BHM
SP001962,SP002113,3,LIV,MCO,CRE
SP001962,SP002918,7,LIV,MCO,MCO
SP001962,SP002920,3,LIV,MCO,MCO
SP001962,SP002923,8,LIV,MCO,MCO
SP001962,SP002926,7,LIV,MCO,MCO
SP001962,SP002927,7,LIV,MCO,MCO
SP001962,SP004056,6,LIV,MCO,WAC
SP001962,SP004471,6,LIV,MCO,WAC
SP001962,SP004472,6,LIV,MCO,WAC
SP001964,SP001969,4,EBN,AFK,AFK
SP001964,SP002248,4,EBN,AFK,ORE
SP001964,SP002503,3,EBN,AFK,XSU
SP001964,SP003759,3,EBN,AFK,BAL
SP001964,SP003812,3,EBN,AFK,HHE
SP001964,SP004147,3,EBN,AFK,HHE
SP001964,SP004505,3,EBN,AFK,BAK
SP001964,SP004595,3,EBN,AFK,WSW
SP001968,SP004242,15,WFF,DMR,DMR
SP001969,SP002248,4,EBN,AFK,ORE
SP001969,SP002503,3,EBN,AFK,XSU
SP001969,SP003759,3,EBN,AFK,BAL
SP001969,SP003812,3,EBN,AFK,HHE
SP001969,SP004147,3,EBN,AFK,HHE
SP001969,SP004505,3,EBN,AFK,BAK
SP001969,SP004595,3,EBN,AFK,WSW
SP001970,SP002368,7,ZUM,ZHA,ZTH
SP001970,SP002376,4,ZUM,ZHA,KWG
SP001970,SP002383,7,ZUM,ZHA,ZKB
SP001970,SP002424,7,ZUM,ZHA,ZDE
SP001971,SP004243,16,MTH,DMR,DMR
SP001972,SP002303,14,GLQ,OBN,OBN
SP001973,SP001974,8,OBN,GLQ,CNR
SP001973,SP002300,3,OBN,GLQ,GLQ
SP001973,SP002946,3,OBN,GLQ,GLQ
SP001973,SP004327,3,OBN,GLQ,GLQ
SP001973,SP004444,3,OBN,GLQ,DAL
SP001974,SP002300,3,OBN,CNR,GLQ
SP001974,SP002946,3,OBN,CNR,GLQ
SP001974,SP004327,3,OBN,CNR,GLQ
SP001974,SP004444,3,OBN,CNR,DAL
SP001977,SP002382,5,MTS,ABD,INR
SP001978,SP002087,3,EDB,CRS,MTH
SP001978,SP002236,3,EDB,CRS,GLC
SP001978,SP002308,3,EDB,CRS,GLC
SP001978,SP002310,3,EDB,CRS,GLC
SP001978,SP002324,3,EDB,CRS,GLC
SP001978,SP003250,3,EDB,CRS,EUS
SP001978,SP003562,3,EDB,CRS,EUS
SP001978,SP003639,4,EDB,CRS,GLC
SP001978,SP003808,4,EDB,CRS,GLC
SP001978,SP003970,3,EDB,CRS,EUS
SP001978,SP004263,3,EDB,CRS,MIA
SP001978,SP004448,3,EDB,CRS,GLC
SP001978,SP004456,3,EDB,CRS,GLC
SP001980,SP001983,5,LNK,GLC,GLC
SP001980,SP002428,5,LNK,GLC,MTH
SP001983,SP002428,5,LNK,GLC,MTH
SP001984,SP002203,3,BHM,FOK,LIV
SP001984,SP002633,3,BHM,FOK,LIF
SP001984,SP003769,3,BHM,FOK,RGL
SP001985,SP003653,4,EDB,DUN,DUN
SP001986,SP003732,11,ASB,GLC,GLC
SP001987,SP002106,9,BRI,PAD,PAD
SP001987,SP003837,4,BRI,PAD,OXF
SP001988,SP003749,5,COW,EDB,EDB
SP001991,SP003042,8,NCL,MAN,LIV
SP001991,SP003146,8,NCL,MAN,LIV
SP001991,SP003157,7,NCL,MAN,YRK
SP001992,SP001995,10,HLC,EDB,EDB
SP001992,SP002669,10,HLC,EDB,EDB
SP001992,SP002998,10,HLC,EDB,EDB
SP001992,SP003768,10,HLC,EDB,EDB
SP001992,SP003770,7,HLC,EDB,BHG
SP001992,SP003773,7,HLC,EDB,ADR
SP001992,SP003782,16,HLC,EDB,EDB
SP001993,SP003776,6,EDB,HLC,HLC
SP001993,SP003779,24,EDB,HLC,HLC
SP001993,SP003792,17,EDB,HLC,HLC
SP001993,SP003796,25,EDB,HLC,GRS
SP001993,SP003893,11,EDB,HLC,MLN
SP001993,SP003897,11,EDB,HLC,GRS
SP001993,SP003902,24,EDB,HLC,MLN
SP001993,SP004316,11,EDB,HLC,ADR
SP001993,SP004504,3,EDB,HLC,ABD
SP001993,SP004507,4,EDB,HLC,FTW
SP001994,SP003896,3,BHG,HLC,MLN
SP001994,SP003898,9,BHG,HLC,MLN
SP001995,SP002669,17,HLC,EDB,EDB
SP001995,SP002998,26,HLC,EDB,EDB
SP001995,SP003768,17,HLC,EDB,EDB
SP001995,SP003770,7,HLC,EDB,BHG
SP001995,SP003773,7,HLC,EDB,ADR
SP001995,SP003782,10,HLC,EDB,EDB
SP001996,SP002000,23,WCK,INV,INV
SP001996,SP003797,11,WCK,INV,INV
SP001997,SP002001,15,INV,WCK,WCK
SP001997,SP003799,5,INV,WCK,DIN
SP001997,SP003801,7,INV,WCK,IGD
SP001997,SP003802,10,INV,WCK,ARD
SP001997,SP003804,9,INV,WCK,TAI
SP001997,SP003805,5,INV,WCK,KYL
SP001998,SP002346,19,BMV,FOK,LIF
SP001998,SP002718,10,BMV,FOK,BHM
SP001998,SP004031,19,BMV,FOK,LIC
SP002000,SP003797,11,WCK,INV,INV
SP002001,SP003799,5,INV,WCK,DIN
SP002001,SP003801,7,INV,WCK,IGD
SP002001,SP003802,10,INV,WCK,ARD
SP002001,SP003804,9,INV,WCK,TAI
SP002001,SP003805,5,INV,WCK,KYL
SP002004,SP004100,7,DDG,WOS,WOF
SP002004,SP004108,7,DDG,WOS,WOF
SP002004,SP004113,21,DDG,WOS,WOF
SP002005,SP002011,10,MCV,WGW,HBL
SP002005,SP002012,6,MCV,WGW,HBL
SP002005,SP002018,6,MCV,WGW,WGN
SP002005,SP002019,4,MCV,WGW,WGW
SP002005,SP002341,3,MCV,WGW,WGW
SP002005,SP002390,4,MCV,WGW,SOP
SP002005,SP003433,6,MCV,WGW,HBL
SP002005,SP003824,4,MCV,WGW,WGW
SP002006,SP002037,3,GLC,EKL,KMK
SP002006,SP002333,3,GLC,EKL,BRR
SP002006,SP003814,3,GLC,EKL,EKL
SP002011,SP002012,6,MCV,HBL,HBL
SP002011,SP002018,6,MCV,HBL,WGN
SP002011,SP002019,4,MCV,HBL,WGW
SP002011,SP002341,3,MCV,HBL,WGW
SP002011,SP002390,4,MCV,HBL,SOP
SP002011,SP003433,6,MCV,HBL,HBL
SP002011,SP003824,4,MCV,HBL,WGW
SP002012,SP002018,7,MCV,HBL,WGN
SP002012,SP002019,4,MCV,HBL,WGW
SP002012,SP002341,3,MCV,HBL,WGW
SP002012,SP002390,4,MCV,HBL,SOP
SP002012,SP003433,7,MCV,HBL,HBL
SP002012,SP003824,4,MCV,HBL,WGW
SP002013,SP002189,3,BTN,LIT,PMH
SP002013,SP003067,3,BTN,LIT,SOU
SP002013,SP003069,3,BTN,LIT,SOU
SP002013,SP003070,3,BTN,LIT,SOU
SP002013,SP003073,3,BTN,LIT,SOU
SP002013,SP003500,3,BTN,LIT,SOU
SP002013,SP004135,3,BTN,LIT,SOU
SP002015,SP003094,15,BTN,LIT,SOU
SP002015,SP003127,15,BTN,LIT,PMS
SP002015,SP003307,11,BTN,LIT,HAV
SP002015,SP004227,15,BTN,LIT,CCH
SP002015,SP004230,11,BTN,LIT,CCH
SP002016,SP002070,7,MAN,BMH,EUS
SP002018,SP002019,4,MCV,WGN,WGW
SP002018,SP002341,3,MCV,WGN,WGW
SP002018,SP002390,4,MCV,WGN,SOP
SP002018,SP003433,7,MCV,WGN,HBL
SP002018,SP003824,4,MCV,WGN,WGW
SP002019,SP002341,3,MCV,WGW,WGW
SP002019,SP002390,10,MCV,WGW,SOP
SP002019,SP003433,4,MCV,WGW,HBL
SP002019,SP003824,10,MCV,WGW,WGW
SP002020,SP002317,3,KGX,PBO,NCL
SP002020,SP002335,3,KGX,PBO,LDS
SP002020,SP002354,4,KGX,PBO,RYS
SP002020,SP002363,5,KGX,PBO,LET
SP002020,SP002493,3,KGX,PBO,HFN
SP002020,SP002494,3,KGX,PBO,RYS
SP002020,SP002502,3,KGX,PBO,CBG
SP002020,SP002602,3,KGX,PBO,WGC
SP002020,SP002623,3,KGX,PBO,PBO
SP002020,SP002755,4,KGX,PBO,CBG
SP002020,SP002757,4,KGX,PBO,CBG
SP002020,SP002761,4,KGX,PBO,LET
SP002020,SP002762,4,KGX,PBO,CBG
SP002020,SP002765,3,KGX,PBO,CBG
SP002020,SP002914,9,KGX,PBO,KLN
SP002020,SP002940,3,KGX,PBO,EDB
SP002020,SP002953,9,KGX,PBO,EDB
SP002020,SP002960,4,KGX,PBO,LDS
SP002020,SP002973,3,KGX,PBO,HFN
SP002020,SP003030,3,KGX,PBO,WGC
SP002020,SP003175,3,KGX,PBO,HFN
SP002020,SP003176,4,KGX,PBO,RYS
SP002020,SP003225,4,KGX,PBO,WGC
SP002020,SP003254,4,KGX,PBO,PBO
SP002020,SP003540,9,KGX,PBO,GLQ
SP002020,SP003600,9,KGX,PBO,CBG
SP002020,SP003658,4,KGX,PBO,ELY
SP002020,SP003667,4,KGX,PBO,YRK
SP002020,SP003669,9,KGX,PBO,INV
SP002020,SP003855,3,KGX,PBO,ABD
SP002020,SP003859,3,KGX,PBO,LDS
SP002020,SP004237,3,KGX,PBO,PBO
SP002021,SP002455,6,HGS,HHE,HHE
SP002021,SP002993,6,HGS,HHE,BAL
SP002021,SP003135,19,HGS,HHE,BTN
SP002021,SP003138,7,HGS,HHE,BTN
SP002021,SP003142,19,HGS,HHE,BTN
SP002021,SP003144,19,HGS,HHE,BTN
SP002021,SP003530,6,HGS,HHE,BTN
SP002021,SP004099,3,HGS,HHE,TON
SP002021,SP004555,3,HGS,HHE,CHX
SP002021,SP004566,3,HGS,HHE,CST
SP002023,SP002028,8,PBO,HRH,HRH
SP002023,SP002033,8,PBO,HRH,HRH
SP002023,SP003303,8,PBO,HRH,KGX
SP002023,SP003549,8,PBO,HRH,KGX
SP002023,SP003599,8,PBO,HRH,KGX
SP002023,SP003991,24,PBO,HRH,HRH
SP002023,SP003992,24,PBO,HRH,HRH
SP002023,SP003994,14,PBO,HRH,KGX
SP002023,SP003996,10,PBO,HRH,KGX
SP002023,SP004155,31,PBO,HRH,HRH
SP002023,SP004339,27,PBO,HRH,HRH
SP002023,SP004341,24,PBO,HRH,HRH
SP002024,SP002056,6,LDS,HBD,HUD
SP002024,SP002551,7,LDS,HBD,BDI
SP002024,SP003943,5,LDS,HBD,HUD
SP002024,SP004130,5,LDS,HBD,DEW
SP002025,SP002030,15,HRH,PBO,PBO
SP002025,SP002191,7,HRH,PBO,WSW
SP002025,SP002834,19,HRH,PBO,PBO
SP002026,SP002720,6,HRH,PBO,BAL
SP002026,SP003391,7,HRH,PBO,PBO
SP002026,SP003993,7,HRH,PBO,PBO
SP002026,SP004190,10,HRH,PBO,PBO
SP002026,SP004192,10,HRH,PBO,PBO
SP002026,SP004345,10,HRH,PBO,PBO
SP002026,SP004482,14,HRH,PBO,PBO
SP002027,SP004305,13,SPR,BHC,GRS
SP002028,SP002033,38,PBO,HRH,HRH
SP002028,SP003303,8,PBO,HRH,KGX
SP002028,SP003549,8,PBO,HRH,KGX
SP002028,SP003599,8,PBO,HRH,KGX
SP002028,SP003991,8,PBO,HRH,HRH
SP002028,SP003992,8,PBO,HRH,HRH
SP002028,SP003994,8,PBO,HRH,KGX
SP002028,SP003996,8,PBO,HRH,KGX
SP002028,SP004155,8,PBO,HRH,HRH
SP002028,SP004339,8,PBO,HRH,HRH
SP002028,SP004341,8,PBO,HRH,HRH
SP002029,SP003961,3,HBD,LDS,LDS
SP002029,SP004057,4,HBD,LDS,LDS
SP002030,SP002191,7,HRH,PBO,WSW
SP002030,SP002834,15,HRH,PBO,PBO
SP002031,SP003655,9,BHC,SPR,ADR
SP002031,SP003661,9,BHC,SPR,ADR
SP002031,SP004302,9,BHC,SPR,DMR
SP002032,SP002035,5,KMK,GLC,GLC
SP002033,SP003303,8,PBO,HRH,KGX
SP002033,SP003549,8,PBO,HRH,KGX
SP002033,SP003599,8,PBO,HRH,KGX
SP002033,SP003991,8,PBO,HRH,HRH
SP002033,SP003992,8,PBO,HRH,HRH
SP002033,SP003994,8,PBO,HRH,KGX
SP002033,SP003996,8,PBO,HRH,KGX
SP002033,SP004155,8,PBO,HRH,HRH
SP002033,SP004339,8,PBO,HRH,HRH
SP002033,SP004341,8,PBO,HRH,HRH
SP002037,SP002333,7,GLC,KMK,BRR
SP002037,SP003814,3,GLC,KMK,EKL
SP002038,SP002475,6,GLC,AYR,DMF
SP002038,SP003229,10,GLC,AYR,GIR
SP002039,SP003971,10,BHM,CDF,WOF
SP002039,SP004179,9,BHM,CDF,BRI
SP002042,SP002053,6,TBD,PBO,BDM
SP002042,SP002057,6,TBD,PBO,BDM
SP002042,SP002062,6,TBD,PBO,BDM
SP002042,SP002208,6,TBD,PBO,LUT
SP002042,SP002471,6,TBD,PBO,BDM
SP002042,SP003037,6,TBD,PBO,BDM
SP002042,SP003133,6,TBD,PBO,RDH
SP002042,SP003137,3,TBD,PBO,BDM
SP002042,SP003629,6,TBD,PBO,BDM
SP002042,SP004196,6,TBD,PBO,BDM
SP002043,SP002228,3,RUG,NMP,EUS
SP002046,SP003213,4,HWV,SNF,PAD
SP002046,SP003322,14,HWV,SNF,ABX
SP002046,SP003522,4,HWV,SNF,SNF
SP002046,SP003636,4,HWV,SNF,PAD
SP002047,SP003890,3,PTH,INR,ARB
SP002048,SP002547,7,YRK,HUL,HUL
SP002048,SP003080,3,YRK,HUL,LDS
SP002048,SP003407,5,YRK,HUL,BDT
SP002048,SP003873,4,YRK,HUL,SHF
SP002048,SP004221,3,YRK,HUL,BPN
SP002050,SP002315,5,GTW,BDM,RDZ
SP002050,SP003593,7,GTW,BDM,BAL
SP002050,SP003603,5,GTW,BDM,WSW
SP002050,SP004119,5,GTW,BDM,RDH
SP002051,SP002063,5,KMK,GIR,AYR
SP002052,SP002758,3,SAV,WOF,KID
SP002052,SP003974,3,SAV,WOF,KID
SP002052,SP004162,3,SAV,WOF,MYB
SP002053,SP002057,25,TBD,BDM,BDM
SP002053,SP002062,8,TBD,BDM,BDM
SP002053,SP002208,27,TBD,BDM,LUT
SP002053,SP002471,8,TBD,BDM,BDM
SP002053,SP003037,8,TBD,BDM,BDM
SP002053,SP003133,6,TBD,BDM,RDH
SP002053,SP003137,3,TBD,BDM,BDM
SP002053,SP003629,10,TBD,BDM,BDM
SP002053,SP004196,8,TBD,BDM,BDM
SP002054,SP002151,26,BDM,TBD,TBD
SP002054,SP002165,6,BDM,TBD,EGR
SP002054,SP002259,6,BDM,TBD,TBD
SP002054,SP002981,10,BDM,TBD,BTN
SP002054,SP003452,31,BDM,TBD,GTW
SP002054,SP003483,10,BDM,TBD,BTN
SP002056,SP002551,6,LDS,HUD,BDI
SP002056,SP003943,5,LDS,HUD,HUD
SP002056,SP004130,5,LDS,HUD,DEW
SP002057,SP002062,8,TBD,BDM,BDM
SP002057,SP002208,25,TBD,BDM,LUT
SP002057,SP002471,8,TBD,BDM,BDM
SP002057,SP003037,8,TBD,BDM,BDM
SP002057,SP003133,6,TBD,BDM,RDH
SP002057,SP003137,3,TBD,BDM,BDM
SP002057,SP003629,10,TBD,BDM,BDM
SP002057,SP004196,8,TBD,BDM,BDM
SP002061,SP002101,3,AYR,KMK,GLC
SP002061,SP002163,3,AYR,KMK,GLC
SP002061,SP002198,4,AYR,KMK,GLC
SP002061,SP002200,4,AYR,KMK,GLC
SP002061,SP002772,3,AYR,KMK,GLC
SP002061,SP003834,3,AYR,KMK,GLC
SP002062,SP002208,8,TBD,BDM,LUT
SP002062,SP002471,14,TBD,BDM,BDM
SP002062,SP003037,12,TBD,BDM,BDM
SP002062,SP003133,6,TBD,BDM,RDH
SP002062,SP003137,3,TBD,BDM,BDM
SP002062,SP003629,8,TBD,BDM,BDM
SP002062,SP004196,12,TBD,BDM,BDM
SP002065,SP002066,9,SHR,BHM,BHM
SP002065,SP002701,3,SHR,BHM,BHM
SP002066,SP002701,3,SHR,BHM,BHM
SP002067,SP002715,4,INV,EDB,EDB
SP002067,SP004228,4,INV,EDB,EUS
SP002067,SP004317,4,INV,EDB,GLQ
SP002067,SP004319,11,INV,EDB,GLQ
SP002067,SP004321,9,INV,EDB,GLQ
SP002067,SP004382,4,INV,EDB,EUS
SP002068,SP003116,14,ABD,EDB,DON
SP002069,SP002343,4,BHI,BHM,BHM
SP002071,SP002400,5,CRS,GLC,GLC
SP002071,SP003637,3,CRS,GLC,GRS
SP002072,SP003403,3,SBY,LDS,LDS
SP002072,SP003566,4,SBY,LDS,LDS
SP002072,SP004461,4,SBY,LDS,HFX
SP002073,SP002075,12,ABD,EDB,EDB
SP002073,SP002294,7,ABD,EDB,PTH
SP002073,SP002373,5,ABD,EDB,MTS
SP002073,SP003810,7,ABD,EDB,DEE
SP002073,SP004310,9,ABD,EDB,GLQ
SP002073,SP004615,9,ABD,EDB,GLQ
SP002075,SP002294,7,ABD,EDB,PTH
SP002075,SP002373,5,ABD,EDB,MTS
SP002075,SP003810,7,ABD,EDB,DEE
SP002075,SP004310,9,ABD,EDB,GLQ
SP002075,SP004615,9,ABD,EDB,GLQ
SP002077,SP002501,3,SSD,LST,LST
SP002077,SP003685,6,SSD,LST,TOM
SP002077,SP003747,6,SSD,LST,LST
SP002078,SP002646,5,CRE,BHM,BHM
SP002079,SP002083,7,LIV,BHM,BHM
SP002079,SP002113,7,LIV,BHM,CRE
SP002079,SP002918,3,LIV,BHM,MCO
SP002079,SP002920,4,LIV,BHM,MCO
SP002079,SP002923,3,LIV,BHM,MCO
SP002079,SP002926,3,LIV,BHM,MCO
SP002079,SP002927,3,LIV,BHM,MCO
SP002079,SP004056,3,LIV,BHM,WAC
SP002079,SP004471,3,LIV,BHM,WAC
SP002079,SP004472,3,LIV,BHM,WAC
SP002081,SP002673,3,LIV,BHM,NOT
SP002081,SP002819,4,LIV,BHM,LLD
SP002081,SP003089,3,LIV,BHM,WAC
SP002081,SP003111,10,LIV,BHM,EUS
SP002081,SP003115,3,LIV,BHM,NOT
SP002081,SP003496,3,LIV,BHM,SHF
SP002081,SP003657,3,LIV,BHM,NCL
SP002081,SP004026,9,LIV,BHM,CRE
SP002081,SP004143,3,LIV,BHM,NRW
SP002081,SP004261,3,LIV,BHM,DON
SP002081,SP004268,3,LIV,BHM,MIA
SP002081,SP004269,3,LIV,BHM,NRW
SP002083,SP002113,9,LIV,BHM,CRE
SP002083,SP002918,3,LIV,BHM,MCO
SP002083,SP002920,4,LIV,BHM,MCO
SP002083,SP002923,3,LIV,BHM,MCO
SP002083,SP002926,3,LIV,BHM,MCO
SP002083,SP002927,3,LIV,BHM,MCO
SP002083,SP004056,3,LIV,BHM,WAC
SP002083,SP004471,3,LIV,BHM,WAC
SP002083,SP004472,3,LIV,BHM,WAC
SP002084,SP002085,3,GLC,EUS,EDB
SP002084,SP002229,19,GLC,EUS,CRE
SP002084,SP002478,3,GLC,EUS,EDB
SP002084,SP003323,14,GLC,EUS,MIA
SP002084,SP004009,13,GLC,EUS,EUS
SP002084,SP004010,3,GLC,EUS,EUS
SP002084,SP004033,20,GLC,EUS,EUS
SP002084,SP004044,13,GLC,EUS,EUS
SP002084,SP004110,3,GLC,EUS,EUS
SP002084,SP004515,3,GLC,EUS,EUS
SP002085,SP002229,3,GLC,EDB,CRE
SP002085,SP002478,6,GLC,EDB,EDB
SP002085,SP003323,3,GLC,EDB,MIA
SP002085,SP004009,3,GLC,EDB,EUS
SP002085,SP004010,3,GLC,EDB,EUS
SP002085,SP004033,3,GLC,EDB,EUS
SP002085,SP004044,3,GLC,EDB,EUS
SP002085,SP004110,3,GLC,EDB,EUS
SP002085,SP004515,3,GLC,EDB,EUS
SP002087,SP002236,3,EDB,MTH,GLC
SP002087,SP002308,3,EDB,MTH,GLC
SP002087,SP002310,3,EDB,MTH,GLC
SP002087,SP002324,3,EDB,MTH,GLC
SP002087,SP003250,3,EDB,MTH,EUS
SP002087,SP003562,3,EDB,MTH,EUS
SP002087,SP003639,3,EDB,MTH,GLC
SP002087,SP003808,3,EDB,MTH,GLC
SP002087,SP003970,3,EDB,MTH,EUS
SP002087,SP004263,3,EDB,MTH,MIA
SP002087,SP004448,7,EDB,MTH,GLC
SP002087,SP004456,3,EDB,MTH,GLC
SP002088,SP002107,8,LST,SSD,CBG
SP002088,SP002884,3,LST,SSD,CHI
SP002088,SP003449,3,LST,SSD,SSD
SP002088,SP003684,9,LST,SSD,SSD
SP002088,SP003795,8,LST,SSD,BIS
SP002088,SP003927,6,LST,SSD,ELY
SP002088,SP003930,6,LST,SSD,CMB
SP002088,SP003937,9,LST,SSD,CBG
SP002088,SP004065,8,LST,SSD,ELY
SP002088,SP004066,9,LST,SSD,CMB
SP002088,SP004073,8,LST,SSD,CMB
SP002088,SP004074,9,LST,SSD,CMB
SP002088,SP004076,9,LST,SSD,CBG
SP002088,SP004082,5,LST,SSD,HFE
SP002088,SP004087,5,LST,SSD,HFE
SP002088,SP004091,5,LST,SSD,HFE
SP002088,SP004170,8,LST,SSD,CMB
SP002088,SP004173,11,LST,SSD,CMB
SP002088,SP004193,9,LST,SSD,CBG
SP002088,SP004567,5,LST,SSD,ELY
SP002088,SP004569,8,LST,SSD,ELY
SP002088,SP004627,9,LST,SSD,SSD
SP002089,SP002093,3,GLC,ADS,ADS
SP002089,SP002100,4,GLC,ADS,AYR
SP002089,SP002172,7,GLC,ADS,AYR
SP002089,SP002201,7,GLC,ADS,AYR
SP002089,SP002688,3,GLC,ADS,LAR
SP002089,SP002989,3,GLC,ADS,ADS
SP002089,SP003270,3,GLC,ADS,ASB
SP002089,SP004447,3,GLC,ADS,ADN
SP002090,SP002094,4,ADS,GLC,GLC
SP002090,SP002320,9,ADS,GLC,GLC
SP002092,SP002585,15,CRE,NOT,LCN
SP002092,SP002587,8,CRE,NOT,LCN
SP002092,SP002589,15,CRE,NOT,LCN
SP002092,SP002591,15,CRE,NOT,LCN
SP002092,SP002593,15,CRE,NOT,LCN
SP002092,SP002598,8,CRE,NOT,LCN
SP002092,SP002599,8,CRE,NOT,LCN
SP002092,SP003047,8,CRE,NOT,LCN
SP002093,SP002100,3,GLC,ADS,AYR
SP002093,SP002172,3,GLC,ADS,AYR
SP002093,SP002201,3,GLC,ADS,AYR
SP002093,SP002688,4,GLC,ADS,LAR
SP002093,SP002989,4,GLC,ADS,ADS
SP002093,SP003270,4,GLC,ADS,ASB
SP002093,SP004447,4,GLC,ADS,ADN
SP002094,SP002320,4,ADS,GLC,GLC
SP002095,SP002243,7,NOT,CRE,DBY
SP002095,SP002465,4,NOT,CRE,STP
SP002095,SP002607,7,NOT,CRE,CRE
SP002096,SP002206,7,BAK,SRS,EPD
SP002096,SP002258,4,BAK,SRS,EGR
SP002096,SP002444,7,BAK,SRS,ECR
SP002096,SP003643,3,BAK,SRS,SRH
SP002097,SP002099,4,GRK,GLC,GLC
SP002097,SP002136,5,GRK,GLC,GLC
SP002098,SP004067,12,CMB,LST,LST
SP002098,SP004068,15,CMB,LST,LST
SP002098,SP004069,4,CMB,LST,LST
SP002098,SP004079,18,CMB,LST,LST
SP002098,SP004178,13,CMB,LST,LST
SP002099,SP002136,4,GRK,GLC,GLC
SP002100,SP002172,4,GLC,AYR,AYR
SP002100,SP002201,4,GLC,AYR,AYR
SP002100,SP002688,3,GLC,AYR,LAR
SP002100,SP002989,3,GLC,AYR,ADS
SP002100,SP003270,3,GLC,AYR,ASB
SP002100,SP004447,3,GLC,AYR,ADN
SP002101,SP002163,9,AYR,GLC,GLC
SP002101,SP002198,3,AYR,GLC,GLC
SP002101,SP002200,3,AYR,GLC,GLC
SP002101,SP002772,10,AYR,GLC,GLC
SP002101,SP003834,9,AYR,GLC,GLC
SP002103,SP003577,5,CAR,GLC,DMF
SP002104,SP002108,6,BHM,SHR,SHR
SP002104,SP002182,3,BHM,SHR,LIV
SP002104,SP002215,3,BHM,SHR,LIV
SP002104,SP002239,3,BHM,SHR,SHR
SP002104,SP003023,6,BHM,SHR,CRE
SP002104,SP003346,3,BHM,SHR,EDB
SP002104,SP003786,3,BHM,SHR,HHD
SP002104,SP003972,6,BHM,SHR,SHR
SP002104,SP004019,3,BHM,SHR,GLC
SP002106,SP003837,4,BRI,PAD,OXF
SP002107,SP002884,3,LST,CBG,CHI
SP002107,SP003449,3,LST,CBG,SSD
SP002107,SP003684,8,LST,CBG,SSD
SP002107,SP003795,13,LST,CBG,BIS
SP002107,SP003927,6,LST,CBG,ELY
SP002107,SP003930,6,LST,CBG,CMB
SP002107,SP003937,8,LST,CBG,CBG
SP002107,SP004065,10,LST,CBG,ELY
SP002107,SP004066,8,LST,CBG,CMB
SP002107,SP004073,23,LST,CBG,CMB
SP002107,SP004074,8,LST,CBG,CMB
SP002107,SP004076,8,LST,CBG,CBG
SP002107,SP004082,5,LST,CBG,HFE
SP002107,SP004087,5,LST,CBG,HFE
SP002107,SP004091,5,LST,CBG,HFE
SP002107,SP004170,10,LST,CBG,CMB
SP002107,SP004173,8,LST,CBG,CMB
SP002107,SP004193,8,LST,CBG,CBG
SP002107,SP004567,5,LST,CBG,ELY
SP002107,SP004569,23,LST,CBG,ELY
SP002107,SP004627,8,LST,CBG,SSD
SP002108,SP002182,3,BHM,SHR,LIV
SP002108,SP002215,3,BHM,SHR,LIV
SP002108,SP002239,3,BHM,SHR,SHR
SP002108,SP003023,6,BHM,SHR,CRE
SP002108,SP003346,3,BHM,SHR,EDB
SP002108,SP003786,3,BHM,SHR,HHD
SP002108,SP003972,6,BHM,SHR,SHR
SP002108,SP004019,3,BHM,SHR,GLC
SP002109,SP002497,6,WSM,PAD,CFN
SP002109,SP002568,6,WSM,PAD,BRI
SP002109,SP004514,6,WSM,PAD,BPW
SP002110,SP002329,4,TAU,PAD,CDF
SP002110,SP002710,9,TAU,PAD,CDF
SP002110,SP003402,4,TAU,PAD,PAD
SP002112,SP002531,10,BAK,EPS,HRH
SP002112,SP002582,8,BAK,EPS,EPS
SP002112,SP003032,8,BAK,EPS,HRH
SP002112,SP003290,10,BAK,EPS,DKG
SP002113,SP002918,3,LIV,CRE,MCO
SP002113,SP002920,4,LIV,CRE,MCO
SP002113,SP002923,3,LIV,CRE,MCO
SP002113,SP002926,3,LIV,CRE,MCO
SP002113,SP002927,3,LIV,CRE,MCO
SP002113,SP004056,3,LIV,CRE,WAC
SP002113,SP004471,3,LIV,CRE,WAC
SP002113,SP004472,3,LIV,CRE,WAC
SP002116,SP002117,9,GMV,BHM,BHM
SP002116,SP002119,4,GMV,BHM,BHM
SP002116,SP002125,9,GMV,BHM,BHM
SP002116,SP002712,4,GMV,BHM,PAD
SP002116,SP003242,4,GMV,BHM,BRI
SP002116,SP003437,4,GMV,BHM,PAD
SP002117,SP002119,4,GMV,BHM,BHM
SP002117,SP002125,11,GMV,BHM,BHM
SP002117,SP002712,4,GMV,BHM,PAD
SP002117,SP003242,4,GMV,BHM,BRI
SP002117,SP003437,4,GMV,BHM,PAD
SP002119,SP002125,4,GMV,BHM,BHM
SP002119,SP002712,5,GMV,BHM,PAD
SP002119,SP003242,5,GMV,BHM,BRI
SP002119,SP003437,5,GMV,BHM,PAD
SP002121,SP002122,8,HFD,BHM,BHM
SP002121,SP002309,9,HFD,BHM,PAD
SP002121,SP002864,9,HFD,BHM,PAD
SP002121,SP003443,9,HFD,BHM,PAD
SP002121,SP003875,8,HFD,BHM,BHM
SP002122,SP002309,8,HFD,BHM,PAD
SP002122,SP002864,8,HFD,BHM,PAD
SP002122,SP003443,8,HFD,BHM,PAD
SP002122,SP003875,14,HFD,BHM,BHM
SP002123,SP002323,5,GLC,GRK,GRK
SP002123,SP004372,7,GLC,GRK,WMS
SP002124,SP002127,3,NEM,BSK,BSK
SP002124,SP003527,3,NEM,BSK,AHT
SP002124,SP003899,7,NEM,BSK,AON
SP002125,SP002712,4,GMV,BHM,PAD
SP002125,SP003242,4,GMV,BHM,BRI
SP002125,SP003437,4,GMV,BHM,PAD
SP002126,SP002763,4,BHM,LIF,RGL
SP002126,SP004030,10,BHM,LIF,FOK
SP002126,SP004043,10,BHM,LIF,LIF
SP002126,SP004141,4,BHM,LIF,WSL
SP002127,SP003527,3,NEM,BSK,AHT
SP002127,SP003899,3,NEM,BSK,AON
SP002131,SP002296,4,GLC,GRK,WMS
SP002133,SP002825,9,BHI,SHR,HHD
SP002133,SP004583,9,BHI,SHR,MAN
SP002137,SP002867,10,PNZ,PAD,PAD
SP002137,SP003367,10,PNZ,PAD,PAD
SP002138,SP002771,12,EDB,INV,INV
SP002138,SP003644,7,EDB,INV,INV
SP002138,SP004623,4,EDB,INV,SBR
SP002138,SP004624,8,EDB,INV,ABD
SP002141,SP002695,3,EXD,PAD,CDF
SP002141,SP002696,3,EXD,PAD,CDF
SP002141,SP002705,3,EXD,PAD,CDF
SP002141,SP003497,3,EXD,PAD,BRI
SP002143,SP002147,18,NQY,PAD,PAD
SP002144,SP002297,7,MOG,HFN,WGC
SP002144,SP002299,7,MOG,HFN,WGC
SP002144,SP002342,15,MOG,HFN,GDH
SP002144,SP002753,6,MOG,HFN,FPK
SP002144,SP003174,15,MOG,HFN,LET
SP002144,SP003376,6,MOG,HFN,WGC
SP002145,SP002146,10,BHM,GMV,HFD
SP002145,SP003933,4,BHM,GMV,BMV
SP002145,SP004016,4,BHM,GMV,RDC
SP002145,SP004090,11,BHM,GMV,WOF
SP002146,SP003933,4,BHM,HFD,BMV
SP002146,SP004016,4,BHM,HFD,RDC
SP002146,SP004090,10,BHM,HFD,WOF
SP002149,SP002978,4,MAN,YRK,YRK
SP002149,SP003048,4,MAN,YRK,NCL
SP002149,SP003058,4,MAN,YRK,HUL
SP002149,SP003072,4,MAN,YRK,SLB
SP002149,SP003074,10,MAN,YRK,YRK
SP002149,SP003075,4,MAN,YRK,YRK
SP002149,SP003134,4,MAN,YRK,NCL
SP002149,SP003279,4,MAN,YRK,YRK
SP002149,SP003960,4,MAN,YRK,YRK
SP002149,SP004027,3,MAN,YRK,RCC
SP002149,SP004138,4,MAN,YRK,DAR
SP002151,SP002165,6,BDM,TBD,EGR
SP002151,SP002259,6,BDM,TBD,TBD
SP002151,SP002981,10,BDM,TBD,BTN
SP002151,SP003452,26,BDM,TBD,GTW
SP002151,SP003483,10,BDM,TBD,BTN
SP002154,SP002218,5,BDM,EGR,BTN
SP002154,SP002470,5,BDM,EGR,TBD
SP002154,SP002766,5,BDM,EGR,BTN
SP002154,SP002831,5,BDM,EGR,BTN
SP002154,SP002850,5,BDM,EGR,BTN
SP002154,SP003040,5,BDM,EGR,TBD
SP002154,SP003132,5,BDM,EGR,TBD
SP002154,SP003389,5,BDM,EGR,BTN
SP002154,SP003401,5,BDM,EGR,BTN
SP002154,SP003491,5,BDM,EGR,BTN
SP002154,SP003627,5,BDM,EGR,TBD
SP002154,SP003758,5,BDM,EGR,BTN
SP002154,SP003861,5,BDM,EGR,BTN
SP002154,SP003865,5,BDM,EGR,BTN
SP002154,SP004203,5,BDM,EGR,BTN
SP002154,SP004204,5,BDM,EGR,BTN
SP002154,SP004596,5,BDM,EGR,TBD
SP002154,SP004598,5,BDM,EGR,BTN
SP002155,SP002164,18,CKL,LAN,LAN
SP002156,SP002161,16,CKL,LAN,BIF
SP002156,SP002162,6,CKL,LAN,BIF
SP002156,SP002167,27,CKL,LAN,PRE
SP002157,SP002176,5,EGR,BDM,XSU
SP002157,SP002247,5,EGR,BDM,WHP
SP002157,SP002262,15,EGR,BDM,XSU
SP002157,SP003062,11,EGR,BDM,WSW
SP002157,SP004218,5,EGR,BDM,BDM
SP002157,SP004576,11,EGR,BDM,BAK
SP002158,SP003015,6,BIF,CKL,MLM
SP002159,SP002171,4,CBG,BTN,BTN
SP002159,SP002185,4,CBG,BTN,BTN
SP002159,SP002433,3,CBG,BTN,SSD
SP002159,SP002754,4,CBG,BTN,KGX
SP002159,SP002780,4,CBG,BTN,KGX
SP002159,SP002782,4,CBG,BTN,KGX
SP002159,SP003025,4,CBG,BTN,KGX
SP002159,SP003287,4,CBG,BTN,KGX
SP002159,SP003515,4,CBG,BTN,KGX
SP002159,SP003587,10,CBG,BTN,KGX
SP002159,SP003931,3,CBG,BTN,LST
SP002159,SP003936,3,CBG,BTN,LST
SP002159,SP003938,3,CBG,BTN,LST
SP002159,SP004008,16,CBG,BTN,KGX
SP002159,SP004071,3,CBG,BTN,LST
SP002159,SP004164,3,CBG,BTN,LST
SP002159,SP004166,3,CBG,BTN,LST
SP002159,SP004168,3,CBG,BTN,LST
SP002159,SP004225,3,CBG,BTN,SRA
SP002159,SP004481,29,CBG,BTN,BTN
SP002159,SP004568,3,CBG,BTN,LST
SP002159,SP004632,3,CBG,BTN,BIS
SP002160,SP002170,23,LAN,CKL,CKL
SP002160,SP002885,3,LAN,CKL,LDS
SP002160,SP002892,3,LAN,CKL,SKI
SP002160,SP003110,3,LAN,CKL,LDS
SP002160,SP004265,6,LAN,CKL,BIF
SP002160,SP004267,17,LAN,CKL,MLM
SP002160,SP004355,3,LAN,CKL,MCM
SP002161,SP002162,6,CKL,BIF,BIF
SP002161,SP002167,16,CKL,BIF,PRE
SP002162,SP002167,6,CKL,BIF,PRE
SP002163,SP002198,3,AYR,GLC,GLC
SP002163,SP002200,3,AYR,GLC,GLC
SP002163,SP002772,9,AYR,GLC,GLC
SP002163,SP003834,15,AYR,GLC,GLC
SP002165,SP002259,22,BDM,EGR,TBD
SP002165,SP002981,6,BDM,EGR,BTN
SP002165,SP003452,6,BDM,EGR,GTW
SP002165,SP003483,6,BDM,EGR,BTN
SP002166,SP003102,12,BIF,LAN,MIA
SP002166,SP004241,5,BIF,LAN,LAN
SP002166,SP004592,12,BIF,LAN,MIA
SP002168,SP004217,17,BTN,CBG,CBG
SP002168,SP004574,7,BTN,CBG,BDM
SP002168,SP004579,17,BTN,CBG,CBG
SP002170,SP002885,3,LAN,CKL,LDS
SP002170,SP002892,3,LAN,CKL,SKI
SP002170,SP003110,3,LAN,CKL,LDS
SP002170,SP004265,6,LAN,CKL,BIF
SP002170,SP004267,17,LAN,CKL,MLM
SP002170,SP004355,3,LAN,CKL,MCM
SP002171,SP002185,23,CBG,BTN,BTN
SP002171,SP002433,3,CBG,BTN,SSD
SP002171,SP002754,7,CBG,BTN,KGX
SP002171,SP002780,14,CBG,BTN,KGX
SP002171,SP002782,14,CBG,BTN,KGX
SP002171,SP003025,12,CBG,BTN,KGX
SP002171,SP003287,7,CBG,BTN,KGX
SP002171,SP003515,14,CBG,BTN,KGX
SP002171,SP003587,4,CBG,BTN,KGX
SP002171,SP003931,3,CBG,BTN,LST
SP002171,SP003936,3,CBG,BTN,LST
SP002171,SP003938,3,CBG,BTN,LST
SP002171,SP004008,4,CBG,BTN,KGX
SP002171,SP004071,3,CBG,BTN,LST
SP002171,SP004164,3,CBG,BTN,LST
SP002171,SP004166,3,CBG,BTN,LST
SP002171,SP004168,3,CBG,BTN,LST
SP002171,SP004225,3,CBG,BTN,SRA
SP002171,SP004481,4,CBG,BTN,BTN
SP002171,SP004568,3,CBG,BTN,LST
SP002171,SP004632,3,CBG,BTN,BIS
SP002172,SP002201,8,GLC,AYR,AYR
SP002172,SP002688,3,GLC,AYR,LAR
SP002172,SP002989,3,GLC,AYR,ADS
SP002172,SP003270,3,GLC,AYR,ASB
SP002172,SP004447,3,GLC,AYR,ADN
SP002173,SP002194,3,XSU,HRH,EGR
SP002173,SP002256,11,XSU,HRH,TBD
SP002173,SP002498,11,XSU,HRH,EBN
SP002173,SP002506,11,XSU,HRH,LIT
SP002173,SP002516,14,XSU,HRH,BOG
SP002173,SP002725,6,XSU,HRH,EGR
SP002173,SP002810,6,XSU,HRH,CAT
SP002173,SP003112,3,XSU,HRH,CAT
SP002173,SP003228,3,XSU,HRH,ECR
SP002173,SP003249,6,XSU,HRH,ECR
SP002173,SP003838,3,XSU,HRH,CAT
SP002174,SP002183,15,PAD,WSM,WSM
SP002174,SP002209,6,PAD,WSM,EXD
SP002174,SP002216,6,PAD,WSM,NQY
SP002174,SP002711,6,PAD,WSM,BDW
SP002174,SP003385,6,PAD,WSM,PGN
SP002174,SP003417,9,PAD,WSM,CDF
SP002174,SP003420,9,PAD,WSM,WOS
SP002174,SP003428,6,PAD,WSM,WSB
SP002174,SP003429,9,PAD,WSM,CMN
SP002174,SP003434,9,PAD,WSM,SWA
SP002174,SP003440,9,PAD,WSM,SWA
SP002174,SP003448,16,PAD,WSM,TAU
SP002174,SP003480,6,PAD,WSM,PNZ
SP002174,SP003591,3,PAD,WSM,RDG
SP002174,SP003666,15,PAD,WSM,TAU
SP002174,SP003788,12,PAD,WSM,SWA
SP002174,SP004186,6,PAD,WSM,FRO
SP002174,SP004248,7,PAD,WSM,WPH
SP002174,SP004338,9,PAD,WSM,BPW
SP002174,SP004416,6,PAD,WSM,BDW
SP002174,SP004476,7,PAD,WSM,BAN
SP002174,SP004599,9,PAD,WSM,WOS
SP002175,SP002177,5,BTN,BDM,CBG
SP002175,SP002221,35,BTN,BDM,BDM
SP002175,SP002242,10,BTN,BDM,CBG
SP002175,SP002246,10,BTN,BDM,BDM
SP002175,SP002474,13,BTN,BDM,BDM
SP002175,SP002724,5,BTN,BDM,BAL
SP002175,SP002841,13,BTN,BDM,BDM
SP002175,SP003141,11,BTN,BDM,BDM
SP002175,SP003395,10,BTN,BDM,BDM
SP002175,SP003399,10,BTN,BDM,BDM
SP002175,SP003546,5,BTN,BDM,BAL
SP002175,SP003588,13,BTN,BDM,BDM
SP002175,SP003809,10,BTN,BDM,WSW
SP002175,SP003989,5,BTN,BDM,BAK
SP002175,SP004194,13,BTN,BDM,BDM
SP002175,SP004487,10,BTN,BDM,BDM
SP002175,SP004582,10,BTN,BDM,BDM
SP002176,SP002247,12,EGR,XSU,WHP
SP002176,SP002262,5,EGR,XSU,XSU
SP002176,SP003062,5,EGR,XSU,WSW
SP002176,SP004218,12,EGR,XSU,BDM
SP002176,SP004576,5,EGR,XSU,BAK
SP002177,SP002221,5,BTN,CBG,BDM
SP002177,SP002242,5,BTN,CBG,CBG
SP002177,SP002246,5,BTN,CBG,BDM
SP002177,SP002474,5,BTN,CBG,BDM
SP002177,SP002724,12,BTN,CBG,BAL
SP002177,SP002841,5,BTN,CBG,BDM
SP002177,SP003141,5,BTN,CBG,BDM
SP002177,SP003395,5,BTN,CBG,BDM
SP002177,SP003399,5,BTN,CBG,BDM
SP002177,SP003546,9,BTN,CBG,BAL
SP002177,SP003588,5,BTN,CBG,BDM
SP002177,SP003809,5,BTN,CBG,WSW
SP002177,SP003989,8,BTN,CBG,BAK
SP002177,SP004194,5,BTN,CBG,BDM
SP002177,SP004487,5,BTN,CBG,BDM
SP002177,SP004582,5,BTN,CBG,BDM
SP002178,SP003358,7,EDB,ABD,GLT
SP002178,SP003394,7,EDB,ABD,LEV
SP002178,SP003757,4,EDB,ABD,LEV
SP002178,SP003761,7,EDB,ABD,COW
SP002178,SP003767,4,EDB,ABD,GLT
SP002178,SP003833,7,EDB,ABD,GLT
SP002178,SP003878,7,EDB,ABD,PTH
SP002179,SP002202,8,EUS,GLC,WSL
SP002179,SP002261,5,EUS,GLC,NMP
SP002179,SP002327,4,EUS,GLC,MKC
SP002179,SP002647,5,EUS,GLC,MKC
SP002179,SP002648,4,EUS,GLC,NMP
SP002179,SP002655,5,EUS,GLC,SAA
SP002179,SP002872,10,EUS,GLC,CTR
SP002179,SP003031,10,EUS,GLC,MAN
SP002179,SP003036,8,EUS,GLC,BHM
SP002179,SP003114,10,EUS,GLC,LIV
SP002179,SP003191,10,EUS,GLC,BPN
SP002179,SP003207,10,EUS,GLC,LIV
SP002179,SP003300,10,EUS,GLC,WRX
SP002179,SP003360,10,EUS,GLC,EDB
SP002179,SP003475,10,EUS,GLC,WVH
SP002179,SP003568,14,EUS,GLC,WVH
SP002179,SP003958,10,EUS,GLC,INV
SP002179,SP004012,10,EUS,GLC,GLC
SP002179,SP004017,10,EUS,GLC,PRE
SP002179,SP004025,10,EUS,GLC,PRE
SP002179,SP004034,10,EUS,GLC,CRE
SP002179,SP004036,36,EUS,GLC,GLC
SP002179,SP004111,32,EUS,GLC,GLC
SP002179,SP004121,4,EUS,GLC,NMP
SP002179,SP004127,4,EUS,GLC,NMP
SP002179,SP004131,5,EUS,GLC,BHM
SP002179,SP004188,10,EUS,GLC,CRE
SP002179,SP004207,10,EUS,GLC,CRE
SP002179,SP004232,14,EUS,GLC,INV
SP002179,SP004384,10,EUS,GLC,WVH
SP002179,SP004399,10,EUS,GLC,GLC
SP002179,SP004433,8,EUS,GLC,NMP
SP002179,SP004516,10,EUS,GLC,GLC
SP002179,SP004529,5,EUS,GLC,BHM
SP002181,SP002227,6,CDF,BRI,PMH
SP002181,SP002231,6,CDF,BRI,PMH
SP002181,SP002328,6,CDF,BRI,TAU
SP002181,SP002379,6,CDF,BRI,BRI
SP002181,SP002392,6,CDF,BRI,EXD
SP002181,SP002394,6,CDF,BRI,PLY
SP002181,SP002395,6,CDF,BRI,EXD
SP002181,SP003379,6,CDF,BRI,PNZ
SP002181,SP003382,9,CDF,BRI,TAU
SP002181,SP003414,6,CDF,BRI,PMH
SP002181,SP003418,3,CDF,BRI,NOT
SP002181,SP003427,6,CDF,BRI,FRO
SP002181,SP003469,5,CDF,BRI,PAD
SP002181,SP003482,3,CDF,BRI,GCR
SP002181,SP004105,3,CDF,BRI,NOT
SP002181,SP004107,3,CDF,BRI,NOT
SP002181,SP004249,6,CDF,BRI,PMH
SP002182,SP002215,11,BHM,LIV,LIV
SP002182,SP002239,4,BHM,LIV,SHR
SP002182,SP003023,3,BHM,LIV,CRE
SP002182,SP003346,3,BHM,LIV,EDB
SP002182,SP003786,4,BHM,LIV,HHD
SP002182,SP003972,3,BHM,LIV,SHR
SP002182,SP004019,3,BHM,LIV,GLC
SP002183,SP002209,6,PAD,WSM,EXD
SP002183,SP002216,6,PAD,WSM,NQY
SP002183,SP002711,6,PAD,WSM,BDW
SP002183,SP003385,6,PAD,WSM,PGN
SP002183,SP003417,9,PAD,WSM,CDF
SP002183,SP003420,9,PAD,WSM,WOS
SP002183,SP003428,6,PAD,WSM,WSB
SP002183,SP003429,9,PAD,WSM,CMN
SP002183,SP003434,9,PAD,WSM,SWA
SP002183,SP003440,9,PAD,WSM,SWA
SP002183,SP003448,15,PAD,WSM,TAU
SP002183,SP003480,6,PAD,WSM,PNZ
SP002183,SP003591,3,PAD,WSM,RDG
SP002183,SP003666,17,PAD,WSM,TAU
SP002183,SP003788,12,PAD,WSM,SWA
SP002183,SP004186,6,PAD,WSM,FRO
SP002183,SP004248,7,PAD,WSM,WPH
SP002183,SP004338,9,PAD,WSM,BPW
SP002183,SP004416,6,PAD,WSM,BDW
SP002183,SP004476,7,PAD,WSM,BAN
SP002183,SP004599,9,PAD,WSM,WOS
SP002185,SP002433,3,CBG,BTN,SSD
SP002185,SP002754,7,CBG,BTN,KGX
SP002185,SP002780,14,CBG,BTN,KGX
SP002185,SP002782,14,CBG,BTN,KGX
SP002185,SP003025,12,CBG,BTN,KGX
SP002185,SP003287,7,CBG,BTN,KGX
SP002185,SP003515,14,CBG,BTN,KGX
SP002185,SP003587,4,CBG,BTN,KGX
SP002185,SP003931,3,CBG,BTN,LST
SP002185,SP003936,3,CBG,BTN,LST
SP002185,SP003938,3,CBG,BTN,LST
SP002185,SP004008,4,CBG,BTN,KGX
SP002185,SP004071,3,CBG,BTN,LST
SP002185,SP004164,3,CBG,BTN,LST
SP002185,SP004166,3,CBG,BTN,LST
SP002185,SP004168,3,CBG,BTN,LST
SP002185,SP004225,3,CBG,BTN,SRA
SP002185,SP004481,4,CBG,BTN,BTN
SP002185,SP004568,3,CBG,BTN,LST
SP002185,SP004632,3,CBG,BTN,BIS
SP002186,SP004181,3,HWV,PAD,PAD
SP002189,SP003067,8,BTN,PMH,SOU
SP002189,SP003069,6,BTN,PMH,SOU
SP002189,SP003070,8,BTN,PMH,SOU
SP002189,SP003073,8,BTN,PMH,SOU
SP002189,SP003500,15,BTN,PMH,SOU
SP002189,SP004135,8,BTN,PMH,SOU
SP002190,SP002213,8,LDS,MCM,RHD
SP002190,SP002876,4,LDS,MCM,MCM
SP002190,SP002877,15,LDS,MCM,LAN
SP002190,SP002890,7,LDS,MCM,CAR
SP002191,SP002834,7,HRH,WSW,PBO
SP002193,SP002804,7,CRE,LIV,LIV
SP002194,SP002256,3,XSU,EGR,TBD
SP002194,SP002498,3,XSU,EGR,EBN
SP002194,SP002506,3,XSU,EGR,LIT
SP002194,SP002516,3,XSU,EGR,BOG
SP002194,SP002725,3,XSU,EGR,EGR
SP002194,SP002810,3,XSU,EGR,CAT
SP002194,SP003112,3,XSU,EGR,CAT
SP002194,SP003228,4,XSU,EGR,ECR
SP002194,SP003249,3,XSU,EGR,ECR
SP002194,SP003838,4,XSU,EGR,CAT
SP002195,SP003595,8,WSW,EGR,GTW
SP002195,SP003822,8,WSW,EGR,TBD
SP002196,SP002230,5,WVH,RGL,EUS
SP002196,SP003105,10,WVH,RGL,BHM
SP002196,SP003331,11,WVH,RGL,EUS
SP002198,SP002200,7,AYR,GLC,GLC
SP002198,SP002772,3,AYR,GLC,GLC
SP002198,SP003834,3,AYR,GLC,GLC
SP002200,SP002772,3,AYR,GLC,GLC
SP002200,SP003834,3,AYR,GLC,GLC
SP002201,SP002688,3,GLC,AYR,LAR
SP002201,SP002989,3,GLC,AYR,ADS
SP002201,SP003270,3,GLC,AYR,ASB
SP002201,SP004447,3,GLC,AYR,ADN
SP002202,SP002261,5,EUS,WSL,NMP
SP002202,SP002327,4,EUS,WSL,MKC
SP002202,SP002647,5,EUS,WSL,MKC
SP002202,SP002648,4,EUS,WSL,NMP
SP002202,SP002655,5,EUS,WSL,SAA
SP002202,SP002872,8,EUS,WSL,CTR
SP002202,SP003031,8,EUS,WSL,MAN
SP002202,SP003036,22,EUS,WSL,BHM
SP002202,SP003114,8,EUS,WSL,LIV
SP002202,SP003191,8,EUS,WSL,BPN
SP002202,SP003207,8,EUS,WSL,LIV
SP002202,SP003300,8,EUS,WSL,WRX
SP002202,SP003360,8,EUS,WSL,EDB
SP002202,SP003475,8,EUS,WSL,WVH
SP002202,SP003568,8,EUS,WSL,WVH
SP002202,SP003958,8,EUS,WSL,INV
SP002202,SP004012,8,EUS,WSL,GLC
SP002202,SP004017,8,EUS,WSL,PRE
SP002202,SP004025,8,EUS,WSL,PRE
SP002202,SP004034,8,EUS,WSL,CRE
SP002202,SP004036,8,EUS,WSL,GLC
SP002202,SP004111,8,EUS,WSL,GLC
SP002202,SP004121,4,EUS,WSL,NMP
SP002202,SP004127,4,EUS,WSL,NMP
SP002202,SP004131,5,EUS,WSL,BHM
SP002202,SP004188,8,EUS,WSL,CRE
SP002202,SP004207,8,EUS,WSL,CRE
SP002202,SP004232,8,EUS,WSL,INV
SP002202,SP004384,8,EUS,WSL,WVH
SP002202,SP004399,8,EUS,WSL,GLC
SP002202,SP004433,14,EUS,WSL,NMP
SP002202,SP004516,8,EUS,WSL,GLC
SP002202,SP004529,5,EUS,WSL,BHM
SP002203,SP002633,3,BHM,LIV,LIF
SP002203,SP003769,4,BHM,LIV,RGL
SP002205,SP002747,7,SPL,EGR,EGR
SP002206,SP002258,4,BAK,EPD,EGR
SP002206,SP002444,7,BAK,EPD,ECR
SP002206,SP003643,3,BAK,EPD,SRH
SP002207,SP003257,4,EDB,DEE,DEE
SP002207,SP003396,3,EDB,DEE,LEV
SP002207,SP004620,3,EDB,DEE,LEV
SP002208,SP002471,8,TBD,LUT,BDM
SP002208,SP003037,8,TBD,LUT,BDM
SP002208,SP003133,6,TBD,LUT,RDH
SP002208,SP003137,3,TBD,LUT,BDM
SP002208,SP003629,10,TBD,LUT,BDM
SP002208,SP004196,8,TBD,LUT,BDM
SP002209,SP002216,8,PAD,EXD,NQY
SP002209,SP002711,7,PAD,EXD,BDW
SP002209,SP003385,8,PAD,EXD,PGN
SP002209,SP003417,6,PAD,EXD,CDF
SP002209,SP003420,6,PAD,EXD,WOS
SP002209,SP003428,7,PAD,EXD,WSB
SP002209,SP003429,6,PAD,EXD,CMN
SP002209,SP003434,6,PAD,EXD,SWA
SP002209,SP003440,6,PAD,EXD,SWA
SP002209,SP003448,6,PAD,EXD,TAU
SP002209,SP003480,8,PAD,EXD,PNZ
SP002209,SP003591,3,PAD,EXD,RDG
SP002209,SP003666,6,PAD,EXD,TAU
SP002209,SP003788,6,PAD,EXD,SWA
SP002209,SP004186,7,PAD,EXD,FRO
SP002209,SP004248,6,PAD,EXD,WPH
SP002209,SP004338,6,PAD,EXD,BPW
SP002209,SP004416,6,PAD,EXD,BDW
SP002209,SP004476,6,PAD,EXD,BAN
SP002209,SP004599,6,PAD,EXD,WOS
SP002210,SP003348,4,BHM,WVH,HHD
SP002210,SP003956,10,BHM,WVH,SHR
SP002210,SP004022,10,BHM,WVH,LIV
SP002211,SP002214,8,DEE,EDB,EDB
SP002211,SP003646,3,DEE,EDB,EDB
SP002211,SP004308,3,DEE,EDB,GLQ
SP002211,SP004617,3,DEE,EDB,EDB
SP002211,SP004619,3,DEE,EDB,EDB
SP002213,SP002876,4,LDS,RHD,MCM
SP002213,SP002877,8,LDS,RHD,LAN
SP002213,SP002890,7,LDS,RHD,CAR
SP002214,SP003646,3,DEE,EDB,EDB
SP002214,SP004308,3,DEE,EDB,GLQ
SP002214,SP004617,3,DEE,EDB,EDB
SP002214,SP004619,3,DEE,EDB,EDB
SP002215,SP002239,4,BHM,LIV,SHR
SP002215,SP003023,3,BHM,LIV,CRE
SP002215,SP003346,3,BHM,LIV,EDB
SP002215,SP003786,4,BHM,LIV,HHD
SP002215,SP003972,3,BHM,LIV,SHR
SP002215,SP004019,3,BHM,LIV,GLC
SP002216,SP002711,7,PAD,NQY,BDW
SP002216,SP003385,10,PAD,NQY,PGN
SP002216,SP003417,6,PAD,NQY,CDF
SP002216,SP003420,6,PAD,NQY,WOS
SP002216,SP003428,7,PAD,NQY,WSB
SP002216,SP003429,6,PAD,NQY,CMN
SP002216,SP003434,6,PAD,NQY,SWA
SP002216,SP003440,6,PAD,NQY,SWA
SP002216,SP003448,6,PAD,NQY,TAU
SP002216,SP003480,10,PAD,NQY,PNZ
SP002216,SP003591,3,PAD,NQY,RDG
SP002216,SP003666,6,PAD,NQY,TAU
SP002216,SP003788,6,PAD,NQY,SWA
SP002216,SP004186,7,PAD,NQY,FRO
SP002216,SP004248,6,PAD,NQY,WPH
SP002216,SP004338,6,PAD,NQY,BPW
SP002216,SP004416,6,PAD,NQY,BDW
SP002216,SP004476,6,PAD,NQY,BAN
SP002216,SP004599,6,PAD,NQY,WOS
SP002218,SP002470,17,BDM,BTN,TBD
SP002218,SP002766,8,BDM,BTN,BTN
SP002218,SP002831,21,BDM,BTN,BTN
SP002218,SP002850,17,BDM,BTN,BTN
SP002218,SP003040,21,BDM,BTN,TBD
SP002218,SP003132,17,BDM,BTN,TBD
SP002218,SP003389,8,BDM,BTN,BTN
SP002218,SP003401,8,BDM,BTN,BTN
SP002218,SP003491,8,BDM,BTN,BTN
SP002218,SP003627,17,BDM,BTN,TBD
SP002218,SP003758,8,BDM,BTN,BTN
SP002218,SP003861,17,BDM,BTN,BTN
SP002218,SP003865,21,BDM,BTN,BTN
SP002218,SP004203,17,BDM,BTN,BTN
SP002218,SP004204,8,BDM,BTN,BTN
SP002218,SP004596,20,BDM,BTN,TBD
SP002218,SP004598,8,BDM,BTN,BTN
SP002219,SP002225,26,LUT,GTW,TBD
SP002219,SP003020,4,LUT,GTW,SUO
SP002219,SP004219,23,LUT,GTW,GTW
SP002221,SP002242,10,BTN,BDM,CBG
SP002221,SP002246,10,BTN,BDM,BDM
SP002221,SP002474,13,BTN,BDM,BDM
SP002221,SP002724,5,BTN,BDM,BAL
SP002221,SP002841,13,BTN,BDM,BDM
SP002221,SP003141,11,BTN,BDM,BDM
SP002221,SP003395,10,BTN,BDM,BDM
SP002221,SP003399,10,BTN,BDM,BDM
SP002221,SP003546,5,BTN,BDM,BAL
SP002221,SP003588,13,BTN,BDM,BDM
SP002221,SP003809,10,BTN,BDM,WSW
SP002221,SP003989,5,BTN,BDM,BAK
SP002221,SP004194,13,BTN,BDM,BDM
SP002221,SP004487,10,BTN,BDM,BDM
SP002221,SP004582,10,BTN,BDM,BDM
SP002222,SP002249,22,BDM,TBD,TBD
SP002222,SP002255,20,BDM,TBD,EGR
SP002222,SP002664,20,BDM,TBD,EGR
SP002223,SP002787,11,CTR,MIA,MIA
SP002223,SP003604,3,CTR,MIA,LIV
SP002224,SP002573,3,CDF,MAN,HFD
SP002224,SP002860,3,CDF,MAN,MAN
SP002224,SP002893,3,CDF,MAN,MAN
SP002224,SP002902,3,CDF,MAN,HHD
SP002224,SP003061,3,CDF,MAN,MAN
SP002224,SP003495,3,CDF,MAN,CTR
SP002224,SP003525,3,CDF,MAN,AGV
SP002224,SP003619,3,CDF,MAN,CTR
SP002224,SP003715,8,CDF,MAN,MAN
SP002224,SP004084,3,CDF,MAN,CRE
SP002224,SP004294,3,CDF,MAN,CTR
SP002225,SP003020,4,LUT,TBD,SUO
SP002225,SP004219,23,LUT,TBD,GTW
SP002226,SP003370,9,SWA,PMD,MFH
SP002226,SP003444,6,SWA,PMD,CMN
SP002226,SP003780,8,SWA,PMD,CMN
SP002226,SP003784,9,SWA,PMD,FGH
SP002226,SP003828,3,SWA,PMD,SHR
SP002227,SP002231,7,CDF,PMH,PMH
SP002227,SP002328,7,CDF,PMH,TAU
SP002227,SP002379,7,CDF,PMH,BRI
SP002227,SP002392,7,CDF,PMH,EXD
SP002227,SP002394,7,CDF,PMH,PLY
SP002227,SP002395,7,CDF,PMH,EXD
SP002227,SP003379,7,CDF,PMH,PNZ
SP002227,SP003382,6,CDF,PMH,TAU
SP002227,SP003414,7,CDF,PMH,PMH
SP002227,SP003418,3,CDF,PMH,NOT
SP002227,SP003427,8,CDF,PMH,FRO
SP002227,SP003469,5,CDF,PMH,PAD
SP002227,SP003482,3,CDF,PMH,GCR
SP002227,SP004105,3,CDF,PMH,NOT
SP002227,SP004107,3,CDF,PMH,NOT
SP002227,SP004249,8,CDF,PMH,PMH
SP002229,SP002478,3,GLC,CRE,EDB
SP002229,SP003323,14,GLC,CRE,MIA
SP002229,SP004009,13,GLC,CRE,EUS
SP002229,SP004010,3,GLC,CRE,EUS
SP002229,SP004033,19,GLC,CRE,EUS
SP002229,SP004044,13,GLC,CRE,EUS
SP002229,SP004110,3,GLC,CRE,EUS
SP002229,SP004515,3,GLC,CRE,EUS
SP002230,SP003105,5,WVH,EUS,BHM
SP002230,SP003331,5,WVH,EUS,EUS
SP002231,SP002328,7,CDF,PMH,TAU
SP002231,SP002379,7,CDF,PMH,BRI
SP002231,SP002392,7,CDF,PMH,EXD
SP002231,SP002394,7,CDF,PMH,PLY
SP002231,SP002395,7,CDF,PMH,EXD
SP002231,SP003379,7,CDF,PMH,PNZ
SP002231,SP003382,6,CDF,PMH,TAU
SP002231,SP003414,11,CDF,PMH,PMH
SP002231,SP003418,3,CDF,PMH,NOT
SP002231,SP003427,7,CDF,PMH,FRO
SP002231,SP003469,5,CDF,PMH,PAD
SP002231,SP003482,3,CDF,PMH,GCR
SP002231,SP004105,3,CDF,PMH,NOT
SP002231,SP004107,3,CDF,PMH,NOT
SP002231,SP004249,7,CDF,PMH,PMH
SP002232,SP002410,15,SSD,LWT,NRW
SP002232,SP002446,6,SSD,LWT,CBG
SP002233,SP003696,6,LWT,NRW,NRW
SP002234,SP004051,10,RGL,BHM,BHM
SP002236,SP002308,5,EDB,GLC,GLC
SP002236,SP002310,5,EDB,GLC,GLC
SP002236,SP002324,5,EDB,GLC,GLC
SP002236,SP003250,3,EDB,GLC,EUS
SP002236,SP003562,3,EDB,GLC,EUS
SP002236,SP003639,3,EDB,GLC,GLC
SP002236,SP003808,3,EDB,GLC,GLC
SP002236,SP003970,3,EDB,GLC,EUS
SP002236,SP004263,3,EDB,GLC,MIA
SP002236,SP004448,3,EDB,GLC,GLC
SP002236,SP004456,6,EDB,GLC,GLC
SP002237,SP002250,3,PTH,EDB,EDB
SP002238,SP002847,6,CTR,BHI,SHR
SP002238,SP003197,6,CTR,BHI,CDF
SP002239,SP003023,3,BHM,SHR,CRE
SP002239,SP003346,3,BHM,SHR,EDB
SP002239,SP003786,5,BHM,SHR,HHD
SP002239,SP003972,3,BHM,SHR,SHR
SP002239,SP004019,3,BHM,SHR,GLC
SP002240,SP002244,7,HHE,BDM,BDM
SP002241,SP003842,10,POO,BCU,NEM
SP002241,SP003854,4,POO,BCU,NEM
SP002242,SP002246,23,BTN,CBG,BDM
SP002242,SP002474,10,BTN,CBG,BDM
SP002242,SP002724,5,BTN,CBG,BAL
SP002242,SP002841,10,BTN,CBG,BDM
SP002242,SP003141,10,BTN,CBG,BDM
SP002242,SP003395,11,BTN,CBG,BDM
SP002242,SP003399,11,BTN,CBG,BDM
SP002242,SP003546,5,BTN,CBG,BAL
SP002242,SP003588,10,BTN,CBG,BDM
SP002242,SP003809,10,BTN,CBG,WSW
SP002242,SP003989,5,BTN,CBG,BAK
SP002242,SP004194,10,BTN,CBG,BDM
SP002242,SP004487,11,BTN,CBG,BDM
SP002242,SP004582,10,BTN,CBG,BDM
SP002243,SP002465,4,NOT,DBY,STP
SP002243,SP002607,7,NOT,DBY,CRE
SP002245,SP002967,3,PMH,CDF,BOG
SP002245,SP002968,3,PMH,CDF,HRH
SP002245,SP003035,3,PMH,CDF,NEM
SP002245,SP003038,3,PMH,CDF,NEM
SP002245,SP003439,3,PMH,CDF,GLD
SP002245,SP003455,15,PMH,CDF,CDF
SP002245,SP003498,5,PMH,CDF,WSB
SP002245,SP003509,3,PMH,CDF,NEM
SP002245,SP003511,3,PMH,CDF,NEM
SP002245,SP003545,3,PMH,CDF,NEM
SP002245,SP003547,3,PMH,CDF,GTW
SP002245,SP004502,5,PMH,CDF,BRI
SP002246,SP002474,10,BTN,BDM,BDM
SP002246,SP002724,5,BTN,BDM,BAL
SP002246,SP002841,10,BTN,BDM,BDM
SP002246,SP003141,10,BTN,BDM,BDM
SP002246,SP003395,11,BTN,BDM,BDM
SP002246,SP003399,11,BTN,BDM,BDM
SP002246,SP003546,5,BTN,BDM,BAL
SP002246,SP003588,10,BTN,BDM,BDM
SP002246,SP003809,10,BTN,BDM,WSW
SP002246,SP003989,5,BTN,BDM,BAK
SP002246,SP004194,10,BTN,BDM,BDM
SP002246,SP004487,11,BTN,BDM,BDM
SP002246,SP004582,10,BTN,BDM,BDM
SP002247,SP002262,5,EGR,WHP,XSU
SP002247,SP003062,5,EGR,WHP,WSW
SP002247,SP004218,19,EGR,WHP,BDM
SP002247,SP004576,5,EGR,WHP,BAK
SP002248,SP002503,3,EBN,ORE,XSU
SP002248,SP003759,3,EBN,ORE,BAL
SP002248,SP003812,3,EBN,ORE,HHE
SP002248,SP004147,3,EBN,ORE,HHE
SP002248,SP004505,3,EBN,ORE,BAK
SP002248,SP004595,3,EBN,ORE,WSW
SP002249,SP002255,20,BDM,TBD,EGR
SP002249,SP002664,20,BDM,TBD,EGR
SP002251,SP002252,11,CAR,LDS,LDS
SP002251,SP003499,11,CAR,LDS,LDS
SP002251,SP004115,7,CAR,LDS,LDS
SP002252,SP003499,15,CAR,LDS,LDS
SP002252,SP004115,7,CAR,LDS,LDS
SP002255,SP002664,23,BDM,EGR,EGR
SP002256,SP002498,11,XSU,TBD,EBN
SP002256,SP002506,11,XSU,TBD,LIT
SP002256,SP002516,11,XSU,TBD,BOG
SP002256,SP002725,6,XSU,TBD,EGR
SP002256,SP002810,6,XSU,TBD,CAT
SP002256,SP003112,3,XSU,TBD,CAT
SP002256,SP003228,3,XSU,TBD,ECR
SP002256,SP003249,6,XSU,TBD,ECR
SP002256,SP003838,3,XSU,TBD,CAT
SP002258,SP002444,4,BAK,EGR,ECR
SP002258,SP003643,3,BAK,EGR,SRH
SP002259,SP002981,6,BDM,TBD,BTN
SP002259,SP003452,6,BDM,TBD,GTW
SP002259,SP003483,6,BDM,TBD,BTN
SP002261,SP002327,4,EUS,NMP,MKC
SP002261,SP002647,6,EUS,NMP,MKC
SP002261,SP002648,4,EUS,NMP,NMP
SP002261,SP002655,5,EUS,NMP,SAA
SP002261,SP002872,5,EUS,NMP,CTR
SP002261,SP003031,5,EUS,NMP,MAN
SP002261,SP003036,5,EUS,NMP,BHM
SP002261,SP003114,5,EUS,NMP,LIV
SP002261,SP003191,5,EUS,NMP,BPN
SP002261,SP003207,5,EUS,NMP,LIV
SP002261,SP003300,5,EUS,NMP,WRX
SP002261,SP003360,5,EUS,NMP,EDB
SP002261,SP003475,5,EUS,NMP,WVH
SP002261,SP003568,5,EUS,NMP,WVH
SP002261,SP003958,5,EUS,NMP,INV
SP002261,SP004012,5,EUS,NMP,GLC
SP002261,SP004017,5,EUS,NMP,PRE
SP002261,SP004025,5,EUS,NMP,PRE
SP002261,SP004034,5,EUS,NMP,CRE
SP002261,SP004036,5,EUS,NMP,GLC
SP002261,SP004111,5,EUS,NMP,GLC
SP002261,SP004121,4,EUS,NMP,NMP
SP002261,SP004127,4,EUS,NMP,NMP
SP002261,SP004131,6,EUS,NMP,BHM
SP002261,SP004188,5,EUS,NMP,CRE
SP002261,SP004207,5,EUS,NMP,CRE
SP002261,SP004232,5,EUS,NMP,INV
SP002261,SP004384,5,EUS,NMP,WVH
SP002261,SP004399,5,EUS,NMP,GLC
SP002261,SP004433,5,EUS,NMP,NMP
SP002261,SP004516,5,EUS,NMP,GLC
SP002261,SP004529,6,EUS,NMP,BHM
SP002262,SP003062,11,EGR,XSU,WSW
SP002262,SP004218,5,EGR,XSU,BDM
SP002262,SP004576,11,EGR,XSU,BAK
SP002263,SP002264,10,PLY,GCR,PAD
SP002263,SP002265,10,PLY,GCR,PAD
SP002263,SP003365,10,PLY,GCR,PAD
SP002263,SP003366,10,PLY,GCR,PAD
SP002263,SP003368,10,PLY,GCR,PAD
SP002263,SP003372,10,PLY,GCR,PAD
SP002263,SP003616,16,PLY,GCR,LDS
SP002263,SP003651,10,PLY,GCR,PAD
SP002264,SP002265,21,PLY,PAD,PAD
SP002264,SP003365,11,PLY,PAD,PAD
SP002264,SP003366,11,PLY,PAD,PAD
SP002264,SP003368,11,PLY,PAD,PAD
SP002264,SP003372,11,PLY,PAD,PAD
SP002264,SP003616,10,PLY,PAD,LDS
SP002264,SP003651,11,PLY,PAD,PAD
SP002265,SP003365,11,PLY,PAD,PAD
SP002265,SP003366,11,PLY,PAD,PAD
SP002265,SP003368,11,PLY,PAD,PAD
SP002265,SP003372,11,PLY,PAD,PAD
SP002265,SP003616,10,PLY,PAD,LDS
SP002265,SP003651,11,PLY,PAD,PAD
SP002266,SP002793,7,BHM,COV,BHI
SP002266,SP004631,12,BHM,COV,NMP
SP002267,SP003093,6,STG,EUS,EUS
SP002269,SP002840,21,HHD,CDF,BHI
SP002269,SP003654,16,HHD,CDF,CRE
SP002271,SP002285,24,SEV,BFR,WGC
SP002271,SP002288,24,SEV,BFR,WGC
SP002271,SP002292,24,SEV,BFR,WGC
SP002271,SP002836,13,SEV,BFR,XVJ
SP002271,SP003459,24,SEV,BFR,FPK
SP002273,SP004000,12,GLC,MIA,EUS
SP002273,SP004365,12,GLC,MIA,EUS
SP002274,SP002458,4,BTN,EBN,ORE
SP002274,SP002479,4,BTN,EBN,ORE
SP002274,SP002739,4,BTN,EBN,EBN
SP002274,SP002932,4,BTN,EBN,HGS
SP002274,SP003064,9,BTN,EBN,ORE
SP002274,SP003140,4,BTN,EBN,HGS
SP002274,SP004122,5,BTN,EBN,ORE
SP002274,SP004553,5,BTN,EBN,ORE
SP002275,SP002789,3,HHE,EBN,BTN
SP002276,SP002965,8,BAL,HGS,PMH
SP002276,SP002980,8,BAL,HGS,PMS
SP002276,SP002983,8,BAL,HGS,PMH
SP002276,SP002986,8,BAL,HGS,PMS
SP002276,SP002991,15,BAL,HGS,ORE
SP002276,SP002992,12,BAL,HGS,ORE
SP002276,SP002995,12,BAL,HGS,ORE
SP002276,SP003006,12,BAL,HGS,ORE
SP002276,SP003014,12,BAL,HGS,HGS
SP002276,SP003026,9,BAL,HGS,LIT
SP002276,SP003130,9,BAL,HGS,WRH
SP002276,SP003179,5,BAL,HGS,TBD
SP002276,SP003294,8,BAL,HGS,HRH
SP002276,SP003298,8,BAL,HGS,CCH
SP002276,SP003454,3,BAL,HGS,ORE
SP002276,SP003675,9,BAL,HGS,WRH
SP002276,SP003677,11,BAL,HGS,WRH
SP002276,SP003756,5,BAL,HGS,BTN
SP002276,SP004020,7,BAL,HGS,GTW
SP002276,SP004086,6,BAL,HGS,WRH
SP002277,SP002476,5,ORE,BTN,BTN
SP002277,SP002996,7,ORE,BTN,BAL
SP002277,SP003000,7,ORE,BTN,BAK
SP002277,SP003147,8,ORE,BTN,BTN
SP002277,SP003149,8,ORE,BTN,BTN
SP002277,SP003552,7,ORE,BTN,PLG
SP002277,SP004120,5,ORE,BTN,BTN
SP002277,SP004126,7,ORE,BTN,BTN
SP002277,SP004128,7,ORE,BTN,BTN
SP002278,SP003435,11,CNM,PAD,PAD
SP002280,SP002473,5,LST,SSD,CHN
SP002280,SP002514,11,LST,SSD,SSD
SP002280,SP002542,7,LST,SSD,ELY
SP002280,SP002554,7,LST,SSD,HFE
SP002280,SP003259,5,LST,SSD,ENF
SP002280,SP004059,5,LST,SSD,CHI
SP002280,SP004165,10,LST,SSD,ELY
SP002281,SP002282,3,RDZ,GTW,GTW
SP002281,SP002283,3,RDZ,GTW,GTW
SP002281,SP002291,3,RDZ,GTW,GTW
SP002281,SP002293,9,RDZ,GTW,GTW
SP002281,SP003413,11,RDZ,GTW,SFR
SP002281,SP004600,3,RDZ,GTW,SNS
SP002282,SP002283,12,RDZ,GTW,GTW
SP002282,SP002291,4,RDZ,GTW,GTW
SP002282,SP002293,3,RDZ,GTW,GTW
SP002282,SP003413,3,RDZ,GTW,SFR
SP002282,SP004600,3,RDZ,GTW,SNS
SP002283,SP002291,4,RDZ,GTW,GTW
SP002283,SP002293,3,RDZ,GTW,GTW
SP002283,SP003413,3,RDZ,GTW,SFR
SP002283,SP004600,3,RDZ,GTW,SNS
SP002284,SP002714,9,NRW,LWT,BCC
SP002284,SP002721,3,NRW,LWT,LWT
SP002284,SP002756,3,NRW,LWT,GYM
SP002284,SP002988,5,NRW,LWT,GYM
SP002285,SP002288,33,SEV,WGC,WGC
SP002285,SP002292,29,SEV,WGC,WGC
SP002285,SP002836,13,SEV,WGC,XVJ
SP002285,SP003459,29,SEV,WGC,FPK
SP002286,SP002572,4,SHF,LDS,YRK
SP002286,SP003419,3,SHF,LDS,CLE
SP002286,SP003573,8,SHF,LDS,YRK
SP002286,SP003862,3,SHF,LDS,CLE
SP002286,SP003985,9,SHF,LDS,LDS
SP002288,SP002292,29,SEV,WGC,WGC
SP002288,SP002836,13,SEV,WGC,XVJ
SP002288,SP003459,29,SEV,WGC,FPK
SP002289,SP002797,27,RAI,WHP,WHP
SP002289,SP002803,14,RAI,WHP,DFD
SP002291,SP002293,3,RDZ,GTW,GTW
SP002291,SP003413,3,RDZ,GTW,SFR
SP002291,SP004600,3,RDZ,GTW,SNS
SP002292,SP002836,13,SEV,WGC,XVJ
SP002292,SP003459,29,SEV,WGC,FPK
SP002293,SP003413,9,RDZ,GTW,SFR
SP002293,SP004600,3,RDZ,GTW,SNS
SP002294,SP002373,5,ABD,PTH,MTS
SP002294,SP003810,10,ABD,PTH,DEE
SP002294,SP004310,7,ABD,PTH,GLQ
SP002294,SP004615,7,ABD,PTH,GLQ
SP002297,SP002299,8,MOG,WGC,WGC
SP002297,SP002342,7,MOG,WGC,GDH
SP002297,SP002753,6,MOG,WGC,FPK
SP002297,SP003174,7,MOG,WGC,LET
SP002297,SP003376,6,MOG,WGC,WGC
SP002299,SP002342,7,MOG,WGC,GDH
SP002299,SP002753,6,MOG,WGC,FPK
SP002299,SP003174,7,MOG,WGC,LET
SP002299,SP003376,6,MOG,WGC,WGC
SP002300,SP002946,18,OBN,GLQ,GLQ
SP002300,SP004327,11,OBN,GLQ,GLQ
SP002300,SP004444,5,OBN,GLQ,DAL
SP002301,SP002311,16,SPX,BXS,AMS
SP002301,SP002917,3,SPX,BXS,MAR
SP002301,SP003090,3,SPX,BXS,FAV
SP002301,SP003153,3,SPX,BXS,AFK
SP002301,SP004271,3,SPX,BXS,RAM
SP002301,SP004291,3,SPX,BXS,MAR
SP002301,SP004348,3,SPX,BXS,MAR
SP002301,SP004380,3,SPX,BXS,MAR
SP002301,SP004392,3,SPX,BXS,DVP
SP002301,SP004396,3,SPX,BXS,RAM
SP002301,SP004435,3,SPX,BXS,MDW
SP002302,SP002534,3,HUL,LDS,YRK
SP002302,SP002641,5,HUL,LDS,SBY
SP002302,SP003317,3,HUL,LDS,SHF
SP002302,SP003869,5,HUL,LDS,MAN
SP002302,SP003951,3,HUL,LDS,YRK
SP002302,SP003980,5,HUL,LDS,HFX
SP002302,SP004117,5,HUL,LDS,LDS
SP002302,SP004465,5,HUL,LDS,HFX
SP002305,SP002418,11,MLG,FTW,GLQ
SP002305,SP004331,11,MLG,FTW,GLQ
SP002306,SP002883,7,SOP,MCO,WGW
SP002307,SP004276,3,YRK,MAN,BPN
SP002307,SP004460,3,YRK,MAN,MAN
SP002308,SP002310,7,EDB,GLC,GLC
SP002308,SP002324,7,EDB,GLC,GLC
SP002308,SP003250,3,EDB,GLC,EUS
SP002308,SP003562,3,EDB,GLC,EUS
SP002308,SP003639,3,EDB,GLC,GLC
SP002308,SP003808,3,EDB,GLC,GLC
SP002308,SP003970,3,EDB,GLC,EUS
SP002308,SP004263,3,EDB,GLC,MIA
SP002308,SP004448,3,EDB,GLC,GLC
SP002308,SP004456,5,EDB,GLC,GLC
SP002309,SP002864,23,HFD,PAD,PAD
SP002309,SP003443,19,HFD,PAD,PAD
SP002309,SP003875,8,HFD,PAD,BHM
SP002310,SP002324,8,EDB,GLC,GLC
SP002310,SP003250,3,EDB,GLC,EUS
SP002310,SP003562,3,EDB,GLC,EUS
SP002310,SP003639,3,EDB,GLC,GLC
SP002310,SP003808,3,EDB,GLC,GLC
SP002310,SP003970,3,EDB,GLC,EUS
SP002310,SP004263,3,EDB,GLC,MIA
SP002310,SP004448,3,EDB,GLC,GLC
SP002310,SP004456,5,EDB,GLC,GLC
SP002311,SP002917,3,SPX,AMS,MAR
SP002311,SP003090,3,SPX,AMS,FAV
SP002311,SP003153,3,SPX,AMS,AFK
SP002311,SP004271,3,SPX,AMS,RAM
SP002311,SP004291,3,SPX,AMS,MAR
SP002311,SP004348,3,SPX,AMS,MAR
SP002311,SP004380,3,SPX,AMS,MAR
SP002311,SP004392,3,SPX,AMS,DVP
SP002311,SP004396,3,SPX,AMS,RAM
SP002311,SP004435,3,SPX,AMS,MDW
SP002312,SP003441,11,WOS,PAD,PAD
SP002312,SP003811,11,WOS,PAD,PAD
SP002313,SP003438,8,WOF,PAD,PAD
SP002313,SP003445,3,WOF,PAD,PAD
SP002313,SP003845,8,WOF,PAD,PAD
SP002315,SP003593,5,GTW,RDZ,BAL
SP002315,SP003603,5,GTW,RDZ,WSW
SP002315,SP004119,5,GTW,RDZ,RDH
SP002316,SP002786,3,BDQ,SHY,LAN
SP002317,SP002335,5,KGX,NCL,LDS
SP002317,SP002354,3,KGX,NCL,RYS
SP002317,SP002363,3,KGX,NCL,LET
SP002317,SP002493,3,KGX,NCL,HFN
SP002317,SP002494,3,KGX,NCL,RYS
SP002317,SP002502,3,KGX,NCL,CBG
SP002317,SP002602,3,KGX,NCL,WGC
SP002317,SP002623,3,KGX,NCL,PBO
SP002317,SP002755,3,KGX,NCL,CBG
SP002317,SP002757,3,KGX,NCL,CBG
SP002317,SP002761,3,KGX,NCL,LET
SP002317,SP002762,3,KGX,NCL,CBG
SP002317,SP002765,3,KGX,NCL,CBG
SP002317,SP002914,3,KGX,NCL,KLN
SP002317,SP002940,34,KGX,NCL,EDB
SP002317,SP002953,3,KGX,NCL,EDB
SP002317,SP002960,3,KGX,NCL,LDS
SP002317,SP002973,3,KGX,NCL,HFN
SP002317,SP003030,3,KGX,NCL,WGC
SP002317,SP003175,3,KGX,NCL,HFN
SP002317,SP003176,3,KGX,NCL,RYS
SP002317,SP003225,3,KGX,NCL,WGC
SP002317,SP003254,3,KGX,NCL,PBO
SP002317,SP003540,3,KGX,NCL,GLQ
SP002317,SP003600,3,KGX,NCL,CBG
SP002317,SP003658,3,KGX,NCL,ELY
SP002317,SP003667,3,KGX,NCL,YRK
SP002317,SP003669,3,KGX,NCL,INV
SP002317,SP003855,34,KGX,NCL,ABD
SP002317,SP003859,28,KGX,NCL,LDS
SP002317,SP004237,3,KGX,NCL,PBO
SP002319,SP002330,16,GTW,RDZ,RDZ
SP002319,SP002353,14,GTW,RDZ,RDG
SP002319,SP002355,12,GTW,RDZ,RDG
SP002319,SP003451,4,GTW,RDZ,BDM
SP002319,SP003728,12,GTW,RDZ,RDZ
SP002322,SP004454,4,GLC,EDB,EDB
SP002323,SP004372,5,GLC,GRK,WMS
SP002324,SP003250,3,EDB,GLC,EUS
SP002324,SP003562,3,EDB,GLC,EUS
SP002324,SP003639,3,EDB,GLC,GLC
SP002324,SP003808,3,EDB,GLC,GLC
SP002324,SP003970,3,EDB,GLC,EUS
SP002324,SP004263,3,EDB,GLC,MIA
SP002324,SP004448,3,EDB,GLC,GLC
SP002324,SP004456,5,EDB,GLC,GLC
SP002326,SP004412,18,WTB,NCL,MBR
SP002327,SP002647,4,EUS,MKC,MKC
SP002327,SP002648,17,EUS,MKC,NMP
SP002327,SP002655,4,EUS,MKC,SAA
SP002327,SP002872,4,EUS,MKC,CTR
SP002327,SP003031,4,EUS,MKC,MAN
SP002327,SP003036,4,EUS,MKC,BHM
SP002327,SP003114,4,EUS,MKC,LIV
SP002327,SP003191,4,EUS,MKC,BPN
SP002327,SP003207,4,EUS,MKC,LIV
SP002327,SP003300,4,EUS,MKC,WRX
SP002327,SP003360,4,EUS,MKC,EDB
SP002327,SP003475,4,EUS,MKC,WVH
SP002327,SP003568,4,EUS,MKC,WVH
SP002327,SP003958,4,EUS,MKC,INV
SP002327,SP004012,4,EUS,MKC,GLC
SP002327,SP004017,4,EUS,MKC,PRE
SP002327,SP004025,4,EUS,MKC,PRE
SP002327,SP004034,4,EUS,MKC,CRE
SP002327,SP004036,4,EUS,MKC,GLC
SP002327,SP004111,4,EUS,MKC,GLC
SP002327,SP004121,12,EUS,MKC,NMP
SP002327,SP004127,6,EUS,MKC,NMP
SP002327,SP004131,4,EUS,MKC,BHM
SP002327,SP004188,4,EUS,MKC,CRE
SP002327,SP004207,4,EUS,MKC,CRE
SP002327,SP004232,4,EUS,MKC,INV
SP002327,SP004384,4,EUS,MKC,WVH
SP002327,SP004399,4,EUS,MKC,GLC
SP002327,SP004433,4,EUS,MKC,NMP
SP002327,SP004516,4,EUS,MKC,GLC
SP002327,SP004529,4,EUS,MKC,BHM
SP002328,SP002379,7,CDF,TAU,BRI
SP002328,SP002392,7,CDF,TAU,EXD
SP002328,SP002394,7,CDF,TAU,PLY
SP002328,SP002395,17,CDF,TAU,EXD
SP002328,SP003379,17,CDF,TAU,PNZ
SP002328,SP003382,6,CDF,TAU,TAU
SP002328,SP003414,7,CDF,TAU,PMH
SP002328,SP003418,3,CDF,TAU,NOT
SP002328,SP003427,7,CDF,TAU,FRO
SP002328,SP003469,5,CDF,TAU,PAD
SP002328,SP003482,3,CDF,TAU,GCR
SP002328,SP004105,3,CDF,TAU,NOT
SP002328,SP004107,3,CDF,TAU,NOT
SP002328,SP004249,7,CDF,TAU,PMH
SP002329,SP002710,4,TAU,CDF,CDF
SP002329,SP003402,9,TAU,CDF,PAD
SP002330,SP002353,14,GTW,RDZ,RDG
SP002330,SP002355,12,GTW,RDZ,RDG
SP002330,SP003451,4,GTW,RDZ,BDM
SP002330,SP003728,12,GTW,RDZ,RDZ
SP002332,SP002839,4,HHD,CDF,MIA
SP002332,SP002859,14,HHD,CDF,CDF
SP002332,SP003120,13,HHD,CDF,EUS
SP002332,SP003173,13,HHD,CDF,CTR
SP002332,SP003340,13,HHD,CDF,EUS
SP002332,SP003359,14,HHD,CDF,CDF
SP002332,SP003586,4,HHD,CDF,CTR
SP002332,SP004015,13,HHD,CDF,BHM
SP002333,SP003814,3,GLC,BRR,EKL
SP002335,SP002354,3,KGX,LDS,RYS
SP002335,SP002363,3,KGX,LDS,LET
SP002335,SP002493,3,KGX,LDS,HFN
SP002335,SP002494,3,KGX,LDS,RYS
SP002335,SP002502,3,KGX,LDS,CBG
SP002335,SP002602,3,KGX,LDS,WGC
SP002335,SP002623,3,KGX,LDS,PBO
SP002335,SP002755,3,KGX,LDS,CBG
SP002335,SP002757,3,KGX,LDS,CBG
SP002335,SP002761,3,KGX,LDS,LET
SP002335,SP002762,3,KGX,LDS,CBG
SP002335,SP002765,3,KGX,LDS,CBG
SP002335,SP002914,3,KGX,LDS,KLN
SP002335,SP002940,5,KGX,LDS,EDB
SP002335,SP002953,3,KGX,LDS,EDB
SP002335,SP002960,3,KGX,LDS,LDS
SP002335,SP002973,3,KGX,LDS,HFN
SP002335,SP003030,3,KGX,LDS,WGC
SP002335,SP003175,3,KGX,LDS,HFN
SP002335,SP003176,3,KGX,LDS,RYS
SP002335,SP003225,3,KGX,LDS,WGC
SP002335,SP003254,3,KGX,LDS,PBO
SP002335,SP003540,3,KGX,LDS,GLQ
SP002335,SP003600,3,KGX,LDS,CBG
SP002335,SP003658,3,KGX,LDS,ELY
SP002335,SP003667,3,KGX,LDS,YRK
SP002335,SP003669,3,KGX,LDS,INV
SP002335,SP003855,5,KGX,LDS,ABD
SP002335,SP003859,5,KGX,LDS,LDS
SP002335,SP004237,3,KGX,LDS,PBO
SP002336,SP002402,21,PNZ,BHM,EXD
SP002336,SP002404,11,PNZ,BHM,EXD
SP002336,SP002584,4,PNZ,BHM,NQY
SP002336,SP002649,14,PNZ,BHM,PLY
SP002336,SP002658,11,PNZ,BHM,PLY
SP002336,SP002663,13,PNZ,BHM,PLY
SP002336,SP003371,23,PNZ,BHM,PAD
SP002336,SP003649,26,PNZ,BHM,PAD
SP002336,SP004277,11,PNZ,BHM,PLY
SP002336,SP004492,11,PNZ,BHM,PLY
SP002336,SP004494,11,PNZ,BHM,PLY
SP002337,SP002388,5,LST,SNF,CET
SP002337,SP002507,5,LST,SNF,COL
SP002337,SP002519,5,LST,SNF,CLT
SP002337,SP002684,5,LST,SNF,SOV
SP002337,SP003126,6,LST,SNF,COL
SP002337,SP003202,4,LST,SNF,COL
SP002337,SP003205,5,LST,SNF,CLT
SP002337,SP003297,4,LST,SNF,SOV
SP002337,SP003598,13,LST,SNF,GDP
SP002337,SP003738,5,LST,SNF,HWC
SP002337,SP003741,5,LST,SNF,HPQ
SP002337,SP003743,5,LST,SNF,HPQ
SP002337,SP003905,5,LST,SNF,WTM
SP002337,SP003908,5,LST,SNF,WTM
SP002337,SP003910,5,LST,SNF,BTR
SP002337,SP003922,5,LST,SNF,COL
SP002337,SP003923,5,LST,SNF,COL
SP002337,SP003926,5,LST,SNF,COL
SP002337,SP003947,5,LST,SNF,SMN
SP002337,SP003948,5,LST,SNF,SOV
SP002337,SP003999,5,LST,SNF,CLT
SP002337,SP004024,5,LST,SNF,CLT
SP002337,SP004028,5,LST,SNF,CLT
SP002337,SP004029,5,LST,SNF,CLT
SP002337,SP004039,5,LST,SNF,CLT
SP002337,SP004049,5,LST,SNF,IPS
SP002337,SP004050,5,LST,SNF,IPS
SP002337,SP004053,5,LST,SNF,IPS
SP002337,SP004153,5,LST,SNF,WTM
SP002337,SP004622,4,LST,SNF,SOV
SP002340,SP002512,11,HFN,MOG,FPK
SP002341,SP002390,3,MCV,WGW,SOP
SP002341,SP003433,3,MCV,WGW,HBL
SP002341,SP003824,3,MCV,WGW,WGW
SP002342,SP002753,6,MOG,GDH,FPK
SP002342,SP003174,15,MOG,GDH,LET
SP002342,SP003376,6,MOG,GDH,WGC
SP002344,SP002854,8,EDB,KGX,NCL
SP002344,SP002942,10,EDB,KGX,KGX
SP002344,SP002958,21,EDB,KGX,KGX
SP002344,SP003384,14,EDB,KGX,BRI
SP002344,SP003476,21,EDB,KGX,KGX
SP002344,SP004602,27,EDB,KGX,KGX
SP002346,SP002718,10,BMV,LIF,BHM
SP002346,SP004031,23,BMV,LIF,LIC
SP002350,SP002378,4,INR,ABD,MTS
SP002353,SP002355,12,GTW,RDG,RDG
SP002353,SP003451,4,GTW,RDG,BDM
SP002353,SP003728,12,GTW,RDG,RDZ
SP002354,SP002363,4,KGX,RYS,LET
SP002354,SP002493,3,KGX,RYS,HFN
SP002354,SP002494,3,KGX,RYS,RYS
SP002354,SP002502,3,KGX,RYS,CBG
SP002354,SP002602,3,KGX,RYS,WGC
SP002354,SP002623,3,KGX,RYS,PBO
SP002354,SP002755,4,KGX,RYS,CBG
SP002354,SP002757,17,KGX,RYS,CBG
SP002354,SP002761,4,KGX,RYS,LET
SP002354,SP002762,15,KGX,RYS,CBG
SP002354,SP002765,3,KGX,RYS,CBG
SP002354,SP002914,4,KGX,RYS,KLN
SP002354,SP002940,3,KGX,RYS,EDB
SP002354,SP002953,4,KGX,RYS,EDB
SP002354,SP002960,4,KGX,RYS,LDS
SP002354,SP002973,3,KGX,RYS,HFN
SP002354,SP003030,3,KGX,RYS,WGC
SP002354,SP003175,3,KGX,RYS,HFN
SP002354,SP003176,4,KGX,RYS,RYS
SP002354,SP003225,4,KGX,RYS,WGC
SP002354,SP003254,4,KGX,RYS,PBO
SP002354,SP003540,4,KGX,RYS,GLQ
SP002354,SP003600,4,KGX,RYS,CBG
SP002354,SP003658,4,KGX,RYS,ELY
SP002354,SP003667,4,KGX,RYS,YRK
SP002354,SP003669,4,KGX,RYS,INV
SP002354,SP003855,3,KGX,RYS,ABD
SP002354,SP003859,3,KGX,RYS,LDS
SP002354,SP004237,3,KGX,RYS,PBO
SP002355,SP003451,4,GTW,RDG,BDM
SP002355,SP003728,21,GTW,RDG,RDZ
SP002357,SP002359,11,EXD,PNZ,PNZ
SP002357,SP002366,8,EXD,PNZ,PNZ
SP002357,SP002369,8,EXD,PNZ,PNZ
SP002357,SP002371,8,EXD,PNZ,PNZ
SP002357,SP004513,8,EXD,PNZ,PLY
SP002359,SP002366,8,EXD,PNZ,PNZ
SP002359,SP002369,8,EXD,PNZ,PNZ
SP002359,SP002371,8,EXD,PNZ,PNZ
SP002359,SP004513,8,EXD,PNZ,PLY
SP002360,SP002461,19,STP,DBY,NOT
SP002360,SP002994,4,STP,DBY,DBY
SP002360,SP003423,4,STP,DBY,DBY
SP002360,SP004144,20,STP,DBY,COR
SP002361,SP002364,11,GCR,FRO,WSB
SP002361,SP003235,12,GCR,FRO,WEY
SP002361,SP003238,8,GCR,FRO,WEY
SP002361,SP003501,8,GCR,FRO,WEY
SP002361,SP004094,5,GCR,FRO,PLY
SP002361,SP004403,5,GCR,FRO,BRI
SP002363,SP002493,3,KGX,LET,HFN
SP002363,SP002494,3,KGX,LET,RYS
SP002363,SP002502,3,KGX,LET,CBG
SP002363,SP002602,3,KGX,LET,WGC
SP002363,SP002623,3,KGX,LET,PBO
SP002363,SP002755,4,KGX,LET,CBG
SP002363,SP002757,4,KGX,LET,CBG
SP002363,SP002761,4,KGX,LET,LET
SP002363,SP002762,4,KGX,LET,CBG
SP002363,SP002765,3,KGX,LET,CBG
SP002363,SP002914,5,KGX,LET,KLN
SP002363,SP002940,3,KGX,LET,EDB
SP002363,SP002953,5,KGX,LET,EDB
SP002363,SP002960,4,KGX,LET,LDS
SP002363,SP002973,3,KGX,LET,HFN
SP002363,SP003030,3,KGX,LET,WGC
SP002363,SP003175,3,KGX,LET,HFN
SP002363,SP003176,4,KGX,LET,RYS
SP002363,SP003225,4,KGX,LET,WGC
SP002363,SP003254,4,KGX,LET,PBO
SP002363,SP003540,5,KGX,LET,GLQ
SP002363,SP003600,5,KGX,LET,CBG
SP002363,SP003658,4,KGX,LET,ELY
SP002363,SP003667,4,KGX,LET,YRK
SP002363,SP003669,5,KGX,LET,INV
SP002363,SP003855,3,KGX,LET,ABD
SP002363,SP003859,3,KGX,LET,LDS
SP002363,SP004237,3,KGX,LET,PBO
SP002364,SP003235,11,GCR,WSB,WEY
SP002364,SP003238,8,GCR,WSB,WEY
SP002364,SP003501,8,GCR,WSB,WEY
SP002364,SP004094,5,GCR,WSB,PLY
SP002364,SP004403,5,GCR,WSB,BRI
SP002365,SP002955,8,BPS,PRE,PRE
SP002366,SP002369,8,EXD,PNZ,PNZ
SP002366,SP002371,8,EXD,PNZ,PNZ
SP002366,SP004513,8,EXD,PNZ,PLY
SP002367,SP002596,6,BUX,MAN,MAN
SP002367,SP002830,6,BUX,MAN,MAN
SP002368,SP002376,4,ZUM,ZTH,KWG
SP002368,SP002383,7,ZUM,ZTH,ZKB
SP002368,SP002424,7,ZUM,ZTH,ZDE
SP002369,SP002371,10,EXD,PNZ,PNZ
SP002369,SP004513,8,EXD,PNZ,PLY
SP002371,SP004513,8,EXD,PNZ,PLY
SP002372,SP002477,4,MTH,CRS,LNK
SP002373,SP003810,5,ABD,MTS,DEE
SP002373,SP004310,5,ABD,MTS,GLQ
SP002373,SP004615,5,ABD,MTS,GLQ
SP002374,SP003813,9,PLY,PNZ,LSK
SP002376,SP002383,4,ZUM,KWG,ZKB
SP002376,SP002424,4,ZUM,KWG,ZDE
SP002377,SP003136,3,XVJ,CBW,DVP
SP002377,SP003211,3,XVJ,CBW,GLM
SP002377,SP003333,3,XVJ,CBW,GLM
SP002377,SP003609,9,XVJ,CBW,DVP
SP002379,SP002392,7,CDF,BRI,EXD
SP002379,SP002394,7,CDF,BRI,PLY
SP002379,SP002395,7,CDF,BRI,EXD
SP002379,SP003379,7,CDF,BRI,PNZ
SP002379,SP003382,6,CDF,BRI,TAU
SP002379,SP003414,7,CDF,BRI,PMH
SP002379,SP003418,3,CDF,BRI,NOT
SP002379,SP003427,7,CDF,BRI,FRO
SP002379,SP003469,5,CDF,BRI,PAD
SP002379,SP003482,3,CDF,BRI,GCR
SP002379,SP004105,3,CDF,BRI,NOT
SP002379,SP004107,3,CDF,BRI,NOT
SP002379,SP004249,7,CDF,BRI,PMH
SP002383,SP002424,7,ZUM,ZKB,ZDE
SP002386,SP002396,11,BRI,TAU,EXD
SP002388,SP002507,5,LST,CET,COL
SP002388,SP002519,6,LST,CET,CLT
SP002388,SP002684,5,LST,CET,SOV
SP002388,SP003126,5,LST,CET,COL
SP002388,SP003202,4,LST,CET,COL
SP002388,SP003205,6,LST,CET,CLT
SP002388,SP003297,4,LST,CET,SOV
SP002388,SP003598,5,LST,CET,GDP
SP002388,SP003738,10,LST,CET,HWC
SP002388,SP003741,15,LST,CET,HPQ
SP002388,SP003743,10,LST,CET,HPQ
SP002388,SP003905,8,LST,CET,WTM
SP002388,SP003908,8,LST,CET,WTM
SP002388,SP003910,12,LST,CET,BTR
SP002388,SP003922,15,LST,CET,COL
SP002388,SP003923,8,LST,CET,COL
SP002388,SP003926,8,LST,CET,COL
SP002388,SP003947,8,LST,CET,SMN
SP002388,SP003948,5,LST,CET,SOV
SP002388,SP003999,15,LST,CET,CLT
SP002388,SP004024,10,LST,CET,CLT
SP002388,SP004028,10,LST,CET,CLT
SP002388,SP004029,12,LST,CET,CLT
SP002388,SP004039,8,LST,CET,CLT
SP002388,SP004049,8,LST,CET,IPS
SP002388,SP004050,10,LST,CET,IPS
SP002388,SP004053,10,LST,CET,IPS
SP002388,SP004153,6,LST,CET,WTM
SP002388,SP004622,4,LST,CET,SOV
SP002389,SP002668,6,GCR,EXD,BRI
SP002390,SP003433,4,MCV,SOP,HBL
SP002390,SP003824,11,MCV,SOP,WGW
SP002391,SP002393,5,CET,LST,LST
SP002391,SP002399,8,CET,LST,LST
SP002392,SP002394,16,CDF,EXD,PLY
SP002392,SP002395,7,CDF,EXD,EXD
SP002392,SP003379,7,CDF,EXD,PNZ
SP002392,SP003382,6,CDF,EXD,TAU
SP002392,SP003414,7,CDF,EXD,PMH
SP002392,SP003418,3,CDF,EXD,NOT
SP002392,SP003427,7,CDF,EXD,FRO
SP002392,SP003469,5,CDF,EXD,PAD
SP002392,SP003482,3,CDF,EXD,GCR
SP002392,SP004105,3,CDF,EXD,NOT
SP002392,SP004107,3,CDF,EXD,NOT
SP002392,SP004249,7,CDF,EXD,PMH
SP002393,SP002399,5,CET,LST,LST
SP002394,SP002395,7,CDF,PLY,EXD
SP002394,SP003379,7,CDF,PLY,PNZ
SP002394,SP003382,6,CDF,PLY,TAU
SP002394,SP003414,7,CDF,PLY,PMH
SP002394,SP003418,3,CDF,PLY,NOT
SP002394,SP003427,7,CDF,PLY,FRO
SP002394,SP003469,5,CDF,PLY,PAD
SP002394,SP003482,3,CDF,PLY,GCR
SP002394,SP004105,3,CDF,PLY,NOT
SP002394,SP004107,3,CDF,PLY,NOT
SP002394,SP004249,7,CDF,PLY,PMH
SP002395,SP003379,19,CDF,EXD,PNZ
SP002395,SP003382,6,CDF,EXD,TAU
SP002395,SP003414,7,CDF,EXD,PMH
SP002395,SP003418,3,CDF,EXD,NOT
SP002395,SP003427,7,CDF,EXD,FRO
SP002395,SP003469,5,CDF,EXD,PAD
SP002395,SP003482,3,CDF,EXD,GCR
SP002395,SP004105,3,CDF,EXD,NOT
SP002395,SP004107,3,CDF,EXD,NOT
SP002395,SP004249,7,CDF,EXD,PMH
SP002397,SP003460,7,HNX,SDL,LVC
SP002398,SP003570,3,XVJ,FKW,DFD
SP002400,SP003637,3,CRS,GLC,GRS
SP002401,SP003004,5,XYA,SPO,XFD
SP002402,SP002404,11,PNZ,EXD,EXD
SP002402,SP002584,4,PNZ,EXD,NQY
SP002402,SP002649,14,PNZ,EXD,PLY
SP002402,SP002658,11,PNZ,EXD,PLY
SP002402,SP002663,13,PNZ,EXD,PLY
SP002402,SP003371,21,PNZ,EXD,PAD
SP002402,SP003649,21,PNZ,EXD,PAD
SP002402,SP004277,11,PNZ,EXD,PLY
SP002402,SP004492,11,PNZ,EXD,PLY
SP002402,SP004494,11,PNZ,EXD,PLY
SP002403,SP003166,3,DVP,XVJ,CHX
SP002403,SP003187,3,DVP,XVJ,CHX
SP002403,SP003232,3,DVP,XVJ,AFK
SP002403,SP003255,3,DVP,XVJ,CST
SP002403,SP004401,3,DVP,XVJ,SPX
SP002404,SP002584,4,PNZ,EXD,NQY
SP002404,SP002649,11,PNZ,EXD,PLY
SP002404,SP002658,14,PNZ,EXD,PLY
SP002404,SP002663,11,PNZ,EXD,PLY
SP002404,SP003371,11,PNZ,EXD,PAD
SP002404,SP003649,11,PNZ,EXD,PAD
SP002404,SP004277,15,PNZ,EXD,PLY
SP002404,SP004492,14,PNZ,EXD,PLY
SP002404,SP004494,14,PNZ,EXD,PLY
SP002407,SP002541,5,DID,EVE,OXF
SP002409,SP002566,13,DFD,RAI,GLM
SP002410,SP002446,6,SSD,NRW,CBG
SP002411,SP002570,8,PGN,EXD,BRI
SP002411,SP003285,7,PGN,EXD,EXD
SP002411,SP003415,7,PGN,EXD,PAD
SP002411,SP003513,8,PGN,EXD,CDF
SP002411,SP004093,7,PGN,EXD,BRI
SP002411,SP004167,7,PGN,EXD,PAD
SP002412,SP002732,7,CBG,NRW,NRW
SP002412,SP002868,5,CBG,NRW,KLN
SP002412,SP004311,5,CBG,NRW,NRW
SP002412,SP004312,8,CBG,NRW,NRW
SP002414,SP002538,9,SOV,LST,LST
SP002414,SP002869,9,SOV,LST,LST
SP002414,SP003954,10,SOV,LST,LST
SP002414,SP003955,10,SOV,LST,LST
SP002415,SP002423,9,BRI,SAL,WMN
SP002415,SP002644,9,BRI,SAL,WEY
SP002415,SP003224,4,BRI,SAL,WEY
SP002415,SP003409,11,BRI,SAL,PMH
SP002415,SP003532,9,BRI,SAL,SAL
SP002417,SP003487,3,WSB,BRI,GCR
SP002417,SP004646,3,WSB,BRI,BTH
SP002418,SP004331,25,MLG,GLQ,GLQ
SP002422,SP002481,3,GLC,LNK,MTH
SP002422,SP002691,3,GLC,LNK,EDB
SP002422,SP004449,3,GLC,LNK,EDB
SP002423,SP002644,9,BRI,WMN,WEY
SP002423,SP003224,4,BRI,WMN,WEY
SP002423,SP003409,9,BRI,WMN,PMH
SP002423,SP003532,11,BRI,WMN,SAL
SP002427,SP002452,3,BRI,FIT,SVB
SP002427,SP002456,3,BRI,FIT,AVN
SP002427,SP002692,3,BRI,FIT,CDF
SP002427,SP003383,3,BRI,FIT,BPW
SP002429,SP002777,5,MYB,AYS,OXF
SP002429,SP002783,5,MYB,AYS,OXF
SP002429,SP002792,3,MYB,AYS,HWY
SP002429,SP003190,3,MYB,AYS,AYS
SP002429,SP003198,5,MYB,AYS,BAN
SP002429,SP003410,3,MYB,AYS,OXF
SP002429,SP003867,5,MYB,AYS,OXF
SP002429,SP004114,13,MYB,AYS,BCS
SP002429,SP004157,5,MYB,AYS,BMO
SP002429,SP004159,3,MYB,AYS,AYS
SP002429,SP004182,3,MYB,AYS,AYS
SP002429,SP004185,6,MYB,AYS,BAN
SP002429,SP004191,5,MYB,AYS,SBJ
SP002429,SP004233,3,MYB,AYS,WRU
SP002429,SP004257,5,MYB,AYS,BMO
SP002429,SP004445,5,MYB,AYS,BAN
SP002429,SP004479,5,MYB,AYS,PRR
SP002429,SP004563,3,MYB,AYS,OXF
SP002429,SP004608,3,MYB,AYS,WCX
SP002429,SP004609,3,MYB,AYS,GER
SP002429,SP004626,6,MYB,AYS,OXF
SP002429,SP004635,3,MYB,AYS,BMO
SP002429,SP004637,3,MYB,AYS,AYS
SP002429,SP004639,6,MYB,AYS,BAN
SP002429,SP004641,5,MYB,AYS,BSW
SP002430,SP002741,3,BMO,MYB,SAV
SP002433,SP002754,3,CBG,SSD,KGX
SP002433,SP002780,3,CBG,SSD,KGX
SP002433,SP002782,3,CBG,SSD,KGX
SP002433,SP003025,3,CBG,SSD,KGX
SP002433,SP003287,3,CBG,SSD,KGX
SP002433,SP003515,3,CBG,SSD,KGX
SP002433,SP003587,3,CBG,SSD,KGX
SP002433,SP003931,5,CBG,SSD,LST
SP002433,SP003936,5,CBG,SSD,LST
SP002433,SP003938,3,CBG,SSD,LST
SP002433,SP004008,3,CBG,SSD,KGX
SP002433,SP004071,3,CBG,SSD,LST
SP002433,SP004164,5,CBG,SSD,LST
SP002433,SP004166,3,CBG,SSD,LST
SP002433,SP004168,3,CBG,SSD,LST
SP002433,SP004225,5,CBG,SSD,SRA
SP002433,SP004481,3,CBG,SSD,BTN
SP002433,SP004568,5,CBG,SSD,LST
SP002433,SP004632,3,CBG,SSD,BIS
SP002436,SP004014,4,WON,COL,LST
SP002436,SP004098,4,WON,COL,CLT
SP002436,SP004328,4,WON,COL,TLS
SP002438,SP003008,15,MLN,MTH,CUB
SP002438,SP003650,15,MLN,MTH,MTH
SP002438,SP003901,7,MLN,MTH,ADR
SP002438,SP003907,7,MLN,MTH,EDB
SP002438,SP003909,7,MLN,MTH,EDB
SP002438,SP003912,7,MLN,MTH,BHG
SP002438,SP004222,14,MLN,MTH,MTH
SP002438,SP004290,7,MLN,MTH,SPR
SP002439,SP003886,5,DEE,INV,ARB
SP002441,SP002442,12,FST,SRY,SOC
SP002441,SP002453,4,FST,SRY,SRY
SP002441,SP002459,5,FST,SRY,SRY
SP002441,SP002462,4,FST,SRY,SOC
SP002441,SP002484,5,FST,SRY,LAI
SP002441,SP003328,4,FST,SRY,SFO
SP002441,SP003831,7,FST,SRY,LES
SP002442,SP002453,4,FST,SOC,SRY
SP002442,SP002459,5,FST,SOC,SRY
SP002442,SP002462,4,FST,SOC,SOC
SP002442,SP002484,5,FST,SOC,LAI
SP002442,SP003328,4,FST,SOC,SFO
SP002442,SP003831,7,FST,SOC,LES
SP002443,SP003373,4,SBY,HUL,HUL
SP002444,SP003643,3,BAK,ECR,SRH
SP002447,SP002448,11,PBO,IPS,COL
SP002451,SP003950,3,MCV,WGN,LIV
SP002451,SP004215,3,MCV,WGN,LIV
SP002451,SP004251,3,MCV,WGN,LIV
SP002452,SP002456,10,BRI,SVB,AVN
SP002452,SP002692,3,BRI,SVB,CDF
SP002452,SP003383,3,BRI,SVB,BPW
SP002453,SP002459,4,FST,SRY,SRY
SP002453,SP002462,8,FST,SRY,SOC
SP002453,SP002484,4,FST,SRY,LAI
SP002453,SP003328,4,FST,SRY,SFO
SP002453,SP003831,4,FST,SRY,LES
SP002454,SP003537,5,CLE,SHF,SHF
SP002455,SP002993,18,HGS,HHE,BAL
SP002455,SP003135,6,HGS,HHE,BTN
SP002455,SP003138,6,HGS,HHE,BTN
SP002455,SP003142,6,HGS,HHE,BTN
SP002455,SP003144,6,HGS,HHE,BTN
SP002455,SP003530,17,HGS,HHE,BTN
SP002455,SP004099,3,HGS,HHE,TON
SP002455,SP004555,3,HGS,HHE,CHX
SP002455,SP004566,3,HGS,HHE,CST
SP002456,SP002692,3,BRI,AVN,CDF
SP002456,SP003383,3,BRI,AVN,BPW
SP002457,SP003520,4,SHF,CLE,RET
SP002458,SP002479,11,BTN,ORE,ORE
SP002458,SP002739,8,BTN,ORE,EBN
SP002458,SP002932,11,BTN,ORE,HGS
SP002458,SP003064,4,BTN,ORE,ORE
SP002458,SP003140,11,BTN,ORE,HGS
SP002458,SP004122,4,BTN,ORE,ORE
SP002458,SP004553,4,BTN,ORE,ORE
SP002459,SP002462,4,FST,SRY,SOC
SP002459,SP002484,5,FST,SRY,LAI
SP002459,SP003328,4,FST,SRY,SFO
SP002459,SP003831,5,FST,SRY,LES
SP002460,SP003582,11,ABA,MER,CDF
SP002460,SP004075,16,ABA,MER,CDF
SP002461,SP002994,4,STP,NOT,DBY
SP002461,SP003423,4,STP,NOT,DBY
SP002461,SP004144,19,STP,NOT,COR
SP002462,SP002484,4,FST,SOC,LAI
SP002462,SP003328,4,FST,SOC,SFO
SP002462,SP003831,4,FST,SOC,LES
SP002464,SP002614,9,NOT,WRK,WRK
SP002464,SP002615,11,NOT,WRK,WRK
SP002464,SP002634,8,NOT,WRK,MSW
SP002465,SP002607,4,NOT,STP,CRE
SP002467,SP004594,15,WSW,WRH,PMH
SP002469,SP002472,15,CTR,MAN,SPT
SP002470,SP002766,8,BDM,TBD,BTN
SP002470,SP002831,17,BDM,TBD,BTN
SP002470,SP002850,39,BDM,TBD,BTN
SP002470,SP003040,17,BDM,TBD,TBD
SP002470,SP003132,23,BDM,TBD,TBD
SP002470,SP003389,8,BDM,TBD,BTN
SP002470,SP003401,8,BDM,TBD,BTN
SP002470,SP003491,8,BDM,TBD,BTN
SP002470,SP003627,19,BDM,TBD,TBD
SP002470,SP003758,8,BDM,TBD,BTN
SP002470,SP003861,33,BDM,TBD,BTN
SP002470,SP003865,17,BDM,TBD,BTN
SP002470,SP004203,23,BDM,TBD,BTN
SP002470,SP004204,8,BDM,TBD,BTN
SP002470,SP004596,17,BDM,TBD,TBD
SP002470,SP004598,8,BDM,TBD,BTN
SP002471,SP003037,12,TBD,BDM,BDM
SP002471,SP003133,6,TBD,BDM,RDH
SP002471,SP003137,3,TBD,BDM,BDM
SP002471,SP003629,8,TBD,BDM,BDM
SP002471,SP004196,12,TBD,BDM,BDM
SP002473,SP002514,5,LST,CHN,SSD
SP002473,SP002542,5,LST,CHN,ELY
SP002473,SP002554,5,LST,CHN,HFE
SP002473,SP003259,14,LST,CHN,ENF
SP002473,SP004059,5,LST,CHN,CHI
SP002473,SP004165,5,LST,CHN,ELY
SP002474,SP002724,5,BTN,BDM,BAL
SP002474,SP002841,19,BTN,BDM,BDM
SP002474,SP003141,11,BTN,BDM,BDM
SP002474,SP003395,10,BTN,BDM,BDM
SP002474,SP003399,10,BTN,BDM,BDM
SP002474,SP003546,5,BTN,BDM,BAL
SP002474,SP003588,16,BTN,BDM,BDM
SP002474,SP003809,10,BTN,BDM,WSW
SP002474,SP003989,5,BTN,BDM,BAK
SP002474,SP004194,23,BTN,BDM,BDM
SP002474,SP004487,10,BTN,BDM,BDM
SP002474,SP004582,10,BTN,BDM,BDM
SP002475,SP003229,6,GLC,DMF,GIR
SP002476,SP002996,5,ORE,BTN,BAL
SP002476,SP003000,5,ORE,BTN,BAK
SP002476,SP003147,5,ORE,BTN,BTN
SP002476,SP003149,5,ORE,BTN,BTN
SP002476,SP003552,5,ORE,BTN,PLG
SP002476,SP004120,12,ORE,BTN,BTN
SP002476,SP004126,5,ORE,BTN,BTN
SP002476,SP004128,5,ORE,BTN,BTN
SP002478,SP003323,3,GLC,EDB,MIA
SP002478,SP004009,3,GLC,EDB,EUS
SP002478,SP004010,3,GLC,EDB,EUS
SP002478,SP004033,3,GLC,EDB,EUS
SP002478,SP004044,3,GLC,EDB,EUS
SP002478,SP004110,3,GLC,EDB,EUS
SP002478,SP004515,3,GLC,EDB,EUS
SP002479,SP002739,8,BTN,ORE,EBN
SP002479,SP002932,15,BTN,ORE,HGS
SP002479,SP003064,4,BTN,ORE,ORE
SP002479,SP003140,11,BTN,ORE,HGS
SP002479,SP004122,4,BTN,ORE,ORE
SP002479,SP004553,4,BTN,ORE,ORE
SP002481,SP002691,4,GLC,MTH,EDB
SP002481,SP004449,4,GLC,MTH,EDB
SP002482,SP002487,3,WRM,SGE,CFC
SP002484,SP003328,4,FST,LAI,SFO
SP002484,SP003831,5,FST,LAI,LES
SP002485,SP003431,8,NBY,RDG,PAD
SP002485,SP004477,3,NBY,RDG,RDG
SP002486,SP002500,3,PAD,OXF,RDG
SP002486,SP002954,6,PAD,OXF,HWV
SP002486,SP002966,6,PAD,OXF,HAF
SP002486,SP002982,3,PAD,OXF,HAF
SP002486,SP003275,3,PAD,OXF,HWV
SP002486,SP003412,3,PAD,OXF,PNZ
SP002486,SP003506,3,PAD,OXF,GFD
SP002488,SP003903,6,WEY,WOK,NEM
SP002488,SP004466,29,WEY,WOK,NEM
SP002489,SP002752,10,AVN,BRI,WSM
SP002492,SP002520,8,MBR,CAR,CAR
SP002492,SP002811,7,MBR,CAR,CAR
SP002492,SP002812,3,MBR,CAR,CAR
SP002492,SP002814,8,MBR,CAR,CAR
SP002492,SP002815,8,MBR,CAR,HEX
SP002493,SP002494,8,KGX,HFN,RYS
SP002493,SP002502,12,KGX,HFN,CBG
SP002493,SP002602,6,KGX,HFN,WGC
SP002493,SP002623,9,KGX,HFN,PBO
SP002493,SP002755,3,KGX,HFN,CBG
SP002493,SP002757,3,KGX,HFN,CBG
SP002493,SP002761,3,KGX,HFN,LET
SP002493,SP002762,3,KGX,HFN,CBG
SP002493,SP002765,6,KGX,HFN,CBG
SP002493,SP002914,3,KGX,HFN,KLN
SP002493,SP002940,3,KGX,HFN,EDB
SP002493,SP002953,3,KGX,HFN,EDB
SP002493,SP002960,3,KGX,HFN,LDS
SP002493,SP002973,14,KGX,HFN,HFN
SP002493,SP003030,6,KGX,HFN,WGC
SP002493,SP003175,12,KGX,HFN,HFN
SP002493,SP003176,3,KGX,HFN,RYS
SP002493,SP003225,3,KGX,HFN,WGC
SP002493,SP003254,3,KGX,HFN,PBO
SP002493,SP003540,3,KGX,HFN,GLQ
SP002493,SP003600,3,KGX,HFN,CBG
SP002493,SP003658,3,KGX,HFN,ELY
SP002493,SP003667,3,KGX,HFN,YRK
SP002493,SP003669,3,KGX,HFN,INV
SP002493,SP003855,3,KGX,HFN,ABD
SP002493,SP003859,3,KGX,HFN,LDS
SP002493,SP004237,6,KGX,HFN,PBO
SP002494,SP002502,8,KGX,RYS,CBG
SP002494,SP002602,6,KGX,RYS,WGC
SP002494,SP002623,8,KGX,RYS,PBO
SP002494,SP002755,3,KGX,RYS,CBG
SP002494,SP002757,3,KGX,RYS,CBG
SP002494,SP002761,3,KGX,RYS,LET
SP002494,SP002762,3,KGX,RYS,CBG
SP002494,SP002765,6,KGX,RYS,CBG
SP002494,SP002914,3,KGX,RYS,KLN
SP002494,SP002940,3,KGX,RYS,EDB
SP002494,SP002953,3,KGX,RYS,EDB
SP002494,SP002960,3,KGX,RYS,LDS
SP002494,SP002973,8,KGX,RYS,HFN
SP002494,SP003030,6,KGX,RYS,WGC
SP002494,SP003175,8,KGX,RYS,HFN
SP002494,SP003176,3,KGX,RYS,RYS
SP002494,SP003225,3,KGX,RYS,WGC
SP002494,SP003254,3,KGX,RYS,PBO
SP002494,SP003540,3,KGX,RYS,GLQ
SP002494,SP003600,3,KGX,RYS,CBG
SP002494,SP003658,3,KGX,RYS,ELY
SP002494,SP003667,3,KGX,RYS,YRK
SP002494,SP003669,3,KGX,RYS,INV
SP002494,SP003855,3,KGX,RYS,ABD
SP002494,SP003859,3,KGX,RYS,LDS
SP002494,SP004237,6,KGX,RYS,PBO
SP002497,SP002568,8,WSM,CFN,BRI
SP002497,SP004514,8,WSM,CFN,BPW
SP002498,SP002506,12,XSU,EBN,LIT
SP002498,SP002516,11,XSU,EBN,BOG
SP002498,SP002725,6,XSU,EBN,EGR
SP002498,SP002810,6,XSU,EBN,CAT
SP002498,SP003112,3,XSU,EBN,CAT
SP002498,SP003228,3,XSU,EBN,ECR
SP002498,SP003249,6,XSU,EBN,ECR
SP002498,SP003838,3,XSU,EBN,CAT
SP002500,SP002954,3,PAD,RDG,HWV
SP002500,SP002966,3,PAD,RDG,HAF
SP002500,SP002982,7,PAD,RDG,HAF
SP002500,SP003275,7,PAD,RDG,HWV
SP002500,SP003412,16,PAD,RDG,PNZ
SP002500,SP003506,4,PAD,RDG,GFD
SP002501,SP003685,3,SSD,LST,TOM
SP002501,SP003747,3,SSD,LST,LST
SP002502,SP002602,6,KGX,CBG,WGC
SP002502,SP002623,9,KGX,CBG,PBO
SP002502,SP002755,3,KGX,CBG,CBG
SP002502,SP002757,3,KGX,CBG,CBG
SP002502,SP002761,3,KGX,CBG,LET
SP002502,SP002762,3,KGX,CBG,CBG
SP002502,SP002765,6,KGX,CBG,CBG
SP002502,SP002914,3,KGX,CBG,KLN
SP002502,SP002940,3,KGX,CBG,EDB
SP002502,SP002953,3,KGX,CBG,EDB
SP002502,SP002960,3,KGX,CBG,LDS
SP002502,SP002973,12,KGX,CBG,HFN
SP002502,SP003030,6,KGX,CBG,WGC
SP002502,SP003175,12,KGX,CBG,HFN
SP002502,SP003176,3,KGX,CBG,RYS
SP002502,SP003225,3,KGX,CBG,WGC
SP002502,SP003254,3,KGX,CBG,PBO
SP002502,SP003540,3,KGX,CBG,GLQ
SP002502,SP003600,3,KGX,CBG,CBG
SP002502,SP003658,3,KGX,CBG,ELY
SP002502,SP003667,3,KGX,CBG,YRK
SP002502,SP003669,3,KGX,CBG,INV
SP002502,SP003855,3,KGX,CBG,ABD
SP002502,SP003859,3,KGX,CBG,LDS
SP002502,SP004237,6,KGX,CBG,PBO
SP002503,SP003759,4,EBN,XSU,BAL
SP002503,SP003812,11,EBN,XSU,HHE
SP002503,SP004147,8,EBN,XSU,HHE
SP002503,SP004505,4,EBN,XSU,BAK
SP002503,SP004595,11,EBN,XSU,WSW
SP002505,SP002537,3,CHX,GRV,TBW
SP002505,SP002807,3,CHX,GRV,DVP
SP002505,SP002969,5,CHX,GRV,DFD
SP002505,SP002976,3,CHX,GRV,CBW
SP002505,SP002979,4,CHX,GRV,SEV
SP002505,SP003068,4,CHX,GRV,HYS
SP002505,SP003156,4,CHX,GRV,CST
SP002505,SP003188,4,CHX,GRV,ORP
SP002505,SP003200,3,CHX,GRV,TBW
SP002505,SP003315,4,CHX,GRV,GRV
SP002505,SP003387,3,CHX,GRV,DVP
SP002505,SP003400,3,CHX,GRV,RAM
SP002505,SP003760,4,CHX,GRV,GRV
SP002505,SP004546,3,CHX,GRV,HGS
SP002505,SP004547,3,CHX,GRV,HGS
SP002505,SP004549,3,CHX,GRV,HGS
SP002505,SP004551,3,CHX,GRV,HGS
SP002506,SP002516,11,XSU,LIT,BOG
SP002506,SP002725,6,XSU,LIT,EGR
SP002506,SP002810,6,XSU,LIT,CAT
SP002506,SP003112,3,XSU,LIT,CAT
SP002506,SP003228,3,XSU,LIT,ECR
SP002506,SP003249,6,XSU,LIT,ECR
SP002506,SP003838,3,XSU,LIT,CAT
SP002507,SP002519,5,LST,COL,CLT
SP002507,SP002684,8,LST,COL,SOV
SP002507,SP003126,5,LST,COL,COL
SP002507,SP003202,4,LST,COL,COL
SP002507,SP003205,5,LST,COL,CLT
SP002507,SP003297,4,LST,COL,SOV
SP002507,SP003598,5,LST,COL,GDP
SP002507,SP003738,5,LST,COL,HWC
SP002507,SP003741,5,LST,COL,HPQ
SP002507,SP003743,5,LST,COL,HPQ
SP002507,SP003905,5,LST,COL,WTM
SP002507,SP003908,5,LST,COL,WTM
SP002507,SP003910,5,LST,COL,BTR
SP002507,SP003922,5,LST,COL,COL
SP002507,SP003923,5,LST,COL,COL
SP002507,SP003926,5,LST,COL,COL
SP002507,SP003947,5,LST,COL,SMN
SP002507,SP003948,7,LST,COL,SOV
SP002507,SP003999,5,LST,COL,CLT
SP002507,SP004024,5,LST,COL,CLT
SP002507,SP004028,5,LST,COL,CLT
SP002507,SP004029,5,LST,COL,CLT
SP002507,SP004039,5,LST,COL,CLT
SP002507,SP004049,5,LST,COL,IPS
SP002507,SP004050,5,LST,COL,IPS
SP002507,SP004053,5,LST,COL,IPS
SP002507,SP004153,5,LST,COL,WTM
SP002507,SP004622,4,LST,COL,SOV
SP002508,SP003183,3,HFN,LET,SVG
SP002509,SP002545,17,CAR,MBR,MBR
SP002509,SP002548,16,CAR,MBR,MBR
SP002509,SP002813,8,CAR,MBR,MBR
SP002509,SP002816,8,CAR,MBR,NCL
SP002509,SP002821,8,CAR,MBR,NCL
SP002509,SP002929,8,CAR,MBR,HPL
SP002511,SP002579,4,EPS,BAK,BAK
SP002514,SP002542,7,LST,SSD,ELY
SP002514,SP002554,7,LST,SSD,HFE
SP002514,SP003259,5,LST,SSD,ENF
SP002514,SP004059,5,LST,SSD,CHI
SP002514,SP004165,10,LST,SSD,ELY
SP002516,SP002725,6,XSU,BOG,EGR
SP002516,SP002810,6,XSU,BOG,CAT
SP002516,SP003112,3,XSU,BOG,CAT
SP002516,SP003228,3,XSU,BOG,ECR
SP002516,SP003249,6,XSU,BOG,ECR
SP002516,SP003838,3,XSU,BOG,CAT
SP002517,SP003711,7,MIA,YRK,BPN
SP002517,SP004118,7,MIA,YRK,LIV
SP002517,SP004489,7,MIA,YRK,CLE
SP002517,SP004503,7,MIA,YRK,BIF
SP002517,SP004572,7,MIA,YRK,BPN
SP002517,SP004585,22,MIA,YRK,SCA
SP002518,SP003083,3,YRK,MIA,MAN
SP002518,SP003125,5,YRK,MIA,MAN
SP002518,SP003268,7,YRK,MIA,MIA
SP002518,SP003606,5,YRK,MIA,MAN
SP002518,SP003607,5,YRK,MIA,LDS
SP002519,SP002684,5,LST,CLT,SOV
SP002519,SP003126,5,LST,CLT,COL
SP002519,SP003202,4,LST,CLT,COL
SP002519,SP003205,6,LST,CLT,CLT
SP002519,SP003297,4,LST,CLT,SOV
SP002519,SP003598,5,LST,CLT,GDP
SP002519,SP003738,6,LST,CLT,HWC
SP002519,SP003741,6,LST,CLT,HPQ
SP002519,SP003743,6,LST,CLT,HPQ
SP002519,SP003905,6,LST,CLT,WTM
SP002519,SP003908,6,LST,CLT,WTM
SP002519,SP003910,6,LST,CLT,BTR
SP002519,SP003922,6,LST,CLT,COL
SP002519,SP003923,6,LST,CLT,COL
SP002519,SP003926,6,LST,CLT,COL
SP002519,SP003947,6,LST,CLT,SMN
SP002519,SP003948,5,LST,CLT,SOV
SP002519,SP003999,6,LST,CLT,CLT
SP002519,SP004024,6,LST,CLT,CLT
SP002519,SP004028,6,LST,CLT,CLT
SP002519,SP004029,6,LST,CLT,CLT
SP002519,SP004039,6,LST,CLT,CLT
SP002519,SP004049,6,LST,CLT,IPS
SP002519,SP004050,6,LST,CLT,IPS
SP002519,SP004053,6,LST,CLT,IPS
SP002519,SP004153,6,LST,CLT,WTM
SP002519,SP004622,4,LST,CLT,SOV
SP002520,SP002811,7,MBR,CAR,CAR
SP002520,SP002812,3,MBR,CAR,CAR
SP002520,SP002814,13,MBR,CAR,CAR
SP002520,SP002815,17,MBR,CAR,HEX
SP002521,SP002535,7,SUO,SRS,XSU
SP002523,SP002533,3,OXF,DID,DID
SP002525,SP003289,4,DKG,BAK,BAK
SP002530,SP002562,5,LDS,HUL,YRK
SP002530,SP003104,3,LDS,HUL,HUL
SP002530,SP003512,7,LDS,HUL,SBY
SP002530,SP003529,6,LDS,HUL,YRK
SP002530,SP003571,7,LDS,HUL,HUL
SP002531,SP002582,8,BAK,HRH,EPS
SP002531,SP003032,8,BAK,HRH,HRH
SP002531,SP003290,12,BAK,HRH,DKG
SP002532,SP002947,7,SCU,DON,SHF
SP002534,SP002641,3,HUL,YRK,SBY
SP002534,SP003317,3,HUL,YRK,SHF
SP002534,SP003869,3,HUL,YRK,MAN
SP002534,SP003951,5,HUL,YRK,YRK
SP002534,SP003980,3,HUL,YRK,HFX
SP002534,SP004117,3,HUL,YRK,LDS
SP002534,SP004465,3,HUL,YRK,HFX
SP002536,SP002543,4,YRK,BDT,BDT
SP002536,SP002546,5,YRK,BDT,HUL
SP002536,SP003559,10,YRK,BDT,BDT
SP002537,SP002807,5,CHX,TBW,DVP
SP002537,SP002969,3,CHX,TBW,DFD
SP002537,SP002976,5,CHX,TBW,CBW
SP002537,SP002979,3,CHX,TBW,SEV
SP002537,SP003068,3,CHX,TBW,HYS
SP002537,SP003156,3,CHX,TBW,CST
SP002537,SP003188,3,CHX,TBW,ORP
SP002537,SP003200,4,CHX,TBW,TBW
SP002537,SP003315,3,CHX,TBW,GRV
SP002537,SP003387,5,CHX,TBW,DVP
SP002537,SP003400,5,CHX,TBW,RAM
SP002537,SP003760,3,CHX,TBW,GRV
SP002537,SP004546,5,CHX,TBW,HGS
SP002537,SP004547,5,CHX,TBW,HGS
SP002537,SP004549,5,CHX,TBW,HGS
SP002537,SP004551,5,CHX,TBW,HGS
SP002538,SP002869,12,SOV,LST,LST
SP002538,SP003954,9,SOV,LST,LST
SP002538,SP003955,9,SOV,LST,LST
SP002539,SP002600,4,LCN,NOT,CRE
SP002539,SP002605,4,LCN,NOT,CRE
SP002539,SP002631,4,LCN,NOT,MAT
SP002539,SP002672,4,LCN,NOT,MAT
SP002539,SP003043,7,LCN,NOT,NOT
SP002539,SP003045,4,LCN,NOT,NOT
SP002539,SP004038,4,LCN,NOT,STP
SP002542,SP002554,13,LST,ELY,HFE
SP002542,SP003259,5,LST,ELY,ENF
SP002542,SP004059,5,LST,ELY,CHI
SP002542,SP004165,7,LST,ELY,ELY
SP002543,SP002546,4,YRK,BDT,HUL
SP002543,SP003559,4,YRK,BDT,BDT
SP002545,SP002548,16,CAR,MBR,MBR
SP002545,SP002813,8,CAR,MBR,MBR
SP002545,SP002816,8,CAR,MBR,NCL
SP002545,SP002821,8,CAR,MBR,NCL
SP002545,SP002929,8,CAR,MBR,HPL
SP002546,SP003559,5,YRK,HUL,BDT
SP002547,SP003080,3,YRK,HUL,LDS
SP002547,SP003407,5,YRK,HUL,BDT
SP002547,SP003873,4,YRK,HUL,SHF
SP002547,SP004221,3,YRK,HUL,BPN
SP002548,SP002813,8,CAR,MBR,MBR
SP002548,SP002816,8,CAR,MBR,NCL
SP002548,SP002821,8,CAR,MBR,NCL
SP002548,SP002929,8,CAR,MBR,HPL
SP002549,SP002707,5,FST,SRY,SFO
SP002549,SP004573,4,FST,SRY,GRY
SP002549,SP004584,5,FST,SRY,SOC
SP002550,SP002558,8,LEI,NOT,LCN
SP002550,SP003579,3,LEI,NOT,NOT
SP002551,SP003943,5,LDS,BDI,HUD
SP002551,SP004130,5,LDS,BDI,DEW
SP002552,SP003088,4,BDT,YRK,HUL
SP002552,SP003551,4,BDT,YRK,YRK
SP002552,SP003553,4,BDT,YRK,YRK
SP002552,SP003555,8,BDT,YRK,YRK
SP002552,SP003565,4,BDT,YRK,YRK
SP002552,SP003567,11,BDT,YRK,YRK
SP002552,SP004368,4,BDT,YRK,YRK
SP002553,SP002559,7,NOT,NCT,LCN
SP002553,SP002560,7,NOT,NCT,GMB
SP002554,SP003259,5,LST,HFE,ENF
SP002554,SP004059,5,LST,HFE,CHI
SP002554,SP004165,7,LST,HFE,ELY
SP002555,SP003569,8,YRK,BDT,BDT
SP002555,SP004593,6,YRK,BDT,HUL
SP002556,SP004083,6,HFE,LST,LST
SP002556,SP004092,6,HFE,LST,SRA
SP002556,SP004344,6,HFE,LST,LST
SP002556,SP004374,6,HFE,LST,LST
SP002556,SP004429,6,HFE,LST,SRA
SP002556,SP004610,6,HFE,LST,LST
SP002557,SP002608,5,LCN,CLE,GMB
SP002557,SP003223,5,LCN,CLE,CLE
SP002558,SP003579,3,LEI,LCN,NOT
SP002559,SP002560,14,NOT,LCN,GMB
SP002561,SP002563,14,MAT,LCN,LCN
SP002561,SP002564,14,MAT,LCN,CLE
SP002561,SP002580,14,MAT,LCN,NOT
SP002561,SP002581,12,MAT,LCN,NOT
SP002561,SP004172,18,MAT,LCN,CLE
SP002562,SP003104,3,LDS,YRK,HUL
SP002562,SP003512,5,LDS,YRK,SBY
SP002562,SP003529,5,LDS,YRK,YRK
SP002562,SP003571,5,LDS,YRK,HUL
SP002563,SP002564,19,MAT,LCN,CLE
SP002563,SP002580,14,MAT,LCN,NOT
SP002563,SP002581,12,MAT,LCN,NOT
SP002563,SP004172,14,MAT,LCN,CLE
SP002564,SP002580,14,MAT,CLE,NOT
SP002564,SP002581,12,MAT,CLE,NOT
SP002564,SP004172,14,MAT,CLE,CLE
SP002565,SP002569,3,HUL,BDT,BDT
SP002565,SP002736,3,HUL,BDT,BDT
SP002565,SP002740,3,HUL,BDT,SCA
SP002565,SP003084,7,HUL,BDT,SCA
SP002565,SP003086,3,HUL,BDT,BEV
SP002568,SP004514,8,WSM,BRI,BPW
SP002569,SP002736,3,HUL,BDT,BDT
SP002569,SP002740,3,HUL,BDT,SCA
SP002569,SP003084,3,HUL,BDT,SCA
SP002569,SP003086,3,HUL,BDT,BEV
SP002570,SP003285,7,PGN,BRI,EXD
SP002570,SP003415,7,PGN,BRI,PAD
SP002570,SP003513,13,PGN,BRI,CDF
SP002570,SP004093,7,PGN,BRI,BRI
SP002570,SP004167,7,PGN,BRI,PAD
SP002572,SP003419,3,SHF,YRK,CLE
SP002572,SP003573,4,SHF,YRK,YRK
SP002572,SP003862,3,SHF,YRK,CLE
SP002572,SP003985,4,SHF,YRK,LDS
SP002573,SP002860,6,CDF,HFD,MAN
SP002573,SP002893,6,CDF,HFD,MAN
SP002573,SP002902,6,CDF,HFD,HHD
SP002573,SP003061,6,CDF,HFD,MAN
SP002573,SP003495,6,CDF,HFD,CTR
SP002573,SP003525,5,CDF,HFD,AGV
SP002573,SP003619,6,CDF,HFD,CTR
SP002573,SP003715,3,CDF,HFD,MAN
SP002573,SP004084,6,CDF,HFD,CRE
SP002573,SP004294,6,CDF,HFD,CTR
SP002577,SP002601,5,LCN,NOT,CRE
SP002577,SP004037,8,LCN,NOT,STP
SP002578,SP003029,7,LIT,XSU,BAL
SP002580,SP002581,12,MAT,NOT,NOT
SP002580,SP004172,14,MAT,NOT,CLE
SP002581,SP004172,12,MAT,NOT,CLE
SP002582,SP003032,9,BAK,EPS,HRH
SP002582,SP003290,8,BAK,EPS,DKG
SP002583,SP003215,3,RDG,PAD,PAD
SP002583,SP003217,3,RDG,PAD,PAD
SP002583,SP003309,11,RDG,PAD,ABX
SP002583,SP003338,7,RDG,PAD,ABX
SP002583,SP003363,15,RDG,PAD,ABX
SP002583,SP003393,3,RDG,PAD,ABX
SP002583,SP003446,3,RDG,PAD,ABX
SP002583,SP003596,7,RDG,PAD,PAD
SP002583,SP003755,3,RDG,PAD,PAD
SP002583,SP004040,11,RDG,PAD,PAD
SP002583,SP004520,6,RDG,PAD,PAD
SP002583,SP004629,3,RDG,PAD,PAD
SP002583,SP004630,3,RDG,PAD,PAD
SP002584,SP002649,4,PNZ,NQY,PLY
SP002584,SP002658,4,PNZ,NQY,PLY
SP002584,SP002663,4,PNZ,NQY,PLY
SP002584,SP003371,4,PNZ,NQY,PAD
SP002584,SP003649,4,PNZ,NQY,PAD
SP002584,SP004277,4,PNZ,NQY,PLY
SP002584,SP004492,4,PNZ,NQY,PLY
SP002584,SP004494,4,PNZ,NQY,PLY
SP002585,SP002587,8,CRE,LCN,LCN
SP002585,SP002589,18,CRE,LCN,LCN
SP002585,SP002591,18,CRE,LCN,LCN
SP002585,SP002593,19,CRE,LCN,LCN
SP002585,SP002598,8,CRE,LCN,LCN
SP002585,SP002599,8,CRE,LCN,LCN
SP002585,SP003047,8,CRE,LCN,LCN
SP002586,SP002592,3,NQY,PAR,PAR
SP002587,SP002589,8,CRE,LCN,LCN
SP002587,SP002591,8,CRE,LCN,LCN
SP002587,SP002593,8,CRE,LCN,LCN
SP002587,SP002598,19,CRE,LCN,LCN
SP002587,SP002599,22,CRE,LCN,LCN
SP002587,SP003047,19,CRE,LCN,LCN
SP002588,SP002943,5,BOG,XSU,BTN
SP002588,SP003267,4,BOG,XSU,LIT
SP002589,SP002591,21,CRE,LCN,LCN
SP002589,SP002593,18,CRE,LCN,LCN
SP002589,SP002598,8,CRE,LCN,LCN
SP002589,SP002599,8,CRE,LCN,LCN
SP002589,SP003047,8,CRE,LCN,LCN
SP002590,SP002594,4,PAR,NQY,NQY
SP002591,SP002593,18,CRE,LCN,LCN
SP002591,SP002598,8,CRE,LCN,LCN
SP002591,SP002599,8,CRE,LCN,LCN
SP002591,SP003047,8,CRE,LCN,LCN
SP002593,SP002598,8,CRE,LCN,LCN
SP002593,SP002599,8,CRE,LCN,LCN
SP002593,SP003047,8,CRE,LCN,LCN
SP002596,SP002830,10,BUX,MAN,MAN
SP002598,SP002599,19,CRE,LCN,LCN
SP002598,SP003047,19,CRE,LCN,LCN
SP002599,SP003047,19,CRE,LCN,LCN
SP002600,SP002605,7,LCN,CRE,CRE
SP002600,SP002631,8,LCN,CRE,MAT
SP002600,SP002672,6,LCN,CRE,MAT
SP002600,SP003043,4,LCN,CRE,NOT
SP002600,SP003045,8,LCN,CRE,NOT
SP002600,SP004038,8,LCN,CRE,STP
SP002601,SP004037,5,LCN,CRE,STP
SP002602,SP002623,6,KGX,WGC,PBO
SP002602,SP002755,3,KGX,WGC,CBG
SP002602,SP002757,3,KGX,WGC,CBG
SP002602,SP002761,3,KGX,WGC,LET
SP002602,SP002762,3,KGX,WGC,CBG
SP002602,SP002765,14,KGX,WGC,CBG
SP002602,SP002914,3,KGX,WGC,KLN
SP002602,SP002940,3,KGX,WGC,EDB
SP002602,SP002953,3,KGX,WGC,EDB
SP002602,SP002960,3,KGX,WGC,LDS
SP002602,SP002973,6,KGX,WGC,HFN
SP002602,SP003030,12,KGX,WGC,WGC
SP002602,SP003175,6,KGX,WGC,HFN
SP002602,SP003176,3,KGX,WGC,RYS
SP002602,SP003225,3,KGX,WGC,WGC
SP002602,SP003254,3,KGX,WGC,PBO
SP002602,SP003540,3,KGX,WGC,GLQ
SP002602,SP003600,3,KGX,WGC,CBG
SP002602,SP003658,3,KGX,WGC,ELY
SP002602,SP003667,3,KGX,WGC,YRK
SP002602,SP003669,3,KGX,WGC,INV
SP002602,SP003855,3,KGX,WGC,ABD
SP002602,SP003859,3,KGX,WGC,LDS
SP002602,SP004237,14,KGX,WGC,PBO
SP002603,SP002604,4,LCN,CRE,CRE
SP002605,SP002631,7,LCN,CRE,MAT
SP002605,SP002672,6,LCN,CRE,MAT
SP002605,SP003043,4,LCN,CRE,NOT
SP002605,SP003045,7,LCN,CRE,NOT
SP002605,SP004038,7,LCN,CRE,STP
SP002608,SP003223,6,LCN,GMB,CLE
SP002609,SP002659,11,BAU,CLE,CLE
SP002612,SP003670,3,BPN,MIA,LIV
SP002612,SP003781,3,BPN,MIA,LDS
SP002612,SP004097,3,BPN,MIA,MAN
SP002612,SP004106,3,BPN,MIA,YRK
SP002612,SP004205,5,BPN,MIA,CRE
SP002612,SP004229,3,BPN,MIA,LIV
SP002612,SP004295,3,BPN,MIA,YRK
SP002612,SP004426,3,BPN,MIA,LIV
SP002612,SP004526,3,BPN,MIA,MAN
SP002612,SP004578,3,BPN,MIA,CRE
SP002613,SP003493,13,OMS,HNX,LVC
SP002614,SP002615,9,NOT,WRK,WRK
SP002614,SP002634,8,NOT,WRK,MSW
SP002615,SP002634,8,NOT,WRK,MSW
SP002616,SP003304,6,PDX,SNF,WHX
SP002616,SP003324,6,PDX,SNF,ABX
SP002619,SP002624,3,WRK,NOT,NOT
SP002620,SP002621,6,MSW,NOT,NOT
SP002622,SP004468,5,BSK,NEM,WOK
SP002623,SP002755,3,KGX,PBO,CBG
SP002623,SP002757,3,KGX,PBO,CBG
SP002623,SP002761,3,KGX,PBO,LET
SP002623,SP002762,3,KGX,PBO,CBG
SP002623,SP002765,6,KGX,PBO,CBG
SP002623,SP002914,3,KGX,PBO,KLN
SP002623,SP002940,3,KGX,PBO,EDB
SP002623,SP002953,3,KGX,PBO,EDB
SP002623,SP002960,3,KGX,PBO,LDS
SP002623,SP002973,9,KGX,PBO,HFN
SP002623,SP003030,6,KGX,PBO,WGC
SP002623,SP003175,9,KGX,PBO,HFN
SP002623,SP003176,3,KGX,PBO,RYS
SP002623,SP003225,3,KGX,PBO,WGC
SP002623,SP003254,3,KGX,PBO,PBO
SP002623,SP003540,3,KGX,PBO,GLQ
SP002623,SP003600,3,KGX,PBO,CBG
SP002623,SP003658,3,KGX,PBO,ELY
SP002623,SP003667,3,KGX,PBO,YRK
SP002623,SP003669,3,KGX,PBO,INV
SP002623,SP003855,3,KGX,PBO,ABD
SP002623,SP003859,3,KGX,PBO,LDS
SP002623,SP004237,6,KGX,PBO,PBO
SP002625,SP004541,7,CRE,MAN,MAN
SP002627,SP002643,3,SHF,DBY,STP
SP002627,SP002645,4,SHF,DBY,STP
SP002627,SP002650,4,SHF,DBY,STP
SP002627,SP002652,4,SHF,DBY,STP
SP002627,SP002675,3,SHF,DBY,DBY
SP002627,SP004047,4,SHF,DBY,STP
SP002628,SP003251,6,NOT,MAT,CRE
SP002628,SP003381,6,NOT,MAT,CDF
SP002628,SP003404,3,NOT,MAT,LEI
SP002628,SP004260,3,NOT,MAT,STP
SP002631,SP002672,6,LCN,MAT,MAT
SP002631,SP003043,4,LCN,MAT,NOT
SP002631,SP003045,8,LCN,MAT,NOT
SP002631,SP004038,9,LCN,MAT,STP
SP002632,SP002661,4,CLE,MAT,BAU
SP002632,SP002676,10,CLE,MAT,MAT
SP002632,SP002678,10,CLE,MAT,MAT
SP002632,SP003051,16,CLE,MAT,NOT
SP002632,SP004490,4,CLE,MAT,LIV
SP002633,SP003769,3,BHM,LIF,RGL
SP002635,SP003481,10,BRI,NQY,EXD
SP002635,SP004284,5,BRI,NQY,WSM
SP002635,SP004349,4,BRI,NQY,EXM
SP002636,SP003076,4,MAN,ALD,SHF
SP002636,SP003145,8,MAN,ALD,FGH
SP002637,SP004400,12,GCR,SAL,SOU
SP002638,SP002639,9,RDG,RDH,RDH
SP002641,SP003317,3,HUL,SBY,SHF
SP002641,SP003869,5,HUL,SBY,MAN
SP002641,SP003951,3,HUL,SBY,YRK
SP002641,SP003980,5,HUL,SBY,HFX
SP002641,SP004117,5,HUL,SBY,LDS
SP002641,SP004465,5,HUL,SBY,HFX
SP002642,SP003839,6,SHF,BNY,PNS
SP002642,SP003966,6,SHF,BNY,WKK
SP002642,SP004470,6,SHF,BNY,LDS
SP002643,SP002645,3,SHF,STP,STP
SP002643,SP002650,3,SHF,STP,STP
SP002643,SP002652,3,SHF,STP,STP
SP002643,SP002675,5,SHF,STP,DBY
SP002643,SP004047,3,SHF,STP,STP
SP002644,SP003224,4,BRI,WEY,WEY
SP002644,SP003409,9,BRI,WEY,PMH
SP002644,SP003532,9,BRI,WEY,SAL
SP002645,SP002650,5,SHF,STP,STP
SP002645,SP002652,5,SHF,STP,STP
SP002645,SP002675,3,SHF,STP,DBY
SP002645,SP004047,5,SHF,STP,STP
SP002647,SP002648,4,EUS,MKC,NMP
SP002647,SP002655,5,EUS,MKC,SAA
SP002647,SP002872,5,EUS,MKC,CTR
SP002647,SP003031,5,EUS,MKC,MAN
SP002647,SP003036,5,EUS,MKC,BHM
SP002647,SP003114,5,EUS,MKC,LIV
SP002647,SP003191,5,EUS,MKC,BPN
SP002647,SP003207,5,EUS,MKC,LIV
SP002647,SP003300,5,EUS,MKC,WRX
SP002647,SP003360,5,EUS,MKC,EDB
SP002647,SP003475,5,EUS,MKC,WVH
SP002647,SP003568,5,EUS,MKC,WVH
SP002647,SP003958,5,EUS,MKC,INV
SP002647,SP004012,5,EUS,MKC,GLC
SP002647,SP004017,5,EUS,MKC,PRE
SP002647,SP004025,5,EUS,MKC,PRE
SP002647,SP004034,5,EUS,MKC,CRE
SP002647,SP004036,5,EUS,MKC,GLC
SP002647,SP004111,5,EUS,MKC,GLC
SP002647,SP004121,4,EUS,MKC,NMP
SP002647,SP004127,4,EUS,MKC,NMP
SP002647,SP004131,11,EUS,MKC,BHM
SP002647,SP004188,5,EUS,MKC,CRE
SP002647,SP004207,5,EUS,MKC,CRE
SP002647,SP004232,5,EUS,MKC,INV
SP002647,SP004384,5,EUS,MKC,WVH
SP002647,SP004399,5,EUS,MKC,GLC
SP002647,SP004433,5,EUS,MKC,NMP
SP002647,SP004516,5,EUS,MKC,GLC
SP002647,SP004529,11,EUS,MKC,BHM
SP002648,SP002655,4,EUS,NMP,SAA
SP002648,SP002872,4,EUS,NMP,CTR
SP002648,SP003031,4,EUS,NMP,MAN
SP002648,SP003036,4,EUS,NMP,BHM
SP002648,SP003114,4,EUS,NMP,LIV
SP002648,SP003191,4,EUS,NMP,BPN
SP002648,SP003207,4,EUS,NMP,LIV
SP002648,SP003300,4,EUS,NMP,WRX
SP002648,SP003360,4,EUS,NMP,EDB
SP002648,SP003475,4,EUS,NMP,WVH
SP002648,SP003568,4,EUS,NMP,WVH
SP002648,SP003958,4,EUS,NMP,INV
SP002648,SP004012,4,EUS,NMP,GLC
SP002648,SP004017,4,EUS,NMP,PRE
SP002648,SP004025,4,EUS,NMP,PRE
SP002648,SP004034,4,EUS,NMP,CRE
SP002648,SP004036,4,EUS,NMP,GLC
SP002648,SP004111,4,EUS,NMP,GLC
SP002648,SP004121,12,EUS,NMP,NMP
SP002648,SP004127,6,EUS,NMP,NMP
SP002648,SP004131,4,EUS,NMP,BHM
SP002648,SP004188,4,EUS,NMP,CRE
SP002648,SP004207,4,EUS,NMP,CRE
SP002648,SP004232,4,EUS,NMP,INV
SP002648,SP004384,4,EUS,NMP,WVH
SP002648,SP004399,4,EUS,NMP,GLC
SP002648,SP004433,4,EUS,NMP,NMP
SP002648,SP004516,4,EUS,NMP,GLC
SP002648,SP004529,4,EUS,NMP,BHM
SP002649,SP002658,11,PNZ,PLY,PLY
SP002649,SP002663,13,PNZ,PLY,PLY
SP002649,SP003371,14,PNZ,PLY,PAD
SP002649,SP003649,14,PNZ,PLY,PAD
SP002649,SP004277,11,PNZ,PLY,PLY
SP002649,SP004492,11,PNZ,PLY,PLY
SP002649,SP004494,11,PNZ,PLY,PLY
SP002650,SP002652,7,SHF,STP,STP
SP002650,SP002675,3,SHF,STP,DBY
SP002650,SP004047,7,SHF,STP,STP
SP002652,SP002675,3,SHF,STP,DBY
SP002652,SP004047,25,SHF,STP,STP
SP002654,SP003210,4,DBY,STP,STP
SP002655,SP002872,5,EUS,SAA,CTR
SP002655,SP003031,5,EUS,SAA,MAN
SP002655,SP003036,5,EUS,SAA,BHM
SP002655,SP003114,5,EUS,SAA,LIV
SP002655,SP003191,5,EUS,SAA,BPN
SP002655,SP003207,5,EUS,SAA,LIV
SP002655,SP003300,5,EUS,SAA,WRX
SP002655,SP003360,5,EUS,SAA,EDB
SP002655,SP003475,5,EUS,SAA,WVH
SP002655,SP003568,5,EUS,SAA,WVH
SP002655,SP003958,5,EUS,SAA,INV
SP002655,SP004012,5,EUS,SAA,GLC
SP002655,SP004017,5,EUS,SAA,PRE
SP002655,SP004025,5,EUS,SAA,PRE
SP002655,SP004034,5,EUS,SAA,CRE
SP002655,SP004036,5,EUS,SAA,GLC
SP002655,SP004111,5,EUS,SAA,GLC
SP002655,SP004121,4,EUS,SAA,NMP
SP002655,SP004127,4,EUS,SAA,NMP
SP002655,SP004131,5,EUS,SAA,BHM
SP002655,SP004188,5,EUS,SAA,CRE
SP002655,SP004207,5,EUS,SAA,CRE
SP002655,SP004232,5,EUS,SAA,INV
SP002655,SP004384,5,EUS,SAA,WVH
SP002655,SP004399,5,EUS,SAA,GLC
SP002655,SP004433,5,EUS,SAA,NMP
SP002655,SP004516,5,EUS,SAA,GLC
SP002655,SP004529,5,EUS,SAA,BHM
SP002656,SP003212,5,SHF,STP,STP
SP002656,SP004129,5,SHF,STP,DBY
SP002658,SP002663,11,PNZ,PLY,PLY
SP002658,SP003371,11,PNZ,PLY,PAD
SP002658,SP003649,11,PNZ,PLY,PAD
SP002658,SP004277,14,PNZ,PLY,PLY
SP002658,SP004492,15,PNZ,PLY,PLY
SP002658,SP004494,14,PNZ,PLY,PLY
SP002660,SP004011,3,SHF,LIV,MAN
SP002660,SP004377,3,SHF,LIV,MAN
SP002661,SP002676,4,CLE,BAU,MAT
SP002661,SP002678,4,CLE,BAU,MAT
SP002661,SP003051,4,CLE,BAU,NOT
SP002661,SP004490,8,CLE,BAU,LIV
SP002663,SP003371,13,PNZ,PLY,PAD
SP002663,SP003649,13,PNZ,PLY,PAD
SP002663,SP004277,11,PNZ,PLY,PLY
SP002663,SP004492,11,PNZ,PLY,PLY
SP002663,SP004494,11,PNZ,PLY,PLY
SP002665,SP003216,5,MAN,GLC,GLC
SP002665,SP003635,4,MAN,GLC,CTR
SP002669,SP002998,17,HLC,EDB,EDB
SP002669,SP003768,18,HLC,EDB,EDB
SP002669,SP003770,7,HLC,EDB,BHG
SP002669,SP003773,7,HLC,EDB,ADR
SP002669,SP003782,10,HLC,EDB,EDB
SP002671,SP002677,11,EXM,PGN,PGN
SP002671,SP003514,11,EXM,PGN,CDF
SP002671,SP003517,11,EXM,PGN,BNP
SP002671,SP004333,12,EXM,PGN,PGN
SP002672,SP003043,4,LCN,MAT,NOT
SP002672,SP003045,6,LCN,MAT,NOT
SP002672,SP004038,6,LCN,MAT,STP
SP002673,SP002819,3,LIV,NOT,LLD
SP002673,SP003089,5,LIV,NOT,WAC
SP002673,SP003111,3,LIV,NOT,EUS
SP002673,SP003115,15,LIV,NOT,NOT
SP002673,SP003496,5,LIV,NOT,SHF
SP002673,SP003657,5,LIV,NOT,NCL
SP002673,SP004026,3,LIV,NOT,CRE
SP002673,SP004143,20,LIV,NOT,NRW
SP002673,SP004261,5,LIV,NOT,DON
SP002673,SP004268,5,LIV,NOT,MIA
SP002673,SP004269,13,LIV,NOT,NRW
SP002675,SP004047,3,SHF,DBY,STP
SP002676,SP002678,16,CLE,MAT,MAT
SP002676,SP003051,10,CLE,MAT,NOT
SP002676,SP004490,4,CLE,MAT,LIV
SP002677,SP003514,11,EXM,PGN,CDF
SP002677,SP003517,11,EXM,PGN,BNP
SP002677,SP004333,11,EXM,PGN,PGN
SP002678,SP003051,10,CLE,MAT,NOT
SP002678,SP004490,4,CLE,MAT,LIV
SP002682,SP003121,5,AFK,HGS,HGS
SP002684,SP003126,5,LST,SOV,COL
SP002684,SP003202,4,LST,SOV,COL
SP002684,SP003205,5,LST,SOV,CLT
SP002684,SP003297,4,LST,SOV,SOV
SP002684,SP003598,5,LST,SOV,GDP
SP002684,SP003738,5,LST,SOV,HWC
SP002684,SP003741,5,LST,SOV,HPQ
SP002684,SP003743,5,LST,SOV,HPQ
SP002684,SP003905,5,LST,SOV,WTM
SP002684,SP003908,5,LST,SOV,WTM
SP002684,SP003910,5,LST,SOV,BTR
SP002684,SP003922,5,LST,SOV,COL
SP002684,SP003923,5,LST,SOV,COL
SP002684,SP003926,5,LST,SOV,COL
SP002684,SP003947,5,LST,SOV,SMN
SP002684,SP003948,7,LST,SOV,SOV
SP002684,SP003999,5,LST,SOV,CLT
SP002684,SP004024,5,LST,SOV,CLT
SP002684,SP004028,5,LST,SOV,CLT
SP002684,SP004029,5,LST,SOV,CLT
SP002684,SP004039,5,LST,SOV,CLT
SP002684,SP004049,5,LST,SOV,IPS
SP002684,SP004050,5,LST,SOV,IPS
SP002684,SP004053,5,LST,SOV,IPS
SP002684,SP004153,5,LST,SOV,WTM
SP002684,SP004622,4,LST,SOV,SOV
SP002687,SP003450,10,FRO,BRI,CDF
SP002688,SP002989,6,GLC,LAR,ADS
SP002688,SP003270,6,GLC,LAR,ASB
SP002688,SP004447,6,GLC,LAR,ADN
SP002689,SP004329,6,WMS,GLC,GLC
SP002690,SP003505,3,BTH,BRI,FIT
SP002691,SP004449,5,GLC,EDB,EDB
SP002692,SP003383,4,BRI,CDF,BPW
SP002693,SP002769,3,BMS,GLM,AFK
SP002694,SP003001,12,DMR,RUT,CUB
SP002694,SP003003,12,DMR,RUT,MTH
SP002694,SP003916,8,DMR,RUT,EDB
SP002694,SP004206,8,DMR,RUT,EDB
SP002694,SP004235,12,DMR,RUT,CRS
SP002695,SP002696,6,EXD,CDF,CDF
SP002695,SP002705,13,EXD,CDF,CDF
SP002695,SP003497,6,EXD,CDF,BRI
SP002696,SP002705,6,EXD,CDF,CDF
SP002696,SP003497,6,EXD,CDF,BRI
SP002697,SP002700,3,NRW,SSD,SSD
SP002697,SP002948,7,NRW,SSD,DBY
SP002697,SP003953,7,NRW,SSD,SHF
SP002697,SP004275,7,NRW,SSD,MAN
SP002697,SP004379,7,NRW,SSD,ELY
SP002697,SP004518,7,NRW,SSD,LIV
SP002697,SP004628,7,NRW,SSD,LIV
SP002700,SP002948,3,NRW,SSD,DBY
SP002700,SP003953,3,NRW,SSD,SHF
SP002700,SP004275,3,NRW,SSD,MAN
SP002700,SP004379,3,NRW,SSD,ELY
SP002700,SP004518,3,NRW,SSD,LIV
SP002700,SP004628,3,NRW,SSD,LIV
SP002704,SP004378,11,SLB,YRK,MAN
SP002705,SP003497,6,EXD,CDF,BRI
SP002707,SP004573,4,FST,SFO,GRY
SP002707,SP004584,11,FST,SFO,SOC
SP002710,SP003402,4,TAU,CDF,PAD
SP002711,SP003385,7,PAD,BDW,PGN
SP002711,SP003417,6,PAD,BDW,CDF
SP002711,SP003420,6,PAD,BDW,WOS
SP002711,SP003428,12,PAD,BDW,WSB
SP002711,SP003429,6,PAD,BDW,CMN
SP002711,SP003434,6,PAD,BDW,SWA
SP002711,SP003440,6,PAD,BDW,SWA
SP002711,SP003448,6,PAD,BDW,TAU
SP002711,SP003480,7,PAD,BDW,PNZ
SP002711,SP003591,3,PAD,BDW,RDG
SP002711,SP003666,6,PAD,BDW,TAU
SP002711,SP003788,6,PAD,BDW,SWA
SP002711,SP004186,12,PAD,BDW,FRO
SP002711,SP004248,6,PAD,BDW,WPH
SP002711,SP004338,6,PAD,BDW,BPW
SP002711,SP004416,6,PAD,BDW,BDW
SP002711,SP004476,6,PAD,BDW,BAN
SP002711,SP004599,6,PAD,BDW,WOS
SP002712,SP003242,5,GMV,PAD,BRI
SP002712,SP003437,15,GMV,PAD,PAD
SP002714,SP002721,3,NRW,BCC,LWT
SP002714,SP002756,3,NRW,BCC,GYM
SP002714,SP002988,5,NRW,BCC,GYM
SP002715,SP004228,10,INV,EDB,EUS
SP002715,SP004317,12,INV,EDB,GLQ
SP002715,SP004319,4,INV,EDB,GLQ
SP002715,SP004321,4,INV,EDB,GLQ
SP002715,SP004382,10,INV,EDB,EUS
SP002716,SP002795,6,IPS,PBO,BSE
SP002717,SP002719,11,RDH,RDZ,RDZ
SP002717,SP004522,9,RDH,RDZ,RDZ
SP002718,SP004031,10,BMV,BHM,LIC
SP002719,SP004522,9,RDH,RDZ,RDZ
SP002720,SP003391,6,HRH,BAL,PBO
SP002720,SP003993,6,HRH,BAL,PBO
SP002720,SP004190,6,HRH,BAL,PBO
SP002720,SP004192,6,HRH,BAL,PBO
SP002720,SP004345,6,HRH,BAL,PBO
SP002720,SP004482,6,HRH,BAL,PBO
SP002721,SP002756,3,NRW,LWT,GYM
SP002721,SP002988,3,NRW,LWT,GYM
SP002722,SP002744,20,WEY,GCR,BRI
SP002722,SP003258,14,WEY,GCR,GCR
SP002722,SP003516,9,WEY,GCR,GCR
SP002722,SP004564,12,WEY,GCR,WSB
SP002724,SP002841,5,BTN,BAL,BDM
SP002724,SP003141,5,BTN,BAL,BDM
SP002724,SP003395,5,BTN,BAL,BDM
SP002724,SP003399,5,BTN,BAL,BDM
SP002724,SP003546,9,BTN,BAL,BAL
SP002724,SP003588,5,BTN,BAL,BDM
SP002724,SP003809,5,BTN,BAL,WSW
SP002724,SP003989,8,BTN,BAL,BAK
SP002724,SP004194,5,BTN,BAL,BDM
SP002724,SP004487,5,BTN,BAL,BDM
SP002724,SP004582,5,BTN,BAL,BDM
SP002725,SP002810,7,XSU,EGR,CAT
SP002725,SP003112,3,XSU,EGR,CAT
SP002725,SP003228,3,XSU,EGR,ECR
SP002725,SP003249,6,XSU,EGR,ECR
SP002725,SP003838,3,XSU,EGR,CAT
SP002726,SP003313,18,SHF,SCA,SCA
SP002727,SP002734,12,HUL,DON,SHF
SP002727,SP003078,6,HUL,DON,LDS
SP002727,SP003564,6,HUL,DON,YRK
SP002727,SP003671,4,HUL,DON,SHF
SP002727,SP004285,4,HUL,DON,DON
SP002727,SP004286,4,HUL,DON,DON
SP002727,SP004292,6,HUL,DON,DON
SP002729,SP004361,6,DAR,SLB,SLB
SP002732,SP002868,5,CBG,NRW,KLN
SP002732,SP004311,5,CBG,NRW,NRW
SP002732,SP004312,7,CBG,NRW,NRW
SP002734,SP003078,6,HUL,SHF,LDS
SP002734,SP003564,6,HUL,SHF,YRK
SP002734,SP003671,4,HUL,SHF,SHF
SP002734,SP004285,4,HUL,SHF,DON
SP002734,SP004286,4,HUL,SHF,DON
SP002734,SP004292,6,HUL,SHF,DON
SP002736,SP002740,8,HUL,BDT,SCA
SP002736,SP003084,3,HUL,BDT,SCA
SP002736,SP003086,3,HUL,BDT,BEV
SP002738,SP003703,4,GYM,NRW,NRW
SP002739,SP002932,8,BTN,EBN,HGS
SP002739,SP003064,4,BTN,EBN,ORE
SP002739,SP003140,8,BTN,EBN,HGS
SP002739,SP004122,4,BTN,EBN,ORE
SP002739,SP004553,4,BTN,EBN,ORE
SP002740,SP003084,3,HUL,SCA,SCA
SP002740,SP003086,3,HUL,SCA,BEV
SP002743,SP002746,30,KTN,GLM,RAI
SP002744,SP003258,14,WEY,BRI,GCR
SP002744,SP003516,9,WEY,BRI,GCR
SP002744,SP004564,12,WEY,BRI,WSB
SP002748,SP003554,3,SVG,HFN,MOG
SP002749,SP003870,7,SVG,FPK,AAP
SP002749,SP003876,4,SVG,FPK,WGC
SP002751,SP004524,12,SVB,WSM,SAL
SP002753,SP003174,6,MOG,FPK,LET
SP002753,SP003376,6,MOG,FPK,WGC
SP002754,SP002780,7,CBG,KGX,KGX
SP002754,SP002782,7,CBG,KGX,KGX
SP002754,SP003025,7,CBG,KGX,KGX
SP002754,SP003287,19,CBG,KGX,KGX
SP002754,SP003515,7,CBG,KGX,KGX
SP002754,SP003587,4,CBG,KGX,KGX
SP002754,SP003931,3,CBG,KGX,LST
SP002754,SP003936,3,CBG,KGX,LST
SP002754,SP003938,3,CBG,KGX,LST
SP002754,SP004008,4,CBG,KGX,KGX
SP002754,SP004071,3,CBG,KGX,LST
SP002754,SP004164,3,CBG,KGX,LST
SP002754,SP004166,3,CBG,KGX,LST
SP002754,SP004168,3,CBG,KGX,LST
SP002754,SP004225,3,CBG,KGX,SRA
SP002754,SP004481,4,CBG,KGX,BTN
SP002754,SP004568,3,CBG,KGX,LST
SP002754,SP004632,3,CBG,KGX,BIS
SP002755,SP002757,4,KGX,CBG,CBG
SP002755,SP002761,10,KGX,CBG,LET
SP002755,SP002762,4,KGX,CBG,CBG
SP002755,SP002765,3,KGX,CBG,CBG
SP002755,SP002914,4,KGX,CBG,KLN
SP002755,SP002940,3,KGX,CBG,EDB
SP002755,SP002953,4,KGX,CBG,EDB
SP002755,SP002960,9,KGX,CBG,LDS
SP002755,SP002973,3,KGX,CBG,HFN
SP002755,SP003030,3,KGX,CBG,WGC
SP002755,SP003175,3,KGX,CBG,HFN
SP002755,SP003176,13,KGX,CBG,RYS
SP002755,SP003225,4,KGX,CBG,WGC
SP002755,SP003254,9,KGX,CBG,PBO
SP002755,SP003540,4,KGX,CBG,GLQ
SP002755,SP003600,4,KGX,CBG,CBG
SP002755,SP003658,13,KGX,CBG,ELY
SP002755,SP003667,9,KGX,CBG,YRK
SP002755,SP003669,4,KGX,CBG,INV
SP002755,SP003855,3,KGX,CBG,ABD
SP002755,SP003859,3,KGX,CBG,LDS
SP002755,SP004237,3,KGX,CBG,PBO
SP002756,SP002988,3,NRW,GYM,GYM
SP002757,SP002761,4,KGX,CBG,LET
SP002757,SP002762,15,KGX,CBG,CBG
SP002757,SP002765,3,KGX,CBG,CBG
SP002757,SP002914,4,KGX,CBG,KLN
SP002757,SP002940,3,KGX,CBG,EDB
SP002757,SP002953,4,KGX,CBG,EDB
SP002757,SP002960,4,KGX,CBG,LDS
SP002757,SP002973,3,KGX,CBG,HFN
SP002757,SP003030,3,KGX,CBG,WGC
SP002757,SP003175,3,KGX,CBG,HFN
SP002757,SP003176,4,KGX,CBG,RYS
SP002757,SP003225,4,KGX,CBG,WGC
SP002757,SP003254,4,KGX,CBG,PBO
SP002757,SP003540,4,KGX,CBG,GLQ
SP002757,SP003600,4,KGX,CBG,CBG
SP002757,SP003658,4,KGX,CBG,ELY
SP002757,SP003667,4,KGX,CBG,YRK
SP002757,SP003669,4,KGX,CBG,INV
SP002757,SP003855,3,KGX,CBG,ABD
SP002757,SP003859,3,KGX,CBG,LDS
SP002757,SP004237,3,KGX,CBG,PBO
SP002758,SP003974,30,SAV,KID,KID
SP002758,SP004162,3,SAV,KID,MYB
SP002760,SP004174,4,BSW,LMS,LMS
SP002760,SP004634,4,BSW,LMS,MYB
SP002760,SP004645,4,BSW,LMS,MYB
SP002761,SP002762,4,KGX,LET,CBG
SP002761,SP002765,3,KGX,LET,CBG
SP002761,SP002914,4,KGX,LET,KLN
SP002761,SP002940,3,KGX,LET,EDB
SP002761,SP002953,4,KGX,LET,EDB
SP002761,SP002960,9,KGX,LET,LDS
SP002761,SP002973,3,KGX,LET,HFN
SP002761,SP003030,3,KGX,LET,WGC
SP002761,SP003175,3,KGX,LET,HFN
SP002761,SP003176,10,KGX,LET,RYS
SP002761,SP003225,4,KGX,LET,WGC
SP002761,SP003254,9,KGX,LET,PBO
SP002761,SP003540,4,KGX,LET,GLQ
SP002761,SP003600,4,KGX,LET,CBG
SP002761,SP003658,10,KGX,LET,ELY
SP002761,SP003667,9,KGX,LET,YRK
SP002761,SP003669,4,KGX,LET,INV
SP002761,SP003855,3,KGX,LET,ABD
SP002761,SP003859,3,KGX,LET,LDS
SP002761,SP004237,3,KGX,LET,PBO
SP002762,SP002765,3,KGX,CBG,CBG
SP002762,SP002914,4,KGX,CBG,KLN
SP002762,SP002940,3,KGX,CBG,EDB
SP002762,SP002953,4,KGX,CBG,EDB
SP002762,SP002960,4,KGX,CBG,LDS
SP002762,SP002973,3,KGX,CBG,HFN
SP002762,SP003030,3,KGX,CBG,WGC
SP002762,SP003175,3,KGX,CBG,HFN
SP002762,SP003176,4,KGX,CBG,RYS
SP002762,SP003225,4,KGX,CBG,WGC
SP002762,SP003254,4,KGX,CBG,PBO
SP002762,SP003540,4,KGX,CBG,GLQ
SP002762,SP003600,4,KGX,CBG,CBG
SP002762,SP003658,4,KGX,CBG,ELY
SP002762,SP003667,4,KGX,CBG,YRK
SP002762,SP003669,4,KGX,CBG,INV
SP002762,SP003855,3,KGX,CBG,ABD
SP002762,SP003859,3,KGX,CBG,LDS
SP002762,SP004237,3,KGX,CBG,PBO
SP002763,SP004030,4,BHM,RGL,FOK
SP002763,SP004043,4,BHM,RGL,LIF
SP002763,SP004141,11,BHM,RGL,WSL
SP002764,SP003959,5,BHM,RGL,SHR
SP002765,SP002914,3,KGX,CBG,KLN
SP002765,SP002940,3,KGX,CBG,EDB
SP002765,SP002953,3,KGX,CBG,EDB
SP002765,SP002960,3,KGX,CBG,LDS
SP002765,SP002973,6,KGX,CBG,HFN
SP002765,SP003030,12,KGX,CBG,WGC
SP002765,SP003175,6,KGX,CBG,HFN
SP002765,SP003176,3,KGX,CBG,RYS
SP002765,SP003225,3,KGX,CBG,WGC
SP002765,SP003254,3,KGX,CBG,PBO
SP002765,SP003540,3,KGX,CBG,GLQ
SP002765,SP003600,3,KGX,CBG,CBG
SP002765,SP003658,3,KGX,CBG,ELY
SP002765,SP003667,3,KGX,CBG,YRK
SP002765,SP003669,3,KGX,CBG,INV
SP002765,SP003855,3,KGX,CBG,ABD
SP002765,SP003859,3,KGX,CBG,LDS
SP002765,SP004237,14,KGX,CBG,PBO
SP002766,SP002831,8,BDM,BTN,BTN
SP002766,SP002850,8,BDM,BTN,BTN
SP002766,SP003040,8,BDM,BTN,TBD
SP002766,SP003132,8,BDM,BTN,TBD
SP002766,SP003389,9,BDM,BTN,BTN
SP002766,SP003401,9,BDM,BTN,BTN
SP002766,SP003491,9,BDM,BTN,BTN
SP002766,SP003627,8,BDM,BTN,TBD
SP002766,SP003758,9,BDM,BTN,BTN
SP002766,SP003861,8,BDM,BTN,BTN
SP002766,SP003865,8,BDM,BTN,BTN
SP002766,SP004203,8,BDM,BTN,BTN
SP002766,SP004204,9,BDM,BTN,BTN
SP002766,SP004596,8,BDM,BTN,TBD
SP002766,SP004598,9,BDM,BTN,BTN
SP002771,SP003644,7,EDB,INV,INV
SP002771,SP004623,4,EDB,INV,SBR
SP002771,SP004624,8,EDB,INV,ABD
SP002772,SP003834,9,AYR,GLC,GLC
SP002775,SP003152,3,XVJ,AFK,RAM
SP002775,SP003155,3,XVJ,AFK,GLM
SP002775,SP003334,3,XVJ,AFK,AFK
SP002775,SP003576,3,XVJ,AFK,AFK
SP002775,SP003720,12,XVJ,AFK,RAM
SP002775,SP004649,3,XVJ,AFK,HOV
SP002777,SP002783,6,MYB,OXF,OXF
SP002777,SP002792,3,MYB,OXF,HWY
SP002777,SP003190,3,MYB,OXF,AYS
SP002777,SP003198,6,MYB,OXF,BAN
SP002777,SP003410,3,MYB,OXF,OXF
SP002777,SP003867,6,MYB,OXF,OXF
SP002777,SP004114,5,MYB,OXF,BCS
SP002777,SP004157,6,MYB,OXF,BMO
SP002777,SP004159,3,MYB,OXF,AYS
SP002777,SP004182,3,MYB,OXF,AYS
SP002777,SP004185,5,MYB,OXF,BAN
SP002777,SP004191,6,MYB,OXF,SBJ
SP002777,SP004233,3,MYB,OXF,WRU
SP002777,SP004257,6,MYB,OXF,BMO
SP002777,SP004445,6,MYB,OXF,BAN
SP002777,SP004479,6,MYB,OXF,PRR
SP002777,SP004563,3,MYB,OXF,OXF
SP002777,SP004608,3,MYB,OXF,WCX
SP002777,SP004609,3,MYB,OXF,GER
SP002777,SP004626,5,MYB,OXF,OXF
SP002777,SP004635,3,MYB,OXF,BMO
SP002777,SP004637,3,MYB,OXF,AYS
SP002777,SP004639,5,MYB,OXF,BAN
SP002777,SP004641,6,MYB,OXF,BSW
SP002779,SP004485,3,OXF,WOP,WOS
SP002780,SP002782,17,CBG,KGX,KGX
SP002780,SP003025,12,CBG,KGX,KGX
SP002780,SP003287,7,CBG,KGX,KGX
SP002780,SP003515,20,CBG,KGX,KGX
SP002780,SP003587,4,CBG,KGX,KGX
SP002780,SP003931,3,CBG,KGX,LST
SP002780,SP003936,3,CBG,KGX,LST
SP002780,SP003938,3,CBG,KGX,LST
SP002780,SP004008,4,CBG,KGX,KGX
SP002780,SP004071,3,CBG,KGX,LST
SP002780,SP004164,3,CBG,KGX,LST
SP002780,SP004166,3,CBG,KGX,LST
SP002780,SP004168,3,CBG,KGX,LST
SP002780,SP004225,3,CBG,KGX,SRA
SP002780,SP004481,4,CBG,KGX,BTN
SP002780,SP004568,3,CBG,KGX,LST
SP002780,SP004632,3,CBG,KGX,BIS
SP002782,SP003025,12,CBG,KGX,KGX
SP002782,SP003287,7,CBG,KGX,KGX
SP002782,SP003515,17,CBG,KGX,KGX
SP002782,SP003587,4,CBG,KGX,KGX
SP002782,SP003931,3,CBG,KGX,LST
SP002782,SP003936,3,CBG,KGX,LST
SP002782,SP003938,3,CBG,KGX,LST
SP002782,SP004008,4,CBG,KGX,KGX
SP002782,SP004071,3,CBG,KGX,LST
SP002782,SP004164,3,CBG,KGX,LST
SP002782,SP004166,3,CBG,KGX,LST
SP002782,SP004168,3,CBG,KGX,LST
SP002782,SP004225,3,CBG,KGX,SRA
SP002782,SP004481,4,CBG,KGX,BTN
SP002782,SP004568,3,CBG,KGX,LST
SP002782,SP004632,3,CBG,KGX,BIS
SP002783,SP002792,3,MYB,OXF,HWY
SP002783,SP003190,3,MYB,OXF,AYS
SP002783,SP003198,12,MYB,OXF,BAN
SP002783,SP003410,3,MYB,OXF,OXF
SP002783,SP003867,6,MYB,OXF,OXF
SP002783,SP004114,5,MYB,OXF,BCS
SP002783,SP004157,6,MYB,OXF,BMO
SP002783,SP004159,3,MYB,OXF,AYS
SP002783,SP004182,3,MYB,OXF,AYS
SP002783,SP004185,5,MYB,OXF,BAN
SP002783,SP004191,6,MYB,OXF,SBJ
SP002783,SP004233,3,MYB,OXF,WRU
SP002783,SP004257,12,MYB,OXF,BMO
SP002783,SP004445,14,MYB,OXF,BAN
SP002783,SP004479,6,MYB,OXF,PRR
SP002783,SP004563,3,MYB,OXF,OXF
SP002783,SP004608,3,MYB,OXF,WCX
SP002783,SP004609,3,MYB,OXF,GER
SP002783,SP004626,5,MYB,OXF,OXF
SP002783,SP004635,3,MYB,OXF,BMO
SP002783,SP004637,3,MYB,OXF,AYS
SP002783,SP004639,5,MYB,OXF,BAN
SP002783,SP004641,12,MYB,OXF,BSW
SP002785,SP004647,4,BTH,FRO,WSB
SP002787,SP003604,3,CTR,MIA,LIV
SP002788,SP003343,7,PLG,HGS,HGS
SP002791,SP003046,3,BHM,BHI,EUS
SP002791,SP003271,6,BHM,BHI,COV
SP002791,SP003882,3,BHM,BHI,MKC
SP002791,SP003967,3,BHM,BHI,NMP
SP002791,SP004063,3,BHM,BHI,EUS
SP002792,SP003190,11,MYB,HWY,AYS
SP002792,SP003198,3,MYB,HWY,BAN
SP002792,SP003410,8,MYB,HWY,OXF
SP002792,SP003867,3,MYB,HWY,OXF
SP002792,SP004114,3,MYB,HWY,BCS
SP002792,SP004157,3,MYB,HWY,BMO
SP002792,SP004159,7,MYB,HWY,AYS
SP002792,SP004182,8,MYB,HWY,AYS
SP002792,SP004185,3,MYB,HWY,BAN
SP002792,SP004191,3,MYB,HWY,SBJ
SP002792,SP004233,6,MYB,HWY,WRU
SP002792,SP004257,3,MYB,HWY,BMO
SP002792,SP004445,3,MYB,HWY,BAN
SP002792,SP004479,3,MYB,HWY,PRR
SP002792,SP004563,8,MYB,HWY,OXF
SP002792,SP004608,3,MYB,HWY,WCX
SP002792,SP004609,3,MYB,HWY,GER
SP002792,SP004626,3,MYB,HWY,OXF
SP002792,SP004635,6,MYB,HWY,BMO
SP002792,SP004637,8,MYB,HWY,AYS
SP002792,SP004639,3,MYB,HWY,BAN
SP002792,SP004641,3,MYB,HWY,BSW
SP002793,SP004631,7,BHM,BHI,NMP
SP002797,SP002803,14,RAI,WHP,DFD
SP002802,SP003124,8,CTR,LLJ,HHD
SP002802,SP003592,8,CTR,LLJ,HHD
SP002807,SP002969,3,CHX,DVP,DFD
SP002807,SP002976,17,CHX,DVP,CBW
SP002807,SP002979,3,CHX,DVP,SEV
SP002807,SP003068,3,CHX,DVP,HYS
SP002807,SP003156,3,CHX,DVP,CST
SP002807,SP003188,3,CHX,DVP,ORP
SP002807,SP003200,4,CHX,DVP,TBW
SP002807,SP003315,3,CHX,DVP,GRV
SP002807,SP003387,15,CHX,DVP,DVP
SP002807,SP003400,22,CHX,DVP,RAM
SP002807,SP003760,3,CHX,DVP,GRV
SP002807,SP004546,11,CHX,DVP,HGS
SP002807,SP004547,6,CHX,DVP,HGS
SP002807,SP004549,9,CHX,DVP,HGS
SP002807,SP004551,11,CHX,DVP,HGS
SP002808,SP003610,3,BAK,EGR,TBD
SP002808,SP003673,3,BAK,EGR,WRH
SP002808,SP003843,3,BAK,EGR,HRH
SP002808,SP003969,3,BAK,EGR,BTN
SP002808,SP004013,3,BAK,EGR,HRH
SP002808,SP004142,3,BAK,EGR,OXT
SP002808,SP004307,3,BAK,EGR,BTN
SP002809,SP003550,15,BTN,HGS,HGS
SP002809,SP004552,6,BTN,HGS,HGS
SP002810,SP003112,3,XSU,CAT,CAT
SP002810,SP003228,3,XSU,CAT,ECR
SP002810,SP003249,6,XSU,CAT,ECR
SP002810,SP003838,3,XSU,CAT,CAT
SP002811,SP002812,3,MBR,CAR,CAR
SP002811,SP002814,7,MBR,CAR,CAR
SP002811,SP002815,7,MBR,CAR,HEX
SP002812,SP002814,3,MBR,CAR,CAR
SP002812,SP002815,3,MBR,CAR,HEX
SP002813,SP002816,17,CAR,MBR,NCL
SP002813,SP002821,15,CAR,MBR,NCL
SP002813,SP002929,15,CAR,MBR,HPL
SP002814,SP002815,13,MBR,CAR,HEX
SP002816,SP002821,15,CAR,NCL,NCL
SP002816,SP002929,15,CAR,NCL,HPL
SP002819,SP003089,3,LIV,LLD,WAC
SP002819,SP003111,4,LIV,LLD,EUS
SP002819,SP003115,3,LIV,LLD,NOT
SP002819,SP003496,3,LIV,LLD,SHF
SP002819,SP003657,3,LIV,LLD,NCL
SP002819,SP004026,4,LIV,LLD,CRE
SP002819,SP004143,3,LIV,LLD,NRW
SP002819,SP004261,3,LIV,LLD,DON
SP002819,SP004268,3,LIV,LLD,MIA
SP002819,SP004269,3,LIV,LLD,NRW
SP002820,SP002863,9,NCL,CAR,HEX
SP002821,SP002929,16,CAR,NCL,HPL
SP002824,SP003468,7,BUX,MAN,MAN
SP002825,SP004583,20,BHI,HHD,MAN
SP002826,SP002828,14,MIA,CTR,HHD
SP002826,SP003057,14,MIA,CTR,LLJ
SP002827,SP004383,3,SHF,BNY,LDS
SP002828,SP003057,21,MIA,HHD,LLJ
SP002831,SP002850,17,BDM,BTN,BTN
SP002831,SP003040,24,BDM,BTN,TBD
SP002831,SP003132,17,BDM,BTN,TBD
SP002831,SP003389,8,BDM,BTN,BTN
SP002831,SP003401,8,BDM,BTN,BTN
SP002831,SP003491,8,BDM,BTN,BTN
SP002831,SP003627,17,BDM,BTN,TBD
SP002831,SP003758,8,BDM,BTN,BTN
SP002831,SP003861,17,BDM,BTN,BTN
SP002831,SP003865,25,BDM,BTN,BTN
SP002831,SP004203,17,BDM,BTN,BTN
SP002831,SP004204,8,BDM,BTN,BTN
SP002831,SP004596,20,BDM,BTN,TBD
SP002831,SP004598,8,BDM,BTN,BTN
SP002832,SP003585,10,LLD,LIV,BHM
SP002832,SP003633,3,LLD,LIV,LLJ
SP002832,SP003764,3,LLD,LIV,BFF
SP002835,SP003336,10,SHR,LIV,LIV
SP002836,SP003459,13,SEV,XVJ,FPK
SP002839,SP002859,4,HHD,MIA,CDF
SP002839,SP003120,4,HHD,MIA,EUS
SP002839,SP003173,4,HHD,MIA,CTR
SP002839,SP003340,4,HHD,MIA,EUS
SP002839,SP003359,4,HHD,MIA,CDF
SP002839,SP003586,15,HHD,MIA,CTR
SP002839,SP004015,4,HHD,MIA,BHM
SP002840,SP003654,16,HHD,BHI,CRE
SP002841,SP003141,11,BTN,BDM,BDM
SP002841,SP003395,10,BTN,BDM,BDM
SP002841,SP003399,10,BTN,BDM,BDM
SP002841,SP003546,5,BTN,BDM,BAL
SP002841,SP003588,16,BTN,BDM,BDM
SP002841,SP003809,10,BTN,BDM,WSW
SP002841,SP003989,5,BTN,BDM,BAK
SP002841,SP004194,19,BTN,BDM,BDM
SP002841,SP004487,10,BTN,BDM,BDM
SP002841,SP004582,10,BTN,BDM,BDM
SP002843,SP003891,3,CRE,WRX,SHR
SP002844,SP002845,4,LDS,HGT,HRS
SP002844,SP002846,8,LDS,HGT,KNA
SP002844,SP004423,4,LDS,HGT,HGT
SP002845,SP002846,4,LDS,HRS,KNA
SP002845,SP004423,4,LDS,HRS,HGT
SP002846,SP004423,4,LDS,KNA,HGT
SP002847,SP003197,6,CTR,SHR,CDF
SP002848,SP003352,12,SLB,DAR,BIA
SP002848,SP003702,12,SLB,DAR,NCL
SP002850,SP003040,17,BDM,BTN,TBD
SP002850,SP003132,23,BDM,BTN,TBD
SP002850,SP003389,8,BDM,BTN,BTN
SP002850,SP003401,8,BDM,BTN,BTN
SP002850,SP003491,8,BDM,BTN,BTN
SP002850,SP003627,19,BDM,BTN,TBD
SP002850,SP003758,8,BDM,BTN,BTN
SP002850,SP003861,33,BDM,BTN,BTN
SP002850,SP003865,17,BDM,BTN,BTN
SP002850,SP004203,23,BDM,BTN,BTN
SP002850,SP004204,8,BDM,BTN,BTN
SP002850,SP004596,17,BDM,BTN,TBD
SP002850,SP004598,8,BDM,BTN,BTN
SP002851,SP002852,7,BAN,DID,DID
SP002851,SP002853,5,BAN,DID,OXF
SP002851,SP004180,3,BAN,DID,MYB
SP002852,SP002853,5,BAN,DID,OXF
SP002852,SP004180,3,BAN,DID,MYB
SP002853,SP004180,3,BAN,OXF,MYB
SP002854,SP002942,8,EDB,NCL,KGX
SP002854,SP002958,8,EDB,NCL,KGX
SP002854,SP003384,8,EDB,NCL,BRI
SP002854,SP003476,8,EDB,NCL,KGX
SP002854,SP004602,8,EDB,NCL,KGX
SP002856,SP003269,8,CRE,MFH,BHI
SP002856,SP003356,6,CRE,MFH,MFH
SP002857,SP002858,10,MAN,MFH,CDF
SP002857,SP003253,3,MAN,MFH,EUS
SP002857,SP003266,3,MAN,MFH,EUS
SP002857,SP003377,3,MAN,MFH,SOU
SP002857,SP003485,20,MAN,MFH,CDF
SP002857,SP003488,13,MAN,MFH,CDF
SP002857,SP003492,8,MAN,MFH,CRE
SP002857,SP003590,20,MAN,MFH,FGH
SP002857,SP003617,10,MAN,MFH,CDF
SP002857,SP003676,10,MAN,MFH,CDF
SP002857,SP003678,38,MAN,MFH,FGH
SP002857,SP003686,36,MAN,MFH,PMD
SP002857,SP003692,20,MAN,MFH,CMN
SP002857,SP004023,3,MAN,MFH,EUS
SP002857,SP004209,13,MAN,MFH,SHR
SP002857,SP004402,3,MAN,MFH,MAC
SP002857,SP004565,20,MAN,MFH,MFH
SP002858,SP003253,3,MAN,CDF,EUS
SP002858,SP003266,3,MAN,CDF,EUS
SP002858,SP003377,3,MAN,CDF,SOU
SP002858,SP003485,10,MAN,CDF,CDF
SP002858,SP003488,10,MAN,CDF,CDF
SP002858,SP003492,8,MAN,CDF,CRE
SP002858,SP003590,10,MAN,CDF,FGH
SP002858,SP003617,18,MAN,CDF,CDF
SP002858,SP003676,13,MAN,CDF,CDF
SP002858,SP003678,10,MAN,CDF,FGH
SP002858,SP003686,10,MAN,CDF,PMD
SP002858,SP003692,10,MAN,CDF,CMN
SP002858,SP004023,3,MAN,CDF,EUS
SP002858,SP004209,10,MAN,CDF,SHR
SP002858,SP004402,3,MAN,CDF,MAC
SP002858,SP004565,10,MAN,CDF,MFH
SP002859,SP003120,13,HHD,CDF,EUS
SP002859,SP003173,13,HHD,CDF,CTR
SP002859,SP003340,13,HHD,CDF,EUS
SP002859,SP003359,16,HHD,CDF,CDF
SP002859,SP003586,4,HHD,CDF,CTR
SP002859,SP004015,13,HHD,CDF,BHM
SP002860,SP002893,9,CDF,MAN,MAN
SP002860,SP002902,9,CDF,MAN,HHD
SP002860,SP003061,9,CDF,MAN,MAN
SP002860,SP003495,9,CDF,MAN,CTR
SP002860,SP003525,5,CDF,MAN,AGV
SP002860,SP003619,9,CDF,MAN,CTR
SP002860,SP003715,3,CDF,MAN,MAN
SP002860,SP004084,9,CDF,MAN,CRE
SP002860,SP004294,9,CDF,MAN,CTR
SP002861,SP003201,27,PMD,CDF,CDF
SP002861,SP003621,27,PMD,CDF,CDF
SP002861,SP003625,16,PMD,CDF,CDF
SP002861,SP003750,16,PMD,CDF,CDF
SP002861,SP003783,11,PMD,CDF,CMN
SP002864,SP003443,19,HFD,PAD,PAD
SP002864,SP003875,8,HFD,PAD,BHM
SP002867,SP003367,12,PNZ,PAD,PAD
SP002868,SP004311,5,CBG,KLN,NRW
SP002868,SP004312,5,CBG,KLN,NRW
SP002869,SP003954,9,SOV,LST,LST
SP002869,SP003955,9,SOV,LST,LST
SP002870,SP002871,13,BID,WRX,WXC
SP002872,SP003031,17,EUS,CTR,MAN
SP002872,SP003036,8,EUS,CTR,BHM
SP002872,SP003114,13,EUS,CTR,LIV
SP002872,SP003191,19,EUS,CTR,BPN
SP002872,SP003207,19,EUS,CTR,LIV
SP002872,SP003300,20,EUS,CTR,WRX
SP002872,SP003360,13,EUS,CTR,EDB
SP002872,SP003475,11,EUS,CTR,WVH
SP002872,SP003568,10,EUS,CTR,WVH
SP002872,SP003958,13,EUS,CTR,INV
SP002872,SP004012,11,EUS,CTR,GLC
SP002872,SP004017,15,EUS,CTR,PRE
SP002872,SP004025,19,EUS,CTR,PRE
SP002872,SP004034,13,EUS,CTR,CRE
SP002872,SP004036,10,EUS,CTR,GLC
SP002872,SP004111,10,EUS,CTR,GLC
SP002872,SP004121,4,EUS,CTR,NMP
SP002872,SP004127,4,EUS,CTR,NMP
SP002872,SP004131,5,EUS,CTR,BHM
SP002872,SP004188,15,EUS,CTR,CRE
SP002872,SP004207,13,EUS,CTR,CRE
SP002872,SP004232,10,EUS,CTR,INV
SP002872,SP004384,13,EUS,CTR,WVH
SP002872,SP004399,19,EUS,CTR,GLC
SP002872,SP004433,8,EUS,CTR,NMP
SP002872,SP004516,19,EUS,CTR,GLC
SP002872,SP004529,5,EUS,CTR,BHM
SP002875,SP003884,4,DEE,ABD,ARB
SP002876,SP002877,4,LDS,MCM,LAN
SP002876,SP002890,4,LDS,MCM,CAR
SP002877,SP002890,7,LDS,LAN,CAR
SP002878,SP003447,4,CTR,BHI,BHI
SP002880,SP002919,3,RYP,SHN,RYR
SP002882,SP003605,8,LLJ,CRE,LIV
SP002882,SP003612,8,LLJ,CRE,MIA
SP002882,SP003990,8,LLJ,CRE,MIA
SP002884,SP003449,3,LST,CHI,SSD
SP002884,SP003684,3,LST,CHI,SSD
SP002884,SP003795,3,LST,CHI,BIS
SP002884,SP003927,3,LST,CHI,ELY
SP002884,SP003930,3,LST,CHI,CMB
SP002884,SP003937,3,LST,CHI,CBG
SP002884,SP004065,3,LST,CHI,ELY
SP002884,SP004066,3,LST,CHI,CMB
SP002884,SP004073,3,LST,CHI,CMB
SP002884,SP004074,3,LST,CHI,CMB
SP002884,SP004076,3,LST,CHI,CBG
SP002884,SP004082,3,LST,CHI,HFE
SP002884,SP004087,3,LST,CHI,HFE
SP002884,SP004091,3,LST,CHI,HFE
SP002884,SP004170,3,LST,CHI,CMB
SP002884,SP004173,3,LST,CHI,CMB
SP002884,SP004193,3,LST,CHI,CBG
SP002884,SP004567,3,LST,CHI,ELY
SP002884,SP004569,3,LST,CHI,ELY
SP002884,SP004627,3,LST,CHI,SSD
SP002885,SP002892,11,LAN,LDS,SKI
SP002885,SP003110,11,LAN,LDS,LDS
SP002885,SP004265,3,LAN,LDS,BIF
SP002885,SP004267,3,LAN,LDS,MLM
SP002885,SP004355,3,LAN,LDS,MCM
SP002887,SP003737,5,STA,XFB,NOT
SP002888,SP003108,11,SHR,FGH,CDF
SP002888,SP003868,3,SHR,FGH,LLO
SP002891,SP002909,14,XVJ,DFD,GRV
SP002892,SP003110,11,LAN,SKI,LDS
SP002892,SP004265,3,LAN,SKI,BIF
SP002892,SP004267,3,LAN,SKI,MLM
SP002892,SP004355,3,LAN,SKI,MCM
SP002893,SP002902,11,CDF,MAN,HHD
SP002893,SP003061,11,CDF,MAN,MAN
SP002893,SP003495,11,CDF,MAN,CTR
SP002893,SP003525,5,CDF,MAN,AGV
SP002893,SP003619,18,CDF,MAN,CTR
SP002893,SP003715,3,CDF,MAN,MAN
SP002893,SP004084,18,CDF,MAN,CRE
SP002893,SP004294,11,CDF,MAN,CTR
SP002894,SP004058,7,CHI,LST,LST
SP002895,SP002896,3,WAC,MCO,MCO
SP002895,SP002898,3,WAC,MCO,MCO
SP002896,SP002898,5,WAC,MCO,MCO
SP002899,SP003065,3,GLM,DVP,SSS
SP002901,SP002903,3,MCO,LIV,LIV
SP002901,SP002906,8,MCO,LIV,LIV
SP002901,SP002912,5,MCO,LIV,LIV
SP002901,SP002916,12,MCO,LIV,LIV
SP002901,SP004007,18,MCO,LIV,LIV
SP002901,SP004452,8,MCO,LIV,WAC
SP002901,SP004457,10,MCO,LIV,WAC
SP002902,SP003061,11,CDF,HHD,MAN
SP002902,SP003495,11,CDF,HHD,CTR
SP002902,SP003525,5,CDF,HHD,AGV
SP002902,SP003619,11,CDF,HHD,CTR
SP002902,SP003715,3,CDF,HHD,MAN
SP002902,SP004084,11,CDF,HHD,CRE
SP002902,SP004294,11,CDF,HHD,CTR
SP002903,SP002906,3,MCO,LIV,LIV
SP002903,SP002912,3,MCO,LIV,LIV
SP002903,SP002916,3,MCO,LIV,LIV
SP002903,SP004007,3,MCO,LIV,LIV
SP002903,SP004452,3,MCO,LIV,WAC
SP002903,SP004457,3,MCO,LIV,WAC
SP002904,SP004078,12,KLN,KGX,KGX
SP002905,SP002908,5,MCO,LIV,LIV
SP002905,SP002911,3,MCO,LIV,LIV
SP002905,SP004005,3,MCO,LIV,LIV
SP002905,SP004450,5,MCO,LIV,WAC
SP002905,SP004453,3,MCO,LIV,WAC
SP002906,SP002912,5,MCO,LIV,LIV
SP002906,SP002916,8,MCO,LIV,LIV
SP002906,SP004007,8,MCO,LIV,LIV
SP002906,SP004452,11,MCO,LIV,WAC
SP002906,SP004457,8,MCO,LIV,WAC
SP002908,SP002911,3,MCO,LIV,LIV
SP002908,SP004005,3,MCO,LIV,LIV
SP002908,SP004450,6,MCO,LIV,WAC
SP002908,SP004453,3,MCO,LIV,WAC
SP002910,SP003122,6,CST,TBW,CST
SP002910,SP003314,4,CST,TBW,RTR
SP002910,SP003425,10,CST,TBW,TON
SP002910,SP003479,4,CST,TBW,ORP
SP002910,SP004537,8,CST,TBW,DVP
SP002910,SP004538,8,CST,TBW,RAM
SP002911,SP004005,11,MCO,LIV,LIV
SP002911,SP004450,3,MCO,LIV,WAC
SP002911,SP004453,10,MCO,LIV,WAC
SP002912,SP002916,5,MCO,LIV,LIV
SP002912,SP004007,5,MCO,LIV,LIV
SP002912,SP004452,5,MCO,LIV,WAC
SP002912,SP004457,5,MCO,LIV,WAC
SP002914,SP002940,3,KGX,KLN,EDB
SP002914,SP002953,9,KGX,KLN,EDB
SP002914,SP002960,4,KGX,KLN,LDS
SP002914,SP002973,3,KGX,KLN,HFN
SP002914,SP003030,3,KGX,KLN,WGC
SP002914,SP003175,3,KGX,KLN,HFN
SP002914,SP003176,4,KGX,KLN,RYS
SP002914,SP003225,4,KGX,KLN,WGC
SP002914,SP003254,4,KGX,KLN,PBO
SP002914,SP003540,9,KGX,KLN,GLQ
SP002914,SP003600,13,KGX,KLN,CBG
SP002914,SP003658,4,KGX,KLN,ELY
SP002914,SP003667,4,KGX,KLN,YRK
SP002914,SP003669,9,KGX,KLN,INV
SP002914,SP003855,3,KGX,KLN,ABD
SP002914,SP003859,3,KGX,KLN,LDS
SP002914,SP004237,3,KGX,KLN,PBO
SP002915,SP003117,9,TBW,CST,CHX
SP002915,SP003278,3,TBW,CST,TON
SP002915,SP003458,5,TBW,CST,CST
SP002916,SP004007,12,MCO,LIV,LIV
SP002916,SP004452,8,MCO,LIV,WAC
SP002916,SP004457,10,MCO,LIV,WAC
SP002917,SP003090,9,SPX,MAR,FAV
SP002917,SP003153,16,SPX,MAR,AFK
SP002917,SP004271,9,SPX,MAR,RAM
SP002917,SP004291,9,SPX,MAR,MAR
SP002917,SP004348,17,SPX,MAR,MAR
SP002917,SP004380,8,SPX,MAR,MAR
SP002917,SP004392,16,SPX,MAR,DVP
SP002917,SP004396,16,SPX,MAR,RAM
SP002917,SP004435,9,SPX,MAR,MDW
SP002918,SP002920,3,LIV,MCO,MCO
SP002918,SP002923,7,LIV,MCO,MCO
SP002918,SP002926,11,LIV,MCO,MCO
SP002918,SP002927,16,LIV,MCO,MCO
SP002918,SP004056,6,LIV,MCO,WAC
SP002918,SP004471,6,LIV,MCO,WAC
SP002918,SP004472,6,LIV,MCO,WAC
SP002920,SP002923,3,LIV,MCO,MCO
SP002920,SP002926,3,LIV,MCO,MCO
SP002920,SP002927,3,LIV,MCO,MCO
SP002920,SP004056,3,LIV,MCO,WAC
SP002920,SP004471,3,LIV,MCO,WAC
SP002920,SP004472,3,LIV,MCO,WAC
SP002921,SP002975,6,PAD,SWA,GMV
SP002921,SP003349,6,PAD,SWA,SWA
SP002921,SP003351,14,PAD,SWA,OXF
SP002923,SP002926,7,LIV,MCO,MCO
SP002923,SP002927,7,LIV,MCO,MCO
SP002923,SP004056,6,LIV,MCO,WAC
SP002923,SP004471,6,LIV,MCO,WAC
SP002923,SP004472,6,LIV,MCO,WAC
SP002925,SP002939,6,SHN,RYP,RYR
SP002926,SP002927,11,LIV,MCO,MCO
SP002926,SP004056,6,LIV,MCO,WAC
SP002926,SP004471,6,LIV,MCO,WAC
SP002926,SP004472,6,LIV,MCO,WAC
SP002927,SP004056,6,LIV,MCO,WAC
SP002927,SP004471,6,LIV,MCO,WAC
SP002927,SP004472,6,LIV,MCO,WAC
SP002930,SP003494,4,BRI,BHM,GMV
SP002930,SP003965,15,BRI,BHM,EDB
SP002930,SP004183,3,BRI,BHM,PAD
SP002930,SP004570,3,BRI,BHM,PAD
SP002931,SP003463,10,DFD,CHX,XKE
SP002932,SP003064,4,BTN,HGS,ORE
SP002932,SP003140,11,BTN,HGS,HGS
SP002932,SP004122,4,BTN,HGS,ORE
SP002932,SP004553,4,BTN,HGS,ORE
SP002934,SP002935,7,SHF,LCN,WRK
SP002937,SP003465,7,ORP,XVJ,XVJ
SP002938,SP004213,3,DON,SCU,GOO
SP002938,SP004279,3,DON,SCU,HUL
SP002938,SP004283,3,DON,SCU,HUL
SP002938,SP004301,3,DON,SCU,HUL
SP002938,SP004315,3,DON,SCU,HUL
SP002940,SP002953,3,KGX,EDB,EDB
SP002940,SP002960,3,KGX,EDB,LDS
SP002940,SP002973,3,KGX,EDB,HFN
SP002940,SP003030,3,KGX,EDB,WGC
SP002940,SP003175,3,KGX,EDB,HFN
SP002940,SP003176,3,KGX,EDB,RYS
SP002940,SP003225,3,KGX,EDB,WGC
SP002940,SP003254,3,KGX,EDB,PBO
SP002940,SP003540,3,KGX,EDB,GLQ
SP002940,SP003600,3,KGX,EDB,CBG
SP002940,SP003658,3,KGX,EDB,ELY
SP002940,SP003667,3,KGX,EDB,YRK
SP002940,SP003669,3,KGX,EDB,INV
SP002940,SP003855,42,KGX,EDB,ABD
SP002940,SP003859,28,KGX,EDB,LDS
SP002940,SP004237,3,KGX,EDB,PBO
SP002941,SP004493,17,GRV,CHX,CHX
SP002941,SP004501,10,GRV,CHX,CHX
SP002942,SP002958,10,EDB,KGX,KGX
SP002942,SP003384,10,EDB,KGX,BRI
SP002942,SP003476,10,EDB,KGX,KGX
SP002942,SP004602,10,EDB,KGX,KGX
SP002943,SP003267,4,BOG,BTN,LIT
SP002945,SP003695,6,RCD,LDS,LDS
SP002946,SP004327,11,OBN,GLQ,GLQ
SP002946,SP004444,5,OBN,GLQ,DAL
SP002948,SP003953,17,NRW,DBY,SHF
SP002948,SP004275,17,NRW,DBY,MAN
SP002948,SP004379,7,NRW,DBY,ELY
SP002948,SP004518,13,NRW,DBY,LIV
SP002948,SP004628,13,NRW,DBY,LIV
SP002950,SP004042,6,MAN,CRE,CRE
SP002953,SP002960,4,KGX,EDB,LDS
SP002953,SP002973,3,KGX,EDB,HFN
SP002953,SP003030,3,KGX,EDB,WGC
SP002953,SP003175,3,KGX,EDB,HFN
SP002953,SP003176,4,KGX,EDB,RYS
SP002953,SP003225,4,KGX,EDB,WGC
SP002953,SP003254,4,KGX,EDB,PBO
SP002953,SP003540,32,KGX,EDB,GLQ
SP002953,SP003600,9,KGX,EDB,CBG
SP002953,SP003658,4,KGX,EDB,ELY
SP002953,SP003667,4,KGX,EDB,YRK
SP002953,SP003669,19,KGX,EDB,INV
SP002953,SP003855,3,KGX,EDB,ABD
SP002953,SP003859,3,KGX,EDB,LDS
SP002953,SP004237,3,KGX,EDB,PBO
SP002954,SP002966,7,PAD,HWV,HAF
SP002954,SP002982,3,PAD,HWV,HAF
SP002954,SP003275,3,PAD,HWV,HWV
SP002954,SP003412,3,PAD,HWV,PNZ
SP002954,SP003506,3,PAD,HWV,GFD
SP002956,SP004061,7,CDF,RHY,BGD
SP002958,SP003384,14,EDB,KGX,BRI
SP002958,SP003476,25,EDB,KGX,KGX
SP002958,SP004602,21,EDB,KGX,KGX
SP002960,SP002973,3,KGX,LDS,HFN
SP002960,SP003030,3,KGX,LDS,WGC
SP002960,SP003175,3,KGX,LDS,HFN
SP002960,SP003176,9,KGX,LDS,RYS
SP002960,SP003225,4,KGX,LDS,WGC
SP002960,SP003254,9,KGX,LDS,PBO
SP002960,SP003540,4,KGX,LDS,GLQ
SP002960,SP003600,4,KGX,LDS,CBG
SP002960,SP003658,9,KGX,LDS,ELY
SP002960,SP003667,19,KGX,LDS,YRK
SP002960,SP003669,4,KGX,LDS,INV
SP002960,SP003855,3,KGX,LDS,ABD
SP002960,SP003859,3,KGX,LDS,LDS
SP002960,SP004237,3,KGX,LDS,PBO
SP002962,SP002999,16,ABX,HAF,HAY
SP002962,SP003103,10,ABX,HAF,MAI
SP002962,SP003106,10,ABX,HAF,MAI
SP002962,SP003119,10,ABX,HAF,MAI
SP002962,SP003182,10,ABX,HAF,RDG
SP002962,SP003185,10,ABX,HAF,RDG
SP002962,SP003186,10,ABX,HAF,RDG
SP002962,SP003204,16,ABX,HAF,RDG
SP002962,SP003273,17,ABX,HAF,HWV
SP002962,SP003280,13,ABX,HAF,HWV
SP002962,SP003602,10,ABX,HAF,MAI
SP002962,SP003716,10,ABX,HAF,PDX
SP002962,SP003730,10,ABX,HAF,HWV
SP002963,SP003236,10,HYS,LEW,NWX
SP002965,SP002980,17,BAL,PMH,PMS
SP002965,SP002983,17,BAL,PMH,PMH
SP002965,SP002986,17,BAL,PMH,PMS
SP002965,SP002991,8,BAL,PMH,ORE
SP002965,SP002992,8,BAL,PMH,ORE
SP002965,SP002995,8,BAL,PMH,ORE
SP002965,SP003006,8,BAL,PMH,ORE
SP002965,SP003014,8,BAL,PMH,HGS
SP002965,SP003026,8,BAL,PMH,LIT
SP002965,SP003130,8,BAL,PMH,WRH
SP002965,SP003179,5,BAL,PMH,TBD
SP002965,SP003294,11,BAL,PMH,HRH
SP002965,SP003298,11,BAL,PMH,CCH
SP002965,SP003454,3,BAL,PMH,ORE
SP002965,SP003675,8,BAL,PMH,WRH
SP002965,SP003677,8,BAL,PMH,WRH
SP002965,SP003756,5,BAL,PMH,BTN
SP002965,SP004020,7,BAL,PMH,GTW
SP002965,SP004086,6,BAL,PMH,WRH
SP002966,SP002982,3,PAD,HAF,HAF
SP002966,SP003275,3,PAD,HAF,HWV
SP002966,SP003412,3,PAD,HAF,PNZ
SP002966,SP003506,3,PAD,HAF,GFD
SP002967,SP002968,3,PMH,BOG,HRH
SP002967,SP003035,3,PMH,BOG,NEM
SP002967,SP003038,4,PMH,BOG,NEM
SP002967,SP003439,3,PMH,BOG,GLD
SP002967,SP003455,3,PMH,BOG,CDF
SP002967,SP003498,3,PMH,BOG,WSB
SP002967,SP003509,4,PMH,BOG,NEM
SP002967,SP003511,3,PMH,BOG,NEM
SP002967,SP003545,3,PMH,BOG,NEM
SP002967,SP003547,3,PMH,BOG,GTW
SP002967,SP004502,3,PMH,BOG,BRI
SP002968,SP003035,4,PMH,HRH,NEM
SP002968,SP003038,3,PMH,HRH,NEM
SP002968,SP003439,4,PMH,HRH,GLD
SP002968,SP003455,3,PMH,HRH,CDF
SP002968,SP003498,3,PMH,HRH,WSB
SP002968,SP003509,3,PMH,HRH,NEM
SP002968,SP003511,4,PMH,HRH,NEM
SP002968,SP003545,4,PMH,HRH,NEM
SP002968,SP003547,5,PMH,HRH,GTW
SP002968,SP004502,3,PMH,HRH,BRI
SP002969,SP002976,3,CHX,DFD,CBW
SP002969,SP002979,4,CHX,DFD,SEV
SP002969,SP003068,4,CHX,DFD,HYS
SP002969,SP003156,4,CHX,DFD,CST
SP002969,SP003188,4,CHX,DFD,ORP
SP002969,SP003200,3,CHX,DFD,TBW
SP002969,SP003315,4,CHX,DFD,GRV
SP002969,SP003387,3,CHX,DFD,DVP
SP002969,SP003400,3,CHX,DFD,RAM
SP002969,SP003760,4,CHX,DFD,GRV
SP002969,SP004546,3,CHX,DFD,HGS
SP002969,SP004547,3,CHX,DFD,HGS
SP002969,SP004549,3,CHX,DFD,HGS
SP002969,SP004551,3,CHX,DFD,HGS
SP002971,SP002987,18,ORP,KTN,BFR
SP002971,SP003024,3,ORP,KTN,CHX
SP002971,SP003027,22,ORP,KTN,WHP
SP002971,SP003107,3,ORP,KTN,CST
SP002973,SP003030,6,KGX,HFN,WGC
SP002973,SP003175,12,KGX,HFN,HFN
SP002973,SP003176,3,KGX,HFN,RYS
SP002973,SP003225,3,KGX,HFN,WGC
SP002973,SP003254,3,KGX,HFN,PBO
SP002973,SP003540,3,KGX,HFN,GLQ
SP002973,SP003600,3,KGX,HFN,CBG
SP002973,SP003658,3,KGX,HFN,ELY
SP002973,SP003667,3,KGX,HFN,YRK
SP002973,SP003669,3,KGX,HFN,INV
SP002973,SP003855,3,KGX,HFN,ABD
SP002973,SP003859,3,KGX,HFN,LDS
SP002973,SP004237,6,KGX,HFN,PBO
SP002975,SP003349,14,PAD,GMV,SWA
SP002975,SP003351,6,PAD,GMV,OXF
SP002976,SP002979,3,CHX,CBW,SEV
SP002976,SP003068,3,CHX,CBW,HYS
SP002976,SP003156,3,CHX,CBW,CST
SP002976,SP003188,3,CHX,CBW,ORP
SP002976,SP003200,4,CHX,CBW,TBW
SP002976,SP003315,3,CHX,CBW,GRV
SP002976,SP003387,15,CHX,CBW,DVP
SP002976,SP003400,17,CHX,CBW,RAM
SP002976,SP003760,3,CHX,CBW,GRV
SP002976,SP004546,11,CHX,CBW,HGS
SP002976,SP004547,6,CHX,CBW,HGS
SP002976,SP004549,9,CHX,CBW,HGS
SP002976,SP004551,11,CHX,CBW,HGS
SP002978,SP003048,7,MAN,YRK,NCL
SP002978,SP003058,7,MAN,YRK,HUL
SP002978,SP003072,7,MAN,YRK,SLB
SP002978,SP003074,4,MAN,YRK,YRK
SP002978,SP003075,8,MAN,YRK,YRK
SP002978,SP003134,7,MAN,YRK,NCL
SP002978,SP003279,7,MAN,YRK,YRK
SP002978,SP003960,7,MAN,YRK,YRK
SP002978,SP004027,3,MAN,YRK,RCC
SP002978,SP004138,7,MAN,YRK,DAR
SP002979,SP003068,4,CHX,SEV,HYS
SP002979,SP003156,6,CHX,SEV,CST
SP002979,SP003188,12,CHX,SEV,ORP
SP002979,SP003200,3,CHX,SEV,TBW
SP002979,SP003315,6,CHX,SEV,GRV
SP002979,SP003387,3,CHX,SEV,DVP
SP002979,SP003400,3,CHX,SEV,RAM
SP002979,SP003760,6,CHX,SEV,GRV
SP002979,SP004546,3,CHX,SEV,HGS
SP002979,SP004547,3,CHX,SEV,HGS
SP002979,SP004549,3,CHX,SEV,HGS
SP002979,SP004551,3,CHX,SEV,HGS
SP002980,SP002983,22,BAL,PMS,PMH
SP002980,SP002986,24,BAL,PMS,PMS
SP002980,SP002991,8,BAL,PMS,ORE
SP002980,SP002992,8,BAL,PMS,ORE
SP002980,SP002995,8,BAL,PMS,ORE
SP002980,SP003006,8,BAL,PMS,ORE
SP002980,SP003014,8,BAL,PMS,HGS
SP002980,SP003026,8,BAL,PMS,LIT
SP002980,SP003130,8,BAL,PMS,WRH
SP002980,SP003179,5,BAL,PMS,TBD
SP002980,SP003294,11,BAL,PMS,HRH
SP002980,SP003298,11,BAL,PMS,CCH
SP002980,SP003454,3,BAL,PMS,ORE
SP002980,SP003675,8,BAL,PMS,WRH
SP002980,SP003677,8,BAL,PMS,WRH
SP002980,SP003756,5,BAL,PMS,BTN
SP002980,SP004020,7,BAL,PMS,GTW
SP002980,SP004086,6,BAL,PMS,WRH
SP002981,SP003452,10,BDM,BTN,GTW
SP002981,SP003483,24,BDM,BTN,BTN
SP002982,SP003275,8,PAD,HAF,HWV
SP002982,SP003412,7,PAD,HAF,PNZ
SP002982,SP003506,4,PAD,HAF,GFD
SP002983,SP002986,22,BAL,PMH,PMS
SP002983,SP002991,8,BAL,PMH,ORE
SP002983,SP002992,8,BAL,PMH,ORE
SP002983,SP002995,8,BAL,PMH,ORE
SP002983,SP003006,8,BAL,PMH,ORE
SP002983,SP003014,8,BAL,PMH,HGS
SP002983,SP003026,8,BAL,PMH,LIT
SP002983,SP003130,8,BAL,PMH,WRH
SP002983,SP003179,5,BAL,PMH,TBD
SP002983,SP003294,11,BAL,PMH,HRH
SP002983,SP003298,11,BAL,PMH,CCH
SP002983,SP003454,3,BAL,PMH,ORE
SP002983,SP003675,8,BAL,PMH,WRH
SP002983,SP003677,8,BAL,PMH,WRH
SP002983,SP003756,5,BAL,PMH,BTN
SP002983,SP004020,7,BAL,PMH,GTW
SP002983,SP004086,6,BAL,PMH,WRH
SP002985,SP003159,7,DVP,CHX,CST
SP002985,SP003615,7,DVP,CHX,CST
SP002985,SP004388,7,DVP,CHX,SPX
SP002985,SP004614,4,DVP,CHX,SPX
SP002986,SP002991,8,BAL,PMS,ORE
SP002986,SP002992,8,BAL,PMS,ORE
SP002986,SP002995,8,BAL,PMS,ORE
SP002986,SP003006,8,BAL,PMS,ORE
SP002986,SP003014,8,BAL,PMS,HGS
SP002986,SP003026,8,BAL,PMS,LIT
SP002986,SP003130,8,BAL,PMS,WRH
SP002986,SP003179,5,BAL,PMS,TBD
SP002986,SP003294,11,BAL,PMS,HRH
SP002986,SP003298,11,BAL,PMS,CCH
SP002986,SP003454,3,BAL,PMS,ORE
SP002986,SP003675,8,BAL,PMS,WRH
SP002986,SP003677,8,BAL,PMS,WRH
SP002986,SP003756,5,BAL,PMS,BTN
SP002986,SP004020,7,BAL,PMS,GTW
SP002986,SP004086,6,BAL,PMS,WRH
SP002987,SP003024,3,ORP,BFR,CHX
SP002987,SP003027,18,ORP,BFR,WHP
SP002987,SP003107,3,ORP,BFR,CST
SP002989,SP003270,12,GLC,ADS,ASB
SP002989,SP004447,13,GLC,ADS,ADN
SP002990,SP004250,6,SCA,SHF,SHF
SP002991,SP002992,12,BAL,ORE,ORE
SP002991,SP002995,12,BAL,ORE,ORE
SP002991,SP003006,12,BAL,ORE,ORE
SP002991,SP003014,12,BAL,ORE,HGS
SP002991,SP003026,9,BAL,ORE,LIT
SP002991,SP003130,9,BAL,ORE,WRH
SP002991,SP003179,5,BAL,ORE,TBD
SP002991,SP003294,8,BAL,ORE,HRH
SP002991,SP003298,8,BAL,ORE,CCH
SP002991,SP003454,3,BAL,ORE,ORE
SP002991,SP003675,9,BAL,ORE,WRH
SP002991,SP003677,11,BAL,ORE,WRH
SP002991,SP003756,5,BAL,ORE,BTN
SP002991,SP004020,7,BAL,ORE,GTW
SP002991,SP004086,6,BAL,ORE,WRH
SP002992,SP002995,21,BAL,ORE,ORE
SP002992,SP003006,21,BAL,ORE,ORE
SP002992,SP003014,21,BAL,ORE,HGS
SP002992,SP003026,9,BAL,ORE,LIT
SP002992,SP003130,9,BAL,ORE,WRH
SP002992,SP003179,5,BAL,ORE,TBD
SP002992,SP003294,8,BAL,ORE,HRH
SP002992,SP003298,8,BAL,ORE,CCH
SP002992,SP003454,3,BAL,ORE,ORE
SP002992,SP003675,9,BAL,ORE,WRH
SP002992,SP003677,11,BAL,ORE,WRH
SP002992,SP003756,5,BAL,ORE,BTN
SP002992,SP004020,7,BAL,ORE,GTW
SP002992,SP004086,6,BAL,ORE,WRH
SP002993,SP003135,6,HGS,BAL,BTN
SP002993,SP003138,6,HGS,BAL,BTN
SP002993,SP003142,6,HGS,BAL,BTN
SP002993,SP003144,6,HGS,BAL,BTN
SP002993,SP003530,17,HGS,BAL,BTN
SP002993,SP004099,3,HGS,BAL,TON
SP002993,SP004555,3,HGS,BAL,CHX
SP002993,SP004566,3,HGS,BAL,CST
SP002994,SP003423,6,STP,DBY,DBY
SP002994,SP004144,4,STP,DBY,COR
SP002995,SP003006,21,BAL,ORE,ORE
SP002995,SP003014,28,BAL,ORE,HGS
SP002995,SP003026,9,BAL,ORE,LIT
SP002995,SP003130,9,BAL,ORE,WRH
SP002995,SP003179,5,BAL,ORE,TBD
SP002995,SP003294,8,BAL,ORE,HRH
SP002995,SP003298,8,BAL,ORE,CCH
SP002995,SP003454,3,BAL,ORE,ORE
SP002995,SP003675,9,BAL,ORE,WRH
SP002995,SP003677,11,BAL,ORE,WRH
SP002995,SP003756,5,BAL,ORE,BTN
SP002995,SP004020,7,BAL,ORE,GTW
SP002995,SP004086,6,BAL,ORE,WRH
SP002996,SP003000,16,ORE,BAL,BAK
SP002996,SP003147,7,ORE,BAL,BTN
SP002996,SP003149,7,ORE,BAL,BTN
SP002996,SP003552,14,ORE,BAL,PLG
SP002996,SP004120,5,ORE,BAL,BTN
SP002996,SP004126,16,ORE,BAL,BTN
SP002996,SP004128,16,ORE,BAL,BTN
SP002998,SP003768,17,HLC,EDB,EDB
SP002998,SP003770,7,HLC,EDB,BHG
SP002998,SP003773,7,HLC,EDB,ADR
SP002998,SP003782,10,HLC,EDB,EDB
SP002999,SP003103,10,ABX,HAY,MAI
SP002999,SP003106,10,ABX,HAY,MAI
SP002999,SP003119,10,ABX,HAY,MAI
SP002999,SP003182,10,ABX,HAY,RDG
SP002999,SP003185,10,ABX,HAY,RDG
SP002999,SP003186,10,ABX,HAY,RDG
SP002999,SP003204,16,ABX,HAY,RDG
SP002999,SP003273,16,ABX,HAY,HWV
SP002999,SP003280,13,ABX,HAY,HWV
SP002999,SP003602,10,ABX,HAY,MAI
SP002999,SP003716,10,ABX,HAY,PDX
SP002999,SP003730,10,ABX,HAY,HWV
SP003000,SP003147,7,ORE,BAK,BTN
SP003000,SP003149,7,ORE,BAK,BTN
SP003000,SP003552,14,ORE,BAK,PLG
SP003000,SP004120,5,ORE,BAK,BTN
SP003000,SP004126,16,ORE,BAK,BTN
SP003000,SP004128,16,ORE,BAK,BTN
SP003001,SP003003,22,DMR,CUB,MTH
SP003001,SP003916,8,DMR,CUB,EDB
SP003001,SP004206,8,DMR,CUB,EDB
SP003001,SP004235,15,DMR,CUB,CRS
SP003003,SP003916,8,DMR,MTH,EDB
SP003003,SP004206,8,DMR,MTH,EDB
SP003003,SP004235,15,DMR,MTH,CRS
SP003005,SP004001,8,CLT,COL,LST
SP003005,SP004366,8,CLT,COL,LST
SP003006,SP003014,21,BAL,ORE,HGS
SP003006,SP003026,9,BAL,ORE,LIT
SP003006,SP003130,9,BAL,ORE,WRH
SP003006,SP003179,5,BAL,ORE,TBD
SP003006,SP003294,8,BAL,ORE,HRH
SP003006,SP003298,8,BAL,ORE,CCH
SP003006,SP003454,3,BAL,ORE,ORE
SP003006,SP003675,9,BAL,ORE,WRH
SP003006,SP003677,11,BAL,ORE,WRH
SP003006,SP003756,5,BAL,ORE,BTN
SP003006,SP004020,7,BAL,ORE,GTW
SP003006,SP004086,6,BAL,ORE,WRH
SP003008,SP003650,21,MLN,CUB,MTH
SP003008,SP003901,7,MLN,CUB,ADR
SP003008,SP003907,7,MLN,CUB,EDB
SP003008,SP003909,7,MLN,CUB,EDB
SP003008,SP003912,7,MLN,CUB,BHG
SP003008,SP004222,14,MLN,CUB,MTH
SP003008,SP004290,7,MLN,CUB,SPR
SP003009,SP003473,8,HYN,BHG,BHG
SP003009,SP003894,8,HYN,BHG,EDB
SP003009,SP004289,6,HYN,BHG,SPR
SP003011,SP003864,17,LRH,MLN,GRS
SP003014,SP003026,9,BAL,HGS,LIT
SP003014,SP003130,9,BAL,HGS,WRH
SP003014,SP003179,5,BAL,HGS,TBD
SP003014,SP003294,8,BAL,HGS,HRH
SP003014,SP003298,8,BAL,HGS,CCH
SP003014,SP003454,3,BAL,HGS,ORE
SP003014,SP003675,9,BAL,HGS,WRH
SP003014,SP003677,11,BAL,HGS,WRH
SP003014,SP003756,5,BAL,HGS,BTN
SP003014,SP004020,7,BAL,HGS,GTW
SP003014,SP004086,6,BAL,HGS,WRH
SP003016,SP003022,3,LAN,MCM,HHB
SP003017,SP003597,10,GDP,HAF,LST
SP003017,SP003816,16,GDP,HAF,PDX
SP003018,SP003357,5,LET,KGX,KGX
SP003018,SP003503,5,LET,KGX,KGX
SP003018,SP003806,3,LET,KGX,KGX
SP003019,SP004414,5,SUO,BDM,BAL
SP003020,SP004219,4,LUT,SUO,GTW
SP003023,SP003346,3,BHM,CRE,EDB
SP003023,SP003786,3,BHM,CRE,HHD
SP003023,SP003972,6,BHM,CRE,SHR
SP003023,SP004019,3,BHM,CRE,GLC
SP003024,SP003027,3,ORP,CHX,WHP
SP003024,SP003107,9,ORP,CHX,CST
SP003025,SP003287,7,CBG,KGX,KGX
SP003025,SP003515,12,CBG,KGX,KGX
SP003025,SP003587,4,CBG,KGX,KGX
SP003025,SP003931,3,CBG,KGX,LST
SP003025,SP003936,3,CBG,KGX,LST
SP003025,SP003938,3,CBG,KGX,LST
SP003025,SP004008,4,CBG,KGX,KGX
SP003025,SP004071,3,CBG,KGX,LST
SP003025,SP004164,3,CBG,KGX,LST
SP003025,SP004166,3,CBG,KGX,LST
SP003025,SP004168,3,CBG,KGX,LST
SP003025,SP004225,3,CBG,KGX,SRA
SP003025,SP004481,4,CBG,KGX,BTN
SP003025,SP004568,3,CBG,KGX,LST
SP003025,SP004632,3,CBG,KGX,BIS
SP003026,SP003130,11,BAL,LIT,WRH
SP003026,SP003179,5,BAL,LIT,TBD
SP003026,SP003294,8,BAL,LIT,HRH
SP003026,SP003298,8,BAL,LIT,CCH
SP003026,SP003454,3,BAL,LIT,ORE
SP003026,SP003675,11,BAL,LIT,WRH
SP003026,SP003677,9,BAL,LIT,WRH
SP003026,SP003756,5,BAL,LIT,BTN
SP003026,SP004020,7,BAL,LIT,GTW
SP003026,SP004086,6,BAL,LIT,WRH
SP003027,SP003107,3,ORP,WHP,CST
SP003028,SP003519,10,WVH,GLC,GLC
SP003030,SP003175,6,KGX,WGC,HFN
SP003030,SP003176,3,KGX,WGC,RYS
SP003030,SP003225,3,KGX,WGC,WGC
SP003030,SP003254,3,KGX,WGC,PBO
SP003030,SP003540,3,KGX,WGC,GLQ
SP003030,SP003600,3,KGX,WGC,CBG
SP003030,SP003658,3,KGX,WGC,ELY
SP003030,SP003667,3,KGX,WGC,YRK
SP003030,SP003669,3,KGX,WGC,INV
SP003030,SP003855,3,KGX,WGC,ABD
SP003030,SP003859,3,KGX,WGC,LDS
SP003030,SP004237,12,KGX,WGC,PBO
SP003031,SP003036,8,EUS,MAN,BHM
SP003031,SP003114,13,EUS,MAN,LIV
SP003031,SP003191,17,EUS,MAN,BPN
SP003031,SP003207,17,EUS,MAN,LIV
SP003031,SP003300,17,EUS,MAN,WRX
SP003031,SP003360,13,EUS,MAN,EDB
SP003031,SP003475,11,EUS,MAN,WVH
SP003031,SP003568,10,EUS,MAN,WVH
SP003031,SP003958,13,EUS,MAN,INV
SP003031,SP004012,11,EUS,MAN,GLC
SP003031,SP004017,15,EUS,MAN,PRE
SP003031,SP004025,17,EUS,MAN,PRE
SP003031,SP004034,13,EUS,MAN,CRE
SP003031,SP004036,10,EUS,MAN,GLC
SP003031,SP004111,10,EUS,MAN,GLC
SP003031,SP004121,4,EUS,MAN,NMP
SP003031,SP004127,4,EUS,MAN,NMP
SP003031,SP004131,5,EUS,MAN,BHM
SP003031,SP004188,15,EUS,MAN,CRE
SP003031,SP004207,13,EUS,MAN,CRE
SP003031,SP004232,10,EUS,MAN,INV
SP003031,SP004384,13,EUS,MAN,WVH
SP003031,SP004399,17,EUS,MAN,GLC
SP003031,SP004433,8,EUS,MAN,NMP
SP003031,SP004516,17,EUS,MAN,GLC
SP003031,SP004529,5,EUS,MAN,BHM
SP003032,SP003290,8,BAK,HRH,DKG
SP003035,SP003038,3,PMH,NEM,NEM
SP003035,SP003439,4,PMH,NEM,GLD
SP003035,SP003455,3,PMH,NEM,CDF
SP003035,SP003498,3,PMH,NEM,WSB
SP003035,SP003509,3,PMH,NEM,NEM
SP003035,SP003511,15,PMH,NEM,NEM
SP003035,SP003545,11,PMH,NEM,NEM
SP003035,SP003547,4,PMH,NEM,GTW
SP003035,SP004502,3,PMH,NEM,BRI
SP003036,SP003114,8,EUS,BHM,LIV
SP003036,SP003191,8,EUS,BHM,BPN
SP003036,SP003207,8,EUS,BHM,LIV
SP003036,SP003300,8,EUS,BHM,WRX
SP003036,SP003360,8,EUS,BHM,EDB
SP003036,SP003475,8,EUS,BHM,WVH
SP003036,SP003568,8,EUS,BHM,WVH
SP003036,SP003958,8,EUS,BHM,INV
SP003036,SP004012,8,EUS,BHM,GLC
SP003036,SP004017,8,EUS,BHM,PRE
SP003036,SP004025,8,EUS,BHM,PRE
SP003036,SP004034,8,EUS,BHM,CRE
SP003036,SP004036,8,EUS,BHM,GLC
SP003036,SP004111,8,EUS,BHM,GLC
SP003036,SP004121,4,EUS,BHM,NMP
SP003036,SP004127,4,EUS,BHM,NMP
SP003036,SP004131,5,EUS,BHM,BHM
SP003036,SP004188,8,EUS,BHM,CRE
SP003036,SP004207,8,EUS,BHM,CRE
SP003036,SP004232,8,EUS,BHM,INV
SP003036,SP004384,8,EUS,BHM,WVH
SP003036,SP004399,8,EUS,BHM,GLC
SP003036,SP004433,14,EUS,BHM,NMP
SP003036,SP004516,8,EUS,BHM,GLC
SP003036,SP004529,5,EUS,BHM,BHM
SP003037,SP003133,6,TBD,BDM,RDH
SP003037,SP003137,3,TBD,BDM,BDM
SP003037,SP003629,8,TBD,BDM,BDM
SP003037,SP004196,20,TBD,BDM,BDM
SP003038,SP003439,3,PMH,NEM,GLD
SP003038,SP003455,3,PMH,NEM,CDF
SP003038,SP003498,3,PMH,NEM,WSB
SP003038,SP003509,5,PMH,NEM,NEM
SP003038,SP003511,3,PMH,NEM,NEM
SP003038,SP003545,3,PMH,NEM,NEM
SP003038,SP003547,3,PMH,NEM,GTW
SP003038,SP004502,3,PMH,NEM,BRI
SP003039,SP003329,11,CRE,NMP,RUG
SP003040,SP003132,17,BDM,TBD,TBD
SP003040,SP003389,8,BDM,TBD,BTN
SP003040,SP003401,8,BDM,TBD,BTN
SP003040,SP003491,8,BDM,TBD,BTN
SP003040,SP003627,17,BDM,TBD,TBD
SP003040,SP003758,8,BDM,TBD,BTN
SP003040,SP003861,17,BDM,TBD,BTN
SP003040,SP003865,24,BDM,TBD,BTN
SP003040,SP004203,17,BDM,TBD,BTN
SP003040,SP004204,8,BDM,TBD,BTN
SP003040,SP004596,20,BDM,TBD,TBD
SP003040,SP004598,8,BDM,TBD,BTN
SP003041,SP003526,5,SCA,MAN,MAN
SP003041,SP003531,11,SCA,MAN,MAN
SP003041,SP003736,5,SCA,MAN,MAN
SP003042,SP003146,11,NCL,LIV,LIV
SP003042,SP003157,7,NCL,LIV,YRK
SP003043,SP003045,4,LCN,NOT,NOT
SP003043,SP004038,4,LCN,NOT,STP
SP003044,SP003189,8,MIA,SHF,YRK
SP003044,SP003292,3,MIA,SHF,LAN
SP003044,SP003707,3,MIA,SHF,BPN
SP003044,SP004451,3,MIA,SHF,OXN
SP003044,SP004500,3,MIA,SHF,LIV
SP003045,SP004038,8,LCN,NOT,STP
SP003046,SP003271,3,BHM,EUS,COV
SP003046,SP003882,15,BHM,EUS,MKC
SP003046,SP003967,12,BHM,EUS,NMP
SP003046,SP004063,22,BHM,EUS,EUS
SP003048,SP003058,7,MAN,NCL,HUL
SP003048,SP003072,7,MAN,NCL,SLB
SP003048,SP003074,4,MAN,NCL,YRK
SP003048,SP003075,7,MAN,NCL,YRK
SP003048,SP003134,7,MAN,NCL,NCL
SP003048,SP003279,14,MAN,NCL,YRK
SP003048,SP003960,7,MAN,NCL,YRK
SP003048,SP004027,3,MAN,NCL,RCC
SP003048,SP004138,7,MAN,NCL,DAR
SP003051,SP004490,4,CLE,NOT,LIV
SP003052,SP003082,16,NCL,WTB,NNT
SP003052,SP003092,17,NCL,WTB,GTA
SP003056,SP003723,3,LDS,HUL,YRK
SP003058,SP003072,10,MAN,HUL,SLB
SP003058,SP003074,4,MAN,HUL,YRK
SP003058,SP003075,7,MAN,HUL,YRK
SP003058,SP003134,12,MAN,HUL,NCL
SP003058,SP003279,7,MAN,HUL,YRK
SP003058,SP003960,10,MAN,HUL,YRK
SP003058,SP004027,3,MAN,HUL,RCC
SP003058,SP004138,10,MAN,HUL,DAR
SP003059,SP003378,15,RAM,GLM,XVJ
SP003059,SP004534,10,RAM,GLM,CST
SP003059,SP004587,15,RAM,GLM,XVJ
SP003059,SP004640,15,RAM,GLM,RTR
SP003060,SP003369,5,QPW,WMB,SBP
SP003061,SP003495,13,CDF,MAN,CTR
SP003061,SP003525,5,CDF,MAN,AGV
SP003061,SP003619,11,CDF,MAN,CTR
SP003061,SP003715,3,CDF,MAN,MAN
SP003061,SP004084,11,CDF,MAN,CRE
SP003061,SP004294,17,CDF,MAN,CTR
SP003062,SP004218,5,EGR,WSW,BDM
SP003062,SP004576,12,EGR,WSW,BAK
SP003063,SP003558,3,SVG,KGX,KGX
SP003064,SP003140,4,BTN,ORE,HGS
SP003064,SP004122,5,BTN,ORE,ORE
SP003064,SP004553,5,BTN,ORE,ORE
SP003067,SP003069,6,BTN,SOU,SOU
SP003067,SP003070,17,BTN,SOU,SOU
SP003067,SP003073,21,BTN,SOU,SOU
SP003067,SP003500,8,BTN,SOU,SOU
SP003067,SP004135,19,BTN,SOU,SOU
SP003068,SP003156,4,CHX,HYS,CST
SP003068,SP003188,4,CHX,HYS,ORP
SP003068,SP003200,3,CHX,HYS,TBW
SP003068,SP003315,4,CHX,HYS,GRV
SP003068,SP003387,3,CHX,HYS,DVP
SP003068,SP003400,3,CHX,HYS,RAM
SP003068,SP003760,4,CHX,HYS,GRV
SP003068,SP004546,3,CHX,HYS,HGS
SP003068,SP004547,3,CHX,HYS,HGS
SP003068,SP004549,3,CHX,HYS,HGS
SP003068,SP004551,3,CHX,HYS,HGS
SP003069,SP003070,6,BTN,SOU,SOU
SP003069,SP003073,6,BTN,SOU,SOU
SP003069,SP003500,6,BTN,SOU,SOU
SP003069,SP004135,6,BTN,SOU,SOU
SP003070,SP003073,17,BTN,SOU,SOU
SP003070,SP003500,8,BTN,SOU,SOU
SP003070,SP004135,17,BTN,SOU,SOU
SP003072,SP003074,4,MAN,SLB,YRK
SP003072,SP003075,7,MAN,SLB,YRK
SP003072,SP003134,10,MAN,SLB,NCL
SP003072,SP003279,7,MAN,SLB,YRK
SP003072,SP003960,14,MAN,SLB,YRK
SP003072,SP004027,3,MAN,SLB,RCC
SP003072,SP004138,16,MAN,SLB,DAR
SP003073,SP003500,8,BTN,SOU,SOU
SP003073,SP004135,19,BTN,SOU,SOU
SP003074,SP003075,4,MAN,YRK,YRK
SP003074,SP003134,4,MAN,YRK,NCL
SP003074,SP003279,4,MAN,YRK,YRK
SP003074,SP003960,4,MAN,YRK,YRK
SP003074,SP004027,3,MAN,YRK,RCC
SP003074,SP004138,4,MAN,YRK,DAR
SP003075,SP003134,7,MAN,YRK,NCL
SP003075,SP003279,7,MAN,YRK,YRK
SP003075,SP003960,7,MAN,YRK,YRK
SP003075,SP004027,3,MAN,YRK,RCC
SP003075,SP004138,7,MAN,YRK,DAR
SP003076,SP003145,4,MAN,SHF,FGH
SP003078,SP003564,10,HUL,LDS,YRK
SP003078,SP003671,4,HUL,LDS,SHF
SP003078,SP004285,4,HUL,LDS,DON
SP003078,SP004286,4,HUL,LDS,DON
SP003078,SP004292,6,HUL,LDS,DON
SP003080,SP003407,3,YRK,LDS,BDT
SP003080,SP003873,3,YRK,LDS,SHF
SP003080,SP004221,7,YRK,LDS,BPN
SP003081,SP003296,3,BEV,HUL,KGX
SP003081,SP003299,3,BEV,HUL,KGX
SP003082,SP003092,16,NCL,NNT,GTA
SP003083,SP003125,3,YRK,MAN,MAN
SP003083,SP003268,3,YRK,MAN,MIA
SP003083,SP003606,3,YRK,MAN,MAN
SP003083,SP003607,3,YRK,MAN,LDS
SP003084,SP003086,3,HUL,SCA,BEV
SP003088,SP003551,7,BDT,HUL,YRK
SP003088,SP003553,7,BDT,HUL,YRK
SP003088,SP003555,4,BDT,HUL,YRK
SP003088,SP003565,7,BDT,HUL,YRK
SP003088,SP003567,4,BDT,HUL,YRK
SP003088,SP004368,7,BDT,HUL,YRK
SP003089,SP003111,3,LIV,WAC,EUS
SP003089,SP003115,5,LIV,WAC,NOT
SP003089,SP003496,5,LIV,WAC,SHF
SP003089,SP003657,5,LIV,WAC,NCL
SP003089,SP004026,3,LIV,WAC,CRE
SP003089,SP004143,5,LIV,WAC,NRW
SP003089,SP004261,5,LIV,WAC,DON
SP003089,SP004268,5,LIV,WAC,MIA
SP003089,SP004269,5,LIV,WAC,NRW
SP003090,SP003153,9,SPX,FAV,AFK
SP003090,SP004271,20,SPX,FAV,RAM
SP003090,SP004291,20,SPX,FAV,MAR
SP003090,SP004348,9,SPX,FAV,MAR
SP003090,SP004380,8,SPX,FAV,MAR
SP003090,SP004392,9,SPX,FAV,DVP
SP003090,SP004396,9,SPX,FAV,RAM
SP003090,SP004435,12,SPX,FAV,MDW
SP003094,SP003127,18,BTN,SOU,PMS
SP003094,SP003307,11,BTN,SOU,HAV
SP003094,SP004227,18,BTN,SOU,CCH
SP003094,SP004230,11,BTN,SOU,CCH
SP003096,SP003274,3,MCO,WGN,SOP
SP003096,SP003668,3,MCO,WGN,SOP
SP003098,SP003293,16,SOU,BTN,HRH
SP003098,SP003682,17,SOU,BTN,BTN
SP003098,SP004200,10,SOU,BTN,BTN
SP003098,SP004202,7,SOU,BTN,BTN
SP003098,SP004208,19,SOU,BTN,BTN
SP003099,SP003129,4,LIV,WGN,BPN
SP003099,SP003233,5,LIV,WGN,MIA
SP003099,SP004055,4,LIV,WGN,WGN
SP003099,SP004077,9,LIV,WGN,NCL
SP003099,SP004375,4,LIV,WGN,WGN
SP003100,SP003504,10,BIF,MIA,MIA
SP003101,SP004256,6,MLM,MIA,BIF
SP003102,SP004241,5,BIF,MIA,LAN
SP003102,SP004592,14,BIF,MIA,MIA
SP003103,SP003106,19,ABX,MAI,MAI
SP003103,SP003119,11,ABX,MAI,MAI
SP003103,SP003182,13,ABX,MAI,RDG
SP003103,SP003185,15,ABX,MAI,RDG
SP003103,SP003186,19,ABX,MAI,RDG
SP003103,SP003204,10,ABX,MAI,RDG
SP003103,SP003273,10,ABX,MAI,HWV
SP003103,SP003280,10,ABX,MAI,HWV
SP003103,SP003602,18,ABX,MAI,MAI
SP003103,SP003716,10,ABX,MAI,PDX
SP003103,SP003730,14,ABX,MAI,HWV
SP003104,SP003512,3,LDS,HUL,SBY
SP003104,SP003529,3,LDS,HUL,YRK
SP003104,SP003571,3,LDS,HUL,HUL
SP003105,SP003331,10,WVH,BHM,EUS
SP003106,SP003119,11,ABX,MAI,MAI
SP003106,SP003182,13,ABX,MAI,RDG
SP003106,SP003185,15,ABX,MAI,RDG
SP003106,SP003186,21,ABX,MAI,RDG
SP003106,SP003204,10,ABX,MAI,RDG
SP003106,SP003273,10,ABX,MAI,HWV
SP003106,SP003280,10,ABX,MAI,HWV
SP003106,SP003602,18,ABX,MAI,MAI
SP003106,SP003716,10,ABX,MAI,PDX
SP003106,SP003730,14,ABX,MAI,HWV
SP003108,SP003868,3,SHR,CDF,LLO
SP003109,SP003123,3,NEM,YVJ,PMH
SP003109,SP003518,3,NEM,YVJ,AON
SP003109,SP003844,5,NEM,YVJ,BMH
SP003109,SP003846,5,NEM,YVJ,BMH
SP003109,SP003849,5,NEM,YVJ,BMH
SP003109,SP003851,5,NEM,YVJ,SOU
SP003109,SP003871,4,NEM,YVJ,SAL
SP003109,SP003917,4,NEM,YVJ,BMH
SP003109,SP003939,3,NEM,YVJ,PTR
SP003109,SP004198,5,NEM,YVJ,POO
SP003110,SP004265,3,LAN,LDS,BIF
SP003110,SP004267,3,LAN,LDS,MLM
SP003110,SP004355,3,LAN,LDS,MCM
SP003111,SP003115,3,LIV,EUS,NOT
SP003111,SP003496,3,LIV,EUS,SHF
SP003111,SP003657,3,LIV,EUS,NCL
SP003111,SP004026,9,LIV,EUS,CRE
SP003111,SP004143,3,LIV,EUS,NRW
SP003111,SP004261,3,LIV,EUS,DON
SP003111,SP004268,3,LIV,EUS,MIA
SP003111,SP004269,3,LIV,EUS,NRW
SP003112,SP003228,3,XSU,CAT,ECR
SP003112,SP003249,3,XSU,CAT,ECR
SP003112,SP003838,3,XSU,CAT,CAT
SP003113,SP003820,8,TPB,FST,FST
SP003113,SP003829,8,TPB,FST,FST
SP003113,SP003852,8,TPB,FST,FST
SP003113,SP003997,12,TPB,FST,FST
SP003113,SP004132,8,TPB,FST,FST
SP003114,SP003191,13,EUS,LIV,BPN
SP003114,SP003207,13,EUS,LIV,LIV
SP003114,SP003300,13,EUS,LIV,WRX
SP003114,SP003360,21,EUS,LIV,EDB
SP003114,SP003475,11,EUS,LIV,WVH
SP003114,SP003568,10,EUS,LIV,WVH
SP003114,SP003958,17,EUS,LIV,INV
SP003114,SP004012,11,EUS,LIV,GLC
SP003114,SP004017,13,EUS,LIV,PRE
SP003114,SP004025,13,EUS,LIV,PRE
SP003114,SP004034,21,EUS,LIV,CRE
SP003114,SP004036,10,EUS,LIV,GLC
SP003114,SP004111,10,EUS,LIV,GLC
SP003114,SP004121,4,EUS,LIV,NMP
SP003114,SP004127,4,EUS,LIV,NMP
SP003114,SP004131,5,EUS,LIV,BHM
SP003114,SP004188,13,EUS,LIV,CRE
SP003114,SP004207,21,EUS,LIV,CRE
SP003114,SP004232,10,EUS,LIV,INV
SP003114,SP004384,20,EUS,LIV,WVH
SP003114,SP004399,13,EUS,LIV,GLC
SP003114,SP004433,8,EUS,LIV,NMP
SP003114,SP004516,13,EUS,LIV,GLC
SP003114,SP004529,5,EUS,LIV,BHM
SP003115,SP003496,5,LIV,NOT,SHF
SP003115,SP003657,5,LIV,NOT,NCL
SP003115,SP004026,3,LIV,NOT,CRE
SP003115,SP004143,15,LIV,NOT,NRW
SP003115,SP004261,5,LIV,NOT,DON
SP003115,SP004268,5,LIV,NOT,MIA
SP003115,SP004269,13,LIV,NOT,NRW
SP003117,SP003278,3,TBW,CHX,TON
SP003117,SP003458,5,TBW,CHX,CST
SP003119,SP003182,11,ABX,MAI,RDG
SP003119,SP003185,11,ABX,MAI,RDG
SP003119,SP003186,11,ABX,MAI,RDG
SP003119,SP003204,10,ABX,MAI,RDG
SP003119,SP003273,10,ABX,MAI,HWV
SP003119,SP003280,10,ABX,MAI,HWV
SP003119,SP003602,11,ABX,MAI,MAI
SP003119,SP003716,10,ABX,MAI,PDX
SP003119,SP003730,11,ABX,MAI,HWV
SP003120,SP003173,13,HHD,EUS,CTR
SP003120,SP003340,16,HHD,EUS,EUS
SP003120,SP003359,13,HHD,EUS,CDF
SP003120,SP003586,4,HHD,EUS,CTR
SP003120,SP004015,15,HHD,EUS,BHM
SP003122,SP003314,4,CST,CST,RTR
SP003122,SP003425,6,CST,CST,TON
SP003122,SP003479,4,CST,CST,ORP
SP003122,SP004537,6,CST,CST,DVP
SP003122,SP004538,6,CST,CST,RAM
SP003123,SP003518,3,NEM,PMH,AON
SP003123,SP003844,3,NEM,PMH,BMH
SP003123,SP003846,3,NEM,PMH,BMH
SP003123,SP003849,3,NEM,PMH,BMH
SP003123,SP003851,3,NEM,PMH,SOU
SP003123,SP003871,3,NEM,PMH,SAL
SP003123,SP003917,3,NEM,PMH,BMH
SP003123,SP003939,12,NEM,PMH,PTR
SP003123,SP004198,3,NEM,PMH,POO
SP003124,SP003592,13,CTR,HHD,HHD
SP003125,SP003268,5,YRK,MAN,MIA
SP003125,SP003606,5,YRK,MAN,MAN
SP003125,SP003607,5,YRK,MAN,LDS
SP003126,SP003202,4,LST,COL,COL
SP003126,SP003205,5,LST,COL,CLT
SP003126,SP003297,4,LST,COL,SOV
SP003126,SP003598,6,LST,COL,GDP
SP003126,SP003738,5,LST,COL,HWC
SP003126,SP003741,5,LST,COL,HPQ
SP003126,SP003743,5,LST,COL,HPQ
SP003126,SP003905,5,LST,COL,WTM
SP003126,SP003908,5,LST,COL,WTM
SP003126,SP003910,5,LST,COL,BTR
SP003126,SP003922,5,LST,COL,COL
SP003126,SP003923,5,LST,COL,COL
SP003126,SP003926,5,LST,COL,COL
SP003126,SP003947,5,LST,COL,SMN
SP003126,SP003948,5,LST,COL,SOV
SP003126,SP003999,5,LST,COL,CLT
SP003126,SP004024,5,LST,COL,CLT
SP003126,SP004028,5,LST,COL,CLT
SP003126,SP004029,5,LST,COL,CLT
SP003126,SP004039,5,LST,COL,CLT
SP003126,SP004049,5,LST,COL,IPS
SP003126,SP004050,5,LST,COL,IPS
SP003126,SP004053,5,LST,COL,IPS
SP003126,SP004153,5,LST,COL,WTM
SP003126,SP004622,4,LST,COL,SOV
SP003127,SP003307,11,BTN,PMS,HAV
SP003127,SP004227,18,BTN,PMS,CCH
SP003127,SP004230,11,BTN,PMS,CCH
SP003129,SP003233,4,LIV,BPN,MIA
SP003129,SP004055,4,LIV,BPN,WGN
SP003129,SP004077,4,LIV,BPN,NCL
SP003129,SP004375,4,LIV,BPN,WGN
SP003130,SP003179,5,BAL,WRH,TBD
SP003130,SP003294,8,BAL,WRH,HRH
SP003130,SP003298,8,BAL,WRH,CCH
SP003130,SP003454,3,BAL,WRH,ORE
SP003130,SP003675,12,BAL,WRH,WRH
SP003130,SP003677,9,BAL,WRH,WRH
SP003130,SP003756,5,BAL,WRH,BTN
SP003130,SP004020,7,BAL,WRH,GTW
SP003130,SP004086,6,BAL,WRH,WRH
SP003131,SP003430,4,BDW,RDG,PAD
SP003131,SP004571,4,BDW,RDG,PAD
SP003132,SP003389,8,BDM,TBD,BTN
SP003132,SP003401,8,BDM,TBD,BTN
SP003132,SP003491,8,BDM,TBD,BTN
SP003132,SP003627,19,BDM,TBD,TBD
SP003132,SP003758,8,BDM,TBD,BTN
SP003132,SP003861,23,BDM,TBD,BTN
SP003132,SP003865,17,BDM,TBD,BTN
SP003132,SP004203,28,BDM,TBD,BTN
SP003132,SP004204,8,BDM,TBD,BTN
SP003132,SP004596,17,BDM,TBD,TBD
SP003132,SP004598,8,BDM,TBD,BTN
SP003133,SP003137,3,TBD,RDH,BDM
SP003133,SP003629,6,TBD,RDH,BDM
SP003133,SP004196,6,TBD,RDH,BDM
SP003134,SP003279,7,MAN,NCL,YRK
SP003134,SP003960,10,MAN,NCL,YRK
SP003134,SP004027,3,MAN,NCL,RCC
SP003134,SP004138,10,MAN,NCL,DAR
SP003135,SP003138,7,HGS,BTN,BTN
SP003135,SP003142,21,HGS,BTN,BTN
SP003135,SP003144,20,HGS,BTN,BTN
SP003135,SP003530,6,HGS,BTN,BTN
SP003135,SP004099,3,HGS,BTN,TON
SP003135,SP004555,3,HGS,BTN,CHX
SP003135,SP004566,3,HGS,BTN,CST
SP003136,SP003211,4,XVJ,DVP,GLM
SP003136,SP003333,3,XVJ,DVP,GLM
SP003136,SP003609,3,XVJ,DVP,DVP
SP003137,SP003629,3,TBD,BDM,BDM
SP003137,SP004196,3,TBD,BDM,BDM
SP003138,SP003142,7,HGS,BTN,BTN
SP003138,SP003144,7,HGS,BTN,BTN
SP003138,SP003530,6,HGS,BTN,BTN
SP003138,SP004099,3,HGS,BTN,TON
SP003138,SP004555,3,HGS,BTN,CHX
SP003138,SP004566,3,HGS,BTN,CST
SP003139,SP003638,3,RAY,GLD,PMH
SP003139,SP003679,6,RAY,GLD,SOU
SP003140,SP004122,4,BTN,HGS,ORE
SP003140,SP004553,4,BTN,HGS,ORE
SP003141,SP003395,10,BTN,BDM,BDM
SP003141,SP003399,10,BTN,BDM,BDM
SP003141,SP003546,5,BTN,BDM,BAL
SP003141,SP003588,11,BTN,BDM,BDM
SP003141,SP003809,10,BTN,BDM,WSW
SP003141,SP003989,5,BTN,BDM,BAK
SP003141,SP004194,11,BTN,BDM,BDM
SP003141,SP004487,10,BTN,BDM,BDM
SP003141,SP004582,10,BTN,BDM,BDM
SP003142,SP003144,20,HGS,BTN,BTN
SP003142,SP003530,6,HGS,BTN,BTN
SP003142,SP004099,3,HGS,BTN,TON
SP003142,SP004555,3,HGS,BTN,CHX
SP003142,SP004566,3,HGS,BTN,CST
SP003143,SP003150,5,BTN,HGS,ORE
SP003143,SP004123,5,BTN,HGS,ORE
SP003143,SP004124,5,BTN,HGS,ORE
SP003144,SP003530,6,HGS,BTN,BTN
SP003144,SP004099,3,HGS,BTN,TON
SP003144,SP004555,3,HGS,BTN,CHX
SP003144,SP004566,3,HGS,BTN,CST
SP003146,SP003157,7,NCL,LIV,YRK
SP003147,SP003149,20,ORE,BTN,BTN
SP003147,SP003552,7,ORE,BTN,PLG
SP003147,SP004120,5,ORE,BTN,BTN
SP003147,SP004126,7,ORE,BTN,BTN
SP003147,SP004128,7,ORE,BTN,BTN
SP003149,SP003552,7,ORE,BTN,PLG
SP003149,SP004120,5,ORE,BTN,BTN
SP003149,SP004126,7,ORE,BTN,BTN
SP003149,SP004128,7,ORE,BTN,BTN
SP003150,SP004123,12,BTN,ORE,ORE
SP003150,SP004124,12,BTN,ORE,ORE
SP003152,SP003155,11,XVJ,RAM,GLM
SP003152,SP003334,8,XVJ,RAM,AFK
SP003152,SP003576,13,XVJ,RAM,AFK
SP003152,SP003720,3,XVJ,RAM,RAM
SP003152,SP004649,3,XVJ,RAM,HOV
SP003153,SP004271,9,SPX,AFK,RAM
SP003153,SP004291,9,SPX,AFK,MAR
SP003153,SP004348,16,SPX,AFK,MAR
SP003153,SP004380,8,SPX,AFK,MAR
SP003153,SP004392,16,SPX,AFK,DVP
SP003153,SP004396,16,SPX,AFK,RAM
SP003153,SP004435,9,SPX,AFK,MDW
SP003155,SP003334,8,XVJ,GLM,AFK
SP003155,SP003576,11,XVJ,GLM,AFK
SP003155,SP003720,3,XVJ,GLM,RAM
SP003155,SP004649,3,XVJ,GLM,HOV
SP003156,SP003188,6,CHX,CST,ORP
SP003156,SP003200,3,CHX,CST,TBW
SP003156,SP003315,13,CHX,CST,GRV
SP003156,SP003387,3,CHX,CST,DVP
SP003156,SP003400,3,CHX,CST,RAM
SP003156,SP003760,13,CHX,CST,GRV
SP003156,SP004546,3,CHX,CST,HGS
SP003156,SP004547,3,CHX,CST,HGS
SP003156,SP004549,3,CHX,CST,HGS
SP003156,SP004551,3,CHX,CST,HGS
SP003159,SP003615,13,DVP,CST,CST
SP003159,SP004388,7,DVP,CST,SPX
SP003159,SP004614,4,DVP,CST,SPX
SP003160,SP004462,3,YRK,DAR,RCC
SP003162,SP003245,9,AFK,CHX,CST
SP003162,SP003618,7,AFK,CHX,CHX
SP003163,SP003164,16,RAM,CHX,CHX
SP003163,SP003168,16,RAM,CHX,TON
SP003163,SP003170,10,RAM,CHX,AFK
SP003163,SP003221,3,RAM,CHX,AFK
SP003163,SP003237,3,RAM,CHX,CHX
SP003163,SP003241,3,RAM,CHX,CHX
SP003163,SP004347,10,RAM,CHX,SPX
SP003163,SP004393,3,RAM,CHX,SPX
SP003164,SP003168,16,RAM,CHX,TON
SP003164,SP003170,10,RAM,CHX,AFK
SP003164,SP003221,3,RAM,CHX,AFK
SP003164,SP003237,3,RAM,CHX,CHX
SP003164,SP003241,3,RAM,CHX,CHX
SP003164,SP004347,10,RAM,CHX,SPX
SP003164,SP004393,3,RAM,CHX,SPX
SP003166,SP003187,8,DVP,CHX,CHX
SP003166,SP003232,8,DVP,CHX,AFK
SP003166,SP003255,14,DVP,CHX,CST
SP003166,SP004401,5,DVP,CHX,SPX
SP003167,SP003542,4,GLQ,ABD,KGX
SP003167,SP003986,4,GLQ,ABD,KGX
SP003167,SP004140,4,GLQ,ABD,ALO
SP003167,SP004293,4,GLQ,ABD,ABD
SP003167,SP004297,6,GLQ,ABD,ABD
SP003167,SP004298,6,GLQ,ABD,INV
SP003167,SP004300,8,GLQ,ABD,INV
SP003168,SP003170,10,RAM,TON,AFK
SP003168,SP003221,3,RAM,TON,AFK
SP003168,SP003237,3,RAM,TON,CHX
SP003168,SP003241,3,RAM,TON,CHX
SP003168,SP004347,10,RAM,TON,SPX
SP003168,SP004393,3,RAM,TON,SPX
SP003170,SP003221,3,RAM,AFK,AFK
SP003170,SP003237,3,RAM,AFK,CHX
SP003170,SP003241,3,RAM,AFK,CHX
SP003170,SP004347,10,RAM,AFK,SPX
SP003170,SP004393,3,RAM,AFK,SPX
SP003173,SP003340,13,HHD,CTR,EUS
SP003173,SP003359,13,HHD,CTR,CDF
SP003173,SP003586,4,HHD,CTR,CTR
SP003173,SP004015,13,HHD,CTR,BHM
SP003174,SP003376,6,MOG,LET,WGC
SP003175,SP003176,3,KGX,HFN,RYS
SP003175,SP003225,3,KGX,HFN,WGC
SP003175,SP003254,3,KGX,HFN,PBO
SP003175,SP003540,3,KGX,HFN,GLQ
SP003175,SP003600,3,KGX,HFN,CBG
SP003175,SP003658,3,KGX,HFN,ELY
SP003175,SP003667,3,KGX,HFN,YRK
SP003175,SP003669,3,KGX,HFN,INV
SP003175,SP003855,3,KGX,HFN,ABD
SP003175,SP003859,3,KGX,HFN,LDS
SP003175,SP004237,6,KGX,HFN,PBO
SP003176,SP003225,4,KGX,RYS,WGC
SP003176,SP003254,9,KGX,RYS,PBO
SP003176,SP003540,4,KGX,RYS,GLQ
SP003176,SP003600,4,KGX,RYS,CBG
SP003176,SP003658,13,KGX,RYS,ELY
SP003176,SP003667,9,KGX,RYS,YRK
SP003176,SP003669,4,KGX,RYS,INV
SP003176,SP003855,3,KGX,RYS,ABD
SP003176,SP003859,3,KGX,RYS,LDS
SP003176,SP004237,3,KGX,RYS,PBO
SP003177,SP003364,15,MER,ABA,CDF
SP003178,SP003206,19,FAV,AFK,CHX
SP003178,SP003263,13,FAV,AFK,CHX
SP003178,SP004398,10,FAV,AFK,SPX
SP003179,SP003294,5,BAL,TBD,HRH
SP003179,SP003298,5,BAL,TBD,CCH
SP003179,SP003454,3,BAL,TBD,ORE
SP003179,SP003675,5,BAL,TBD,WRH
SP003179,SP003677,5,BAL,TBD,WRH
SP003179,SP003756,5,BAL,TBD,BTN
SP003179,SP004020,5,BAL,TBD,GTW
SP003179,SP004086,5,BAL,TBD,WRH
SP003180,SP003214,5,PAD,RDG,RDG
SP003181,SP003209,5,CBW,AFK,CHX
SP003182,SP003185,13,ABX,RDG,RDG
SP003182,SP003186,13,ABX,RDG,RDG
SP003182,SP003204,10,ABX,RDG,RDG
SP003182,SP003273,10,ABX,RDG,HWV
SP003182,SP003280,10,ABX,RDG,HWV
SP003182,SP003602,13,ABX,RDG,MAI
SP003182,SP003716,10,ABX,RDG,PDX
SP003182,SP003730,13,ABX,RDG,HWV
SP003185,SP003186,15,ABX,RDG,RDG
SP003185,SP003204,10,ABX,RDG,RDG
SP003185,SP003273,10,ABX,RDG,HWV
SP003185,SP003280,10,ABX,RDG,HWV
SP003185,SP003602,15,ABX,RDG,MAI
SP003185,SP003716,10,ABX,RDG,PDX
SP003185,SP003730,14,ABX,RDG,HWV
SP003186,SP003204,10,ABX,RDG,RDG
SP003186,SP003273,10,ABX,RDG,HWV
SP003186,SP003280,10,ABX,RDG,HWV
SP003186,SP003602,18,ABX,RDG,MAI
SP003186,SP003716,10,ABX,RDG,PDX
SP003186,SP003730,14,ABX,RDG,HWV
SP003187,SP003232,8,DVP,CHX,AFK
SP003187,SP003255,8,DVP,CHX,CST
SP003187,SP004401,5,DVP,CHX,SPX
SP003188,SP003200,3,CHX,ORP,TBW
SP003188,SP003315,6,CHX,ORP,GRV
SP003188,SP003387,3,CHX,ORP,DVP
SP003188,SP003400,3,CHX,ORP,RAM
SP003188,SP003760,6,CHX,ORP,GRV
SP003188,SP004546,3,CHX,ORP,HGS
SP003188,SP004547,3,CHX,ORP,HGS
SP003188,SP004549,3,CHX,ORP,HGS
SP003188,SP004551,3,CHX,ORP,HGS
SP003189,SP003292,3,MIA,YRK,LAN
SP003189,SP003707,3,MIA,YRK,BPN
SP003189,SP004451,3,MIA,YRK,OXN
SP003189,SP004500,3,MIA,YRK,LIV
SP003190,SP003198,3,MYB,AYS,BAN
SP003190,SP003410,8,MYB,AYS,OXF
SP003190,SP003867,3,MYB,AYS,OXF
SP003190,SP004114,3,MYB,AYS,BCS
SP003190,SP004157,3,MYB,AYS,BMO
SP003190,SP004159,7,MYB,AYS,AYS
SP003190,SP004182,8,MYB,AYS,AYS
SP003190,SP004185,3,MYB,AYS,BAN
SP003190,SP004191,3,MYB,AYS,SBJ
SP003190,SP004233,6,MYB,AYS,WRU
SP003190,SP004257,3,MYB,AYS,BMO
SP003190,SP004445,3,MYB,AYS,BAN
SP003190,SP004479,3,MYB,AYS,PRR
SP003190,SP004563,8,MYB,AYS,OXF
SP003190,SP004608,3,MYB,AYS,WCX
SP003190,SP004609,3,MYB,AYS,GER
SP003190,SP004626,3,MYB,AYS,OXF
SP003190,SP004635,6,MYB,AYS,BMO
SP003190,SP004637,8,MYB,AYS,AYS
SP003190,SP004639,3,MYB,AYS,BAN
SP003190,SP004641,3,MYB,AYS,BSW
SP003191,SP003207,20,EUS,BPN,LIV
SP003191,SP003300,19,EUS,BPN,WRX
SP003191,SP003360,13,EUS,BPN,EDB
SP003191,SP003475,11,EUS,BPN,WVH
SP003191,SP003568,10,EUS,BPN,WVH
SP003191,SP003958,13,EUS,BPN,INV
SP003191,SP004012,11,EUS,BPN,GLC
SP003191,SP004017,15,EUS,BPN,PRE
SP003191,SP004025,26,EUS,BPN,PRE
SP003191,SP004034,13,EUS,BPN,CRE
SP003191,SP004036,10,EUS,BPN,GLC
SP003191,SP004111,10,EUS,BPN,GLC
SP003191,SP004121,4,EUS,BPN,NMP
SP003191,SP004127,4,EUS,BPN,NMP
SP003191,SP004131,5,EUS,BPN,BHM
SP003191,SP004188,15,EUS,BPN,CRE
SP003191,SP004207,13,EUS,BPN,CRE
SP003191,SP004232,10,EUS,BPN,INV
SP003191,SP004384,13,EUS,BPN,WVH
SP003191,SP004399,26,EUS,BPN,GLC
SP003191,SP004433,8,EUS,BPN,NMP
SP003191,SP004516,25,EUS,BPN,GLC
SP003191,SP004529,5,EUS,BPN,BHM
SP003198,SP003410,3,MYB,BAN,OXF
SP003198,SP003867,6,MYB,BAN,OXF
SP003198,SP004114,5,MYB,BAN,BCS
SP003198,SP004157,6,MYB,BAN,BMO
SP003198,SP004159,3,MYB,BAN,AYS
SP003198,SP004182,3,MYB,BAN,AYS
SP003198,SP004185,5,MYB,BAN,BAN
SP003198,SP004191,6,MYB,BAN,SBJ
SP003198,SP004233,3,MYB,BAN,WRU
SP003198,SP004257,14,MYB,BAN,BMO
SP003198,SP004445,12,MYB,BAN,BAN
SP003198,SP004479,6,MYB,BAN,PRR
SP003198,SP004563,3,MYB,BAN,OXF
SP003198,SP004608,3,MYB,BAN,WCX
SP003198,SP004609,3,MYB,BAN,GER
SP003198,SP004626,5,MYB,BAN,OXF
SP003198,SP004635,3,MYB,BAN,BMO
SP003198,SP004637,3,MYB,BAN,AYS
SP003198,SP004639,5,MYB,BAN,BAN
SP003198,SP004641,14,MYB,BAN,BSW
SP003199,SP003714,5,PAD,RDG,HWV
SP003199,SP003957,3,PAD,RDG,GFD
SP003200,SP003315,3,CHX,TBW,GRV
SP003200,SP003387,4,CHX,TBW,DVP
SP003200,SP003400,4,CHX,TBW,RAM
SP003200,SP003760,3,CHX,TBW,GRV
SP003200,SP004546,4,CHX,TBW,HGS
SP003200,SP004547,4,CHX,TBW,HGS
SP003200,SP004549,4,CHX,TBW,HGS
SP003200,SP004551,4,CHX,TBW,HGS
SP003201,SP003621,28,PMD,CDF,CDF
SP003201,SP003625,16,PMD,CDF,CDF
SP003201,SP003750,16,PMD,CDF,CDF
SP003201,SP003783,11,PMD,CDF,CMN
SP003202,SP003205,4,LST,COL,CLT
SP003202,SP003297,5,LST,COL,SOV
SP003202,SP003598,4,LST,COL,GDP
SP003202,SP003738,4,LST,COL,HWC
SP003202,SP003741,4,LST,COL,HPQ
SP003202,SP003743,4,LST,COL,HPQ
SP003202,SP003905,4,LST,COL,WTM
SP003202,SP003908,4,LST,COL,WTM
SP003202,SP003910,4,LST,COL,BTR
SP003202,SP003922,4,LST,COL,COL
SP003202,SP003923,4,LST,COL,COL
SP003202,SP003926,4,LST,COL,COL
SP003202,SP003947,4,LST,COL,SMN
SP003202,SP003948,4,LST,COL,SOV
SP003202,SP003999,4,LST,COL,CLT
SP003202,SP004024,4,LST,COL,CLT
SP003202,SP004028,4,LST,COL,CLT
SP003202,SP004029,4,LST,COL,CLT
SP003202,SP004039,4,LST,COL,CLT
SP003202,SP004049,4,LST,COL,IPS
SP003202,SP004050,4,LST,COL,IPS
SP003202,SP004053,4,LST,COL,IPS
SP003202,SP004153,4,LST,COL,WTM
SP003202,SP004622,7,LST,COL,SOV
SP003203,SP003748,13,CDF,CMN,SWA
SP003204,SP003273,16,ABX,RDG,HWV
SP003204,SP003280,13,ABX,RDG,HWV
SP003204,SP003602,10,ABX,RDG,MAI
SP003204,SP003716,10,ABX,RDG,PDX
SP003204,SP003730,10,ABX,RDG,HWV
SP003205,SP003297,4,LST,CLT,SOV
SP003205,SP003598,5,LST,CLT,GDP
SP003205,SP003738,6,LST,CLT,HWC
SP003205,SP003741,6,LST,CLT,HPQ
SP003205,SP003743,6,LST,CLT,HPQ
SP003205,SP003905,6,LST,CLT,WTM
SP003205,SP003908,6,LST,CLT,WTM
SP003205,SP003910,6,LST,CLT,BTR
SP003205,SP003922,6,LST,CLT,COL
SP003205,SP003923,6,LST,CLT,COL
SP003205,SP003926,6,LST,CLT,COL
SP003205,SP003947,6,LST,CLT,SMN
SP003205,SP003948,5,LST,CLT,SOV
SP003205,SP003999,6,LST,CLT,CLT
SP003205,SP004024,6,LST,CLT,CLT
SP003205,SP004028,6,LST,CLT,CLT
SP003205,SP004029,6,LST,CLT,CLT
SP003205,SP004039,6,LST,CLT,CLT
SP003205,SP004049,6,LST,CLT,IPS
SP003205,SP004050,6,LST,CLT,IPS
SP003205,SP004053,6,LST,CLT,IPS
SP003205,SP004153,12,LST,CLT,WTM
SP003205,SP004622,4,LST,CLT,SOV
SP003206,SP003263,13,FAV,CHX,CHX
SP003206,SP004398,10,FAV,CHX,SPX
SP003207,SP003300,19,EUS,LIV,WRX
SP003207,SP003360,13,EUS,LIV,EDB
SP003207,SP003475,11,EUS,LIV,WVH
SP003207,SP003568,10,EUS,LIV,WVH
SP003207,SP003958,13,EUS,LIV,INV
SP003207,SP004012,11,EUS,LIV,GLC
SP003207,SP004017,15,EUS,LIV,PRE
SP003207,SP004025,20,EUS,LIV,PRE
SP003207,SP004034,13,EUS,LIV,CRE
SP003207,SP004036,10,EUS,LIV,GLC
SP003207,SP004111,10,EUS,LIV,GLC
SP003207,SP004121,4,EUS,LIV,NMP
SP003207,SP004127,4,EUS,LIV,NMP
SP003207,SP004131,5,EUS,LIV,BHM
SP003207,SP004188,15,EUS,LIV,CRE
SP003207,SP004207,13,EUS,LIV,CRE
SP003207,SP004232,10,EUS,LIV,INV
SP003207,SP004384,13,EUS,LIV,WVH
SP003207,SP004399,20,EUS,LIV,GLC
SP003207,SP004433,8,EUS,LIV,NMP
SP003207,SP004516,20,EUS,LIV,GLC
SP003207,SP004529,5,EUS,LIV,BHM
SP003208,SP004002,4,LDS,HFX,HFX
SP003211,SP003333,3,XVJ,GLM,GLM
SP003211,SP003609,3,XVJ,GLM,DVP
SP003212,SP004129,7,SHF,STP,DBY
SP003213,SP003322,4,HWV,PAD,ABX
SP003213,SP003522,4,HWV,PAD,SNF
SP003213,SP003636,4,HWV,PAD,PAD
SP003215,SP003217,4,RDG,PAD,PAD
SP003215,SP003309,3,RDG,PAD,ABX
SP003215,SP003338,3,RDG,PAD,ABX
SP003215,SP003363,3,RDG,PAD,ABX
SP003215,SP003393,3,RDG,PAD,ABX
SP003215,SP003446,3,RDG,PAD,ABX
SP003215,SP003596,3,RDG,PAD,PAD
SP003215,SP003755,4,RDG,PAD,PAD
SP003215,SP004040,3,RDG,PAD,PAD
SP003215,SP004520,3,RDG,PAD,PAD
SP003215,SP004629,5,RDG,PAD,PAD
SP003215,SP004630,4,RDG,PAD,PAD
SP003216,SP003635,4,MAN,GLC,CTR
SP003217,SP003309,3,RDG,PAD,ABX
SP003217,SP003338,3,RDG,PAD,ABX
SP003217,SP003363,3,RDG,PAD,ABX
SP003217,SP003393,3,RDG,PAD,ABX
SP003217,SP003446,3,RDG,PAD,ABX
SP003217,SP003596,3,RDG,PAD,PAD
SP003217,SP003755,4,RDG,PAD,PAD
SP003217,SP004040,3,RDG,PAD,PAD
SP003217,SP004520,3,RDG,PAD,PAD
SP003217,SP004629,4,RDG,PAD,PAD
SP003217,SP004630,4,RDG,PAD,PAD
SP003218,SP003252,8,RAM,AFK,AFK
SP003218,SP003664,15,RAM,AFK,CHX
SP003218,SP004404,12,RAM,AFK,SPX
SP003218,SP004618,12,RAM,AFK,SPX
SP003221,SP003237,16,RAM,AFK,CHX
SP003221,SP003241,16,RAM,AFK,CHX
SP003221,SP004347,3,RAM,AFK,SPX
SP003221,SP004393,13,RAM,AFK,SPX
SP003224,SP003409,4,BRI,WEY,PMH
SP003224,SP003532,4,BRI,WEY,SAL
SP003225,SP003254,4,KGX,WGC,PBO
SP003225,SP003540,4,KGX,WGC,GLQ
SP003225,SP003600,4,KGX,WGC,CBG
SP003225,SP003658,4,KGX,WGC,ELY
SP003225,SP003667,4,KGX,WGC,YRK
SP003225,SP003669,4,KGX,WGC,INV
SP003225,SP003855,3,KGX,WGC,ABD
SP003225,SP003859,3,KGX,WGC,LDS
SP003225,SP004237,3,KGX,WGC,PBO
SP003226,SP004238,3,DID,RDG,PAD
SP003226,SP004296,6,DID,RDG,PAD
SP003226,SP004581,6,DID,RDG,PAD
SP003228,SP003249,3,XSU,ECR,ECR
SP003228,SP003838,11,XSU,ECR,CAT
SP003232,SP003255,8,DVP,AFK,CST
SP003232,SP004401,5,DVP,AFK,SPX
SP003233,SP004055,4,LIV,MIA,WGN
SP003233,SP004077,5,LIV,MIA,NCL
SP003233,SP004375,4,LIV,MIA,WGN
SP003235,SP003238,8,GCR,WEY,WEY
SP003235,SP003501,8,GCR,WEY,WEY
SP003235,SP004094,5,GCR,WEY,PLY
SP003235,SP004403,5,GCR,WEY,BRI
SP003237,SP003241,22,RAM,CHX,CHX
SP003237,SP004347,3,RAM,CHX,SPX
SP003237,SP004393,13,RAM,CHX,SPX
SP003238,SP003501,9,GCR,WEY,WEY
SP003238,SP004094,5,GCR,WEY,PLY
SP003238,SP004403,5,GCR,WEY,BRI
SP003241,SP004347,3,RAM,CHX,SPX
SP003241,SP004393,13,RAM,CHX,SPX
SP003242,SP003437,5,GMV,BRI,PAD
SP003243,SP003281,8,GLM,XVJ,BFR
SP003243,SP004531,12,GLM,XVJ,CST
SP003243,SP004536,5,GLM,XVJ,CST
SP003244,SP004052,8,RDG,NBY,BDW
SP003245,SP003618,7,AFK,CST,CHX
SP003248,SP004612,3,TON,CHX,CHX
SP003249,SP003838,3,XSU,ECR,CAT
SP003250,SP003562,20,EDB,EUS,EUS
SP003250,SP003639,3,EDB,EUS,GLC
SP003250,SP003808,3,EDB,EUS,GLC
SP003250,SP003970,34,EDB,EUS,EUS
SP003250,SP004263,14,EDB,EUS,MIA
SP003250,SP004448,3,EDB,EUS,GLC
SP003250,SP004456,3,EDB,EUS,GLC
SP003251,SP003381,6,NOT,CRE,CDF
SP003251,SP003404,3,NOT,CRE,LEI
SP003251,SP004260,3,NOT,CRE,STP
SP003252,SP003664,8,RAM,AFK,CHX
SP003252,SP004404,8,RAM,AFK,SPX
SP003252,SP004618,8,RAM,AFK,SPX
SP003253,SP003266,8,MAN,EUS,EUS
SP003253,SP003377,8,MAN,EUS,SOU
SP003253,SP003485,3,MAN,EUS,CDF
SP003253,SP003488,3,MAN,EUS,CDF
SP003253,SP003492,3,MAN,EUS,CRE
SP003253,SP003590,3,MAN,EUS,FGH
SP003253,SP003617,3,MAN,EUS,CDF
SP003253,SP003676,3,MAN,EUS,CDF
SP003253,SP003678,3,MAN,EUS,FGH
SP003253,SP003686,3,MAN,EUS,PMD
SP003253,SP003692,3,MAN,EUS,CMN
SP003253,SP004023,10,MAN,EUS,EUS
SP003253,SP004209,3,MAN,EUS,SHR
SP003253,SP004402,3,MAN,EUS,MAC
SP003253,SP004565,3,MAN,EUS,MFH
SP003254,SP003540,4,KGX,PBO,GLQ
SP003254,SP003600,4,KGX,PBO,CBG
SP003254,SP003658,9,KGX,PBO,ELY
SP003254,SP003667,9,KGX,PBO,YRK
SP003254,SP003669,4,KGX,PBO,INV
SP003254,SP003855,3,KGX,PBO,ABD
SP003254,SP003859,3,KGX,PBO,LDS
SP003254,SP004237,3,KGX,PBO,PBO
SP003255,SP004401,5,DVP,CST,SPX
SP003257,SP003396,3,EDB,DEE,LEV
SP003257,SP004620,3,EDB,DEE,LEV
SP003258,SP003516,9,WEY,GCR,GCR
SP003258,SP004564,12,WEY,GCR,WSB
SP003259,SP004059,5,LST,ENF,CHI
SP003259,SP004165,5,LST,ENF,ELY
SP003260,SP003261,9,TON,CST,CHX
SP003262,SP003478,3,EAD,STW,BMH
SP003262,SP003729,3,EAD,STW,WOK
SP003263,SP004398,10,FAV,CHX,SPX
SP003265,SP004498,9,CRY,BFR,CST
SP003265,SP004509,5,CRY,BFR,CHX
SP003266,SP003377,13,MAN,EUS,SOU
SP003266,SP003485,3,MAN,EUS,CDF
SP003266,SP003488,3,MAN,EUS,CDF
SP003266,SP003492,3,MAN,EUS,CRE
SP003266,SP003590,3,MAN,EUS,FGH
SP003266,SP003617,3,MAN,EUS,CDF
SP003266,SP003676,3,MAN,EUS,CDF
SP003266,SP003678,3,MAN,EUS,FGH
SP003266,SP003686,3,MAN,EUS,PMD
SP003266,SP003692,3,MAN,EUS,CMN
SP003266,SP004023,8,MAN,EUS,EUS
SP003266,SP004209,3,MAN,EUS,SHR
SP003266,SP004402,3,MAN,EUS,MAC
SP003266,SP004565,3,MAN,EUS,MFH
SP003268,SP003606,5,YRK,MIA,MAN
SP003268,SP003607,5,YRK,MIA,LDS
SP003269,SP003356,6,CRE,BHI,MFH
SP003270,SP004447,12,GLC,ASB,ADN
SP003271,SP003882,3,BHM,COV,MKC
SP003271,SP003967,3,BHM,COV,NMP
SP003271,SP004063,3,BHM,COV,EUS
SP003272,SP003284,19,SNF,HWV,HWV
SP003273,SP003280,13,ABX,HWV,HWV
SP003273,SP003602,10,ABX,HWV,MAI
SP003273,SP003716,10,ABX,HWV,PDX
SP003273,SP003730,10,ABX,HWV,HWV
SP003274,SP003668,12,MCO,SOP,SOP
SP003275,SP003412,7,PAD,HWV,PNZ
SP003275,SP003506,4,PAD,HWV,GFD
SP003278,SP003458,3,TBW,TON,CST
SP003279,SP003960,7,MAN,YRK,YRK
SP003279,SP004027,3,MAN,YRK,RCC
SP003279,SP004138,7,MAN,YRK,DAR
SP003280,SP003602,10,ABX,HWV,MAI
SP003280,SP003716,10,ABX,HWV,PDX
SP003280,SP003730,10,ABX,HWV,HWV
SP003281,SP004531,8,GLM,BFR,CST
SP003281,SP004536,5,GLM,BFR,CST
SP003282,SP004528,13,BFR,RTR,MDE
SP003283,SP003556,8,DKG,BAK,BAL
SP003283,SP003640,5,DKG,BAK,BAK
SP003283,SP004554,13,DKG,BAK,BAK
SP003285,SP003415,7,PGN,EXD,PAD
SP003285,SP003513,7,PGN,EXD,CDF
SP003285,SP004093,7,PGN,EXD,BRI
SP003285,SP004167,7,PGN,EXD,PAD
SP003287,SP003515,7,CBG,KGX,KGX
SP003287,SP003587,4,CBG,KGX,KGX
SP003287,SP003931,3,CBG,KGX,LST
SP003287,SP003936,3,CBG,KGX,LST
SP003287,SP003938,3,CBG,KGX,LST
SP003287,SP004008,4,CBG,KGX,KGX
SP003287,SP004071,3,CBG,KGX,LST
SP003287,SP004164,3,CBG,KGX,LST
SP003287,SP004166,3,CBG,KGX,LST
SP003287,SP004168,3,CBG,KGX,LST
SP003287,SP004225,3,CBG,KGX,SRA
SP003287,SP004481,4,CBG,KGX,BTN
SP003287,SP004568,3,CBG,KGX,LST
SP003287,SP004632,3,CBG,KGX,BIS
SP003288,SP004306,3,QRB,SNS,EAD
SP003288,SP004314,3,QRB,SNS,ASN
SP003292,SP003707,5,MIA,LAN,BPN
SP003292,SP004451,5,MIA,LAN,OXN
SP003292,SP004500,5,MIA,LAN,LIV
SP003293,SP003682,16,SOU,HRH,BTN
SP003293,SP004200,10,SOU,HRH,BTN
SP003293,SP004202,7,SOU,HRH,BTN
SP003293,SP004208,16,SOU,HRH,BTN
SP003294,SP003298,11,BAL,HRH,CCH
SP003294,SP003454,3,BAL,HRH,ORE
SP003294,SP003675,8,BAL,HRH,WRH
SP003294,SP003677,8,BAL,HRH,WRH
SP003294,SP003756,5,BAL,HRH,BTN
SP003294,SP004020,7,BAL,HRH,GTW
SP003294,SP004086,6,BAL,HRH,WRH
SP003296,SP003299,3,BEV,KGX,KGX
SP003297,SP003598,4,LST,SOV,GDP
SP003297,SP003738,4,LST,SOV,HWC
SP003297,SP003741,4,LST,SOV,HPQ
SP003297,SP003743,4,LST,SOV,HPQ
SP003297,SP003905,4,LST,SOV,WTM
SP003297,SP003908,4,LST,SOV,WTM
SP003297,SP003910,4,LST,SOV,BTR
SP003297,SP003922,4,LST,SOV,COL
SP003297,SP003923,4,LST,SOV,COL
SP003297,SP003926,4,LST,SOV,COL
SP003297,SP003947,4,LST,SOV,SMN
SP003297,SP003948,4,LST,SOV,SOV
SP003297,SP003999,4,LST,SOV,CLT
SP003297,SP004024,4,LST,SOV,CLT
SP003297,SP004028,4,LST,SOV,CLT
SP003297,SP004029,4,LST,SOV,CLT
SP003297,SP004039,4,LST,SOV,CLT
SP003297,SP004049,4,LST,SOV,IPS
SP003297,SP004050,4,LST,SOV,IPS
SP003297,SP004053,4,LST,SOV,IPS
SP003297,SP004153,4,LST,SOV,WTM
SP003297,SP004622,5,LST,SOV,SOV
SP003298,SP003454,3,BAL,CCH,ORE
SP003298,SP003675,8,BAL,CCH,WRH
SP003298,SP003677,8,BAL,CCH,WRH
SP003298,SP003756,5,BAL,CCH,BTN
SP003298,SP004020,7,BAL,CCH,GTW
SP003298,SP004086,6,BAL,CCH,WRH
SP003300,SP003360,13,EUS,WRX,EDB
SP003300,SP003475,11,EUS,WRX,WVH
SP003300,SP003568,10,EUS,WRX,WVH
SP003300,SP003958,13,EUS,WRX,INV
SP003300,SP004012,11,EUS,WRX,GLC
SP003300,SP004017,15,EUS,WRX,PRE
SP003300,SP004025,19,EUS,WRX,PRE
SP003300,SP004034,13,EUS,WRX,CRE
SP003300,SP004036,10,EUS,WRX,GLC
SP003300,SP004111,10,EUS,WRX,GLC
SP003300,SP004121,4,EUS,WRX,NMP
SP003300,SP004127,4,EUS,WRX,NMP
SP003300,SP004131,5,EUS,WRX,BHM
SP003300,SP004188,15,EUS,WRX,CRE
SP003300,SP004207,13,EUS,WRX,CRE
SP003300,SP004232,10,EUS,WRX,INV
SP003300,SP004384,13,EUS,WRX,WVH
SP003300,SP004399,19,EUS,WRX,GLC
SP003300,SP004433,8,EUS,WRX,NMP
SP003300,SP004516,19,EUS,WRX,GLC
SP003300,SP004529,5,EUS,WRX,BHM
SP003301,SP003453,3,WGC,KGX,SEV
SP003303,SP003549,10,PBO,KGX,KGX
SP003303,SP003599,10,PBO,KGX,KGX
SP003303,SP003991,8,PBO,KGX,HRH
SP003303,SP003992,8,PBO,KGX,HRH
SP003303,SP003994,8,PBO,KGX,KGX
SP003303,SP003996,8,PBO,KGX,KGX
SP003303,SP004155,8,PBO,KGX,HRH
SP003303,SP004339,8,PBO,KGX,HRH
SP003303,SP004341,8,PBO,KGX,HRH
SP003304,SP003324,6,PDX,WHX,ABX
SP003306,SP003557,4,QRB,STW,WOK
SP003307,SP004227,11,BTN,HAV,CCH
SP003307,SP004230,16,BTN,HAV,CCH
SP003309,SP003338,7,RDG,ABX,ABX
SP003309,SP003363,11,RDG,ABX,ABX
SP003309,SP003393,3,RDG,ABX,ABX
SP003309,SP003446,3,RDG,ABX,ABX
SP003309,SP003596,7,RDG,ABX,PAD
SP003309,SP003755,3,RDG,ABX,PAD
SP003309,SP004040,13,RDG,ABX,PAD
SP003309,SP004520,6,RDG,ABX,PAD
SP003309,SP004629,3,RDG,ABX,PAD
SP003309,SP004630,3,RDG,ABX,PAD
SP003310,SP003325,3,LAN,EUS,EUS
SP003310,SP003765,10,LAN,EUS,EUS
SP003312,SP003613,4,HAF,ABX,PAD
SP003312,SP003710,14,HAF,ABX,SNF
SP003312,SP004041,4,HAF,ABX,PAD
SP003314,SP003425,4,CST,RTR,TON
SP003314,SP003479,5,CST,RTR,ORP
SP003314,SP004537,4,CST,RTR,DVP
SP003314,SP004538,4,CST,RTR,RAM
SP003315,SP003387,3,CHX,GRV,DVP
SP003315,SP003400,3,CHX,GRV,RAM
SP003315,SP003760,17,CHX,GRV,GRV
SP003315,SP004546,3,CHX,GRV,HGS
SP003315,SP004547,3,CHX,GRV,HGS
SP003315,SP004549,3,CHX,GRV,HGS
SP003315,SP004551,3,CHX,GRV,HGS
SP003316,SP003998,9,LDS,BPN,BPN
SP003317,SP003869,3,HUL,SHF,MAN
SP003317,SP003951,3,HUL,SHF,YRK
SP003317,SP003980,3,HUL,SHF,HFX
SP003317,SP004117,3,HUL,SHF,LDS
SP003317,SP004465,3,HUL,SHF,HFX
SP003318,SP003614,10,MAI,ABX,PAD
SP003321,SP003880,5,BTR,WTM,LST
SP003321,SP003888,5,BTR,WTM,LST
SP003321,SP004156,5,BTR,WTM,SNF
SP003322,SP003522,4,HWV,ABX,SNF
SP003322,SP003636,4,HWV,ABX,PAD
SP003323,SP004009,13,GLC,MIA,EUS
SP003323,SP004010,3,GLC,MIA,EUS
SP003323,SP004033,14,GLC,MIA,EUS
SP003323,SP004044,13,GLC,MIA,EUS
SP003323,SP004110,3,GLC,MIA,EUS
SP003323,SP004515,3,GLC,MIA,EUS
SP003325,SP003765,3,LAN,EUS,EUS
SP003326,SP004089,8,PPD,CDB,CDF
SP003327,SP004360,8,SFO,BKG,FST
SP003328,SP003831,4,FST,SFO,LES
SP003332,SP003380,9,MAI,ABX,ABX
SP003332,SP003611,9,MAI,ABX,PAD
SP003333,SP003609,3,XVJ,GLM,DVP
SP003334,SP003576,8,XVJ,AFK,AFK
SP003334,SP003720,3,XVJ,AFK,RAM
SP003334,SP004649,3,XVJ,AFK,HOV
SP003338,SP003363,7,RDG,ABX,ABX
SP003338,SP003393,3,RDG,ABX,ABX
SP003338,SP003446,3,RDG,ABX,ABX
SP003338,SP003596,10,RDG,ABX,PAD
SP003338,SP003755,3,RDG,ABX,PAD
SP003338,SP004040,7,RDG,ABX,PAD
SP003338,SP004520,6,RDG,ABX,PAD
SP003338,SP004629,3,RDG,ABX,PAD
SP003338,SP004630,3,RDG,ABX,PAD
SP003340,SP003359,13,HHD,EUS,CDF
SP003340,SP003586,4,HHD,EUS,CTR
SP003340,SP004015,15,HHD,EUS,BHM
SP003344,SP004085,4,HHE,BTN,WRH
SP003346,SP003786,3,BHM,EDB,HHD
SP003346,SP003972,3,BHM,EDB,SHR
SP003346,SP004019,25,BHM,EDB,GLC
SP003348,SP003956,4,BHM,HHD,SHR
SP003348,SP004022,4,BHM,HHD,LIV
SP003349,SP003351,6,PAD,SWA,OXF
SP003350,SP003660,4,ELY,CBG,KGX
SP003350,SP003929,4,ELY,CBG,LST
SP003350,SP003935,4,ELY,CBG,LST
SP003350,SP004171,4,ELY,CBG,LST
SP003350,SP004176,4,ELY,CBG,LST
SP003350,SP004210,4,ELY,CBG,LST
SP003350,SP004278,4,ELY,CBG,LST
SP003352,SP003702,12,SLB,BIA,NCL
SP003353,SP003354,5,BRI,PMH,PAD
SP003353,SP003793,5,BRI,PMH,PAD
SP003354,SP003793,15,BRI,PAD,PAD
SP003355,SP003462,6,SWA,PAD,PAD
SP003355,SP003464,23,SWA,PAD,PAD
SP003355,SP003746,4,SWA,PAD,CDF
SP003357,SP003503,7,LET,KGX,KGX
SP003357,SP003806,3,LET,KGX,KGX
SP003358,SP003394,14,EDB,GLT,LEV
SP003358,SP003757,4,EDB,GLT,LEV
SP003358,SP003761,11,EDB,GLT,COW
SP003358,SP003767,4,EDB,GLT,GLT
SP003358,SP003833,7,EDB,GLT,GLT
SP003358,SP003878,14,EDB,GLT,PTH
SP003359,SP003586,4,HHD,CDF,CTR
SP003359,SP004015,13,HHD,CDF,BHM
SP003360,SP003475,11,EUS,EDB,WVH
SP003360,SP003568,10,EUS,EDB,WVH
SP003360,SP003958,17,EUS,EDB,INV
SP003360,SP004012,11,EUS,EDB,GLC
SP003360,SP004017,13,EUS,EDB,PRE
SP003360,SP004025,13,EUS,EDB,PRE
SP003360,SP004034,27,EUS,EDB,CRE
SP003360,SP004036,10,EUS,EDB,GLC
SP003360,SP004111,10,EUS,EDB,GLC
SP003360,SP004121,4,EUS,EDB,NMP
SP003360,SP004127,4,EUS,EDB,NMP
SP003360,SP004131,5,EUS,EDB,BHM
SP003360,SP004188,13,EUS,EDB,CRE
SP003360,SP004207,28,EUS,EDB,CRE
SP003360,SP004232,10,EUS,EDB,INV
SP003360,SP004384,20,EUS,EDB,WVH
SP003360,SP004399,13,EUS,EDB,GLC
SP003360,SP004433,8,EUS,EDB,NMP
SP003360,SP004516,13,EUS,EDB,GLC
SP003360,SP004529,5,EUS,EDB,BHM
SP003362,SP003467,20,BYI,BGD,BGD
SP003362,SP004262,18,BYI,BGD,YSM
SP003363,SP003393,3,RDG,ABX,ABX
SP003363,SP003446,3,RDG,ABX,ABX
SP003363,SP003596,7,RDG,ABX,PAD
SP003363,SP003755,3,RDG,ABX,PAD
SP003363,SP004040,11,RDG,ABX,PAD
SP003363,SP004520,6,RDG,ABX,PAD
SP003363,SP004629,3,RDG,ABX,PAD
SP003363,SP004630,3,RDG,ABX,PAD
SP003365,SP003366,11,PLY,PAD,PAD
SP003365,SP003368,20,PLY,PAD,PAD
SP003365,SP003372,11,PLY,PAD,PAD
SP003365,SP003616,10,PLY,PAD,LDS
SP003365,SP003651,12,PLY,PAD,PAD
SP003366,SP003368,11,PLY,PAD,PAD
SP003366,SP003372,18,PLY,PAD,PAD
SP003366,SP003616,10,PLY,PAD,LDS
SP003366,SP003651,11,PLY,PAD,PAD
SP003368,SP003372,11,PLY,PAD,PAD
SP003368,SP003616,10,PLY,PAD,LDS
SP003368,SP003651,12,PLY,PAD,PAD
SP003370,SP003444,6,SWA,MFH,CMN
SP003370,SP003780,8,SWA,MFH,CMN
SP003370,SP003784,11,SWA,MFH,FGH
SP003370,SP003828,3,SWA,MFH,SHR
SP003371,SP003649,23,PNZ,PAD,PAD
SP003371,SP004277,11,PNZ,PAD,PLY
SP003371,SP004492,11,PNZ,PAD,PLY
SP003371,SP004494,11,PNZ,PAD,PLY
SP003372,SP003616,10,PLY,PAD,LDS
SP003372,SP003651,11,PLY,PAD,PAD
SP003375,SP003461,13,BPW,WSB,PMS
SP003377,SP003485,3,MAN,SOU,CDF
SP003377,SP003488,3,MAN,SOU,CDF
SP003377,SP003492,3,MAN,SOU,CRE
SP003377,SP003590,3,MAN,SOU,FGH
SP003377,SP003617,3,MAN,SOU,CDF
SP003377,SP003676,3,MAN,SOU,CDF
SP003377,SP003678,3,MAN,SOU,FGH
SP003377,SP003686,3,MAN,SOU,PMD
SP003377,SP003692,3,MAN,SOU,CMN
SP003377,SP004023,8,MAN,SOU,EUS
SP003377,SP004209,3,MAN,SOU,SHR
SP003377,SP004402,3,MAN,SOU,MAC
SP003377,SP004565,3,MAN,SOU,MFH
SP003378,SP004534,10,RAM,XVJ,CST
SP003378,SP004587,27,RAM,XVJ,XVJ
SP003378,SP004640,17,RAM,XVJ,RTR
SP003379,SP003382,6,CDF,PNZ,TAU
SP003379,SP003414,7,CDF,PNZ,PMH
SP003379,SP003418,3,CDF,PNZ,NOT
SP003379,SP003427,7,CDF,PNZ,FRO
SP003379,SP003469,5,CDF,PNZ,PAD
SP003379,SP003482,3,CDF,PNZ,GCR
SP003379,SP004105,3,CDF,PNZ,NOT
SP003379,SP004107,3,CDF,PNZ,NOT
SP003379,SP004249,7,CDF,PNZ,PMH
SP003380,SP003611,9,MAI,ABX,PAD
SP003381,SP003404,3,NOT,CDF,LEI
SP003381,SP004260,3,NOT,CDF,STP
SP003382,SP003414,6,CDF,TAU,PMH
SP003382,SP003418,3,CDF,TAU,NOT
SP003382,SP003427,6,CDF,TAU,FRO
SP003382,SP003469,5,CDF,TAU,PAD
SP003382,SP003482,3,CDF,TAU,GCR
SP003382,SP004105,3,CDF,TAU,NOT
SP003382,SP004107,3,CDF,TAU,NOT
SP003382,SP004249,6,CDF,TAU,PMH
SP003384,SP003476,14,EDB,BRI,KGX
SP003384,SP004602,14,EDB,BRI,KGX
SP003385,SP003417,6,PAD,PGN,CDF
SP003385,SP003420,6,PAD,PGN,WOS
SP003385,SP003428,7,PAD,PGN,WSB
SP003385,SP003429,6,PAD,PGN,CMN
SP003385,SP003434,6,PAD,PGN,SWA
SP003385,SP003440,6,PAD,PGN,SWA
SP003385,SP003448,6,PAD,PGN,TAU
SP003385,SP003480,19,PAD,PGN,PNZ
SP003385,SP003591,3,PAD,PGN,RDG
SP003385,SP003666,6,PAD,PGN,TAU
SP003385,SP003788,6,PAD,PGN,SWA
SP003385,SP004186,7,PAD,PGN,FRO
SP003385,SP004248,6,PAD,PGN,WPH
SP003385,SP004338,6,PAD,PGN,BPW
SP003385,SP004416,6,PAD,PGN,BDW
SP003385,SP004476,6,PAD,PGN,BAN
SP003385,SP004599,6,PAD,PGN,WOS
SP003387,SP003400,15,CHX,DVP,RAM
SP003387,SP003760,3,CHX,DVP,GRV
SP003387,SP004546,11,CHX,DVP,HGS
SP003387,SP004547,6,CHX,DVP,HGS
SP003387,SP004549,9,CHX,DVP,HGS
SP003387,SP004551,11,CHX,DVP,HGS
SP003389,SP003401,14,BDM,BTN,BTN
SP003389,SP003491,14,BDM,BTN,BTN
SP003389,SP003627,8,BDM,BTN,TBD
SP003389,SP003758,18,BDM,BTN,BTN
SP003389,SP003861,8,BDM,BTN,BTN
SP003389,SP003865,8,BDM,BTN,BTN
SP003389,SP004203,8,BDM,BTN,BTN
SP003389,SP004204,22,BDM,BTN,BTN
SP003389,SP004596,8,BDM,BTN,TBD
SP003389,SP004598,17,BDM,BTN,BTN
SP003391,SP003993,9,HRH,PBO,PBO
SP003391,SP004190,7,HRH,PBO,PBO
SP003391,SP004192,7,HRH,PBO,PBO
SP003391,SP004345,7,HRH,PBO,PBO
SP003391,SP004482,7,HRH,PBO,PBO
SP003392,SP004189,6,OXF,PAD,PAD
SP003393,SP003446,9,RDG,ABX,ABX
SP003393,SP003596,3,RDG,ABX,PAD
SP003393,SP003755,3,RDG,ABX,PAD
SP003393,SP004040,3,RDG,ABX,PAD
SP003393,SP004520,3,RDG,ABX,PAD
SP003393,SP004629,3,RDG,ABX,PAD
SP003393,SP004630,3,RDG,ABX,PAD
SP003394,SP003757,4,EDB,LEV,LEV
SP003394,SP003761,11,EDB,LEV,COW
SP003394,SP003767,4,EDB,LEV,GLT
SP003394,SP003833,7,EDB,LEV,GLT
SP003394,SP003878,14,EDB,LEV,PTH
SP003395,SP003399,15,BTN,BDM,BDM
SP003395,SP003546,5,BTN,BDM,BAL
SP003395,SP003588,10,BTN,BDM,BDM
SP003395,SP003809,10,BTN,BDM,WSW
SP003395,SP003989,5,BTN,BDM,BAK
SP003395,SP004194,10,BTN,BDM,BDM
SP003395,SP004487,14,BTN,BDM,BDM
SP003395,SP004582,10,BTN,BDM,BDM
SP003396,SP004620,6,EDB,LEV,LEV
SP003398,SP004474,10,CLH,MCV,MCV
SP003399,SP003546,5,BTN,BDM,BAL
SP003399,SP003588,10,BTN,BDM,BDM
SP003399,SP003809,10,BTN,BDM,WSW
SP003399,SP003989,5,BTN,BDM,BAK
SP003399,SP004194,10,BTN,BDM,BDM
SP003399,SP004487,14,BTN,BDM,BDM
SP003399,SP004582,10,BTN,BDM,BDM
SP003400,SP003760,3,CHX,RAM,GRV
SP003400,SP004546,11,CHX,RAM,HGS
SP003400,SP004547,6,CHX,RAM,HGS
SP003400,SP004549,9,CHX,RAM,HGS
SP003400,SP004551,11,CHX,RAM,HGS
SP003401,SP003491,16,BDM,BTN,BTN
SP003401,SP003627,8,BDM,BTN,TBD
SP003401,SP003758,14,BDM,BTN,BTN
SP003401,SP003861,8,BDM,BTN,BTN
SP003401,SP003865,8,BDM,BTN,BTN
SP003401,SP004203,8,BDM,BTN,BTN
SP003401,SP004204,14,BDM,BTN,BTN
SP003401,SP004596,8,BDM,BTN,TBD
SP003401,SP004598,14,BDM,BTN,BTN
SP003403,SP003566,3,SBY,LDS,LDS
SP003403,SP004461,3,SBY,LDS,HFX
SP003404,SP004260,7,NOT,LEI,STP
SP003407,SP003873,4,YRK,BDT,SHF
SP003407,SP004221,3,YRK,BDT,BPN
SP003409,SP003532,9,BRI,PMH,SAL
SP003410,SP003867,3,MYB,OXF,OXF
SP003410,SP004114,3,MYB,OXF,BCS
SP003410,SP004157,3,MYB,OXF,BMO
SP003410,SP004159,7,MYB,OXF,AYS
SP003410,SP004182,8,MYB,OXF,AYS
SP003410,SP004185,3,MYB,OXF,BAN
SP003410,SP004191,3,MYB,OXF,SBJ
SP003410,SP004233,6,MYB,OXF,WRU
SP003410,SP004257,3,MYB,OXF,BMO
SP003410,SP004445,3,MYB,OXF,BAN
SP003410,SP004479,3,MYB,OXF,PRR
SP003410,SP004563,8,MYB,OXF,OXF
SP003410,SP004608,3,MYB,OXF,WCX
SP003410,SP004609,3,MYB,OXF,GER
SP003410,SP004626,3,MYB,OXF,OXF
SP003410,SP004635,6,MYB,OXF,BMO
SP003410,SP004637,12,MYB,OXF,AYS
SP003410,SP004639,3,MYB,OXF,BAN
SP003410,SP004641,3,MYB,OXF,BSW
SP003411,SP003856,14,DBY,STP,STP
SP003412,SP003506,4,PAD,PNZ,GFD
SP003413,SP004600,3,RDZ,SFR,SNS
SP003414,SP003418,3,CDF,PMH,NOT
SP003414,SP003427,7,CDF,PMH,FRO
SP003414,SP003469,5,CDF,PMH,PAD
SP003414,SP003482,3,CDF,PMH,GCR
SP003414,SP004105,3,CDF,PMH,NOT
SP003414,SP004107,3,CDF,PMH,NOT
SP003414,SP004249,7,CDF,PMH,PMH
SP003415,SP003513,7,PGN,PAD,CDF
SP003415,SP004093,10,PGN,PAD,BRI
SP003415,SP004167,12,PGN,PAD,PAD
SP003416,SP004491,6,SWI,WOS,CNM
SP003417,SP003420,9,PAD,CDF,WOS
SP003417,SP003428,6,PAD,CDF,WSB
SP003417,SP003429,15,PAD,CDF,CMN
SP003417,SP003434,15,PAD,CDF,SWA
SP003417,SP003440,15,PAD,CDF,SWA
SP003417,SP003448,9,PAD,CDF,TAU
SP003417,SP003480,6,PAD,CDF,PNZ
SP003417,SP003591,3,PAD,CDF,RDG
SP003417,SP003666,9,PAD,CDF,TAU
SP003417,SP003788,9,PAD,CDF,SWA
SP003417,SP004186,6,PAD,CDF,FRO
SP003417,SP004248,7,PAD,CDF,WPH
SP003417,SP004338,10,PAD,CDF,BPW
SP003417,SP004416,6,PAD,CDF,BDW
SP003417,SP004476,7,PAD,CDF,BAN
SP003417,SP004599,9,PAD,CDF,WOS
SP003418,SP003427,3,CDF,NOT,FRO
SP003418,SP003469,3,CDF,NOT,PAD
SP003418,SP003482,3,CDF,NOT,GCR
SP003418,SP004105,3,CDF,NOT,NOT
SP003418,SP004107,27,CDF,NOT,NOT
SP003418,SP004249,3,CDF,NOT,PMH
SP003419,SP003573,3,SHF,CLE,YRK
SP003419,SP003862,7,SHF,CLE,CLE
SP003419,SP003985,3,SHF,CLE,LDS
SP003420,SP003428,6,PAD,WOS,WSB
SP003420,SP003429,9,PAD,WOS,CMN
SP003420,SP003434,9,PAD,WOS,SWA
SP003420,SP003440,9,PAD,WOS,SWA
SP003420,SP003448,9,PAD,WOS,TAU
SP003420,SP003480,6,PAD,WOS,PNZ
SP003420,SP003591,3,PAD,WOS,RDG
SP003420,SP003666,9,PAD,WOS,TAU
SP003420,SP003788,9,PAD,WOS,SWA
SP003420,SP004186,6,PAD,WOS,FRO
SP003420,SP004248,7,PAD,WOS,WPH
SP003420,SP004338,9,PAD,WOS,BPW
SP003420,SP004416,6,PAD,WOS,BDW
SP003420,SP004476,7,PAD,WOS,BAN
SP003420,SP004599,10,PAD,WOS,WOS
SP003421,SP003863,10,DON,LIV,LIV
SP003423,SP004144,4,STP,DBY,COR
SP003425,SP003479,4,CST,TON,ORP
SP003425,SP004537,8,CST,TON,DVP
SP003425,SP004538,8,CST,TON,RAM
SP003427,SP003469,5,CDF,FRO,PAD
SP003427,SP003482,3,CDF,FRO,GCR
SP003427,SP004105,3,CDF,FRO,NOT
SP003427,SP004107,3,CDF,FRO,NOT
SP003427,SP004249,12,CDF,FRO,PMH
SP003428,SP003429,6,PAD,WSB,CMN
SP003428,SP003434,6,PAD,WSB,SWA
SP003428,SP003440,6,PAD,WSB,SWA
SP003428,SP003448,6,PAD,WSB,TAU
SP003428,SP003480,7,PAD,WSB,PNZ
SP003428,SP003591,3,PAD,WSB,RDG
SP003428,SP003666,6,PAD,WSB,TAU
SP003428,SP003788,6,PAD,WSB,SWA
SP003428,SP004186,14,PAD,WSB,FRO
SP003428,SP004248,6,PAD,WSB,WPH
SP003428,SP004338,6,PAD,WSB,BPW
SP003428,SP004416,6,PAD,WSB,BDW
SP003428,SP004476,6,PAD,WSB,BAN
SP003428,SP004599,6,PAD,WSB,WOS
SP003429,SP003434,15,PAD,CMN,SWA
SP003429,SP003440,15,PAD,CMN,SWA
SP003429,SP003448,9,PAD,CMN,TAU
SP003429,SP003480,6,PAD,CMN,PNZ
SP003429,SP003591,3,PAD,CMN,RDG
SP003429,SP003666,9,PAD,CMN,TAU
SP003429,SP003788,9,PAD,CMN,SWA
SP003429,SP004186,6,PAD,CMN,FRO
SP003429,SP004248,7,PAD,CMN,WPH
SP003429,SP004338,10,PAD,CMN,BPW
SP003429,SP004416,6,PAD,CMN,BDW
SP003429,SP004476,7,PAD,CMN,BAN
SP003429,SP004599,9,PAD,CMN,WOS
SP003430,SP004571,6,BDW,PAD,PAD
SP003431,SP004477,3,NBY,PAD,RDG
SP003433,SP003824,4,MCV,HBL,WGW
SP003434,SP003440,15,PAD,SWA,SWA
SP003434,SP003448,9,PAD,SWA,TAU
SP003434,SP003480,6,PAD,SWA,PNZ
SP003434,SP003591,3,PAD,SWA,RDG
SP003434,SP003666,9,PAD,SWA,TAU
SP003434,SP003788,9,PAD,SWA,SWA
SP003434,SP004186,6,PAD,SWA,FRO
SP003434,SP004248,7,PAD,SWA,WPH
SP003434,SP004338,10,PAD,SWA,BPW
SP003434,SP004416,6,PAD,SWA,BDW
SP003434,SP004476,7,PAD,SWA,BAN
SP003434,SP004599,9,PAD,SWA,WOS
SP003436,SP003751,5,WOS,PAD,BRI
SP003438,SP003445,3,WOF,PAD,PAD
SP003438,SP003845,12,WOF,PAD,PAD
SP003439,SP003455,3,PMH,GLD,CDF
SP003439,SP003498,3,PMH,GLD,WSB
SP003439,SP003509,3,PMH,GLD,NEM
SP003439,SP003511,4,PMH,GLD,NEM
SP003439,SP003545,4,PMH,GLD,NEM
SP003439,SP003547,4,PMH,GLD,GTW
SP003439,SP004502,3,PMH,GLD,BRI
SP003440,SP003448,9,PAD,SWA,TAU
SP003440,SP003480,6,PAD,SWA,PNZ
SP003440,SP003591,3,PAD,SWA,RDG
SP003440,SP003666,9,PAD,SWA,TAU
SP003440,SP003788,9,PAD,SWA,SWA
SP003440,SP004186,6,PAD,SWA,FRO
SP003440,SP004248,7,PAD,SWA,WPH
SP003440,SP004338,10,PAD,SWA,BPW
SP003440,SP004416,6,PAD,SWA,BDW
SP003440,SP004476,7,PAD,SWA,BAN
SP003440,SP004599,9,PAD,SWA,WOS
SP003441,SP003811,15,WOS,PAD,PAD
SP003443,SP003875,8,HFD,PAD,BHM
SP003444,SP003780,6,SWA,CMN,CMN
SP003444,SP003784,6,SWA,CMN,FGH
SP003444,SP003828,3,SWA,CMN,SHR
SP003445,SP003845,3,WOF,PAD,PAD
SP003446,SP003596,3,RDG,ABX,PAD
SP003446,SP003755,3,RDG,ABX,PAD
SP003446,SP004040,3,RDG,ABX,PAD
SP003446,SP004520,3,RDG,ABX,PAD
SP003446,SP004629,3,RDG,ABX,PAD
SP003446,SP004630,3,RDG,ABX,PAD
SP003448,SP003480,6,PAD,TAU,PNZ
SP003448,SP003591,3,PAD,TAU,RDG
SP003448,SP003666,15,PAD,TAU,TAU
SP003448,SP003788,12,PAD,TAU,SWA
SP003448,SP004186,6,PAD,TAU,FRO
SP003448,SP004248,7,PAD,TAU,WPH
SP003448,SP004338,9,PAD,TAU,BPW
SP003448,SP004416,6,PAD,TAU,BDW
SP003448,SP004476,7,PAD,TAU,BAN
SP003448,SP004599,9,PAD,TAU,WOS
SP003449,SP003684,3,LST,SSD,SSD
SP003449,SP003795,3,LST,SSD,BIS
SP003449,SP003927,3,LST,SSD,ELY
SP003449,SP003930,3,LST,SSD,CMB
SP003449,SP003937,3,LST,SSD,CBG
SP003449,SP004065,3,LST,SSD,ELY
SP003449,SP004066,3,LST,SSD,CMB
SP003449,SP004073,3,LST,SSD,CMB
SP003449,SP004074,3,LST,SSD,CMB
SP003449,SP004076,3,LST,SSD,CBG
SP003449,SP004082,3,LST,SSD,HFE
SP003449,SP004087,3,LST,SSD,HFE
SP003449,SP004091,3,LST,SSD,HFE
SP003449,SP004170,3,LST,SSD,CMB
SP003449,SP004173,3,LST,SSD,CMB
SP003449,SP004193,3,LST,SSD,CBG
SP003449,SP004567,3,LST,SSD,ELY
SP003449,SP004569,3,LST,SSD,ELY
SP003449,SP004627,3,LST,SSD,SSD
SP003451,SP003728,4,GTW,BDM,RDZ
SP003452,SP003483,10,BDM,GTW,BTN
SP003454,SP003675,3,BAL,ORE,WRH
SP003454,SP003677,3,BAL,ORE,WRH
SP003454,SP003756,3,BAL,ORE,BTN
SP003454,SP004020,3,BAL,ORE,GTW
SP003454,SP004086,3,BAL,ORE,WRH
SP003455,SP003498,5,PMH,CDF,WSB
SP003455,SP003509,3,PMH,CDF,NEM
SP003455,SP003511,3,PMH,CDF,NEM
SP003455,SP003545,3,PMH,CDF,NEM
SP003455,SP003547,3,PMH,CDF,GTW
SP003455,SP004502,5,PMH,CDF,BRI
SP003462,SP003464,6,SWA,PAD,PAD
SP003462,SP003746,4,SWA,PAD,CDF
SP003464,SP003746,4,SWA,PAD,CDF
SP003466,SP003900,4,SWA,PAD,PAD
SP003467,SP004262,18,BYI,BGD,YSM
SP003469,SP003482,3,CDF,PAD,GCR
SP003469,SP004105,3,CDF,PAD,NOT
SP003469,SP004107,3,CDF,PAD,NOT
SP003469,SP004249,5,CDF,PAD,PMH
SP003470,SP003474,18,CMN,PAD,BPW
SP003470,SP003744,6,CMN,PAD,CDF
SP003472,SP003502,5,RHY,BGN,CDF
SP003473,SP003894,15,HYN,BHG,EDB
SP003473,SP004289,6,HYN,BHG,SPR
SP003474,SP003744,6,CMN,BPW,CDF
SP003475,SP003568,10,EUS,WVH,WVH
SP003475,SP003958,11,EUS,WVH,INV
SP003475,SP004012,14,EUS,WVH,GLC
SP003475,SP004017,11,EUS,WVH,PRE
SP003475,SP004025,11,EUS,WVH,PRE
SP003475,SP004034,11,EUS,WVH,CRE
SP003475,SP004036,10,EUS,WVH,GLC
SP003475,SP004111,10,EUS,WVH,GLC
SP003475,SP004121,4,EUS,WVH,NMP
SP003475,SP004127,4,EUS,WVH,NMP
SP003475,SP004131,5,EUS,WVH,BHM
SP003475,SP004188,11,EUS,WVH,CRE
SP003475,SP004207,11,EUS,WVH,CRE
SP003475,SP004232,10,EUS,WVH,INV
SP003475,SP004384,11,EUS,WVH,WVH
SP003475,SP004399,11,EUS,WVH,GLC
SP003475,SP004433,8,EUS,WVH,NMP
SP003475,SP004516,11,EUS,WVH,GLC
SP003475,SP004529,5,EUS,WVH,BHM
SP003476,SP004602,21,EDB,KGX,KGX
SP003478,SP003729,3,EAD,BMH,WOK
SP003479,SP004537,4,CST,ORP,DVP
SP003479,SP004538,4,CST,ORP,RAM
SP003480,SP003591,3,PAD,PNZ,RDG
SP003480,SP003666,6,PAD,PNZ,TAU
SP003480,SP003788,6,PAD,PNZ,SWA
SP003480,SP004186,7,PAD,PNZ,FRO
SP003480,SP004248,6,PAD,PNZ,WPH
SP003480,SP004338,6,PAD,PNZ,BPW
SP003480,SP004416,6,PAD,PNZ,BDW
SP003480,SP004476,6,PAD,PNZ,BAN
SP003480,SP004599,6,PAD,PNZ,WOS
SP003481,SP004284,5,BRI,EXD,WSM
SP003481,SP004349,4,BRI,EXD,EXM
SP003482,SP004105,7,CDF,GCR,NOT
SP003482,SP004107,3,CDF,GCR,NOT
SP003482,SP004249,3,CDF,GCR,PMH
SP003485,SP003488,13,MAN,CDF,CDF
SP003485,SP003492,8,MAN,CDF,CRE
SP003485,SP003590,24,MAN,CDF,FGH
SP003485,SP003617,10,MAN,CDF,CDF
SP003485,SP003676,10,MAN,CDF,CDF
SP003485,SP003678,20,MAN,CDF,FGH
SP003485,SP003686,20,MAN,CDF,PMD
SP003485,SP003692,24,MAN,CDF,CMN
SP003485,SP004023,3,MAN,CDF,EUS
SP003485,SP004209,13,MAN,CDF,SHR
SP003485,SP004402,3,MAN,CDF,MAC
SP003485,SP004565,24,MAN,CDF,MFH
SP003487,SP004646,4,WSB,GCR,BTH
SP003488,SP003492,8,MAN,CDF,CRE
SP003488,SP003590,13,MAN,CDF,FGH
SP003488,SP003617,10,MAN,CDF,CDF
SP003488,SP003676,10,MAN,CDF,CDF
SP003488,SP003678,13,MAN,CDF,FGH
SP003488,SP003686,13,MAN,CDF,PMD
SP003488,SP003692,13,MAN,CDF,CMN
SP003488,SP004023,3,MAN,CDF,EUS
SP003488,SP004209,15,MAN,CDF,SHR
SP003488,SP004402,3,MAN,CDF,MAC
SP003488,SP004565,13,MAN,CDF,MFH
SP003491,SP003627,8,BDM,BTN,TBD
SP003491,SP003758,14,BDM,BTN,BTN
SP003491,SP003861,8,BDM,BTN,BTN
SP003491,SP003865,8,BDM,BTN,BTN
SP003491,SP004203,8,BDM,BTN,BTN
SP003491,SP004204,14,BDM,BTN,BTN
SP003491,SP004596,8,BDM,BTN,TBD
SP003491,SP004598,14,BDM,BTN,BTN
SP003492,SP003590,8,MAN,CRE,FGH
SP003492,SP003617,8,MAN,CRE,CDF
SP003492,SP003676,8,MAN,CRE,CDF
SP003492,SP003678,8,MAN,CRE,FGH
SP003492,SP003686,8,MAN,CRE,PMD
SP003492,SP003692,8,MAN,CRE,CMN
SP003492,SP004023,3,MAN,CRE,EUS
SP003492,SP004209,8,MAN,CRE,SHR
SP003492,SP004402,3,MAN,CRE,MAC
SP003492,SP004565,8,MAN,CRE,MFH
SP003494,SP003965,4,BRI,GMV,EDB
SP003494,SP004183,3,BRI,GMV,PAD
SP003494,SP004570,3,BRI,GMV,PAD
SP003495,SP003525,5,CDF,CTR,AGV
SP003495,SP003619,11,CDF,CTR,CTR
SP003495,SP003715,3,CDF,CTR,MAN
SP003495,SP004084,11,CDF,CTR,CRE
SP003495,SP004294,13,CDF,CTR,CTR
SP003496,SP003657,7,LIV,SHF,NCL
SP003496,SP004026,3,LIV,SHF,CRE
SP003496,SP004143,5,LIV,SHF,NRW
SP003496,SP004261,12,LIV,SHF,DON
SP003496,SP004268,12,LIV,SHF,MIA
SP003496,SP004269,5,LIV,SHF,NRW
SP003498,SP003509,3,PMH,WSB,NEM
SP003498,SP003511,3,PMH,WSB,NEM
SP003498,SP003545,3,PMH,WSB,NEM
SP003498,SP003547,3,PMH,WSB,GTW
SP003498,SP004502,17,PMH,WSB,BRI
SP003499,SP004115,7,CAR,LDS,LDS
SP003500,SP004135,8,BTN,SOU,SOU
SP003501,SP004094,5,GCR,WEY,PLY
SP003501,SP004403,5,GCR,WEY,BRI
SP003503,SP003806,3,LET,KGX,KGX
SP003509,SP003511,3,PMH,NEM,NEM
SP003509,SP003545,3,PMH,NEM,NEM
SP003509,SP003547,3,PMH,NEM,GTW
SP003509,SP004502,3,PMH,NEM,BRI
SP003511,SP003545,11,PMH,NEM,NEM
SP003511,SP003547,4,PMH,NEM,GTW
SP003511,SP004502,3,PMH,NEM,BRI
SP003512,SP003529,6,LDS,SBY,YRK
SP003512,SP003571,7,LDS,SBY,HUL
SP003513,SP004093,7,PGN,CDF,BRI
SP003513,SP004167,7,PGN,CDF,PAD
SP003514,SP003517,11,EXM,CDF,BNP
SP003514,SP004333,11,EXM,CDF,PGN
SP003515,SP003587,4,CBG,KGX,KGX
SP003515,SP003931,3,CBG,KGX,LST
SP003515,SP003936,3,CBG,KGX,LST
SP003515,SP003938,3,CBG,KGX,LST
SP003515,SP004008,4,CBG,KGX,KGX
SP003515,SP004071,3,CBG,KGX,LST
SP003515,SP004164,3,CBG,KGX,LST
SP003515,SP004166,3,CBG,KGX,LST
SP003515,SP004168,3,CBG,KGX,LST
SP003515,SP004225,3,CBG,KGX,SRA
SP003515,SP004481,4,CBG,KGX,BTN
SP003515,SP004568,3,CBG,KGX,LST
SP003515,SP004632,3,CBG,KGX,BIS
SP003516,SP004564,9,WEY,GCR,WSB
SP003517,SP004333,11,EXM,BNP,PGN
SP003518,SP003844,3,NEM,AON,BMH
SP003518,SP003846,3,NEM,AON,BMH
SP003518,SP003849,3,NEM,AON,BMH
SP003518,SP003851,3,NEM,AON,SOU
SP003518,SP003871,3,NEM,AON,SAL
SP003518,SP003917,3,NEM,AON,BMH
SP003518,SP003939,3,NEM,AON,PTR
SP003518,SP004198,3,NEM,AON,POO
SP003522,SP003636,6,HWV,SNF,PAD
SP003524,SP004575,11,TBD,BDM,BDM
SP003525,SP003619,5,CDF,AGV,CTR
SP003525,SP003715,3,CDF,AGV,MAN
SP003525,SP004084,5,CDF,AGV,CRE
SP003525,SP004294,5,CDF,AGV,CTR
SP003526,SP003531,5,SCA,MAN,MAN
SP003526,SP003736,8,SCA,MAN,MAN
SP003527,SP003899,3,NEM,AHT,AON
SP003528,SP003544,14,NEM,SOU,PMH
SP003528,SP003928,5,NEM,SOU,BSK
SP003529,SP003571,6,LDS,YRK,HUL
SP003530,SP004099,3,HGS,BTN,TON
SP003530,SP004555,3,HGS,BTN,CHX
SP003530,SP004566,3,HGS,BTN,CST
SP003531,SP003736,5,SCA,MAN,MAN
SP003534,SP004601,5,GLD,RAY,RAY
SP003534,SP004603,11,GLD,RAY,EAD
SP003535,SP003561,3,HUD,BGH,HFX
SP003540,SP003600,9,KGX,GLQ,CBG
SP003540,SP003658,4,KGX,GLQ,ELY
SP003540,SP003667,4,KGX,GLQ,YRK
SP003540,SP003669,19,KGX,GLQ,INV
SP003540,SP003855,3,KGX,GLQ,ABD
SP003540,SP003859,3,KGX,GLQ,LDS
SP003540,SP004237,3,KGX,GLQ,PBO
SP003542,SP003986,33,GLQ,KGX,KGX
SP003542,SP004140,4,GLQ,KGX,ALO
SP003542,SP004293,4,GLQ,KGX,ABD
SP003542,SP004297,4,GLQ,KGX,ABD
SP003542,SP004298,4,GLQ,KGX,INV
SP003542,SP004300,4,GLQ,KGX,INV
SP003544,SP003928,5,NEM,PMH,BSK
SP003545,SP003547,4,PMH,NEM,GTW
SP003545,SP004502,3,PMH,NEM,BRI
SP003546,SP003588,5,BTN,BAL,BDM
SP003546,SP003809,5,BTN,BAL,WSW
SP003546,SP003989,8,BTN,BAL,BAK
SP003546,SP004194,5,BTN,BAL,BDM
SP003546,SP004487,5,BTN,BAL,BDM
SP003546,SP004582,5,BTN,BAL,BDM
SP003547,SP004502,3,PMH,GTW,BRI
SP003549,SP003599,12,PBO,KGX,KGX
SP003549,SP003991,8,PBO,KGX,HRH
SP003549,SP003992,8,PBO,KGX,HRH
SP003549,SP003994,8,PBO,KGX,KGX
SP003549,SP003996,8,PBO,KGX,KGX
SP003549,SP004155,8,PBO,KGX,HRH
SP003549,SP004339,8,PBO,KGX,HRH
SP003549,SP004341,8,PBO,KGX,HRH
SP003550,SP004552,6,BTN,HGS,HGS
SP003551,SP003553,9,BDT,YRK,YRK
SP003551,SP003555,4,BDT,YRK,YRK
SP003551,SP003565,9,BDT,YRK,YRK
SP003551,SP003567,4,BDT,YRK,YRK
SP003551,SP004368,7,BDT,YRK,YRK
SP003552,SP004120,5,ORE,PLG,BTN
SP003552,SP004126,14,ORE,PLG,BTN
SP003552,SP004128,14,ORE,PLG,BTN
SP003553,SP003555,4,BDT,YRK,YRK
SP003553,SP003565,10,BDT,YRK,YRK
SP003553,SP003567,4,BDT,YRK,YRK
SP003553,SP004368,7,BDT,YRK,YRK
SP003555,SP003565,4,BDT,YRK,YRK
SP003555,SP003567,8,BDT,YRK,YRK
SP003555,SP004368,4,BDT,YRK,YRK
SP003556,SP003640,5,DKG,BAL,BAK
SP003556,SP004554,8,DKG,BAL,BAK
SP003562,SP003639,3,EDB,EUS,GLC
SP003562,SP003808,3,EDB,EUS,GLC
SP003562,SP003970,20,EDB,EUS,EUS
SP003562,SP004263,14,EDB,EUS,MIA
SP003562,SP004448,3,EDB,EUS,GLC
SP003562,SP004456,3,EDB,EUS,GLC
SP003564,SP003671,4,HUL,YRK,SHF
SP003564,SP004285,4,HUL,YRK,DON
SP003564,SP004286,4,HUL,YRK,DON
SP003564,SP004292,6,HUL,YRK,DON
SP003565,SP003567,4,BDT,YRK,YRK
SP003565,SP004368,7,BDT,YRK,YRK
SP003566,SP004461,7,SBY,LDS,HFX
SP003567,SP004368,4,BDT,YRK,YRK
SP003568,SP003958,10,EUS,WVH,INV
SP003568,SP004012,10,EUS,WVH,GLC
SP003568,SP004017,10,EUS,WVH,PRE
SP003568,SP004025,10,EUS,WVH,PRE
SP003568,SP004034,10,EUS,WVH,CRE
SP003568,SP004036,14,EUS,WVH,GLC
SP003568,SP004111,14,EUS,WVH,GLC
SP003568,SP004121,4,EUS,WVH,NMP
SP003568,SP004127,4,EUS,WVH,NMP
SP003568,SP004131,5,EUS,WVH,BHM
SP003568,SP004188,10,EUS,WVH,CRE
SP003568,SP004207,10,EUS,WVH,CRE
SP003568,SP004232,23,EUS,WVH,INV
SP003568,SP004384,10,EUS,WVH,WVH
SP003568,SP004399,10,EUS,WVH,GLC
SP003568,SP004433,8,EUS,WVH,NMP
SP003568,SP004516,10,EUS,WVH,GLC
SP003568,SP004529,5,EUS,WVH,BHM
SP003569,SP004593,6,YRK,BDT,HUL
SP003573,SP003862,3,SHF,YRK,CLE
SP003573,SP003985,8,SHF,YRK,LDS
SP003574,SP003771,3,CDF,CMN,MFH
SP003576,SP003720,3,XVJ,AFK,RAM
SP003576,SP004649,3,XVJ,AFK,HOV
SP003578,SP003620,17,MFH,CDF,CDF
SP003578,SP003623,7,MFH,CDF,CMN
SP003578,SP003709,14,MFH,CDF,MAN
SP003578,SP003713,14,MFH,CDF,MAN
SP003578,SP003883,17,MFH,CDF,CDF
SP003578,SP003963,14,MFH,CDF,CDF
SP003580,SP003594,6,FGH,CDF,CMN
SP003580,SP003712,19,FGH,CDF,MAN
SP003580,SP003772,3,FGH,CDF,CLR
SP003581,SP004558,3,CDF,MFH,CMN
SP003582,SP004075,11,ABA,CDF,CDF
SP003585,SP003633,3,LLD,BHM,LLJ
SP003585,SP003764,3,LLD,BHM,BFF
SP003586,SP004015,4,HHD,CTR,BHM
SP003587,SP003931,3,CBG,KGX,LST
SP003587,SP003936,3,CBG,KGX,LST
SP003587,SP003938,3,CBG,KGX,LST
SP003587,SP004008,10,CBG,KGX,KGX
SP003587,SP004071,3,CBG,KGX,LST
SP003587,SP004164,3,CBG,KGX,LST
SP003587,SP004166,3,CBG,KGX,LST
SP003587,SP004168,3,CBG,KGX,LST
SP003587,SP004225,3,CBG,KGX,SRA
SP003587,SP004481,10,CBG,KGX,BTN
SP003587,SP004568,3,CBG,KGX,LST
SP003587,SP004632,3,CBG,KGX,BIS
SP003588,SP003809,10,BTN,BDM,WSW
SP003588,SP003989,5,BTN,BDM,BAK
SP003588,SP004194,16,BTN,BDM,BDM
SP003588,SP004487,10,BTN,BDM,BDM
SP003588,SP004582,10,BTN,BDM,BDM
SP003589,SP003794,4,BAK,HRH,ECR
SP003590,SP003617,10,MAN,FGH,CDF
SP003590,SP003676,10,MAN,FGH,CDF
SP003590,SP003678,20,MAN,FGH,FGH
SP003590,SP003686,20,MAN,FGH,PMD
SP003590,SP003692,26,MAN,FGH,CMN
SP003590,SP004023,3,MAN,FGH,EUS
SP003590,SP004209,13,MAN,FGH,SHR
SP003590,SP004402,3,MAN,FGH,MAC
SP003590,SP004565,26,MAN,FGH,MFH
SP003591,SP003666,3,PAD,RDG,TAU
SP003591,SP003788,3,PAD,RDG,SWA
SP003591,SP004186,3,PAD,RDG,FRO
SP003591,SP004248,3,PAD,RDG,WPH
SP003591,SP004338,3,PAD,RDG,BPW
SP003591,SP004416,3,PAD,RDG,BDW
SP003591,SP004476,3,PAD,RDG,BAN
SP003591,SP004599,3,PAD,RDG,WOS
SP003593,SP003603,5,GTW,BAL,WSW
SP003593,SP004119,5,GTW,BAL,RDH
SP003594,SP003712,6,FGH,CMN,MAN
SP003594,SP003772,3,FGH,CMN,CLR
SP003595,SP003822,11,WSW,GTW,TBD
SP003596,SP003755,3,RDG,PAD,PAD
SP003596,SP004040,7,RDG,PAD,PAD
SP003596,SP004520,6,RDG,PAD,PAD
SP003596,SP004629,3,RDG,PAD,PAD
SP003596,SP004630,3,RDG,PAD,PAD
SP003597,SP003816,10,GDP,LST,PDX
SP003598,SP003738,5,LST,GDP,HWC
SP003598,SP003741,5,LST,GDP,HPQ
SP003598,SP003743,5,LST,GDP,HPQ
SP003598,SP003905,5,LST,GDP,WTM
SP003598,SP003908,5,LST,GDP,WTM
SP003598,SP003910,5,LST,GDP,BTR
SP003598,SP003922,5,LST,GDP,COL
SP003598,SP003923,5,LST,GDP,COL
SP003598,SP003926,5,LST,GDP,COL
SP003598,SP003947,5,LST,GDP,SMN
SP003598,SP003948,5,LST,GDP,SOV
SP003598,SP003999,5,LST,GDP,CLT
SP003598,SP004024,5,LST,GDP,CLT
SP003598,SP004028,5,LST,GDP,CLT
SP003598,SP004029,5,LST,GDP,CLT
SP003598,SP004039,5,LST,GDP,CLT
SP003598,SP004049,5,LST,GDP,IPS
SP003598,SP004050,5,LST,GDP,IPS
SP003598,SP004053,5,LST,GDP,IPS
SP003598,SP004153,5,LST,GDP,WTM
SP003598,SP004622,4,LST,GDP,SOV
SP003599,SP003991,8,PBO,KGX,HRH
SP003599,SP003992,8,PBO,KGX,HRH
SP003599,SP003994,8,PBO,KGX,KGX
SP003599,SP003996,8,PBO,KGX,KGX
SP003599,SP004155,8,PBO,KGX,HRH
SP003599,SP004339,8,PBO,KGX,HRH
SP003599,SP004341,8,PBO,KGX,HRH
SP003600,SP003658,4,KGX,CBG,ELY
SP003600,SP003667,4,KGX,CBG,YRK
SP003600,SP003669,9,KGX,CBG,INV
SP003600,SP003855,3,KGX,CBG,ABD
SP003600,SP003859,3,KGX,CBG,LDS
SP003600,SP004237,3,KGX,CBG,PBO
SP003602,SP003716,10,ABX,MAI,PDX
SP003602,SP003730,14,ABX,MAI,HWV
SP003603,SP004119,5,GTW,WSW,RDH
SP003605,SP003612,10,LLJ,LIV,MIA
SP003605,SP003990,10,LLJ,LIV,MIA
SP003606,SP003607,5,YRK,MAN,LDS
SP003610,SP003673,8,BAK,TBD,WRH
SP003610,SP003843,4,BAK,TBD,HRH
SP003610,SP003969,3,BAK,TBD,BTN
SP003610,SP004013,16,BAK,TBD,HRH
SP003610,SP004142,6,BAK,TBD,OXT
SP003610,SP004307,8,BAK,TBD,BTN
SP003612,SP003990,18,LLJ,MIA,MIA
SP003613,SP003710,4,HAF,PAD,SNF
SP003613,SP004041,4,HAF,PAD,PAD
SP003615,SP004388,7,DVP,CST,SPX
SP003615,SP004614,4,DVP,CST,SPX
SP003616,SP003651,10,PLY,LDS,PAD
SP003617,SP003676,13,MAN,CDF,CDF
SP003617,SP003678,10,MAN,CDF,FGH
SP003617,SP003686,10,MAN,CDF,PMD
SP003617,SP003692,10,MAN,CDF,CMN
SP003617,SP004023,3,MAN,CDF,EUS
SP003617,SP004209,10,MAN,CDF,SHR
SP003617,SP004402,3,MAN,CDF,MAC
SP003617,SP004565,10,MAN,CDF,MFH
SP003619,SP003715,3,CDF,CTR,MAN
SP003619,SP004084,18,CDF,CTR,CRE
SP003619,SP004294,11,CDF,CTR,CTR
SP003620,SP003623,7,MFH,CDF,CMN
SP003620,SP003709,14,MFH,CDF,MAN
SP003620,SP003713,14,MFH,CDF,MAN
SP003620,SP003883,22,MFH,CDF,CDF
SP003620,SP003963,14,MFH,CDF,CDF
SP003621,SP003625,16,PMD,CDF,CDF
SP003621,SP003750,16,PMD,CDF,CDF
SP003621,SP003783,11,PMD,CDF,CMN
SP003622,SP003634,5,CDF,CMN,MST
SP003623,SP003709,7,MFH,CMN,MAN
SP003623,SP003713,7,MFH,CMN,MAN
SP003623,SP003883,7,MFH,CMN,CDF
SP003623,SP003963,7,MFH,CMN,CDF
SP003625,SP003750,16,PMD,CDF,CDF
SP003625,SP003783,11,PMD,CDF,CMN
SP003627,SP003758,8,BDM,TBD,BTN
SP003627,SP003861,19,BDM,TBD,BTN
SP003627,SP003865,17,BDM,TBD,BTN
SP003627,SP004203,19,BDM,TBD,BTN
SP003627,SP004204,8,BDM,TBD,BTN
SP003627,SP004596,17,BDM,TBD,TBD
SP003627,SP004598,8,BDM,TBD,BTN
SP003629,SP004196,8,TBD,BDM,BDM
SP003630,SP004580,10,DLJ,SQE,WCY
SP003633,SP003764,3,LLD,LLJ,BFF
SP003638,SP003679,3,RAY,PMH,SOU
SP003639,SP003808,4,EDB,GLC,GLC
SP003639,SP003970,3,EDB,GLC,EUS
SP003639,SP004263,3,EDB,GLC,MIA
SP003639,SP004448,3,EDB,GLC,GLC
SP003639,SP004456,3,EDB,GLC,GLC
SP003640,SP004554,5,DKG,BAK,BAK
SP003642,SP003647,3,BNP,LLP,LCP
SP003644,SP004623,4,EDB,INV,SBR
SP003644,SP004624,7,EDB,INV,ABD
SP003646,SP004308,4,DEE,EDB,GLQ
SP003646,SP004617,4,DEE,EDB,EDB
SP003646,SP004619,4,DEE,EDB,EDB
SP003649,SP004277,11,PNZ,PAD,PLY
SP003649,SP004492,11,PNZ,PAD,PLY
SP003649,SP004494,11,PNZ,PAD,PLY
SP003650,SP003901,7,MLN,MTH,ADR
SP003650,SP003907,7,MLN,MTH,EDB
SP003650,SP003909,7,MLN,MTH,EDB
SP003650,SP003912,7,MLN,MTH,BHG
SP003650,SP004222,14,MLN,MTH,MTH
SP003650,SP004290,7,MLN,MTH,SPR
SP003655,SP003661,26,BHC,ADR,ADR
SP003655,SP004302,9,BHC,ADR,DMR
SP003656,SP003698,6,CHX,GRV,DFD
SP003656,SP003699,8,CHX,GRV,ORP
SP003657,SP004026,3,LIV,NCL,CRE
SP003657,SP004143,5,LIV,NCL,NRW
SP003657,SP004261,7,LIV,NCL,DON
SP003657,SP004268,7,LIV,NCL,MIA
SP003657,SP004269,5,LIV,NCL,NRW
SP003658,SP003667,9,KGX,ELY,YRK
SP003658,SP003669,4,KGX,ELY,INV
SP003658,SP003855,3,KGX,ELY,ABD
SP003658,SP003859,3,KGX,ELY,LDS
SP003658,SP004237,3,KGX,ELY,PBO
SP003660,SP003929,6,ELY,KGX,LST
SP003660,SP003935,6,ELY,KGX,LST
SP003660,SP004171,6,ELY,KGX,LST
SP003660,SP004176,6,ELY,KGX,LST
SP003660,SP004210,6,ELY,KGX,LST
SP003660,SP004278,6,ELY,KGX,LST
SP003661,SP004302,9,BHC,ADR,DMR
SP003664,SP004404,12,RAM,CHX,SPX
SP003664,SP004618,12,RAM,CHX,SPX
SP003666,SP003788,12,PAD,TAU,SWA
SP003666,SP004186,6,PAD,TAU,FRO
SP003666,SP004248,7,PAD,TAU,WPH
SP003666,SP004338,9,PAD,TAU,BPW
SP003666,SP004416,6,PAD,TAU,BDW
SP003666,SP004476,7,PAD,TAU,BAN
SP003666,SP004599,9,PAD,TAU,WOS
SP003667,SP003669,4,KGX,YRK,INV
SP003667,SP003855,3,KGX,YRK,ABD
SP003667,SP003859,3,KGX,YRK,LDS
SP003667,SP004237,3,KGX,YRK,PBO
SP003669,SP003855,3,KGX,INV,ABD
SP003669,SP003859,3,KGX,INV,LDS
SP003669,SP004237,3,KGX,INV,PBO
SP003670,SP003781,4,BPN,LIV,LDS
SP003670,SP004097,6,BPN,LIV,MAN
SP003670,SP004106,4,BPN,LIV,YRK
SP003670,SP004205,3,BPN,LIV,CRE
SP003670,SP004229,16,BPN,LIV,LIV
SP003670,SP004295,4,BPN,LIV,YRK
SP003670,SP004426,8,BPN,LIV,LIV
SP003670,SP004526,6,BPN,LIV,MAN
SP003670,SP004578,4,BPN,LIV,CRE
SP003671,SP004285,5,HUL,SHF,DON
SP003671,SP004286,10,HUL,SHF,DON
SP003671,SP004292,4,HUL,SHF,DON
SP003673,SP003843,4,BAK,WRH,HRH
SP003673,SP003969,3,BAK,WRH,BTN
SP003673,SP004013,8,BAK,WRH,HRH
SP003673,SP004142,6,BAK,WRH,OXT
SP003673,SP004307,10,BAK,WRH,BTN
SP003675,SP003677,9,BAL,WRH,WRH
SP003675,SP003756,5,BAL,WRH,BTN
SP003675,SP004020,7,BAL,WRH,GTW
SP003675,SP004086,6,BAL,WRH,WRH
SP003676,SP003678,10,MAN,CDF,FGH
SP003676,SP003686,10,MAN,CDF,PMD
SP003676,SP003692,10,MAN,CDF,CMN
SP003676,SP004023,3,MAN,CDF,EUS
SP003676,SP004209,10,MAN,CDF,SHR
SP003676,SP004402,3,MAN,CDF,MAC
SP003676,SP004565,10,MAN,CDF,MFH
SP003677,SP003756,5,BAL,WRH,BTN
SP003677,SP004020,7,BAL,WRH,GTW
SP003677,SP004086,6,BAL,WRH,WRH
SP003678,SP003686,36,MAN,FGH,PMD
SP003678,SP003692,20,MAN,FGH,CMN
SP003678,SP004023,3,MAN,FGH,EUS
SP003678,SP004209,13,MAN,FGH,SHR
SP003678,SP004402,3,MAN,FGH,MAC
SP003678,SP004565,20,MAN,FGH,MFH
SP003680,SP003775,4,DMR,BHC,HLC
SP003681,SP003774,14,ADR,BHC,HLC
SP003681,SP003892,16,ADR,BHC,MLN
SP003682,SP004200,10,SOU,BTN,BTN
SP003682,SP004202,7,SOU,BTN,BTN
SP003682,SP004208,17,SOU,BTN,BTN
SP003684,SP003795,8,LST,SSD,BIS
SP003684,SP003927,6,LST,SSD,ELY
SP003684,SP003930,6,LST,SSD,CMB
SP003684,SP003937,9,LST,SSD,CBG
SP003684,SP004065,8,LST,SSD,ELY
SP003684,SP004066,9,LST,SSD,CMB
SP003684,SP004073,8,LST,SSD,CMB
SP003684,SP004074,9,LST,SSD,CMB
SP003684,SP004076,9,LST,SSD,CBG
SP003684,SP004082,5,LST,SSD,HFE
SP003684,SP004087,5,LST,SSD,HFE
SP003684,SP004091,5,LST,SSD,HFE
SP003684,SP004170,8,LST,SSD,CMB
SP003684,SP004173,9,LST,SSD,CMB
SP003684,SP004193,9,LST,SSD,CBG
SP003684,SP004567,5,LST,SSD,ELY
SP003684,SP004569,8,LST,SSD,ELY
SP003684,SP004627,9,LST,SSD,SSD
SP003685,SP003747,8,SSD,TOM,LST
SP003686,SP003692,20,MAN,PMD,CMN
SP003686,SP004023,3,MAN,PMD,EUS
SP003686,SP004209,13,MAN,PMD,SHR
SP003686,SP004402,3,MAN,PMD,MAC
SP003686,SP004565,20,MAN,PMD,MFH
SP003690,SP003704,20,CUB,DMR,DMR
SP003690,SP003727,22,CUB,DMR,MLN
SP003692,SP004023,3,MAN,CMN,EUS
SP003692,SP004209,13,MAN,CMN,SHR
SP003692,SP004402,3,MAN,CMN,MAC
SP003692,SP004565,41,MAN,CMN,MFH
SP003698,SP003699,6,CHX,DFD,ORP
SP003704,SP003727,20,CUB,DMR,MLN
SP003707,SP004451,8,MIA,BPN,OXN
SP003707,SP004500,5,MIA,BPN,LIV
SP003709,SP003713,22,MFH,MAN,MAN
SP003709,SP003883,14,MFH,MAN,CDF
SP003709,SP003963,16,MFH,MAN,CDF
SP003710,SP004041,4,HAF,SNF,PAD
SP003711,SP004118,9,MIA,BPN,LIV
SP003711,SP004489,7,MIA,BPN,CLE
SP003711,SP004503,12,MIA,BPN,BIF
SP003711,SP004572,14,MIA,BPN,BPN
SP003711,SP004585,7,MIA,BPN,SCA
SP003712,SP003772,3,FGH,MAN,CLR
SP003713,SP003883,14,MFH,MAN,CDF
SP003713,SP003963,16,MFH,MAN,CDF
SP003714,SP003957,3,PAD,HWV,GFD
SP003715,SP004084,3,CDF,MAN,CRE
SP003715,SP004294,3,CDF,MAN,CTR
SP003716,SP003730,10,ABX,PDX,HWV
SP003720,SP004649,3,XVJ,RAM,HOV
SP003724,SP003984,4,BPN,MIA,MIA
SP003738,SP003741,10,LST,HWC,HPQ
SP003738,SP003743,17,LST,HWC,HPQ
SP003738,SP003905,8,LST,HWC,WTM
SP003738,SP003908,8,LST,HWC,WTM
SP003738,SP003910,10,LST,HWC,BTR
SP003738,SP003922,10,LST,HWC,COL
SP003738,SP003923,8,LST,HWC,COL
SP003738,SP003926,8,LST,HWC,COL
SP003738,SP003947,8,LST,HWC,SMN
SP003738,SP003948,5,LST,HWC,SOV
SP003738,SP003999,10,LST,HWC,CLT
SP003738,SP004024,11,LST,HWC,CLT
SP003738,SP004028,14,LST,HWC,CLT
SP003738,SP004029,10,LST,HWC,CLT
SP003738,SP004039,8,LST,HWC,CLT
SP003738,SP004049,8,LST,HWC,IPS
SP003738,SP004050,15,LST,HWC,IPS
SP003738,SP004053,11,LST,HWC,IPS
SP003738,SP004153,6,LST,HWC,WTM
SP003738,SP004622,4,LST,HWC,SOV
SP003739,SP004064,6,HWC,LST,MNG
SP003739,SP004160,7,HWC,LST,COL
SP003739,SP004318,13,HWC,LST,LST
SP003741,SP003743,10,LST,HPQ,HPQ
SP003741,SP003905,8,LST,HPQ,WTM
SP003741,SP003908,8,LST,HPQ,WTM
SP003741,SP003910,12,LST,HPQ,BTR
SP003741,SP003922,15,LST,HPQ,COL
SP003741,SP003923,8,LST,HPQ,COL
SP003741,SP003926,8,LST,HPQ,COL
SP003741,SP003947,8,LST,HPQ,SMN
SP003741,SP003948,5,LST,HPQ,SOV
SP003741,SP003999,15,LST,HPQ,CLT
SP003741,SP004024,10,LST,HPQ,CLT
SP003741,SP004028,10,LST,HPQ,CLT
SP003741,SP004029,12,LST,HPQ,CLT
SP003741,SP004039,8,LST,HPQ,CLT
SP003741,SP004049,8,LST,HPQ,IPS
SP003741,SP004050,10,LST,HPQ,IPS
SP003741,SP004053,10,LST,HPQ,IPS
SP003741,SP004153,6,LST,HPQ,WTM
SP003741,SP004622,4,LST,HPQ,SOV
SP003743,SP003905,8,LST,HPQ,WTM
SP003743,SP003908,8,LST,HPQ,WTM
SP003743,SP003910,10,LST,HPQ,BTR
SP003743,SP003922,10,LST,HPQ,COL
SP003743,SP003923,8,LST,HPQ,COL
SP003743,SP003926,8,LST,HPQ,COL
SP003743,SP003947,8,LST,HPQ,SMN
SP003743,SP003948,5,LST,HPQ,SOV
SP003743,SP003999,10,LST,HPQ,CLT
SP003743,SP004024,11,LST,HPQ,CLT
SP003743,SP004028,14,LST,HPQ,CLT
SP003743,SP004029,10,LST,HPQ,CLT
SP003743,SP004039,8,LST,HPQ,CLT
SP003743,SP004049,8,LST,HPQ,IPS
SP003743,SP004050,15,LST,HPQ,IPS
SP003743,SP004053,11,LST,HPQ,IPS
SP003743,SP004153,6,LST,HPQ,WTM
SP003743,SP004622,4,LST,HPQ,SOV
SP003750,SP003783,11,PMD,CDF,CMN
SP003754,SP004459,12,LIV,WGN,MCV
SP003755,SP004040,3,RDG,PAD,PAD
SP003755,SP004520,3,RDG,PAD,PAD
SP003755,SP004629,4,RDG,PAD,PAD
SP003755,SP004630,5,RDG,PAD,PAD
SP003756,SP004020,5,BAL,BTN,GTW
SP003756,SP004086,5,BAL,BTN,WRH
SP003757,SP003761,4,EDB,LEV,COW
SP003757,SP003767,12,EDB,LEV,GLT
SP003757,SP003833,4,EDB,LEV,GLT
SP003757,SP003878,4,EDB,LEV,PTH
SP003758,SP003861,8,BDM,BTN,BTN
SP003758,SP003865,8,BDM,BTN,BTN
SP003758,SP004203,8,BDM,BTN,BTN
SP003758,SP004204,18,BDM,BTN,BTN
SP003758,SP004596,8,BDM,BTN,TBD
SP003758,SP004598,17,BDM,BTN,BTN
SP003759,SP003812,4,EBN,BAL,HHE
SP003759,SP004147,4,EBN,BAL,HHE
SP003759,SP004505,18,EBN,BAL,BAK
SP003759,SP004595,4,EBN,BAL,WSW
SP003760,SP004546,3,CHX,GRV,HGS
SP003760,SP004547,3,CHX,GRV,HGS
SP003760,SP004549,3,CHX,GRV,HGS
SP003760,SP004551,3,CHX,GRV,HGS
SP003761,SP003767,4,EDB,COW,GLT
SP003761,SP003833,7,EDB,COW,GLT
SP003761,SP003878,11,EDB,COW,PTH
SP003766,SP003819,7,GLQ,FKG,CUB
SP003767,SP003833,4,EDB,GLT,GLT
SP003767,SP003878,4,EDB,GLT,PTH
SP003768,SP003770,7,HLC,EDB,BHG
SP003768,SP003773,7,HLC,EDB,ADR
SP003768,SP003782,10,HLC,EDB,EDB
SP003770,SP003773,26,HLC,BHG,ADR
SP003770,SP003782,7,HLC,BHG,EDB
SP003773,SP003782,7,HLC,ADR,EDB
SP003774,SP003892,14,ADR,HLC,MLN
SP003776,SP003779,6,EDB,HLC,HLC
SP003776,SP003792,6,EDB,HLC,HLC
SP003776,SP003796,6,EDB,HLC,GRS
SP003776,SP003893,6,EDB,HLC,MLN
SP003776,SP003897,6,EDB,HLC,GRS
SP003776,SP003902,6,EDB,HLC,MLN
SP003776,SP004316,6,EDB,HLC,ADR
SP003776,SP004504,3,EDB,HLC,ABD
SP003776,SP004507,4,EDB,HLC,FTW
SP003777,SP003778,8,SRA,BIS,BIS
SP003777,SP003785,5,SRA,BIS,BIS
SP003777,SP003787,8,SRA,BIS,BIS
SP003777,SP003791,5,SRA,BIS,BIS
SP003777,SP004095,5,SRA,BIS,HFE
SP003777,SP004425,5,SRA,BIS,HFE
SP003777,SP004428,5,SRA,BIS,HFE
SP003777,SP004439,5,SRA,BIS,BIS
SP003777,SP004442,5,SRA,BIS,BIS
SP003778,SP003785,5,SRA,BIS,BIS
SP003778,SP003787,11,SRA,BIS,BIS
SP003778,SP003791,5,SRA,BIS,BIS
SP003778,SP004095,5,SRA,BIS,HFE
SP003778,SP004425,5,SRA,BIS,HFE
SP003778,SP004428,5,SRA,BIS,HFE
SP003778,SP004439,5,SRA,BIS,BIS
SP003778,SP004442,5,SRA,BIS,BIS
SP003779,SP003792,17,EDB,HLC,HLC
SP003779,SP003796,24,EDB,HLC,GRS
SP003779,SP003893,11,EDB,HLC,MLN
SP003779,SP003897,11,EDB,HLC,GRS
SP003779,SP003902,24,EDB,HLC,MLN
SP003779,SP004316,11,EDB,HLC,ADR
SP003779,SP004504,3,EDB,HLC,ABD
SP003779,SP004507,4,EDB,HLC,FTW
SP003780,SP003784,8,SWA,CMN,FGH
SP003780,SP003828,3,SWA,CMN,SHR
SP003781,SP004097,4,BPN,LDS,MAN
SP003781,SP004106,11,BPN,LDS,YRK
SP003781,SP004205,3,BPN,LDS,CRE
SP003781,SP004229,4,BPN,LDS,LIV
SP003781,SP004295,4,BPN,LDS,YRK
SP003781,SP004426,4,BPN,LDS,LIV
SP003781,SP004526,4,BPN,LDS,MAN
SP003781,SP004578,4,BPN,LDS,CRE
SP003784,SP003828,3,SWA,FGH,SHR
SP003785,SP003787,5,SRA,BIS,BIS
SP003785,SP003791,7,SRA,BIS,BIS
SP003785,SP004095,11,SRA,BIS,HFE
SP003785,SP004425,8,SRA,BIS,HFE
SP003785,SP004428,7,SRA,BIS,HFE
SP003785,SP004439,7,SRA,BIS,BIS
SP003785,SP004442,7,SRA,BIS,BIS
SP003786,SP003972,3,BHM,HHD,SHR
SP003786,SP004019,3,BHM,HHD,GLC
SP003787,SP003791,5,SRA,BIS,BIS
SP003787,SP004095,5,SRA,BIS,HFE
SP003787,SP004425,5,SRA,BIS,HFE
SP003787,SP004428,5,SRA,BIS,HFE
SP003787,SP004439,5,SRA,BIS,BIS
SP003787,SP004442,5,SRA,BIS,BIS
SP003788,SP004186,6,PAD,SWA,FRO
SP003788,SP004248,7,PAD,SWA,WPH
SP003788,SP004338,9,PAD,SWA,BPW
SP003788,SP004416,6,PAD,SWA,BDW
SP003788,SP004476,7,PAD,SWA,BAN
SP003788,SP004599,9,PAD,SWA,WOS
SP003791,SP004095,7,SRA,BIS,HFE
SP003791,SP004425,7,SRA,BIS,HFE
SP003791,SP004428,7,SRA,BIS,HFE
SP003791,SP004439,7,SRA,BIS,BIS
SP003791,SP004442,7,SRA,BIS,BIS
SP003792,SP003796,17,EDB,HLC,GRS
SP003792,SP003893,11,EDB,HLC,MLN
SP003792,SP003897,11,EDB,HLC,GRS
SP003792,SP003902,17,EDB,HLC,MLN
SP003792,SP004316,11,EDB,HLC,ADR
SP003792,SP004504,3,EDB,HLC,ABD
SP003792,SP004507,4,EDB,HLC,FTW
SP003795,SP003927,6,LST,BIS,ELY
SP003795,SP003930,6,LST,BIS,CMB
SP003795,SP003937,8,LST,BIS,CBG
SP003795,SP004065,10,LST,BIS,ELY
SP003795,SP004066,8,LST,BIS,CMB
SP003795,SP004073,13,LST,BIS,CMB
SP003795,SP004074,8,LST,BIS,CMB
SP003795,SP004076,8,LST,BIS,CBG
SP003795,SP004082,5,LST,BIS,HFE
SP003795,SP004087,5,LST,BIS,HFE
SP003795,SP004091,5,LST,BIS,HFE
SP003795,SP004170,10,LST,BIS,CMB
SP003795,SP004173,8,LST,BIS,CMB
SP003795,SP004193,8,LST,BIS,CBG
SP003795,SP004567,5,LST,BIS,ELY
SP003795,SP004569,13,LST,BIS,ELY
SP003795,SP004627,8,LST,BIS,SSD
SP003796,SP003893,11,EDB,GRS,MLN
SP003796,SP003897,11,EDB,GRS,GRS
SP003796,SP003902,24,EDB,GRS,MLN
SP003796,SP004316,11,EDB,GRS,ADR
SP003796,SP004504,3,EDB,GRS,ABD
SP003796,SP004507,4,EDB,GRS,FTW
SP003799,SP003801,5,INV,DIN,IGD
SP003799,SP003802,5,INV,DIN,ARD
SP003799,SP003804,5,INV,DIN,TAI
SP003799,SP003805,5,INV,DIN,KYL
SP003801,SP003802,7,INV,IGD,ARD
SP003801,SP003804,7,INV,IGD,TAI
SP003801,SP003805,5,INV,IGD,KYL
SP003802,SP003804,9,INV,ARD,TAI
SP003802,SP003805,5,INV,ARD,KYL
SP003804,SP003805,5,INV,TAI,KYL
SP003807,SP004116,9,GRS,EDB,EDB
SP003807,SP004287,9,GRS,EDB,SPR
SP003808,SP003970,3,EDB,GLC,EUS
SP003808,SP004263,3,EDB,GLC,MIA
SP003808,SP004448,3,EDB,GLC,GLC
SP003808,SP004456,3,EDB,GLC,GLC
SP003809,SP003989,5,BTN,WSW,BAK
SP003809,SP004194,10,BTN,WSW,BDM
SP003809,SP004487,10,BTN,WSW,BDM
SP003809,SP004582,12,BTN,WSW,BDM
SP003810,SP004310,7,ABD,DEE,GLQ
SP003810,SP004615,7,ABD,DEE,GLQ
SP003812,SP004147,8,EBN,HHE,HHE
SP003812,SP004505,4,EBN,HHE,BAK
SP003812,SP004595,13,EBN,HHE,WSW
SP003820,SP003829,8,TPB,FST,FST
SP003820,SP003852,8,TPB,FST,FST
SP003820,SP003997,8,TPB,FST,FST
SP003820,SP004132,9,TPB,FST,FST
SP003821,SP003823,4,SRY,FST,FST
SP003821,SP003825,4,SRY,FST,FST
SP003821,SP003827,4,SRY,FST,FST
SP003821,SP003830,4,SRY,FST,FST
SP003821,SP003835,4,SRY,FST,FST
SP003821,SP003848,4,SRY,FST,FST
SP003821,SP003850,4,SRY,FST,FST
SP003823,SP003825,7,SRY,FST,FST
SP003823,SP003827,7,SRY,FST,FST
SP003823,SP003830,9,SRY,FST,FST
SP003823,SP003835,7,SRY,FST,FST
SP003823,SP003848,9,SRY,FST,FST
SP003823,SP003850,9,SRY,FST,FST
SP003825,SP003827,8,SRY,FST,FST
SP003825,SP003830,7,SRY,FST,FST
SP003825,SP003835,8,SRY,FST,FST
SP003825,SP003848,7,SRY,FST,FST
SP003825,SP003850,7,SRY,FST,FST
SP003827,SP003830,7,SRY,FST,FST
SP003827,SP003835,10,SRY,FST,FST
SP003827,SP003848,7,SRY,FST,FST
SP003827,SP003850,7,SRY,FST,FST
SP003829,SP003852,10,TPB,FST,FST
SP003829,SP003997,8,TPB,FST,FST
SP003829,SP004132,8,TPB,FST,FST
SP003830,SP003835,7,SRY,FST,FST
SP003830,SP003848,11,SRY,FST,FST
SP003830,SP003850,14,SRY,FST,FST
SP003833,SP003878,7,EDB,GLT,PTH
SP003835,SP003848,7,SRY,FST,FST
SP003835,SP003850,7,SRY,FST,FST
SP003839,SP003966,6,SHF,PNS,WKK
SP003839,SP004470,6,SHF,PNS,LDS
SP003842,SP003854,4,POO,NEM,NEM
SP003843,SP003969,3,BAK,HRH,BTN
SP003843,SP004013,4,BAK,HRH,HRH
SP003843,SP004142,4,BAK,HRH,OXT
SP003843,SP004307,4,BAK,HRH,BTN
SP003844,SP003846,14,NEM,BMH,BMH
SP003844,SP003849,15,NEM,BMH,BMH
SP003844,SP003851,7,NEM,BMH,SOU
SP003844,SP003871,4,NEM,BMH,SAL
SP003844,SP003917,4,NEM,BMH,BMH
SP003844,SP003939,3,NEM,BMH,PTR
SP003844,SP004198,15,NEM,BMH,POO
SP003846,SP003849,14,NEM,BMH,BMH
SP003846,SP003851,7,NEM,BMH,SOU
SP003846,SP003871,4,NEM,BMH,SAL
SP003846,SP003917,4,NEM,BMH,BMH
SP003846,SP003939,3,NEM,BMH,PTR
SP003846,SP004198,14,NEM,BMH,POO
SP003848,SP003850,11,SRY,FST,FST
SP003849,SP003851,7,NEM,BMH,SOU
SP003849,SP003871,4,NEM,BMH,SAL
SP003849,SP003917,4,NEM,BMH,BMH
SP003849,SP003939,3,NEM,BMH,PTR
SP003849,SP004198,16,NEM,BMH,POO
SP003851,SP003871,4,NEM,SOU,SAL
SP003851,SP003917,4,NEM,SOU,BMH
SP003851,SP003939,3,NEM,SOU,PTR
SP003851,SP004198,7,NEM,SOU,POO
SP003852,SP003997,8,TPB,FST,FST
SP003852,SP004132,8,TPB,FST,FST
SP003855,SP003859,28,KGX,ABD,LDS
SP003855,SP004237,3,KGX,ABD,PBO
SP003859,SP004237,3,KGX,LDS,PBO
SP003861,SP003865,17,BDM,BTN,BTN
SP003861,SP004203,23,BDM,BTN,BTN
SP003861,SP004204,8,BDM,BTN,BTN
SP003861,SP004596,17,BDM,BTN,TBD
SP003861,SP004598,8,BDM,BTN,BTN
SP003862,SP003985,3,SHF,CLE,LDS
SP003865,SP004203,17,BDM,BTN,BTN
SP003865,SP004204,8,BDM,BTN,BTN
SP003865,SP004596,20,BDM,BTN,TBD
SP003865,SP004598,8,BDM,BTN,BTN
SP003866,SP004220,24,FTW,EDB,EDB
SP003867,SP004114,5,MYB,OXF,BCS
SP003867,SP004157,11,MYB,OXF,BMO
SP003867,SP004159,3,MYB,OXF,AYS
SP003867,SP004182,3,MYB,OXF,AYS
SP003867,SP004185,5,MYB,OXF,BAN
SP003867,SP004191,11,MYB,OXF,SBJ
SP003867,SP004233,3,MYB,OXF,WRU
SP003867,SP004257,6,MYB,OXF,BMO
SP003867,SP004445,6,MYB,OXF,BAN
SP003867,SP004479,9,MYB,OXF,PRR
SP003867,SP004563,3,MYB,OXF,OXF
SP003867,SP004608,3,MYB,OXF,WCX
SP003867,SP004609,3,MYB,OXF,GER
SP003867,SP004626,5,MYB,OXF,OXF
SP003867,SP004635,3,MYB,OXF,BMO
SP003867,SP004637,3,MYB,OXF,AYS
SP003867,SP004639,5,MYB,OXF,BAN
SP003867,SP004641,6,MYB,OXF,BSW
SP003869,SP003951,3,HUL,MAN,YRK
SP003869,SP003980,5,HUL,MAN,HFX
SP003869,SP004117,5,HUL,MAN,LDS
SP003869,SP004465,5,HUL,MAN,HFX
SP003870,SP003876,4,SVG,AAP,WGC
SP003871,SP003917,5,NEM,SAL,BMH
SP003871,SP003939,3,NEM,SAL,PTR
SP003871,SP004198,4,NEM,SAL,POO
SP003872,SP004266,13,EXD,SAL,SAL
SP003873,SP004221,3,YRK,SHF,BPN
SP003874,SP003940,5,PSE,FST,FST
SP003880,SP003888,8,BTR,LST,LST
SP003880,SP004156,5,BTR,LST,SNF
SP003881,SP003975,6,SOC,FST,FST
SP003882,SP003967,12,BHM,MKC,NMP
SP003882,SP004063,15,BHM,MKC,EUS
SP003883,SP003963,14,MFH,CDF,CDF
SP003885,SP003919,3,WTM,LST,LST
SP003888,SP004156,5,BTR,LST,SNF
SP003893,SP003897,13,EDB,MLN,GRS
SP003893,SP003902,11,EDB,MLN,MLN
SP003893,SP004316,11,EDB,MLN,ADR
SP003893,SP004504,3,EDB,MLN,ABD
SP003893,SP004507,4,EDB,MLN,FTW
SP003894,SP004289,6,HYN,EDB,SPR
SP003896,SP003898,3,BHG,MLN,MLN
SP003897,SP003902,11,EDB,GRS,MLN
SP003897,SP004316,11,EDB,GRS,ADR
SP003897,SP004504,3,EDB,GRS,ABD
SP003897,SP004507,4,EDB,GRS,FTW
SP003901,SP003907,13,MLN,ADR,EDB
SP003901,SP003909,13,MLN,ADR,EDB
SP003901,SP003912,15,MLN,ADR,BHG
SP003901,SP004222,7,MLN,ADR,MTH
SP003901,SP004290,11,MLN,ADR,SPR
SP003902,SP004316,11,EDB,MLN,ADR
SP003902,SP004504,3,EDB,MLN,ABD
SP003902,SP004507,4,EDB,MLN,FTW
SP003903,SP004466,6,WEY,NEM,NEM
SP003905,SP003908,11,LST,WTM,WTM
SP003905,SP003910,8,LST,WTM,BTR
SP003905,SP003922,8,LST,WTM,COL
SP003905,SP003923,11,LST,WTM,COL
SP003905,SP003926,13,LST,WTM,COL
SP003905,SP003947,8,LST,WTM,SMN
SP003905,SP003948,5,LST,WTM,SOV
SP003905,SP003999,8,LST,WTM,CLT
SP003905,SP004024,8,LST,WTM,CLT
SP003905,SP004028,8,LST,WTM,CLT
SP003905,SP004029,8,LST,WTM,CLT
SP003905,SP004039,11,LST,WTM,CLT
SP003905,SP004049,13,LST,WTM,IPS
SP003905,SP004050,8,LST,WTM,IPS
SP003905,SP004053,8,LST,WTM,IPS
SP003905,SP004153,6,LST,WTM,WTM
SP003905,SP004622,4,LST,WTM,SOV
SP003907,SP003909,17,MLN,EDB,EDB
SP003907,SP003912,13,MLN,EDB,BHG
SP003907,SP004222,7,MLN,EDB,MTH
SP003907,SP004290,11,MLN,EDB,SPR
SP003908,SP003910,8,LST,WTM,BTR
SP003908,SP003922,8,LST,WTM,COL
SP003908,SP003923,12,LST,WTM,COL
SP003908,SP003926,11,LST,WTM,COL
SP003908,SP003947,8,LST,WTM,SMN
SP003908,SP003948,5,LST,WTM,SOV
SP003908,SP003999,8,LST,WTM,CLT
SP003908,SP004024,8,LST,WTM,CLT
SP003908,SP004028,8,LST,WTM,CLT
SP003908,SP004029,8,LST,WTM,CLT
SP003908,SP004039,12,LST,WTM,CLT
SP003908,SP004049,11,LST,WTM,IPS
SP003908,SP004050,8,LST,WTM,IPS
SP003908,SP004053,8,LST,WTM,IPS
SP003908,SP004153,6,LST,WTM,WTM
SP003908,SP004622,4,LST,WTM,SOV
SP003909,SP003912,13,MLN,EDB,BHG
SP003909,SP004222,7,MLN,EDB,MTH
SP003909,SP004290,11,MLN,EDB,SPR
SP003910,SP003922,12,LST,BTR,COL
SP003910,SP003923,8,LST,BTR,COL
SP003910,SP003926,8,LST,BTR,COL
SP003910,SP003947,8,LST,BTR,SMN
SP003910,SP003948,5,LST,BTR,SOV
SP003910,SP003999,12,LST,BTR,CLT
SP003910,SP004024,10,LST,BTR,CLT
SP003910,SP004028,10,LST,BTR,CLT
SP003910,SP004029,12,LST,BTR,CLT
SP003910,SP004039,8,LST,BTR,CLT
SP003910,SP004049,8,LST,BTR,IPS
SP003910,SP004050,10,LST,BTR,IPS
SP003910,SP004053,10,LST,BTR,IPS
SP003910,SP004153,6,LST,BTR,WTM
SP003910,SP004622,4,LST,BTR,SOV
SP003912,SP004222,7,MLN,BHG,MTH
SP003912,SP004290,11,MLN,BHG,SPR
SP003915,SP004591,8,WHP,RAI,RAI
SP003916,SP004206,14,DMR,EDB,EDB
SP003916,SP004235,8,DMR,EDB,CRS
SP003917,SP003939,3,NEM,BMH,PTR
SP003917,SP004198,4,NEM,BMH,POO
SP003922,SP003923,8,LST,COL,COL
SP003922,SP003926,8,LST,COL,COL
SP003922,SP003947,8,LST,COL,SMN
SP003922,SP003948,5,LST,COL,SOV
SP003922,SP003999,15,LST,COL,CLT
SP003922,SP004024,10,LST,COL,CLT
SP003922,SP004028,10,LST,COL,CLT
SP003922,SP004029,12,LST,COL,CLT
SP003922,SP004039,8,LST,COL,CLT
SP003922,SP004049,8,LST,COL,IPS
SP003922,SP004050,10,LST,COL,IPS
SP003922,SP004053,10,LST,COL,IPS
SP003922,SP004153,6,LST,COL,WTM
SP003922,SP004622,4,LST,COL,SOV
SP003923,SP003926,11,LST,COL,COL
SP003923,SP003947,8,LST,COL,SMN
SP003923,SP003948,5,LST,COL,SOV
SP003923,SP003999,8,LST,COL,CLT
SP003923,SP004024,8,LST,COL,CLT
SP003923,SP004028,8,LST,COL,CLT
SP003923,SP004029,8,LST,COL,CLT
SP003923,SP004039,12,LST,COL,CLT
SP003923,SP004049,11,LST,COL,IPS
SP003923,SP004050,8,LST,COL,IPS
SP003923,SP004053,8,LST,COL,IPS
SP003923,SP004153,6,LST,COL,WTM
SP003923,SP004622,4,LST,COL,SOV
SP003926,SP003947,8,LST,COL,SMN
SP003926,SP003948,5,LST,COL,SOV
SP003926,SP003999,8,LST,COL,CLT
SP003926,SP004024,8,LST,COL,CLT
SP003926,SP004028,8,LST,COL,CLT
SP003926,SP004029,8,LST,COL,CLT
SP003926,SP004039,11,LST,COL,CLT
SP003926,SP004049,16,LST,COL,IPS
SP003926,SP004050,8,LST,COL,IPS
SP003926,SP004053,8,LST,COL,IPS
SP003926,SP004153,6,LST,COL,WTM
SP003926,SP004622,4,LST,COL,SOV
SP003927,SP003930,19,LST,ELY,CMB
SP003927,SP003937,6,LST,ELY,CBG
SP003927,SP004065,6,LST,ELY,ELY
SP003927,SP004066,6,LST,ELY,CMB
SP003927,SP004073,6,LST,ELY,CMB
SP003927,SP004074,6,LST,ELY,CMB
SP003927,SP004076,6,LST,ELY,CBG
SP003927,SP004082,5,LST,ELY,HFE
SP003927,SP004087,5,LST,ELY,HFE
SP003927,SP004091,5,LST,ELY,HFE
SP003927,SP004170,6,LST,ELY,CMB
SP003927,SP004173,6,LST,ELY,CMB
SP003927,SP004193,6,LST,ELY,CBG
SP003927,SP004567,5,LST,ELY,ELY
SP003927,SP004569,6,LST,ELY,ELY
SP003927,SP004627,6,LST,ELY,SSD
SP003929,SP003935,11,ELY,LST,LST
SP003929,SP004171,6,ELY,LST,LST
SP003929,SP004176,6,ELY,LST,LST
SP003929,SP004210,6,ELY,LST,LST
SP003929,SP004278,18,ELY,LST,LST
SP003930,SP003937,6,LST,CMB,CBG
SP003930,SP004065,6,LST,CMB,ELY
SP003930,SP004066,6,LST,CMB,CMB
SP003930,SP004073,6,LST,CMB,CMB
SP003930,SP004074,6,LST,CMB,CMB
SP003930,SP004076,6,LST,CMB,CBG
SP003930,SP004082,5,LST,CMB,HFE
SP003930,SP004087,5,LST,CMB,HFE
SP003930,SP004091,5,LST,CMB,HFE
SP003930,SP004170,6,LST,CMB,CMB
SP003930,SP004173,6,LST,CMB,CMB
SP003930,SP004193,6,LST,CMB,CBG
SP003930,SP004567,5,LST,CMB,ELY
SP003930,SP004569,6,LST,CMB,ELY
SP003930,SP004627,6,LST,CMB,SSD
SP003931,SP003936,5,CBG,LST,LST
SP003931,SP003938,3,CBG,LST,LST
SP003931,SP004008,3,CBG,LST,KGX
SP003931,SP004071,3,CBG,LST,LST
SP003931,SP004164,7,CBG,LST,LST
SP003931,SP004166,3,CBG,LST,LST
SP003931,SP004168,3,CBG,LST,LST
SP003931,SP004225,7,CBG,LST,SRA
SP003931,SP004481,3,CBG,LST,BTN
SP003931,SP004568,7,CBG,LST,LST
SP003931,SP004632,3,CBG,LST,BIS
SP003932,SP003934,22,LIF,LOB,BMV
SP003933,SP004016,9,BHM,BMV,RDC
SP003933,SP004090,4,BHM,BMV,WOF
SP003935,SP004171,6,ELY,LST,LST
SP003935,SP004176,6,ELY,LST,LST
SP003935,SP004210,6,ELY,LST,LST
SP003935,SP004278,11,ELY,LST,LST
SP003936,SP003938,3,CBG,LST,LST
SP003936,SP004008,3,CBG,LST,KGX
SP003936,SP004071,3,CBG,LST,LST
SP003936,SP004164,5,CBG,LST,LST
SP003936,SP004166,3,CBG,LST,LST
SP003936,SP004168,3,CBG,LST,LST
SP003936,SP004225,5,CBG,LST,SRA
SP003936,SP004481,3,CBG,LST,BTN
SP003936,SP004568,5,CBG,LST,LST
SP003936,SP004632,3,CBG,LST,BIS
SP003937,SP004065,8,LST,CBG,ELY
SP003937,SP004066,13,LST,CBG,CMB
SP003937,SP004073,8,LST,CBG,CMB
SP003937,SP004074,9,LST,CBG,CMB
SP003937,SP004076,9,LST,CBG,CBG
SP003937,SP004082,5,LST,CBG,HFE
SP003937,SP004087,5,LST,CBG,HFE
SP003937,SP004091,5,LST,CBG,HFE
SP003937,SP004170,8,LST,CBG,CMB
SP003937,SP004173,9,LST,CBG,CMB
SP003937,SP004193,13,LST,CBG,CBG
SP003937,SP004567,5,LST,CBG,ELY
SP003937,SP004569,8,LST,CBG,ELY
SP003937,SP004627,9,LST,CBG,SSD
SP003938,SP004008,3,CBG,LST,KGX
SP003938,SP004071,11,CBG,LST,LST
SP003938,SP004164,3,CBG,LST,LST
SP003938,SP004166,11,CBG,LST,LST
SP003938,SP004168,11,CBG,LST,LST
SP003938,SP004225,3,CBG,LST,SRA
SP003938,SP004481,3,CBG,LST,BTN
SP003938,SP004568,3,CBG,LST,LST
SP003938,SP004632,11,CBG,LST,BIS
SP003939,SP004198,3,NEM,PTR,POO
SP003943,SP004130,5,LDS,HUD,DEW
SP003945,SP003946,7,SMN,LST,LST
SP003945,SP004231,7,SMN,LST,WIC
SP003945,SP004385,10,SMN,LST,LST
SP003946,SP004231,7,SMN,LST,WIC
SP003946,SP004385,7,SMN,LST,LST
SP003947,SP003948,5,LST,SMN,SOV
SP003947,SP003999,8,LST,SMN,CLT
SP003947,SP004024,8,LST,SMN,CLT
SP003947,SP004028,8,LST,SMN,CLT
SP003947,SP004029,8,LST,SMN,CLT
SP003947,SP004039,8,LST,SMN,CLT
SP003947,SP004049,8,LST,SMN,IPS
SP003947,SP004050,8,LST,SMN,IPS
SP003947,SP004053,8,LST,SMN,IPS
SP003947,SP004153,6,LST,SMN,WTM
SP003947,SP004622,4,LST,SMN,SOV
SP003948,SP003999,5,LST,SOV,CLT
SP003948,SP004024,5,LST,SOV,CLT
SP003948,SP004028,5,LST,SOV,CLT
SP003948,SP004029,5,LST,SOV,CLT
SP003948,SP004039,5,LST,SOV,CLT
SP003948,SP004049,5,LST,SOV,IPS
SP003948,SP004050,5,LST,SOV,IPS
SP003948,SP004053,5,LST,SOV,IPS
SP003948,SP004153,5,LST,SOV,WTM
SP003948,SP004622,4,LST,SOV,SOV
SP003950,SP004215,3,MCV,LIV,LIV
SP003950,SP004251,8,MCV,LIV,LIV
SP003951,SP003980,3,HUL,YRK,HFX
SP003951,SP004117,3,HUL,YRK,LDS
SP003951,SP004465,3,HUL,YRK,HFX
SP003953,SP004275,21,NRW,SHF,MAN
SP003953,SP004379,7,NRW,SHF,ELY
SP003953,SP004518,13,NRW,SHF,LIV
SP003953,SP004628,13,NRW,SHF,LIV
SP003954,SP003955,11,SOV,LST,LST
SP003956,SP004022,10,BHM,SHR,LIV
SP003958,SP004012,11,EUS,INV,GLC
SP003958,SP004017,13,EUS,INV,PRE
SP003958,SP004025,13,EUS,INV,PRE
SP003958,SP004034,17,EUS,INV,CRE
SP003958,SP004036,10,EUS,INV,GLC
SP003958,SP004111,10,EUS,INV,GLC
SP003958,SP004121,4,EUS,INV,NMP
SP003958,SP004127,4,EUS,INV,NMP
SP003958,SP004131,5,EUS,INV,BHM
SP003958,SP004188,13,EUS,INV,CRE
SP003958,SP004207,17,EUS,INV,CRE
SP003958,SP004232,10,EUS,INV,INV
SP003958,SP004384,17,EUS,INV,WVH
SP003958,SP004399,13,EUS,INV,GLC
SP003958,SP004433,8,EUS,INV,NMP
SP003958,SP004516,13,EUS,INV,GLC
SP003958,SP004529,5,EUS,INV,BHM
SP003960,SP004027,3,MAN,YRK,RCC
SP003960,SP004138,14,MAN,YRK,DAR
SP003961,SP004057,3,HBD,LDS,LDS
SP003965,SP004183,3,BRI,EDB,PAD
SP003965,SP004570,3,BRI,EDB,PAD
SP003966,SP004470,8,SHF,WKK,LDS
SP003967,SP004063,12,BHM,NMP,EUS
SP003969,SP004013,3,BAK,BTN,HRH
SP003969,SP004142,3,BAK,BTN,OXT
SP003969,SP004307,3,BAK,BTN,BTN
SP003970,SP004263,14,EDB,EUS,MIA
SP003970,SP004448,3,EDB,EUS,GLC
SP003970,SP004456,3,EDB,EUS,GLC
SP003971,SP004179,9,BHM,WOF,BRI
SP003972,SP004019,3,BHM,SHR,GLC
SP003974,SP004162,3,SAV,KID,MYB
SP003976,SP003978,7,WTE,KID,KID
SP003976,SP003988,7,WTE,KID,KID
SP003978,SP003988,20,WTE,KID,KID
SP003979,SP004212,5,WDM,PRE,OXN
SP003980,SP004117,11,HUL,HFX,LDS
SP003980,SP004465,7,HUL,HFX,HFX
SP003981,SP003982,5,GYM,NRW,NRW
SP003986,SP004140,4,GLQ,KGX,ALO
SP003986,SP004293,4,GLQ,KGX,ABD
SP003986,SP004297,4,GLQ,KGX,ABD
SP003986,SP004298,4,GLQ,KGX,INV
SP003986,SP004300,4,GLQ,KGX,INV
SP003989,SP004194,5,BTN,BAK,BDM
SP003989,SP004487,5,BTN,BAK,BDM
SP003989,SP004582,5,BTN,BAK,BDM
SP003991,SP003992,26,PBO,HRH,HRH
SP003991,SP003994,14,PBO,HRH,KGX
SP003991,SP003996,10,PBO,HRH,KGX
SP003991,SP004155,24,PBO,HRH,HRH
SP003991,SP004339,24,PBO,HRH,HRH
SP003991,SP004341,26,PBO,HRH,HRH
SP003992,SP003994,14,PBO,HRH,KGX
SP003992,SP003996,10,PBO,HRH,KGX
SP003992,SP004155,24,PBO,HRH,HRH
SP003992,SP004339,24,PBO,HRH,HRH
SP003992,SP004341,30,PBO,HRH,HRH
SP003993,SP004190,7,HRH,PBO,PBO
SP003993,SP004192,7,HRH,PBO,PBO
SP003993,SP004345,7,HRH,PBO,PBO
SP003993,SP004482,7,HRH,PBO,PBO
SP003994,SP003996,10,PBO,KGX,KGX
SP003994,SP004155,14,PBO,KGX,HRH
SP003994,SP004339,14,PBO,KGX,HRH
SP003994,SP004341,14,PBO,KGX,HRH
SP003996,SP004155,10,PBO,KGX,HRH
SP003996,SP004339,10,PBO,KGX,HRH
SP003996,SP004341,10,PBO,KGX,HRH
SP003997,SP004132,8,TPB,FST,FST
SP003999,SP004024,10,LST,CLT,CLT
SP003999,SP004028,10,LST,CLT,CLT
SP003999,SP004029,12,LST,CLT,CLT
SP003999,SP004039,8,LST,CLT,CLT
SP003999,SP004049,8,LST,CLT,IPS
SP003999,SP004050,10,LST,CLT,IPS
SP003999,SP004053,10,LST,CLT,IPS
SP003999,SP004153,6,LST,CLT,WTM
SP003999,SP004622,4,LST,CLT,SOV
SP004000,SP004365,12,GLC,EUS,EUS
SP004001,SP004366,14,CLT,LST,LST
SP004003,SP004334,11,CLT,LST,LST
SP004003,SP004336,6,CLT,LST,LST
SP004003,SP004607,12,CLT,LST,LST
SP004004,SP004006,10,CLT,LST,LST
SP004005,SP004450,3,MCO,LIV,WAC
SP004005,SP004453,10,MCO,LIV,WAC
SP004007,SP004452,8,MCO,LIV,WAC
SP004007,SP004457,10,MCO,LIV,WAC
SP004008,SP004071,3,CBG,KGX,LST
SP004008,SP004164,3,CBG,KGX,LST
SP004008,SP004166,3,CBG,KGX,LST
SP004008,SP004168,3,CBG,KGX,LST
SP004008,SP004225,3,CBG,KGX,SRA
SP004008,SP004481,16,CBG,KGX,BTN
SP004008,SP004568,3,CBG,KGX,LST
SP004008,SP004632,3,CBG,KGX,BIS
SP004009,SP004010,3,GLC,EUS,EUS
SP004009,SP004033,13,GLC,EUS,EUS
SP004009,SP004044,21,GLC,EUS,EUS
SP004009,SP004110,3,GLC,EUS,EUS
SP004009,SP004515,3,GLC,EUS,EUS
SP004010,SP004033,3,GLC,EUS,EUS
SP004010,SP004044,3,GLC,EUS,EUS
SP004010,SP004110,13,GLC,EUS,EUS
SP004010,SP004515,25,GLC,EUS,EUS
SP004011,SP004377,8,SHF,MAN,MAN
SP004012,SP004017,11,EUS,GLC,PRE
SP004012,SP004025,11,EUS,GLC,PRE
SP004012,SP004034,11,EUS,GLC,CRE
SP004012,SP004036,10,EUS,GLC,GLC
SP004012,SP004111,10,EUS,GLC,GLC
SP004012,SP004121,4,EUS,GLC,NMP
SP004012,SP004127,4,EUS,GLC,NMP
SP004012,SP004131,5,EUS,GLC,BHM
SP004012,SP004188,11,EUS,GLC,CRE
SP004012,SP004207,11,EUS,GLC,CRE
SP004012,SP004232,10,EUS,GLC,INV
SP004012,SP004384,11,EUS,GLC,WVH
SP004012,SP004399,11,EUS,GLC,GLC
SP004012,SP004433,8,EUS,GLC,NMP
SP004012,SP004516,11,EUS,GLC,GLC
SP004012,SP004529,5,EUS,GLC,BHM
SP004013,SP004142,6,BAK,HRH,OXT
SP004013,SP004307,8,BAK,HRH,BTN
SP004014,SP004098,4,WON,LST,CLT
SP004014,SP004328,4,WON,LST,TLS
SP004016,SP004090,4,BHM,RDC,WOF
SP004017,SP004025,15,EUS,PRE,PRE
SP004017,SP004034,13,EUS,PRE,CRE
SP004017,SP004036,10,EUS,PRE,GLC
SP004017,SP004111,10,EUS,PRE,GLC
SP004017,SP004121,4,EUS,PRE,NMP
SP004017,SP004127,4,EUS,PRE,NMP
SP004017,SP004131,5,EUS,PRE,BHM
SP004017,SP004188,21,EUS,PRE,CRE
SP004017,SP004207,13,EUS,PRE,CRE
SP004017,SP004232,10,EUS,PRE,INV
SP004017,SP004384,13,EUS,PRE,WVH
SP004017,SP004399,15,EUS,PRE,GLC
SP004017,SP004433,8,EUS,PRE,NMP
SP004017,SP004516,15,EUS,PRE,GLC
SP004017,SP004529,5,EUS,PRE,BHM
SP004018,SP004101,3,GTW,BAL,RDZ
SP004020,SP004086,6,BAL,GTW,WRH
SP004023,SP004209,3,MAN,EUS,SHR
SP004023,SP004402,3,MAN,EUS,MAC
SP004023,SP004565,3,MAN,EUS,MFH
SP004024,SP004028,11,LST,CLT,CLT
SP004024,SP004029,10,LST,CLT,CLT
SP004024,SP004039,8,LST,CLT,CLT
SP004024,SP004049,8,LST,CLT,IPS
SP004024,SP004050,11,LST,CLT,IPS
SP004024,SP004053,13,LST,CLT,IPS
SP004024,SP004153,6,LST,CLT,WTM
SP004024,SP004622,4,LST,CLT,SOV
SP004025,SP004034,13,EUS,PRE,CRE
SP004025,SP004036,10,EUS,PRE,GLC
SP004025,SP004111,10,EUS,PRE,GLC
SP004025,SP004121,4,EUS,PRE,NMP
SP004025,SP004127,4,EUS,PRE,NMP
SP004025,SP004131,5,EUS,PRE,BHM
SP004025,SP004188,15,EUS,PRE,CRE
SP004025,SP004207,13,EUS,PRE,CRE
SP004025,SP004232,10,EUS,PRE,INV
SP004025,SP004384,13,EUS,PRE,WVH
SP004025,SP004399,26,EUS,PRE,GLC
SP004025,SP004433,8,EUS,PRE,NMP
SP004025,SP004516,25,EUS,PRE,GLC
SP004025,SP004529,5,EUS,PRE,BHM
SP004026,SP004143,3,LIV,CRE,NRW
SP004026,SP004261,3,LIV,CRE,DON
SP004026,SP004268,3,LIV,CRE,MIA
SP004026,SP004269,3,LIV,CRE,NRW
SP004027,SP004138,3,MAN,RCC,DAR
SP004028,SP004029,10,LST,CLT,CLT
SP004028,SP004039,8,LST,CLT,CLT
SP004028,SP004049,8,LST,CLT,IPS
SP004028,SP004050,14,LST,CLT,IPS
SP004028,SP004053,11,LST,CLT,IPS
SP004028,SP004153,6,LST,CLT,WTM
SP004028,SP004622,4,LST,CLT,SOV
SP004029,SP004039,8,LST,CLT,CLT
SP004029,SP004049,8,LST,CLT,IPS
SP004029,SP004050,10,LST,CLT,IPS
SP004029,SP004053,10,LST,CLT,IPS
SP004029,SP004153,6,LST,CLT,WTM
SP004029,SP004622,4,LST,CLT,SOV
SP004030,SP004043,10,BHM,FOK,LIF
SP004030,SP004141,4,BHM,FOK,WSL
SP004033,SP004044,13,GLC,EUS,EUS
SP004033,SP004110,3,GLC,EUS,EUS
SP004033,SP004515,3,GLC,EUS,EUS
SP004034,SP004036,10,EUS,CRE,GLC
SP004034,SP004111,10,EUS,CRE,GLC
SP004034,SP004121,4,EUS,CRE,NMP
SP004034,SP004127,4,EUS,CRE,NMP
SP004034,SP004131,5,EUS,CRE,BHM
SP004034,SP004188,13,EUS,CRE,CRE
SP004034,SP004207,27,EUS,CRE,CRE
SP004034,SP004232,10,EUS,CRE,INV
SP004034,SP004384,20,EUS,CRE,WVH
SP004034,SP004399,13,EUS,CRE,GLC
SP004034,SP004433,8,EUS,CRE,NMP
SP004034,SP004516,13,EUS,CRE,GLC
SP004034,SP004529,5,EUS,CRE,BHM
SP004035,SP004410,5,MBR,WTB,NNT
SP004036,SP004111,32,EUS,GLC,GLC
SP004036,SP004121,4,EUS,GLC,NMP
SP004036,SP004127,4,EUS,GLC,NMP
SP004036,SP004131,5,EUS,GLC,BHM
SP004036,SP004188,10,EUS,GLC,CRE
SP004036,SP004207,10,EUS,GLC,CRE
SP004036,SP004232,14,EUS,GLC,INV
SP004036,SP004384,10,EUS,GLC,WVH
SP004036,SP004399,10,EUS,GLC,GLC
SP004036,SP004433,8,EUS,GLC,NMP
SP004036,SP004516,10,EUS,GLC,GLC
SP004036,SP004529,5,EUS,GLC,BHM
SP004039,SP004049,11,LST,CLT,IPS
SP004039,SP004050,8,LST,CLT,IPS
SP004039,SP004053,8,LST,CLT,IPS
SP004039,SP004153,6,LST,CLT,WTM
SP004039,SP004622,4,LST,CLT,SOV
SP004040,SP004520,6,RDG,PAD,PAD
SP004040,SP004629,3,RDG,PAD,PAD
SP004040,SP004630,3,RDG,PAD,PAD
SP004043,SP004141,4,BHM,LIF,WSL
SP004044,SP004110,3,GLC,EUS,EUS
SP004044,SP004515,3,GLC,EUS,EUS
SP004046,SP004048,5,IPS,LST,LST
SP004046,SP004060,4,IPS,LST,LST
SP004048,SP004060,4,IPS,LST,LST
SP004049,SP004050,8,LST,IPS,IPS
SP004049,SP004053,8,LST,IPS,IPS
SP004049,SP004153,6,LST,IPS,WTM
SP004049,SP004622,4,LST,IPS,SOV
SP004050,SP004053,11,LST,IPS,IPS
SP004050,SP004153,6,LST,IPS,WTM
SP004050,SP004622,4,LST,IPS,SOV
SP004053,SP004153,6,LST,IPS,WTM
SP004053,SP004622,4,LST,IPS,SOV
SP004055,SP004077,4,LIV,WGN,NCL
SP004055,SP004375,4,LIV,WGN,WGN
SP004056,SP004471,9,LIV,WAC,WAC
SP004056,SP004472,9,LIV,WAC,WAC
SP004059,SP004165,5,LST,CHI,ELY
SP004064,SP004160,6,HWC,MNG,COL
SP004064,SP004318,6,HWC,MNG,LST
SP004065,SP004066,8,LST,ELY,CMB
SP004065,SP004073,10,LST,ELY,CMB
SP004065,SP004074,8,LST,ELY,CMB
SP004065,SP004076,8,LST,ELY,CBG
SP004065,SP004082,5,LST,ELY,HFE
SP004065,SP004087,5,LST,ELY,HFE
SP004065,SP004091,5,LST,ELY,HFE
SP004065,SP004170,23,LST,ELY,CMB
SP004065,SP004173,8,LST,ELY,CMB
SP004065,SP004193,8,LST,ELY,CBG
SP004065,SP004567,5,LST,ELY,ELY
SP004065,SP004569,10,LST,ELY,ELY
SP004065,SP004627,8,LST,ELY,SSD
SP004066,SP004073,8,LST,CMB,CMB
SP004066,SP004074,9,LST,CMB,CMB
SP004066,SP004076,9,LST,CMB,CBG
SP004066,SP004082,5,LST,CMB,HFE
SP004066,SP004087,5,LST,CMB,HFE
SP004066,SP004091,5,LST,CMB,HFE
SP004066,SP004170,8,LST,CMB,CMB
SP004066,SP004173,9,LST,CMB,CMB
SP004066,SP004193,22,LST,CMB,CBG
SP004066,SP004567,5,LST,CMB,ELY
SP004066,SP004569,8,LST,CMB,ELY
SP004066,SP004627,9,LST,CMB,SSD
SP004067,SP004068,12,CMB,LST,LST
SP004067,SP004069,4,CMB,LST,LST
SP004067,SP004079,12,CMB,LST,LST
SP004067,SP004178,12,CMB,LST,LST
SP004068,SP004069,4,CMB,LST,LST
SP004068,SP004079,15,CMB,LST,LST
SP004068,SP004178,13,CMB,LST,LST
SP004069,SP004079,4,CMB,LST,LST
SP004069,SP004178,4,CMB,LST,LST
SP004071,SP004164,3,CBG,LST,LST
SP004071,SP004166,12,CBG,LST,LST
SP004071,SP004168,12,CBG,LST,LST
SP004071,SP004225,3,CBG,LST,SRA
SP004071,SP004481,3,CBG,LST,BTN
SP004071,SP004568,3,CBG,LST,LST
SP004071,SP004632,11,CBG,LST,BIS
SP004073,SP004074,8,LST,CMB,CMB
SP004073,SP004076,8,LST,CMB,CBG
SP004073,SP004082,5,LST,CMB,HFE
SP004073,SP004087,5,LST,CMB,HFE
SP004073,SP004091,5,LST,CMB,HFE
SP004073,SP004170,10,LST,CMB,CMB
SP004073,SP004173,8,LST,CMB,CMB
SP004073,SP004193,8,LST,CMB,CBG
SP004073,SP004567,5,LST,CMB,ELY
SP004073,SP004569,24,LST,CMB,ELY
SP004073,SP004627,8,LST,CMB,SSD
SP004074,SP004076,17,LST,CMB,CBG
SP004074,SP004082,5,LST,CMB,HFE
SP004074,SP004087,5,LST,CMB,HFE
SP004074,SP004091,5,LST,CMB,HFE
SP004074,SP004170,8,LST,CMB,CMB
SP004074,SP004173,9,LST,CMB,CMB
SP004074,SP004193,9,LST,CMB,CBG
SP004074,SP004567,5,LST,CMB,ELY
SP004074,SP004569,8,LST,CMB,ELY
SP004074,SP004627,12,LST,CMB,SSD
SP004076,SP004082,5,LST,CBG,HFE
SP004076,SP004087,5,LST,CBG,HFE
SP004076,SP004091,5,LST,CBG,HFE
SP004076,SP004170,8,LST,CBG,CMB
SP004076,SP004173,9,LST,CBG,CMB
SP004076,SP004193,9,LST,CBG,CBG
SP004076,SP004567,5,LST,CBG,ELY
SP004076,SP004569,8,LST,CBG,ELY
SP004076,SP004627,12,LST,CBG,SSD
SP004077,SP004375,4,LIV,NCL,WGN
SP004079,SP004178,13,CMB,LST,LST
SP004082,SP004087,8,LST,HFE,HFE
SP004082,SP004091,5,LST,HFE,HFE
SP004082,SP004170,5,LST,HFE,CMB
SP004082,SP004173,5,LST,HFE,CMB
SP004082,SP004193,5,LST,HFE,CBG
SP004082,SP004567,8,LST,HFE,ELY
SP004082,SP004569,5,LST,HFE,ELY
SP004082,SP004627,5,LST,HFE,SSD
SP004083,SP004092,9,HFE,LST,SRA
SP004083,SP004344,10,HFE,LST,LST
SP004083,SP004374,6,HFE,LST,LST
SP004083,SP004429,9,HFE,LST,SRA
SP004083,SP004610,10,HFE,LST,LST
SP004084,SP004294,11,CDF,CRE,CTR
SP004087,SP004091,5,LST,HFE,HFE
SP004087,SP004170,5,LST,HFE,CMB
SP004087,SP004173,5,LST,HFE,CMB
SP004087,SP004193,5,LST,HFE,CBG
SP004087,SP004567,11,LST,HFE,ELY
SP004087,SP004569,5,LST,HFE,ELY
SP004087,SP004627,5,LST,HFE,SSD
SP004091,SP004170,5,LST,HFE,CMB
SP004091,SP004173,5,LST,HFE,CMB
SP004091,SP004193,5,LST,HFE,CBG
SP004091,SP004567,5,LST,HFE,ELY
SP004091,SP004569,5,LST,HFE,ELY
SP004091,SP004627,5,LST,HFE,SSD
SP004092,SP004344,9,HFE,SRA,LST
SP004092,SP004374,6,HFE,SRA,LST
SP004092,SP004429,9,HFE,SRA,SRA
SP004092,SP004610,9,HFE,SRA,LST
SP004093,SP004167,10,PGN,BRI,PAD
SP004094,SP004403,5,GCR,PLY,BRI
SP004095,SP004425,8,SRA,HFE,HFE
SP004095,SP004428,7,SRA,HFE,HFE
SP004095,SP004439,7,SRA,HFE,BIS
SP004095,SP004442,7,SRA,HFE,BIS
SP004096,SP004104,4,BHM,NOT,LEI
SP004097,SP004106,4,BPN,MAN,YRK
SP004097,SP004205,3,BPN,MAN,CRE
SP004097,SP004229,6,BPN,MAN,LIV
SP004097,SP004295,4,BPN,MAN,YRK
SP004097,SP004426,6,BPN,MAN,LIV
SP004097,SP004526,6,BPN,MAN,MAN
SP004097,SP004578,4,BPN,MAN,CRE
SP004098,SP004328,4,WON,CLT,TLS
SP004099,SP004555,14,HGS,TON,CHX
SP004099,SP004566,14,HGS,TON,CST
SP004100,SP004108,20,DDG,WOF,WOF
SP004100,SP004113,7,DDG,WOF,WOF
SP004105,SP004107,3,CDF,NOT,NOT
SP004105,SP004249,3,CDF,NOT,PMH
SP004106,SP004205,3,BPN,YRK,CRE
SP004106,SP004229,4,BPN,YRK,LIV
SP004106,SP004295,4,BPN,YRK,YRK
SP004106,SP004426,4,BPN,YRK,LIV
SP004106,SP004526,4,BPN,YRK,MAN
SP004106,SP004578,4,BPN,YRK,CRE
SP004107,SP004249,3,CDF,NOT,PMH
SP004108,SP004113,7,DDG,WOF,WOF
SP004110,SP004515,13,GLC,EUS,EUS
SP004111,SP004121,4,EUS,GLC,NMP
SP004111,SP004127,4,EUS,GLC,NMP
SP004111,SP004131,5,EUS,GLC,BHM
SP004111,SP004188,10,EUS,GLC,CRE
SP004111,SP004207,10,EUS,GLC,CRE
SP004111,SP004232,14,EUS,GLC,INV
SP004111,SP004384,10,EUS,GLC,WVH
SP004111,SP004399,10,EUS,GLC,GLC
SP004111,SP004433,8,EUS,GLC,NMP
SP004111,SP004516,10,EUS,GLC,GLC
SP004111,SP004529,5,EUS,GLC,BHM
SP004114,SP004157,5,MYB,BCS,BMO
SP004114,SP004159,3,MYB,BCS,AYS
SP004114,SP004182,3,MYB,BCS,AYS
SP004114,SP004185,6,MYB,BCS,BAN
SP004114,SP004191,5,MYB,BCS,SBJ
SP004114,SP004233,3,MYB,BCS,WRU
SP004114,SP004257,5,MYB,BCS,BMO
SP004114,SP004445,5,MYB,BCS,BAN
SP004114,SP004479,5,MYB,BCS,PRR
SP004114,SP004563,3,MYB,BCS,OXF
SP004114,SP004608,3,MYB,BCS,WCX
SP004114,SP004609,3,MYB,BCS,GER
SP004114,SP004626,6,MYB,BCS,OXF
SP004114,SP004635,3,MYB,BCS,BMO
SP004114,SP004637,3,MYB,BCS,AYS
SP004114,SP004639,6,MYB,BCS,BAN
SP004114,SP004641,5,MYB,BCS,BSW
SP004116,SP004287,9,GRS,EDB,SPR
SP004117,SP004465,7,HUL,LDS,HFX
SP004118,SP004489,7,MIA,LIV,CLE
SP004118,SP004503,9,MIA,LIV,BIF
SP004118,SP004572,9,MIA,LIV,BPN
SP004118,SP004585,7,MIA,LIV,SCA
SP004120,SP004126,5,ORE,BTN,BTN
SP004120,SP004128,5,ORE,BTN,BTN
SP004121,SP004127,6,EUS,NMP,NMP
SP004121,SP004131,4,EUS,NMP,BHM
SP004121,SP004188,4,EUS,NMP,CRE
SP004121,SP004207,4,EUS,NMP,CRE
SP004121,SP004232,4,EUS,NMP,INV
SP004121,SP004384,4,EUS,NMP,WVH
SP004121,SP004399,4,EUS,NMP,GLC
SP004121,SP004433,4,EUS,NMP,NMP
SP004121,SP004516,4,EUS,NMP,GLC
SP004121,SP004529,4,EUS,NMP,BHM
SP004122,SP004553,13,BTN,ORE,ORE
SP004123,SP004124,12,BTN,ORE,ORE
SP004126,SP004128,17,ORE,BTN,BTN
SP004127,SP004131,4,EUS,NMP,BHM
SP004127,SP004188,4,EUS,NMP,CRE
SP004127,SP004207,4,EUS,NMP,CRE
SP004127,SP004232,4,EUS,NMP,INV
SP004127,SP004384,4,EUS,NMP,WVH
SP004127,SP004399,4,EUS,NMP,GLC
SP004127,SP004433,4,EUS,NMP,NMP
SP004127,SP004516,4,EUS,NMP,GLC
SP004127,SP004529,4,EUS,NMP,BHM
SP004131,SP004188,5,EUS,BHM,CRE
SP004131,SP004207,5,EUS,BHM,CRE
SP004131,SP004232,5,EUS,BHM,INV
SP004131,SP004384,5,EUS,BHM,WVH
SP004131,SP004399,5,EUS,BHM,GLC
SP004131,SP004433,5,EUS,BHM,NMP
SP004131,SP004516,5,EUS,BHM,GLC
SP004131,SP004529,28,EUS,BHM,BHM
SP004136,SP004137,9,SOU,BTN,LIT
SP004140,SP004293,6,GLQ,ALO,ABD
SP004140,SP004297,4,GLQ,ALO,ABD
SP004140,SP004298,4,GLQ,ALO,INV
SP004140,SP004300,4,GLQ,ALO,INV
SP004142,SP004307,6,BAK,OXT,BTN
SP004143,SP004261,5,LIV,NRW,DON
SP004143,SP004268,5,LIV,NRW,MIA
SP004143,SP004269,13,LIV,NRW,NRW
SP004147,SP004505,4,EBN,HHE,BAK
SP004147,SP004595,8,EBN,HHE,WSW
SP004149,SP004560,15,OXF,MYB,MYB
SP004149,SP004636,9,OXF,MYB,MYB
SP004150,SP004561,9,COL,LST,LST
SP004152,SP004488,10,OXF,HWY,MYB
SP004152,SP004633,10,OXF,HWY,MYB
SP004152,SP004643,10,OXF,HWY,MYB
SP004153,SP004622,4,LST,WTM,SOV
SP004155,SP004339,27,PBO,HRH,HRH
SP004155,SP004341,24,PBO,HRH,HRH
SP004157,SP004159,3,MYB,BMO,AYS
SP004157,SP004182,3,MYB,BMO,AYS
SP004157,SP004185,5,MYB,BMO,BAN
SP004157,SP004191,26,MYB,BMO,SBJ
SP004157,SP004233,3,MYB,BMO,WRU
SP004157,SP004257,6,MYB,BMO,BMO
SP004157,SP004445,6,MYB,BMO,BAN
SP004157,SP004479,9,MYB,BMO,PRR
SP004157,SP004563,3,MYB,BMO,OXF
SP004157,SP004608,3,MYB,BMO,WCX
SP004157,SP004609,3,MYB,BMO,GER
SP004157,SP004626,5,MYB,BMO,OXF
SP004157,SP004635,3,MYB,BMO,BMO
SP004157,SP004637,3,MYB,BMO,AYS
SP004157,SP004639,5,MYB,BMO,BAN
SP004157,SP004641,6,MYB,BMO,BSW
SP004159,SP004182,7,MYB,AYS,AYS
SP004159,SP004185,3,MYB,AYS,BAN
SP004159,SP004191,3,MYB,AYS,SBJ
SP004159,SP004233,6,MYB,AYS,WRU
SP004159,SP004257,3,MYB,AYS,BMO
SP004159,SP004445,3,MYB,AYS,BAN
SP004159,SP004479,3,MYB,AYS,PRR
SP004159,SP004563,7,MYB,AYS,OXF
SP004159,SP004608,3,MYB,AYS,WCX
SP004159,SP004609,3,MYB,AYS,GER
SP004159,SP004626,3,MYB,AYS,OXF
SP004159,SP004635,6,MYB,AYS,BMO
SP004159,SP004637,7,MYB,AYS,AYS
SP004159,SP004639,3,MYB,AYS,BAN
SP004159,SP004641,3,MYB,AYS,BSW
SP004160,SP004318,7,HWC,COL,LST
SP004161,SP004177,3,HWY,MYB,MYB
SP004161,SP004577,7,HWY,MYB,MYB
SP004164,SP004166,3,CBG,LST,LST
SP004164,SP004168,3,CBG,LST,LST
SP004164,SP004225,13,CBG,LST,SRA
SP004164,SP004481,3,CBG,LST,BTN
SP004164,SP004568,17,CBG,LST,LST
SP004164,SP004632,3,CBG,LST,BIS
SP004166,SP004168,21,CBG,LST,LST
SP004166,SP004225,3,CBG,LST,SRA
SP004166,SP004481,3,CBG,LST,BTN
SP004166,SP004568,3,CBG,LST,LST
SP004166,SP004632,11,CBG,LST,BIS
SP004168,SP004225,3,CBG,LST,SRA
SP004168,SP004481,3,CBG,LST,BTN
SP004168,SP004568,3,CBG,LST,LST
SP004168,SP004632,11,CBG,LST,BIS
SP004170,SP004173,8,LST,CMB,CMB
SP004170,SP004193,8,LST,CMB,CBG
SP004170,SP004567,5,LST,CMB,ELY
SP004170,SP004569,10,LST,CMB,ELY
SP004170,SP004627,8,LST,CMB,SSD
SP004171,SP004176,10,ELY,LST,LST
SP004171,SP004210,17,ELY,LST,LST
SP004171,SP004278,6,ELY,LST,LST
SP004173,SP004193,9,LST,CMB,CBG
SP004173,SP004567,5,LST,CMB,ELY
SP004173,SP004569,8,LST,CMB,ELY
SP004173,SP004627,9,LST,CMB,SSD
SP004174,SP004634,11,BSW,LMS,MYB
SP004174,SP004645,6,BSW,LMS,MYB
SP004176,SP004210,10,ELY,LST,LST
SP004176,SP004278,6,ELY,LST,LST
SP004177,SP004577,3,HWY,MYB,MYB
SP004182,SP004185,3,MYB,AYS,BAN
SP004182,SP004191,3,MYB,AYS,SBJ
SP004182,SP004233,6,MYB,AYS,WRU
SP004182,SP004257,3,MYB,AYS,BMO
SP004182,SP004445,3,MYB,AYS,BAN
SP004182,SP004479,3,MYB,AYS,PRR
SP004182,SP004563,11,MYB,AYS,OXF
SP004182,SP004608,3,MYB,AYS,WCX
SP004182,SP004609,3,MYB,AYS,GER
SP004182,SP004626,3,MYB,AYS,OXF
SP004182,SP004635,6,MYB,AYS,BMO
SP004182,SP004637,8,MYB,AYS,AYS
SP004182,SP004639,3,MYB,AYS,BAN
SP004182,SP004641,3,MYB,AYS,BSW
SP004183,SP004570,9,BRI,PAD,PAD
SP004185,SP004191,5,MYB,BAN,SBJ
SP004185,SP004233,3,MYB,BAN,WRU
SP004185,SP004257,5,MYB,BAN,BMO
SP004185,SP004445,5,MYB,BAN,BAN
SP004185,SP004479,5,MYB,BAN,PRR
SP004185,SP004563,3,MYB,BAN,OXF
SP004185,SP004608,3,MYB,BAN,WCX
SP004185,SP004609,3,MYB,BAN,GER
SP004185,SP004626,7,MYB,BAN,OXF
SP004185,SP004635,3,MYB,BAN,BMO
SP004185,SP004637,3,MYB,BAN,AYS
SP004185,SP004639,7,MYB,BAN,BAN
SP004185,SP004641,5,MYB,BAN,BSW
SP004186,SP004248,6,PAD,FRO,WPH
SP004186,SP004338,6,PAD,FRO,BPW
SP004186,SP004416,6,PAD,FRO,BDW
SP004186,SP004476,6,PAD,FRO,BAN
SP004186,SP004599,6,PAD,FRO,WOS
SP004188,SP004207,13,EUS,CRE,CRE
SP004188,SP004232,10,EUS,CRE,INV
SP004188,SP004384,13,EUS,CRE,WVH
SP004188,SP004399,15,EUS,CRE,GLC
SP004188,SP004433,8,EUS,CRE,NMP
SP004188,SP004516,15,EUS,CRE,GLC
SP004188,SP004529,5,EUS,CRE,BHM
SP004190,SP004192,19,HRH,PBO,PBO
SP004190,SP004345,19,HRH,PBO,PBO
SP004190,SP004482,10,HRH,PBO,PBO
SP004191,SP004233,3,MYB,SBJ,WRU
SP004191,SP004257,6,MYB,SBJ,BMO
SP004191,SP004445,6,MYB,SBJ,BAN
SP004191,SP004479,9,MYB,SBJ,PRR
SP004191,SP004563,3,MYB,SBJ,OXF
SP004191,SP004608,3,MYB,SBJ,WCX
SP004191,SP004609,3,MYB,SBJ,GER
SP004191,SP004626,5,MYB,SBJ,OXF
SP004191,SP004635,3,MYB,SBJ,BMO
SP004191,SP004637,3,MYB,SBJ,AYS
SP004191,SP004639,5,MYB,SBJ,BAN
SP004191,SP004641,6,MYB,SBJ,BSW
SP004192,SP004345,24,HRH,PBO,PBO
SP004192,SP004482,10,HRH,PBO,PBO
SP004193,SP004567,5,LST,CBG,ELY
SP004193,SP004569,8,LST,CBG,ELY
SP004193,SP004627,9,LST,CBG,SSD
SP004194,SP004487,10,BTN,BDM,BDM
SP004194,SP004582,10,BTN,BDM,BDM
SP004200,SP004202,7,SOU,BTN,BTN
SP004200,SP004208,10,SOU,BTN,BTN
SP004202,SP004208,7,SOU,BTN,BTN
SP004203,SP004204,8,BDM,BTN,BTN
SP004203,SP004596,17,BDM,BTN,TBD
SP004203,SP004598,8,BDM,BTN,BTN
SP004204,SP004596,8,BDM,BTN,TBD
SP004204,SP004598,17,BDM,BTN,BTN
SP004205,SP004229,3,BPN,CRE,LIV
SP004205,SP004295,3,BPN,CRE,YRK
SP004205,SP004426,3,BPN,CRE,LIV
SP004205,SP004526,3,BPN,CRE,MAN
SP004205,SP004578,3,BPN,CRE,CRE
SP004206,SP004235,8,DMR,EDB,CRS
SP004207,SP004232,10,EUS,CRE,INV
SP004207,SP004384,20,EUS,CRE,WVH
SP004207,SP004399,13,EUS,CRE,GLC
SP004207,SP004433,8,EUS,CRE,NMP
SP004207,SP004516,13,EUS,CRE,GLC
SP004207,SP004529,5,EUS,CRE,BHM
SP004209,SP004402,3,MAN,SHR,MAC
SP004209,SP004565,13,MAN,SHR,MFH
SP004210,SP004278,6,ELY,LST,LST
SP004213,SP004279,5,DON,GOO,HUL
SP004213,SP004283,5,DON,GOO,HUL
SP004213,SP004301,5,DON,GOO,HUL
SP004213,SP004315,5,DON,GOO,HUL
SP004215,SP004251,3,MCV,LIV,LIV
SP004217,SP004574,7,BTN,CBG,BDM
SP004217,SP004579,22,BTN,CBG,CBG
SP004218,SP004576,5,EGR,BDM,BAK
SP004222,SP004290,7,MLN,MTH,SPR
SP004225,SP004481,3,CBG,SRA,BTN
SP004225,SP004568,13,CBG,SRA,LST
SP004225,SP004632,3,CBG,SRA,BIS
SP004227,SP004230,11,BTN,CCH,CCH
SP004228,SP004317,10,INV,EUS,GLQ
SP004228,SP004319,4,INV,EUS,GLQ
SP004228,SP004321,4,INV,EUS,GLQ
SP004228,SP004382,13,INV,EUS,EUS
SP004229,SP004295,4,BPN,LIV,YRK
SP004229,SP004426,8,BPN,LIV,LIV
SP004229,SP004526,6,BPN,LIV,MAN
SP004229,SP004578,4,BPN,LIV,CRE
SP004231,SP004385,7,SMN,WIC,LST
SP004232,SP004384,10,EUS,INV,WVH
SP004232,SP004399,10,EUS,INV,GLC
SP004232,SP004433,8,EUS,INV,NMP
SP004232,SP004516,10,EUS,INV,GLC
SP004232,SP004529,5,EUS,INV,BHM
SP004233,SP004257,3,MYB,WRU,BMO
SP004233,SP004445,3,MYB,WRU,BAN
SP004233,SP004479,3,MYB,WRU,PRR
SP004233,SP004563,6,MYB,WRU,OXF
SP004233,SP004608,3,MYB,WRU,WCX
SP004233,SP004609,3,MYB,WRU,GER
SP004233,SP004626,3,MYB,WRU,OXF
SP004233,SP004635,6,MYB,WRU,BMO
SP004233,SP004637,6,MYB,WRU,AYS
SP004233,SP004639,3,MYB,WRU,BAN
SP004233,SP004641,3,MYB,WRU,BSW
SP004238,SP004296,3,DID,PAD,PAD
SP004238,SP004581,3,DID,PAD,PAD
SP004241,SP004592,5,BIF,LAN,MIA
SP004248,SP004338,7,PAD,WPH,BPW
SP004248,SP004416,6,PAD,WPH,BDW
SP004248,SP004476,8,PAD,WPH,BAN
SP004248,SP004599,7,PAD,WPH,WOS
SP004257,SP004445,12,MYB,BMO,BAN
SP004257,SP004479,6,MYB,BMO,PRR
SP004257,SP004563,3,MYB,BMO,OXF
SP004257,SP004608,3,MYB,BMO,WCX
SP004257,SP004609,3,MYB,BMO,GER
SP004257,SP004626,5,MYB,BMO,OXF
SP004257,SP004635,3,MYB,BMO,BMO
SP004257,SP004637,3,MYB,BMO,AYS
SP004257,SP004639,5,MYB,BMO,BAN
SP004257,SP004641,25,MYB,BMO,BSW
SP004261,SP004268,12,LIV,DON,MIA
SP004261,SP004269,5,LIV,DON,NRW
SP004263,SP004448,3,EDB,MIA,GLC
SP004263,SP004456,3,EDB,MIA,GLC
SP004265,SP004267,6,LAN,BIF,MLM
SP004265,SP004355,3,LAN,BIF,MCM
SP004267,SP004355,3,LAN,MLM,MCM
SP004268,SP004269,5,LIV,MIA,NRW
SP004270,SP004590,8,BSR,SPX,SPX
SP004271,SP004291,24,SPX,RAM,MAR
SP004271,SP004348,9,SPX,RAM,MAR
SP004271,SP004380,8,SPX,RAM,MAR
SP004271,SP004392,9,SPX,RAM,DVP
SP004271,SP004396,9,SPX,RAM,RAM
SP004271,SP004435,12,SPX,RAM,MDW
SP004273,SP004535,6,BSR,SPX,CST
SP004275,SP004379,7,NRW,MAN,ELY
SP004275,SP004518,13,NRW,MAN,LIV
SP004275,SP004628,13,NRW,MAN,LIV
SP004276,SP004460,4,YRK,BPN,MAN
SP004277,SP004492,14,PNZ,PLY,PLY
SP004277,SP004494,14,PNZ,PLY,PLY
SP004279,SP004283,5,DON,HUL,HUL
SP004279,SP004301,7,DON,HUL,HUL
SP004279,SP004315,5,DON,HUL,HUL
SP004283,SP004301,5,DON,HUL,HUL
SP004283,SP004315,6,DON,HUL,HUL
SP004284,SP004349,4,BRI,WSM,EXM
SP004285,SP004286,5,HUL,DON,DON
SP004285,SP004292,4,HUL,DON,DON
SP004286,SP004292,4,HUL,DON,DON
SP004291,SP004348,9,SPX,MAR,MAR
SP004291,SP004380,8,SPX,MAR,MAR
SP004291,SP004392,9,SPX,MAR,DVP
SP004291,SP004396,9,SPX,MAR,RAM
SP004291,SP004435,12,SPX,MAR,MDW
SP004293,SP004297,4,GLQ,ABD,ABD
SP004293,SP004298,4,GLQ,ABD,INV
SP004293,SP004300,4,GLQ,ABD,INV
SP004295,SP004426,4,BPN,YRK,LIV
SP004295,SP004526,4,BPN,YRK,MAN
SP004295,SP004578,4,BPN,YRK,CRE
SP004296,SP004581,8,DID,PAD,PAD
SP004297,SP004298,7,GLQ,ABD,INV
SP004297,SP004300,6,GLQ,ABD,INV
SP004298,SP004300,6,GLQ,INV,INV
SP004299,SP004532,9,FAV,SPX,CST
SP004299,SP004533,9,FAV,SPX,CST
SP004301,SP004315,5,DON,HUL,HUL
SP004303,SP004638,8,FAV,SPX,CST
SP004306,SP004314,3,QRB,EAD,ASN
SP004308,SP004617,4,DEE,GLQ,EDB
SP004308,SP004619,4,DEE,GLQ,EDB
SP004310,SP004615,10,ABD,GLQ,GLQ
SP004311,SP004312,5,CBG,NRW,NRW
SP004316,SP004504,3,EDB,ADR,ABD
SP004316,SP004507,4,EDB,ADR,FTW
SP004317,SP004319,4,INV,GLQ,GLQ
SP004317,SP004321,4,INV,GLQ,GLQ
SP004317,SP004382,10,INV,GLQ,EUS
SP004319,SP004321,9,INV,GLQ,GLQ
SP004319,SP004382,4,INV,GLQ,EUS
SP004320,SP004322,4,NRW,CBG,CBG
SP004321,SP004382,4,INV,GLQ,EUS
SP004327,SP004444,5,OBN,GLQ,DAL
SP004330,SP004342,5,EXM,PGN,PGN
SP004330,SP004364,6,EXM,PGN,PGN
SP004334,SP004336,6,CLT,LST,LST
SP004334,SP004607,11,CLT,LST,LST
SP004336,SP004607,6,CLT,LST,LST
SP004338,SP004416,6,PAD,BPW,BDW
SP004338,SP004476,7,PAD,BPW,BAN
SP004338,SP004599,9,PAD,BPW,WOS
SP004339,SP004341,24,PBO,HRH,HRH
SP004342,SP004364,5,EXM,PGN,PGN
SP004344,SP004374,6,HFE,LST,LST
SP004344,SP004429,9,HFE,LST,SRA
SP004344,SP004610,15,HFE,LST,LST
SP004345,SP004482,10,HRH,PBO,PBO
SP004347,SP004393,3,RAM,SPX,SPX
SP004348,SP004380,8,SPX,MAR,MAR
SP004348,SP004392,16,SPX,MAR,DVP
SP004348,SP004396,16,SPX,MAR,RAM
SP004348,SP004435,9,SPX,MAR,MDW
SP004351,SP004357,16,MAR,SPX,SPX
SP004351,SP004642,3,MAR,SPX,AFK
SP004352,SP004422,5,HGT,LDS,LDS
SP004354,SP004359,4,PBO,DEB,SWB
SP004354,SP004389,3,PBO,DEB,KLB
SP004357,SP004642,3,MAR,SPX,AFK
SP004359,SP004389,3,PBO,SWB,KLB
SP004369,SP004371,6,FAL,PAR,TRU
SP004369,SP004376,4,FAL,PAR,TRU
SP004371,SP004376,4,FAL,TRU,TRU
SP004374,SP004429,6,HFE,LST,SRA
SP004374,SP004610,6,HFE,LST,LST
SP004379,SP004518,7,NRW,ELY,LIV
SP004379,SP004628,7,NRW,ELY,LIV
SP004380,SP004392,8,SPX,MAR,DVP
SP004380,SP004396,8,SPX,MAR,RAM
SP004380,SP004435,8,SPX,MAR,MDW
SP004384,SP004399,13,EUS,WVH,GLC
SP004384,SP004433,8,EUS,WVH,NMP
SP004384,SP004516,13,EUS,WVH,GLC
SP004384,SP004529,5,EUS,WVH,BHM
SP004387,SP004391,11,SPT,CTR,CTR
SP004388,SP004614,4,DVP,SPX,SPX
SP004390,SP004394,10,SDW,SPX,SPX
SP004392,SP004396,21,SPX,DVP,RAM
SP004392,SP004435,9,SPX,DVP,MDW
SP004396,SP004435,9,SPX,RAM,MDW
SP004399,SP004433,8,EUS,GLC,NMP
SP004399,SP004516,25,EUS,GLC,GLC
SP004399,SP004529,5,EUS,GLC,BHM
SP004402,SP004565,3,MAN,MAC,MFH
SP004404,SP004618,12,RAM,SPX,SPX
SP004416,SP004476,6,PAD,BDW,BAN
SP004416,SP004599,6,PAD,BDW,WOS
SP004425,SP004428,7,SRA,HFE,HFE
SP004425,SP004439,7,SRA,HFE,BIS
SP004425,SP004442,7,SRA,HFE,BIS
SP004426,SP004526,6,BPN,LIV,MAN
SP004426,SP004578,4,BPN,LIV,CRE
SP004428,SP004439,10,SRA,HFE,BIS
SP004428,SP004442,10,SRA,HFE,BIS
SP004429,SP004610,9,HFE,SRA,LST
SP004432,SP004440,3,ELP,HSB,LIV
SP004433,SP004516,8,EUS,NMP,GLC
SP004433,SP004529,5,EUS,NMP,BHM
SP004439,SP004442,12,SRA,BIS,BIS
SP004445,SP004479,6,MYB,BAN,PRR
SP004445,SP004563,3,MYB,BAN,OXF
SP004445,SP004608,3,MYB,BAN,WCX
SP004445,SP004609,3,MYB,BAN,GER
SP004445,SP004626,5,MYB,BAN,OXF
SP004445,SP004635,3,MYB,BAN,BMO
SP004445,SP004637,3,MYB,BAN,AYS
SP004445,SP004639,5,MYB,BAN,BAN
SP004445,SP004641,12,MYB,BAN,BSW
SP004448,SP004456,3,EDB,GLC,GLC
SP004450,SP004453,3,MCO,WAC,WAC
SP004451,SP004500,5,MIA,OXN,LIV
SP004452,SP004457,8,MCO,WAC,WAC
SP004463,SP004464,4,LOO,LSK,LSK
SP004471,SP004472,10,LIV,WAC,WAC
SP004476,SP004599,7,PAD,BAN,WOS
SP004479,SP004563,3,MYB,PRR,OXF
SP004479,SP004608,3,MYB,PRR,WCX
SP004479,SP004609,3,MYB,PRR,GER
SP004479,SP004626,5,MYB,PRR,OXF
SP004479,SP004635,3,MYB,PRR,BMO
SP004479,SP004637,3,MYB,PRR,AYS
SP004479,SP004639,5,MYB,PRR,BAN
SP004479,SP004641,6,MYB,PRR,BSW
SP004481,SP004568,3,CBG,BTN,LST
SP004481,SP004632,3,CBG,BTN,BIS
SP004487,SP004582,10,BTN,BDM,BDM
SP004488,SP004633,10,OXF,MYB,MYB
SP004488,SP004643,10,OXF,MYB,MYB
SP004489,SP004503,7,MIA,CLE,BIF
SP004489,SP004572,7,MIA,CLE,BPN
SP004489,SP004585,7,MIA,CLE,SCA
SP004492,SP004494,14,PNZ,PLY,PLY
SP004493,SP004501,10,GRV,CHX,CHX
SP004498,SP004509,5,CRY,CST,CHX
SP004503,SP004572,12,MIA,BIF,BPN
SP004503,SP004585,7,MIA,BIF,SCA
SP004504,SP004507,3,EDB,ABD,FTW
SP004505,SP004595,4,EBN,BAK,WSW
SP004508,SP004511,3,BKJ,BFR,XVJ
SP004512,SP004530,3,ORP,CHX,CHX
SP004516,SP004529,5,EUS,GLC,BHM
SP004518,SP004628,14,NRW,LIV,LIV
SP004520,SP004629,3,RDG,PAD,PAD
SP004520,SP004630,3,RDG,PAD,PAD
SP004526,SP004578,4,BPN,MAN,CRE
SP004531,SP004536,5,GLM,CST,CST
SP004532,SP004533,10,FAV,CST,CST
SP004534,SP004587,10,RAM,CST,XVJ
SP004534,SP004640,10,RAM,CST,RTR
SP004537,SP004538,19,CST,DVP,RAM
SP004546,SP004547,6,CHX,HGS,HGS
SP004546,SP004549,9,CHX,HGS,HGS
SP004546,SP004551,13,CHX,HGS,HGS
SP004547,SP004549,6,CHX,HGS,HGS
SP004547,SP004551,6,CHX,HGS,HGS
SP004549,SP004551,9,CHX,HGS,HGS
SP004555,SP004566,20,HGS,CHX,CST
SP004560,SP004636,9,OXF,MYB,MYB
SP004563,SP004608,3,MYB,OXF,WCX
SP004563,SP004609,3,MYB,OXF,GER
SP004563,SP004626,3,MYB,OXF,OXF
SP004563,SP004635,6,MYB,OXF,BMO
SP004563,SP004637,8,MYB,OXF,AYS
SP004563,SP004639,3,MYB,OXF,BAN
SP004563,SP004641,3,MYB,OXF,BSW
SP004567,SP004569,5,LST,ELY,ELY
SP004567,SP004627,5,LST,ELY,SSD
SP004568,SP004632,3,CBG,LST,BIS
SP004569,SP004627,8,LST,ELY,SSD
SP004572,SP004585,7,MIA,BPN,SCA
SP004573,SP004584,4,FST,GRY,SOC
SP004574,SP004579,7,BTN,BDM,CBG
SP004587,SP004640,17,RAM,XVJ,RTR
SP004596,SP004598,8,BDM,TBD,BTN
SP004601,SP004603,5,GLD,RAY,EAD
SP004605,SP004613,19,AFK,CHX,XVJ
SP004608,SP004609,3,MYB,WCX,GER
SP004608,SP004626,3,MYB,WCX,OXF
SP004608,SP004635,3,MYB,WCX,BMO
SP004608,SP004637,3,MYB,WCX,AYS
SP004608,SP004639,3,MYB,WCX,BAN
SP004608,SP004641,3,MYB,WCX,BSW
SP004609,SP004626,3,MYB,GER,OXF
SP004609,SP004635,3,MYB,GER,BMO
SP004609,SP004637,3,MYB,GER,AYS
SP004609,SP004639,3,MYB,GER,BAN
SP004609,SP004641,3,MYB,GER,BSW
SP004617,SP004619,8,DEE,EDB,EDB
SP004623,SP004624,4,EDB,SBR,ABD
SP004626,SP004635,3,MYB,OXF,BMO
SP004626,SP004637,3,MYB,OXF,AYS
SP004626,SP004639,15,MYB,OXF,BAN
SP004626,SP004641,5,MYB,OXF,BSW
SP004629,SP004630,4,RDG,PAD,PAD
SP004633,SP004643,12,OXF,MYB,MYB
SP004634,SP004645,6,BSW,MYB,MYB
SP004635,SP004637,6,MYB,BMO,AYS
SP004635,SP004639,3,MYB,BMO,BAN
SP004635,SP004641,3,MYB,BMO,BSW
SP004637,SP004639,3,MYB,AYS,BAN
SP004637,SP004641,3,MYB,AYS,BSW
SP004639,SP004641,5,MYB,BAN,BSW
