pattern_a,pattern_b,origin,destination_a,destination_b,shared_prefix,divergence_station,branch_a,branch_b,overlap
SP000002,SP000190,ORP,XVJ,LUT,7,SRT,BKJ,RVB,0.467
SP000002,SP002971,ORP,XVJ,KTN,7,SRT,BKJ,RVB,0.467
SP000002,SP002987,ORP,XVJ,BFR,7,SRT,BKJ,RVB,0.467
SP000002,SP003027,ORP,XVJ,WHP,7,SRT,BKJ,RVB,0.467
SP000003,SP000019,XHZ,WCY,WWR,12,SQE,BCY,QRP,0.706
SP000003,SP000779,XHZ,WCY,SQE,12,SQE,BCY,,1.0
SP000003,SP001023,XHZ,WCY,CYP,16,SYD,PNW,CYP,0.941
SP000004,SP000035,MYB,HWY,OXF,5,WRU,DNM,GER,0.5
SP000004,SP000059,MYB,HWY,SBJ,5,WRU,DNM,GER,0.5
SP000004,SP000061,MYB,HWY,BMO,5,WRU,DNM,GER,0.5
SP000004,SP000081,MYB,HWY,HWY,7,GER,SRG,BCF,0.778
SP000004,SP000088,MYB,HWY,BMO,5,WRU,DNM,GER,0.5
SP000004,SP000117,MYB,HWY,OXF,5,WRU,DNM,GER,0.5
SP000004,SP000124,MYB,HWY,BSW,5,WRU,DNM,GER,0.5
SP000004,SP000168,MYB,HWY,BAN,5,WRU,DNM,GER,0.5
SP000004,SP000199,MYB,HWY,BSW,5,WRU,DNM,GER,0.5
SP000004,SP000227,MYB,HWY,OXF,5,WRU,DNM,GER,0.5
SP000004,SP000248,MYB,HWY,HWY,6,DNM,GER,DGC,0.6
SP000004,SP000298,MYB,HWY,PRR,7,GER,SRG,HWY,0.7
SP000004,SP000305,MYB,HWY,GER,7,GER,SRG,,1.0
SP000004,SP000313,MYB,HWY,OXF,7,GER,SRG,BCF,0.7
SP000004,SP000328,MYB,HWY,BMO,5,WRU,DNM,GER,0.5
SP000004,SP000552,MYB,HWY,BSW,5,WRU,DNM,GER,0.5
SP000004,SP001643,MYB,HWY,HWY,6,DNM,GER,DGC,0.6
SP000004,SP002429,MYB,HWY,AYS,6,DNM,GER,DGC,0.6
SP000004,SP002777,MYB,HWY,OXF,5,WRU,DNM,GER,0.5
SP000004,SP002783,MYB,HWY,OXF,5,WRU,DNM,GER,0.5
SP000004,SP003198,MYB,HWY,BAN,5,WRU,DNM,GER,0.5
SP000004,SP003867,MYB,HWY,OXF,5,WRU,DNM,GER,0.5
SP000004,SP004114,MYB,HWY,BCS,6,DNM,GER,DGC,0.6
SP000004,SP004157,MYB,HWY,BMO,5,WRU,DNM,GER,0.5
SP000004,SP004185,MYB,HWY,BAN,7,GER,SRG,HWY,0.7
SP000004,SP004191,MYB,HWY,SBJ,5,WRU,DNM,GER,0.5
SP000004,SP004257,MYB,HWY,BMO,5,WRU,DNM,GER,0.5
SP000004,SP004445,MYB,HWY,BAN,5,WRU,DNM,GER,0.5
SP000004,SP004479,MYB,HWY,PRR,5,WRU,DNM,GER,0.556
SP000004,SP004626,MYB,HWY,OXF,7,GER,SRG,BCF,0.7
SP000004,SP004639,MYB,HWY,BAN,7,GER,SRG,BCF,0.7
SP000004,SP004641,MYB,HWY,BSW,5,WRU,DNM,GER,0.5
SP000006,SP000015,SHF,AWK,DON,7,DON,BYK,,1.0
SP000008,SP000634,KNT,ZEL,QPW,8,QPW,ZEL,,1.0
SP000010,SP002204,SQE,DLJ,XHZ,10,DLJ,,XIC,1.0
SP000012,SP000056,OXF,MYB,MYB,9,HWY,BCF,GER,0.6
SP000012,SP000120,OXF,MYB,MYB,11,GER,WRU,DNM,0.688
SP000012,SP000206,OXF,MYB,MYB,9,HWY,BCF,SRG,0.562
SP000012,SP000679,OXF,MYB,MYB,10,BCF,GER,SRG,0.625
SP000012,SP000689,OXF,MYB,MYB,9,HWY,BCF,SRG,0.562
SP000012,SP004149,OXF,MYB,MYB,11,GER,WRU,DGC,0.688
SP000012,SP004560,OXF,MYB,MYB,11,GER,WRU,DGC,0.688
SP000012,SP004636,OXF,MYB,MYB,9,HWY,BCF,SRG,0.562
SP000014,SP000021,CHX,HGS,HGS,10,SEV,HLB,TON,0.526
SP000014,SP000031,CHX,HGS,HGS,10,SEV,HLB,TON,0.5
SP000014,SP000039,CHX,HGS,HGS,10,SEV,HLB,TON,0.417
SP000014,SP000337,CHX,HGS,TBW,14,TBW,FRT,,1.0
SP000014,SP000349,CHX,HGS,TBW,9,ORP,SEV,CLD,0.6
SP000014,SP000413,CHX,HGS,GRV,5,HGR,GRP,LEE,0.25
SP000014,SP000477,CHX,HGS,GLM,5,HGR,GRP,LEE,0.227
SP000014,SP000659,CHX,HGS,ORP,9,ORP,SEV,,1.0
SP000014,SP000668,CHX,HGS,AFK,7,CIT,XPE,XMU,0.35
SP000014,SP000670,CHX,HGS,MDE,7,CIT,XPE,XMU,0.5
SP000014,SP001044,CHX,HGS,RAM,10,SEV,HLB,TON,0.4
SP000014,SP001137,CHX,HGS,SEV,6,GRP,CIT,ESD,0.4
SP000014,SP001138,CHX,HGS,ORP,6,GRP,CIT,ESD,0.545
SP000014,SP001883,CHX,HGS,HGS,10,SEV,HLB,TON,0.455
SP000014,SP001892,CHX,HGS,DVP,10,SEV,HLB,TON,0.417
SP000014,SP002537,CHX,HGS,TBW,5,HGR,GRP,CFB,0.2
SP000014,SP002807,CHX,HGS,DVP,10,SEV,HLB,TON,0.435
SP000014,SP002976,CHX,HGS,CBW,10,SEV,HLB,TON,0.476
SP000014,SP003387,CHX,HGS,DVP,10,SEV,HLB,TON,0.435
SP000014,SP003400,CHX,HGS,RAM,10,SEV,HLB,TON,0.4
SP000014,SP004546,CHX,HGS,HGS,10,SEV,HLB,TON,0.5
SP000014,SP004547,CHX,HGS,HGS,6,GRP,CIT,ESD,0.24
SP000014,SP004549,CHX,HGS,HGS,9,ORP,SEV,CLD,0.36
SP000014,SP004551,CHX,HGS,HGS,10,SEV,HLB,TON,0.455
SP000017,SP000627,SBP,ZEL,QPW,5,QPW,ZEL,,1.0
SP000018,SP000024,MYB,AVP,AYS,11,AYS,AVP,,1.0
SP000019,SP000779,XHZ,WWR,SQE,12,SQE,QRP,,1.0
SP000019,SP001023,XHZ,WWR,CYP,12,SQE,QRP,BCY,0.706
SP000021,SP000031,CHX,HGS,HGS,16,BAT,XOP,WLD,0.842
SP000021,SP000039,CHX,HGS,HGS,13,TBW,WAD,FRT,0.684
SP000021,SP000337,CHX,HGS,TBW,10,SEV,TON,HLB,0.714
SP000021,SP000349,CHX,HGS,TBW,9,ORP,SEV,CLD,0.6
SP000021,SP000413,CHX,HGS,GRV,5,HGR,GRP,LEE,0.263
SP000021,SP000477,CHX,HGS,GLM,5,HGR,GRP,LEE,0.263
SP000021,SP000659,CHX,HGS,ORP,9,ORP,SEV,,1.0
SP000021,SP000668,CHX,HGS,AFK,7,CIT,XPE,XMU,0.368
SP000021,SP000670,CHX,HGS,MDE,7,CIT,XPE,XMU,0.5
SP000021,SP001044,CHX,HGS,RAM,11,TON,HIB,PDW,0.579
SP000021,SP001137,CHX,HGS,SEV,6,GRP,CIT,ESD,0.4
SP000021,SP001138,CHX,HGS,ORP,6,GRP,CIT,ESD,0.545
SP000021,SP001883,CHX,HGS,HGS,14,WAD,RBR,ETC,0.737
SP000021,SP001892,CHX,HGS,DVP,11,TON,HIB,PDW,0.579
SP000021,SP002537,CHX,HGS,TBW,5,HGR,GRP,CFB,0.263
SP000021,SP002807,CHX,HGS,DVP,11,TON,HIB,PDW,0.579
SP000021,SP002976,CHX,HGS,CBW,11,TON,HIB,PDW,0.579
SP000021,SP003387,CHX,HGS,DVP,11,TON,HIB,PDW,0.579
SP000021,SP003400,CHX,HGS,RAM,11,TON,HIB,PDW,0.579
SP000021,SP004546,CHX,HGS,HGS,14,WAD,RBR,ETC,0.737
SP000021,SP004547,CHX,HGS,HGS,6,GRP,CIT,ESD,0.316
SP000021,SP004549,CHX,HGS,HGS,9,ORP,SEV,CLD,0.474
SP000021,SP004551,CHX,HGS,HGS,13,TBW,WAD,FRT,0.684
SP000023,SP000780,DLJ,WWR,BAK,15,WWR,,BAK,1.0
SP000023,SP001020,DLJ,WWR,CYP,10,SQE,QRP,BCY,0.667
SP000023,SP003630,DLJ,WWR,SQE,10,SQE,QRP,,1.0
SP000023,SP004580,DLJ,WWR,WCY,10,SQE,QRP,BCY,0.667
SP000025,SP001701,WWR,DLJ,XHZ,15,DLJ,,XIC,1.0
SP000027,SP000118,CDF,BHM,CNM,8,CNM,ASC,,1.0
SP000027,SP001526,CDF,BHM,NOT,10,XAY,WOS,WOP,0.476
SP000027,SP003482,CDF,BHM,GCR,7,GCR,CNM,,1.0
SP000027,SP004105,CDF,BHM,NOT,10,XAY,WOS,WOP,0.476
SP000031,SP000039,CHX,HGS,HGS,13,TBW,WAD,FRT,0.65
SP000031,SP000337,CHX,HGS,TBW,10,SEV,TON,HLB,0.714
SP000031,SP000349,CHX,HGS,TBW,9,ORP,SEV,CLD,0.6
SP000031,SP000413,CHX,HGS,GRV,5,HGR,GRP,LEE,0.25
SP000031,SP000477,CHX,HGS,GLM,5,HGR,GRP,LEE,0.25
SP000031,SP000659,CHX,HGS,ORP,9,ORP,SEV,,1.0
SP000031,SP000668,CHX,HGS,AFK,7,CIT,XPE,XMU,0.35
SP000031,SP000670,CHX,HGS,MDE,7,CIT,XPE,XMU,0.5
SP000031,SP001044,CHX,HGS,RAM,11,TON,HIB,PDW,0.55
SP000031,SP001137,CHX,HGS,SEV,6,GRP,CIT,ESD,0.4
SP000031,SP001138,CHX,HGS,ORP,6,GRP,CIT,ESD,0.545
SP000031,SP001883,CHX,HGS,HGS,14,WAD,RBR,ETC,0.7
SP000031,SP001892,CHX,HGS,DVP,11,TON,HIB,PDW,0.55
SP000031,SP002537,CHX,HGS,TBW,5,HGR,GRP,CFB,0.25
SP000031,SP002807,CHX,HGS,DVP,11,TON,HIB,PDW,0.55
SP000031,SP002976,CHX,HGS,CBW,11,TON,HIB,PDW,0.55
SP000031,SP003387,CHX,HGS,DVP,11,TON,HIB,PDW,0.55
SP000031,SP003400,CHX,HGS,RAM,11,TON,HIB,PDW,0.55
SP000031,SP004546,CHX,HGS,HGS,14,WAD,RBR,ETC,0.7
SP000031,SP004547,CHX,HGS,HGS,6,GRP,CIT,ESD,0.3
SP000031,SP004549,CHX,HGS,HGS,9,ORP,SEV,CLD,0.45
SP000031,SP004551,CHX,HGS,HGS,13,TBW,WAD,FRT,0.65
SP000032,SP002048,YRK,BDT,HUL,7,GBD,BUH,BMF,0.583
SP000032,SP002547,YRK,BDT,HUL,9,HUL,CGM,,1.0
SP000032,SP003407,YRK,BDT,BDT,5,SBY,HOW,WRS,0.333
SP000033,SP000522,BRI,WOS,WOF,10,WOS,,WOF,1.0
SP000033,SP000531,BRI,WOS,GCR,6,GCR,CNM,,1.0
SP000033,SP003494,BRI,WOS,GMV,10,WOS,,WOF,1.0
SP000034,SP001577,SSD,BHM,BHM,18,LEI,HNK,SWS,0.692
SP000034,SP001704,SSD,BHM,CBG,5,CBG,CMB,,1.0
SP000035,SP000059,MYB,OXF,SBJ,6,GER,BCF,HWY,0.375
SP000035,SP000061,MYB,OXF,BMO,6,GER,BCF,HWY,0.375
SP000035,SP000081,MYB,OXF,HWY,5,WRU,GER,DNM,0.556
SP000035,SP000088,MYB,OXF,BMO,6,GER,BCF,HWY,0.375
SP000035,SP000117,MYB,OXF,OXF,6,GER,BCF,HWY,0.4
SP000035,SP000124,MYB,OXF,BSW,6,GER,BCF,HWY,0.375
SP000035,SP000168,MYB,OXF,BAN,6,GER,BCF,HWY,0.4
SP000035,SP000199,MYB,OXF,BSW,6,GER,BCF,HWY,0.375
SP000035,SP000227,MYB,OXF,OXF,6,GER,BCF,SRG,0.375
SP000035,SP000248,MYB,OXF,HWY,5,WRU,GER,DNM,0.5
SP000035,SP000298,MYB,OXF,PRR,5,WRU,GER,DNM,0.5
SP000035,SP000305,MYB,OXF,GER,5,WRU,GER,DNM,0.714
SP000035,SP000313,MYB,OXF,OXF,5,WRU,GER,DNM,0.312
SP000035,SP000328,MYB,OXF,BMO,6,GER,BCF,HWY,0.375
SP000035,SP000552,MYB,OXF,BSW,6,GER,BCF,HWY,0.375
SP000035,SP001643,MYB,OXF,HWY,5,WRU,GER,DNM,0.455
SP000035,SP002429,MYB,OXF,AYS,5,WRU,GER,DNM,0.333
SP000035,SP002777,MYB,OXF,OXF,6,GER,BCF,SRG,0.375
SP000035,SP002783,MYB,OXF,OXF,14,BIT,OXP,ISP,0.875
SP000035,SP003198,MYB,OXF,BAN,12,XJV,XGY,BCS,0.75
SP000035,SP003867,MYB,OXF,OXF,6,GER,BCF,HWY,0.375
SP000035,SP004114,MYB,OXF,BCS,5,WRU,GER,DNM,0.312
SP000035,SP004157,MYB,OXF,BMO,6,GER,BCF,HWY,0.375
SP000035,SP004185,MYB,OXF,BAN,5,WRU,GER,DNM,0.333
SP000035,SP004191,MYB,OXF,SBJ,6,GER,BCF,HWY,0.375
SP000035,SP004257,MYB,OXF,BMO,12,XJV,XGY,BCS,0.75
SP000035,SP004445,MYB,OXF,BAN,16,OXF,,HYD,1.0
SP000035,SP004479,MYB,OXF,PRR,6,GER,BCF,HWY,0.667
SP000035,SP004626,MYB,OXF,OXF,5,WRU,GER,DNM,0.312
SP000035,SP004639,MYB,OXF,BAN,5,WRU,GER,DNM,0.312
SP000035,SP004641,MYB,OXF,BSW,12,XJV,XGY,BCS,0.75
SP000039,SP000337,CHX,HGS,TBW,10,SEV,TON,HLB,0.714
SP000039,SP000349,CHX,HGS,TBW,9,ORP,SEV,CLD,0.6
SP000039,SP000413,CHX,HGS,GRV,5,HGR,GRP,LEE,0.25
SP000039,SP000477,CHX,HGS,GLM,5,HGR,GRP,LEE,0.227
SP000039,SP000659,CHX,HGS,ORP,9,ORP,SEV,,1.0
SP000039,SP000668,CHX,HGS,AFK,7,CIT,XPE,XMU,0.35
SP000039,SP000670,CHX,HGS,MDE,7,CIT,XPE,XMU,0.5
SP000039,SP001044,CHX,HGS,RAM,11,TON,HIB,PDW,0.458
SP000039,SP001137,CHX,HGS,SEV,6,GRP,CIT,ESD,0.4
SP000039,SP001138,CHX,HGS,ORP,6,GRP,CIT,ESD,0.545
SP000039,SP001883,CHX,HGS,HGS,13,TBW,FRT,WAD,0.591
SP000039,SP001892,CHX,HGS,DVP,11,TON,HIB,PDW,0.458
SP000039,SP002537,CHX,HGS,TBW,5,HGR,GRP,CFB,0.208
SP000039,SP002807,CHX,HGS,DVP,11,TON,HIB,PDW,0.478
SP000039,SP002976,CHX,HGS,CBW,11,TON,HIB,PDW,0.524
SP000039,SP003387,CHX,HGS,DVP,11,TON,HIB,PDW,0.478
SP000039,SP003400,CHX,HGS,RAM,11,TON,HIB,PDW,0.458
SP000039,SP004546,CHX,HGS,HGS,13,TBW,FRT,WAD,0.65
SP000039,SP004547,CHX,HGS,HGS,6,GRP,CIT,ESD,0.25
SP000039,SP004549,CHX,HGS,HGS,9,ORP,SEV,CLD,0.375
SP000039,SP004551,CHX,HGS,HGS,19,BAT,CWU,XOP,0.864
SP000040,SP000045,OXF,MYB,MYB,14,SRU,NLT,WCX,0.824
SP000040,SP000073,OXF,MYB,MYB,10,HWY,SRG,BCF,0.588
SP000040,SP004152,OXF,MYB,HWY,10,HWY,SRG,,1.0
SP000040,SP004488,OXF,MYB,MYB,12,GER,WRU,DGC,0.667
SP000040,SP004633,OXF,MYB,MYB,10,HWY,SRG,BCF,0.556
SP000040,SP004643,OXF,MYB,MYB,10,HWY,SRG,BCF,0.556
SP000041,SP000044,PAD,HFD,WOF,11,AUW,KGM,SIP,0.55
SP000041,SP000048,PAD,HFD,GMV,15,EVE,WPH,PSH,0.682
SP000041,SP000094,PAD,HFD,PLY,6,RDG,GOR,THE,0.286
SP000041,SP000096,PAD,HFD,PNZ,6,RDG,GOR,THE,0.24
SP000041,SP000099,PAD,HFD,PNZ,6,RDG,GOR,THE,0.24
SP000041,SP000105,PAD,HFD,DID,6,RDG,GOR,TLH,0.545
SP000041,SP000106,PAD,HFD,NBY,6,RDG,GOR,THE,0.667
SP000041,SP000129,PAD,HFD,WOF,7,GOR,OXF,DID,0.35
SP000041,SP000184,PAD,HFD,HFD,15,EVE,WPH,PSH,0.6
SP000041,SP000198,PAD,HFD,WOS,15,EVE,WPH,PSH,0.833
SP000041,SP000326,PAD,HFD,DID,6,RDG,GOR,TLH,0.6
SP000041,SP000364,PAD,HFD,WOF,15,EVE,WPH,PSH,0.789
SP000041,SP000462,PAD,HFD,OXF,8,OXF,HND,,1.0
SP000041,SP000581,PAD,HFD,BRI,7,GOR,OXF,DID,0.583
SP000041,SP000651,PAD,HFD,PLY,6,RDG,GOR,THE,0.273
SP000041,SP000801,PAD,HFD,PLY,6,RDG,GOR,THE,0.261
SP000041,SP000835,PAD,HFD,WSM,7,GOR,OXF,DID,0.412
SP000041,SP000840,PAD,HFD,PNZ,7,GOR,OXF,DID,0.28
SP000041,SP000848,PAD,HFD,WOS,11,AUW,KGM,SIP,0.579
SP000041,SP000858,PAD,HFD,OXF,7,GOR,OXF,DID,0.778
SP000041,SP000862,PAD,HFD,CNM,7,GOR,OXF,DID,0.5
SP000041,SP001654,PAD,HFD,NBY,6,RDG,GOR,THE,0.6
SP000041,SP001823,PAD,HFD,SWA,7,GOR,OXF,DID,0.333
SP000041,SP001838,PAD,HFD,SWA,7,GOR,OXF,DID,0.35
SP000041,SP001939,PAD,HFD,RDG,6,RDG,GOR,,1.0
SP000041,SP002174,PAD,HFD,WSM,7,GOR,OXF,DID,0.438
SP000041,SP002183,PAD,HFD,WSM,7,GOR,OXF,DID,0.412
SP000041,SP002209,PAD,HFD,EXD,6,RDG,GOR,THE,0.375
SP000041,SP002216,PAD,HFD,NQY,6,RDG,GOR,THE,0.24
SP000041,SP002711,PAD,HFD,BDW,6,RDG,GOR,THE,0.5
SP000041,SP003385,PAD,HFD,PGN,6,RDG,GOR,THE,0.261
SP000041,SP003417,PAD,HFD,CDF,7,GOR,OXF,DID,0.467
SP000041,SP003420,PAD,HFD,WOS,7,GOR,OXF,DID,0.412
SP000041,SP003428,PAD,HFD,WSB,6,RDG,GOR,THE,0.429
SP000041,SP003429,PAD,HFD,CMN,7,GOR,OXF,DID,0.28
SP000041,SP003434,PAD,HFD,SWA,7,GOR,OXF,DID,0.333
SP000041,SP003440,PAD,HFD,SWA,7,GOR,OXF,DID,0.318
SP000041,SP003448,PAD,HFD,TAU,7,GOR,OXF,DID,0.368
SP000041,SP003480,PAD,HFD,PNZ,6,RDG,GOR,THE,0.24
SP000041,SP003666,PAD,HFD,TAU,7,GOR,OXF,DID,0.35
SP000041,SP003788,PAD,HFD,SWA,7,GOR,OXF,DID,0.292
SP000041,SP004186,PAD,HFD,FRO,6,RDG,GOR,THE,0.4
SP000041,SP004248,PAD,HFD,WPH,15,EVE,WPH,PSH,0.882
SP000041,SP004338,PAD,HFD,BPW,7,GOR,OXF,DID,0.7
SP000041,SP004416,PAD,HFD,BDW,6,RDG,GOR,RDW,0.375
SP000041,SP004476,PAD,HFD,BAN,8,OXF,HND,HYD,0.727
SP000041,SP004599,PAD,HFD,WOS,7,GOR,OXF,DID,0.5
SP000042,SP004617,DEE,EDB,EDB,9,EGY,HYM,SGL,0.818
SP000042,SP004619,DEE,EDB,EDB,8,INK,EGY,NQU,0.727
SP000043,SP000645,BAN,MYB,MYB,9,HWY,GER,SRG,0.6
SP000043,SP004180,BAN,MYB,MYB,9,HWY,GER,BCF,0.6
SP000044,SP000048,PAD,WOF,GMV,11,AUW,SIP,KGM,0.55
SP000044,SP000094,PAD,WOF,PLY,6,RDG,GOR,THE,0.3
SP000044,SP000096,PAD,WOF,PNZ,6,RDG,GOR,THE,0.3
SP000044,SP000099,PAD,WOF,PNZ,6,RDG,GOR,THE,0.3
SP000044,SP000105,PAD,WOF,DID,6,RDG,GOR,TLH,0.545
SP000044,SP000106,PAD,WOF,NBY,6,RDG,GOR,THE,0.667
SP000044,SP000129,PAD,WOF,WOF,7,GOR,OXF,DID,0.35
SP000044,SP000184,PAD,WOF,HFD,11,AUW,SIP,KGM,0.55
SP000044,SP000198,PAD,WOF,WOS,11,AUW,SIP,KGM,0.611
SP000044,SP000326,PAD,WOF,DID,6,RDG,GOR,TLH,0.6
SP000044,SP000364,PAD,WOF,WOF,11,AUW,SIP,KGM,0.579
SP000044,SP000462,PAD,WOF,OXF,8,OXF,HND,,1.0
SP000044,SP000581,PAD,WOF,BRI,7,GOR,OXF,DID,0.583
SP000044,SP000651,PAD,WOF,PLY,6,RDG,GOR,THE,0.3
SP000044,SP000801,PAD,WOF,PLY,6,RDG,GOR,THE,0.3
SP000044,SP000835,PAD,WOF,WSM,7,GOR,OXF,DID,0.412
SP000044,SP000840,PAD,WOF,PNZ,7,GOR,OXF,DID,0.35
SP000044,SP000848,PAD,WOF,WOS,19,WOS,WOF,,1.0
SP000044,SP000858,PAD,WOF,OXF,7,GOR,OXF,DID,0.778
SP000044,SP000862,PAD,WOF,CNM,7,GOR,OXF,DID,0.5
SP000044,SP001654,PAD,WOF,NBY,6,RDG,GOR,THE,0.6
SP000044,SP001823,PAD,WOF,SWA,7,GOR,OXF,DID,0.35
SP000044,SP001838,PAD,WOF,SWA,7,GOR,OXF,DID,0.35
SP000044,SP001939,PAD,WOF,RDG,6,RDG,GOR,,1.0
SP000044,SP002174,PAD,WOF,WSM,7,GOR,OXF,DID,0.438
SP000044,SP002183,PAD,WOF,WSM,7,GOR,OXF,DID,0.412
SP000044,SP002209,PAD,WOF,EXD,6,RDG,GOR,THE,0.375
SP000044,SP002216,PAD,WOF,NQY,6,RDG,GOR,THE,0.3
SP000044,SP002711,PAD,WOF,BDW,6,RDG,GOR,THE,0.5
SP000044,SP003385,PAD,WOF,PGN,6,RDG,GOR,THE,0.3
SP000044,SP003417,PAD,WOF,CDF,7,GOR,OXF,DID,0.467
SP000044,SP003420,PAD,WOF,WOS,7,GOR,OXF,DID,0.412
SP000044,SP003428,PAD,WOF,WSB,6,RDG,GOR,THE,0.429
SP000044,SP003429,PAD,WOF,CMN,7,GOR,OXF,DID,0.35
SP000044,SP003434,PAD,WOF,SWA,7,GOR,OXF,DID,0.35
SP000044,SP003440,PAD,WOF,SWA,7,GOR,OXF,DID,0.35
SP000044,SP003448,PAD,WOF,TAU,7,GOR,OXF,DID,0.368
SP000044,SP003480,PAD,WOF,PNZ,6,RDG,GOR,THE,0.3
SP000044,SP003666,PAD,WOF,TAU,7,GOR,OXF,DID,0.35
SP000044,SP003788,PAD,WOF,SWA,7,GOR,OXF,DID,0.35
SP000044,SP004186,PAD,WOF,FRO,6,RDG,GOR,THE,0.4
SP000044,SP004248,PAD,WOF,WPH,11,AUW,SIP,KGM,0.647
SP000044,SP004338,PAD,WOF,BPW,7,GOR,OXF,DID,0.7
SP000044,SP004416,PAD,WOF,BDW,6,RDG,GOR,RDW,0.375
SP000044,SP004476,PAD,WOF,BAN,8,OXF,HND,HYD,0.727
SP000044,SP004599,PAD,WOF,WOS,7,GOR,OXF,DID,0.5
SP000045,SP000073,OXF,MYB,MYB,10,HWY,SRG,BCF,0.588
SP000045,SP004152,OXF,MYB,HWY,10,HWY,SRG,,1.0
SP000045,SP004488,OXF,MYB,MYB,12,GER,WRU,DGC,0.706
SP000045,SP004633,OXF,MYB,MYB,10,HWY,SRG,BCF,0.588
SP000045,SP004643,OXF,MYB,MYB,10,HWY,SRG,BCF,0.588
SP000046,SP000196,RDC,BHM,FOK,11,BHM,,XOZ,1.0
SP000046,SP001479,RDC,BHM,FOK,11,BHM,,XOZ,1.0
SP000047,SP000234,SHF,HUD,LDS,6,BNY,DOD,DRT,0.462
SP000047,SP002642,SHF,HUD,BNY,6,BNY,DOD,,1.0
SP000047,SP003839,SHF,HUD,PNS,9,PNS,DBD,,1.0
SP000047,SP003966,SHF,HUD,WKK,6,BNY,DOD,DRT,0.75
SP000047,SP004470,SHF,HUD,LDS,6,BNY,DOD,DRT,0.5
SP000048,SP000094,PAD,GMV,PLY,6,RDG,GOR,THE,0.286
SP000048,SP000096,PAD,GMV,PNZ,6,RDG,GOR,THE,0.273
SP000048,SP000099,PAD,GMV,PNZ,6,RDG,GOR,THE,0.273
SP000048,SP000105,PAD,GMV,DID,6,RDG,GOR,TLH,0.545
SP000048,SP000106,PAD,GMV,NBY,6,RDG,GOR,THE,0.667
SP000048,SP000129,PAD,GMV,WOF,7,GOR,OXF,DID,0.35
SP000048,SP000184,PAD,GMV,HFD,22,GMV,,XMN,1.0
SP000048,SP000198,PAD,GMV,WOS,18,WOS,WOF,,1.0
SP000048,SP000326,PAD,GMV,DID,6,RDG,GOR,TLH,0.6
SP000048,SP000364,PAD,GMV,WOF,19,WOF,XHK,,1.0
SP000048,SP000462,PAD,GMV,OXF,8,OXF,HND,,1.0
SP000048,SP000581,PAD,GMV,BRI,7,GOR,OXF,DID,0.583
SP000048,SP000651,PAD,GMV,PLY,6,RDG,GOR,THE,0.273
SP000048,SP000801,PAD,GMV,PLY,6,RDG,GOR,THE,0.273
SP000048,SP000835,PAD,GMV,WSM,7,GOR,OXF,DID,0.412
SP000048,SP000840,PAD,GMV,PNZ,7,GOR,OXF,DID,0.318
SP000048,SP000848,PAD,GMV,WOS,11,AUW,KGM,SIP,0.579
SP000048,SP000858,PAD,GMV,OXF,7,GOR,OXF,DID,0.778
SP000048,SP000862,PAD,GMV,CNM,7,GOR,OXF,DID,0.5
SP000048,SP001654,PAD,GMV,NBY,6,RDG,GOR,THE,0.6
SP000048,SP001823,PAD,GMV,SWA,7,GOR,OXF,DID,0.333
SP000048,SP001838,PAD,GMV,SWA,7,GOR,OXF,DID,0.35
SP000048,SP001939,PAD,GMV,RDG,6,RDG,GOR,,1.0
SP000048,SP002174,PAD,GMV,WSM,7,GOR,OXF,DID,0.438
SP000048,SP002183,PAD,GMV,WSM,7,GOR,OXF,DID,0.412
SP000048,SP002209,PAD,GMV,EXD,6,RDG,GOR,THE,0.375
SP000048,SP002216,PAD,GMV,NQY,6,RDG,GOR,THE,0.273
SP000048,SP002711,PAD,GMV,BDW,6,RDG,GOR,THE,0.5
SP000048,SP003385,PAD,GMV,PGN,6,RDG,GOR,THE,0.273
SP000048,SP003417,PAD,GMV,CDF,7,GOR,OXF,DID,0.467
SP000048,SP003420,PAD,GMV,WOS,7,GOR,OXF,DID,0.412
SP000048,SP003428,PAD,GMV,WSB,6,RDG,GOR,THE,0.429
SP000048,SP003429,PAD,GMV,CMN,7,GOR,OXF,DID,0.318
SP000048,SP003434,PAD,GMV,SWA,7,GOR,OXF,DID,0.333
SP000048,SP003440,PAD,GMV,SWA,7,GOR,OXF,DID,0.318
SP000048,SP003448,PAD,GMV,TAU,7,GOR,OXF,DID,0.368
SP000048,SP003480,PAD,GMV,PNZ,6,RDG,GOR,THE,0.273
SP000048,SP003666,PAD,GMV,TAU,7,GOR,OXF,DID,0.35
SP000048,SP003788,PAD,GMV,SWA,7,GOR,OXF,DID,0.318
SP000048,SP004186,PAD,GMV,FRO,6,RDG,GOR,THE,0.4
SP000048,SP004248,PAD,GMV,WPH,17,WPH,WOS,,1.0
SP000048,SP004338,PAD,GMV,BPW,7,GOR,OXF,DID,0.7
SP000048,SP004416,PAD,GMV,BDW,6,RDG,GOR,RDW,0.375
SP000048,SP004476,PAD,GMV,BAN,8,OXF,HND,HYD,0.727
SP000048,SP004599,PAD,GMV,WOS,7,GOR,OXF,DID,0.5
SP000049,SP000194,MYB,HWY,HWY,8,DNM,DGC,GER,0.667
SP000049,SP000605,MYB,HWY,GER,7,WRU,DNM,DGC,0.778
SP000049,SP000607,MYB,HWY,GER,8,DNM,DGC,GER,0.889
SP000049,SP000667,MYB,HWY,WRU,7,WRU,DNM,,1.0
SP000049,SP004609,MYB,HWY,GER,10,GER,SRG,,1.0
SP000050,SP003932,LIF,BHM,LOB,15,BHM,,FWY,1.0
SP000050,SP003934,LIF,BHM,BMV,15,BHM,,FWY,1.0
SP000051,SP000114,HWY,MYB,MYB,8,SRU,NLT,WCX,0.727
SP000051,SP004163,HWY,MYB,MYB,9,NLT,SDH,WCX,0.75
SP000052,SP000617,TAU,CDF,BRI,11,BRI,FIT,,1.0
SP000052,SP001449,TAU,CDF,SVB,11,BRI,FIT,LWH,0.647
SP000052,SP002329,TAU,CDF,CDF,11,BRI,FIT,LWH,0.647
SP000052,SP003402,TAU,CDF,PAD,9,PSN,BMT,BRI,0.529
SP000053,SP000998,PMH,LIT,HRH,5,HAV,WBL,EMS,0.357
SP000053,SP001162,PMH,LIT,BTN,14,FOD,LIT,XXA,0.933
SP000053,SP002968,PMH,LIT,HRH,14,FOD,LIT,XXA,0.933
SP000053,SP003547,PMH,LIT,GTW,5,HAV,WBL,EMS,0.333
SP000054,SP000063,HGS,CHX,CHX,5,RBR,WAD,ETC,0.25
SP000054,SP000108,HGS,CHX,CHX,9,TON,HLB,SEV,0.474
SP000054,SP000154,HGS,CHX,CST,5,RBR,WAD,ETC,0.25
SP000054,SP000174,HGS,CHX,CST,5,RBR,WAD,ETC,0.25
SP000055,SP001531,PTH,EDB,EDB,9,INK,EGY,NQU,0.692
SP000056,SP000120,OXF,MYB,MYB,9,HWY,GER,BCF,0.6
SP000056,SP000206,OXF,MYB,MYB,9,HWY,GER,SRG,0.6
SP000056,SP000679,OXF,MYB,MYB,9,HWY,GER,BCF,0.6
SP000056,SP000689,OXF,MYB,MYB,9,HWY,GER,SRG,0.6
SP000056,SP004149,OXF,MYB,MYB,9,HWY,GER,BCF,0.6
SP000056,SP004560,OXF,MYB,MYB,9,HWY,GER,BCF,0.6
SP000056,SP004636,OXF,MYB,MYB,9,HWY,GER,SRG,0.6
SP000057,SP000071,HGS,CHX,CHX,8,ETC,SOG,WAD,0.364
SP000057,SP000170,HGS,CHX,CST,15,SEV,ORP,CLD,0.625
SP000057,SP004099,HGS,CHX,TON,14,TON,SEV,,1.0
SP000057,SP004555,HGS,CHX,CHX,14,TON,SEV,HLB,0.583
SP000057,SP004566,HGS,CHX,CST,14,TON,SEV,HLB,0.583
SP000059,SP000061,MYB,SBJ,BMO,24,BMO,BSW,,1.0
SP000059,SP000081,MYB,SBJ,HWY,5,WRU,GER,DNM,0.556
SP000059,SP000088,MYB,SBJ,BMO,13,XAN,BAN,KGS,0.52
SP000059,SP000117,MYB,SBJ,OXF,11,XJV,BCS,XGY,0.733
SP000059,SP000124,MYB,SBJ,BSW,25,BSW,JEQ,,1.0
SP000059,SP000168,MYB,SBJ,BAN,13,XAN,BAN,KGS,0.867
SP000059,SP000199,MYB,SBJ,BSW,19,HTN,DDG,LPW,0.731
SP000059,SP000227,MYB,SBJ,OXF,6,GER,HWY,SRG,0.375
SP000059,SP000248,MYB,SBJ,HWY,5,WRU,GER,DNM,0.5
SP000059,SP000298,MYB,SBJ,PRR,5,WRU,GER,DNM,0.5
SP000059,SP000305,MYB,SBJ,GER,5,WRU,GER,DNM,0.714
SP000059,SP000313,MYB,SBJ,OXF,5,WRU,GER,DNM,0.294
SP000059,SP000328,MYB,SBJ,BMO,16,LMS,WRW,WRP,0.696
SP000059,SP000552,MYB,SBJ,BSW,13,XAN,BAN,KGS,0.5
SP000059,SP001643,MYB,SBJ,HWY,5,WRU,GER,DNM,0.455
SP000059,SP002429,MYB,SBJ,AYS,5,WRU,GER,DNM,0.333
SP000059,SP002777,MYB,SBJ,OXF,6,GER,HWY,SRG,0.333
SP000059,SP002783,MYB,SBJ,OXF,6,GER,HWY,BCF,0.353
SP000059,SP003198,MYB,SBJ,BAN,6,GER,HWY,BCF,0.375
SP000059,SP003867,MYB,SBJ,OXF,11,XJV,BCS,XGY,0.688
SP000059,SP004114,MYB,SBJ,BCS,5,WRU,GER,DNM,0.312
SP000059,SP004157,MYB,SBJ,BMO,13,XAN,BAN,KGS,0.5
SP000059,SP004185,MYB,SBJ,BAN,5,WRU,GER,DNM,0.333
SP000059,SP004191,MYB,SBJ,SBJ,13,XAN,BAN,KGS,0.433
SP000059,SP004257,MYB,SBJ,BMO,6,GER,HWY,BCF,0.24
SP000059,SP004445,MYB,SBJ,BAN,6,GER,HWY,BCF,0.316
SP000059,SP004479,MYB,SBJ,PRR,9,PRR,HDM,,1.0
SP000059,SP004626,MYB,SBJ,OXF,5,WRU,GER,DNM,0.278
SP000059,SP004639,MYB,SBJ,BAN,5,WRU,GER,DNM,0.25
SP000059,SP004641,MYB,SBJ,BSW,6,GER,HWY,BCF,0.231
SP000060,SP003757,EDB,PTH,LEV,5,INK,DAG,ROS,0.385
SP000060,SP003767,EDB,PTH,GLT,5,INK,DAG,ROS,0.417
SP000061,SP000081,MYB,BMO,HWY,5,WRU,GER,DNM,0.556
SP000061,SP000088,MYB,BMO,BMO,13,XAN,BAN,KGS,0.542
SP000061,SP000117,MYB,BMO,OXF,11,XJV,BCS,XGY,0.733
SP000061,SP000124,MYB,BMO,BSW,24,BMO,,BSW,1.0
SP000061,SP000168,MYB,BMO,BAN,13,XAN,BAN,KGS,0.867
SP000061,SP000199,MYB,BMO,BSW,19,HTN,DDG,LPW,0.792
SP000061,SP000227,MYB,BMO,OXF,6,GER,HWY,SRG,0.375
SP000061,SP000248,MYB,BMO,HWY,5,WRU,GER,DNM,0.5
SP000061,SP000298,MYB,BMO,PRR,5,WRU,GER,DNM,0.5
SP000061,SP000305,MYB,BMO,GER,5,WRU,GER,DNM,0.714
SP000061,SP000313,MYB,BMO,OXF,5,WRU,GER,DNM,0.294
SP000061,SP000328,MYB,BMO,BMO,16,LMS,WRW,WRP,0.696
SP000061,SP000552,MYB,BMO,BSW,13,XAN,BAN,KGS,0.542
SP000061,SP001643,MYB,BMO,HWY,5,WRU,GER,DNM,0.455
SP000061,SP002429,MYB,BMO,AYS,5,WRU,GER,DNM,0.333
SP000061,SP002777,MYB,BMO,OXF,6,GER,HWY,SRG,0.333
SP000061,SP002783,MYB,BMO,OXF,6,GER,HWY,BCF,0.353
SP000061,SP003198,MYB,BMO,BAN,6,GER,HWY,BCF,0.375
SP000061,SP003867,MYB,BMO,OXF,11,XJV,BCS,XGY,0.688
SP000061,SP004114,MYB,BMO,BCS,5,WRU,GER,DNM,0.312
SP000061,SP004157,MYB,BMO,BMO,13,XAN,BAN,KGS,0.542
SP000061,SP004185,MYB,BMO,BAN,5,WRU,GER,DNM,0.333
SP000061,SP004191,MYB,BMO,SBJ,13,XAN,BAN,KGS,0.542
SP000061,SP004257,MYB,BMO,BMO,6,GER,HWY,BCF,0.25
SP000061,SP004445,MYB,BMO,BAN,6,GER,HWY,BCF,0.316
SP000061,SP004479,MYB,BMO,PRR,9,PRR,HDM,,1.0
SP000061,SP004626,MYB,BMO,OXF,5,WRU,GER,DNM,0.278
SP000061,SP004639,MYB,BMO,BAN,5,WRU,GER,DNM,0.25
SP000061,SP004641,MYB,BMO,BSW,6,GER,HWY,BCF,0.25
SP000063,SP000108,HGS,CHX,CHX,5,RBR,ETC,WAD,0.263
SP000063,SP000154,HGS,CHX,CST,17,XPY,NWX,SAJ,0.85
SP000063,SP000174,HGS,CHX,CST,11,SEV,ORP,CLD,0.55
SP000065,SP002274,BTN,EBN,EBN,5,GLY,BRK,PLG,0.556
SP000065,SP003064,BTN,EBN,ORE,5,GLY,BRK,PLG,0.5
SP000065,SP004122,BTN,EBN,ORE,10,EBN,,HMD,1.0
SP000065,SP004553,BTN,EBN,ORE,10,EBN,,HMD,1.0
SP000067,SP000576,BSW,MYB,BAN,6,DDG,HTN,LPW,0.462
SP000067,SP000644,BSW,MYB,MYB,12,BAN,XAN,KGS,0.48
SP000067,SP000655,BSW,MYB,BAN,12,BAN,XAN,,1.0
SP000067,SP004174,BSW,MYB,LMS,6,DDG,HTN,LPW,0.545
SP000067,SP004634,BSW,MYB,MYB,6,DDG,HTN,LPW,0.24
SP000067,SP004645,BSW,MYB,MYB,12,BAN,XAN,KGS,0.48
SP000069,SP003486,WMN,BRI,GCR,5,BOA,AVF,BTH,0.455
SP000070,SP000077,EUS,STG,MAN,19,CRE,WSF,SDB,0.731
SP000070,SP000195,EUS,STG,NMP,5,WFJ,XOE,KGL,0.263
SP000070,SP000212,EUS,STG,TRI,5,WFJ,XOE,HML,0.556
SP000070,SP000266,EUS,STG,WVH,13,RUG,NUN,COV,0.542
SP000070,SP000392,EUS,STG,LIV,22,XYJ,WBQ,RUN,0.846
SP000070,SP000398,EUS,STG,MAN,17,XCO,STA,SNE,0.68
SP000070,SP000401,EUS,STG,BHM,13,RUG,NUN,COV,0.684
SP000070,SP000533,EUS,STG,BHM,8,XOD,BLY,LBZ,0.32
SP000070,SP000868,EUS,STG,LIV,15,XIM,XOI,TAM,0.536
SP000070,SP000882,EUS,STG,WVH,13,RUG,NUN,COV,0.565
SP000070,SP000885,EUS,STG,CRE,13,RUG,NUN,COV,0.406
SP000070,SP000892,EUS,STG,GLC,13,RUG,NUN,COV,0.31
SP000070,SP001313,EUS,STG,HHD,19,CRE,WSF,CTR,0.594
SP000070,SP001327,EUS,STG,TRI,5,WFJ,XOE,APS,0.5
SP000070,SP001329,EUS,STG,TRI,5,WFJ,XOE,KGL,0.5
SP000070,SP001343,EUS,STG,NMP,11,XHN,XWZ,NMP,0.917
SP000070,SP001346,EUS,STG,CRE,14,NUN,XIM,ATH,0.609
SP000070,SP001451,EUS,STG,BLY,5,WFJ,XOE,HML,0.417
SP000070,SP001454,EUS,STG,BLY,5,WFJ,XOE,APS,0.385
SP000070,SP001807,EUS,STG,GLC,36,MTH,WFF,GLC,0.973
SP000070,SP002179,EUS,STG,GLC,10,MKC,XHN,WOL,0.238
SP000070,SP002202,EUS,STG,WSL,8,XOD,BLY,LBZ,0.267
SP000070,SP002261,EUS,STG,NMP,5,WFJ,XOE,KGL,0.294
SP000070,SP002647,EUS,STG,MKC,5,WFJ,XOE,KGL,0.333
SP000070,SP002655,EUS,STG,SAA,5,WFJ,XOE,WFN,0.455
SP000070,SP002872,EUS,STG,CTR,19,CRE,WSF,CTR,0.95
SP000070,SP003031,EUS,STG,MAN,17,XCO,STA,SNE,0.607
SP000070,SP003036,EUS,STG,BHM,8,XOD,BLY,LBZ,0.286
SP000070,SP003114,EUS,STG,LIV,13,RUG,NUN,COV,0.382
SP000070,SP003191,EUS,STG,BPN,26,PRE,LAN,KKM,0.897
SP000070,SP003207,EUS,STG,LIV,20,WSF,ACB,HTF,0.741
SP000070,SP003300,EUS,STG,WRX,19,CRE,WSF,CTR,0.905
SP000070,SP003360,EUS,STG,EDB,13,RUG,NUN,COV,0.31
SP000070,SP003475,EUS,STG,WVH,11,XHN,XWZ,NMP,0.44
SP000070,SP003568,EUS,STG,WVH,10,MKC,XHN,WOL,0.312
SP000070,SP003958,EUS,STG,INV,13,RUG,NUN,COV,0.31
SP000070,SP004012,EUS,STG,GLC,11,XHN,XWZ,NMP,0.289
SP000070,SP004017,EUS,STG,PRE,15,XIM,XOI,TAM,0.536
SP000070,SP004025,EUS,STG,PRE,26,PRE,LAN,,1.0
SP000070,SP004034,EUS,STG,CRE,13,RUG,NUN,COV,0.406
SP000070,SP004036,EUS,STG,GLC,10,MKC,XHN,WOL,0.238
SP000070,SP004111,EUS,STG,GLC,10,MKC,XHN,WOL,0.238
SP000070,SP004131,EUS,STG,BHM,5,WFJ,XOE,KGL,0.156
SP000070,SP004188,EUS,STG,CRE,15,XIM,XOI,TAM,0.714
SP000070,SP004207,EUS,STG,CRE,13,RUG,NUN,COV,0.464
SP000070,SP004232,EUS,STG,INV,10,MKC,XHN,WOL,0.238
SP000070,SP004384,EUS,STG,WVH,13,RUG,NUN,COV,0.542
SP000070,SP004399,EUS,STG,GLC,34,LOC,SDM,WSH,0.944
SP000070,SP004433,EUS,STG,NMP,8,XOD,BLY,LBZ,0.571
SP000070,SP004516,EUS,STG,GLC,25,XOU,PRE,LAN,0.676
SP000070,SP004529,EUS,STG,BHM,5,WFJ,XOE,KGL,0.161
SP000071,SP000170,HGS,CHX,CST,8,ETC,WAD,SOG,0.364
SP000071,SP004099,HGS,CHX,TON,8,ETC,WAD,SOG,0.571
SP000071,SP004555,HGS,CHX,CHX,8,ETC,WAD,SOG,0.364
SP000071,SP004566,HGS,CHX,CST,8,ETC,WAD,SOG,0.364
SP000072,SP001252,WSB,SWI,CNM,5,SWI,,KEM,1.0
SP000073,SP004152,OXF,MYB,HWY,10,HWY,BCF,,1.0
SP000073,SP004488,OXF,MYB,MYB,10,HWY,BCF,SRG,0.588
SP000073,SP004633,OXF,MYB,MYB,12,GER,WRU,DNM,0.706
SP000073,SP004643,OXF,MYB,MYB,14,SRU,WCX,NLT,0.824
SP000074,SP000076,BHI,LLJ,AYW,15,SHR,GOB,WLP,0.625
SP000074,SP001786,BHI,LLJ,CTR,20,CTR,SHT,,1.0
SP000074,SP002133,BHI,LLJ,SHR,9,WVH,COS,BBK,0.45
SP000074,SP002825,BHI,LLJ,HHD,27,LLJ,,PMW,1.0
SP000074,SP004583,BHI,LLJ,MAN,20,CTR,SHT,HSB,0.741
SP000075,SP000579,MCV,SOP,SOP,15,PBL,BCB,HSC,0.833
SP000075,SP001775,MCV,SOP,WGN,10,HIN,INC,WGN,0.909
SP000075,SP002341,MCV,SOP,WGW,10,HIN,INC,WGW,0.909
SP000076,SP001786,BHI,AYW,CTR,15,SHR,WLP,GOB,0.75
SP000076,SP002133,BHI,AYW,SHR,9,WVH,COS,BBK,0.45
SP000076,SP002825,BHI,AYW,HHD,15,SHR,WLP,GOB,0.625
SP000076,SP004583,BHI,AYW,MAN,15,SHR,WLP,GOB,0.625
SP000077,SP000195,EUS,MAN,NMP,5,WFJ,XOE,KGL,0.263
SP000077,SP000212,EUS,MAN,TRI,5,WFJ,XOE,HML,0.556
SP000077,SP000266,EUS,MAN,WVH,13,RUG,NUN,COV,0.542
SP000077,SP000392,EUS,MAN,LIV,19,CRE,SDB,WSF,0.731
SP000077,SP000398,EUS,MAN,MAN,17,XCO,STA,SNE,0.68
SP000077,SP000401,EUS,MAN,BHM,13,RUG,NUN,COV,0.684
SP000077,SP000533,EUS,MAN,BHM,8,XOD,BLY,LBZ,0.32
SP000077,SP000868,EUS,MAN,LIV,15,XIM,XOI,TAM,0.577
SP000077,SP000882,EUS,MAN,WVH,13,RUG,NUN,COV,0.565
SP000077,SP000885,EUS,MAN,CRE,13,RUG,NUN,COV,0.5
SP000077,SP000892,EUS,MAN,GLC,13,RUG,NUN,COV,0.5
SP000077,SP001313,EUS,MAN,HHD,19,CRE,SDB,CTR,0.731
SP000077,SP001327,EUS,MAN,TRI,5,WFJ,XOE,APS,0.5
SP000077,SP001329,EUS,MAN,TRI,5,WFJ,XOE,KGL,0.5
SP000077,SP001343,EUS,MAN,NMP,11,XHN,XWZ,NMP,0.917
SP000077,SP001346,EUS,MAN,CRE,14,NUN,XIM,ATH,0.609
SP000077,SP001451,EUS,MAN,BLY,5,WFJ,XOE,HML,0.417
SP000077,SP001454,EUS,MAN,BLY,5,WFJ,XOE,APS,0.385
SP000077,SP001807,EUS,MAN,GLC,19,CRE,SDB,WSF,0.731
SP000077,SP002179,EUS,MAN,GLC,10,MKC,XHN,WOL,0.385
SP000077,SP002202,EUS,MAN,WSL,8,XOD,BLY,LBZ,0.308
SP000077,SP002261,EUS,MAN,NMP,5,WFJ,XOE,KGL,0.294
SP000077,SP002647,EUS,MAN,MKC,5,WFJ,XOE,KGL,0.333
SP000077,SP002655,EUS,MAN,SAA,5,WFJ,XOE,WFN,0.455
SP000077,SP002872,EUS,MAN,CTR,19,CRE,SDB,CTR,0.95
SP000077,SP003031,EUS,MAN,MAN,17,XCO,STA,SNE,0.654
SP000077,SP003036,EUS,MAN,BHM,8,XOD,BLY,LBZ,0.308
SP000077,SP003114,EUS,MAN,LIV,13,RUG,NUN,COV,0.5
SP000077,SP003191,EUS,MAN,BPN,19,CRE,SDB,WSF,0.731
SP000077,SP003207,EUS,MAN,LIV,19,CRE,SDB,WSF,0.731
SP000077,SP003300,EUS,MAN,WRX,19,CRE,SDB,CTR,0.905
SP000077,SP003360,EUS,MAN,EDB,13,RUG,NUN,COV,0.5
SP000077,SP003475,EUS,MAN,WVH,11,XHN,XWZ,NMP,0.44
SP000077,SP003568,EUS,MAN,WVH,10,MKC,XHN,WOL,0.385
SP000077,SP003958,EUS,MAN,INV,13,RUG,NUN,COV,0.5
SP000077,SP004012,EUS,MAN,GLC,11,XHN,XWZ,NMP,0.423
SP000077,SP004017,EUS,MAN,PRE,15,XIM,XOI,TAM,0.577
SP000077,SP004025,EUS,MAN,PRE,19,CRE,SDB,WSF,0.731
SP000077,SP004034,EUS,MAN,CRE,13,RUG,NUN,COV,0.5
SP000077,SP004036,EUS,MAN,GLC,10,MKC,XHN,WOL,0.385
SP000077,SP004111,EUS,MAN,GLC,10,MKC,XHN,WOL,0.385
SP000077,SP004131,EUS,MAN,BHM,5,WFJ,XOE,KGL,0.192
SP000077,SP004188,EUS,MAN,CRE,15,XIM,XOI,TAM,0.714
SP000077,SP004207,EUS,MAN,CRE,13,RUG,NUN,COV,0.5
SP000077,SP004232,EUS,MAN,INV,10,MKC,XHN,WOL,0.385
SP000077,SP004384,EUS,MAN,WVH,13,RUG,NUN,COV,0.542
SP000077,SP004399,EUS,MAN,GLC,19,CRE,SDB,WSF,0.731
SP000077,SP004433,EUS,MAN,NMP,8,XOD,BLY,LBZ,0.571
SP000077,SP004516,EUS,MAN,GLC,19,CRE,SDB,WSF,0.731
SP000077,SP004529,EUS,MAN,BHM,5,WFJ,XOE,KGL,0.192
SP000078,SP000145,MYB,WRU,WRU,5,SDH,NLT,SRU,0.714
SP000080,SP000085,CLE,LIV,LIV,6,SCU,ALP,CWE,0.2
SP000080,SP000089,CLE,LIV,LIV,6,SCU,ALP,CWE,0.194
SP000080,SP000109,CLE,LIV,LIV,6,SCU,ALP,CWE,0.2
SP000080,SP000113,CLE,LIV,LIV,6,SCU,ALP,CWE,0.194
SP000080,SP001826,CLE,LIV,NNG,5,BTB,SCU,MKR,0.455
SP000080,SP002454,CLE,LIV,SHF,5,BTB,SCU,BGG,0.385
SP000080,SP003537,CLE,LIV,SHF,6,SCU,ALP,CWE,0.462
SP000081,SP000088,MYB,HWY,BMO,5,WRU,DNM,GER,0.556
SP000081,SP000117,MYB,HWY,OXF,5,WRU,DNM,GER,0.556
SP000081,SP000124,MYB,HWY,BSW,5,WRU,DNM,GER,0.556
SP000081,SP000168,MYB,HWY,BAN,5,WRU,DNM,GER,0.556
SP000081,SP000199,MYB,HWY,BSW,5,WRU,DNM,GER,0.556
SP000081,SP000227,MYB,HWY,OXF,5,WRU,DNM,GER,0.556
SP000081,SP000248,MYB,HWY,HWY,6,DNM,GER,DGC,0.667
SP000081,SP000298,MYB,HWY,PRR,7,GER,BCF,HWY,0.778
SP000081,SP000305,MYB,HWY,GER,7,GER,BCF,,1.0
SP000081,SP000313,MYB,HWY,OXF,9,HWY,,SDR,1.0
SP000081,SP000328,MYB,HWY,BMO,5,WRU,DNM,GER,0.556
SP000081,SP000552,MYB,HWY,BSW,5,WRU,DNM,GER,0.556
SP000081,SP001643,MYB,HWY,HWY,6,DNM,GER,DGC,0.667
SP000081,SP002429,MYB,HWY,AYS,6,DNM,GER,DGC,0.667
SP000081,SP002777,MYB,HWY,OXF,5,WRU,DNM,GER,0.556
SP000081,SP002783,MYB,HWY,OXF,5,WRU,DNM,GER,0.556
SP000081,SP003198,MYB,HWY,BAN,5,WRU,DNM,GER,0.556
SP000081,SP003867,MYB,HWY,OXF,5,WRU,DNM,GER,0.556
SP000081,SP004114,MYB,HWY,BCS,6,DNM,GER,DGC,0.667
SP000081,SP004157,MYB,HWY,BMO,5,WRU,DNM,GER,0.556
SP000081,SP004185,MYB,HWY,BAN,7,GER,BCF,HWY,0.778
SP000081,SP004191,MYB,HWY,SBJ,5,WRU,DNM,GER,0.556
SP000081,SP004257,MYB,HWY,BMO,5,WRU,DNM,GER,0.556
SP000081,SP004445,MYB,HWY,BAN,5,WRU,DNM,GER,0.556
SP000081,SP004479,MYB,HWY,PRR,5,WRU,DNM,GER,0.556
SP000081,SP004626,MYB,HWY,OXF,9,HWY,,SDR,1.0
SP000081,SP004639,MYB,HWY,BAN,9,HWY,,SDR,1.0
SP000081,SP004641,MYB,HWY,BSW,5,WRU,DNM,GER,0.556
SP000082,SP000086,LIV,CLE,CLE,9,IRL,URM,DGT,0.281
SP000082,SP000091,LIV,CLE,CLE,8,BWD,IRL,DGT,0.258
SP000082,SP000093,LIV,CLE,CLE,5,HGN,WAW,WAC,0.156
SP000082,SP000121,LIV,CLE,CLE,5,HGN,WAW,WAC,0.161
SP000082,SP000126,LIV,CLE,CLE,8,BWD,IRL,DGT,0.25
SP000082,SP000128,LIV,CLE,CLE,5,HGN,WAW,WAC,0.152
SP000082,SP000133,LIV,CLE,CLE,5,HGN,WAW,WAC,0.147
SP000082,SP000750,LIV,CLE,NRW,5,HGN,WAW,WID,0.147
SP000082,SP001354,LIV,CLE,NRW,5,HGN,WAW,WID,0.147
SP000082,SP001360,LIV,CLE,NOT,5,HGN,WAW,WID,0.217
SP000082,SP001362,LIV,CLE,NRW,5,HGN,WAW,WID,0.147
SP000082,SP001365,LIV,CLE,NOT,5,HGN,WAW,WID,0.227
SP000082,SP001366,LIV,CLE,NOT,5,HGN,WAW,WID,0.208
SP000082,SP001875,LIV,CLE,CLE,5,HGN,WAW,WAC,0.156
SP000082,SP002673,LIV,CLE,NOT,5,HGN,WAW,WID,0.208
SP000082,SP003089,LIV,CLE,WAC,7,WAC,BWD,,1.0
SP000082,SP003115,LIV,CLE,NOT,5,HGN,WAW,WID,0.2
SP000082,SP003496,LIV,CLE,SHF,5,HGN,WAW,WAC,0.238
SP000082,SP003657,LIV,CLE,NCL,5,HGN,WAW,WAC,0.147
SP000082,SP004143,LIV,CLE,NRW,5,HGN,WAW,WID,0.147
SP000082,SP004261,LIV,CLE,DON,5,HGN,WAW,WAC,0.227
SP000082,SP004268,LIV,CLE,MIA,5,HGN,WAW,WAC,0.357
SP000082,SP004269,LIV,CLE,NRW,5,HGN,WAW,WID,0.147
SP000083,SP001871,BDI,KGX,LDS,5,MIR,WKK,DEW,0.5
SP000083,SP003095,BDI,KGX,KGX,6,WKK,PFM,AWK,0.24
SP000085,SP000089,CLE,LIV,LIV,14,SHF,DOR,GRN,0.467
SP000085,SP000109,CLE,LIV,LIV,14,SHF,DOR,GRN,0.467
SP000085,SP000113,CLE,LIV,LIV,14,SHF,DOR,GRN,0.467
SP000085,SP001826,CLE,LIV,NNG,5,BTB,SCU,MKR,0.455
SP000085,SP002454,CLE,LIV,SHF,5,BTB,SCU,BGG,0.385
SP000085,SP003537,CLE,LIV,SHF,11,MEX,SWN,RMC,0.846
SP000086,SP000091,LIV,CLE,CLE,8,BWD,IRL,DGT,0.258
SP000086,SP000093,LIV,CLE,CLE,5,HGN,WAW,WAC,0.156
SP000086,SP000121,LIV,CLE,CLE,5,HGN,WAW,WAC,0.161
SP000086,SP000126,LIV,CLE,CLE,8,BWD,IRL,DGT,0.25
SP000086,SP000128,LIV,CLE,CLE,5,HGN,WAW,WAC,0.156
SP000086,SP000133,LIV,CLE,CLE,5,HGN,WAW,WAC,0.156
SP000086,SP000750,LIV,CLE,NRW,5,HGN,WAW,WID,0.156
SP000086,SP001354,LIV,CLE,NRW,5,HGN,WAW,WID,0.156
SP000086,SP001360,LIV,CLE,NOT,5,HGN,WAW,WID,0.217
SP000086,SP001362,LIV,CLE,NRW,5,HGN,WAW,WID,0.156
SP000086,SP001365,LIV,CLE,NOT,5,HGN,WAW,WID,0.227
SP000086,SP001366,LIV,CLE,NOT,5,HGN,WAW,WID,0.208
SP000086,SP001875,LIV,CLE,CLE,5,HGN,WAW,WAC,0.156
SP000086,SP002673,LIV,CLE,NOT,5,HGN,WAW,WID,0.208
SP000086,SP003089,LIV,CLE,WAC,7,WAC,BWD,,1.0
SP000086,SP003115,LIV,CLE,NOT,5,HGN,WAW,WID,0.2
SP000086,SP003496,LIV,CLE,SHF,5,HGN,WAW,WAC,0.238
SP000086,SP003657,LIV,CLE,NCL,5,HGN,WAW,WAC,0.156
SP000086,SP004143,LIV,CLE,NRW,5,HGN,WAW,WID,0.156
SP000086,SP004261,LIV,CLE,DON,5,HGN,WAW,WAC,0.227
SP000086,SP004268,LIV,CLE,MIA,5,HGN,WAW,WAC,0.357
SP000086,SP004269,LIV,CLE,NRW,5,HGN,WAW,WID,0.156
SP000088,SP000117,MYB,BMO,OXF,11,XJV,BCS,XGY,0.733
SP000088,SP000124,MYB,BMO,BSW,13,XAN,KGS,BAN,0.52
SP000088,SP000168,MYB,BMO,BAN,15,BAN,XFC,,1.0
SP000088,SP000199,MYB,BMO,BSW,13,XAN,KGS,BAN,0.52
SP000088,SP000227,MYB,BMO,OXF,6,GER,HWY,SRG,0.375
SP000088,SP000248,MYB,BMO,HWY,5,WRU,GER,DNM,0.5
SP000088,SP000298,MYB,BMO,PRR,5,WRU,GER,DNM,0.5
SP000088,SP000305,MYB,BMO,GER,5,WRU,GER,DNM,0.714
SP000088,SP000313,MYB,BMO,OXF,5,WRU,GER,DNM,0.294
SP000088,SP000328,MYB,BMO,BMO,13,XAN,KGS,BAN,0.565
SP000088,SP000552,MYB,BMO,BSW,25,BMO,,BSW,1.0
SP000088,SP001643,MYB,BMO,HWY,5,WRU,GER,DNM,0.455
SP000088,SP002429,MYB,BMO,AYS,5,WRU,GER,DNM,0.333
SP000088,SP002777,MYB,BMO,OXF,6,GER,HWY,SRG,0.333
SP000088,SP002783,MYB,BMO,OXF,6,GER,HWY,BCF,0.353
SP000088,SP003198,MYB,BMO,BAN,6,GER,HWY,BCF,0.375
SP000088,SP003867,MYB,BMO,OXF,11,XJV,BCS,XGY,0.688
SP000088,SP004114,MYB,BMO,BCS,5,WRU,GER,DNM,0.312
SP000088,SP004157,MYB,BMO,BMO,20,HTN,DDG,LPW,0.8
SP000088,SP004185,MYB,BMO,BAN,5,WRU,GER,DNM,0.333
SP000088,SP004191,MYB,BMO,SBJ,20,HTN,DDG,LPW,0.8
SP000088,SP004257,MYB,BMO,BMO,6,GER,HWY,BCF,0.24
SP000088,SP004445,MYB,BMO,BAN,6,GER,HWY,BCF,0.316
SP000088,SP004479,MYB,BMO,PRR,9,PRR,HDM,,1.0
SP000088,SP004626,MYB,BMO,OXF,5,WRU,GER,DNM,0.278
SP000088,SP004639,MYB,BMO,BAN,5,WRU,GER,DNM,0.25
SP000088,SP004641,MYB,BMO,BSW,6,GER,HWY,BCF,0.24
SP000089,SP000109,CLE,LIV,LIV,22,DGT,URM,BWD,0.733
SP000089,SP000113,CLE,LIV,LIV,22,DGT,URM,IRL,0.71
SP000089,SP001826,CLE,LIV,NNG,5,BTB,SCU,MKR,0.455
SP000089,SP002454,CLE,LIV,SHF,5,BTB,SCU,BGG,0.385
SP000089,SP003537,CLE,LIV,SHF,11,MEX,SWN,RMC,0.846
SP000091,SP000093,LIV,CLE,CLE,5,HGN,WAW,WAC,0.161
SP000091,SP000121,LIV,CLE,CLE,5,HGN,WAW,WAC,0.161
SP000091,SP000126,LIV,CLE,CLE,17,GRN,SHF,DOR,0.548
SP000091,SP000128,LIV,CLE,CLE,5,HGN,WAW,WAC,0.161
SP000091,SP000133,LIV,CLE,CLE,5,HGN,WAW,WAC,0.161
SP000091,SP000750,LIV,CLE,NRW,5,HGN,WAW,WID,0.161
SP000091,SP001354,LIV,CLE,NRW,5,HGN,WAW,WID,0.161
SP000091,SP001360,LIV,CLE,NOT,5,HGN,WAW,WID,0.217
SP000091,SP001362,LIV,CLE,NRW,5,HGN,WAW,WID,0.161
SP000091,SP001365,LIV,CLE,NOT,5,HGN,WAW,WID,0.227
SP000091,SP001366,LIV,CLE,NOT,5,HGN,WAW,WID,0.208
SP000091,SP001875,LIV,CLE,CLE,5,HGN,WAW,WAC,0.161
SP000091,SP002673,LIV,CLE,NOT,5,HGN,WAW,WID,0.208
SP000091,SP003089,LIV,CLE,WAC,7,WAC,BWD,,1.0
SP000091,SP003115,LIV,CLE,NOT,5,HGN,WAW,WID,0.2
SP000091,SP003496,LIV,CLE,SHF,5,HGN,WAW,WAC,0.238
SP000091,SP003657,LIV,CLE,NCL,5,HGN,WAW,WAC,0.161
SP000091,SP004143,LIV,CLE,NRW,5,HGN,WAW,WID,0.161
SP000091,SP004261,LIV,CLE,DON,5,HGN,WAW,WAC,0.227
SP000091,SP004268,LIV,CLE,MIA,5,HGN,WAW,WAC,0.357
SP000091,SP004269,LIV,CLE,NRW,5,HGN,WAW,WID,0.161
SP000093,SP000121,LIV,CLE,CLE,7,BWD,IRL,DGT,0.226
SP000093,SP000126,LIV,CLE,CLE,5,HGN,WAC,WAW,0.156
SP000093,SP000128,LIV,CLE,CLE,18,GRN,SHF,DOR,0.562
SP000093,SP000133,LIV,CLE,CLE,18,GRN,SHF,DOR,0.562
SP000093,SP000750,LIV,CLE,NRW,5,HGN,WAC,WID,0.156
SP000093,SP001354,LIV,CLE,NRW,5,HGN,WAC,WID,0.156
SP000093,SP001360,LIV,CLE,NOT,5,HGN,WAC,WID,0.217
SP000093,SP001362,LIV,CLE,NRW,5,HGN,WAC,WID,0.156
SP000093,SP001365,LIV,CLE,NOT,5,HGN,WAC,WID,0.227
SP000093,SP001366,LIV,CLE,NOT,5,HGN,WAC,WID,0.208
SP000093,SP001875,LIV,CLE,CLE,18,GRN,SHF,DOR,0.562
SP000093,SP002673,LIV,CLE,NOT,5,HGN,WAC,WID,0.208
SP000093,SP003089,LIV,CLE,WAC,5,HGN,WAC,WAW,0.714
SP000093,SP003115,LIV,CLE,NOT,5,HGN,WAC,WID,0.2
SP000093,SP003496,LIV,CLE,SHF,12,MAN,SPT,ABY,0.571
SP000093,SP003657,LIV,CLE,NCL,7,BWD,IRL,DGT,0.219
SP000093,SP004143,LIV,CLE,NRW,5,HGN,WAC,WID,0.156
SP000093,SP004261,LIV,CLE,DON,19,SHF,MHS,RMC,0.864
SP000093,SP004268,LIV,CLE,MIA,12,MAN,SPT,HDG,0.857
SP000093,SP004269,LIV,CLE,NRW,5,HGN,WAC,WID,0.156
SP000094,SP000096,PAD,PLY,PNZ,21,PLY,,STS,1.0
SP000094,SP000099,PAD,PLY,PNZ,21,PLY,,STS,1.0
SP000094,SP000105,PAD,PLY,DID,6,RDG,THE,TLH,0.545
SP000094,SP000106,PAD,PLY,NBY,7,THE,NBY,THA,0.778
SP000094,SP000129,PAD,PLY,WOF,6,RDG,THE,GOR,0.3
SP000094,SP000184,PAD,PLY,HFD,6,RDG,THE,GOR,0.286
SP000094,SP000198,PAD,PLY,WOS,6,RDG,THE,GOR,0.333
SP000094,SP000326,PAD,PLY,DID,6,RDG,THE,TLH,0.6
SP000094,SP000364,PAD,PLY,WOF,6,RDG,THE,GOR,0.316
SP000094,SP000462,PAD,PLY,OXF,6,RDG,THE,GOR,0.75
SP000094,SP000581,PAD,PLY,BRI,6,RDG,THE,GOR,0.5
SP000094,SP000651,PAD,PLY,PLY,10,PEW,CLC,WSB,0.476
SP000094,SP000801,PAD,PLY,PLY,8,NBY,BDW,HGD,0.381
SP000094,SP000835,PAD,PLY,WSM,6,RDG,THE,GOR,0.353
SP000094,SP000840,PAD,PLY,PNZ,6,RDG,THE,GOR,0.286
SP000094,SP000848,PAD,PLY,WOS,6,RDG,THE,GOR,0.316
SP000094,SP000858,PAD,PLY,OXF,6,RDG,THE,GOR,0.667
SP000094,SP000862,PAD,PLY,CNM,6,RDG,THE,GOR,0.429
SP000094,SP001654,PAD,PLY,NBY,7,THE,NBY,THA,0.7
SP000094,SP001823,PAD,PLY,SWA,6,RDG,THE,GOR,0.286
SP000094,SP001838,PAD,PLY,SWA,6,RDG,THE,GOR,0.3
SP000094,SP001939,PAD,PLY,RDG,6,RDG,THE,,1.0
SP000094,SP002174,PAD,PLY,WSM,6,RDG,THE,GOR,0.375
SP000094,SP002183,PAD,PLY,WSM,6,RDG,THE,GOR,0.353
SP000094,SP002209,PAD,PLY,EXD,8,NBY,BDW,HGD,0.5
SP000094,SP002216,PAD,PLY,NQY,21,PLY,,STS,1.0
SP000094,SP002711,PAD,PLY,BDW,7,THE,NBY,THA,0.583
SP000094,SP003385,PAD,PLY,PGN,10,PEW,CLC,WSB,0.476
SP000094,SP003417,PAD,PLY,CDF,6,RDG,THE,GOR,0.4
SP000094,SP003420,PAD,PLY,WOS,6,RDG,THE,GOR,0.353
SP000094,SP003428,PAD,PLY,WSB,7,THE,NBY,THA,0.5
SP000094,SP003429,PAD,PLY,CMN,6,RDG,THE,GOR,0.286
SP000094,SP003434,PAD,PLY,SWA,6,RDG,THE,GOR,0.286
SP000094,SP003440,PAD,PLY,SWA,6,RDG,THE,GOR,0.286
SP000094,SP003448,PAD,PLY,TAU,6,RDG,THE,GOR,0.316
SP000094,SP003480,PAD,PLY,PNZ,10,PEW,CLC,WSB,0.476
SP000094,SP003666,PAD,PLY,TAU,6,RDG,THE,GOR,0.3
SP000094,SP003788,PAD,PLY,SWA,6,RDG,THE,GOR,0.286
SP000094,SP004186,PAD,PLY,FRO,7,THE,NBY,THA,0.467
SP000094,SP004248,PAD,PLY,WPH,6,RDG,THE,GOR,0.353
SP000094,SP004338,PAD,PLY,BPW,6,RDG,THE,GOR,0.6
SP000094,SP004416,PAD,PLY,BDW,6,RDG,THE,RDW,0.375
SP000094,SP004476,PAD,PLY,BAN,6,RDG,THE,GOR,0.545
SP000094,SP004599,PAD,PLY,WOS,6,RDG,THE,GOR,0.429
SP000095,SP000428,SOP,MCV,MCV,15,BON,MSS,FNW,0.75
SP000095,SP000431,SOP,MCV,MCV,15,BON,MSS,FNW,0.714
SP000095,SP003734,SOP,MCV,MCO,15,BON,MSS,SLD,0.833
SP000096,SP000099,PAD,PNZ,PNZ,31,CBN,HYL,SER,0.939
SP000096,SP000105,PAD,PNZ,DID,6,RDG,THE,TLH,0.545
SP000096,SP000106,PAD,PNZ,NBY,7,THE,NBY,THA,0.778
SP000096,SP000129,PAD,PNZ,WOF,6,RDG,THE,GOR,0.3
SP000096,SP000184,PAD,PNZ,HFD,6,RDG,THE,GOR,0.231
SP000096,SP000198,PAD,PNZ,WOS,6,RDG,THE,GOR,0.333
SP000096,SP000326,PAD,PNZ,DID,6,RDG,THE,TLH,0.6
SP000096,SP000364,PAD,PNZ,WOF,6,RDG,THE,GOR,0.316
SP000096,SP000462,PAD,PNZ,OXF,6,RDG,THE,GOR,0.75
SP000096,SP000581,PAD,PNZ,BRI,6,RDG,THE,GOR,0.5
SP000096,SP000651,PAD,PNZ,PLY,10,PEW,CLC,WSB,0.455
SP000096,SP000801,PAD,PNZ,PLY,8,NBY,BDW,HGD,0.348
SP000096,SP000835,PAD,PNZ,WSM,6,RDG,THE,GOR,0.353
SP000096,SP000840,PAD,PNZ,PNZ,6,RDG,THE,GOR,0.176
SP000096,SP000848,PAD,PNZ,WOS,6,RDG,THE,GOR,0.316
SP000096,SP000858,PAD,PNZ,OXF,6,RDG,THE,GOR,0.667
SP000096,SP000862,PAD,PNZ,CNM,6,RDG,THE,GOR,0.429
SP000096,SP001654,PAD,PNZ,NBY,7,THE,NBY,THA,0.7
SP000096,SP001823,PAD,PNZ,SWA,6,RDG,THE,GOR,0.286
SP000096,SP001838,PAD,PNZ,SWA,6,RDG,THE,GOR,0.3
SP000096,SP001939,PAD,PNZ,RDG,6,RDG,THE,,1.0
SP000096,SP002174,PAD,PNZ,WSM,6,RDG,THE,GOR,0.375
SP000096,SP002183,PAD,PNZ,WSM,6,RDG,THE,GOR,0.353
SP000096,SP002209,PAD,PNZ,EXD,8,NBY,BDW,HGD,0.5
SP000096,SP002216,PAD,PNZ,NQY,27,PAR,SAU,NQY,0.964
SP000096,SP002711,PAD,PNZ,BDW,7,THE,NBY,THA,0.583
SP000096,SP003385,PAD,PNZ,PGN,10,PEW,CLC,WSB,0.435
SP000096,SP003417,PAD,PNZ,CDF,6,RDG,THE,GOR,0.4
SP000096,SP003420,PAD,PNZ,WOS,6,RDG,THE,GOR,0.353
SP000096,SP003428,PAD,PNZ,WSB,7,THE,NBY,THA,0.5
SP000096,SP003429,PAD,PNZ,CMN,6,RDG,THE,GOR,0.222
SP000096,SP003434,PAD,PNZ,SWA,6,RDG,THE,GOR,0.286
SP000096,SP003440,PAD,PNZ,SWA,6,RDG,THE,GOR,0.273
SP000096,SP003448,PAD,PNZ,TAU,6,RDG,THE,GOR,0.316
SP000096,SP003480,PAD,PNZ,PNZ,10,PEW,CLC,WSB,0.294
SP000096,SP003666,PAD,PNZ,TAU,6,RDG,THE,GOR,0.3
SP000096,SP003788,PAD,PNZ,SWA,6,RDG,THE,GOR,0.25
SP000096,SP004186,PAD,PNZ,FRO,7,THE,NBY,THA,0.467
SP000096,SP004248,PAD,PNZ,WPH,6,RDG,THE,GOR,0.353
SP000096,SP004338,PAD,PNZ,BPW,6,RDG,THE,GOR,0.6
SP000096,SP004416,PAD,PNZ,BDW,6,RDG,THE,RDW,0.375
SP000096,SP004476,PAD,PNZ,BAN,6,RDG,THE,GOR,0.545
SP000096,SP004599,PAD,PNZ,WOS,6,RDG,THE,GOR,0.429
SP000097,SP000101,WSM,SVB,AVN,17,AVN,SAR,,1.0
SP000097,SP002109,WSM,SVB,PAD,6,PSN,BMT,BRI,0.333
SP000097,SP002497,WSM,SVB,CFN,13,CFN,SML,,1.0
SP000097,SP002568,WSM,SVB,BRI,8,BRI,LWH,,1.0
SP000097,SP004514,WSM,SVB,BPW,8,BRI,LWH,FIT,0.8
SP000098,SP002824,BUX,MAN,MAN,7,DSL,MDL,HAZ,0.5
SP000098,SP003468,BUX,MAN,MAN,12,SPT,HTC,MAN,0.923
SP000099,SP000105,PAD,PNZ,DID,6,RDG,THE,TLH,0.545
SP000099,SP000106,PAD,PNZ,NBY,7,THE,NBY,THA,0.778
SP000099,SP000129,PAD,PNZ,WOF,6,RDG,THE,GOR,0.3
SP000099,SP000184,PAD,PNZ,HFD,6,RDG,THE,GOR,0.231
SP000099,SP000198,PAD,PNZ,WOS,6,RDG,THE,GOR,0.333
SP000099,SP000326,PAD,PNZ,DID,6,RDG,THE,TLH,0.6
SP000099,SP000364,PAD,PNZ,WOF,6,RDG,THE,GOR,0.316
SP000099,SP000462,PAD,PNZ,OXF,6,RDG,THE,GOR,0.75
SP000099,SP000581,PAD,PNZ,BRI,6,RDG,THE,GOR,0.5
SP000099,SP000651,PAD,PNZ,PLY,10,PEW,CLC,WSB,0.455
SP000099,SP000801,PAD,PNZ,PLY,8,NBY,BDW,HGD,0.348
SP000099,SP000835,PAD,PNZ,WSM,6,RDG,THE,GOR,0.353
SP000099,SP000840,PAD,PNZ,PNZ,6,RDG,THE,GOR,0.182
SP000099,SP000848,PAD,PNZ,WOS,6,RDG,THE,GOR,0.316
SP000099,SP000858,PAD,PNZ,OXF,6,RDG,THE,GOR,0.667
SP000099,SP000862,PAD,PNZ,CNM,6,RDG,THE,GOR,0.429
SP000099,SP001654,PAD,PNZ,NBY,7,THE,NBY,THA,0.7
SP000099,SP001823,PAD,PNZ,SWA,6,RDG,THE,GOR,0.286
SP000099,SP001838,PAD,PNZ,SWA,6,RDG,THE,GOR,0.3
SP000099,SP001939,PAD,PNZ,RDG,6,RDG,THE,,1.0
SP000099,SP002174,PAD,PNZ,WSM,6,RDG,THE,GOR,0.375
SP000099,SP002183,PAD,PNZ,WSM,6,RDG,THE,GOR,0.353
SP000099,SP002209,PAD,PNZ,EXD,8,NBY,BDW,HGD,0.5
SP000099,SP002216,PAD,PNZ,NQY,27,PAR,SAU,NQY,0.964
SP000099,SP002711,PAD,PNZ,BDW,7,THE,NBY,THA,0.583
SP000099,SP003385,PAD,PNZ,PGN,10,PEW,CLC,WSB,0.435
SP000099,SP003417,PAD,PNZ,CDF,6,RDG,THE,GOR,0.4
SP000099,SP003420,PAD,PNZ,WOS,6,RDG,THE,GOR,0.353
SP000099,SP003428,PAD,PNZ,WSB,7,THE,NBY,THA,0.5
SP000099,SP003429,PAD,PNZ,CMN,6,RDG,THE,GOR,0.222
SP000099,SP003434,PAD,PNZ,SWA,6,RDG,THE,GOR,0.286
SP000099,SP003440,PAD,PNZ,SWA,6,RDG,THE,GOR,0.273
SP000099,SP003448,PAD,PNZ,TAU,6,RDG,THE,GOR,0.316
SP000099,SP003480,PAD,PNZ,PNZ,10,PEW,CLC,WSB,0.303
SP000099,SP003666,PAD,PNZ,TAU,6,RDG,THE,GOR,0.3
SP000099,SP003788,PAD,PNZ,SWA,6,RDG,THE,GOR,0.25
SP000099,SP004186,PAD,PNZ,FRO,7,THE,NBY,THA,0.467
SP000099,SP004248,PAD,PNZ,WPH,6,RDG,THE,GOR,0.353
SP000099,SP004338,PAD,PNZ,BPW,6,RDG,THE,GOR,0.6
SP000099,SP004416,PAD,PNZ,BDW,6,RDG,THE,RDW,0.375
SP000099,SP004476,PAD,PNZ,BAN,6,RDG,THE,GOR,0.545
SP000099,SP004599,PAD,PNZ,WOS,6,RDG,THE,GOR,0.429
SP000100,SP000226,BMO,MYB,MYB,18,HWY,GER,BCF,0.75
SP000100,SP000555,BMO,MYB,LMS,5,DDG,HTN,LPW,0.556
SP000100,SP000609,BMO,MYB,LMS,5,DDG,HTN,LPW,0.5
SP000100,SP002430,BMO,MYB,MYB,5,DDG,HTN,LPW,0.208
SP000101,SP002109,WSM,AVN,PAD,6,PSN,BMT,BRI,0.353
SP000101,SP002497,WSM,AVN,CFN,13,CFN,SML,,1.0
SP000101,SP002568,WSM,AVN,BRI,8,BRI,LWH,,1.0
SP000101,SP004514,WSM,AVN,BPW,8,BRI,LWH,FIT,0.8
SP000102,SP000107,KGX,BDI,SUN,19,DON,PFM,YRK,0.731
SP000102,SP000450,KGX,BDI,EDB,19,DON,PFM,YRK,0.731
SP000102,SP000521,KGX,BDI,LCN,16,NNG,XNK,LCN,0.941
SP000102,SP000529,KGX,BDI,LDS,19,DON,PFM,AWK,0.864
SP000102,SP000698,KGX,BDI,NCL,19,DON,PFM,YRK,0.76
SP000102,SP000700,KGX,BDI,BDQ,19,DON,PFM,AWK,0.792
SP000102,SP000799,KGX,BDI,BDI,19,DON,PFM,AWK,0.731
SP000102,SP000920,KGX,BDI,KLN,9,HIT,BIW,LET,0.375
SP000102,SP000930,KGX,BDI,ELY,9,HIT,BIW,LET,0.474
SP000102,SP000950,KGX,BDI,YRK,19,DON,PFM,YRK,0.95
SP000102,SP000952,KGX,BDI,MBR,19,DON,PFM,YRK,0.731
SP000102,SP000958,KGX,BDI,ABD,19,DON,PFM,YRK,0.731
SP000102,SP000999,KGX,BDI,DON,19,DON,PFM,,1.0
SP000102,SP001003,KGX,BDI,HGT,19,DON,PFM,AWK,0.792
SP000102,SP001007,KGX,BDI,CBG,6,WGC,XGN,WLW,0.286
SP000102,SP001047,KGX,BDI,SKI,19,DON,PFM,AWK,0.76
SP000102,SP001120,KGX,BDI,PBO,11,SDY,HUN,SNO,0.733
SP000102,SP001594,KGX,BDI,HUL,19,DON,PFM,SBY,0.792
SP000102,SP001727,KGX,BDI,CBG,9,HIT,BIW,LET,0.529
SP000102,SP001880,KGX,BDI,BEV,19,DON,PFM,SBY,0.731
SP000102,SP002020,KGX,BDI,PBO,9,HIT,BIW,ARL,0.562
SP000102,SP002363,KGX,BDI,LET,5,PBR,WGC,HAT,0.385
SP000102,SP002914,KGX,BDI,KLN,9,HIT,BIW,LET,0.36
SP000102,SP002953,KGX,BDI,EDB,19,DON,PFM,THI,0.731
SP000102,SP003540,KGX,BDI,GLQ,19,DON,PFM,THI,0.731
SP000102,SP003600,KGX,BDI,CBG,9,HIT,BIW,LET,0.474
SP000102,SP003669,KGX,BDI,INV,19,DON,PFM,YRK,0.731
SP000103,SP002306,SOP,MCV,MCO,12,BON,MSS,SLD,0.8
SP000103,SP002883,SOP,MCV,WGW,7,WGW,INC,,1.0
SP000104,SP001311,WCY,XHZ,DLJ,20,DLJ,XIC,,1.0
SP000105,SP000106,PAD,DID,NBY,6,RDG,TLH,THE,0.667
SP000105,SP000129,PAD,DID,WOF,6,RDG,TLH,GOR,0.545
SP000105,SP000184,PAD,DID,HFD,6,RDG,TLH,GOR,0.545
SP000105,SP000198,PAD,DID,WOS,6,RDG,TLH,GOR,0.545
SP000105,SP000326,PAD,DID,DID,7,TLH,PAN,GOR,0.7
SP000105,SP000364,PAD,DID,WOF,6,RDG,TLH,GOR,0.545
SP000105,SP000462,PAD,DID,OXF,6,RDG,TLH,GOR,0.75
SP000105,SP000581,PAD,DID,BRI,6,RDG,TLH,GOR,0.545
SP000105,SP000651,PAD,DID,PLY,6,RDG,TLH,THE,0.545
SP000105,SP000801,PAD,DID,PLY,6,RDG,TLH,THE,0.545
SP000105,SP000835,PAD,DID,WSM,6,RDG,TLH,GOR,0.545
SP000105,SP000840,PAD,DID,PNZ,6,RDG,TLH,GOR,0.545
SP000105,SP000848,PAD,DID,WOS,6,RDG,TLH,GOR,0.545
SP000105,SP000858,PAD,DID,OXF,6,RDG,TLH,GOR,0.667
SP000105,SP000862,PAD,DID,CNM,6,RDG,TLH,GOR,0.545
SP000105,SP001654,PAD,DID,NBY,6,RDG,TLH,THE,0.6
SP000105,SP001823,PAD,DID,SWA,6,RDG,TLH,GOR,0.545
SP000105,SP001838,PAD,DID,SWA,6,RDG,TLH,GOR,0.545
SP000105,SP001939,PAD,DID,RDG,6,RDG,TLH,,1.0
SP000105,SP002174,PAD,DID,WSM,6,RDG,TLH,GOR,0.545
SP000105,SP002183,PAD,DID,WSM,6,RDG,TLH,GOR,0.545
SP000105,SP002209,PAD,DID,EXD,6,RDG,TLH,THE,0.545
SP000105,SP002216,PAD,DID,NQY,6,RDG,TLH,THE,0.545
SP000105,SP002711,PAD,DID,BDW,6,RDG,TLH,THE,0.545
SP000105,SP003385,PAD,DID,PGN,6,RDG,TLH,THE,0.545
SP000105,SP003417,PAD,DID,CDF,6,RDG,TLH,GOR,0.545
SP000105,SP003420,PAD,DID,WOS,6,RDG,TLH,GOR,0.545
SP000105,SP003428,PAD,DID,WSB,6,RDG,TLH,THE,0.545
SP000105,SP003429,PAD,DID,CMN,6,RDG,TLH,GOR,0.545
SP000105,SP003434,PAD,DID,SWA,6,RDG,TLH,GOR,0.545
SP000105,SP003440,PAD,DID,SWA,6,RDG,TLH,GOR,0.545
SP000105,SP003448,PAD,DID,TAU,6,RDG,TLH,GOR,0.545
SP000105,SP003480,PAD,DID,PNZ,6,RDG,TLH,THE,0.545
SP000105,SP003666,PAD,DID,TAU,6,RDG,TLH,GOR,0.545
SP000105,SP003788,PAD,DID,SWA,6,RDG,TLH,GOR,0.545
SP000105,SP004186,PAD,DID,FRO,6,RDG,TLH,THE,0.545
SP000105,SP004248,PAD,DID,WPH,6,RDG,TLH,GOR,0.545
SP000105,SP004338,PAD,DID,BPW,6,RDG,TLH,GOR,0.6
SP000105,SP004416,PAD,DID,BDW,6,RDG,TLH,RDW,0.545
SP000105,SP004476,PAD,DID,BAN,6,RDG,TLH,GOR,0.545
SP000105,SP004599,PAD,DID,WOS,6,RDG,TLH,GOR,0.545
SP000106,SP000129,PAD,NBY,WOF,6,RDG,THE,GOR,0.667
SP000106,SP000184,PAD,NBY,HFD,6,RDG,THE,GOR,0.667
SP000106,SP000198,PAD,NBY,WOS,6,RDG,THE,GOR,0.667
SP000106,SP000326,PAD,NBY,DID,6,RDG,THE,TLH,0.667
SP000106,SP000364,PAD,NBY,WOF,6,RDG,THE,GOR,0.667
SP000106,SP000462,PAD,NBY,OXF,6,RDG,THE,GOR,0.75
SP000106,SP000581,PAD,NBY,BRI,6,RDG,THE,GOR,0.667
SP000106,SP000651,PAD,NBY,PLY,7,THE,THA,NBY,0.778
SP000106,SP000801,PAD,NBY,PLY,7,THE,THA,NBY,0.778
SP000106,SP000835,PAD,NBY,WSM,6,RDG,THE,GOR,0.667
SP000106,SP000840,PAD,NBY,PNZ,6,RDG,THE,GOR,0.667
SP000106,SP000848,PAD,NBY,WOS,6,RDG,THE,GOR,0.667
SP000106,SP000858,PAD,NBY,OXF,6,RDG,THE,GOR,0.667
SP000106,SP000862,PAD,NBY,CNM,6,RDG,THE,GOR,0.667
SP000106,SP001654,PAD,NBY,NBY,8,THA,NBY,NRC,0.889
SP000106,SP001823,PAD,NBY,SWA,6,RDG,THE,GOR,0.667
SP000106,SP001838,PAD,NBY,SWA,6,RDG,THE,GOR,0.667
SP000106,SP001939,PAD,NBY,RDG,6,RDG,THE,,1.0
SP000106,SP002174,PAD,NBY,WSM,6,RDG,THE,GOR,0.667
SP000106,SP002183,PAD,NBY,WSM,6,RDG,THE,GOR,0.667
SP000106,SP002209,PAD,NBY,EXD,7,THE,THA,NBY,0.778
SP000106,SP002216,PAD,NBY,NQY,7,THE,THA,NBY,0.778
SP000106,SP002711,PAD,NBY,BDW,9,NBY,,KIT,1.0
SP000106,SP003385,PAD,NBY,PGN,7,THE,THA,NBY,0.778
SP000106,SP003417,PAD,NBY,CDF,6,RDG,THE,GOR,0.667
SP000106,SP003420,PAD,NBY,WOS,6,RDG,THE,GOR,0.667
SP000106,SP003428,PAD,NBY,WSB,9,NBY,,KIT,1.0
SP000106,SP003429,PAD,NBY,CMN,6,RDG,THE,GOR,0.667
SP000106,SP003434,PAD,NBY,SWA,6,RDG,THE,GOR,0.667
SP000106,SP003440,PAD,NBY,SWA,6,RDG,THE,GOR,0.667
SP000106,SP003448,PAD,NBY,TAU,6,RDG,THE,GOR,0.667
SP000106,SP003480,PAD,NBY,PNZ,7,THE,THA,NBY,0.778
SP000106,SP003666,PAD,NBY,TAU,6,RDG,THE,GOR,0.667
SP000106,SP003788,PAD,NBY,SWA,6,RDG,THE,GOR,0.667
SP000106,SP004186,PAD,NBY,FRO,9,NBY,,KIT,1.0
SP000106,SP004248,PAD,NBY,WPH,6,RDG,THE,GOR,0.667
SP000106,SP004338,PAD,NBY,BPW,6,RDG,THE,GOR,0.667
SP000106,SP004416,PAD,NBY,BDW,6,RDG,THE,RDW,0.667
SP000106,SP004476,PAD,NBY,BAN,6,RDG,THE,GOR,0.667
SP000106,SP004599,PAD,NBY,WOS,6,RDG,THE,GOR,0.667
SP000107,SP000450,KGX,SUN,EDB,22,NTR,YRM,DAR,0.786
SP000107,SP000521,KGX,SUN,LCN,16,NNG,XNK,LCN,0.941
SP000107,SP000529,KGX,SUN,LDS,19,DON,YRK,AWK,0.864
SP000107,SP000698,KGX,SUN,NCL,22,NTR,YRM,DAR,0.88
SP000107,SP000700,KGX,SUN,BDQ,19,DON,YRK,AWK,0.792
SP000107,SP000799,KGX,SUN,BDI,19,DON,YRK,AWK,0.731
SP000107,SP000920,KGX,SUN,KLN,9,HIT,BIW,LET,0.375
SP000107,SP000930,KGX,SUN,ELY,9,HIT,BIW,LET,0.474
SP000107,SP000950,KGX,SUN,YRK,20,YRK,THI,,1.0
SP000107,SP000952,KGX,SUN,MBR,24,EAG,STK,TBY,0.923
SP000107,SP000958,KGX,SUN,ABD,22,NTR,YRM,DAR,0.786
SP000107,SP000999,KGX,SUN,DON,19,DON,YRK,,1.0
SP000107,SP001003,KGX,SUN,HGT,19,DON,YRK,AWK,0.792
SP000107,SP001007,KGX,SUN,CBG,6,WGC,XGN,WLW,0.286
SP000107,SP001047,KGX,SUN,SKI,19,DON,YRK,AWK,0.76
SP000107,SP001120,KGX,SUN,PBO,11,SDY,HUN,SNO,0.733
SP000107,SP001594,KGX,SUN,HUL,19,DON,YRK,SBY,0.792
SP000107,SP001727,KGX,SUN,CBG,9,HIT,BIW,LET,0.529
SP000107,SP001880,KGX,SUN,BEV,19,DON,YRK,SBY,0.731
SP000107,SP002020,KGX,SUN,PBO,9,HIT,BIW,ARL,0.562
SP000107,SP002363,KGX,SUN,LET,5,PBR,WGC,HAT,0.385
SP000107,SP002914,KGX,SUN,KLN,9,HIT,BIW,LET,0.36
SP000107,SP002953,KGX,SUN,EDB,19,DON,YRK,THI,0.679
SP000107,SP003540,KGX,SUN,GLQ,19,DON,YRK,THI,0.679
SP000107,SP003600,KGX,SUN,CBG,9,HIT,BIW,LET,0.474
SP000107,SP003669,KGX,SUN,INV,22,NTR,YRM,DAR,0.786
SP000108,SP000154,HGS,CHX,CST,5,RBR,WAD,ETC,0.263
SP000108,SP000174,HGS,CHX,CST,5,RBR,WAD,ETC,0.263
SP000109,SP000113,CLE,LIV,LIV,22,DGT,BWD,IRL,0.733
SP000109,SP001826,CLE,LIV,NNG,5,BTB,SCU,MKR,0.455
SP000109,SP002454,CLE,LIV,SHF,5,BTB,SCU,BGG,0.385
SP000109,SP003537,CLE,LIV,SHF,11,MEX,SWN,RMC,0.846
SP000110,SP000588,LUT,RAI,BFR,16,BFR,XMK,,1.0
SP000110,SP001310,LUT,RAI,SUO,16,BFR,XMK,EPH,0.615
SP000110,SP001623,LUT,RAI,EPH,16,BFR,XMK,EPH,0.941
SP000110,SP001677,LUT,RAI,ORP,16,BFR,XMK,EPH,0.485
SP000110,SP003020,LUT,RAI,SUO,16,BFR,XMK,EPH,0.516
SP000111,SP001609,MAN,EUS,BMH,9,STA,XCO,PKG,0.346
SP000111,SP002857,MAN,EUS,MFH,8,CRE,STA,NAN,0.308
SP000111,SP002858,MAN,EUS,CDF,8,CRE,STA,NAN,0.381
SP000111,SP003485,MAN,EUS,CDF,8,CRE,STA,NAN,0.333
SP000111,SP003488,MAN,EUS,CDF,8,CRE,STA,NAN,0.32
SP000111,SP003492,MAN,EUS,CRE,8,CRE,STA,,1.0
SP000111,SP003590,MAN,EUS,FGH,8,CRE,STA,NAN,0.308
SP000111,SP003617,MAN,EUS,CDF,8,CRE,STA,NAN,0.364
SP000111,SP003676,MAN,EUS,CDF,8,CRE,STA,NAN,0.348
SP000111,SP003678,MAN,EUS,FGH,8,CRE,STA,NAN,0.308
SP000111,SP003686,MAN,EUS,PMD,8,CRE,STA,NAN,0.308
SP000111,SP003692,MAN,EUS,CMN,8,CRE,STA,NAN,0.308
SP000111,SP004209,MAN,EUS,SHR,8,CRE,STA,NAN,0.533
SP000111,SP004565,MAN,EUS,MFH,8,CRE,STA,NAN,0.308
SP000112,SP001872,HFX,HUL,HUL,14,BUH,HUL,FRY,0.933
SP000112,SP003665,HFX,HUL,LDS,5,LDS,CRG,,1.0
SP000113,SP001826,CLE,LIV,NNG,5,BTB,SCU,MKR,0.455
SP000113,SP002454,CLE,LIV,SHF,5,BTB,SCU,BGG,0.385
SP000113,SP003537,CLE,LIV,SHF,11,MEX,SWN,RMC,0.846
SP000114,SP004163,HWY,MYB,MYB,8,SRU,WCX,NLT,0.727
SP000115,SP000131,RAI,LUT,LUT,16,SGR,ABW,ERH,0.381
SP000115,SP000982,RAI,LUT,WHP,15,XRT,SGR,BNH,0.536
SP000115,SP001665,RAI,LUT,KTN,31,KTN,WHP,,1.0
SP000115,SP002289,RAI,LUT,WHP,32,WHP,CRI,,1.0
SP000115,SP002797,RAI,LUT,WHP,27,BFR,CTK,ZFD,0.871
SP000115,SP002803,RAI,LUT,DFD,14,DFD,XRT,,1.0
SP000117,SP000124,MYB,OXF,BSW,11,XJV,XGY,BCS,0.733
SP000117,SP000168,MYB,OXF,BAN,11,XJV,XGY,BCS,0.733
SP000117,SP000199,MYB,OXF,BSW,11,XJV,XGY,BCS,0.733
SP000117,SP000227,MYB,OXF,OXF,6,GER,HWY,SRG,0.4
SP000117,SP000248,MYB,OXF,HWY,5,WRU,GER,DNM,0.5
SP000117,SP000298,MYB,OXF,PRR,5,WRU,GER,DNM,0.5
SP000117,SP000305,MYB,OXF,GER,5,WRU,GER,DNM,0.714
SP000117,SP000313,MYB,OXF,OXF,5,WRU,GER,DNM,0.333
SP000117,SP000328,MYB,OXF,BMO,11,XJV,XGY,BCS,0.733
SP000117,SP000552,MYB,OXF,BSW,11,XJV,XGY,BCS,0.733
SP000117,SP001643,MYB,OXF,HWY,5,WRU,GER,DNM,0.455
SP000117,SP002429,MYB,OXF,AYS,5,WRU,GER,DNM,0.333
SP000117,SP002777,MYB,OXF,OXF,6,GER,HWY,SRG,0.4
SP000117,SP002783,MYB,OXF,OXF,6,GER,HWY,BCF,0.4
SP000117,SP003198,MYB,OXF,BAN,6,GER,HWY,BCF,0.4
SP000117,SP003867,MYB,OXF,OXF,13,BIT,OXP,ISP,0.867
SP000117,SP004114,MYB,OXF,BCS,5,WRU,GER,DNM,0.333
SP000117,SP004157,MYB,OXF,BMO,11,XJV,XGY,BCS,0.733
SP000117,SP004185,MYB,OXF,BAN,5,WRU,GER,DNM,0.333
SP000117,SP004191,MYB,OXF,SBJ,11,XJV,XGY,BCS,0.733
SP000117,SP004257,MYB,OXF,BMO,6,GER,HWY,BCF,0.4
SP000117,SP004445,MYB,OXF,BAN,6,GER,HWY,BCF,0.4
SP000117,SP004479,MYB,OXF,PRR,9,PRR,HDM,,1.0
SP000117,SP004626,MYB,OXF,OXF,5,WRU,GER,DNM,0.333
SP000117,SP004639,MYB,OXF,BAN,5,WRU,GER,DNM,0.333
SP000117,SP004641,MYB,OXF,BSW,6,GER,HWY,BCF,0.4
SP000118,SP001526,CDF,CNM,NOT,8,CNM,,ASC,1.0
SP000118,SP003482,CDF,CNM,GCR,7,GCR,CNM,,1.0
SP000118,SP004105,CDF,CNM,NOT,8,CNM,,ASC,1.0
SP000120,SP000206,OXF,MYB,MYB,9,HWY,BCF,SRG,0.562
SP000120,SP000679,OXF,MYB,MYB,10,BCF,GER,SRG,0.588
SP000120,SP000689,OXF,MYB,MYB,9,HWY,BCF,SRG,0.529
SP000120,SP004149,OXF,MYB,MYB,11,GER,DNM,DGC,0.647
SP000120,SP004560,OXF,MYB,MYB,11,GER,DNM,DGC,0.647
SP000120,SP004636,OXF,MYB,MYB,9,HWY,BCF,SRG,0.529
SP000121,SP000126,LIV,CLE,CLE,5,HGN,WAC,WAW,0.161
SP000121,SP000128,LIV,CLE,CLE,7,BWD,DGT,IRL,0.226
SP000121,SP000133,LIV,CLE,CLE,7,BWD,DGT,IRL,0.226
SP000121,SP000750,LIV,CLE,NRW,5,HGN,WAC,WID,0.161
SP000121,SP001354,LIV,CLE,NRW,5,HGN,WAC,WID,0.161
SP000121,SP001360,LIV,CLE,NOT,5,HGN,WAC,WID,0.217
SP000121,SP001362,LIV,CLE,NRW,5,HGN,WAC,WID,0.161
SP000121,SP001365,LIV,CLE,NOT,5,HGN,WAC,WID,0.227
SP000121,SP001366,LIV,CLE,NOT,5,HGN,WAC,WID,0.208
SP000121,SP001875,LIV,CLE,CLE,7,BWD,DGT,IRL,0.226
SP000121,SP002673,LIV,CLE,NOT,5,HGN,WAC,WID,0.208
SP000121,SP003089,LIV,CLE,WAC,5,HGN,WAC,WAW,0.714
SP000121,SP003115,LIV,CLE,NOT,5,HGN,WAC,WID,0.2
SP000121,SP003496,LIV,CLE,SHF,7,BWD,DGT,IRL,0.333
SP000121,SP003657,LIV,CLE,NCL,10,MAN,SPT,ADK,0.323
SP000121,SP004143,LIV,CLE,NRW,5,HGN,WAC,WID,0.161
SP000121,SP004261,LIV,CLE,DON,7,BWD,DGT,IRL,0.318
SP000121,SP004268,LIV,CLE,MIA,7,BWD,DGT,IRL,0.5
SP000121,SP004269,LIV,CLE,NRW,5,HGN,WAC,WID,0.161
SP000122,SP000274,HUL,HFX,LDS,5,SBY,SOM,MIK,0.625
SP000122,SP000494,HUL,HFX,YRK,5,SBY,SOM,SIE,0.556
SP000122,SP000694,HUL,HFX,MAN,5,SBY,SOM,MIK,0.333
SP000122,SP000697,HUL,HFX,MAN,7,MIK,EGF,CRG,0.467
SP000122,SP000702,HUL,HFX,MAN,5,SBY,SOM,MIK,0.333
SP000122,SP001593,HUL,HFX,KGX,5,SBY,SOM,DON,0.333
SP000122,SP002302,HUL,HFX,LDS,5,SBY,SOM,MIK,0.556
SP000122,SP002641,HUL,HFX,SBY,5,SBY,SOM,,1.0
SP000122,SP003869,HUL,HFX,MAN,5,SBY,SOM,CFD,0.333
SP000122,SP003980,HUL,HFX,HFX,14,BDI,HFX,LMR,0.933
SP000122,SP004117,HUL,HFX,LDS,11,LDS,BLE,,1.0
SP000122,SP004465,HUL,HFX,HFX,7,MIK,EGF,GRF,0.5
SP000124,SP000168,MYB,BSW,BAN,13,XAN,BAN,KGS,0.867
SP000124,SP000199,MYB,BSW,BSW,19,HTN,DDG,LPW,0.76
SP000124,SP000227,MYB,BSW,OXF,6,GER,HWY,SRG,0.375
SP000124,SP000248,MYB,BSW,HWY,5,WRU,GER,DNM,0.5
SP000124,SP000298,MYB,BSW,PRR,5,WRU,GER,DNM,0.5
SP000124,SP000305,MYB,BSW,GER,5,WRU,GER,DNM,0.714
SP000124,SP000313,MYB,BSW,OXF,5,WRU,GER,DNM,0.294
SP000124,SP000328,MYB,BSW,BMO,16,LMS,WRW,WRP,0.696
SP000124,SP000552,MYB,BSW,BSW,13,XAN,BAN,KGS,0.52
SP000124,SP001643,MYB,BSW,HWY,5,WRU,GER,DNM,0.455
SP000124,SP002429,MYB,BSW,AYS,5,WRU,GER,DNM,0.333
SP000124,SP002777,MYB,BSW,OXF,6,GER,HWY,SRG,0.333
SP000124,SP002783,MYB,BSW,OXF,6,GER,HWY,BCF,0.353
SP000124,SP003198,MYB,BSW,BAN,6,GER,HWY,BCF,0.375
SP000124,SP003867,MYB,BSW,OXF,11,XJV,BCS,XGY,0.688
SP000124,SP004114,MYB,BSW,BCS,5,WRU,GER,DNM,0.312
SP000124,SP004157,MYB,BSW,BMO,13,XAN,BAN,KGS,0.52
SP000124,SP004185,MYB,BSW,BAN,5,WRU,GER,DNM,0.333
SP000124,SP004191,MYB,BSW,SBJ,13,XAN,BAN,KGS,0.52
SP000124,SP004257,MYB,BSW,BMO,6,GER,HWY,BCF,0.24
SP000124,SP004445,MYB,BSW,BAN,6,GER,HWY,BCF,0.316
SP000124,SP004479,MYB,BSW,PRR,9,PRR,HDM,,1.0
SP000124,SP004626,MYB,BSW,OXF,5,WRU,GER,DNM,0.278
SP000124,SP004639,MYB,BSW,BAN,5,WRU,GER,DNM,0.25
SP000124,SP004641,MYB,BSW,BSW,6,GER,HWY,BCF,0.24
SP000126,SP000128,LIV,CLE,CLE,5,HGN,WAW,WAC,0.156
SP000126,SP000133,LIV,CLE,CLE,5,HGN,WAW,WAC,0.156
SP000126,SP000750,LIV,CLE,NRW,5,HGN,WAW,WID,0.156
SP000126,SP001354,LIV,CLE,NRW,5,HGN,WAW,WID,0.156
SP000126,SP001360,LIV,CLE,NOT,5,HGN,WAW,WID,0.217
SP000126,SP001362,LIV,CLE,NRW,5,HGN,WAW,WID,0.156
SP000126,SP001365,LIV,CLE,NOT,5,HGN,WAW,WID,0.227
SP000126,SP001366,LIV,CLE,NOT,5,HGN,WAW,WID,0.208
SP000126,SP001875,LIV,CLE,CLE,5,HGN,WAW,WAC,0.156
SP000126,SP002673,LIV,CLE,NOT,5,HGN,WAW,WID,0.208
SP000126,SP003089,LIV,CLE,WAC,7,WAC,BWD,,1.0
SP000126,SP003115,LIV,CLE,NOT,5,HGN,WAW,WID,0.2
SP000126,SP003496,LIV,CLE,SHF,5,HGN,WAW,WAC,0.238
SP000126,SP003657,LIV,CLE,NCL,5,HGN,WAW,WAC,0.156
SP000126,SP004143,LIV,CLE,NRW,5,HGN,WAW,WID,0.156
SP000126,SP004261,LIV,CLE,DON,5,HGN,WAW,WAC,0.227
SP000126,SP004268,LIV,CLE,MIA,5,HGN,WAW,WAC,0.357
SP000126,SP004269,LIV,CLE,NRW,5,HGN,WAW,WID,0.156
SP000128,SP000133,LIV,CLE,CLE,26,HFS,CWE,TNS,0.788
SP000128,SP000750,LIV,CLE,NRW,5,HGN,WAC,WID,0.152
SP000128,SP001354,LIV,CLE,NRW,5,HGN,WAC,WID,0.152
SP000128,SP001360,LIV,CLE,NOT,5,HGN,WAC,WID,0.217
SP000128,SP001362,LIV,CLE,NRW,5,HGN,WAC,WID,0.152
SP000128,SP001365,LIV,CLE,NOT,5,HGN,WAC,WID,0.227
SP000128,SP001366,LIV,CLE,NOT,5,HGN,WAC,WID,0.208
SP000128,SP001875,LIV,CLE,CLE,21,MHS,SWN,MEX,0.656
SP000128,SP002673,LIV,CLE,NOT,5,HGN,WAC,WID,0.208
SP000128,SP003089,LIV,CLE,WAC,5,HGN,WAC,WAW,0.714
SP000128,SP003115,LIV,CLE,NOT,5,HGN,WAC,WID,0.2
SP000128,SP003496,LIV,CLE,SHF,12,MAN,SPT,ABY,0.571
SP000128,SP003657,LIV,CLE,NCL,7,BWD,IRL,DGT,0.212
SP000128,SP004143,LIV,CLE,NRW,5,HGN,WAC,WID,0.152
SP000128,SP004261,LIV,CLE,DON,18,GRN,DOR,SHF,0.818
SP000128,SP004268,LIV,CLE,MIA,12,MAN,SPT,HDG,0.857
SP000128,SP004269,LIV,CLE,NRW,5,HGN,WAC,WID,0.152
SP000129,SP000184,PAD,WOF,HFD,7,GOR,DID,OXF,0.35
SP000129,SP000198,PAD,WOF,WOS,7,GOR,DID,OXF,0.389
SP000129,SP000326,PAD,WOF,DID,6,RDG,GOR,TLH,0.6
SP000129,SP000364,PAD,WOF,WOF,7,GOR,DID,OXF,0.368
SP000129,SP000462,PAD,WOF,OXF,7,GOR,DID,OXF,0.875
SP000129,SP000581,PAD,WOF,BRI,8,DID,OXF,SWI,0.667
SP000129,SP000651,PAD,WOF,PLY,6,RDG,GOR,THE,0.3
SP000129,SP000801,PAD,WOF,PLY,6,RDG,GOR,THE,0.3
SP000129,SP000835,PAD,WOF,WSM,8,DID,OXF,SWI,0.471
SP000129,SP000840,PAD,WOF,PNZ,8,DID,OXF,SWI,0.4
SP000129,SP000848,PAD,WOF,WOS,7,GOR,DID,OXF,0.368
SP000129,SP000858,PAD,WOF,OXF,9,OXF,HND,,1.0
SP000129,SP000862,PAD,WOF,CNM,8,DID,OXF,SWI,0.571
SP000129,SP001654,PAD,WOF,NBY,6,RDG,GOR,THE,0.6
SP000129,SP001823,PAD,WOF,SWA,8,DID,OXF,XJF,0.4
SP000129,SP001838,PAD,WOF,SWA,8,DID,OXF,SWI,0.4
SP000129,SP001939,PAD,WOF,RDG,6,RDG,GOR,,1.0
SP000129,SP002174,PAD,WOF,WSM,8,DID,OXF,SWI,0.5
SP000129,SP002183,PAD,WOF,WSM,8,DID,OXF,SWI,0.471
SP000129,SP002209,PAD,WOF,EXD,6,RDG,GOR,THE,0.375
SP000129,SP002216,PAD,WOF,NQY,6,RDG,GOR,THE,0.3
SP000129,SP002711,PAD,WOF,BDW,6,RDG,GOR,THE,0.5
SP000129,SP003385,PAD,WOF,PGN,6,RDG,GOR,THE,0.3
SP000129,SP003417,PAD,WOF,CDF,8,DID,OXF,SWI,0.533
SP000129,SP003420,PAD,WOF,WOS,8,DID,OXF,SWI,0.471
SP000129,SP003428,PAD,WOF,WSB,6,RDG,GOR,THE,0.429
SP000129,SP003429,PAD,WOF,CMN,8,DID,OXF,SWI,0.4
SP000129,SP003434,PAD,WOF,SWA,8,DID,OXF,SWI,0.4
SP000129,SP003440,PAD,WOF,SWA,8,DID,OXF,SWI,0.4
SP000129,SP003448,PAD,WOF,TAU,8,DID,OXF,SWI,0.421
SP000129,SP003480,PAD,WOF,PNZ,6,RDG,GOR,THE,0.3
SP000129,SP003666,PAD,WOF,TAU,8,DID,OXF,SWI,0.4
SP000129,SP003788,PAD,WOF,SWA,8,DID,OXF,SWI,0.4
SP000129,SP004186,PAD,WOF,FRO,6,RDG,GOR,THE,0.4
SP000129,SP004248,PAD,WOF,WPH,7,GOR,DID,OXF,0.412
SP000129,SP004338,PAD,WOF,BPW,8,DID,OXF,SWI,0.8
SP000129,SP004416,PAD,WOF,BDW,6,RDG,GOR,RDW,0.375
SP000129,SP004476,PAD,WOF,BAN,7,GOR,DID,OXF,0.636
SP000129,SP004599,PAD,WOF,WOS,8,DID,OXF,SWI,0.571
SP000131,SP000982,RAI,LUT,WHP,15,XRT,SGR,BNH,0.536
SP000131,SP001665,RAI,LUT,KTN,16,SGR,ERH,ABW,0.516
SP000131,SP002289,RAI,LUT,WHP,16,SGR,ERH,ABW,0.5
SP000131,SP002797,RAI,LUT,WHP,16,SGR,ERH,ABW,0.516
SP000131,SP002803,RAI,LUT,DFD,14,DFD,XRT,,1.0
SP000133,SP000750,LIV,CLE,NRW,5,HGN,WAC,WID,0.143
SP000133,SP001354,LIV,CLE,NRW,5,HGN,WAC,WID,0.143
SP000133,SP001360,LIV,CLE,NOT,5,HGN,WAC,WID,0.217
SP000133,SP001362,LIV,CLE,NRW,5,HGN,WAC,WID,0.143
SP000133,SP001365,LIV,CLE,NOT,5,HGN,WAC,WID,0.227
SP000133,SP001366,LIV,CLE,NOT,5,HGN,WAC,WID,0.208
SP000133,SP001875,LIV,CLE,CLE,21,MHS,SWN,MEX,0.656
SP000133,SP002673,LIV,CLE,NOT,5,HGN,WAC,WID,0.208
SP000133,SP003089,LIV,CLE,WAC,5,HGN,WAC,WAW,0.714
SP000133,SP003115,LIV,CLE,NOT,5,HGN,WAC,WID,0.2
SP000133,SP003496,LIV,CLE,SHF,12,MAN,SPT,ABY,0.571
SP000133,SP003657,LIV,CLE,NCL,7,BWD,IRL,DGT,0.2
SP000133,SP004143,LIV,CLE,NRW,5,HGN,WAC,WID,0.143
SP000133,SP004261,LIV,CLE,DON,18,GRN,DOR,SHF,0.818
SP000133,SP004268,LIV,CLE,MIA,12,MAN,SPT,HDG,0.857
SP000133,SP004269,LIV,CLE,NRW,5,HGN,WAC,WID,0.143
SP000134,SP000175,DDG,WOF,WOF,13,SMW,ROW,LGG,0.565
SP000134,SP000692,DDG,WOF,WOS,7,XOH,BMO,SMA,0.304
SP000134,SP001440,DDG,WOF,BSW,9,BSW,JEQ,,1.0
SP000134,SP002004,DDG,WOF,WOS,22,WOS,WOF,,1.0
SP000134,SP004100,DDG,WOF,WOF,7,XOH,BMO,SMA,0.304
SP000134,SP004108,DDG,WOF,WOF,7,XOH,BMO,SMA,0.304
SP000134,SP004113,DDG,WOF,WOF,21,DTW,WOS,WOF,0.955
SP000135,SP003436,WOS,BRI,PAD,5,GCR,CDU,SHU,0.5
SP000135,SP003751,WOS,BRI,BRI,5,GCR,CDU,YAE,0.556
SP000136,SP000192,LIV,OXN,GLC,11,OXN,,XIT,1.0
SP000136,SP000209,LIV,OXN,GLC,11,OXN,,XIT,1.0
SP000136,SP000631,LIV,OXN,BPN,6,WGN,XOU,EBA,0.545
SP000136,SP004375,LIV,OXN,WGN,5,SNH,WGN,GSW,0.714
SP000138,SP000761,WHP,RAI,RAI,8,XKE,DEP,NWX,0.276
SP000138,SP001629,WHP,RAI,SUO,6,BFR,XMK,EPH,0.375
SP000138,SP001681,WHP,RAI,ORP,6,BFR,XMK,EPH,0.261
SP000138,SP001778,WHP,RAI,SUO,6,BFR,XMK,EPH,0.286
SP000138,SP003915,WHP,RAI,RAI,13,CTN,WWA,WWD,0.406
SP000138,SP004591,WHP,RAI,RAI,8,XKE,DEP,NWX,0.25
SP000139,SP001284,TRI,EUS,EUS,5,WFJ,HRW,BSH,0.556
SP000140,SP003701,YRK,KGX,KGX,8,HUN,SDY,SNO,0.421
SP000143,SP002157,EGR,BAL,BDM,11,ECR,SRS,NWD,0.846
SP000143,SP002176,EGR,BAL,XSU,5,OXT,WOH,SNR,0.385
SP000143,SP002247,EGR,BAL,WHP,5,OXT,WOH,SNR,0.385
SP000143,SP002262,EGR,BAL,XSU,11,ECR,SRS,NWD,0.846
SP000143,SP003062,EGR,BAL,WSW,12,SRS,BAL,TTH,0.923
SP000143,SP004218,EGR,BAL,BDM,5,OXT,WOH,SNR,0.385
SP000143,SP004576,EGR,BAL,BAK,12,SRS,BAL,SRC,0.923
SP000144,SP000152,GLT,EDB,EDB,8,INK,NQU,EGY,0.727
SP000146,SP002097,GRK,GLC,GLC,7,PTG,WDL,BPT,0.7
SP000146,SP002136,GRK,GLC,GLC,5,CDY,BGS,PTG,0.556
SP000148,SP000961,CLH,MCV,BBN,5,BBN,DWN,,1.0
SP000148,SP003398,CLH,MCV,MCV,10,BON,SLD,MSS,0.769
SP000148,SP004474,CLH,MCV,MCV,10,BON,SLD,FNW,0.769
SP000149,SP003250,EDB,MIA,EUS,13,XOU,CRL,WGN,0.591
SP000149,SP003562,EDB,MIA,EUS,13,XOU,CRL,WGN,0.591
SP000149,SP003970,EDB,MIA,EUS,13,XOU,CRL,WGN,0.591
SP000149,SP004263,EDB,MIA,MIA,13,XOU,CRL,WGN,0.65
SP000151,SP001412,WSL,WVH,BHM,11,BHM,XOS,,1.0
SP000151,SP002268,WSL,WVH,EUS,5,XRA,PRY,XOS,0.25
SP000153,SP000176,DID,PAD,PAD,8,MAI,SLO,TAP,0.727
SP000153,SP003226,DID,PAD,RDG,6,RDG,TWY,,1.0
SP000153,SP004296,DID,PAD,PAD,8,MAI,SLO,TAP,0.727
SP000153,SP004581,DID,PAD,PAD,10,STL,PAD,WEA,0.909
SP000154,SP000174,HGS,CST,CST,11,SEV,ORP,CLD,0.524
SP000155,SP001992,HLC,EDB,EDB,7,DMR,SIN,CYK,0.241
SP000155,SP001995,HLC,EDB,EDB,7,DMR,SIN,CYK,0.2
SP000155,SP002669,HLC,EDB,EDB,7,DMR,SIN,CYK,0.226
SP000155,SP002998,HLC,EDB,EDB,7,DMR,SIN,CYK,0.219
SP000155,SP003768,HLC,EDB,EDB,7,DMR,SIN,CYK,0.226
SP000155,SP003770,HLC,EDB,BHG,31,BHG,LSN,,1.0
SP000155,SP003773,HLC,EDB,ADR,26,ADR,DRU,,1.0
SP000155,SP003782,HLC,EDB,EDB,7,DMR,SIN,CYK,0.206
SP000156,SP000186,GLC,GLC,NTN,6,LGS,CCT,KGP,0.545
SP000158,SP001211,NNG,PBO,LCN,5,LCN,MGM,,1.0
SP000160,SP002286,SHF,LDS,LDS,9,FZW,SNA,WKK,0.692
SP000160,SP003573,SHF,LDS,YRK,8,MRP,FZW,PFR,0.615
SP000160,SP003985,SHF,LDS,LDS,9,FZW,SNA,XES,0.818
SP000161,SP004264,OXN,LIV,MIA,5,XOU,WGN,CRL,0.455
SP000162,SP003405,PBO,LCN,DON,6,LCN,,SXY,1.0
SP000163,SP000172,GLC,LIV,MIA,13,XOU,WGN,CRL,0.684
SP000163,SP002084,GLC,LIV,EUS,14,WGN,SNH,WBQ,0.737
SP000163,SP002229,GLC,LIV,CRE,14,WGN,SNH,WBQ,0.737
SP000163,SP003323,GLC,LIV,MIA,14,WGN,SNH,ECC,0.737
SP000163,SP004009,GLC,LIV,EUS,13,XOU,WGN,EBA,0.684
SP000163,SP004033,GLC,LIV,EUS,14,WGN,SNH,WBQ,0.737
SP000163,SP004044,GLC,LIV,EUS,13,XOU,WGN,EBA,0.684
SP000164,SP002758,SAV,WOS,KID,33,KID,HBY,,1.0
SP000164,SP003974,SAV,WOS,KID,30,SBJ,HAG,BKD,0.938
SP000165,SP002006,GLC,EKL,EKL,7,BUS,THT,HMY,0.778
SP000168,SP000199,MYB,BAN,BSW,13,XAN,KGS,BAN,0.867
SP000168,SP000227,MYB,BAN,OXF,6,GER,HWY,SRG,0.4
SP000168,SP000248,MYB,BAN,HWY,5,WRU,GER,DNM,0.5
SP000168,SP000298,MYB,BAN,PRR,5,WRU,GER,DNM,0.5
SP000168,SP000305,MYB,BAN,GER,5,WRU,GER,DNM,0.714
SP000168,SP000313,MYB,BAN,OXF,5,WRU,GER,DNM,0.333
SP000168,SP000328,MYB,BAN,BMO,13,XAN,KGS,BAN,0.867
SP000168,SP000552,MYB,BAN,BSW,15,BAN,,XFC,1.0
SP000168,SP001643,MYB,BAN,HWY,5,WRU,GER,DNM,0.455
SP000168,SP002429,MYB,BAN,AYS,5,WRU,GER,DNM,0.333
SP000168,SP002777,MYB,BAN,OXF,6,GER,HWY,SRG,0.4
SP000168,SP002783,MYB,BAN,OXF,6,GER,HWY,BCF,0.4
SP000168,SP003198,MYB,BAN,BAN,6,GER,HWY,BCF,0.4
SP000168,SP003867,MYB,BAN,OXF,11,XJV,BCS,XGY,0.733
SP000168,SP004114,MYB,BAN,BCS,5,WRU,GER,DNM,0.333
SP000168,SP004157,MYB,BAN,BMO,15,BAN,,XFC,1.0
SP000168,SP004185,MYB,BAN,BAN,5,WRU,GER,DNM,0.333
SP000168,SP004191,MYB,BAN,SBJ,15,BAN,,XFC,1.0
SP000168,SP004257,MYB,BAN,BMO,6,GER,HWY,BCF,0.4
SP000168,SP004445,MYB,BAN,BAN,6,GER,HWY,BCF,0.4
SP000168,SP004479,MYB,BAN,PRR,9,PRR,HDM,,1.0
SP000168,SP004626,MYB,BAN,OXF,5,WRU,GER,DNM,0.333
SP000168,SP004639,MYB,BAN,BAN,5,WRU,GER,DNM,0.333
SP000168,SP004641,MYB,BAN,BSW,6,GER,HWY,BCF,0.4
SP000169,SP000188,BPN,YRK,YRK,14,CRG,GRF,MIK,0.824
SP000169,SP000984,BPN,YRK,LDS,13,LDS,CRG,,1.0
SP000169,SP003781,BPN,YRK,LDS,11,BDI,NPD,LDS,0.917
SP000169,SP004106,BPN,YRK,YRK,15,GRF,MIK,EGF,0.833
SP000170,SP004099,HGS,CST,TON,14,TON,SEV,,1.0
SP000170,SP004555,HGS,CST,CHX,14,TON,SEV,HLB,0.538
SP000170,SP004566,HGS,CST,CST,14,TON,SEV,HLB,0.538
SP000172,SP002084,GLC,MIA,EUS,13,XOU,CRL,WGN,0.591
SP000172,SP002229,GLC,MIA,CRE,13,XOU,CRL,WGN,0.684
SP000172,SP003323,GLC,MIA,MIA,13,XOU,CRL,WGN,0.65
SP000172,SP004009,GLC,MIA,EUS,13,XOU,CRL,EBA,0.591
SP000172,SP004033,GLC,MIA,EUS,13,XOU,CRL,WGN,0.591
SP000172,SP004044,GLC,MIA,EUS,13,XOU,CRL,EBA,0.591
SP000173,SP000197,YRK,BPN,BPN,9,HFX,HBD,SOW,0.5
SP000175,SP000692,DDG,WOF,WOS,7,XOH,BMO,SMA,0.28
SP000175,SP001440,DDG,WOF,BSW,9,BSW,JEQ,,1.0
SP000175,SP002004,DDG,WOF,WOS,13,SMW,LGG,ROW,0.591
SP000175,SP004100,DDG,WOF,WOF,7,XOH,BMO,SMA,0.269
SP000175,SP004108,DDG,WOF,WOF,7,XOH,BMO,SMA,0.269
SP000175,SP004113,DDG,WOF,WOF,13,SMW,LGG,ROW,0.591
SP000176,SP003226,DID,PAD,RDG,6,RDG,TWY,,1.0
SP000176,SP004296,DID,PAD,PAD,13,STL,HAN,WEA,0.765
SP000176,SP004581,DID,PAD,PAD,8,MAI,TAP,SLO,0.667
SP000177,SP000334,ORP,CST,CHX,8,XPY,SAJ,NWX,0.727
SP000177,SP003024,ORP,CST,CHX,8,XPY,SAJ,LEW,0.667
SP000177,SP003107,ORP,CST,CST,8,XPY,SAJ,LEW,0.667
SP000178,SP000888,LEV,EDB,EDB,11,EGY,HYM,SGL,0.846
SP000180,SP000185,CST,HGS,HGS,15,TBW,WAD,FRT,0.682
SP000180,SP001031,CST,HGS,RAM,10,ORP,CLD,SEV,0.455
SP000180,SP001056,CST,HGS,AFK,10,ORP,CLD,SEV,0.526
SP000180,SP001064,CST,HGS,ORP,7,GRP,CIT,ESD,0.583
SP000180,SP001893,CST,HGS,DVP,10,ORP,CLD,SEV,0.455
SP000180,SP001895,CST,HGS,RAM,10,ORP,CLD,SEV,0.455
SP000180,SP002910,CST,HGS,TBW,10,ORP,CLD,SEV,0.667
SP000180,SP003122,CST,HGS,CST,6,HGR,GRP,LEE,0.273
SP000180,SP003425,CST,HGS,TON,13,TON,HIB,,1.0
SP000180,SP004537,CST,HGS,DVP,8,CIT,XPE,XMU,0.364
SP000180,SP004538,CST,HGS,RAM,8,CIT,XPE,XMU,0.364
SP000181,SP000347,SAV,WOF,WOF,17,SMW,ROW,LGG,0.654
SP000182,SP000229,NTN,GLC,GLC,5,KGP,LGS,MFL,0.5
SP000183,SP003806,LET,KGX,KGX,11,AAP,HGY,FPK,0.786
SP000184,SP000198,PAD,HFD,WOS,18,WOS,WOF,,1.0
SP000184,SP000326,PAD,HFD,DID,6,RDG,GOR,TLH,0.6
SP000184,SP000364,PAD,HFD,WOF,19,WOF,XHK,,1.0
SP000184,SP000462,PAD,HFD,OXF,8,OXF,HND,,1.0
SP000184,SP000581,PAD,HFD,BRI,7,GOR,OXF,DID,0.583
SP000184,SP000651,PAD,HFD,PLY,6,RDG,GOR,THE,0.273
SP000184,SP000801,PAD,HFD,PLY,6,RDG,GOR,THE,0.261
SP000184,SP000835,PAD,HFD,WSM,7,GOR,OXF,DID,0.412
SP000184,SP000840,PAD,HFD,PNZ,7,GOR,OXF,DID,0.269
SP000184,SP000848,PAD,HFD,WOS,11,AUW,KGM,SIP,0.579
SP000184,SP000858,PAD,HFD,OXF,7,GOR,OXF,DID,0.778
SP000184,SP000862,PAD,HFD,CNM,7,GOR,OXF,DID,0.5
SP000184,SP001654,PAD,HFD,NBY,6,RDG,GOR,THE,0.6
SP000184,SP001823,PAD,HFD,SWA,7,GOR,OXF,DID,0.333
SP000184,SP001838,PAD,HFD,SWA,7,GOR,OXF,DID,0.35
SP000184,SP001939,PAD,HFD,RDG,6,RDG,GOR,,1.0
SP000184,SP002174,PAD,HFD,WSM,7,GOR,OXF,DID,0.438
SP000184,SP002183,PAD,HFD,WSM,7,GOR,OXF,DID,0.412
SP000184,SP002209,PAD,HFD,EXD,6,RDG,GOR,THE,0.375
SP000184,SP002216,PAD,HFD,NQY,6,RDG,GOR,THE,0.231
SP000184,SP002711,PAD,HFD,BDW,6,RDG,GOR,THE,0.5
SP000184,SP003385,PAD,HFD,PGN,6,RDG,GOR,THE,0.261
SP000184,SP003417,PAD,HFD,CDF,7,GOR,OXF,DID,0.467
SP000184,SP003420,PAD,HFD,WOS,7,GOR,OXF,DID,0.412
SP000184,SP003428,PAD,HFD,WSB,6,RDG,GOR,THE,0.429
SP000184,SP003429,PAD,HFD,CMN,7,GOR,OXF,DID,0.269
SP000184,SP003434,PAD,HFD,SWA,7,GOR,OXF,DID,0.333
SP000184,SP003440,PAD,HFD,SWA,7,GOR,OXF,DID,0.318
SP000184,SP003448,PAD,HFD,TAU,7,GOR,OXF,DID,0.368
SP000184,SP003480,PAD,HFD,PNZ,6,RDG,GOR,THE,0.231
SP000184,SP003666,PAD,HFD,TAU,7,GOR,OXF,DID,0.35
SP000184,SP003788,PAD,HFD,SWA,7,GOR,OXF,DID,0.292
SP000184,SP004186,PAD,HFD,FRO,6,RDG,GOR,THE,0.4
SP000184,SP004248,PAD,HFD,WPH,17,WPH,WOS,,1.0
SP000184,SP004338,PAD,HFD,BPW,7,GOR,OXF,DID,0.7
SP000184,SP004416,PAD,HFD,BDW,6,RDG,GOR,RDW,0.375
SP000184,SP004476,PAD,HFD,BAN,8,OXF,HND,HYD,0.727
SP000184,SP004599,PAD,HFD,WOS,7,GOR,OXF,DID,0.5
SP000185,SP001031,CST,HGS,RAM,10,ORP,CLD,SEV,0.385
SP000185,SP001056,CST,HGS,AFK,10,ORP,CLD,SEV,0.526
SP000185,SP001064,CST,HGS,ORP,7,GRP,CIT,ESD,0.583
SP000185,SP001893,CST,HGS,DVP,10,ORP,CLD,SEV,0.385
SP000185,SP001895,CST,HGS,RAM,10,ORP,CLD,SEV,0.385
SP000185,SP002910,CST,HGS,TBW,10,ORP,CLD,SEV,0.667
SP000185,SP003122,CST,HGS,CST,6,HGR,GRP,LEE,0.231
SP000185,SP003425,CST,HGS,TON,13,TON,HIB,,1.0
SP000185,SP004537,CST,HGS,DVP,8,CIT,XPE,XMU,0.308
SP000185,SP004538,CST,HGS,RAM,8,CIT,XPE,XMU,0.308
SP000187,SP001726,KGX,LET,CBG,8,WGC,WLW,XGN,0.571
SP000187,SP002354,KGX,LET,RYS,14,LET,,BDK,1.0
SP000187,SP002757,KGX,LET,CBG,14,LET,,BDK,1.0
SP000187,SP002762,KGX,LET,CBG,14,LET,,BDK,1.0
SP000188,SP000984,BPN,YRK,LDS,13,LDS,CRG,,1.0
SP000188,SP003781,BPN,YRK,LDS,11,BDI,NPD,LDS,0.917
SP000188,SP004106,BPN,YRK,YRK,14,CRG,MIK,GRF,0.824
SP000189,SP000205,MIA,EDB,GLC,19,LOC,SLA,SDM,0.864
SP000189,SP000560,MIA,EDB,BPN,8,XLK,CRL,LOT,0.444
SP000189,SP000565,MIA,EDB,BPN,8,XLK,CRL,LOT,0.381
SP000189,SP000570,MIA,EDB,BPN,8,XLK,CRL,LOT,0.4
SP000189,SP000610,MIA,EDB,BPN,8,XLK,CRL,HWI,0.471
SP000189,SP003292,MIA,EDB,LAN,5,DGT,SLD,ECC,0.5
SP000189,SP003707,MIA,EDB,BPN,8,XLK,CRL,LOT,0.444
SP000189,SP004451,MIA,EDB,OXN,14,OXN,XIT,,1.0
SP000189,SP004500,MIA,EDB,LIV,5,DGT,SLD,SFD,0.278
SP000190,SP002971,ORP,LUT,KTN,22,KTN,WHP,,1.0
SP000190,SP002987,ORP,LUT,BFR,18,BFR,CTK,,1.0
SP000190,SP003027,ORP,LUT,WHP,23,WHP,CRI,,1.0
SP000192,SP000209,LIV,GLC,GLC,16,LOC,SDM,WSH,0.842
SP000192,SP000631,LIV,GLC,BPN,6,WGN,XOU,EBA,0.462
SP000192,SP004375,LIV,GLC,WGN,5,SNH,WGN,GSW,0.714
SP000194,SP000605,MYB,HWY,GER,7,WRU,DNM,DGC,0.778
SP000194,SP000607,MYB,HWY,GER,9,GER,SRG,,1.0
SP000194,SP000667,MYB,HWY,WRU,7,WRU,DNM,,1.0
SP000194,SP004609,MYB,HWY,GER,8,DNM,GER,DGC,0.8
SP000195,SP000212,EUS,NMP,TRI,5,WFJ,KGL,HML,0.556
SP000195,SP000266,EUS,NMP,WVH,5,WFJ,KGL,XOE,0.263
SP000195,SP000392,EUS,NMP,LIV,5,WFJ,KGL,XOE,0.263
SP000195,SP000398,EUS,NMP,MAN,5,WFJ,KGL,XOE,0.263
SP000195,SP000401,EUS,NMP,BHM,5,WFJ,KGL,XOE,0.263
SP000195,SP000533,EUS,NMP,BHM,5,WFJ,KGL,XOE,0.263
SP000195,SP000868,EUS,NMP,LIV,5,WFJ,KGL,XOE,0.263
SP000195,SP000882,EUS,NMP,WVH,5,WFJ,KGL,XOE,0.263
SP000195,SP000885,EUS,NMP,CRE,5,WFJ,KGL,XOE,0.263
SP000195,SP000892,EUS,NMP,GLC,5,WFJ,KGL,XOE,0.263
SP000195,SP001313,EUS,NMP,HHD,5,WFJ,KGL,XOE,0.263
SP000195,SP001327,EUS,NMP,TRI,5,WFJ,KGL,APS,0.5
SP000195,SP001329,EUS,NMP,TRI,6,KGL,APS,HML,0.6
SP000195,SP001343,EUS,NMP,NMP,5,WFJ,KGL,XOE,0.417
SP000195,SP001346,EUS,NMP,CRE,5,WFJ,KGL,XOE,0.263
SP000195,SP001451,EUS,NMP,BLY,5,WFJ,KGL,HML,0.417
SP000195,SP001454,EUS,NMP,BLY,5,WFJ,KGL,APS,0.385
SP000195,SP001807,EUS,NMP,GLC,5,WFJ,KGL,XOE,0.263
SP000195,SP002179,EUS,NMP,GLC,5,WFJ,KGL,XOE,0.263
SP000195,SP002202,EUS,NMP,WSL,5,WFJ,KGL,XOE,0.263
SP000195,SP002261,EUS,NMP,NMP,6,KGL,APS,HML,0.353
SP000195,SP002647,EUS,NMP,MKC,11,TRI,CED,XOD,0.733
SP000195,SP002655,EUS,NMP,SAA,5,WFJ,KGL,WFN,0.455
SP000195,SP002872,EUS,NMP,CTR,5,WFJ,KGL,XOE,0.263
SP000195,SP003031,EUS,NMP,MAN,5,WFJ,KGL,XOE,0.263
SP000195,SP003036,EUS,NMP,BHM,5,WFJ,KGL,XOE,0.263
SP000195,SP003114,EUS,NMP,LIV,5,WFJ,KGL,XOE,0.263
SP000195,SP003191,EUS,NMP,BPN,5,WFJ,KGL,XOE,0.263
SP000195,SP003207,EUS,NMP,LIV,5,WFJ,KGL,XOE,0.263
SP000195,SP003300,EUS,NMP,WRX,5,WFJ,KGL,XOE,0.263
SP000195,SP003360,EUS,NMP,EDB,5,WFJ,KGL,XOE,0.263
SP000195,SP003475,EUS,NMP,WVH,5,WFJ,KGL,XOE,0.263
SP000195,SP003568,EUS,NMP,WVH,5,WFJ,KGL,XOE,0.263
SP000195,SP003958,EUS,NMP,INV,5,WFJ,KGL,XOE,0.263
SP000195,SP004012,EUS,NMP,GLC,5,WFJ,KGL,XOE,0.263
SP000195,SP004017,EUS,NMP,PRE,5,WFJ,KGL,XOE,0.263
SP000195,SP004025,EUS,NMP,PRE,5,WFJ,KGL,XOE,0.263
SP000195,SP004034,EUS,NMP,CRE,5,WFJ,KGL,XOE,0.263
SP000195,SP004036,EUS,NMP,GLC,5,WFJ,KGL,XOE,0.263
SP000195,SP004111,EUS,NMP,GLC,5,WFJ,KGL,XOE,0.263
SP000195,SP004131,EUS,NMP,BHM,19,NMP,,LBK,1.0
SP000195,SP004188,EUS,NMP,CRE,5,WFJ,KGL,XOE,0.263
SP000195,SP004207,EUS,NMP,CRE,5,WFJ,KGL,XOE,0.263
SP000195,SP004232,EUS,NMP,INV,5,WFJ,KGL,XOE,0.263
SP000195,SP004384,EUS,NMP,WVH,5,WFJ,KGL,XOE,0.263
SP000195,SP004399,EUS,NMP,GLC,5,WFJ,KGL,XOE,0.263
SP000195,SP004433,EUS,NMP,NMP,5,WFJ,KGL,XOE,0.357
SP000195,SP004516,EUS,NMP,GLC,5,WFJ,KGL,XOE,0.263
SP000195,SP004529,EUS,NMP,BHM,19,NMP,,LBK,1.0
SP000196,SP001479,RDC,FOK,FOK,12,XOZ,AST,DUD,0.632
SP000198,SP000326,PAD,WOS,DID,6,RDG,GOR,TLH,0.6
SP000198,SP000364,PAD,WOS,WOF,18,WOS,,WOF,1.0
SP000198,SP000462,PAD,WOS,OXF,8,OXF,HND,,1.0
SP000198,SP000581,PAD,WOS,BRI,7,GOR,OXF,DID,0.583
SP000198,SP000651,PAD,WOS,PLY,6,RDG,GOR,THE,0.333
SP000198,SP000801,PAD,WOS,PLY,6,RDG,GOR,THE,0.333
SP000198,SP000835,PAD,WOS,WSM,7,GOR,OXF,DID,0.412
SP000198,SP000840,PAD,WOS,PNZ,7,GOR,OXF,DID,0.389
SP000198,SP000848,PAD,WOS,WOS,11,AUW,KGM,SIP,0.611
SP000198,SP000858,PAD,WOS,OXF,7,GOR,OXF,DID,0.778
SP000198,SP000862,PAD,WOS,CNM,7,GOR,OXF,DID,0.5
SP000198,SP001654,PAD,WOS,NBY,6,RDG,GOR,THE,0.6
SP000198,SP001823,PAD,WOS,SWA,7,GOR,OXF,DID,0.389
SP000198,SP001838,PAD,WOS,SWA,7,GOR,OXF,DID,0.389
SP000198,SP001939,PAD,WOS,RDG,6,RDG,GOR,,1.0
SP000198,SP002174,PAD,WOS,WSM,7,GOR,OXF,DID,0.438
SP000198,SP002183,PAD,WOS,WSM,7,GOR,OXF,DID,0.412
SP000198,SP002209,PAD,WOS,EXD,6,RDG,GOR,THE,0.375
SP000198,SP002216,PAD,WOS,NQY,6,RDG,GOR,THE,0.333
SP000198,SP002711,PAD,WOS,BDW,6,RDG,GOR,THE,0.5
SP000198,SP003385,PAD,WOS,PGN,6,RDG,GOR,THE,0.333
SP000198,SP003417,PAD,WOS,CDF,7,GOR,OXF,DID,0.467
SP000198,SP003420,PAD,WOS,WOS,7,GOR,OXF,DID,0.412
SP000198,SP003428,PAD,WOS,WSB,6,RDG,GOR,THE,0.429
SP000198,SP003429,PAD,WOS,CMN,7,GOR,OXF,DID,0.389
SP000198,SP003434,PAD,WOS,SWA,7,GOR,OXF,DID,0.389
SP000198,SP003440,PAD,WOS,SWA,7,GOR,OXF,DID,0.389
SP000198,SP003448,PAD,WOS,TAU,7,GOR,OXF,DID,0.389
SP000198,SP003480,PAD,WOS,PNZ,6,RDG,GOR,THE,0.333
SP000198,SP003666,PAD,WOS,TAU,7,GOR,OXF,DID,0.389
SP000198,SP003788,PAD,WOS,SWA,7,GOR,OXF,DID,0.389
SP000198,SP004186,PAD,WOS,FRO,6,RDG,GOR,THE,0.4
SP000198,SP004248,PAD,WOS,WPH,17,WPH,WOS,,1.0
SP000198,SP004338,PAD,WOS,BPW,7,GOR,OXF,DID,0.7
SP000198,SP004416,PAD,WOS,BDW,6,RDG,GOR,RDW,0.375
SP000198,SP004476,PAD,WOS,BAN,8,OXF,HND,HYD,0.727
SP000198,SP004599,PAD,WOS,WOS,7,GOR,OXF,DID,0.5
SP000199,SP000227,MYB,BSW,OXF,6,GER,HWY,SRG,0.375
SP000199,SP000248,MYB,BSW,HWY,5,WRU,GER,DNM,0.5
SP000199,SP000298,MYB,BSW,PRR,5,WRU,GER,DNM,0.5
SP000199,SP000305,MYB,BSW,GER,5,WRU,GER,DNM,0.714
SP000199,SP000313,MYB,BSW,OXF,5,WRU,GER,DNM,0.294
SP000199,SP000328,MYB,BSW,BMO,16,LMS,WRW,WRP,0.696
SP000199,SP000552,MYB,BSW,BSW,13,XAN,BAN,KGS,0.5
SP000199,SP001643,MYB,BSW,HWY,5,WRU,GER,DNM,0.455
SP000199,SP002429,MYB,BSW,AYS,5,WRU,GER,DNM,0.333
SP000199,SP002777,MYB,BSW,OXF,6,GER,HWY,SRG,0.333
SP000199,SP002783,MYB,BSW,OXF,6,GER,HWY,BCF,0.353
SP000199,SP003198,MYB,BSW,BAN,6,GER,HWY,BCF,0.375
SP000199,SP003867,MYB,BSW,OXF,11,XJV,BCS,XGY,0.688
SP000199,SP004114,MYB,BSW,BCS,5,WRU,GER,DNM,0.312
SP000199,SP004157,MYB,BSW,BMO,13,XAN,BAN,KGS,0.5
SP000199,SP004185,MYB,BSW,BAN,5,WRU,GER,DNM,0.333
SP000199,SP004191,MYB,BSW,SBJ,13,XAN,BAN,KGS,0.5
SP000199,SP004257,MYB,BSW,BMO,6,GER,HWY,BCF,0.24
SP000199,SP004445,MYB,BSW,BAN,6,GER,HWY,BCF,0.316
SP000199,SP004479,MYB,BSW,PRR,9,PRR,HDM,,1.0
SP000199,SP004626,MYB,BSW,OXF,5,WRU,GER,DNM,0.278
SP000199,SP004639,MYB,BSW,BAN,5,WRU,GER,DNM,0.25
SP000199,SP004641,MYB,BSW,BSW,6,GER,HWY,BCF,0.231
SP000200,SP003239,NEI,GLC,GLC,7,MFL,COI,GLC,0.875
SP000202,SP000224,GLC,NEI,NTN,5,MFL,CCT,KGP,0.5
SP000202,SP002685,GLC,NEI,GLC,6,CCT,MUI,LGS,0.545
SP000204,SP001898,SRY,FST,FST,9,PSE,BSO,SFO,0.529
SP000204,SP003823,SRY,FST,FST,9,PSE,BSO,LAI,0.643
SP000204,SP003825,SRY,FST,FST,7,LES,BEF,PSE,0.5
SP000204,SP003827,SRY,FST,FST,7,LES,BEF,PSE,0.5
SP000204,SP003830,SRY,FST,FST,11,LAI,WHR,UPM,0.688
SP000204,SP003835,SRY,FST,FST,7,LES,BEF,PSE,0.438
SP000204,SP003848,SRY,FST,FST,15,WEH,LHS,FST,0.938
SP000204,SP003850,SRY,FST,FST,11,LAI,WHR,UPM,0.733
SP000205,SP000560,MIA,GLC,BPN,8,XLK,CRL,LOT,0.444
SP000205,SP000565,MIA,GLC,BPN,8,XLK,CRL,LOT,0.381
SP000205,SP000570,MIA,GLC,BPN,8,XLK,CRL,LOT,0.4
SP000205,SP000610,MIA,GLC,BPN,8,XLK,CRL,HWI,0.471
SP000205,SP003292,MIA,GLC,LAN,5,DGT,SLD,ECC,0.5
SP000205,SP003707,MIA,GLC,BPN,8,XLK,CRL,LOT,0.444
SP000205,SP004451,MIA,GLC,OXN,14,OXN,XIT,,1.0
SP000205,SP004500,MIA,GLC,LIV,5,DGT,SLD,SFD,0.278
SP000206,SP000679,OXF,MYB,MYB,9,HWY,SRG,BCF,0.562
SP000206,SP000689,OXF,MYB,MYB,11,GER,WRU,DGC,0.688
SP000206,SP004149,OXF,MYB,MYB,9,HWY,SRG,BCF,0.562
SP000206,SP004560,OXF,MYB,MYB,9,HWY,SRG,BCF,0.562
SP000206,SP004636,OXF,MYB,MYB,13,SRU,WCX,NLT,0.812
SP000208,SP000495,EDB,KIN,ABD,6,LDY,DKD,CUP,0.6
SP000208,SP001812,EDB,KIN,HNT,6,LDY,DKD,BYF,0.6
SP000208,SP001944,EDB,KIN,ABD,6,LDY,DKD,CUP,0.6
SP000208,SP003718,EDB,KIN,ABD,5,KDY,LDY,MNC,0.5
SP000209,SP000631,LIV,GLC,BPN,6,WGN,XOU,EBA,0.462
SP000209,SP004375,LIV,GLC,WGN,5,SNH,WGN,GSW,0.714
SP000211,SP000232,AYW,BNG,CFS,6,CFS,BNG,,1.0
SP000212,SP000266,EUS,TRI,WVH,5,WFJ,HML,XOE,0.556
SP000212,SP000392,EUS,TRI,LIV,5,WFJ,HML,XOE,0.556
SP000212,SP000398,EUS,TRI,MAN,5,WFJ,HML,XOE,0.556
SP000212,SP000401,EUS,TRI,BHM,5,WFJ,HML,XOE,0.556
SP000212,SP000533,EUS,TRI,BHM,5,WFJ,HML,XOE,0.556
SP000212,SP000868,EUS,TRI,LIV,5,WFJ,HML,XOE,0.556
SP000212,SP000882,EUS,TRI,WVH,5,WFJ,HML,XOE,0.556
SP000212,SP000885,EUS,TRI,CRE,5,WFJ,HML,XOE,0.556
SP000212,SP000892,EUS,TRI,GLC,5,WFJ,HML,XOE,0.556
SP000212,SP001313,EUS,TRI,HHD,5,WFJ,HML,XOE,0.556
SP000212,SP001327,EUS,TRI,TRI,5,WFJ,HML,APS,0.556
SP000212,SP001329,EUS,TRI,TRI,5,WFJ,HML,KGL,0.556
SP000212,SP001343,EUS,TRI,NMP,5,WFJ,HML,XOE,0.556
SP000212,SP001346,EUS,TRI,CRE,5,WFJ,HML,XOE,0.556
SP000212,SP001451,EUS,TRI,BLY,9,TRI,,XOD,1.0
SP000212,SP001454,EUS,TRI,BLY,5,WFJ,HML,APS,0.556
SP000212,SP001807,EUS,TRI,GLC,5,WFJ,HML,XOE,0.556
SP000212,SP002179,EUS,TRI,GLC,5,WFJ,HML,XOE,0.556
SP000212,SP002202,EUS,TRI,WSL,5,WFJ,HML,XOE,0.556
SP000212,SP002261,EUS,TRI,NMP,5,WFJ,HML,KGL,0.556
SP000212,SP002647,EUS,TRI,MKC,5,WFJ,HML,KGL,0.556
SP000212,SP002655,EUS,TRI,SAA,5,WFJ,HML,WFN,0.556
SP000212,SP002872,EUS,TRI,CTR,5,WFJ,HML,XOE,0.556
SP000212,SP003031,EUS,TRI,MAN,5,WFJ,HML,XOE,0.556
SP000212,SP003036,EUS,TRI,BHM,5,WFJ,HML,XOE,0.556
SP000212,SP003114,EUS,TRI,LIV,5,WFJ,HML,XOE,0.556
SP000212,SP003191,EUS,TRI,BPN,5,WFJ,HML,XOE,0.556
SP000212,SP003207,EUS,TRI,LIV,5,WFJ,HML,XOE,0.556
SP000212,SP003300,EUS,TRI,WRX,5,WFJ,HML,XOE,0.556
SP000212,SP003360,EUS,TRI,EDB,5,WFJ,HML,XOE,0.556
SP000212,SP003475,EUS,TRI,WVH,5,WFJ,HML,XOE,0.556
SP000212,SP003568,EUS,TRI,WVH,5,WFJ,HML,XOE,0.556
SP000212,SP003958,EUS,TRI,INV,5,WFJ,HML,XOE,0.556
SP000212,SP004012,EUS,TRI,GLC,5,WFJ,HML,XOE,0.556
SP000212,SP004017,EUS,TRI,PRE,5,WFJ,HML,XOE,0.556
SP000212,SP004025,EUS,TRI,PRE,5,WFJ,HML,XOE,0.556
SP000212,SP004034,EUS,TRI,CRE,5,WFJ,HML,XOE,0.556
SP000212,SP004036,EUS,TRI,GLC,5,WFJ,HML,XOE,0.556
SP000212,SP004111,EUS,TRI,GLC,5,WFJ,HML,XOE,0.556
SP000212,SP004131,EUS,TRI,BHM,5,WFJ,HML,KGL,0.556
SP000212,SP004188,EUS,TRI,CRE,5,WFJ,HML,XOE,0.556
SP000212,SP004207,EUS,TRI,CRE,5,WFJ,HML,XOE,0.556
SP000212,SP004232,EUS,TRI,INV,5,WFJ,HML,XOE,0.556
SP000212,SP004384,EUS,TRI,WVH,5,WFJ,HML,XOE,0.556
SP000212,SP004399,EUS,TRI,GLC,5,WFJ,HML,XOE,0.556
SP000212,SP004433,EUS,TRI,NMP,5,WFJ,HML,XOE,0.556
SP000212,SP004516,EUS,TRI,GLC,5,WFJ,HML,XOE,0.556
SP000212,SP004529,EUS,TRI,BHM,5,WFJ,HML,KGL,0.556
SP000213,SP000241,MIA,BIF,WDM,14,XOA,CNF,OXN,0.737
SP000213,SP000249,MIA,BIF,WDM,6,DGT,SLD,ECC,0.353
SP000213,SP000251,MIA,BIF,CKL,6,DGT,SLD,ECC,0.25
SP000213,SP001670,MIA,BIF,WDM,9,XLK,CRL,HWI,0.45
SP000215,SP000704,SRA,BIS,BIS,5,TOM,BMD,NUM,0.417
SP000215,SP000708,SRA,BIS,BIS,10,HWN,SAW,HWM,0.833
SP000215,SP003777,SRA,BIS,BIS,5,TOM,BMD,MRW,0.417
SP000215,SP003778,SRA,BIS,BIS,5,TOM,BMD,MRW,0.417
SP000215,SP003785,SRA,BIS,BIS,5,TOM,BMD,NUM,0.417
SP000215,SP003787,SRA,BIS,BIS,5,TOM,BMD,MRW,0.417
SP000215,SP003791,SRA,BIS,BIS,5,TOM,BMD,NUM,0.417
SP000215,SP004095,SRA,BIS,HFE,5,TOM,BMD,NUM,0.417
SP000215,SP004425,SRA,BIS,HFE,5,TOM,BMD,NUM,0.417
SP000215,SP004428,SRA,BIS,HFE,5,TOM,BMD,NUM,0.417
SP000215,SP004439,SRA,BIS,BIS,5,TOM,BMD,NUM,0.417
SP000215,SP004442,SRA,BIS,BIS,5,TOM,BMD,NUM,0.417
SP000216,SP004140,GLQ,STG,ALO,6,STG,,ALO,1.0
SP000216,SP004293,GLQ,STG,ABD,6,STG,,DBL,1.0
SP000222,SP002077,SSD,LST,LST,6,CHN,BMD,XSG,0.545
SP000222,SP003685,SSD,LST,TOM,8,TOM,XMI,,1.0
SP000222,SP003747,SSD,LST,LST,10,HAC,BET,LOF,0.833
SP000224,SP002685,GLC,NTN,GLC,5,MFL,KGP,CCT,0.5
SP000226,SP000555,BMO,MYB,LMS,5,DDG,HTN,LPW,0.556
SP000226,SP000609,BMO,MYB,LMS,5,DDG,HTN,LPW,0.5
SP000226,SP002430,BMO,MYB,MYB,5,DDG,HTN,LPW,0.2
SP000227,SP000248,MYB,OXF,HWY,5,WRU,GER,DNM,0.5
SP000227,SP000298,MYB,OXF,PRR,5,WRU,GER,DNM,0.5
SP000227,SP000305,MYB,OXF,GER,5,WRU,GER,DNM,0.714
SP000227,SP000313,MYB,OXF,OXF,5,WRU,GER,DNM,0.312
SP000227,SP000328,MYB,OXF,BMO,6,GER,SRG,HWY,0.375
SP000227,SP000552,MYB,OXF,BSW,6,GER,SRG,HWY,0.375
SP000227,SP001643,MYB,OXF,HWY,5,WRU,GER,DNM,0.455
SP000227,SP002429,MYB,OXF,AYS,5,WRU,GER,DNM,0.333
SP000227,SP002777,MYB,OXF,OXF,7,SRG,HWY,BCF,0.438
SP000227,SP002783,MYB,OXF,OXF,6,GER,SRG,BCF,0.375
SP000227,SP003198,MYB,OXF,BAN,6,GER,SRG,BCF,0.375
SP000227,SP003867,MYB,OXF,OXF,6,GER,SRG,HWY,0.375
SP000227,SP004114,MYB,OXF,BCS,5,WRU,GER,DNM,0.312
SP000227,SP004157,MYB,OXF,BMO,6,GER,SRG,HWY,0.375
SP000227,SP004185,MYB,OXF,BAN,5,WRU,GER,DNM,0.333
SP000227,SP004191,MYB,OXF,SBJ,6,GER,SRG,HWY,0.375
SP000227,SP004257,MYB,OXF,BMO,6,GER,SRG,BCF,0.375
SP000227,SP004445,MYB,OXF,BAN,6,GER,SRG,BCF,0.375
SP000227,SP004479,MYB,OXF,PRR,6,GER,SRG,HWY,0.667
SP000227,SP004626,MYB,OXF,OXF,5,WRU,GER,DNM,0.312
SP000227,SP004639,MYB,OXF,BAN,5,WRU,GER,DNM,0.312
SP000227,SP004641,MYB,OXF,BSW,6,GER,SRG,BCF,0.375
SP000231,SP000312,NOT,NRW,LEI,7,LBO,MMO,BWS,0.636
SP000231,SP002465,NOT,NRW,STP,7,LBO,MMO,LEI,0.304
SP000234,SP002642,SHF,LDS,BNY,6,BNY,DRT,,1.0
SP000234,SP003839,SHF,LDS,PNS,6,BNY,DRT,DOD,0.667
SP000234,SP003966,SHF,LDS,WKK,8,WKK,NOR,,1.0
SP000234,SP004470,SHF,LDS,LDS,9,NOR,CFD,WDS,0.75
SP000235,SP000240,MYB,HWY,BSW,6,WRU,DNM,GER,0.545
SP000235,SP000297,MYB,HWY,HWY,7,DNM,DGC,GER,0.7
SP000235,SP000311,MYB,HWY,AYS,7,DNM,DGC,GER,0.636
SP000235,SP001640,MYB,HWY,GER,6,WRU,DNM,GER,0.857
SP000235,SP002792,MYB,HWY,HWY,7,DNM,DGC,GER,0.636
SP000235,SP003190,MYB,HWY,AYS,7,DNM,DGC,GER,0.636
SP000235,SP003410,MYB,HWY,OXF,7,DNM,DGC,GER,0.636
SP000235,SP004159,MYB,HWY,AYS,9,GER,BCF,SRG,0.818
SP000235,SP004182,MYB,HWY,AYS,7,DNM,DGC,GER,0.636
SP000235,SP004233,MYB,HWY,WRU,6,WRU,DNM,,1.0
SP000235,SP004563,MYB,HWY,OXF,7,DNM,DGC,GER,0.636
SP000235,SP004635,MYB,HWY,BMO,6,WRU,DNM,GER,0.545
SP000235,SP004637,MYB,HWY,AYS,7,DNM,DGC,GER,0.636
SP000237,SP000255,BNG,AYW,DOG,5,DOG,MCN,,1.0
SP000239,SP004504,EDB,DBL,ABD,10,STG,BEA,DBL,0.833
SP000240,SP000297,MYB,BSW,HWY,6,WRU,GER,DNM,0.6
SP000240,SP000311,MYB,BSW,AYS,6,WRU,GER,DNM,0.429
SP000240,SP001640,MYB,BSW,GER,7,GER,HWY,,1.0
SP000240,SP002792,MYB,BSW,HWY,6,WRU,GER,DNM,0.545
SP000240,SP003190,MYB,BSW,AYS,6,WRU,GER,DNM,0.375
SP000240,SP003410,MYB,BSW,OXF,6,WRU,GER,DNM,0.316
SP000240,SP004159,MYB,BSW,AYS,6,WRU,GER,DNM,0.353
SP000240,SP004182,MYB,BSW,AYS,6,WRU,GER,DNM,0.429
SP000240,SP004233,MYB,BSW,WRU,6,WRU,GER,,1.0
SP000240,SP004563,MYB,BSW,OXF,6,WRU,GER,DNM,0.353
SP000240,SP004635,MYB,BSW,BMO,25,BMO,BSW,,1.0
SP000240,SP004637,MYB,BSW,AYS,6,WRU,GER,DNM,0.4
SP000241,SP000249,MIA,WDM,WDM,6,DGT,SLD,ECC,0.353
SP000241,SP000251,MIA,WDM,CKL,6,DGT,SLD,ECC,0.316
SP000241,SP001670,MIA,WDM,WDM,9,XLK,CRL,HWI,0.474
SP000242,SP004247,LAR,GLC,GLC,10,LHW,HOZ,JHN,0.769
SP000245,SP002688,GLC,LAR,LAR,6,LHW,GLG,DLY,0.429
SP000245,SP002989,GLC,LAR,ADS,12,ASB,WKB,ADN,0.857
SP000245,SP003270,GLC,LAR,ASB,12,ASB,WKB,,1.0
SP000245,SP004447,GLC,LAR,ADN,12,ASB,WKB,ADN,0.923
SP000248,SP000298,MYB,HWY,PRR,6,DNM,DGC,GER,0.6
SP000248,SP000305,MYB,HWY,GER,6,DNM,DGC,GER,0.857
SP000248,SP000313,MYB,HWY,OXF,6,DNM,DGC,GER,0.6
SP000248,SP000328,MYB,HWY,BMO,5,WRU,DNM,GER,0.5
SP000248,SP000552,MYB,HWY,BSW,5,WRU,DNM,GER,0.5
SP000248,SP001643,MYB,HWY,HWY,8,GER,BCF,SRG,0.8
SP000248,SP002429,MYB,HWY,AYS,8,GER,BCF,SRG,0.8
SP000248,SP002777,MYB,HWY,OXF,5,WRU,DNM,GER,0.5
SP000248,SP002783,MYB,HWY,OXF,5,WRU,DNM,GER,0.5
SP000248,SP003198,MYB,HWY,BAN,5,WRU,DNM,GER,0.5
SP000248,SP003867,MYB,HWY,OXF,5,WRU,DNM,GER,0.5
SP000248,SP004114,MYB,HWY,BCS,8,GER,BCF,SRG,0.8
SP000248,SP004157,MYB,HWY,BMO,5,WRU,DNM,GER,0.5
SP000248,SP004185,MYB,HWY,BAN,6,DNM,DGC,GER,0.6
SP000248,SP004191,MYB,HWY,SBJ,5,WRU,DNM,GER,0.5
SP000248,SP004257,MYB,HWY,BMO,5,WRU,DNM,GER,0.5
SP000248,SP004445,MYB,HWY,BAN,5,WRU,DNM,GER,0.5
SP000248,SP004479,MYB,HWY,PRR,5,WRU,DNM,GER,0.556
SP000248,SP004626,MYB,HWY,OXF,6,DNM,DGC,GER,0.6
SP000248,SP004639,MYB,HWY,BAN,6,DNM,DGC,GER,0.6
SP000248,SP004641,MYB,HWY,BSW,5,WRU,DNM,GER,0.5
SP000249,SP000251,MIA,WDM,CKL,12,XOA,OXN,CNF,0.706
SP000249,SP001670,MIA,WDM,WDM,6,DGT,ECC,SLD,0.353
SP000251,SP001670,MIA,CKL,WDM,6,DGT,ECC,SLD,0.3
SP000260,SP000904,IMW,SRA,WJH,6,WJH,XKG,,1.0
SP000260,SP001827,IMW,SRA,WFJ,5,XMB,WJH,XWI,0.5
SP000262,SP000502,EDB,BHG,HLC,6,BHG,,DRU,1.0
SP000262,SP000559,EDB,BHG,HLC,6,BHG,,ARM,1.0
SP000262,SP001993,EDB,BHG,HLC,6,BHG,,ARM,1.0
SP000262,SP003776,EDB,BHG,HLC,6,BHG,,DRU,1.0
SP000262,SP003779,EDB,BHG,HLC,6,BHG,,ARM,1.0
SP000262,SP003792,EDB,BHG,HLC,6,BHG,,ARM,1.0
SP000262,SP003796,EDB,BHG,GRS,6,BHG,,ARM,1.0
SP000262,SP003893,EDB,BHG,MLN,6,BHG,,ARM,1.0
SP000262,SP003897,EDB,BHG,GRS,6,BHG,,ARM,1.0
SP000262,SP003902,EDB,BHG,MLN,6,BHG,,ARM,1.0
SP000262,SP004316,EDB,BHG,ADR,6,BHG,,ARM,1.0
SP000263,SP004436,NBW,EDB,HYM,7,EDB,,HYM,1.0
SP000264,SP003653,EDB,NBW,DUN,6,DRM,NBW,ELT,0.857
SP000266,SP000392,EUS,WVH,LIV,13,RUG,COV,NUN,0.542
SP000266,SP000398,EUS,WVH,MAN,13,RUG,COV,NUN,0.542
SP000266,SP000401,EUS,WVH,BHM,19,BHM,XOS,,1.0
SP000266,SP000533,EUS,WVH,BHM,8,XOD,BLY,LBZ,0.333
SP000266,SP000868,EUS,WVH,LIV,13,RUG,COV,NUN,0.542
SP000266,SP000882,EUS,WVH,WVH,21,XGJ,SAD,DDP,0.913
SP000266,SP000885,EUS,WVH,CRE,20,XOS,XGJ,XRA,0.833
SP000266,SP000892,EUS,WVH,GLC,24,WVH,,XBJ,1.0
SP000266,SP001313,EUS,WVH,HHD,13,RUG,COV,NUN,0.542
SP000266,SP001327,EUS,WVH,TRI,5,WFJ,XOE,APS,0.5
SP000266,SP001329,EUS,WVH,TRI,5,WFJ,XOE,KGL,0.5
SP000266,SP001343,EUS,WVH,NMP,11,XHN,XWZ,NMP,0.917
SP000266,SP001346,EUS,WVH,CRE,13,RUG,COV,NUN,0.565
SP000266,SP001451,EUS,WVH,BLY,5,WFJ,XOE,HML,0.417
SP000266,SP001454,EUS,WVH,BLY,5,WFJ,XOE,APS,0.385
SP000266,SP001807,EUS,WVH,GLC,13,RUG,COV,NUN,0.542
SP000266,SP002179,EUS,WVH,GLC,10,MKC,XHN,WOL,0.417
SP000266,SP002202,EUS,WVH,WSL,8,XOD,BLY,LBZ,0.333
SP000266,SP002261,EUS,WVH,NMP,5,WFJ,XOE,KGL,0.294
SP000266,SP002647,EUS,WVH,MKC,5,WFJ,XOE,KGL,0.333
SP000266,SP002655,EUS,WVH,SAA,5,WFJ,XOE,WFN,0.455
SP000266,SP002872,EUS,WVH,CTR,13,RUG,COV,NUN,0.65
SP000266,SP003031,EUS,WVH,MAN,13,RUG,COV,NUN,0.542
SP000266,SP003036,EUS,WVH,BHM,8,XOD,BLY,LBZ,0.333
SP000266,SP003114,EUS,WVH,LIV,21,XGJ,SAD,DDP,0.875
SP000266,SP003191,EUS,WVH,BPN,13,RUG,COV,NUN,0.542
SP000266,SP003207,EUS,WVH,LIV,13,RUG,COV,NUN,0.542
SP000266,SP003300,EUS,WVH,WRX,13,RUG,COV,NUN,0.619
SP000266,SP003360,EUS,WVH,EDB,24,WVH,,XBJ,1.0
SP000266,SP003475,EUS,WVH,WVH,11,XHN,XWZ,NMP,0.458
SP000266,SP003568,EUS,WVH,WVH,10,MKC,XHN,WOL,0.417
SP000266,SP003958,EUS,WVH,INV,17,SCF,XOZ,AST,0.708
SP000266,SP004012,EUS,WVH,GLC,11,XHN,XWZ,NMP,0.458
SP000266,SP004017,EUS,WVH,PRE,13,RUG,COV,NUN,0.542
SP000266,SP004025,EUS,WVH,PRE,13,RUG,COV,NUN,0.542
SP000266,SP004034,EUS,WVH,CRE,24,WVH,,XBJ,1.0
SP000266,SP004036,EUS,WVH,GLC,10,MKC,XHN,WOL,0.417
SP000266,SP004111,EUS,WVH,GLC,10,MKC,XHN,WOL,0.417
SP000266,SP004131,EUS,WVH,BHM,5,WFJ,XOE,KGL,0.208
SP000266,SP004188,EUS,WVH,CRE,13,RUG,COV,NUN,0.619
SP000266,SP004207,EUS,WVH,CRE,24,WVH,,XBJ,1.0
SP000266,SP004232,EUS,WVH,INV,10,MKC,XHN,WOL,0.417
SP000266,SP004384,EUS,WVH,WVH,20,XOS,XGJ,XRA,0.833
SP000266,SP004399,EUS,WVH,GLC,13,RUG,COV,NUN,0.542
SP000266,SP004433,EUS,WVH,NMP,8,XOD,BLY,LBZ,0.571
SP000266,SP004516,EUS,WVH,GLC,13,RUG,COV,NUN,0.542
SP000266,SP004529,EUS,WVH,BHM,5,WFJ,XOE,KGL,0.208
SP000267,SP000268,EDB,GLC,GLC,10,ADW,FLD,BRC,0.476
SP000267,SP001952,EDB,GLC,GLC,7,KKN,LVG,CRS,0.538
SP000267,SP002087,EDB,GLC,MTH,7,KKN,LVG,CRS,0.583
SP000267,SP004448,EDB,GLC,GLC,10,ADW,FLD,BRC,0.476
SP000268,SP001952,EDB,GLC,GLC,7,KKN,LVG,CRS,0.538
SP000268,SP002087,EDB,GLC,MTH,7,KKN,LVG,CRS,0.583
SP000268,SP004448,EDB,GLC,GLC,20,UDD,GLC,CBL,0.952
SP000269,SP004454,GLC,EDB,EDB,10,FLD,BRC,ADW,0.556
SP000271,SP003581,CDF,FGH,MFH,16,CLR,FGW,HVF,0.889
SP000272,SP001468,BHM,SSD,LEI,10,LEI,MMO,,1.0
SP000272,SP001470,BHM,SSD,LEI,9,NBR,LEI,SWS,0.818
SP000272,SP001477,BHM,SSD,SSD,8,HNK,NBR,LEI,0.308
SP000272,SP001485,BHM,SSD,SSD,9,NBR,LEI,SWS,0.333
SP000272,SP001508,BHM,SSD,CBG,23,CBG,CMS,,1.0
SP000272,SP001520,BHM,SSD,CBG,8,HNK,NBR,LEI,0.364
SP000272,SP004104,BHM,SSD,LEI,8,HNK,NBR,SWS,0.8
SP000273,SP000760,GLM,DFD,LUT,13,DFD,,XRT,1.0
SP000273,SP000784,GLM,DFD,CST,13,DFD,,XRT,1.0
SP000273,SP001141,GLM,DFD,TON,5,SOO,HGM,CUX,0.385
SP000273,SP001144,GLM,DFD,PDW,5,SOO,HGM,CUX,0.385
SP000273,SP001661,GLM,DFD,LUT,13,DFD,,XRT,1.0
SP000274,SP000494,HUL,LDS,YRK,5,SBY,MIK,SIE,0.625
SP000274,SP000694,HUL,LDS,MAN,8,LDS,,MLY,1.0
SP000274,SP000697,HUL,LDS,MAN,5,SBY,MIK,SOM,0.625
SP000274,SP000702,HUL,LDS,MAN,8,LDS,,MLY,1.0
SP000274,SP001593,HUL,LDS,KGX,5,SBY,MIK,DON,0.625
SP000274,SP002302,HUL,LDS,LDS,6,MIK,CRG,GRF,0.75
SP000274,SP002641,HUL,LDS,SBY,5,SBY,MIK,,1.0
SP000274,SP003869,HUL,LDS,MAN,5,SBY,MIK,CFD,0.625
SP000274,SP003980,HUL,LDS,HFX,5,SBY,MIK,SOM,0.625
SP000274,SP004117,HUL,LDS,LDS,5,SBY,MIK,SOM,0.625
SP000274,SP004465,HUL,LDS,HFX,5,SBY,MIK,SOM,0.625
SP000276,SP002689,WMS,GLC,GLC,6,PTG,BPT,WDL,0.667
SP000276,SP004329,WMS,GLC,GLC,8,PYG,GLC,HLW,0.889
SP000279,SP003964,RCD,LDS,LDS,7,HFX,LMR,BDI,0.778
SP000282,SP000294,SKG,NOT,NOT,6,HBB,SWE,HEC,0.375
SP000283,SP000285,SKG,NOT,NOT,9,GRA,ALK,BTF,0.692
SP000283,SP000296,SKG,NOT,NOT,12,RDF,NOT,NET,0.923
SP000283,SP000303,SKG,NOT,NOT,8,ANC,GRA,ALK,0.667
SP000285,SP000296,SKG,NOT,NOT,9,GRA,BTF,ALK,0.643
SP000285,SP000303,SKG,NOT,NOT,8,ANC,GRA,ALK,0.667
SP000286,SP000639,BAL,EBN,PMH,8,TBD,HHE,CRW,0.444
SP000286,SP000945,BAL,EBN,BOG,6,ELD,GTW,SAF,0.333
SP000286,SP000971,BAL,EBN,BOG,9,HHE,WVF,XKM,0.5
SP000286,SP001001,BAL,EBN,PMH,8,TBD,HHE,CRW,0.444
SP000286,SP001002,BAL,EBN,PMH,8,TBD,HHE,CRW,0.444
SP000286,SP001005,BAL,EBN,PMS,8,TBD,HHE,CRW,0.444
SP000286,SP001015,BAL,EBN,CCH,8,TBD,HHE,CRW,0.471
SP000286,SP001077,BAL,EBN,EBN,11,XKM,CBR,PMP,0.611
SP000286,SP001083,BAL,EBN,EBN,14,XRH,PLG,GLY,0.778
SP000286,SP001092,BAL,EBN,EBN,14,XRH,PLG,BRK,0.778
SP000286,SP001239,BAL,EBN,LIT,9,HHE,WVF,XKM,0.5
SP000286,SP001241,BAL,EBN,LIT,6,ELD,GTW,HOR,0.333
SP000286,SP001255,BAL,EBN,LIT,9,HHE,WVF,XKM,0.5
SP000286,SP001291,BAL,EBN,BTN,9,HHE,WVF,XKM,0.643
SP000286,SP001295,BAL,EBN,BTN,9,HHE,WVF,XKM,0.692
SP000286,SP002276,BAL,EBN,HGS,11,XKM,CBR,PMP,0.611
SP000286,SP002965,BAL,EBN,PMH,8,TBD,HHE,CRW,0.444
SP000286,SP002980,BAL,EBN,PMS,8,TBD,HHE,CRW,0.444
SP000286,SP002983,BAL,EBN,PMH,8,TBD,HHE,CRW,0.444
SP000286,SP002986,BAL,EBN,PMS,8,TBD,HHE,CRW,0.444
SP000286,SP002991,BAL,EBN,ORE,11,XKM,CBR,PMP,0.611
SP000286,SP002992,BAL,EBN,ORE,11,XKM,CBR,PMP,0.611
SP000286,SP002995,BAL,EBN,ORE,11,XKM,CBR,PMP,0.611
SP000286,SP003006,BAL,EBN,ORE,11,XKM,CBR,PMP,0.611
SP000286,SP003014,BAL,EBN,HGS,11,XKM,CBR,PMP,0.611
SP000286,SP003026,BAL,EBN,LIT,9,HHE,WVF,XKM,0.5
SP000286,SP003130,BAL,EBN,WRH,9,HHE,WVF,XKM,0.5
SP000286,SP003179,BAL,EBN,TBD,5,XJS,ELD,CDS,0.417
SP000286,SP003294,BAL,EBN,HRH,8,TBD,HHE,CRW,0.727
SP000286,SP003298,BAL,EBN,CCH,8,TBD,HHE,CRW,0.444
SP000286,SP003675,BAL,EBN,WRH,9,HHE,WVF,XKM,0.5
SP000286,SP003677,BAL,EBN,WRH,11,XKM,CBR,BUG,0.611
SP000286,SP003756,BAL,EBN,BTN,5,XJS,ELD,RDH,0.333
SP000286,SP004020,BAL,EBN,GTW,7,GTW,TBD,,1.0
SP000286,SP004086,BAL,EBN,WRH,6,ELD,GTW,SAF,0.333
SP000290,SP002233,LWT,CBG,NRW,9,NRW,WMD,,1.0
SP000290,SP003696,LWT,CBG,NRW,6,CNY,BDA,BUC,0.6
SP000293,SP000299,BPN,LIV,LIV,8,WGN,SNH,GSW,0.615
SP000293,SP000301,BPN,LIV,LIV,11,ROB,EDG,BGE,0.846
SP000293,SP000740,BPN,LIV,MIA,6,XOU,EBA,BSV,0.462
SP000293,SP000759,BPN,LIV,MIA,6,XOU,EBA,BSV,0.462
SP000293,SP003670,BPN,LIV,LIV,8,WGN,SNH,BYN,0.615
SP000293,SP004097,BPN,LIV,MAN,6,XOU,EBA,WGN,0.545
SP000293,SP004229,BPN,LIV,LIV,8,WGN,SNH,BYN,0.615
SP000293,SP004426,BPN,LIV,LIV,11,ROB,EDG,BGE,0.846
SP000293,SP004526,BPN,LIV,MAN,6,XOU,EBA,CRL,0.462
SP000295,SP001251,NRW,LST,LST,11,SNF,GDP,BRE,0.647
SP000296,SP000303,SKG,NOT,NOT,8,ANC,GRA,ALK,0.667
SP000297,SP000311,MYB,HWY,AYS,10,HWY,,SDR,1.0
SP000297,SP001640,MYB,HWY,GER,6,WRU,DNM,GER,0.857
SP000297,SP002792,MYB,HWY,HWY,8,GER,BCF,SRG,0.8
SP000297,SP003190,MYB,HWY,AYS,8,GER,BCF,SRG,0.8
SP000297,SP003410,MYB,HWY,OXF,10,HWY,,SDR,1.0
SP000297,SP004159,MYB,HWY,AYS,7,DNM,GER,DGC,0.7
SP000297,SP004182,MYB,HWY,AYS,8,GER,BCF,HWY,0.8
SP000297,SP004233,MYB,HWY,WRU,6,WRU,DNM,,1.0
SP000297,SP004563,MYB,HWY,OXF,8,GER,BCF,HWY,0.8
SP000297,SP004635,MYB,HWY,BMO,6,WRU,DNM,GER,0.6
SP000297,SP004637,MYB,HWY,AYS,10,HWY,,SDR,1.0
SP000298,SP000305,MYB,PRR,GER,7,GER,HWY,,1.0
SP000298,SP000313,MYB,PRR,OXF,7,GER,HWY,BCF,0.7
SP000298,SP000328,MYB,PRR,BMO,5,WRU,DNM,GER,0.5
SP000298,SP000552,MYB,PRR,BSW,5,WRU,DNM,GER,0.5
SP000298,SP001643,MYB,PRR,HWY,6,DNM,GER,DGC,0.6
SP000298,SP002429,MYB,PRR,AYS,6,DNM,GER,DGC,0.6
SP000298,SP002777,MYB,PRR,OXF,5,WRU,DNM,GER,0.5
SP000298,SP002783,MYB,PRR,OXF,5,WRU,DNM,GER,0.5
SP000298,SP003198,MYB,PRR,BAN,5,WRU,DNM,GER,0.5
SP000298,SP003867,MYB,PRR,OXF,5,WRU,DNM,GER,0.5
SP000298,SP004114,MYB,PRR,BCS,6,DNM,GER,DGC,0.6
SP000298,SP004157,MYB,PRR,BMO,5,WRU,DNM,GER,0.5
SP000298,SP004185,MYB,PRR,BAN,10,PRR,,HDM,1.0
SP000298,SP004191,MYB,PRR,SBJ,5,WRU,DNM,GER,0.5
SP000298,SP004257,MYB,PRR,BMO,5,WRU,DNM,GER,0.5
SP000298,SP004445,MYB,PRR,BAN,5,WRU,DNM,GER,0.5
SP000298,SP004479,MYB,PRR,PRR,5,WRU,DNM,GER,0.556
SP000298,SP004626,MYB,PRR,OXF,7,GER,HWY,BCF,0.7
SP000298,SP004639,MYB,PRR,BAN,7,GER,HWY,BCF,0.7
SP000298,SP004641,MYB,PRR,BSW,5,WRU,DNM,GER,0.5
SP000299,SP000301,BPN,LIV,LIV,8,WGN,GSW,SNH,0.571
SP000299,SP000740,BPN,LIV,MIA,6,XOU,EBA,BSV,0.375
SP000299,SP000759,BPN,LIV,MIA,6,XOU,EBA,BSV,0.375
SP000299,SP003670,BPN,LIV,LIV,8,WGN,GSW,BYN,0.5
SP000299,SP004097,BPN,LIV,MAN,6,XOU,EBA,WGN,0.545
SP000299,SP004229,BPN,LIV,LIV,8,WGN,GSW,BYN,0.5
SP000299,SP004426,BPN,LIV,LIV,8,WGN,GSW,SNH,0.533
SP000299,SP004526,BPN,LIV,MAN,6,XOU,EBA,CRL,0.462
SP000301,SP000740,BPN,LIV,MIA,6,XOU,EBA,BSV,0.429
SP000301,SP000759,BPN,LIV,MIA,6,XOU,EBA,BSV,0.429
SP000301,SP003670,BPN,LIV,LIV,8,WGN,SNH,BYN,0.571
SP000301,SP004097,BPN,LIV,MAN,6,XOU,EBA,WGN,0.545
SP000301,SP004229,BPN,LIV,LIV,8,WGN,SNH,BYN,0.571
SP000301,SP004426,BPN,LIV,LIV,12,BGE,EDG,WAV,0.857
SP000301,SP004526,BPN,LIV,MAN,6,XOU,EBA,CRL,0.462
SP000305,SP000313,MYB,GER,OXF,7,GER,,BCF,1.0
SP000305,SP000328,MYB,GER,BMO,5,WRU,DNM,GER,0.714
SP000305,SP000552,MYB,GER,BSW,5,WRU,DNM,GER,0.714
SP000305,SP001643,MYB,GER,HWY,6,DNM,GER,DGC,0.857
SP000305,SP002429,MYB,GER,AYS,6,DNM,GER,DGC,0.857
SP000305,SP002777,MYB,GER,OXF,5,WRU,DNM,GER,0.714
SP000305,SP002783,MYB,GER,OXF,5,WRU,DNM,GER,0.714
SP000305,SP003198,MYB,GER,BAN,5,WRU,DNM,GER,0.714
SP000305,SP003867,MYB,GER,OXF,5,WRU,DNM,GER,0.714
SP000305,SP004114,MYB,GER,BCS,6,DNM,GER,DGC,0.857
SP000305,SP004157,MYB,GER,BMO,5,WRU,DNM,GER,0.714
SP000305,SP004185,MYB,GER,BAN,7,GER,,HWY,1.0
SP000305,SP004191,MYB,GER,SBJ,5,WRU,DNM,GER,0.714
SP000305,SP004257,MYB,GER,BMO,5,WRU,DNM,GER,0.714
SP000305,SP004445,MYB,GER,BAN,5,WRU,DNM,GER,0.714
SP000305,SP004479,MYB,GER,PRR,5,WRU,DNM,GER,0.714
SP000305,SP004626,MYB,GER,OXF,7,GER,,BCF,1.0
SP000305,SP004639,MYB,GER,BAN,7,GER,,BCF,1.0
SP000305,SP004641,MYB,GER,BSW,5,WRU,DNM,GER,0.714
SP000307,SP000723,HYS,CHX,CHX,9,LAD,XPY,LEW,0.692
SP000307,SP002963,HYS,CHX,LEW,9,LAD,XPY,LEW,0.9
SP000307,SP003236,HYS,CHX,NWX,9,LAD,XPY,LEW,0.75
SP000309,SP002550,LEI,NOT,NOT,8,XTR,ATB,BEE,0.8
SP000309,SP002558,LEI,NOT,LCN,11,NOT,,CTO,1.0
SP000311,SP001640,MYB,AYS,GER,6,WRU,DNM,GER,0.857
SP000311,SP002792,MYB,AYS,HWY,8,GER,BCF,SRG,0.727
SP000311,SP003190,MYB,AYS,AYS,8,GER,BCF,SRG,0.571
SP000311,SP003410,MYB,AYS,OXF,12,PRR,LTK,HDM,0.857
SP000311,SP004159,MYB,AYS,AYS,7,DNM,GER,DGC,0.5
SP000311,SP004182,MYB,AYS,AYS,8,GER,BCF,HWY,0.571
SP000311,SP004233,MYB,AYS,WRU,6,WRU,DNM,,1.0
SP000311,SP004563,MYB,AYS,OXF,8,GER,BCF,HWY,0.571
SP000311,SP004635,MYB,AYS,BMO,6,WRU,DNM,GER,0.429
SP000311,SP004637,MYB,AYS,AYS,12,PRR,LTK,MRS,0.857
SP000312,SP002465,NOT,LEI,STP,7,LBO,BWS,LEI,0.636
SP000313,SP000328,MYB,OXF,BMO,5,WRU,DNM,GER,0.294
SP000313,SP000552,MYB,OXF,BSW,5,WRU,DNM,GER,0.294
SP000313,SP001643,MYB,OXF,HWY,6,DNM,GER,DGC,0.545
SP000313,SP002429,MYB,OXF,AYS,6,DNM,GER,DGC,0.4
SP000313,SP002777,MYB,OXF,OXF,5,WRU,DNM,GER,0.294
SP000313,SP002783,MYB,OXF,OXF,5,WRU,DNM,GER,0.294
SP000313,SP003198,MYB,OXF,BAN,5,WRU,DNM,GER,0.312
SP000313,SP003867,MYB,OXF,OXF,5,WRU,DNM,GER,0.312
SP000313,SP004114,MYB,OXF,BCS,6,DNM,GER,DGC,0.375
SP000313,SP004157,MYB,OXF,BMO,5,WRU,DNM,GER,0.294
SP000313,SP004185,MYB,OXF,BAN,7,GER,BCF,HWY,0.467
SP000313,SP004191,MYB,OXF,SBJ,5,WRU,DNM,GER,0.294
SP000313,SP004257,MYB,OXF,BMO,5,WRU,DNM,GER,0.294
SP000313,SP004445,MYB,OXF,BAN,5,WRU,DNM,GER,0.294
SP000313,SP004479,MYB,OXF,PRR,5,WRU,DNM,GER,0.556
SP000313,SP004626,MYB,OXF,OXF,15,BIT,OXP,ISP,0.882
SP000313,SP004639,MYB,OXF,BAN,17,OXF,,HYD,1.0
SP000313,SP004641,MYB,OXF,BSW,5,WRU,DNM,GER,0.294
SP000315,SP000573,PBO,KGX,HRH,12,HAT,BPK,PBR,0.522
SP000315,SP000575,PBO,KGX,HRH,15,HDW,NBA,OKL,0.652
SP000315,SP001121,PBO,KGX,KGX,5,BIW,ARL,HIT,0.357
SP000315,SP001499,PBO,KGX,HRH,8,SVG,KBW,XGN,0.348
SP000315,SP001501,PBO,KGX,HRH,8,SVG,KBW,XGN,0.348
SP000315,SP001504,PBO,KGX,HRH,11,WGC,HAT,PBR,0.478
SP000315,SP002023,PBO,KGX,HRH,8,SVG,KBW,XGN,0.348
SP000315,SP002028,PBO,KGX,HRH,11,WGC,HAT,PBR,0.478
SP000315,SP002033,PBO,KGX,HRH,11,WGC,HAT,PBR,0.478
SP000315,SP003303,PBO,KGX,KGX,8,SVG,KBW,HFN,0.421
SP000315,SP003549,PBO,KGX,KGX,8,SVG,KBW,HFN,0.533
SP000315,SP003599,PBO,KGX,KGX,8,SVG,KBW,HFN,0.5
SP000315,SP003991,PBO,KGX,HRH,8,SVG,KBW,XGN,0.348
SP000315,SP003992,PBO,KGX,HRH,8,SVG,KBW,XGN,0.348
SP000315,SP003994,PBO,KGX,KGX,8,SVG,KBW,XGN,0.533
SP000315,SP003996,PBO,KGX,KGX,8,SVG,KBW,XGN,0.471
SP000315,SP004155,PBO,KGX,HRH,8,SVG,KBW,XGN,0.348
SP000315,SP004339,PBO,KGX,HRH,8,SVG,KBW,XGN,0.348
SP000315,SP004341,PBO,KGX,HRH,8,SVG,KBW,XGN,0.348
SP000316,SP000320,NOT,SKG,SKG,10,HEC,HBB,SWE,0.714
SP000316,SP000330,NOT,SKG,BSN,12,BSN,WFL,,1.0
SP000316,SP001763,NOT,SKG,SKG,5,BTF,GRA,ANC,0.357
SP000316,SP003161,NOT,SKG,PBO,6,GRA,ANC,PBO,0.857
SP000318,SP001209,NOT,SKG,GRA,5,GRA,ANC,,1.0
SP000318,SP001352,NOT,SKG,NRW,5,GRA,ANC,PBO,0.385
SP000319,SP000718,AFK,XVJ,CHX,7,MDE,BMG,WMA,0.35
SP000319,SP000783,AFK,XVJ,XVJ,11,BRG,KMS,XOT,0.458
SP000319,SP000787,AFK,XVJ,XVJ,20,SRT,RVB,BKJ,0.8
SP000319,SP000791,AFK,XVJ,XVJ,11,BRG,KMS,XOT,0.478
SP000319,SP004605,AFK,XVJ,CHX,14,OTF,SAY,SEH,0.56
SP000319,SP004613,AFK,XVJ,XVJ,14,OTF,SAY,SEH,0.56
SP000320,SP000330,NOT,SKG,BSN,10,HEC,SWE,HBB,0.833
SP000320,SP001763,NOT,SKG,SKG,5,BTF,GRA,ANC,0.333
SP000320,SP003161,NOT,SKG,PBO,6,GRA,ANC,PBO,0.857
SP000321,SP000323,NOT,SKG,SKG,5,ALK,BTF,ELO,0.312
SP000321,SP000327,NOT,SKG,SKG,13,BSN,TPC,WFL,0.867
SP000321,SP000329,NOT,SKG,BSN,13,BSN,TPC,,1.0
SP000321,SP001108,NOT,SKG,SKG,5,ALK,BTF,ANC,0.357
SP000321,SP001109,NOT,SKG,SKG,5,ALK,BTF,ELO,0.294
SP000321,SP001118,NOT,SKG,SKG,11,HEC,HBB,SWE,0.688
SP000321,SP002466,NOT,SKG,PBO,5,ALK,BTF,ELO,0.556
SP000323,SP000327,NOT,SKG,SKG,5,ALK,ELO,BTF,0.333
SP000323,SP000329,NOT,SKG,BSN,5,ALK,ELO,BTF,0.385
SP000323,SP001108,NOT,SKG,SKG,5,ALK,ELO,ANC,0.357
SP000323,SP001109,NOT,SKG,SKG,7,BTF,GRA,ANC,0.438
SP000323,SP001118,NOT,SKG,SKG,5,ALK,ELO,BTF,0.312
SP000323,SP002466,NOT,SKG,PBO,8,GRA,ANC,PBO,0.889
SP000324,SP000438,ZEL,SBP,KNT,6,SBP,,NWB,1.0
SP000326,SP000364,PAD,DID,WOF,6,RDG,TLH,GOR,0.6
SP000326,SP000462,PAD,DID,OXF,6,RDG,TLH,GOR,0.75
SP000326,SP000581,PAD,DID,BRI,6,RDG,TLH,GOR,0.6
SP000326,SP000651,PAD,DID,PLY,6,RDG,TLH,THE,0.6
SP000326,SP000801,PAD,DID,PLY,6,RDG,TLH,THE,0.6
SP000326,SP000835,PAD,DID,WSM,6,RDG,TLH,GOR,0.6
SP000326,SP000840,PAD,DID,PNZ,6,RDG,TLH,GOR,0.6
SP000326,SP000848,PAD,DID,WOS,6,RDG,TLH,GOR,0.6
SP000326,SP000858,PAD,DID,OXF,6,RDG,TLH,GOR,0.667
SP000326,SP000862,PAD,DID,CNM,6,RDG,TLH,GOR,0.6
SP000326,SP001654,PAD,DID,NBY,6,RDG,TLH,THE,0.6
SP000326,SP001823,PAD,DID,SWA,6,RDG,TLH,GOR,0.6
SP000326,SP001838,PAD,DID,SWA,6,RDG,TLH,GOR,0.6
SP000326,SP001939,PAD,DID,RDG,6,RDG,TLH,,1.0
SP000326,SP002174,PAD,DID,WSM,6,RDG,TLH,GOR,0.6
SP000326,SP002183,PAD,DID,WSM,6,RDG,TLH,GOR,0.6
SP000326,SP002209,PAD,DID,EXD,6,RDG,TLH,THE,0.6
SP000326,SP002216,PAD,DID,NQY,6,RDG,TLH,THE,0.6
SP000326,SP002711,PAD,DID,BDW,6,RDG,TLH,THE,0.6
SP000326,SP003385,PAD,DID,PGN,6,RDG,TLH,THE,0.6
SP000326,SP003417,PAD,DID,CDF,6,RDG,TLH,GOR,0.6
SP000326,SP003420,PAD,DID,WOS,6,RDG,TLH,GOR,0.6
SP000326,SP003428,PAD,DID,WSB,6,RDG,TLH,THE,0.6
SP000326,SP003429,PAD,DID,CMN,6,RDG,TLH,GOR,0.6
SP000326,SP003434,PAD,DID,SWA,6,RDG,TLH,GOR,0.6
SP000326,SP003440,PAD,DID,SWA,6,RDG,TLH,GOR,0.6
SP000326,SP003448,PAD,DID,TAU,6,RDG,TLH,GOR,0.6
SP000326,SP003480,PAD,DID,PNZ,6,RDG,TLH,THE,0.6
SP000326,SP003666,PAD,DID,TAU,6,RDG,TLH,GOR,0.6
SP000326,SP003788,PAD,DID,SWA,6,RDG,TLH,GOR,0.6
SP000326,SP004186,PAD,DID,FRO,6,RDG,TLH,THE,0.6
SP000326,SP004248,PAD,DID,WPH,6,RDG,TLH,GOR,0.6
SP000326,SP004338,PAD,DID,BPW,6,RDG,TLH,GOR,0.6
SP000326,SP004416,PAD,DID,BDW,6,RDG,TLH,RDW,0.6
SP000326,SP004476,PAD,DID,BAN,6,RDG,TLH,GOR,0.6
SP000326,SP004599,PAD,DID,WOS,6,RDG,TLH,GOR,0.6
SP000327,SP000329,NOT,SKG,BSN,13,BSN,WFL,,1.0
SP000327,SP001108,NOT,SKG,SKG,5,ALK,BTF,ANC,0.357
SP000327,SP001109,NOT,SKG,SKG,5,ALK,BTF,ELO,0.333
SP000327,SP001118,NOT,SKG,SKG,11,HEC,HBB,SWE,0.733
SP000327,SP002466,NOT,SKG,PBO,5,ALK,BTF,ELO,0.556
SP000328,SP000552,MYB,BMO,BSW,13,XAN,BAN,KGS,0.565
SP000328,SP001643,MYB,BMO,HWY,5,WRU,GER,DNM,0.455
SP000328,SP002429,MYB,BMO,AYS,5,WRU,GER,DNM,0.333
SP000328,SP002777,MYB,BMO,OXF,6,GER,HWY,SRG,0.333
SP000328,SP002783,MYB,BMO,OXF,6,GER,HWY,BCF,0.353
SP000328,SP003198,MYB,BMO,BAN,6,GER,HWY,BCF,0.375
SP000328,SP003867,MYB,BMO,OXF,11,XJV,BCS,XGY,0.688
SP000328,SP004114,MYB,BMO,BCS,5,WRU,GER,DNM,0.312
SP000328,SP004157,MYB,BMO,BMO,13,XAN,BAN,KGS,0.565
SP000328,SP004185,MYB,BMO,BAN,5,WRU,GER,DNM,0.333
SP000328,SP004191,MYB,BMO,SBJ,13,XAN,BAN,KGS,0.565
SP000328,SP004257,MYB,BMO,BMO,6,GER,HWY,BCF,0.261
SP000328,SP004445,MYB,BMO,BAN,6,GER,HWY,BCF,0.316
SP000328,SP004479,MYB,BMO,PRR,9,PRR,HDM,,1.0
SP000328,SP004626,MYB,BMO,OXF,5,WRU,GER,DNM,0.278
SP000328,SP004639,MYB,BMO,BAN,5,WRU,GER,DNM,0.25
SP000328,SP004641,MYB,BMO,BSW,6,GER,HWY,BCF,0.261
SP000329,SP001108,NOT,BSN,SKG,5,ALK,BTF,ANC,0.385
SP000329,SP001109,NOT,BSN,SKG,5,ALK,BTF,ELO,0.385
SP000329,SP001118,NOT,BSN,SKG,11,HEC,HBB,SWE,0.846
SP000329,SP002466,NOT,BSN,PBO,5,ALK,BTF,ELO,0.556
SP000330,SP001763,NOT,BSN,SKG,5,BTF,GRA,ANC,0.417
SP000330,SP003161,NOT,BSN,PBO,6,GRA,ANC,PBO,0.857
SP000333,SP000666,SHF,HUL,SCA,5,DON,SBY,KKS,0.5
SP000333,SP000688,SHF,HUL,SCA,5,DON,SBY,KKS,0.5
SP000333,SP000696,SHF,HUL,BDT,5,DON,SBY,KKS,0.5
SP000333,SP000701,SHF,HUL,HUL,5,DON,SBY,KKS,0.5
SP000333,SP000705,SHF,HUL,HUL,5,DON,SBY,KKS,0.5
SP000333,SP002726,SHF,HUL,SCA,5,DON,SBY,KKS,0.5
SP000333,SP003313,SHF,HUL,SCA,5,DON,SBY,KKS,0.5
SP000334,SP003024,ORP,CHX,CHX,8,XPY,NWX,LEW,0.727
SP000334,SP003107,ORP,CHX,CST,8,XPY,NWX,LEW,0.727
SP000337,SP000349,CHX,TBW,TBW,9,ORP,SEV,CLD,0.643
SP000337,SP000413,CHX,TBW,GRV,5,HGR,GRP,LEE,0.357
SP000337,SP000477,CHX,TBW,GLM,5,HGR,GRP,LEE,0.357
SP000337,SP000659,CHX,TBW,ORP,9,ORP,SEV,,1.0
SP000337,SP000668,CHX,TBW,AFK,7,CIT,XPE,XMU,0.5
SP000337,SP000670,CHX,TBW,MDE,7,CIT,XPE,XMU,0.5
SP000337,SP001044,CHX,TBW,RAM,10,SEV,HLB,TON,0.714
SP000337,SP001137,CHX,TBW,SEV,6,GRP,CIT,ESD,0.429
SP000337,SP001138,CHX,TBW,ORP,6,GRP,CIT,ESD,0.545
SP000337,SP001883,CHX,TBW,HGS,10,SEV,HLB,TON,0.714
SP000337,SP001892,CHX,TBW,DVP,10,SEV,HLB,TON,0.714
SP000337,SP002537,CHX,TBW,TBW,5,HGR,GRP,CFB,0.357
SP000337,SP002807,CHX,TBW,DVP,10,SEV,HLB,TON,0.714
SP000337,SP002976,CHX,TBW,CBW,10,SEV,HLB,TON,0.714
SP000337,SP003387,CHX,TBW,DVP,10,SEV,HLB,TON,0.714
SP000337,SP003400,CHX,TBW,RAM,10,SEV,HLB,TON,0.714
SP000337,SP004546,CHX,TBW,HGS,10,SEV,HLB,TON,0.714
SP000337,SP004547,CHX,TBW,HGS,6,GRP,CIT,ESD,0.429
SP000337,SP004549,CHX,TBW,HGS,9,ORP,SEV,CLD,0.643
SP000337,SP004551,CHX,TBW,HGS,10,SEV,HLB,TON,0.714
SP000338,SP000386,RCD,LDS,LDS,6,HBD,SOW,HFX,0.545
SP000338,SP001000,RCD,LDS,LDS,8,HFX,LMR,BDI,0.667
SP000338,SP001733,RCD,LDS,LDS,6,HBD,SOW,MYT,0.462
SP000338,SP002945,RCD,LDS,LDS,6,HBD,SOW,HFX,0.5
SP000338,SP003695,RCD,LDS,LDS,6,HBD,SOW,MYT,0.545
SP000340,SP001337,RDG,GTW,GTW,16,SAF,HOR,GTW,0.941
SP000343,SP003560,EUS,WFH,WJL,6,WJL,HDN,,1.0
SP000345,SP001125,WSW,ORE,REI,11,XJS,RDH,CDS,0.733
SP000345,SP002195,WSW,ORE,EGR,8,SCY,PUO,SNR,0.471
SP000345,SP003595,WSW,ORE,GTW,11,XJS,RDH,ELD,0.733
SP000345,SP003822,WSW,ORE,TBD,11,XJS,RDH,CDS,0.579
SP000346,SP000378,LIT,BAL,WSW,7,WRH,LAC,EWR,0.292
SP000346,SP001115,LIT,BAL,BAL,18,GTW,ELD,HOR,0.75
SP000346,SP001298,LIT,BAL,HHE,16,HHE,TBD,,1.0
SP000346,SP001595,LIT,BAL,BTN,7,WRH,LAC,EWR,0.438
SP000346,SP002578,LIT,BAL,XSU,12,PRP,HSK,BUG,0.5
SP000346,SP003029,LIT,BAL,BAL,7,WRH,LAC,EWR,0.292
SP000348,SP003033,EPS,XSU,XSU,10,NWD,SYD,PNW,0.714
SP000349,SP000413,CHX,TBW,GRV,5,HGR,GRP,LEE,0.333
SP000349,SP000477,CHX,TBW,GLM,5,HGR,GRP,LEE,0.333
SP000349,SP000659,CHX,TBW,ORP,9,ORP,CLD,,1.0
SP000349,SP000668,CHX,TBW,AFK,7,CIT,XPE,XMU,0.467
SP000349,SP000670,CHX,TBW,MDE,7,CIT,XPE,XMU,0.5
SP000349,SP001044,CHX,TBW,RAM,9,ORP,CLD,SEV,0.6
SP000349,SP001137,CHX,TBW,SEV,6,GRP,CIT,ESD,0.4
SP000349,SP001138,CHX,TBW,ORP,6,GRP,CIT,ESD,0.545
SP000349,SP001883,CHX,TBW,HGS,9,ORP,CLD,SEV,0.6
SP000349,SP001892,CHX,TBW,DVP,9,ORP,CLD,SEV,0.6
SP000349,SP002537,CHX,TBW,TBW,5,HGR,GRP,CFB,0.333
SP000349,SP002807,CHX,TBW,DVP,9,ORP,CLD,SEV,0.6
SP000349,SP002976,CHX,TBW,CBW,9,ORP,CLD,SEV,0.6
SP000349,SP003387,CHX,TBW,DVP,9,ORP,CLD,SEV,0.6
SP000349,SP003400,CHX,TBW,RAM,9,ORP,CLD,SEV,0.6
SP000349,SP004546,CHX,TBW,HGS,9,ORP,CLD,SEV,0.6
SP000349,SP004547,CHX,TBW,HGS,6,GRP,CIT,ESD,0.4
SP000349,SP004549,CHX,TBW,HGS,11,SEV,HLB,TON,0.733
SP000349,SP004551,CHX,TBW,HGS,9,ORP,CLD,SEV,0.6
SP000350,SP003694,CAT,XSU,XSU,9,NWD,SYD,ANZ,0.692
SP000351,SP002096,BAK,SUO,SRS,7,SRS,XGU,,1.0
SP000351,SP002206,BAK,SUO,EPD,13,SUO,,BLM,1.0
SP000351,SP002444,BAK,SUO,ECR,7,SRS,XGU,ECR,0.875
SP000355,SP000553,SAV,WOF,LMS,5,CLV,LPW,HTN,0.625
SP000355,SP004162,SAV,WOF,MYB,5,CLV,LPW,HTN,0.192
SP000357,SP000946,BOG,BAL,WSW,11,LVN,CRW,FGT,0.55
SP000358,SP003687,BBN,RCD,RCD,6,LTL,RCD,SMB,0.857
SP000361,SP000444,SRA,KWG,IMW,20,WJH,ACC,XMB,0.833
SP000361,SP000909,SRA,KWG,WJL,19,XKG,WJH,WJL,0.95
SP000361,SP001619,SRA,KWG,CMD,10,CMD,KTW,,1.0
SP000361,SP001698,SRA,KWG,WJH,20,WJH,ACC,,1.0
SP000362,SP001026,XSU,OXT,UCK,9,OXT,,HUR,1.0
SP000362,SP001042,XSU,OXT,UCK,9,OXT,,HUR,1.0
SP000362,SP001734,XSU,OXT,EPS,5,NWD,ECR,XGU,0.556
SP000362,SP002173,XSU,OXT,HRH,6,ECR,SCY,PUR,0.667
SP000362,SP002256,XSU,OXT,TBD,6,ECR,SCY,PUR,0.667
SP000362,SP002498,XSU,OXT,EBN,6,ECR,SCY,PUR,0.667
SP000362,SP002506,XSU,OXT,LIT,6,ECR,SCY,PUR,0.667
SP000362,SP002516,XSU,OXT,BOG,6,ECR,SCY,PUR,0.667
SP000362,SP002725,XSU,OXT,EGR,9,OXT,,HUR,1.0
SP000362,SP002810,XSU,OXT,CAT,7,SCY,SNR,PUO,0.778
SP000362,SP003249,XSU,OXT,ECR,6,ECR,SCY,,1.0
SP000363,SP000376,TBW,CHX,CHX,5,SEV,ORP,CLD,0.357
SP000363,SP002915,TBW,CHX,CST,5,SEV,ORP,DNG,0.357
SP000363,SP003117,TBW,CHX,CHX,5,SEV,ORP,DNG,0.357
SP000363,SP003458,TBW,CHX,CST,5,SEV,ORP,CLD,0.357
SP000364,SP000462,PAD,WOF,OXF,8,OXF,HND,,1.0
SP000364,SP000581,PAD,WOF,BRI,7,GOR,OXF,DID,0.583
SP000364,SP000651,PAD,WOF,PLY,6,RDG,GOR,THE,0.316
SP000364,SP000801,PAD,WOF,PLY,6,RDG,GOR,THE,0.316
SP000364,SP000835,PAD,WOF,WSM,7,GOR,OXF,DID,0.412
SP000364,SP000840,PAD,WOF,PNZ,7,GOR,OXF,DID,0.368
SP000364,SP000848,PAD,WOF,WOS,11,AUW,KGM,SIP,0.579
SP000364,SP000858,PAD,WOF,OXF,7,GOR,OXF,DID,0.778
SP000364,SP000862,PAD,WOF,CNM,7,GOR,OXF,DID,0.5
SP000364,SP001654,PAD,WOF,NBY,6,RDG,GOR,THE,0.6
SP000364,SP001823,PAD,WOF,SWA,7,GOR,OXF,DID,0.368
SP000364,SP001838,PAD,WOF,SWA,7,GOR,OXF,DID,0.368
SP000364,SP001939,PAD,WOF,RDG,6,RDG,GOR,,1.0
SP000364,SP002174,PAD,WOF,WSM,7,GOR,OXF,DID,0.438
SP000364,SP002183,PAD,WOF,WSM,7,GOR,OXF,DID,0.412
SP000364,SP002209,PAD,WOF,EXD,6,RDG,GOR,THE,0.375
SP000364,SP002216,PAD,WOF,NQY,6,RDG,GOR,THE,0.316
SP000364,SP002711,PAD,WOF,BDW,6,RDG,GOR,THE,0.5
SP000364,SP003385,PAD,WOF,PGN,6,RDG,GOR,THE,0.316
SP000364,SP003417,PAD,WOF,CDF,7,GOR,OXF,DID,0.467
SP000364,SP003420,PAD,WOF,WOS,7,GOR,OXF,DID,0.412
SP000364,SP003428,PAD,WOF,WSB,6,RDG,GOR,THE,0.429
SP000364,SP003429,PAD,WOF,CMN,7,GOR,OXF,DID,0.368
SP000364,SP003434,PAD,WOF,SWA,7,GOR,OXF,DID,0.368
SP000364,SP003440,PAD,WOF,SWA,7,GOR,OXF,DID,0.368
SP000364,SP003448,PAD,WOF,TAU,7,GOR,OXF,DID,0.368
SP000364,SP003480,PAD,WOF,PNZ,6,RDG,GOR,THE,0.316
SP000364,SP003666,PAD,WOF,TAU,7,GOR,OXF,DID,0.368
SP000364,SP003788,PAD,WOF,SWA,7,GOR,OXF,DID,0.368
SP000364,SP004186,PAD,WOF,FRO,6,RDG,GOR,THE,0.4
SP000364,SP004248,PAD,WOF,WPH,17,WPH,WOS,,1.0
SP000364,SP004338,PAD,WOF,BPW,7,GOR,OXF,DID,0.7
SP000364,SP004416,PAD,WOF,BDW,6,RDG,GOR,RDW,0.375
SP000364,SP004476,PAD,WOF,BAN,8,OXF,HND,HYD,0.727
SP000364,SP004599,PAD,WOF,WOS,7,GOR,OXF,DID,0.5
SP000366,SP003218,RAM,AFK,AFK,12,XSI,AFK,SDG,0.923
SP000366,SP003252,RAM,AFK,AFK,8,DVP,FKE,FKC,0.667
SP000366,SP003664,RAM,AFK,CHX,12,XSI,AFK,SDG,0.923
SP000366,SP004404,RAM,AFK,SPX,13,AFK,,XIW,1.0
SP000366,SP004618,RAM,AFK,SPX,12,XSI,AFK,XIW,0.923
SP000368,SP000665,KWG,WJH,SRA,5,WJH,,XKG,1.0
SP000369,SP000457,EXC,BNP,BNP,6,MRD,LAP,EGG,0.6
SP000369,SP000461,EXC,BNP,BNP,8,EGG,KGN,UMB,0.8
SP000369,SP000464,EXC,BNP,BNP,6,MRD,LAP,EGG,0.667
SP000370,SP000954,LDS,SHF,DON,5,FZW,MRP,SES,0.556
SP000372,SP002275,HHE,EBN,EBN,6,XRH,PLG,GLY,0.6
SP000376,SP002915,TBW,CHX,CST,5,SEV,CLD,DNG,0.333
SP000376,SP003117,TBW,CHX,CHX,5,SEV,CLD,DNG,0.333
SP000376,SP003458,TBW,CHX,CST,12,XPY,NWX,SAJ,0.8
SP000377,SP001055,RHY,PEN,CDF,5,BGD,GFF,PGM,0.312
SP000377,SP001127,RHY,PEN,BYI,5,BGD,GFF,PGM,0.238
SP000377,SP001129,RHY,PEN,BYI,10,LNB,ECP,ABE,0.476
SP000377,SP001140,RHY,PEN,BYI,5,BGD,GFF,PGM,0.238
SP000377,SP003472,RHY,PEN,BGN,5,BGD,GFF,PGM,0.238
SP000377,SP003502,RHY,PEN,CDF,18,CDF,GTN,,1.0
SP000378,SP001115,LIT,WSW,BAL,7,WRH,EWR,LAC,0.28
SP000378,SP001298,LIT,WSW,HHE,7,WRH,EWR,LAC,0.438
SP000378,SP001595,LIT,WSW,BTN,15,HOV,PRP,BTN,0.938
SP000378,SP002578,LIT,WSW,XSU,7,WRH,EWR,LAC,0.259
SP000378,SP003029,LIT,WSW,BAL,10,SSE,SWK,PLD,0.4
SP000382,SP004253,WGN,LIV,LIV,9,ROB,BGE,WAV,0.75
SP000383,SP002168,BTN,BAL,CBG,11,ECR,SRS,NWD,0.846
SP000383,SP004217,BTN,BAL,CBG,11,ECR,SRS,NWD,0.846
SP000383,SP004574,BTN,BAL,BDM,7,GTW,ELD,HOR,0.538
SP000383,SP004579,BTN,BAL,CBG,11,ECR,SRS,NWD,0.846
SP000386,SP001000,RCD,LDS,LDS,6,HBD,HFX,SOW,0.545
SP000386,SP001733,RCD,LDS,LDS,6,HBD,HFX,MYT,0.545
SP000386,SP002945,RCD,LDS,LDS,7,HFX,BDI,LMR,0.636
SP000386,SP003695,RCD,LDS,LDS,6,HBD,HFX,MYT,0.545
SP000392,SP000398,EUS,LIV,MAN,17,XCO,STA,SNE,0.68
SP000392,SP000401,EUS,LIV,BHM,13,RUG,NUN,COV,0.684
SP000392,SP000533,EUS,LIV,BHM,8,XOD,BLY,LBZ,0.32
SP000392,SP000868,EUS,LIV,LIV,15,XIM,XOI,TAM,0.577
SP000392,SP000882,EUS,LIV,WVH,13,RUG,NUN,COV,0.565
SP000392,SP000885,EUS,LIV,CRE,13,RUG,NUN,COV,0.5
SP000392,SP000892,EUS,LIV,GLC,13,RUG,NUN,COV,0.5
SP000392,SP001313,EUS,LIV,HHD,19,CRE,WSF,CTR,0.731
SP000392,SP001327,EUS,LIV,TRI,5,WFJ,XOE,APS,0.5
SP000392,SP001329,EUS,LIV,TRI,5,WFJ,XOE,KGL,0.5
SP000392,SP001343,EUS,LIV,NMP,11,XHN,XWZ,NMP,0.917
SP000392,SP001346,EUS,LIV,CRE,14,NUN,XIM,ATH,0.609
SP000392,SP001451,EUS,LIV,BLY,5,WFJ,XOE,HML,0.417
SP000392,SP001454,EUS,LIV,BLY,5,WFJ,XOE,APS,0.385
SP000392,SP001807,EUS,LIV,GLC,22,XYJ,RUN,WBQ,0.846
SP000392,SP002179,EUS,LIV,GLC,10,MKC,XHN,WOL,0.385
SP000392,SP002202,EUS,LIV,WSL,8,XOD,BLY,LBZ,0.308
SP000392,SP002261,EUS,LIV,NMP,5,WFJ,XOE,KGL,0.294
SP000392,SP002647,EUS,LIV,MKC,5,WFJ,XOE,KGL,0.333
SP000392,SP002655,EUS,LIV,SAA,5,WFJ,XOE,WFN,0.455
SP000392,SP002872,EUS,LIV,CTR,19,CRE,WSF,CTR,0.95
SP000392,SP003031,EUS,LIV,MAN,17,XCO,STA,SNE,0.654
SP000392,SP003036,EUS,LIV,BHM,8,XOD,BLY,LBZ,0.308
SP000392,SP003114,EUS,LIV,LIV,13,RUG,NUN,COV,0.5
SP000392,SP003191,EUS,LIV,BPN,22,XYJ,RUN,WBQ,0.846
SP000392,SP003207,EUS,LIV,LIV,20,WSF,ACB,HTF,0.769
SP000392,SP003300,EUS,LIV,WRX,19,CRE,WSF,CTR,0.905
SP000392,SP003360,EUS,LIV,EDB,13,RUG,NUN,COV,0.5
SP000392,SP003475,EUS,LIV,WVH,11,XHN,XWZ,NMP,0.44
SP000392,SP003568,EUS,LIV,WVH,10,MKC,XHN,WOL,0.385
SP000392,SP003958,EUS,LIV,INV,13,RUG,NUN,COV,0.5
SP000392,SP004012,EUS,LIV,GLC,11,XHN,XWZ,NMP,0.423
SP000392,SP004017,EUS,LIV,PRE,15,XIM,XOI,TAM,0.577
SP000392,SP004025,EUS,LIV,PRE,22,XYJ,RUN,WBQ,0.846
SP000392,SP004034,EUS,LIV,CRE,13,RUG,NUN,COV,0.5
SP000392,SP004036,EUS,LIV,GLC,10,MKC,XHN,WOL,0.385
SP000392,SP004111,EUS,LIV,GLC,10,MKC,XHN,WOL,0.385
SP000392,SP004131,EUS,LIV,BHM,5,WFJ,XOE,KGL,0.192
SP000392,SP004188,EUS,LIV,CRE,15,XIM,XOI,TAM,0.714
SP000392,SP004207,EUS,LIV,CRE,13,RUG,NUN,COV,0.5
SP000392,SP004232,EUS,LIV,INV,10,MKC,XHN,WOL,0.385
SP000392,SP004384,EUS,LIV,WVH,13,RUG,NUN,COV,0.542
SP000392,SP004399,EUS,LIV,GLC,22,XYJ,RUN,WBQ,0.846
SP000392,SP004433,EUS,LIV,NMP,8,XOD,BLY,LBZ,0.571
SP000392,SP004516,EUS,LIV,GLC,22,XYJ,RUN,WBQ,0.846
SP000392,SP004529,EUS,LIV,BHM,5,WFJ,XOE,KGL,0.192
SP000394,SP001955,MST,EBB,EBB,11,CDF,NWP,PYE,0.579
SP000396,SP001151,REI,BAL,WSW,6,PUR,SCY,PUO,0.6
SP000396,SP003305,REI,BAL,BAK,9,SRS,BAL,SRC,0.9
SP000397,SP000549,MAN,EUS,BMH,8,SNE,XCO,STA,0.32
SP000397,SP001459,MAN,EUS,BHM,8,SNE,XCO,STA,0.5
SP000397,SP001666,MAN,EUS,PGN,8,SNE,XCO,STA,0.32
SP000397,SP001669,MAN,EUS,PGN,8,SNE,XCO,STA,0.32
SP000397,SP001672,MAN,EUS,BRI,8,SNE,XCO,STA,0.32
SP000397,SP001774,MAN,EUS,RDG,8,SNE,XCO,STA,0.32
SP000397,SP003253,MAN,EUS,EUS,13,RUG,XWZ,LBK,0.52
SP000397,SP003266,MAN,EUS,EUS,8,SNE,XCO,STA,0.32
SP000397,SP003377,MAN,EUS,SOU,8,SNE,XCO,STA,0.32
SP000397,SP004023,MAN,EUS,EUS,10,XOI,XIM,LTV,0.4
SP000398,SP000401,EUS,MAN,BHM,13,RUG,NUN,COV,0.684
SP000398,SP000533,EUS,MAN,BHM,8,XOD,BLY,LBZ,0.32
SP000398,SP000868,EUS,MAN,LIV,15,XIM,XOI,TAM,0.6
SP000398,SP000882,EUS,MAN,WVH,13,RUG,NUN,COV,0.565
SP000398,SP000885,EUS,MAN,CRE,13,RUG,NUN,COV,0.52
SP000398,SP000892,EUS,MAN,GLC,13,RUG,NUN,COV,0.52
SP000398,SP001313,EUS,MAN,HHD,17,XCO,SNE,STA,0.68
SP000398,SP001327,EUS,MAN,TRI,5,WFJ,XOE,APS,0.5
SP000398,SP001329,EUS,MAN,TRI,5,WFJ,XOE,KGL,0.5
SP000398,SP001343,EUS,MAN,NMP,11,XHN,XWZ,NMP,0.917
SP000398,SP001346,EUS,MAN,CRE,14,NUN,XIM,ATH,0.609
SP000398,SP001451,EUS,MAN,BLY,5,WFJ,XOE,HML,0.417
SP000398,SP001454,EUS,MAN,BLY,5,WFJ,XOE,APS,0.385
SP000398,SP001807,EUS,MAN,GLC,17,XCO,SNE,STA,0.68
SP000398,SP002179,EUS,MAN,GLC,10,MKC,XHN,WOL,0.4
SP000398,SP002202,EUS,MAN,WSL,8,XOD,BLY,LBZ,0.32
SP000398,SP002261,EUS,MAN,NMP,5,WFJ,XOE,KGL,0.294
SP000398,SP002647,EUS,MAN,MKC,5,WFJ,XOE,KGL,0.333
SP000398,SP002655,EUS,MAN,SAA,5,WFJ,XOE,WFN,0.455
SP000398,SP002872,EUS,MAN,CTR,17,XCO,SNE,STA,0.85
SP000398,SP003031,EUS,MAN,MAN,20,KDG,CNG,ASG,0.8
SP000398,SP003036,EUS,MAN,BHM,8,XOD,BLY,LBZ,0.32
SP000398,SP003114,EUS,MAN,LIV,13,RUG,NUN,COV,0.52
SP000398,SP003191,EUS,MAN,BPN,17,XCO,SNE,STA,0.68
SP000398,SP003207,EUS,MAN,LIV,17,XCO,SNE,STA,0.68
SP000398,SP003300,EUS,MAN,WRX,17,XCO,SNE,STA,0.81
SP000398,SP003360,EUS,MAN,EDB,13,RUG,NUN,COV,0.52
SP000398,SP003475,EUS,MAN,WVH,11,XHN,XWZ,NMP,0.44
SP000398,SP003568,EUS,MAN,WVH,10,MKC,XHN,WOL,0.4
SP000398,SP003958,EUS,MAN,INV,13,RUG,NUN,COV,0.52
SP000398,SP004012,EUS,MAN,GLC,11,XHN,XWZ,NMP,0.44
SP000398,SP004017,EUS,MAN,PRE,15,XIM,XOI,TAM,0.6
SP000398,SP004025,EUS,MAN,PRE,17,XCO,SNE,STA,0.68
SP000398,SP004034,EUS,MAN,CRE,13,RUG,NUN,COV,0.52
SP000398,SP004036,EUS,MAN,GLC,10,MKC,XHN,WOL,0.4
SP000398,SP004111,EUS,MAN,GLC,10,MKC,XHN,WOL,0.4
SP000398,SP004131,EUS,MAN,BHM,5,WFJ,XOE,KGL,0.2
SP000398,SP004188,EUS,MAN,CRE,15,XIM,XOI,TAM,0.714
SP000398,SP004207,EUS,MAN,CRE,13,RUG,NUN,COV,0.52
SP000398,SP004232,EUS,MAN,INV,10,MKC,XHN,WOL,0.4
SP000398,SP004384,EUS,MAN,WVH,13,RUG,NUN,COV,0.542
SP000398,SP004399,EUS,MAN,GLC,17,XCO,SNE,STA,0.68
SP000398,SP004433,EUS,MAN,NMP,8,XOD,BLY,LBZ,0.571
SP000398,SP004516,EUS,MAN,GLC,17,XCO,SNE,STA,0.68
SP000398,SP004529,EUS,MAN,BHM,5,WFJ,XOE,KGL,0.2
SP000399,SP004002,LDS,RCD,HFX,5,HFX,HBD,,1.0
SP000401,SP000533,EUS,BHM,BHM,8,XOD,BLY,LBZ,0.421
SP000401,SP000868,EUS,BHM,LIV,13,RUG,COV,NUN,0.684
SP000401,SP000882,EUS,BHM,WVH,19,BHM,,XOS,1.0
SP000401,SP000885,EUS,BHM,CRE,19,BHM,,XOS,1.0
SP000401,SP000892,EUS,BHM,GLC,19,BHM,,XOS,1.0
SP000401,SP001313,EUS,BHM,HHD,13,RUG,COV,NUN,0.684
SP000401,SP001327,EUS,BHM,TRI,5,WFJ,XOE,APS,0.5
SP000401,SP001329,EUS,BHM,TRI,5,WFJ,XOE,KGL,0.5
SP000401,SP001343,EUS,BHM,NMP,11,XHN,XWZ,NMP,0.917
SP000401,SP001346,EUS,BHM,CRE,13,RUG,COV,NUN,0.684
SP000401,SP001451,EUS,BHM,BLY,5,WFJ,XOE,HML,0.417
SP000401,SP001454,EUS,BHM,BLY,5,WFJ,XOE,APS,0.385
SP000401,SP001807,EUS,BHM,GLC,13,RUG,COV,NUN,0.684
SP000401,SP002179,EUS,BHM,GLC,10,MKC,XHN,WOL,0.526
SP000401,SP002202,EUS,BHM,WSL,8,XOD,BLY,LBZ,0.421
SP000401,SP002261,EUS,BHM,NMP,5,WFJ,XOE,KGL,0.294
SP000401,SP002647,EUS,BHM,MKC,5,WFJ,XOE,KGL,0.333
SP000401,SP002655,EUS,BHM,SAA,5,WFJ,XOE,WFN,0.455
SP000401,SP002872,EUS,BHM,CTR,13,RUG,COV,NUN,0.684
SP000401,SP003031,EUS,BHM,MAN,13,RUG,COV,NUN,0.684
SP000401,SP003036,EUS,BHM,BHM,8,XOD,BLY,LBZ,0.421
SP000401,SP003114,EUS,BHM,LIV,19,BHM,,XOS,1.0
SP000401,SP003191,EUS,BHM,BPN,13,RUG,COV,NUN,0.684
SP000401,SP003207,EUS,BHM,LIV,13,RUG,COV,NUN,0.684
SP000401,SP003300,EUS,BHM,WRX,13,RUG,COV,NUN,0.684
SP000401,SP003360,EUS,BHM,EDB,19,BHM,,XOS,1.0
SP000401,SP003475,EUS,BHM,WVH,11,XHN,XWZ,NMP,0.579
SP000401,SP003568,EUS,BHM,WVH,10,MKC,XHN,WOL,0.526
SP000401,SP003958,EUS,BHM,INV,17,SCF,XOZ,AST,0.895
SP000401,SP004012,EUS,BHM,GLC,11,XHN,XWZ,NMP,0.579
SP000401,SP004017,EUS,BHM,PRE,13,RUG,COV,NUN,0.684
SP000401,SP004025,EUS,BHM,PRE,13,RUG,COV,NUN,0.684
SP000401,SP004034,EUS,BHM,CRE,19,BHM,,XOS,1.0
SP000401,SP004036,EUS,BHM,GLC,10,MKC,XHN,WOL,0.526
SP000401,SP004111,EUS,BHM,GLC,10,MKC,XHN,WOL,0.526
SP000401,SP004131,EUS,BHM,BHM,5,WFJ,XOE,KGL,0.263
SP000401,SP004188,EUS,BHM,CRE,13,RUG,COV,NUN,0.684
SP000401,SP004207,EUS,BHM,CRE,19,BHM,,XOS,1.0
SP000401,SP004232,EUS,BHM,INV,10,MKC,XHN,WOL,0.526
SP000401,SP004384,EUS,BHM,WVH,19,BHM,,XOS,1.0
SP000401,SP004399,EUS,BHM,GLC,13,RUG,COV,NUN,0.684
SP000401,SP004433,EUS,BHM,NMP,8,XOD,BLY,LBZ,0.571
SP000401,SP004516,EUS,BHM,GLC,13,RUG,COV,NUN,0.684
SP000401,SP004529,EUS,BHM,BHM,5,WFJ,XOE,KGL,0.263
SP000402,SP001598,BHM,EUS,BMH,6,COV,RUG,LMS,0.316
SP000405,SP003681,ADR,BHC,BHC,20,DMR,KPT,DBE,0.769
SP000405,SP003774,ADR,BHC,HLC,14,HYN,ANL,GRS,0.583
SP000405,SP003892,ADR,BHC,MLN,16,WES,DMC,BRN,0.842
SP000406,SP001641,SHF,MAN,MAN,9,NMC,MPL,SRN,0.562
SP000406,SP004011,SHF,MAN,MAN,9,NMC,MPL,RML,0.692
SP000406,SP004377,SHF,MAN,MAN,8,CLY,NMC,HAZ,0.727
SP000409,SP001339,BHM,WOS,HFD,10,DTW,WOS,WOF,0.909
SP000409,SP002145,BHM,WOS,GMV,10,DTW,WOS,WOF,0.909
SP000409,SP002146,BHM,WOS,HFD,11,WOS,,WOF,1.0
SP000409,SP004090,BHM,WOS,WOF,10,DTW,WOS,WOF,0.909
SP000412,SP000415,STP,NOT,NOT,14,LBO,EMD,XTG,0.824
SP000412,SP000432,STP,NOT,NOT,17,XTR,BEE,NOT,0.944
SP000412,SP000684,STP,NOT,SHF,14,LBO,EMD,XTG,0.737
SP000412,SP000717,STP,NOT,SHF,16,XTG,XTR,LGE,0.842
SP000412,SP001820,STP,NOT,COR,6,SAC,LUT,LTN,0.462
SP000412,SP002994,STP,NOT,DBY,6,SAC,LUT,LTN,0.316
SP000412,SP003423,STP,NOT,DBY,16,XTG,XTR,LGE,0.842
SP000413,SP000477,CHX,GRV,GLM,6,LEE,MTG,NEH,0.3
SP000413,SP000659,CHX,GRV,ORP,5,HGR,LEE,GRP,0.556
SP000413,SP000668,CHX,GRV,AFK,5,HGR,LEE,GRP,0.25
SP000413,SP000670,CHX,GRV,MDE,5,HGR,LEE,GRP,0.357
SP000413,SP001044,CHX,GRV,RAM,5,HGR,LEE,GRP,0.25
SP000413,SP001137,CHX,GRV,SEV,5,HGR,LEE,GRP,0.333
SP000413,SP001138,CHX,GRV,ORP,5,HGR,LEE,GRP,0.455
SP000413,SP001883,CHX,GRV,HGS,5,HGR,LEE,GRP,0.25
SP000413,SP001892,CHX,GRV,DVP,5,HGR,LEE,GRP,0.25
SP000413,SP002537,CHX,GRV,TBW,5,HGR,LEE,CFB,0.25
SP000413,SP002807,CHX,GRV,DVP,5,HGR,LEE,GRP,0.25
SP000413,SP002976,CHX,GRV,CBW,5,HGR,LEE,GRP,0.25
SP000413,SP003387,CHX,GRV,DVP,5,HGR,LEE,GRP,0.25
SP000413,SP003400,CHX,GRV,RAM,5,HGR,LEE,GRP,0.25
SP000413,SP004546,CHX,GRV,HGS,5,HGR,LEE,GRP,0.25
SP000413,SP004547,CHX,GRV,HGS,5,HGR,LEE,GRP,0.25
SP000413,SP004549,CHX,GRV,HGS,5,HGR,LEE,GRP,0.25
SP000413,SP004551,CHX,GRV,HGS,5,HGR,LEE,GRP,0.25
SP000415,SP000432,STP,NOT,NOT,14,LBO,XTG,EMD,0.824
SP000415,SP000684,STP,NOT,SHF,15,XTG,XTR,SPO,0.882
SP000415,SP000717,STP,NOT,SHF,14,LBO,XTG,EMD,0.824
SP000415,SP001820,STP,NOT,COR,6,SAC,LUT,LTN,0.462
SP000415,SP002994,STP,NOT,DBY,6,SAC,LUT,LTN,0.353
SP000415,SP003423,STP,NOT,DBY,14,LBO,XTG,EMD,0.824
SP000416,SP002645,SHF,STP,STP,5,SPO,LGE,XTG,0.25
SP000416,SP002650,SHF,STP,STP,7,XTG,EMD,LBO,0.333
SP000416,SP002652,SHF,STP,STP,15,FLT,LUT,HLN,0.682
SP000416,SP004047,SHF,STP,STP,15,FLT,LUT,HLN,0.682
SP000420,SP002812,MBR,NCL,CAR,12,NCL,,MCE,1.0
SP000421,SP000454,HUL,SHF,SHF,7,DON,MEX,CNS,0.636
SP000422,SP001004,NOT,STP,LEI,5,LBO,LEI,BWS,0.556
SP000422,SP002674,NOT,STP,NRW,5,LBO,LEI,MMO,0.278
SP000424,SP004408,NNT,NCL,MBR,5,MBR,TBY,,1.0
SP000425,SP000433,BDT,SHF,SHF,10,GOO,TNN,HFS,0.588
SP000425,SP001135,BDT,SHF,YRK,9,GBD,GOO,HOW,0.643
SP000425,SP001401,BDT,SHF,YRK,9,GBD,GOO,HOW,0.75
SP000425,SP003088,BDT,SHF,HUL,7,HUL,BUH,,1.0
SP000425,SP003551,BDT,SHF,YRK,9,GBD,GOO,EGN,0.6
SP000425,SP003553,BDT,SHF,YRK,9,GBD,GOO,HOW,0.6
SP000425,SP003565,BDT,SHF,YRK,9,GBD,GOO,HOW,0.6
SP000425,SP004368,BDT,SHF,YRK,7,HUL,BUH,HES,0.438
SP000428,SP000431,SOP,MCV,MCV,17,KSL,SLD,CLI,0.85
SP000428,SP003734,SOP,MCV,MCO,15,BON,FNW,SLD,0.833
SP000430,SP001592,LIV,EUS,EUS,11,XOI,XIM,LTV,0.423
SP000430,SP001792,LIV,EUS,EUS,10,XCO,XOI,RGL,0.385
SP000430,SP002081,LIV,EUS,BHM,6,ACB,WSF,HTF,0.333
SP000430,SP003111,LIV,EUS,EUS,6,ACB,WSF,HTF,0.231
SP000430,SP004026,LIV,EUS,CRE,6,ACB,WSF,HTF,0.667
SP000431,SP003734,SOP,MCV,MCO,15,BON,FNW,SLD,0.833
SP000432,SP000684,STP,NOT,SHF,14,LBO,EMD,XTG,0.778
SP000432,SP000717,STP,NOT,SHF,16,XTG,XTR,LGE,0.889
SP000432,SP001820,STP,NOT,COR,6,SAC,LUT,LTN,0.462
SP000432,SP002994,STP,NOT,DBY,6,SAC,LUT,LTN,0.333
SP000432,SP003423,STP,NOT,DBY,16,XTG,XTR,LGE,0.889
SP000433,SP001135,BDT,SHF,YRK,9,GBD,GOO,HOW,0.643
SP000433,SP001401,BDT,SHF,YRK,9,GBD,GOO,HOW,0.75
SP000433,SP003088,BDT,SHF,HUL,7,HUL,BUH,,1.0
SP000433,SP003551,BDT,SHF,YRK,9,GBD,GOO,EGN,0.6
SP000433,SP003553,BDT,SHF,YRK,9,GBD,GOO,HOW,0.6
SP000433,SP003565,BDT,SHF,YRK,9,GBD,GOO,HOW,0.6
SP000433,SP004368,BDT,SHF,YRK,7,HUL,BUH,HES,0.438
SP000435,SP004187,NCL,EDB,EDB,6,DUN,ELT,DRM,0.667
SP000439,SP000593,MAN,YRK,HUL,9,HUD,MIR,DEW,0.643
SP000439,SP000652,MAN,YRK,YRK,13,CFD,YRK,CHF,0.929
SP000439,SP001110,MAN,YRK,WKK,11,WKK,NOR,,1.0
SP000439,SP002149,MAN,YRK,YRK,10,MIR,WKK,DEW,0.714
SP000439,SP003074,MAN,YRK,YRK,11,WKK,NOR,XES,0.786
SP000440,SP000446,SCA,SHF,SHF,17,MEX,SWN,MHS,0.895
SP000440,SP001179,SCA,SHF,YRK,12,GBD,GOO,HOW,0.667
SP000440,SP001204,SCA,SHF,HUL,6,BDT,DRF,NFN,0.5
SP000440,SP002990,SCA,SHF,SHF,6,BDT,DRF,NFN,0.3
SP000440,SP004250,SCA,SHF,SHF,12,GBD,GOO,HOW,0.632
SP000441,SP000671,ASL,NCL,NCL,6,NOP,NCL,MAS,0.857
SP000442,SP000991,KGX,SVG,CBG,6,AAP,BOP,NSG,0.333
SP000442,SP002493,KGX,SVG,HFN,14,CUF,BAY,HFN,0.933
SP000442,SP002494,KGX,SVG,RYS,8,PAL,WIH,GPK,0.444
SP000442,SP002502,KGX,SVG,CBG,12,GDH,CWH,HFN,0.667
SP000442,SP002602,KGX,SVG,WGC,6,AAP,BOP,NSG,0.429
SP000442,SP002623,KGX,SVG,PBO,9,WIH,GPK,ENC,0.5
SP000442,SP002765,KGX,SVG,CBG,6,AAP,BOP,NSG,0.333
SP000442,SP002973,KGX,SVG,HFN,16,HFN,WAS,,1.0
SP000442,SP003030,KGX,SVG,WGC,6,AAP,BOP,NSG,0.4
SP000442,SP003175,KGX,SVG,HFN,12,GDH,CWH,CUF,0.857
SP000442,SP004237,KGX,SVG,PBO,6,AAP,BOP,NSG,0.333
SP000444,SP000909,SRA,IMW,WJL,19,XKG,WJH,WJL,0.95
SP000444,SP001619,SRA,IMW,CMD,10,CMD,KTW,,1.0
SP000444,SP001698,SRA,IMW,WJH,20,WJH,XMB,,1.0
SP000445,SP000537,EDB,BHM,KGX,14,YRK,CHF,DON,0.438
SP000445,SP001429,EDB,BHM,NCL,9,NCL,DHM,,1.0
SP000445,SP001671,EDB,BHM,PLY,33,BHM,,FWY,1.0
SP000445,SP001674,EDB,BHM,CDF,33,BHM,,FWY,1.0
SP000445,SP001676,EDB,BHM,PLY,33,BHM,,FWY,1.0
SP000445,SP001680,EDB,BHM,BRI,33,BHM,,FWY,1.0
SP000445,SP001876,EDB,BHM,PNZ,33,BHM,,FWY,1.0
SP000445,SP001877,EDB,BHM,KGX,14,YRK,CHF,DON,0.424
SP000445,SP002344,EDB,BHM,KGX,14,YRK,CHF,DON,0.424
SP000445,SP002854,EDB,BHM,NCL,8,MPT,NCL,CRM,0.8
SP000445,SP002942,EDB,BHM,KGX,10,DHM,DAR,NTR,0.323
SP000445,SP002958,EDB,BHM,KGX,14,YRK,CHF,DON,0.438
SP000445,SP003384,EDB,BHM,BRI,33,BHM,,FWY,1.0
SP000445,SP003476,EDB,BHM,KGX,14,YRK,CHF,DON,0.424
SP000445,SP004602,EDB,BHM,KGX,14,YRK,CHF,DON,0.424
SP000446,SP001179,SCA,SHF,YRK,12,GBD,GOO,HOW,0.667
SP000446,SP001204,SCA,SHF,HUL,6,BDT,DRF,NFN,0.5
SP000446,SP002990,SCA,SHF,SHF,6,BDT,DRF,NFN,0.316
SP000446,SP004250,SCA,SHF,SHF,12,GBD,GOO,HOW,0.632
SP000447,SP001374,EAD,DKG,GLD,9,LHD,BXW,BKA,0.818
SP000447,SP001376,EAD,DKG,GLD,9,LHD,BXW,BKA,0.818
SP000448,SP001415,COL,LST,LST,9,SNF,BRE,GDP,0.529
SP000448,SP004150,COL,LST,LST,13,RMF,CTH,GMY,0.591
SP000448,SP004561,COL,LST,LST,9,SNF,BRE,GDP,0.562
SP000449,SP000451,MBR,MCE,NCL,8,NCL,DOT,,1.0
SP000449,SP002492,MBR,MCE,CAR,8,NCL,DOT,MCE,0.8
SP000449,SP002520,MBR,MCE,CAR,10,MCE,,BLO,1.0
SP000449,SP002811,MBR,MCE,CAR,7,BNR,NCL,HEW,0.7
SP000449,SP002814,MBR,MCE,CAR,10,MCE,,BLO,1.0
SP000449,SP002815,MBR,MCE,HEX,10,MCE,,BLO,1.0
SP000450,SP000521,KGX,EDB,LCN,16,NNG,XNK,LCN,0.941
SP000450,SP000529,KGX,EDB,LDS,19,DON,YRK,AWK,0.864
SP000450,SP000698,KGX,EDB,NCL,25,NCL,MPT,,1.0
SP000450,SP000700,KGX,EDB,BDQ,19,DON,YRK,AWK,0.792
SP000450,SP000799,KGX,EDB,BDI,19,DON,YRK,AWK,0.731
SP000450,SP000920,KGX,EDB,KLN,9,HIT,BIW,LET,0.375
SP000450,SP000930,KGX,EDB,ELY,9,HIT,BIW,LET,0.474
SP000450,SP000950,KGX,EDB,YRK,20,YRK,THI,,1.0
SP000450,SP000952,KGX,EDB,MBR,22,NTR,DAR,YRM,0.846
SP000450,SP000958,KGX,EDB,ABD,33,EDB,,HYM,1.0
SP000450,SP000999,KGX,EDB,DON,19,DON,YRK,,1.0
SP000450,SP001003,KGX,EDB,HGT,19,DON,YRK,AWK,0.792
SP000450,SP001007,KGX,EDB,CBG,6,WGC,XGN,WLW,0.286
SP000450,SP001047,KGX,EDB,SKI,19,DON,YRK,AWK,0.76
SP000450,SP001120,KGX,EDB,PBO,11,SDY,HUN,SNO,0.733
SP000450,SP001594,KGX,EDB,HUL,19,DON,YRK,SBY,0.792
SP000450,SP001727,KGX,EDB,CBG,9,HIT,BIW,LET,0.529
SP000450,SP001880,KGX,EDB,BEV,19,DON,YRK,SBY,0.731
SP000450,SP002020,KGX,EDB,PBO,9,HIT,BIW,ARL,0.562
SP000450,SP002363,KGX,EDB,LET,5,PBR,WGC,HAT,0.385
SP000450,SP002914,KGX,EDB,KLN,9,HIT,BIW,LET,0.36
SP000450,SP002953,KGX,EDB,EDB,19,DON,YRK,THI,0.594
SP000450,SP003540,KGX,EDB,GLQ,19,DON,YRK,THI,0.576
SP000450,SP003600,KGX,EDB,CBG,9,HIT,BIW,LET,0.474
SP000450,SP003669,KGX,EDB,INV,33,EDB,,HYM,1.0
SP000451,SP002492,MBR,NCL,CAR,8,NCL,,MCE,1.0
SP000451,SP002520,MBR,NCL,CAR,8,NCL,,DOT,1.0
SP000451,SP002811,MBR,NCL,CAR,7,BNR,NCL,HEW,0.875
SP000451,SP002814,MBR,NCL,CAR,8,NCL,,DOT,1.0
SP000451,SP002815,MBR,NCL,HEX,8,NCL,,DOT,1.0
SP000452,SP000456,EXD,BNP,BNP,5,MRD,EGG,LAP,0.625
SP000453,SP003044,MIA,SCA,SHF,8,MSN,HUD,MRP,0.727
SP000453,SP003189,MIA,SCA,YRK,12,LDS,CRG,XES,0.75
SP000457,SP000461,EXC,BNP,BNP,6,MRD,EGG,LAP,0.6
SP000457,SP000464,EXC,BNP,BNP,7,EGG,KGN,UMB,0.778
SP000458,SP000772,RET,LDS,NOT,8,SHF,MHS,DRO,0.571
SP000458,SP002933,RET,LDS,SHF,8,SHF,MHS,,1.0
SP000459,SP000672,WEY,NEM,SOU,6,WRM,HAM,HOL,0.375
SP000459,SP000673,WEY,NEM,SOU,8,POO,BSM,PKS,0.533
SP000459,SP001213,WEY,NEM,NEM,6,WRM,HAM,HOL,0.214
SP000459,SP001844,WEY,NEM,SOU,8,POO,BSM,PKS,0.381
SP000459,SP001845,WEY,NEM,BMH,10,BMH,POK,,1.0
SP000459,SP002488,WEY,NEM,WOK,8,POO,BSM,PKS,0.286
SP000459,SP003903,WEY,NEM,NEM,6,WRM,HAM,HOL,0.214
SP000459,SP004466,WEY,NEM,NEM,8,POO,BSM,PKS,0.286
SP000461,SP000464,EXC,BNP,BNP,6,MRD,LAP,EGG,0.667
SP000462,SP000581,PAD,OXF,BRI,7,GOR,OXF,DID,0.875
SP000462,SP000651,PAD,OXF,PLY,6,RDG,GOR,THE,0.75
SP000462,SP000801,PAD,OXF,PLY,6,RDG,GOR,THE,0.75
SP000462,SP000835,PAD,OXF,WSM,7,GOR,OXF,DID,0.875
SP000462,SP000840,PAD,OXF,PNZ,7,GOR,OXF,DID,0.875
SP000462,SP000848,PAD,OXF,WOS,8,OXF,,HND,1.0
SP000462,SP000858,PAD,OXF,OXF,7,GOR,OXF,DID,0.875
SP000462,SP000862,PAD,OXF,CNM,7,GOR,OXF,DID,0.875
SP000462,SP001654,PAD,OXF,NBY,6,RDG,GOR,THE,0.75
SP000462,SP001823,PAD,OXF,SWA,7,GOR,OXF,DID,0.875
SP000462,SP001838,PAD,OXF,SWA,7,GOR,OXF,DID,0.875
SP000462,SP001939,PAD,OXF,RDG,6,RDG,GOR,,1.0
SP000462,SP002174,PAD,OXF,WSM,7,GOR,OXF,DID,0.875
SP000462,SP002183,PAD,OXF,WSM,7,GOR,OXF,DID,0.875
SP000462,SP002209,PAD,OXF,EXD,6,RDG,GOR,THE,0.75
SP000462,SP002216,PAD,OXF,NQY,6,RDG,GOR,THE,0.75
SP000462,SP002711,PAD,OXF,BDW,6,RDG,GOR,THE,0.75
SP000462,SP003385,PAD,OXF,PGN,6,RDG,GOR,THE,0.75
SP000462,SP003417,PAD,OXF,CDF,7,GOR,OXF,DID,0.875
SP000462,SP003420,PAD,OXF,WOS,7,GOR,OXF,DID,0.875
SP000462,SP003428,PAD,OXF,WSB,6,RDG,GOR,THE,0.75
SP000462,SP003429,PAD,OXF,CMN,7,GOR,OXF,DID,0.875
SP000462,SP003434,PAD,OXF,SWA,7,GOR,OXF,DID,0.875
SP000462,SP003440,PAD,OXF,SWA,7,GOR,OXF,DID,0.875
SP000462,SP003448,PAD,OXF,TAU,7,GOR,OXF,DID,0.875
SP000462,SP003480,PAD,OXF,PNZ,6,RDG,GOR,THE,0.75
SP000462,SP003666,PAD,OXF,TAU,7,GOR,OXF,DID,0.875
SP000462,SP003788,PAD,OXF,SWA,7,GOR,OXF,DID,0.875
SP000462,SP004186,PAD,OXF,FRO,6,RDG,GOR,THE,0.75
SP000462,SP004248,PAD,OXF,WPH,8,OXF,,HND,1.0
SP000462,SP004338,PAD,OXF,BPW,7,GOR,OXF,DID,0.875
SP000462,SP004416,PAD,OXF,BDW,6,RDG,GOR,RDW,0.75
SP000462,SP004476,PAD,OXF,BAN,8,OXF,,HYD,1.0
SP000462,SP004599,PAD,OXF,WOS,7,GOR,OXF,DID,0.875
SP000463,SP000944,NEM,WEY,POO,15,BCU,BMH,SWY,0.625
SP000463,SP001030,NEM,WEY,GIL,5,BSK,MIC,OVR,0.417
SP000463,SP001041,NEM,WEY,SAL,5,BSK,MIC,OVR,0.5
SP000463,SP001068,NEM,WEY,WSB,5,BSK,MIC,OVR,0.25
SP000463,SP001071,NEM,WEY,YVP,5,BSK,MIC,OVR,0.312
SP000463,SP001186,NEM,WEY,YVP,5,BSK,MIC,OVR,0.312
SP000463,SP001187,NEM,WEY,YVJ,5,BSK,MIC,OVR,0.294
SP000463,SP001190,NEM,WEY,WEY,24,DCH,UPW,WEY,0.96
SP000463,SP001194,NEM,WEY,EXD,5,BSK,MIC,OVR,0.217
SP000463,SP001197,NEM,WEY,EXD,5,BSK,MIC,OVR,0.217
SP000463,SP001198,NEM,WEY,EXD,5,BSK,MIC,OVR,0.227
SP000463,SP001206,NEM,WEY,EXD,5,BSK,MIC,OVR,0.208
SP000463,SP001217,NEM,WEY,WEY,15,BCU,BMH,NWM,0.577
SP000463,SP001227,NEM,WEY,WEY,20,HAM,WRM,HOL,0.769
SP000463,SP001233,NEM,WEY,WEY,7,WIN,XEW,SHW,0.269
SP000463,SP003109,NEM,WEY,YVJ,5,BSK,MIC,OVR,0.333
SP000463,SP003844,NEM,WEY,BMH,15,BCU,BMH,SWY,0.714
SP000463,SP003846,NEM,WEY,BMH,14,TTN,BCU,ANF,0.636
SP000463,SP003849,NEM,WEY,BMH,16,BMH,BSM,,1.0
SP000463,SP003851,NEM,WEY,SOU,7,WIN,XEW,SHW,0.538
SP000463,SP004198,NEM,WEY,POO,19,POO,HAM,,1.0
SP000465,SP001706,LCN,LDS,SHF,11,SHF,MHS,,1.0
SP000467,SP000508,LDS,LCN,SHF,6,SHF,DAN,,1.0
SP000467,SP000714,LDS,LCN,NOT,6,SHF,DAN,DRO,0.5
SP000469,SP001846,NRW,CBG,LIV,7,ELY,WBC,XYE,0.7
SP000469,SP001847,NRW,CBG,LIV,7,ELY,WBC,XYE,0.7
SP000469,SP002697,NRW,CBG,SSD,10,CBG,,CMS,1.0
SP000469,SP002948,NRW,CBG,DBY,7,ELY,WBC,XYE,0.7
SP000469,SP003953,NRW,CBG,SHF,7,ELY,WBC,XYE,0.7
SP000469,SP004275,NRW,CBG,MAN,7,ELY,WBC,XYE,0.7
SP000469,SP004379,NRW,CBG,ELY,7,ELY,WBC,,1.0
SP000469,SP004518,NRW,CBG,LIV,7,ELY,WBC,XYE,0.7
SP000469,SP004628,NRW,CBG,LIV,7,ELY,WBC,XYE,0.7
SP000470,SP001689,MCV,CLH,BBN,7,BMC,ENT,DWN,0.778
SP000471,SP000473,EXC,BNP,BNP,10,KGN,UMB,PMA,0.833
SP000471,SP000475,EXC,BNP,BNP,7,MRD,LAP,EGG,0.7
SP000472,SP001150,CDF,BGN,BYI,8,BRY,RIA,BYI,0.889
SP000473,SP000475,EXC,BNP,BNP,7,MRD,LAP,EGG,0.7
SP000474,SP001616,MCV,CLH,BBN,6,BMC,ENT,DWN,0.75
SP000474,SP001684,MCV,CLH,BBN,9,BBN,RGW,,1.0
SP000476,SP001405,RDG,NCL,YRK,30,YRK,THI,,1.0
SP000476,SP001413,RDG,NCL,NCL,27,SHF,MEX,SWN,0.771
SP000476,SP003374,RDG,NCL,MAN,16,BHM,XOZ,XOS,0.471
SP000477,SP000659,CHX,GLM,ORP,5,HGR,LEE,GRP,0.556
SP000477,SP000668,CHX,GLM,AFK,5,HGR,LEE,GRP,0.25
SP000477,SP000670,CHX,GLM,MDE,5,HGR,LEE,GRP,0.357
SP000477,SP001044,CHX,GLM,RAM,5,HGR,LEE,GRP,0.227
SP000477,SP001137,CHX,GLM,SEV,5,HGR,LEE,GRP,0.333
SP000477,SP001138,CHX,GLM,ORP,5,HGR,LEE,GRP,0.455
SP000477,SP001883,CHX,GLM,HGS,5,HGR,LEE,GRP,0.227
SP000477,SP001892,CHX,GLM,DVP,5,HGR,LEE,GRP,0.227
SP000477,SP002537,CHX,GLM,TBW,5,HGR,LEE,CFB,0.227
SP000477,SP002807,CHX,GLM,DVP,5,HGR,LEE,GRP,0.227
SP000477,SP002976,CHX,GLM,CBW,5,HGR,LEE,GRP,0.238
SP000477,SP003387,CHX,GLM,DVP,5,HGR,LEE,GRP,0.227
SP000477,SP003400,CHX,GLM,RAM,5,HGR,LEE,GRP,0.227
SP000477,SP004546,CHX,GLM,HGS,5,HGR,LEE,GRP,0.25
SP000477,SP004547,CHX,GLM,HGS,5,HGR,LEE,GRP,0.227
SP000477,SP004549,CHX,GLM,HGS,5,HGR,LEE,GRP,0.227
SP000477,SP004551,CHX,GLM,HGS,5,HGR,LEE,GRP,0.227
SP000478,SP002278,CNM,SWI,PAD,6,SWI,,DID,1.0
SP000478,SP003435,CNM,SWI,PAD,6,SWI,,DID,1.0
SP000479,SP000491,RAM,XVJ,XVJ,18,SOR,XWK,MEP,0.621
SP000479,SP000498,RAM,XVJ,XVJ,10,FAV,SIT,TEY,0.345
SP000479,SP000503,RAM,XVJ,XVJ,10,FAV,SIT,TEY,0.345
SP000479,SP000551,RAM,XVJ,FAV,10,FAV,SIT,,1.0
SP000479,SP003059,RAM,XVJ,GLM,10,FAV,SIT,TEY,0.667
SP000479,SP003378,RAM,XVJ,XVJ,10,FAV,SIT,TEY,0.345
SP000479,SP004534,RAM,XVJ,CST,21,XMU,XLY,CIT,0.724
SP000479,SP004587,RAM,XVJ,XVJ,10,FAV,SIT,TEY,0.345
SP000479,SP004640,RAM,XVJ,RTR,10,FAV,SIT,TEY,0.588
SP000480,SP001396,BHM,EDB,NOT,5,XKI,TAH,WNE,0.312
SP000480,SP001397,BHM,EDB,NOT,9,DBY,XAJ,SPO,0.643
SP000480,SP001398,BHM,EDB,NOT,5,XKI,TAH,WNE,0.357
SP000480,SP001399,BHM,EDB,NOT,5,XKI,TAH,WNE,0.385
SP000480,SP001735,BHM,EDB,NOT,5,XKI,TAH,WNE,0.333
SP000480,SP004096,BHM,EDB,NOT,8,BUT,DBY,WIL,0.615
SP000481,SP000487,DVP,XVJ,XVJ,20,SOR,XWK,LGF,0.645
SP000481,SP000496,DVP,XVJ,FAV,11,FAV,TEY,,1.0
SP000481,SP000556,DVP,XVJ,XVJ,11,FAV,TEY,SIT,0.355
SP000481,SP004588,DVP,XVJ,XVJ,20,SOR,XWK,MEP,0.645
SP000483,SP001434,NOT,CDF,BHM,9,TAH,XKI,WNE,0.6
SP000483,SP001462,NOT,CDF,BHM,6,DBY,BUT,WIL,0.375
SP000483,SP001645,NOT,CDF,GCR,27,GCR,LYD,,1.0
SP000483,SP002628,NOT,CDF,MAT,6,DBY,BUT,DFI,0.429
SP000483,SP003251,NOT,CDF,CRE,6,DBY,BUT,PEA,0.4
SP000483,SP003381,NOT,CDF,CDF,29,CPW,STJ,CDT,0.906
SP000484,SP000493,BRI,WSB,FRO,9,WSB,,FRO,1.0
SP000484,SP002415,BRI,WSB,SAL,9,WSB,,WMN,1.0
SP000484,SP002423,BRI,WSB,WMN,9,WSB,,DMH,1.0
SP000484,SP002644,BRI,WSB,WEY,9,WSB,,FRO,1.0
SP000484,SP003409,BRI,WSB,PMH,9,WSB,,WMN,1.0
SP000484,SP003532,BRI,WSB,SAL,9,WSB,,DMH,1.0
SP000486,SP002357,EXD,PNZ,PNZ,9,DPT,STS,DOC,0.391
SP000486,SP002359,EXD,PNZ,PNZ,9,DPT,STS,DOC,0.391
SP000486,SP002366,EXD,PNZ,PNZ,8,PLY,DPT,SBF,0.364
SP000486,SP002369,EXD,PNZ,PNZ,8,PLY,DPT,STS,0.364
SP000486,SP002371,EXD,PNZ,PNZ,8,PLY,DPT,STS,0.381
SP000486,SP004513,EXD,PNZ,PLY,8,PLY,DPT,,1.0
SP000487,SP000496,DVP,XVJ,FAV,11,FAV,TEY,,1.0
SP000487,SP000556,DVP,XVJ,XVJ,11,FAV,TEY,SIT,0.344
SP000487,SP004588,DVP,XVJ,XVJ,20,SOR,LGF,MEP,0.625
SP000489,SP001500,CTR,MAN,MAN,6,NLW,MAN,MCO,0.857
SP000490,SP001525,STR,GLC,AYR,5,AYR,NOA,,1.0
SP000490,SP001528,STR,GLC,KMK,9,KMK,KLM,,1.0
SP000491,SP000498,RAM,XVJ,XVJ,10,FAV,SIT,TEY,0.333
SP000491,SP000503,RAM,XVJ,XVJ,10,FAV,SIT,TEY,0.323
SP000491,SP000551,RAM,XVJ,FAV,10,FAV,SIT,,1.0
SP000491,SP003059,RAM,XVJ,GLM,10,FAV,SIT,TEY,0.667
SP000491,SP003378,RAM,XVJ,XVJ,10,FAV,SIT,TEY,0.323
SP000491,SP004534,RAM,XVJ,CST,18,SOR,MEP,XWK,0.621
SP000491,SP004587,RAM,XVJ,XVJ,10,FAV,SIT,TEY,0.323
SP000491,SP004640,RAM,XVJ,RTR,10,FAV,SIT,TEY,0.588
SP000493,SP002415,BRI,FRO,SAL,9,WSB,FRO,WMN,0.9
SP000493,SP002423,BRI,FRO,WMN,9,WSB,FRO,DMH,0.9
SP000493,SP002644,BRI,FRO,WEY,10,FRO,,BRU,1.0
SP000493,SP003409,BRI,FRO,PMH,9,WSB,FRO,WMN,0.9
SP000493,SP003532,BRI,FRO,SAL,9,WSB,FRO,DMH,0.9
SP000494,SP000694,HUL,YRK,MAN,5,SBY,SIE,MIK,0.556
SP000494,SP000697,HUL,YRK,MAN,5,SBY,SIE,SOM,0.556
SP000494,SP000702,HUL,YRK,MAN,5,SBY,SIE,MIK,0.556
SP000494,SP001593,HUL,YRK,KGX,5,SBY,SIE,DON,0.556
SP000494,SP002302,HUL,YRK,LDS,5,SBY,SIE,MIK,0.556
SP000494,SP002641,HUL,YRK,SBY,5,SBY,SIE,,1.0
SP000494,SP003869,HUL,YRK,MAN,5,SBY,SIE,CFD,0.556
SP000494,SP003980,HUL,YRK,HFX,5,SBY,SIE,SOM,0.556
SP000494,SP004117,HUL,YRK,LDS,5,SBY,SIE,SOM,0.556
SP000494,SP004465,HUL,YRK,HFX,5,SBY,SIE,SOM,0.556
SP000495,SP001812,EDB,ABD,HNT,6,LDY,CUP,BYF,0.4
SP000495,SP001944,EDB,ABD,ABD,10,BYF,CAN,MON,0.625
SP000495,SP003718,EDB,ABD,ABD,5,KDY,LDY,MNC,0.312
SP000496,SP000556,DVP,FAV,XVJ,11,FAV,,SIT,1.0
SP000496,SP004588,DVP,FAV,XVJ,11,FAV,,TEY,1.0
SP000497,SP002051,KMK,STR,GIR,7,GIR,BRL,,1.0
SP000497,SP002063,KMK,STR,AYR,5,AYR,MAY,,1.0
SP000498,SP000503,RAM,XVJ,XVJ,19,SOR,XWK,MEP,0.633
SP000498,SP000551,RAM,XVJ,FAV,10,FAV,TEY,,1.0
SP000498,SP003059,RAM,XVJ,GLM,15,GLM,CTM,,1.0
SP000498,SP003378,RAM,XVJ,XVJ,19,SOR,XWK,MEP,0.633
SP000498,SP004534,RAM,XVJ,CST,10,FAV,TEY,SIT,0.345
SP000498,SP004587,RAM,XVJ,XVJ,19,SOR,XWK,MEP,0.633
SP000498,SP004640,RAM,XVJ,RTR,17,RTR,XRJ,,1.0
SP000501,SP002530,LDS,YRK,HUL,5,MIK,CHF,SOM,0.714
SP000501,SP002562,LDS,YRK,YRK,6,CHF,YRK,ULL,0.857
SP000501,SP003512,LDS,YRK,SBY,5,MIK,CHF,SOM,0.714
SP000501,SP003529,LDS,YRK,YRK,5,MIK,CHF,SOM,0.714
SP000501,SP003571,LDS,YRK,HUL,5,MIK,CHF,SOM,0.714
SP000502,SP000559,EDB,HLC,HLC,6,BHG,DRU,ARM,0.2
SP000502,SP001993,EDB,HLC,HLC,6,BHG,DRU,ARM,0.2
SP000502,SP003776,EDB,HLC,HLC,24,DMR,DBE,KPT,0.8
SP000502,SP003779,EDB,HLC,HLC,6,BHG,DRU,ARM,0.2
SP000502,SP003792,EDB,HLC,HLC,6,BHG,DRU,ARM,0.2
SP000502,SP003796,EDB,HLC,GRS,6,BHG,DRU,ARM,0.24
SP000502,SP003893,EDB,HLC,MLN,6,BHG,DRU,ARM,0.24
SP000502,SP003897,EDB,HLC,GRS,6,BHG,DRU,ARM,0.286
SP000502,SP003902,EDB,HLC,MLN,6,BHG,DRU,ARM,0.207
SP000502,SP004316,EDB,HLC,ADR,6,BHG,DRU,ARM,0.545
SP000503,SP000551,RAM,XVJ,FAV,10,FAV,TEY,,1.0
SP000503,SP003059,RAM,XVJ,GLM,15,GLM,CTM,,1.0
SP000503,SP003378,RAM,XVJ,XVJ,22,XWK,SAY,FNR,0.688
SP000503,SP004534,RAM,XVJ,CST,10,FAV,TEY,SIT,0.345
SP000503,SP004587,RAM,XVJ,XVJ,22,XWK,SAY,FNR,0.688
SP000503,SP004640,RAM,XVJ,RTR,17,RTR,XRJ,,1.0
SP000504,SP002934,SHF,RET,LCN,7,WRK,RET,XRO,0.875
SP000504,SP002935,SHF,RET,WRK,7,WRK,RET,,1.0
SP000505,SP001863,YRK,LDS,BBN,7,LDS,,NPD,1.0
SP000505,SP004276,YRK,LDS,BPN,7,LDS,,NPD,1.0
SP000507,SP002121,HFD,WOS,BHM,9,WOS,,DTW,1.0
SP000507,SP002122,HFD,WOS,BHM,8,WOF,WOS,DTW,0.889
SP000507,SP002309,HFD,WOS,PAD,9,WOS,,WPH,1.0
SP000507,SP002864,HFD,WOS,PAD,9,WOS,,WPH,1.0
SP000507,SP003443,HFD,WOS,PAD,9,WOS,,WPH,1.0
SP000507,SP003875,HFD,WOS,BHM,8,WOF,WOS,DTW,0.889
SP000508,SP000714,LDS,SHF,NOT,6,SHF,,DRO,1.0
SP000515,SP001644,LDS,SHF,PLY,5,SHF,,CHD,1.0
SP000516,SP001054,LDS,KGX,KGX,10,HUN,SDY,SNO,0.476
SP000516,SP001300,LDS,KGX,KGX,14,SVG,XGN,HFN,0.667
SP000517,SP002671,EXM,EXD,PGN,11,EXD,,EXT,1.0
SP000517,SP002677,EXM,EXD,PGN,11,EXD,,DWW,1.0
SP000517,SP003514,EXM,EXD,CDF,11,EXD,,TVP,1.0
SP000517,SP003517,EXM,EXD,BNP,11,EXD,,NTC,1.0
SP000517,SP004333,EXM,EXD,PGN,11,EXD,,EXT,1.0
SP000518,SP000550,PGN,EXD,EXM,8,SCS,EXT,MBT,0.8
SP000518,SP000558,PGN,EXD,EXM,7,DWW,SCS,MBT,0.7
SP000518,SP001152,PGN,EXD,EXM,10,EXD,,EXC,1.0
SP000518,SP001156,PGN,EXD,EXM,7,DWW,SCS,MBT,0.7
SP000518,SP001165,PGN,EXD,EXM,10,EXD,,EXC,1.0
SP000518,SP001167,PGN,EXD,EXM,7,DWW,SCS,MBT,0.7
SP000518,SP001168,PGN,EXD,EXM,8,SCS,EXT,MBT,0.8
SP000518,SP001542,PGN,EXD,MAN,7,DWW,SCS,EXD,0.7
SP000518,SP001556,PGN,EXD,MAN,7,DWW,SCS,EXD,0.7
SP000518,SP002411,PGN,EXD,EXD,8,SCS,EXT,MBT,0.8
SP000518,SP002570,PGN,EXD,BRI,10,EXD,,TVP,1.0
SP000518,SP003285,PGN,EXD,EXD,7,DWW,SCS,EXT,0.778
SP000518,SP003415,PGN,EXD,PAD,7,DWW,SCS,EXD,0.7
SP000518,SP003513,PGN,EXD,CDF,10,EXD,,TVP,1.0
SP000518,SP004093,PGN,EXD,BRI,7,DWW,SCS,EXD,0.7
SP000518,SP004167,PGN,EXD,PAD,7,DWW,SCS,EXD,0.7
SP000520,SP002187,LDS,CAR,SKI,9,SKI,GGV,,1.0
SP000521,SP000529,KGX,LCN,LDS,16,NNG,LCN,XNK,0.941
SP000521,SP000698,KGX,LCN,NCL,16,NNG,LCN,XNK,0.941
SP000521,SP000700,KGX,LCN,BDQ,16,NNG,LCN,XNK,0.941
SP000521,SP000799,KGX,LCN,BDI,16,NNG,LCN,XNK,0.941
SP000521,SP000920,KGX,LCN,KLN,9,HIT,BIW,LET,0.529
SP000521,SP000930,KGX,LCN,ELY,9,HIT,BIW,LET,0.529
SP000521,SP000950,KGX,LCN,YRK,16,NNG,LCN,XNK,0.941
SP000521,SP000952,KGX,LCN,MBR,16,NNG,LCN,XNK,0.941
SP000521,SP000958,KGX,LCN,ABD,16,NNG,LCN,XNK,0.941
SP000521,SP000999,KGX,LCN,DON,16,NNG,LCN,XNK,0.941
SP000521,SP001003,KGX,LCN,HGT,16,NNG,LCN,XNK,0.941
SP000521,SP001007,KGX,LCN,CBG,6,WGC,XGN,WLW,0.353
SP000521,SP001047,KGX,LCN,SKI,16,NNG,LCN,XNK,0.941
SP000521,SP001120,KGX,LCN,PBO,11,SDY,HUN,SNO,0.733
SP000521,SP001594,KGX,LCN,HUL,16,NNG,LCN,XNK,0.941
SP000521,SP001727,KGX,LCN,CBG,9,HIT,BIW,LET,0.529
SP000521,SP001880,KGX,LCN,BEV,16,NNG,LCN,XNK,0.941
SP000521,SP002020,KGX,LCN,PBO,9,HIT,BIW,ARL,0.562
SP000521,SP002363,KGX,LCN,LET,5,PBR,WGC,HAT,0.385
SP000521,SP002914,KGX,LCN,KLN,9,HIT,BIW,LET,0.529
SP000521,SP002953,KGX,LCN,EDB,16,NNG,LCN,XNK,0.941
SP000521,SP003540,KGX,LCN,GLQ,16,NNG,LCN,XNK,0.941
SP000521,SP003600,KGX,LCN,CBG,9,HIT,BIW,LET,0.529
SP000521,SP003669,KGX,LCN,INV,16,NNG,LCN,XNK,0.941
SP000522,SP000531,BRI,WOF,GCR,6,GCR,CNM,,1.0
SP000522,SP003494,BRI,WOF,GMV,11,WOF,,XHK,1.0
SP000523,SP002027,SPR,MLN,BHC,10,HYN,ANL,JOR,0.667
SP000523,SP004305,SPR,MLN,GRS,10,HYN,ANL,JOR,0.769
SP000526,SP000528,DMR,WFF,MTH,21,WFF,,MTH,1.0
SP000526,SP002694,DMR,WFF,RUT,12,AGS,BDG,RUT,0.923
SP000526,SP003001,DMR,WFF,CUB,15,RUT,CML,CBL,0.714
SP000526,SP003003,DMR,WFF,MTH,15,RUT,CML,CBL,0.714
SP000526,SP003916,DMR,WFF,EDB,8,PTK,EXG,CHC,0.381
SP000526,SP004206,DMR,WFF,EDB,8,PTK,EXG,CHC,0.381
SP000526,SP004235,DMR,WFF,CRS,21,WFF,,MTH,1.0
SP000527,SP001522,BRI,GCR,SSD,5,GCR,,CNM,1.0
SP000528,SP002694,DMR,MTH,RUT,12,AGS,BDG,RUT,0.923
SP000528,SP003001,DMR,MTH,CUB,15,RUT,CML,CBL,0.682
SP000528,SP003003,DMR,MTH,MTH,15,RUT,CML,CBL,0.682
SP000528,SP003916,DMR,MTH,EDB,8,PTK,EXG,CHC,0.364
SP000528,SP004206,DMR,MTH,EDB,8,PTK,EXG,CHC,0.364
SP000528,SP004235,DMR,MTH,CRS,22,MTH,,SDM,1.0
SP000529,SP000698,KGX,LDS,NCL,19,DON,AWK,YRK,0.864
SP000529,SP000700,KGX,LDS,BDQ,22,LDS,,SHY,1.0
SP000529,SP000799,KGX,LDS,BDI,20,AWK,WKF,WKK,0.909
SP000529,SP000920,KGX,LDS,KLN,9,HIT,BIW,LET,0.409
SP000529,SP000930,KGX,LDS,ELY,9,HIT,BIW,LET,0.474
SP000529,SP000950,KGX,LDS,YRK,19,DON,AWK,YRK,0.95
SP000529,SP000952,KGX,LDS,MBR,19,DON,AWK,YRK,0.864
SP000529,SP000958,KGX,LDS,ABD,19,DON,AWK,YRK,0.864
SP000529,SP000999,KGX,LDS,DON,19,DON,AWK,,1.0
SP000529,SP001003,KGX,LDS,HGT,22,LDS,,HRS,1.0
SP000529,SP001007,KGX,LDS,CBG,6,WGC,XGN,WLW,0.286
SP000529,SP001047,KGX,LDS,SKI,22,LDS,,SHY,1.0
SP000529,SP001120,KGX,LDS,PBO,11,SDY,HUN,SNO,0.733
SP000529,SP001594,KGX,LDS,HUL,19,DON,AWK,SBY,0.864
SP000529,SP001727,KGX,LDS,CBG,9,HIT,BIW,LET,0.529
SP000529,SP001880,KGX,LDS,BEV,19,DON,AWK,SBY,0.864
SP000529,SP002020,KGX,LDS,PBO,9,HIT,BIW,ARL,0.562
SP000529,SP002363,KGX,LDS,LET,5,PBR,WGC,HAT,0.385
SP000529,SP002914,KGX,LDS,KLN,9,HIT,BIW,LET,0.409
SP000529,SP002953,KGX,LDS,EDB,19,DON,AWK,THI,0.864
SP000529,SP003540,KGX,LDS,GLQ,19,DON,AWK,THI,0.864
SP000529,SP003600,KGX,LDS,CBG,9,HIT,BIW,LET,0.474
SP000529,SP003669,KGX,LDS,INV,19,DON,AWK,YRK,0.864
SP000531,SP003494,BRI,GCR,GMV,6,GCR,,CNM,1.0
SP000533,SP000868,EUS,BHM,LIV,8,XOD,LBZ,BLY,0.32
SP000533,SP000882,EUS,BHM,WVH,8,XOD,LBZ,BLY,0.348
SP000533,SP000885,EUS,BHM,CRE,8,XOD,LBZ,BLY,0.32
SP000533,SP000892,EUS,BHM,GLC,8,XOD,LBZ,BLY,0.32
SP000533,SP001313,EUS,BHM,HHD,8,XOD,LBZ,BLY,0.32
SP000533,SP001327,EUS,BHM,TRI,5,WFJ,XOE,APS,0.5
SP000533,SP001329,EUS,BHM,TRI,5,WFJ,XOE,KGL,0.5
SP000533,SP001343,EUS,BHM,NMP,8,XOD,LBZ,BLY,0.667
SP000533,SP001346,EUS,BHM,CRE,8,XOD,LBZ,BLY,0.348
SP000533,SP001451,EUS,BHM,BLY,5,WFJ,XOE,HML,0.417
SP000533,SP001454,EUS,BHM,BLY,5,WFJ,XOE,APS,0.385
SP000533,SP001807,EUS,BHM,GLC,8,XOD,LBZ,BLY,0.32
SP000533,SP002179,EUS,BHM,GLC,8,XOD,LBZ,BLY,0.32
SP000533,SP002202,EUS,BHM,WSL,25,BHM,,XOZ,1.0
SP000533,SP002261,EUS,BHM,NMP,5,WFJ,XOE,KGL,0.294
SP000533,SP002647,EUS,BHM,MKC,5,WFJ,XOE,KGL,0.333
SP000533,SP002655,EUS,BHM,SAA,5,WFJ,XOE,WFN,0.455
SP000533,SP002872,EUS,BHM,CTR,8,XOD,LBZ,BLY,0.4
SP000533,SP003031,EUS,BHM,MAN,8,XOD,LBZ,BLY,0.32
SP000533,SP003036,EUS,BHM,BHM,22,BHI,SCF,MGN,0.88
SP000533,SP003114,EUS,BHM,LIV,8,XOD,LBZ,BLY,0.32
SP000533,SP003191,EUS,BHM,BPN,8,XOD,LBZ,BLY,0.32
SP000533,SP003207,EUS,BHM,LIV,8,XOD,LBZ,BLY,0.32
SP000533,SP003300,EUS,BHM,WRX,8,XOD,LBZ,BLY,0.381
SP000533,SP003360,EUS,BHM,EDB,8,XOD,LBZ,BLY,0.32
SP000533,SP003475,EUS,BHM,WVH,8,XOD,LBZ,BLY,0.32
SP000533,SP003568,EUS,BHM,WVH,8,XOD,LBZ,BLY,0.32
SP000533,SP003958,EUS,BHM,INV,8,XOD,LBZ,BLY,0.32
SP000533,SP004012,EUS,BHM,GLC,8,XOD,LBZ,BLY,0.32
SP000533,SP004017,EUS,BHM,PRE,8,XOD,LBZ,BLY,0.32
SP000533,SP004025,EUS,BHM,PRE,8,XOD,LBZ,BLY,0.32
SP000533,SP004034,EUS,BHM,CRE,8,XOD,LBZ,BLY,0.32
SP000533,SP004036,EUS,BHM,GLC,8,XOD,LBZ,BLY,0.32
SP000533,SP004111,EUS,BHM,GLC,8,XOD,LBZ,BLY,0.32
SP000533,SP004131,EUS,BHM,BHM,5,WFJ,XOE,KGL,0.2
SP000533,SP004188,EUS,BHM,CRE,8,XOD,LBZ,BLY,0.381
SP000533,SP004207,EUS,BHM,CRE,8,XOD,LBZ,BLY,0.32
SP000533,SP004232,EUS,BHM,INV,8,XOD,LBZ,BLY,0.32
SP000533,SP004384,EUS,BHM,WVH,8,XOD,LBZ,BLY,0.333
SP000533,SP004399,EUS,BHM,GLC,8,XOD,LBZ,BLY,0.32
SP000533,SP004433,EUS,BHM,NMP,14,NMP,LBK,,1.0
SP000533,SP004516,EUS,BHM,GLC,8,XOD,LBZ,BLY,0.32
SP000533,SP004529,EUS,BHM,BHM,5,WFJ,XOE,KGL,0.2
SP000534,SP001318,QPW,KNT,KNT,5,SBP,NWB,WMB,0.625
SP000534,SP003060,QPW,KNT,WMB,5,SBP,NWB,WMB,0.833
SP000534,SP003369,QPW,KNT,SBP,5,SBP,NWB,,1.0
SP000535,SP001941,GLC,CAR,KMK,6,KMK,AUK,,1.0
SP000535,SP002038,GLC,CAR,AYR,6,KMK,AUK,TRN,0.6
SP000535,SP002475,GLC,CAR,DMF,11,DMF,ANN,,1.0
SP000535,SP003229,GLC,CAR,GIR,6,KMK,AUK,TRN,0.5
SP000536,SP000557,FST,GRY,PSE,7,GRY,,TIL,1.0
SP000536,SP000594,FST,GRY,SOC,7,GRY,,TIL,1.0
SP000536,SP000611,FST,GRY,LES,7,GRY,,TIL,1.0
SP000537,SP001429,EDB,KGX,NCL,9,NCL,DHM,,1.0
SP000537,SP001671,EDB,KGX,PLY,14,YRK,DON,CHF,0.438
SP000537,SP001674,EDB,KGX,CDF,14,YRK,DON,CHF,0.438
SP000537,SP001676,EDB,KGX,PLY,14,YRK,DON,CHF,0.438
SP000537,SP001680,EDB,KGX,BRI,14,YRK,DON,CHF,0.438
SP000537,SP001876,EDB,KGX,PNZ,14,YRK,DON,CHF,0.438
SP000537,SP001877,EDB,KGX,KGX,21,HUN,SDY,SNO,0.656
SP000537,SP002344,EDB,KGX,KGX,21,HUN,SDY,SNO,0.656
SP000537,SP002854,EDB,KGX,NCL,8,MPT,NCL,CRM,0.8
SP000537,SP002942,EDB,KGX,KGX,10,DHM,DAR,NTR,0.323
SP000537,SP002958,EDB,KGX,KGX,25,SVG,XGN,HFN,0.781
SP000537,SP003384,EDB,KGX,BRI,14,YRK,DON,CHF,0.438
SP000537,SP003476,EDB,KGX,KGX,27,WGC,PBR,HAT,0.844
SP000537,SP004602,EDB,KGX,KGX,21,HUN,SDY,SNO,0.656
SP000538,SP000891,SHR,SWA,LLE,32,LLE,GWN,,1.0
SP000540,SP002312,WOS,DID,PAD,7,KGM,SIP,AUW,0.389
SP000540,SP003441,WOS,DID,PAD,7,KGM,SIP,AUW,0.389
SP000540,SP003811,WOS,DID,PAD,7,KGM,SIP,AUW,0.389
SP000541,SP004373,BNP,EXD,EXC,10,EXD,,EXC,1.0
SP000543,SP001287,TRI,EUS,EUS,5,APS,WFJ,KGL,0.455
SP000543,SP002611,TRI,EUS,EUS,5,APS,WFJ,KGL,0.455
SP000547,SP004258,MRY,SEL,WTH,6,WTH,CKL,,1.0
SP000548,SP002065,SHR,BHM,BHM,7,COS,WVH,CSL,0.538
SP000548,SP002066,SHR,BHM,BHM,7,COS,WVH,CSL,0.538
SP000549,SP001459,MAN,BMH,BHM,16,BHM,XOZ,,1.0
SP000549,SP001666,MAN,BMH,PGN,17,XOZ,SCF,XON,0.405
SP000549,SP001669,MAN,BMH,PGN,17,XOZ,SCF,XON,0.405
SP000549,SP001672,MAN,BMH,BRI,17,XOZ,SCF,XON,0.531
SP000549,SP001774,MAN,BMH,RDG,29,RDG,BMY,,1.0
SP000549,SP003253,MAN,BMH,EUS,8,SNE,STA,XCO,0.308
SP000549,SP003266,MAN,BMH,EUS,13,DDP,XGJ,SAD,0.371
SP000549,SP003377,MAN,BMH,SOU,38,SOU,RDB,,1.0
SP000549,SP004023,MAN,BMH,EUS,8,SNE,STA,XCO,0.296
SP000550,SP000558,PGN,EXM,EXM,7,DWW,SCS,MBT,0.467
SP000550,SP001152,PGN,EXM,EXM,8,SCS,MBT,EXT,0.5
SP000550,SP001156,PGN,EXM,EXM,7,DWW,SCS,MBT,0.368
SP000550,SP001165,PGN,EXM,EXM,8,SCS,MBT,EXT,0.4
SP000550,SP001167,PGN,EXM,EXM,7,DWW,SCS,MBT,0.389
SP000550,SP001168,PGN,EXM,EXM,13,SJP,POL,DIG,0.722
SP000550,SP001542,PGN,EXM,MAN,7,DWW,SCS,EXD,0.333
SP000550,SP001556,PGN,EXM,MAN,7,DWW,SCS,EXD,0.333
SP000550,SP002411,PGN,EXM,EXD,11,EXD,EXC,,1.0
SP000550,SP002570,PGN,EXM,BRI,8,SCS,MBT,EXT,0.533
SP000550,SP003285,PGN,EXM,EXD,7,DWW,SCS,EXT,0.778
SP000550,SP003415,PGN,EXM,PAD,7,DWW,SCS,EXD,0.333
SP000550,SP003513,PGN,EXM,CDF,8,SCS,MBT,EXT,0.381
SP000550,SP004093,PGN,EXM,BRI,7,DWW,SCS,EXD,0.538
SP000550,SP004167,PGN,EXM,PAD,7,DWW,SCS,EXD,0.333
SP000551,SP003059,RAM,FAV,GLM,10,FAV,,TEY,1.0
SP000551,SP003378,RAM,FAV,XVJ,10,FAV,,TEY,1.0
SP000551,SP004534,RAM,FAV,CST,10,FAV,,SIT,1.0
SP000551,SP004587,RAM,FAV,XVJ,10,FAV,,TEY,1.0
SP000551,SP004640,RAM,FAV,RTR,10,FAV,,TEY,1.0
SP000552,SP001643,MYB,BSW,HWY,5,WRU,GER,DNM,0.455
SP000552,SP002429,MYB,BSW,AYS,5,WRU,GER,DNM,0.333
SP000552,SP002777,MYB,BSW,OXF,6,GER,HWY,SRG,0.333
SP000552,SP002783,MYB,BSW,OXF,6,GER,HWY,BCF,0.353
SP000552,SP003198,MYB,BSW,BAN,6,GER,HWY,BCF,0.375
SP000552,SP003867,MYB,BSW,OXF,11,XJV,BCS,XGY,0.688
SP000552,SP004114,MYB,BSW,BCS,5,WRU,GER,DNM,0.312
SP000552,SP004157,MYB,BSW,BMO,20,HTN,DDG,LPW,0.769
SP000552,SP004185,MYB,BSW,BAN,5,WRU,GER,DNM,0.333
SP000552,SP004191,MYB,BSW,SBJ,20,HTN,DDG,LPW,0.769
SP000552,SP004257,MYB,BSW,BMO,6,GER,HWY,BCF,0.24
SP000552,SP004445,MYB,BSW,BAN,6,GER,HWY,BCF,0.316
SP000552,SP004479,MYB,BSW,PRR,9,PRR,HDM,,1.0
SP000552,SP004626,MYB,BSW,OXF,5,WRU,GER,DNM,0.278
SP000552,SP004639,MYB,BSW,BAN,5,WRU,GER,DNM,0.25
SP000552,SP004641,MYB,BSW,BSW,6,GER,HWY,BCF,0.231
SP000553,SP004162,SAV,LMS,MYB,8,LMS,,XFC,1.0
SP000554,SP000612,LMS,BSW,BMO,10,BMO,BSW,,1.0
SP000554,SP004102,LMS,BSW,WOF,6,DDG,SOL,WMR,0.545
SP000555,SP000609,BMO,LMS,LMS,7,HTN,WRW,WRP,0.778
SP000555,SP002430,BMO,LMS,MYB,7,HTN,WRW,WRP,0.778
SP000556,SP004588,DVP,XVJ,XVJ,11,FAV,SIT,TEY,0.344
SP000557,SP000594,FST,PSE,SOC,11,PSE,,BEF,1.0
SP000557,SP000611,FST,PSE,LES,11,PSE,,BEF,1.0
SP000558,SP001152,PGN,EXM,EXM,7,DWW,MBT,SCS,0.467
SP000558,SP001156,PGN,EXM,EXM,10,EXC,DIG,SJP,0.667
SP000558,SP001165,PGN,EXM,EXM,7,DWW,MBT,SCS,0.467
SP000558,SP001167,PGN,EXM,EXM,10,EXC,DIG,POL,0.667
SP000558,SP001168,PGN,EXM,EXM,7,DWW,MBT,SCS,0.467
SP000558,SP001542,PGN,EXM,MAN,7,DWW,MBT,EXD,0.467
SP000558,SP001556,PGN,EXM,MAN,7,DWW,MBT,EXD,0.467
SP000558,SP002411,PGN,EXM,EXD,7,DWW,MBT,SCS,0.636
SP000558,SP002570,PGN,EXM,BRI,7,DWW,MBT,SCS,0.467
SP000558,SP003285,PGN,EXM,EXD,7,DWW,MBT,EXT,0.778
SP000558,SP003415,PGN,EXM,PAD,7,DWW,MBT,EXD,0.467
SP000558,SP003513,PGN,EXM,CDF,7,DWW,MBT,SCS,0.467
SP000558,SP004093,PGN,EXM,BRI,7,DWW,MBT,EXD,0.538
SP000558,SP004167,PGN,EXM,PAD,7,DWW,MBT,EXD,0.467
SP000559,SP001993,EDB,HLC,HLC,24,HYN,ANL,GRS,0.706
SP000559,SP003776,EDB,HLC,HLC,6,BHG,ARM,DRU,0.188
SP000559,SP003779,EDB,HLC,HLC,24,HYN,ANL,SCH,0.686
SP000559,SP003792,EDB,HLC,HLC,17,SLS,CAY,BLG,0.515
SP000559,SP003796,EDB,HLC,GRS,24,HYN,ANL,GRS,0.96
SP000559,SP003893,EDB,HLC,MLN,11,ADR,COA,CBS,0.44
SP000559,SP003897,EDB,HLC,GRS,11,ADR,COA,CBS,0.524
SP000559,SP003902,EDB,HLC,MLN,26,WES,DMC,BRN,0.897
SP000559,SP004316,EDB,HLC,ADR,11,ADR,COA,,1.0
SP000560,SP000565,MIA,BPN,BPN,10,HWI,CRL,BLK,0.556
SP000560,SP000570,MIA,BPN,BPN,10,HWI,CRL,BLK,0.556
SP000560,SP000610,MIA,BPN,BPN,8,XLK,LOT,HWI,0.471
SP000560,SP003292,MIA,BPN,LAN,5,DGT,SLD,ECC,0.5
SP000560,SP003707,MIA,BPN,BPN,13,XOU,LEY,PRE,0.722
SP000560,SP004451,MIA,BPN,OXN,8,XLK,LOT,CRL,0.571
SP000560,SP004500,MIA,BPN,LIV,5,DGT,SLD,SFD,0.278
SP000562,SP000978,SUO,SAC,BDM,16,BFR,CTK,ZFD,0.571
SP000562,SP001203,SUO,SAC,BDM,28,SAC,,HPD,1.0
SP000562,SP003055,SUO,SAC,BDM,16,BFR,CTK,ZFD,0.571
SP000563,SP003913,LIT,SOU,PMS,11,HAV,CSA,HLS,0.786
SP000565,SP000570,MIA,BPN,BPN,19,PFY,LAY,BPN,0.95
SP000565,SP000610,MIA,BPN,BPN,8,XLK,LOT,HWI,0.471
SP000565,SP003292,MIA,BPN,LAN,5,DGT,SLD,ECC,0.5
SP000565,SP003707,MIA,BPN,BPN,10,HWI,BLK,CRL,0.556
SP000565,SP004451,MIA,BPN,OXN,8,XLK,LOT,CRL,0.571
SP000565,SP004500,MIA,BPN,LIV,5,DGT,SLD,SFD,0.278
SP000568,SP001637,ECR,XSU,WFJ,5,SRC,STE,BAL,0.417
SP000568,SP002522,ECR,XSU,BAK,5,SRC,STE,BAL,0.625
SP000570,SP000610,MIA,BPN,BPN,8,XLK,LOT,HWI,0.471
SP000570,SP003292,MIA,BPN,LAN,5,DGT,SLD,ECC,0.5
SP000570,SP003707,MIA,BPN,BPN,10,HWI,BLK,CRL,0.556
SP000570,SP004451,MIA,BPN,OXN,8,XLK,LOT,CRL,0.571
SP000570,SP004500,MIA,BPN,LIV,5,DGT,SLD,SFD,0.278
SP000573,SP000575,PBO,HRH,HRH,12,HAT,PBR,BPK,0.231
SP000573,SP001121,PBO,HRH,KGX,5,BIW,ARL,HIT,0.357
SP000573,SP001499,PBO,HRH,HRH,8,SVG,KBW,XGN,0.2
SP000573,SP001501,PBO,HRH,HRH,8,SVG,KBW,XGN,0.2
SP000573,SP001504,PBO,HRH,HRH,11,WGC,HAT,PBR,0.275
SP000573,SP002023,PBO,HRH,HRH,8,SVG,KBW,XGN,0.205
SP000573,SP002028,PBO,HRH,HRH,11,WGC,HAT,PBR,0.275
SP000573,SP002033,PBO,HRH,HRH,11,WGC,HAT,PBR,0.268
SP000573,SP003303,PBO,HRH,KGX,8,SVG,KBW,HFN,0.421
SP000573,SP003549,PBO,HRH,KGX,8,SVG,KBW,HFN,0.533
SP000573,SP003599,PBO,HRH,KGX,8,SVG,KBW,HFN,0.5
SP000573,SP003991,PBO,HRH,HRH,8,SVG,KBW,XGN,0.229
SP000573,SP003992,PBO,HRH,HRH,8,SVG,KBW,XGN,0.216
SP000573,SP003994,PBO,HRH,KGX,8,SVG,KBW,XGN,0.533
SP000573,SP003996,PBO,HRH,KGX,8,SVG,KBW,XGN,0.471
SP000573,SP004155,PBO,HRH,HRH,8,SVG,KBW,XGN,0.211
SP000573,SP004339,PBO,HRH,HRH,8,SVG,KBW,XGN,0.216
SP000573,SP004341,PBO,HRH,HRH,8,SVG,KBW,XGN,0.211
SP000575,SP001121,PBO,HRH,KGX,5,BIW,ARL,HIT,0.357
SP000575,SP001499,PBO,HRH,HRH,8,SVG,KBW,XGN,0.2
SP000575,SP001501,PBO,HRH,HRH,8,SVG,KBW,XGN,0.2
SP000575,SP001504,PBO,HRH,HRH,11,WGC,HAT,PBR,0.275
SP000575,SP002023,PBO,HRH,HRH,8,SVG,KBW,XGN,0.205
SP000575,SP002028,PBO,HRH,HRH,11,WGC,HAT,PBR,0.275
SP000575,SP002033,PBO,HRH,HRH,11,WGC,HAT,PBR,0.268
SP000575,SP003303,PBO,HRH,KGX,8,SVG,KBW,HFN,0.421
SP000575,SP003549,PBO,HRH,KGX,8,SVG,KBW,HFN,0.533
SP000575,SP003599,PBO,HRH,KGX,8,SVG,KBW,HFN,0.5
SP000575,SP003991,PBO,HRH,HRH,8,SVG,KBW,XGN,0.229
SP000575,SP003992,PBO,HRH,HRH,8,SVG,KBW,XGN,0.216
SP000575,SP003994,PBO,HRH,KGX,8,SVG,KBW,XGN,0.533
SP000575,SP003996,PBO,HRH,KGX,8,SVG,KBW,XGN,0.471
SP000575,SP004155,PBO,HRH,HRH,8,SVG,KBW,XGN,0.211
SP000575,SP004339,PBO,HRH,HRH,8,SVG,KBW,XGN,0.216
SP000575,SP004341,PBO,HRH,HRH,8,SVG,KBW,XGN,0.211
SP000576,SP000644,BSW,BAN,MYB,6,DDG,LPW,HTN,0.462
SP000576,SP000655,BSW,BAN,BAN,6,DDG,LPW,HTN,0.5
SP000576,SP004174,BSW,BAN,LMS,11,LMS,XFC,,1.0
SP000576,SP004634,BSW,BAN,MYB,13,BAN,,KGS,1.0
SP000576,SP004645,BSW,BAN,MYB,6,DDG,LPW,HTN,0.462
SP000578,SP000661,MAN,HUL,NCL,12,MIK,SBY,CHF,0.706
SP000578,SP000678,MAN,HUL,RCC,12,MIK,SBY,CHF,0.706
SP000578,SP000719,MAN,HUL,RCC,11,CRG,MIK,GRF,0.647
SP000578,SP001561,MAN,HUL,RCC,7,HUD,DEW,WKK,0.412
SP000578,SP002978,MAN,HUL,YRK,7,HUD,DEW,MIR,0.412
SP000578,SP003048,MAN,HUL,NCL,7,HUD,DEW,WKK,0.412
SP000578,SP003058,MAN,HUL,HUL,10,LDS,CRG,XES,0.588
SP000578,SP003072,MAN,HUL,SLB,12,MIK,SBY,CHF,0.706
SP000578,SP003075,MAN,HUL,YRK,7,HUD,DEW,MIR,0.467
SP000578,SP003134,MAN,HUL,NCL,10,LDS,CRG,XES,0.588
SP000578,SP003279,MAN,HUL,YRK,7,HUD,DEW,WKK,0.5
SP000578,SP003960,MAN,HUL,YRK,12,MIK,SBY,CHF,0.857
SP000578,SP004138,MAN,HUL,DAR,12,MIK,SBY,CHF,0.706
SP000579,SP001775,MCV,SOP,WGN,10,HIN,INC,WGN,0.909
SP000579,SP002341,MCV,SOP,WGW,10,HIN,INC,WGW,0.909
SP000581,SP000651,PAD,BRI,PLY,6,RDG,GOR,THE,0.5
SP000581,SP000801,PAD,BRI,PLY,6,RDG,GOR,THE,0.5
SP000581,SP000835,PAD,BRI,WSM,11,BTH,BRI,KYN,0.917
SP000581,SP000840,PAD,BRI,PNZ,12,BRI,,BWT,1.0
SP000581,SP000848,PAD,BRI,WOS,7,GOR,DID,OXF,0.583
SP000581,SP000858,PAD,BRI,OXF,8,DID,SWI,OXF,0.889
SP000581,SP000862,PAD,BRI,CNM,9,SWI,CPM,KEM,0.75
SP000581,SP001654,PAD,BRI,NBY,6,RDG,GOR,THE,0.6
SP000581,SP001823,PAD,BRI,SWA,8,DID,SWI,XJF,0.667
SP000581,SP001838,PAD,BRI,SWA,9,SWI,CPM,BPW,0.75
SP000581,SP001939,PAD,BRI,RDG,6,RDG,GOR,,1.0
SP000581,SP002174,PAD,BRI,WSM,12,BRI,,NLS,1.0
SP000581,SP002183,PAD,BRI,WSM,12,BRI,,NLS,1.0
SP000581,SP002209,PAD,BRI,EXD,6,RDG,GOR,THE,0.5
SP000581,SP002216,PAD,BRI,NQY,6,RDG,GOR,THE,0.5
SP000581,SP002711,PAD,BRI,BDW,6,RDG,GOR,THE,0.5
SP000581,SP003385,PAD,BRI,PGN,6,RDG,GOR,THE,0.5
SP000581,SP003417,PAD,BRI,CDF,9,SWI,CPM,BPW,0.75
SP000581,SP003420,PAD,BRI,WOS,9,SWI,CPM,KEM,0.75
SP000581,SP003428,PAD,BRI,WSB,6,RDG,GOR,THE,0.5
SP000581,SP003429,PAD,BRI,CMN,9,SWI,CPM,BPW,0.75
SP000581,SP003434,PAD,BRI,SWA,9,SWI,CPM,BPW,0.75
SP000581,SP003440,PAD,BRI,SWA,9,SWI,CPM,BPW,0.75
SP000581,SP003448,PAD,BRI,TAU,12,BRI,,NLS,1.0
SP000581,SP003480,PAD,BRI,PNZ,6,RDG,GOR,THE,0.5
SP000581,SP003666,PAD,BRI,TAU,12,BRI,,NLS,1.0
SP000581,SP003788,PAD,BRI,SWA,12,BRI,,FIT,1.0
SP000581,SP004186,PAD,BRI,FRO,6,RDG,GOR,THE,0.5
SP000581,SP004248,PAD,BRI,WPH,7,GOR,DID,OXF,0.583
SP000581,SP004338,PAD,BRI,BPW,9,SWI,CPM,BPW,0.9
SP000581,SP004416,PAD,BRI,BDW,6,RDG,GOR,RDW,0.5
SP000581,SP004476,PAD,BRI,BAN,7,GOR,DID,OXF,0.636
SP000581,SP004599,PAD,BRI,WOS,9,SWI,CPM,KEM,0.75
SP000584,SP000587,XVJ,RAM,DVP,21,FAV,WHI,SEG,0.7
SP000584,SP000599,XVJ,RAM,RAM,19,SIT,TEY,FAV,0.655
SP000584,SP000602,XVJ,RAM,DVP,11,XWK,SOR,LGF,0.367
SP000584,SP000620,XVJ,RAM,DVP,19,SIT,TEY,FAV,0.633
SP000584,SP000654,XVJ,RAM,FAV,11,XWK,SOR,LGF,0.478
SP000584,SP000951,XVJ,RAM,AFK,9,XMU,SAY,SMY,0.36
SP000584,SP000953,XVJ,RAM,AFK,9,XMU,SAY,SMY,0.375
SP000584,SP000960,XVJ,RAM,AFK,10,SAY,XWK,OTF,0.435
SP000584,SP000964,XVJ,RAM,RAM,9,XMU,SAY,SMY,0.3
SP000584,SP001887,XVJ,RAM,RAM,11,XWK,SOR,LGF,0.367
SP000584,SP003152,XVJ,RAM,RAM,9,XMU,SAY,SMY,0.3
SP000584,SP003155,XVJ,RAM,GLM,9,XMU,SAY,SMY,0.45
SP000584,SP003334,XVJ,RAM,AFK,8,XLY,XMU,XPE,0.533
SP000584,SP003576,XVJ,RAM,AFK,9,XMU,SAY,SMY,0.409
SP000587,SP000599,XVJ,DVP,RAM,19,SIT,TEY,FAV,0.655
SP000587,SP000602,XVJ,DVP,DVP,11,XWK,SOR,LGF,0.355
SP000587,SP000620,XVJ,DVP,DVP,19,SIT,TEY,FAV,0.633
SP000587,SP000654,XVJ,DVP,FAV,11,XWK,SOR,LGF,0.478
SP000587,SP000951,XVJ,DVP,AFK,9,XMU,SAY,SMY,0.36
SP000587,SP000953,XVJ,DVP,AFK,9,XMU,SAY,SMY,0.375
SP000587,SP000960,XVJ,DVP,AFK,10,SAY,XWK,OTF,0.435
SP000587,SP000964,XVJ,DVP,RAM,9,XMU,SAY,SMY,0.29
SP000587,SP001887,XVJ,DVP,RAM,11,XWK,SOR,LGF,0.355
SP000587,SP003152,XVJ,DVP,RAM,9,XMU,SAY,SMY,0.29
SP000587,SP003155,XVJ,DVP,GLM,9,XMU,SAY,SMY,0.45
SP000587,SP003334,XVJ,DVP,AFK,8,XLY,XMU,XPE,0.533
SP000587,SP003576,XVJ,DVP,AFK,9,XMU,SAY,SMY,0.409
SP000588,SP001310,LUT,BFR,SUO,16,BFR,,EPH,1.0
SP000588,SP001623,LUT,BFR,EPH,16,BFR,,EPH,1.0
SP000588,SP001677,LUT,BFR,ORP,16,BFR,,EPH,1.0
SP000588,SP003020,LUT,BFR,SUO,16,BFR,,EPH,1.0
SP000589,SP001013,SAC,HNH,SUO,16,HNH,,TUH,1.0
SP000589,SP001608,SAC,HNH,SUO,16,HNH,,TUH,1.0
SP000590,SP000972,PMH,NEM,NEM,9,GLD,WOK,EFF,0.75
SP000590,SP001219,PMH,NEM,NEM,5,PTR,HSL,LIS,0.417
SP000590,SP003038,PMH,NEM,NEM,5,PTR,HSL,LIS,0.417
SP000590,SP003509,PMH,NEM,NEM,6,HSL,GOD,WTY,0.5
SP000591,SP002826,MIA,HHD,CTR,14,CTR,SHT,,1.0
SP000591,SP002828,MIA,HHD,HHD,26,LPG,VAL,BOR,0.929
SP000591,SP003057,MIA,HHD,LLJ,21,LLJ,CNW,,1.0
SP000593,SP000652,MAN,HUL,YRK,9,HUD,DEW,MIR,0.6
SP000593,SP001110,MAN,HUL,WKK,9,HUD,DEW,MIR,0.818
SP000593,SP002149,MAN,HUL,YRK,9,HUD,DEW,MIR,0.529
SP000593,SP003074,MAN,HUL,YRK,9,HUD,DEW,MIR,0.529
SP000594,SP000611,FST,SOC,LES,13,LES,CHW,,1.0
SP000597,SP000603,RDZ,GTW,GTW,9,ASH,GLD,WAN,0.45
SP000597,SP001511,RDZ,GTW,GTW,19,ELD,GTW,SAF,0.95
SP000597,SP001514,RDZ,GTW,GTW,9,ASH,GLD,WAN,0.45
SP000597,SP002281,RDZ,GTW,GTW,15,DPD,BTO,REI,0.75
SP000597,SP002293,RDZ,GTW,GTW,9,ASH,GLD,WAN,0.45
SP000597,SP003413,RDZ,GTW,SFR,11,SFR,CHL,,1.0
SP000599,SP000602,XVJ,RAM,DVP,11,XWK,SOR,LGF,0.379
SP000599,SP000620,XVJ,RAM,DVP,20,FAV,WHI,SEG,0.69
SP000599,SP000654,XVJ,RAM,FAV,11,XWK,SOR,LGF,0.478
SP000599,SP000951,XVJ,RAM,AFK,9,XMU,SAY,SMY,0.36
SP000599,SP000953,XVJ,RAM,AFK,9,XMU,SAY,SMY,0.375
SP000599,SP000960,XVJ,RAM,AFK,10,SAY,XWK,OTF,0.435
SP000599,SP000964,XVJ,RAM,RAM,9,XMU,SAY,SMY,0.31
SP000599,SP001887,XVJ,RAM,RAM,11,XWK,SOR,LGF,0.379
SP000599,SP003152,XVJ,RAM,RAM,9,XMU,SAY,SMY,0.31
SP000599,SP003155,XVJ,RAM,GLM,9,XMU,SAY,SMY,0.45
SP000599,SP003334,XVJ,RAM,AFK,8,XLY,XMU,XPE,0.533
SP000599,SP003576,XVJ,RAM,AFK,9,XMU,SAY,SMY,0.409
SP000602,SP000620,XVJ,DVP,DVP,11,XWK,LGF,SOR,0.367
SP000602,SP000654,XVJ,DVP,FAV,23,FAV,SEG,,1.0
SP000602,SP000951,XVJ,DVP,AFK,9,XMU,SAY,SMY,0.36
SP000602,SP000953,XVJ,DVP,AFK,9,XMU,SAY,SMY,0.375
SP000602,SP000960,XVJ,DVP,AFK,10,SAY,XWK,OTF,0.435
SP000602,SP000964,XVJ,DVP,RAM,9,XMU,SAY,SMY,0.273
SP000602,SP001887,XVJ,DVP,RAM,23,FAV,SEG,WHI,0.719
SP000602,SP003152,XVJ,DVP,RAM,9,XMU,SAY,SMY,0.273
SP000602,SP003155,XVJ,DVP,GLM,9,XMU,SAY,SMY,0.45
SP000602,SP003334,XVJ,DVP,AFK,8,XLY,XMU,XPE,0.533
SP000602,SP003576,XVJ,DVP,AFK,9,XMU,SAY,SMY,0.409
SP000603,SP001511,RDZ,GTW,GTW,9,ASH,WAN,GLD,0.45
SP000603,SP001514,RDZ,GTW,GTW,19,ELD,GTW,SAF,0.95
SP000603,SP002281,RDZ,GTW,GTW,9,ASH,WAN,GLD,0.45
SP000603,SP002293,RDZ,GTW,GTW,16,DPD,REI,BTO,0.8
SP000603,SP003413,RDZ,GTW,SFR,9,ASH,WAN,GLD,0.818
SP000604,SP002123,GLC,WMS,GRK,5,PYG,PYJ,BPT,0.385
SP000604,SP002323,GLC,WMS,GRK,10,PTG,WNL,BGS,0.667
SP000604,SP004372,GLC,WMS,WMS,5,PYG,PYJ,BPT,0.417
SP000605,SP000607,MYB,GER,GER,7,WRU,DGC,DNM,0.778
SP000605,SP000667,MYB,GER,WRU,7,WRU,DGC,,1.0
SP000605,SP004609,MYB,GER,GER,7,WRU,DGC,DNM,0.778
SP000606,SP004101,GTW,RDZ,RDZ,11,GLD,ASH,WAN,0.647
SP000607,SP000667,MYB,GER,WRU,7,WRU,DNM,,1.0
SP000607,SP004609,MYB,GER,GER,8,DNM,GER,DGC,0.889
SP000609,SP002430,BMO,LMS,MYB,10,LMS,,XFC,1.0
SP000610,SP003292,MIA,BPN,LAN,5,DGT,SLD,ECC,0.5
SP000610,SP003707,MIA,BPN,BPN,8,XLK,HWI,LOT,0.471
SP000610,SP004451,MIA,BPN,OXN,8,XLK,HWI,CRL,0.571
SP000610,SP004500,MIA,BPN,LIV,5,DGT,SLD,SFD,0.294
SP000612,SP004102,LMS,BMO,WOF,6,DDG,SOL,WMR,0.6
SP000613,SP000650,AYS,MYB,MYB,7,BCF,SRG,GER,0.412
SP000613,SP004486,AYS,MYB,MYB,7,BCF,SRG,GER,0.467
SP000614,SP002751,SVB,BRI,WSM,12,BRI,,BMT,1.0
SP000614,SP004524,SVB,BRI,SAL,12,BRI,,KYN,1.0
SP000615,SP000935,SOU,POO,POO,12,BSM,PKS,POO,0.923
SP000615,SP001245,SOU,POO,BMH,11,BMH,BSM,,1.0
SP000615,SP001835,SOU,POO,WEY,14,POO,,HAM,1.0
SP000617,SP001449,TAU,BRI,SVB,11,BRI,,LWH,1.0
SP000617,SP002329,TAU,BRI,CDF,11,BRI,,LWH,1.0
SP000617,SP003402,TAU,BRI,PAD,9,PSN,BMT,BRI,0.818
SP000619,SP002453,FST,SRY,SRY,8,PSE,BEF,LES,0.533
SP000619,SP002462,FST,SRY,SOC,13,SOC,SOE,,1.0
SP000620,SP000654,XVJ,DVP,FAV,11,XWK,SOR,LGF,0.478
SP000620,SP000951,XVJ,DVP,AFK,9,XMU,SAY,SMY,0.36
SP000620,SP000953,XVJ,DVP,AFK,9,XMU,SAY,SMY,0.375
SP000620,SP000960,XVJ,DVP,AFK,10,SAY,XWK,OTF,0.435
SP000620,SP000964,XVJ,DVP,RAM,9,XMU,SAY,SMY,0.3
SP000620,SP001887,XVJ,DVP,RAM,11,XWK,SOR,LGF,0.367
SP000620,SP003152,XVJ,DVP,RAM,9,XMU,SAY,SMY,0.3
SP000620,SP003155,XVJ,DVP,GLM,9,XMU,SAY,SMY,0.45
SP000620,SP003334,XVJ,DVP,AFK,8,XLY,XMU,XPE,0.533
SP000620,SP003576,XVJ,DVP,AFK,9,XMU,SAY,SMY,0.409
SP000622,SP003178,FAV,RAM,AFK,10,RAM,,THP,1.0
SP000622,SP003206,FAV,RAM,CHX,10,RAM,,THP,1.0
SP000622,SP003263,FAV,RAM,CHX,10,RAM,,THP,1.0
SP000622,SP004398,FAV,RAM,SPX,10,RAM,,XMF,1.0
SP000623,SP002377,XVJ,GLM,CBW,9,XMU,SMY,SAY,0.45
SP000623,SP003609,XVJ,GLM,DVP,20,GLM,,RAI,1.0
SP000626,SP001679,BSK,QRB,NEM,9,NEM,RAY,,1.0
SP000626,SP001693,BSK,QRB,NEM,7,WOK,SUR,BFN,0.583
SP000626,SP002622,BSK,QRB,NEM,5,FNB,BKO,WOK,0.5
SP000626,SP004468,BSK,QRB,WOK,7,WOK,SUR,,1.0
SP000628,SP000712,NOT,SHF,LDS,7,SHF,,MHS,1.0
SP000628,SP000737,NOT,SHF,SHF,5,CHD,DRO,SHF,0.833
SP000628,SP003705,NOT,SHF,LIV,7,SHF,,GRN,1.0
SP000631,SP004375,LIV,BPN,WGN,5,SNH,WGN,GSW,0.714
SP000632,SP000638,FST,SRY,SOC,16,SOC,SOE,,1.0
SP000632,SP000643,FST,SRY,GRY,7,GRY,TIL,,1.0
SP000632,SP000649,FST,SRY,PSE,11,PSE,BEF,,1.0
SP000632,SP003328,FST,SRY,SFO,10,SFO,PSE,,1.0
SP000638,SP000643,FST,SOC,GRY,7,GRY,TIL,,1.0
SP000638,SP000649,FST,SOC,PSE,11,PSE,BEF,,1.0
SP000638,SP003328,FST,SOC,SFO,10,SFO,PSE,,1.0
SP000639,SP000945,BAL,PMH,BOG,6,ELD,GTW,SAF,0.286
SP000639,SP000971,BAL,PMH,BOG,8,TBD,CRW,HHE,0.296
SP000639,SP001001,BAL,PMH,PMH,10,IFI,FGT,LVN,0.345
SP000639,SP001002,BAL,PMH,PMH,9,CRW,IFI,LVN,0.321
SP000639,SP001005,BAL,PMH,PMS,9,CRW,IFI,LVN,0.31
SP000639,SP001015,BAL,PMH,CCH,9,CRW,IFI,LVN,0.529
SP000639,SP001077,BAL,PMH,EBN,8,TBD,CRW,HHE,0.421
SP000639,SP001083,BAL,PMH,EBN,8,TBD,CRW,HHE,0.4
SP000639,SP001092,BAL,PMH,EBN,8,TBD,CRW,HHE,0.421
SP000639,SP001239,BAL,PMH,LIT,8,TBD,CRW,HHE,0.333
SP000639,SP001241,BAL,PMH,LIT,6,ELD,GTW,HOR,0.24
SP000639,SP001255,BAL,PMH,LIT,8,TBD,CRW,HHE,0.32
SP000639,SP001291,BAL,PMH,BTN,8,TBD,CRW,HHE,0.571
SP000639,SP001295,BAL,PMH,BTN,8,TBD,CRW,HHE,0.615
SP000639,SP002276,BAL,PMH,HGS,8,TBD,CRW,HHE,0.267
SP000639,SP002965,BAL,PMH,PMH,9,CRW,IFI,LVN,0.375
SP000639,SP002980,BAL,PMH,PMS,9,CRW,IFI,LVN,0.333
SP000639,SP002983,BAL,PMH,PMH,9,CRW,IFI,LVN,0.333
SP000639,SP002986,BAL,PMH,PMS,9,CRW,IFI,LVN,0.346
SP000639,SP002991,BAL,PMH,ORE,8,TBD,CRW,HHE,0.276
SP000639,SP002992,BAL,PMH,ORE,8,TBD,CRW,HHE,0.286
SP000639,SP002995,BAL,PMH,ORE,8,TBD,CRW,HHE,0.276
SP000639,SP003006,BAL,PMH,ORE,8,TBD,CRW,HHE,0.267
SP000639,SP003014,BAL,PMH,HGS,8,TBD,CRW,HHE,0.286
SP000639,SP003026,BAL,PMH,LIT,8,TBD,CRW,HHE,0.32
SP000639,SP003130,BAL,PMH,WRH,8,TBD,CRW,HHE,0.421
SP000639,SP003179,BAL,PMH,TBD,5,XJS,ELD,CDS,0.417
SP000639,SP003294,BAL,PMH,HRH,9,CRW,IFI,LVN,0.818
SP000639,SP003298,BAL,PMH,CCH,9,CRW,IFI,LVN,0.45
SP000639,SP003675,BAL,PMH,WRH,8,TBD,CRW,HHE,0.444
SP000639,SP003677,BAL,PMH,WRH,8,TBD,CRW,HHE,0.421
SP000639,SP003756,BAL,PMH,BTN,5,XJS,ELD,RDH,0.333
SP000639,SP004020,BAL,PMH,GTW,7,GTW,TBD,,1.0
SP000639,SP004086,BAL,PMH,WRH,6,ELD,GTW,SAF,0.3
SP000640,SP003041,SCA,LDS,MAN,8,LDS,,MLY,1.0
SP000640,SP003526,SCA,LDS,MAN,5,CHF,MIK,CFD,0.625
SP000640,SP003531,SCA,LDS,MAN,8,LDS,,MLY,1.0
SP000640,SP003736,SCA,LDS,MAN,5,CHF,MIK,CFD,0.625
SP000642,SP001051,EBN,BAL,BAL,6,LWS,PMP,CBR,0.353
SP000642,SP003759,EBN,BAL,BAL,6,LWS,PMP,CBR,0.353
SP000642,SP004505,EBN,BAL,BAK,6,LWS,PMP,CBR,0.353
SP000643,SP000649,FST,GRY,PSE,7,GRY,,TIL,1.0
SP000643,SP003328,FST,GRY,SFO,7,GRY,,TIL,1.0
SP000644,SP000655,BSW,MYB,BAN,12,BAN,KGS,,1.0
SP000644,SP004174,BSW,MYB,LMS,6,DDG,HTN,LPW,0.545
SP000644,SP004634,BSW,MYB,MYB,6,DDG,HTN,LPW,0.231
SP000644,SP004645,BSW,MYB,MYB,20,HWY,GER,BCF,0.769
SP000645,SP004180,BAN,MYB,MYB,9,HWY,SRG,BCF,0.562
SP000646,SP001830,BAL,REI,BTN,6,XJS,CDS,RDH,0.6
SP000646,SP003454,BAL,REI,ORE,6,XJS,CDS,RDH,0.6
SP000647,SP000731,YRK,MAN,WKK,5,WKK,MIR,,1.0
SP000647,SP003083,YRK,MAN,MAN,6,MIR,HUD,DHN,0.4
SP000648,SP000757,LIV,BPN,PRE,13,WGN,EBA,XOU,0.812
SP000648,SP000795,LIV,BPN,MIA,6,HUY,PSC,WHN,0.3
SP000648,SP000970,LIV,BPN,WGN,13,WGN,EBA,,1.0
SP000648,SP001541,LIV,BPN,MCV,6,HUY,PSC,WHN,0.4
SP000648,SP001777,LIV,BPN,MCV,6,HUY,PSC,WHN,0.375
SP000648,SP003754,LIV,BPN,WGN,6,HUY,PSC,WHN,0.462
SP000648,SP004459,LIV,BPN,MCV,6,HUY,PSC,WHN,0.4
SP000649,SP003328,FST,PSE,SFO,10,SFO,PSE,,1.0
SP000650,SP004486,AYS,MYB,MYB,12,SRU,NLT,WCX,0.8
SP000651,SP000801,PAD,PLY,PLY,8,NBY,BDW,HGD,0.364
SP000651,SP000835,PAD,PLY,WSM,6,RDG,THE,GOR,0.353
SP000651,SP000840,PAD,PLY,PNZ,6,RDG,THE,GOR,0.273
SP000651,SP000848,PAD,PLY,WOS,6,RDG,THE,GOR,0.316
SP000651,SP000858,PAD,PLY,OXF,6,RDG,THE,GOR,0.667
SP000651,SP000862,PAD,PLY,CNM,6,RDG,THE,GOR,0.429
SP000651,SP001654,PAD,PLY,NBY,7,THE,NBY,THA,0.7
SP000651,SP001823,PAD,PLY,SWA,6,RDG,THE,GOR,0.286
SP000651,SP001838,PAD,PLY,SWA,6,RDG,THE,GOR,0.3
SP000651,SP001939,PAD,PLY,RDG,6,RDG,THE,,1.0
SP000651,SP002174,PAD,PLY,WSM,6,RDG,THE,GOR,0.375
SP000651,SP002183,PAD,PLY,WSM,6,RDG,THE,GOR,0.353
SP000651,SP002209,PAD,PLY,EXD,8,NBY,BDW,HGD,0.5
SP000651,SP002216,PAD,PLY,NQY,10,PEW,WSB,CLC,0.455
SP000651,SP002711,PAD,PLY,BDW,7,THE,NBY,THA,0.583
SP000651,SP003385,PAD,PLY,PGN,19,NTA,TOT,EDS,0.864
SP000651,SP003417,PAD,PLY,CDF,6,RDG,THE,GOR,0.4
SP000651,SP003420,PAD,PLY,WOS,6,RDG,THE,GOR,0.353
SP000651,SP003428,PAD,PLY,WSB,7,THE,NBY,THA,0.5
SP000651,SP003429,PAD,PLY,CMN,6,RDG,THE,GOR,0.273
SP000651,SP003434,PAD,PLY,SWA,6,RDG,THE,GOR,0.286
SP000651,SP003440,PAD,PLY,SWA,6,RDG,THE,GOR,0.273
SP000651,SP003448,PAD,PLY,TAU,6,RDG,THE,GOR,0.316
SP000651,SP003480,PAD,PLY,PNZ,22,PLY,,STS,1.0
SP000651,SP003666,PAD,PLY,TAU,6,RDG,THE,GOR,0.3
SP000651,SP003788,PAD,PLY,SWA,6,RDG,THE,GOR,0.273
SP000651,SP004186,PAD,PLY,FRO,7,THE,NBY,THA,0.467
SP000651,SP004248,PAD,PLY,WPH,6,RDG,THE,GOR,0.353
SP000651,SP004338,PAD,PLY,BPW,6,RDG,THE,GOR,0.6
SP000651,SP004416,PAD,PLY,BDW,6,RDG,THE,RDW,0.375
SP000651,SP004476,PAD,PLY,BAN,6,RDG,THE,GOR,0.545
SP000651,SP004599,PAD,PLY,WOS,6,RDG,THE,GOR,0.429
SP000652,SP001110,MAN,YRK,WKK,11,WKK,NOR,,1.0
SP000652,SP002149,MAN,YRK,YRK,10,MIR,WKK,DEW,0.667
SP000652,SP003074,MAN,YRK,YRK,11,WKK,NOR,XES,0.733
SP000653,SP001628,PNZ,EXD,EDB,11,LSK,MEN,SGM,0.423
SP000653,SP002336,PNZ,EXD,BHM,11,LSK,MEN,SGM,0.423
SP000653,SP002402,PNZ,EXD,EXD,11,LSK,MEN,SGM,0.524
SP000653,SP002404,PNZ,EXD,EXD,14,STS,SBF,PLY,0.636
SP000653,SP002649,PNZ,EXD,PLY,11,LSK,MEN,SGM,0.786
SP000653,SP002658,PNZ,EXD,PLY,19,PLY,IVY,,1.0
SP000653,SP002663,PNZ,EXD,PLY,11,LSK,MEN,SGM,0.733
SP000653,SP003371,PNZ,EXD,PAD,11,LSK,MEN,SGM,0.423
SP000653,SP003649,PNZ,EXD,PAD,11,LSK,MEN,SGM,0.423
SP000653,SP004277,PNZ,EXD,PLY,14,STS,SBF,PLY,0.933
SP000653,SP004492,PNZ,EXD,PLY,15,SBF,KEY,DPT,0.882
SP000653,SP004494,PNZ,EXD,PLY,14,STS,SBF,DPT,0.875
SP000654,SP000951,XVJ,FAV,AFK,9,XMU,SAY,SMY,0.391
SP000654,SP000953,XVJ,FAV,AFK,9,XMU,SAY,SMY,0.391
SP000654,SP000960,XVJ,FAV,AFK,10,SAY,XWK,OTF,0.435
SP000654,SP000964,XVJ,FAV,RAM,9,XMU,SAY,SMY,0.391
SP000654,SP001887,XVJ,FAV,RAM,23,FAV,,WHI,1.0
SP000654,SP003152,XVJ,FAV,RAM,9,XMU,SAY,SMY,0.391
SP000654,SP003155,XVJ,FAV,GLM,9,XMU,SAY,SMY,0.45
SP000654,SP003334,XVJ,FAV,AFK,8,XLY,XMU,XPE,0.533
SP000654,SP003576,XVJ,FAV,AFK,9,XMU,SAY,SMY,0.409
SP000655,SP004174,BSW,BAN,LMS,6,DDG,HTN,LPW,0.545
SP000655,SP004634,BSW,BAN,MYB,6,DDG,HTN,LPW,0.5
SP000655,SP004645,BSW,BAN,MYB,12,BAN,,KGS,1.0
SP000657,SP000660,BIF,PRE,MIA,13,PRE,,XOU,1.0
SP000657,SP000769,BIF,PRE,MIA,13,PRE,,XOU,1.0
SP000657,SP001012,BIF,PRE,MIA,13,PRE,,XOU,1.0
SP000657,SP002166,BIF,PRE,LAN,12,LAN,PRE,,1.0
SP000657,SP003102,BIF,PRE,MIA,13,PRE,,XOU,1.0
SP000657,SP004241,BIF,PRE,LAN,5,CAK,KBK,GOS,0.455
SP000657,SP004592,BIF,PRE,MIA,13,PRE,,XOU,1.0
SP000658,SP001513,EAD,WOK,GLD,11,WOK,,GLD,1.0
SP000659,SP000668,CHX,ORP,AFK,7,CIT,XPE,XMU,0.778
SP000659,SP000670,CHX,ORP,MDE,7,CIT,XPE,XMU,0.778
SP000659,SP001044,CHX,ORP,RAM,9,ORP,,SEV,1.0
SP000659,SP001137,CHX,ORP,SEV,6,GRP,CIT,ESD,0.667
SP000659,SP001138,CHX,ORP,ORP,6,GRP,CIT,ESD,0.667
SP000659,SP001883,CHX,ORP,HGS,9,ORP,,SEV,1.0
SP000659,SP001892,CHX,ORP,DVP,9,ORP,,SEV,1.0
SP000659,SP002537,CHX,ORP,TBW,5,HGR,GRP,CFB,0.556
SP000659,SP002807,CHX,ORP,DVP,9,ORP,,SEV,1.0
SP000659,SP002976,CHX,ORP,CBW,9,ORP,,SEV,1.0
SP000659,SP003387,CHX,ORP,DVP,9,ORP,,SEV,1.0
SP000659,SP003400,CHX,ORP,RAM,9,ORP,,SEV,1.0
SP000659,SP004546,CHX,ORP,HGS,9,ORP,,SEV,1.0
SP000659,SP004547,CHX,ORP,HGS,6,GRP,CIT,ESD,0.667
SP000659,SP004549,CHX,ORP,HGS,9,ORP,,CLD,1.0
SP000659,SP004551,CHX,ORP,HGS,9,ORP,,SEV,1.0
SP000660,SP000769,BIF,MIA,MIA,14,XOU,WGN,CRL,0.636
SP000660,SP001012,BIF,MIA,MIA,14,XOU,WGN,CRL,0.636
SP000660,SP002166,BIF,MIA,LAN,12,LAN,PRE,,1.0
SP000660,SP003102,BIF,MIA,MIA,14,XOU,WGN,CRL,0.636
SP000660,SP004241,BIF,MIA,LAN,5,CAK,KBK,GOS,0.455
SP000660,SP004592,BIF,MIA,MIA,14,XOU,WGN,BSV,0.636
SP000661,SP000678,MAN,NCL,RCC,16,NTR,DAR,YRM,0.8
SP000661,SP000719,MAN,NCL,RCC,11,CRG,MIK,GRF,0.55
SP000661,SP001561,MAN,NCL,RCC,7,HUD,DEW,WKK,0.35
SP000661,SP002978,MAN,NCL,YRK,7,HUD,DEW,MIR,0.412
SP000661,SP003048,MAN,NCL,NCL,7,HUD,DEW,WKK,0.35
SP000661,SP003058,MAN,NCL,HUL,10,LDS,CRG,XES,0.588
SP000661,SP003072,MAN,NCL,SLB,16,NTR,DAR,YRM,0.8
SP000661,SP003075,MAN,NCL,YRK,7,HUD,DEW,MIR,0.467
SP000661,SP003134,MAN,NCL,NCL,10,LDS,CRG,XES,0.5
SP000661,SP003279,MAN,NCL,YRK,7,HUD,DEW,WKK,0.5
SP000661,SP003960,MAN,NCL,YRK,14,YRK,THI,,1.0
SP000661,SP004138,MAN,NCL,DAR,17,DAR,DHM,,1.0
SP000662,SP002577,LCN,CRE,NOT,6,FSK,BSB,LOW,0.75
SP000662,SP002601,LCN,CRE,CRE,5,NCT,FSK,ROL,0.2
SP000662,SP004037,LCN,CRE,STP,6,FSK,BSB,LOW,0.231
SP000663,SP002552,BDT,HUL,YRK,8,HUL,,BUH,1.0
SP000663,SP003555,BDT,HUL,YRK,8,HUL,,HES,1.0
SP000663,SP003567,BDT,HUL,YRK,8,HUL,,BUH,1.0
SP000666,SP000688,SHF,SCA,SCA,7,HFS,GOO,TNN,0.35
SP000666,SP000696,SHF,SCA,BDT,13,BEV,DRF,HUT,0.765
SP000666,SP000701,SHF,SCA,HUL,8,GOO,GBD,SAM,0.667
SP000666,SP000705,SHF,SCA,HUL,11,HUL,CGM,,1.0
SP000666,SP002726,SHF,SCA,SCA,7,HFS,GOO,TNN,0.35
SP000666,SP003313,SHF,SCA,SCA,7,HFS,GOO,TNN,0.35
SP000667,SP004609,MYB,WRU,GER,7,WRU,,DNM,1.0
SP000668,SP000670,CHX,AFK,MDE,14,MDE,BSD,,1.0
SP000668,SP001044,CHX,AFK,RAM,7,CIT,XMU,XPE,0.35
SP000668,SP001137,CHX,AFK,SEV,6,GRP,CIT,ESD,0.4
SP000668,SP001138,CHX,AFK,ORP,6,GRP,CIT,ESD,0.545
SP000668,SP001883,CHX,AFK,HGS,7,CIT,XMU,XPE,0.35
SP000668,SP001892,CHX,AFK,DVP,7,CIT,XMU,XPE,0.35
SP000668,SP002537,CHX,AFK,TBW,5,HGR,GRP,CFB,0.25
SP000668,SP002807,CHX,AFK,DVP,7,CIT,XMU,XPE,0.35
SP000668,SP002976,CHX,AFK,CBW,7,CIT,XMU,XPE,0.35
SP000668,SP003387,CHX,AFK,DVP,7,CIT,XMU,XPE,0.35
SP000668,SP003400,CHX,AFK,RAM,7,CIT,XMU,XPE,0.35
SP000668,SP004546,CHX,AFK,HGS,7,CIT,XMU,XPE,0.35
SP000668,SP004547,CHX,AFK,HGS,6,GRP,CIT,ESD,0.3
SP000668,SP004549,CHX,AFK,HGS,7,CIT,XMU,XPE,0.35
SP000668,SP004551,CHX,AFK,HGS,7,CIT,XMU,XPE,0.35
SP000670,SP001044,CHX,MDE,RAM,7,CIT,XMU,XPE,0.5
SP000670,SP001137,CHX,MDE,SEV,6,GRP,CIT,ESD,0.429
SP000670,SP001138,CHX,MDE,ORP,6,GRP,CIT,ESD,0.545
SP000670,SP001883,CHX,MDE,HGS,7,CIT,XMU,XPE,0.5
SP000670,SP001892,CHX,MDE,DVP,7,CIT,XMU,XPE,0.5
SP000670,SP002537,CHX,MDE,TBW,5,HGR,GRP,CFB,0.357
SP000670,SP002807,CHX,MDE,DVP,7,CIT,XMU,XPE,0.5
SP000670,SP002976,CHX,MDE,CBW,7,CIT,XMU,XPE,0.5
SP000670,SP003387,CHX,MDE,DVP,7,CIT,XMU,XPE,0.5
SP000670,SP003400,CHX,MDE,RAM,7,CIT,XMU,XPE,0.5
SP000670,SP004546,CHX,MDE,HGS,7,CIT,XMU,XPE,0.5
SP000670,SP004547,CHX,MDE,HGS,6,GRP,CIT,ESD,0.429
SP000670,SP004549,CHX,MDE,HGS,7,CIT,XMU,XPE,0.5
SP000670,SP004551,CHX,MDE,HGS,7,CIT,XMU,XPE,0.5
SP000672,SP000673,WEY,SOU,SOU,6,WRM,HOL,HAM,0.4
SP000672,SP001213,WEY,SOU,NEM,9,POO,PKS,BSM,0.562
SP000672,SP001844,WEY,SOU,SOU,6,WRM,HOL,HAM,0.375
SP000672,SP001845,WEY,SOU,BMH,6,WRM,HOL,HAM,0.6
SP000672,SP002488,WEY,SOU,WOK,6,WRM,HOL,HAM,0.375
SP000672,SP003903,WEY,SOU,NEM,12,BMH,BCU,POK,0.75
SP000672,SP004466,WEY,SOU,NEM,6,WRM,HOL,HAM,0.375
SP000673,SP001213,WEY,SOU,NEM,6,WRM,HAM,HOL,0.4
SP000673,SP001844,WEY,SOU,SOU,11,BMH,BCU,POK,0.733
SP000673,SP001845,WEY,SOU,BMH,8,POO,PKS,BSM,0.8
SP000673,SP002488,WEY,SOU,WOK,11,BMH,BCU,POK,0.733
SP000673,SP003903,WEY,SOU,NEM,6,WRM,HAM,HOL,0.4
SP000673,SP004466,WEY,SOU,NEM,11,BMH,BCU,POK,0.733
SP000675,SP001006,INV,EDB,KGX,5,DLW,PIT,BLA,0.333
SP000675,SP001946,INV,EDB,EDB,5,DLW,PIT,BLA,0.333
SP000675,SP002067,INV,EDB,EDB,5,DLW,PIT,BLA,0.333
SP000675,SP004319,INV,EDB,GLQ,5,DLW,PIT,BLA,0.333
SP000675,SP004321,INV,EDB,GLQ,5,DLW,PIT,BLA,0.333
SP000676,SP000988,NCL,KGX,KGX,13,HUN,SDY,SNO,0.542
SP000676,SP001196,NCL,KGX,KGX,13,HUN,SDY,SNO,0.542
SP000676,SP001562,NCL,KGX,BHM,7,DON,RET,MEX,0.333
SP000676,SP001657,NCL,KGX,RDG,7,DON,RET,MEX,0.292
SP000676,SP001659,NCL,KGX,RDG,7,DON,RET,MEX,0.292
SP000676,SP001667,NCL,KGX,PLY,6,YRK,DON,CHF,0.25
SP000676,SP001683,NCL,KGX,RDG,7,DON,RET,MEX,0.292
SP000676,SP001878,NCL,KGX,RDG,7,DON,RET,MEX,0.292
SP000676,SP004589,NCL,KGX,KGX,13,HUN,SDY,SNO,0.542
SP000677,SP000706,MAN,RCC,HUL,13,MIR,WKK,RVN,0.448
SP000677,SP002679,MAN,RCC,YRK,16,LDS,CRG,XES,0.8
SP000678,SP000719,MAN,RCC,RCC,11,CRG,MIK,GRF,0.5
SP000678,SP001561,MAN,RCC,RCC,7,HUD,DEW,WKK,0.318
SP000678,SP002978,MAN,RCC,YRK,7,HUD,DEW,MIR,0.412
SP000678,SP003048,MAN,RCC,NCL,7,HUD,DEW,WKK,0.35
SP000678,SP003058,MAN,RCC,HUL,10,LDS,CRG,XES,0.588
SP000678,SP003072,MAN,RCC,SLB,22,RCC,,LGK,1.0
SP000678,SP003075,MAN,RCC,YRK,7,HUD,DEW,MIR,0.467
SP000678,SP003134,MAN,RCC,NCL,10,LDS,CRG,XES,0.5
SP000678,SP003279,MAN,RCC,YRK,7,HUD,DEW,WKK,0.5
SP000678,SP003960,MAN,RCC,YRK,14,YRK,THI,,1.0
SP000678,SP004138,MAN,RCC,DAR,16,NTR,YRM,DAR,0.941
SP000679,SP000689,OXF,MYB,MYB,9,HWY,BCF,SRG,0.529
SP000679,SP004149,OXF,MYB,MYB,10,BCF,SRG,GER,0.588
SP000679,SP004560,OXF,MYB,MYB,10,BCF,SRG,GER,0.588
SP000679,SP004636,OXF,MYB,MYB,9,HWY,BCF,SRG,0.529
SP000680,SP000860,GLQ,INV,ABD,7,PTH,DKD,DEE,0.467
SP000680,SP000863,GLQ,INV,ABD,7,PTH,DKD,DEE,0.467
SP000680,SP000867,GLQ,INV,ABD,7,PTH,DKD,DEE,0.467
SP000680,SP000875,GLQ,INV,ABD,7,PTH,DKD,DEE,0.467
SP000680,SP000877,GLQ,INV,ABD,5,STG,DBL,BEA,0.333
SP000680,SP000878,GLQ,INV,ABD,5,STG,DBL,BEA,0.333
SP000680,SP000883,GLQ,INV,INV,5,STG,DBL,BEA,0.333
SP000680,SP000887,GLQ,INV,PTH,5,STG,DBL,BEA,0.556
SP000680,SP000890,GLQ,INV,ARB,5,STG,DBL,BEA,0.333
SP000680,SP000895,GLQ,INV,DEE,5,STG,DBL,BEA,0.455
SP000680,SP000896,GLQ,INV,DEE,6,DBL,PTH,GLE,0.6
SP000680,SP003167,GLQ,INV,ABD,6,DBL,PTH,GLE,0.4
SP000680,SP004297,GLQ,INV,ABD,7,PTH,DKD,ING,0.467
SP000680,SP004298,GLQ,INV,INV,7,PTH,DKD,DEE,0.467
SP000680,SP004300,GLQ,INV,INV,6,DBL,PTH,GLE,0.4
SP000681,SP001648,YRK,MAN,PLY,5,LDS,MLY,WKF,0.357
SP000681,SP002307,YRK,MAN,MAN,8,HUD,MSN,SWT,0.571
SP000682,SP001565,GLM,XVJ,XVJ,13,XLY,BKL,BMS,0.65
SP000682,SP003243,GLM,XVJ,XVJ,13,XLY,BKL,BMS,0.619
SP000682,SP003281,GLM,XVJ,BFR,8,XWK,FNR,SAY,0.4
SP000682,SP004531,GLM,XVJ,CST,12,XMU,XLY,CIT,0.571
SP000682,SP004536,GLM,XVJ,CST,5,SOR,MEP,XWK,0.312
SP000683,SP003542,GLQ,EDB,KGX,9,EDB,,PST,1.0
SP000683,SP003986,GLQ,EDB,KGX,9,EDB,,PST,1.0
SP000684,SP000717,STP,SHF,SHF,14,LBO,XTG,EMD,0.7
SP000684,SP001820,STP,SHF,COR,6,SAC,LUT,LTN,0.462
SP000684,SP002994,STP,SHF,DBY,6,SAC,LUT,LTN,0.3
SP000684,SP003423,STP,SHF,DBY,14,LBO,XTG,EMD,0.737
SP000685,SP002794,PRR,MYB,MYB,5,GER,WRU,DGC,0.5
SP000687,SP001149,NCL,MAN,MAN,11,LDS,MLY,XES,0.55
SP000687,SP001563,NCL,MAN,MAN,8,CHF,MIK,CFD,0.4
SP000687,SP001991,NCL,MAN,MAN,8,CHF,MIK,CFD,0.4
SP000687,SP003042,NCL,MAN,LIV,20,MAN,,MCO,1.0
SP000687,SP003146,NCL,MAN,LIV,11,LDS,MLY,XES,0.55
SP000687,SP003157,NCL,MAN,YRK,7,YRK,CHF,,1.0
SP000688,SP000696,SHF,SCA,BDT,7,HFS,TNN,GOO,0.412
SP000688,SP000701,SHF,SCA,HUL,7,HFS,TNN,GOO,0.583
SP000688,SP000705,SHF,SCA,HUL,7,HFS,TNN,GOO,0.636
SP000688,SP002726,SHF,SCA,SCA,9,GOO,GBD,SAM,0.429
SP000688,SP003313,SHF,SCA,SCA,9,GOO,GBD,SAM,0.429
SP000689,SP004149,OXF,MYB,MYB,9,HWY,SRG,BCF,0.5
SP000689,SP004560,OXF,MYB,MYB,9,HWY,SRG,BCF,0.5
SP000689,SP004636,OXF,MYB,MYB,11,GER,DGC,WRU,0.647
SP000692,SP001440,DDG,WOS,BSW,7,XOH,SMA,BMO,0.778
SP000692,SP002004,DDG,WOS,WOS,7,XOH,SMA,BMO,0.318
SP000692,SP004100,DDG,WOS,WOF,20,SBJ,BKD,HAG,0.8
SP000692,SP004108,DDG,WOS,WOF,25,WOS,,WOF,1.0
SP000692,SP004113,DDG,WOS,WOF,7,XOH,SMA,BMO,0.318
SP000694,SP000697,HUL,MAN,MAN,5,SBY,MIK,SOM,0.294
SP000694,SP000702,HUL,MAN,MAN,11,HUD,MSN,SWT,0.647
SP000694,SP001593,HUL,MAN,KGX,5,SBY,MIK,DON,0.294
SP000694,SP002302,HUL,MAN,LDS,6,MIK,CRG,GRF,0.667
SP000694,SP002641,HUL,MAN,SBY,5,SBY,MIK,,1.0
SP000694,SP003869,HUL,MAN,MAN,5,SBY,MIK,CFD,0.294
SP000694,SP003980,HUL,MAN,HFX,5,SBY,MIK,SOM,0.312
SP000694,SP004117,HUL,MAN,LDS,5,SBY,MIK,SOM,0.455
SP000694,SP004465,HUL,MAN,HFX,5,SBY,MIK,SOM,0.357
SP000696,SP000701,SHF,BDT,HUL,8,GOO,GBD,SAM,0.667
SP000696,SP000705,SHF,BDT,HUL,11,HUL,CGM,,1.0
SP000696,SP002726,SHF,BDT,SCA,7,HFS,GOO,TNN,0.412
SP000696,SP003313,SHF,BDT,SCA,7,HFS,GOO,TNN,0.412
SP000697,SP000702,HUL,MAN,MAN,5,SBY,SOM,MIK,0.263
SP000697,SP001593,HUL,MAN,KGX,5,SBY,SOM,DON,0.25
SP000697,SP002302,HUL,MAN,LDS,5,SBY,SOM,MIK,0.556
SP000697,SP002641,HUL,MAN,SBY,5,SBY,SOM,,1.0
SP000697,SP003869,HUL,MAN,MAN,5,SBY,SOM,CFD,0.294
SP000697,SP003980,HUL,MAN,HFX,7,MIK,CRG,EGF,0.438
SP000697,SP004117,HUL,MAN,LDS,7,MIK,CRG,EGF,0.636
SP000697,SP004465,HUL,MAN,HFX,7,MIK,CRG,GRF,0.5
SP000698,SP000700,KGX,NCL,BDQ,19,DON,YRK,AWK,0.792
SP000698,SP000799,KGX,NCL,BDI,19,DON,YRK,AWK,0.76
SP000698,SP000920,KGX,NCL,KLN,9,HIT,BIW,LET,0.375
SP000698,SP000930,KGX,NCL,ELY,9,HIT,BIW,LET,0.474
SP000698,SP000950,KGX,NCL,YRK,20,YRK,THI,,1.0
SP000698,SP000952,KGX,NCL,MBR,22,NTR,DAR,YRM,0.88
SP000698,SP000958,KGX,NCL,ABD,25,NCL,,MPT,1.0
SP000698,SP000999,KGX,NCL,DON,19,DON,YRK,,1.0
SP000698,SP001003,KGX,NCL,HGT,19,DON,YRK,AWK,0.792
SP000698,SP001007,KGX,NCL,CBG,6,WGC,XGN,WLW,0.286
SP000698,SP001047,KGX,NCL,SKI,19,DON,YRK,AWK,0.76
SP000698,SP001120,KGX,NCL,PBO,11,SDY,HUN,SNO,0.733
SP000698,SP001594,KGX,NCL,HUL,19,DON,YRK,SBY,0.792
SP000698,SP001727,KGX,NCL,CBG,9,HIT,BIW,LET,0.529
SP000698,SP001880,KGX,NCL,BEV,19,DON,YRK,SBY,0.76
SP000698,SP002020,KGX,NCL,PBO,9,HIT,BIW,ARL,0.562
SP000698,SP002363,KGX,NCL,LET,5,PBR,WGC,HAT,0.385
SP000698,SP002914,KGX,NCL,KLN,9,HIT,BIW,LET,0.36
SP000698,SP002953,KGX,NCL,EDB,19,DON,YRK,THI,0.76
SP000698,SP003540,KGX,NCL,GLQ,19,DON,YRK,THI,0.76
SP000698,SP003600,KGX,NCL,CBG,9,HIT,BIW,LET,0.474
SP000698,SP003669,KGX,NCL,INV,25,NCL,,MPT,1.0
SP000700,SP000799,KGX,BDQ,BDI,20,AWK,WKF,WKK,0.833
SP000700,SP000920,KGX,BDQ,KLN,9,HIT,BIW,LET,0.375
SP000700,SP000930,KGX,BDQ,ELY,9,HIT,BIW,LET,0.474
SP000700,SP000950,KGX,BDQ,YRK,19,DON,AWK,YRK,0.95
SP000700,SP000952,KGX,BDQ,MBR,19,DON,AWK,YRK,0.792
SP000700,SP000958,KGX,BDQ,ABD,19,DON,AWK,YRK,0.792
SP000700,SP000999,KGX,BDQ,DON,19,DON,AWK,,1.0
SP000700,SP001003,KGX,BDQ,HGT,22,LDS,SHY,HRS,0.917
SP000700,SP001007,KGX,BDQ,CBG,6,WGC,XGN,WLW,0.286
SP000700,SP001047,KGX,BDQ,SKI,23,SHY,BDQ,KEI,0.958
SP000700,SP001120,KGX,BDQ,PBO,11,SDY,HUN,SNO,0.733
SP000700,SP001594,KGX,BDQ,HUL,19,DON,AWK,SBY,0.792
SP000700,SP001727,KGX,BDQ,CBG,9,HIT,BIW,LET,0.529
SP000700,SP001880,KGX,BDQ,BEV,19,DON,AWK,SBY,0.792
SP000700,SP002020,KGX,BDQ,PBO,9,HIT,BIW,ARL,0.562
SP000700,SP002363,KGX,BDQ,LET,5,PBR,WGC,HAT,0.385
SP000700,SP002914,KGX,BDQ,KLN,9,HIT,BIW,LET,0.375
SP000700,SP002953,KGX,BDQ,EDB,19,DON,AWK,THI,0.792
SP000700,SP003540,KGX,BDQ,GLQ,19,DON,AWK,THI,0.792
SP000700,SP003600,KGX,BDQ,CBG,9,HIT,BIW,LET,0.474
SP000700,SP003669,KGX,BDQ,INV,19,DON,AWK,YRK,0.792
SP000701,SP000705,SHF,HUL,HUL,8,GOO,SAM,GBD,0.727
SP000701,SP002726,SHF,HUL,SCA,7,HFS,GOO,TNN,0.583
SP000701,SP003313,SHF,HUL,SCA,7,HFS,GOO,TNN,0.583
SP000702,SP001593,HUL,MAN,KGX,5,SBY,MIK,DON,0.263
SP000702,SP002302,HUL,MAN,LDS,6,MIK,CRG,GRF,0.667
SP000702,SP002641,HUL,MAN,SBY,5,SBY,MIK,,1.0
SP000702,SP003869,HUL,MAN,MAN,5,SBY,MIK,CFD,0.294
SP000702,SP003980,HUL,MAN,HFX,5,SBY,MIK,SOM,0.312
SP000702,SP004117,HUL,MAN,LDS,5,SBY,MIK,SOM,0.455
SP000702,SP004465,HUL,MAN,HFX,5,SBY,MIK,SOM,0.357
SP000704,SP000708,SRA,BIS,BIS,5,TOM,NUM,BMD,0.385
SP000704,SP003777,SRA,BIS,BIS,5,TOM,NUM,MRW,0.333
SP000704,SP003778,SRA,BIS,BIS,5,TOM,NUM,MRW,0.357
SP000704,SP003785,SRA,BIS,BIS,11,BXB,RYN,HWN,0.786
SP000704,SP003787,SRA,BIS,BIS,5,TOM,NUM,MRW,0.312
SP000704,SP003791,SRA,BIS,BIS,7,BMD,ENL,CHN,0.5
SP000704,SP004095,SRA,BIS,HFE,11,BXB,RYN,RYH,0.733
SP000704,SP004425,SRA,BIS,HFE,8,ENL,WLC,CHN,0.571
SP000704,SP004428,SRA,BIS,HFE,7,BMD,ENL,WLC,0.5
SP000704,SP004439,SRA,BIS,BIS,7,BMD,ENL,WLC,0.538
SP000704,SP004442,SRA,BIS,BIS,7,BMD,ENL,WLC,0.5
SP000705,SP002726,SHF,HUL,SCA,7,HFS,GOO,TNN,0.636
SP000705,SP003313,SHF,HUL,SCA,7,HFS,GOO,TNN,0.636
SP000706,SP002679,MAN,HUL,YRK,13,MIR,RVN,WKK,0.65
SP000707,SP002438,MLN,EDB,MTH,7,PTK,CHC,EXG,0.438
SP000707,SP003008,MLN,EDB,CUB,7,PTK,CHC,EXG,0.28
SP000707,SP003650,MLN,EDB,MTH,7,PTK,CHC,EXG,0.333
SP000707,SP003901,MLN,EDB,ADR,15,ADR,DRU,,1.0
SP000707,SP003907,MLN,EDB,EDB,13,SLS,CBS,GAR,0.52
SP000707,SP003909,MLN,EDB,EDB,13,SLS,CBS,GAR,0.52
SP000707,SP003912,MLN,EDB,BHG,16,DRU,CAC,BHG,0.941
SP000707,SP004222,MLN,EDB,MTH,7,PTK,CHC,EXG,0.333
SP000707,SP004290,MLN,EDB,SPR,11,BLG,CAY,DST,0.733
SP000708,SP003777,SRA,BIS,BIS,5,TOM,BMD,MRW,0.385
SP000708,SP003778,SRA,BIS,BIS,5,TOM,BMD,MRW,0.385
SP000708,SP003785,SRA,BIS,BIS,5,TOM,BMD,NUM,0.385
SP000708,SP003787,SRA,BIS,BIS,5,TOM,BMD,MRW,0.385
SP000708,SP003791,SRA,BIS,BIS,5,TOM,BMD,NUM,0.385
SP000708,SP004095,SRA,BIS,HFE,5,TOM,BMD,NUM,0.385
SP000708,SP004425,SRA,BIS,HFE,5,TOM,BMD,NUM,0.385
SP000708,SP004428,SRA,BIS,HFE,5,TOM,BMD,NUM,0.385
SP000708,SP004439,SRA,BIS,BIS,5,TOM,BMD,NUM,0.385
SP000708,SP004442,SRA,BIS,BIS,5,TOM,BMD,NUM,0.385
SP000712,SP000737,NOT,LDS,SHF,5,CHD,DRO,SHF,0.833
SP000712,SP003705,NOT,LDS,LIV,7,SHF,MHS,GRN,0.583
SP000713,SP002716,IPS,CBG,PBO,7,KNE,NMK,SOJ,0.7
SP000713,SP002795,IPS,CBG,BSE,6,BSE,KNE,,1.0
SP000715,SP001072,DON,KGX,KGX,7,HUN,SDY,SNO,0.389
SP000715,SP004604,DON,KGX,KGX,7,HUN,SDY,SNO,0.389
SP000716,SP000915,LDS,SLB,EDB,7,NTR,YRM,DAR,0.467
SP000716,SP003723,LDS,SLB,YRK,5,YRK,THI,,1.0
SP000717,SP001820,STP,SHF,COR,6,SAC,LUT,LTN,0.462
SP000717,SP002994,STP,SHF,DBY,6,SAC,LUT,LTN,0.273
SP000717,SP003423,STP,SHF,DBY,19,DBY,XAJ,,1.0
SP000718,SP000783,AFK,CHX,XVJ,7,MDE,WMA,BMG,0.35
SP000718,SP000787,AFK,CHX,XVJ,7,MDE,WMA,BMG,0.35
SP000718,SP000791,AFK,CHX,XVJ,7,MDE,WMA,BMG,0.35
SP000718,SP004605,AFK,CHX,CHX,7,MDE,WMA,BMG,0.35
SP000718,SP004613,AFK,CHX,XVJ,7,MDE,WMA,BMG,0.35
SP000719,SP001561,MAN,RCC,RCC,7,HUD,DEW,WKK,0.318
SP000719,SP002978,MAN,RCC,YRK,7,HUD,DEW,MIR,0.412
SP000719,SP003048,MAN,RCC,NCL,7,HUD,DEW,WKK,0.35
SP000719,SP003058,MAN,RCC,HUL,10,LDS,CRG,XES,0.588
SP000719,SP003072,MAN,RCC,SLB,11,CRG,GRF,MIK,0.478
SP000719,SP003075,MAN,RCC,YRK,7,HUD,DEW,MIR,0.467
SP000719,SP003134,MAN,RCC,NCL,10,LDS,CRG,XES,0.5
SP000719,SP003279,MAN,RCC,YRK,7,HUD,DEW,WKK,0.5
SP000719,SP003960,MAN,RCC,YRK,11,CRG,GRF,MIK,0.786
SP000719,SP004138,MAN,RCC,DAR,11,CRG,GRF,MIK,0.647
SP000723,SP002963,HYS,CHX,LEW,10,LEW,NWX,,1.0
SP000723,SP003236,HYS,CHX,NWX,10,LEW,NWX,SAJ,0.833
SP000725,SP000905,CST,DFD,GRV,6,BKH,CTN,KDB,0.375
SP000725,SP001142,CST,DFD,CST,6,BKH,CTN,KDB,0.375
SP000725,SP003314,CST,DFD,RTR,6,BKH,CTN,KDB,0.375
SP000725,SP003479,CST,DFD,ORP,5,LEW,BKH,XPY,0.385
SP000726,SP004386,IPS,LWT,NRW,12,LWT,,OUN,1.0
SP000728,SP000746,SKI,LDS,LDS,8,SHY,APY,LDS,0.889
SP000728,SP001617,SKI,LDS,BDQ,8,SHY,APY,FZH,0.8
SP000728,SP002188,SKI,LDS,LDS,9,APY,KLF,LDS,0.9
SP000731,SP003083,YRK,WKK,MAN,5,WKK,,MIR,1.0
SP000733,SP001566,BMH,MAN,BHM,27,BHM,XOS,,1.0
SP000737,SP003705,NOT,SHF,LIV,5,CHD,SHF,DRO,0.833
SP000738,SP000821,HOO,CTR,ELP,27,HOO,CPU,LTT,0.9
SP000739,SP000941,EBN,AFK,HGS,12,HGS,ORE,,1.0
SP000740,SP000759,BPN,MIA,MIA,8,CRL,ADL,HWI,0.444
SP000740,SP003670,BPN,MIA,LIV,6,XOU,BSV,EBA,0.333
SP000740,SP004097,BPN,MIA,MAN,6,XOU,BSV,WGN,0.545
SP000740,SP004229,BPN,MIA,LIV,6,XOU,BSV,EBA,0.3
SP000740,SP004426,BPN,MIA,LIV,6,XOU,BSV,EBA,0.4
SP000740,SP004526,BPN,MIA,MAN,6,XOU,BSV,CRL,0.462
SP000742,SP001265,CTR,CTR,XLV,18,XLV,LVJ,,1.0
SP000743,SP001963,COR,STP,STP,5,FLT,LUT,HLN,0.385
SP000745,SP000754,BPN,MIA,MIA,9,CRL,HWI,ADL,0.474
SP000745,SP003724,BPN,MIA,MIA,9,CRL,HWI,ADL,0.474
SP000746,SP001617,SKI,LDS,BDQ,8,SHY,LDS,FZH,0.889
SP000746,SP002188,SKI,LDS,LDS,8,SHY,LDS,APY,0.889
SP000747,SP002708,CBG,IPS,HPQ,10,IPS,,MIS,1.0
SP000749,SP000816,ELP,CTR,BKQ,20,BKQ,BKC,,1.0
SP000749,SP000824,ELP,CTR,ELP,30,HOO,CPU,LTT,0.909
SP000750,SP001354,LIV,NRW,NRW,17,GRN,DOR,SHF,0.447
SP000750,SP001360,LIV,NRW,NOT,17,GRN,DOR,SHF,0.739
SP000750,SP001362,LIV,NRW,NRW,17,GRN,DOR,SHF,0.436
SP000750,SP001365,LIV,NRW,NOT,17,GRN,DOR,SHF,0.773
SP000750,SP001366,LIV,NRW,NOT,17,GRN,DOR,SHF,0.708
SP000750,SP001875,LIV,NRW,CLE,5,HGN,WID,WAC,0.156
SP000750,SP002673,LIV,NRW,NOT,13,HAZ,EDL,CLY,0.542
SP000750,SP003089,LIV,NRW,WAC,5,HGN,WID,WAW,0.714
SP000750,SP003115,LIV,NRW,NOT,13,HAZ,EDL,CLY,0.52
SP000750,SP003496,LIV,NRW,SHF,5,HGN,WID,WAC,0.238
SP000750,SP003657,LIV,NRW,NCL,5,HGN,WID,WAC,0.128
SP000750,SP004143,LIV,NRW,NRW,13,HAZ,EDL,CLY,0.333
SP000750,SP004261,LIV,NRW,DON,5,HGN,WID,WAC,0.227
SP000750,SP004268,LIV,NRW,MIA,5,HGN,WID,WAC,0.357
SP000750,SP004269,LIV,NRW,NRW,17,GRN,DOR,SHF,0.436
SP000752,SP002561,MAT,DBY,LCN,5,AMB,BLP,XAJ,0.625
SP000752,SP002563,MAT,DBY,LCN,5,AMB,BLP,XAJ,0.625
SP000752,SP002564,MAT,DBY,CLE,5,AMB,BLP,XAJ,0.625
SP000752,SP002580,MAT,DBY,NOT,5,AMB,BLP,XAJ,0.625
SP000752,SP002581,MAT,DBY,NOT,5,AMB,BLP,XAJ,0.625
SP000752,SP004172,MAT,DBY,CLE,5,AMB,BLP,XAJ,0.625
SP000753,SP002775,XVJ,ORP,AFK,15,ORP,,CLD,1.0
SP000753,SP003720,XVJ,ORP,RAM,12,XLY,XPE,XMU,0.8
SP000754,SP003724,BPN,MIA,MIA,19,MAN,HDG,EDY,0.905
SP000756,SP002505,CHX,DFD,GRV,13,DFD,,SCG,1.0
SP000756,SP002969,CHX,DFD,DFD,5,BKH,KDB,CTN,0.385
SP000757,SP000795,LIV,PRE,MIA,6,HUY,PSC,WHN,0.375
SP000757,SP000970,LIV,PRE,WGN,13,WGN,XOU,,1.0
SP000757,SP001541,LIV,PRE,MCV,6,HUY,PSC,WHN,0.4
SP000757,SP001777,LIV,PRE,MCV,6,HUY,PSC,WHN,0.375
SP000757,SP003754,LIV,PRE,WGN,6,HUY,PSC,WHN,0.462
SP000757,SP004459,LIV,PRE,MCV,6,HUY,PSC,WHN,0.4
SP000758,SP001857,ORE,BAL,BTN,7,COB,NSB,PEV,0.333
SP000758,SP001861,ORE,BAL,BTN,5,BEX,CLL,PEV,0.294
SP000758,SP002277,ORE,BAL,BTN,15,PLG,XRH,BRK,0.714
SP000758,SP002476,ORE,BAL,BTN,5,BEX,CLL,PEV,0.312
SP000758,SP002996,ORE,BAL,BAL,7,COB,NSB,PEV,0.241
SP000758,SP003000,ORE,BAL,BAK,7,COB,NSB,PEV,0.241
SP000758,SP003147,ORE,BAL,BTN,8,NSB,PEV,PEB,0.364
SP000758,SP003149,ORE,BAL,BTN,8,NSB,PEV,PEB,0.381
SP000758,SP003552,ORE,BAL,PLG,7,COB,NSB,PEV,0.5
SP000758,SP004120,ORE,BAL,BTN,5,BEX,CLL,PEV,0.25
SP000758,SP004126,ORE,BAL,BTN,7,COB,NSB,PEV,0.368
SP000758,SP004128,ORE,BAL,BTN,7,COB,NSB,PEV,0.389
SP000759,SP003670,BPN,MIA,LIV,6,XOU,BSV,EBA,0.333
SP000759,SP004097,BPN,MIA,MAN,6,XOU,BSV,WGN,0.545
SP000759,SP004229,BPN,MIA,LIV,6,XOU,BSV,EBA,0.333
SP000759,SP004426,BPN,MIA,LIV,6,XOU,BSV,EBA,0.4
SP000759,SP004526,BPN,MIA,MAN,6,XOU,BSV,CRL,0.462
SP000760,SP000784,GLM,LUT,CST,15,SGR,ABW,ERH,0.536
SP000760,SP001141,GLM,LUT,TON,5,SOO,HGM,CUX,0.278
SP000760,SP001144,GLM,LUT,PDW,5,SOO,HGM,CUX,0.294
SP000760,SP001661,GLM,LUT,LUT,15,SGR,ABW,ERH,0.366
SP000761,SP001629,WHP,RAI,SUO,6,BFR,XMK,EPH,0.375
SP000761,SP001681,WHP,RAI,ORP,6,BFR,XMK,EPH,0.261
SP000761,SP001778,WHP,RAI,SUO,6,BFR,XMK,EPH,0.286
SP000761,SP003915,WHP,RAI,RAI,8,XKE,NWX,DEP,0.276
SP000761,SP004591,WHP,RAI,RAI,12,BKH,ELW,KDB,0.414
SP000763,SP002469,CTR,MAN,MAN,15,SPT,MAN,HTC,0.938
SP000763,SP002472,CTR,MAN,SPT,15,SPT,MAN,,1.0
SP000764,SP001112,RSH,MAN,MAN,6,GUI,FRF,ABY,0.75
SP000764,SP001756,RSH,MAN,MAN,7,FRF,GTO,ABY,0.778
SP000764,SP001759,RSH,MAN,MAN,6,GUI,FRF,GTO,0.667
SP000765,SP003979,WDM,MIA,PRE,8,PRE,XOU,,1.0
SP000765,SP004212,WDM,MIA,OXN,5,OXN,XOA,,1.0
SP000766,SP003200,CHX,HYS,TBW,5,NBC,ELE,BKJ,0.714
SP000768,SP000770,AFK,CHX,CST,12,XPY,NWX,SAJ,0.8
SP000769,SP001012,BIF,MIA,MIA,15,CRL,HWI,XLK,0.652
SP000769,SP002166,BIF,MIA,LAN,12,LAN,PRE,,1.0
SP000769,SP003102,BIF,MIA,MIA,15,CRL,HWI,XLK,0.625
SP000769,SP004241,BIF,MIA,LAN,5,CAK,KBK,GOS,0.455
SP000769,SP004592,BIF,MIA,MIA,14,XOU,CRL,BSV,0.56
SP000771,SP003248,TON,CHX,CHX,6,XPE,XLY,CIT,0.462
SP000772,SP002933,RET,NOT,SHF,8,SHF,DRO,,1.0
SP000773,SP000894,DFD,CST,CST,10,CTN,BKH,WCB,0.625
SP000773,SP002931,DFD,CST,CHX,12,LEW,SAJ,NWX,0.8
SP000773,SP003463,DFD,CST,XKE,10,CTN,BKH,WCB,0.667
SP000774,SP000906,MAN,WML,CRE,9,WML,,ALD,1.0
SP000774,SP001736,MAN,WML,MIA,7,MIA,SYA,,1.0
SP000774,SP002950,MAN,WML,CRE,9,WML,,ALD,1.0
SP000774,SP004042,MAN,WML,CRE,6,HDG,MIA,WML,0.667
SP000777,SP001200,BTN,ORE,EBN,12,EBN,HMD,,1.0
SP000777,SP001226,BTN,ORE,SEF,6,XRH,GLY,SEE,0.545
SP000777,SP001228,BTN,ORE,NVH,6,XRH,GLY,NVN,0.75
SP000777,SP001336,BTN,ORE,SEF,6,XRH,GLY,NVN,0.6
SP000777,SP001550,BTN,ORE,LWS,5,LWS,XRH,,1.0
SP000777,SP002809,BTN,ORE,HGS,15,PEV,PEB,NSB,0.682
SP000777,SP003550,BTN,ORE,HGS,15,PEV,PEB,COB,0.714
SP000777,SP004552,BTN,ORE,HGS,6,XRH,GLY,BRK,0.3
SP000779,SP001023,XHZ,SQE,CYP,12,SQE,,BCY,1.0
SP000780,SP001020,DLJ,BAK,CYP,10,SQE,QRP,BCY,0.667
SP000780,SP003630,DLJ,BAK,SQE,10,SQE,QRP,,1.0
SP000780,SP004580,DLJ,BAK,WCY,10,SQE,QRP,BCY,0.625
SP000781,SP000834,KNO,LDS,WKF,7,WKF,LDS,,1.0
SP000783,SP000787,AFK,XVJ,XVJ,11,BRG,XOT,KMS,0.458
SP000783,SP000791,AFK,XVJ,XVJ,14,SAY,SMY,XMU,0.609
SP000783,SP004605,AFK,XVJ,CHX,11,BRG,XOT,KMS,0.458
SP000783,SP004613,AFK,XVJ,XVJ,11,BRG,XOT,KMS,0.458
SP000784,SP001141,GLM,CST,TON,5,SOO,HGM,CUX,0.278
SP000784,SP001144,GLM,CST,PDW,5,SOO,HGM,CUX,0.294
SP000784,SP001661,GLM,CST,LUT,22,CTN,BKH,WCB,0.786
SP000786,SP000789,EPD,BAK,WCY,8,WCY,XGU,,1.0
SP000787,SP000791,AFK,XVJ,XVJ,11,BRG,KMS,XOT,0.478
SP000787,SP004605,AFK,XVJ,CHX,14,OTF,SAY,SEH,0.56
SP000787,SP004613,AFK,XVJ,XVJ,14,OTF,SAY,SEH,0.56
SP000788,SP002941,GRV,CST,CHX,8,XRT,SGR,CRY,0.381
SP000788,SP004493,GRV,CST,CHX,8,XRT,SGR,CRY,0.4
SP000788,SP004501,GRV,CST,CHX,8,XRT,SGR,CRY,0.421
SP000790,SP000792,NRW,SHM,SHM,6,NWA,GNT,CMR,0.667
SP000790,SP000806,NRW,SHM,SHM,7,GNT,RNR,CMR,0.7
SP000791,SP004605,AFK,XVJ,CHX,11,BRG,XOT,KMS,0.478
SP000791,SP004613,AFK,XVJ,XVJ,11,BRG,XOT,KMS,0.478
SP000792,SP000806,NRW,SHM,SHM,6,NWA,CMR,GNT,0.667
SP000795,SP000970,LIV,MIA,WGN,6,HUY,WHN,PSC,0.462
SP000795,SP001541,LIV,MIA,MCV,14,ECC,DGT,MCV,0.933
SP000795,SP001777,LIV,MIA,MCV,14,ECC,DGT,SFD,0.875
SP000795,SP003754,LIV,MIA,WGN,12,NLW,PAT,WGN,0.923
SP000795,SP004459,LIV,MIA,MCV,12,NLW,PAT,ECC,0.8
SP000796,SP000814,PAD,HAF,HWV,5,HXX,HAF,HWV,0.833
SP000799,SP000920,KGX,BDI,KLN,9,HIT,BIW,LET,0.375
SP000799,SP000930,KGX,BDI,ELY,9,HIT,BIW,LET,0.474
SP000799,SP000950,KGX,BDI,YRK,19,DON,AWK,YRK,0.95
SP000799,SP000952,KGX,BDI,MBR,19,DON,AWK,YRK,0.731
SP000799,SP000958,KGX,BDI,ABD,19,DON,AWK,YRK,0.731
SP000799,SP000999,KGX,BDI,DON,19,DON,AWK,,1.0
SP000799,SP001003,KGX,BDI,HGT,20,AWK,WKK,WKF,0.833
SP000799,SP001007,KGX,BDI,CBG,6,WGC,XGN,WLW,0.286
SP000799,SP001047,KGX,BDI,SKI,20,AWK,WKK,WKF,0.8
SP000799,SP001120,KGX,BDI,PBO,11,SDY,HUN,SNO,0.733
SP000799,SP001594,KGX,BDI,HUL,19,DON,AWK,SBY,0.792
SP000799,SP001727,KGX,BDI,CBG,9,HIT,BIW,LET,0.529
SP000799,SP001880,KGX,BDI,BEV,19,DON,AWK,SBY,0.731
SP000799,SP002020,KGX,BDI,PBO,9,HIT,BIW,ARL,0.562
SP000799,SP002363,KGX,BDI,LET,5,PBR,WGC,HAT,0.385
SP000799,SP002914,KGX,BDI,KLN,9,HIT,BIW,LET,0.36
SP000799,SP002953,KGX,BDI,EDB,19,DON,AWK,THI,0.731
SP000799,SP003540,KGX,BDI,GLQ,19,DON,AWK,THI,0.731
SP000799,SP003600,KGX,BDI,CBG,9,HIT,BIW,LET,0.474
SP000799,SP003669,KGX,BDI,INV,19,DON,AWK,YRK,0.731
SP000801,SP000835,PAD,PLY,WSM,6,RDG,THE,GOR,0.353
SP000801,SP000840,PAD,PLY,PNZ,6,RDG,THE,GOR,0.261
SP000801,SP000848,PAD,PLY,WOS,6,RDG,THE,GOR,0.316
SP000801,SP000858,PAD,PLY,OXF,6,RDG,THE,GOR,0.667
SP000801,SP000862,PAD,PLY,CNM,6,RDG,THE,GOR,0.429
SP000801,SP001654,PAD,PLY,NBY,7,THE,NBY,THA,0.7
SP000801,SP001823,PAD,PLY,SWA,6,RDG,THE,GOR,0.286
SP000801,SP001838,PAD,PLY,SWA,6,RDG,THE,GOR,0.3
SP000801,SP001939,PAD,PLY,RDG,6,RDG,THE,,1.0
SP000801,SP002174,PAD,PLY,WSM,6,RDG,THE,GOR,0.375
SP000801,SP002183,PAD,PLY,WSM,6,RDG,THE,GOR,0.353
SP000801,SP002209,PAD,PLY,EXD,16,EXD,DWW,,1.0
SP000801,SP002216,PAD,PLY,NQY,8,NBY,HGD,BDW,0.348
SP000801,SP002711,PAD,PLY,BDW,7,THE,NBY,THA,0.583
SP000801,SP003385,PAD,PLY,PGN,8,NBY,HGD,BDW,0.348
SP000801,SP003417,PAD,PLY,CDF,6,RDG,THE,GOR,0.4
SP000801,SP003420,PAD,PLY,WOS,6,RDG,THE,GOR,0.353
SP000801,SP003428,PAD,PLY,WSB,7,THE,NBY,THA,0.5
SP000801,SP003429,PAD,PLY,CMN,6,RDG,THE,GOR,0.261
SP000801,SP003434,PAD,PLY,SWA,6,RDG,THE,GOR,0.286
SP000801,SP003440,PAD,PLY,SWA,6,RDG,THE,GOR,0.273
SP000801,SP003448,PAD,PLY,TAU,6,RDG,THE,GOR,0.316
SP000801,SP003480,PAD,PLY,PNZ,8,NBY,HGD,BDW,0.348
SP000801,SP003666,PAD,PLY,TAU,6,RDG,THE,GOR,0.3
SP000801,SP003788,PAD,PLY,SWA,6,RDG,THE,GOR,0.261
SP000801,SP004186,PAD,PLY,FRO,7,THE,NBY,THA,0.467
SP000801,SP004248,PAD,PLY,WPH,6,RDG,THE,GOR,0.353
SP000801,SP004338,PAD,PLY,BPW,6,RDG,THE,GOR,0.6
SP000801,SP004416,PAD,PLY,BDW,6,RDG,THE,RDW,0.375
SP000801,SP004476,PAD,PLY,BAN,6,RDG,THE,GOR,0.545
SP000801,SP004599,PAD,PLY,WOS,6,RDG,THE,GOR,0.429
SP000804,SP000955,APN,SHZ,SUN,13,SUN,CIC,,1.0
SP000809,SP001822,PNZ,PAD,PAD,20,EXD,TVP,EXC,0.606
SP000809,SP002137,PNZ,PAD,PAD,10,LSK,SGM,MEN,0.303
SP000809,SP002867,PNZ,PAD,PAD,12,STS,PLY,SBF,0.364
SP000809,SP003367,PNZ,PAD,PAD,30,MAI,SLO,TAP,0.909
SP000816,SP000824,ELP,BKQ,ELP,20,BKQ,,BKC,1.0
SP000817,SP000833,SHZ,APN,SGH,16,SGH,REG,,1.0
SP000817,SP000898,SHZ,APN,REG,17,REG,APN,,1.0
SP000820,SP001326,CDF,PMD,BGN,5,BGN,PYL,,1.0
SP000820,SP001909,CDF,PMD,MST,5,BGN,PYL,WMI,0.455
SP000820,SP003203,CDF,PMD,CMN,20,CMN,WTL,,1.0
SP000820,SP003748,CDF,PMD,SWA,13,SWA,GWN,,1.0
SP000823,SP002835,SHR,CTR,LIV,6,CTR,,HSB,1.0
SP000823,SP003336,SHR,CTR,LIV,6,CTR,,HSB,1.0
SP000825,SP001537,MAN,SOT,CRE,5,CHU,BML,HTH,0.385
SP000825,SP001953,MAN,SOT,MAC,10,MAC,CNG,,1.0
SP000825,SP002636,MAN,SOT,ALD,5,CHU,BML,HTH,0.625
SP000825,SP003145,MAN,SOT,FGH,5,CHU,BML,HTH,0.357
SP000827,SP002405,ZHS,ZUM,ZTH,7,ZTU,ZUM,ZTH,0.875
SP000828,SP003604,CTR,LIV,LIV,5,ALE,EDG,WSA,0.714
SP000831,SP001642,HHD,WBQ,MIA,19,WBQ,,ERL,1.0
SP000831,SP002839,HHD,WBQ,MIA,19,WBQ,,ERL,1.0
SP000831,SP003586,HHD,WBQ,CTR,15,CTR,HSB,,1.0
SP000833,SP000898,SHZ,SGH,REG,16,SGH,,REG,1.0
SP000835,SP000840,PAD,WSM,PNZ,11,BTH,KYN,BRI,0.647
SP000835,SP000848,PAD,WSM,WOS,7,GOR,DID,OXF,0.412
SP000835,SP000858,PAD,WSM,OXF,8,DID,SWI,OXF,0.889
SP000835,SP000862,PAD,WSM,CNM,9,SWI,CPM,KEM,0.643
SP000835,SP001654,PAD,WSM,NBY,6,RDG,GOR,THE,0.6
SP000835,SP001823,PAD,WSM,SWA,8,DID,SWI,XJF,0.471
SP000835,SP001838,PAD,WSM,SWA,9,SWI,CPM,BPW,0.529
SP000835,SP001939,PAD,WSM,RDG,6,RDG,GOR,,1.0
SP000835,SP002174,PAD,WSM,WSM,11,BTH,KYN,BRI,0.688
SP000835,SP002183,PAD,WSM,WSM,11,BTH,KYN,BRI,0.647
SP000835,SP002209,PAD,WSM,EXD,6,RDG,GOR,THE,0.375
SP000835,SP002216,PAD,WSM,NQY,6,RDG,GOR,THE,0.353
SP000835,SP002711,PAD,WSM,BDW,6,RDG,GOR,THE,0.5
SP000835,SP003385,PAD,WSM,PGN,6,RDG,GOR,THE,0.353
SP000835,SP003417,PAD,WSM,CDF,9,SWI,CPM,BPW,0.6
SP000835,SP003420,PAD,WSM,WOS,9,SWI,CPM,KEM,0.529
SP000835,SP003428,PAD,WSM,WSB,6,RDG,GOR,THE,0.429
SP000835,SP003429,PAD,WSM,CMN,9,SWI,CPM,BPW,0.529
SP000835,SP003434,PAD,WSM,SWA,9,SWI,CPM,BPW,0.529
SP000835,SP003440,PAD,WSM,SWA,9,SWI,CPM,BPW,0.529
SP000835,SP003448,PAD,WSM,TAU,11,BTH,KYN,BRI,0.647
SP000835,SP003480,PAD,WSM,PNZ,6,RDG,GOR,THE,0.353
SP000835,SP003666,PAD,WSM,TAU,11,BTH,KYN,BRI,0.647
SP000835,SP003788,PAD,WSM,SWA,11,BTH,KYN,BRI,0.647
SP000835,SP004186,PAD,WSM,FRO,6,RDG,GOR,THE,0.4
SP000835,SP004248,PAD,WSM,WPH,7,GOR,DID,OXF,0.412
SP000835,SP004338,PAD,WSM,BPW,9,SWI,CPM,BPW,0.9
SP000835,SP004416,PAD,WSM,BDW,6,RDG,GOR,RDW,0.375
SP000835,SP004476,PAD,WSM,BAN,7,GOR,DID,OXF,0.636
SP000835,SP004599,PAD,WSM,WOS,9,SWI,CPM,KEM,0.643
SP000836,SP001330,PEN,CPH,COY,5,CDQ,HHL,HLL,0.556
SP000837,SP000839,AYW,BHI,BHI,15,COS,ALB,WVH,0.625
SP000837,SP000850,AYW,BHI,MCN,6,MCN,CWS,,1.0
SP000837,SP000859,AYW,BHI,SHR,10,SHR,XSY,,1.0
SP000839,SP000850,AYW,BHI,MCN,6,MCN,CWS,,1.0
SP000839,SP000859,AYW,BHI,SHR,10,SHR,XSY,,1.0
SP000840,SP000848,PAD,PNZ,WOS,7,GOR,DID,OXF,0.368
SP000840,SP000858,PAD,PNZ,OXF,8,DID,SWI,OXF,0.889
SP000840,SP000862,PAD,PNZ,CNM,9,SWI,CPM,KEM,0.643
SP000840,SP001654,PAD,PNZ,NBY,6,RDG,GOR,THE,0.6
SP000840,SP001823,PAD,PNZ,SWA,8,DID,SWI,XJF,0.381
SP000840,SP001838,PAD,PNZ,SWA,9,SWI,CPM,BPW,0.45
SP000840,SP001939,PAD,PNZ,RDG,6,RDG,GOR,,1.0
SP000840,SP002174,PAD,PNZ,WSM,12,BRI,BWT,NLS,0.75
SP000840,SP002183,PAD,PNZ,WSM,12,BRI,BWT,NLS,0.706
SP000840,SP002209,PAD,PNZ,EXD,6,RDG,GOR,THE,0.375
SP000840,SP002216,PAD,PNZ,NQY,6,RDG,GOR,THE,0.214
SP000840,SP002711,PAD,PNZ,BDW,6,RDG,GOR,THE,0.5
SP000840,SP003385,PAD,PNZ,PGN,6,RDG,GOR,THE,0.261
SP000840,SP003417,PAD,PNZ,CDF,9,SWI,CPM,BPW,0.6
SP000840,SP003420,PAD,PNZ,WOS,9,SWI,CPM,KEM,0.529
SP000840,SP003428,PAD,PNZ,WSB,6,RDG,GOR,THE,0.429
SP000840,SP003429,PAD,PNZ,CMN,9,SWI,CPM,BPW,0.333
SP000840,SP003434,PAD,PNZ,SWA,9,SWI,CPM,BPW,0.429
SP000840,SP003440,PAD,PNZ,SWA,9,SWI,CPM,BPW,0.409
SP000840,SP003448,PAD,PNZ,TAU,12,BRI,BWT,NLS,0.632
SP000840,SP003480,PAD,PNZ,PNZ,6,RDG,GOR,THE,0.171
SP000840,SP003666,PAD,PNZ,TAU,12,BRI,BWT,NLS,0.6
SP000840,SP003788,PAD,PNZ,SWA,12,BRI,BWT,FIT,0.5
SP000840,SP004186,PAD,PNZ,FRO,6,RDG,GOR,THE,0.4
SP000840,SP004248,PAD,PNZ,WPH,7,GOR,DID,OXF,0.412
SP000840,SP004338,PAD,PNZ,BPW,9,SWI,CPM,BPW,0.9
SP000840,SP004416,PAD,PNZ,BDW,6,RDG,GOR,RDW,0.375
SP000840,SP004476,PAD,PNZ,BAN,7,GOR,DID,OXF,0.636
SP000840,SP004599,PAD,PNZ,WOS,9,SWI,CPM,KEM,0.643
SP000841,SP001230,COY,PEN,CDF,8,CDF,GTN,,1.0
SP000842,SP003396,EDB,COW,LEV,6,INK,ROS,DAG,0.6
SP000842,SP004620,EDB,COW,LEV,6,INK,ROS,DFE,0.6
SP000843,SP001081,XSU,EPS,SRH,7,SYD,ANZ,CYP,0.636
SP000843,SP001718,XSU,EPS,SUO,7,SYD,ANZ,PNW,0.5
SP000843,SP001762,XSU,EPS,BAK,7,SYD,ANZ,CYP,0.5
SP000843,SP003228,XSU,EPS,ECR,7,SYD,ANZ,PNW,0.636
SP000843,SP003838,XSU,EPS,CAT,7,SYD,ANZ,PNW,0.389
SP000846,SP002704,SLB,LLD,YRK,10,THI,CHF,YRK,0.909
SP000846,SP004378,SLB,LLD,MAN,10,THI,CHF,YRK,0.417
SP000847,SP001789,LLJ,BHI,SHR,13,SHR,XSY,,1.0
SP000847,SP002882,LLJ,BHI,CRE,8,CTR,WRX,CRE,0.889
SP000847,SP003605,LLJ,BHI,LIV,8,CTR,WRX,HSB,0.571
SP000847,SP003612,LLJ,BHI,MIA,8,CTR,WRX,HSB,0.348
SP000847,SP003990,LLJ,BHI,MIA,8,CTR,WRX,HSB,0.381
SP000848,SP000858,PAD,WOS,OXF,7,GOR,OXF,DID,0.778
SP000848,SP000862,PAD,WOS,CNM,7,GOR,OXF,DID,0.5
SP000848,SP001654,PAD,WOS,NBY,6,RDG,GOR,THE,0.6
SP000848,SP001823,PAD,WOS,SWA,7,GOR,OXF,DID,0.368
SP000848,SP001838,PAD,WOS,SWA,7,GOR,OXF,DID,0.368
SP000848,SP001939,PAD,WOS,RDG,6,RDG,GOR,,1.0
SP000848,SP002174,PAD,WOS,WSM,7,GOR,OXF,DID,0.438
SP000848,SP002183,PAD,WOS,WSM,7,GOR,OXF,DID,0.412
SP000848,SP002209,PAD,WOS,EXD,6,RDG,GOR,THE,0.375
SP000848,SP002216,PAD,WOS,NQY,6,RDG,GOR,THE,0.316
SP000848,SP002711,PAD,WOS,BDW,6,RDG,GOR,THE,0.5
SP000848,SP003385,PAD,WOS,PGN,6,RDG,GOR,THE,0.316
SP000848,SP003417,PAD,WOS,CDF,7,GOR,OXF,DID,0.467
SP000848,SP003420,PAD,WOS,WOS,7,GOR,OXF,DID,0.412
SP000848,SP003428,PAD,WOS,WSB,6,RDG,GOR,THE,0.429
SP000848,SP003429,PAD,WOS,CMN,7,GOR,OXF,DID,0.368
SP000848,SP003434,PAD,WOS,SWA,7,GOR,OXF,DID,0.368
SP000848,SP003440,PAD,WOS,SWA,7,GOR,OXF,DID,0.368
SP000848,SP003448,PAD,WOS,TAU,7,GOR,OXF,DID,0.368
SP000848,SP003480,PAD,WOS,PNZ,6,RDG,GOR,THE,0.316
SP000848,SP003666,PAD,WOS,TAU,7,GOR,OXF,DID,0.368
SP000848,SP003788,PAD,WOS,SWA,7,GOR,OXF,DID,0.368
SP000848,SP004186,PAD,WOS,FRO,6,RDG,GOR,THE,0.4
SP000848,SP004248,PAD,WOS,WPH,11,AUW,SIP,KGM,0.647
SP000848,SP004338,PAD,WOS,BPW,7,GOR,OXF,DID,0.7
SP000848,SP004416,PAD,WOS,BDW,6,RDG,GOR,RDW,0.375
SP000848,SP004476,PAD,WOS,BAN,8,OXF,HND,HYD,0.727
SP000848,SP004599,PAD,WOS,WOS,7,GOR,OXF,DID,0.5
SP000850,SP000859,AYW,MCN,SHR,6,MCN,,CWS,1.0
SP000851,SP003346,BHM,AYW,EDB,6,WVH,COS,XBJ,0.286
SP000851,SP004019,BHM,AYW,GLC,6,WVH,COS,XBJ,0.286
SP000852,SP001417,PLY,EXD,NCL,8,EXD,,TVP,1.0
SP000852,SP001423,PLY,EXD,LDS,8,EXD,,TVP,1.0
SP000852,SP001543,PLY,EXD,BHM,8,EXD,,TVP,1.0
SP000852,SP001568,PLY,EXD,BHM,8,EXD,,TVP,1.0
SP000852,SP001621,PLY,EXD,EDB,8,EXD,,TVP,1.0
SP000852,SP001622,PLY,EXD,EDB,8,EXD,,TVP,1.0
SP000852,SP001624,PLY,EXD,EDB,8,EXD,,TVP,1.0
SP000852,SP001626,PLY,EXD,ABD,8,EXD,,TVP,1.0
SP000852,SP001627,PLY,EXD,GLC,8,EXD,,TVP,1.0
SP000852,SP002263,PLY,EXD,GCR,8,EXD,,TVP,1.0
SP000852,SP002264,PLY,EXD,PAD,8,EXD,,TVP,1.0
SP000852,SP002265,PLY,EXD,PAD,8,EXD,,TVP,1.0
SP000852,SP003365,PLY,EXD,PAD,8,EXD,,TVP,1.0
SP000852,SP003366,PLY,EXD,PAD,8,EXD,,TVP,1.0
SP000852,SP003368,PLY,EXD,PAD,8,EXD,,TVP,1.0
SP000852,SP003372,PLY,EXD,PAD,8,EXD,,TVP,1.0
SP000852,SP003616,PLY,EXD,LDS,8,EXD,,TVP,1.0
SP000852,SP003651,PLY,EXD,PAD,8,EXD,,TVP,1.0
SP000853,SP002407,DID,BAN,EVE,5,OXF,TAC,HND,0.5
SP000853,SP002541,DID,BAN,OXF,5,OXF,TAC,,1.0
SP000857,SP003672,WML,MAN,LIV,9,MAN,,MCO,1.0
SP000858,SP000862,PAD,OXF,CNM,8,DID,OXF,SWI,0.889
SP000858,SP001654,PAD,OXF,NBY,6,RDG,GOR,THE,0.667
SP000858,SP001823,PAD,OXF,SWA,8,DID,OXF,XJF,0.889
SP000858,SP001838,PAD,OXF,SWA,8,DID,OXF,SWI,0.889
SP000858,SP001939,PAD,OXF,RDG,6,RDG,GOR,,1.0
SP000858,SP002174,PAD,OXF,WSM,8,DID,OXF,SWI,0.889
SP000858,SP002183,PAD,OXF,WSM,8,DID,OXF,SWI,0.889
SP000858,SP002209,PAD,OXF,EXD,6,RDG,GOR,THE,0.667
SP000858,SP002216,PAD,OXF,NQY,6,RDG,GOR,THE,0.667
SP000858,SP002711,PAD,OXF,BDW,6,RDG,GOR,THE,0.667
SP000858,SP003385,PAD,OXF,PGN,6,RDG,GOR,THE,0.667
SP000858,SP003417,PAD,OXF,CDF,8,DID,OXF,SWI,0.889
SP000858,SP003420,PAD,OXF,WOS,8,DID,OXF,SWI,0.889
SP000858,SP003428,PAD,OXF,WSB,6,RDG,GOR,THE,0.667
SP000858,SP003429,PAD,OXF,CMN,8,DID,OXF,SWI,0.889
SP000858,SP003434,PAD,OXF,SWA,8,DID,OXF,SWI,0.889
SP000858,SP003440,PAD,OXF,SWA,8,DID,OXF,SWI,0.889
SP000858,SP003448,PAD,OXF,TAU,8,DID,OXF,SWI,0.889
SP000858,SP003480,PAD,OXF,PNZ,6,RDG,GOR,THE,0.667
SP000858,SP003666,PAD,OXF,TAU,8,DID,OXF,SWI,0.889
SP000858,SP003788,PAD,OXF,SWA,8,DID,OXF,SWI,0.889
SP000858,SP004186,PAD,OXF,FRO,6,RDG,GOR,THE,0.667
SP000858,SP004248,PAD,OXF,WPH,7,GOR,DID,OXF,0.778
SP000858,SP004338,PAD,OXF,BPW,8,DID,OXF,SWI,0.889
SP000858,SP004416,PAD,OXF,BDW,6,RDG,GOR,RDW,0.667
SP000858,SP004476,PAD,OXF,BAN,7,GOR,DID,OXF,0.778
SP000858,SP004599,PAD,OXF,WOS,8,DID,OXF,SWI,0.889
SP000860,SP000863,GLQ,ABD,ABD,9,BYF,CAN,MON,0.562
SP000860,SP000867,GLQ,ABD,ABD,14,STN,PLN,ABD,0.933
SP000860,SP000875,GLQ,ABD,ABD,9,BYF,CAN,MON,0.562
SP000860,SP000877,GLQ,ABD,ABD,5,STG,DBL,BEA,0.312
SP000860,SP000878,GLQ,ABD,ABD,5,STG,DBL,BEA,0.312
SP000860,SP000883,GLQ,ABD,INV,5,STG,DBL,BEA,0.312
SP000860,SP000887,GLQ,ABD,PTH,5,STG,DBL,BEA,0.556
SP000860,SP000890,GLQ,ABD,ARB,5,STG,DBL,BEA,0.312
SP000860,SP000895,GLQ,ABD,DEE,5,STG,DBL,BEA,0.455
SP000860,SP000896,GLQ,ABD,DEE,6,DBL,PTH,GLE,0.6
SP000860,SP003167,GLQ,ABD,ABD,6,DBL,PTH,GLE,0.375
SP000860,SP004297,GLQ,ABD,ABD,7,PTH,DEE,ING,0.438
SP000860,SP004298,GLQ,ABD,INV,14,STN,PLN,ABD,0.875
SP000860,SP004300,GLQ,ABD,INV,6,DBL,PTH,GLE,0.375
SP000862,SP001654,PAD,CNM,NBY,6,RDG,GOR,THE,0.6
SP000862,SP001823,PAD,CNM,SWA,8,DID,SWI,XJF,0.571
SP000862,SP001838,PAD,CNM,SWA,9,SWI,KEM,BPW,0.643
SP000862,SP001939,PAD,CNM,RDG,6,RDG,GOR,,1.0
SP000862,SP002174,PAD,CNM,WSM,9,SWI,KEM,CPM,0.643
SP000862,SP002183,PAD,CNM,WSM,9,SWI,KEM,CPM,0.643
SP000862,SP002209,PAD,CNM,EXD,6,RDG,GOR,THE,0.429
SP000862,SP002216,PAD,CNM,NQY,6,RDG,GOR,THE,0.429
SP000862,SP002711,PAD,CNM,BDW,6,RDG,GOR,THE,0.5
SP000862,SP003385,PAD,CNM,PGN,6,RDG,GOR,THE,0.429
SP000862,SP003417,PAD,CNM,CDF,9,SWI,KEM,BPW,0.643
SP000862,SP003420,PAD,CNM,WOS,14,CNM,,ASC,1.0
SP000862,SP003428,PAD,CNM,WSB,6,RDG,GOR,THE,0.429
SP000862,SP003429,PAD,CNM,CMN,9,SWI,KEM,BPW,0.643
SP000862,SP003434,PAD,CNM,SWA,9,SWI,KEM,BPW,0.643
SP000862,SP003440,PAD,CNM,SWA,9,SWI,KEM,BPW,0.643
SP000862,SP003448,PAD,CNM,TAU,9,SWI,KEM,CPM,0.643
SP000862,SP003480,PAD,CNM,PNZ,6,RDG,GOR,THE,0.429
SP000862,SP003666,PAD,CNM,TAU,9,SWI,KEM,CPM,0.643
SP000862,SP003788,PAD,CNM,SWA,9,SWI,KEM,CPM,0.643
SP000862,SP004186,PAD,CNM,FRO,6,RDG,GOR,THE,0.429
SP000862,SP004248,PAD,CNM,WPH,7,GOR,DID,OXF,0.5
SP000862,SP004338,PAD,CNM,BPW,9,SWI,KEM,BPW,0.9
SP000862,SP004416,PAD,CNM,BDW,6,RDG,GOR,RDW,0.429
SP000862,SP004476,PAD,CNM,BAN,7,GOR,DID,OXF,0.636
SP000862,SP004599,PAD,CNM,WOS,10,KEM,STD,CNM,0.714
SP000863,SP000867,GLQ,ABD,ABD,9,BYF,MON,CAN,0.6
SP000863,SP000875,GLQ,ABD,ABD,15,STN,ABD,PLN,0.938
SP000863,SP000877,GLQ,ABD,ABD,5,STG,DBL,BEA,0.312
SP000863,SP000878,GLQ,ABD,ABD,5,STG,DBL,BEA,0.312
SP000863,SP000883,GLQ,ABD,INV,5,STG,DBL,BEA,0.312
SP000863,SP000887,GLQ,ABD,PTH,5,STG,DBL,BEA,0.556
SP000863,SP000890,GLQ,ABD,ARB,5,STG,DBL,BEA,0.312
SP000863,SP000895,GLQ,ABD,DEE,5,STG,DBL,BEA,0.455
SP000863,SP000896,GLQ,ABD,DEE,6,DBL,PTH,GLE,0.6
SP000863,SP003167,GLQ,ABD,ABD,6,DBL,PTH,GLE,0.375
SP000863,SP004297,GLQ,ABD,ABD,7,PTH,DEE,ING,0.438
SP000863,SP004298,GLQ,ABD,INV,9,BYF,MON,CAN,0.562
SP000863,SP004300,GLQ,ABD,INV,6,DBL,PTH,GLE,0.375
SP000865,SP001787,HHD,CDF,CTR,7,BNG,PMW,LLF,0.389
SP000865,SP002269,HHD,CDF,CDF,27,AGV,PPL,CWM,0.9
SP000865,SP002840,HHD,CDF,BHI,21,SHR,CTT,XSY,0.677
SP000865,SP003654,HHD,CDF,CRE,16,CTR,WRX,CRE,0.941
SP000867,SP000875,GLQ,ABD,ABD,9,BYF,CAN,MON,0.6
SP000867,SP000877,GLQ,ABD,ABD,5,STG,DBL,BEA,0.333
SP000867,SP000878,GLQ,ABD,ABD,5,STG,DBL,BEA,0.333
SP000867,SP000883,GLQ,ABD,INV,5,STG,DBL,BEA,0.333
SP000867,SP000887,GLQ,ABD,PTH,5,STG,DBL,BEA,0.556
SP000867,SP000890,GLQ,ABD,ARB,5,STG,DBL,BEA,0.333
SP000867,SP000895,GLQ,ABD,DEE,5,STG,DBL,BEA,0.455
SP000867,SP000896,GLQ,ABD,DEE,6,DBL,PTH,GLE,0.6
SP000867,SP003167,GLQ,ABD,ABD,6,DBL,PTH,GLE,0.4
SP000867,SP004297,GLQ,ABD,ABD,7,PTH,DEE,ING,0.467
SP000867,SP004298,GLQ,ABD,INV,15,ABD,,DYC,1.0
SP000867,SP004300,GLQ,ABD,INV,6,DBL,PTH,GLE,0.4
SP000868,SP000882,EUS,LIV,WVH,13,RUG,NUN,COV,0.565
SP000868,SP000885,EUS,LIV,CRE,13,RUG,NUN,COV,0.464
SP000868,SP000892,EUS,LIV,GLC,13,RUG,NUN,COV,0.464
SP000868,SP001313,EUS,LIV,HHD,15,XIM,TAM,XOI,0.536
SP000868,SP001327,EUS,LIV,TRI,5,WFJ,XOE,APS,0.5
SP000868,SP001329,EUS,LIV,TRI,5,WFJ,XOE,KGL,0.5
SP000868,SP001343,EUS,LIV,NMP,11,XHN,XWZ,NMP,0.917
SP000868,SP001346,EUS,LIV,CRE,14,NUN,XIM,ATH,0.609
SP000868,SP001451,EUS,LIV,BLY,5,WFJ,XOE,HML,0.417
SP000868,SP001454,EUS,LIV,BLY,5,WFJ,XOE,APS,0.385
SP000868,SP001807,EUS,LIV,GLC,15,XIM,TAM,XOI,0.536
SP000868,SP002179,EUS,LIV,GLC,10,MKC,XHN,WOL,0.357
SP000868,SP002202,EUS,LIV,WSL,8,XOD,BLY,LBZ,0.286
SP000868,SP002261,EUS,LIV,NMP,5,WFJ,XOE,KGL,0.294
SP000868,SP002647,EUS,LIV,MKC,5,WFJ,XOE,KGL,0.333
SP000868,SP002655,EUS,LIV,SAA,5,WFJ,XOE,WFN,0.455
SP000868,SP002872,EUS,LIV,CTR,15,XIM,TAM,XOI,0.75
SP000868,SP003031,EUS,LIV,MAN,15,XIM,TAM,XOI,0.536
SP000868,SP003036,EUS,LIV,BHM,8,XOD,BLY,LBZ,0.286
SP000868,SP003114,EUS,LIV,LIV,13,RUG,NUN,COV,0.464
SP000868,SP003191,EUS,LIV,BPN,15,XIM,TAM,XOI,0.536
SP000868,SP003207,EUS,LIV,LIV,15,XIM,TAM,XOI,0.556
SP000868,SP003300,EUS,LIV,WRX,15,XIM,TAM,XOI,0.714
SP000868,SP003360,EUS,LIV,EDB,13,RUG,NUN,COV,0.464
SP000868,SP003475,EUS,LIV,WVH,11,XHN,XWZ,NMP,0.44
SP000868,SP003568,EUS,LIV,WVH,10,MKC,XHN,WOL,0.357
SP000868,SP003958,EUS,LIV,INV,13,RUG,NUN,COV,0.464
SP000868,SP004012,EUS,LIV,GLC,11,XHN,XWZ,NMP,0.393
SP000868,SP004017,EUS,LIV,PRE,24,XYJ,RUN,WBQ,0.857
SP000868,SP004025,EUS,LIV,PRE,15,XIM,TAM,XOI,0.577
SP000868,SP004034,EUS,LIV,CRE,13,RUG,NUN,COV,0.464
SP000868,SP004036,EUS,LIV,GLC,10,MKC,XHN,WOL,0.357
SP000868,SP004111,EUS,LIV,GLC,10,MKC,XHN,WOL,0.357
SP000868,SP004131,EUS,LIV,BHM,5,WFJ,XOE,KGL,0.179
SP000868,SP004188,EUS,LIV,CRE,21,CRE,WSF,,1.0
SP000868,SP004207,EUS,LIV,CRE,13,RUG,NUN,COV,0.464
SP000868,SP004232,EUS,LIV,INV,10,MKC,XHN,WOL,0.357
SP000868,SP004384,EUS,LIV,WVH,13,RUG,NUN,COV,0.542
SP000868,SP004399,EUS,LIV,GLC,15,XIM,TAM,XOI,0.536
SP000868,SP004433,EUS,LIV,NMP,8,XOD,BLY,LBZ,0.571
SP000868,SP004516,EUS,LIV,GLC,15,XIM,TAM,XOI,0.536
SP000868,SP004529,EUS,LIV,BHM,5,WFJ,XOE,KGL,0.179
SP000869,SP000873,CDF,HHD,HHD,9,CRV,CTT,SHR,0.36
SP000869,SP002573,CDF,HHD,HFD,6,HFD,LEO,,1.0
SP000869,SP002860,CDF,HHD,MAN,9,CRV,CTT,SHR,0.409
SP000869,SP002893,CDF,HHD,MAN,11,SHR,GOB,YRT,0.367
SP000869,SP002902,CDF,HHD,HHD,23,LLJ,PMW,CNW,0.742
SP000869,SP003061,CDF,HHD,MAN,11,SHR,GOB,WEM,0.458
SP000869,SP003495,CDF,HHD,CTR,11,SHR,GOB,WEM,0.647
SP000869,SP003525,CDF,HHD,AGV,5,AGV,HFD,,1.0
SP000869,SP003619,CDF,HHD,CTR,11,SHR,GOB,YRT,0.579
SP000869,SP004084,CDF,HHD,CRE,11,SHR,GOB,YRT,0.611
SP000869,SP004294,CDF,HHD,CTR,11,SHR,GOB,WEM,0.611
SP000870,SP001067,CPH,PEN,CDF,6,CDF,GTN,,1.0
SP000870,SP004274,CPH,PEN,BYI,7,GTN,DGL,CGN,0.778
SP000871,SP001290,CDF,PPD,MER,9,PPD,,ACY,1.0
SP000871,SP003693,CDF,PPD,TRB,9,PPD,,TRH,1.0
SP000873,SP002573,CDF,HHD,HFD,6,HFD,LEO,,1.0
SP000873,SP002860,CDF,HHD,MAN,10,SHR,GOB,WEM,0.455
SP000873,SP002893,CDF,HHD,MAN,9,CRV,SHR,CTT,0.36
SP000873,SP002902,CDF,HHD,HHD,9,CRV,SHR,CTT,0.36
SP000873,SP003061,CDF,HHD,MAN,9,CRV,SHR,CTT,0.375
SP000873,SP003495,CDF,HHD,CTR,9,CRV,SHR,CTT,0.529
SP000873,SP003525,CDF,HHD,AGV,5,AGV,HFD,,1.0
SP000873,SP003619,CDF,HHD,CTR,9,CRV,SHR,CTT,0.474
SP000873,SP004084,CDF,HHD,CRE,9,CRV,SHR,CTT,0.5
SP000873,SP004294,CDF,HHD,CTR,9,CRV,SHR,CTT,0.5
SP000875,SP000877,GLQ,ABD,ABD,5,STG,DBL,BEA,0.294
SP000875,SP000878,GLQ,ABD,ABD,5,STG,DBL,BEA,0.294
SP000875,SP000883,GLQ,ABD,INV,5,STG,DBL,BEA,0.294
SP000875,SP000887,GLQ,ABD,PTH,5,STG,DBL,BEA,0.556
SP000875,SP000890,GLQ,ABD,ARB,5,STG,DBL,BEA,0.294
SP000875,SP000895,GLQ,ABD,DEE,5,STG,DBL,BEA,0.455
SP000875,SP000896,GLQ,ABD,DEE,6,DBL,PTH,GLE,0.6
SP000875,SP003167,GLQ,ABD,ABD,6,DBL,PTH,GLE,0.353
SP000875,SP004297,GLQ,ABD,ABD,7,PTH,DEE,ING,0.412
SP000875,SP004298,GLQ,ABD,INV,9,BYF,MON,CAN,0.529
SP000875,SP004300,GLQ,ABD,INV,6,DBL,PTH,GLE,0.353
SP000877,SP000878,GLQ,ABD,ABD,7,DBL,PTH,GLE,0.412
SP000877,SP000883,GLQ,ABD,INV,7,DBL,PTH,GLE,0.412
SP000877,SP000887,GLQ,ABD,PTH,7,DBL,PTH,GLE,0.778
SP000877,SP000890,GLQ,ABD,ARB,7,DBL,PTH,GLE,0.412
SP000877,SP000895,GLQ,ABD,DEE,7,DBL,PTH,GLE,0.636
SP000877,SP000896,GLQ,ABD,DEE,5,STG,BEA,DBL,0.5
SP000877,SP003167,GLQ,ABD,ABD,5,STG,BEA,DBL,0.294
SP000877,SP004297,GLQ,ABD,ABD,5,STG,BEA,DBL,0.294
SP000877,SP004298,GLQ,ABD,INV,5,STG,BEA,DBL,0.294
SP000877,SP004300,GLQ,ABD,INV,5,STG,BEA,DBL,0.294
SP000878,SP000883,GLQ,ABD,INV,9,PTH,DEE,DKD,0.529
SP000878,SP000887,GLQ,ABD,PTH,9,PTH,DEE,,1.0
SP000878,SP000890,GLQ,ABD,ARB,9,PTH,DEE,ING,0.5
SP000878,SP000895,GLQ,ABD,DEE,9,PTH,DEE,ING,0.818
SP000878,SP000896,GLQ,ABD,DEE,5,STG,BEA,DBL,0.5
SP000878,SP003167,GLQ,ABD,ABD,5,STG,BEA,DBL,0.278
SP000878,SP004297,GLQ,ABD,ABD,5,STG,BEA,DBL,0.278
SP000878,SP004298,GLQ,ABD,INV,5,STG,BEA,DBL,0.263
SP000878,SP004300,GLQ,ABD,INV,5,STG,BEA,DBL,0.294
SP000880,SP000881,AON,NEM,NEM,7,WOK,WBY,SUR,0.778
SP000880,SP000929,AON,NEM,WOK,7,WOK,WBY,,1.0
SP000880,SP001095,AON,NEM,NEM,10,WYB,SUR,WAL,0.833
SP000880,SP001747,AON,NEM,NEM,7,WOK,WBY,BFN,0.583
SP000880,SP001750,AON,NEM,NEM,10,WYB,SUR,ESH,0.833
SP000881,SP000929,AON,NEM,WOK,7,WOK,SUR,,1.0
SP000881,SP001095,AON,NEM,NEM,7,WOK,SUR,WBY,0.778
SP000881,SP001747,AON,NEM,NEM,7,WOK,SUR,BFN,0.778
SP000881,SP001750,AON,NEM,NEM,7,WOK,SUR,WBY,0.778
SP000882,SP000885,EUS,WVH,CRE,20,XOS,XGJ,XRA,0.87
SP000882,SP000892,EUS,WVH,GLC,21,XGJ,DDP,SAD,0.913
SP000882,SP001313,EUS,WVH,HHD,13,RUG,COV,NUN,0.565
SP000882,SP001327,EUS,WVH,TRI,5,WFJ,XOE,APS,0.5
SP000882,SP001329,EUS,WVH,TRI,5,WFJ,XOE,KGL,0.5
SP000882,SP001343,EUS,WVH,NMP,11,XHN,XWZ,NMP,0.917
SP000882,SP001346,EUS,WVH,CRE,13,RUG,COV,NUN,0.565
SP000882,SP001451,EUS,WVH,BLY,5,WFJ,XOE,HML,0.417
SP000882,SP001454,EUS,WVH,BLY,5,WFJ,XOE,APS,0.385
SP000882,SP001807,EUS,WVH,GLC,13,RUG,COV,NUN,0.565
SP000882,SP002179,EUS,WVH,GLC,10,MKC,XHN,WOL,0.435
SP000882,SP002202,EUS,WVH,WSL,8,XOD,BLY,LBZ,0.348
SP000882,SP002261,EUS,WVH,NMP,5,WFJ,XOE,KGL,0.294
SP000882,SP002647,EUS,WVH,MKC,5,WFJ,XOE,KGL,0.333
SP000882,SP002655,EUS,WVH,SAA,5,WFJ,XOE,WFN,0.455
SP000882,SP002872,EUS,WVH,CTR,13,RUG,COV,NUN,0.65
SP000882,SP003031,EUS,WVH,MAN,13,RUG,COV,NUN,0.565
SP000882,SP003036,EUS,WVH,BHM,8,XOD,BLY,LBZ,0.348
SP000882,SP003114,EUS,WVH,LIV,23,WVH,,XBJ,1.0
SP000882,SP003191,EUS,WVH,BPN,13,RUG,COV,NUN,0.565
SP000882,SP003207,EUS,WVH,LIV,13,RUG,COV,NUN,0.565
SP000882,SP003300,EUS,WVH,WRX,13,RUG,COV,NUN,0.619
SP000882,SP003360,EUS,WVH,EDB,21,XGJ,DDP,SAD,0.913
SP000882,SP003475,EUS,WVH,WVH,11,XHN,XWZ,NMP,0.478
SP000882,SP003568,EUS,WVH,WVH,10,MKC,XHN,WOL,0.435
SP000882,SP003958,EUS,WVH,INV,17,SCF,XOZ,AST,0.739
SP000882,SP004012,EUS,WVH,GLC,11,XHN,XWZ,NMP,0.478
SP000882,SP004017,EUS,WVH,PRE,13,RUG,COV,NUN,0.565
SP000882,SP004025,EUS,WVH,PRE,13,RUG,COV,NUN,0.565
SP000882,SP004034,EUS,WVH,CRE,21,XGJ,DDP,SAD,0.913
SP000882,SP004036,EUS,WVH,GLC,10,MKC,XHN,WOL,0.435
SP000882,SP004111,EUS,WVH,GLC,10,MKC,XHN,WOL,0.435
SP000882,SP004131,EUS,WVH,BHM,5,WFJ,XOE,KGL,0.217
SP000882,SP004188,EUS,WVH,CRE,13,RUG,COV,NUN,0.619
SP000882,SP004207,EUS,WVH,CRE,21,XGJ,DDP,SAD,0.913
SP000882,SP004232,EUS,WVH,INV,10,MKC,XHN,WOL,0.435
SP000882,SP004384,EUS,WVH,WVH,20,XOS,XGJ,XRA,0.87
SP000882,SP004399,EUS,WVH,GLC,13,RUG,COV,NUN,0.565
SP000882,SP004433,EUS,WVH,NMP,8,XOD,BLY,LBZ,0.571
SP000882,SP004516,EUS,WVH,GLC,13,RUG,COV,NUN,0.565
SP000882,SP004529,EUS,WVH,BHM,5,WFJ,XOE,KGL,0.217
SP000883,SP000887,GLQ,INV,PTH,9,PTH,DKD,,1.0
SP000883,SP000890,GLQ,INV,ARB,9,PTH,DKD,ING,0.529
SP000883,SP000895,GLQ,INV,DEE,9,PTH,DKD,ING,0.818
SP000883,SP000896,GLQ,INV,DEE,5,STG,BEA,DBL,0.5
SP000883,SP003167,GLQ,INV,ABD,5,STG,BEA,DBL,0.294
SP000883,SP004297,GLQ,INV,ABD,5,STG,BEA,DBL,0.294
SP000883,SP004298,GLQ,INV,INV,5,STG,BEA,DBL,0.294
SP000883,SP004300,GLQ,INV,INV,5,STG,BEA,DBL,0.294
SP000884,SP001591,CMN,SHR,MAN,6,LLE,BYE,PTA,0.176
SP000884,SP003470,CMN,SHR,PAD,6,LLE,BYE,SWA,0.222
SP000884,SP003474,CMN,SHR,BPW,6,LLE,BYE,SWA,0.333
SP000884,SP003744,CMN,SHR,CDF,6,LLE,BYE,GWN,0.3
SP000885,SP000892,EUS,CRE,GLC,20,XOS,XRA,XGJ,0.625
SP000885,SP001313,EUS,CRE,HHD,13,RUG,COV,NUN,0.406
SP000885,SP001327,EUS,CRE,TRI,5,WFJ,XOE,APS,0.5
SP000885,SP001329,EUS,CRE,TRI,5,WFJ,XOE,KGL,0.5
SP000885,SP001343,EUS,CRE,NMP,11,XHN,XWZ,NMP,0.917
SP000885,SP001346,EUS,CRE,CRE,13,RUG,COV,NUN,0.565
SP000885,SP001451,EUS,CRE,BLY,5,WFJ,XOE,HML,0.417
SP000885,SP001454,EUS,CRE,BLY,5,WFJ,XOE,APS,0.385
SP000885,SP001807,EUS,CRE,GLC,13,RUG,COV,NUN,0.406
SP000885,SP002179,EUS,CRE,GLC,10,MKC,XHN,WOL,0.312
SP000885,SP002202,EUS,CRE,WSL,8,XOD,BLY,LBZ,0.267
SP000885,SP002261,EUS,CRE,NMP,5,WFJ,XOE,KGL,0.294
SP000885,SP002647,EUS,CRE,MKC,5,WFJ,XOE,KGL,0.333
SP000885,SP002655,EUS,CRE,SAA,5,WFJ,XOE,WFN,0.455
SP000885,SP002872,EUS,CRE,CTR,13,RUG,COV,NUN,0.65
SP000885,SP003031,EUS,CRE,MAN,13,RUG,COV,NUN,0.464
SP000885,SP003036,EUS,CRE,BHM,8,XOD,BLY,LBZ,0.286
SP000885,SP003114,EUS,CRE,LIV,20,XOS,XRA,XGJ,0.625
SP000885,SP003191,EUS,CRE,BPN,13,RUG,COV,NUN,0.448
SP000885,SP003207,EUS,CRE,LIV,13,RUG,COV,NUN,0.481
SP000885,SP003300,EUS,CRE,WRX,13,RUG,COV,NUN,0.619
SP000885,SP003360,EUS,CRE,EDB,20,XOS,XRA,XGJ,0.625
SP000885,SP003475,EUS,CRE,WVH,11,XHN,XWZ,NMP,0.44
SP000885,SP003568,EUS,CRE,WVH,10,MKC,XHN,WOL,0.312
SP000885,SP003958,EUS,CRE,INV,17,SCF,XOZ,AST,0.531
SP000885,SP004012,EUS,CRE,GLC,11,XHN,XWZ,NMP,0.344
SP000885,SP004017,EUS,CRE,PRE,13,RUG,COV,NUN,0.464
SP000885,SP004025,EUS,CRE,PRE,13,RUG,COV,NUN,0.5
SP000885,SP004034,EUS,CRE,CRE,20,XOS,XRA,XGJ,0.625
SP000885,SP004036,EUS,CRE,GLC,10,MKC,XHN,WOL,0.312
SP000885,SP004111,EUS,CRE,GLC,10,MKC,XHN,WOL,0.312
SP000885,SP004131,EUS,CRE,BHM,5,WFJ,XOE,KGL,0.156
SP000885,SP004188,EUS,CRE,CRE,13,RUG,COV,NUN,0.619
SP000885,SP004207,EUS,CRE,CRE,20,XOS,XRA,XGJ,0.714
SP000885,SP004232,EUS,CRE,INV,10,MKC,XHN,WOL,0.312
SP000885,SP004384,EUS,CRE,WVH,24,WVH,XBJ,,1.0
SP000885,SP004399,EUS,CRE,GLC,13,RUG,COV,NUN,0.406
SP000885,SP004433,EUS,CRE,NMP,8,XOD,BLY,LBZ,0.571
SP000885,SP004516,EUS,CRE,GLC,13,RUG,COV,NUN,0.406
SP000885,SP004529,EUS,CRE,BHM,5,WFJ,XOE,KGL,0.161
SP000886,SP001229,EBB,MST,MST,8,PYE,NWP,CDF,0.421
SP000886,SP001246,EBB,MST,NWP,9,NWP,CDF,,1.0
SP000886,SP001371,EBB,MST,CDF,8,PYE,NWP,CDF,0.889
SP000886,SP001957,EBB,MST,CDF,10,CDF,PYC,,1.0
SP000887,SP000890,GLQ,PTH,ARB,9,PTH,,ING,1.0
SP000887,SP000895,GLQ,PTH,DEE,9,PTH,,ING,1.0
SP000887,SP000896,GLQ,PTH,DEE,5,STG,BEA,DBL,0.556
SP000887,SP003167,GLQ,PTH,ABD,5,STG,BEA,DBL,0.556
SP000887,SP004297,GLQ,PTH,ABD,5,STG,BEA,DBL,0.556
SP000887,SP004298,GLQ,PTH,INV,5,STG,BEA,DBL,0.556
SP000887,SP004300,GLQ,PTH,INV,5,STG,BEA,DBL,0.556
SP000889,SP001804,CRE,BHM,EUS,6,DDP,XGJ,SAD,0.667
SP000889,SP002078,CRE,BHM,BHM,5,WVH,DDP,CSY,0.556
SP000889,SP002646,CRE,BHM,BHM,6,DDP,XGJ,XGQ,0.667
SP000890,SP000895,GLQ,ARB,DEE,11,DEE,BYF,,1.0
SP000890,SP000896,GLQ,ARB,DEE,5,STG,BEA,DBL,0.5
SP000890,SP003167,GLQ,ARB,ABD,5,STG,BEA,DBL,0.278
SP000890,SP004297,GLQ,ARB,ABD,5,STG,BEA,DBL,0.278
SP000890,SP004298,GLQ,ARB,INV,5,STG,BEA,DBL,0.278
SP000890,SP004300,GLQ,ARB,INV,5,STG,BEA,DBL,0.294
SP000892,SP001313,EUS,GLC,HHD,13,RUG,COV,NUN,0.406
SP000892,SP001327,EUS,GLC,TRI,5,WFJ,XOE,APS,0.5
SP000892,SP001329,EUS,GLC,TRI,5,WFJ,XOE,KGL,0.5
SP000892,SP001343,EUS,GLC,NMP,11,XHN,XWZ,NMP,0.917
SP000892,SP001346,EUS,GLC,CRE,13,RUG,COV,NUN,0.565
SP000892,SP001451,EUS,GLC,BLY,5,WFJ,XOE,HML,0.417
SP000892,SP001454,EUS,GLC,BLY,5,WFJ,XOE,APS,0.385
SP000892,SP001807,EUS,GLC,GLC,13,RUG,COV,NUN,0.351
SP000892,SP002179,EUS,GLC,GLC,10,MKC,XHN,WOL,0.217
SP000892,SP002202,EUS,GLC,WSL,8,XOD,BLY,LBZ,0.267
SP000892,SP002261,EUS,GLC,NMP,5,WFJ,XOE,KGL,0.294
SP000892,SP002647,EUS,GLC,MKC,5,WFJ,XOE,KGL,0.333
SP000892,SP002655,EUS,GLC,SAA,5,WFJ,XOE,WFN,0.455
SP000892,SP002872,EUS,GLC,CTR,13,RUG,COV,NUN,0.65
SP000892,SP003031,EUS,GLC,MAN,13,RUG,COV,NUN,0.464
SP000892,SP003036,EUS,GLC,BHM,8,XOD,BLY,LBZ,0.286
SP000892,SP003114,EUS,GLC,LIV,21,XGJ,SAD,DDP,0.618
SP000892,SP003191,EUS,GLC,BPN,13,RUG,COV,NUN,0.448
SP000892,SP003207,EUS,GLC,LIV,13,RUG,COV,NUN,0.481
SP000892,SP003300,EUS,GLC,WRX,13,RUG,COV,NUN,0.619
SP000892,SP003360,EUS,GLC,EDB,43,LOC,SDM,SLA,0.935
SP000892,SP003475,EUS,GLC,WVH,11,XHN,XWZ,NMP,0.44
SP000892,SP003568,EUS,GLC,WVH,10,MKC,XHN,WOL,0.312
SP000892,SP003958,EUS,GLC,INV,17,SCF,XOZ,AST,0.37
SP000892,SP004012,EUS,GLC,GLC,11,XHN,XWZ,NMP,0.289
SP000892,SP004017,EUS,GLC,PRE,13,RUG,COV,NUN,0.464
SP000892,SP004025,EUS,GLC,PRE,13,RUG,COV,NUN,0.5
SP000892,SP004034,EUS,GLC,CRE,27,STA,CRE,SNE,0.844
SP000892,SP004036,EUS,GLC,GLC,10,MKC,XHN,WOL,0.233
SP000892,SP004111,EUS,GLC,GLC,10,MKC,XHN,WOL,0.227
SP000892,SP004131,EUS,GLC,BHM,5,WFJ,XOE,KGL,0.156
SP000892,SP004188,EUS,GLC,CRE,13,RUG,COV,NUN,0.619
SP000892,SP004207,EUS,GLC,CRE,28,CRE,WSF,,1.0
SP000892,SP004232,EUS,GLC,INV,10,MKC,XHN,WOL,0.217
SP000892,SP004384,EUS,GLC,WVH,20,XOS,XGJ,XRA,0.833
SP000892,SP004399,EUS,GLC,GLC,13,RUG,COV,NUN,0.361
SP000892,SP004433,EUS,GLC,NMP,8,XOD,BLY,LBZ,0.571
SP000892,SP004516,EUS,GLC,GLC,13,RUG,COV,NUN,0.351
SP000892,SP004529,EUS,GLC,BHM,5,WFJ,XOE,KGL,0.161
SP000894,SP002931,DFD,CST,CHX,10,CTN,WCB,BKH,0.667
SP000894,SP003463,DFD,CST,XKE,15,XKE,CST,,1.0
SP000895,SP000896,GLQ,DEE,DEE,5,STG,BEA,DBL,0.5
SP000895,SP003167,GLQ,DEE,ABD,5,STG,BEA,DBL,0.455
SP000895,SP004297,GLQ,DEE,ABD,5,STG,BEA,DBL,0.455
SP000895,SP004298,GLQ,DEE,INV,5,STG,BEA,DBL,0.455
SP000895,SP004300,GLQ,DEE,INV,5,STG,BEA,DBL,0.455
SP000896,SP003167,GLQ,DEE,ABD,10,DEE,,BYF,1.0
SP000896,SP004297,GLQ,DEE,ABD,6,DBL,GLE,PTH,0.6
SP000896,SP004298,GLQ,DEE,INV,6,DBL,GLE,PTH,0.6
SP000896,SP004300,GLQ,DEE,INV,8,PTH,ING,DKD,0.8
SP000897,SP000899,BNP,EXC,AXM,10,EXC,,PIN,1.0
SP000897,SP002420,BNP,EXC,EXD,8,CDI,EXD,NTC,0.8
SP000899,SP002420,BNP,AXM,EXD,8,CDI,EXD,NTC,0.8
SP000900,SP001049,BYI,RHY,CDF,9,CDF,CDQ,,1.0
SP000900,SP001134,BYI,RHY,RHY,15,ABE,LNB,ECP,0.682
SP000900,SP001907,BYI,RHY,CPH,14,CPH,ABE,,1.0
SP000900,SP003362,BYI,RHY,BGD,15,ABE,LNB,ECP,0.682
SP000900,SP003467,BYI,RHY,BGD,15,ABE,LNB,ECP,0.714
SP000900,SP004262,BYI,RHY,YSM,15,ABE,LNB,ECP,0.833
SP000904,SP001827,IMW,WJH,WFJ,5,XMB,WJH,XWI,0.833
SP000905,SP001142,CST,GRV,CST,12,BNH,XRT,SGR,0.6
SP000905,SP003314,CST,GRV,RTR,20,GRV,,HGM,1.0
SP000905,SP003479,CST,GRV,ORP,5,LEW,BKH,XPY,0.385
SP000906,SP001736,MAN,CRE,MIA,7,MIA,SYA,,1.0
SP000906,SP002950,MAN,CRE,CRE,11,CEL,HCH,GTR,0.786
SP000906,SP004042,MAN,CRE,CRE,6,HDG,MIA,WML,0.462
SP000907,SP000913,BNP,EXC,PGN,7,CDI,EXD,NTC,0.778
SP000908,SP000922,CHX,DFD,DFD,7,LEE,MTG,NEH,0.5
SP000908,SP000986,CHX,DFD,GRV,10,SID,AYP,BXY,0.667
SP000908,SP002979,CHX,DFD,SEV,6,HGR,LEE,GRP,0.4
SP000908,SP003156,CHX,DFD,CST,13,CRY,XRT,SGR,0.867
SP000908,SP003188,CHX,DFD,ORP,6,HGR,LEE,GRP,0.5
SP000908,SP003315,CHX,DFD,GRV,15,DFD,,SCG,1.0
SP000908,SP003760,CHX,DFD,GRV,15,DFD,,SCG,1.0
SP000909,SP001619,SRA,WJL,CMD,10,CMD,KTW,,1.0
SP000909,SP001698,SRA,WJL,WJH,19,XKG,WJL,WJH,0.95
SP000914,SP002844,LDS,YRK,HGT,8,HGT,SBE,,1.0
SP000914,SP002846,LDS,YRK,KNA,10,KNA,CTL,,1.0
SP000915,SP003723,LDS,EDB,YRK,5,YRK,THI,,1.0
SP000918,SP003012,DFD,CHX,XVJ,10,LEW,NWX,NHD,0.769
SP000920,SP000930,KGX,KLN,ELY,19,ELY,XYE,,1.0
SP000920,SP000950,KGX,KLN,YRK,9,HIT,LET,BIW,0.45
SP000920,SP000952,KGX,KLN,MBR,9,HIT,LET,BIW,0.375
SP000920,SP000958,KGX,KLN,ABD,9,HIT,LET,BIW,0.375
SP000920,SP000999,KGX,KLN,DON,9,HIT,LET,BIW,0.474
SP000920,SP001003,KGX,KLN,HGT,9,HIT,LET,BIW,0.375
SP000920,SP001007,KGX,KLN,CBG,6,WGC,XGN,WLW,0.286
SP000920,SP001047,KGX,KLN,SKI,9,HIT,LET,BIW,0.375
SP000920,SP001120,KGX,KLN,PBO,9,HIT,LET,BIW,0.6
SP000920,SP001594,KGX,KLN,HUL,9,HIT,LET,BIW,0.375
SP000920,SP001727,KGX,KLN,CBG,11,BDK,RYS,AWM,0.647
SP000920,SP001880,KGX,KLN,BEV,9,HIT,LET,BIW,0.375
SP000920,SP002020,KGX,KLN,PBO,9,HIT,LET,ARL,0.562
SP000920,SP002363,KGX,KLN,LET,5,PBR,WGC,HAT,0.385
SP000920,SP002914,KGX,KLN,KLN,11,BDK,RYS,AWM,0.458
SP000920,SP002953,KGX,KLN,EDB,9,HIT,LET,BIW,0.375
SP000920,SP003540,KGX,KLN,GLQ,9,HIT,LET,BIW,0.375
SP000920,SP003600,KGX,KLN,CBG,11,BDK,RYS,AWM,0.579
SP000920,SP003669,KGX,KLN,INV,9,HIT,LET,BIW,0.375
SP000922,SP000986,CHX,DFD,GRV,7,LEE,NEH,MTG,0.5
SP000922,SP002979,CHX,DFD,SEV,6,HGR,LEE,GRP,0.429
SP000922,SP003156,CHX,DFD,CST,7,LEE,NEH,MTG,0.5
SP000922,SP003188,CHX,DFD,ORP,6,HGR,LEE,GRP,0.5
SP000922,SP003315,CHX,DFD,GRV,7,LEE,NEH,MTG,0.5
SP000922,SP003760,CHX,DFD,GRV,7,LEE,NEH,MTG,0.5
SP000923,SP000937,KLN,KGX,KGX,17,SVG,XGN,HFN,0.708
SP000923,SP001177,KLN,KGX,KGX,12,FXN,RYS,STH,0.5
SP000923,SP002904,KLN,KGX,KGX,12,FXN,RYS,STH,0.5
SP000923,SP004078,KLN,KGX,KGX,13,RYS,BDK,AWM,0.542
SP000928,SP004623,EDB,GLQ,SBR,8,BBG,GLQ,MYH,0.889
SP000929,SP001095,AON,WOK,NEM,7,WOK,,WBY,1.0
SP000929,SP001747,AON,WOK,NEM,7,WOK,,BFN,1.0
SP000929,SP001750,AON,WOK,NEM,7,WOK,,WBY,1.0
SP000930,SP000950,KGX,ELY,YRK,9,HIT,LET,BIW,0.474
SP000930,SP000952,KGX,ELY,MBR,9,HIT,LET,BIW,0.474
SP000930,SP000958,KGX,ELY,ABD,9,HIT,LET,BIW,0.474
SP000930,SP000999,KGX,ELY,DON,9,HIT,LET,BIW,0.474
SP000930,SP001003,KGX,ELY,HGT,9,HIT,LET,BIW,0.474
SP000930,SP001007,KGX,ELY,CBG,6,WGC,XGN,WLW,0.316
SP000930,SP001047,KGX,ELY,SKI,9,HIT,LET,BIW,0.474
SP000930,SP001120,KGX,ELY,PBO,9,HIT,LET,BIW,0.6
SP000930,SP001594,KGX,ELY,HUL,9,HIT,LET,BIW,0.474
SP000930,SP001727,KGX,ELY,CBG,11,BDK,RYS,AWM,0.647
SP000930,SP001880,KGX,ELY,BEV,9,HIT,LET,BIW,0.474
SP000930,SP002020,KGX,ELY,PBO,9,HIT,LET,ARL,0.562
SP000930,SP002363,KGX,ELY,LET,5,PBR,WGC,HAT,0.385
SP000930,SP002914,KGX,ELY,KLN,11,BDK,RYS,AWM,0.579
SP000930,SP002953,KGX,ELY,EDB,9,HIT,LET,BIW,0.474
SP000930,SP003540,KGX,ELY,GLQ,9,HIT,LET,BIW,0.474
SP000930,SP003600,KGX,ELY,CBG,11,BDK,RYS,AWM,0.579
SP000930,SP003669,KGX,ELY,INV,9,HIT,LET,BIW,0.474
SP000931,SP000932,POO,NEM,NEM,6,CHR,NWM,HNA,0.273
SP000931,SP001294,POO,NEM,WIN,6,CHR,NWM,HNA,0.286
SP000931,SP002241,POO,NEM,BCU,6,CHR,NWM,HNA,0.6
SP000931,SP003842,POO,NEM,NEM,6,CHR,NWM,HNA,0.273
SP000932,SP001294,POO,NEM,WIN,10,BCU,ANF,BEU,0.476
SP000932,SP002241,POO,NEM,BCU,10,BCU,ANF,,1.0
SP000932,SP003842,POO,NEM,NEM,10,BCU,ANF,BEU,0.4
SP000933,SP001048,EBN,BTN,BAL,8,LWS,FMR,PMP,0.667
SP000933,SP002503,EBN,BTN,XSU,8,LWS,FMR,CBR,0.667
SP000933,SP003812,EBN,BTN,HHE,8,LWS,FMR,CBR,0.667
SP000933,SP004147,EBN,BTN,HHE,8,LWS,FMR,PMP,0.667
SP000933,SP004595,EBN,BTN,WSW,8,LWS,FMR,CBR,0.667
SP000934,SP001472,ELY,KGX,KGX,12,SVG,XGN,HFN,0.632
SP000934,SP003660,ELY,KGX,KGX,8,RYS,BDK,AWM,0.421
SP000934,SP003929,ELY,KGX,LST,6,XSP,FXN,WLF,0.316
SP000934,SP003935,ELY,KGX,LST,6,XSP,FXN,WLF,0.316
SP000934,SP004171,ELY,KGX,LST,6,XSP,FXN,SED,0.316
SP000934,SP004176,ELY,KGX,LST,6,XSP,FXN,SED,0.316
SP000934,SP004210,ELY,KGX,LST,6,XSP,FXN,SED,0.316
SP000934,SP004278,ELY,KGX,LST,6,XSP,FXN,WLF,0.316
SP000935,SP001245,SOU,POO,BMH,11,BMH,BSM,,1.0
SP000935,SP001835,SOU,POO,WEY,12,BSM,POO,PKS,0.923
SP000936,SP000938,SOU,POO,BMH,12,BMH,BSM,,1.0
SP000936,SP001297,SOU,POO,POO,6,BCU,SWY,NWM,0.5
SP000937,SP001177,KLN,KGX,KGX,12,FXN,RYS,STH,0.48
SP000937,SP002904,KLN,KGX,KGX,12,FXN,RYS,STH,0.48
SP000937,SP004078,KLN,KGX,KGX,13,RYS,BDK,AWM,0.52
SP000938,SP001297,SOU,BMH,POO,6,BCU,SWY,NWM,0.5
SP000940,SP000942,BMH,BSK,BSK,7,BCU,BEU,ANF,0.35
SP000940,SP000943,BMH,BSK,BSK,13,SDN,SWG,SOA,0.65
SP000940,SP001249,BMH,BSK,WIN,19,WIN,MIC,,1.0
SP000940,SP001260,BMH,BSK,WIN,13,SDN,SWG,SOA,0.722
SP000940,SP001263,BMH,BSK,WIN,7,BCU,BEU,ANF,0.412
SP000940,SP002944,BMH,BSK,NEM,7,BCU,BEU,ANF,0.333
SP000942,SP000943,BMH,BSK,BSK,7,BCU,ANF,BEU,0.35
SP000942,SP001249,BMH,BSK,WIN,7,BCU,ANF,BEU,0.368
SP000942,SP001260,BMH,BSK,WIN,7,BCU,ANF,BEU,0.389
SP000942,SP001263,BMH,BSK,WIN,12,SDN,SWG,SOA,0.706
SP000942,SP002944,BMH,BSK,NEM,12,SDN,SWG,SOA,0.6
SP000943,SP001249,BMH,BSK,WIN,13,SDN,SOA,SWG,0.684
SP000943,SP001260,BMH,BSK,WIN,18,WIN,MIC,,1.0
SP000943,SP001263,BMH,BSK,WIN,7,BCU,BEU,ANF,0.412
SP000943,SP002944,BMH,BSK,NEM,7,BCU,BEU,ANF,0.35
SP000944,SP001030,NEM,POO,GIL,5,BSK,MIC,OVR,0.417
SP000944,SP001041,NEM,POO,SAL,5,BSK,MIC,OVR,0.5
SP000944,SP001068,NEM,POO,WSB,5,BSK,MIC,OVR,0.25
SP000944,SP001071,NEM,POO,YVP,5,BSK,MIC,OVR,0.312
SP000944,SP001186,NEM,POO,YVP,5,BSK,MIC,OVR,0.312
SP000944,SP001187,NEM,POO,YVJ,5,BSK,MIC,OVR,0.294
SP000944,SP001190,NEM,POO,WEY,15,BCU,SWY,BMH,0.625
SP000944,SP001194,NEM,POO,EXD,5,BSK,MIC,OVR,0.217
SP000944,SP001197,NEM,POO,EXD,5,BSK,MIC,OVR,0.217
SP000944,SP001198,NEM,POO,EXD,5,BSK,MIC,OVR,0.227
SP000944,SP001206,NEM,POO,EXD,5,BSK,MIC,OVR,0.208
SP000944,SP001217,NEM,POO,WEY,15,BCU,SWY,NWM,0.625
SP000944,SP001227,NEM,POO,WEY,15,BCU,SWY,BMH,0.625
SP000944,SP001233,NEM,POO,WEY,7,WIN,XEW,SHW,0.292
SP000944,SP003109,NEM,POO,YVJ,5,BSK,MIC,OVR,0.333
SP000944,SP003844,NEM,POO,BMH,21,BMH,BSM,,1.0
SP000944,SP003846,NEM,POO,BMH,14,TTN,BCU,ANF,0.636
SP000944,SP003849,NEM,POO,BMH,15,BCU,SWY,BMH,0.938
SP000944,SP003851,NEM,POO,SOU,7,WIN,XEW,SHW,0.538
SP000944,SP004198,NEM,POO,POO,15,BCU,SWY,BMH,0.789
SP000945,SP000971,BAL,BOG,BOG,6,ELD,SAF,GTW,0.286
SP000945,SP001001,BAL,BOG,PMH,6,ELD,SAF,GTW,0.286
SP000945,SP001002,BAL,BOG,PMH,6,ELD,SAF,GTW,0.286
SP000945,SP001005,BAL,BOG,PMS,6,ELD,SAF,GTW,0.286
SP000945,SP001015,BAL,BOG,CCH,6,ELD,SAF,GTW,0.353
SP000945,SP001077,BAL,BOG,EBN,6,ELD,SAF,GTW,0.316
SP000945,SP001083,BAL,BOG,EBN,6,ELD,SAF,GTW,0.3
SP000945,SP001092,BAL,BOG,EBN,6,ELD,SAF,GTW,0.316
SP000945,SP001239,BAL,BOG,LIT,6,ELD,SAF,GTW,0.286
SP000945,SP001241,BAL,BOG,LIT,6,ELD,SAF,HOR,0.286
SP000945,SP001255,BAL,BOG,LIT,6,ELD,SAF,GTW,0.286
SP000945,SP001291,BAL,BOG,BTN,6,ELD,SAF,GTW,0.429
SP000945,SP001295,BAL,BOG,BTN,6,ELD,SAF,GTW,0.462
SP000945,SP002276,BAL,BOG,HGS,6,ELD,SAF,GTW,0.286
SP000945,SP002965,BAL,BOG,PMH,6,ELD,SAF,GTW,0.286
SP000945,SP002980,BAL,BOG,PMS,6,ELD,SAF,GTW,0.286
SP000945,SP002983,BAL,BOG,PMH,6,ELD,SAF,GTW,0.286
SP000945,SP002986,BAL,BOG,PMS,6,ELD,SAF,GTW,0.286
SP000945,SP002991,BAL,BOG,ORE,6,ELD,SAF,GTW,0.286
SP000945,SP002992,BAL,BOG,ORE,6,ELD,SAF,GTW,0.286
SP000945,SP002995,BAL,BOG,ORE,6,ELD,SAF,GTW,0.286
SP000945,SP003006,BAL,BOG,ORE,6,ELD,SAF,GTW,0.286
SP000945,SP003014,BAL,BOG,HGS,6,ELD,SAF,GTW,0.286
SP000945,SP003026,BAL,BOG,LIT,6,ELD,SAF,GTW,0.286
SP000945,SP003130,BAL,BOG,WRH,6,ELD,SAF,GTW,0.316
SP000945,SP003179,BAL,BOG,TBD,5,XJS,ELD,CDS,0.417
SP000945,SP003294,BAL,BOG,HRH,6,ELD,SAF,GTW,0.545
SP000945,SP003298,BAL,BOG,CCH,6,ELD,SAF,GTW,0.3
SP000945,SP003675,BAL,BOG,WRH,6,ELD,SAF,GTW,0.333
SP000945,SP003677,BAL,BOG,WRH,6,ELD,SAF,GTW,0.316
SP000945,SP003756,BAL,BOG,BTN,5,XJS,ELD,RDH,0.333
SP000945,SP004020,BAL,BOG,GTW,6,ELD,SAF,GTW,0.857
SP000945,SP004086,BAL,BOG,WRH,9,TBD,CRW,HHE,0.45
SP000947,SP003283,DKG,EAD,BAK,5,EPS,EWW,EWE,0.455
SP000947,SP003556,DKG,EAD,BAL,5,EPS,EWW,EWE,0.455
SP000947,SP003640,DKG,EAD,BAK,5,EPS,EWW,CHE,0.455
SP000947,SP004554,DKG,EAD,BAK,5,EPS,EWW,EWE,0.455
SP000949,SP000963,MAN,BUX,BUX,7,HAZ,MDL,DSL,0.538
SP000949,SP000967,MAN,BUX,BUX,13,CEF,DVH,BUX,0.929
SP000949,SP000974,MAN,BUX,BUX,7,HAZ,MDL,DSL,0.5
SP000949,SP001740,MAN,BUX,HAZ,7,HAZ,MDL,,1.0
SP000949,SP003076,MAN,BUX,SHF,7,HAZ,MDL,CLY,0.467
SP000950,SP000952,KGX,YRK,MBR,20,YRK,,THI,1.0
SP000950,SP000958,KGX,YRK,ABD,20,YRK,,THI,1.0
SP000950,SP000999,KGX,YRK,DON,19,DON,YRK,,1.0
SP000950,SP001003,KGX,YRK,HGT,19,DON,YRK,AWK,0.95
SP000950,SP001007,KGX,YRK,CBG,6,WGC,XGN,WLW,0.3
SP000950,SP001047,KGX,YRK,SKI,19,DON,YRK,AWK,0.95
SP000950,SP001120,KGX,YRK,PBO,11,SDY,HUN,SNO,0.733
SP000950,SP001594,KGX,YRK,HUL,19,DON,YRK,SBY,0.95
SP000950,SP001727,KGX,YRK,CBG,9,HIT,BIW,LET,0.529
SP000950,SP001880,KGX,YRK,BEV,19,DON,YRK,SBY,0.95
SP000950,SP002020,KGX,YRK,PBO,9,HIT,BIW,ARL,0.562
SP000950,SP002363,KGX,YRK,LET,5,PBR,WGC,HAT,0.385
SP000950,SP002914,KGX,YRK,KLN,9,HIT,BIW,LET,0.45
SP000950,SP002953,KGX,YRK,EDB,19,DON,YRK,THI,0.95
SP000950,SP003540,KGX,YRK,GLQ,19,DON,YRK,THI,0.95
SP000950,SP003600,KGX,YRK,CBG,9,HIT,BIW,LET,0.474
SP000950,SP003669,KGX,YRK,INV,20,YRK,,THI,1.0
SP000951,SP000953,XVJ,AFK,AFK,13,XOT,KMS,BRG,0.542
SP000951,SP000960,XVJ,AFK,AFK,9,XMU,SMY,SAY,0.391
SP000951,SP000964,XVJ,AFK,RAM,25,AFK,,WYE,1.0
SP000951,SP001887,XVJ,AFK,RAM,9,XMU,SMY,SAY,0.36
SP000951,SP003152,XVJ,AFK,RAM,25,AFK,,WYE,1.0
SP000951,SP003155,XVJ,AFK,GLM,11,SAY,OTF,FNR,0.55
SP000951,SP003334,XVJ,AFK,AFK,8,XLY,XMU,XPE,0.533
SP000951,SP003576,XVJ,AFK,AFK,13,XOT,KMS,BRG,0.591
SP000952,SP000958,KGX,MBR,ABD,22,NTR,YRM,DAR,0.846
SP000952,SP000999,KGX,MBR,DON,19,DON,YRK,,1.0
SP000952,SP001003,KGX,MBR,HGT,19,DON,YRK,AWK,0.792
SP000952,SP001007,KGX,MBR,CBG,6,WGC,XGN,WLW,0.286
SP000952,SP001047,KGX,MBR,SKI,19,DON,YRK,AWK,0.76
SP000952,SP001120,KGX,MBR,PBO,11,SDY,HUN,SNO,0.733
SP000952,SP001594,KGX,MBR,HUL,19,DON,YRK,SBY,0.792
SP000952,SP001727,KGX,MBR,CBG,9,HIT,BIW,LET,0.529
SP000952,SP001880,KGX,MBR,BEV,19,DON,YRK,SBY,0.731
SP000952,SP002020,KGX,MBR,PBO,9,HIT,BIW,ARL,0.562
SP000952,SP002363,KGX,MBR,LET,5,PBR,WGC,HAT,0.385
SP000952,SP002914,KGX,MBR,KLN,9,HIT,BIW,LET,0.36
SP000952,SP002953,KGX,MBR,EDB,19,DON,YRK,THI,0.731
SP000952,SP003540,KGX,MBR,GLQ,19,DON,YRK,THI,0.731
SP000952,SP003600,KGX,MBR,CBG,9,HIT,BIW,LET,0.474
SP000952,SP003669,KGX,MBR,INV,22,NTR,YRM,DAR,0.846
SP000953,SP000960,XVJ,AFK,AFK,9,XMU,SMY,SAY,0.391
SP000953,SP000964,XVJ,AFK,RAM,13,XOT,BRG,KMS,0.542
SP000953,SP001887,XVJ,AFK,RAM,9,XMU,SMY,SAY,0.375
SP000953,SP003152,XVJ,AFK,RAM,13,XOT,BRG,KMS,0.542
SP000953,SP003155,XVJ,AFK,GLM,11,SAY,OTF,FNR,0.55
SP000953,SP003334,XVJ,AFK,AFK,8,XLY,XMU,XPE,0.533
SP000953,SP003576,XVJ,AFK,AFK,19,BSD,HBN,LEN,0.864
SP000958,SP000999,KGX,ABD,DON,19,DON,YRK,,1.0
SP000958,SP001003,KGX,ABD,HGT,19,DON,YRK,AWK,0.792
SP000958,SP001007,KGX,ABD,CBG,6,WGC,XGN,WLW,0.286
SP000958,SP001047,KGX,ABD,SKI,19,DON,YRK,AWK,0.76
SP000958,SP001120,KGX,ABD,PBO,11,SDY,HUN,SNO,0.733
SP000958,SP001594,KGX,ABD,HUL,19,DON,YRK,SBY,0.792
SP000958,SP001727,KGX,ABD,CBG,9,HIT,BIW,LET,0.529
SP000958,SP001880,KGX,ABD,BEV,19,DON,YRK,SBY,0.731
SP000958,SP002020,KGX,ABD,PBO,9,HIT,BIW,ARL,0.562
SP000958,SP002363,KGX,ABD,LET,5,PBR,WGC,HAT,0.385
SP000958,SP002914,KGX,ABD,KLN,9,HIT,BIW,LET,0.36
SP000958,SP002953,KGX,ABD,EDB,19,DON,YRK,THI,0.594
SP000958,SP003540,KGX,ABD,GLQ,19,DON,YRK,THI,0.475
SP000958,SP003600,KGX,ABD,CBG,9,HIT,BIW,LET,0.474
SP000958,SP003669,KGX,ABD,INV,34,HYM,INK,LIN,0.708
SP000960,SP000964,XVJ,AFK,RAM,9,XMU,SAY,SMY,0.391
SP000960,SP001887,XVJ,AFK,RAM,10,SAY,OTF,XWK,0.435
SP000960,SP003152,XVJ,AFK,RAM,9,XMU,SAY,SMY,0.391
SP000960,SP003155,XVJ,AFK,GLM,9,XMU,SAY,SMY,0.45
SP000960,SP003334,XVJ,AFK,AFK,8,XLY,XMU,XPE,0.533
SP000960,SP003576,XVJ,AFK,AFK,9,XMU,SAY,SMY,0.409
SP000961,SP003398,CLH,BBN,MCV,5,BBN,,DWN,1.0
SP000961,SP004474,CLH,BBN,MCV,5,BBN,,DWN,1.0
SP000962,SP003046,BHM,EUS,EUS,19,TRI,XOE,BKM,0.76
SP000962,SP003882,BHM,EUS,MKC,15,MKC,BLY,,1.0
SP000962,SP003967,BHM,EUS,NMP,12,NMP,XHN,,1.0
SP000962,SP004063,BHM,EUS,EUS,19,TRI,XOE,BKM,0.76
SP000963,SP000967,MAN,BUX,BUX,7,HAZ,DSL,MDL,0.538
SP000963,SP000974,MAN,BUX,BUX,12,CEF,BUX,DVH,0.923
SP000963,SP001740,MAN,BUX,HAZ,7,HAZ,DSL,,1.0
SP000963,SP003076,MAN,BUX,SHF,7,HAZ,DSL,CLY,0.538
SP000964,SP001887,XVJ,RAM,RAM,9,XMU,SMY,SAY,0.281
SP000964,SP003152,XVJ,RAM,RAM,32,XMF,THP,RAM,0.97
SP000964,SP003155,XVJ,RAM,GLM,11,SAY,OTF,FNR,0.55
SP000964,SP003334,XVJ,RAM,AFK,8,XLY,XMU,XPE,0.533
SP000964,SP003576,XVJ,RAM,AFK,13,XOT,KMS,BRG,0.591
SP000966,SP001350,MIA,LIV,MAN,7,MAN,MCO,,1.0
SP000966,SP002517,MIA,LIV,YRK,7,MAN,MCO,ADK,0.304
SP000966,SP003711,MIA,LIV,BPN,9,DGT,ECC,SLD,0.391
SP000966,SP004118,MIA,LIV,LIV,9,DGT,ECC,SFD,0.409
SP000966,SP004489,MIA,LIV,CLE,7,MAN,MCO,LVM,0.304
SP000966,SP004503,MIA,LIV,BIF,9,DGT,ECC,SLD,0.391
SP000966,SP004572,MIA,LIV,BPN,9,DGT,ECC,SLD,0.391
SP000966,SP004585,MIA,LIV,SCA,7,MAN,MCO,ADK,0.304
SP000967,SP000974,MAN,BUX,BUX,7,HAZ,MDL,DSL,0.5
SP000967,SP001740,MAN,BUX,HAZ,7,HAZ,MDL,,1.0
SP000967,SP003076,MAN,BUX,SHF,7,HAZ,MDL,CLY,0.5
SP000968,SP004252,LDS,KNO,GOO,7,KNO,,WBD,1.0
SP000970,SP001541,LIV,WGN,MCV,6,HUY,PSC,WHN,0.462
SP000970,SP001777,LIV,WGN,MCV,6,HUY,PSC,WHN,0.462
SP000970,SP003754,LIV,WGN,WGN,6,HUY,PSC,WHN,0.462
SP000970,SP004459,LIV,WGN,MCV,6,HUY,PSC,WHN,0.462
SP000971,SP001001,BAL,BOG,PMH,8,TBD,HHE,CRW,0.296
SP000971,SP001002,BAL,BOG,PMH,8,TBD,HHE,CRW,0.296
SP000971,SP001005,BAL,BOG,PMS,8,TBD,HHE,CRW,0.296
SP000971,SP001015,BAL,BOG,CCH,8,TBD,HHE,CRW,0.471
SP000971,SP001077,BAL,BOG,EBN,9,HHE,XKM,WVF,0.474
SP000971,SP001083,BAL,BOG,EBN,9,HHE,XKM,WVF,0.45
SP000971,SP001092,BAL,BOG,EBN,9,HHE,XKM,WVF,0.474
SP000971,SP001239,BAL,BOG,LIT,15,PLD,SWK,SSE,0.625
SP000971,SP001241,BAL,BOG,LIT,6,ELD,GTW,HOR,0.24
SP000971,SP001255,BAL,BOG,LIT,24,XXA,FOD,LIT,0.96
SP000971,SP001291,BAL,BOG,BTN,13,PRP,HOV,BTN,0.929
SP000971,SP001295,BAL,BOG,BTN,11,BUG,HSK,PRP,0.846
SP000971,SP002276,BAL,BOG,HGS,9,HHE,XKM,WVF,0.333
SP000971,SP002965,BAL,BOG,PMH,8,TBD,HHE,CRW,0.333
SP000971,SP002980,BAL,BOG,PMS,8,TBD,HHE,CRW,0.296
SP000971,SP002983,BAL,BOG,PMH,8,TBD,HHE,CRW,0.296
SP000971,SP002986,BAL,BOG,PMS,8,TBD,HHE,CRW,0.308
SP000971,SP002991,BAL,BOG,ORE,9,HHE,XKM,WVF,0.333
SP000971,SP002992,BAL,BOG,ORE,9,HHE,XKM,WVF,0.333
SP000971,SP002995,BAL,BOG,ORE,9,HHE,XKM,WVF,0.333
SP000971,SP003006,BAL,BOG,ORE,9,HHE,XKM,WVF,0.333
SP000971,SP003014,BAL,BOG,HGS,9,HHE,XKM,WVF,0.333
SP000971,SP003026,BAL,BOG,LIT,15,PLD,SWK,SSE,0.6
SP000971,SP003130,BAL,BOG,WRH,11,BUG,HSK,PRP,0.579
SP000971,SP003179,BAL,BOG,TBD,5,XJS,ELD,CDS,0.417
SP000971,SP003294,BAL,BOG,HRH,8,TBD,HHE,CRW,0.727
SP000971,SP003298,BAL,BOG,CCH,8,TBD,HHE,CRW,0.4
SP000971,SP003675,BAL,BOG,WRH,11,BUG,HSK,PRP,0.611
SP000971,SP003677,BAL,BOG,WRH,9,HHE,XKM,WVF,0.474
SP000971,SP003756,BAL,BOG,BTN,5,XJS,ELD,RDH,0.333
SP000971,SP004020,BAL,BOG,GTW,7,GTW,TBD,,1.0
SP000971,SP004086,BAL,BOG,WRH,6,ELD,GTW,SAF,0.3
SP000972,SP001219,PMH,NEM,NEM,5,PTR,HSL,LIS,0.417
SP000972,SP003038,PMH,NEM,NEM,5,PTR,HSL,LIS,0.417
SP000972,SP003509,PMH,NEM,NEM,6,HSL,GOD,WTY,0.5
SP000973,SP003523,NEM,PMS,PMH,18,PMS,,PMH,1.0
SP000974,SP001740,MAN,BUX,HAZ,7,HAZ,DSL,,1.0
SP000974,SP003076,MAN,BUX,SHF,7,HAZ,DSL,CLY,0.5
SP000978,SP001203,SUO,BDM,BDM,16,BFR,ZFD,CTK,0.471
SP000978,SP003055,SUO,BDM,BDM,30,LUT,LEA,FLT,0.938
SP000979,SP002612,BPN,YRK,MIA,5,PRE,LOH,LEY,0.217
SP000979,SP004205,BPN,YRK,CRE,5,PRE,LOH,XOU,0.385
SP000982,SP001665,RAI,WHP,KTN,15,XRT,BNH,SGR,0.536
SP000982,SP002289,RAI,WHP,WHP,15,XRT,BNH,SGR,0.536
SP000982,SP002797,RAI,WHP,WHP,15,XRT,BNH,SGR,0.536
SP000982,SP002803,RAI,WHP,DFD,14,DFD,XRT,,1.0
SP000984,SP003781,BPN,LDS,LDS,11,BDI,NPD,LDS,0.917
SP000984,SP004106,BPN,LDS,YRK,13,LDS,,CRG,1.0
SP000985,SP003316,LDS,BBN,BPN,8,BBN,,MLH,1.0
SP000985,SP003998,LDS,BBN,BPN,8,BBN,,MLH,1.0
SP000986,SP002979,CHX,GRV,SEV,6,HGR,LEE,GRP,0.375
SP000986,SP003156,CHX,GRV,CST,10,SID,BXY,AYP,0.5
SP000986,SP003188,CHX,GRV,ORP,6,HGR,LEE,GRP,0.5
SP000986,SP003315,CHX,GRV,GRV,10,SID,BXY,AYP,0.5
SP000986,SP003760,CHX,GRV,GRV,10,SID,BXY,AYP,0.526
SP000987,SP001009,LDS,RCD,RCD,10,TOD,LTL,WDN,0.833
SP000987,SP003208,LDS,RCD,HFX,6,HFX,SOW,,1.0
SP000988,SP001196,NCL,KGX,KGX,29,AAP,HRN,HGY,0.879
SP000988,SP001562,NCL,KGX,BHM,7,DON,RET,MEX,0.333
SP000988,SP001657,NCL,KGX,RDG,7,DON,RET,MEX,0.206
SP000988,SP001659,NCL,KGX,RDG,7,DON,RET,MEX,0.206
SP000988,SP001667,NCL,KGX,PLY,6,YRK,DON,CHF,0.176
SP000988,SP001683,NCL,KGX,RDG,7,DON,RET,MEX,0.206
SP000988,SP001878,NCL,KGX,RDG,7,DON,RET,MEX,0.206
SP000988,SP004589,NCL,KGX,KGX,26,HDW,OKL,NBA,0.765
SP000990,SP000996,CST,CST,CST,14,SGR,CRY,BNH,0.538
SP000990,SP002900,CST,CST,DFD,14,SGR,CRY,XRT,0.875
SP000991,SP002493,KGX,CBG,HFN,6,AAP,NSG,BOP,0.4
SP000991,SP002494,KGX,CBG,RYS,6,AAP,NSG,BOP,0.333
SP000991,SP002502,KGX,CBG,CBG,6,AAP,NSG,BOP,0.24
SP000991,SP002602,KGX,CBG,WGC,14,WGC,XGN,,1.0
SP000991,SP002623,KGX,CBG,PBO,6,AAP,NSG,BOP,0.286
SP000991,SP002765,KGX,CBG,CBG,14,WGC,XGN,WLW,0.5
SP000991,SP002973,KGX,CBG,HFN,6,AAP,NSG,BOP,0.375
SP000991,SP003030,KGX,CBG,WGC,12,BPK,HAT,WMG,0.8
SP000991,SP003175,KGX,CBG,HFN,6,AAP,NSG,BOP,0.429
SP000991,SP004237,KGX,CBG,PBO,18,HIT,LET,ARL,0.72
SP000994,SP001139,PMH,HRH,NEM,6,HAV,WBL,RLN,0.353
SP000994,SP001730,PMH,HRH,HRH,16,XXA,ARU,PUL,0.842
SP000994,SP001858,PMH,HRH,BTN,6,HAV,WBL,EMS,0.273
SP000994,SP001867,PMH,HRH,NEM,6,HAV,WBL,RLN,0.3
SP000994,SP003439,PMH,HRH,GLD,6,HAV,WBL,RLN,0.375
SP000995,SP002967,PMH,HRH,BOG,6,SOB,BOH,CCH,0.667
SP000996,SP002900,CST,CST,DFD,14,SGR,BNH,XRT,0.875
SP000998,SP001162,PMH,HRH,BTN,5,HAV,EMS,WBL,0.357
SP000998,SP002968,PMH,HRH,HRH,5,HAV,EMS,WBL,0.357
SP000998,SP003547,PMH,HRH,GTW,11,XXA,PUL,ARU,0.786
SP000999,SP001003,KGX,DON,HGT,19,DON,,AWK,1.0
SP000999,SP001007,KGX,DON,CBG,6,WGC,XGN,WLW,0.316
SP000999,SP001047,KGX,DON,SKI,19,DON,,AWK,1.0
SP000999,SP001120,KGX,DON,PBO,11,SDY,HUN,SNO,0.733
SP000999,SP001594,KGX,DON,HUL,19,DON,,SBY,1.0
SP000999,SP001727,KGX,DON,CBG,9,HIT,BIW,LET,0.529
SP000999,SP001880,KGX,DON,BEV,19,DON,,SBY,1.0
SP000999,SP002020,KGX,DON,PBO,9,HIT,BIW,ARL,0.562
SP000999,SP002363,KGX,DON,LET,5,PBR,WGC,HAT,0.385
SP000999,SP002914,KGX,DON,KLN,9,HIT,BIW,LET,0.474
SP000999,SP002953,KGX,DON,EDB,19,DON,,THI,1.0
SP000999,SP003540,KGX,DON,GLQ,19,DON,,THI,1.0
SP000999,SP003600,KGX,DON,CBG,9,HIT,BIW,LET,0.474
SP000999,SP003669,KGX,DON,INV,19,DON,,YRK,1.0
SP001000,SP001733,RCD,LDS,LDS,6,HBD,SOW,MYT,0.5
SP001000,SP002945,RCD,LDS,LDS,6,HBD,SOW,HFX,0.5
SP001000,SP003695,RCD,LDS,LDS,6,HBD,SOW,MYT,0.545
SP001001,SP001002,BAL,PMH,PMH,9,CRW,IFI,LVN,0.321
SP001001,SP001005,BAL,PMH,PMS,9,CRW,IFI,LVN,0.31
SP001001,SP001015,BAL,PMH,CCH,9,CRW,IFI,LVN,0.529
SP001001,SP001077,BAL,PMH,EBN,8,TBD,CRW,HHE,0.421
SP001001,SP001083,BAL,PMH,EBN,8,TBD,CRW,HHE,0.4
SP001001,SP001092,BAL,PMH,EBN,8,TBD,CRW,HHE,0.421
SP001001,SP001239,BAL,PMH,LIT,8,TBD,CRW,HHE,0.333
SP001001,SP001241,BAL,PMH,LIT,6,ELD,GTW,HOR,0.24
SP001001,SP001255,BAL,PMH,LIT,8,TBD,CRW,HHE,0.32
SP001001,SP001291,BAL,PMH,BTN,8,TBD,CRW,HHE,0.571
SP001001,SP001295,BAL,PMH,BTN,8,TBD,CRW,HHE,0.615
SP001001,SP002276,BAL,PMH,HGS,8,TBD,CRW,HHE,0.276
SP001001,SP002965,BAL,PMH,PMH,9,CRW,IFI,LVN,0.375
SP001001,SP002980,BAL,PMH,PMS,9,CRW,IFI,LVN,0.333
SP001001,SP002983,BAL,PMH,PMH,9,CRW,IFI,LVN,0.333
SP001001,SP002986,BAL,PMH,PMS,9,CRW,IFI,LVN,0.346
SP001001,SP002991,BAL,PMH,ORE,8,TBD,CRW,HHE,0.276
SP001001,SP002992,BAL,PMH,ORE,8,TBD,CRW,HHE,0.286
SP001001,SP002995,BAL,PMH,ORE,8,TBD,CRW,HHE,0.276
SP001001,SP003006,BAL,PMH,ORE,8,TBD,CRW,HHE,0.276
SP001001,SP003014,BAL,PMH,HGS,8,TBD,CRW,HHE,0.286
SP001001,SP003026,BAL,PMH,LIT,8,TBD,CRW,HHE,0.32
SP001001,SP003130,BAL,PMH,WRH,8,TBD,CRW,HHE,0.421
SP001001,SP003179,BAL,PMH,TBD,5,XJS,ELD,CDS,0.417
SP001001,SP003294,BAL,PMH,HRH,9,CRW,IFI,LVN,0.818
SP001001,SP003298,BAL,PMH,CCH,9,CRW,IFI,LVN,0.45
SP001001,SP003675,BAL,PMH,WRH,8,TBD,CRW,HHE,0.444
SP001001,SP003677,BAL,PMH,WRH,8,TBD,CRW,HHE,0.421
SP001001,SP003756,BAL,PMH,BTN,5,XJS,ELD,RDH,0.333
SP001001,SP004020,BAL,PMH,GTW,7,GTW,TBD,,1.0
SP001001,SP004086,BAL,PMH,WRH,6,ELD,GTW,SAF,0.3
SP001002,SP001005,BAL,PMH,PMS,11,HRH,BIG,CHH,0.393
SP001002,SP001015,BAL,PMH,CCH,17,CCH,FSB,,1.0
SP001002,SP001077,BAL,PMH,EBN,8,TBD,CRW,HHE,0.421
SP001002,SP001083,BAL,PMH,EBN,8,TBD,CRW,HHE,0.4
SP001002,SP001092,BAL,PMH,EBN,8,TBD,CRW,HHE,0.421
SP001002,SP001239,BAL,PMH,LIT,8,TBD,CRW,HHE,0.333
SP001002,SP001241,BAL,PMH,LIT,6,ELD,GTW,HOR,0.24
SP001002,SP001255,BAL,PMH,LIT,8,TBD,CRW,HHE,0.32
SP001002,SP001291,BAL,PMH,BTN,8,TBD,CRW,HHE,0.571
SP001002,SP001295,BAL,PMH,BTN,8,TBD,CRW,HHE,0.615
SP001002,SP002276,BAL,PMH,HGS,8,TBD,CRW,HHE,0.286
SP001002,SP002965,BAL,PMH,PMH,17,CCH,FSB,SOB,0.708
SP001002,SP002980,BAL,PMH,PMS,27,PMS,PMH,,1.0
SP001002,SP002983,BAL,PMH,PMH,22,EMS,WBL,HAV,0.815
SP001002,SP002986,BAL,PMH,PMS,24,HAV,HLS,FTN,0.923
SP001002,SP002991,BAL,PMH,ORE,8,TBD,CRW,HHE,0.286
SP001002,SP002992,BAL,PMH,ORE,8,TBD,CRW,HHE,0.286
SP001002,SP002995,BAL,PMH,ORE,8,TBD,CRW,HHE,0.286
SP001002,SP003006,BAL,PMH,ORE,8,TBD,CRW,HHE,0.286
SP001002,SP003014,BAL,PMH,HGS,8,TBD,CRW,HHE,0.286
SP001002,SP003026,BAL,PMH,LIT,8,TBD,CRW,HHE,0.32
SP001002,SP003130,BAL,PMH,WRH,8,TBD,CRW,HHE,0.421
SP001002,SP003179,BAL,PMH,TBD,5,XJS,ELD,CDS,0.417
SP001002,SP003294,BAL,PMH,HRH,11,HRH,BIG,,1.0
SP001002,SP003298,BAL,PMH,CCH,11,HRH,BIG,CHH,0.55
SP001002,SP003675,BAL,PMH,WRH,8,TBD,CRW,HHE,0.444
SP001002,SP003677,BAL,PMH,WRH,8,TBD,CRW,HHE,0.421
SP001002,SP003756,BAL,PMH,BTN,5,XJS,ELD,RDH,0.333
SP001002,SP004020,BAL,PMH,GTW,7,GTW,TBD,,1.0
SP001002,SP004086,BAL,PMH,WRH,6,ELD,GTW,SAF,0.3
SP001003,SP001007,KGX,HGT,CBG,6,WGC,XGN,WLW,0.286
SP001003,SP001047,KGX,HGT,SKI,22,LDS,HRS,SHY,0.917
SP001003,SP001120,KGX,HGT,PBO,11,SDY,HUN,SNO,0.733
SP001003,SP001594,KGX,HGT,HUL,19,DON,AWK,SBY,0.792
SP001003,SP001727,KGX,HGT,CBG,9,HIT,BIW,LET,0.529
SP001003,SP001880,KGX,HGT,BEV,19,DON,AWK,SBY,0.792
SP001003,SP002020,KGX,HGT,PBO,9,HIT,BIW,ARL,0.562
SP001003,SP002363,KGX,HGT,LET,5,PBR,WGC,HAT,0.385
SP001003,SP002914,KGX,HGT,KLN,9,HIT,BIW,LET,0.375
SP001003,SP002953,KGX,HGT,EDB,19,DON,AWK,THI,0.792
SP001003,SP003540,KGX,HGT,GLQ,19,DON,AWK,THI,0.792
SP001003,SP003600,KGX,HGT,CBG,9,HIT,BIW,LET,0.474
SP001003,SP003669,KGX,HGT,INV,19,DON,AWK,YRK,0.792
SP001004,SP002674,NOT,LEI,NRW,5,LBO,BWS,MMO,0.556
SP001005,SP001015,BAL,PMS,CCH,11,HRH,CHH,BIG,0.647
SP001005,SP001077,BAL,PMS,EBN,8,TBD,CRW,HHE,0.421
SP001005,SP001083,BAL,PMS,EBN,8,TBD,CRW,HHE,0.4
SP001005,SP001092,BAL,PMS,EBN,8,TBD,CRW,HHE,0.421
SP001005,SP001239,BAL,PMS,LIT,8,TBD,CRW,HHE,0.333
SP001005,SP001241,BAL,PMS,LIT,6,ELD,GTW,HOR,0.24
SP001005,SP001255,BAL,PMS,LIT,8,TBD,CRW,HHE,0.32
SP001005,SP001291,BAL,PMS,BTN,8,TBD,CRW,HHE,0.571
SP001005,SP001295,BAL,PMS,BTN,8,TBD,CRW,HHE,0.615
SP001005,SP002276,BAL,PMS,HGS,8,TBD,CRW,HHE,0.276
SP001005,SP002965,BAL,PMS,PMH,11,HRH,CHH,BIG,0.458
SP001005,SP002980,BAL,PMS,PMS,11,HRH,CHH,BIG,0.407
SP001005,SP002983,BAL,PMS,PMH,11,HRH,CHH,BIG,0.407
SP001005,SP002986,BAL,PMS,PMS,11,HRH,CHH,BIG,0.423
SP001005,SP002991,BAL,PMS,ORE,8,TBD,CRW,HHE,0.276
SP001005,SP002992,BAL,PMS,ORE,8,TBD,CRW,HHE,0.286
SP001005,SP002995,BAL,PMS,ORE,8,TBD,CRW,HHE,0.276
SP001005,SP003006,BAL,PMS,ORE,8,TBD,CRW,HHE,0.276
SP001005,SP003014,BAL,PMS,HGS,8,TBD,CRW,HHE,0.286
SP001005,SP003026,BAL,PMS,LIT,8,TBD,CRW,HHE,0.32
SP001005,SP003130,BAL,PMS,WRH,8,TBD,CRW,HHE,0.421
SP001005,SP003179,BAL,PMS,TBD,5,XJS,ELD,CDS,0.417
SP001005,SP003294,BAL,PMS,HRH,11,HRH,CHH,,1.0
SP001005,SP003298,BAL,PMS,CCH,20,CCH,FSB,,1.0
SP001005,SP003675,BAL,PMS,WRH,8,TBD,CRW,HHE,0.444
SP001005,SP003677,BAL,PMS,WRH,8,TBD,CRW,HHE,0.421
SP001005,SP003756,BAL,PMS,BTN,5,XJS,ELD,RDH,0.333
SP001005,SP004020,BAL,PMS,GTW,7,GTW,TBD,,1.0
SP001005,SP004086,BAL,PMS,WRH,6,ELD,GTW,SAF,0.3
SP001006,SP001946,INV,KGX,EDB,12,STG,FKG,XGM,0.706
SP001006,SP002067,INV,KGX,EDB,9,PTH,GLE,DBL,0.562
SP001006,SP004319,INV,KGX,GLQ,9,PTH,GLE,DBL,0.6
SP001006,SP004321,INV,KGX,GLQ,12,STG,FKG,CRO,0.75
SP001007,SP001047,KGX,CBG,SKI,6,WGC,WLW,XGN,0.286
SP001007,SP001120,KGX,CBG,PBO,6,WGC,WLW,XGN,0.4
SP001007,SP001594,KGX,CBG,HUL,6,WGC,WLW,XGN,0.286
SP001007,SP001727,KGX,CBG,CBG,6,WGC,WLW,XGN,0.353
SP001007,SP001880,KGX,CBG,BEV,6,WGC,WLW,XGN,0.286
SP001007,SP002020,KGX,CBG,PBO,6,WGC,WLW,XGN,0.375
SP001007,SP002363,KGX,CBG,LET,5,PBR,WGC,HAT,0.385
SP001007,SP002914,KGX,CBG,KLN,6,WGC,WLW,XGN,0.286
SP001007,SP002953,KGX,CBG,EDB,6,WGC,WLW,XGN,0.286
SP001007,SP003540,KGX,CBG,GLQ,6,WGC,WLW,XGN,0.286
SP001007,SP003600,KGX,CBG,CBG,6,WGC,WLW,XGN,0.316
SP001007,SP003669,KGX,CBG,INV,6,WGC,WLW,XGN,0.286
SP001008,SP001010,CBG,KGX,KGX,12,SVG,KBW,XGN,0.6
SP001008,SP002171,CBG,KGX,BTN,14,XGN,WLW,WGC,0.5
SP001008,SP002185,CBG,KGX,BTN,14,XGN,WLW,WGC,0.5
SP001008,SP002754,CBG,KGX,KGX,7,RYS,AWM,BDK,0.304
SP001008,SP002780,CBG,KGX,KGX,17,HAT,BPK,PBR,0.708
SP001008,SP002782,CBG,KGX,KGX,24,AAP,HGY,HRN,0.857
SP001008,SP003025,CBG,KGX,KGX,12,SVG,KBW,HFN,0.632
SP001008,SP003287,CBG,KGX,KGX,7,RYS,AWM,BDK,0.318
SP001008,SP003515,CBG,KGX,KGX,17,HAT,BPK,PBR,0.739
SP001009,SP003208,LDS,RCD,HFX,6,HFX,SOW,,1.0
SP001010,SP002171,CBG,KGX,BTN,12,SVG,XGN,KBW,0.6
SP001010,SP002185,CBG,KGX,BTN,12,SVG,XGN,KBW,0.6
SP001010,SP002754,CBG,KGX,KGX,7,RYS,AWM,BDK,0.35
SP001010,SP002780,CBG,KGX,KGX,12,SVG,XGN,KBW,0.6
SP001010,SP002782,CBG,KGX,KGX,12,SVG,XGN,KBW,0.6
SP001010,SP003025,CBG,KGX,KGX,12,SVG,XGN,HFN,0.632
SP001010,SP003287,CBG,KGX,KGX,7,RYS,AWM,BDK,0.35
SP001010,SP003515,CBG,KGX,KGX,12,SVG,XGN,KBW,0.6
SP001011,SP001431,NOT,MAT,BHM,7,DBY,DFI,BUT,0.467
SP001011,SP001463,NOT,MAT,BHM,7,DBY,DFI,BUT,0.467
SP001011,SP001635,NOT,MAT,CDF,7,DBY,DFI,WIL,0.467
SP001011,SP002095,NOT,MAT,CRE,7,DBY,DFI,TUT,0.467
SP001011,SP002243,NOT,MAT,DBY,7,DBY,DFI,,1.0
SP001011,SP002607,NOT,MAT,CRE,7,DBY,DFI,PEA,0.467
SP001012,SP002166,BIF,MIA,LAN,12,LAN,PRE,,1.0
SP001012,SP003102,BIF,MIA,MIA,21,MAN,HDG,GTY,0.913
SP001012,SP004241,BIF,MIA,LAN,5,CAK,KBK,GOS,0.455
SP001012,SP004592,BIF,MIA,MIA,14,XOU,CRL,BSV,0.609
SP001013,SP001608,SAC,SUO,SUO,18,STE,MTC,TOO,0.783
SP001014,SP001040,RCC,YRK,MAN,9,YRK,,CHF,1.0
SP001014,SP001816,RCC,YRK,LDS,9,YRK,,CHF,1.0
SP001014,SP003128,RCC,YRK,MAN,9,YRK,,CHF,1.0
SP001015,SP001077,BAL,CCH,EBN,8,TBD,CRW,HHE,0.471
SP001015,SP001083,BAL,CCH,EBN,8,TBD,CRW,HHE,0.471
SP001015,SP001092,BAL,CCH,EBN,8,TBD,CRW,HHE,0.471
SP001015,SP001239,BAL,CCH,LIT,8,TBD,CRW,HHE,0.471
SP001015,SP001241,BAL,CCH,LIT,6,ELD,GTW,HOR,0.353
SP001015,SP001255,BAL,CCH,LIT,8,TBD,CRW,HHE,0.471
SP001015,SP001291,BAL,CCH,BTN,8,TBD,CRW,HHE,0.571
SP001015,SP001295,BAL,CCH,BTN,8,TBD,CRW,HHE,0.615
SP001015,SP002276,BAL,CCH,HGS,8,TBD,CRW,HHE,0.471
SP001015,SP002965,BAL,CCH,PMH,17,CCH,,SOB,1.0
SP001015,SP002980,BAL,CCH,PMS,17,CCH,,FSB,1.0
SP001015,SP002983,BAL,CCH,PMH,17,CCH,,FSB,1.0
SP001015,SP002986,BAL,CCH,PMS,17,CCH,,FSB,1.0
SP001015,SP002991,BAL,CCH,ORE,8,TBD,CRW,HHE,0.471
SP001015,SP002992,BAL,CCH,ORE,8,TBD,CRW,HHE,0.471
SP001015,SP002995,BAL,CCH,ORE,8,TBD,CRW,HHE,0.471
SP001015,SP003006,BAL,CCH,ORE,8,TBD,CRW,HHE,0.471
SP001015,SP003014,BAL,CCH,HGS,8,TBD,CRW,HHE,0.471
SP001015,SP003026,BAL,CCH,LIT,8,TBD,CRW,HHE,0.471
SP001015,SP003130,BAL,CCH,WRH,8,TBD,CRW,HHE,0.471
SP001015,SP003179,BAL,CCH,TBD,5,XJS,ELD,CDS,0.417
SP001015,SP003294,BAL,CCH,HRH,11,HRH,BIG,,1.0
SP001015,SP003298,BAL,CCH,CCH,11,HRH,BIG,CHH,0.647
SP001015,SP003675,BAL,CCH,WRH,8,TBD,CRW,HHE,0.471
SP001015,SP003677,BAL,CCH,WRH,8,TBD,CRW,HHE,0.471
SP001015,SP003756,BAL,CCH,BTN,5,XJS,ELD,RDH,0.333
SP001015,SP004020,BAL,CCH,GTW,7,GTW,TBD,,1.0
SP001015,SP004086,BAL,CCH,WRH,6,ELD,GTW,SAF,0.353
SP001017,SP001021,AFK,DVP,RAM,6,FKC,FKE,DVP,0.75
SP001018,SP001032,SAL,RDG,NEM,6,BSK,BMY,FNB,0.75
SP001020,SP003630,DLJ,CYP,SQE,10,SQE,BCY,,1.0
SP001020,SP004580,DLJ,CYP,WCY,14,SYD,CYP,PNW,0.933
SP001022,SP001029,UCK,XSU,XSU,10,OXT,WOH,SNR,0.556
SP001024,SP001033,AFK,MAR,CBW,5,CBW,STU,,1.0
SP001026,SP001042,XSU,UCK,UCK,12,HEV,CWN,ERI,0.75
SP001026,SP001734,XSU,UCK,EPS,5,NWD,ECR,XGU,0.357
SP001026,SP002173,XSU,UCK,HRH,6,ECR,SCY,PUR,0.429
SP001026,SP002256,XSU,UCK,TBD,6,ECR,SCY,PUR,0.545
SP001026,SP002498,XSU,UCK,EBN,6,ECR,SCY,PUR,0.333
SP001026,SP002506,XSU,UCK,LIT,6,ECR,SCY,PUR,0.333
SP001026,SP002516,XSU,UCK,BOG,6,ECR,SCY,PUR,0.333
SP001026,SP002725,XSU,UCK,EGR,10,HUR,EBT,LFD,0.769
SP001026,SP002810,XSU,UCK,CAT,7,SCY,SNR,PUO,0.538
SP001026,SP003249,XSU,UCK,ECR,6,ECR,SCY,,1.0
SP001030,SP001041,NEM,GIL,SAL,10,SAL,TIS,,1.0
SP001030,SP001068,NEM,GIL,WSB,12,GIL,,TMC,1.0
SP001030,SP001071,NEM,GIL,YVP,12,GIL,,TMC,1.0
SP001030,SP001186,NEM,GIL,YVP,10,SAL,TIS,WMN,0.833
SP001030,SP001187,NEM,GIL,YVJ,10,SAL,TIS,WMN,0.833
SP001030,SP001190,NEM,GIL,WEY,5,BSK,OVR,MIC,0.417
SP001030,SP001194,NEM,GIL,EXD,12,GIL,,TMC,1.0
SP001030,SP001197,NEM,GIL,EXD,6,OVR,WCH,ADV,0.5
SP001030,SP001198,NEM,GIL,EXD,6,OVR,WCH,ADV,0.5
SP001030,SP001206,NEM,GIL,EXD,12,GIL,,TMC,1.0
SP001030,SP001217,NEM,GIL,WEY,5,BSK,OVR,MIC,0.417
SP001030,SP001227,NEM,GIL,WEY,5,BSK,OVR,MIC,0.417
SP001030,SP001233,NEM,GIL,WEY,5,BSK,OVR,MIC,0.417
SP001030,SP003109,NEM,GIL,YVJ,12,GIL,,TMC,1.0
SP001030,SP003844,NEM,GIL,BMH,5,BSK,OVR,MIC,0.417
SP001030,SP003846,NEM,GIL,BMH,5,BSK,OVR,MIC,0.417
SP001030,SP003849,NEM,GIL,BMH,5,BSK,OVR,MIC,0.417
SP001030,SP003851,NEM,GIL,SOU,5,BSK,OVR,MIC,0.417
SP001030,SP004198,NEM,GIL,POO,5,BSK,OVR,MIC,0.417
SP001031,SP001056,CST,RAM,AFK,11,SEV,TON,HLB,0.579
SP001031,SP001064,CST,RAM,ORP,7,GRP,CIT,ESD,0.583
SP001031,SP001893,CST,RAM,DVP,11,SEV,TON,HLB,0.423
SP001031,SP001895,CST,RAM,RAM,11,SEV,TON,HLB,0.393
SP001031,SP002910,CST,RAM,TBW,11,SEV,TON,HLB,0.733
SP001031,SP003122,CST,RAM,CST,6,HGR,GRP,LEE,0.222
SP001031,SP003425,CST,RAM,TON,10,ORP,SEV,CLD,0.769
SP001031,SP004537,CST,RAM,DVP,8,CIT,XPE,XMU,0.258
SP001031,SP004538,CST,RAM,RAM,8,CIT,XPE,XMU,0.276
SP001035,SP003987,MAN,BUX,BUX,5,HAZ,DSL,MDL,0.455
SP001040,SP001816,RCC,MAN,LDS,13,LDS,MLY,,1.0
SP001040,SP003128,RCC,MAN,MAN,18,GNF,SYB,GUI,0.857
SP001041,SP001068,NEM,SAL,WSB,10,SAL,,TIS,1.0
SP001041,SP001071,NEM,SAL,YVP,10,SAL,,TIS,1.0
SP001041,SP001186,NEM,SAL,YVP,10,SAL,,WMN,1.0
SP001041,SP001187,NEM,SAL,YVJ,10,SAL,,WMN,1.0
SP001041,SP001190,NEM,SAL,WEY,5,BSK,OVR,MIC,0.5
SP001041,SP001194,NEM,SAL,EXD,10,SAL,,TIS,1.0
SP001041,SP001197,NEM,SAL,EXD,6,OVR,WCH,ADV,0.6
SP001041,SP001198,NEM,SAL,EXD,6,OVR,WCH,ADV,0.6
SP001041,SP001206,NEM,SAL,EXD,10,SAL,,TIS,1.0
SP001041,SP001217,NEM,SAL,WEY,5,BSK,OVR,MIC,0.5
SP001041,SP001227,NEM,SAL,WEY,5,BSK,OVR,MIC,0.5
SP001041,SP001233,NEM,SAL,WEY,5,BSK,OVR,MIC,0.5
SP001041,SP003109,NEM,SAL,YVJ,10,SAL,,TIS,1.0
SP001041,SP003844,NEM,SAL,BMH,5,BSK,OVR,MIC,0.5
SP001041,SP003846,NEM,SAL,BMH,5,BSK,OVR,MIC,0.5
SP001041,SP003849,NEM,SAL,BMH,5,BSK,OVR,MIC,0.5
SP001041,SP003851,NEM,SAL,SOU,5,BSK,OVR,MIC,0.5
SP001041,SP004198,NEM,SAL,POO,5,BSK,OVR,MIC,0.5
SP001042,SP001734,XSU,UCK,EPS,5,NWD,ECR,XGU,0.357
SP001042,SP002173,XSU,UCK,HRH,6,ECR,SCY,PUR,0.429
SP001042,SP002256,XSU,UCK,TBD,6,ECR,SCY,PUR,0.545
SP001042,SP002498,XSU,UCK,EBN,6,ECR,SCY,PUR,0.375
SP001042,SP002506,XSU,UCK,LIT,6,ECR,SCY,PUR,0.375
SP001042,SP002516,XSU,UCK,BOG,6,ECR,SCY,PUR,0.375
SP001042,SP002725,XSU,UCK,EGR,10,HUR,EBT,LFD,0.769
SP001042,SP002810,XSU,UCK,CAT,7,SCY,SNR,PUO,0.538
SP001042,SP003249,XSU,UCK,ECR,6,ECR,SCY,,1.0
SP001044,SP001137,CHX,RAM,SEV,6,GRP,CIT,ESD,0.4
SP001044,SP001138,CHX,RAM,ORP,6,GRP,CIT,ESD,0.545
SP001044,SP001883,CHX,RAM,HGS,11,TON,PDW,HIB,0.5
SP001044,SP001892,CHX,RAM,DVP,17,AFK,WYE,WHA,0.708
SP001044,SP002537,CHX,RAM,TBW,5,HGR,GRP,CFB,0.192
SP001044,SP002807,CHX,RAM,DVP,17,AFK,WYE,WHA,0.739
SP001044,SP002976,CHX,RAM,CBW,21,CBW,STU,,1.0
SP001044,SP003387,CHX,RAM,DVP,15,HCN,PLC,AFK,0.652
SP001044,SP003400,CHX,RAM,RAM,17,AFK,WYE,WHA,0.654
SP001044,SP004546,CHX,RAM,HGS,11,TON,PDW,HIB,0.55
SP001044,SP004547,CHX,RAM,HGS,6,GRP,CIT,ESD,0.231
SP001044,SP004549,CHX,RAM,HGS,9,ORP,SEV,CLD,0.36
SP001044,SP004551,CHX,RAM,HGS,11,TON,PDW,HIB,0.5
SP001047,SP001120,KGX,SKI,PBO,11,SDY,HUN,SNO,0.733
SP001047,SP001594,KGX,SKI,HUL,19,DON,AWK,SBY,0.792
SP001047,SP001727,KGX,SKI,CBG,9,HIT,BIW,LET,0.529
SP001047,SP001880,KGX,SKI,BEV,19,DON,AWK,SBY,0.76
SP001047,SP002020,KGX,SKI,PBO,9,HIT,BIW,ARL,0.562
SP001047,SP002363,KGX,SKI,LET,5,PBR,WGC,HAT,0.385
SP001047,SP002914,KGX,SKI,KLN,9,HIT,BIW,LET,0.36
SP001047,SP002953,KGX,SKI,EDB,19,DON,AWK,THI,0.76
SP001047,SP003540,KGX,SKI,GLQ,19,DON,AWK,THI,0.76
SP001047,SP003600,KGX,SKI,CBG,9,HIT,BIW,LET,0.474
SP001047,SP003669,KGX,SKI,INV,19,DON,AWK,YRK,0.76
SP001048,SP002503,EBN,BAL,XSU,8,LWS,PMP,CBR,0.4
SP001048,SP003812,EBN,BAL,HHE,8,LWS,PMP,CBR,0.615
SP001048,SP004147,EBN,BAL,HHE,12,HHE,TBD,,1.0
SP001048,SP004595,EBN,BAL,WSW,8,LWS,PMP,CBR,0.4
SP001049,SP001134,BYI,CDF,RHY,9,CDF,,CDQ,1.0
SP001049,SP001907,BYI,CDF,CPH,9,CDF,,CDQ,1.0
SP001049,SP003362,BYI,CDF,BGD,9,CDF,,CDQ,1.0
SP001049,SP003467,BYI,CDF,BGD,9,CDF,,CDQ,1.0
SP001049,SP004262,BYI,CDF,YSM,9,CDF,,CDQ,1.0
SP001051,SP003759,EBN,BAL,BAL,13,ELD,XJS,RDH,0.722
SP001051,SP004505,EBN,BAL,BAK,13,ELD,XJS,RDH,0.722
SP001052,SP001128,BGD,CDF,BYI,14,CDF,,GTN,1.0
SP001054,SP001300,LDS,KGX,KGX,10,HUN,SNO,SDY,0.476
SP001055,SP001127,RHY,CDF,BYI,16,CDF,,GTN,1.0
SP001055,SP001129,RHY,CDF,BYI,5,BGD,PGM,GFF,0.312
SP001055,SP001140,RHY,CDF,BYI,9,LNB,ABE,ECP,0.562
SP001055,SP003472,RHY,CDF,BGN,16,CDF,,GTN,1.0
SP001055,SP003502,RHY,CDF,CDF,5,BGD,PGM,GFF,0.312
SP001056,SP001064,CST,AFK,ORP,7,GRP,CIT,ESD,0.583
SP001056,SP001893,CST,AFK,DVP,19,AFK,,WHA,1.0
SP001056,SP001895,CST,AFK,RAM,19,AFK,,WYE,1.0
SP001056,SP002910,CST,AFK,TBW,13,TON,PDW,HIB,0.867
SP001056,SP003122,CST,AFK,CST,6,HGR,GRP,LEE,0.316
SP001056,SP003425,CST,AFK,TON,10,ORP,SEV,CLD,0.769
SP001056,SP004537,CST,AFK,DVP,8,CIT,XPE,XMU,0.421
SP001056,SP004538,CST,AFK,RAM,8,CIT,XPE,XMU,0.421
SP001058,SP001060,PTH,GLQ,GLQ,5,STG,LBT,CRO,0.556
SP001061,SP001070,ABD,GLQ,GLQ,7,CAN,BYF,MON,0.412
SP001061,SP002073,ABD,GLQ,EDB,9,DEE,PTH,LEU,0.529
SP001061,SP002075,ABD,GLQ,EDB,9,DEE,PTH,LEU,0.5
SP001061,SP002294,ABD,GLQ,PTH,7,CAN,BYF,MON,0.583
SP001061,SP002373,ABD,GLQ,MTS,5,MTS,ARB,,1.0
SP001061,SP003810,ABD,GLQ,DEE,7,CAN,BYF,MON,0.7
SP001061,SP004310,ABD,GLQ,GLQ,10,PTH,GLE,DBL,0.625
SP001061,SP004615,ABD,GLQ,GLQ,14,STG,CRO,LBT,0.778
SP001062,SP002822,DEE,GLQ,GLQ,7,STG,CRO,LBT,0.636
SP001064,SP001893,CST,ORP,DVP,7,GRP,ESD,CIT,0.583
SP001064,SP001895,CST,ORP,RAM,7,GRP,ESD,CIT,0.583
SP001064,SP002910,CST,ORP,TBW,7,GRP,ESD,CIT,0.583
SP001064,SP003122,CST,ORP,CST,6,HGR,GRP,LEE,0.5
SP001064,SP003425,CST,ORP,TON,7,GRP,ESD,CIT,0.583
SP001064,SP004537,CST,ORP,DVP,7,GRP,ESD,CIT,0.583
SP001064,SP004538,CST,ORP,RAM,7,GRP,ESD,CIT,0.583
SP001065,SP001076,ABD,GLQ,GLQ,6,CAN,BYF,MON,0.4
SP001065,SP001086,ABD,GLQ,GLQ,8,DEE,PTH,ING,0.533
SP001065,SP001100,ABD,GLQ,EDB,8,DEE,PTH,LEU,0.533
SP001065,SP001578,ABD,GLQ,KGX,8,DEE,PTH,LEU,0.533
SP001065,SP001655,ABD,GLQ,PLY,8,DEE,PTH,LEU,0.533
SP001065,SP002068,ABD,GLQ,EDB,8,DEE,PTH,LEU,0.533
SP001065,SP003116,ABD,GLQ,DON,8,DEE,PTH,LEU,0.533
SP001067,SP004274,CPH,CDF,BYI,6,CDF,,GTN,1.0
SP001068,SP001071,NEM,WSB,YVP,16,YVP,CLC,,1.0
SP001068,SP001186,NEM,WSB,YVP,10,SAL,TIS,WMN,0.625
SP001068,SP001187,NEM,WSB,YVJ,10,SAL,TIS,WMN,0.588
SP001068,SP001190,NEM,WSB,WEY,5,BSK,OVR,MIC,0.25
SP001068,SP001194,NEM,WSB,EXD,15,YVJ,YVP,CKN,0.75
SP001068,SP001197,NEM,WSB,EXD,6,OVR,WCH,ADV,0.3
SP001068,SP001198,NEM,WSB,EXD,6,OVR,WCH,ADV,0.3
SP001068,SP001206,NEM,WSB,EXD,15,YVJ,YVP,CKN,0.75
SP001068,SP001217,NEM,WSB,WEY,5,BSK,OVR,MIC,0.25
SP001068,SP001227,NEM,WSB,WEY,5,BSK,OVR,MIC,0.25
SP001068,SP001233,NEM,WSB,WEY,5,BSK,OVR,MIC,0.25
SP001068,SP003109,NEM,WSB,YVJ,15,YVJ,YVP,,1.0
SP001068,SP003844,NEM,WSB,BMH,5,BSK,OVR,MIC,0.25
SP001068,SP003846,NEM,WSB,BMH,5,BSK,OVR,MIC,0.25
SP001068,SP003849,NEM,WSB,BMH,5,BSK,OVR,MIC,0.312
SP001068,SP003851,NEM,WSB,SOU,5,BSK,OVR,MIC,0.385
SP001068,SP004198,NEM,WSB,POO,5,BSK,OVR,MIC,0.263
SP001069,SP003889,ARB,GLQ,DEE,8,DEE,ING,,1.0
SP001070,SP002073,ABD,GLQ,EDB,7,CAN,MON,BYF,0.412
SP001070,SP002075,ABD,GLQ,EDB,7,CAN,MON,BYF,0.412
SP001070,SP002294,ABD,GLQ,PTH,10,DEE,PTH,ING,0.833
SP001070,SP002373,ABD,GLQ,MTS,5,MTS,ARB,,1.0
SP001070,SP003810,ABD,GLQ,DEE,10,DEE,PTH,,1.0
SP001070,SP004310,ABD,GLQ,GLQ,7,CAN,MON,BYF,0.438
SP001070,SP004615,ABD,GLQ,GLQ,7,CAN,MON,BYF,0.412
SP001071,SP001186,NEM,YVP,YVP,10,SAL,TIS,WMN,0.625
SP001071,SP001187,NEM,YVP,YVJ,10,SAL,TIS,WMN,0.625
SP001071,SP001190,NEM,YVP,WEY,5,BSK,OVR,MIC,0.312
SP001071,SP001194,NEM,YVP,EXD,15,YVJ,YVP,CKN,0.938
SP001071,SP001197,NEM,YVP,EXD,6,OVR,WCH,ADV,0.375
SP001071,SP001198,NEM,YVP,EXD,6,OVR,WCH,ADV,0.375
SP001071,SP001206,NEM,YVP,EXD,15,YVJ,YVP,CKN,0.938
SP001071,SP001217,NEM,YVP,WEY,5,BSK,OVR,MIC,0.312
SP001071,SP001227,NEM,YVP,WEY,5,BSK,OVR,MIC,0.312
SP001071,SP001233,NEM,YVP,WEY,5,BSK,OVR,MIC,0.312
SP001071,SP003109,NEM,YVP,YVJ,15,YVJ,YVP,,1.0
SP001071,SP003844,NEM,YVP,BMH,5,BSK,OVR,MIC,0.312
SP001071,SP003846,NEM,YVP,BMH,5,BSK,OVR,MIC,0.312
SP001071,SP003849,NEM,YVP,BMH,5,BSK,OVR,MIC,0.312
SP001071,SP003851,NEM,YVP,SOU,5,BSK,OVR,MIC,0.385
SP001071,SP004198,NEM,YVP,POO,5,BSK,OVR,MIC,0.312
SP001072,SP004604,DON,KGX,KGX,20,HDW,NBA,OKL,0.714
SP001073,SP002951,NMC,MAN,MAN,6,RDN,ABY,RRB,0.75
SP001075,SP001572,XSU,NWD,SRS,6,TUH,WNW,STE,0.6
SP001075,SP001575,XSU,NWD,BIK,9,CYP,NWD,BIK,0.9
SP001075,SP001579,XSU,NWD,ECR,6,TUH,WNW,STE,0.6
SP001075,SP001597,XSU,NWD,SUO,6,TUH,WNW,STE,0.6
SP001076,SP001086,ABD,GLQ,GLQ,6,CAN,MON,BYF,0.375
SP001076,SP001100,ABD,GLQ,EDB,6,CAN,MON,BYF,0.375
SP001076,SP001578,ABD,GLQ,KGX,6,CAN,MON,BYF,0.375
SP001076,SP001655,ABD,GLQ,PLY,6,CAN,MON,BYF,0.375
SP001076,SP002068,ABD,GLQ,EDB,6,CAN,MON,BYF,0.375
SP001076,SP003116,ABD,GLQ,DON,6,CAN,MON,BYF,0.375
SP001077,SP001083,BAL,EBN,EBN,11,XKM,PMP,CBR,0.579
SP001077,SP001092,BAL,EBN,EBN,11,XKM,PMP,CBR,0.579
SP001077,SP001239,BAL,EBN,LIT,9,HHE,WVF,XKM,0.474
SP001077,SP001241,BAL,EBN,LIT,6,ELD,GTW,HOR,0.316
SP001077,SP001255,BAL,EBN,LIT,9,HHE,WVF,XKM,0.474
SP001077,SP001291,BAL,EBN,BTN,9,HHE,WVF,XKM,0.643
SP001077,SP001295,BAL,EBN,BTN,9,HHE,WVF,XKM,0.692
SP001077,SP002276,BAL,EBN,HGS,15,XRH,PLG,GLY,0.789
SP001077,SP002965,BAL,EBN,PMH,8,TBD,HHE,CRW,0.421
SP001077,SP002980,BAL,EBN,PMS,8,TBD,HHE,CRW,0.421
SP001077,SP002983,BAL,EBN,PMH,8,TBD,HHE,CRW,0.421
SP001077,SP002986,BAL,EBN,PMS,8,TBD,HHE,CRW,0.421
SP001077,SP002991,BAL,EBN,ORE,19,EBN,,HMD,1.0
SP001077,SP002992,BAL,EBN,ORE,12,PMP,CBR,LWS,0.632
SP001077,SP002995,BAL,EBN,ORE,12,PMP,CBR,LWS,0.632
SP001077,SP003006,BAL,EBN,ORE,12,PMP,CBR,LWS,0.632
SP001077,SP003014,BAL,EBN,HGS,12,PMP,CBR,LWS,0.632
SP001077,SP003026,BAL,EBN,LIT,9,HHE,WVF,XKM,0.474
SP001077,SP003130,BAL,EBN,WRH,9,HHE,WVF,XKM,0.474
SP001077,SP003179,BAL,EBN,TBD,5,XJS,ELD,CDS,0.417
SP001077,SP003294,BAL,EBN,HRH,8,TBD,HHE,CRW,0.727
SP001077,SP003298,BAL,EBN,CCH,8,TBD,HHE,CRW,0.421
SP001077,SP003675,BAL,EBN,WRH,9,HHE,WVF,XKM,0.5
SP001077,SP003677,BAL,EBN,WRH,11,XKM,PMP,BUG,0.579
SP001077,SP003756,BAL,EBN,BTN,5,XJS,ELD,RDH,0.333
SP001077,SP004020,BAL,EBN,GTW,7,GTW,TBD,,1.0
SP001077,SP004086,BAL,EBN,WRH,6,ELD,GTW,SAF,0.316
SP001081,SP001718,XSU,SRH,SUO,7,SYD,CYP,PNW,0.636
SP001081,SP001762,XSU,SRH,BAK,11,SRH,,BAL,1.0
SP001081,SP003228,XSU,SRH,ECR,7,SYD,CYP,PNW,0.636
SP001081,SP003838,XSU,SRH,CAT,7,SYD,CYP,PNW,0.636
SP001082,SP001282,QRB,WYB,ASN,18,ASN,WYB,,1.0
SP001082,SP001289,QRB,WYB,QRB,11,HOU,FEL,WTN,0.579
SP001082,SP001829,QRB,WYB,TWI,11,HOU,FEL,WTN,0.846
SP001082,SP001831,QRB,WYB,HOU,11,HOU,FEL,,1.0
SP001082,SP003557,QRB,WYB,WOK,18,ASN,WYB,BFN,0.947
SP001083,SP001092,BAL,EBN,EBN,14,XRH,GLY,BRK,0.737
SP001083,SP001239,BAL,EBN,LIT,9,HHE,WVF,XKM,0.45
SP001083,SP001241,BAL,EBN,LIT,6,ELD,GTW,HOR,0.3
SP001083,SP001255,BAL,EBN,LIT,9,HHE,WVF,XKM,0.45
SP001083,SP001291,BAL,EBN,BTN,9,HHE,WVF,XKM,0.643
SP001083,SP001295,BAL,EBN,BTN,9,HHE,WVF,XKM,0.692
SP001083,SP002276,BAL,EBN,HGS,11,XKM,CBR,PMP,0.55
SP001083,SP002965,BAL,EBN,PMH,8,TBD,HHE,CRW,0.4
SP001083,SP002980,BAL,EBN,PMS,8,TBD,HHE,CRW,0.4
SP001083,SP002983,BAL,EBN,PMH,8,TBD,HHE,CRW,0.4
SP001083,SP002986,BAL,EBN,PMS,8,TBD,HHE,CRW,0.4
SP001083,SP002991,BAL,EBN,ORE,11,XKM,CBR,PMP,0.55
SP001083,SP002992,BAL,EBN,ORE,11,XKM,CBR,PMP,0.55
SP001083,SP002995,BAL,EBN,ORE,11,XKM,CBR,PMP,0.55
SP001083,SP003006,BAL,EBN,ORE,11,XKM,CBR,PMP,0.55
SP001083,SP003014,BAL,EBN,HGS,11,XKM,CBR,PMP,0.55
SP001083,SP003026,BAL,EBN,LIT,9,HHE,WVF,XKM,0.45
SP001083,SP003130,BAL,EBN,WRH,9,HHE,WVF,XKM,0.474
SP001083,SP003179,BAL,EBN,TBD,5,XJS,ELD,CDS,0.417
SP001083,SP003294,BAL,EBN,HRH,8,TBD,HHE,CRW,0.727
SP001083,SP003298,BAL,EBN,CCH,8,TBD,HHE,CRW,0.4
SP001083,SP003675,BAL,EBN,WRH,9,HHE,WVF,XKM,0.5
SP001083,SP003677,BAL,EBN,WRH,11,XKM,CBR,BUG,0.579
SP001083,SP003756,BAL,EBN,BTN,5,XJS,ELD,RDH,0.333
SP001083,SP004020,BAL,EBN,GTW,7,GTW,TBD,,1.0
SP001083,SP004086,BAL,EBN,WRH,6,ELD,GTW,SAF,0.3
SP001086,SP001100,ABD,GLQ,EDB,8,DEE,ING,LEU,0.5
SP001086,SP001578,ABD,GLQ,KGX,8,DEE,ING,LEU,0.471
SP001086,SP001655,ABD,GLQ,PLY,8,DEE,ING,LEU,0.471
SP001086,SP002068,ABD,GLQ,EDB,8,DEE,ING,LEU,0.471
SP001086,SP003116,ABD,GLQ,DON,8,DEE,ING,LEU,0.471
SP001087,SP003554,SVG,MOG,MOG,13,AAP,HRN,HGY,0.65
SP001089,SP001090,INV,GLQ,GLQ,10,PTH,GLE,DBL,0.625
SP001089,SP002715,INV,GLQ,EDB,10,PTH,GLE,DBL,0.588
SP001089,SP004228,INV,GLQ,EUS,13,STG,CRO,LBT,0.765
SP001089,SP004317,INV,GLQ,GLQ,10,PTH,GLE,DBL,0.588
SP001089,SP004382,INV,GLQ,EUS,13,STG,CRO,FKG,0.765
SP001090,SP002715,INV,GLQ,EDB,12,STG,CRO,XGM,0.75
SP001090,SP004228,INV,GLQ,EUS,10,PTH,DBL,GLE,0.625
SP001090,SP004317,INV,GLQ,GLQ,12,STG,CRO,LBT,0.75
SP001090,SP004382,INV,GLQ,EUS,10,PTH,DBL,GLE,0.625
SP001091,SP001358,WGC,MOG,KGX,13,FPK,DYP,XKB,0.867
SP001091,SP001889,WGC,MOG,KGX,10,AAP,HRN,FPK,0.769
SP001091,SP002055,WGC,MOG,MOG,10,AAP,HRN,HGY,0.588
SP001092,SP001239,BAL,EBN,LIT,9,HHE,WVF,XKM,0.474
SP001092,SP001241,BAL,EBN,LIT,6,ELD,GTW,HOR,0.316
SP001092,SP001255,BAL,EBN,LIT,9,HHE,WVF,XKM,0.474
SP001092,SP001291,BAL,EBN,BTN,9,HHE,WVF,XKM,0.643
SP001092,SP001295,BAL,EBN,BTN,9,HHE,WVF,XKM,0.692
SP001092,SP002276,BAL,EBN,HGS,11,XKM,CBR,PMP,0.579
SP001092,SP002965,BAL,EBN,PMH,8,TBD,HHE,CRW,0.421
SP001092,SP002980,BAL,EBN,PMS,8,TBD,HHE,CRW,0.421
SP001092,SP002983,BAL,EBN,PMH,8,TBD,HHE,CRW,0.421
SP001092,SP002986,BAL,EBN,PMS,8,TBD,HHE,CRW,0.421
SP001092,SP002991,BAL,EBN,ORE,11,XKM,CBR,PMP,0.579
SP001092,SP002992,BAL,EBN,ORE,11,XKM,CBR,PMP,0.579
SP001092,SP002995,BAL,EBN,ORE,11,XKM,CBR,PMP,0.579
SP001092,SP003006,BAL,EBN,ORE,11,XKM,CBR,PMP,0.579
SP001092,SP003014,BAL,EBN,HGS,11,XKM,CBR,PMP,0.579
SP001092,SP003026,BAL,EBN,LIT,9,HHE,WVF,XKM,0.474
SP001092,SP003130,BAL,EBN,WRH,9,HHE,WVF,XKM,0.474
SP001092,SP003179,BAL,EBN,TBD,5,XJS,ELD,CDS,0.417
SP001092,SP003294,BAL,EBN,HRH,8,TBD,HHE,CRW,0.727
SP001092,SP003298,BAL,EBN,CCH,8,TBD,HHE,CRW,0.421
SP001092,SP003675,BAL,EBN,WRH,9,HHE,WVF,XKM,0.5
SP001092,SP003677,BAL,EBN,WRH,11,XKM,CBR,BUG,0.579
SP001092,SP003756,BAL,EBN,BTN,5,XJS,ELD,RDH,0.333
SP001092,SP004020,BAL,EBN,GTW,7,GTW,TBD,,1.0
SP001092,SP004086,BAL,EBN,WRH,6,ELD,GTW,SAF,0.316
SP001093,SP002481,GLC,LNK,MTH,5,MTH,SDM,,1.0
SP001094,SP001678,MOG,SVG,SVG,7,HGY,HRN,AAP,0.35
SP001094,SP001690,MOG,SVG,HFN,19,HFN,WAS,,1.0
SP001094,SP001695,MOG,SVG,HFN,17,CUF,BAY,HFN,0.944
SP001094,SP001703,MOG,SVG,WGC,9,AAP,BOP,NSG,0.5
SP001094,SP002144,MOG,SVG,HFN,15,GDH,CWH,CUF,0.882
SP001094,SP002297,MOG,SVG,WGC,7,HGY,HRN,AAP,0.412
SP001094,SP002299,MOG,SVG,WGC,7,HGY,HRN,AAP,0.467
SP001094,SP002342,MOG,SVG,GDH,15,GDH,CWH,,1.0
SP001094,SP002753,MOG,SVG,FPK,6,FPK,HGY,,1.0
SP001094,SP003174,MOG,SVG,LET,21,SVG,,HIT,1.0
SP001094,SP003376,MOG,SVG,WGC,6,FPK,HGY,AAP,0.429
SP001095,SP001747,AON,NEM,NEM,7,WOK,WBY,BFN,0.583
SP001095,SP001750,AON,NEM,NEM,10,WYB,WAL,ESH,0.769
SP001097,SP001126,CDF,CPH,RHY,6,CPH,,ABE,1.0
SP001097,SP001147,CDF,CPH,RHY,6,CPH,,ABE,1.0
SP001097,SP001207,CDF,CPH,RHY,6,CPH,,ABE,1.0
SP001097,SP002956,CDF,CPH,RHY,6,CPH,,ABE,1.0
SP001097,SP004061,CDF,CPH,BGD,6,CPH,,ABE,1.0
SP001099,SP001201,EXD,YVJ,NEM,10,YVJ,,SHE,1.0
SP001099,SP003872,EXD,YVJ,SAL,10,YVJ,,SHE,1.0
SP001099,SP004266,EXD,YVJ,SAL,10,YVJ,,SHE,1.0
SP001100,SP001578,ABD,EDB,KGX,16,EDB,,PST,1.0
SP001100,SP001655,ABD,EDB,PLY,11,LDY,KDY,MNC,0.688
SP001100,SP002068,ABD,EDB,EDB,14,INK,HYM,NQU,0.875
SP001100,SP003116,ABD,EDB,DON,16,EDB,,PST,1.0
SP001103,SP001529,EDB,DEE,DEE,8,LDY,SPF,CUP,0.727
SP001106,SP004455,CYP,XHZ,DLJ,16,DLJ,XIC,,1.0
SP001107,SP001321,QRB,AHT,WNR,5,TWI,FEL,WTN,0.385
SP001107,SP001386,QRB,AHT,SHP,5,TWI,FEL,STW,0.455
SP001107,SP001582,QRB,AHT,STW,5,TWI,FEL,STW,0.833
SP001107,SP003288,QRB,AHT,SNS,5,TWI,FEL,WTN,0.556
SP001108,SP001109,NOT,SKG,SKG,5,ALK,ANC,ELO,0.357
SP001108,SP001118,NOT,SKG,SKG,5,ALK,ANC,BTF,0.357
SP001108,SP002466,NOT,SKG,PBO,5,ALK,ANC,ELO,0.556
SP001109,SP001118,NOT,SKG,SKG,5,ALK,ELO,BTF,0.312
SP001109,SP002466,NOT,SKG,PBO,7,BTF,ANC,GRA,0.778
SP001110,SP002149,MAN,WKK,YRK,10,MIR,WKK,DEW,0.909
SP001110,SP003074,MAN,WKK,YRK,11,WKK,,XES,1.0
SP001112,SP001756,RSH,MAN,MAN,6,GUI,ABY,FRF,0.75
SP001112,SP001759,RSH,MAN,MAN,6,GUI,ABY,GTO,0.75
SP001113,SP002735,YVP,SAL,GCR,5,WSB,WMN,TRO,0.714
SP001115,SP001298,LIT,BAL,HHE,16,HHE,TBD,,1.0
SP001115,SP001595,LIT,BAL,BTN,7,WRH,LAC,EWR,0.438
SP001115,SP002578,LIT,BAL,XSU,12,PRP,HSK,BUG,0.48
SP001115,SP003029,LIT,BAL,BAL,7,WRH,LAC,EWR,0.28
SP001118,SP002466,NOT,SKG,PBO,5,ALK,BTF,ELO,0.556
SP001119,SP002625,CRE,MAN,MAN,7,WML,HTH,SYA,0.538
SP001119,SP004541,CRE,MAN,MAN,7,WML,HTH,HDG,0.778
SP001120,SP001594,KGX,PBO,HUL,11,SDY,SNO,HUN,0.733
SP001120,SP001727,KGX,PBO,CBG,9,HIT,BIW,LET,0.6
SP001120,SP001880,KGX,PBO,BEV,11,SDY,SNO,HUN,0.733
SP001120,SP002020,KGX,PBO,PBO,9,HIT,BIW,ARL,0.6
SP001120,SP002363,KGX,PBO,LET,5,PBR,WGC,HAT,0.385
SP001120,SP002914,KGX,PBO,KLN,9,HIT,BIW,LET,0.6
SP001120,SP002953,KGX,PBO,EDB,11,SDY,SNO,HUN,0.733
SP001120,SP003540,KGX,PBO,GLQ,11,SDY,SNO,HUN,0.733
SP001120,SP003600,KGX,PBO,CBG,9,HIT,BIW,LET,0.6
SP001120,SP003669,KGX,PBO,INV,11,SDY,SNO,HUN,0.733
SP001121,SP001499,PBO,KGX,HRH,5,BIW,HIT,ARL,0.357
SP001121,SP001501,PBO,KGX,HRH,5,BIW,HIT,ARL,0.357
SP001121,SP001504,PBO,KGX,HRH,5,BIW,HIT,ARL,0.357
SP001121,SP002023,PBO,KGX,HRH,5,BIW,HIT,ARL,0.357
SP001121,SP002028,PBO,KGX,HRH,5,BIW,HIT,ARL,0.357
SP001121,SP002033,PBO,KGX,HRH,5,BIW,HIT,ARL,0.357
SP001121,SP003303,PBO,KGX,KGX,5,BIW,HIT,ARL,0.357
SP001121,SP003549,PBO,KGX,KGX,5,BIW,HIT,ARL,0.357
SP001121,SP003599,PBO,KGX,KGX,5,BIW,HIT,ARL,0.357
SP001121,SP003991,PBO,KGX,HRH,5,BIW,HIT,ARL,0.357
SP001121,SP003992,PBO,KGX,HRH,5,BIW,HIT,ARL,0.357
SP001121,SP003994,PBO,KGX,KGX,5,BIW,HIT,ARL,0.357
SP001121,SP003996,PBO,KGX,KGX,5,BIW,HIT,ARL,0.357
SP001121,SP004155,PBO,KGX,HRH,5,BIW,HIT,ARL,0.357
SP001121,SP004339,PBO,KGX,HRH,5,BIW,HIT,ARL,0.357
SP001121,SP004341,PBO,KGX,HRH,5,BIW,HIT,ARL,0.357
SP001122,SP001124,NEM,PMH,PMH,7,HSL,PTR,LIP,0.583
SP001122,SP003123,NEM,PMH,PMH,6,GOD,HSL,MLF,0.5
SP001122,SP003939,NEM,PMH,PTR,6,GOD,HSL,MLF,0.5
SP001123,SP001652,BDW,NRC,PAD,5,NRC,,THA,1.0
SP001123,SP003131,BDW,NRC,RDG,5,NRC,,THA,1.0
SP001124,SP003123,NEM,PMH,PMH,6,GOD,HSL,MLF,0.353
SP001124,SP003939,NEM,PMH,PTR,6,GOD,HSL,MLF,0.5
SP001125,SP002195,WSW,REI,EGR,8,SCY,PUO,SNR,0.533
SP001125,SP003595,WSW,REI,GTW,11,XJS,CDS,ELD,0.733
SP001125,SP003822,WSW,REI,TBD,14,RDH,REI,ELD,0.933
SP001126,SP001147,CDF,RHY,RHY,7,ABE,LNB,ECP,0.5
SP001126,SP001207,CDF,RHY,RHY,7,ABE,LNB,ECP,0.5
SP001126,SP002956,CDF,RHY,RHY,12,BGD,TIR,BHD,0.857
SP001126,SP004061,CDF,RHY,BGD,7,ABE,LNB,ECP,0.5
SP001127,SP001129,RHY,BYI,BYI,5,BGD,PGM,GFF,0.208
SP001127,SP001140,RHY,BYI,BYI,9,LNB,ABE,ECP,0.375
SP001127,SP003472,RHY,BYI,BGN,23,BRY,BYI,RIA,0.958
SP001127,SP003502,RHY,BYI,CDF,5,BGD,PGM,GFF,0.278
SP001129,SP001140,RHY,BYI,BYI,5,BGD,GFF,PGM,0.2
SP001129,SP003472,RHY,BYI,BGN,5,BGD,GFF,PGM,0.2
SP001129,SP003502,RHY,BYI,CDF,10,LNB,ABE,ECP,0.556
SP001130,SP001133,HRH,BDM,BDM,11,RDH,XJS,MHM,0.297
SP001130,SP002025,HRH,BDM,PBO,11,RDH,XJS,MHM,0.297
SP001130,SP002030,HRH,BDM,PBO,11,RDH,XJS,MHM,0.297
SP001130,SP002191,HRH,BDM,WSW,7,GTW,HOR,SAF,0.35
SP001130,SP002834,HRH,BDM,PBO,11,RDH,XJS,MHM,0.297
SP001131,SP003386,BGD,BYI,CDF,13,CDF,GTN,,1.0
SP001132,SP004057,HBD,LDS,LDS,8,MLY,LDS,COT,0.889
SP001133,SP002025,HRH,BDM,PBO,15,PUR,SCY,PUO,0.385
SP001133,SP002030,HRH,BDM,PBO,15,PUR,SCY,ECR,0.385
SP001133,SP002191,HRH,BDM,WSW,7,GTW,HOR,SAF,0.35
SP001133,SP002834,HRH,BDM,PBO,15,PUR,SCY,PUO,0.385
SP001134,SP001907,BYI,RHY,CPH,14,CPH,ABE,,1.0
SP001134,SP003362,BYI,RHY,BGD,22,BGD,BHD,,1.0
SP001134,SP003467,BYI,RHY,BGD,20,PGM,GFF,BGD,0.952
SP001134,SP004262,BYI,RHY,YSM,18,YSM,HNG,,1.0
SP001135,SP001401,BDT,YRK,YRK,11,SBY,SIE,YRK,0.917
SP001135,SP003088,BDT,YRK,HUL,7,HUL,BUH,,1.0
SP001135,SP003551,BDT,YRK,YRK,9,GBD,HOW,EGN,0.643
SP001135,SP003553,BDT,YRK,YRK,13,CHF,YRK,ULL,0.929
SP001135,SP003565,BDT,YRK,YRK,10,HOW,SBY,WRS,0.714
SP001135,SP004368,BDT,YRK,YRK,7,HUL,BUH,HES,0.5
SP001137,SP001138,CHX,SEV,ORP,11,ORP,CLD,,1.0
SP001137,SP001883,CHX,SEV,HGS,6,GRP,ESD,CIT,0.4
SP001137,SP001892,CHX,SEV,DVP,6,GRP,ESD,CIT,0.4
SP001137,SP002537,CHX,SEV,TBW,5,HGR,GRP,CFB,0.333
SP001137,SP002807,CHX,SEV,DVP,6,GRP,ESD,CIT,0.4
SP001137,SP002976,CHX,SEV,CBW,6,GRP,ESD,CIT,0.4
SP001137,SP003387,CHX,SEV,DVP,6,GRP,ESD,CIT,0.4
SP001137,SP003400,CHX,SEV,RAM,6,GRP,ESD,CIT,0.4
SP001137,SP004546,CHX,SEV,HGS,6,GRP,ESD,CIT,0.4
SP001137,SP004547,CHX,SEV,HGS,15,SEV,,HLB,1.0
SP001137,SP004549,CHX,SEV,HGS,6,GRP,ESD,CIT,0.4
SP001137,SP004551,CHX,SEV,HGS,6,GRP,ESD,CIT,0.4
SP001138,SP001883,CHX,ORP,HGS,6,GRP,ESD,CIT,0.545
SP001138,SP001892,CHX,ORP,DVP,6,GRP,ESD,CIT,0.545
SP001138,SP002537,CHX,ORP,TBW,5,HGR,GRP,CFB,0.455
SP001138,SP002807,CHX,ORP,DVP,6,GRP,ESD,CIT,0.545
SP001138,SP002976,CHX,ORP,CBW,6,GRP,ESD,CIT,0.545
SP001138,SP003387,CHX,ORP,DVP,6,GRP,ESD,CIT,0.545
SP001138,SP003400,CHX,ORP,RAM,6,GRP,ESD,CIT,0.545
SP001138,SP004546,CHX,ORP,HGS,6,GRP,ESD,CIT,0.545
SP001138,SP004547,CHX,ORP,HGS,11,ORP,,CLD,1.0
SP001138,SP004549,CHX,ORP,HGS,6,GRP,ESD,CIT,0.545
SP001138,SP004551,CHX,ORP,HGS,6,GRP,ESD,CIT,0.545
SP001139,SP001730,PMH,NEM,HRH,6,HAV,RLN,WBL,0.353
SP001139,SP001858,PMH,NEM,BTN,6,HAV,RLN,EMS,0.353
SP001139,SP001867,PMH,NEM,NEM,11,HSL,GOD,WTY,0.647
SP001139,SP003439,PMH,NEM,GLD,11,HSL,GOD,WTY,0.688
SP001140,SP003472,RHY,BYI,BGN,9,LNB,ECP,ABE,0.36
SP001140,SP003502,RHY,BYI,CDF,5,BGD,PGM,GFF,0.278
SP001141,SP001144,GLM,TON,PDW,17,PDW,TON,,1.0
SP001141,SP001661,GLM,TON,LUT,5,SOO,CUX,HGM,0.278
SP001142,SP003314,CST,CST,RTR,12,BNH,SGR,XRT,0.5
SP001142,SP003479,CST,CST,ORP,5,LEW,BKH,XPY,0.385
SP001143,SP001195,TON,SOO,GLM,14,SOO,,XRJ,1.0
SP001144,SP001661,GLM,PDW,LUT,5,SOO,CUX,HGM,0.294
SP001146,SP001153,SOO,PDW,TON,13,PDW,,TON,1.0
SP001146,SP001192,SOO,PDW,MDW,8,MDW,EFL,,1.0
SP001147,SP001207,CDF,RHY,RHY,14,BGD,BHD,TIR,0.875
SP001147,SP002956,CDF,RHY,RHY,7,ABE,ECP,LNB,0.438
SP001147,SP004061,CDF,RHY,BGD,14,BGD,BHD,,1.0
SP001149,SP001563,NCL,MAN,MAN,8,CHF,MIK,CFD,0.4
SP001149,SP001991,NCL,MAN,MAN,8,CHF,MIK,CFD,0.4
SP001149,SP003042,NCL,MAN,LIV,11,LDS,XES,MLY,0.55
SP001149,SP003146,NCL,MAN,LIV,20,MAN,,MCO,1.0
SP001149,SP003157,NCL,MAN,YRK,7,YRK,CHF,,1.0
SP001151,SP003305,REI,WSW,BAK,6,PUR,PUO,SCY,0.5
SP001152,SP001156,PGN,EXM,EXM,7,DWW,SCS,MBT,0.438
SP001152,SP001165,PGN,EXM,EXM,11,EXC,DIG,SJP,0.688
SP001152,SP001167,PGN,EXM,EXM,7,DWW,SCS,MBT,0.438
SP001152,SP001168,PGN,EXM,EXM,8,SCS,EXT,MBT,0.5
SP001152,SP001542,PGN,EXM,MAN,7,DWW,SCS,EXD,0.438
SP001152,SP001556,PGN,EXM,MAN,7,DWW,SCS,EXD,0.438
SP001152,SP002411,PGN,EXM,EXD,8,SCS,EXT,MBT,0.727
SP001152,SP002570,PGN,EXM,BRI,10,EXD,EXC,TVP,0.667
SP001152,SP003285,PGN,EXM,EXD,7,DWW,SCS,EXT,0.778
SP001152,SP003415,PGN,EXM,PAD,7,DWW,SCS,EXD,0.438
SP001152,SP003513,PGN,EXM,CDF,10,EXD,EXC,TVP,0.625
SP001152,SP004093,PGN,EXM,BRI,7,DWW,SCS,EXD,0.538
SP001152,SP004167,PGN,EXM,PAD,7,DWW,SCS,EXD,0.438
SP001153,SP001192,SOO,TON,MDW,8,MDW,EFL,,1.0
SP001156,SP001165,PGN,EXM,EXM,7,DWW,MBT,SCS,0.368
SP001156,SP001167,PGN,EXM,EXM,10,EXC,SJP,POL,0.556
SP001156,SP001168,PGN,EXM,EXM,7,DWW,MBT,SCS,0.389
SP001156,SP001542,PGN,EXM,MAN,7,DWW,MBT,EXD,0.368
SP001156,SP001556,PGN,EXM,MAN,7,DWW,MBT,EXD,0.368
SP001156,SP002411,PGN,EXM,EXD,7,DWW,MBT,SCS,0.636
SP001156,SP002570,PGN,EXM,BRI,7,DWW,MBT,SCS,0.467
SP001156,SP003285,PGN,EXM,EXD,7,DWW,MBT,EXT,0.778
SP001156,SP003415,PGN,EXM,PAD,7,DWW,MBT,EXD,0.368
SP001156,SP003513,PGN,EXM,CDF,7,DWW,MBT,SCS,0.368
SP001156,SP004093,PGN,EXM,BRI,7,DWW,MBT,EXD,0.538
SP001156,SP004167,PGN,EXM,PAD,7,DWW,MBT,EXD,0.368
SP001157,SP001389,NEM,PMH,PMH,7,GOD,HSL,MLF,0.538
SP001157,SP001742,NEM,PMH,PMS,7,GOD,HSL,MLF,0.538
SP001157,SP001744,NEM,PMH,HSL,7,GOD,HSL,MLF,0.7
SP001157,SP001849,NEM,PMH,SOU,7,GOD,HSL,MLF,0.538
SP001157,SP001850,NEM,PMH,FRM,7,GOD,HSL,MLF,0.538
SP001159,SP004226,BAA,PMH,SOU,9,HAV,FTN,CSA,0.75
SP001162,SP002968,PMH,BTN,HRH,15,XXA,ANG,PUL,0.833
SP001162,SP003547,PMH,BTN,GTW,5,HAV,WBL,EMS,0.227
SP001163,SP001171,BTN,PMS,PMH,6,LAC,EWR,WRH,0.3
SP001163,SP002189,BTN,PMS,PMH,6,LAC,EWR,WRH,0.3
SP001163,SP003067,BTN,PMS,SOU,6,LAC,EWR,WRH,0.3
SP001163,SP003069,BTN,PMS,SOU,9,WWO,DUR,ANG,0.45
SP001163,SP003070,BTN,PMS,SOU,6,LAC,EWR,WRH,0.3
SP001163,SP003073,BTN,PMS,SOU,6,LAC,EWR,WRH,0.3
SP001163,SP003500,BTN,PMS,SOU,6,LAC,EWR,WRH,0.3
SP001163,SP004135,BTN,PMS,SOU,6,LAC,EWR,WRH,0.3
SP001164,SP001169,PMS,BTN,BTN,17,SWK,PLD,FSG,0.85
SP001165,SP001167,PGN,EXM,EXM,7,DWW,SCS,MBT,0.389
SP001165,SP001168,PGN,EXM,EXM,8,SCS,EXT,MBT,0.444
SP001165,SP001542,PGN,EXM,MAN,7,DWW,SCS,EXD,0.35
SP001165,SP001556,PGN,EXM,MAN,7,DWW,SCS,EXD,0.35
SP001165,SP002411,PGN,EXM,EXD,8,SCS,EXT,MBT,0.727
SP001165,SP002570,PGN,EXM,BRI,10,EXD,EXC,TVP,0.667
SP001165,SP003285,PGN,EXM,EXD,7,DWW,SCS,EXT,0.778
SP001165,SP003415,PGN,EXM,PAD,7,DWW,SCS,EXD,0.35
SP001165,SP003513,PGN,EXM,CDF,10,EXD,EXC,TVP,0.5
SP001165,SP004093,PGN,EXM,BRI,7,DWW,SCS,EXD,0.538
SP001165,SP004167,PGN,EXM,PAD,7,DWW,SCS,EXD,0.35
SP001167,SP001168,PGN,EXM,EXM,7,DWW,MBT,SCS,0.389
SP001167,SP001542,PGN,EXM,MAN,7,DWW,MBT,EXD,0.389
SP001167,SP001556,PGN,EXM,MAN,7,DWW,MBT,EXD,0.389
SP001167,SP002411,PGN,EXM,EXD,7,DWW,MBT,SCS,0.636
SP001167,SP002570,PGN,EXM,BRI,7,DWW,MBT,SCS,0.467
SP001167,SP003285,PGN,EXM,EXD,7,DWW,MBT,EXT,0.778
SP001167,SP003415,PGN,EXM,PAD,7,DWW,MBT,EXD,0.389
SP001167,SP003513,PGN,EXM,CDF,7,DWW,MBT,SCS,0.389
SP001167,SP004093,PGN,EXM,BRI,7,DWW,MBT,EXD,0.538
SP001167,SP004167,PGN,EXM,PAD,7,DWW,MBT,EXD,0.389
SP001168,SP001542,PGN,EXM,MAN,7,DWW,SCS,EXD,0.389
SP001168,SP001556,PGN,EXM,MAN,7,DWW,SCS,EXD,0.389
SP001168,SP002411,PGN,EXM,EXD,11,EXD,EXC,,1.0
SP001168,SP002570,PGN,EXM,BRI,8,SCS,MBT,EXT,0.533
SP001168,SP003285,PGN,EXM,EXD,7,DWW,SCS,EXT,0.778
SP001168,SP003415,PGN,EXM,PAD,7,DWW,SCS,EXD,0.389
SP001168,SP003513,PGN,EXM,CDF,8,SCS,MBT,EXT,0.444
SP001168,SP004093,PGN,EXM,BRI,7,DWW,SCS,EXD,0.538
SP001168,SP004167,PGN,EXM,PAD,7,DWW,SCS,EXD,0.389
SP001170,SP001791,ASN,QRB,SNS,5,SNS,AFS,,1.0
SP001170,SP004611,ASN,QRB,QRB,15,BNS,PUT,QRB,0.938
SP001171,SP002189,BTN,PMH,PMH,15,CCH,SOB,FSB,0.714
SP001171,SP003067,BTN,PMH,SOU,8,WWO,DUR,ANG,0.381
SP001171,SP003069,BTN,PMH,SOU,6,LAC,WRH,EWR,0.286
SP001171,SP003070,BTN,PMH,SOU,8,WWO,DUR,ANG,0.381
SP001171,SP003073,BTN,PMH,SOU,8,WWO,DUR,ANG,0.381
SP001171,SP003500,BTN,PMH,SOU,18,HAV,FTN,CSA,0.857
SP001171,SP004135,BTN,PMH,SOU,8,WWO,DUR,ANG,0.381
SP001172,SP001181,NEM,PMH,PMH,8,WIN,XEW,SHW,0.421
SP001172,SP001382,NEM,PMH,WEY,8,WIN,XEW,SHW,0.421
SP001172,SP003871,NEM,PMH,SAL,6,BSK,MIC,OVR,0.545
SP001172,SP003917,NEM,PMH,BMH,5,FLE,BSK,WNF,0.263
SP001173,SP001175,PMH,NEM,NEM,11,XEW,WIN,SHW,0.579
SP001173,SP001796,PMH,NEM,WIN,11,XEW,WIN,SHW,0.846
SP001173,SP001798,PMH,NEM,ESL,10,ESL,XEW,,1.0
SP001173,SP001882,PMH,NEM,NEM,11,XEW,WIN,SHW,0.579
SP001173,SP003035,PMH,NEM,NEM,11,XEW,WIN,SHW,0.579
SP001173,SP003511,PMH,NEM,NEM,11,XEW,WIN,SHW,0.579
SP001173,SP003545,PMH,NEM,NEM,14,BSK,FLE,HOK,0.737
SP001174,SP002013,BTN,PMH,LIT,12,XXA,FOD,LIT,0.923
SP001175,SP001796,PMH,NEM,WIN,13,WIN,MIC,,1.0
SP001175,SP001798,PMH,NEM,ESL,10,ESL,XEW,,1.0
SP001175,SP001882,PMH,NEM,NEM,15,BSK,FLE,HOK,0.75
SP001175,SP003035,PMH,NEM,NEM,15,BSK,FLE,FNB,0.789
SP001175,SP003511,PMH,NEM,NEM,15,BSK,FLE,HOK,0.75
SP001175,SP003545,PMH,NEM,NEM,11,XEW,SHW,WIN,0.55
SP001176,SP001605,KGX,KLN,PBO,6,NSG,OKL,NBA,0.261
SP001176,SP002317,KGX,KLN,NCL,6,NSG,OKL,NBA,0.176
SP001176,SP002335,KGX,KLN,LDS,5,AAP,NSG,BOP,0.179
SP001176,SP002940,KGX,KLN,EDB,6,NSG,OKL,NBA,0.171
SP001176,SP003855,KGX,KLN,ABD,6,NSG,OKL,NBA,0.171
SP001176,SP003859,KGX,KLN,LDS,6,NSG,OKL,NBA,0.194
SP001177,SP002904,KLN,KGX,KGX,30,AAP,HGY,HRN,0.882
SP001177,SP004078,KLN,KGX,KGX,12,FXN,STH,RYS,0.444
SP001178,SP001869,INV,EDB,EDB,25,INK,NQU,HYM,0.926
SP001178,SP001940,INV,EDB,ABD,12,ABD,STN,,1.0
SP001178,SP002148,INV,EDB,ELG,5,ELG,KEH,,1.0
SP001179,SP001204,SCA,YRK,HUL,6,BDT,DRF,NFN,0.5
SP001179,SP002990,SCA,YRK,SHF,6,BDT,DRF,NFN,0.333
SP001179,SP004250,SCA,YRK,SHF,14,SBY,SIE,DON,0.778
SP001181,SP001382,NEM,PMH,WEY,11,ESL,HDE,SOA,0.55
SP001181,SP003871,NEM,PMH,SAL,6,BSK,MIC,OVR,0.545
SP001181,SP003917,NEM,PMH,BMH,5,FLE,BSK,WNF,0.25
SP001183,SP003478,EAD,SOU,BMH,9,WYB,BFN,WBY,0.257
SP001184,SP004088,GFD,WEA,PAD,5,WEA,,EAL,1.0
SP001186,SP001187,NEM,YVP,YVJ,16,YVP,,YVJ,1.0
SP001186,SP001190,NEM,YVP,WEY,5,BSK,OVR,MIC,0.312
SP001186,SP001194,NEM,YVP,EXD,10,SAL,WMN,TIS,0.625
SP001186,SP001197,NEM,YVP,EXD,6,OVR,WCH,ADV,0.375
SP001186,SP001198,NEM,YVP,EXD,6,OVR,WCH,ADV,0.375
SP001186,SP001206,NEM,YVP,EXD,10,SAL,WMN,TIS,0.625
SP001186,SP001217,NEM,YVP,WEY,5,BSK,OVR,MIC,0.312
SP001186,SP001227,NEM,YVP,WEY,5,BSK,OVR,MIC,0.312
SP001186,SP001233,NEM,YVP,WEY,5,BSK,OVR,MIC,0.312
SP001186,SP003109,NEM,YVP,YVJ,10,SAL,WMN,TIS,0.667
SP001186,SP003844,NEM,YVP,BMH,5,BSK,OVR,MIC,0.312
SP001186,SP003846,NEM,YVP,BMH,5,BSK,OVR,MIC,0.312
SP001186,SP003849,NEM,YVP,BMH,5,BSK,OVR,MIC,0.312
SP001186,SP003851,NEM,YVP,SOU,5,BSK,OVR,MIC,0.385
SP001186,SP004198,NEM,YVP,POO,5,BSK,OVR,MIC,0.312
SP001187,SP001190,NEM,YVJ,WEY,5,BSK,OVR,MIC,0.294
SP001187,SP001194,NEM,YVJ,EXD,10,SAL,WMN,TIS,0.588
SP001187,SP001197,NEM,YVJ,EXD,6,OVR,WCH,ADV,0.353
SP001187,SP001198,NEM,YVJ,EXD,6,OVR,WCH,ADV,0.353
SP001187,SP001206,NEM,YVJ,EXD,10,SAL,WMN,TIS,0.588
SP001187,SP001217,NEM,YVJ,WEY,5,BSK,OVR,MIC,0.294
SP001187,SP001227,NEM,YVJ,WEY,5,BSK,OVR,MIC,0.294
SP001187,SP001233,NEM,YVJ,WEY,5,BSK,OVR,MIC,0.294
SP001187,SP003109,NEM,YVJ,YVJ,10,SAL,WMN,TIS,0.667
SP001187,SP003844,NEM,YVJ,BMH,5,BSK,OVR,MIC,0.294
SP001187,SP003846,NEM,YVJ,BMH,5,BSK,OVR,MIC,0.294
SP001187,SP003849,NEM,YVJ,BMH,5,BSK,OVR,MIC,0.312
SP001187,SP003851,NEM,YVJ,SOU,5,BSK,OVR,MIC,0.385
SP001187,SP004198,NEM,YVJ,POO,5,BSK,OVR,MIC,0.294
SP001190,SP001194,NEM,WEY,EXD,5,BSK,MIC,OVR,0.217
SP001190,SP001197,NEM,WEY,EXD,5,BSK,MIC,OVR,0.217
SP001190,SP001198,NEM,WEY,EXD,5,BSK,MIC,OVR,0.227
SP001190,SP001206,NEM,WEY,EXD,5,BSK,MIC,OVR,0.208
SP001190,SP001217,NEM,WEY,WEY,15,BCU,BMH,NWM,0.6
SP001190,SP001227,NEM,WEY,WEY,20,HAM,WRM,HOL,0.8
SP001190,SP001233,NEM,WEY,WEY,7,WIN,XEW,SHW,0.28
SP001190,SP003109,NEM,WEY,YVJ,5,BSK,MIC,OVR,0.333
SP001190,SP003844,NEM,WEY,BMH,15,BCU,BMH,SWY,0.714
SP001190,SP003846,NEM,WEY,BMH,14,TTN,BCU,ANF,0.636
SP001190,SP003849,NEM,WEY,BMH,16,BMH,BSM,,1.0
SP001190,SP003851,NEM,WEY,SOU,7,WIN,XEW,SHW,0.538
SP001190,SP004198,NEM,WEY,POO,19,POO,HAM,,1.0
SP001191,SP003220,CRE,MAN,MAN,5,WML,CHU,MIA,0.625
SP001193,SP003949,FOK,RDC,RDC,7,AST,XOZ,DUD,0.368
SP001194,SP001197,NEM,EXD,EXD,6,OVR,WCH,ADV,0.261
SP001194,SP001198,NEM,EXD,EXD,6,OVR,WCH,ADV,0.273
SP001194,SP001206,NEM,EXD,EXD,19,FNT,CBK,WHM,0.826
SP001194,SP001217,NEM,EXD,WEY,5,BSK,OVR,MIC,0.217
SP001194,SP001227,NEM,EXD,WEY,5,BSK,OVR,MIC,0.217
SP001194,SP001233,NEM,EXD,WEY,5,BSK,OVR,MIC,0.217
SP001194,SP003109,NEM,EXD,YVJ,15,YVJ,CKN,,1.0
SP001194,SP003844,NEM,EXD,BMH,5,BSK,OVR,MIC,0.238
SP001194,SP003846,NEM,EXD,BMH,5,BSK,OVR,MIC,0.227
SP001194,SP003849,NEM,EXD,BMH,5,BSK,OVR,MIC,0.312
SP001194,SP003851,NEM,EXD,SOU,5,BSK,OVR,MIC,0.385
SP001194,SP004198,NEM,EXD,POO,5,BSK,OVR,MIC,0.263
SP001196,SP001562,NCL,KGX,BHM,7,DON,RET,MEX,0.333
SP001196,SP001657,NCL,KGX,RDG,7,DON,RET,MEX,0.212
SP001196,SP001659,NCL,KGX,RDG,7,DON,RET,MEX,0.212
SP001196,SP001667,NCL,KGX,PLY,6,YRK,DON,CHF,0.182
SP001196,SP001683,NCL,KGX,RDG,7,DON,RET,MEX,0.212
SP001196,SP001878,NCL,KGX,RDG,7,DON,RET,MEX,0.212
SP001196,SP004589,NCL,KGX,KGX,26,HDW,OKL,NBA,0.788
SP001197,SP001198,NEM,EXD,EXD,18,FNT,WHM,CBK,0.818
SP001197,SP001206,NEM,EXD,EXD,6,OVR,ADV,WCH,0.261
SP001197,SP001217,NEM,EXD,WEY,5,BSK,OVR,MIC,0.217
SP001197,SP001227,NEM,EXD,WEY,5,BSK,OVR,MIC,0.217
SP001197,SP001233,NEM,EXD,WEY,5,BSK,OVR,MIC,0.217
SP001197,SP003109,NEM,EXD,YVJ,6,OVR,ADV,WCH,0.4
SP001197,SP003844,NEM,EXD,BMH,5,BSK,OVR,MIC,0.238
SP001197,SP003846,NEM,EXD,BMH,5,BSK,OVR,MIC,0.227
SP001197,SP003849,NEM,EXD,BMH,5,BSK,OVR,MIC,0.312
SP001197,SP003851,NEM,EXD,SOU,5,BSK,OVR,MIC,0.385
SP001197,SP004198,NEM,EXD,POO,5,BSK,OVR,MIC,0.263
SP001198,SP001206,NEM,EXD,EXD,6,OVR,ADV,WCH,0.273
SP001198,SP001217,NEM,EXD,WEY,5,BSK,OVR,MIC,0.227
SP001198,SP001227,NEM,EXD,WEY,5,BSK,OVR,MIC,0.227
SP001198,SP001233,NEM,EXD,WEY,5,BSK,OVR,MIC,0.227
SP001198,SP003109,NEM,EXD,YVJ,6,OVR,ADV,WCH,0.4
SP001198,SP003844,NEM,EXD,BMH,5,BSK,OVR,MIC,0.238
SP001198,SP003846,NEM,EXD,BMH,5,BSK,OVR,MIC,0.227
SP001198,SP003849,NEM,EXD,BMH,5,BSK,OVR,MIC,0.312
SP001198,SP003851,NEM,EXD,SOU,5,BSK,OVR,MIC,0.385
SP001198,SP004198,NEM,EXD,POO,5,BSK,OVR,MIC,0.263
SP001199,SP002819,LIV,CTR,LLD,7,CTR,,SHT,1.0
SP001200,SP001226,BTN,EBN,SEF,6,XRH,GLY,SEE,0.545
SP001200,SP001228,BTN,EBN,NVH,6,XRH,GLY,NVN,0.75
SP001200,SP001336,BTN,EBN,SEF,6,XRH,GLY,NVN,0.6
SP001200,SP001550,BTN,EBN,LWS,5,LWS,XRH,,1.0
SP001200,SP002809,BTN,EBN,HGS,12,EBN,,HMD,1.0
SP001200,SP003550,BTN,EBN,HGS,12,EBN,,HMD,1.0
SP001200,SP004552,BTN,EBN,HGS,6,XRH,GLY,BRK,0.5
SP001201,SP003872,EXD,NEM,SAL,13,GIL,TIS,SAL,0.929
SP001201,SP004266,EXD,NEM,SAL,15,SAL,GRT,,1.0
SP001203,SP003055,SUO,BDM,BDM,16,BFR,CTK,ZFD,0.5
SP001204,SP002990,SCA,HUL,SHF,12,HUL,,BUH,1.0
SP001204,SP004250,SCA,HUL,SHF,6,BDT,NFN,DRF,0.5
SP001205,SP001510,SUO,BDM,BDM,18,HEN,SAC,MIL,0.692
SP001205,SP001611,SUO,BDM,SAC,11,BFR,ZFD,CTK,0.478
SP001205,SP001782,SUO,BDM,XSU,7,TUH,HNH,NDL,0.583
SP001205,SP003019,SUO,BDM,BDM,11,BFR,ZFD,CTK,0.423
SP001205,SP004414,SUO,BDM,BAL,5,MTC,STE,BAL,0.833
SP001206,SP001217,NEM,EXD,WEY,5,BSK,OVR,MIC,0.208
SP001206,SP001227,NEM,EXD,WEY,5,BSK,OVR,MIC,0.208
SP001206,SP001233,NEM,EXD,WEY,5,BSK,OVR,MIC,0.208
SP001206,SP003109,NEM,EXD,YVJ,15,YVJ,CKN,,1.0
SP001206,SP003844,NEM,EXD,BMH,5,BSK,OVR,MIC,0.238
SP001206,SP003846,NEM,EXD,BMH,5,BSK,OVR,MIC,0.227
SP001206,SP003849,NEM,EXD,BMH,5,BSK,OVR,MIC,0.312
SP001206,SP003851,NEM,EXD,SOU,5,BSK,OVR,MIC,0.385
SP001206,SP004198,NEM,EXD,POO,5,BSK,OVR,MIC,0.263
SP001207,SP002956,CDF,RHY,RHY,7,ABE,ECP,LNB,0.438
SP001207,SP004061,CDF,RHY,BGD,14,BGD,TIR,,1.0
SP001209,SP001352,NOT,GRA,NRW,5,GRA,,PBO,1.0
SP001210,SP002539,LCN,NNG,NOT,5,NNG,,XNK,1.0
SP001210,SP003043,LCN,NNG,NOT,5,NNG,,XNK,1.0
SP001212,SP002661,CLE,NNG,BAU,8,HAB,BTB,ULC,0.571
SP001212,SP004490,CLE,NNG,LIV,9,BTB,MKR,SCU,0.6
SP001213,SP001844,WEY,NEM,SOU,6,WRM,HOL,HAM,0.286
SP001213,SP001845,WEY,NEM,BMH,6,WRM,HOL,HAM,0.6
SP001213,SP002488,WEY,NEM,WOK,6,WRM,HOL,HAM,0.207
SP001213,SP003903,WEY,NEM,NEM,9,POO,BSM,PKS,0.31
SP001213,SP004466,WEY,NEM,NEM,6,WRM,HOL,HAM,0.207
SP001216,SP001222,KID,SAV,WTE,22,WTE,WYT,,1.0
SP001216,SP001428,KID,SAV,BSW,13,BSW,BMO,,1.0
SP001217,SP001227,NEM,WEY,WEY,15,BCU,NWM,BMH,0.556
SP001217,SP001233,NEM,WEY,WEY,7,WIN,XEW,SHW,0.241
SP001217,SP003109,NEM,WEY,YVJ,5,BSK,MIC,OVR,0.333
SP001217,SP003844,NEM,WEY,BMH,15,BCU,NWM,SWY,0.714
SP001217,SP003846,NEM,WEY,BMH,14,TTN,BCU,ANF,0.636
SP001217,SP003849,NEM,WEY,BMH,15,BCU,NWM,BMH,0.938
SP001217,SP003851,NEM,WEY,SOU,7,WIN,XEW,SHW,0.538
SP001217,SP004198,NEM,WEY,POO,15,BCU,NWM,BMH,0.789
SP001218,SP002536,YRK,HUL,BDT,8,HUL,,CGM,1.0
SP001218,SP002546,YRK,HUL,HUL,5,HOW,GBD,EGN,0.625
SP001218,SP003559,YRK,HUL,BDT,8,HUL,,CGM,1.0
SP001219,SP003038,PMH,NEM,NEM,8,HSL,GOD,WTY,0.571
SP001219,SP003509,PMH,NEM,NEM,5,PTR,LIS,HSL,0.357
SP001222,SP001428,KID,WTE,BSW,13,BSW,BMO,,1.0
SP001224,SP001248,KID,WTE,SAV,23,WTE,,WYT,1.0
SP001226,SP001228,BTN,SEF,NVH,6,XRH,SEE,NVN,0.75
SP001226,SP001336,BTN,SEF,SEF,6,XRH,SEE,NVN,0.6
SP001226,SP001550,BTN,SEF,LWS,5,LWS,XRH,,1.0
SP001226,SP002809,BTN,SEF,HGS,6,XRH,SEE,GLY,0.545
SP001226,SP003550,BTN,SEF,HGS,6,XRH,SEE,GLY,0.545
SP001226,SP004552,BTN,SEF,HGS,6,XRH,SEE,BRK,0.545
SP001227,SP001233,NEM,WEY,WEY,7,WIN,XEW,SHW,0.259
SP001227,SP003109,NEM,WEY,YVJ,5,BSK,MIC,OVR,0.333
SP001227,SP003844,NEM,WEY,BMH,15,BCU,BMH,SWY,0.714
SP001227,SP003846,NEM,WEY,BMH,14,TTN,BCU,ANF,0.636
SP001227,SP003849,NEM,WEY,BMH,16,BMH,BSM,,1.0
SP001227,SP003851,NEM,WEY,SOU,7,WIN,XEW,SHW,0.538
SP001227,SP004198,NEM,WEY,POO,19,POO,HAM,,1.0
SP001228,SP001336,BTN,NVH,SEF,8,NVH,,BIP,1.0
SP001228,SP001550,BTN,NVH,LWS,5,LWS,XRH,,1.0
SP001228,SP002809,BTN,NVH,HGS,6,XRH,NVN,GLY,0.75
SP001228,SP003550,BTN,NVH,HGS,6,XRH,NVN,GLY,0.75
SP001228,SP004552,BTN,NVH,HGS,6,XRH,NVN,BRK,0.75
SP001229,SP001246,EBB,MST,NWP,8,PYE,CDF,NWP,0.889
SP001229,SP001371,EBB,MST,CDF,9,CDF,PYC,,1.0
SP001229,SP001957,EBB,MST,CDF,8,PYE,CDF,NWP,0.8
SP001232,SP001458,WOF,SAV,DDG,15,BMO,SMA,XOH,0.682
SP001232,SP001483,WOF,SAV,SAV,18,TYS,SRI,ACG,0.692
SP001232,SP002610,WOF,SAV,SAV,7,SBJ,CRA,LYE,0.212
SP001233,SP003109,NEM,WEY,YVJ,5,BSK,MIC,OVR,0.333
SP001233,SP003844,NEM,WEY,BMH,7,WIN,SHW,XEW,0.333
SP001233,SP003846,NEM,WEY,BMH,7,WIN,SHW,XEW,0.318
SP001233,SP003849,NEM,WEY,BMH,7,WIN,SHW,XEW,0.438
SP001233,SP003851,NEM,WEY,SOU,13,SOU,RDB,,1.0
SP001233,SP004198,NEM,WEY,POO,7,WIN,SHW,XEW,0.368
SP001237,SP001427,SOU,BSK,NCL,5,XEW,SHW,WIN,0.556
SP001237,SP001505,SOU,BSK,MAN,5,XEW,SHW,WIN,0.556
SP001237,SP001530,SOU,BSK,MAN,5,XEW,SHW,WIN,0.556
SP001239,SP001241,BAL,LIT,LIT,6,ELD,GTW,HOR,0.25
SP001239,SP001255,BAL,LIT,LIT,15,PLD,SSE,SWK,0.625
SP001239,SP001291,BAL,LIT,BTN,13,PRP,HOV,BTN,0.929
SP001239,SP001295,BAL,LIT,BTN,11,BUG,HSK,PRP,0.846
SP001239,SP002276,BAL,LIT,HGS,9,HHE,XKM,WVF,0.375
SP001239,SP002965,BAL,LIT,PMH,8,TBD,HHE,CRW,0.333
SP001239,SP002980,BAL,LIT,PMS,8,TBD,HHE,CRW,0.333
SP001239,SP002983,BAL,LIT,PMH,8,TBD,HHE,CRW,0.333
SP001239,SP002986,BAL,LIT,PMS,8,TBD,HHE,CRW,0.333
SP001239,SP002991,BAL,LIT,ORE,9,HHE,XKM,WVF,0.375
SP001239,SP002992,BAL,LIT,ORE,9,HHE,XKM,WVF,0.375
SP001239,SP002995,BAL,LIT,ORE,9,HHE,XKM,WVF,0.375
SP001239,SP003006,BAL,LIT,ORE,9,HHE,XKM,WVF,0.375
SP001239,SP003014,BAL,LIT,HGS,9,HHE,XKM,WVF,0.375
SP001239,SP003026,BAL,LIT,LIT,17,LAC,WRH,EWR,0.708
SP001239,SP003130,BAL,LIT,WRH,11,BUG,HSK,PRP,0.579
SP001239,SP003179,BAL,LIT,TBD,5,XJS,ELD,CDS,0.417
SP001239,SP003294,BAL,LIT,HRH,8,TBD,HHE,CRW,0.727
SP001239,SP003298,BAL,LIT,CCH,8,TBD,HHE,CRW,0.4
SP001239,SP003675,BAL,LIT,WRH,11,BUG,HSK,PRP,0.611
SP001239,SP003677,BAL,LIT,WRH,9,HHE,XKM,WVF,0.474
SP001239,SP003756,BAL,LIT,BTN,5,XJS,ELD,RDH,0.333
SP001239,SP004020,BAL,LIT,GTW,7,GTW,TBD,,1.0
SP001239,SP004086,BAL,LIT,WRH,6,ELD,GTW,SAF,0.3
SP001240,SP001247,SOU,NEM,NEM,10,BSK,FLE,HOK,0.667
SP001240,SP003918,SOU,NEM,NEM,10,BSK,FLE,HOK,0.667
SP001241,SP001255,BAL,LIT,LIT,6,ELD,HOR,GTW,0.24
SP001241,SP001291,BAL,LIT,BTN,6,ELD,HOR,GTW,0.429
SP001241,SP001295,BAL,LIT,BTN,6,ELD,HOR,GTW,0.462
SP001241,SP002276,BAL,LIT,HGS,6,ELD,HOR,GTW,0.24
SP001241,SP002965,BAL,LIT,PMH,6,ELD,HOR,GTW,0.25
SP001241,SP002980,BAL,LIT,PMS,6,ELD,HOR,GTW,0.24
SP001241,SP002983,BAL,LIT,PMH,6,ELD,HOR,GTW,0.24
SP001241,SP002986,BAL,LIT,PMS,6,ELD,HOR,GTW,0.24
SP001241,SP002991,BAL,LIT,ORE,6,ELD,HOR,GTW,0.24
SP001241,SP002992,BAL,LIT,ORE,6,ELD,HOR,GTW,0.24
SP001241,SP002995,BAL,LIT,ORE,6,ELD,HOR,GTW,0.24
SP001241,SP003006,BAL,LIT,ORE,6,ELD,HOR,GTW,0.24
SP001241,SP003014,BAL,LIT,HGS,6,ELD,HOR,GTW,0.24
SP001241,SP003026,BAL,LIT,LIT,6,ELD,HOR,GTW,0.24
SP001241,SP003130,BAL,LIT,WRH,6,ELD,HOR,GTW,0.316
SP001241,SP003179,BAL,LIT,TBD,5,XJS,ELD,CDS,0.417
SP001241,SP003294,BAL,LIT,HRH,6,ELD,HOR,GTW,0.545
SP001241,SP003298,BAL,LIT,CCH,6,ELD,HOR,GTW,0.3
SP001241,SP003675,BAL,LIT,WRH,6,ELD,HOR,GTW,0.333
SP001241,SP003677,BAL,LIT,WRH,6,ELD,HOR,GTW,0.316
SP001241,SP003756,BAL,LIT,BTN,5,XJS,ELD,RDH,0.333
SP001241,SP004020,BAL,LIT,GTW,6,ELD,HOR,GTW,0.857
SP001241,SP004086,BAL,LIT,WRH,6,ELD,HOR,SAF,0.3
SP001242,SP001244,WIN,BMH,SOU,7,SOU,RDB,,1.0
SP001242,SP001286,WIN,BMH,SOU,5,SOA,SDN,SWG,0.625
SP001242,SP001299,WIN,BMH,BMH,5,SOA,SDN,SWG,0.357
SP001244,SP001286,WIN,SOU,SOU,5,SOA,SDN,SWG,0.714
SP001244,SP001299,WIN,SOU,BMH,5,SOA,SDN,SWG,0.714
SP001245,SP001835,SOU,BMH,WEY,11,BMH,,BSM,1.0
SP001246,SP001371,EBB,NWP,CDF,8,PYE,NWP,CDF,0.889
SP001246,SP001957,EBB,NWP,CDF,9,NWP,,CDF,1.0
SP001247,SP003918,SOU,NEM,NEM,16,WOK,SUR,BFN,0.889
SP001249,SP001260,BMH,WIN,WIN,13,SDN,SWG,SOA,0.722
SP001249,SP001263,BMH,WIN,WIN,7,BCU,BEU,ANF,0.412
SP001249,SP002944,BMH,WIN,NEM,7,BCU,BEU,ANF,0.368
SP001254,SP003977,NRW,LWT,GYM,6,REE,HAD,BYA,0.75
SP001255,SP001291,BAL,LIT,BTN,13,PRP,HOV,BTN,0.929
SP001255,SP001295,BAL,LIT,BTN,11,BUG,HSK,PRP,0.846
SP001255,SP002276,BAL,LIT,HGS,9,HHE,XKM,WVF,0.36
SP001255,SP002965,BAL,LIT,PMH,8,TBD,HHE,CRW,0.333
SP001255,SP002980,BAL,LIT,PMS,8,TBD,HHE,CRW,0.32
SP001255,SP002983,BAL,LIT,PMH,8,TBD,HHE,CRW,0.32
SP001255,SP002986,BAL,LIT,PMS,8,TBD,HHE,CRW,0.32
SP001255,SP002991,BAL,LIT,ORE,9,HHE,XKM,WVF,0.36
SP001255,SP002992,BAL,LIT,ORE,9,HHE,XKM,WVF,0.36
SP001255,SP002995,BAL,LIT,ORE,9,HHE,XKM,WVF,0.36
SP001255,SP003006,BAL,LIT,ORE,9,HHE,XKM,WVF,0.36
SP001255,SP003014,BAL,LIT,HGS,9,HHE,XKM,WVF,0.36
SP001255,SP003026,BAL,LIT,LIT,15,PLD,SWK,SSE,0.6
SP001255,SP003130,BAL,LIT,WRH,11,BUG,HSK,PRP,0.579
SP001255,SP003179,BAL,LIT,TBD,5,XJS,ELD,CDS,0.417
SP001255,SP003294,BAL,LIT,HRH,8,TBD,HHE,CRW,0.727
SP001255,SP003298,BAL,LIT,CCH,8,TBD,HHE,CRW,0.4
SP001255,SP003675,BAL,LIT,WRH,11,BUG,HSK,PRP,0.611
SP001255,SP003677,BAL,LIT,WRH,9,HHE,XKM,WVF,0.474
SP001255,SP003756,BAL,LIT,BTN,5,XJS,ELD,RDH,0.333
SP001255,SP004020,BAL,LIT,GTW,7,GTW,TBD,,1.0
SP001255,SP004086,BAL,LIT,WRH,6,ELD,GTW,SAF,0.3
SP001256,SP001473,BSW,WTE,SAV,5,TYS,SRI,ACG,0.5
SP001258,SP001874,MAN,NMC,CLY,11,NMC,,CLY,1.0
SP001258,SP002964,MAN,NMC,SHF,9,MPL,SRN,NMC,0.818
SP001259,SP001261,BIS,SRA,SRA,10,BMD,PON,NUM,0.625
SP001259,SP001279,BIS,SRA,SRA,7,CHN,WLC,BMD,0.467
SP001259,SP001285,BIS,SRA,SRA,7,CHN,WLC,BMD,0.538
SP001260,SP001263,BMH,WIN,WIN,7,BCU,BEU,ANF,0.412
SP001260,SP002944,BMH,WIN,NEM,7,BCU,BEU,ANF,0.389
SP001261,SP001279,BIS,SRA,SRA,7,CHN,WLC,BMD,0.467
SP001261,SP001285,BIS,SRA,SRA,7,CHN,WLC,BMD,0.538
SP001263,SP002944,BMH,WIN,NEM,15,XEW,SHW,WIN,0.882
SP001268,SP003578,MFH,CDF,CDF,14,SWA,NTH,LAS,0.7
SP001268,SP003620,MFH,CDF,CDF,14,SWA,NTH,LAS,0.7
SP001268,SP003623,MFH,CDF,CMN,7,CMN,XCI,,1.0
SP001268,SP003709,MFH,CDF,MAN,20,CDF,,NWP,1.0
SP001268,SP003713,MFH,CDF,MAN,20,CDF,,NWP,1.0
SP001268,SP003883,MFH,CDF,CDF,14,SWA,NTH,LAS,0.7
SP001268,SP003963,MFH,CDF,CDF,16,PTA,BGN,PYL,0.8
SP001269,SP001356,QRB,RDZ,RDZ,8,VIR,LNG,SNG,0.471
SP001269,SP001367,QRB,RDZ,WKM,8,VIR,LNG,SNG,0.615
SP001269,SP003184,QRB,RDZ,RDZ,8,VIR,LNG,SNG,0.533
SP001270,SP001271,RDZ,QRB,QRB,9,SNG,LNG,VIR,0.5
SP001270,SP001309,RDZ,QRB,QRB,9,SNG,LNG,VIR,0.474
SP001270,SP001370,RDZ,QRB,SNS,9,SNG,LNG,VIR,0.75
SP001271,SP001309,RDZ,QRB,QRB,17,BNS,QRB,PUT,0.944
SP001271,SP001370,RDZ,QRB,SNS,12,SNS,FEL,,1.0
SP001272,SP001493,GLD,EAD,EAD,5,EFF,BKA,CSD,0.385
SP001272,SP003534,GLD,EAD,RAY,5,EFF,BKA,CSD,0.417
SP001272,SP004601,GLD,EAD,RAY,14,RAY,EAD,,1.0
SP001272,SP004603,GLD,EAD,EAD,5,EFF,BKA,CSD,0.417
SP001273,SP001409,WOK,NEM,EAD,5,WAL,SUR,HER,0.714
SP001273,SP001512,WOK,NEM,NEM,5,WAL,SUR,HER,0.714
SP001274,SP001478,GLD,QRB,EAD,11,RAY,QRB,EAD,0.917
SP001274,SP003118,GLD,QRB,EAD,10,NEM,RAY,EAD,0.909
SP001275,SP001560,EAD,QRB,SHP,7,TED,STW,FLW,0.538
SP001275,SP001954,EAD,QRB,TWI,9,TWI,SMG,,1.0
SP001275,SP003262,EAD,QRB,STW,8,STW,TWI,,1.0
SP001277,SP001278,QRB,EAD,QRB,17,EAD,,QRB,1.0
SP001277,SP001280,QRB,EAD,QRB,9,TWI,STW,WTN,0.529
SP001277,SP001387,QRB,EAD,SHP,10,STW,TED,FLW,0.625
SP001277,SP001741,QRB,EAD,KNG,13,KNG,NBT,,1.0
SP001277,SP001761,QRB,EAD,HOU,9,TWI,STW,WTN,0.818
SP001277,SP003306,QRB,EAD,STW,10,STW,TED,,1.0
SP001278,SP001280,QRB,QRB,QRB,9,TWI,STW,WTN,0.5
SP001278,SP001387,QRB,QRB,SHP,10,STW,TED,FLW,0.625
SP001278,SP001741,QRB,QRB,KNG,13,KNG,NBT,,1.0
SP001278,SP001761,QRB,QRB,HOU,9,TWI,STW,WTN,0.818
SP001278,SP003306,QRB,QRB,STW,10,STW,TED,,1.0
SP001279,SP001285,BIS,SRA,SRA,8,BMD,MRW,TOM,0.615
SP001280,SP001387,QRB,QRB,SHP,9,TWI,WTN,STW,0.562
SP001280,SP001741,QRB,QRB,KNG,9,TWI,WTN,STW,0.692
SP001280,SP001761,QRB,QRB,HOU,11,HOU,ISL,,1.0
SP001280,SP003306,QRB,QRB,STW,9,TWI,WTN,STW,0.9
SP001281,SP001673,NEM,SOU,BSK,9,BSK,MIC,,1.0
SP001282,SP001289,QRB,ASN,QRB,11,HOU,FEL,WTN,0.611
SP001282,SP001829,QRB,ASN,TWI,11,HOU,FEL,WTN,0.846
SP001282,SP001831,QRB,ASN,HOU,11,HOU,FEL,,1.0
SP001282,SP003557,QRB,ASN,WOK,18,ASN,,BFN,1.0
SP001286,SP001299,WIN,SOU,BMH,8,SOU,,RDB,1.0
SP001287,SP002611,TRI,EUS,EUS,7,WFJ,BSH,HRW,0.636
SP001288,SP001821,WNR,QRB,SNS,5,SNS,AFS,,1.0
SP001289,SP001829,QRB,QRB,TWI,13,TWI,SMG,,1.0
SP001289,SP001831,QRB,QRB,HOU,11,HOU,WTN,,1.0
SP001289,SP003557,QRB,QRB,WOK,11,HOU,WTN,FEL,0.524
SP001290,SP003693,CDF,MER,TRB,9,PPD,ACY,TRH,0.6
SP001291,SP001295,BAL,BTN,BTN,11,BUG,HSK,PRP,0.846
SP001291,SP002276,BAL,BTN,HGS,9,HHE,XKM,WVF,0.643
SP001291,SP002965,BAL,BTN,PMH,8,TBD,HHE,CRW,0.571
SP001291,SP002980,BAL,BTN,PMS,8,TBD,HHE,CRW,0.571
SP001291,SP002983,BAL,BTN,PMH,8,TBD,HHE,CRW,0.571
SP001291,SP002986,BAL,BTN,PMS,8,TBD,HHE,CRW,0.571
SP001291,SP002991,BAL,BTN,ORE,9,HHE,XKM,WVF,0.643
SP001291,SP002992,BAL,BTN,ORE,9,HHE,XKM,WVF,0.643
SP001291,SP002995,BAL,BTN,ORE,9,HHE,XKM,WVF,0.643
SP001291,SP003006,BAL,BTN,ORE,9,HHE,XKM,WVF,0.643
SP001291,SP003014,BAL,BTN,HGS,9,HHE,XKM,WVF,0.643
SP001291,SP003026,BAL,BTN,LIT,13,PRP,BTN,HOV,0.929
SP001291,SP003130,BAL,BTN,WRH,11,BUG,HSK,PRP,0.786
SP001291,SP003179,BAL,BTN,TBD,5,XJS,ELD,CDS,0.417
SP001291,SP003294,BAL,BTN,HRH,8,TBD,HHE,CRW,0.727
SP001291,SP003298,BAL,BTN,CCH,8,TBD,HHE,CRW,0.571
SP001291,SP003675,BAL,BTN,WRH,11,BUG,HSK,PRP,0.786
SP001291,SP003677,BAL,BTN,WRH,9,HHE,XKM,WVF,0.643
SP001291,SP003756,BAL,BTN,BTN,5,XJS,ELD,RDH,0.357
SP001291,SP004020,BAL,BTN,GTW,7,GTW,TBD,,1.0
SP001291,SP004086,BAL,BTN,WRH,6,ELD,GTW,SAF,0.429
SP001292,SP001834,BCU,POO,WEY,10,POO,,HAM,1.0
SP001294,SP002241,POO,WIN,BCU,10,BCU,BEU,,1.0
SP001294,SP003842,POO,WIN,NEM,19,XEW,SHW,WIN,0.905
SP001295,SP002276,BAL,BTN,HGS,9,HHE,XKM,WVF,0.692
SP001295,SP002965,BAL,BTN,PMH,8,TBD,HHE,CRW,0.615
SP001295,SP002980,BAL,BTN,PMS,8,TBD,HHE,CRW,0.615
SP001295,SP002983,BAL,BTN,PMH,8,TBD,HHE,CRW,0.615
SP001295,SP002986,BAL,BTN,PMS,8,TBD,HHE,CRW,0.615
SP001295,SP002991,BAL,BTN,ORE,9,HHE,XKM,WVF,0.692
SP001295,SP002992,BAL,BTN,ORE,9,HHE,XKM,WVF,0.692
SP001295,SP002995,BAL,BTN,ORE,9,HHE,XKM,WVF,0.692
SP001295,SP003006,BAL,BTN,ORE,9,HHE,XKM,WVF,0.692
SP001295,SP003014,BAL,BTN,HGS,9,HHE,XKM,WVF,0.692
SP001295,SP003026,BAL,BTN,LIT,11,BUG,PRP,HSK,0.846
SP001295,SP003130,BAL,BTN,WRH,13,BTN,,HOV,1.0
SP001295,SP003179,BAL,BTN,TBD,5,XJS,ELD,CDS,0.417
SP001295,SP003294,BAL,BTN,HRH,8,TBD,HHE,CRW,0.727
SP001295,SP003298,BAL,BTN,CCH,8,TBD,HHE,CRW,0.615
SP001295,SP003675,BAL,BTN,WRH,12,PRP,BTN,HOV,0.923
SP001295,SP003677,BAL,BTN,WRH,9,HHE,XKM,WVF,0.692
SP001295,SP003756,BAL,BTN,BTN,5,XJS,ELD,RDH,0.385
SP001295,SP004020,BAL,BTN,GTW,7,GTW,TBD,,1.0
SP001295,SP004086,BAL,BTN,WRH,6,ELD,GTW,SAF,0.462
SP001296,SP003404,NOT,STP,LEI,7,LEI,MHR,,1.0
SP001296,SP004260,NOT,STP,STP,13,LUT,SAC,LTN,0.684
SP001298,SP001595,LIT,HHE,BTN,7,WRH,LAC,EWR,0.438
SP001298,SP002578,LIT,HHE,XSU,12,PRP,HSK,BUG,0.75
SP001298,SP003029,LIT,HHE,BAL,7,WRH,LAC,EWR,0.438
SP001302,SP001749,SOU,BTN,WOK,9,HAV,EMS,PTR,0.5
SP001302,SP003098,SOU,BTN,BTN,7,FRM,CSA,PTC,0.28
SP001302,SP003293,SOU,BTN,HRH,7,FRM,CSA,PTC,0.368
SP001302,SP003682,SOU,BTN,BTN,7,FRM,CSA,PTC,0.259
SP001302,SP004200,SOU,BTN,BTN,7,FRM,CSA,PTC,0.259
SP001302,SP004202,SOU,BTN,BTN,18,WRH,EWR,LAC,0.75
SP001302,SP004208,SOU,BTN,BTN,7,FRM,CSA,PTC,0.269
SP001304,SP002158,BIF,CKL,CKL,12,SEL,BYS,SBS,0.857
SP001304,SP003015,BIF,CKL,MLM,6,MLM,SIC,,1.0
SP001306,SP001781,NMP,BHM,BHM,9,BHI,SCF,MGN,0.75
SP001307,SP002155,CKL,BIF,LAN,14,BIF,,ROO,1.0
SP001307,SP002164,CKL,BIF,LAN,14,BIF,,ROO,1.0
SP001309,SP001370,RDZ,QRB,SNS,12,SNS,FEL,,1.0
SP001310,SP001623,LUT,SUO,EPH,17,EPH,LGJ,,1.0
SP001310,SP001677,LUT,SUO,ORP,18,LGJ,HNH,DMK,0.692
SP001310,SP003020,LUT,SUO,SUO,21,STE,MTC,TOO,0.808
SP001312,SP001866,RYS,KGX,KGX,11,HAT,BPK,PBR,0.647
SP001313,SP001327,EUS,HHD,TRI,5,WFJ,XOE,APS,0.5
SP001313,SP001329,EUS,HHD,TRI,5,WFJ,XOE,KGL,0.5
SP001313,SP001343,EUS,HHD,NMP,11,XHN,XWZ,NMP,0.917
SP001313,SP001346,EUS,HHD,CRE,14,NUN,XIM,ATH,0.609
SP001313,SP001451,EUS,HHD,BLY,5,WFJ,XOE,HML,0.417
SP001313,SP001454,EUS,HHD,BLY,5,WFJ,XOE,APS,0.385
SP001313,SP001807,EUS,HHD,GLC,19,CRE,CTR,WSF,0.594
SP001313,SP002179,EUS,HHD,GLC,10,MKC,XHN,WOL,0.312
SP001313,SP002202,EUS,HHD,WSL,8,XOD,BLY,LBZ,0.267
SP001313,SP002261,EUS,HHD,NMP,5,WFJ,XOE,KGL,0.294
SP001313,SP002647,EUS,HHD,MKC,5,WFJ,XOE,KGL,0.333
SP001313,SP002655,EUS,HHD,SAA,5,WFJ,XOE,WFN,0.455
SP001313,SP002872,EUS,HHD,CTR,20,CTR,SHT,,1.0
SP001313,SP003031,EUS,HHD,MAN,17,XCO,STA,SNE,0.607
SP001313,SP003036,EUS,HHD,BHM,8,XOD,BLY,LBZ,0.286
SP001313,SP003114,EUS,HHD,LIV,13,RUG,NUN,COV,0.406
SP001313,SP003191,EUS,HHD,BPN,19,CRE,CTR,WSF,0.655
SP001313,SP003207,EUS,HHD,LIV,19,CRE,CTR,WSF,0.704
SP001313,SP003300,EUS,HHD,WRX,20,CTR,SHT,WRX,0.952
SP001313,SP003360,EUS,HHD,EDB,13,RUG,NUN,COV,0.406
SP001313,SP003475,EUS,HHD,WVH,11,XHN,XWZ,NMP,0.44
SP001313,SP003568,EUS,HHD,WVH,10,MKC,XHN,WOL,0.312
SP001313,SP003958,EUS,HHD,INV,13,RUG,NUN,COV,0.406
SP001313,SP004012,EUS,HHD,GLC,11,XHN,XWZ,NMP,0.344
SP001313,SP004017,EUS,HHD,PRE,15,XIM,XOI,TAM,0.536
SP001313,SP004025,EUS,HHD,PRE,19,CRE,CTR,WSF,0.731
SP001313,SP004034,EUS,HHD,CRE,13,RUG,NUN,COV,0.406
SP001313,SP004036,EUS,HHD,GLC,10,MKC,XHN,WOL,0.312
SP001313,SP004111,EUS,HHD,GLC,10,MKC,XHN,WOL,0.312
SP001313,SP004131,EUS,HHD,BHM,5,WFJ,XOE,KGL,0.156
SP001313,SP004188,EUS,HHD,CRE,15,XIM,XOI,TAM,0.714
SP001313,SP004207,EUS,HHD,CRE,13,RUG,NUN,COV,0.464
SP001313,SP004232,EUS,HHD,INV,10,MKC,XHN,WOL,0.312
SP001313,SP004384,EUS,HHD,WVH,13,RUG,NUN,COV,0.542
SP001313,SP004399,EUS,HHD,GLC,19,CRE,CTR,WSF,0.594
SP001313,SP004433,EUS,HHD,NMP,8,XOD,BLY,LBZ,0.571
SP001313,SP004516,EUS,HHD,GLC,19,CRE,CTR,WSF,0.594
SP001313,SP004529,EUS,HHD,BHM,5,WFJ,XOE,KGL,0.161
SP001314,SP001868,NMP,CRE,CRE,5,ATH,PSW,XIM,0.385
SP001318,SP003060,QPW,KNT,WMB,6,WMB,NWB,,1.0
SP001318,SP003369,QPW,KNT,SBP,5,SBP,WMB,,1.0
SP001321,SP001386,QRB,WNR,SHP,5,TWI,WTN,STW,0.455
SP001321,SP001582,QRB,WNR,STW,5,TWI,WTN,STW,0.833
SP001321,SP003288,QRB,WNR,SNS,9,SNS,WRY,,1.0
SP001322,SP003745,LLE,PTA,CDF,9,PTA,,PYL,1.0
SP001325,SP002327,EUS,TRI,MKC,6,WFJ,HML,KGL,0.6
SP001325,SP002648,EUS,TRI,NMP,6,WFJ,HML,KGL,0.6
SP001325,SP004121,EUS,TRI,NMP,6,WFJ,HML,KGL,0.6
SP001325,SP004127,EUS,TRI,NMP,10,TRI,,XOD,1.0
SP001326,SP001909,CDF,BGN,MST,5,BGN,,WMI,1.0
SP001326,SP003203,CDF,BGN,CMN,5,BGN,,PYL,1.0
SP001326,SP003748,CDF,BGN,SWA,5,BGN,,PYL,1.0
SP001327,SP001329,EUS,TRI,TRI,5,WFJ,APS,KGL,0.5
SP001327,SP001343,EUS,TRI,NMP,5,WFJ,APS,XOE,0.5
SP001327,SP001346,EUS,TRI,CRE,5,WFJ,APS,XOE,0.5
SP001327,SP001451,EUS,TRI,BLY,5,WFJ,APS,HML,0.5
SP001327,SP001454,EUS,TRI,BLY,10,TRI,,XOD,1.0
SP001327,SP001807,EUS,TRI,GLC,5,WFJ,APS,XOE,0.5
SP001327,SP002179,EUS,TRI,GLC,5,WFJ,APS,XOE,0.5
SP001327,SP002202,EUS,TRI,WSL,5,WFJ,APS,XOE,0.5
SP001327,SP002261,EUS,TRI,NMP,5,WFJ,APS,KGL,0.5
SP001327,SP002647,EUS,TRI,MKC,5,WFJ,APS,KGL,0.5
SP001327,SP002655,EUS,TRI,SAA,5,WFJ,APS,WFN,0.5
SP001327,SP002872,EUS,TRI,CTR,5,WFJ,APS,XOE,0.5
SP001327,SP003031,EUS,TRI,MAN,5,WFJ,APS,XOE,0.5
SP001327,SP003036,EUS,TRI,BHM,5,WFJ,APS,XOE,0.5
SP001327,SP003114,EUS,TRI,LIV,5,WFJ,APS,XOE,0.5
SP001327,SP003191,EUS,TRI,BPN,5,WFJ,APS,XOE,0.5
SP001327,SP003207,EUS,TRI,LIV,5,WFJ,APS,XOE,0.5
SP001327,SP003300,EUS,TRI,WRX,5,WFJ,APS,XOE,0.5
SP001327,SP003360,EUS,TRI,EDB,5,WFJ,APS,XOE,0.5
SP001327,SP003475,EUS,TRI,WVH,5,WFJ,APS,XOE,0.5
SP001327,SP003568,EUS,TRI,WVH,5,WFJ,APS,XOE,0.5
SP001327,SP003958,EUS,TRI,INV,5,WFJ,APS,XOE,0.5
SP001327,SP004012,EUS,TRI,GLC,5,WFJ,APS,XOE,0.5
SP001327,SP004017,EUS,TRI,PRE,5,WFJ,APS,XOE,0.5
SP001327,SP004025,EUS,TRI,PRE,5,WFJ,APS,XOE,0.5
SP001327,SP004034,EUS,TRI,CRE,5,WFJ,APS,XOE,0.5
SP001327,SP004036,EUS,TRI,GLC,5,WFJ,APS,XOE,0.5
SP001327,SP004111,EUS,TRI,GLC,5,WFJ,APS,XOE,0.5
SP001327,SP004131,EUS,TRI,BHM,5,WFJ,APS,KGL,0.5
SP001327,SP004188,EUS,TRI,CRE,5,WFJ,APS,XOE,0.5
SP001327,SP004207,EUS,TRI,CRE,5,WFJ,APS,XOE,0.5
SP001327,SP004232,EUS,TRI,INV,5,WFJ,APS,XOE,0.5
SP001327,SP004384,EUS,TRI,WVH,5,WFJ,APS,XOE,0.5
SP001327,SP004399,EUS,TRI,GLC,5,WFJ,APS,XOE,0.5
SP001327,SP004433,EUS,TRI,NMP,5,WFJ,APS,XOE,0.5
SP001327,SP004516,EUS,TRI,GLC,5,WFJ,APS,XOE,0.5
SP001327,SP004529,EUS,TRI,BHM,5,WFJ,APS,KGL,0.5
SP001328,SP001873,NOT,LIV,LIV,13,HAZ,WSR,SPT,0.52
SP001329,SP001343,EUS,TRI,NMP,5,WFJ,KGL,XOE,0.5
SP001329,SP001346,EUS,TRI,CRE,5,WFJ,KGL,XOE,0.5
SP001329,SP001451,EUS,TRI,BLY,5,WFJ,KGL,HML,0.5
SP001329,SP001454,EUS,TRI,BLY,5,WFJ,KGL,APS,0.5
SP001329,SP001807,EUS,TRI,GLC,5,WFJ,KGL,XOE,0.5
SP001329,SP002179,EUS,TRI,GLC,5,WFJ,KGL,XOE,0.5
SP001329,SP002202,EUS,TRI,WSL,5,WFJ,KGL,XOE,0.5
SP001329,SP002261,EUS,TRI,NMP,10,TRI,,XOD,1.0
SP001329,SP002647,EUS,TRI,MKC,6,KGL,HML,APS,0.6
SP001329,SP002655,EUS,TRI,SAA,5,WFJ,KGL,WFN,0.5
SP001329,SP002872,EUS,TRI,CTR,5,WFJ,KGL,XOE,0.5
SP001329,SP003031,EUS,TRI,MAN,5,WFJ,KGL,XOE,0.5
SP001329,SP003036,EUS,TRI,BHM,5,WFJ,KGL,XOE,0.5
SP001329,SP003114,EUS,TRI,LIV,5,WFJ,KGL,XOE,0.5
SP001329,SP003191,EUS,TRI,BPN,5,WFJ,KGL,XOE,0.5
SP001329,SP003207,EUS,TRI,LIV,5,WFJ,KGL,XOE,0.5
SP001329,SP003300,EUS,TRI,WRX,5,WFJ,KGL,XOE,0.5
SP001329,SP003360,EUS,TRI,EDB,5,WFJ,KGL,XOE,0.5
SP001329,SP003475,EUS,TRI,WVH,5,WFJ,KGL,XOE,0.5
SP001329,SP003568,EUS,TRI,WVH,5,WFJ,KGL,XOE,0.5
SP001329,SP003958,EUS,TRI,INV,5,WFJ,KGL,XOE,0.5
SP001329,SP004012,EUS,TRI,GLC,5,WFJ,KGL,XOE,0.5
SP001329,SP004017,EUS,TRI,PRE,5,WFJ,KGL,XOE,0.5
SP001329,SP004025,EUS,TRI,PRE,5,WFJ,KGL,XOE,0.5
SP001329,SP004034,EUS,TRI,CRE,5,WFJ,KGL,XOE,0.5
SP001329,SP004036,EUS,TRI,GLC,5,WFJ,KGL,XOE,0.5
SP001329,SP004111,EUS,TRI,GLC,5,WFJ,KGL,XOE,0.5
SP001329,SP004131,EUS,TRI,BHM,6,KGL,HML,APS,0.6
SP001329,SP004188,EUS,TRI,CRE,5,WFJ,KGL,XOE,0.5
SP001329,SP004207,EUS,TRI,CRE,5,WFJ,KGL,XOE,0.5
SP001329,SP004232,EUS,TRI,INV,5,WFJ,KGL,XOE,0.5
SP001329,SP004384,EUS,TRI,WVH,5,WFJ,KGL,XOE,0.5
SP001329,SP004399,EUS,TRI,GLC,5,WFJ,KGL,XOE,0.5
SP001329,SP004433,EUS,TRI,NMP,5,WFJ,KGL,XOE,0.5
SP001329,SP004516,EUS,TRI,GLC,5,WFJ,KGL,XOE,0.5
SP001329,SP004529,EUS,TRI,BHM,6,KGL,HML,APS,0.6
SP001331,SP001965,ILK,LDS,BDQ,5,GSY,LDS,BLD,0.833
SP001332,SP001402,LST,NRW,CET,11,WTM,MKT,KEL,0.733
SP001332,SP001404,LST,NRW,BTR,8,SNF,CHM,INT,0.5
SP001332,SP001410,LST,NRW,SOV,8,SNF,CHM,BIC,0.5
SP001332,SP001416,LST,NRW,CLT,8,SNF,CHM,INT,0.444
SP001332,SP001433,LST,NRW,IPS,10,BPA,WTM,HAP,0.588
SP001332,SP001450,LST,NRW,SOV,6,IFD,GDP,RMF,0.353
SP001332,SP001702,LST,NRW,SOV,5,MYL,IFD,MNP,0.278
SP001332,SP002337,LST,NRW,SNF,5,MYL,IFD,FOG,0.312
SP001332,SP002388,LST,NRW,CET,10,BPA,WTM,HAP,0.625
SP001332,SP002507,LST,NRW,COL,5,MYL,IFD,MNP,0.278
SP001332,SP002519,LST,NRW,CLT,6,IFD,GDP,SVK,0.333
SP001332,SP002684,LST,NRW,SOV,5,MYL,IFD,MNP,0.278
SP001332,SP003126,LST,NRW,COL,5,MYL,IFD,FOG,0.294
SP001332,SP003205,LST,NRW,CLT,6,IFD,GDP,RMF,0.333
SP001332,SP003598,LST,NRW,GDP,5,MYL,IFD,FOG,0.385
SP001332,SP003738,LST,NRW,HWC,11,WTM,MKT,KEL,0.611
SP001332,SP003741,LST,NRW,HPQ,10,BPA,WTM,HAP,0.556
SP001332,SP003743,LST,NRW,HPQ,11,WTM,MKT,KEL,0.647
SP001332,SP003905,LST,NRW,WTM,8,SNF,CHM,INT,0.615
SP001332,SP003908,LST,NRW,WTM,8,SNF,CHM,INT,0.667
SP001332,SP003910,LST,NRW,BTR,10,BPA,WTM,HAP,0.625
SP001332,SP003922,LST,NRW,COL,10,BPA,WTM,HAP,0.667
SP001332,SP003923,LST,NRW,COL,8,SNF,CHM,INT,0.533
SP001332,SP003926,LST,NRW,COL,8,SNF,CHM,INT,0.5
SP001332,SP003947,LST,NRW,SMN,8,SNF,CHM,BIC,0.5
SP001332,SP003948,LST,NRW,SOV,5,MYL,IFD,MNP,0.278
SP001332,SP003999,LST,NRW,CLT,10,BPA,WTM,HAP,0.556
SP001332,SP004024,LST,NRW,CLT,13,COL,MNG,HYH,0.722
SP001332,SP004028,LST,NRW,CLT,11,WTM,MKT,KEL,0.611
SP001332,SP004029,LST,NRW,CLT,10,BPA,WTM,HAP,0.556
SP001332,SP004039,LST,NRW,CLT,8,SNF,CHM,INT,0.444
SP001332,SP004049,LST,NRW,IPS,8,SNF,CHM,INT,0.444
SP001332,SP004050,LST,NRW,IPS,11,WTM,MKT,KEL,0.688
SP001332,SP004053,LST,NRW,IPS,15,IPS,SMK,,1.0
SP001332,SP004153,LST,NRW,WTM,6,IFD,GDP,RMF,0.462
SP001333,SP002431,LWT,IPS,HPQ,12,IPS,,MIS,1.0
SP001336,SP001550,BTN,SEF,LWS,5,LWS,XRH,,1.0
SP001336,SP002809,BTN,SEF,HGS,6,XRH,NVN,GLY,0.6
SP001336,SP003550,BTN,SEF,HGS,6,XRH,NVN,GLY,0.6
SP001336,SP004552,BTN,SEF,HGS,6,XRH,NVN,BRK,0.6
SP001338,SP001811,PRE,CNE,BBN,8,BBN,RIS,,1.0
SP001339,SP002145,BHM,HFD,GMV,14,GMV,XMN,,1.0
SP001339,SP002146,BHM,HFD,HFD,10,DTW,WOF,WOS,0.556
SP001339,SP004090,BHM,HFD,WOF,11,WOF,XHK,,1.0
SP001341,SP001934,COV,EUS,EUS,5,XHN,WOL,MKC,0.333
SP001343,SP001346,EUS,NMP,CRE,11,XHN,NMP,XWZ,0.917
SP001343,SP001451,EUS,NMP,BLY,5,WFJ,XOE,HML,0.417
SP001343,SP001454,EUS,NMP,BLY,5,WFJ,XOE,APS,0.417
SP001343,SP001807,EUS,NMP,GLC,11,XHN,NMP,XWZ,0.917
SP001343,SP002179,EUS,NMP,GLC,10,MKC,XHN,WOL,0.833
SP001343,SP002202,EUS,NMP,WSL,8,XOD,BLY,LBZ,0.667
SP001343,SP002261,EUS,NMP,NMP,5,WFJ,XOE,KGL,0.417
SP001343,SP002647,EUS,NMP,MKC,5,WFJ,XOE,KGL,0.417
SP001343,SP002655,EUS,NMP,SAA,5,WFJ,XOE,WFN,0.455
SP001343,SP002872,EUS,NMP,CTR,11,XHN,NMP,XWZ,0.917
SP001343,SP003031,EUS,NMP,MAN,11,XHN,NMP,XWZ,0.917
SP001343,SP003036,EUS,NMP,BHM,8,XOD,BLY,LBZ,0.667
SP001343,SP003114,EUS,NMP,LIV,11,XHN,NMP,XWZ,0.917
SP001343,SP003191,EUS,NMP,BPN,11,XHN,NMP,XWZ,0.917
SP001343,SP003207,EUS,NMP,LIV,11,XHN,NMP,XWZ,0.917
SP001343,SP003300,EUS,NMP,WRX,11,XHN,NMP,XWZ,0.917
SP001343,SP003360,EUS,NMP,EDB,11,XHN,NMP,XWZ,0.917
SP001343,SP003475,EUS,NMP,WVH,12,NMP,,LBK,1.0
SP001343,SP003568,EUS,NMP,WVH,10,MKC,XHN,WOL,0.833
SP001343,SP003958,EUS,NMP,INV,11,XHN,NMP,XWZ,0.917
SP001343,SP004012,EUS,NMP,GLC,12,NMP,,LBK,1.0
SP001343,SP004017,EUS,NMP,PRE,11,XHN,NMP,XWZ,0.917
SP001343,SP004025,EUS,NMP,PRE,11,XHN,NMP,XWZ,0.917
SP001343,SP004034,EUS,NMP,CRE,11,XHN,NMP,XWZ,0.917
SP001343,SP004036,EUS,NMP,GLC,10,MKC,XHN,WOL,0.833
SP001343,SP004111,EUS,NMP,GLC,10,MKC,XHN,WOL,0.833
SP001343,SP004131,EUS,NMP,BHM,5,WFJ,XOE,KGL,0.417
SP001343,SP004188,EUS,NMP,CRE,11,XHN,NMP,XWZ,0.917
SP001343,SP004207,EUS,NMP,CRE,11,XHN,NMP,XWZ,0.917
SP001343,SP004232,EUS,NMP,INV,10,MKC,XHN,WOL,0.833
SP001343,SP004384,EUS,NMP,WVH,11,XHN,NMP,XWZ,0.917
SP001343,SP004399,EUS,NMP,GLC,11,XHN,NMP,XWZ,0.917
SP001343,SP004433,EUS,NMP,NMP,8,XOD,BLY,LBZ,0.667
SP001343,SP004516,EUS,NMP,GLC,11,XHN,NMP,XWZ,0.917
SP001343,SP004529,EUS,NMP,BHM,5,WFJ,XOE,KGL,0.417
SP001344,SP001363,BGN,CDF,RHY,11,CDF,,CDQ,1.0
SP001345,SP001853,NMP,EUS,EUS,8,TRI,XOE,BKM,0.571
SP001345,SP002339,NMP,EUS,EUS,8,TRI,XOE,BKM,0.571
SP001346,SP001451,EUS,CRE,BLY,5,WFJ,XOE,HML,0.417
SP001346,SP001454,EUS,CRE,BLY,5,WFJ,XOE,APS,0.385
SP001346,SP001807,EUS,CRE,GLC,14,NUN,ATH,XIM,0.609
SP001346,SP002179,EUS,CRE,GLC,10,MKC,XHN,WOL,0.435
SP001346,SP002202,EUS,CRE,WSL,8,XOD,BLY,LBZ,0.348
SP001346,SP002261,EUS,CRE,NMP,5,WFJ,XOE,KGL,0.294
SP001346,SP002647,EUS,CRE,MKC,5,WFJ,XOE,KGL,0.333
SP001346,SP002655,EUS,CRE,SAA,5,WFJ,XOE,WFN,0.455
SP001346,SP002872,EUS,CRE,CTR,14,NUN,ATH,XIM,0.7
SP001346,SP003031,EUS,CRE,MAN,14,NUN,ATH,XIM,0.609
SP001346,SP003036,EUS,CRE,BHM,8,XOD,BLY,LBZ,0.348
SP001346,SP003114,EUS,CRE,LIV,13,RUG,NUN,COV,0.565
SP001346,SP003191,EUS,CRE,BPN,14,NUN,ATH,XIM,0.609
SP001346,SP003207,EUS,CRE,LIV,14,NUN,ATH,XIM,0.609
SP001346,SP003300,EUS,CRE,WRX,14,NUN,ATH,XIM,0.667
SP001346,SP003360,EUS,CRE,EDB,13,RUG,NUN,COV,0.565
SP001346,SP003475,EUS,CRE,WVH,11,XHN,XWZ,NMP,0.478
SP001346,SP003568,EUS,CRE,WVH,10,MKC,XHN,WOL,0.435
SP001346,SP003958,EUS,CRE,INV,13,RUG,NUN,COV,0.565
SP001346,SP004012,EUS,CRE,GLC,11,XHN,XWZ,NMP,0.478
SP001346,SP004017,EUS,CRE,PRE,14,NUN,ATH,XIM,0.609
SP001346,SP004025,EUS,CRE,PRE,14,NUN,ATH,XIM,0.609
SP001346,SP004034,EUS,CRE,CRE,13,RUG,NUN,COV,0.565
SP001346,SP004036,EUS,CRE,GLC,10,MKC,XHN,WOL,0.435
SP001346,SP004111,EUS,CRE,GLC,10,MKC,XHN,WOL,0.435
SP001346,SP004131,EUS,CRE,BHM,5,WFJ,XOE,KGL,0.217
SP001346,SP004188,EUS,CRE,CRE,14,NUN,ATH,XIM,0.667
SP001346,SP004207,EUS,CRE,CRE,13,RUG,NUN,COV,0.565
SP001346,SP004232,EUS,CRE,INV,10,MKC,XHN,WOL,0.435
SP001346,SP004384,EUS,CRE,WVH,13,RUG,NUN,COV,0.565
SP001346,SP004399,EUS,CRE,GLC,14,NUN,ATH,XIM,0.609
SP001346,SP004433,EUS,CRE,NMP,8,XOD,BLY,LBZ,0.571
SP001346,SP004516,EUS,CRE,GLC,14,NUN,ATH,XIM,0.609
SP001346,SP004529,EUS,CRE,BHM,5,WFJ,XOE,KGL,0.217
SP001350,SP002517,MIA,MAN,YRK,7,MAN,,ADK,1.0
SP001350,SP003711,MIA,MAN,BPN,7,MAN,,MCO,1.0
SP001350,SP004118,MIA,MAN,LIV,7,MAN,,MCO,1.0
SP001350,SP004489,MIA,MAN,CLE,7,MAN,,LVM,1.0
SP001350,SP004503,MIA,MAN,BIF,7,MAN,,MCO,1.0
SP001350,SP004572,MIA,MAN,BPN,7,MAN,,MCO,1.0
SP001350,SP004585,MIA,MAN,SCA,7,MAN,,ADK,1.0
SP001351,SP001885,CRE,EUS,EUS,8,XIM,PSW,ATH,0.348
SP001351,SP003039,CRE,EUS,NMP,8,XIM,PSW,ATH,0.615
SP001351,SP003329,CRE,EUS,RUG,8,XIM,PSW,ATH,0.727
SP001354,SP001360,LIV,NRW,NOT,21,LGM,NOT,ILN,0.913
SP001354,SP001362,LIV,NRW,NRW,18,SHF,CHD,DRO,0.474
SP001354,SP001365,LIV,NRW,NOT,22,NOT,RDF,,1.0
SP001354,SP001366,LIV,NRW,NOT,18,SHF,CHD,DRO,0.75
SP001354,SP001875,LIV,NRW,CLE,5,HGN,WID,WAC,0.156
SP001354,SP002673,LIV,NRW,NOT,13,HAZ,EDL,CLY,0.542
SP001354,SP003089,LIV,NRW,WAC,5,HGN,WID,WAW,0.714
SP001354,SP003115,LIV,NRW,NOT,13,HAZ,EDL,CLY,0.52
SP001354,SP003496,LIV,NRW,SHF,5,HGN,WID,WAC,0.238
SP001354,SP003657,LIV,NRW,NCL,5,HGN,WID,WAC,0.132
SP001354,SP004143,LIV,NRW,NRW,13,HAZ,EDL,CLY,0.342
SP001354,SP004261,LIV,NRW,DON,5,HGN,WID,WAC,0.227
SP001354,SP004268,LIV,NRW,MIA,5,HGN,WID,WAC,0.357
SP001354,SP004269,LIV,NRW,NRW,21,LGM,NOT,ILN,0.553
SP001355,SP002729,DAR,MBR,SLB,6,MBR,,SBK,1.0
SP001355,SP004361,DAR,MBR,SLB,6,MBR,,RCC,1.0
SP001356,SP001367,QRB,RDZ,WKM,13,WKM,WNS,,1.0
SP001356,SP003184,QRB,RDZ,RDZ,13,WKM,WNS,EAR,0.867
SP001358,SP001889,WGC,KGX,KGX,10,AAP,HRN,FPK,0.769
SP001358,SP002055,WGC,KGX,MOG,10,AAP,HRN,HGY,0.667
SP001360,SP001362,LIV,NOT,NRW,18,SHF,CHD,DRO,0.783
SP001360,SP001365,LIV,NOT,NOT,21,LGM,ILN,NOT,0.955
SP001360,SP001366,LIV,NOT,NOT,18,SHF,CHD,DRO,0.783
SP001360,SP001875,LIV,NOT,CLE,5,HGN,WID,WAC,0.217
SP001360,SP002673,LIV,NOT,NOT,13,HAZ,EDL,CLY,0.565
SP001360,SP003089,LIV,NOT,WAC,5,HGN,WID,WAW,0.714
SP001360,SP003115,LIV,NOT,NOT,13,HAZ,EDL,CLY,0.565
SP001360,SP003496,LIV,NOT,SHF,5,HGN,WID,WAC,0.238
SP001360,SP003657,LIV,NOT,NCL,5,HGN,WID,WAC,0.217
SP001360,SP004143,LIV,NOT,NRW,13,HAZ,EDL,CLY,0.565
SP001360,SP004261,LIV,NOT,DON,5,HGN,WID,WAC,0.227
SP001360,SP004268,LIV,NOT,MIA,5,HGN,WID,WAC,0.357
SP001360,SP004269,LIV,NOT,NRW,23,NOT,,RDF,1.0
SP001361,SP001390,SNF,LST,PDX,13,SRA,XOW,WHX,0.812
SP001361,SP003272,SNF,LST,HWV,13,SRA,XOW,WHX,0.812
SP001361,SP003284,SNF,LST,HWV,13,SRA,XOW,WHX,0.812
SP001362,SP001365,LIV,NRW,NOT,18,SHF,DRO,CHD,0.818
SP001362,SP001366,LIV,NRW,NOT,22,LGM,NOT,ILN,0.917
SP001362,SP001875,LIV,NRW,CLE,5,HGN,WID,WAC,0.156
SP001362,SP002673,LIV,NRW,NOT,13,HAZ,EDL,CLY,0.542
SP001362,SP003089,LIV,NRW,WAC,5,HGN,WID,WAW,0.714
SP001362,SP003115,LIV,NRW,NOT,13,HAZ,EDL,CLY,0.52
SP001362,SP003496,LIV,NRW,SHF,5,HGN,WID,WAC,0.238
SP001362,SP003657,LIV,NRW,NCL,5,HGN,WID,WAC,0.128
SP001362,SP004143,LIV,NRW,NRW,13,HAZ,EDL,CLY,0.333
SP001362,SP004261,LIV,NRW,DON,5,HGN,WID,WAC,0.227
SP001362,SP004268,LIV,NRW,MIA,5,HGN,WID,WAC,0.357
SP001362,SP004269,LIV,NRW,NRW,18,SHF,DRO,CHD,0.462
SP001365,SP001366,LIV,NOT,NOT,18,SHF,CHD,DRO,0.818
SP001365,SP001875,LIV,NOT,CLE,5,HGN,WID,WAC,0.227
SP001365,SP002673,LIV,NOT,NOT,13,HAZ,EDL,CLY,0.591
SP001365,SP003089,LIV,NOT,WAC,5,HGN,WID,WAW,0.714
SP001365,SP003115,LIV,NOT,NOT,13,HAZ,EDL,CLY,0.591
SP001365,SP003496,LIV,NOT,SHF,5,HGN,WID,WAC,0.238
SP001365,SP003657,LIV,NOT,NCL,5,HGN,WID,WAC,0.227
SP001365,SP004143,LIV,NOT,NRW,13,HAZ,EDL,CLY,0.591
SP001365,SP004261,LIV,NOT,DON,5,HGN,WID,WAC,0.227
SP001365,SP004268,LIV,NOT,MIA,5,HGN,WID,WAC,0.357
SP001365,SP004269,LIV,NOT,NRW,21,LGM,NOT,ILN,0.955
SP001366,SP001875,LIV,NOT,CLE,5,HGN,WID,WAC,0.208
SP001366,SP002673,LIV,NOT,NOT,13,HAZ,EDL,CLY,0.542
SP001366,SP003089,LIV,NOT,WAC,5,HGN,WID,WAW,0.714
SP001366,SP003115,LIV,NOT,NOT,13,HAZ,EDL,CLY,0.542
SP001366,SP003496,LIV,NOT,SHF,5,HGN,WID,WAC,0.238
SP001366,SP003657,LIV,NOT,NCL,5,HGN,WID,WAC,0.208
SP001366,SP004143,LIV,NOT,NRW,13,HAZ,EDL,CLY,0.542
SP001366,SP004261,LIV,NOT,DON,5,HGN,WID,WAC,0.227
SP001366,SP004268,LIV,NOT,MIA,5,HGN,WID,WAC,0.357
SP001366,SP004269,LIV,NOT,NRW,18,SHF,DRO,CHD,0.75
SP001367,SP003184,QRB,WKM,RDZ,13,WKM,,EAR,1.0
SP001371,SP001957,EBB,CDF,CDF,8,PYE,CDF,NWP,0.889
SP001372,SP001381,XVJ,GLM,DVP,11,SAY,XOT,XWK,0.458
SP001372,SP001904,XVJ,GLM,FKW,11,SAY,XOT,XWK,0.407
SP001372,SP001905,XVJ,GLM,CBW,11,SAY,XOT,XWK,0.423
SP001372,SP002398,XVJ,GLM,FKW,16,AFK,WYE,XSI,0.889
SP001373,SP004600,RDZ,ACT,SNS,6,ACT,,SNG,1.0
SP001374,SP001376,EAD,GLD,GLD,11,EFF,LRD,HSY,0.846
SP001378,SP003708,MTH,DMR,DMR,16,HYN,ANL,JOR,0.727
SP001381,SP001904,XVJ,DVP,FKW,24,DVP,,FKE,1.0
SP001381,SP001905,XVJ,DVP,CBW,14,XRJ,RTR,GLM,0.583
SP001381,SP002398,XVJ,DVP,FKW,11,SAY,XWK,XOT,0.611
SP001382,SP003871,NEM,WEY,SAL,6,BSK,MIC,OVR,0.545
SP001382,SP003917,NEM,WEY,BMH,5,FLE,BSK,WNF,0.238
SP001384,SP002403,DVP,XVJ,XVJ,5,AFK,CHG,HCN,0.263
SP001385,SP002196,WVH,WSL,RGL,20,WSL,,BLX,1.0
SP001385,SP002230,WVH,WSL,EUS,5,SAD,XGQ,SGB,0.25
SP001385,SP003105,WVH,WSL,BHM,10,BHM,XOZ,,1.0
SP001385,SP003331,WVH,WSL,EUS,11,XOZ,DUD,SCF,0.55
SP001386,SP001582,QRB,SHP,STW,6,STW,FLW,,1.0
SP001386,SP003288,QRB,SHP,SNS,5,TWI,STW,WTN,0.556
SP001387,SP001741,QRB,SHP,KNG,10,STW,FLW,TED,0.769
SP001387,SP001761,QRB,SHP,HOU,9,TWI,STW,WTN,0.818
SP001387,SP003306,QRB,SHP,STW,10,STW,FLW,,1.0
SP001388,SP001552,SHP,QRB,EAD,5,FLW,STW,TED,0.417
SP001388,SP001584,SHP,QRB,QRB,9,RMD,NSH,BNS,0.818
SP001389,SP001742,NEM,PMH,PMS,19,PMS,PMH,,1.0
SP001389,SP001744,NEM,PMH,HSL,10,HSL,LIP,,1.0
SP001389,SP001849,NEM,PMH,SOU,16,BDH,HLS,CSA,0.8
SP001389,SP001850,NEM,PMH,FRM,15,HAV,BDH,CSA,0.833
SP001390,SP003272,SNF,PDX,HWV,19,PDX,,EAL,1.0
SP001390,SP003284,SNF,PDX,HWV,19,PDX,,AML,1.0
SP001392,SP001675,NEM,PMH,BSK,12,BSK,MIC,,1.0
SP001392,SP003528,NEM,PMH,SOU,17,ESL,HDE,SOA,0.81
SP001392,SP003544,NEM,PMH,PMH,14,WIN,SHW,XEW,0.583
SP001392,SP003928,NEM,PMH,BSK,5,BFN,WOK,WBY,0.385
SP001396,SP001397,BHM,NOT,NOT,5,XKI,WNE,TAH,0.357
SP001396,SP001398,BHM,NOT,NOT,12,SPO,LGE,XTR,0.857
SP001396,SP001399,BHM,NOT,NOT,9,BUT,WIL,DBY,0.692
SP001396,SP001735,BHM,NOT,NOT,9,BUT,WIL,DBY,0.6
SP001396,SP004096,BHM,NOT,NOT,5,XKI,WNE,TAH,0.385
SP001397,SP001398,BHM,NOT,NOT,5,XKI,TAH,WNE,0.357
SP001397,SP001399,BHM,NOT,NOT,5,XKI,TAH,WNE,0.385
SP001397,SP001735,BHM,NOT,NOT,5,XKI,TAH,WNE,0.357
SP001397,SP004096,BHM,NOT,NOT,8,BUT,DBY,WIL,0.615
SP001398,SP001399,BHM,NOT,NOT,9,BUT,WIL,DBY,0.692
SP001398,SP001735,BHM,NOT,NOT,9,BUT,WIL,DBY,0.643
SP001398,SP004096,BHM,NOT,NOT,5,XKI,WNE,TAH,0.385
SP001399,SP001735,BHM,NOT,NOT,11,SPO,XTR,LGE,0.846
SP001399,SP004096,BHM,NOT,NOT,5,XKI,WNE,TAH,0.385
SP001401,SP003088,BDT,YRK,HUL,7,HUL,BUH,,1.0
SP001401,SP003551,BDT,YRK,YRK,9,GBD,HOW,EGN,0.75
SP001401,SP003553,BDT,YRK,YRK,11,SBY,YRK,SIE,0.917
SP001401,SP003565,BDT,YRK,YRK,10,HOW,SBY,WRS,0.833
SP001401,SP004368,BDT,YRK,YRK,7,HUL,BUH,HES,0.583
SP001402,SP001404,LST,CET,BTR,8,SNF,CHM,INT,0.533
SP001402,SP001410,LST,CET,SOV,8,SNF,CHM,BIC,0.533
SP001402,SP001416,LST,CET,CLT,8,SNF,CHM,INT,0.533
SP001402,SP001433,LST,CET,IPS,10,BPA,WTM,HAP,0.667
SP001402,SP001450,LST,CET,SOV,6,IFD,GDP,RMF,0.4
SP001402,SP001702,LST,CET,SOV,5,MYL,IFD,MNP,0.333
SP001402,SP002337,LST,CET,SNF,5,MYL,IFD,FOG,0.333
SP001402,SP002388,LST,CET,CET,10,BPA,WTM,HAP,0.667
SP001402,SP002507,LST,CET,COL,5,MYL,IFD,MNP,0.333
SP001402,SP002519,LST,CET,CLT,6,IFD,GDP,SVK,0.4
SP001402,SP002684,LST,CET,SOV,5,MYL,IFD,MNP,0.333
SP001402,SP003126,LST,CET,COL,5,MYL,IFD,FOG,0.333
SP001402,SP003205,LST,CET,CLT,6,IFD,GDP,RMF,0.4
SP001402,SP003598,LST,CET,GDP,5,MYL,IFD,FOG,0.385
SP001402,SP003738,LST,CET,HWC,14,COL,CET,MNG,0.933
SP001402,SP003741,LST,CET,HPQ,10,BPA,WTM,HAP,0.667
SP001402,SP003743,LST,CET,HPQ,14,COL,CET,MNG,0.933
SP001402,SP003905,LST,CET,WTM,8,SNF,CHM,INT,0.615
SP001402,SP003908,LST,CET,WTM,8,SNF,CHM,INT,0.667
SP001402,SP003910,LST,CET,BTR,10,BPA,WTM,HAP,0.667
SP001402,SP003922,LST,CET,COL,10,BPA,WTM,HAP,0.667
SP001402,SP003923,LST,CET,COL,8,SNF,CHM,INT,0.533
SP001402,SP003926,LST,CET,COL,8,SNF,CHM,INT,0.533
SP001402,SP003947,LST,CET,SMN,8,SNF,CHM,BIC,0.533
SP001402,SP003948,LST,CET,SOV,5,MYL,IFD,MNP,0.333
SP001402,SP003999,LST,CET,CLT,10,BPA,WTM,HAP,0.667
SP001402,SP004024,LST,CET,CLT,11,WTM,KEL,MKT,0.733
SP001402,SP004028,LST,CET,CLT,14,COL,CET,HYH,0.933
SP001402,SP004029,LST,CET,CLT,10,BPA,WTM,HAP,0.667
SP001402,SP004039,LST,CET,CLT,8,SNF,CHM,INT,0.533
SP001402,SP004049,LST,CET,IPS,8,SNF,CHM,INT,0.533
SP001402,SP004050,LST,CET,IPS,14,COL,CET,MNG,0.933
SP001402,SP004053,LST,CET,IPS,11,WTM,KEL,MKT,0.733
SP001402,SP004153,LST,CET,WTM,6,IFD,GDP,RMF,0.462
SP001404,SP001410,LST,BTR,SOV,8,SNF,INT,BIC,0.5
SP001404,SP001416,LST,BTR,CLT,12,WTM,WNY,MKT,0.75
SP001404,SP001433,LST,BTR,IPS,8,SNF,INT,CHM,0.5
SP001404,SP001450,LST,BTR,SOV,6,IFD,GDP,RMF,0.375
SP001404,SP001702,LST,BTR,SOV,5,MYL,IFD,MNP,0.312
SP001404,SP002337,LST,BTR,SNF,5,MYL,IFD,FOG,0.312
SP001404,SP002388,LST,BTR,CET,8,SNF,INT,CHM,0.5
SP001404,SP002507,LST,BTR,COL,5,MYL,IFD,MNP,0.312
SP001404,SP002519,LST,BTR,CLT,6,IFD,GDP,SVK,0.375
SP001404,SP002684,LST,BTR,SOV,5,MYL,IFD,MNP,0.312
SP001404,SP003126,LST,BTR,COL,5,MYL,IFD,FOG,0.312
SP001404,SP003205,LST,BTR,CLT,6,IFD,GDP,RMF,0.375
SP001404,SP003598,LST,BTR,GDP,5,MYL,IFD,FOG,0.385
SP001404,SP003738,LST,BTR,HWC,8,SNF,INT,CHM,0.5
SP001404,SP003741,LST,BTR,HPQ,8,SNF,INT,CHM,0.5
SP001404,SP003743,LST,BTR,HPQ,8,SNF,INT,CHM,0.5
SP001404,SP003905,LST,BTR,WTM,11,BPA,WTM,HAP,0.846
SP001404,SP003908,LST,BTR,WTM,12,WTM,WNY,,1.0
SP001404,SP003910,LST,BTR,BTR,8,SNF,INT,CHM,0.5
SP001404,SP003922,LST,BTR,COL,8,SNF,INT,CHM,0.533
SP001404,SP003923,LST,BTR,COL,12,WTM,WNY,KEL,0.8
SP001404,SP003926,LST,BTR,COL,11,BPA,WTM,HAP,0.688
SP001404,SP003947,LST,BTR,SMN,8,SNF,INT,BIC,0.5
SP001404,SP003948,LST,BTR,SOV,5,MYL,IFD,MNP,0.312
SP001404,SP003999,LST,BTR,CLT,8,SNF,INT,CHM,0.5
SP001404,SP004024,LST,BTR,CLT,8,SNF,INT,CHM,0.5
SP001404,SP004028,LST,BTR,CLT,8,SNF,INT,CHM,0.5
SP001404,SP004029,LST,BTR,CLT,8,SNF,INT,CHM,0.5
SP001404,SP004039,LST,BTR,CLT,12,WTM,WNY,MKT,0.75
SP001404,SP004049,LST,BTR,IPS,11,BPA,WTM,HAP,0.688
SP001404,SP004050,LST,BTR,IPS,8,SNF,INT,CHM,0.5
SP001404,SP004053,LST,BTR,IPS,8,SNF,INT,CHM,0.533
SP001404,SP004153,LST,BTR,WTM,6,IFD,GDP,RMF,0.462
SP001405,SP001413,RDG,YRK,NCL,27,SHF,MEX,SWN,0.9
SP001405,SP003374,RDG,YRK,MAN,16,BHM,XOZ,XOS,0.533
SP001406,SP002391,CET,LST,LST,5,WTM,BPA,HAP,0.357
SP001406,SP002393,CET,LST,LST,7,CHM,SNF,INT,0.5
SP001406,SP002399,CET,LST,LST,5,WTM,BPA,HAP,0.357
SP001408,SP003321,BTR,LST,WTM,5,WTM,BPA,,1.0
SP001408,SP003880,BTR,LST,LST,5,WTM,BPA,HAP,0.333
SP001408,SP003888,BTR,LST,LST,5,WTM,BPA,HAP,0.333
SP001408,SP004156,BTR,LST,SNF,7,CHM,INT,SNF,0.875
SP001409,SP001512,WOK,EAD,NEM,9,NEM,RAY,,1.0
SP001410,SP001416,LST,SOV,CLT,8,SNF,BIC,INT,0.5
SP001410,SP001433,LST,SOV,IPS,8,SNF,BIC,CHM,0.5
SP001410,SP001450,LST,SOV,SOV,6,IFD,GDP,RMF,0.375
SP001410,SP001702,LST,SOV,SOV,5,MYL,IFD,MNP,0.312
SP001410,SP002337,LST,SOV,SNF,5,MYL,IFD,FOG,0.312
SP001410,SP002388,LST,SOV,CET,8,SNF,BIC,CHM,0.5
SP001410,SP002507,LST,SOV,COL,5,MYL,IFD,MNP,0.312
SP001410,SP002519,LST,SOV,CLT,6,IFD,GDP,SVK,0.375
SP001410,SP002684,LST,SOV,SOV,5,MYL,IFD,MNP,0.312
SP001410,SP003126,LST,SOV,COL,5,MYL,IFD,FOG,0.312
SP001410,SP003205,LST,SOV,CLT,6,IFD,GDP,RMF,0.375
SP001410,SP003598,LST,SOV,GDP,5,MYL,IFD,FOG,0.385
SP001410,SP003738,LST,SOV,HWC,8,SNF,BIC,CHM,0.5
SP001410,SP003741,LST,SOV,HPQ,8,SNF,BIC,CHM,0.5
SP001410,SP003743,LST,SOV,HPQ,8,SNF,BIC,CHM,0.5
SP001410,SP003905,LST,SOV,WTM,8,SNF,BIC,INT,0.615
SP001410,SP003908,LST,SOV,WTM,8,SNF,BIC,INT,0.667
SP001410,SP003910,LST,SOV,BTR,8,SNF,BIC,CHM,0.5
SP001410,SP003922,LST,SOV,COL,8,SNF,BIC,CHM,0.533
SP001410,SP003923,LST,SOV,COL,8,SNF,BIC,INT,0.533
SP001410,SP003926,LST,SOV,COL,8,SNF,BIC,INT,0.5
SP001410,SP003947,LST,SOV,SMN,10,WIC,RLG,BLB,0.625
SP001410,SP003948,LST,SOV,SOV,5,MYL,IFD,MNP,0.312
SP001410,SP003999,LST,SOV,CLT,8,SNF,BIC,CHM,0.5
SP001410,SP004024,LST,SOV,CLT,8,SNF,BIC,CHM,0.5
SP001410,SP004028,LST,SOV,CLT,8,SNF,BIC,CHM,0.5
SP001410,SP004029,LST,SOV,CLT,8,SNF,BIC,CHM,0.5
SP001410,SP004039,LST,SOV,CLT,8,SNF,BIC,INT,0.5
SP001410,SP004049,LST,SOV,IPS,8,SNF,BIC,INT,0.5
SP001410,SP004050,LST,SOV,IPS,8,SNF,BIC,CHM,0.5
SP001410,SP004053,LST,SOV,IPS,8,SNF,BIC,CHM,0.533
SP001410,SP004153,LST,SOV,WTM,6,IFD,GDP,RMF,0.462
SP001412,SP002268,WSL,BHM,EUS,5,XRA,PRY,XOS,0.455
SP001413,SP003374,RDG,NCL,MAN,16,BHM,XOZ,XOS,0.471
SP001415,SP004150,COL,LST,LST,9,SNF,GDP,BRE,0.529
SP001415,SP004561,COL,LST,LST,11,RMF,SVK,IFD,0.688
SP001416,SP001433,LST,CLT,IPS,8,SNF,INT,CHM,0.471
SP001416,SP001450,LST,CLT,SOV,6,IFD,GDP,RMF,0.353
SP001416,SP001702,LST,CLT,SOV,5,MYL,IFD,MNP,0.278
SP001416,SP002337,LST,CLT,SNF,5,MYL,IFD,FOG,0.312
SP001416,SP002388,LST,CLT,CET,8,SNF,INT,CHM,0.5
SP001416,SP002507,LST,CLT,COL,5,MYL,IFD,MNP,0.278
SP001416,SP002519,LST,CLT,CLT,6,IFD,GDP,SVK,0.333
SP001416,SP002684,LST,CLT,SOV,5,MYL,IFD,MNP,0.278
SP001416,SP003126,LST,CLT,COL,5,MYL,IFD,FOG,0.294
SP001416,SP003205,LST,CLT,CLT,6,IFD,GDP,RMF,0.333
SP001416,SP003598,LST,CLT,GDP,5,MYL,IFD,FOG,0.385
SP001416,SP003738,LST,CLT,HWC,8,SNF,INT,CHM,0.444
SP001416,SP003741,LST,CLT,HPQ,8,SNF,INT,CHM,0.444
SP001416,SP003743,LST,CLT,HPQ,8,SNF,INT,CHM,0.471
SP001416,SP003905,LST,CLT,WTM,11,BPA,WTM,HAP,0.846
SP001416,SP003908,LST,CLT,WTM,12,WTM,MKT,,1.0
SP001416,SP003910,LST,CLT,BTR,8,SNF,INT,CHM,0.5
SP001416,SP003922,LST,CLT,COL,8,SNF,INT,CHM,0.533
SP001416,SP003923,LST,CLT,COL,12,WTM,MKT,KEL,0.8
SP001416,SP003926,LST,CLT,COL,11,BPA,WTM,HAP,0.688
SP001416,SP003947,LST,CLT,SMN,8,SNF,INT,BIC,0.5
SP001416,SP003948,LST,CLT,SOV,5,MYL,IFD,MNP,0.278
SP001416,SP003999,LST,CLT,CLT,8,SNF,INT,CHM,0.444
SP001416,SP004024,LST,CLT,CLT,8,SNF,INT,CHM,0.444
SP001416,SP004028,LST,CLT,CLT,8,SNF,INT,CHM,0.444
SP001416,SP004029,LST,CLT,CLT,8,SNF,INT,CHM,0.444
SP001416,SP004039,LST,CLT,CLT,16,WIV,TLS,ALR,0.889
SP001416,SP004049,LST,CLT,IPS,11,BPA,WTM,HAP,0.611
SP001416,SP004050,LST,CLT,IPS,8,SNF,INT,CHM,0.5
SP001416,SP004053,LST,CLT,IPS,8,SNF,INT,CHM,0.533
SP001416,SP004153,LST,CLT,WTM,6,IFD,GDP,RMF,0.462
SP001417,SP001423,PLY,NCL,LDS,31,WTO,XKI,CEH,0.66
SP001417,SP001543,PLY,NCL,BHM,28,BHM,XOZ,,1.0
SP001417,SP001568,PLY,NCL,BHM,25,KNN,SLY,XIR,0.862
SP001417,SP001621,PLY,NCL,EDB,24,LOB,KNN,NFD,0.462
SP001417,SP001622,PLY,NCL,EDB,11,BWT,PSN,WSM,0.212
SP001417,SP001624,PLY,NCL,EDB,52,NCL,,MPT,1.0
SP001417,SP001626,PLY,NCL,ABD,17,CNM,ASC,XAY,0.327
SP001417,SP001627,PLY,NCL,GLC,52,NCL,,MPT,1.0
SP001417,SP002263,PLY,NCL,GCR,16,YAE,CNM,CDU,0.889
SP001417,SP002264,PLY,NCL,PAD,10,TAU,BWT,CLC,0.333
SP001417,SP002265,PLY,NCL,PAD,10,TAU,BWT,CLC,0.417
SP001417,SP003365,PLY,NCL,PAD,10,TAU,BWT,CLC,0.345
SP001417,SP003366,PLY,NCL,PAD,10,TAU,BWT,CLC,0.4
SP001417,SP003368,PLY,NCL,PAD,10,TAU,BWT,CLC,0.435
SP001417,SP003372,PLY,NCL,PAD,10,TAU,BWT,CLC,0.476
SP001417,SP003616,PLY,NCL,LDS,43,LDS,CRG,,1.0
SP001417,SP003651,PLY,NCL,PAD,10,TAU,BWT,CLC,0.455
SP001418,SP003920,SOU,PMS,PMH,15,PMS,,PMH,1.0
SP001420,SP001424,BLY,EUS,EUS,9,APS,KGL,WFJ,0.643
SP001420,SP001426,BLY,EUS,EUS,8,HML,APS,KGL,0.533
SP001422,SP003005,CLT,LST,COL,8,COL,MKT,,1.0
SP001422,SP004001,CLT,LST,LST,9,MKT,WTM,KEL,0.429
SP001422,SP004366,CLT,LST,LST,9,MKT,WTM,KEL,0.45
SP001423,SP001543,PLY,LDS,BHM,28,BHM,XOZ,,1.0
SP001423,SP001568,PLY,LDS,BHM,25,KNN,SLY,XIR,0.862
SP001423,SP001621,PLY,LDS,EDB,24,LOB,KNN,NFD,0.511
SP001423,SP001622,PLY,LDS,EDB,11,BWT,PSN,WSM,0.234
SP001423,SP001624,PLY,LDS,EDB,31,WTO,CEH,XKI,0.66
SP001423,SP001626,PLY,LDS,ABD,17,CNM,ASC,XAY,0.362
SP001423,SP001627,PLY,LDS,GLC,31,WTO,CEH,XKI,0.66
SP001423,SP002263,PLY,LDS,GCR,16,YAE,CNM,CDU,0.889
SP001423,SP002264,PLY,LDS,PAD,10,TAU,BWT,CLC,0.333
SP001423,SP002265,PLY,LDS,PAD,10,TAU,BWT,CLC,0.417
SP001423,SP003365,PLY,LDS,PAD,10,TAU,BWT,CLC,0.345
SP001423,SP003366,PLY,LDS,PAD,10,TAU,BWT,CLC,0.4
SP001423,SP003368,PLY,LDS,PAD,10,TAU,BWT,CLC,0.435
SP001423,SP003372,PLY,LDS,PAD,10,TAU,BWT,CLC,0.476
SP001423,SP003616,PLY,LDS,LDS,31,WTO,CEH,XKI,0.721
SP001423,SP003651,PLY,LDS,PAD,10,TAU,BWT,CLC,0.455
SP001424,SP001426,BLY,EUS,EUS,8,HML,APS,KGL,0.571
SP001425,SP004003,CLT,LST,LST,6,MKT,WTM,KEL,0.353
SP001425,SP004334,CLT,LST,LST,6,MKT,WTM,KEL,0.353
SP001425,SP004336,CLT,LST,LST,12,GDP,IFD,RMF,0.706
SP001425,SP004607,CLT,LST,LST,6,MKT,WTM,KEL,0.353
SP001427,SP001505,SOU,NCL,MAN,17,LMS,HTN,COV,0.386
SP001427,SP001530,SOU,NCL,MAN,17,LMS,HTN,COV,0.447
SP001429,SP001671,EDB,NCL,PLY,9,NCL,,DHM,1.0
SP001429,SP001674,EDB,NCL,CDF,9,NCL,,DHM,1.0
SP001429,SP001676,EDB,NCL,PLY,9,NCL,,DHM,1.0
SP001429,SP001680,EDB,NCL,BRI,9,NCL,,DHM,1.0
SP001429,SP001876,EDB,NCL,PNZ,9,NCL,,DHM,1.0
SP001429,SP001877,EDB,NCL,KGX,9,NCL,,DHM,1.0
SP001429,SP002344,EDB,NCL,KGX,9,NCL,,DHM,1.0
SP001429,SP002854,EDB,NCL,NCL,8,MPT,NCL,CRM,0.889
SP001429,SP002942,EDB,NCL,KGX,9,NCL,,DHM,1.0
SP001429,SP002958,EDB,NCL,KGX,9,NCL,,DHM,1.0
SP001429,SP003384,EDB,NCL,BRI,9,NCL,,DHM,1.0
SP001429,SP003476,EDB,NCL,KGX,9,NCL,,DHM,1.0
SP001429,SP004602,EDB,NCL,KGX,9,NCL,,DHM,1.0
SP001430,SP003976,WTE,BSW,KID,7,XOH,SMA,BMO,0.7
SP001430,SP003978,WTE,BSW,KID,10,BSW,,JEQ,1.0
SP001430,SP003988,WTE,BSW,KID,10,BSW,,JEQ,1.0
SP001431,SP001463,NOT,BHM,BHM,12,XKI,WTO,XQW,0.75
SP001431,SP001635,NOT,BHM,CDF,7,DBY,BUT,WIL,0.438
SP001431,SP002095,NOT,BHM,CRE,7,DBY,BUT,TUT,0.438
SP001431,SP002243,NOT,BHM,DBY,7,DBY,BUT,,1.0
SP001431,SP002607,NOT,BHM,CRE,7,DBY,BUT,PEA,0.438
SP001433,SP001450,LST,IPS,SOV,6,IFD,GDP,RMF,0.353
SP001433,SP001702,LST,IPS,SOV,5,MYL,IFD,MNP,0.294
SP001433,SP002337,LST,IPS,SNF,5,MYL,IFD,FOG,0.312
SP001433,SP002388,LST,IPS,CET,15,COL,MNG,CET,0.938
SP001433,SP002507,LST,IPS,COL,5,MYL,IFD,MNP,0.294
SP001433,SP002519,LST,IPS,CLT,6,IFD,GDP,SVK,0.353
SP001433,SP002684,LST,IPS,SOV,5,MYL,IFD,MNP,0.294
SP001433,SP003126,LST,IPS,COL,5,MYL,IFD,FOG,0.294
SP001433,SP003205,LST,IPS,CLT,6,IFD,GDP,RMF,0.353
SP001433,SP003598,LST,IPS,GDP,5,MYL,IFD,FOG,0.385
SP001433,SP003738,LST,IPS,HWC,10,BPA,HAP,WTM,0.588
SP001433,SP003741,LST,IPS,HPQ,16,MNG,IPS,MIS,0.941
SP001433,SP003743,LST,IPS,HPQ,10,BPA,HAP,WTM,0.588
SP001433,SP003905,LST,IPS,WTM,8,SNF,CHM,INT,0.615
SP001433,SP003908,LST,IPS,WTM,8,SNF,CHM,INT,0.667
SP001433,SP003910,LST,IPS,BTR,12,WTM,KEL,WNY,0.75
SP001433,SP003922,LST,IPS,COL,15,COL,MNG,,1.0
SP001433,SP003923,LST,IPS,COL,8,SNF,CHM,INT,0.533
SP001433,SP003926,LST,IPS,COL,8,SNF,CHM,INT,0.5
SP001433,SP003947,LST,IPS,SMN,8,SNF,CHM,BIC,0.5
SP001433,SP003948,LST,IPS,SOV,5,MYL,IFD,MNP,0.294
SP001433,SP003999,LST,IPS,CLT,15,COL,MNG,HYH,0.882
SP001433,SP004024,LST,IPS,CLT,10,BPA,HAP,WTM,0.588
SP001433,SP004028,LST,IPS,CLT,10,BPA,HAP,WTM,0.588
SP001433,SP004029,LST,IPS,CLT,12,WTM,KEL,MKT,0.706
SP001433,SP004039,LST,IPS,CLT,8,SNF,CHM,INT,0.471
SP001433,SP004049,LST,IPS,IPS,8,SNF,CHM,INT,0.471
SP001433,SP004050,LST,IPS,IPS,10,BPA,HAP,WTM,0.625
SP001433,SP004053,LST,IPS,IPS,10,BPA,HAP,WTM,0.667
SP001433,SP004153,LST,IPS,WTM,6,IFD,GDP,RMF,0.462
SP001434,SP001462,NOT,BHM,BHM,6,DBY,BUT,WIL,0.4
SP001434,SP001645,NOT,BHM,GCR,9,TAH,WNE,XKI,0.6
SP001434,SP002628,NOT,BHM,MAT,6,DBY,BUT,DFI,0.429
SP001434,SP003251,NOT,BHM,CRE,6,DBY,BUT,PEA,0.4
SP001434,SP003381,NOT,BHM,CDF,9,TAH,WNE,XKI,0.6
SP001436,SP001444,NOT,BHM,BHM,8,TAH,WNE,XKI,0.615
SP001438,SP004046,IPS,LST,LST,8,SNF,GDP,BRE,0.571
SP001438,SP004048,IPS,LST,LST,5,WTM,BPA,HAP,0.357
SP001440,SP002004,DDG,BSW,WOS,9,BSW,,JEQ,1.0
SP001440,SP004100,DDG,BSW,WOF,7,XOH,BMO,SMA,0.778
SP001440,SP004108,DDG,BSW,WOF,7,XOH,BMO,SMA,0.778
SP001440,SP004113,DDG,BSW,WOF,9,BSW,,JEQ,1.0
SP001441,SP004060,IPS,LST,LST,6,WTM,HAP,BPA,0.4
SP001448,SP001461,WOF,BSW,DDG,8,SBJ,LYE,CRA,0.444
SP001448,SP001466,WOF,BSW,DDG,6,BKD,HAG,SBJ,0.333
SP001448,SP001476,WOF,BSW,SAV,8,SBJ,LYE,CRA,0.444
SP001448,SP001480,WOF,BSW,SAV,8,SBJ,LYE,CRA,0.444
SP001448,SP002759,WOF,BSW,LMS,8,SBJ,LYE,CRA,0.444
SP001449,SP002329,TAU,SVB,CDF,13,SRD,MTP,FIT,0.684
SP001449,SP003402,TAU,SVB,PAD,9,PSN,BMT,BRI,0.429
SP001450,SP001702,LST,SOV,SOV,5,MYL,IFD,MNP,0.294
SP001450,SP002337,LST,SOV,SNF,5,MYL,IFD,FOG,0.312
SP001450,SP002388,LST,SOV,CET,6,IFD,RMF,GDP,0.375
SP001450,SP002507,LST,SOV,COL,5,MYL,IFD,MNP,0.294
SP001450,SP002519,LST,SOV,CLT,6,IFD,RMF,SVK,0.353
SP001450,SP002684,LST,SOV,SOV,5,MYL,IFD,MNP,0.294
SP001450,SP003126,LST,SOV,COL,5,MYL,IFD,FOG,0.294
SP001450,SP003205,LST,SOV,CLT,9,SNF,BIC,INT,0.529
SP001450,SP003598,LST,SOV,GDP,5,MYL,IFD,FOG,0.385
SP001450,SP003738,LST,SOV,HWC,6,IFD,RMF,GDP,0.353
SP001450,SP003741,LST,SOV,HPQ,6,IFD,RMF,GDP,0.353
SP001450,SP003743,LST,SOV,HPQ,6,IFD,RMF,GDP,0.353
SP001450,SP003905,LST,SOV,WTM,6,IFD,RMF,GDP,0.462
SP001450,SP003908,LST,SOV,WTM,6,IFD,RMF,GDP,0.5
SP001450,SP003910,LST,SOV,BTR,6,IFD,RMF,GDP,0.375
SP001450,SP003922,LST,SOV,COL,6,IFD,RMF,GDP,0.4
SP001450,SP003923,LST,SOV,COL,6,IFD,RMF,GDP,0.4
SP001450,SP003926,LST,SOV,COL,6,IFD,RMF,GDP,0.375
SP001450,SP003947,LST,SOV,SMN,6,IFD,RMF,GDP,0.375
SP001450,SP003948,LST,SOV,SOV,5,MYL,IFD,MNP,0.294
SP001450,SP003999,LST,SOV,CLT,6,IFD,RMF,GDP,0.353
SP001450,SP004024,LST,SOV,CLT,6,IFD,RMF,GDP,0.353
SP001450,SP004028,LST,SOV,CLT,6,IFD,RMF,GDP,0.353
SP001450,SP004029,LST,SOV,CLT,6,IFD,RMF,GDP,0.353
SP001450,SP004039,LST,SOV,CLT,6,IFD,RMF,GDP,0.353
SP001450,SP004049,LST,SOV,IPS,6,IFD,RMF,GDP,0.353
SP001450,SP004050,LST,SOV,IPS,6,IFD,RMF,GDP,0.375
SP001450,SP004053,LST,SOV,IPS,6,IFD,RMF,GDP,0.4
SP001450,SP004153,LST,SOV,WTM,9,SNF,BIC,INT,0.692
SP001451,SP001454,EUS,BLY,BLY,5,WFJ,HML,APS,0.417
SP001451,SP001807,EUS,BLY,GLC,5,WFJ,HML,XOE,0.417
SP001451,SP002179,EUS,BLY,GLC,5,WFJ,HML,XOE,0.417
SP001451,SP002202,EUS,BLY,WSL,5,WFJ,HML,XOE,0.417
SP001451,SP002261,EUS,BLY,NMP,5,WFJ,HML,KGL,0.417
SP001451,SP002647,EUS,BLY,MKC,5,WFJ,HML,KGL,0.417
SP001451,SP002655,EUS,BLY,SAA,5,WFJ,HML,WFN,0.455
SP001451,SP002872,EUS,BLY,CTR,5,WFJ,HML,XOE,0.417
SP001451,SP003031,EUS,BLY,MAN,5,WFJ,HML,XOE,0.417
SP001451,SP003036,EUS,BLY,BHM,5,WFJ,HML,XOE,0.417
SP001451,SP003114,EUS,BLY,LIV,5,WFJ,HML,XOE,0.417
SP001451,SP003191,EUS,BLY,BPN,5,WFJ,HML,XOE,0.417
SP001451,SP003207,EUS,BLY,LIV,5,WFJ,HML,XOE,0.417
SP001451,SP003300,EUS,BLY,WRX,5,WFJ,HML,XOE,0.417
SP001451,SP003360,EUS,BLY,EDB,5,WFJ,HML,XOE,0.417
SP001451,SP003475,EUS,BLY,WVH,5,WFJ,HML,XOE,0.417
SP001451,SP003568,EUS,BLY,WVH,5,WFJ,HML,XOE,0.417
SP001451,SP003958,EUS,BLY,INV,5,WFJ,HML,XOE,0.417
SP001451,SP004012,EUS,BLY,GLC,5,WFJ,HML,XOE,0.417
SP001451,SP004017,EUS,BLY,PRE,5,WFJ,HML,XOE,0.417
SP001451,SP004025,EUS,BLY,PRE,5,WFJ,HML,XOE,0.417
SP001451,SP004034,EUS,BLY,CRE,5,WFJ,HML,XOE,0.417
SP001451,SP004036,EUS,BLY,GLC,5,WFJ,HML,XOE,0.417
SP001451,SP004111,EUS,BLY,GLC,5,WFJ,HML,XOE,0.417
SP001451,SP004131,EUS,BLY,BHM,5,WFJ,HML,KGL,0.417
SP001451,SP004188,EUS,BLY,CRE,5,WFJ,HML,XOE,0.417
SP001451,SP004207,EUS,BLY,CRE,5,WFJ,HML,XOE,0.417
SP001451,SP004232,EUS,BLY,INV,5,WFJ,HML,XOE,0.417
SP001451,SP004384,EUS,BLY,WVH,5,WFJ,HML,XOE,0.417
SP001451,SP004399,EUS,BLY,GLC,5,WFJ,HML,XOE,0.417
SP001451,SP004433,EUS,BLY,NMP,5,WFJ,HML,XOE,0.417
SP001451,SP004516,EUS,BLY,GLC,5,WFJ,HML,XOE,0.417
SP001451,SP004529,EUS,BLY,BHM,5,WFJ,HML,KGL,0.417
SP001452,SP002223,CTR,MAN,MIA,7,NLW,MCO,ECC,0.778
SP001452,SP002787,CTR,MAN,MIA,7,NLW,MCO,ECC,0.778
SP001453,SP002414,SOV,LST,LST,10,GDP,RMF,IFD,0.667
SP001453,SP002538,SOV,LST,LST,9,SNF,GDP,BRE,0.562
SP001453,SP002869,SOV,LST,LST,9,SNF,GDP,BRE,0.562
SP001453,SP003954,SOV,LST,LST,11,RMF,IFD,GMY,0.688
SP001453,SP003955,SOV,LST,LST,11,RMF,IFD,CTH,0.688
SP001454,SP001807,EUS,BLY,GLC,5,WFJ,APS,XOE,0.385
SP001454,SP002179,EUS,BLY,GLC,5,WFJ,APS,XOE,0.385
SP001454,SP002202,EUS,BLY,WSL,5,WFJ,APS,XOE,0.385
SP001454,SP002261,EUS,BLY,NMP,5,WFJ,APS,KGL,0.385
SP001454,SP002647,EUS,BLY,MKC,5,WFJ,APS,KGL,0.385
SP001454,SP002655,EUS,BLY,SAA,5,WFJ,APS,WFN,0.455
SP001454,SP002872,EUS,BLY,CTR,5,WFJ,APS,XOE,0.385
SP001454,SP003031,EUS,BLY,MAN,5,WFJ,APS,XOE,0.385
SP001454,SP003036,EUS,BLY,BHM,5,WFJ,APS,XOE,0.385
SP001454,SP003114,EUS,BLY,LIV,5,WFJ,APS,XOE,0.385
SP001454,SP003191,EUS,BLY,BPN,5,WFJ,APS,XOE,0.385
SP001454,SP003207,EUS,BLY,LIV,5,WFJ,APS,XOE,0.385
SP001454,SP003300,EUS,BLY,WRX,5,WFJ,APS,XOE,0.385
SP001454,SP003360,EUS,BLY,EDB,5,WFJ,APS,XOE,0.385
SP001454,SP003475,EUS,BLY,WVH,5,WFJ,APS,XOE,0.385
SP001454,SP003568,EUS,BLY,WVH,5,WFJ,APS,XOE,0.385
SP001454,SP003958,EUS,BLY,INV,5,WFJ,APS,XOE,0.385
SP001454,SP004012,EUS,BLY,GLC,5,WFJ,APS,XOE,0.385
SP001454,SP004017,EUS,BLY,PRE,5,WFJ,APS,XOE,0.385
SP001454,SP004025,EUS,BLY,PRE,5,WFJ,APS,XOE,0.385
SP001454,SP004034,EUS,BLY,CRE,5,WFJ,APS,XOE,0.385
SP001454,SP004036,EUS,BLY,GLC,5,WFJ,APS,XOE,0.385
SP001454,SP004111,EUS,BLY,GLC,5,WFJ,APS,XOE,0.385
SP001454,SP004131,EUS,BLY,BHM,5,WFJ,APS,KGL,0.385
SP001454,SP004188,EUS,BLY,CRE,5,WFJ,APS,XOE,0.385
SP001454,SP004207,EUS,BLY,CRE,5,WFJ,APS,XOE,0.385
SP001454,SP004232,EUS,BLY,INV,5,WFJ,APS,XOE,0.385
SP001454,SP004384,EUS,BLY,WVH,5,WFJ,APS,XOE,0.385
SP001454,SP004399,EUS,BLY,GLC,5,WFJ,APS,XOE,0.385
SP001454,SP004433,EUS,BLY,NMP,5,WFJ,APS,XOE,0.385
SP001454,SP004516,EUS,BLY,GLC,5,WFJ,APS,XOE,0.385
SP001454,SP004529,EUS,BLY,BHM,5,WFJ,APS,KGL,0.385
SP001457,SP001460,WOS,DDG,DDG,7,SBJ,LYE,CRA,0.318
SP001457,SP001464,WOS,DDG,DDG,7,SBJ,LYE,CRA,0.304
SP001457,SP001474,WOS,DDG,SAV,7,SBJ,LYE,CRA,0.28
SP001457,SP002773,WOS,DDG,LMS,18,BMO,XOH,SMA,0.72
SP001458,SP001483,WOF,DDG,SAV,15,BMO,XOH,SMA,0.682
SP001458,SP002610,WOF,DDG,SAV,7,SBJ,CRA,LYE,0.318
SP001459,SP001666,MAN,BHM,PGN,16,BHM,,XOZ,1.0
SP001459,SP001669,MAN,BHM,PGN,16,BHM,,XOZ,1.0
SP001459,SP001672,MAN,BHM,BRI,16,BHM,,XOZ,1.0
SP001459,SP001774,MAN,BHM,RDG,16,BHM,,XOZ,1.0
SP001459,SP003253,MAN,BHM,EUS,8,SNE,STA,XCO,0.5
SP001459,SP003266,MAN,BHM,EUS,13,DDP,XGJ,SAD,0.812
SP001459,SP003377,MAN,BHM,SOU,16,BHM,,XOZ,1.0
SP001459,SP004023,MAN,BHM,EUS,8,SNE,STA,XCO,0.5
SP001460,SP001464,WOS,DDG,DDG,15,BMO,XOH,SMA,0.682
SP001460,SP001474,WOS,DDG,SAV,15,BMO,XOH,SMA,0.682
SP001460,SP002773,WOS,DDG,LMS,7,SBJ,CRA,LYE,0.318
SP001461,SP001466,WOF,DDG,DDG,6,BKD,HAG,SBJ,0.25
SP001461,SP001476,WOF,DDG,SAV,24,DDG,,LPW,1.0
SP001461,SP001480,WOF,DDG,SAV,24,DDG,,LPW,1.0
SP001461,SP002759,WOF,DDG,LMS,24,DDG,,LPW,1.0
SP001462,SP001645,NOT,BHM,GCR,6,DBY,WIL,BUT,0.375
SP001462,SP002628,NOT,BHM,MAT,6,DBY,WIL,DFI,0.429
SP001462,SP003251,NOT,BHM,CRE,6,DBY,WIL,PEA,0.4
SP001462,SP003381,NOT,BHM,CDF,6,DBY,WIL,BUT,0.375
SP001463,SP001635,NOT,BHM,CDF,7,DBY,BUT,WIL,0.389
SP001463,SP002095,NOT,BHM,CRE,7,DBY,BUT,TUT,0.438
SP001463,SP002243,NOT,BHM,DBY,7,DBY,BUT,,1.0
SP001463,SP002607,NOT,BHM,CRE,7,DBY,BUT,PEA,0.412
SP001464,SP001474,WOS,DDG,SAV,23,DDG,,LPW,1.0
SP001464,SP002773,WOS,DDG,LMS,7,SBJ,CRA,LYE,0.304
SP001465,SP001467,BHM,MAN,MAN,8,STA,SNE,CRE,0.5
SP001465,SP002239,BHM,MAN,SHR,5,WVH,XBJ,BBK,0.312
SP001465,SP003786,BHM,MAN,HHD,8,STA,SNE,CRE,0.5
SP001466,SP001476,WOF,DDG,SAV,6,BKD,SBJ,HAG,0.231
SP001466,SP001480,WOF,DDG,SAV,6,BKD,SBJ,HAG,0.231
SP001466,SP002759,WOF,DDG,LMS,6,BKD,SBJ,HAG,0.231
SP001467,SP002239,BHM,MAN,SHR,5,WVH,XBJ,BBK,0.312
SP001467,SP003786,BHM,MAN,HHD,9,CRE,SDB,CTR,0.562
SP001468,SP001470,BHM,LEI,LEI,9,NBR,LEI,SWS,0.9
SP001468,SP001477,BHM,LEI,SSD,8,HNK,NBR,LEI,0.8
SP001468,SP001485,BHM,LEI,SSD,9,NBR,LEI,SWS,0.9
SP001468,SP001508,BHM,LEI,CBG,10,LEI,,MMO,1.0
SP001468,SP001520,BHM,LEI,CBG,8,HNK,NBR,LEI,0.8
SP001468,SP004104,BHM,LEI,LEI,8,HNK,NBR,SWS,0.8
SP001470,SP001477,BHM,LEI,SSD,8,HNK,NBR,LEI,0.727
SP001470,SP001485,BHM,LEI,SSD,11,LEI,,MMO,1.0
SP001470,SP001508,BHM,LEI,CBG,9,NBR,SWS,LEI,0.818
SP001470,SP001520,BHM,LEI,CBG,8,HNK,NBR,LEI,0.727
SP001470,SP004104,BHM,LEI,LEI,8,HNK,NBR,SWS,0.8
SP001472,SP003660,ELY,KGX,KGX,8,RYS,BDK,AWM,0.421
SP001472,SP003929,ELY,KGX,LST,6,XSP,FXN,WLF,0.316
SP001472,SP003935,ELY,KGX,LST,6,XSP,FXN,WLF,0.316
SP001472,SP004171,ELY,KGX,LST,6,XSP,FXN,SED,0.316
SP001472,SP004176,ELY,KGX,LST,6,XSP,FXN,SED,0.316
SP001472,SP004210,ELY,KGX,LST,6,XSP,FXN,SED,0.316
SP001472,SP004278,ELY,KGX,LST,6,XSP,FXN,WLF,0.316
SP001474,SP002773,WOS,SAV,LMS,7,SBJ,CRA,LYE,0.269
SP001475,SP001567,SRS,BAK,WFJ,5,BAL,WSW,IMW,0.714
SP001476,SP001480,WOF,SAV,SAV,25,LPW,STY,CLV,0.926
SP001476,SP002759,WOF,SAV,LMS,25,LPW,STY,HTN,0.926
SP001477,SP001485,BHM,SSD,SSD,8,HNK,LEI,NBR,0.308
SP001477,SP001508,BHM,SSD,CBG,8,HNK,LEI,NBR,0.348
SP001477,SP001520,BHM,SSD,CBG,22,CBG,CMS,,1.0
SP001477,SP004104,BHM,SSD,LEI,8,HNK,LEI,SWS,0.8
SP001478,SP003118,GLD,EAD,EAD,10,NEM,RAY,EAD,0.909
SP001480,SP002759,WOF,SAV,LMS,25,LPW,CLV,HTN,0.862
SP001482,SP001715,RGL,WVH,BHI,10,TAB,HSD,XRA,0.526
SP001482,SP001717,RGL,WVH,BHI,10,TAB,HSD,XRA,0.556
SP001482,SP002234,RGL,WVH,BHM,10,TAB,HSD,XRA,0.769
SP001482,SP004051,RGL,WVH,BHM,18,BHM,XOS,,1.0
SP001483,SP002610,WOF,SAV,SAV,7,SBJ,CRA,LYE,0.269
SP001485,SP001508,BHM,SSD,CBG,9,NBR,SWS,LEI,0.391
SP001485,SP001520,BHM,SSD,CBG,8,HNK,NBR,LEI,0.364
SP001485,SP004104,BHM,SSD,LEI,8,HNK,NBR,SWS,0.8
SP001490,SP001634,BFR,SEV,ORP,15,XLY,XMU,XPE,0.833
SP001493,SP003534,GLD,EAD,RAY,12,RAY,EAD,,1.0
SP001493,SP004601,GLD,EAD,RAY,5,EFF,CSD,BKA,0.385
SP001493,SP004603,GLD,EAD,EAD,11,NEM,RAY,EAD,0.917
SP001494,SP001536,CRE,CDF,SHR,8,SHR,CTT,,1.0
SP001494,SP002856,CRE,CDF,MFH,18,CDF,,PYC,1.0
SP001494,SP003269,CRE,CDF,BHI,8,SHR,CTT,XSY,0.444
SP001494,SP003356,CRE,CDF,MFH,6,WEM,YRT,SHR,0.333
SP001495,SP003355,SWA,CDF,PAD,5,PTA,PYL,BGN,0.5
SP001495,SP003462,SWA,CDF,PAD,5,PTA,PYL,BGN,0.5
SP001495,SP003464,SWA,CDF,PAD,5,PTA,PYL,BGN,0.5
SP001499,SP001501,PBO,HRH,HRH,10,WGC,HAT,PBR,0.25
SP001499,SP001504,PBO,HRH,HRH,8,SVG,XGN,KBW,0.2
SP001499,SP002023,PBO,HRH,HRH,10,WGC,HAT,PBR,0.256
SP001499,SP002028,PBO,HRH,HRH,8,SVG,XGN,KBW,0.2
SP001499,SP002033,PBO,HRH,HRH,8,SVG,XGN,KBW,0.2
SP001499,SP003303,PBO,HRH,KGX,8,SVG,XGN,HFN,0.421
SP001499,SP003549,PBO,HRH,KGX,8,SVG,XGN,HFN,0.533
SP001499,SP003599,PBO,HRH,KGX,8,SVG,XGN,HFN,0.5
SP001499,SP003991,PBO,HRH,HRH,10,WGC,HAT,PBR,0.286
SP001499,SP003992,PBO,HRH,HRH,10,WGC,HAT,PBR,0.27
SP001499,SP003994,PBO,HRH,KGX,10,WGC,HAT,PBR,0.667
SP001499,SP003996,PBO,HRH,KGX,12,PBR,AAP,NBA,0.706
SP001499,SP004155,PBO,HRH,HRH,10,WGC,HAT,PBR,0.263
SP001499,SP004339,PBO,HRH,HRH,10,WGC,HAT,PBR,0.27
SP001499,SP004341,PBO,HRH,HRH,10,WGC,HAT,PBR,0.263
SP001501,SP001504,PBO,HRH,HRH,8,SVG,XGN,KBW,0.2
SP001501,SP002023,PBO,HRH,HRH,37,IFI,FGT,LVN,0.949
SP001501,SP002028,PBO,HRH,HRH,8,SVG,XGN,KBW,0.2
SP001501,SP002033,PBO,HRH,HRH,8,SVG,XGN,KBW,0.2
SP001501,SP003303,PBO,HRH,KGX,8,SVG,XGN,HFN,0.421
SP001501,SP003549,PBO,HRH,KGX,8,SVG,XGN,HFN,0.533
SP001501,SP003599,PBO,HRH,KGX,8,SVG,XGN,HFN,0.5
SP001501,SP003991,PBO,HRH,HRH,24,ECR,SCY,PUR,0.686
SP001501,SP003992,PBO,HRH,HRH,24,ECR,SCY,PUR,0.649
SP001501,SP003994,PBO,HRH,KGX,14,XKB,SPL,KGX,0.933
SP001501,SP003996,PBO,HRH,KGX,10,WGC,PBR,HAT,0.588
SP001501,SP004155,PBO,HRH,HRH,31,ELD,SAF,HOR,0.816
SP001501,SP004339,PBO,HRH,HRH,27,XJS,CDS,RDH,0.73
SP001501,SP004341,PBO,HRH,HRH,24,ECR,SCY,PUR,0.632
SP001504,SP002023,PBO,HRH,HRH,8,SVG,KBW,XGN,0.205
SP001504,SP002028,PBO,HRH,HRH,29,CDS,RDH,MHM,0.725
SP001504,SP002033,PBO,HRH,HRH,29,CDS,RDH,MHM,0.725
SP001504,SP003303,PBO,HRH,KGX,8,SVG,KBW,HFN,0.421
SP001504,SP003549,PBO,HRH,KGX,8,SVG,KBW,HFN,0.533
SP001504,SP003599,PBO,HRH,KGX,8,SVG,KBW,HFN,0.5
SP001504,SP003991,PBO,HRH,HRH,8,SVG,KBW,XGN,0.229
SP001504,SP003992,PBO,HRH,HRH,8,SVG,KBW,XGN,0.216
SP001504,SP003994,PBO,HRH,KGX,8,SVG,KBW,XGN,0.533
SP001504,SP003996,PBO,HRH,KGX,8,SVG,KBW,XGN,0.471
SP001504,SP004155,PBO,HRH,HRH,8,SVG,KBW,XGN,0.211
SP001504,SP004339,PBO,HRH,HRH,8,SVG,KBW,XGN,0.216
SP001504,SP004341,PBO,HRH,HRH,8,SVG,KBW,XGN,0.211
SP001505,SP001530,SOU,MAN,MAN,18,COV,CNL,BKW,0.474
SP001508,SP001520,BHM,CBG,CBG,8,HNK,NBR,LEI,0.364
SP001508,SP004104,BHM,CBG,LEI,8,HNK,NBR,SWS,0.8
SP001510,SP001611,SUO,BDM,SAC,11,BFR,ZFD,CTK,0.478
SP001510,SP001782,SUO,BDM,XSU,7,TUH,HNH,NDL,0.583
SP001510,SP003019,SUO,BDM,BDM,11,BFR,ZFD,CTK,0.407
SP001510,SP004414,SUO,BDM,BAL,5,MTC,STE,BAL,0.833
SP001511,SP001514,RDZ,GTW,GTW,9,ASH,GLD,WAN,0.429
SP001511,SP002281,RDZ,GTW,GTW,15,DPD,BTO,REI,0.75
SP001511,SP002293,RDZ,GTW,GTW,9,ASH,GLD,WAN,0.429
SP001511,SP003413,RDZ,GTW,SFR,11,SFR,CHL,,1.0
SP001514,SP002281,RDZ,GTW,GTW,9,ASH,WAN,GLD,0.45
SP001514,SP002293,RDZ,GTW,GTW,16,DPD,REI,BTO,0.762
SP001514,SP003413,RDZ,GTW,SFR,9,ASH,WAN,GLD,0.818
SP001515,SP001517,NEM,GLD,GLD,9,WOK,GLD,WPL,0.9
SP001515,SP003527,NEM,GLD,AHT,9,WOK,GLD,AHV,0.9
SP001516,SP001553,GTW,RDZ,RDG,14,NCM,BAW,FNN,0.778
SP001516,SP002319,GTW,RDZ,RDZ,14,NCM,BAW,FNN,0.778
SP001516,SP002330,GTW,RDZ,RDZ,14,NCM,BAW,FNN,0.778
SP001516,SP002353,GTW,RDZ,RDG,17,EAR,RDZ,RDG,0.944
SP001516,SP002355,GTW,RDZ,RDG,12,GLD,ASH,WAN,0.667
SP001516,SP003728,GTW,RDZ,RDZ,12,GLD,ASH,WAN,0.667
SP001517,SP003527,NEM,GLD,AHT,9,WOK,WPL,AHV,0.818
SP001520,SP004104,BHM,CBG,LEI,8,HNK,LEI,SWS,0.8
SP001525,SP001528,STR,AYR,KMK,5,AYR,,NOA,1.0
SP001526,SP003482,CDF,NOT,GCR,7,GCR,CNM,,1.0
SP001526,SP004105,CDF,NOT,NOT,23,WTO,XKI,CEH,0.697
SP001533,SP001546,BRI,MAN,MAN,12,KNN,XIR,SLY,0.4
SP001533,SP001559,BRI,MAN,BHM,16,BHM,XOS,,1.0
SP001533,SP002930,BRI,MAN,BHM,12,KNN,XIR,SLY,0.8
SP001533,SP003965,BRI,MAN,EDB,12,KNN,XIR,SLY,0.387
SP001536,SP002856,CRE,SHR,MFH,8,SHR,,CTT,1.0
SP001536,SP003269,CRE,SHR,BHI,8,SHR,,XSY,1.0
SP001536,SP003356,CRE,SHR,MFH,6,WEM,YRT,SHR,0.75
SP001537,SP001953,MAN,CRE,MAC,5,CHU,HTH,BML,0.5
SP001537,SP002636,MAN,CRE,ALD,8,ALD,CEL,,1.0
SP001537,SP003145,MAN,CRE,FGH,13,CRE,,NAN,1.0
SP001539,SP002212,CRE,LIV,LIV,6,ALE,EDG,MSH,0.75
SP001541,SP001777,LIV,MCV,MCV,14,ECC,MCV,SFD,0.933
SP001541,SP003754,LIV,MCV,WGN,12,NLW,PAT,WGN,0.923
SP001541,SP004459,LIV,MCV,MCV,12,NLW,PAT,ECC,0.8
SP001542,SP001556,PGN,MAN,MAN,11,BWT,PSN,WSM,0.262
SP001542,SP002411,PGN,MAN,EXD,7,DWW,EXD,SCS,0.636
SP001542,SP002570,PGN,MAN,BRI,7,DWW,EXD,SCS,0.467
SP001542,SP003285,PGN,MAN,EXD,7,DWW,EXD,EXT,0.778
SP001542,SP003415,PGN,MAN,PAD,10,TAU,BWT,CLC,0.435
SP001542,SP003513,PGN,MAN,CDF,7,DWW,EXD,SCS,0.269
SP001542,SP004093,PGN,MAN,BRI,13,BRI,FIT,,1.0
SP001542,SP004167,PGN,MAN,PAD,10,TAU,BWT,CLC,0.455
SP001543,SP001568,PLY,BHM,BHM,25,KNN,SLY,XIR,0.893
SP001543,SP001621,PLY,BHM,EDB,24,LOB,KNN,NFD,0.857
SP001543,SP001622,PLY,BHM,EDB,11,BWT,PSN,WSM,0.393
SP001543,SP001624,PLY,BHM,EDB,28,BHM,,XOZ,1.0
SP001543,SP001626,PLY,BHM,ABD,17,CNM,ASC,XAY,0.607
SP001543,SP001627,PLY,BHM,GLC,28,BHM,,XOZ,1.0
SP001543,SP002263,PLY,BHM,GCR,16,YAE,CNM,CDU,0.889
SP001543,SP002264,PLY,BHM,PAD,10,TAU,BWT,CLC,0.357
SP001543,SP002265,PLY,BHM,PAD,10,TAU,BWT,CLC,0.417
SP001543,SP003365,PLY,BHM,PAD,10,TAU,BWT,CLC,0.357
SP001543,SP003366,PLY,BHM,PAD,10,TAU,BWT,CLC,0.4
SP001543,SP003368,PLY,BHM,PAD,10,TAU,BWT,CLC,0.435
SP001543,SP003372,PLY,BHM,PAD,10,TAU,BWT,CLC,0.476
SP001543,SP003616,PLY,BHM,LDS,28,BHM,,XOZ,1.0
SP001543,SP003651,PLY,BHM,PAD,10,TAU,BWT,CLC,0.455
SP001546,SP001559,BRI,MAN,BHM,12,KNN,SLY,XIR,0.75
SP001546,SP002930,BRI,MAN,BHM,15,BHM,XOS,,1.0
SP001546,SP003965,BRI,MAN,EDB,15,BHM,XOS,XOZ,0.5
SP001547,SP001551,RAY,SHP,SHP,8,HMP,SUU,KMP,0.727
SP001547,SP003731,RAY,SHP,STW,6,TED,FLW,STW,0.857
SP001550,SP002809,BTN,LWS,HGS,5,LWS,,XRH,1.0
SP001550,SP003550,BTN,LWS,HGS,5,LWS,,XRH,1.0
SP001550,SP004552,BTN,LWS,HGS,5,LWS,,XRH,1.0
SP001551,SP003731,RAY,SHP,STW,6,TED,FLW,STW,0.857
SP001552,SP001584,SHP,EAD,QRB,5,FLW,TED,STW,0.455
SP001553,SP002319,GTW,RDG,RDZ,20,EAR,RDG,RDZ,0.952
SP001553,SP002330,GTW,RDG,RDZ,16,BAW,SND,WKM,0.842
SP001553,SP002353,GTW,RDG,RDG,14,NCM,FNN,BAW,0.778
SP001553,SP002355,GTW,RDG,RDG,12,GLD,ASH,WAN,0.571
SP001553,SP003728,GTW,RDG,RDZ,12,GLD,ASH,WAN,0.571
SP001554,SP001555,SHP,EAD,RAY,12,RAY,EAD,,1.0
SP001556,SP002411,PGN,MAN,EXD,7,DWW,EXD,SCS,0.636
SP001556,SP002570,PGN,MAN,BRI,7,DWW,EXD,SCS,0.467
SP001556,SP003285,PGN,MAN,EXD,7,DWW,EXD,EXT,0.778
SP001556,SP003415,PGN,MAN,PAD,10,TAU,BWT,CLC,0.435
SP001556,SP003513,PGN,MAN,CDF,7,DWW,EXD,SCS,0.269
SP001556,SP004093,PGN,MAN,BRI,11,BWT,WSM,PSN,0.846
SP001556,SP004167,PGN,MAN,PAD,10,TAU,BWT,CLC,0.455
SP001558,SP001569,CDF,NOT,BHM,19,BHM,XOZ,,1.0
SP001558,SP001625,CDF,NOT,EDB,27,DBY,SPO,XAJ,0.844
SP001558,SP003418,CDF,NOT,NOT,23,XKI,TAH,WNE,0.719
SP001558,SP004107,CDF,NOT,NOT,23,XKI,TAH,WNE,0.719
SP001559,SP002930,BRI,BHM,BHM,12,KNN,XIR,SLY,0.8
SP001559,SP003965,BRI,BHM,EDB,12,KNN,XIR,SLY,0.75
SP001560,SP001954,EAD,SHP,TWI,7,TED,FLW,STW,0.778
SP001560,SP003262,EAD,SHP,STW,7,TED,FLW,STW,0.875
SP001561,SP002978,MAN,RCC,YRK,7,HUD,WKK,MIR,0.412
SP001561,SP003048,MAN,RCC,NCL,10,LDS,CRG,XES,0.5
SP001561,SP003058,MAN,RCC,HUL,7,HUD,WKK,DEW,0.412
SP001561,SP003072,MAN,RCC,SLB,7,HUD,WKK,DEW,0.318
SP001561,SP003075,MAN,RCC,YRK,7,HUD,WKK,MIR,0.467
SP001561,SP003134,MAN,RCC,NCL,7,HUD,WKK,DEW,0.35
SP001561,SP003279,MAN,RCC,YRK,10,LDS,CRG,XES,0.714
SP001561,SP003960,MAN,RCC,YRK,7,HUD,WKK,DEW,0.5
SP001561,SP004138,MAN,RCC,DAR,7,HUD,WKK,DEW,0.412
SP001562,SP001657,NCL,BHM,RDG,16,TAH,XKI,WNE,0.762
SP001562,SP001659,NCL,BHM,RDG,8,MEX,SWN,SHF,0.381
SP001562,SP001667,NCL,BHM,PLY,6,YRK,DON,CHF,0.286
SP001562,SP001683,NCL,BHM,RDG,21,BHM,,XOZ,1.0
SP001562,SP001878,NCL,BHM,RDG,21,BHM,,XOZ,1.0
SP001562,SP004589,NCL,BHM,KGX,7,DON,MEX,RET,0.333
SP001563,SP001991,NCL,MAN,MAN,11,LDS,COT,MLY,0.55
SP001563,SP003042,NCL,MAN,LIV,8,CHF,CFD,MIK,0.276
SP001563,SP003146,NCL,MAN,LIV,8,CHF,CFD,MIK,0.276
SP001563,SP003157,NCL,MAN,YRK,7,YRK,CHF,,1.0
SP001564,SP003873,YRK,SHF,SHF,6,MRP,THC,SWN,0.6
SP001565,SP003243,GLM,XVJ,XVJ,17,BGM,NHD,CFT,0.85
SP001565,SP003281,GLM,XVJ,BFR,8,XWK,FNR,SAY,0.4
SP001565,SP004531,GLM,XVJ,CST,12,XMU,XLY,CIT,0.6
SP001565,SP004536,GLM,XVJ,CST,5,SOR,MEP,XWK,0.312
SP001568,SP001621,PLY,BHM,EDB,24,LOB,KNN,NFD,0.828
SP001568,SP001622,PLY,BHM,EDB,11,BWT,PSN,WSM,0.379
SP001568,SP001624,PLY,BHM,EDB,25,KNN,XIR,SLY,0.862
SP001568,SP001626,PLY,BHM,ABD,17,CNM,ASC,XAY,0.586
SP001568,SP001627,PLY,BHM,GLC,25,KNN,XIR,SLY,0.862
SP001568,SP002263,PLY,BHM,GCR,16,YAE,CNM,CDU,0.889
SP001568,SP002264,PLY,BHM,PAD,10,TAU,BWT,CLC,0.345
SP001568,SP002265,PLY,BHM,PAD,10,TAU,BWT,CLC,0.417
SP001568,SP003365,PLY,BHM,PAD,10,TAU,BWT,CLC,0.345
SP001568,SP003366,PLY,BHM,PAD,10,TAU,BWT,CLC,0.4
SP001568,SP003368,PLY,BHM,PAD,10,TAU,BWT,CLC,0.435
SP001568,SP003372,PLY,BHM,PAD,10,TAU,BWT,CLC,0.476
SP001568,SP003616,PLY,BHM,LDS,25,KNN,XIR,SLY,0.862
SP001568,SP003651,PLY,BHM,PAD,10,TAU,BWT,CLC,0.455
SP001569,SP001625,CDF,BHM,EDB,19,BHM,,XOZ,1.0
SP001569,SP003418,CDF,BHM,NOT,19,BHM,,XOZ,1.0
SP001569,SP004107,CDF,BHM,NOT,19,BHM,,XOZ,1.0
SP001570,SP001581,AFK,EBN,EBN,5,WSE,DLH,TOK,0.294
SP001570,SP002682,AFK,EBN,HGS,9,HGS,SLQ,,1.0
SP001570,SP003121,AFK,EBN,HGS,5,WSE,DLH,TOK,0.625
SP001571,SP002521,SUO,BAK,SRS,7,SRS,TTH,,1.0
SP001571,SP002535,SUO,BAK,XSU,10,SRC,BAL,STE,0.769
SP001572,SP001575,XSU,SRS,BIK,6,TUH,STE,WNW,0.6
SP001572,SP001579,XSU,SRS,ECR,11,SRS,,ECR,1.0
SP001572,SP001597,XSU,SRS,SUO,7,STE,SRC,MTC,0.636
SP001574,SP002112,BAK,DKG,EPS,8,CHE,EPS,EWE,0.8
SP001574,SP002531,BAK,DKG,HRH,8,CHE,EPS,EWE,0.667
SP001574,SP002582,BAK,DKG,EPS,9,EPS,AHD,,1.0
SP001574,SP003032,BAK,DKG,HRH,11,LHD,DKG,BXW,0.917
SP001574,SP003290,BAK,DKG,DKG,8,CHE,EPS,EWE,0.667
SP001575,SP001579,XSU,BIK,ECR,6,TUH,WNW,STE,0.6
SP001575,SP001597,XSU,BIK,SUO,6,TUH,WNW,STE,0.6
SP001576,SP002412,CBG,BHM,NRW,5,XYE,MNE,BND,0.5
SP001576,SP002732,CBG,BHM,NRW,5,XYE,MNE,BND,0.417
SP001576,SP002868,CBG,BHM,KLN,5,XYE,MNE,LTP,0.556
SP001576,SP004311,CBG,BHM,NRW,5,XYE,MNE,SPP,0.357
SP001576,SP004312,CBG,BHM,NRW,5,XYE,MNE,BND,0.455
SP001577,SP001704,SSD,BHM,CBG,5,CBG,CMB,,1.0
SP001578,SP001655,ABD,KGX,PLY,11,LDY,KDY,MNC,0.234
SP001578,SP002068,ABD,KGX,EDB,14,INK,HYM,NQU,0.7
SP001578,SP003116,ABD,KGX,DON,30,DON,RET,,1.0
SP001579,SP001597,XSU,ECR,SUO,7,STE,SRC,MTC,0.583
SP001581,SP002682,AFK,EBN,HGS,5,WSE,TOK,DLH,0.556
SP001581,SP003121,AFK,EBN,HGS,8,HGS,SLQ,,1.0
SP001582,SP003288,QRB,STW,SNS,5,TWI,STW,WTN,0.833
SP001590,SP001663,HMC,EAD,RAY,5,RAY,EAD,,1.0
SP001591,SP003470,CMN,MAN,PAD,6,LLE,PTA,SWA,0.222
SP001591,SP003474,CMN,MAN,BPW,6,LLE,PTA,SWA,0.333
SP001591,SP003744,CMN,MAN,CDF,6,LLE,PTA,GWN,0.3
SP001592,SP001792,LIV,EUS,EUS,10,XCO,XOI,RGL,0.357
SP001592,SP002081,LIV,EUS,BHM,6,ACB,WSF,HTF,0.333
SP001592,SP003111,LIV,EUS,EUS,6,ACB,WSF,HTF,0.222
SP001592,SP004026,LIV,EUS,CRE,6,ACB,WSF,HTF,0.667
SP001593,SP002302,HUL,KGX,LDS,5,SBY,DON,MIK,0.556
SP001593,SP002641,HUL,KGX,SBY,5,SBY,DON,,1.0
SP001593,SP003869,HUL,KGX,MAN,5,SBY,DON,CFD,0.294
SP001593,SP003980,HUL,KGX,HFX,5,SBY,DON,SOM,0.312
SP001593,SP004117,HUL,KGX,LDS,5,SBY,DON,SOM,0.455
SP001593,SP004465,HUL,KGX,HFX,5,SBY,DON,SOM,0.357
SP001594,SP001727,KGX,HUL,CBG,9,HIT,BIW,LET,0.529
SP001594,SP001880,KGX,HUL,BEV,24,HUL,,CGM,1.0
SP001594,SP002020,KGX,HUL,PBO,9,HIT,BIW,ARL,0.562
SP001594,SP002363,KGX,HUL,LET,5,PBR,WGC,HAT,0.385
SP001594,SP002914,KGX,HUL,KLN,9,HIT,BIW,LET,0.375
SP001594,SP002953,KGX,HUL,EDB,19,DON,SBY,THI,0.792
SP001594,SP003540,KGX,HUL,GLQ,19,DON,SBY,THI,0.792
SP001594,SP003600,KGX,HUL,CBG,9,HIT,BIW,LET,0.474
SP001594,SP003669,KGX,HUL,INV,19,DON,SBY,YRK,0.792
SP001595,SP002578,LIT,BTN,XSU,7,WRH,EWR,LAC,0.438
SP001595,SP003029,LIT,BTN,BAL,10,SSE,SWK,PLD,0.625
SP001599,SP002016,MAN,BMH,BMH,5,CEL,GTR,SDB,0.111
SP001599,SP002070,MAN,BMH,EUS,5,CEL,GTR,SDB,0.147
SP001603,SP001606,BTN,BAL,BDM,10,GTW,SAF,ELD,0.455
SP001603,SP001614,BTN,BAL,BDM,10,GTW,SAF,ELD,0.455
SP001603,SP001618,BTN,BAL,BDM,10,GTW,SAF,ELD,0.455
SP001603,SP001620,BTN,BAL,BDM,10,GTW,SAF,ELD,0.455
SP001603,SP001819,BTN,BAL,CBG,10,GTW,SAF,HOR,0.455
SP001603,SP002175,BTN,BAL,BDM,10,GTW,SAF,HOR,0.455
SP001603,SP002177,BTN,BAL,CBG,5,XKM,WVF,HHE,0.227
SP001603,SP002221,BTN,BAL,BDM,10,GTW,SAF,HOR,0.455
SP001603,SP002242,BTN,BAL,CBG,10,GTW,SAF,ELD,0.455
SP001603,SP002246,BTN,BAL,BDM,10,GTW,SAF,ELD,0.455
SP001603,SP002474,BTN,BAL,BDM,10,GTW,SAF,HOR,0.455
SP001603,SP002724,BTN,BAL,BAL,5,XKM,WVF,HHE,0.357
SP001603,SP002841,BTN,BAL,BDM,10,GTW,SAF,HOR,0.455
SP001603,SP003141,BTN,BAL,BDM,10,GTW,SAF,HOR,0.455
SP001603,SP003395,BTN,BAL,BDM,10,GTW,SAF,ELD,0.455
SP001603,SP003399,BTN,BAL,BDM,10,GTW,SAF,ELD,0.455
SP001603,SP003546,BTN,BAL,BAL,5,XKM,WVF,HHE,0.357
SP001603,SP003588,BTN,BAL,BDM,10,GTW,SAF,HOR,0.455
SP001603,SP003809,BTN,BAL,WSW,22,BAL,,WSW,1.0
SP001603,SP003989,BTN,BAL,BAK,5,XKM,WVF,HHE,0.278
SP001603,SP004194,BTN,BAL,BDM,10,GTW,SAF,HOR,0.455
SP001603,SP004487,BTN,BAL,BDM,10,GTW,SAF,ELD,0.455
SP001603,SP004582,BTN,BAL,BDM,12,ELD,XJS,RDH,0.545
SP001604,SP001783,BTN,CCH,WWO,11,WWO,DUR,,1.0
SP001604,SP001936,BTN,CCH,BOG,18,BAA,CCH,BOG,0.947
SP001604,SP002015,BTN,CCH,LIT,16,LIT,FOD,,1.0
SP001604,SP003094,BTN,CCH,SOU,15,XXA,LIT,FOD,0.789
SP001604,SP003127,BTN,CCH,PMS,15,XXA,LIT,FOD,0.789
SP001604,SP003307,BTN,CCH,HAV,11,WWO,DUR,ANG,0.579
SP001604,SP004227,BTN,CCH,CCH,15,XXA,LIT,FOD,0.833
SP001604,SP004230,BTN,CCH,CCH,11,WWO,DUR,ANG,0.688
SP001605,SP002317,KGX,PBO,NCL,23,PBO,,GRA,1.0
SP001605,SP002335,KGX,PBO,LDS,5,AAP,NSG,BOP,0.217
SP001605,SP002940,KGX,PBO,EDB,23,PBO,,GRA,1.0
SP001605,SP003855,KGX,PBO,ABD,23,PBO,,GRA,1.0
SP001605,SP003859,KGX,PBO,LDS,23,PBO,,GRA,1.0
SP001606,SP001614,BTN,BDM,BDM,20,BFR,ZFD,CTK,0.588
SP001606,SP001618,BTN,BDM,BDM,20,BFR,ZFD,CTK,0.606
SP001606,SP001620,BTN,BDM,BDM,20,BFR,ZFD,CTK,0.588
SP001606,SP001819,BTN,BDM,CBG,10,GTW,ELD,HOR,0.294
SP001606,SP002175,BTN,BDM,BDM,10,GTW,ELD,HOR,0.294
SP001606,SP002177,BTN,BDM,CBG,5,XKM,WVF,HHE,0.147
SP001606,SP002221,BTN,BDM,BDM,10,GTW,ELD,HOR,0.294
SP001606,SP002242,BTN,BDM,CBG,20,BFR,ZFD,CTK,0.588
SP001606,SP002246,BTN,BDM,BDM,20,BFR,ZFD,CTK,0.606
SP001606,SP002474,BTN,BDM,BDM,10,GTW,ELD,HOR,0.294
SP001606,SP002724,BTN,BDM,BAL,5,XKM,WVF,HHE,0.357
SP001606,SP002841,BTN,BDM,BDM,10,GTW,ELD,HOR,0.294
SP001606,SP003141,BTN,BDM,BDM,10,GTW,ELD,HOR,0.294
SP001606,SP003395,BTN,BDM,BDM,11,ELD,XJS,RDH,0.324
SP001606,SP003399,BTN,BDM,BDM,11,ELD,XJS,RDH,0.324
SP001606,SP003546,BTN,BDM,BAL,5,XKM,WVF,HHE,0.357
SP001606,SP003588,BTN,BDM,BDM,10,GTW,ELD,HOR,0.294
SP001606,SP003809,BTN,BDM,WSW,10,GTW,ELD,SAF,0.435
SP001606,SP003989,BTN,BDM,BAK,5,XKM,WVF,HHE,0.278
SP001606,SP004194,BTN,BDM,BDM,10,GTW,ELD,HOR,0.294
SP001606,SP004487,BTN,BDM,BDM,11,ELD,XJS,RDH,0.324
SP001606,SP004582,BTN,BDM,BDM,10,GTW,ELD,SAF,0.294
SP001607,SP002159,CBG,BTN,BTN,34,BUG,HSK,PRP,0.944
SP001607,SP003587,CBG,BTN,KGX,10,SVG,XGN,HFN,0.588
SP001607,SP004008,CBG,BTN,KGX,16,XKB,SPL,KGX,0.941
SP001607,SP004481,CBG,BTN,BTN,29,ELD,GTW,SAF,0.784
SP001609,SP002857,MAN,BMH,MFH,8,CRE,STA,NAN,0.195
SP001609,SP002858,MAN,BMH,CDF,8,CRE,STA,NAN,0.381
SP001609,SP003485,MAN,BMH,CDF,8,CRE,STA,NAN,0.333
SP001609,SP003488,MAN,BMH,CDF,8,CRE,STA,NAN,0.32
SP001609,SP003492,MAN,BMH,CRE,8,CRE,STA,,1.0
SP001609,SP003590,MAN,BMH,FGH,8,CRE,STA,NAN,0.195
SP001609,SP003617,MAN,BMH,CDF,8,CRE,STA,NAN,0.364
SP001609,SP003676,MAN,BMH,CDF,8,CRE,STA,NAN,0.348
SP001609,SP003678,MAN,BMH,FGH,8,CRE,STA,NAN,0.2
SP001609,SP003686,MAN,BMH,PMD,8,CRE,STA,NAN,0.19
SP001609,SP003692,MAN,BMH,CMN,8,CRE,STA,NAN,0.195
SP001609,SP004209,MAN,BMH,SHR,8,CRE,STA,NAN,0.533
SP001609,SP004565,MAN,BMH,MFH,8,CRE,STA,NAN,0.19
SP001610,SP001630,KTN,ORP,SUO,7,LGJ,DMK,HNH,0.467
SP001610,SP002743,KTN,ORP,GLM,5,BFR,EPH,XMK,0.227
SP001610,SP002746,KTN,ORP,RAI,5,BFR,EPH,XMK,0.227
SP001611,SP001782,SUO,SAC,XSU,7,TUH,HNH,NDL,0.583
SP001611,SP003019,SUO,SAC,BDM,23,SAC,,HPD,1.0
SP001611,SP004414,SUO,SAC,BAL,5,MTC,STE,BAL,0.833
SP001612,SP001686,BDM,BTN,RAI,9,SAC,HEN,RDT,0.25
SP001612,SP001688,BDM,BTN,RAI,18,XMK,XLJ,XKE,0.5
SP001612,SP002054,BDM,BTN,TBD,23,ECR,PUR,SCY,0.719
SP001612,SP002151,BDM,BTN,TBD,23,ECR,PUR,SCY,0.676
SP001612,SP002165,BDM,BTN,EGR,6,LUT,LTN,HPD,0.188
SP001612,SP002259,BDM,BTN,TBD,6,LUT,LTN,HPD,0.222
SP001612,SP002981,BDM,BTN,BTN,10,HEN,CRI,BCZ,0.278
SP001612,SP003452,BDM,BTN,GTW,23,ECR,PUR,SCY,0.742
SP001612,SP003483,BDM,BTN,BTN,10,HEN,CRI,BCZ,0.278
SP001614,SP001618,BTN,BDM,BDM,29,HPD,LTN,LUT,0.879
SP001614,SP001620,BTN,BDM,BDM,34,FLT,WIX,BDM,0.971
SP001614,SP001819,BTN,BDM,CBG,10,GTW,ELD,HOR,0.278
SP001614,SP002175,BTN,BDM,BDM,10,GTW,ELD,HOR,0.278
SP001614,SP002177,BTN,BDM,CBG,5,XKM,WVF,HHE,0.139
SP001614,SP002221,BTN,BDM,BDM,10,GTW,ELD,HOR,0.278
SP001614,SP002242,BTN,BDM,CBG,23,SPL,KTN,XKB,0.639
SP001614,SP002246,BTN,BDM,BDM,28,SAC,HPD,LTN,0.848
SP001614,SP002474,BTN,BDM,BDM,10,GTW,ELD,HOR,0.278
SP001614,SP002724,BTN,BDM,BAL,5,XKM,WVF,HHE,0.357
SP001614,SP002841,BTN,BDM,BDM,10,GTW,ELD,HOR,0.278
SP001614,SP003141,BTN,BDM,BDM,10,GTW,ELD,HOR,0.278
SP001614,SP003395,BTN,BDM,BDM,11,ELD,XJS,RDH,0.306
SP001614,SP003399,BTN,BDM,BDM,11,ELD,XJS,RDH,0.306
SP001614,SP003546,BTN,BDM,BAL,5,XKM,WVF,HHE,0.357
SP001614,SP003588,BTN,BDM,BDM,10,GTW,ELD,HOR,0.278
SP001614,SP003809,BTN,BDM,WSW,10,GTW,ELD,SAF,0.435
SP001614,SP003989,BTN,BDM,BAK,5,XKM,WVF,HHE,0.278
SP001614,SP004194,BTN,BDM,BDM,10,GTW,ELD,HOR,0.278
SP001614,SP004487,BTN,BDM,BDM,11,ELD,XJS,RDH,0.306
SP001614,SP004582,BTN,BDM,BDM,10,GTW,ELD,SAF,0.278
SP001615,SP001656,LEI,BHM,GCR,11,BHM,,FWY,1.0
SP001616,SP001684,MCV,BBN,BBN,6,BMC,DWN,ENT,0.75
SP001617,SP002188,SKI,BDQ,LDS,8,SHY,FZH,APY,0.8
SP001618,SP001620,BTN,BDM,BDM,29,HPD,LUT,LTN,0.879
SP001618,SP001819,BTN,BDM,CBG,10,GTW,ELD,HOR,0.303
SP001618,SP002175,BTN,BDM,BDM,10,GTW,ELD,HOR,0.303
SP001618,SP002177,BTN,BDM,CBG,5,XKM,WVF,HHE,0.152
SP001618,SP002221,BTN,BDM,BDM,10,GTW,ELD,HOR,0.303
SP001618,SP002242,BTN,BDM,CBG,23,SPL,KTN,XKB,0.697
SP001618,SP002246,BTN,BDM,BDM,28,SAC,HPD,LTN,0.848
SP001618,SP002474,BTN,BDM,BDM,10,GTW,ELD,HOR,0.303
SP001618,SP002724,BTN,BDM,BAL,5,XKM,WVF,HHE,0.357
SP001618,SP002841,BTN,BDM,BDM,10,GTW,ELD,HOR,0.303
SP001618,SP003141,BTN,BDM,BDM,10,GTW,ELD,HOR,0.303
SP001618,SP003395,BTN,BDM,BDM,11,ELD,XJS,RDH,0.333
SP001618,SP003399,BTN,BDM,BDM,11,ELD,XJS,RDH,0.333
SP001618,SP003546,BTN,BDM,BAL,5,XKM,WVF,HHE,0.357
SP001618,SP003588,BTN,BDM,BDM,10,GTW,ELD,HOR,0.303
SP001618,SP003809,BTN,BDM,WSW,10,GTW,ELD,SAF,0.435
SP001618,SP003989,BTN,BDM,BAK,5,XKM,WVF,HHE,0.278
SP001618,SP004194,BTN,BDM,BDM,10,GTW,ELD,HOR,0.303
SP001618,SP004487,BTN,BDM,BDM,11,ELD,XJS,RDH,0.333
SP001618,SP004582,BTN,BDM,BDM,10,GTW,ELD,SAF,0.303
SP001619,SP001698,SRA,CMD,WJH,10,CMD,,KTW,1.0
SP001620,SP001819,BTN,BDM,CBG,10,GTW,ELD,HOR,0.286
SP001620,SP002175,BTN,BDM,BDM,10,GTW,ELD,HOR,0.286
SP001620,SP002177,BTN,BDM,CBG,5,XKM,WVF,HHE,0.143
SP001620,SP002221,BTN,BDM,BDM,10,GTW,ELD,HOR,0.286
SP001620,SP002242,BTN,BDM,CBG,23,SPL,KTN,XKB,0.657
SP001620,SP002246,BTN,BDM,BDM,28,SAC,HPD,LTN,0.848
SP001620,SP002474,BTN,BDM,BDM,10,GTW,ELD,HOR,0.286
SP001620,SP002724,BTN,BDM,BAL,5,XKM,WVF,HHE,0.357
SP001620,SP002841,BTN,BDM,BDM,10,GTW,ELD,HOR,0.286
SP001620,SP003141,BTN,BDM,BDM,10,GTW,ELD,HOR,0.286
SP001620,SP003395,BTN,BDM,BDM,11,ELD,XJS,RDH,0.314
SP001620,SP003399,BTN,BDM,BDM,11,ELD,XJS,RDH,0.314
SP001620,SP003546,BTN,BDM,BAL,5,XKM,WVF,HHE,0.357
SP001620,SP003588,BTN,BDM,BDM,10,GTW,ELD,HOR,0.286
SP001620,SP003809,BTN,BDM,WSW,10,GTW,ELD,SAF,0.435
SP001620,SP003989,BTN,BDM,BAK,5,XKM,WVF,HHE,0.278
SP001620,SP004194,BTN,BDM,BDM,10,GTW,ELD,HOR,0.286
SP001620,SP004487,BTN,BDM,BDM,11,ELD,XJS,RDH,0.314
SP001620,SP004582,BTN,BDM,BDM,10,GTW,ELD,SAF,0.286
SP001621,SP001622,PLY,EDB,EDB,11,BWT,PSN,WSM,0.18
SP001621,SP001624,PLY,EDB,EDB,24,LOB,NFD,KNN,0.4
SP001621,SP001626,PLY,EDB,ABD,17,CNM,ASC,XAY,0.266
SP001621,SP001627,PLY,EDB,GLC,24,LOB,NFD,KNN,0.375
SP001621,SP002263,PLY,EDB,GCR,16,YAE,CNM,CDU,0.889
SP001621,SP002264,PLY,EDB,PAD,10,TAU,BWT,CLC,0.333
SP001621,SP002265,PLY,EDB,PAD,10,TAU,BWT,CLC,0.417
SP001621,SP003365,PLY,EDB,PAD,10,TAU,BWT,CLC,0.345
SP001621,SP003366,PLY,EDB,PAD,10,TAU,BWT,CLC,0.4
SP001621,SP003368,PLY,EDB,PAD,10,TAU,BWT,CLC,0.435
SP001621,SP003372,PLY,EDB,PAD,10,TAU,BWT,CLC,0.476
SP001621,SP003616,PLY,EDB,LDS,24,LOB,NFD,KNN,0.558
SP001621,SP003651,PLY,EDB,PAD,10,TAU,BWT,CLC,0.455
SP001622,SP001624,PLY,EDB,EDB,11,BWT,WSM,PSN,0.183
SP001622,SP001626,PLY,EDB,ABD,11,BWT,WSM,PSN,0.18
SP001622,SP001627,PLY,EDB,GLC,11,BWT,WSM,PSN,0.18
SP001622,SP002263,PLY,EDB,GCR,11,BWT,WSM,PSN,0.611
SP001622,SP002264,PLY,EDB,PAD,10,TAU,BWT,CLC,0.333
SP001622,SP002265,PLY,EDB,PAD,10,TAU,BWT,CLC,0.417
SP001622,SP003365,PLY,EDB,PAD,10,TAU,BWT,CLC,0.345
SP001622,SP003366,PLY,EDB,PAD,10,TAU,BWT,CLC,0.4
SP001622,SP003368,PLY,EDB,PAD,10,TAU,BWT,CLC,0.435
SP001622,SP003372,PLY,EDB,PAD,10,TAU,BWT,CLC,0.476
SP001622,SP003616,PLY,EDB,LDS,11,BWT,WSM,PSN,0.256
SP001622,SP003651,PLY,EDB,PAD,10,TAU,BWT,CLC,0.455
SP001623,SP001677,LUT,EPH,ORP,17,EPH,,LGJ,1.0
SP001623,SP003020,LUT,EPH,SUO,17,EPH,,LGJ,1.0
SP001624,SP001626,PLY,EDB,ABD,17,CNM,ASC,XAY,0.283
SP001624,SP001627,PLY,EDB,GLC,60,EDB,,HYM,1.0
SP001624,SP002263,PLY,EDB,GCR,16,YAE,CNM,CDU,0.889
SP001624,SP002264,PLY,EDB,PAD,10,TAU,BWT,CLC,0.333
SP001624,SP002265,PLY,EDB,PAD,10,TAU,BWT,CLC,0.417
SP001624,SP003365,PLY,EDB,PAD,10,TAU,BWT,CLC,0.345
SP001624,SP003366,PLY,EDB,PAD,10,TAU,BWT,CLC,0.4
SP001624,SP003368,PLY,EDB,PAD,10,TAU,BWT,CLC,0.435
SP001624,SP003372,PLY,EDB,PAD,10,TAU,BWT,CLC,0.476
SP001624,SP003616,PLY,EDB,LDS,43,LDS,CRG,,1.0
SP001624,SP003651,PLY,EDB,PAD,10,TAU,BWT,CLC,0.455
SP001625,SP003418,CDF,EDB,NOT,23,XKI,TAH,WNE,0.676
SP001625,SP004107,CDF,EDB,NOT,23,XKI,TAH,WNE,0.697
SP001626,SP001627,PLY,ABD,GLC,17,CNM,XAY,ASC,0.262
SP001626,SP002263,PLY,ABD,GCR,16,YAE,CNM,CDU,0.889
SP001626,SP002264,PLY,ABD,PAD,10,TAU,BWT,CLC,0.333
SP001626,SP002265,PLY,ABD,PAD,10,TAU,BWT,CLC,0.417
SP001626,SP003365,PLY,ABD,PAD,10,TAU,BWT,CLC,0.345
SP001626,SP003366,PLY,ABD,PAD,10,TAU,BWT,CLC,0.4
SP001626,SP003368,PLY,ABD,PAD,10,TAU,BWT,CLC,0.435
SP001626,SP003372,PLY,ABD,PAD,10,TAU,BWT,CLC,0.476
SP001626,SP003616,PLY,ABD,LDS,17,CNM,XAY,ASC,0.395
SP001626,SP003651,PLY,ABD,PAD,10,TAU,BWT,CLC,0.455
SP001627,SP002263,PLY,GLC,GCR,16,YAE,CNM,CDU,0.889
SP001627,SP002264,PLY,GLC,PAD,10,TAU,BWT,CLC,0.333
SP001627,SP002265,PLY,GLC,PAD,10,TAU,BWT,CLC,0.417
SP001627,SP003365,PLY,GLC,PAD,10,TAU,BWT,CLC,0.345
SP001627,SP003366,PLY,GLC,PAD,10,TAU,BWT,CLC,0.4
SP001627,SP003368,PLY,GLC,PAD,10,TAU,BWT,CLC,0.435
SP001627,SP003372,PLY,GLC,PAD,10,TAU,BWT,CLC,0.476
SP001627,SP003616,PLY,GLC,LDS,43,LDS,CRG,,1.0
SP001627,SP003651,PLY,GLC,PAD,10,TAU,BWT,CLC,0.455
SP001628,SP002336,PNZ,EDB,BHM,32,XAY,WOP,WOS,0.744
SP001628,SP002402,PNZ,EDB,EXD,21,EXD,TVP,,1.0
SP001628,SP002404,PNZ,EDB,EXD,11,LSK,SGM,MEN,0.5
SP001628,SP002649,PNZ,EDB,PLY,14,PLY,IVY,,1.0
SP001628,SP002658,PNZ,EDB,PLY,11,LSK,SGM,MEN,0.579
SP001628,SP002663,PNZ,EDB,PLY,13,STS,PLY,DPT,0.867
SP001628,SP003371,PNZ,EDB,PAD,23,TAU,BWT,CLC,0.676
SP001628,SP003649,PNZ,EDB,PAD,26,BRI,FIT,BTH,0.703
SP001628,SP004277,PNZ,EDB,PLY,11,LSK,SGM,MEN,0.733
SP001628,SP004492,PNZ,EDB,PLY,11,LSK,SGM,MEN,0.647
SP001628,SP004494,PNZ,EDB,PLY,11,LSK,SGM,MEN,0.688
SP001629,SP001681,WHP,SUO,ORP,8,LGJ,HNH,DMK,0.5
SP001629,SP001778,WHP,SUO,SUO,11,STE,MTC,TOO,0.688
SP001629,SP003915,WHP,SUO,RAI,6,BFR,EPH,XMK,0.375
SP001629,SP004591,WHP,SUO,RAI,6,BFR,EPH,XMK,0.375
SP001630,SP002743,KTN,SUO,GLM,5,BFR,EPH,XMK,0.333
SP001630,SP002746,KTN,SUO,RAI,5,BFR,EPH,XMK,0.333
SP001631,SP001658,BHM,CDF,PGN,5,KNN,NFD,LOB,0.227
SP001631,SP002039,BHM,CDF,CDF,5,KNN,NFD,LOB,0.238
SP001631,SP003971,BHM,CDF,WOF,5,KNN,NFD,LOB,0.455
SP001631,SP004179,BHM,CDF,BRI,5,KNN,NFD,LOB,0.294
SP001633,SP001660,DBY,CDF,PLY,10,FWY,UNI,SLY,0.37
SP001635,SP002095,NOT,CDF,CRE,7,DBY,WIL,TUT,0.438
SP001635,SP002243,NOT,CDF,DBY,7,DBY,WIL,,1.0
SP001635,SP002607,NOT,CDF,CRE,7,DBY,WIL,PEA,0.412
SP001636,SP001896,LES,FST,FST,5,LAI,UPM,WHR,0.5
SP001637,SP002522,ECR,WFJ,BAK,6,BAL,IMW,WSW,0.75
SP001638,SP001814,WFJ,ECR,IMW,10,IMW,BAL,,1.0
SP001638,SP003341,WFJ,ECR,ECR,10,IMW,BAL,WSW,0.625
SP001640,SP002792,MYB,GER,HWY,6,WRU,GER,DNM,0.857
SP001640,SP003190,MYB,GER,AYS,6,WRU,GER,DNM,0.857
SP001640,SP003410,MYB,GER,OXF,6,WRU,GER,DNM,0.857
SP001640,SP004159,MYB,GER,AYS,6,WRU,GER,DNM,0.857
SP001640,SP004182,MYB,GER,AYS,6,WRU,GER,DNM,0.857
SP001640,SP004233,MYB,GER,WRU,6,WRU,GER,,1.0
SP001640,SP004563,MYB,GER,OXF,6,WRU,GER,DNM,0.857
SP001640,SP004635,MYB,GER,BMO,7,GER,,HWY,1.0
SP001640,SP004637,MYB,GER,AYS,6,WRU,GER,DNM,0.857
SP001641,SP004011,SHF,MAN,MAN,9,NMC,SRN,RML,0.692
SP001641,SP004377,SHF,MAN,MAN,8,CLY,NMC,HAZ,0.727
SP001642,SP002839,HHD,MIA,MIA,25,MAN,EDY,BNA,0.893
SP001642,SP003586,HHD,MIA,CTR,15,CTR,HSB,,1.0
SP001643,SP002429,MYB,HWY,AYS,11,HWY,,SDR,1.0
SP001643,SP002777,MYB,HWY,OXF,5,WRU,DNM,GER,0.455
SP001643,SP002783,MYB,HWY,OXF,5,WRU,DNM,GER,0.455
SP001643,SP003198,MYB,HWY,BAN,5,WRU,DNM,GER,0.455
SP001643,SP003867,MYB,HWY,OXF,5,WRU,DNM,GER,0.455
SP001643,SP004114,MYB,HWY,BCS,11,HWY,,SDR,1.0
SP001643,SP004157,MYB,HWY,BMO,5,WRU,DNM,GER,0.455
SP001643,SP004185,MYB,HWY,BAN,6,DNM,DGC,GER,0.545
SP001643,SP004191,MYB,HWY,SBJ,5,WRU,DNM,GER,0.455
SP001643,SP004257,MYB,HWY,BMO,5,WRU,DNM,GER,0.455
SP001643,SP004445,MYB,HWY,BAN,5,WRU,DNM,GER,0.455
SP001643,SP004479,MYB,HWY,PRR,5,WRU,DNM,GER,0.556
SP001643,SP004626,MYB,HWY,OXF,6,DNM,DGC,GER,0.545
SP001643,SP004639,MYB,HWY,BAN,6,DNM,DGC,GER,0.545
SP001643,SP004641,MYB,HWY,BSW,5,WRU,DNM,GER,0.455
SP001645,SP002628,NOT,GCR,MAT,6,DBY,BUT,DFI,0.429
SP001645,SP003251,NOT,GCR,CRE,6,DBY,BUT,PEA,0.4
SP001645,SP003381,NOT,GCR,CDF,27,GCR,,LYD,1.0
SP001647,SP001649,HWY,MYB,MYB,6,SRU,NLT,WCX,0.667
SP001648,SP002307,YRK,PLY,MAN,5,LDS,WKF,MLY,0.312
SP001650,SP003052,NCL,MBR,WTB,12,MBR,,JCH,1.0
SP001650,SP003082,NCL,MBR,NNT,12,MBR,,JCH,1.0
SP001650,SP003092,NCL,MBR,GTA,12,MBR,,JCH,1.0
SP001651,SP004477,NBY,PAD,RDG,5,RDG,TWY,,1.0
SP001652,SP003131,BDW,PAD,RDG,6,THA,THE,MDG,0.545
SP001653,SP002245,PMH,CDF,CDF,19,BTH,BRI,KYN,0.731
SP001653,SP003455,PMH,CDF,CDF,15,WMN,WSB,DMH,0.577
SP001653,SP003498,PMH,CDF,WSB,5,FRM,SNW,BOE,0.294
SP001653,SP004502,PMH,CDF,BRI,5,FRM,SNW,BOE,0.238
SP001654,SP001823,PAD,NBY,SWA,6,RDG,THE,GOR,0.6
SP001654,SP001838,PAD,NBY,SWA,6,RDG,THE,GOR,0.6
SP001654,SP001939,PAD,NBY,RDG,6,RDG,THE,,1.0
SP001654,SP002174,PAD,NBY,WSM,6,RDG,THE,GOR,0.6
SP001654,SP002183,PAD,NBY,WSM,6,RDG,THE,GOR,0.6
SP001654,SP002209,PAD,NBY,EXD,7,THE,THA,NBY,0.7
SP001654,SP002216,PAD,NBY,NQY,7,THE,THA,NBY,0.7
SP001654,SP002711,PAD,NBY,BDW,8,THA,NRC,NBY,0.8
SP001654,SP003385,PAD,NBY,PGN,7,THE,THA,NBY,0.7
SP001654,SP003417,PAD,NBY,CDF,6,RDG,THE,GOR,0.6
SP001654,SP003420,PAD,NBY,WOS,6,RDG,THE,GOR,0.6
SP001654,SP003428,PAD,NBY,WSB,8,THA,NRC,NBY,0.8
SP001654,SP003429,PAD,NBY,CMN,6,RDG,THE,GOR,0.6
SP001654,SP003434,PAD,NBY,SWA,6,RDG,THE,GOR,0.6
SP001654,SP003440,PAD,NBY,SWA,6,RDG,THE,GOR,0.6
SP001654,SP003448,PAD,NBY,TAU,6,RDG,THE,GOR,0.6
SP001654,SP003480,PAD,NBY,PNZ,7,THE,THA,NBY,0.7
SP001654,SP003666,PAD,NBY,TAU,6,RDG,THE,GOR,0.6
SP001654,SP003788,PAD,NBY,SWA,6,RDG,THE,GOR,0.6
SP001654,SP004186,PAD,NBY,FRO,8,THA,NRC,NBY,0.8
SP001654,SP004248,PAD,NBY,WPH,6,RDG,THE,GOR,0.6
SP001654,SP004338,PAD,NBY,BPW,6,RDG,THE,GOR,0.6
SP001654,SP004416,PAD,NBY,BDW,6,RDG,THE,RDW,0.6
SP001654,SP004476,PAD,NBY,BAN,6,RDG,THE,GOR,0.6
SP001654,SP004599,PAD,NBY,WOS,6,RDG,THE,GOR,0.6
SP001655,SP002068,ABD,PLY,EDB,11,LDY,MNC,KDY,0.55
SP001655,SP003116,ABD,PLY,DON,11,LDY,MNC,KDY,0.367
SP001657,SP001659,NCL,RDG,RDG,8,MEX,SWN,SHF,0.229
SP001657,SP001667,NCL,RDG,PLY,6,YRK,DON,CHF,0.162
SP001657,SP001683,NCL,RDG,RDG,16,TAH,WNE,XKI,0.432
SP001657,SP001878,NCL,RDG,RDG,16,TAH,WNE,XKI,0.444
SP001657,SP004589,NCL,RDG,KGX,7,DON,MEX,RET,0.2
SP001658,SP002039,BHM,PGN,CDF,9,XSW,WOP,DTW,0.429
SP001658,SP003971,BHM,PGN,WOF,9,XSW,WOP,DTW,0.818
SP001658,SP004179,BHM,PGN,BRI,17,BRI,BWT,,1.0
SP001659,SP001667,NCL,RDG,PLY,6,YRK,DON,CHF,0.171
SP001659,SP001683,NCL,RDG,RDG,8,MEX,SHF,SWN,0.229
SP001659,SP001878,NCL,RDG,RDG,8,MEX,SHF,SWN,0.229
SP001659,SP004589,NCL,RDG,KGX,7,DON,MEX,RET,0.2
SP001665,SP002289,RAI,KTN,WHP,31,KTN,,WHP,1.0
SP001665,SP002797,RAI,KTN,WHP,27,BFR,CTK,ZFD,0.871
SP001665,SP002803,RAI,KTN,DFD,14,DFD,XRT,,1.0
SP001666,SP001669,MAN,PGN,PGN,32,BRI,WSM,BWT,0.744
SP001666,SP001672,MAN,PGN,BRI,32,BRI,WSM,,1.0
SP001666,SP001774,MAN,PGN,RDG,17,XOZ,XON,SCF,0.586
SP001666,SP003253,MAN,PGN,EUS,8,SNE,STA,XCO,0.308
SP001666,SP003266,MAN,PGN,EUS,13,DDP,XGJ,SAD,0.371
SP001666,SP003377,MAN,PGN,SOU,17,XOZ,XON,SCF,0.447
SP001666,SP004023,MAN,PGN,EUS,8,SNE,STA,XCO,0.296
SP001667,SP001683,NCL,PLY,RDG,6,YRK,CHF,DON,0.162
SP001667,SP001878,NCL,PLY,RDG,6,YRK,CHF,DON,0.167
SP001667,SP004589,NCL,PLY,KGX,6,YRK,CHF,DON,0.171
SP001668,SP003688,DMR,LRH,ADR,8,PTK,EXG,CHC,0.4
SP001669,SP001672,MAN,PGN,BRI,32,BRI,BWT,,1.0
SP001669,SP001774,MAN,PGN,RDG,17,XOZ,XON,SCF,0.586
SP001669,SP003253,MAN,PGN,EUS,8,SNE,STA,XCO,0.308
SP001669,SP003266,MAN,PGN,EUS,13,DDP,XGJ,SAD,0.371
SP001669,SP003377,MAN,PGN,SOU,17,XOZ,XON,SCF,0.447
SP001669,SP004023,MAN,PGN,EUS,8,SNE,STA,XCO,0.296
SP001671,SP001674,EDB,PLY,CDF,43,CNM,YAE,GCR,0.878
SP001671,SP001676,EDB,PLY,PLY,47,BRI,WSM,BWT,0.81
SP001671,SP001680,EDB,PLY,BRI,43,CNM,YAE,GCR,0.896
SP001671,SP001876,EDB,PLY,PNZ,47,BRI,WSM,BWT,0.797
SP001671,SP001877,EDB,PLY,KGX,14,YRK,CHF,DON,0.333
SP001671,SP002344,EDB,PLY,KGX,14,YRK,CHF,DON,0.359
SP001671,SP002854,EDB,PLY,NCL,8,MPT,NCL,CRM,0.8
SP001671,SP002942,EDB,PLY,KGX,10,DHM,DAR,NTR,0.323
SP001671,SP002958,EDB,PLY,KGX,14,YRK,CHF,DON,0.438
SP001671,SP003384,EDB,PLY,BRI,47,BRI,WSM,,1.0
SP001671,SP003476,EDB,PLY,KGX,14,YRK,CHF,DON,0.412
SP001671,SP004602,EDB,PLY,KGX,14,YRK,CHF,DON,0.326
SP001672,SP001774,MAN,BRI,RDG,17,XOZ,XON,SCF,0.586
SP001672,SP003253,MAN,BRI,EUS,8,SNE,STA,XCO,0.308
SP001672,SP003266,MAN,BRI,EUS,13,DDP,XGJ,SAD,0.406
SP001672,SP003377,MAN,BRI,SOU,17,XOZ,XON,SCF,0.531
SP001672,SP004023,MAN,BRI,EUS,8,SNE,STA,XCO,0.296
SP001674,SP001676,EDB,CDF,PLY,43,CNM,GCR,YAE,0.878
SP001674,SP001680,EDB,CDF,BRI,44,GCR,LYD,YAE,0.917
SP001674,SP001876,EDB,CDF,PNZ,43,CNM,GCR,YAE,0.878
SP001674,SP001877,EDB,CDF,KGX,14,YRK,CHF,DON,0.333
SP001674,SP002344,EDB,CDF,KGX,14,YRK,CHF,DON,0.359
SP001674,SP002854,EDB,CDF,NCL,8,MPT,NCL,CRM,0.8
SP001674,SP002942,EDB,CDF,KGX,10,DHM,DAR,NTR,0.323
SP001674,SP002958,EDB,CDF,KGX,14,YRK,CHF,DON,0.438
SP001674,SP003384,EDB,CDF,BRI,43,CNM,GCR,YAE,0.915
SP001674,SP003476,EDB,CDF,KGX,14,YRK,CHF,DON,0.412
SP001674,SP004602,EDB,CDF,KGX,14,YRK,CHF,DON,0.326
SP001675,SP003528,NEM,BSK,SOU,12,BSK,,MIC,1.0
SP001675,SP003544,NEM,BSK,PMH,12,BSK,,MIC,1.0
SP001675,SP003928,NEM,BSK,BSK,5,BFN,WOK,WBY,0.417
SP001676,SP001680,EDB,PLY,BRI,43,CNM,YAE,GCR,0.896
SP001676,SP001876,EDB,PLY,PNZ,58,PLY,,STS,1.0
SP001676,SP001877,EDB,PLY,KGX,14,YRK,CHF,DON,0.333
SP001676,SP002344,EDB,PLY,KGX,14,YRK,CHF,DON,0.359
SP001676,SP002854,EDB,PLY,NCL,8,MPT,NCL,CRM,0.8
SP001676,SP002942,EDB,PLY,KGX,10,DHM,DAR,NTR,0.323
SP001676,SP002958,EDB,PLY,KGX,14,YRK,CHF,DON,0.438
SP001676,SP003384,EDB,PLY,BRI,47,BRI,BWT,,1.0
SP001676,SP003476,EDB,PLY,KGX,14,YRK,CHF,DON,0.412
SP001676,SP004602,EDB,PLY,KGX,14,YRK,CHF,DON,0.326
SP001677,SP003020,LUT,ORP,SUO,18,LGJ,DMK,HNH,0.581
SP001678,SP001690,MOG,SVG,HFN,7,HGY,AAP,HRN,0.368
SP001678,SP001695,MOG,SVG,HFN,7,HGY,AAP,HRN,0.389
SP001678,SP001703,MOG,SVG,WGC,7,HGY,AAP,HRN,0.389
SP001678,SP002144,MOG,SVG,HFN,7,HGY,AAP,HRN,0.412
SP001678,SP002297,MOG,SVG,WGC,8,AAP,BOP,NSG,0.471
SP001678,SP002299,MOG,SVG,WGC,8,AAP,BOP,NBA,0.533
SP001678,SP002342,MOG,SVG,GDH,7,HGY,AAP,HRN,0.467
SP001678,SP002753,MOG,SVG,FPK,6,FPK,HGY,,1.0
SP001678,SP003174,MOG,SVG,LET,7,HGY,AAP,HRN,0.35
SP001678,SP003376,MOG,SVG,WGC,6,FPK,HGY,AAP,0.429
SP001679,SP001693,BSK,NEM,NEM,7,WOK,SUR,BFN,0.778
SP001679,SP002622,BSK,NEM,NEM,5,FNB,BKO,WOK,0.556
SP001679,SP004468,BSK,NEM,WOK,7,WOK,SUR,,1.0
SP001680,SP001876,EDB,BRI,PNZ,43,CNM,GCR,YAE,0.896
SP001680,SP001877,EDB,BRI,KGX,14,YRK,CHF,DON,0.333
SP001680,SP002344,EDB,BRI,KGX,14,YRK,CHF,DON,0.359
SP001680,SP002854,EDB,BRI,NCL,8,MPT,NCL,CRM,0.8
SP001680,SP002942,EDB,BRI,KGX,10,DHM,DAR,NTR,0.323
SP001680,SP002958,EDB,BRI,KGX,14,YRK,CHF,DON,0.438
SP001680,SP003384,EDB,BRI,BRI,43,CNM,GCR,YAE,0.915
SP001680,SP003476,EDB,BRI,KGX,14,YRK,CHF,DON,0.412
SP001680,SP004602,EDB,BRI,KGX,14,YRK,CHF,DON,0.326
SP001681,SP001778,WHP,ORP,SUO,8,LGJ,DMK,HNH,0.381
SP001681,SP003915,WHP,ORP,RAI,6,BFR,EPH,XMK,0.261
SP001681,SP004591,WHP,ORP,RAI,6,BFR,EPH,XMK,0.261
SP001683,SP001878,NCL,RDG,RDG,34,OXF,DID,GOR,0.944
SP001683,SP004589,NCL,RDG,KGX,7,DON,MEX,RET,0.2
SP001685,SP001705,EBN,AFK,HGS,8,HGS,ORE,,1.0
SP001685,SP002248,EBN,AFK,ORE,9,ORE,TOK,,1.0
SP001686,SP001688,BDM,RAI,RAI,9,SAC,RDT,HEN,0.209
SP001686,SP002054,BDM,RAI,TBD,9,SAC,RDT,HEN,0.281
SP001686,SP002151,BDM,RAI,TBD,9,SAC,RDT,HEN,0.265
SP001686,SP002165,BDM,RAI,EGR,6,LUT,LTN,HPD,0.188
SP001686,SP002259,BDM,RAI,TBD,6,LUT,LTN,HPD,0.222
SP001686,SP002981,BDM,RAI,BTN,9,SAC,RDT,HEN,0.225
SP001686,SP003452,BDM,RAI,GTW,9,SAC,RDT,HEN,0.29
SP001686,SP003483,BDM,RAI,BTN,9,SAC,RDT,HEN,0.214
SP001688,SP002054,BDM,RAI,TBD,18,XMK,XKE,XLJ,0.562
SP001688,SP002151,BDM,RAI,TBD,18,XMK,XKE,XLJ,0.529
SP001688,SP002165,BDM,RAI,EGR,6,LUT,LTN,HPD,0.188
SP001688,SP002259,BDM,RAI,TBD,6,LUT,LTN,HPD,0.222
SP001688,SP002981,BDM,RAI,BTN,10,HEN,CRI,BCZ,0.25
SP001688,SP003452,BDM,RAI,GTW,18,XMK,XKE,XLJ,0.581
SP001688,SP003483,BDM,RAI,BTN,10,HEN,CRI,BCZ,0.238
SP001690,SP001695,MOG,HFN,HFN,17,CUF,BAY,HFN,0.944
SP001690,SP001703,MOG,HFN,WGC,9,AAP,BOP,NSG,0.5
SP001690,SP002144,MOG,HFN,HFN,15,GDH,CWH,CUF,0.882
SP001690,SP002297,MOG,HFN,WGC,7,HGY,HRN,AAP,0.412
SP001690,SP002299,MOG,HFN,WGC,7,HGY,HRN,AAP,0.467
SP001690,SP002342,MOG,HFN,GDH,15,GDH,CWH,,1.0
SP001690,SP002753,MOG,HFN,FPK,6,FPK,HGY,,1.0
SP001690,SP003174,MOG,HFN,LET,19,HFN,,WAS,1.0
SP001690,SP003376,MOG,HFN,WGC,6,FPK,HGY,AAP,0.429
SP001691,SP002654,DBY,NOT,STP,7,NOT,,BEE,1.0
SP001692,SP002340,HFN,MOG,MOG,11,AAP,HRN,HGY,0.611
SP001692,SP002512,HFN,MOG,FPK,11,AAP,HRN,FPK,0.917
SP001693,SP002622,BSK,NEM,NEM,5,FNB,BKO,WOK,0.5
SP001693,SP004468,BSK,NEM,WOK,7,WOK,BFN,,1.0
SP001695,SP001703,MOG,HFN,WGC,9,AAP,BOP,NSG,0.5
SP001695,SP002144,MOG,HFN,HFN,15,GDH,CWH,CUF,0.882
SP001695,SP002297,MOG,HFN,WGC,7,HGY,HRN,AAP,0.412
SP001695,SP002299,MOG,HFN,WGC,7,HGY,HRN,AAP,0.467
SP001695,SP002342,MOG,HFN,GDH,15,GDH,CWH,,1.0
SP001695,SP002753,MOG,HFN,FPK,6,FPK,HGY,,1.0
SP001695,SP003174,MOG,HFN,LET,17,CUF,HFN,BAY,0.944
SP001695,SP003376,MOG,HFN,WGC,6,FPK,HGY,AAP,0.429
SP001696,SP003663,MAN,HDF,GLO,10,DTG,GLO,HDF,0.833
SP001700,SP001713,CSS,EAD,RAY,6,RAY,EAD,,1.0
SP001702,SP002337,LST,SOV,SNF,5,MYL,MNP,FOG,0.312
SP001702,SP002388,LST,SOV,CET,5,MYL,MNP,IFD,0.312
SP001702,SP002507,LST,SOV,COL,8,SVK,CTH,GMY,0.444
SP001702,SP002519,LST,SOV,CLT,5,MYL,MNP,IFD,0.278
SP001702,SP002684,LST,SOV,SOV,14,SNF,WIC,BIC,0.778
SP001702,SP003126,LST,SOV,COL,5,MYL,MNP,FOG,0.294
SP001702,SP003205,LST,SOV,CLT,5,MYL,MNP,IFD,0.278
SP001702,SP003598,LST,SOV,GDP,5,MYL,MNP,FOG,0.385
SP001702,SP003738,LST,SOV,HWC,5,MYL,MNP,IFD,0.278
SP001702,SP003741,LST,SOV,HPQ,5,MYL,MNP,IFD,0.278
SP001702,SP003743,LST,SOV,HPQ,5,MYL,MNP,IFD,0.294
SP001702,SP003905,LST,SOV,WTM,5,MYL,MNP,IFD,0.385
SP001702,SP003908,LST,SOV,WTM,5,MYL,MNP,IFD,0.417
SP001702,SP003910,LST,SOV,BTR,5,MYL,MNP,IFD,0.312
SP001702,SP003922,LST,SOV,COL,5,MYL,MNP,IFD,0.333
SP001702,SP003923,LST,SOV,COL,5,MYL,MNP,IFD,0.333
SP001702,SP003926,LST,SOV,COL,5,MYL,MNP,IFD,0.312
SP001702,SP003947,LST,SOV,SMN,5,MYL,MNP,IFD,0.312
SP001702,SP003948,LST,SOV,SOV,7,IFD,SVK,GMY,0.389
SP001702,SP003999,LST,SOV,CLT,5,MYL,MNP,IFD,0.278
SP001702,SP004024,LST,SOV,CLT,5,MYL,MNP,IFD,0.278
SP001702,SP004028,LST,SOV,CLT,5,MYL,MNP,IFD,0.278
SP001702,SP004029,LST,SOV,CLT,5,MYL,MNP,IFD,0.278
SP001702,SP004039,LST,SOV,CLT,5,MYL,MNP,IFD,0.278
SP001702,SP004049,LST,SOV,IPS,5,MYL,MNP,IFD,0.278
SP001702,SP004050,LST,SOV,IPS,5,MYL,MNP,IFD,0.312
SP001702,SP004053,LST,SOV,IPS,5,MYL,MNP,IFD,0.333
SP001702,SP004153,LST,SOV,WTM,5,MYL,MNP,IFD,0.385
SP001703,SP002144,MOG,WGC,HFN,9,AAP,NSG,BOP,0.529
SP001703,SP002297,MOG,WGC,WGC,7,HGY,HRN,AAP,0.412
SP001703,SP002299,MOG,WGC,WGC,7,HGY,HRN,AAP,0.467
SP001703,SP002342,MOG,WGC,GDH,9,AAP,NSG,BOP,0.6
SP001703,SP002753,MOG,WGC,FPK,6,FPK,HGY,,1.0
SP001703,SP003174,MOG,WGC,LET,9,AAP,NSG,BOP,0.5
SP001703,SP003376,MOG,WGC,WGC,6,FPK,HGY,AAP,0.429
SP001705,SP002248,EBN,HGS,ORE,8,HGS,,ORE,1.0
SP001707,SP002701,SHR,BHM,BHM,12,WVH,XPJ,DDP,0.706
SP001708,SP002375,HPQ,LST,LST,5,MKT,KEL,WTM,0.333
SP001710,SP002069,BHI,RGL,BHM,6,BHM,XOS,,1.0
SP001711,SP002397,HNX,OMS,SDL,9,SDL,KKD,,1.0
SP001711,SP003460,HNX,OMS,LVC,7,LVC,XMR,,1.0
SP001712,SP002343,BHI,RGL,BHM,7,BHM,XOS,,1.0
SP001714,SP003311,ACT,AHT,FNH,6,AHT,,FNH,1.0
SP001715,SP001717,RGL,BHI,BHI,14,XOZ,ADD,SCF,0.778
SP001715,SP002234,RGL,BHI,BHM,13,BHM,XOZ,,1.0
SP001715,SP004051,RGL,BHI,BHM,10,TAB,XRA,HSD,0.556
SP001717,SP002234,RGL,BHI,BHM,13,BHM,XOZ,,1.0
SP001717,SP004051,RGL,BHI,BHM,10,TAB,XRA,HSD,0.556
SP001718,SP001762,XSU,SUO,BAK,7,SYD,PNW,CYP,0.5
SP001718,SP003228,XSU,SUO,ECR,10,NWD,XGU,ECR,0.909
SP001718,SP003838,XSU,SUO,CAT,10,NWD,XGU,ECR,0.714
SP001719,SP001720,HDF,MAN,MAN,9,GUI,GTO,ABY,0.75
SP001719,SP001721,HDF,MAN,MAN,9,GUI,GTO,FRF,0.75
SP001719,SP001722,HDF,MAN,MAN,9,GUI,GTO,ABY,0.818
SP001720,SP001721,HDF,MAN,MAN,9,GUI,ABY,FRF,0.75
SP001720,SP001722,HDF,MAN,MAN,10,ABY,ADK,MAN,0.909
SP001721,SP001722,HDF,MAN,MAN,9,GUI,FRF,ABY,0.818
SP001724,SP002115,HOV,BOG,BOG,10,WWO,DUR,ANG,0.667
SP001726,SP002354,KGX,CBG,RYS,8,WGC,XGN,WLW,0.471
SP001726,SP002757,KGX,CBG,CBG,8,WGC,XGN,WLW,0.381
SP001726,SP002762,KGX,CBG,CBG,8,WGC,XGN,WLW,0.381
SP001727,SP001880,KGX,CBG,BEV,9,HIT,LET,BIW,0.529
SP001727,SP002020,KGX,CBG,PBO,9,HIT,LET,ARL,0.562
SP001727,SP002363,KGX,CBG,LET,5,PBR,WGC,HAT,0.385
SP001727,SP002914,KGX,CBG,KLN,17,CBG,,CMB,1.0
SP001727,SP002953,KGX,CBG,EDB,9,HIT,LET,BIW,0.529
SP001727,SP003540,KGX,CBG,GLQ,9,HIT,LET,BIW,0.529
SP001727,SP003600,KGX,CBG,CBG,13,RYS,FXN,MEL,0.765
SP001727,SP003669,KGX,CBG,INV,9,HIT,LET,BIW,0.529
SP001730,SP001858,PMH,HRH,BTN,6,HAV,WBL,EMS,0.316
SP001730,SP001867,PMH,HRH,NEM,6,HAV,WBL,RLN,0.316
SP001730,SP003439,PMH,HRH,GLD,6,HAV,WBL,RLN,0.375
SP001731,SP001780,MAN,SOT,SOT,10,KDG,LPT,SOT,0.909
SP001731,SP004402,MAN,SOT,MAC,8,MAC,CNG,,1.0
SP001733,SP002945,RCD,LDS,LDS,6,HBD,MYT,HFX,0.5
SP001733,SP003695,RCD,LDS,LDS,9,HFX,LMR,BDI,0.818
SP001734,SP002173,XSU,EPS,HRH,5,NWD,XGU,ECR,0.357
SP001734,SP002256,XSU,EPS,TBD,5,NWD,XGU,ECR,0.455
SP001734,SP002498,XSU,EPS,EBN,5,NWD,XGU,ECR,0.357
SP001734,SP002506,XSU,EPS,LIT,5,NWD,XGU,ECR,0.357
SP001734,SP002516,XSU,EPS,BOG,5,NWD,XGU,ECR,0.357
SP001734,SP002725,XSU,EPS,EGR,5,NWD,XGU,ECR,0.385
SP001734,SP002810,XSU,EPS,CAT,5,NWD,XGU,ECR,0.385
SP001734,SP003249,XSU,EPS,ECR,5,NWD,XGU,ECR,0.833
SP001735,SP004096,BHM,NOT,NOT,5,XKI,WNE,TAH,0.385
SP001736,SP002950,MAN,MIA,CRE,7,MIA,,SYA,1.0
SP001736,SP004042,MAN,MIA,CRE,6,HDG,MIA,WML,0.857
SP001740,SP003076,MAN,HAZ,SHF,7,HAZ,,CLY,1.0
SP001741,SP001761,QRB,KNG,HOU,9,TWI,STW,WTN,0.818
SP001741,SP003306,QRB,KNG,STW,10,STW,TED,,1.0
SP001742,SP001744,NEM,PMS,HSL,10,HSL,LIP,,1.0
SP001742,SP001849,NEM,PMS,SOU,16,BDH,HLS,CSA,0.842
SP001742,SP001850,NEM,PMS,FRM,15,HAV,BDH,CSA,0.833
SP001743,SP002160,LAN,BIF,CKL,12,BIF,,ASK,1.0
SP001743,SP002170,LAN,BIF,CKL,12,BIF,,ASK,1.0
SP001743,SP004265,LAN,BIF,BIF,6,GOS,KBK,CAK,0.6
SP001743,SP004267,LAN,BIF,MLM,12,BIF,,ASK,1.0
SP001744,SP001849,NEM,HSL,SOU,10,HSL,,LIP,1.0
SP001744,SP001850,NEM,HSL,FRM,10,HSL,,LIP,1.0
SP001747,SP001750,AON,NEM,NEM,7,WOK,BFN,WBY,0.583
SP001748,SP003011,LRH,DMR,MLN,17,HYN,JOR,ANL,0.773
SP001748,SP003864,LRH,DMR,GRS,17,HYN,JOR,GRS,0.944
SP001749,SP003098,SOU,WOK,BTN,7,FRM,CSA,PTC,0.389
SP001749,SP003293,SOU,WOK,HRH,7,FRM,CSA,PTC,0.389
SP001749,SP003682,SOU,WOK,BTN,7,FRM,CSA,PTC,0.389
SP001749,SP004200,SOU,WOK,BTN,7,FRM,CSA,PTC,0.389
SP001749,SP004202,SOU,WOK,BTN,9,HAV,PTR,EMS,0.5
SP001749,SP004208,SOU,WOK,BTN,7,FRM,CSA,PTC,0.389
SP001756,SP001759,RSH,MAN,MAN,6,GUI,FRF,GTO,0.667
SP001758,SP002439,DEE,ABD,INV,10,ABD,,DYC,1.0
SP001758,SP003886,DEE,ABD,ARB,5,ARB,MTS,,1.0
SP001761,SP003306,QRB,HOU,STW,9,TWI,WTN,STW,0.9
SP001762,SP003228,XSU,BAK,ECR,7,SYD,CYP,PNW,0.636
SP001762,SP003838,XSU,BAK,CAT,7,SYD,CYP,PNW,0.5
SP001763,SP003161,NOT,SKG,PBO,5,BTF,ANC,GRA,0.714
SP001764,SP002499,SOT,MAN,MAN,10,SPT,MAN,HTC,0.909
SP001765,SP002504,SOT,MAN,MAN,11,SPT,HTC,MAN,0.917
SP001768,SP002417,WSB,CDF,BRI,9,BRI,LWH,,1.0
SP001771,SP002921,PAD,HWV,SWA,5,HAY,HXX,WDT,0.714
SP001771,SP002975,PAD,HWV,GMV,5,HAY,HXX,WDT,0.714
SP001771,SP003349,PAD,HWV,SWA,5,HAY,HXX,WDT,0.714
SP001771,SP003351,PAD,HWV,OXF,5,HAY,HXX,WDT,0.714
SP001772,SP003522,HWV,PAD,SNF,6,EAL,AML,PDX,0.75
SP001772,SP003636,HWV,PAD,PAD,6,EAL,AML,PAD,0.857
SP001774,SP003253,MAN,RDG,EUS,8,SNE,STA,XCO,0.308
SP001774,SP003266,MAN,RDG,EUS,13,DDP,XGJ,SAD,0.448
SP001774,SP003377,MAN,RDG,SOU,29,RDG,,BMY,1.0
SP001774,SP004023,MAN,RDG,EUS,8,SNE,STA,XCO,0.296
SP001775,SP002341,MCV,WGN,WGW,10,HIN,WGN,WGW,0.909
SP001776,SP002003,WGW,MCV,MCV,6,WKD,MSD,SNN,0.6
SP001777,SP003754,LIV,MCV,WGN,12,NLW,PAT,WGN,0.923
SP001777,SP004459,LIV,MCV,MCV,12,NLW,PAT,ECC,0.8
SP001778,SP003915,WHP,SUO,RAI,6,BFR,EPH,XMK,0.286
SP001778,SP004591,WHP,SUO,RAI,6,BFR,EPH,XMK,0.286
SP001780,SP004402,MAN,SOT,MAC,8,MAC,CNG,,1.0
SP001782,SP003019,SUO,XSU,BDM,7,TUH,NDL,HNH,0.583
SP001782,SP004414,SUO,XSU,BAL,5,MTC,STE,BAL,0.833
SP001783,SP001936,BTN,WWO,BOG,11,WWO,,DUR,1.0
SP001783,SP002015,BTN,WWO,LIT,11,WWO,,DUR,1.0
SP001783,SP003094,BTN,WWO,SOU,11,WWO,,DUR,1.0
SP001783,SP003127,BTN,WWO,PMS,11,WWO,,DUR,1.0
SP001783,SP003307,BTN,WWO,HAV,11,WWO,,ANG,1.0
SP001783,SP004227,BTN,WWO,CCH,11,WWO,,DUR,1.0
SP001783,SP004230,BTN,WWO,CCH,11,WWO,,ANG,1.0
SP001784,SP003286,HRH,BAK,BAK,17,BAL,BAK,WSW,0.944
SP001786,SP002133,BHI,CTR,SHR,9,WVH,COS,BBK,0.45
SP001786,SP002825,BHI,CTR,HHD,20,CTR,,SHT,1.0
SP001786,SP004583,BHI,CTR,MAN,20,CTR,,HSB,1.0
SP001787,SP002269,HHD,CTR,CDF,7,BNG,LLF,PMW,0.389
SP001787,SP002840,HHD,CTR,BHI,7,BNG,LLF,PMW,0.389
SP001787,SP003654,HHD,CTR,CRE,7,BNG,LLF,PMW,0.412
SP001789,SP002882,LLJ,SHR,CRE,8,CTR,WRX,CRE,0.889
SP001789,SP003605,LLJ,SHR,LIV,8,CTR,WRX,HSB,0.615
SP001789,SP003612,LLJ,SHR,MIA,8,CTR,WRX,HSB,0.615
SP001789,SP003990,LLJ,SHR,MIA,8,CTR,WRX,HSB,0.615
SP001791,SP004611,ASN,SNS,QRB,5,SNS,,AFS,1.0
SP001792,SP002081,LIV,EUS,BHM,6,ACB,WSF,HTF,0.333
SP001792,SP003111,LIV,EUS,EUS,6,ACB,WSF,HTF,0.222
SP001792,SP004026,LIV,EUS,CRE,6,ACB,WSF,HTF,0.667
SP001794,SP002832,LLD,CRE,LIV,10,CTR,CRE,HSB,0.909
SP001794,SP003585,LLD,CRE,BHM,10,CTR,CRE,WRX,0.909
SP001796,SP001798,PMH,WIN,ESL,10,ESL,XEW,,1.0
SP001796,SP001882,PMH,WIN,NEM,13,WIN,,MIC,1.0
SP001796,SP003035,PMH,WIN,NEM,13,WIN,,MIC,1.0
SP001796,SP003511,PMH,WIN,NEM,13,WIN,,MIC,1.0
SP001796,SP003545,PMH,WIN,NEM,11,XEW,SHW,WIN,0.846
SP001798,SP001882,PMH,ESL,NEM,10,ESL,,XEW,1.0
SP001798,SP003035,PMH,ESL,NEM,10,ESL,,XEW,1.0
SP001798,SP003511,PMH,ESL,NEM,10,ESL,,XEW,1.0
SP001798,SP003545,PMH,ESL,NEM,10,ESL,,XEW,1.0
SP001800,SP004313,SNS,QRB,QRB,7,RMD,BNS,NSH,0.7
SP001802,SP001860,MCV,HBL,WGN,10,HIN,WGW,WGN,0.909
SP001802,SP002019,MCV,HBL,WGW,10,HIN,WGW,INC,0.833
SP001802,SP002390,MCV,HBL,SOP,11,WGW,PEM,GST,0.688
SP001802,SP003824,MCV,HBL,WGW,11,WGW,PEM,,1.0
SP001803,SP002104,BHM,LIV,SHR,6,WVH,XBJ,COS,0.462
SP001803,SP002108,BHM,LIV,SHR,6,WVH,XBJ,CSL,0.429
SP001803,SP003023,BHM,LIV,CRE,10,CRE,WSF,,1.0
SP001803,SP003972,BHM,LIV,SHR,6,WVH,XBJ,BBK,0.353
SP001804,SP002078,CRE,EUS,BHM,5,WVH,DDP,CSY,0.357
SP001804,SP002646,CRE,EUS,BHM,6,DDP,SAD,XGQ,0.6
SP001806,SP003392,OXF,PAD,PAD,6,MAI,SLO,TAP,0.667
SP001806,SP004189,OXF,PAD,PAD,8,STL,PAD,WEA,0.889
SP001807,SP002179,EUS,GLC,GLC,10,MKC,XHN,WOL,0.27
SP001807,SP002202,EUS,GLC,WSL,8,XOD,BLY,LBZ,0.267
SP001807,SP002261,EUS,GLC,NMP,5,WFJ,XOE,KGL,0.294
SP001807,SP002647,EUS,GLC,MKC,5,WFJ,XOE,KGL,0.333
SP001807,SP002655,EUS,GLC,SAA,5,WFJ,XOE,WFN,0.455
SP001807,SP002872,EUS,GLC,CTR,19,CRE,WSF,CTR,0.95
SP001807,SP003031,EUS,GLC,MAN,17,XCO,STA,SNE,0.607
SP001807,SP003036,EUS,GLC,BHM,8,XOD,BLY,LBZ,0.286
SP001807,SP003114,EUS,GLC,LIV,13,RUG,NUN,COV,0.382
SP001807,SP003191,EUS,GLC,BPN,26,PRE,LAN,KKM,0.897
SP001807,SP003207,EUS,GLC,LIV,20,WSF,ACB,HTF,0.741
SP001807,SP003300,EUS,GLC,WRX,19,CRE,WSF,CTR,0.905
SP001807,SP003360,EUS,GLC,EDB,13,RUG,NUN,COV,0.351
SP001807,SP003475,EUS,GLC,WVH,11,XHN,XWZ,NMP,0.44
SP001807,SP003568,EUS,GLC,WVH,10,MKC,XHN,WOL,0.312
SP001807,SP003958,EUS,GLC,INV,13,RUG,NUN,COV,0.351
SP001807,SP004012,EUS,GLC,GLC,11,XHN,XWZ,NMP,0.297
SP001807,SP004017,EUS,GLC,PRE,15,XIM,XOI,TAM,0.536
SP001807,SP004025,EUS,GLC,PRE,26,PRE,LAN,,1.0
SP001807,SP004034,EUS,GLC,CRE,13,RUG,NUN,COV,0.406
SP001807,SP004036,EUS,GLC,GLC,10,MKC,XHN,WOL,0.27
SP001807,SP004111,EUS,GLC,GLC,10,MKC,XHN,WOL,0.27
SP001807,SP004131,EUS,GLC,BHM,5,WFJ,XOE,KGL,0.156
SP001807,SP004188,EUS,GLC,CRE,15,XIM,XOI,TAM,0.714
SP001807,SP004207,EUS,GLC,CRE,13,RUG,NUN,COV,0.464
SP001807,SP004232,EUS,GLC,INV,10,MKC,XHN,WOL,0.27
SP001807,SP004384,EUS,GLC,WVH,13,RUG,NUN,COV,0.542
SP001807,SP004399,EUS,GLC,GLC,34,LOC,SDM,WSH,0.944
SP001807,SP004433,EUS,GLC,NMP,8,XOD,BLY,LBZ,0.571
SP001807,SP004516,EUS,GLC,GLC,25,XOU,PRE,LAN,0.676
SP001807,SP004529,EUS,GLC,BHM,5,WFJ,XOE,KGL,0.161
SP001808,SP003430,BDW,RDG,PAD,8,RDG,,TWY,1.0
SP001808,SP004571,BDW,RDG,PAD,6,THE,RDW,RDG,0.75
SP001810,SP001962,LIV,MAN,MCO,6,HNX,HED,HGN,0.4
SP001810,SP002918,LIV,MAN,MCO,6,HNX,HED,HGN,0.4
SP001810,SP002923,LIV,MAN,MCO,6,HNX,HED,HGN,0.4
SP001810,SP002926,LIV,MAN,MCO,6,HNX,HED,HGN,0.4
SP001810,SP002927,LIV,MAN,MCO,6,HNX,HED,HGN,0.4
SP001810,SP004056,LIV,MAN,WAC,11,WAC,BWD,,1.0
SP001810,SP004471,LIV,MAN,WAC,9,WID,WAW,SNK,0.818
SP001810,SP004472,LIV,MAN,WAC,9,WID,WAW,SNK,0.75
SP001812,SP001944,EDB,HNT,ABD,6,LDY,BYF,CUP,0.4
SP001812,SP003718,EDB,HNT,ABD,5,KDY,LDY,MNC,0.333
SP001814,SP003341,WFJ,IMW,ECR,10,IMW,,WSW,1.0
SP001815,SP003099,LIV,MCV,WGN,9,NLW,ECC,WGN,0.9
SP001815,SP003233,LIV,MCV,MIA,5,RNH,LEG,SHJ,0.417
SP001815,SP004077,LIV,MCV,NCL,10,ECC,SFD,DGT,0.833
SP001816,SP003128,RCC,LDS,MAN,13,LDS,,MLY,1.0
SP001818,SP002238,CTR,BHI,BHI,11,COS,ALB,WVH,0.55
SP001818,SP002847,CTR,BHI,SHR,6,SHR,XSY,,1.0
SP001818,SP003197,CTR,BHI,CDF,6,SHR,XSY,CTT,0.375
SP001819,SP002175,BTN,CBG,BDM,32,SPL,XKB,KTN,0.667
SP001819,SP002177,BTN,CBG,CBG,5,XKM,WVF,HHE,0.135
SP001819,SP002221,BTN,CBG,BDM,32,SPL,XKB,KTN,0.653
SP001819,SP002242,BTN,CBG,CBG,10,GTW,HOR,ELD,0.256
SP001819,SP002246,BTN,CBG,BDM,10,GTW,HOR,ELD,0.303
SP001819,SP002474,BTN,CBG,BDM,13,ELD,XJS,RDH,0.265
SP001819,SP002724,BTN,CBG,BAL,5,XKM,WVF,HHE,0.357
SP001819,SP002841,BTN,CBG,BDM,13,ELD,XJS,RDH,0.289
SP001819,SP003141,BTN,CBG,BDM,11,HOR,SAF,ELD,0.268
SP001819,SP003395,BTN,CBG,BDM,10,GTW,HOR,ELD,0.278
SP001819,SP003399,BTN,CBG,BDM,10,GTW,HOR,ELD,0.25
SP001819,SP003546,BTN,CBG,BAL,5,XKM,WVF,HHE,0.357
SP001819,SP003588,BTN,CBG,BDM,13,ELD,XJS,RDH,0.302
SP001819,SP003809,BTN,CBG,WSW,10,GTW,HOR,SAF,0.435
SP001819,SP003989,BTN,CBG,BAK,5,XKM,WVF,HHE,0.278
SP001819,SP004194,BTN,CBG,BDM,13,ELD,XJS,RDH,0.265
SP001819,SP004487,BTN,CBG,BDM,10,GTW,HOR,ELD,0.263
SP001819,SP004582,BTN,CBG,BDM,10,GTW,HOR,SAF,0.233
SP001820,SP002994,STP,COR,DBY,13,COR,,XMJ,1.0
SP001820,SP003423,STP,COR,DBY,6,SAC,LTN,LUT,0.462
SP001822,SP002137,PNZ,PAD,PAD,10,LSK,SGM,MEN,0.286
SP001822,SP002867,PNZ,PAD,PAD,12,STS,PLY,SBF,0.3
SP001822,SP003367,PNZ,PAD,PAD,20,EXD,EXC,TVP,0.541
SP001823,SP001838,PAD,SWA,SWA,8,DID,XJF,SWI,0.4
SP001823,SP001939,PAD,SWA,RDG,6,RDG,GOR,,1.0
SP001823,SP002174,PAD,SWA,WSM,8,DID,XJF,SWI,0.5
SP001823,SP002183,PAD,SWA,WSM,8,DID,XJF,SWI,0.471
SP001823,SP002209,PAD,SWA,EXD,6,RDG,GOR,THE,0.375
SP001823,SP002216,PAD,SWA,NQY,6,RDG,GOR,THE,0.286
SP001823,SP002711,PAD,SWA,BDW,6,RDG,GOR,THE,0.5
SP001823,SP003385,PAD,SWA,PGN,6,RDG,GOR,THE,0.286
SP001823,SP003417,PAD,SWA,CDF,8,DID,XJF,SWI,0.533
SP001823,SP003420,PAD,SWA,WOS,8,DID,XJF,SWI,0.471
SP001823,SP003428,PAD,SWA,WSB,6,RDG,GOR,THE,0.429
SP001823,SP003429,PAD,SWA,CMN,8,DID,XJF,SWI,0.381
SP001823,SP003434,PAD,SWA,SWA,8,DID,XJF,SWI,0.381
SP001823,SP003440,PAD,SWA,SWA,8,DID,XJF,SWI,0.381
SP001823,SP003448,PAD,SWA,TAU,8,DID,XJF,SWI,0.421
SP001823,SP003480,PAD,SWA,PNZ,6,RDG,GOR,THE,0.286
SP001823,SP003666,PAD,SWA,TAU,8,DID,XJF,SWI,0.4
SP001823,SP003788,PAD,SWA,SWA,8,DID,XJF,SWI,0.381
SP001823,SP004186,PAD,SWA,FRO,6,RDG,GOR,THE,0.4
SP001823,SP004248,PAD,SWA,WPH,7,GOR,DID,OXF,0.412
SP001823,SP004338,PAD,SWA,BPW,8,DID,XJF,SWI,0.8
SP001823,SP004416,PAD,SWA,BDW,6,RDG,GOR,RDW,0.375
SP001823,SP004476,PAD,SWA,BAN,7,GOR,DID,OXF,0.636
SP001823,SP004599,PAD,SWA,WOS,8,DID,XJF,SWI,0.571
SP001826,SP002454,CLE,NNG,SHF,5,BTB,MKR,BGG,0.455
SP001826,SP003537,CLE,NNG,SHF,5,BTB,MKR,SCU,0.455
SP001829,SP001831,QRB,TWI,HOU,11,HOU,WTN,,1.0
SP001829,SP003557,QRB,TWI,WOK,11,HOU,WTN,FEL,0.846
SP001830,SP003454,BAL,BTN,ORE,9,SAF,GTW,HOR,0.529
SP001831,SP003557,QRB,HOU,WOK,11,HOU,,FEL,1.0
SP001837,SP001856,PMS,NEM,NEM,5,HAV,RLN,PTR,0.278
SP001837,SP002129,PMS,NEM,LIT,5,HAV,RLN,WBL,0.333
SP001838,SP001939,PAD,SWA,RDG,6,RDG,GOR,,1.0
SP001838,SP002174,PAD,SWA,WSM,9,SWI,BPW,CPM,0.562
SP001838,SP002183,PAD,SWA,WSM,9,SWI,BPW,CPM,0.529
SP001838,SP002209,PAD,SWA,EXD,6,RDG,GOR,THE,0.375
SP001838,SP002216,PAD,SWA,NQY,6,RDG,GOR,THE,0.3
SP001838,SP002711,PAD,SWA,BDW,6,RDG,GOR,THE,0.5
SP001838,SP003385,PAD,SWA,PGN,6,RDG,GOR,THE,0.3
SP001838,SP003417,PAD,SWA,CDF,15,CDF,PYC,,1.0
SP001838,SP003420,PAD,SWA,WOS,9,SWI,BPW,KEM,0.529
SP001838,SP003428,PAD,SWA,WSB,6,RDG,GOR,THE,0.429
SP001838,SP003429,PAD,SWA,CMN,20,SWA,,GWN,1.0
SP001838,SP003434,PAD,SWA,SWA,15,CDF,PYC,NNP,0.75
SP001838,SP003440,PAD,SWA,SWA,15,CDF,PYC,CAD,0.75
SP001838,SP003448,PAD,SWA,TAU,9,SWI,BPW,CPM,0.474
SP001838,SP003480,PAD,SWA,PNZ,6,RDG,GOR,THE,0.3
SP001838,SP003666,PAD,SWA,TAU,9,SWI,BPW,CPM,0.45
SP001838,SP003788,PAD,SWA,SWA,9,SWI,BPW,CPM,0.45
SP001838,SP004186,PAD,SWA,FRO,6,RDG,GOR,THE,0.4
SP001838,SP004248,PAD,SWA,WPH,7,GOR,DID,OXF,0.412
SP001838,SP004338,PAD,SWA,BPW,10,BPW,PWY,,1.0
SP001838,SP004416,PAD,SWA,BDW,6,RDG,GOR,RDW,0.375
SP001838,SP004476,PAD,SWA,BAN,7,GOR,DID,OXF,0.636
SP001838,SP004599,PAD,SWA,WOS,9,SWI,BPW,KEM,0.643
SP001844,SP001845,WEY,SOU,BMH,8,POO,PKS,BSM,0.8
SP001844,SP002488,WEY,SOU,WOK,21,SOU,,SDN,1.0
SP001844,SP003903,WEY,SOU,NEM,6,WRM,HAM,HOL,0.286
SP001844,SP004466,WEY,SOU,NEM,21,SOU,,SDN,1.0
SP001845,SP002488,WEY,BMH,WOK,8,POO,BSM,PKS,0.8
SP001845,SP003903,WEY,BMH,NEM,6,WRM,HAM,HOL,0.6
SP001845,SP004466,WEY,BMH,NEM,8,POO,BSM,PKS,0.8
SP001846,SP001847,NRW,LIV,LIV,17,NOT,ILN,LGM,0.459
SP001846,SP002697,NRW,LIV,SSD,7,ELY,XYE,WBC,0.467
SP001846,SP002948,NRW,LIV,DBY,17,NOT,ILN,XTR,0.81
SP001846,SP003953,NRW,LIV,SHF,17,NOT,ILN,LGM,0.81
SP001846,SP004275,NRW,LIV,MAN,17,NOT,ILN,LGM,0.63
SP001846,SP004379,NRW,LIV,ELY,7,ELY,XYE,,1.0
SP001846,SP004518,NRW,LIV,LIV,13,GRA,ALK,BTF,0.342
SP001846,SP004628,NRW,LIV,LIV,13,GRA,ALK,BTF,0.342
SP001847,SP002697,NRW,LIV,SSD,7,ELY,XYE,WBC,0.467
SP001847,SP002948,NRW,LIV,DBY,17,NOT,LGM,XTR,0.81
SP001847,SP003953,NRW,LIV,SHF,21,SHF,GRN,,1.0
SP001847,SP004275,NRW,LIV,MAN,27,MAN,MCO,,1.0
SP001847,SP004379,NRW,LIV,ELY,7,ELY,XYE,,1.0
SP001847,SP004518,NRW,LIV,LIV,13,GRA,ALK,BTF,0.351
SP001847,SP004628,NRW,LIV,LIV,13,GRA,ALK,BTF,0.351
SP001848,SP002360,STP,SHF,DBY,19,KET,MHR,COR,0.633
SP001848,SP002461,STP,SHF,NOT,24,XTG,LGE,XTR,0.857
SP001848,SP004144,STP,SHF,COR,19,KET,MHR,COR,0.95
SP001849,SP001850,NEM,SOU,FRM,15,HAV,BDH,CSA,0.833
SP001851,SP002273,GLC,MIA,MIA,12,XOU,BSV,CRL,0.571
SP001851,SP004000,GLC,MIA,EUS,12,XOU,BSV,EBA,0.429
SP001851,SP004365,GLC,MIA,EUS,12,XOU,BSV,WGN,0.429
SP001853,SP002339,NMP,EUS,EUS,12,WFJ,BSH,HRW,0.75
SP001856,SP002129,PMS,NEM,LIT,5,HAV,PTR,WBL,0.333
SP001857,SP001861,ORE,BTN,BTN,5,BEX,CLL,PEV,0.294
SP001857,SP002277,ORE,BTN,BTN,7,COB,PEV,NSB,0.333
SP001857,SP002476,ORE,BTN,BTN,5,BEX,CLL,PEV,0.312
SP001857,SP002996,ORE,BTN,BAL,14,PLG,GLY,XRH,0.667
SP001857,SP003000,ORE,BTN,BAK,14,PLG,GLY,XRH,0.667
SP001857,SP003147,ORE,BTN,BTN,7,COB,PEV,NSB,0.333
SP001857,SP003149,ORE,BTN,BTN,7,COB,PEV,NSB,0.333
SP001857,SP003552,ORE,BTN,PLG,14,PLG,GLY,,1.0
SP001857,SP004120,ORE,BTN,BTN,5,BEX,CLL,PEV,0.25
SP001857,SP004126,ORE,BTN,BTN,14,PLG,GLY,XRH,0.737
SP001857,SP004128,ORE,BTN,BTN,14,PLG,GLY,XRH,0.778
SP001858,SP001867,PMH,BTN,NEM,6,HAV,EMS,RLN,0.3
SP001858,SP003439,PMH,BTN,GLD,6,HAV,EMS,RLN,0.375
SP001860,SP002019,MCV,WGN,WGW,10,HIN,WGN,INC,0.909
SP001860,SP002390,MCV,WGN,SOP,10,HIN,WGN,WGW,0.909
SP001860,SP003824,MCV,WGN,WGW,10,HIN,WGN,WGW,0.909
SP001861,SP002277,ORE,BTN,BTN,5,BEX,PEV,CLL,0.294
SP001861,SP002476,ORE,BTN,BTN,12,PLG,GLY,XRH,0.75
SP001861,SP002996,ORE,BTN,BAL,5,BEX,PEV,CLL,0.294
SP001861,SP003000,ORE,BTN,BAK,5,BEX,PEV,CLL,0.294
SP001861,SP003147,ORE,BTN,BTN,5,BEX,PEV,CLL,0.294
SP001861,SP003149,ORE,BTN,BTN,5,BEX,PEV,CLL,0.294
SP001861,SP003552,ORE,BTN,PLG,5,BEX,PEV,CLL,0.357
SP001861,SP004120,ORE,BTN,BTN,12,PLG,GLY,BRK,0.706
SP001861,SP004126,ORE,BTN,BTN,5,BEX,PEV,CLL,0.294
SP001861,SP004128,ORE,BTN,BTN,5,BEX,PEV,CLL,0.294
SP001863,SP004276,YRK,BBN,BPN,14,BBN,,MLH,1.0
SP001867,SP003439,PMH,NEM,GLD,16,GLD,WPL,,1.0
SP001869,SP001940,INV,EDB,ABD,12,ABD,STN,,1.0
SP001869,SP002148,INV,EDB,ELG,5,ELG,KEH,,1.0
SP001871,SP003095,BDI,LDS,KGX,5,MIR,DEW,WKK,0.5
SP001872,SP003665,HFX,HUL,LDS,5,LDS,CRG,,1.0
SP001874,SP002964,MAN,CLY,SHF,9,MPL,SRN,NMC,0.75
SP001875,SP002673,LIV,CLE,NOT,5,HGN,WAC,WID,0.208
SP001875,SP003089,LIV,CLE,WAC,5,HGN,WAC,WAW,0.714
SP001875,SP003115,LIV,CLE,NOT,5,HGN,WAC,WID,0.2
SP001875,SP003496,LIV,CLE,SHF,12,MAN,SPT,ABY,0.571
SP001875,SP003657,LIV,CLE,NCL,7,BWD,IRL,DGT,0.219
SP001875,SP004143,LIV,CLE,NRW,5,HGN,WAC,WID,0.156
SP001875,SP004261,LIV,CLE,DON,18,GRN,DOR,SHF,0.818
SP001875,SP004268,LIV,CLE,MIA,12,MAN,SPT,HDG,0.857
SP001875,SP004269,LIV,CLE,NRW,5,HGN,WAC,WID,0.156
SP001876,SP001877,EDB,PNZ,KGX,14,YRK,CHF,DON,0.333
SP001876,SP002344,EDB,PNZ,KGX,14,YRK,CHF,DON,0.359
SP001876,SP002854,EDB,PNZ,NCL,8,MPT,NCL,CRM,0.8
SP001876,SP002942,EDB,PNZ,KGX,10,DHM,DAR,NTR,0.323
SP001876,SP002958,EDB,PNZ,KGX,14,YRK,CHF,DON,0.438
SP001876,SP003384,EDB,PNZ,BRI,47,BRI,BWT,,1.0
SP001876,SP003476,EDB,PNZ,KGX,14,YRK,CHF,DON,0.412
SP001876,SP004602,EDB,PNZ,KGX,14,YRK,CHF,DON,0.326
SP001877,SP002344,EDB,KGX,KGX,27,SVG,KBW,HFN,0.692
SP001877,SP002854,EDB,KGX,NCL,8,MPT,NCL,CRM,0.8
SP001877,SP002942,EDB,KGX,KGX,10,DHM,DAR,NTR,0.323
SP001877,SP002958,EDB,KGX,KGX,21,HUN,SNO,SDY,0.656
SP001877,SP003384,EDB,KGX,BRI,14,YRK,DON,CHF,0.333
SP001877,SP003476,EDB,KGX,KGX,21,HUN,SNO,SDY,0.618
SP001877,SP004602,EDB,KGX,KGX,34,HDW,OKL,NBA,0.81
SP001878,SP004589,NCL,RDG,KGX,7,DON,MEX,RET,0.2
SP001880,SP002020,KGX,BEV,PBO,9,HIT,BIW,ARL,0.562
SP001880,SP002363,KGX,BEV,LET,5,PBR,WGC,HAT,0.385
SP001880,SP002914,KGX,BEV,KLN,9,HIT,BIW,LET,0.36
SP001880,SP002953,KGX,BEV,EDB,19,DON,SBY,THI,0.731
SP001880,SP003540,KGX,BEV,GLQ,19,DON,SBY,THI,0.731
SP001880,SP003600,KGX,BEV,CBG,9,HIT,BIW,LET,0.474
SP001880,SP003669,KGX,BEV,INV,19,DON,SBY,YRK,0.731
SP001882,SP003035,PMH,NEM,NEM,15,BSK,HOK,FNB,0.789
SP001882,SP003511,PMH,NEM,NEM,21,WOK,BFN,SUR,0.913
SP001882,SP003545,PMH,NEM,NEM,11,XEW,SHW,WIN,0.44
SP001883,SP001892,CHX,HGS,DVP,11,TON,HIB,PDW,0.5
SP001883,SP002537,CHX,HGS,TBW,5,HGR,GRP,CFB,0.227
SP001883,SP002807,CHX,HGS,DVP,11,TON,HIB,PDW,0.5
SP001883,SP002976,CHX,HGS,CBW,11,TON,HIB,PDW,0.524
SP001883,SP003387,CHX,HGS,DVP,11,TON,HIB,PDW,0.5
SP001883,SP003400,CHX,HGS,RAM,11,TON,HIB,PDW,0.5
SP001883,SP004546,CHX,HGS,HGS,17,BAT,CWU,XOP,0.85
SP001883,SP004547,CHX,HGS,HGS,6,GRP,CIT,ESD,0.273
SP001883,SP004549,CHX,HGS,HGS,9,ORP,SEV,CLD,0.409
SP001883,SP004551,CHX,HGS,HGS,13,TBW,WAD,FRT,0.591
SP001885,SP003039,CRE,EUS,NMP,11,RUG,XWZ,LBK,0.846
SP001885,SP003329,CRE,EUS,RUG,11,RUG,XWZ,,1.0
SP001886,SP002301,SPX,PBN,BXS,15,XXX,PBN,BXS,0.938
SP001886,SP002311,SPX,PBN,AMS,15,XXX,PBN,BXS,0.938
SP001887,SP003152,XVJ,RAM,RAM,9,XMU,SAY,SMY,0.281
SP001887,SP003155,XVJ,RAM,GLM,9,XMU,SAY,SMY,0.45
SP001887,SP003334,XVJ,RAM,AFK,8,XLY,XMU,XPE,0.533
SP001887,SP003576,XVJ,RAM,AFK,9,XMU,SAY,SMY,0.409
SP001888,SP004351,MAR,AFK,SPX,10,AFK,,XIW,1.0
SP001888,SP004357,MAR,AFK,SPX,10,AFK,,XIW,1.0
SP001889,SP002055,WGC,KGX,MOG,10,AAP,FPK,HGY,0.769
SP001892,SP002537,CHX,DVP,TBW,5,HGR,GRP,CFB,0.208
SP001892,SP002807,CHX,DVP,DVP,22,FKC,FKE,DVP,0.957
SP001892,SP002976,CHX,DVP,CBW,17,AFK,WHA,WYE,0.81
SP001892,SP003387,CHX,DVP,DVP,15,HCN,PLC,AFK,0.652
SP001892,SP003400,CHX,DVP,RAM,24,DVP,,XUK,1.0
SP001892,SP004546,CHX,DVP,HGS,11,TON,PDW,HIB,0.55
SP001892,SP004547,CHX,DVP,HGS,6,GRP,CIT,ESD,0.25
SP001892,SP004549,CHX,DVP,HGS,9,ORP,SEV,CLD,0.375
SP001892,SP004551,CHX,DVP,HGS,11,TON,PDW,HIB,0.5
SP001893,SP001895,CST,DVP,RAM,19,AFK,WHA,WYE,0.731
SP001893,SP002910,CST,DVP,TBW,13,TON,PDW,HIB,0.867
SP001893,SP003122,CST,DVP,CST,6,HGR,GRP,LEE,0.231
SP001893,SP003425,CST,DVP,TON,10,ORP,SEV,CLD,0.769
SP001893,SP004537,CST,DVP,DVP,8,CIT,XPE,XMU,0.308
SP001893,SP004538,CST,DVP,RAM,8,CIT,XPE,XMU,0.308
SP001895,SP002910,CST,RAM,TBW,13,TON,PDW,HIB,0.867
SP001895,SP003122,CST,RAM,CST,6,HGR,GRP,LEE,0.222
SP001895,SP003425,CST,RAM,TON,10,ORP,SEV,CLD,0.769
SP001895,SP004537,CST,RAM,DVP,8,CIT,XPE,XMU,0.286
SP001895,SP004538,CST,RAM,RAM,8,CIT,XPE,XMU,0.286
SP001897,SP003881,SOC,FST,FST,6,PSE,SFO,BSO,0.429
SP001897,SP003975,SOC,FST,FST,10,GRY,CFH,PFL,0.588
SP001898,SP003823,SRY,FST,FST,9,PSE,SFO,LAI,0.643
SP001898,SP003825,SRY,FST,FST,7,LES,BEF,PSE,0.5
SP001898,SP003827,SRY,FST,FST,7,LES,BEF,PSE,0.5
SP001898,SP003830,SRY,FST,FST,9,PSE,SFO,BSO,0.562
SP001898,SP003835,SRY,FST,FST,7,LES,BEF,PSE,0.438
SP001898,SP003848,SRY,FST,FST,9,PSE,SFO,BSO,0.562
SP001898,SP003850,SRY,FST,FST,9,PSE,SFO,BSO,0.6
SP001900,SP003874,PSE,FST,FST,10,WEH,LHS,FST,0.909
SP001900,SP003940,PSE,FST,FST,5,GRY,PFL,CFH,0.417
SP001901,SP004649,XVJ,BTH,HOV,11,WOK,FNB,BKO,0.579
SP001902,SP002786,BDQ,SKI,LAN,10,SKI,,GGV,1.0
SP001904,SP001905,XVJ,FKW,CBW,14,XRJ,RTR,GLM,0.538
SP001904,SP002398,XVJ,FKW,FKW,11,SAY,XWK,XOT,0.611
SP001905,SP002398,XVJ,CBW,FKW,11,SAY,XWK,XOT,0.611
SP001907,SP003362,BYI,CPH,BGD,14,CPH,,ABE,1.0
SP001907,SP003467,BYI,CPH,BGD,14,CPH,,ABE,1.0
SP001907,SP004262,BYI,CPH,YSM,14,CPH,,ABE,1.0
SP001909,SP003203,CDF,MST,CMN,5,BGN,WMI,PYL,0.455
SP001909,SP003748,CDF,MST,SWA,5,BGN,WMI,PYL,0.455
SP001910,SP002791,BHM,EUS,BHI,6,BHI,HIA,,1.0
SP001910,SP003271,BHM,EUS,COV,11,COV,RUG,,1.0
SP001915,SP001916,NCL,CAR,CAR,5,PRU,HEX,SKS,0.5
SP001915,SP001917,NCL,CAR,CAR,5,PRU,HEX,SKS,0.5
SP001915,SP002820,NCL,CAR,CAR,5,PRU,HEX,SKS,0.5
SP001915,SP002863,NCL,CAR,HEX,5,PRU,HEX,SKS,0.556
SP001916,SP001917,NCL,CAR,CAR,12,XRL,CAR,WRL,0.923
SP001916,SP002820,NCL,CAR,CAR,10,HDB,HWH,BLL,0.769
SP001916,SP002863,NCL,CAR,HEX,9,HEX,HDB,,1.0
SP001917,SP002820,NCL,CAR,CAR,10,HDB,HWH,BLL,0.714
SP001917,SP002863,NCL,CAR,HEX,9,HEX,HDB,,1.0
SP001920,SP001921,ZUM,ZHS,ZUM,7,ZTU,ZHS,ZUM,0.875
SP001920,SP001970,ZUM,ZHS,ZHA,7,ZTU,ZHS,ZHA,0.875
SP001920,SP002368,ZUM,ZHS,ZTH,7,ZTU,ZHS,ZTH,0.875
SP001920,SP002383,ZUM,ZHS,ZKB,7,ZTU,ZHS,ZKB,0.875
SP001920,SP002424,ZUM,ZHS,ZDE,7,ZTU,ZHS,ZDE,0.875
SP001921,SP001970,ZUM,ZUM,ZHA,7,ZTU,ZUM,ZHA,0.875
SP001921,SP002368,ZUM,ZUM,ZTH,7,ZTU,ZUM,ZTH,0.875
SP001921,SP002383,ZUM,ZUM,ZKB,7,ZTU,ZUM,ZKB,0.875
SP001921,SP002424,ZUM,ZUM,ZDE,7,ZTU,ZUM,ZDE,0.875
SP001922,SP001928,NCL,PRU,CAR,6,PRU,,SKS,1.0
SP001922,SP001945,NCL,PRU,CAR,6,PRU,,HEX,1.0
SP001922,SP001948,NCL,PRU,HEX,6,PRU,,SKS,1.0
SP001922,SP002924,NCL,PRU,CAR,6,PRU,,SKS,1.0
SP001925,SP002509,CAR,NCL,MBR,13,NCL,,BNR,1.0
SP001925,SP002545,CAR,NCL,MBR,13,NCL,,BNR,1.0
SP001925,SP002548,CAR,NCL,MBR,13,NCL,,BNR,1.0
SP001925,SP002813,CAR,NCL,MBR,8,HEX,PRU,CRB,0.615
SP001925,SP002816,CAR,NCL,NCL,8,HEX,PRU,CRB,0.615
SP001925,SP002821,CAR,NCL,NCL,8,HEX,PRU,CRB,0.615
SP001925,SP002929,CAR,NCL,HPL,8,HEX,PRU,CRB,0.615
SP001928,SP001945,NCL,CAR,CAR,6,PRU,SKS,HEX,0.429
SP001928,SP001948,NCL,CAR,HEX,7,SKS,HEX,RDM,0.7
SP001928,SP002924,NCL,CAR,CAR,7,SKS,HEX,RDM,0.467
SP001929,SP001969,EBN,AFK,AFK,12,TOK,WSE,DLH,0.706
SP001930,SP001947,HEX,MPT,NCL,8,MCE,DOT,NCL,0.889
SP001930,SP001949,HEX,MPT,NCL,10,NCL,MAS,,1.0
SP001930,SP002957,HEX,MPT,NNT,10,NCL,MAS,HEW,0.769
SP001933,SP001966,ZTH,ZHS,ZUM,7,ZTU,ZHS,ZUM,0.875
SP001936,SP002015,BTN,BOG,LIT,16,LIT,FOD,,1.0
SP001936,SP003094,BTN,BOG,SOU,15,XXA,LIT,FOD,0.789
SP001936,SP003127,BTN,BOG,PMS,15,XXA,LIT,FOD,0.789
SP001936,SP003307,BTN,BOG,HAV,11,WWO,DUR,ANG,0.579
SP001936,SP004227,BTN,BOG,CCH,15,XXA,LIT,FOD,0.833
SP001936,SP004230,BTN,BOG,CCH,11,WWO,DUR,ANG,0.688
SP001939,SP002174,PAD,RDG,WSM,6,RDG,,GOR,1.0
SP001939,SP002183,PAD,RDG,WSM,6,RDG,,GOR,1.0
SP001939,SP002209,PAD,RDG,EXD,6,RDG,,THE,1.0
SP001939,SP002216,PAD,RDG,NQY,6,RDG,,THE,1.0
SP001939,SP002711,PAD,RDG,BDW,6,RDG,,THE,1.0
SP001939,SP003385,PAD,RDG,PGN,6,RDG,,THE,1.0
SP001939,SP003417,PAD,RDG,CDF,6,RDG,,GOR,1.0
SP001939,SP003420,PAD,RDG,WOS,6,RDG,,GOR,1.0
SP001939,SP003428,PAD,RDG,WSB,6,RDG,,THE,1.0
SP001939,SP003429,PAD,RDG,CMN,6,RDG,,GOR,1.0
SP001939,SP003434,PAD,RDG,SWA,6,RDG,,GOR,1.0
SP001939,SP003440,PAD,RDG,SWA,6,RDG,,GOR,1.0
SP001939,SP003448,PAD,RDG,TAU,6,RDG,,GOR,1.0
SP001939,SP003480,PAD,RDG,PNZ,6,RDG,,THE,1.0
SP001939,SP003666,PAD,RDG,TAU,6,RDG,,GOR,1.0
SP001939,SP003788,PAD,RDG,SWA,6,RDG,,GOR,1.0
SP001939,SP004186,PAD,RDG,FRO,6,RDG,,THE,1.0
SP001939,SP004248,PAD,RDG,WPH,6,RDG,,GOR,1.0
SP001939,SP004338,PAD,RDG,BPW,6,RDG,,GOR,1.0
SP001939,SP004416,PAD,RDG,BDW,6,RDG,,RDW,1.0
SP001939,SP004476,PAD,RDG,BAN,6,RDG,,GOR,1.0
SP001939,SP004599,PAD,RDG,WOS,6,RDG,,GOR,1.0
SP001940,SP002148,INV,ABD,ELG,5,ELG,KEH,,1.0
SP001941,SP002038,GLC,KMK,AYR,6,KMK,,TRN,1.0
SP001941,SP002475,GLC,KMK,DMF,6,KMK,,AUK,1.0
SP001941,SP003229,GLC,KMK,GIR,6,KMK,,TRN,1.0
SP001942,SP002190,LDS,CAR,MCM,8,LPR,SET,GIG,0.471
SP001942,SP002213,LDS,CAR,RHD,11,RHD,DNT,,1.0
SP001942,SP002877,LDS,CAR,LAN,8,LPR,SET,GIG,0.533
SP001942,SP002890,LDS,CAR,CAR,7,HLD,LPR,SET,0.389
SP001944,SP003718,EDB,ABD,ABD,5,KDY,LDY,MNC,0.294
SP001945,SP001948,NCL,CAR,HEX,6,PRU,HEX,SKS,0.6
SP001945,SP002924,NCL,CAR,CAR,6,PRU,HEX,SKS,0.429
SP001946,SP002067,INV,EDB,EDB,9,PTH,GLE,DBL,0.562
SP001946,SP004319,INV,EDB,GLQ,9,PTH,GLE,DBL,0.6
SP001946,SP004321,INV,EDB,GLQ,12,STG,XGM,CRO,0.75
SP001947,SP001949,HEX,NCL,NCL,8,MCE,NCL,DOT,0.889
SP001947,SP002957,HEX,NCL,NNT,8,MCE,NCL,DOT,0.889
SP001948,SP002924,NCL,HEX,CAR,10,HEX,,HDB,1.0
SP001949,SP002957,HEX,NCL,NNT,10,NCL,,HEW,1.0
SP001951,SP003639,EDB,GLC,GLC,8,MTH,GLC,UDD,0.889
SP001952,SP002087,EDB,GLC,MTH,12,MTH,GLC,,1.0
SP001952,SP004448,EDB,GLC,GLC,7,KKN,CRS,LVG,0.538
SP001953,SP002636,MAN,MAC,ALD,5,CHU,BML,HTH,0.625
SP001953,SP003145,MAN,MAC,FGH,5,CHU,BML,HTH,0.5
SP001954,SP003262,EAD,TWI,STW,8,STW,TWI,,1.0
SP001956,SP002138,EDB,INV,INV,7,DBL,GLE,PTH,0.412
SP001956,SP002771,EDB,INV,INV,7,DBL,GLE,PTH,0.438
SP001956,SP003644,EDB,INV,INV,13,DLW,KIN,NWR,0.765
SP001956,SP004624,EDB,INV,ABD,7,DBL,GLE,PTH,0.438
SP001962,SP002918,LIV,MCO,MCO,7,HGN,WID,WAW,0.389
SP001962,SP002923,LIV,MCO,MCO,8,WID,WAW,WAC,0.444
SP001962,SP002926,LIV,MCO,MCO,7,HGN,WID,WAW,0.389
SP001962,SP002927,LIV,MCO,MCO,7,HGN,WID,WAW,0.35
SP001962,SP004056,LIV,MCO,WAC,6,HNX,HGN,HED,0.545
SP001962,SP004471,LIV,MCO,WAC,6,HNX,HGN,HED,0.545
SP001962,SP004472,LIV,MCO,WAC,6,HNX,HGN,HED,0.5
SP001968,SP004242,WFF,DMR,DMR,15,HYN,JOR,ANL,0.714
SP001970,SP002368,ZUM,ZHA,ZTH,7,ZTU,ZHA,ZTH,0.875
SP001970,SP002383,ZUM,ZHA,ZKB,7,ZTU,ZHA,ZKB,0.875
SP001970,SP002424,ZUM,ZHA,ZDE,7,ZTU,ZHA,ZDE,0.875
SP001971,SP004243,MTH,DMR,DMR,16,HYN,JOR,ANL,0.727
SP001972,SP002303,GLQ,OBN,OBN,14,LHA,FOC,TAY,0.824
SP001973,SP001974,OBN,GLQ,CNR,8,CNR,AUI,,1.0
SP001977,SP002382,MTS,ABD,INR,5,ABD,,DYC,1.0
SP001980,SP001983,LNK,GLC,GLC,5,MTH,BLH,UDD,0.625
SP001980,SP002428,LNK,GLC,MTH,5,MTH,BLH,,1.0
SP001983,SP002428,LNK,GLC,MTH,5,MTH,UDD,,1.0
SP001986,SP003732,ASB,GLC,GLC,11,PYG,HLW,GLC,0.917
SP001987,SP002106,BRI,PAD,PAD,9,MAI,SLO,TAP,0.75
SP001988,SP003749,COW,EDB,EDB,5,INK,EGY,NQU,0.625
SP001991,SP003042,NCL,MAN,LIV,8,CHF,CFD,MIK,0.4
SP001991,SP003146,NCL,MAN,LIV,8,CHF,CFD,MIK,0.4
SP001991,SP003157,NCL,MAN,YRK,7,YRK,CHF,,1.0
SP001992,SP001995,HLC,EDB,EDB,10,GRS,HYN,SCH,0.345
SP001992,SP002669,HLC,EDB,EDB,10,GRS,HYN,SCH,0.345
SP001992,SP002998,HLC,EDB,EDB,10,GRS,HYN,SCH,0.345
SP001992,SP003768,HLC,EDB,EDB,10,GRS,HYN,SCH,0.345
SP001992,SP003770,HLC,EDB,BHG,7,DMR,CYK,SIN,0.241
SP001992,SP003773,HLC,EDB,ADR,7,DMR,CYK,SIN,0.269
SP001992,SP003782,HLC,EDB,EDB,16,BLG,SLS,CAY,0.552
SP001993,SP003776,EDB,HLC,HLC,6,BHG,ARM,DRU,0.188
SP001993,SP003779,EDB,HLC,HLC,24,HYN,GRS,SCH,0.706
SP001993,SP003792,EDB,HLC,HLC,17,SLS,CAY,BLG,0.515
SP001993,SP003796,EDB,HLC,GRS,25,GRS,YOK,,1.0
SP001993,SP003893,EDB,HLC,MLN,11,ADR,COA,CBS,0.44
SP001993,SP003897,EDB,HLC,GRS,11,ADR,COA,CBS,0.524
SP001993,SP003902,EDB,HLC,MLN,24,HYN,GRS,ANL,0.828
SP001993,SP004316,EDB,HLC,ADR,11,ADR,COA,,1.0
SP001994,SP003898,BHG,HLC,MLN,9,SLS,BLG,CAY,0.429
SP001995,SP002669,HLC,EDB,EDB,17,BLG,CAY,SLS,0.548
SP001995,SP002998,HLC,EDB,EDB,26,DRU,CAC,BHG,0.812
SP001995,SP003768,HLC,EDB,EDB,17,BLG,CAY,SLS,0.548
SP001995,SP003770,HLC,EDB,BHG,7,DMR,CYK,SIN,0.226
SP001995,SP003773,HLC,EDB,ADR,7,DMR,CYK,SIN,0.269
SP001995,SP003782,HLC,EDB,EDB,10,GRS,SCH,HYN,0.294
SP001996,SP002000,WCK,INV,INV,23,DIN,CBD,MOO,0.92
SP001996,SP003797,WCK,INV,INV,11,BRA,DNO,GOL,0.423
SP001997,SP002001,INV,WCK,WCK,15,GOL,DNO,BRA,0.577
SP001997,SP003799,INV,WCK,DIN,5,DIN,ASS,,1.0
SP001997,SP003801,INV,WCK,IGD,7,IGD,FRN,,1.0
SP001997,SP003802,INV,WCK,ARD,10,ARD,CUA,,1.0
SP001997,SP003804,INV,WCK,TAI,9,TAI,ARD,,1.0
SP001997,SP003805,INV,WCK,KYL,5,DIN,ASS,GVE,0.294
SP001998,SP002346,BMV,FOK,LIF,19,FOK,,BUL,1.0
SP001998,SP002718,BMV,FOK,BHM,10,BHM,XOZ,,1.0
SP001998,SP004031,BMV,FOK,LIC,19,FOK,,BUL,1.0
SP002000,SP003797,WCK,INV,INV,11,BRA,DNO,GOL,0.44
SP002001,SP003799,INV,WCK,DIN,5,DIN,ASS,,1.0
SP002001,SP003801,INV,WCK,IGD,7,IGD,FRN,,1.0
SP002001,SP003802,INV,WCK,ARD,10,ARD,CUA,,1.0
SP002001,SP003804,INV,WCK,TAI,9,TAI,ARD,,1.0
SP002001,SP003805,INV,WCK,KYL,5,DIN,ASS,GVE,0.294
SP002004,SP004100,DDG,WOS,WOF,7,XOH,BMO,SMA,0.318
SP002004,SP004108,DDG,WOS,WOF,7,XOH,BMO,SMA,0.318
SP002004,SP004113,DDG,WOS,WOF,21,DTW,WOS,WOF,0.955
SP002005,SP002011,MCV,WGW,HBL,10,WGW,,PEM,1.0
SP002005,SP002012,MCV,WGW,HBL,6,ATN,HGF,DSY,0.6
SP002005,SP002018,MCV,WGW,WGN,6,ATN,HGF,DSY,0.75
SP002005,SP003433,MCV,WGW,HBL,6,ATN,HGF,DSY,0.6
SP002011,SP002012,MCV,HBL,HBL,6,ATN,HGF,DSY,0.462
SP002011,SP002018,MCV,HBL,WGN,6,ATN,HGF,DSY,0.75
SP002011,SP003433,MCV,HBL,HBL,6,ATN,HGF,DSY,0.429
SP002012,SP002018,MCV,HBL,WGN,7,DSY,WGW,WGN,0.875
SP002012,SP003433,MCV,HBL,HBL,7,DSY,WGW,HIN,0.538
SP002015,SP003094,BTN,LIT,SOU,15,XXA,LIT,FOD,0.938
SP002015,SP003127,BTN,LIT,PMS,15,XXA,LIT,FOD,0.938
SP002015,SP003307,BTN,LIT,HAV,11,WWO,DUR,ANG,0.688
SP002015,SP004227,BTN,LIT,CCH,15,XXA,LIT,FOD,0.938
SP002015,SP004230,BTN,LIT,CCH,11,WWO,DUR,ANG,0.688
SP002016,SP002070,MAN,BMH,EUS,7,CRE,ASG,STA,0.206
SP002018,SP003433,MCV,WGN,HBL,7,DSY,WGN,HIN,0.875
SP002019,SP002390,MCV,WGW,SOP,10,HIN,INC,WGW,0.833
SP002019,SP003824,MCV,WGW,WGW,10,HIN,INC,WGW,0.909
SP002020,SP002363,KGX,PBO,LET,5,PBR,WGC,HAT,0.385
SP002020,SP002914,KGX,PBO,KLN,9,HIT,ARL,LET,0.562
SP002020,SP002953,KGX,PBO,EDB,9,HIT,ARL,BIW,0.562
SP002020,SP003540,KGX,PBO,GLQ,9,HIT,ARL,BIW,0.562
SP002020,SP003600,KGX,PBO,CBG,9,HIT,ARL,LET,0.562
SP002020,SP003669,KGX,PBO,INV,9,HIT,ARL,BIW,0.562
SP002021,SP002455,HGS,HHE,HHE,6,COB,NSB,PEV,0.273
SP002021,SP002993,HGS,HHE,BAL,6,COB,NSB,PEV,0.25
SP002021,SP003135,HGS,HHE,BTN,19,LWS,CBR,FMR,0.826
SP002021,SP003138,HGS,HHE,BTN,7,NSB,PEB,PEV,0.318
SP002021,SP003142,HGS,HHE,BTN,19,LWS,CBR,FMR,0.864
SP002021,SP003144,HGS,HHE,BTN,19,LWS,CBR,FMR,0.905
SP002021,SP003530,HGS,HHE,BTN,6,COB,NSB,PEV,0.3
SP002023,SP002028,PBO,HRH,HRH,8,SVG,XGN,KBW,0.205
SP002023,SP002033,PBO,HRH,HRH,8,SVG,XGN,KBW,0.205
SP002023,SP003303,PBO,HRH,KGX,8,SVG,XGN,HFN,0.421
SP002023,SP003549,PBO,HRH,KGX,8,SVG,XGN,HFN,0.533
SP002023,SP003599,PBO,HRH,KGX,8,SVG,XGN,HFN,0.5
SP002023,SP003991,PBO,HRH,HRH,24,ECR,SCY,PUR,0.686
SP002023,SP003992,PBO,HRH,HRH,24,ECR,SCY,PUR,0.649
SP002023,SP003994,PBO,HRH,KGX,14,XKB,SPL,KGX,0.933
SP002023,SP003996,PBO,HRH,KGX,10,WGC,PBR,HAT,0.588
SP002023,SP004155,PBO,HRH,HRH,31,ELD,SAF,HOR,0.816
SP002023,SP004339,PBO,HRH,HRH,27,XJS,CDS,RDH,0.73
SP002023,SP004341,PBO,HRH,HRH,24,ECR,SCY,PUR,0.632
SP002024,SP002056,LDS,HBD,HUD,6,MIR,BGH,HUD,0.857
SP002024,SP002551,LDS,HBD,BDI,7,BGH,SOW,HFX,0.7
SP002024,SP003943,LDS,HBD,HUD,5,DEW,MIR,HUD,0.833
SP002024,SP004130,LDS,HBD,DEW,5,DEW,MIR,,1.0
SP002025,SP002030,HRH,PBO,PBO,15,PUR,PUO,ECR,0.375
SP002025,SP002191,HRH,PBO,WSW,7,GTW,HOR,SAF,0.35
SP002025,SP002834,HRH,PBO,PBO,19,NWD,ANZ,PNW,0.38
SP002026,SP002720,HRH,PBO,BAL,6,GTW,HOR,ELD,0.5
SP002026,SP003391,HRH,PBO,PBO,7,HOR,SAF,ELD,0.184
SP002026,SP003993,HRH,PBO,PBO,7,HOR,SAF,ELD,0.2
SP002026,SP004190,HRH,PBO,PBO,10,RDH,MHM,XJS,0.27
SP002026,SP004192,HRH,PBO,PBO,10,RDH,MHM,XJS,0.278
SP002026,SP004345,HRH,PBO,PBO,10,RDH,MHM,XJS,0.278
SP002026,SP004482,HRH,PBO,PBO,14,PUR,ECR,SCY,0.359
SP002027,SP004305,SPR,BHC,GRS,13,GRS,YOK,,1.0
SP002028,SP002033,PBO,HRH,HRH,38,IFI,LVN,FGT,0.95
SP002028,SP003303,PBO,HRH,KGX,8,SVG,KBW,HFN,0.421
SP002028,SP003549,PBO,HRH,KGX,8,SVG,KBW,HFN,0.533
SP002028,SP003599,PBO,HRH,KGX,8,SVG,KBW,HFN,0.5
SP002028,SP003991,PBO,HRH,HRH,8,SVG,KBW,XGN,0.229
SP002028,SP003992,PBO,HRH,HRH,8,SVG,KBW,XGN,0.216
SP002028,SP003994,PBO,HRH,KGX,8,SVG,KBW,XGN,0.533
SP002028,SP003996,PBO,HRH,KGX,8,SVG,KBW,XGN,0.471
SP002028,SP004155,PBO,HRH,HRH,8,SVG,KBW,XGN,0.211
SP002028,SP004339,PBO,HRH,HRH,8,SVG,KBW,XGN,0.216
SP002028,SP004341,PBO,HRH,HRH,8,SVG,KBW,XGN,0.211
SP002030,SP002191,HRH,PBO,WSW,7,GTW,HOR,SAF,0.35
SP002030,SP002834,HRH,PBO,PBO,15,PUR,ECR,PUO,0.375
SP002031,SP003655,BHC,SPR,ADR,9,DMR,CYK,SIN,0.375
SP002031,SP003661,BHC,SPR,ADR,9,DMR,CYK,SIN,0.375
SP002031,SP004302,BHC,SPR,DMR,9,DMR,CYK,,1.0
SP002032,SP002035,KMK,GLC,GLC,5,BRR,NIT,GLC,0.833
SP002033,SP003303,PBO,HRH,KGX,8,SVG,KBW,HFN,0.421
SP002033,SP003549,PBO,HRH,KGX,8,SVG,KBW,HFN,0.533
SP002033,SP003599,PBO,HRH,KGX,8,SVG,KBW,HFN,0.5
SP002033,SP003991,PBO,HRH,HRH,8,SVG,KBW,XGN,0.229
SP002033,SP003992,PBO,HRH,HRH,8,SVG,KBW,XGN,0.216
SP002033,SP003994,PBO,HRH,KGX,8,SVG,KBW,XGN,0.533
SP002033,SP003996,PBO,HRH,KGX,8,SVG,KBW,XGN,0.471
SP002033,SP004155,PBO,HRH,HRH,8,SVG,KBW,XGN,0.211
SP002033,SP004339,PBO,HRH,HRH,8,SVG,KBW,XGN,0.216
SP002033,SP004341,PBO,HRH,HRH,8,SVG,KBW,XGN,0.211
SP002037,SP002333,GLC,KMK,BRR,7,BRR,DNL,,1.0
SP002038,SP002475,GLC,AYR,DMF,6,KMK,TRN,AUK,0.6
SP002038,SP003229,GLC,AYR,GIR,10,AYR,,MAY,1.0
SP002039,SP003971,BHM,CDF,WOF,10,DTW,WOS,WOF,0.909
SP002039,SP004179,BHM,CDF,BRI,9,XSW,DTW,WOP,0.529
SP002042,SP002053,TBD,PBO,BDM,6,RDH,MHM,XJS,0.188
SP002042,SP002057,TBD,PBO,BDM,6,RDH,MHM,XJS,0.207
SP002042,SP002062,TBD,PBO,BDM,6,RDH,MHM,XJS,0.171
SP002042,SP002208,TBD,PBO,LUT,6,RDH,MHM,XJS,0.222
SP002042,SP002471,TBD,PBO,BDM,6,RDH,MHM,XJS,0.171
SP002042,SP003037,TBD,PBO,BDM,6,RDH,MHM,XJS,0.171
SP002042,SP003133,TBD,PBO,RDH,6,RDH,MHM,,1.0
SP002042,SP003629,TBD,PBO,BDM,6,RDH,MHM,XJS,0.171
SP002042,SP004196,TBD,PBO,BDM,6,RDH,MHM,XJS,0.171
SP002046,SP003322,HWV,SNF,ABX,14,WHX,SRA,CWX,0.778
SP002048,SP002547,YRK,HUL,HUL,7,GBD,BMF,BUH,0.778
SP002048,SP003407,YRK,HUL,BDT,5,SBY,HOW,WRS,0.417
SP002050,SP002315,GTW,BDM,RDZ,5,RDH,XJS,REI,0.227
SP002050,SP003593,GTW,BDM,BAL,7,PUR,SCY,PUO,0.467
SP002050,SP003603,GTW,BDM,WSW,5,RDH,XJS,MHM,0.294
SP002050,SP004119,GTW,BDM,RDH,5,RDH,XJS,,1.0
SP002051,SP002063,KMK,GIR,AYR,5,AYR,MAY,,1.0
SP002053,SP002057,TBD,BDM,BDM,25,HPD,LTN,LUT,0.862
SP002053,SP002062,TBD,BDM,BDM,8,PUR,SCY,PUO,0.25
SP002053,SP002208,TBD,BDM,LUT,27,LUT,LEA,,1.0
SP002053,SP002471,TBD,BDM,BDM,8,PUR,SCY,PUO,0.25
SP002053,SP003037,TBD,BDM,BDM,8,PUR,SCY,PUO,0.25
SP002053,SP003133,TBD,BDM,RDH,6,RDH,XJS,,1.0
SP002053,SP003629,TBD,BDM,BDM,10,ECR,NWD,SRC,0.312
SP002053,SP004196,TBD,BDM,BDM,8,PUR,SCY,PUO,0.25
SP002054,SP002151,BDM,TBD,TBD,26,XJS,RDH,CDS,0.812
SP002054,SP002165,BDM,TBD,EGR,6,LUT,LTN,HPD,0.188
SP002054,SP002259,BDM,TBD,TBD,6,LUT,LTN,HPD,0.222
SP002054,SP002981,BDM,TBD,BTN,10,HEN,CRI,BCZ,0.312
SP002054,SP003452,BDM,TBD,GTW,31,GTW,TBD,,1.0
SP002054,SP003483,BDM,TBD,BTN,10,HEN,CRI,BCZ,0.312
SP002056,SP002551,LDS,HUD,BDI,6,MIR,HUD,BGH,0.857
SP002056,SP003943,LDS,HUD,HUD,5,DEW,MIR,HUD,0.833
SP002056,SP004130,LDS,HUD,DEW,5,DEW,MIR,,1.0
SP002057,SP002062,TBD,BDM,BDM,8,PUR,SCY,PUO,0.276
SP002057,SP002208,TBD,BDM,LUT,25,HPD,LUT,LTN,0.926
SP002057,SP002471,TBD,BDM,BDM,8,PUR,SCY,PUO,0.276
SP002057,SP003037,TBD,BDM,BDM,8,PUR,SCY,PUO,0.276
SP002057,SP003133,TBD,BDM,RDH,6,RDH,XJS,,1.0
SP002057,SP003629,TBD,BDM,BDM,10,ECR,NWD,SRC,0.345
SP002057,SP004196,TBD,BDM,BDM,8,PUR,SCY,PUO,0.276
SP002062,SP002208,TBD,BDM,LUT,8,PUR,PUO,SCY,0.296
SP002062,SP002471,TBD,BDM,BDM,14,SYD,FOH,HPA,0.359
SP002062,SP003037,TBD,BDM,BDM,12,NWD,PNW,ANZ,0.293
SP002062,SP003133,TBD,BDM,RDH,6,RDH,XJS,,1.0
SP002062,SP003629,TBD,BDM,BDM,8,PUR,PUO,SCY,0.229
SP002062,SP004196,TBD,BDM,BDM,12,NWD,PNW,ANZ,0.293
SP002065,SP002066,SHR,BHM,BHM,9,WVH,CSY,DDP,0.643
SP002067,SP004319,INV,EDB,GLQ,11,STG,XGM,CRO,0.733
SP002067,SP004321,INV,EDB,GLQ,9,PTH,DBL,GLE,0.562
SP002068,SP003116,ABD,EDB,DON,14,INK,NQU,HYM,0.7
SP002071,SP002400,CRS,GLC,GLC,5,MTH,GLC,BLH,0.833
SP002073,SP002075,ABD,EDB,EDB,12,LDY,KDY,MNC,0.706
SP002073,SP002294,ABD,EDB,PTH,7,CAN,BYF,MON,0.583
SP002073,SP002373,ABD,EDB,MTS,5,MTS,ARB,,1.0
SP002073,SP003810,ABD,EDB,DEE,7,CAN,BYF,MON,0.7
SP002073,SP004310,ABD,EDB,GLQ,9,DEE,LEU,PTH,0.562
SP002073,SP004615,ABD,EDB,GLQ,9,DEE,LEU,PTH,0.529
SP002075,SP002294,ABD,EDB,PTH,7,CAN,BYF,MON,0.583
SP002075,SP002373,ABD,EDB,MTS,5,MTS,ARB,,1.0
SP002075,SP003810,ABD,EDB,DEE,7,CAN,BYF,MON,0.7
SP002075,SP004310,ABD,EDB,GLQ,9,DEE,LEU,PTH,0.562
SP002075,SP004615,ABD,EDB,GLQ,9,DEE,LEU,PTH,0.5
SP002077,SP003685,SSD,LST,TOM,6,CHN,XSG,BMD,0.75
SP002077,SP003747,SSD,LST,LST,6,CHN,XSG,BMD,0.545
SP002078,SP002646,CRE,BHM,BHM,5,WVH,CSY,DDP,0.5
SP002079,SP002083,LIV,BHM,BHM,7,ACB,HTF,WSF,0.389
SP002079,SP002113,LIV,BHM,CRE,7,ACB,HTF,WSF,0.778
SP002081,SP003111,LIV,BHM,EUS,10,STA,PKG,XCO,0.556
SP002081,SP004026,LIV,BHM,CRE,9,CRE,STA,,1.0
SP002083,SP002113,LIV,BHM,CRE,9,CRE,STA,,1.0
SP002084,SP002229,GLC,EUS,CRE,19,CRE,STA,,1.0
SP002084,SP003323,GLC,EUS,MIA,14,WGN,WBQ,ECC,0.7
SP002084,SP004009,GLC,EUS,EUS,13,XOU,WGN,EBA,0.351
SP002084,SP004033,GLC,EUS,EUS,20,STA,XCO,PKG,0.541
SP002084,SP004044,GLC,EUS,EUS,13,XOU,WGN,EBA,0.351
SP002085,SP002478,GLC,EDB,EDB,6,CRS,SLA,KKN,0.667
SP002087,SP004448,EDB,MTH,GLC,7,KKN,CRS,LVG,0.583
SP002088,SP002107,LST,SSD,CBG,8,BXB,HWN,RYN,0.667
SP002088,SP003684,LST,SSD,SSD,9,HWN,BIS,SST,0.818
SP002088,SP003795,LST,SSD,BIS,8,BXB,HWN,RYN,0.667
SP002088,SP003927,LST,SSD,ELY,6,BMD,CHN,WLC,0.5
SP002088,SP003930,LST,SSD,CMB,6,BMD,CHN,WLC,0.5
SP002088,SP003937,LST,SSD,CBG,9,HWN,BIS,HWM,0.75
SP002088,SP004065,LST,SSD,ELY,8,BXB,HWN,RYN,0.667
SP002088,SP004066,LST,SSD,CMB,9,HWN,BIS,HWM,0.75
SP002088,SP004073,LST,SSD,CMB,8,BXB,HWN,RYN,0.667
SP002088,SP004074,LST,SSD,CMB,9,HWN,BIS,SAW,0.75
SP002088,SP004076,LST,SSD,CBG,9,HWN,BIS,SAW,0.75
SP002088,SP004082,LST,SSD,HFE,5,TOM,BMD,PON,0.417
SP002088,SP004087,LST,SSD,HFE,5,TOM,BMD,PON,0.417
SP002088,SP004091,LST,SSD,HFE,5,TOM,BMD,NUM,0.417
SP002088,SP004170,LST,SSD,CMB,8,BXB,HWN,RYN,0.667
SP002088,SP004173,LST,SSD,CMB,11,SST,SSD,AUD,0.917
SP002088,SP004193,LST,SSD,CBG,9,HWN,BIS,HWM,0.75
SP002088,SP004567,LST,SSD,ELY,5,TOM,BMD,PON,0.417
SP002088,SP004569,LST,SSD,ELY,8,BXB,HWN,RYN,0.667
SP002088,SP004627,LST,SSD,SSD,9,HWN,BIS,SAW,0.75
SP002089,SP002172,GLC,ADS,AYR,7,KWN,STV,IRV,0.583
SP002089,SP002201,GLC,ADS,AYR,7,KWN,STV,IRV,0.583
SP002090,SP002320,ADS,GLC,GLC,9,LHW,JHN,HOZ,0.75
SP002092,SP002585,CRE,NOT,LCN,15,NOT,,CTO,1.0
SP002092,SP002587,CRE,NOT,LCN,8,TUT,DBY,PEA,0.533
SP002092,SP002589,CRE,NOT,LCN,15,NOT,,CTO,1.0
SP002092,SP002591,CRE,NOT,LCN,15,NOT,,CTO,1.0
SP002092,SP002593,CRE,NOT,LCN,15,NOT,,CTO,1.0
SP002092,SP002598,CRE,NOT,LCN,8,TUT,DBY,PEA,0.533
SP002092,SP002599,CRE,NOT,LCN,8,TUT,DBY,PEA,0.533
SP002092,SP003047,CRE,NOT,LCN,8,TUT,DBY,PEA,0.533
SP002095,SP002243,NOT,CRE,DBY,7,DBY,TUT,,1.0
SP002095,SP002607,NOT,CRE,CRE,7,DBY,TUT,PEA,0.438
SP002096,SP002206,BAK,SRS,EPD,7,SRS,,XGU,1.0
SP002096,SP002444,BAK,SRS,ECR,7,SRS,,ECR,1.0
SP002097,SP002136,GRK,GLC,GLC,5,CDY,BGS,PTG,0.556
SP002098,SP004067,CMB,LST,LST,12,BIS,SAW,HWN,0.571
SP002098,SP004068,CMB,LST,LST,15,HWN,RYN,BXB,0.652
SP002098,SP004079,CMB,LST,LST,18,CHN,XSG,BMD,0.783
SP002098,SP004178,CMB,LST,LST,13,SAW,HWM,HWN,0.565
SP002101,SP002163,AYR,GLC,GLC,9,DLY,LHW,GLG,0.692
SP002101,SP002772,AYR,GLC,GLC,10,LHW,JHN,MIN,0.769
SP002101,SP003834,AYR,GLC,GLC,9,DLY,LHW,GLG,0.692
SP002103,SP003577,CAR,GLC,DMF,5,DMF,SQH,,1.0
SP002104,SP002108,BHM,SHR,SHR,6,WVH,COS,CSL,0.462
SP002104,SP003023,BHM,SHR,CRE,6,WVH,COS,XBJ,0.6
SP002104,SP003972,BHM,SHR,SHR,6,WVH,COS,BBK,0.462
SP002107,SP003684,LST,CBG,SSD,8,BXB,RYN,HWN,0.727
SP002107,SP003795,LST,CBG,BIS,13,BIS,SST,,1.0
SP002107,SP003927,LST,CBG,ELY,6,BMD,CHN,WLC,0.286
SP002107,SP003930,LST,CBG,CMB,6,BMD,CHN,WLC,0.316
SP002107,SP003937,LST,CBG,CBG,8,BXB,RYN,HWN,0.444
SP002107,SP004065,LST,CBG,ELY,10,HWN,HWM,SAW,0.435
SP002107,SP004066,LST,CBG,CMB,8,BXB,RYN,HWN,0.348
SP002107,SP004073,LST,CBG,CMB,23,CBG,,CMB,1.0
SP002107,SP004074,LST,CBG,CMB,8,BXB,RYN,HWN,0.444
SP002107,SP004076,LST,CBG,CBG,8,BXB,RYN,HWN,0.471
SP002107,SP004082,LST,CBG,HFE,5,TOM,BMD,PON,0.357
SP002107,SP004087,LST,CBG,HFE,5,TOM,BMD,PON,0.333
SP002107,SP004091,LST,CBG,HFE,5,TOM,BMD,NUM,0.294
SP002107,SP004170,LST,CBG,CMB,10,HWN,HWM,SAW,0.435
SP002107,SP004173,LST,CBG,CMB,8,BXB,RYN,HWN,0.471
SP002107,SP004193,LST,CBG,CBG,8,BXB,RYN,HWN,0.364
SP002107,SP004567,LST,CBG,ELY,5,TOM,BMD,PON,0.217
SP002107,SP004569,LST,CBG,ELY,23,CBG,,CMB,1.0
SP002107,SP004627,LST,CBG,SSD,8,BXB,RYN,HWN,0.615
SP002108,SP003023,BHM,SHR,CRE,6,WVH,CSL,XBJ,0.6
SP002108,SP003972,BHM,SHR,SHR,6,WVH,CSL,BBK,0.429
SP002109,SP002497,WSM,PAD,CFN,6,PSN,BRI,BMT,0.462
SP002109,SP002568,WSM,PAD,BRI,6,PSN,BRI,BMT,0.75
SP002109,SP004514,WSM,PAD,BPW,6,PSN,BRI,BMT,0.6
SP002110,SP002710,TAU,PAD,CDF,9,BRI,BTH,FIT,0.6
SP002112,SP002531,BAK,EPS,HRH,10,EPS,,AHD,1.0
SP002112,SP002582,BAK,EPS,EPS,8,CHE,EWE,EPS,0.889
SP002112,SP003032,BAK,EPS,HRH,8,CHE,EWE,EPS,0.8
SP002112,SP003290,BAK,EPS,DKG,10,EPS,,AHD,1.0
SP002116,SP002117,GMV,BHM,BHM,9,LOB,NFD,KNN,0.643
SP002116,SP002125,GMV,BHM,BHM,9,LOB,NFD,KNN,0.692
SP002117,SP002125,GMV,BHM,BHM,11,SLY,UNI,FWY,0.846
SP002119,SP002712,GMV,BHM,PAD,5,WOS,DTW,WPH,0.333
SP002119,SP003242,GMV,BHM,BRI,5,WOS,DTW,XAY,0.357
SP002119,SP003437,GMV,BHM,PAD,5,WOS,DTW,WPH,0.333
SP002121,SP002122,HFD,BHM,BHM,8,WOF,WOS,DTW,0.444
SP002121,SP002309,HFD,BHM,PAD,9,WOS,DTW,WPH,0.474
SP002121,SP002864,HFD,BHM,PAD,9,WOS,DTW,WPH,0.474
SP002121,SP003443,HFD,BHM,PAD,9,WOS,DTW,WPH,0.474
SP002121,SP003875,HFD,BHM,BHM,8,WOF,WOS,DTW,0.444
SP002122,SP002309,HFD,BHM,PAD,8,WOF,DTW,WOS,0.444
SP002122,SP002864,HFD,BHM,PAD,8,WOF,DTW,WOS,0.444
SP002122,SP003443,HFD,BHM,PAD,8,WOF,DTW,WOS,0.444
SP002122,SP003875,HFD,BHM,BHM,14,KNN,SLY,XIR,0.778
SP002123,SP002323,GLC,GRK,GRK,5,PYG,BPT,PYJ,0.385
SP002123,SP004372,GLC,GRK,WMS,7,PTG,BGS,WNL,0.583
SP002124,SP003899,NEM,BSK,AON,7,BKO,FNB,AHV,0.583
SP002126,SP004030,BHM,LIF,FOK,10,FOK,BKT,,1.0
SP002126,SP004043,BHM,LIF,LIF,10,FOK,BKT,BUL,0.769
SP002133,SP002825,BHI,SHR,HHD,9,WVH,BBK,COS,0.45
SP002133,SP004583,BHI,SHR,MAN,9,WVH,BBK,COS,0.45
SP002137,SP002867,PNZ,PAD,PAD,10,LSK,MEN,SGM,0.286
SP002137,SP003367,PNZ,PAD,PAD,10,LSK,MEN,SGM,0.286
SP002138,SP002771,EDB,INV,INV,12,DLW,NWR,KIN,0.75
SP002138,SP003644,EDB,INV,INV,7,DBL,PTH,GLE,0.412
SP002138,SP004624,EDB,INV,ABD,8,PTH,DKD,DEE,0.5
SP002143,SP002147,NQY,PAD,PAD,18,CLC,BDW,WSB,0.643
SP002144,SP002297,MOG,HFN,WGC,7,HGY,HRN,AAP,0.412
SP002144,SP002299,MOG,HFN,WGC,7,HGY,HRN,AAP,0.467
SP002144,SP002342,MOG,HFN,GDH,15,GDH,CUF,,1.0
SP002144,SP002753,MOG,HFN,FPK,6,FPK,HGY,,1.0
SP002144,SP003174,MOG,HFN,LET,15,GDH,CUF,CWH,0.882
SP002144,SP003376,MOG,HFN,WGC,6,FPK,HGY,AAP,0.429
SP002145,SP002146,BHM,GMV,HFD,10,DTW,WOF,WOS,0.714
SP002145,SP004090,BHM,GMV,WOF,11,WOF,XHK,,1.0
SP002146,SP004090,BHM,HFD,WOF,10,DTW,WOS,WOF,0.909
SP002149,SP003074,MAN,YRK,YRK,10,MIR,DEW,WKK,0.588
SP002151,SP002165,BDM,TBD,EGR,6,LUT,LTN,HPD,0.188
SP002151,SP002259,BDM,TBD,TBD,6,LUT,LTN,HPD,0.222
SP002151,SP002981,BDM,TBD,BTN,10,HEN,CRI,BCZ,0.294
SP002151,SP003452,BDM,TBD,GTW,26,XJS,CDS,RDH,0.839
SP002151,SP003483,BDM,TBD,BTN,10,HEN,CRI,BCZ,0.294
SP002154,SP002218,BDM,EGR,BTN,5,LUT,HPD,LTN,0.132
SP002154,SP002470,BDM,EGR,TBD,5,LUT,HPD,LTN,0.132
SP002154,SP002766,BDM,EGR,BTN,5,LUT,HPD,LTN,0.143
SP002154,SP002831,BDM,EGR,BTN,5,LUT,HPD,LTN,0.132
SP002154,SP002850,BDM,EGR,BTN,5,LUT,HPD,LTN,0.132
SP002154,SP003040,BDM,EGR,TBD,5,LUT,HPD,LTN,0.152
SP002154,SP003132,BDM,EGR,TBD,5,LUT,HPD,LTN,0.152
SP002154,SP003389,BDM,EGR,BTN,5,LUT,HPD,LTN,0.135
SP002154,SP003401,BDM,EGR,BTN,5,LUT,HPD,LTN,0.143
SP002154,SP003491,BDM,EGR,BTN,5,LUT,HPD,LTN,0.135
SP002154,SP003627,BDM,EGR,TBD,5,LUT,HPD,LTN,0.143
SP002154,SP003758,BDM,EGR,BTN,5,LUT,HPD,LTN,0.139
SP002154,SP003861,BDM,EGR,BTN,5,LUT,HPD,LTN,0.132
SP002154,SP003865,BDM,EGR,BTN,5,LUT,HPD,LTN,0.132
SP002154,SP004203,BDM,EGR,BTN,5,LUT,HPD,LTN,0.132
SP002154,SP004204,BDM,EGR,BTN,5,LUT,HPD,LTN,0.135
SP002154,SP004596,BDM,EGR,TBD,5,LUT,HPD,LTN,0.139
SP002154,SP004598,BDM,EGR,BTN,5,LUT,HPD,LTN,0.132
SP002155,SP002164,CKL,LAN,LAN,18,CAK,GOS,KBK,0.75
SP002156,SP002161,CKL,LAN,BIF,16,BIF,ROO,,1.0
SP002156,SP002162,CKL,LAN,BIF,6,SSC,DRI,RAV,0.4
SP002156,SP002167,CKL,LAN,PRE,27,LAN,,PRE,1.0
SP002157,SP002176,EGR,BDM,XSU,5,OXT,WOH,SNR,0.385
SP002157,SP002247,EGR,BDM,WHP,5,OXT,WOH,SNR,0.263
SP002157,SP002262,EGR,BDM,XSU,15,XLJ,XMK,XSU,0.938
SP002157,SP003062,EGR,BDM,WSW,11,ECR,NWD,SRS,0.647
SP002157,SP004218,EGR,BDM,BDM,5,OXT,WOH,SNR,0.167
SP002157,SP004576,EGR,BDM,BAK,11,ECR,NWD,SRS,0.733
SP002158,SP003015,BIF,CKL,MLM,6,MLM,SIC,,1.0
SP002159,SP003587,CBG,BTN,KGX,10,SVG,XGN,HFN,0.588
SP002159,SP004008,CBG,BTN,KGX,16,XKB,SPL,KGX,0.941
SP002159,SP004481,CBG,BTN,BTN,29,ELD,GTW,SAF,0.806
SP002160,SP002170,LAN,CKL,CKL,23,SEL,SBS,BYS,0.92
SP002160,SP004265,LAN,CKL,BIF,6,GOS,KBK,CAK,0.6
SP002160,SP004267,LAN,CKL,MLM,17,MLM,SIC,,1.0
SP002161,SP002162,CKL,BIF,BIF,6,SSC,DRI,RAV,0.4
SP002161,SP002167,CKL,BIF,PRE,16,BIF,,ROO,1.0
SP002162,SP002167,CKL,BIF,PRE,6,SSC,RAV,DRI,0.4
SP002163,SP002772,AYR,GLC,GLC,9,DLY,GLG,LHW,0.643
SP002163,SP003834,AYR,GLC,GLC,15,PYG,GLC,HLW,0.938
SP002165,SP002259,BDM,EGR,TBD,22,ECR,SCY,PUR,0.815
SP002165,SP002981,BDM,EGR,BTN,6,LUT,HPD,LTN,0.188
SP002165,SP003452,BDM,EGR,GTW,6,LUT,HPD,LTN,0.194
SP002165,SP003483,BDM,EGR,BTN,6,LUT,HPD,LTN,0.188
SP002166,SP003102,BIF,LAN,MIA,12,LAN,,PRE,1.0
SP002166,SP004241,BIF,LAN,LAN,5,CAK,KBK,GOS,0.455
SP002166,SP004592,BIF,LAN,MIA,12,LAN,,PRE,1.0
SP002168,SP004217,BTN,CBG,CBG,17,BFR,CTK,ZFD,0.486
SP002168,SP004574,BTN,CBG,BDM,7,GTW,ELD,HOR,0.194
SP002168,SP004579,BTN,CBG,CBG,17,BFR,CTK,ZFD,0.486
SP002170,SP004265,LAN,CKL,BIF,6,GOS,KBK,CAK,0.6
SP002170,SP004267,LAN,CKL,MLM,17,MLM,SIC,,1.0
SP002171,SP002185,CBG,BTN,BTN,23,AAP,HRN,HGY,0.411
SP002171,SP002754,CBG,BTN,KGX,7,RYS,AWM,BDK,0.304
SP002171,SP002780,CBG,BTN,KGX,14,XGN,WGC,WLW,0.583
SP002171,SP002782,CBG,BTN,KGX,14,XGN,WGC,WLW,0.483
SP002171,SP003025,CBG,BTN,KGX,12,SVG,KBW,HFN,0.632
SP002171,SP003287,CBG,BTN,KGX,7,RYS,AWM,BDK,0.318
SP002171,SP003515,CBG,BTN,KGX,14,XGN,WGC,WLW,0.609
SP002172,SP002201,GLC,AYR,AYR,8,IRV,BSS,TRN,0.667
SP002173,SP002256,XSU,HRH,TBD,11,TBD,CRW,,1.0
SP002173,SP002498,XSU,HRH,EBN,11,TBD,CRW,HHE,0.786
SP002173,SP002506,XSU,HRH,LIT,11,TBD,CRW,HHE,0.786
SP002173,SP002516,XSU,HRH,BOG,14,HRH,,CHH,1.0
SP002173,SP002725,XSU,HRH,EGR,6,ECR,PUR,SCY,0.462
SP002173,SP002810,XSU,HRH,CAT,6,ECR,PUR,SCY,0.462
SP002173,SP003249,XSU,HRH,ECR,6,ECR,PUR,,1.0
SP002174,SP002183,PAD,WSM,WSM,15,WOR,WSM,WNM,0.938
SP002174,SP002209,PAD,WSM,EXD,6,RDG,GOR,THE,0.375
SP002174,SP002216,PAD,WSM,NQY,6,RDG,GOR,THE,0.375
SP002174,SP002711,PAD,WSM,BDW,6,RDG,GOR,THE,0.5
SP002174,SP003385,PAD,WSM,PGN,6,RDG,GOR,THE,0.375
SP002174,SP003417,PAD,WSM,CDF,9,SWI,CPM,BPW,0.6
SP002174,SP003420,PAD,WSM,WOS,9,SWI,CPM,KEM,0.562
SP002174,SP003428,PAD,WSM,WSB,6,RDG,GOR,THE,0.429
SP002174,SP003429,PAD,WSM,CMN,9,SWI,CPM,BPW,0.562
SP002174,SP003434,PAD,WSM,SWA,9,SWI,CPM,BPW,0.562
SP002174,SP003440,PAD,WSM,SWA,9,SWI,CPM,BPW,0.562
SP002174,SP003448,PAD,WSM,TAU,16,WSM,,HIG,1.0
SP002174,SP003480,PAD,WSM,PNZ,6,RDG,GOR,THE,0.375
SP002174,SP003666,PAD,WSM,TAU,15,WOR,WSM,WNM,0.938
SP002174,SP003788,PAD,WSM,SWA,12,BRI,NLS,FIT,0.75
SP002174,SP004186,PAD,WSM,FRO,6,RDG,GOR,THE,0.4
SP002174,SP004248,PAD,WSM,WPH,7,GOR,DID,OXF,0.438
SP002174,SP004338,PAD,WSM,BPW,9,SWI,CPM,BPW,0.9
SP002174,SP004416,PAD,WSM,BDW,6,RDG,GOR,RDW,0.375
SP002174,SP004476,PAD,WSM,BAN,7,GOR,DID,OXF,0.636
SP002174,SP004599,PAD,WSM,WOS,9,SWI,CPM,KEM,0.643
SP002175,SP002177,BTN,BDM,CBG,5,XKM,WVF,HHE,0.135
SP002175,SP002221,BTN,BDM,BDM,35,CRI,HEN,BCZ,0.729
SP002175,SP002242,BTN,BDM,CBG,10,GTW,HOR,ELD,0.256
SP002175,SP002246,BTN,BDM,BDM,10,GTW,HOR,ELD,0.303
SP002175,SP002474,BTN,BDM,BDM,13,ELD,XJS,RDH,0.271
SP002175,SP002724,BTN,BDM,BAL,5,XKM,WVF,HHE,0.357
SP002175,SP002841,BTN,BDM,BDM,13,ELD,XJS,RDH,0.289
SP002175,SP003141,BTN,BDM,BDM,11,HOR,SAF,ELD,0.268
SP002175,SP003395,BTN,BDM,BDM,10,GTW,HOR,ELD,0.278
SP002175,SP003399,BTN,BDM,BDM,10,GTW,HOR,ELD,0.25
SP002175,SP003546,BTN,BDM,BAL,5,XKM,WVF,HHE,0.357
SP002175,SP003588,BTN,BDM,BDM,13,ELD,XJS,RDH,0.302
SP002175,SP003809,BTN,BDM,WSW,10,GTW,HOR,SAF,0.435
SP002175,SP003989,BTN,BDM,BAK,5,XKM,WVF,HHE,0.278
SP002175,SP004194,BTN,BDM,BDM,13,ELD,XJS,RDH,0.271
SP002175,SP004487,BTN,BDM,BDM,10,GTW,HOR,ELD,0.263
SP002175,SP004582,BTN,BDM,BDM,10,GTW,HOR,SAF,0.233
SP002176,SP002247,EGR,XSU,WHP,12,XLJ,XSU,XMK,0.923
SP002176,SP002262,EGR,XSU,XSU,5,OXT,SNR,WOH,0.385
SP002176,SP003062,EGR,XSU,WSW,5,OXT,SNR,WOH,0.385
SP002176,SP004218,EGR,XSU,BDM,12,XLJ,XSU,XMK,0.923
SP002176,SP004576,EGR,XSU,BAK,5,OXT,SNR,WOH,0.385
SP002177,SP002221,BTN,CBG,BDM,5,XKM,HHE,WVF,0.135
SP002177,SP002242,BTN,CBG,CBG,5,XKM,HHE,WVF,0.135
SP002177,SP002246,BTN,CBG,BDM,5,XKM,HHE,WVF,0.152
SP002177,SP002474,BTN,CBG,BDM,5,XKM,HHE,WVF,0.135
SP002177,SP002724,BTN,CBG,BAL,12,ECR,NWD,SRS,0.857
SP002177,SP002841,BTN,CBG,BDM,5,XKM,HHE,WVF,0.135
SP002177,SP003141,BTN,CBG,BDM,5,XKM,HHE,WVF,0.135
SP002177,SP003395,BTN,CBG,BDM,5,XKM,HHE,WVF,0.139
SP002177,SP003399,BTN,CBG,BDM,5,XKM,HHE,WVF,0.135
SP002177,SP003546,BTN,CBG,BAL,9,ELD,XJS,RDH,0.643
SP002177,SP003588,BTN,CBG,BDM,5,XKM,HHE,WVF,0.135
SP002177,SP003809,BTN,CBG,WSW,5,XKM,HHE,WVF,0.217
SP002177,SP003989,BTN,CBG,BAK,8,GTW,ELD,SAF,0.444
SP002177,SP004194,BTN,CBG,BDM,5,XKM,HHE,WVF,0.135
SP002177,SP004487,BTN,CBG,BDM,5,XKM,HHE,WVF,0.135
SP002177,SP004582,BTN,CBG,BDM,5,XKM,HHE,WVF,0.135
SP002178,SP003358,EDB,ABD,GLT,7,INK,BTS,ROS,0.5
SP002178,SP003394,EDB,ABD,LEV,7,INK,BTS,ROS,0.438
SP002178,SP003761,EDB,ABD,COW,7,INK,BTS,ROS,0.636
SP002178,SP003833,EDB,ABD,GLT,7,INK,BTS,DAG,0.538
SP002178,SP003878,EDB,ABD,PTH,7,INK,BTS,ROS,0.412
SP002179,SP002202,EUS,GLC,WSL,8,XOD,BLY,LBZ,0.267
SP002179,SP002261,EUS,GLC,NMP,5,WFJ,XOE,KGL,0.294
SP002179,SP002647,EUS,GLC,MKC,5,WFJ,XOE,KGL,0.333
SP002179,SP002655,EUS,GLC,SAA,5,WFJ,XOE,WFN,0.455
SP002179,SP002872,EUS,GLC,CTR,10,MKC,WOL,XHN,0.5
SP002179,SP003031,EUS,GLC,MAN,10,MKC,WOL,XHN,0.357
SP002179,SP003036,EUS,GLC,BHM,8,XOD,BLY,LBZ,0.286
SP002179,SP003114,EUS,GLC,LIV,10,MKC,WOL,XHN,0.294
SP002179,SP003191,EUS,GLC,BPN,10,MKC,WOL,XHN,0.345
SP002179,SP003207,EUS,GLC,LIV,10,MKC,WOL,XHN,0.37
SP002179,SP003300,EUS,GLC,WRX,10,MKC,WOL,XHN,0.476
SP002179,SP003360,EUS,GLC,EDB,10,MKC,WOL,XHN,0.217
SP002179,SP003475,EUS,GLC,WVH,10,MKC,WOL,XHN,0.4
SP002179,SP003568,EUS,GLC,WVH,14,RUG,NUN,COV,0.438
SP002179,SP003958,EUS,GLC,INV,10,MKC,WOL,XHN,0.217
SP002179,SP004012,EUS,GLC,GLC,10,MKC,WOL,XHN,0.263
SP002179,SP004017,EUS,GLC,PRE,10,MKC,WOL,XHN,0.357
SP002179,SP004025,EUS,GLC,PRE,10,MKC,WOL,XHN,0.385
SP002179,SP004034,EUS,GLC,CRE,10,MKC,WOL,XHN,0.312
SP002179,SP004036,EUS,GLC,GLC,36,OXN,OXN,XIT,0.837
SP002179,SP004111,EUS,GLC,GLC,32,XOU,PRE,LAN,0.727
SP002179,SP004131,EUS,GLC,BHM,5,WFJ,XOE,KGL,0.156
SP002179,SP004188,EUS,GLC,CRE,10,MKC,WOL,XHN,0.476
SP002179,SP004207,EUS,GLC,CRE,10,MKC,WOL,XHN,0.357
SP002179,SP004232,EUS,GLC,INV,14,RUG,NUN,COV,0.304
SP002179,SP004384,EUS,GLC,WVH,10,MKC,WOL,XHN,0.417
SP002179,SP004399,EUS,GLC,GLC,10,MKC,WOL,XHN,0.278
SP002179,SP004433,EUS,GLC,NMP,8,XOD,BLY,LBZ,0.571
SP002179,SP004516,EUS,GLC,GLC,10,MKC,WOL,XHN,0.27
SP002179,SP004529,EUS,GLC,BHM,5,WFJ,XOE,KGL,0.161
SP002181,SP002227,CDF,BRI,PMH,6,FIT,SRD,BRI,0.667
SP002181,SP002231,CDF,BRI,PMH,6,FIT,SRD,BRI,0.667
SP002181,SP002328,CDF,BRI,TAU,6,FIT,SRD,BRI,0.667
SP002181,SP002379,CDF,BRI,BRI,6,FIT,SRD,BRI,0.857
SP002181,SP002392,CDF,BRI,EXD,6,FIT,SRD,BRI,0.667
SP002181,SP002394,CDF,BRI,PLY,6,FIT,SRD,BRI,0.667
SP002181,SP002395,CDF,BRI,EXD,6,FIT,SRD,BRI,0.667
SP002181,SP003379,CDF,BRI,PNZ,6,FIT,SRD,BRI,0.667
SP002181,SP003382,CDF,BRI,TAU,9,BRI,,BMT,1.0
SP002181,SP003414,CDF,BRI,PMH,6,FIT,SRD,BRI,0.667
SP002181,SP003427,CDF,BRI,FRO,6,FIT,SRD,BRI,0.667
SP002181,SP003469,CDF,BRI,PAD,5,PWY,FIT,BPW,0.556
SP002181,SP004249,CDF,BRI,PMH,6,FIT,SRD,BRI,0.667
SP002182,SP002215,BHM,LIV,LIV,11,WSF,ACB,HTF,0.611
SP002183,SP002209,PAD,WSM,EXD,6,RDG,GOR,THE,0.375
SP002183,SP002216,PAD,WSM,NQY,6,RDG,GOR,THE,0.353
SP002183,SP002711,PAD,WSM,BDW,6,RDG,GOR,THE,0.5
SP002183,SP003385,PAD,WSM,PGN,6,RDG,GOR,THE,0.353
SP002183,SP003417,PAD,WSM,CDF,9,SWI,CPM,BPW,0.6
SP002183,SP003420,PAD,WSM,WOS,9,SWI,CPM,KEM,0.529
SP002183,SP003428,PAD,WSM,WSB,6,RDG,GOR,THE,0.429
SP002183,SP003429,PAD,WSM,CMN,9,SWI,CPM,BPW,0.529
SP002183,SP003434,PAD,WSM,SWA,9,SWI,CPM,BPW,0.529
SP002183,SP003440,PAD,WSM,SWA,9,SWI,CPM,BPW,0.529
SP002183,SP003448,PAD,WSM,TAU,15,WOR,WNM,WSM,0.882
SP002183,SP003480,PAD,WSM,PNZ,6,RDG,GOR,THE,0.353
SP002183,SP003666,PAD,WSM,TAU,17,WSM,,HIG,1.0
SP002183,SP003788,PAD,WSM,SWA,12,BRI,NLS,FIT,0.706
SP002183,SP004186,PAD,WSM,FRO,6,RDG,GOR,THE,0.4
SP002183,SP004248,PAD,WSM,WPH,7,GOR,DID,OXF,0.412
SP002183,SP004338,PAD,WSM,BPW,9,SWI,CPM,BPW,0.9
SP002183,SP004416,PAD,WSM,BDW,6,RDG,GOR,RDW,0.375
SP002183,SP004476,PAD,WSM,BAN,7,GOR,DID,OXF,0.636
SP002183,SP004599,PAD,WSM,WOS,9,SWI,CPM,KEM,0.643
SP002185,SP002754,CBG,BTN,KGX,7,RYS,AWM,BDK,0.304
SP002185,SP002780,CBG,BTN,KGX,14,XGN,WGC,WLW,0.583
SP002185,SP002782,CBG,BTN,KGX,14,XGN,WGC,WLW,0.483
SP002185,SP003025,CBG,BTN,KGX,12,SVG,KBW,HFN,0.632
SP002185,SP003287,CBG,BTN,KGX,7,RYS,AWM,BDK,0.318
SP002185,SP003515,CBG,BTN,KGX,14,XGN,WGC,WLW,0.609
SP002189,SP003067,BTN,PMH,SOU,8,WWO,DUR,ANG,0.32
SP002189,SP003069,BTN,PMH,SOU,6,LAC,WRH,EWR,0.231
SP002189,SP003070,BTN,PMH,SOU,8,WWO,DUR,ANG,0.333
SP002189,SP003073,BTN,PMH,SOU,8,WWO,DUR,ANG,0.308
SP002189,SP003500,BTN,PMH,SOU,15,CCH,FSB,SOB,0.556
SP002189,SP004135,BTN,PMH,SOU,8,WWO,DUR,ANG,0.333
SP002190,SP002213,LDS,MCM,RHD,8,LPR,GIG,SET,0.727
SP002190,SP002877,LDS,MCM,LAN,15,LAN,BAR,,1.0
SP002190,SP002890,LDS,MCM,CAR,7,HLD,LPR,SET,0.412
SP002191,SP002834,HRH,WSW,PBO,7,GTW,SAF,HOR,0.35
SP002193,SP002804,CRE,LIV,LIV,7,ALE,WSA,MSH,0.7
SP002195,SP003595,WSW,EGR,GTW,8,SCY,SNR,PUO,0.533
SP002195,SP003822,WSW,EGR,TBD,8,SCY,SNR,PUO,0.471
SP002196,SP002230,WVH,RGL,EUS,5,SAD,XGQ,SGB,0.185
SP002196,SP003105,WVH,RGL,BHM,10,BHM,XOZ,,1.0
SP002196,SP003331,WVH,RGL,EUS,11,XOZ,DUD,SCF,0.407
SP002198,SP002200,AYR,GLC,GLC,7,DLY,LHW,GLG,0.583
SP002202,SP002261,EUS,WSL,NMP,5,WFJ,XOE,KGL,0.294
SP002202,SP002647,EUS,WSL,MKC,5,WFJ,XOE,KGL,0.333
SP002202,SP002655,EUS,WSL,SAA,5,WFJ,XOE,WFN,0.455
SP002202,SP002872,EUS,WSL,CTR,8,XOD,LBZ,BLY,0.4
SP002202,SP003031,EUS,WSL,MAN,8,XOD,LBZ,BLY,0.286
SP002202,SP003036,EUS,WSL,BHM,22,BHI,SCF,MGN,0.786
SP002202,SP003114,EUS,WSL,LIV,8,XOD,LBZ,BLY,0.267
SP002202,SP003191,EUS,WSL,BPN,8,XOD,LBZ,BLY,0.276
SP002202,SP003207,EUS,WSL,LIV,8,XOD,LBZ,BLY,0.296
SP002202,SP003300,EUS,WSL,WRX,8,XOD,LBZ,BLY,0.381
SP002202,SP003360,EUS,WSL,EDB,8,XOD,LBZ,BLY,0.267
SP002202,SP003475,EUS,WSL,WVH,8,XOD,LBZ,BLY,0.32
SP002202,SP003568,EUS,WSL,WVH,8,XOD,LBZ,BLY,0.267
SP002202,SP003958,EUS,WSL,INV,8,XOD,LBZ,BLY,0.267
SP002202,SP004012,EUS,WSL,GLC,8,XOD,LBZ,BLY,0.267
SP002202,SP004017,EUS,WSL,PRE,8,XOD,LBZ,BLY,0.286
SP002202,SP004025,EUS,WSL,PRE,8,XOD,LBZ,BLY,0.308
SP002202,SP004034,EUS,WSL,CRE,8,XOD,LBZ,BLY,0.267
SP002202,SP004036,EUS,WSL,GLC,8,XOD,LBZ,BLY,0.267
SP002202,SP004111,EUS,WSL,GLC,8,XOD,LBZ,BLY,0.267
SP002202,SP004131,EUS,WSL,BHM,5,WFJ,XOE,KGL,0.167
SP002202,SP004188,EUS,WSL,CRE,8,XOD,LBZ,BLY,0.381
SP002202,SP004207,EUS,WSL,CRE,8,XOD,LBZ,BLY,0.286
SP002202,SP004232,EUS,WSL,INV,8,XOD,LBZ,BLY,0.267
SP002202,SP004384,EUS,WSL,WVH,8,XOD,LBZ,BLY,0.333
SP002202,SP004399,EUS,WSL,GLC,8,XOD,LBZ,BLY,0.267
SP002202,SP004433,EUS,WSL,NMP,14,NMP,LBK,,1.0
SP002202,SP004516,EUS,WSL,GLC,8,XOD,LBZ,BLY,0.267
SP002202,SP004529,EUS,WSL,BHM,5,WFJ,XOE,KGL,0.167
SP002205,SP002747,SPL,EGR,EGR,7,NXG,BCY,SYD,0.412
SP002206,SP002444,BAK,EPD,ECR,7,SRS,XGU,ECR,0.875
SP002208,SP002471,TBD,LUT,BDM,8,PUR,SCY,PUO,0.296
SP002208,SP003037,TBD,LUT,BDM,8,PUR,SCY,PUO,0.296
SP002208,SP003133,TBD,LUT,RDH,6,RDH,XJS,,1.0
SP002208,SP003629,TBD,LUT,BDM,10,ECR,NWD,SRC,0.37
SP002208,SP004196,TBD,LUT,BDM,8,PUR,SCY,PUO,0.296
SP002209,SP002216,PAD,EXD,NQY,8,NBY,HGD,BDW,0.5
SP002209,SP002711,PAD,EXD,BDW,7,THE,NBY,THA,0.583
SP002209,SP003385,PAD,EXD,PGN,8,NBY,HGD,BDW,0.5
SP002209,SP003417,PAD,EXD,CDF,6,RDG,THE,GOR,0.4
SP002209,SP003420,PAD,EXD,WOS,6,RDG,THE,GOR,0.375
SP002209,SP003428,PAD,EXD,WSB,7,THE,NBY,THA,0.5
SP002209,SP003429,PAD,EXD,CMN,6,RDG,THE,GOR,0.375
SP002209,SP003434,PAD,EXD,SWA,6,RDG,THE,GOR,0.375
SP002209,SP003440,PAD,EXD,SWA,6,RDG,THE,GOR,0.375
SP002209,SP003448,PAD,EXD,TAU,6,RDG,THE,GOR,0.375
SP002209,SP003480,PAD,EXD,PNZ,8,NBY,HGD,BDW,0.5
SP002209,SP003666,PAD,EXD,TAU,6,RDG,THE,GOR,0.375
SP002209,SP003788,PAD,EXD,SWA,6,RDG,THE,GOR,0.375
SP002209,SP004186,PAD,EXD,FRO,7,THE,NBY,THA,0.467
SP002209,SP004248,PAD,EXD,WPH,6,RDG,THE,GOR,0.375
SP002209,SP004338,PAD,EXD,BPW,6,RDG,THE,GOR,0.6
SP002209,SP004416,PAD,EXD,BDW,6,RDG,THE,RDW,0.375
SP002209,SP004476,PAD,EXD,BAN,6,RDG,THE,GOR,0.545
SP002209,SP004599,PAD,EXD,WOS,6,RDG,THE,GOR,0.429
SP002210,SP003956,BHM,WVH,SHR,10,WVH,,BBK,1.0
SP002210,SP004022,BHM,WVH,LIV,10,WVH,,XBJ,1.0
SP002211,SP002214,DEE,EDB,EDB,8,BTS,DAG,INK,0.667
SP002213,SP002877,LDS,RHD,LAN,8,LPR,SET,GIG,0.727
SP002213,SP002890,LDS,RHD,CAR,7,HLD,LPR,SET,0.636
SP002216,SP002711,PAD,NQY,BDW,7,THE,NBY,THA,0.583
SP002216,SP003385,PAD,NQY,PGN,10,PEW,CLC,WSB,0.435
SP002216,SP003417,PAD,NQY,CDF,6,RDG,THE,GOR,0.4
SP002216,SP003420,PAD,NQY,WOS,6,RDG,THE,GOR,0.353
SP002216,SP003428,PAD,NQY,WSB,7,THE,NBY,THA,0.5
SP002216,SP003429,PAD,NQY,CMN,6,RDG,THE,GOR,0.222
SP002216,SP003434,PAD,NQY,SWA,6,RDG,THE,GOR,0.286
SP002216,SP003440,PAD,NQY,SWA,6,RDG,THE,GOR,0.273
SP002216,SP003448,PAD,NQY,TAU,6,RDG,THE,GOR,0.316
SP002216,SP003480,PAD,NQY,PNZ,10,PEW,CLC,WSB,0.357
SP002216,SP003666,PAD,NQY,TAU,6,RDG,THE,GOR,0.3
SP002216,SP003788,PAD,NQY,SWA,6,RDG,THE,GOR,0.25
SP002216,SP004186,PAD,NQY,FRO,7,THE,NBY,THA,0.467
SP002216,SP004248,PAD,NQY,WPH,6,RDG,THE,GOR,0.353
SP002216,SP004338,PAD,NQY,BPW,6,RDG,THE,GOR,0.6
SP002216,SP004416,PAD,NQY,BDW,6,RDG,THE,RDW,0.375
SP002216,SP004476,PAD,NQY,BAN,6,RDG,THE,GOR,0.545
SP002216,SP004599,PAD,NQY,WOS,6,RDG,THE,GOR,0.429
SP002218,SP002470,BDM,BTN,TBD,17,SPL,ZFD,CTK,0.436
SP002218,SP002766,BDM,BTN,BTN,8,SAC,RDT,HEN,0.229
SP002218,SP002831,BDM,BTN,BTN,21,XMK,XLJ,XSU,0.457
SP002218,SP002850,BDM,BTN,BTN,17,SPL,ZFD,CTK,0.37
SP002218,SP003040,BDM,BTN,TBD,21,XMK,XLJ,XSU,0.636
SP002218,SP003132,BDM,BTN,TBD,17,SPL,ZFD,CTK,0.515
SP002218,SP003389,BDM,BTN,BTN,8,SAC,RDT,HEN,0.216
SP002218,SP003401,BDM,BTN,BTN,8,SAC,RDT,HEN,0.229
SP002218,SP003491,BDM,BTN,BTN,8,SAC,RDT,HEN,0.216
SP002218,SP003627,BDM,BTN,TBD,17,SPL,ZFD,CTK,0.486
SP002218,SP003758,BDM,BTN,BTN,8,SAC,RDT,HEN,0.222
SP002218,SP003861,BDM,BTN,BTN,17,SPL,ZFD,CTK,0.37
SP002218,SP003865,BDM,BTN,BTN,21,XMK,XLJ,XSU,0.457
SP002218,SP004203,BDM,BTN,BTN,17,SPL,ZFD,CTK,0.425
SP002218,SP004204,BDM,BTN,BTN,8,SAC,RDT,HEN,0.216
SP002218,SP004596,BDM,BTN,TBD,20,BFR,XMK,EPH,0.556
SP002218,SP004598,BDM,BTN,BTN,8,SAC,RDT,HEN,0.2
SP002219,SP002225,LUT,GTW,TBD,26,GTW,,TBD,1.0
SP002219,SP004219,LUT,GTW,GTW,23,ELD,SAF,HOR,0.92
SP002221,SP002242,BTN,BDM,CBG,10,GTW,HOR,ELD,0.256
SP002221,SP002246,BTN,BDM,BDM,10,GTW,HOR,ELD,0.303
SP002221,SP002474,BTN,BDM,BDM,13,ELD,XJS,RDH,0.265
SP002221,SP002724,BTN,BDM,BAL,5,XKM,WVF,HHE,0.357
SP002221,SP002841,BTN,BDM,BDM,13,ELD,XJS,RDH,0.289
SP002221,SP003141,BTN,BDM,BDM,11,HOR,SAF,ELD,0.268
SP002221,SP003395,BTN,BDM,BDM,10,GTW,HOR,ELD,0.278
SP002221,SP003399,BTN,BDM,BDM,10,GTW,HOR,ELD,0.25
SP002221,SP003546,BTN,BDM,BAL,5,XKM,WVF,HHE,0.357
SP002221,SP003588,BTN,BDM,BDM,13,ELD,XJS,RDH,0.302
SP002221,SP003809,BTN,BDM,WSW,10,GTW,HOR,SAF,0.435
SP002221,SP003989,BTN,BDM,BAK,5,XKM,WVF,HHE,0.278
SP002221,SP004194,BTN,BDM,BDM,13,ELD,XJS,RDH,0.265
SP002221,SP004487,BTN,BDM,BDM,10,GTW,HOR,ELD,0.263
SP002221,SP004582,BTN,BDM,BDM,10,GTW,HOR,SAF,0.233
SP002222,SP002249,BDM,TBD,TBD,22,XJS,RDH,CDS,0.786
SP002222,SP002255,BDM,TBD,EGR,20,SCY,PUR,SNR,0.769
SP002222,SP002664,BDM,TBD,EGR,20,SCY,PUR,SNR,0.833
SP002223,SP002787,CTR,MIA,MIA,11,MAN,BNA,EDY,0.786
SP002224,SP003715,CDF,MAN,MAN,8,CRV,CTT,SHR,0.381
SP002225,SP004219,LUT,TBD,GTW,23,ELD,SAF,HOR,0.92
SP002226,SP003370,SWA,PMD,MFH,9,WTL,NAR,CUW,0.643
SP002226,SP003444,SWA,PMD,CMN,6,FYS,XCI,CMN,0.857
SP002226,SP003780,SWA,PMD,CMN,8,CMN,WTL,,1.0
SP002226,SP003784,SWA,PMD,FGH,9,WTL,NAR,CUW,0.692
SP002227,SP002231,CDF,PMH,PMH,7,BRI,KYN,BTH,0.269
SP002227,SP002328,CDF,PMH,TAU,7,BRI,KYN,BMT,0.412
SP002227,SP002379,CDF,PMH,BRI,7,BRI,KYN,,1.0
SP002227,SP002392,CDF,PMH,EXD,7,BRI,KYN,NLS,0.438
SP002227,SP002394,CDF,PMH,PLY,7,BRI,KYN,NLS,0.304
SP002227,SP002395,CDF,PMH,EXD,7,BRI,KYN,BMT,0.368
SP002227,SP003379,CDF,PMH,PNZ,7,BRI,KYN,BMT,0.25
SP002227,SP003382,CDF,PMH,TAU,6,FIT,BRI,SRD,0.316
SP002227,SP003414,CDF,PMH,PMH,7,BRI,KYN,BTH,0.259
SP002227,SP003427,CDF,PMH,FRO,8,KYN,OLF,BTH,0.615
SP002227,SP003469,CDF,PMH,PAD,5,PWY,FIT,BPW,0.333
SP002227,SP004249,CDF,PMH,PMH,8,KYN,OLF,BTH,0.296
SP002229,SP003323,GLC,CRE,MIA,14,WGN,WBQ,ECC,0.737
SP002229,SP004009,GLC,CRE,EUS,13,XOU,WGN,EBA,0.684
SP002229,SP004033,GLC,CRE,EUS,19,CRE,,STA,1.0
SP002229,SP004044,GLC,CRE,EUS,13,XOU,WGN,EBA,0.684
SP002230,SP003105,WVH,EUS,BHM,5,SAD,SGB,XGQ,0.5
SP002230,SP003331,WVH,EUS,EUS,5,SAD,SGB,XGQ,0.147
SP002231,SP002328,CDF,PMH,TAU,7,BRI,BTH,BMT,0.412
SP002231,SP002379,CDF,PMH,BRI,7,BRI,BTH,,1.0
SP002231,SP002392,CDF,PMH,EXD,7,BRI,BTH,NLS,0.438
SP002231,SP002394,CDF,PMH,PLY,7,BRI,BTH,NLS,0.304
SP002231,SP002395,CDF,PMH,EXD,7,BRI,BTH,BMT,0.368
SP002231,SP003379,CDF,PMH,PNZ,7,BRI,BTH,BMT,0.269
SP002231,SP003382,CDF,PMH,TAU,6,FIT,BRI,SRD,0.316
SP002231,SP003414,CDF,PMH,PMH,11,WSB,WMN,DMH,0.423
SP002231,SP003427,CDF,PMH,FRO,7,BRI,BTH,KYN,0.538
SP002231,SP003469,CDF,PMH,PAD,5,PWY,FIT,BPW,0.333
SP002231,SP004249,CDF,PMH,PMH,7,BRI,BTH,KYN,0.269
SP002232,SP002410,SSD,LWT,NRW,15,NRW,XWH,,1.0
SP002232,SP002446,SSD,LWT,CBG,6,CBG,CMB,,1.0
SP002233,SP003696,LWT,NRW,NRW,6,CNY,BDA,BUC,0.667
SP002234,SP004051,RGL,BHM,BHM,10,TAB,XRA,HSD,0.769
SP002236,SP002308,EDB,GLC,GLC,5,WCL,ADW,XJB,0.385
SP002236,SP002310,EDB,GLC,GLC,5,WCL,ADW,XJB,0.556
SP002236,SP002324,EDB,GLC,GLC,5,WCL,ADW,XJB,0.5
SP002236,SP004456,EDB,GLC,GLC,6,ADW,FLD,BRC,0.375
SP002238,SP002847,CTR,BHI,SHR,6,SHR,XSY,,1.0
SP002238,SP003197,CTR,BHI,CDF,6,SHR,XSY,CTT,0.375
SP002239,SP003786,BHM,SHR,HHD,5,WVH,BBK,XBJ,0.312
SP002240,SP002244,HHE,BDM,BDM,7,RDH,MHM,CDS,0.206
SP002241,SP003842,POO,BCU,NEM,10,BCU,,BEU,1.0
SP002242,SP002246,BTN,CBG,BDM,23,SPL,XKB,KTN,0.697
SP002242,SP002474,BTN,CBG,BDM,10,GTW,ELD,HOR,0.256
SP002242,SP002724,BTN,CBG,BAL,5,XKM,WVF,HHE,0.357
SP002242,SP002841,BTN,CBG,BDM,10,GTW,ELD,HOR,0.256
SP002242,SP003141,BTN,CBG,BDM,10,GTW,ELD,HOR,0.256
SP002242,SP003395,BTN,CBG,BDM,11,ELD,XJS,RDH,0.306
SP002242,SP003399,BTN,CBG,BDM,11,ELD,XJS,RDH,0.282
SP002242,SP003546,BTN,CBG,BAL,5,XKM,WVF,HHE,0.357
SP002242,SP003588,BTN,CBG,BDM,10,GTW,ELD,HOR,0.256
SP002242,SP003809,BTN,CBG,WSW,10,GTW,ELD,SAF,0.435
SP002242,SP003989,BTN,CBG,BAK,5,XKM,WVF,HHE,0.278
SP002242,SP004194,BTN,CBG,BDM,10,GTW,ELD,HOR,0.256
SP002242,SP004487,BTN,CBG,BDM,11,ELD,XJS,RDH,0.289
SP002242,SP004582,BTN,CBG,BDM,10,GTW,ELD,SAF,0.256
SP002243,SP002607,NOT,DBY,CRE,7,DBY,,PEA,1.0
SP002245,SP003455,PMH,CDF,CDF,15,WMN,WSB,DMH,0.556
SP002245,SP003498,PMH,CDF,WSB,5,FRM,SNW,BOE,0.294
SP002245,SP004502,PMH,CDF,BRI,5,FRM,SNW,BOE,0.238
SP002246,SP002474,BTN,BDM,BDM,10,GTW,ELD,HOR,0.303
SP002246,SP002724,BTN,BDM,BAL,5,XKM,WVF,HHE,0.357
SP002246,SP002841,BTN,BDM,BDM,10,GTW,ELD,HOR,0.303
SP002246,SP003141,BTN,BDM,BDM,10,GTW,ELD,HOR,0.303
SP002246,SP003395,BTN,BDM,BDM,11,ELD,XJS,RDH,0.333
SP002246,SP003399,BTN,BDM,BDM,11,ELD,XJS,RDH,0.333
SP002246,SP003546,BTN,BDM,BAL,5,XKM,WVF,HHE,0.357
SP002246,SP003588,BTN,BDM,BDM,10,GTW,ELD,HOR,0.303
SP002246,SP003809,BTN,BDM,WSW,10,GTW,ELD,SAF,0.435
SP002246,SP003989,BTN,BDM,BAK,5,XKM,WVF,HHE,0.278
SP002246,SP004194,BTN,BDM,BDM,10,GTW,ELD,HOR,0.303
SP002246,SP004487,BTN,BDM,BDM,11,ELD,XJS,RDH,0.333
SP002246,SP004582,BTN,BDM,BDM,10,GTW,ELD,SAF,0.303
SP002247,SP002262,EGR,WHP,XSU,5,OXT,SNR,WOH,0.312
SP002247,SP003062,EGR,WHP,WSW,5,OXT,SNR,WOH,0.294
SP002247,SP004218,EGR,WHP,BDM,19,WHP,,CRI,1.0
SP002247,SP004576,EGR,WHP,BAK,5,OXT,SNR,WOH,0.333
SP002249,SP002255,BDM,TBD,EGR,20,SCY,PUR,SNR,0.769
SP002249,SP002664,BDM,TBD,EGR,20,SCY,PUR,SNR,0.833
SP002251,SP002252,CAR,LDS,LDS,11,SET,HLD,LPR,0.611
SP002251,SP003499,CAR,LDS,LDS,11,SET,HLD,LPR,0.611
SP002251,SP004115,CAR,LDS,LDS,7,GSD,DNT,RHD,0.438
SP002252,SP003499,CAR,LDS,LDS,15,SKI,KEI,SON,0.789
SP002252,SP004115,CAR,LDS,LDS,7,GSD,DNT,RHD,0.438
SP002255,SP002664,BDM,EGR,EGR,23,HUR,LFD,EGR,0.958
SP002256,SP002498,XSU,TBD,EBN,11,TBD,,HHE,1.0
SP002256,SP002506,XSU,TBD,LIT,11,TBD,,HHE,1.0
SP002256,SP002516,XSU,TBD,BOG,11,TBD,,CRW,1.0
SP002256,SP002725,XSU,TBD,EGR,6,ECR,PUR,SCY,0.545
SP002256,SP002810,XSU,TBD,CAT,6,ECR,PUR,SCY,0.545
SP002256,SP003249,XSU,TBD,ECR,6,ECR,PUR,,1.0
SP002259,SP002981,BDM,TBD,BTN,6,LUT,HPD,LTN,0.222
SP002259,SP003452,BDM,TBD,GTW,6,LUT,HPD,LTN,0.222
SP002259,SP003483,BDM,TBD,BTN,6,LUT,HPD,LTN,0.222
SP002261,SP002647,EUS,NMP,MKC,6,KGL,HML,APS,0.4
SP002261,SP002655,EUS,NMP,SAA,5,WFJ,KGL,WFN,0.455
SP002261,SP002872,EUS,NMP,CTR,5,WFJ,KGL,XOE,0.294
SP002261,SP003031,EUS,NMP,MAN,5,WFJ,KGL,XOE,0.294
SP002261,SP003036,EUS,NMP,BHM,5,WFJ,KGL,XOE,0.294
SP002261,SP003114,EUS,NMP,LIV,5,WFJ,KGL,XOE,0.294
SP002261,SP003191,EUS,NMP,BPN,5,WFJ,KGL,XOE,0.294
SP002261,SP003207,EUS,NMP,LIV,5,WFJ,KGL,XOE,0.294
SP002261,SP003300,EUS,NMP,WRX,5,WFJ,KGL,XOE,0.294
SP002261,SP003360,EUS,NMP,EDB,5,WFJ,KGL,XOE,0.294
SP002261,SP003475,EUS,NMP,WVH,5,WFJ,KGL,XOE,0.294
SP002261,SP003568,EUS,NMP,WVH,5,WFJ,KGL,XOE,0.294
SP002261,SP003958,EUS,NMP,INV,5,WFJ,KGL,XOE,0.294
SP002261,SP004012,EUS,NMP,GLC,5,WFJ,KGL,XOE,0.294
SP002261,SP004017,EUS,NMP,PRE,5,WFJ,KGL,XOE,0.294
SP002261,SP004025,EUS,NMP,PRE,5,WFJ,KGL,XOE,0.294
SP002261,SP004034,EUS,NMP,CRE,5,WFJ,KGL,XOE,0.294
SP002261,SP004036,EUS,NMP,GLC,5,WFJ,KGL,XOE,0.294
SP002261,SP004111,EUS,NMP,GLC,5,WFJ,KGL,XOE,0.294
SP002261,SP004131,EUS,NMP,BHM,6,KGL,HML,APS,0.353
SP002261,SP004188,EUS,NMP,CRE,5,WFJ,KGL,XOE,0.294
SP002261,SP004207,EUS,NMP,CRE,5,WFJ,KGL,XOE,0.294
SP002261,SP004232,EUS,NMP,INV,5,WFJ,KGL,XOE,0.294
SP002261,SP004384,EUS,NMP,WVH,5,WFJ,KGL,XOE,0.294
SP002261,SP004399,EUS,NMP,GLC,5,WFJ,KGL,XOE,0.294
SP002261,SP004433,EUS,NMP,NMP,5,WFJ,KGL,XOE,0.357
SP002261,SP004516,EUS,NMP,GLC,5,WFJ,KGL,XOE,0.294
SP002261,SP004529,EUS,NMP,BHM,6,KGL,HML,APS,0.353
SP002262,SP003062,EGR,XSU,WSW,11,ECR,NWD,SRS,0.688
SP002262,SP004218,EGR,XSU,BDM,5,OXT,WOH,SNR,0.312
SP002262,SP004576,EGR,XSU,BAK,11,ECR,NWD,SRS,0.733
SP002263,SP002264,PLY,GCR,PAD,10,TAU,BWT,CLC,0.556
SP002263,SP002265,PLY,GCR,PAD,10,TAU,BWT,CLC,0.556
SP002263,SP003365,PLY,GCR,PAD,10,TAU,BWT,CLC,0.556
SP002263,SP003366,PLY,GCR,PAD,10,TAU,BWT,CLC,0.556
SP002263,SP003368,PLY,GCR,PAD,10,TAU,BWT,CLC,0.556
SP002263,SP003372,PLY,GCR,PAD,10,TAU,BWT,CLC,0.556
SP002263,SP003616,PLY,GCR,LDS,16,YAE,CDU,CNM,0.889
SP002263,SP003651,PLY,GCR,PAD,10,TAU,BWT,CLC,0.556
SP002264,SP002265,PLY,PAD,PAD,21,MAI,TAP,SLO,0.875
SP002264,SP003365,PLY,PAD,PAD,11,CLC,FRO,WSB,0.379
SP002264,SP003366,PLY,PAD,PAD,11,CLC,FRO,BDW,0.44
SP002264,SP003368,PLY,PAD,PAD,11,CLC,FRO,WSB,0.478
SP002264,SP003372,PLY,PAD,PAD,11,CLC,FRO,BDW,0.524
SP002264,SP003616,PLY,PAD,LDS,10,TAU,CLC,BWT,0.333
SP002264,SP003651,PLY,PAD,PAD,11,CLC,FRO,WSB,0.5
SP002265,SP003365,PLY,PAD,PAD,11,CLC,FRO,WSB,0.458
SP002265,SP003366,PLY,PAD,PAD,11,CLC,FRO,BDW,0.458
SP002265,SP003368,PLY,PAD,PAD,11,CLC,FRO,WSB,0.478
SP002265,SP003372,PLY,PAD,PAD,11,CLC,FRO,BDW,0.524
SP002265,SP003616,PLY,PAD,LDS,10,TAU,CLC,BWT,0.417
SP002265,SP003651,PLY,PAD,PAD,11,CLC,FRO,WSB,0.5
SP002266,SP002793,BHM,COV,BHI,7,BHI,HIA,,1.0
SP002266,SP004631,BHM,COV,NMP,12,COV,,RUG,1.0
SP002267,SP003093,STG,EUS,EUS,6,WFF,MTH,WSH,0.146
SP002269,SP002840,HHD,CDF,BHI,21,SHR,CTT,XSY,0.7
SP002269,SP003654,HHD,CDF,CRE,16,CTR,WRX,CRE,0.941
SP002271,SP002285,SEV,BFR,WGC,24,BFR,,CTK,1.0
SP002271,SP002288,SEV,BFR,WGC,24,BFR,,CTK,1.0
SP002271,SP002292,SEV,BFR,WGC,24,BFR,,CTK,1.0
SP002271,SP002836,SEV,BFR,XVJ,13,SRT,RVB,BKJ,0.722
SP002271,SP003459,SEV,BFR,FPK,24,BFR,,CTK,1.0
SP002273,SP004000,GLC,MIA,EUS,12,XOU,CRL,EBA,0.571
SP002273,SP004365,GLC,MIA,EUS,12,XOU,CRL,WGN,0.571
SP002274,SP003064,BTN,EBN,ORE,9,EBN,,HMD,1.0
SP002274,SP004122,BTN,EBN,ORE,5,GLY,PLG,BRK,0.556
SP002274,SP004553,BTN,EBN,ORE,5,GLY,PLG,BRK,0.556
SP002276,SP002965,BAL,HGS,PMH,8,TBD,HHE,CRW,0.333
SP002276,SP002980,BAL,HGS,PMS,8,TBD,HHE,CRW,0.296
SP002276,SP002983,BAL,HGS,PMH,8,TBD,HHE,CRW,0.296
SP002276,SP002986,BAL,HGS,PMS,8,TBD,HHE,CRW,0.308
SP002276,SP002991,BAL,HGS,ORE,15,XRH,GLY,PLG,0.517
SP002276,SP002992,BAL,HGS,ORE,12,PMP,CBR,LWS,0.429
SP002276,SP002995,BAL,HGS,ORE,12,PMP,CBR,LWS,0.414
SP002276,SP003006,BAL,HGS,ORE,12,PMP,CBR,LWS,0.4
SP002276,SP003014,BAL,HGS,HGS,12,PMP,CBR,LWS,0.429
SP002276,SP003026,BAL,HGS,LIT,9,HHE,WVF,XKM,0.36
SP002276,SP003130,BAL,HGS,WRH,9,HHE,WVF,XKM,0.474
SP002276,SP003179,BAL,HGS,TBD,5,XJS,ELD,CDS,0.417
SP002276,SP003294,BAL,HGS,HRH,8,TBD,HHE,CRW,0.727
SP002276,SP003298,BAL,HGS,CCH,8,TBD,HHE,CRW,0.4
SP002276,SP003675,BAL,HGS,WRH,9,HHE,WVF,XKM,0.5
SP002276,SP003677,BAL,HGS,WRH,11,XKM,PMP,BUG,0.579
SP002276,SP003756,BAL,HGS,BTN,5,XJS,ELD,RDH,0.333
SP002276,SP004020,BAL,HGS,GTW,7,GTW,TBD,,1.0
SP002276,SP004086,BAL,HGS,WRH,6,ELD,GTW,SAF,0.3
SP002277,SP002476,ORE,BTN,BTN,5,BEX,CLL,PEV,0.312
SP002277,SP002996,ORE,BTN,BAL,7,COB,NSB,PEV,0.333
SP002277,SP003000,ORE,BTN,BAK,7,COB,NSB,PEV,0.333
SP002277,SP003147,ORE,BTN,BTN,8,NSB,PEV,PEB,0.381
SP002277,SP003149,ORE,BTN,BTN,8,NSB,PEV,PEB,0.381
SP002277,SP003552,ORE,BTN,PLG,7,COB,NSB,PEV,0.5
SP002277,SP004120,ORE,BTN,BTN,5,BEX,CLL,PEV,0.25
SP002277,SP004126,ORE,BTN,BTN,7,COB,NSB,PEV,0.368
SP002277,SP004128,ORE,BTN,BTN,7,COB,NSB,PEV,0.389
SP002278,SP003435,CNM,PAD,PAD,11,MAI,SLO,TAP,0.786
SP002280,SP002473,LST,SSD,CHN,5,HAC,XMI,REC,0.357
SP002280,SP002514,LST,SSD,SSD,11,HWN,BIS,SAW,0.786
SP002280,SP002542,LST,SSD,ELY,7,TOM,BMD,PON,0.5
SP002280,SP002554,LST,SSD,HFE,7,TOM,BMD,PON,0.5
SP002280,SP003259,LST,SSD,ENF,5,HAC,XMI,REC,0.357
SP002280,SP004059,LST,SSD,CHI,5,HAC,XMI,CPT,0.455
SP002280,SP004165,LST,SSD,ELY,10,BXB,HWN,RYN,0.714
SP002281,SP002293,RDZ,GTW,GTW,9,ASH,GLD,WAN,0.45
SP002281,SP003413,RDZ,GTW,SFR,11,SFR,CHL,,1.0
SP002282,SP002283,RDZ,GTW,GTW,12,DPD,REI,BTO,0.706
SP002284,SP002714,NRW,LWT,BCC,9,LWT,,OUS,1.0
SP002284,SP002988,NRW,LWT,GYM,5,REE,HAD,GYM,0.833
SP002285,SP002288,SEV,WGC,WGC,33,NBA,HDW,PBR,0.917
SP002285,SP002292,SEV,WGC,WGC,29,FPK,AAP,HGY,0.784
SP002285,SP002836,SEV,WGC,XVJ,13,SRT,RVB,BKJ,0.722
SP002285,SP003459,SEV,WGC,FPK,29,FPK,AAP,,1.0
SP002286,SP003573,SHF,LDS,YRK,8,MRP,FZW,PFR,0.615
SP002286,SP003985,SHF,LDS,LDS,9,FZW,WKK,XES,0.818
SP002288,SP002292,SEV,WGC,WGC,29,FPK,AAP,HGY,0.806
SP002288,SP002836,SEV,WGC,XVJ,13,SRT,RVB,BKJ,0.722
SP002288,SP003459,SEV,WGC,FPK,29,FPK,AAP,,1.0
SP002289,SP002797,RAI,WHP,WHP,27,BFR,CTK,ZFD,0.871
SP002289,SP002803,RAI,WHP,DFD,14,DFD,XRT,,1.0
SP002292,SP002836,SEV,WGC,XVJ,13,SRT,RVB,BKJ,0.722
SP002292,SP003459,SEV,WGC,FPK,29,FPK,HGY,,1.0
SP002293,SP003413,RDZ,GTW,SFR,9,ASH,WAN,GLD,0.818
SP002294,SP002373,ABD,PTH,MTS,5,MTS,ARB,,1.0
SP002294,SP003810,ABD,PTH,DEE,10,DEE,ING,,1.0
SP002294,SP004310,ABD,PTH,GLQ,7,CAN,MON,BYF,0.583
SP002294,SP004615,ABD,PTH,GLQ,7,CAN,MON,BYF,0.583
SP002297,SP002299,MOG,WGC,WGC,8,AAP,NSG,NBA,0.533
SP002297,SP002342,MOG,WGC,GDH,7,HGY,AAP,HRN,0.467
SP002297,SP002753,MOG,WGC,FPK,6,FPK,HGY,,1.0
SP002297,SP003174,MOG,WGC,LET,7,HGY,AAP,HRN,0.412
SP002297,SP003376,MOG,WGC,WGC,6,FPK,HGY,AAP,0.429
SP002299,SP002342,MOG,WGC,GDH,7,HGY,AAP,HRN,0.467
SP002299,SP002753,MOG,WGC,FPK,6,FPK,HGY,,1.0
SP002299,SP003174,MOG,WGC,LET,7,HGY,AAP,HRN,0.467
SP002299,SP003376,MOG,WGC,WGC,6,FPK,HGY,AAP,0.429
SP002300,SP002946,OBN,GLQ,GLQ,18,MYH,GSC,PPK,0.9
SP002300,SP004327,OBN,GLQ,GLQ,11,HLU,CDR,DLR,0.647
SP002300,SP004444,OBN,GLQ,DAL,5,DAL,TYL,,1.0
SP002301,SP002311,SPX,BXS,AMS,16,BXS,,ROT,1.0
SP002302,SP002641,HUL,LDS,SBY,5,SBY,MIK,,1.0
SP002302,SP003869,HUL,LDS,MAN,5,SBY,MIK,CFD,0.556
SP002302,SP003980,HUL,LDS,HFX,5,SBY,MIK,SOM,0.556
SP002302,SP004117,HUL,LDS,LDS,5,SBY,MIK,SOM,0.556
SP002302,SP004465,HUL,LDS,HFX,5,SBY,MIK,SOM,0.556
SP002305,SP002418,MLG,FTW,GLQ,11,FTW,,SBR,1.0
SP002305,SP004331,MLG,FTW,GLQ,11,FTW,,SBR,1.0
SP002306,SP002883,SOP,MCO,WGW,7,WGW,INC,,1.0
SP002308,SP002310,EDB,GLC,GLC,7,SHS,HTW,BLH,0.778
SP002308,SP002324,EDB,GLC,GLC,7,SHS,HTW,BLH,0.7
SP002308,SP004456,EDB,GLC,GLC,5,WCL,XJB,ADW,0.385
SP002309,SP002864,HFD,PAD,PAD,23,MAI,TAP,SLO,0.885
SP002309,SP003443,HFD,PAD,PAD,19,OXF,GOR,DID,0.704
SP002309,SP003875,HFD,PAD,BHM,8,WOF,WOS,DTW,0.444
SP002310,SP002324,EDB,GLC,GLC,8,BLH,GLC,UDD,0.889
SP002310,SP004456,EDB,GLC,GLC,5,WCL,XJB,ADW,0.556
SP002312,SP003441,WOS,PAD,PAD,11,OXF,DID,GOR,0.579
SP002312,SP003811,WOS,PAD,PAD,11,OXF,DID,GOR,0.611
SP002313,SP003438,WOF,PAD,PAD,8,KGM,SIP,AUW,0.421
SP002313,SP003845,WOF,PAD,PAD,8,KGM,SIP,AUW,0.421
SP002315,SP003593,GTW,RDZ,BAL,5,RDH,REI,XJS,0.333
SP002315,SP003603,GTW,RDZ,WSW,5,RDH,REI,MHM,0.294
SP002315,SP004119,GTW,RDZ,RDH,5,RDH,REI,,1.0
SP002317,SP002335,KGX,NCL,LDS,5,AAP,NSG,BOP,0.179
SP002317,SP002940,KGX,NCL,EDB,34,NCL,,MPT,1.0
SP002317,SP003855,KGX,NCL,ABD,34,NCL,,MPT,1.0
SP002317,SP003859,KGX,NCL,LDS,28,DON,YRK,AWK,0.903
SP002319,SP002330,GTW,RDZ,RDZ,16,BAW,SND,WKM,0.842
SP002319,SP002353,GTW,RDZ,RDG,14,NCM,FNN,BAW,0.778
SP002319,SP002355,GTW,RDZ,RDG,12,GLD,ASH,WAN,0.571
SP002319,SP003728,GTW,RDZ,RDZ,12,GLD,ASH,WAN,0.571
SP002323,SP004372,GLC,GRK,WMS,5,PYG,PYJ,BPT,0.417
SP002324,SP004456,EDB,GLC,GLC,5,WCL,XJB,ADW,0.5
SP002326,SP004412,WTB,NCL,MBR,18,MBR,TBY,,1.0
SP002327,SP002648,EUS,MKC,NMP,17,MKC,,WOL,1.0
SP002327,SP004121,EUS,MKC,NMP,12,TRI,CED,XOD,0.706
SP002327,SP004127,EUS,MKC,NMP,6,WFJ,KGL,HML,0.353
SP002328,SP002379,CDF,TAU,BRI,7,BRI,BMT,,1.0
SP002328,SP002392,CDF,TAU,EXD,7,BRI,BMT,NLS,0.438
SP002328,SP002394,CDF,TAU,PLY,7,BRI,BMT,NLS,0.412
SP002328,SP002395,CDF,TAU,EXD,17,TAU,,TVP,1.0
SP002328,SP003379,CDF,TAU,PNZ,17,TAU,,TVP,1.0
SP002328,SP003382,CDF,TAU,TAU,6,FIT,BRI,SRD,0.353
SP002328,SP003414,CDF,TAU,PMH,7,BRI,BMT,BTH,0.412
SP002328,SP003427,CDF,TAU,FRO,7,BRI,BMT,KYN,0.538
SP002328,SP003469,CDF,TAU,PAD,5,PWY,FIT,BPW,0.333
SP002328,SP004249,CDF,TAU,PMH,7,BRI,BMT,KYN,0.412
SP002329,SP003402,TAU,CDF,PAD,9,PSN,BMT,BRI,0.474
SP002330,SP002353,GTW,RDZ,RDG,14,NCM,FNN,BAW,0.778
SP002330,SP002355,GTW,RDZ,RDG,12,GLD,ASH,WAN,0.632
SP002330,SP003728,GTW,RDZ,RDZ,12,GLD,ASH,WAN,0.632
SP002332,SP002859,HHD,CDF,CDF,14,WRX,RUA,GOB,0.583
SP002332,SP003120,HHD,CDF,EUS,13,CTR,WRX,CRE,0.464
SP002332,SP003173,HHD,CDF,CTR,13,CTR,WRX,,1.0
SP002332,SP003340,HHD,CDF,EUS,13,CTR,WRX,CRE,0.464
SP002332,SP003359,HHD,CDF,CDF,14,WRX,RUA,GOB,0.609
SP002332,SP004015,HHD,CDF,BHM,13,CTR,WRX,CRE,0.591
SP002335,SP002940,KGX,LDS,EDB,5,AAP,BOP,NSG,0.179
SP002335,SP003855,KGX,LDS,ABD,5,AAP,BOP,NSG,0.179
SP002335,SP003859,KGX,LDS,LDS,5,AAP,BOP,NSG,0.179
SP002336,SP002402,PNZ,BHM,EXD,21,EXD,TVP,,1.0
SP002336,SP002404,PNZ,BHM,EXD,11,LSK,SGM,MEN,0.5
SP002336,SP002649,PNZ,BHM,PLY,14,PLY,IVY,,1.0
SP002336,SP002658,PNZ,BHM,PLY,11,LSK,SGM,MEN,0.579
SP002336,SP002663,PNZ,BHM,PLY,13,STS,PLY,DPT,0.867
SP002336,SP003371,PNZ,BHM,PAD,23,TAU,BWT,CLC,0.676
SP002336,SP003649,PNZ,BHM,PAD,26,BRI,FIT,BTH,0.703
SP002336,SP004277,PNZ,BHM,PLY,11,LSK,SGM,MEN,0.733
SP002336,SP004492,PNZ,BHM,PLY,11,LSK,SGM,MEN,0.647
SP002336,SP004494,PNZ,BHM,PLY,11,LSK,SGM,MEN,0.688
SP002337,SP002388,LST,SNF,CET,5,MYL,FOG,IFD,0.312
SP002337,SP002507,LST,SNF,COL,5,MYL,FOG,MNP,0.312
SP002337,SP002519,LST,SNF,CLT,5,MYL,FOG,IFD,0.312
SP002337,SP002684,LST,SNF,SOV,5,MYL,FOG,MNP,0.312
SP002337,SP003126,LST,SNF,COL,6,FOG,MNP,IFD,0.375
SP002337,SP003205,LST,SNF,CLT,5,MYL,FOG,IFD,0.312
SP002337,SP003598,LST,SNF,GDP,13,GDP,HRO,,1.0
SP002337,SP003738,LST,SNF,HWC,5,MYL,FOG,IFD,0.312
SP002337,SP003741,LST,SNF,HPQ,5,MYL,FOG,IFD,0.312
SP002337,SP003743,LST,SNF,HPQ,5,MYL,FOG,IFD,0.312
SP002337,SP003905,LST,SNF,WTM,5,MYL,FOG,IFD,0.385
SP002337,SP003908,LST,SNF,WTM,5,MYL,FOG,IFD,0.417
SP002337,SP003910,LST,SNF,BTR,5,MYL,FOG,IFD,0.312
SP002337,SP003922,LST,SNF,COL,5,MYL,FOG,IFD,0.333
SP002337,SP003923,LST,SNF,COL,5,MYL,FOG,IFD,0.333
SP002337,SP003926,LST,SNF,COL,5,MYL,FOG,IFD,0.312
SP002337,SP003947,LST,SNF,SMN,5,MYL,FOG,IFD,0.312
SP002337,SP003948,LST,SNF,SOV,5,MYL,FOG,MNP,0.312
SP002337,SP003999,LST,SNF,CLT,5,MYL,FOG,IFD,0.312
SP002337,SP004024,LST,SNF,CLT,5,MYL,FOG,IFD,0.312
SP002337,SP004028,LST,SNF,CLT,5,MYL,FOG,IFD,0.312
SP002337,SP004029,LST,SNF,CLT,5,MYL,FOG,IFD,0.312
SP002337,SP004039,LST,SNF,CLT,5,MYL,FOG,IFD,0.312
SP002337,SP004049,LST,SNF,IPS,5,MYL,FOG,IFD,0.312
SP002337,SP004050,LST,SNF,IPS,5,MYL,FOG,IFD,0.312
SP002337,SP004053,LST,SNF,IPS,5,MYL,FOG,IFD,0.333
SP002337,SP004153,LST,SNF,WTM,5,MYL,FOG,IFD,0.385
SP002340,SP002512,HFN,MOG,FPK,11,AAP,HGY,FPK,0.917
SP002342,SP002753,MOG,GDH,FPK,6,FPK,HGY,,1.0
SP002342,SP003174,MOG,GDH,LET,15,GDH,,CWH,1.0
SP002342,SP003376,MOG,GDH,WGC,6,FPK,HGY,AAP,0.429
SP002344,SP002854,EDB,KGX,NCL,8,MPT,NCL,CRM,0.8
SP002344,SP002942,EDB,KGX,KGX,10,DHM,DAR,NTR,0.323
SP002344,SP002958,EDB,KGX,KGX,21,HUN,SNO,SDY,0.656
SP002344,SP003384,EDB,KGX,BRI,14,YRK,DON,CHF,0.359
SP002344,SP003476,EDB,KGX,KGX,21,HUN,SNO,SDY,0.618
SP002344,SP004602,EDB,KGX,KGX,27,SVG,HFN,KBW,0.692
SP002346,SP002718,BMV,LIF,BHM,10,BHM,XOZ,,1.0
SP002346,SP004031,BMV,LIF,LIC,23,LIC,LIF,,1.0
SP002353,SP002355,GTW,RDG,RDG,12,GLD,ASH,WAN,0.667
SP002353,SP003728,GTW,RDG,RDZ,12,GLD,ASH,WAN,0.667
SP002354,SP002757,KGX,RYS,CBG,17,RYS,,MEL,1.0
SP002354,SP002762,KGX,RYS,CBG,15,BDK,AWM,RYS,0.882
SP002355,SP003728,GTW,RDG,RDZ,21,EAR,RDG,RDZ,0.955
SP002357,SP002359,EXD,PNZ,PNZ,11,KEY,STS,SBF,0.44
SP002357,SP002366,EXD,PNZ,PNZ,8,PLY,DPT,SBF,0.364
SP002357,SP002369,EXD,PNZ,PNZ,8,PLY,DPT,STS,0.364
SP002357,SP002371,EXD,PNZ,PNZ,8,PLY,DPT,STS,0.381
SP002357,SP004513,EXD,PNZ,PLY,8,PLY,DPT,,1.0
SP002359,SP002366,EXD,PNZ,PNZ,8,PLY,DPT,SBF,0.364
SP002359,SP002369,EXD,PNZ,PNZ,8,PLY,DPT,STS,0.364
SP002359,SP002371,EXD,PNZ,PNZ,8,PLY,DPT,STS,0.381
SP002359,SP004513,EXD,PNZ,PLY,8,PLY,DPT,,1.0
SP002360,SP002461,STP,DBY,NOT,19,KET,COR,MHR,0.679
SP002360,SP004144,STP,DBY,COR,20,COR,XMJ,,1.0
SP002361,SP002364,GCR,FRO,WSB,11,WSB,FRO,,1.0
SP002361,SP003235,GCR,FRO,WEY,12,FRO,,BRU,1.0
SP002361,SP003238,GCR,FRO,WEY,8,BTH,BOA,FFD,0.667
SP002361,SP003501,GCR,FRO,WEY,8,BTH,BOA,FFD,0.667
SP002361,SP004094,GCR,FRO,PLY,5,BRI,KYN,BWT,0.417
SP002361,SP004403,GCR,FRO,BRI,5,BRI,KYN,,1.0
SP002363,SP002914,KGX,LET,KLN,5,PBR,HAT,WGC,0.385
SP002363,SP002953,KGX,LET,EDB,5,PBR,HAT,WGC,0.385
SP002363,SP003540,KGX,LET,GLQ,5,PBR,HAT,WGC,0.385
SP002363,SP003600,KGX,LET,CBG,5,PBR,HAT,WGC,0.385
SP002363,SP003669,KGX,LET,INV,5,PBR,HAT,WGC,0.385
SP002364,SP003235,GCR,WSB,WEY,11,WSB,,FRO,1.0
SP002364,SP003238,GCR,WSB,WEY,8,BTH,BOA,FFD,0.727
SP002364,SP003501,GCR,WSB,WEY,8,BTH,BOA,FFD,0.727
SP002364,SP004094,GCR,WSB,PLY,5,BRI,KYN,BWT,0.455
SP002364,SP004403,GCR,WSB,BRI,5,BRI,KYN,,1.0
SP002365,SP002955,BPS,PRE,PRE,8,KKM,PRE,SLW,0.889
SP002366,SP002369,EXD,PNZ,PNZ,8,PLY,SBF,STS,0.364
SP002366,SP002371,EXD,PNZ,PNZ,8,PLY,SBF,STS,0.381
SP002366,SP004513,EXD,PNZ,PLY,8,PLY,SBF,,1.0
SP002367,SP002596,BUX,MAN,MAN,6,DSL,MDL,HAZ,0.462
SP002367,SP002830,BUX,MAN,MAN,6,DSL,MDL,HAZ,0.5
SP002368,SP002383,ZUM,ZTH,ZKB,7,ZTU,ZTH,ZKB,0.875
SP002368,SP002424,ZUM,ZTH,ZDE,7,ZTU,ZTH,ZDE,0.875
SP002369,SP002371,EXD,PNZ,PNZ,10,SGM,MEN,LSK,0.476
SP002369,SP004513,EXD,PNZ,PLY,8,PLY,STS,,1.0
SP002371,SP004513,EXD,PNZ,PLY,8,PLY,STS,,1.0
SP002373,SP003810,ABD,MTS,DEE,5,MTS,,ARB,1.0
SP002373,SP004310,ABD,MTS,GLQ,5,MTS,,ARB,1.0
SP002373,SP004615,ABD,MTS,GLQ,5,MTS,,ARB,1.0
SP002374,SP003813,PLY,PNZ,LSK,9,LSK,BOD,,1.0
SP002377,SP003609,XVJ,CBW,DVP,9,XMU,SAY,SMY,0.346
SP002379,SP002392,CDF,BRI,EXD,7,BRI,,NLS,1.0
SP002379,SP002394,CDF,BRI,PLY,7,BRI,,NLS,1.0
SP002379,SP002395,CDF,BRI,EXD,7,BRI,,BMT,1.0
SP002379,SP003379,CDF,BRI,PNZ,7,BRI,,BMT,1.0
SP002379,SP003382,CDF,BRI,TAU,6,FIT,BRI,SRD,0.857
SP002379,SP003414,CDF,BRI,PMH,7,BRI,,BTH,1.0
SP002379,SP003427,CDF,BRI,FRO,7,BRI,,KYN,1.0
SP002379,SP003469,CDF,BRI,PAD,5,PWY,FIT,BPW,0.714
SP002379,SP004249,CDF,BRI,PMH,7,BRI,,KYN,1.0
SP002383,SP002424,ZUM,ZKB,ZDE,7,ZTU,ZKB,ZDE,0.875
SP002386,SP002396,BRI,TAU,EXD,11,TAU,,TVP,1.0
SP002388,SP002507,LST,CET,COL,5,MYL,IFD,MNP,0.312
SP002388,SP002519,LST,CET,CLT,6,IFD,GDP,SVK,0.375
SP002388,SP002684,LST,CET,SOV,5,MYL,IFD,MNP,0.312
SP002388,SP003126,LST,CET,COL,5,MYL,IFD,FOG,0.312
SP002388,SP003205,LST,CET,CLT,6,IFD,GDP,RMF,0.375
SP002388,SP003598,LST,CET,GDP,5,MYL,IFD,FOG,0.385
SP002388,SP003738,LST,CET,HWC,10,BPA,HAP,WTM,0.625
SP002388,SP003741,LST,CET,HPQ,15,COL,CET,MNG,0.938
SP002388,SP003743,LST,CET,HPQ,10,BPA,HAP,WTM,0.625
SP002388,SP003905,LST,CET,WTM,8,SNF,CHM,INT,0.615
SP002388,SP003908,LST,CET,WTM,8,SNF,CHM,INT,0.667
SP002388,SP003910,LST,CET,BTR,12,WTM,KEL,WNY,0.75
SP002388,SP003922,LST,CET,COL,15,COL,CET,,1.0
SP002388,SP003923,LST,CET,COL,8,SNF,CHM,INT,0.533
SP002388,SP003926,LST,CET,COL,8,SNF,CHM,INT,0.5
SP002388,SP003947,LST,CET,SMN,8,SNF,CHM,BIC,0.5
SP002388,SP003948,LST,CET,SOV,5,MYL,IFD,MNP,0.312
SP002388,SP003999,LST,CET,CLT,15,COL,CET,HYH,0.938
SP002388,SP004024,LST,CET,CLT,10,BPA,HAP,WTM,0.625
SP002388,SP004028,LST,CET,CLT,10,BPA,HAP,WTM,0.625
SP002388,SP004029,LST,CET,CLT,12,WTM,KEL,MKT,0.75
SP002388,SP004039,LST,CET,CLT,8,SNF,CHM,INT,0.5
SP002388,SP004049,LST,CET,IPS,8,SNF,CHM,INT,0.5
SP002388,SP004050,LST,CET,IPS,10,BPA,HAP,WTM,0.625
SP002388,SP004053,LST,CET,IPS,10,BPA,HAP,WTM,0.667
SP002388,SP004153,LST,CET,WTM,6,IFD,GDP,RMF,0.462
SP002389,SP002668,GCR,EXD,BRI,6,BRI,BMT,,1.0
SP002390,SP003824,MCV,SOP,WGW,11,WGW,GST,,1.0
SP002391,SP002393,CET,LST,LST,5,WTM,HAP,BPA,0.333
SP002391,SP002399,CET,LST,LST,8,CHM,INT,SNF,0.533
SP002392,SP002394,CDF,EXD,PLY,16,EXD,,DWW,1.0
SP002392,SP002395,CDF,EXD,EXD,7,BRI,NLS,BMT,0.438
SP002392,SP003379,CDF,EXD,PNZ,7,BRI,NLS,BMT,0.438
SP002392,SP003382,CDF,EXD,TAU,6,FIT,BRI,SRD,0.375
SP002392,SP003414,CDF,EXD,PMH,7,BRI,NLS,BTH,0.438
SP002392,SP003427,CDF,EXD,FRO,7,BRI,NLS,KYN,0.538
SP002392,SP003469,CDF,EXD,PAD,5,PWY,FIT,BPW,0.333
SP002392,SP004249,CDF,EXD,PMH,7,BRI,NLS,KYN,0.438
SP002393,SP002399,CET,LST,LST,5,WTM,BPA,HAP,0.333
SP002394,SP002395,CDF,PLY,EXD,7,BRI,NLS,BMT,0.368
SP002394,SP003379,CDF,PLY,PNZ,7,BRI,NLS,BMT,0.304
SP002394,SP003382,CDF,PLY,TAU,6,FIT,BRI,SRD,0.316
SP002394,SP003414,CDF,PLY,PMH,7,BRI,NLS,BTH,0.304
SP002394,SP003427,CDF,PLY,FRO,7,BRI,NLS,KYN,0.538
SP002394,SP003469,CDF,PLY,PAD,5,PWY,FIT,BPW,0.333
SP002394,SP004249,CDF,PLY,PMH,7,BRI,NLS,KYN,0.304
SP002395,SP003379,CDF,EXD,PNZ,19,EXD,,DWW,1.0
SP002395,SP003382,CDF,EXD,TAU,6,FIT,BRI,SRD,0.316
SP002395,SP003414,CDF,EXD,PMH,7,BRI,BMT,BTH,0.368
SP002395,SP003427,CDF,EXD,FRO,7,BRI,BMT,KYN,0.538
SP002395,SP003469,CDF,EXD,PAD,5,PWY,FIT,BPW,0.333
SP002395,SP004249,CDF,EXD,PMH,7,BRI,BMT,KYN,0.368
SP002397,SP003460,HNX,SDL,LVC,7,LVC,XMR,,1.0
SP002401,SP003004,XYA,SPO,XFD,5,XWH,WMD,DIS,0.278
SP002402,SP002404,PNZ,EXD,EXD,11,LSK,SGM,MEN,0.524
SP002402,SP002649,PNZ,EXD,PLY,14,PLY,IVY,,1.0
SP002402,SP002658,PNZ,EXD,PLY,11,LSK,SGM,MEN,0.579
SP002402,SP002663,PNZ,EXD,PLY,13,STS,PLY,DPT,0.867
SP002402,SP003371,PNZ,EXD,PAD,21,EXD,,TVP,1.0
SP002402,SP003649,PNZ,EXD,PAD,21,EXD,,TVP,1.0
SP002402,SP004277,PNZ,EXD,PLY,11,LSK,SGM,MEN,0.733
SP002402,SP004492,PNZ,EXD,PLY,11,LSK,SGM,MEN,0.647
SP002402,SP004494,PNZ,EXD,PLY,11,LSK,SGM,MEN,0.688
SP002404,SP002649,PNZ,EXD,PLY,11,LSK,MEN,SGM,0.786
SP002404,SP002658,PNZ,EXD,PLY,14,STS,PLY,SBF,0.737
SP002404,SP002663,PNZ,EXD,PLY,11,LSK,MEN,SGM,0.733
SP002404,SP003371,PNZ,EXD,PAD,11,LSK,MEN,SGM,0.5
SP002404,SP003649,PNZ,EXD,PAD,11,LSK,MEN,SGM,0.5
SP002404,SP004277,PNZ,EXD,PLY,15,PLY,IVY,,1.0
SP002404,SP004492,PNZ,EXD,PLY,14,STS,PLY,SBF,0.824
SP002404,SP004494,PNZ,EXD,PLY,14,STS,PLY,DPT,0.875
SP002407,SP002541,DID,EVE,OXF,5,OXF,HND,,1.0
SP002409,SP002566,DFD,RAI,GLM,13,GLM,RAI,,1.0
SP002410,SP002446,SSD,NRW,CBG,6,CBG,CMB,,1.0
SP002411,SP002570,PGN,EXD,BRI,8,SCS,MBT,EXT,0.727
SP002411,SP003285,PGN,EXD,EXD,7,DWW,SCS,EXT,0.778
SP002411,SP003415,PGN,EXD,PAD,7,DWW,SCS,EXD,0.636
SP002411,SP003513,PGN,EXD,CDF,8,SCS,MBT,EXT,0.727
SP002411,SP004093,PGN,EXD,BRI,7,DWW,SCS,EXD,0.636
SP002411,SP004167,PGN,EXD,PAD,7,DWW,SCS,EXD,0.636
SP002412,SP002732,CBG,NRW,NRW,7,TTF,ATL,HRD,0.7
SP002412,SP002868,CBG,NRW,KLN,5,XYE,BND,LTP,0.556
SP002412,SP004311,CBG,NRW,NRW,5,XYE,BND,SPP,0.5
SP002412,SP004312,CBG,NRW,NRW,8,ATL,WMD,SPN,0.8
SP002414,SP002538,SOV,LST,LST,9,SNF,GDP,BRE,0.6
SP002414,SP002869,SOV,LST,LST,9,SNF,GDP,BRE,0.6
SP002414,SP003954,SOV,LST,LST,10,GDP,IFD,RMF,0.667
SP002414,SP003955,SOV,LST,LST,10,GDP,IFD,RMF,0.667
SP002415,SP002423,BRI,SAL,WMN,9,WSB,WMN,DMH,0.818
SP002415,SP002644,BRI,SAL,WEY,9,WSB,WMN,FRO,0.818
SP002415,SP003409,BRI,SAL,PMH,11,SAL,,DEN,1.0
SP002415,SP003532,BRI,SAL,SAL,9,WSB,WMN,DMH,0.818
SP002418,SP004331,MLG,GLQ,GLQ,25,DBC,CYK,DMR,0.862
SP002423,SP002644,BRI,WMN,WEY,9,WSB,DMH,FRO,0.818
SP002423,SP003409,BRI,WMN,PMH,9,WSB,DMH,WMN,0.818
SP002423,SP003532,BRI,WMN,SAL,11,WMN,,SAL,1.0
SP002429,SP002777,MYB,AYS,OXF,5,WRU,DNM,GER,0.333
SP002429,SP002783,MYB,AYS,OXF,5,WRU,DNM,GER,0.333
SP002429,SP003198,MYB,AYS,BAN,5,WRU,DNM,GER,0.333
SP002429,SP003867,MYB,AYS,OXF,5,WRU,DNM,GER,0.333
SP002429,SP004114,MYB,AYS,BCS,13,PRR,LTK,HDM,0.867
SP002429,SP004157,MYB,AYS,BMO,5,WRU,DNM,GER,0.333
SP002429,SP004185,MYB,AYS,BAN,6,DNM,DGC,GER,0.4
SP002429,SP004191,MYB,AYS,SBJ,5,WRU,DNM,GER,0.333
SP002429,SP004257,MYB,AYS,BMO,5,WRU,DNM,GER,0.333
SP002429,SP004445,MYB,AYS,BAN,5,WRU,DNM,GER,0.333
SP002429,SP004479,MYB,AYS,PRR,5,WRU,DNM,GER,0.556
SP002429,SP004626,MYB,AYS,OXF,6,DNM,DGC,GER,0.4
SP002429,SP004639,MYB,AYS,BAN,6,DNM,DGC,GER,0.4
SP002429,SP004641,MYB,AYS,BSW,5,WRU,DNM,GER,0.333
SP002433,SP003931,CBG,SSD,LST,5,AUD,SSD,SST,0.833
SP002433,SP003936,CBG,SSD,LST,5,AUD,SSD,NWE,0.833
SP002433,SP004164,CBG,SSD,LST,5,AUD,SSD,SST,0.833
SP002433,SP004225,CBG,SSD,SRA,5,AUD,SSD,SST,0.833
SP002433,SP004568,CBG,SSD,LST,5,AUD,SSD,SST,0.833
SP002438,SP003008,MLN,MTH,CUB,15,CBL,MTH,NTN,0.938
SP002438,SP003650,MLN,MTH,MTH,15,CBL,MTH,NTN,0.938
SP002438,SP003901,MLN,MTH,ADR,7,PTK,EXG,CHC,0.467
SP002438,SP003907,MLN,MTH,EDB,7,PTK,EXG,CHC,0.438
SP002438,SP003909,MLN,MTH,EDB,7,PTK,EXG,CHC,0.438
SP002438,SP003912,MLN,MTH,BHG,7,PTK,EXG,CHC,0.438
SP002438,SP004222,MLN,MTH,MTH,14,RUT,CBL,CML,0.875
SP002438,SP004290,MLN,MTH,SPR,7,PTK,EXG,CHC,0.467
SP002439,SP003886,DEE,INV,ARB,5,ARB,MTS,,1.0
SP002441,SP002442,FST,SRY,SOC,12,SOC,SOE,,1.0
SP002441,SP002459,FST,SRY,SRY,5,LAI,BSO,PSE,0.357
SP002441,SP002484,FST,SRY,LAI,5,LAI,BSO,,1.0
SP002441,SP003831,FST,SRY,LES,7,PSE,BEF,LES,0.875
SP002442,SP002459,FST,SOC,SRY,5,LAI,BSO,PSE,0.417
SP002442,SP002484,FST,SOC,LAI,5,LAI,BSO,,1.0
SP002442,SP003831,FST,SOC,LES,7,PSE,BEF,LES,0.875
SP002447,SP002448,PBO,IPS,COL,11,IPS,,MNG,1.0
SP002452,SP002456,BRI,SVB,AVN,10,AVN,SAR,,1.0
SP002453,SP002462,FST,SRY,SOC,8,PSE,LES,BEF,0.615
SP002454,SP003537,CLE,SHF,SHF,5,BTB,BGG,SCU,0.385
SP002455,SP002993,HGS,HHE,BAL,18,CBR,PMP,XKM,0.818
SP002455,SP003135,HGS,HHE,BTN,6,COB,PEV,NSB,0.273
SP002455,SP003138,HGS,HHE,BTN,6,COB,PEV,NSB,0.273
SP002455,SP003142,HGS,HHE,BTN,6,COB,PEV,NSB,0.273
SP002455,SP003144,HGS,HHE,BTN,6,COB,PEV,NSB,0.286
SP002455,SP003530,HGS,HHE,BTN,17,LWS,CBR,FMR,0.85
SP002458,SP002479,BTN,ORE,ORE,11,PEV,NSB,BEX,0.688
SP002458,SP002739,BTN,ORE,EBN,8,EBN,HMD,,1.0
SP002458,SP002932,BTN,ORE,HGS,11,PEV,NSB,BEX,0.733
SP002458,SP003140,BTN,ORE,HGS,11,PEV,NSB,COB,0.647
SP002459,SP002484,FST,SRY,LAI,5,LAI,PSE,,1.0
SP002459,SP003831,FST,SRY,LES,5,LAI,PSE,BSO,0.625
SP002460,SP003582,ABA,MER,CDF,11,RDR,DCT,CDQ,0.846
SP002460,SP004075,ABA,MER,CDF,16,CDF,CDQ,,1.0
SP002461,SP004144,STP,NOT,COR,19,KET,MHR,COR,0.95
SP002464,SP002614,NOT,WRK,WRK,9,SHB,LAG,CWD,0.75
SP002464,SP002615,NOT,WRK,WRK,11,CWD,WWL,WRK,0.917
SP002464,SP002634,NOT,WRK,MSW,8,MSW,SHB,,1.0
SP002467,SP004594,WSW,WRH,PMH,15,TBD,BAB,CRW,0.469
SP002469,SP002472,CTR,MAN,SPT,15,SPT,HTC,,1.0
SP002470,SP002766,BDM,TBD,BTN,8,SAC,RDT,HEN,0.229
SP002470,SP002831,BDM,TBD,BTN,17,SPL,CTK,ZFD,0.436
SP002470,SP002850,BDM,TBD,BTN,39,TBD,,BAB,1.0
SP002470,SP003040,BDM,TBD,TBD,17,SPL,CTK,ZFD,0.515
SP002470,SP003132,BDM,TBD,TBD,23,NXG,BCY,SYD,0.697
SP002470,SP003389,BDM,TBD,BTN,8,SAC,RDT,HEN,0.216
SP002470,SP003401,BDM,TBD,BTN,8,SAC,RDT,HEN,0.229
SP002470,SP003491,BDM,TBD,BTN,8,SAC,RDT,HEN,0.216
SP002470,SP003627,BDM,TBD,TBD,19,BFR,XMK,EPH,0.543
SP002470,SP003758,BDM,TBD,BTN,8,SAC,RDT,HEN,0.222
SP002470,SP003861,BDM,TBD,BTN,33,XJS,RDH,ELD,0.846
SP002470,SP003865,BDM,TBD,BTN,17,SPL,CTK,ZFD,0.436
SP002470,SP004203,BDM,TBD,BTN,23,NXG,BCY,SYD,0.59
SP002470,SP004204,BDM,TBD,BTN,8,SAC,RDT,HEN,0.216
SP002470,SP004596,BDM,TBD,TBD,17,SPL,CTK,ZFD,0.472
SP002470,SP004598,BDM,TBD,BTN,8,SAC,RDT,HEN,0.205
SP002471,SP003037,TBD,BDM,BDM,12,NWD,PNW,ANZ,0.308
SP002471,SP003133,TBD,BDM,RDH,6,RDH,XJS,,1.0
SP002471,SP003629,TBD,BDM,BDM,8,PUR,PUO,SCY,0.229
SP002471,SP004196,TBD,BDM,BDM,12,NWD,PNW,ANZ,0.308
SP002473,SP002514,LST,CHN,SSD,5,HAC,REC,XMI,0.333
SP002473,SP002542,LST,CHN,ELY,5,HAC,REC,XMI,0.278
SP002473,SP002554,LST,CHN,HFE,5,HAC,REC,XMI,0.294
SP002473,SP003259,LST,CHN,ENF,14,XSG,SBU,BHK,0.875
SP002473,SP004059,LST,CHN,CHI,5,HAC,REC,CPT,0.455
SP002473,SP004165,LST,CHN,ELY,5,HAC,REC,XMI,0.278
SP002474,SP002724,BTN,BDM,BAL,5,XKM,WVF,HHE,0.357
SP002474,SP002841,BTN,BDM,BDM,19,ECR,NWD,SYD,0.422
SP002474,SP003141,BTN,BDM,BDM,11,HOR,SAF,ELD,0.268
SP002474,SP003395,BTN,BDM,BDM,10,GTW,HOR,ELD,0.278
SP002474,SP003399,BTN,BDM,BDM,10,GTW,HOR,ELD,0.25
SP002474,SP003546,BTN,BDM,BAL,5,XKM,WVF,HHE,0.357
SP002474,SP003588,BTN,BDM,BDM,16,PUR,PUO,SCY,0.372
SP002474,SP003809,BTN,BDM,WSW,10,GTW,HOR,SAF,0.435
SP002474,SP003989,BTN,BDM,BAK,5,XKM,WVF,HHE,0.278
SP002474,SP004194,BTN,BDM,BDM,23,SYD,FOH,HPA,0.469
SP002474,SP004487,BTN,BDM,BDM,10,GTW,HOR,ELD,0.263
SP002474,SP004582,BTN,BDM,BDM,10,GTW,HOR,SAF,0.233
SP002475,SP003229,GLC,DMF,GIR,6,KMK,AUK,TRN,0.545
SP002476,SP002996,ORE,BTN,BAL,5,BEX,PEV,CLL,0.312
SP002476,SP003000,ORE,BTN,BAK,5,BEX,PEV,CLL,0.312
SP002476,SP003147,ORE,BTN,BTN,5,BEX,PEV,CLL,0.312
SP002476,SP003149,ORE,BTN,BTN,5,BEX,PEV,CLL,0.312
SP002476,SP003552,ORE,BTN,PLG,5,BEX,PEV,CLL,0.357
SP002476,SP004120,ORE,BTN,BTN,12,PLG,XRH,BRK,0.75
SP002476,SP004126,ORE,BTN,BTN,5,BEX,PEV,CLL,0.312
SP002476,SP004128,ORE,BTN,BTN,5,BEX,PEV,CLL,0.312
SP002479,SP002739,BTN,ORE,EBN,8,EBN,HMD,,1.0
SP002479,SP002932,BTN,ORE,HGS,15,HGS,ORE,,1.0
SP002479,SP003140,BTN,ORE,HGS,11,PEV,BEX,COB,0.688
SP002484,SP003831,FST,LAI,LES,5,LAI,,BSO,1.0
SP002485,SP003431,NBY,RDG,PAD,8,RDG,,TWY,1.0
SP002486,SP002954,PAD,OXF,HWV,6,HAY,WDT,HXX,0.75
SP002486,SP002966,PAD,OXF,HAF,6,HAY,WDT,HXX,0.75
SP002488,SP003903,WEY,WOK,NEM,6,WRM,HAM,HOL,0.182
SP002488,SP004466,WEY,WOK,NEM,29,BSK,HOK,FNB,0.879
SP002489,SP002752,AVN,BRI,WSM,10,BRI,,BMT,1.0
SP002492,SP002520,MBR,CAR,CAR,8,NCL,MCE,DOT,0.4
SP002492,SP002811,MBR,CAR,CAR,7,BNR,NCL,HEW,0.368
SP002492,SP002814,MBR,CAR,CAR,8,NCL,MCE,DOT,0.4
SP002492,SP002815,MBR,CAR,HEX,8,NCL,MCE,DOT,0.471
SP002493,SP002494,KGX,HFN,RYS,8,PAL,WIH,GPK,0.533
SP002493,SP002502,KGX,HFN,CBG,12,GDH,CWH,HFN,0.8
SP002493,SP002602,KGX,HFN,WGC,6,AAP,BOP,NSG,0.429
SP002493,SP002623,KGX,HFN,PBO,9,WIH,GPK,ENC,0.6
SP002493,SP002765,KGX,HFN,CBG,6,AAP,BOP,NSG,0.4
SP002493,SP002973,KGX,HFN,HFN,14,CUF,HFN,BAY,0.933
SP002493,SP003030,KGX,HFN,WGC,6,AAP,BOP,NSG,0.4
SP002493,SP003175,KGX,HFN,HFN,12,GDH,CWH,CUF,0.857
SP002493,SP004237,KGX,HFN,PBO,6,AAP,BOP,NSG,0.4
SP002494,SP002502,KGX,RYS,CBG,8,PAL,GPK,WIH,0.444
SP002494,SP002602,KGX,RYS,WGC,6,AAP,BOP,NSG,0.429
SP002494,SP002623,KGX,RYS,PBO,8,PAL,GPK,WIH,0.444
SP002494,SP002765,KGX,RYS,CBG,6,AAP,BOP,NSG,0.333
SP002494,SP002973,KGX,RYS,HFN,8,PAL,GPK,WIH,0.5
SP002494,SP003030,KGX,RYS,WGC,6,AAP,BOP,NSG,0.4
SP002494,SP003175,KGX,RYS,HFN,8,PAL,GPK,WIH,0.571
SP002494,SP004237,KGX,RYS,PBO,6,AAP,BOP,NSG,0.333
SP002497,SP002568,WSM,CFN,BRI,8,BRI,LWH,,1.0
SP002497,SP004514,WSM,CFN,BPW,8,BRI,LWH,FIT,0.8
SP002498,SP002506,XSU,EBN,LIT,12,HHE,XKM,WVF,0.522
SP002498,SP002516,XSU,EBN,BOG,11,TBD,HHE,CRW,0.478
SP002498,SP002725,XSU,EBN,EGR,6,ECR,PUR,SCY,0.462
SP002498,SP002810,XSU,EBN,CAT,6,ECR,PUR,SCY,0.462
SP002498,SP003249,XSU,EBN,ECR,6,ECR,PUR,,1.0
SP002500,SP002982,PAD,RDG,HAF,7,HAY,WDT,HXX,0.778
SP002500,SP003275,PAD,RDG,HWV,7,HAY,WDT,HXX,0.778
SP002500,SP003412,PAD,RDG,PNZ,16,RDG,,THE,1.0
SP002502,SP002602,KGX,CBG,WGC,6,AAP,BOP,NSG,0.429
SP002502,SP002623,KGX,CBG,PBO,9,WIH,GPK,ENC,0.429
SP002502,SP002765,KGX,CBG,CBG,6,AAP,BOP,NSG,0.24
SP002502,SP002973,KGX,CBG,HFN,12,GDH,HFN,CWH,0.75
SP002502,SP003030,KGX,CBG,WGC,6,AAP,BOP,NSG,0.4
SP002502,SP003175,KGX,CBG,HFN,12,GDH,HFN,CUF,0.857
SP002502,SP004237,KGX,CBG,PBO,6,AAP,BOP,NSG,0.24
SP002503,SP003812,EBN,XSU,HHE,11,XKM,HHE,WVF,0.846
SP002503,SP004147,EBN,XSU,HHE,8,LWS,CBR,PMP,0.667
SP002503,SP004595,EBN,XSU,WSW,11,XKM,HHE,WVF,0.478
SP002505,SP002969,CHX,GRV,DFD,5,BKH,KDB,CTN,0.333
SP002506,SP002516,XSU,LIT,BOG,11,TBD,HHE,CRW,0.478
SP002506,SP002725,XSU,LIT,EGR,6,ECR,PUR,SCY,0.462
SP002506,SP002810,XSU,LIT,CAT,6,ECR,PUR,SCY,0.462
SP002506,SP003249,XSU,LIT,ECR,6,ECR,PUR,,1.0
SP002507,SP002519,LST,COL,CLT,5,MYL,MNP,IFD,0.238
SP002507,SP002684,LST,COL,SOV,8,SVK,GMY,CTH,0.381
SP002507,SP003126,LST,COL,COL,5,MYL,MNP,FOG,0.294
SP002507,SP003205,LST,COL,CLT,5,MYL,MNP,IFD,0.238
SP002507,SP003598,LST,COL,GDP,5,MYL,MNP,FOG,0.385
SP002507,SP003738,LST,COL,HWC,5,MYL,MNP,IFD,0.263
SP002507,SP003741,LST,COL,HPQ,5,MYL,MNP,IFD,0.278
SP002507,SP003743,LST,COL,HPQ,5,MYL,MNP,IFD,0.294
SP002507,SP003905,LST,COL,WTM,5,MYL,MNP,IFD,0.385
SP002507,SP003908,LST,COL,WTM,5,MYL,MNP,IFD,0.417
SP002507,SP003910,LST,COL,BTR,5,MYL,MNP,IFD,0.312
SP002507,SP003922,LST,COL,COL,5,MYL,MNP,IFD,0.333
SP002507,SP003923,LST,COL,COL,5,MYL,MNP,IFD,0.333
SP002507,SP003926,LST,COL,COL,5,MYL,MNP,IFD,0.312
SP002507,SP003947,LST,COL,SMN,5,MYL,MNP,IFD,0.312
SP002507,SP003948,LST,COL,SOV,7,IFD,SVK,GMY,0.333
SP002507,SP003999,LST,COL,CLT,5,MYL,MNP,IFD,0.238
SP002507,SP004024,LST,COL,CLT,5,MYL,MNP,IFD,0.263
SP002507,SP004028,LST,COL,CLT,5,MYL,MNP,IFD,0.278
SP002507,SP004029,LST,COL,CLT,5,MYL,MNP,IFD,0.25
SP002507,SP004039,LST,COL,CLT,5,MYL,MNP,IFD,0.25
SP002507,SP004049,LST,COL,IPS,5,MYL,MNP,IFD,0.278
SP002507,SP004050,LST,COL,IPS,5,MYL,MNP,IFD,0.312
SP002507,SP004053,LST,COL,IPS,5,MYL,MNP,IFD,0.333
SP002507,SP004153,LST,COL,WTM,5,MYL,MNP,IFD,0.385
SP002509,SP002545,CAR,MBR,MBR,17,HPL,STK,SEC,0.85
SP002509,SP002548,CAR,MBR,MBR,16,SEA,HPL,HRE,0.8
SP002509,SP002813,CAR,MBR,MBR,8,HEX,PRU,CRB,0.4
SP002509,SP002816,CAR,MBR,NCL,8,HEX,PRU,CRB,0.471
SP002509,SP002821,CAR,MBR,NCL,8,HEX,PRU,CRB,0.5
SP002509,SP002929,CAR,MBR,HPL,8,HEX,PRU,CRB,0.4
SP002514,SP002542,LST,SSD,ELY,7,TOM,BMD,PON,0.467
SP002514,SP002554,LST,SSD,HFE,7,TOM,BMD,PON,0.467
SP002514,SP003259,LST,SSD,ENF,5,HAC,XMI,REC,0.333
SP002514,SP004059,LST,SSD,CHI,5,HAC,XMI,CPT,0.455
SP002514,SP004165,LST,SSD,ELY,10,BXB,HWN,RYN,0.667
SP002516,SP002725,XSU,BOG,EGR,6,ECR,PUR,SCY,0.462
SP002516,SP002810,XSU,BOG,CAT,6,ECR,PUR,SCY,0.462
SP002516,SP003249,XSU,BOG,ECR,6,ECR,PUR,,1.0
SP002517,SP003711,MIA,YRK,BPN,7,MAN,ADK,MCO,0.304
SP002517,SP004118,MIA,YRK,LIV,7,MAN,ADK,MCO,0.318
SP002517,SP004489,MIA,YRK,CLE,7,MAN,ADK,LVM,0.269
SP002517,SP004503,MIA,YRK,BIF,7,MAN,ADK,MCO,0.269
SP002517,SP004572,MIA,YRK,BPN,7,MAN,ADK,MCO,0.269
SP002517,SP004585,MIA,YRK,SCA,22,LDS,XES,CRG,0.846
SP002518,SP003125,YRK,MIA,MAN,5,LDS,XES,COT,0.217
SP002518,SP003268,YRK,MIA,MIA,7,WKK,MIR,HUD,0.438
SP002518,SP003606,YRK,MIA,MAN,5,LDS,XES,MLY,0.357
SP002518,SP003607,YRK,MIA,LDS,5,LDS,XES,,1.0
SP002519,SP002684,LST,CLT,SOV,5,MYL,IFD,MNP,0.227
SP002519,SP003126,LST,CLT,COL,5,MYL,IFD,FOG,0.294
SP002519,SP003205,LST,CLT,CLT,6,IFD,SVK,RMF,0.286
SP002519,SP003598,LST,CLT,GDP,5,MYL,IFD,FOG,0.385
SP002519,SP003738,LST,CLT,HWC,6,IFD,SVK,GDP,0.316
SP002519,SP003741,LST,CLT,HPQ,6,IFD,SVK,GDP,0.333
SP002519,SP003743,LST,CLT,HPQ,6,IFD,SVK,GDP,0.353
SP002519,SP003905,LST,CLT,WTM,6,IFD,SVK,GDP,0.462
SP002519,SP003908,LST,CLT,WTM,6,IFD,SVK,GDP,0.5
SP002519,SP003910,LST,CLT,BTR,6,IFD,SVK,GDP,0.375
SP002519,SP003922,LST,CLT,COL,6,IFD,SVK,GDP,0.4
SP002519,SP003923,LST,CLT,COL,6,IFD,SVK,GDP,0.4
SP002519,SP003926,LST,CLT,COL,6,IFD,SVK,GDP,0.375
SP002519,SP003947,LST,CLT,SMN,6,IFD,SVK,GDP,0.375
SP002519,SP003948,LST,CLT,SOV,5,MYL,IFD,MNP,0.227
SP002519,SP003999,LST,CLT,CLT,6,IFD,SVK,GDP,0.273
SP002519,SP004024,LST,CLT,CLT,6,IFD,SVK,GDP,0.316
SP002519,SP004028,LST,CLT,CLT,6,IFD,SVK,GDP,0.333
SP002519,SP004029,LST,CLT,CLT,6,IFD,SVK,GDP,0.3
SP002519,SP004039,LST,CLT,CLT,6,IFD,SVK,GDP,0.3
SP002519,SP004049,LST,CLT,IPS,6,IFD,SVK,GDP,0.333
SP002519,SP004050,LST,CLT,IPS,6,IFD,SVK,GDP,0.375
SP002519,SP004053,LST,CLT,IPS,6,IFD,SVK,GDP,0.4
SP002519,SP004153,LST,CLT,WTM,6,IFD,SVK,RMF,0.462
SP002520,SP002811,MBR,CAR,CAR,7,BNR,NCL,HEW,0.368
SP002520,SP002814,MBR,CAR,CAR,13,PRU,SKS,HEX,0.619
SP002520,SP002815,MBR,CAR,HEX,17,HEX,HDB,,1.0
SP002521,SP002535,SUO,SRS,XSU,7,SRS,,TTH,1.0
SP002530,SP002562,LDS,HUL,YRK,5,MIK,SOM,CHF,0.625
SP002530,SP003512,LDS,HUL,SBY,7,SBY,WRS,,1.0
SP002530,SP003529,LDS,HUL,YRK,6,SOM,SBY,CHF,0.75
SP002530,SP003571,LDS,HUL,HUL,7,SBY,WRS,HOW,0.636
SP002531,SP002582,BAK,HRH,EPS,8,CHE,EWE,EPS,0.889
SP002531,SP003032,BAK,HRH,HRH,8,CHE,EWE,EPS,0.471
SP002531,SP003290,BAK,HRH,DKG,12,LHD,BXW,DKG,0.923
SP002532,SP002947,SCU,DON,SHF,7,DON,,MEX,1.0
SP002534,SP003951,HUL,YRK,YRK,5,HOW,SBY,WRS,0.556
SP002536,SP002546,YRK,BDT,HUL,5,HOW,GBD,EGN,0.455
SP002536,SP003559,YRK,BDT,BDT,10,BEV,HUT,ARR,0.714
SP002537,SP002807,CHX,TBW,DVP,5,HGR,CFB,GRP,0.217
SP002537,SP002976,CHX,TBW,CBW,5,HGR,CFB,GRP,0.238
SP002537,SP003387,CHX,TBW,DVP,5,HGR,CFB,GRP,0.217
SP002537,SP003400,CHX,TBW,RAM,5,HGR,CFB,GRP,0.185
SP002537,SP004546,CHX,TBW,HGS,5,HGR,CFB,GRP,0.25
SP002537,SP004547,CHX,TBW,HGS,5,HGR,CFB,GRP,0.185
SP002537,SP004549,CHX,TBW,HGS,5,HGR,CFB,GRP,0.2
SP002537,SP004551,CHX,TBW,HGS,5,HGR,CFB,GRP,0.227
SP002538,SP002869,SOV,LST,LST,12,GDP,IFD,RMF,0.632
SP002538,SP003954,SOV,LST,LST,9,SNF,BRE,GDP,0.474
SP002538,SP003955,SOV,LST,LST,9,SNF,BRE,GDP,0.474
SP002539,SP003043,LCN,NOT,NOT,7,NCT,ROL,FSK,0.538
SP002542,SP002554,LST,ELY,HFE,13,BXB,RYN,RYH,0.765
SP002542,SP003259,LST,ELY,ENF,5,HAC,XMI,REC,0.312
SP002542,SP004059,LST,ELY,CHI,5,HAC,XMI,CPT,0.455
SP002542,SP004165,LST,ELY,ELY,7,TOM,PON,BMD,0.25
SP002545,SP002548,CAR,MBR,MBR,16,SEA,HPL,HRE,0.762
SP002545,SP002813,CAR,MBR,MBR,8,HEX,PRU,CRB,0.364
SP002545,SP002816,CAR,MBR,NCL,8,HEX,PRU,CRB,0.471
SP002545,SP002821,CAR,MBR,NCL,8,HEX,PRU,CRB,0.5
SP002545,SP002929,CAR,MBR,HPL,8,HEX,PRU,CRB,0.364
SP002546,SP003559,YRK,HUL,BDT,5,HOW,EGN,GBD,0.455
SP002547,SP003407,YRK,HUL,BDT,5,SBY,HOW,WRS,0.556
SP002548,SP002813,CAR,MBR,MBR,8,HEX,PRU,CRB,0.381
SP002548,SP002816,CAR,MBR,NCL,8,HEX,PRU,CRB,0.471
SP002548,SP002821,CAR,MBR,NCL,8,HEX,PRU,CRB,0.5
SP002548,SP002929,CAR,MBR,HPL,8,HEX,PRU,CRB,0.381
SP002549,SP002707,FST,SRY,SFO,5,UPM,WHR,OCK,0.455
SP002549,SP004584,FST,SRY,SOC,5,UPM,WHR,OCK,0.294
SP002550,SP002558,LEI,NOT,LCN,8,XTR,BEE,ATB,0.8
SP002551,SP003943,LDS,BDI,HUD,5,DEW,MIR,HUD,0.833
SP002551,SP004130,LDS,BDI,DEW,5,DEW,MIR,,1.0
SP002552,SP003555,BDT,YRK,YRK,8,HUL,BUH,HES,0.5
SP002552,SP003567,BDT,YRK,YRK,11,HOW,WRS,SBY,0.846
SP002553,SP002559,NOT,NCT,LCN,7,FSK,NCT,ROL,0.875
SP002553,SP002560,NOT,NCT,GMB,7,FSK,NCT,ROL,0.875
SP002554,SP003259,LST,HFE,ENF,5,HAC,XMI,REC,0.312
SP002554,SP004059,LST,HFE,CHI,5,HAC,XMI,CPT,0.455
SP002554,SP004165,LST,HFE,ELY,7,TOM,PON,BMD,0.412
SP002555,SP003569,YRK,BDT,BDT,8,BEV,ARR,HUT,0.667
SP002555,SP004593,YRK,BDT,HUL,6,HUL,CGM,,1.0
SP002556,SP004083,HFE,LST,LST,6,CHN,XSG,WLC,0.545
SP002556,SP004092,HFE,LST,SRA,6,CHN,XSG,WLC,0.545
SP002556,SP004344,HFE,LST,LST,6,CHN,XSG,WLC,0.545
SP002556,SP004374,HFE,LST,LST,6,CHN,XSG,ENL,0.545
SP002556,SP004429,HFE,LST,SRA,6,CHN,XSG,WLC,0.545
SP002556,SP004610,HFE,LST,LST,6,CHN,XSG,WLC,0.545
SP002557,SP002608,LCN,CLE,GMB,5,SLL,HLI,GMB,0.833
SP002557,SP003223,LCN,CLE,CLE,5,SLL,HLI,GMB,0.714
SP002559,SP002560,NOT,LCN,GMB,14,LCN,,MKR,1.0
SP002561,SP002563,MAT,LCN,LCN,14,NOT,CTO,LOW,0.636
SP002561,SP002564,MAT,LCN,CLE,14,NOT,CTO,LOW,0.56
SP002561,SP002580,MAT,LCN,NOT,14,NOT,CTO,,1.0
SP002561,SP002581,MAT,LCN,NOT,12,XTR,BEE,ATB,0.8
SP002561,SP004172,MAT,LCN,CLE,18,FSK,ROL,NCT,0.72
SP002562,SP003512,LDS,YRK,SBY,5,MIK,CHF,SOM,0.714
SP002562,SP003529,LDS,YRK,YRK,5,MIK,CHF,SOM,0.625
SP002562,SP003571,LDS,YRK,HUL,5,MIK,CHF,SOM,0.625
SP002563,SP002564,MAT,LCN,CLE,19,CLM,SWD,HKM,0.864
SP002563,SP002580,MAT,LCN,NOT,14,NOT,LOW,,1.0
SP002563,SP002581,MAT,LCN,NOT,12,XTR,BEE,ATB,0.8
SP002563,SP004172,MAT,LCN,CLE,14,NOT,LOW,CTO,0.636
SP002564,SP002580,MAT,CLE,NOT,14,NOT,LOW,,1.0
SP002564,SP002581,MAT,CLE,NOT,12,XTR,BEE,ATB,0.8
SP002564,SP004172,MAT,CLE,CLE,14,NOT,LOW,CTO,0.483
SP002565,SP003084,HUL,BDT,SCA,7,BDT,,BEM,1.0
SP002568,SP004514,WSM,BRI,BPW,8,BRI,,FIT,1.0
SP002570,SP003285,PGN,BRI,EXD,7,DWW,SCS,EXT,0.778
SP002570,SP003415,PGN,BRI,PAD,7,DWW,SCS,EXD,0.467
SP002570,SP003513,PGN,BRI,CDF,13,BWT,PSN,HIG,0.867
SP002570,SP004093,PGN,BRI,BRI,7,DWW,SCS,EXD,0.538
SP002570,SP004167,PGN,BRI,PAD,7,DWW,SCS,EXD,0.467
SP002573,SP002860,CDF,HFD,MAN,6,HFD,,LEO,1.0
SP002573,SP002893,CDF,HFD,MAN,6,HFD,,LEO,1.0
SP002573,SP002902,CDF,HFD,HHD,6,HFD,,LEO,1.0
SP002573,SP003061,CDF,HFD,MAN,6,HFD,,LEO,1.0
SP002573,SP003495,CDF,HFD,CTR,6,HFD,,LEO,1.0
SP002573,SP003525,CDF,HFD,AGV,5,AGV,HFD,,1.0
SP002573,SP003619,CDF,HFD,CTR,6,HFD,,LEO,1.0
SP002573,SP004084,CDF,HFD,CRE,6,HFD,,LEO,1.0
SP002573,SP004294,CDF,HFD,CTR,6,HFD,,LEO,1.0
SP002577,SP002601,LCN,NOT,CRE,5,NCT,FSK,ROL,0.625
SP002577,SP004037,LCN,NOT,STP,8,NOT,,BEE,1.0
SP002578,SP003029,LIT,XSU,BAL,7,WRH,LAC,EWR,0.28
SP002580,SP002581,MAT,NOT,NOT,12,XTR,BEE,ATB,0.857
SP002580,SP004172,MAT,NOT,CLE,14,NOT,,CTO,1.0
SP002581,SP004172,MAT,NOT,CLE,12,XTR,ATB,BEE,0.8
SP002582,SP003032,BAK,EPS,HRH,9,EPS,,AHD,1.0
SP002582,SP003290,BAK,EPS,DKG,8,CHE,EPS,EWE,0.889
SP002583,SP003309,RDG,PAD,ABX,11,STL,HAN,WEA,0.688
SP002583,SP003338,RDG,PAD,ABX,7,LNY,IVR,WDT,0.438
SP002583,SP003363,RDG,PAD,ABX,15,AML,PAD,PDX,0.938
SP002583,SP003596,RDG,PAD,PAD,7,LNY,IVR,WDT,0.583
SP002583,SP004040,RDG,PAD,PAD,11,STL,HAN,WEA,0.786
SP002583,SP004520,RDG,PAD,PAD,6,SLO,LNY,HAY,0.462
SP002585,SP002587,CRE,LCN,LCN,8,TUT,DBY,PEA,0.32
SP002585,SP002589,CRE,LCN,LCN,18,LOW,FSK,THU,0.72
SP002585,SP002591,CRE,LCN,LCN,18,LOW,FSK,THU,0.72
SP002585,SP002593,CRE,LCN,LCN,19,FSK,NCT,ROL,0.792
SP002585,SP002598,CRE,LCN,LCN,8,TUT,DBY,PEA,0.32
SP002585,SP002599,CRE,LCN,LCN,8,TUT,DBY,PEA,0.32
SP002585,SP003047,CRE,LCN,LCN,8,TUT,DBY,PEA,0.32
SP002587,SP002589,CRE,LCN,LCN,8,TUT,PEA,DBY,0.286
SP002587,SP002591,CRE,LCN,LCN,8,TUT,PEA,DBY,0.32
SP002587,SP002593,CRE,LCN,LCN,8,TUT,PEA,DBY,0.333
SP002587,SP002598,CRE,LCN,LCN,19,LOW,THU,FSK,0.76
SP002587,SP002599,CRE,LCN,LCN,22,FSK,NCT,ROL,0.815
SP002587,SP003047,CRE,LCN,LCN,19,LOW,THU,BSB,0.704
SP002588,SP002943,BOG,XSU,BTN,5,XXA,ARU,ANG,0.263
SP002589,SP002591,CRE,LCN,LCN,21,FSK,ROL,NCT,0.84
SP002589,SP002593,CRE,LCN,LCN,18,LOW,THU,FSK,0.75
SP002589,SP002598,CRE,LCN,LCN,8,TUT,DBY,PEA,0.32
SP002589,SP002599,CRE,LCN,LCN,8,TUT,DBY,PEA,0.296
SP002589,SP003047,CRE,LCN,LCN,8,TUT,DBY,PEA,0.296
SP002591,SP002593,CRE,LCN,LCN,18,LOW,THU,FSK,0.75
SP002591,SP002598,CRE,LCN,LCN,8,TUT,DBY,PEA,0.32
SP002591,SP002599,CRE,LCN,LCN,8,TUT,DBY,PEA,0.32
SP002591,SP003047,CRE,LCN,LCN,8,TUT,DBY,PEA,0.32
SP002593,SP002598,CRE,LCN,LCN,8,TUT,DBY,PEA,0.333
SP002593,SP002599,CRE,LCN,LCN,8,TUT,DBY,PEA,0.333
SP002593,SP003047,CRE,LCN,LCN,8,TUT,DBY,PEA,0.333
SP002596,SP002830,BUX,MAN,MAN,10,SPT,HTC,LVM,0.833
SP002598,SP002599,CRE,LCN,LCN,19,LOW,FSK,THU,0.76
SP002598,SP003047,CRE,LCN,LCN,19,LOW,FSK,BSB,0.76
SP002599,SP003047,CRE,LCN,LCN,19,LOW,THU,BSB,0.704
SP002600,SP002605,LCN,CRE,CRE,7,FSK,LOW,BSB,0.304
SP002600,SP002631,LCN,CRE,MAT,8,LOW,CTO,NOT,0.364
SP002600,SP002672,LCN,CRE,MAT,6,NCT,FSK,ROL,0.261
SP002600,SP003045,LCN,CRE,NOT,8,LOW,CTO,BUJ,0.727
SP002600,SP004038,LCN,CRE,STP,8,LOW,CTO,NOT,0.348
SP002601,SP004037,LCN,CRE,STP,5,NCT,ROL,FSK,0.2
SP002602,SP002623,KGX,WGC,PBO,6,AAP,NSG,BOP,0.429
SP002602,SP002765,KGX,WGC,CBG,14,WGC,,WLW,1.0
SP002602,SP002973,KGX,WGC,HFN,6,AAP,NSG,BOP,0.429
SP002602,SP003030,KGX,WGC,WGC,12,BPK,HAT,WMG,0.857
SP002602,SP003175,KGX,WGC,HFN,6,AAP,NSG,BOP,0.429
SP002602,SP004237,KGX,WGC,PBO,14,WGC,,XGN,1.0
SP002605,SP002631,LCN,CRE,MAT,7,FSK,BSB,LOW,0.318
SP002605,SP002672,LCN,CRE,MAT,6,NCT,FSK,ROL,0.24
SP002605,SP003045,LCN,CRE,NOT,7,FSK,BSB,LOW,0.636
SP002605,SP004038,LCN,CRE,STP,7,FSK,BSB,LOW,0.269
SP002608,SP003223,LCN,GMB,CLE,6,GMB,,CLE,1.0
SP002609,SP002659,BAU,CLE,CLE,11,GMB,CLE,GMD,0.917
SP002612,SP004205,BPN,MIA,CRE,5,PRE,LEY,XOU,0.385
SP002613,SP003493,OMS,HNX,LVC,13,LVC,BRW,,1.0
SP002614,SP002615,NOT,WRK,WRK,9,SHB,CWD,LAG,0.75
SP002614,SP002634,NOT,WRK,MSW,8,MSW,SHB,,1.0
SP002615,SP002634,NOT,WRK,MSW,8,MSW,SHB,,1.0
SP002616,SP003304,PDX,SNF,WHX,6,WHX,SRA,,1.0
SP002616,SP003324,PDX,SNF,ABX,6,WHX,SRA,CWX,0.6
SP002620,SP002621,MSW,NOT,NOT,6,HKN,BLW,NOT,0.857
SP002622,SP004468,BSK,NEM,WOK,5,FNB,WOK,BKO,0.714
SP002623,SP002765,KGX,PBO,CBG,6,AAP,BOP,NSG,0.286
SP002623,SP002973,KGX,PBO,HFN,9,WIH,ENC,GPK,0.562
SP002623,SP003030,KGX,PBO,WGC,6,AAP,BOP,NSG,0.4
SP002623,SP003175,KGX,PBO,HFN,9,WIH,ENC,GPK,0.643
SP002623,SP004237,KGX,PBO,PBO,6,AAP,BOP,NSG,0.286
SP002625,SP004541,CRE,MAN,MAN,7,WML,SYA,HDG,0.778
SP002628,SP003251,NOT,MAT,CRE,6,DBY,DFI,PEA,0.429
SP002628,SP003381,NOT,MAT,CDF,6,DBY,DFI,BUT,0.429
SP002631,SP002672,LCN,MAT,MAT,6,NCT,FSK,ROL,0.273
SP002631,SP003045,LCN,MAT,NOT,8,LOW,NOT,BUJ,0.727
SP002631,SP004038,LCN,MAT,STP,9,NOT,BEE,XTR,0.409
SP002632,SP002676,CLE,MAT,MAT,10,HKM,CLM,SWD,0.345
SP002632,SP002678,CLE,MAT,MAT,10,HKM,CLM,SWD,0.345
SP002632,SP003051,CLE,MAT,NOT,16,NOT,BEE,,1.0
SP002635,SP003481,BRI,NQY,EXD,10,EXD,DWW,,1.0
SP002635,SP004284,BRI,NQY,WSM,5,WSM,HIG,,1.0
SP002636,SP003145,MAN,ALD,FGH,8,ALD,,CEL,1.0
SP002637,SP004400,GCR,SAL,SOU,12,SAL,,DEN,1.0
SP002638,SP002639,RDG,RDH,RDH,9,ASH,WAN,GLD,0.5
SP002641,SP003869,HUL,SBY,MAN,5,SBY,,CFD,1.0
SP002641,SP003980,HUL,SBY,HFX,5,SBY,,SOM,1.0
SP002641,SP004117,HUL,SBY,LDS,5,SBY,,SOM,1.0
SP002641,SP004465,HUL,SBY,HFX,5,SBY,,SOM,1.0
SP002642,SP003839,SHF,BNY,PNS,6,BNY,,DOD,1.0
SP002642,SP003966,SHF,BNY,WKK,6,BNY,,DRT,1.0
SP002642,SP004470,SHF,BNY,LDS,6,BNY,,DRT,1.0
SP002643,SP002675,SHF,STP,DBY,5,DBY,SPO,,1.0
SP002644,SP003409,BRI,WEY,PMH,9,WSB,FRO,WMN,0.45
SP002644,SP003532,BRI,WEY,SAL,9,WSB,FRO,DMH,0.75
SP002645,SP002650,SHF,STP,STP,5,SPO,XTG,LGE,0.25
SP002645,SP002652,SHF,STP,STP,5,SPO,XTG,LGE,0.25
SP002645,SP004047,SHF,STP,STP,5,SPO,XTG,LGE,0.25
SP002647,SP002655,EUS,MKC,SAA,5,WFJ,KGL,WFN,0.455
SP002647,SP002872,EUS,MKC,CTR,5,WFJ,KGL,XOE,0.333
SP002647,SP003031,EUS,MKC,MAN,5,WFJ,KGL,XOE,0.333
SP002647,SP003036,EUS,MKC,BHM,5,WFJ,KGL,XOE,0.333
SP002647,SP003114,EUS,MKC,LIV,5,WFJ,KGL,XOE,0.333
SP002647,SP003191,EUS,MKC,BPN,5,WFJ,KGL,XOE,0.333
SP002647,SP003207,EUS,MKC,LIV,5,WFJ,KGL,XOE,0.333
SP002647,SP003300,EUS,MKC,WRX,5,WFJ,KGL,XOE,0.333
SP002647,SP003360,EUS,MKC,EDB,5,WFJ,KGL,XOE,0.333
SP002647,SP003475,EUS,MKC,WVH,5,WFJ,KGL,XOE,0.333
SP002647,SP003568,EUS,MKC,WVH,5,WFJ,KGL,XOE,0.333
SP002647,SP003958,EUS,MKC,INV,5,WFJ,KGL,XOE,0.333
SP002647,SP004012,EUS,MKC,GLC,5,WFJ,KGL,XOE,0.333
SP002647,SP004017,EUS,MKC,PRE,5,WFJ,KGL,XOE,0.333
SP002647,SP004025,EUS,MKC,PRE,5,WFJ,KGL,XOE,0.333
SP002647,SP004034,EUS,MKC,CRE,5,WFJ,KGL,XOE,0.333
SP002647,SP004036,EUS,MKC,GLC,5,WFJ,KGL,XOE,0.333
SP002647,SP004111,EUS,MKC,GLC,5,WFJ,KGL,XOE,0.333
SP002647,SP004131,EUS,MKC,BHM,11,TRI,XOD,CED,0.733
SP002647,SP004188,EUS,MKC,CRE,5,WFJ,KGL,XOE,0.333
SP002647,SP004207,EUS,MKC,CRE,5,WFJ,KGL,XOE,0.333
SP002647,SP004232,EUS,MKC,INV,5,WFJ,KGL,XOE,0.333
SP002647,SP004384,EUS,MKC,WVH,5,WFJ,KGL,XOE,0.333
SP002647,SP004399,EUS,MKC,GLC,5,WFJ,KGL,XOE,0.333
SP002647,SP004433,EUS,MKC,NMP,5,WFJ,KGL,XOE,0.357
SP002647,SP004516,EUS,MKC,GLC,5,WFJ,KGL,XOE,0.333
SP002647,SP004529,EUS,MKC,BHM,11,TRI,XOD,CED,0.733
SP002648,SP004121,EUS,NMP,NMP,12,TRI,CED,XOD,0.632
SP002648,SP004127,EUS,NMP,NMP,6,WFJ,KGL,HML,0.353
SP002649,SP002658,PNZ,PLY,PLY,11,LSK,SGM,MEN,0.786
SP002649,SP002663,PNZ,PLY,PLY,13,STS,PLY,DPT,0.929
SP002649,SP003371,PNZ,PLY,PAD,14,PLY,,IVY,1.0
SP002649,SP003649,PNZ,PLY,PAD,14,PLY,,IVY,1.0
SP002649,SP004277,PNZ,PLY,PLY,11,LSK,SGM,MEN,0.786
SP002649,SP004492,PNZ,PLY,PLY,11,LSK,SGM,MEN,0.786
SP002649,SP004494,PNZ,PLY,PLY,11,LSK,SGM,MEN,0.786
SP002650,SP002652,SHF,STP,STP,7,XTG,LBO,EMD,0.333
SP002650,SP004047,SHF,STP,STP,7,XTG,LBO,EMD,0.333
SP002652,SP004047,SHF,STP,STP,25,HEN,BCZ,CRI,0.862
SP002655,SP002872,EUS,SAA,CTR,5,WFJ,WFN,XOE,0.455
SP002655,SP003031,EUS,SAA,MAN,5,WFJ,WFN,XOE,0.455
SP002655,SP003036,EUS,SAA,BHM,5,WFJ,WFN,XOE,0.455
SP002655,SP003114,EUS,SAA,LIV,5,WFJ,WFN,XOE,0.455
SP002655,SP003191,EUS,SAA,BPN,5,WFJ,WFN,XOE,0.455
SP002655,SP003207,EUS,SAA,LIV,5,WFJ,WFN,XOE,0.455
SP002655,SP003300,EUS,SAA,WRX,5,WFJ,WFN,XOE,0.455
SP002655,SP003360,EUS,SAA,EDB,5,WFJ,WFN,XOE,0.455
SP002655,SP003475,EUS,SAA,WVH,5,WFJ,WFN,XOE,0.455
SP002655,SP003568,EUS,SAA,WVH,5,WFJ,WFN,XOE,0.455
SP002655,SP003958,EUS,SAA,INV,5,WFJ,WFN,XOE,0.455
SP002655,SP004012,EUS,SAA,GLC,5,WFJ,WFN,XOE,0.455
SP002655,SP004017,EUS,SAA,PRE,5,WFJ,WFN,XOE,0.455
SP002655,SP004025,EUS,SAA,PRE,5,WFJ,WFN,XOE,0.455
SP002655,SP004034,EUS,SAA,CRE,5,WFJ,WFN,XOE,0.455
SP002655,SP004036,EUS,SAA,GLC,5,WFJ,WFN,XOE,0.455
SP002655,SP004111,EUS,SAA,GLC,5,WFJ,WFN,XOE,0.455
SP002655,SP004131,EUS,SAA,BHM,5,WFJ,WFN,KGL,0.455
SP002655,SP004188,EUS,SAA,CRE,5,WFJ,WFN,XOE,0.455
SP002655,SP004207,EUS,SAA,CRE,5,WFJ,WFN,XOE,0.455
SP002655,SP004232,EUS,SAA,INV,5,WFJ,WFN,XOE,0.455
SP002655,SP004384,EUS,SAA,WVH,5,WFJ,WFN,XOE,0.455
SP002655,SP004399,EUS,SAA,GLC,5,WFJ,WFN,XOE,0.455
SP002655,SP004433,EUS,SAA,NMP,5,WFJ,WFN,XOE,0.455
SP002655,SP004516,EUS,SAA,GLC,5,WFJ,WFN,XOE,0.455
SP002655,SP004529,EUS,SAA,BHM,5,WFJ,WFN,KGL,0.455
SP002656,SP003212,SHF,STP,STP,5,XTR,LGE,SPO,0.2
SP002656,SP004129,SHF,STP,DBY,5,XTR,LGE,SPO,0.714
SP002658,SP002663,PNZ,PLY,PLY,11,LSK,MEN,SGM,0.733
SP002658,SP003371,PNZ,PLY,PAD,11,LSK,MEN,SGM,0.579
SP002658,SP003649,PNZ,PLY,PAD,11,LSK,MEN,SGM,0.579
SP002658,SP004277,PNZ,PLY,PLY,14,STS,SBF,PLY,0.933
SP002658,SP004492,PNZ,PLY,PLY,15,SBF,KEY,DPT,0.882
SP002658,SP004494,PNZ,PLY,PLY,14,STS,SBF,DPT,0.875
SP002661,SP004490,CLE,BAU,LIV,8,HAB,ULC,BTB,0.571
SP002663,SP003371,PNZ,PLY,PAD,13,STS,DPT,PLY,0.867
SP002663,SP003649,PNZ,PLY,PAD,13,STS,DPT,PLY,0.867
SP002663,SP004277,PNZ,PLY,PLY,11,LSK,SGM,MEN,0.733
SP002663,SP004492,PNZ,PLY,PLY,11,LSK,SGM,MEN,0.733
SP002663,SP004494,PNZ,PLY,PLY,11,LSK,SGM,MEN,0.733
SP002665,SP003216,MAN,GLC,GLC,5,WGN,EBA,XOU,0.263
SP002669,SP002998,HLC,EDB,EDB,17,BLG,SLS,CAY,0.548
SP002669,SP003768,HLC,EDB,EDB,18,SLS,GAR,CBS,0.581
SP002669,SP003770,HLC,EDB,BHG,7,DMR,CYK,SIN,0.226
SP002669,SP003773,HLC,EDB,ADR,7,DMR,CYK,SIN,0.269
SP002669,SP003782,HLC,EDB,EDB,10,GRS,SCH,HYN,0.323
SP002671,SP002677,EXM,PGN,PGN,11,EXD,EXT,DWW,0.579
SP002671,SP003514,EXM,PGN,CDF,11,EXD,EXT,TVP,0.5
SP002671,SP003517,EXM,PGN,BNP,11,EXD,EXT,NTC,0.524
SP002671,SP004333,EXM,PGN,PGN,12,EXT,MBT,SCS,0.571
SP002672,SP003045,LCN,MAT,NOT,6,NCT,ROL,FSK,0.545
SP002672,SP004038,LCN,MAT,STP,6,NCT,ROL,FSK,0.24
SP002673,SP003089,LIV,NOT,WAC,5,HGN,WID,WAW,0.714
SP002673,SP003115,LIV,NOT,NOT,15,EDL,BAM,HOP,0.625
SP002673,SP003496,LIV,NOT,SHF,5,HGN,WID,WAC,0.238
SP002673,SP003657,LIV,NOT,NCL,5,HGN,WID,WAC,0.208
SP002673,SP004143,LIV,NOT,NRW,20,SHF,CHD,DRO,0.833
SP002673,SP004261,LIV,NOT,DON,5,HGN,WID,WAC,0.227
SP002673,SP004268,LIV,NOT,MIA,5,HGN,WID,WAC,0.357
SP002673,SP004269,LIV,NOT,NRW,13,HAZ,CLY,EDL,0.542
SP002676,SP002678,CLE,MAT,MAT,16,LOW,BUJ,NOT,0.533
SP002676,SP003051,CLE,MAT,NOT,10,HKM,SWD,CLM,0.625
SP002677,SP003514,EXM,PGN,CDF,11,EXD,DWW,TVP,0.579
SP002677,SP003517,EXM,PGN,BNP,11,EXD,DWW,NTC,0.579
SP002677,SP004333,EXM,PGN,PGN,11,EXD,DWW,EXT,0.579
SP002678,SP003051,CLE,MAT,NOT,10,HKM,SWD,CLM,0.625
SP002682,SP003121,AFK,HGS,HGS,5,WSE,DLH,TOK,0.625
SP002684,SP003126,LST,SOV,COL,5,MYL,MNP,FOG,0.294
SP002684,SP003205,LST,SOV,CLT,5,MYL,MNP,IFD,0.238
SP002684,SP003598,LST,SOV,GDP,5,MYL,MNP,FOG,0.385
SP002684,SP003738,LST,SOV,HWC,5,MYL,MNP,IFD,0.263
SP002684,SP003741,LST,SOV,HPQ,5,MYL,MNP,IFD,0.278
SP002684,SP003743,LST,SOV,HPQ,5,MYL,MNP,IFD,0.294
SP002684,SP003905,LST,SOV,WTM,5,MYL,MNP,IFD,0.385
SP002684,SP003908,LST,SOV,WTM,5,MYL,MNP,IFD,0.417
SP002684,SP003910,LST,SOV,BTR,5,MYL,MNP,IFD,0.312
SP002684,SP003922,LST,SOV,COL,5,MYL,MNP,IFD,0.333
SP002684,SP003923,LST,SOV,COL,5,MYL,MNP,IFD,0.333
SP002684,SP003926,LST,SOV,COL,5,MYL,MNP,IFD,0.312
SP002684,SP003947,LST,SOV,SMN,5,MYL,MNP,IFD,0.312
SP002684,SP003948,LST,SOV,SOV,7,IFD,SVK,GMY,0.318
SP002684,SP003999,LST,SOV,CLT,5,MYL,MNP,IFD,0.227
SP002684,SP004024,LST,SOV,CLT,5,MYL,MNP,IFD,0.263
SP002684,SP004028,LST,SOV,CLT,5,MYL,MNP,IFD,0.278
SP002684,SP004029,LST,SOV,CLT,5,MYL,MNP,IFD,0.25
SP002684,SP004039,LST,SOV,CLT,5,MYL,MNP,IFD,0.25
SP002684,SP004049,LST,SOV,IPS,5,MYL,MNP,IFD,0.278
SP002684,SP004050,LST,SOV,IPS,5,MYL,MNP,IFD,0.312
SP002684,SP004053,LST,SOV,IPS,5,MYL,MNP,IFD,0.333
SP002684,SP004153,LST,SOV,WTM,5,MYL,MNP,IFD,0.385
SP002687,SP003450,FRO,BRI,CDF,10,BRI,,FIT,1.0
SP002688,SP002989,GLC,LAR,ADS,6,LHW,DLY,GLG,0.429
SP002688,SP003270,GLC,LAR,ASB,6,LHW,DLY,GLG,0.5
SP002688,SP004447,GLC,LAR,ADN,6,LHW,DLY,GLG,0.462
SP002689,SP004329,WMS,GLC,GLC,6,PTG,WDL,BPT,0.545
SP002691,SP004449,GLC,EDB,EDB,5,HLY,CRF,SHS,0.417
SP002694,SP003001,DMR,RUT,CUB,12,AGS,RUT,BDG,0.923
SP002694,SP003003,DMR,RUT,MTH,12,AGS,RUT,BDG,0.923
SP002694,SP003916,DMR,RUT,EDB,8,PTK,EXG,CHC,0.615
SP002694,SP004206,DMR,RUT,EDB,8,PTK,EXG,CHC,0.615
SP002694,SP004235,DMR,RUT,CRS,12,AGS,RUT,BDG,0.923
SP002695,SP002696,EXD,CDF,CDF,6,WSM,WNM,WOR,0.353
SP002695,SP002705,EXD,CDF,CDF,13,BRI,LWH,FIT,0.684
SP002695,SP003497,EXD,CDF,BRI,6,WSM,WNM,YAT,0.667
SP002696,SP002705,EXD,CDF,CDF,6,WSM,WOR,WNM,0.353
SP002696,SP003497,EXD,CDF,BRI,6,WSM,WOR,YAT,0.667
SP002697,SP002948,NRW,SSD,DBY,7,ELY,WBC,XYE,0.467
SP002697,SP003953,NRW,SSD,SHF,7,ELY,WBC,XYE,0.467
SP002697,SP004275,NRW,SSD,MAN,7,ELY,WBC,XYE,0.467
SP002697,SP004379,NRW,SSD,ELY,7,ELY,WBC,,1.0
SP002697,SP004518,NRW,SSD,LIV,7,ELY,WBC,XYE,0.467
SP002697,SP004628,NRW,SSD,LIV,7,ELY,WBC,XYE,0.467
SP002704,SP004378,SLB,YRK,MAN,11,YRK,,CHF,1.0
SP002705,SP003497,EXD,CDF,BRI,6,WSM,WNM,YAT,0.667
SP002707,SP004584,FST,SFO,SOC,11,SFO,,PSE,1.0
SP002711,SP003385,PAD,BDW,PGN,7,THE,THA,NBY,0.583
SP002711,SP003417,PAD,BDW,CDF,6,RDG,THE,GOR,0.5
SP002711,SP003420,PAD,BDW,WOS,6,RDG,THE,GOR,0.5
SP002711,SP003428,PAD,BDW,WSB,12,BDW,,PEW,1.0
SP002711,SP003429,PAD,BDW,CMN,6,RDG,THE,GOR,0.5
SP002711,SP003434,PAD,BDW,SWA,6,RDG,THE,GOR,0.5
SP002711,SP003440,PAD,BDW,SWA,6,RDG,THE,GOR,0.5
SP002711,SP003448,PAD,BDW,TAU,6,RDG,THE,GOR,0.5
SP002711,SP003480,PAD,BDW,PNZ,7,THE,THA,NBY,0.583
SP002711,SP003666,PAD,BDW,TAU,6,RDG,THE,GOR,0.5
SP002711,SP003788,PAD,BDW,SWA,6,RDG,THE,GOR,0.5
SP002711,SP004186,PAD,BDW,FRO,12,BDW,,PEW,1.0
SP002711,SP004248,PAD,BDW,WPH,6,RDG,THE,GOR,0.5
SP002711,SP004338,PAD,BDW,BPW,6,RDG,THE,GOR,0.6
SP002711,SP004416,PAD,BDW,BDW,6,RDG,THE,RDW,0.5
SP002711,SP004476,PAD,BDW,BAN,6,RDG,THE,GOR,0.545
SP002711,SP004599,PAD,BDW,WOS,6,RDG,THE,GOR,0.5
SP002712,SP003242,GMV,PAD,BRI,5,WOS,WPH,XAY,0.357
SP002712,SP003437,GMV,PAD,PAD,15,OXF,GOR,DID,0.682
SP002714,SP002988,NRW,BCC,GYM,5,REE,HAD,GYM,0.833
SP002715,SP004228,INV,EDB,EUS,10,PTH,DBL,GLE,0.588
SP002715,SP004317,INV,EDB,GLQ,12,STG,XGM,LBT,0.706
SP002715,SP004382,INV,EDB,EUS,10,PTH,DBL,GLE,0.588
SP002716,SP002795,IPS,PBO,BSE,6,BSE,KNE,,1.0
SP002717,SP002719,RDH,RDZ,RDZ,11,NCM,FNN,BAW,0.733
SP002717,SP004522,RDH,RDZ,RDZ,9,GLD,ASH,WAN,0.474
SP002718,SP004031,BMV,BHM,LIC,10,BHM,,XOZ,1.0
SP002719,SP004522,RDH,RDZ,RDZ,9,GLD,ASH,WAN,0.6
SP002720,SP003391,HRH,BAL,PBO,6,GTW,ELD,HOR,0.5
SP002720,SP003993,HRH,BAL,PBO,6,GTW,ELD,HOR,0.5
SP002720,SP004190,HRH,BAL,PBO,6,GTW,ELD,HOR,0.5
SP002720,SP004192,HRH,BAL,PBO,6,GTW,ELD,HOR,0.5
SP002720,SP004345,HRH,BAL,PBO,6,GTW,ELD,HOR,0.5
SP002720,SP004482,HRH,BAL,PBO,6,GTW,ELD,HOR,0.5
SP002722,SP002744,WEY,GCR,BRI,20,BRI,FIT,,1.0
SP002722,SP003258,WEY,GCR,GCR,14,BOA,AVF,BTH,0.636
SP002722,SP003516,WEY,GCR,GCR,9,CLC,BRU,FRO,0.409
SP002722,SP004564,WEY,GCR,WSB,12,WSB,TRO,,1.0
SP002724,SP002841,BTN,BAL,BDM,5,XKM,HHE,WVF,0.357
SP002724,SP003141,BTN,BAL,BDM,5,XKM,HHE,WVF,0.357
SP002724,SP003395,BTN,BAL,BDM,5,XKM,HHE,WVF,0.357
SP002724,SP003399,BTN,BAL,BDM,5,XKM,HHE,WVF,0.357
SP002724,SP003546,BTN,BAL,BAL,9,ELD,XJS,RDH,0.643
SP002724,SP003588,BTN,BAL,BDM,5,XKM,HHE,WVF,0.357
SP002724,SP003809,BTN,BAL,WSW,5,XKM,HHE,WVF,0.357
SP002724,SP003989,BTN,BAL,BAK,8,GTW,ELD,SAF,0.571
SP002724,SP004194,BTN,BAL,BDM,5,XKM,HHE,WVF,0.357
SP002724,SP004487,BTN,BAL,BDM,5,XKM,HHE,WVF,0.357
SP002724,SP004582,BTN,BAL,BDM,5,XKM,HHE,WVF,0.357
SP002725,SP002810,XSU,EGR,CAT,7,SCY,SNR,PUO,0.538
SP002725,SP003249,XSU,EGR,ECR,6,ECR,SCY,,1.0
SP002726,SP003313,SHF,SCA,SCA,18,BEV,ARR,HUT,0.667
SP002727,SP002734,HUL,DON,SHF,12,DON,,MEX,1.0
SP002727,SP003078,HUL,DON,LDS,6,GBD,SAM,EGN,0.5
SP002727,SP003564,HUL,DON,YRK,6,GBD,SAM,EGN,0.5
SP002727,SP004292,HUL,DON,DON,6,GBD,SAM,GOO,0.545
SP002729,SP004361,DAR,SLB,SLB,6,MBR,SBK,RCC,0.545
SP002732,SP002868,CBG,NRW,KLN,5,XYE,BND,LTP,0.556
SP002732,SP004311,CBG,NRW,NRW,5,XYE,BND,SPP,0.417
SP002732,SP004312,CBG,NRW,NRW,7,TTF,HRD,ATL,0.636
SP002734,SP003078,HUL,SHF,LDS,6,GBD,SAM,EGN,0.4
SP002734,SP003564,HUL,SHF,YRK,6,GBD,SAM,EGN,0.462
SP002734,SP004292,HUL,SHF,DON,6,GBD,SAM,GOO,0.545
SP002736,SP002740,HUL,BDT,SCA,8,BDT,,BEM,1.0
SP002739,SP002932,BTN,EBN,HGS,8,EBN,,HMD,1.0
SP002739,SP003140,BTN,EBN,HGS,8,EBN,,HMD,1.0
SP002743,SP002746,KTN,GLM,RAI,30,GLM,,RAI,1.0
SP002744,SP003258,WEY,BRI,GCR,14,BOA,AVF,BTH,0.7
SP002744,SP003516,WEY,BRI,GCR,9,CLC,BRU,FRO,0.45
SP002744,SP004564,WEY,BRI,WSB,12,WSB,TRO,,1.0
SP002749,SP003870,SVG,FPK,AAP,7,AAP,FPK,,1.0
SP002751,SP004524,SVB,WSM,SAL,12,BRI,BMT,KYN,0.632
SP002753,SP003174,MOG,FPK,LET,6,FPK,,HGY,1.0
SP002753,SP003376,MOG,FPK,WGC,6,FPK,,AAP,1.0
SP002754,SP002780,CBG,KGX,KGX,7,RYS,BDK,AWM,0.304
SP002754,SP002782,CBG,KGX,KGX,7,RYS,BDK,AWM,0.304
SP002754,SP003025,CBG,KGX,KGX,7,RYS,BDK,AWM,0.368
SP002754,SP003287,CBG,KGX,KGX,19,AAP,HGY,FPK,0.864
SP002754,SP003515,CBG,KGX,KGX,7,RYS,BDK,AWM,0.304
SP002755,SP002761,KGX,CBG,LET,10,LET,BDK,,1.0
SP002755,SP002960,KGX,CBG,LDS,9,HIT,LET,BIW,0.474
SP002755,SP003176,KGX,CBG,RYS,13,RYS,MEL,,1.0
SP002755,SP003254,KGX,CBG,PBO,9,HIT,LET,ARL,0.562
SP002755,SP003658,KGX,CBG,ELY,13,RYS,MEL,FXN,0.684
SP002755,SP003667,KGX,CBG,YRK,9,HIT,LET,BIW,0.474
SP002757,SP002762,KGX,CBG,CBG,15,BDK,AWM,RYS,0.682
SP002758,SP003974,SAV,KID,KID,30,SBJ,HAG,BKD,0.938
SP002761,SP002960,KGX,LET,LDS,9,HIT,LET,BIW,0.9
SP002761,SP003176,KGX,LET,RYS,10,LET,,BDK,1.0
SP002761,SP003254,KGX,LET,PBO,9,HIT,LET,ARL,0.9
SP002761,SP003658,KGX,LET,ELY,10,LET,,BDK,1.0
SP002761,SP003667,KGX,LET,YRK,9,HIT,LET,BIW,0.9
SP002763,SP004141,BHM,RGL,WSL,11,WSL,BLX,,1.0
SP002764,SP003959,BHM,RGL,SHR,5,BSC,WSL,DAS,0.385
SP002765,SP002973,KGX,CBG,HFN,6,AAP,NSG,BOP,0.375
SP002765,SP003030,KGX,CBG,WGC,12,BPK,HAT,WMG,0.8
SP002765,SP003175,KGX,CBG,HFN,6,AAP,NSG,BOP,0.429
SP002765,SP004237,KGX,CBG,PBO,14,WGC,WLW,XGN,0.56
SP002766,SP002831,BDM,BTN,BTN,8,SAC,HEN,RDT,0.229
SP002766,SP002850,BDM,BTN,BTN,8,SAC,HEN,RDT,0.229
SP002766,SP003040,BDM,BTN,TBD,8,SAC,HEN,RDT,0.242
SP002766,SP003132,BDM,BTN,TBD,8,SAC,HEN,RDT,0.242
SP002766,SP003389,BDM,BTN,BTN,9,HEN,CRI,BCZ,0.257
SP002766,SP003401,BDM,BTN,BTN,9,HEN,CRI,BCZ,0.257
SP002766,SP003491,BDM,BTN,BTN,9,HEN,CRI,BCZ,0.257
SP002766,SP003627,BDM,BTN,TBD,8,SAC,HEN,RDT,0.229
SP002766,SP003758,BDM,BTN,BTN,9,HEN,CRI,BCZ,0.257
SP002766,SP003861,BDM,BTN,BTN,8,SAC,HEN,RDT,0.229
SP002766,SP003865,BDM,BTN,BTN,8,SAC,HEN,RDT,0.229
SP002766,SP004203,BDM,BTN,BTN,8,SAC,HEN,RDT,0.229
SP002766,SP004204,BDM,BTN,BTN,9,HEN,CRI,BCZ,0.257
SP002766,SP004596,BDM,BTN,TBD,8,SAC,HEN,RDT,0.229
SP002766,SP004598,BDM,BTN,BTN,9,HEN,CRI,BCZ,0.257
SP002771,SP003644,EDB,INV,INV,7,DBL,PTH,GLE,0.438
SP002771,SP004624,EDB,INV,ABD,8,PTH,DKD,DEE,0.5
SP002772,SP003834,AYR,GLC,GLC,9,DLY,LHW,GLG,0.643
SP002775,SP003720,XVJ,AFK,RAM,12,XLY,XPE,XMU,0.444
SP002777,SP002783,MYB,OXF,OXF,6,GER,SRG,BCF,0.353
SP002777,SP003198,MYB,OXF,BAN,6,GER,SRG,BCF,0.375
SP002777,SP003867,MYB,OXF,OXF,6,GER,SRG,HWY,0.375
SP002777,SP004114,MYB,OXF,BCS,5,WRU,GER,DNM,0.312
SP002777,SP004157,MYB,OXF,BMO,6,GER,SRG,HWY,0.333
SP002777,SP004185,MYB,OXF,BAN,5,WRU,GER,DNM,0.333
SP002777,SP004191,MYB,OXF,SBJ,6,GER,SRG,HWY,0.333
SP002777,SP004257,MYB,OXF,BMO,6,GER,SRG,BCF,0.333
SP002777,SP004445,MYB,OXF,BAN,6,GER,SRG,BCF,0.333
SP002777,SP004479,MYB,OXF,PRR,6,GER,SRG,HWY,0.667
SP002777,SP004626,MYB,OXF,OXF,5,WRU,GER,DNM,0.278
SP002777,SP004639,MYB,OXF,BAN,5,WRU,GER,DNM,0.278
SP002777,SP004641,MYB,OXF,BSW,6,GER,SRG,BCF,0.333
SP002780,SP002782,CBG,KGX,KGX,17,HAT,PBR,BPK,0.708
SP002780,SP003025,CBG,KGX,KGX,12,SVG,KBW,HFN,0.632
SP002780,SP003287,CBG,KGX,KGX,7,RYS,AWM,BDK,0.318
SP002780,SP003515,CBG,KGX,KGX,20,AAP,HGY,FPK,0.87
SP002782,SP003025,CBG,KGX,KGX,12,SVG,KBW,HFN,0.632
SP002782,SP003287,CBG,KGX,KGX,7,RYS,AWM,BDK,0.318
SP002782,SP003515,CBG,KGX,KGX,17,HAT,BPK,PBR,0.739
SP002783,SP003198,MYB,OXF,BAN,12,XJV,XGY,BCS,0.75
SP002783,SP003867,MYB,OXF,OXF,6,GER,BCF,HWY,0.375
SP002783,SP004114,MYB,OXF,BCS,5,WRU,GER,DNM,0.312
SP002783,SP004157,MYB,OXF,BMO,6,GER,BCF,HWY,0.353
SP002783,SP004185,MYB,OXF,BAN,5,WRU,GER,DNM,0.333
SP002783,SP004191,MYB,OXF,SBJ,6,GER,BCF,HWY,0.353
SP002783,SP004257,MYB,OXF,BMO,12,XJV,XGY,BCS,0.706
SP002783,SP004445,MYB,OXF,BAN,14,BIT,ISP,OXP,0.824
SP002783,SP004479,MYB,OXF,PRR,6,GER,BCF,HWY,0.667
SP002783,SP004626,MYB,OXF,OXF,5,WRU,GER,DNM,0.294
SP002783,SP004639,MYB,OXF,BAN,5,WRU,GER,DNM,0.294
SP002783,SP004641,MYB,OXF,BSW,12,XJV,XGY,BCS,0.706
SP002788,SP003343,PLG,HGS,HGS,7,PEV,PEB,COB,0.538
SP002791,SP003271,BHM,BHI,COV,6,BHI,,HIA,1.0
SP002792,SP003190,MYB,HWY,AYS,11,HWY,,SDR,1.0
SP002792,SP003410,MYB,HWY,OXF,8,GER,SRG,BCF,0.727
SP002792,SP004159,MYB,HWY,AYS,7,DNM,GER,DGC,0.636
SP002792,SP004182,MYB,HWY,AYS,8,GER,SRG,HWY,0.727
SP002792,SP004233,MYB,HWY,WRU,6,WRU,DNM,,1.0
SP002792,SP004563,MYB,HWY,OXF,8,GER,SRG,HWY,0.727
SP002792,SP004635,MYB,HWY,BMO,6,WRU,DNM,GER,0.545
SP002792,SP004637,MYB,HWY,AYS,8,GER,SRG,BCF,0.727
SP002793,SP004631,BHM,BHI,NMP,7,BHI,,HIA,1.0
SP002797,SP002803,RAI,WHP,DFD,14,DFD,XRT,,1.0
SP002802,SP003124,CTR,LLJ,HHD,8,LLJ,,CNW,1.0
SP002802,SP003592,CTR,LLJ,HHD,8,LLJ,,CNW,1.0
SP002807,SP002976,CHX,DVP,CBW,17,AFK,WHA,WYE,0.81
SP002807,SP003387,CHX,DVP,DVP,15,HCN,PLC,AFK,0.652
SP002807,SP003400,CHX,DVP,RAM,22,FKC,DVP,FKE,0.957
SP002807,SP004546,CHX,DVP,HGS,11,TON,PDW,HIB,0.55
SP002807,SP004547,CHX,DVP,HGS,6,GRP,CIT,ESD,0.261
SP002807,SP004549,CHX,DVP,HGS,9,ORP,SEV,CLD,0.391
SP002807,SP004551,CHX,DVP,HGS,11,TON,PDW,HIB,0.5
SP002809,SP003550,BTN,HGS,HGS,15,PEV,NSB,COB,0.714
SP002809,SP004552,BTN,HGS,HGS,6,XRH,GLY,BRK,0.3
SP002810,SP003249,XSU,CAT,ECR,6,ECR,SCY,,1.0
SP002811,SP002814,MBR,CAR,CAR,7,BNR,HEW,NCL,0.368
SP002811,SP002815,MBR,CAR,HEX,7,BNR,HEW,NCL,0.412
SP002813,SP002816,CAR,MBR,NCL,17,NCL,BNR,,1.0
SP002813,SP002821,CAR,MBR,NCL,15,MCE,DOT,NCL,0.938
SP002813,SP002929,CAR,MBR,HPL,15,MCE,DOT,NCL,0.682
SP002814,SP002815,MBR,CAR,HEX,13,PRU,HEX,SKS,0.765
SP002816,SP002821,CAR,NCL,NCL,15,MCE,DOT,NCL,0.938
SP002816,SP002929,CAR,NCL,HPL,15,MCE,DOT,NCL,0.882
SP002820,SP002863,NCL,CAR,HEX,9,HEX,HDB,,1.0
SP002821,SP002929,CAR,NCL,HPL,16,NCL,,HEW,1.0
SP002824,SP003468,BUX,MAN,MAN,7,DSL,HAZ,MDL,0.538
SP002825,SP004583,BHI,HHD,MAN,20,CTR,SHT,HSB,0.667
SP002826,SP002828,MIA,CTR,HHD,14,CTR,,SHT,1.0
SP002826,SP003057,MIA,CTR,LLJ,14,CTR,,SHT,1.0
SP002828,SP003057,MIA,HHD,LLJ,21,LLJ,CNW,,1.0
SP002831,SP002850,BDM,BTN,BTN,17,SPL,ZFD,CTK,0.362
SP002831,SP003040,BDM,BTN,TBD,24,NXG,BCY,SYD,0.727
SP002831,SP003132,BDM,BTN,TBD,17,SPL,ZFD,CTK,0.515
SP002831,SP003389,BDM,BTN,BTN,8,SAC,RDT,HEN,0.216
SP002831,SP003401,BDM,BTN,BTN,8,SAC,RDT,HEN,0.229
SP002831,SP003491,BDM,BTN,BTN,8,SAC,RDT,HEN,0.216
SP002831,SP003627,BDM,BTN,TBD,17,SPL,ZFD,CTK,0.486
SP002831,SP003758,BDM,BTN,BTN,8,SAC,RDT,HEN,0.222
SP002831,SP003861,BDM,BTN,BTN,17,SPL,ZFD,CTK,0.37
SP002831,SP003865,BDM,BTN,BTN,25,BCY,FOH,HPA,0.532
SP002831,SP004203,BDM,BTN,BTN,17,SPL,ZFD,CTK,0.425
SP002831,SP004204,BDM,BTN,BTN,8,SAC,RDT,HEN,0.216
SP002831,SP004596,BDM,BTN,TBD,20,BFR,XMK,EPH,0.556
SP002831,SP004598,BDM,BTN,BTN,8,SAC,RDT,HEN,0.2
SP002832,SP003585,LLD,LIV,BHM,10,CTR,HSB,WRX,0.625
SP002835,SP003336,SHR,LIV,LIV,10,ALE,WSA,EDG,0.833
SP002836,SP003459,SEV,XVJ,FPK,13,SRT,BKJ,RVB,0.722
SP002839,SP003586,HHD,MIA,CTR,15,CTR,HSB,,1.0
SP002840,SP003654,HHD,BHI,CRE,16,CTR,WRX,CRE,0.941
SP002841,SP003141,BTN,BDM,BDM,11,HOR,SAF,ELD,0.268
SP002841,SP003395,BTN,BDM,BDM,10,GTW,HOR,ELD,0.278
SP002841,SP003399,BTN,BDM,BDM,10,GTW,HOR,ELD,0.25
SP002841,SP003546,BTN,BDM,BAL,5,XKM,WVF,HHE,0.357
SP002841,SP003588,BTN,BDM,BDM,16,PUR,PUO,SCY,0.372
SP002841,SP003809,BTN,BDM,WSW,10,GTW,HOR,SAF,0.435
SP002841,SP003989,BTN,BDM,BAK,5,XKM,WVF,HHE,0.278
SP002841,SP004194,BTN,BDM,BDM,19,ECR,SYD,NWD,0.422
SP002841,SP004487,BTN,BDM,BDM,10,GTW,HOR,ELD,0.263
SP002841,SP004582,BTN,BDM,BDM,10,GTW,HOR,SAF,0.233
SP002844,SP002846,LDS,HGT,KNA,8,HGT,,SBE,1.0
SP002847,SP003197,CTR,SHR,CDF,6,SHR,,CTT,1.0
SP002848,SP003352,SLB,DAR,BIA,12,DAR,,NRD,1.0
SP002848,SP003702,SLB,DAR,NCL,12,DAR,,DHM,1.0
SP002850,SP003040,BDM,BTN,TBD,17,SPL,CTK,ZFD,0.515
SP002850,SP003132,BDM,BTN,TBD,23,NXG,BCY,SYD,0.697
SP002850,SP003389,BDM,BTN,BTN,8,SAC,RDT,HEN,0.216
SP002850,SP003401,BDM,BTN,BTN,8,SAC,RDT,HEN,0.229
SP002850,SP003491,BDM,BTN,BTN,8,SAC,RDT,HEN,0.216
SP002850,SP003627,BDM,BTN,TBD,19,BFR,XMK,EPH,0.543
SP002850,SP003758,BDM,BTN,BTN,8,SAC,RDT,HEN,0.222
SP002850,SP003861,BDM,BTN,BTN,33,XJS,RDH,ELD,0.717
SP002850,SP003865,BDM,BTN,BTN,17,SPL,CTK,ZFD,0.362
SP002850,SP004203,BDM,BTN,BTN,23,NXG,BCY,SYD,0.575
SP002850,SP004204,BDM,BTN,BTN,8,SAC,RDT,HEN,0.216
SP002850,SP004596,BDM,BTN,TBD,17,SPL,CTK,ZFD,0.472
SP002850,SP004598,BDM,BTN,BTN,8,SAC,RDT,HEN,0.2
SP002851,SP002852,BAN,DID,DID,7,CUM,APF,DID,0.875
SP002851,SP002853,BAN,DID,OXF,5,OXF,RAD,,1.0
SP002852,SP002853,BAN,DID,OXF,5,OXF,RAD,,1.0
SP002854,SP002942,EDB,NCL,KGX,8,MPT,CRM,NCL,0.8
SP002854,SP002958,EDB,NCL,KGX,8,MPT,CRM,NCL,0.8
SP002854,SP003384,EDB,NCL,BRI,8,MPT,CRM,NCL,0.8
SP002854,SP003476,EDB,NCL,KGX,8,MPT,CRM,NCL,0.8
SP002854,SP004602,EDB,NCL,KGX,8,MPT,CRM,NCL,0.8
SP002856,SP003269,CRE,MFH,BHI,8,SHR,CTT,XSY,0.364
SP002856,SP003356,CRE,MFH,MFH,6,WEM,YRT,SHR,0.171
SP002857,SP002858,MAN,MFH,CDF,10,WRE,WTC,PRS,0.476
SP002857,SP003485,MAN,MFH,CDF,20,AGV,CWM,PPL,0.833
SP002857,SP003488,MAN,MFH,CDF,13,WEM,SHR,YRT,0.52
SP002857,SP003492,MAN,MFH,CRE,8,CRE,NAN,,1.0
SP002857,SP003590,MAN,MFH,FGH,20,AGV,CWM,PPL,0.488
SP002857,SP003617,MAN,MFH,CDF,10,WRE,WTC,PRS,0.455
SP002857,SP003676,MAN,MFH,CDF,10,WRE,WTC,PRS,0.435
SP002857,SP003678,MAN,MFH,FGH,38,CLR,HVF,FGW,0.95
SP002857,SP003686,MAN,MFH,PMD,36,WTL,CUW,NAR,0.878
SP002857,SP003692,MAN,MFH,CMN,20,AGV,CWM,PPL,0.488
SP002857,SP004209,MAN,MFH,SHR,13,WEM,SHR,YRT,0.867
SP002857,SP004565,MAN,MFH,MFH,20,AGV,CWM,PPL,0.488
SP002858,SP003485,MAN,CDF,CDF,10,WRE,PRS,WTC,0.476
SP002858,SP003488,MAN,CDF,CDF,10,WRE,PRS,WTC,0.476
SP002858,SP003492,MAN,CDF,CRE,8,CRE,NAN,,1.0
SP002858,SP003590,MAN,CDF,FGH,10,WRE,PRS,WTC,0.476
SP002858,SP003617,MAN,CDF,CDF,18,AGV,CWM,PPL,0.857
SP002858,SP003676,MAN,CDF,CDF,13,SHR,CRV,CTT,0.619
SP002858,SP003678,MAN,CDF,FGH,10,WRE,PRS,WTC,0.476
SP002858,SP003686,MAN,CDF,PMD,10,WRE,PRS,WTC,0.476
SP002858,SP003692,MAN,CDF,CMN,10,WRE,PRS,WTC,0.476
SP002858,SP004209,MAN,CDF,SHR,10,WRE,PRS,WTC,0.667
SP002858,SP004565,MAN,CDF,MFH,10,WRE,PRS,WTC,0.476
SP002859,SP003120,HHD,CDF,EUS,13,CTR,WRX,CRE,0.542
SP002859,SP003173,HHD,CDF,CTR,13,CTR,WRX,,1.0
SP002859,SP003340,HHD,CDF,EUS,13,CTR,WRX,CRE,0.542
SP002859,SP003359,HHD,CDF,CDF,16,SHR,CTT,CRV,0.696
SP002859,SP004015,HHD,CDF,BHM,13,CTR,WRX,CRE,0.591
SP002860,SP002893,CDF,MAN,MAN,9,CRV,SHR,CTT,0.409
SP002860,SP002902,CDF,MAN,HHD,9,CRV,SHR,CTT,0.409
SP002860,SP003061,CDF,MAN,MAN,9,CRV,SHR,CTT,0.409
SP002860,SP003495,CDF,MAN,CTR,9,CRV,SHR,CTT,0.529
SP002860,SP003525,CDF,MAN,AGV,5,AGV,HFD,,1.0
SP002860,SP003619,CDF,MAN,CTR,9,CRV,SHR,CTT,0.474
SP002860,SP004084,CDF,MAN,CRE,9,CRV,SHR,CTT,0.5
SP002860,SP004294,CDF,MAN,CTR,9,CRV,SHR,CTT,0.5
SP002861,SP003201,PMD,CDF,CDF,27,PCD,LLR,PYC,0.931
SP002861,SP003621,PMD,CDF,CDF,27,PCD,LLR,PYC,0.9
SP002861,SP003625,PMD,CDF,CDF,16,LLE,GWN,PTA,0.696
SP002861,SP003750,PMD,CDF,CDF,16,LLE,GWN,SWA,0.552
SP002861,SP003783,PMD,CDF,CMN,11,CMN,XCI,,1.0
SP002864,SP003443,HFD,PAD,PAD,19,OXF,GOR,DID,0.731
SP002864,SP003875,HFD,PAD,BHM,8,WOF,WOS,DTW,0.444
SP002867,SP003367,PNZ,PAD,PAD,12,STS,SBF,PLY,0.324
SP002868,SP004311,CBG,KLN,NRW,5,XYE,LTP,SPP,0.556
SP002868,SP004312,CBG,KLN,NRW,5,XYE,LTP,BND,0.556
SP002869,SP003954,SOV,LST,LST,9,SNF,BRE,GDP,0.45
SP002869,SP003955,SOV,LST,LST,9,SNF,BRE,GDP,0.45
SP002870,SP002871,BID,WRX,WXC,13,WRX,,WXC,1.0
SP002872,SP003031,EUS,CTR,MAN,17,XCO,STA,SNE,0.85
SP002872,SP003036,EUS,CTR,BHM,8,XOD,BLY,LBZ,0.4
SP002872,SP003114,EUS,CTR,LIV,13,RUG,NUN,COV,0.65
SP002872,SP003191,EUS,CTR,BPN,19,CRE,CTR,WSF,0.95
SP002872,SP003207,EUS,CTR,LIV,19,CRE,CTR,WSF,0.95
SP002872,SP003300,EUS,CTR,WRX,20,CTR,,WRX,1.0
SP002872,SP003360,EUS,CTR,EDB,13,RUG,NUN,COV,0.65
SP002872,SP003475,EUS,CTR,WVH,11,XHN,XWZ,NMP,0.55
SP002872,SP003568,EUS,CTR,WVH,10,MKC,XHN,WOL,0.5
SP002872,SP003958,EUS,CTR,INV,13,RUG,NUN,COV,0.65
SP002872,SP004012,EUS,CTR,GLC,11,XHN,XWZ,NMP,0.55
SP002872,SP004017,EUS,CTR,PRE,15,XIM,XOI,TAM,0.75
SP002872,SP004025,EUS,CTR,PRE,19,CRE,CTR,WSF,0.95
SP002872,SP004034,EUS,CTR,CRE,13,RUG,NUN,COV,0.65
SP002872,SP004036,EUS,CTR,GLC,10,MKC,XHN,WOL,0.5
SP002872,SP004111,EUS,CTR,GLC,10,MKC,XHN,WOL,0.5
SP002872,SP004131,EUS,CTR,BHM,5,WFJ,XOE,KGL,0.25
SP002872,SP004188,EUS,CTR,CRE,15,XIM,XOI,TAM,0.75
SP002872,SP004207,EUS,CTR,CRE,13,RUG,NUN,COV,0.65
SP002872,SP004232,EUS,CTR,INV,10,MKC,XHN,WOL,0.5
SP002872,SP004384,EUS,CTR,WVH,13,RUG,NUN,COV,0.65
SP002872,SP004399,EUS,CTR,GLC,19,CRE,CTR,WSF,0.95
SP002872,SP004433,EUS,CTR,NMP,8,XOD,BLY,LBZ,0.571
SP002872,SP004516,EUS,CTR,GLC,19,CRE,CTR,WSF,0.95
SP002872,SP004529,EUS,CTR,BHM,5,WFJ,XOE,KGL,0.25
SP002877,SP002890,LDS,LAN,CAR,7,HLD,LPR,SET,0.467
SP002882,SP003605,LLJ,CRE,LIV,8,CTR,CRE,HSB,0.889
SP002882,SP003612,LLJ,CRE,MIA,8,CTR,CRE,HSB,0.889
SP002882,SP003990,LLJ,CRE,MIA,8,CTR,CRE,HSB,0.889
SP002885,SP002892,LAN,LDS,SKI,11,SKI,SON,,1.0
SP002885,SP003110,LAN,LDS,LDS,11,SKI,SON,KEI,0.733
SP002887,SP003737,STA,XFB,NOT,5,NUN,RUG,HNK,0.5
SP002888,SP003108,SHR,FGH,CDF,11,CDF,PYC,,1.0
SP002891,SP002909,XVJ,DFD,GRV,14,DFD,,GNH,1.0
SP002892,SP003110,LAN,SKI,LDS,11,SKI,,KEI,1.0
SP002893,SP002902,CDF,MAN,HHD,11,SHR,YRT,GOB,0.367
SP002893,SP003061,CDF,MAN,MAN,11,SHR,YRT,WEM,0.458
SP002893,SP003495,CDF,MAN,CTR,11,SHR,YRT,WEM,0.647
SP002893,SP003525,CDF,MAN,AGV,5,AGV,HFD,,1.0
SP002893,SP003619,CDF,MAN,CTR,18,CRE,SDB,CTR,0.947
SP002893,SP004084,CDF,MAN,CRE,18,CRE,SDB,,1.0
SP002893,SP004294,CDF,MAN,CTR,11,SHR,YRT,WEM,0.611
SP002894,SP004058,CHI,LST,LST,7,HAC,BET,LOF,0.778
SP002896,SP002898,WAC,MCO,MCO,5,FLI,CSR,URM,0.625
SP002901,SP002906,MCO,LIV,LIV,8,IRL,GLZ,BWD,0.421
SP002901,SP002912,MCO,LIV,LIV,5,URM,CSR,FLI,0.278
SP002901,SP002916,MCO,LIV,LIV,12,WAC,WAW,WID,0.6
SP002901,SP004007,MCO,LIV,LIV,18,ALE,WSA,EDG,0.9
SP002901,SP004452,MCO,LIV,WAC,8,IRL,GLZ,BWD,0.727
SP002901,SP004457,MCO,LIV,WAC,10,BWD,PDG,WAC,0.909
SP002902,SP003061,CDF,HHD,MAN,11,SHR,GOB,WEM,0.458
SP002902,SP003495,CDF,HHD,CTR,11,SHR,GOB,WEM,0.647
SP002902,SP003525,CDF,HHD,AGV,5,AGV,HFD,,1.0
SP002902,SP003619,CDF,HHD,CTR,11,SHR,GOB,YRT,0.579
SP002902,SP004084,CDF,HHD,CRE,11,SHR,GOB,YRT,0.611
SP002902,SP004294,CDF,HHD,CTR,11,SHR,GOB,WEM,0.611
SP002904,SP004078,KLN,KGX,KGX,12,FXN,STH,RYS,0.444
SP002905,SP002908,MCO,LIV,LIV,5,IRL,GLZ,BWD,0.312
SP002905,SP004450,MCO,LIV,WAC,5,IRL,GLZ,BWD,0.714
SP002906,SP002912,MCO,LIV,LIV,5,URM,CSR,FLI,0.278
SP002906,SP002916,MCO,LIV,LIV,8,IRL,BWD,GLZ,0.421
SP002906,SP004007,MCO,LIV,LIV,8,IRL,BWD,GLZ,0.421
SP002906,SP004452,MCO,LIV,WAC,11,WAC,WAW,,1.0
SP002906,SP004457,MCO,LIV,WAC,8,IRL,BWD,GLZ,0.727
SP002908,SP004450,MCO,LIV,WAC,6,BWD,PDG,WAC,0.857
SP002910,SP003122,CST,TBW,CST,6,HGR,GRP,LEE,0.4
SP002910,SP003425,CST,TBW,TON,10,ORP,SEV,CLD,0.769
SP002910,SP004537,CST,TBW,DVP,8,CIT,XPE,XMU,0.533
SP002910,SP004538,CST,TBW,RAM,8,CIT,XPE,XMU,0.533
SP002911,SP004005,MCO,LIV,LIV,11,WAW,HGN,WID,0.611
SP002911,SP004453,MCO,LIV,WAC,10,WAC,WAW,,1.0
SP002912,SP002916,MCO,LIV,LIV,5,URM,FLI,CSR,0.278
SP002912,SP004007,MCO,LIV,LIV,5,URM,FLI,CSR,0.278
SP002912,SP004452,MCO,LIV,WAC,5,URM,FLI,CSR,0.455
SP002912,SP004457,MCO,LIV,WAC,5,URM,FLI,CSR,0.455
SP002914,SP002953,KGX,KLN,EDB,9,HIT,LET,BIW,0.36
SP002914,SP003540,KGX,KLN,GLQ,9,HIT,LET,BIW,0.36
SP002914,SP003600,KGX,KLN,CBG,13,RYS,FXN,MEL,0.684
SP002914,SP003669,KGX,KLN,INV,9,HIT,LET,BIW,0.36
SP002915,SP003117,TBW,CST,CHX,9,ORP,XPE,PET,0.474
SP002915,SP003458,TBW,CST,CST,5,SEV,DNG,CLD,0.312
SP002916,SP004007,MCO,LIV,LIV,12,WAC,WID,WAW,0.6
SP002916,SP004452,MCO,LIV,WAC,8,IRL,GLZ,BWD,0.727
SP002916,SP004457,MCO,LIV,WAC,10,BWD,PDG,WAC,0.909
SP002917,SP003090,SPX,MAR,FAV,9,EBF,XXI,XSR,0.45
SP002917,SP003153,SPX,MAR,AFK,16,AFK,WYE,,1.0
SP002917,SP004271,SPX,MAR,RAM,9,EBF,XXI,XSR,0.36
SP002917,SP004291,SPX,MAR,MAR,9,EBF,XXI,XSR,0.375
SP002917,SP004348,SPX,MAR,MAR,17,WYE,CBW,CIL,0.68
SP002917,SP004380,SPX,MAR,MAR,8,XXJ,EBF,XXI,0.333
SP002917,SP004392,SPX,MAR,DVP,16,AFK,WYE,XSI,0.762
SP002917,SP004396,SPX,MAR,RAM,16,AFK,WYE,XSI,0.64
SP002917,SP004435,SPX,MAR,MDW,9,EBF,XXI,XSR,0.529
SP002918,SP002923,LIV,MCO,MCO,7,HGN,WAW,WID,0.389
SP002918,SP002926,LIV,MCO,MCO,11,BWD,GLZ,IRL,0.611
SP002918,SP002927,LIV,MCO,MCO,16,URM,DGT,HUP,0.889
SP002918,SP004056,LIV,MCO,WAC,6,HNX,HGN,HED,0.545
SP002918,SP004471,LIV,MCO,WAC,6,HNX,HGN,HED,0.545
SP002918,SP004472,LIV,MCO,WAC,6,HNX,HGN,HED,0.5
SP002921,SP002975,PAD,SWA,GMV,6,WDT,IVR,LNY,0.207
SP002921,SP003349,PAD,SWA,SWA,6,WDT,IVR,LNY,0.176
SP002921,SP003351,PAD,SWA,OXF,14,RDG,TLH,GOR,0.824
SP002923,SP002926,LIV,MCO,MCO,7,HGN,WID,WAW,0.389
SP002923,SP002927,LIV,MCO,MCO,7,HGN,WID,WAW,0.389
SP002923,SP004056,LIV,MCO,WAC,6,HNX,HGN,HED,0.545
SP002923,SP004471,LIV,MCO,WAC,6,HNX,HGN,HED,0.545
SP002923,SP004472,LIV,MCO,WAC,6,HNX,HGN,HED,0.5
SP002925,SP002939,SHN,RYP,RYR,6,RYR,RYD,,1.0
SP002926,SP002927,LIV,MCO,MCO,11,BWD,IRL,GLZ,0.611
SP002926,SP004056,LIV,MCO,WAC,6,HNX,HGN,HED,0.545
SP002926,SP004471,LIV,MCO,WAC,6,HNX,HGN,HED,0.545
SP002926,SP004472,LIV,MCO,WAC,6,HNX,HGN,HED,0.5
SP002927,SP004056,LIV,MCO,WAC,6,HNX,HGN,HED,0.545
SP002927,SP004471,LIV,MCO,WAC,6,HNX,HGN,HED,0.545
SP002927,SP004472,LIV,MCO,WAC,6,HNX,HGN,HED,0.5
SP002930,SP003965,BRI,BHM,EDB,15,BHM,,XOZ,1.0
SP002931,SP003463,DFD,CHX,XKE,10,CTN,BKH,WCB,0.667
SP002932,SP003140,BTN,HGS,HGS,11,PEV,BEX,COB,0.733
SP002934,SP002935,SHF,LCN,WRK,7,WRK,XRO,,1.0
SP002937,SP003465,ORP,XVJ,XVJ,7,RVB,BEC,BGM,0.7
SP002940,SP003855,KGX,EDB,ABD,42,EDB,,HYM,1.0
SP002940,SP003859,KGX,EDB,LDS,28,DON,YRK,AWK,0.903
SP002941,SP004493,GRV,CHX,CHX,17,XPY,LEW,NWX,0.85
SP002941,SP004501,GRV,CHX,CHX,10,BXY,AYP,SID,0.526
SP002942,SP002958,EDB,KGX,KGX,10,DHM,NTR,DAR,0.323
SP002942,SP003384,EDB,KGX,BRI,10,DHM,NTR,DAR,0.323
SP002942,SP003476,EDB,KGX,KGX,10,DHM,NTR,DAR,0.323
SP002942,SP004602,EDB,KGX,KGX,10,DHM,NTR,DAR,0.323
SP002945,SP003695,RCD,LDS,LDS,6,HBD,HFX,MYT,0.545
SP002946,SP004327,OBN,GLQ,GLQ,11,HLU,CDR,DLR,0.647
SP002946,SP004444,OBN,GLQ,DAL,5,DAL,TYL,,1.0
SP002948,SP003953,NRW,DBY,SHF,17,NOT,XTR,LGM,0.81
SP002948,SP004275,NRW,DBY,MAN,17,NOT,XTR,LGM,0.81
SP002948,SP004379,NRW,DBY,ELY,7,ELY,XYE,,1.0
SP002948,SP004518,NRW,DBY,LIV,13,GRA,ALK,BTF,0.619
SP002948,SP004628,NRW,DBY,LIV,13,GRA,ALK,BTF,0.619
SP002950,SP004042,MAN,CRE,CRE,6,HDG,MIA,WML,0.462
SP002953,SP003540,KGX,EDB,GLQ,32,EDB,,HYM,1.0
SP002953,SP003600,KGX,EDB,CBG,9,HIT,BIW,LET,0.474
SP002953,SP003669,KGX,EDB,INV,19,DON,THI,YRK,0.594
SP002954,SP002966,PAD,HWV,HAF,7,HXX,HWV,HAF,0.875
SP002956,SP004061,CDF,RHY,BGD,7,ABE,LNB,ECP,0.5
SP002958,SP003384,EDB,KGX,BRI,14,YRK,DON,CHF,0.438
SP002958,SP003476,EDB,KGX,KGX,25,SVG,HFN,XGN,0.781
SP002958,SP004602,EDB,KGX,KGX,21,HUN,SDY,SNO,0.656
SP002960,SP003176,KGX,LDS,RYS,9,HIT,BIW,LET,0.692
SP002960,SP003254,KGX,LDS,PBO,9,HIT,BIW,ARL,0.562
SP002960,SP003658,KGX,LDS,ELY,9,HIT,BIW,LET,0.45
SP002960,SP003667,KGX,LDS,YRK,19,DON,AWK,YRK,0.95
SP002962,SP002999,ABX,HAF,HAY,16,HAY,HXX,,1.0
SP002962,SP003103,ABX,HAF,MAI,10,PDX,AML,EAL,0.556
SP002962,SP003106,ABX,HAF,MAI,10,PDX,AML,EAL,0.556
SP002962,SP003119,ABX,HAF,MAI,10,PDX,AML,EAL,0.556
SP002962,SP003182,ABX,HAF,RDG,10,PDX,AML,EAL,0.556
SP002962,SP003185,ABX,HAF,RDG,10,PDX,AML,EAL,0.556
SP002962,SP003186,ABX,HAF,RDG,10,PDX,AML,EAL,0.556
SP002962,SP003204,ABX,HAF,RDG,16,HAY,HXX,WDT,0.889
SP002962,SP003273,ABX,HAF,HWV,17,HXX,HAF,HWV,0.944
SP002962,SP003280,ABX,HAF,HWV,13,WEA,HAN,STL,0.765
SP002962,SP003602,ABX,HAF,MAI,10,PDX,AML,EAL,0.556
SP002962,SP003716,ABX,HAF,PDX,10,PDX,AML,,1.0
SP002962,SP003730,ABX,HAF,HWV,10,PDX,AML,EAL,0.625
SP002963,SP003236,HYS,LEW,NWX,10,LEW,,SAJ,1.0
SP002965,SP002980,BAL,PMH,PMS,17,CCH,SOB,FSB,0.708
SP002965,SP002983,BAL,PMH,PMH,17,CCH,SOB,FSB,0.708
SP002965,SP002986,BAL,PMH,PMS,17,CCH,SOB,FSB,0.708
SP002965,SP002991,BAL,PMH,ORE,8,TBD,CRW,HHE,0.333
SP002965,SP002992,BAL,PMH,ORE,8,TBD,CRW,HHE,0.333
SP002965,SP002995,BAL,PMH,ORE,8,TBD,CRW,HHE,0.333
SP002965,SP003006,BAL,PMH,ORE,8,TBD,CRW,HHE,0.333
SP002965,SP003014,BAL,PMH,HGS,8,TBD,CRW,HHE,0.333
SP002965,SP003026,BAL,PMH,LIT,8,TBD,CRW,HHE,0.333
SP002965,SP003130,BAL,PMH,WRH,8,TBD,CRW,HHE,0.421
SP002965,SP003179,BAL,PMH,TBD,5,XJS,ELD,CDS,0.417
SP002965,SP003294,BAL,PMH,HRH,11,HRH,BIG,,1.0
SP002965,SP003298,BAL,PMH,CCH,11,HRH,BIG,CHH,0.55
SP002965,SP003675,BAL,PMH,WRH,8,TBD,CRW,HHE,0.444
SP002965,SP003677,BAL,PMH,WRH,8,TBD,CRW,HHE,0.421
SP002965,SP003756,BAL,PMH,BTN,5,XJS,ELD,RDH,0.333
SP002965,SP004020,BAL,PMH,GTW,7,GTW,TBD,,1.0
SP002965,SP004086,BAL,PMH,WRH,6,ELD,GTW,SAF,0.3
SP002968,SP003547,PMH,HRH,GTW,5,HAV,WBL,EMS,0.278
SP002971,SP002987,ORP,KTN,BFR,18,BFR,CTK,,1.0
SP002971,SP003027,ORP,KTN,WHP,22,KTN,,WHP,1.0
SP002973,SP003030,KGX,HFN,WGC,6,AAP,BOP,NSG,0.4
SP002973,SP003175,KGX,HFN,HFN,12,GDH,CWH,CUF,0.857
SP002973,SP004237,KGX,HFN,PBO,6,AAP,BOP,NSG,0.375
SP002975,SP003349,PAD,GMV,SWA,14,GOR,OXF,DID,0.483
SP002975,SP003351,PAD,GMV,OXF,6,WDT,LNY,IVR,0.353
SP002976,SP003387,CHX,CBW,DVP,15,HCN,PLC,AFK,0.714
SP002976,SP003400,CHX,CBW,RAM,17,AFK,WYE,WHA,0.81
SP002976,SP004546,CHX,CBW,HGS,11,TON,PDW,HIB,0.55
SP002976,SP004547,CHX,CBW,HGS,6,GRP,CIT,ESD,0.286
SP002976,SP004549,CHX,CBW,HGS,9,ORP,SEV,CLD,0.429
SP002976,SP004551,CHX,CBW,HGS,11,TON,PDW,HIB,0.524
SP002978,SP003048,MAN,YRK,NCL,7,HUD,MIR,WKK,0.412
SP002978,SP003058,MAN,YRK,HUL,7,HUD,MIR,DEW,0.412
SP002978,SP003072,MAN,YRK,SLB,7,HUD,MIR,DEW,0.412
SP002978,SP003075,MAN,YRK,YRK,8,MIR,DEW,WKK,0.533
SP002978,SP003134,MAN,YRK,NCL,7,HUD,MIR,DEW,0.412
SP002978,SP003279,MAN,YRK,YRK,7,HUD,MIR,WKK,0.5
SP002978,SP003960,MAN,YRK,YRK,7,HUD,MIR,DEW,0.5
SP002978,SP004138,MAN,YRK,DAR,7,HUD,MIR,DEW,0.412
SP002979,SP003156,CHX,SEV,CST,6,HGR,GRP,LEE,0.375
SP002979,SP003188,CHX,SEV,ORP,12,ORP,CLD,,1.0
SP002979,SP003315,CHX,SEV,GRV,6,HGR,GRP,LEE,0.375
SP002979,SP003760,CHX,SEV,GRV,6,HGR,GRP,LEE,0.375
SP002980,SP002983,BAL,PMS,PMH,22,EMS,WBL,HAV,0.815
SP002980,SP002986,BAL,PMS,PMS,24,HAV,HLS,FTN,0.923
SP002980,SP002991,BAL,PMS,ORE,8,TBD,CRW,HHE,0.296
SP002980,SP002992,BAL,PMS,ORE,8,TBD,CRW,HHE,0.296
SP002980,SP002995,BAL,PMS,ORE,8,TBD,CRW,HHE,0.296
SP002980,SP003006,BAL,PMS,ORE,8,TBD,CRW,HHE,0.296
SP002980,SP003014,BAL,PMS,HGS,8,TBD,CRW,HHE,0.296
SP002980,SP003026,BAL,PMS,LIT,8,TBD,CRW,HHE,0.32
SP002980,SP003130,BAL,PMS,WRH,8,TBD,CRW,HHE,0.421
SP002980,SP003179,BAL,PMS,TBD,5,XJS,ELD,CDS,0.417
SP002980,SP003294,BAL,PMS,HRH,11,HRH,BIG,,1.0
SP002980,SP003298,BAL,PMS,CCH,11,HRH,BIG,CHH,0.55
SP002980,SP003675,BAL,PMS,WRH,8,TBD,CRW,HHE,0.444
SP002980,SP003677,BAL,PMS,WRH,8,TBD,CRW,HHE,0.421
SP002980,SP003756,BAL,PMS,BTN,5,XJS,ELD,RDH,0.333
SP002980,SP004020,BAL,PMS,GTW,7,GTW,TBD,,1.0
SP002980,SP004086,BAL,PMS,WRH,6,ELD,GTW,SAF,0.3
SP002981,SP003452,BDM,BTN,GTW,10,HEN,BCZ,CRI,0.323
SP002981,SP003483,BDM,BTN,BTN,24,ECR,PUR,SCY,0.6
SP002982,SP003275,PAD,HAF,HWV,8,HXX,HAF,HWV,0.889
SP002982,SP003412,PAD,HAF,PNZ,7,HAY,HXX,WDT,0.778
SP002983,SP002986,BAL,PMH,PMS,22,EMS,HAV,WBL,0.846
SP002983,SP002991,BAL,PMH,ORE,8,TBD,CRW,HHE,0.296
SP002983,SP002992,BAL,PMH,ORE,8,TBD,CRW,HHE,0.296
SP002983,SP002995,BAL,PMH,ORE,8,TBD,CRW,HHE,0.296
SP002983,SP003006,BAL,PMH,ORE,8,TBD,CRW,HHE,0.296
SP002983,SP003014,BAL,PMH,HGS,8,TBD,CRW,HHE,0.296
SP002983,SP003026,BAL,PMH,LIT,8,TBD,CRW,HHE,0.32
SP002983,SP003130,BAL,PMH,WRH,8,TBD,CRW,HHE,0.421
SP002983,SP003179,BAL,PMH,TBD,5,XJS,ELD,CDS,0.417
SP002983,SP003294,BAL,PMH,HRH,11,HRH,BIG,,1.0
SP002983,SP003298,BAL,PMH,CCH,11,HRH,BIG,CHH,0.55
SP002983,SP003675,BAL,PMH,WRH,8,TBD,CRW,HHE,0.444
SP002983,SP003677,BAL,PMH,WRH,8,TBD,CRW,HHE,0.421
SP002983,SP003756,BAL,PMH,BTN,5,XJS,ELD,RDH,0.333
SP002983,SP004020,BAL,PMH,GTW,7,GTW,TBD,,1.0
SP002983,SP004086,BAL,PMH,WRH,6,ELD,GTW,SAF,0.3
SP002985,SP003159,DVP,CHX,CST,7,AFK,HCN,PLC,0.318
SP002985,SP003615,DVP,CHX,CST,7,AFK,HCN,PLC,0.318
SP002985,SP004388,DVP,CHX,SPX,7,AFK,HCN,XIW,0.318
SP002986,SP002991,BAL,PMS,ORE,8,TBD,CRW,HHE,0.308
SP002986,SP002992,BAL,PMS,ORE,8,TBD,CRW,HHE,0.308
SP002986,SP002995,BAL,PMS,ORE,8,TBD,CRW,HHE,0.308
SP002986,SP003006,BAL,PMS,ORE,8,TBD,CRW,HHE,0.308
SP002986,SP003014,BAL,PMS,HGS,8,TBD,CRW,HHE,0.308
SP002986,SP003026,BAL,PMS,LIT,8,TBD,CRW,HHE,0.32
SP002986,SP003130,BAL,PMS,WRH,8,TBD,CRW,HHE,0.421
SP002986,SP003179,BAL,PMS,TBD,5,XJS,ELD,CDS,0.417
SP002986,SP003294,BAL,PMS,HRH,11,HRH,BIG,,1.0
SP002986,SP003298,BAL,PMS,CCH,11,HRH,BIG,CHH,0.55
SP002986,SP003675,BAL,PMS,WRH,8,TBD,CRW,HHE,0.444
SP002986,SP003677,BAL,PMS,WRH,8,TBD,CRW,HHE,0.421
SP002986,SP003756,BAL,PMS,BTN,5,XJS,ELD,RDH,0.333
SP002986,SP004020,BAL,PMS,GTW,7,GTW,TBD,,1.0
SP002986,SP004086,BAL,PMS,WRH,6,ELD,GTW,SAF,0.3
SP002987,SP003027,ORP,BFR,WHP,18,BFR,,CTK,1.0
SP002989,SP003270,GLC,ADS,ASB,12,ASB,ADN,,1.0
SP002989,SP004447,GLC,ADS,ADN,13,ADN,ADS,,1.0
SP002990,SP004250,SCA,SHF,SHF,6,BDT,NFN,DRF,0.316
SP002991,SP002992,BAL,ORE,ORE,12,PMP,CBR,LWS,0.429
SP002991,SP002995,BAL,ORE,ORE,12,PMP,CBR,LWS,0.414
SP002991,SP003006,BAL,ORE,ORE,12,PMP,CBR,LWS,0.414
SP002991,SP003014,BAL,ORE,HGS,12,PMP,CBR,LWS,0.429
SP002991,SP003026,BAL,ORE,LIT,9,HHE,WVF,XKM,0.36
SP002991,SP003130,BAL,ORE,WRH,9,HHE,WVF,XKM,0.474
SP002991,SP003179,BAL,ORE,TBD,5,XJS,ELD,CDS,0.417
SP002991,SP003294,BAL,ORE,HRH,8,TBD,HHE,CRW,0.727
SP002991,SP003298,BAL,ORE,CCH,8,TBD,HHE,CRW,0.4
SP002991,SP003675,BAL,ORE,WRH,9,HHE,WVF,XKM,0.5
SP002991,SP003677,BAL,ORE,WRH,11,XKM,PMP,BUG,0.579
SP002991,SP003756,BAL,ORE,BTN,5,XJS,ELD,RDH,0.333
SP002991,SP004020,BAL,ORE,GTW,7,GTW,TBD,,1.0
SP002991,SP004086,BAL,ORE,WRH,6,ELD,GTW,SAF,0.3
SP002992,SP002995,BAL,ORE,ORE,21,PEV,COB,NSB,0.75
SP002992,SP003006,BAL,ORE,ORE,21,PEV,COB,PEB,0.75
SP002992,SP003014,BAL,ORE,HGS,21,PEV,COB,NSB,0.75
SP002992,SP003026,BAL,ORE,LIT,9,HHE,WVF,XKM,0.36
SP002992,SP003130,BAL,ORE,WRH,9,HHE,WVF,XKM,0.474
SP002992,SP003179,BAL,ORE,TBD,5,XJS,ELD,CDS,0.417
SP002992,SP003294,BAL,ORE,HRH,8,TBD,HHE,CRW,0.727
SP002992,SP003298,BAL,ORE,CCH,8,TBD,HHE,CRW,0.4
SP002992,SP003675,BAL,ORE,WRH,9,HHE,WVF,XKM,0.5
SP002992,SP003677,BAL,ORE,WRH,11,XKM,PMP,BUG,0.579
SP002992,SP003756,BAL,ORE,BTN,5,XJS,ELD,RDH,0.333
SP002992,SP004020,BAL,ORE,GTW,7,GTW,TBD,,1.0
SP002992,SP004086,BAL,ORE,WRH,6,ELD,GTW,SAF,0.3
SP002993,SP003135,HGS,BAL,BTN,6,COB,PEV,NSB,0.261
SP002993,SP003138,HGS,BAL,BTN,6,COB,PEV,NSB,0.273
SP002993,SP003142,HGS,BAL,BTN,6,COB,PEV,NSB,0.273
SP002993,SP003144,HGS,BAL,BTN,6,COB,PEV,NSB,0.286
SP002993,SP003530,HGS,BAL,BTN,17,LWS,CBR,FMR,0.85
SP002994,SP003423,STP,DBY,DBY,6,SAC,LTN,LUT,0.316
SP002995,SP003006,BAL,ORE,ORE,21,PEV,NSB,PEB,0.724
SP002995,SP003014,BAL,ORE,HGS,28,HGS,ORE,,1.0
SP002995,SP003026,BAL,ORE,LIT,9,HHE,WVF,XKM,0.36
SP002995,SP003130,BAL,ORE,WRH,9,HHE,WVF,XKM,0.474
SP002995,SP003179,BAL,ORE,TBD,5,XJS,ELD,CDS,0.417
SP002995,SP003294,BAL,ORE,HRH,8,TBD,HHE,CRW,0.727
SP002995,SP003298,BAL,ORE,CCH,8,TBD,HHE,CRW,0.4
SP002995,SP003675,BAL,ORE,WRH,9,HHE,WVF,XKM,0.5
SP002995,SP003677,BAL,ORE,WRH,11,XKM,PMP,BUG,0.579
SP002995,SP003756,BAL,ORE,BTN,5,XJS,ELD,RDH,0.333
SP002995,SP004020,BAL,ORE,GTW,7,GTW,TBD,,1.0
SP002995,SP004086,BAL,ORE,WRH,6,ELD,GTW,SAF,0.3
SP002996,SP003000,ORE,BAL,BAK,16,LWS,CBR,PMP,0.552
SP002996,SP003147,ORE,BAL,BTN,7,COB,PEV,NSB,0.318
SP002996,SP003149,ORE,BAL,BTN,7,COB,PEV,NSB,0.333
SP002996,SP003552,ORE,BAL,PLG,14,PLG,XRH,,1.0
SP002996,SP004120,ORE,BAL,BTN,5,BEX,CLL,PEV,0.25
SP002996,SP004126,ORE,BAL,BTN,16,LWS,CBR,FMR,0.842
SP002996,SP004128,ORE,BAL,BTN,16,LWS,CBR,FMR,0.889
SP002998,SP003768,HLC,EDB,EDB,17,BLG,CAY,SLS,0.548
SP002998,SP003770,HLC,EDB,BHG,7,DMR,CYK,SIN,0.226
SP002998,SP003773,HLC,EDB,ADR,7,DMR,CYK,SIN,0.269
SP002998,SP003782,HLC,EDB,EDB,10,GRS,SCH,HYN,0.312
SP002999,SP003103,ABX,HAY,MAI,10,PDX,AML,EAL,0.625
SP002999,SP003106,ABX,HAY,MAI,10,PDX,AML,EAL,0.625
SP002999,SP003119,ABX,HAY,MAI,10,PDX,AML,EAL,0.625
SP002999,SP003182,ABX,HAY,RDG,10,PDX,AML,EAL,0.625
SP002999,SP003185,ABX,HAY,RDG,10,PDX,AML,EAL,0.625
SP002999,SP003186,ABX,HAY,RDG,10,PDX,AML,EAL,0.625
SP002999,SP003204,ABX,HAY,RDG,16,HAY,,WDT,1.0
SP002999,SP003273,ABX,HAY,HWV,16,HAY,,HXX,1.0
SP002999,SP003280,ABX,HAY,HWV,13,WEA,HAN,STL,0.812
SP002999,SP003602,ABX,HAY,MAI,10,PDX,AML,EAL,0.625
SP002999,SP003716,ABX,HAY,PDX,10,PDX,AML,,1.0
SP002999,SP003730,ABX,HAY,HWV,10,PDX,AML,EAL,0.625
SP003000,SP003147,ORE,BAK,BTN,7,COB,PEV,NSB,0.318
SP003000,SP003149,ORE,BAK,BTN,7,COB,PEV,NSB,0.333
SP003000,SP003552,ORE,BAK,PLG,14,PLG,XRH,,1.0
SP003000,SP004120,ORE,BAK,BTN,5,BEX,CLL,PEV,0.25
SP003000,SP004126,ORE,BAK,BTN,16,LWS,PMP,FMR,0.842
SP003000,SP004128,ORE,BAK,BTN,16,LWS,PMP,FMR,0.889
SP003001,SP003003,DMR,CUB,MTH,22,MTH,WFF,,1.0
SP003001,SP003916,DMR,CUB,EDB,8,PTK,EXG,CHC,0.308
SP003001,SP004206,DMR,CUB,EDB,8,PTK,EXG,CHC,0.308
SP003001,SP004235,DMR,CUB,CRS,15,RUT,CBL,CML,0.577
SP003003,SP003916,DMR,MTH,EDB,8,PTK,EXG,CHC,0.364
SP003003,SP004206,DMR,MTH,EDB,8,PTK,EXG,CHC,0.364
SP003003,SP004235,DMR,MTH,CRS,15,RUT,CBL,CML,0.682
SP003005,SP004001,CLT,COL,LST,8,COL,,MKT,1.0
SP003005,SP004366,CLT,COL,LST,8,COL,,MKT,1.0
SP003006,SP003014,BAL,ORE,HGS,21,PEV,PEB,NSB,0.75
SP003006,SP003026,BAL,ORE,LIT,9,HHE,WVF,XKM,0.36
SP003006,SP003130,BAL,ORE,WRH,9,HHE,WVF,XKM,0.474
SP003006,SP003179,BAL,ORE,TBD,5,XJS,ELD,CDS,0.417
SP003006,SP003294,BAL,ORE,HRH,8,TBD,HHE,CRW,0.727
SP003006,SP003298,BAL,ORE,CCH,8,TBD,HHE,CRW,0.4
SP003006,SP003675,BAL,ORE,WRH,9,HHE,WVF,XKM,0.5
SP003006,SP003677,BAL,ORE,WRH,11,XKM,PMP,BUG,0.579
SP003006,SP003756,BAL,ORE,BTN,5,XJS,ELD,RDH,0.333
SP003006,SP004020,BAL,ORE,GTW,7,GTW,TBD,,1.0
SP003006,SP004086,BAL,ORE,WRH,6,ELD,GTW,SAF,0.3
SP003008,SP003650,MLN,CUB,MTH,21,MTH,WFF,,1.0
SP003008,SP003901,MLN,CUB,ADR,7,PTK,EXG,CHC,0.467
SP003008,SP003907,MLN,CUB,EDB,7,PTK,EXG,CHC,0.28
SP003008,SP003909,MLN,CUB,EDB,7,PTK,EXG,CHC,0.28
SP003008,SP003912,MLN,CUB,BHG,7,PTK,EXG,CHC,0.412
SP003008,SP004222,MLN,CUB,MTH,14,RUT,CBL,CML,0.667
SP003008,SP004290,MLN,CUB,SPR,7,PTK,EXG,CHC,0.467
SP003009,SP003473,HYN,BHG,BHG,8,SLS,GAR,CBS,0.533
SP003009,SP003894,HYN,BHG,EDB,8,SLS,GAR,CBS,0.421
SP003009,SP004289,HYN,BHG,SPR,6,BLG,CAY,DST,0.6
SP003011,SP003864,LRH,MLN,GRS,17,HYN,ANL,GRS,0.944
SP003014,SP003026,BAL,HGS,LIT,9,HHE,WVF,XKM,0.36
SP003014,SP003130,BAL,HGS,WRH,9,HHE,WVF,XKM,0.474
SP003014,SP003179,BAL,HGS,TBD,5,XJS,ELD,CDS,0.417
SP003014,SP003294,BAL,HGS,HRH,8,TBD,HHE,CRW,0.727
SP003014,SP003298,BAL,HGS,CCH,8,TBD,HHE,CRW,0.4
SP003014,SP003675,BAL,HGS,WRH,9,HHE,WVF,XKM,0.5
SP003014,SP003677,BAL,HGS,WRH,11,XKM,PMP,BUG,0.579
SP003014,SP003756,BAL,HGS,BTN,5,XJS,ELD,RDH,0.333
SP003014,SP004020,BAL,HGS,GTW,7,GTW,TBD,,1.0
SP003014,SP004086,BAL,HGS,WRH,6,ELD,GTW,SAF,0.3
SP003017,SP003597,GDP,HAF,LST,10,SRA,WHX,XOW,0.769
SP003017,SP003816,GDP,HAF,PDX,16,PDX,AML,,1.0
SP003018,SP003357,LET,KGX,KGX,5,GDH,ENC,BOP,0.455
SP003018,SP003503,LET,KGX,KGX,5,GDH,ENC,BOP,0.5
SP003019,SP004414,SUO,BDM,BAL,5,MTC,STE,BAL,0.833
SP003023,SP003972,BHM,CRE,SHR,6,WVH,XBJ,BBK,0.6
SP003024,SP003107,ORP,CHX,CST,9,LEW,NWX,SAJ,0.75
SP003025,SP003287,CBG,KGX,KGX,7,RYS,AWM,BDK,0.368
SP003025,SP003515,CBG,KGX,KGX,12,SVG,HFN,KBW,0.632
SP003026,SP003130,BAL,LIT,WRH,11,BUG,HSK,PRP,0.579
SP003026,SP003179,BAL,LIT,TBD,5,XJS,ELD,CDS,0.417
SP003026,SP003294,BAL,LIT,HRH,8,TBD,HHE,CRW,0.727
SP003026,SP003298,BAL,LIT,CCH,8,TBD,HHE,CRW,0.4
SP003026,SP003675,BAL,LIT,WRH,11,BUG,HSK,PRP,0.611
SP003026,SP003677,BAL,LIT,WRH,9,HHE,XKM,WVF,0.474
SP003026,SP003756,BAL,LIT,BTN,5,XJS,ELD,RDH,0.333
SP003026,SP004020,BAL,LIT,GTW,7,GTW,TBD,,1.0
SP003026,SP004086,BAL,LIT,WRH,6,ELD,GTW,SAF,0.3
SP003028,SP003519,WVH,GLC,GLC,10,WGN,EBA,XOU,0.455
SP003030,SP003175,KGX,WGC,HFN,6,AAP,NSG,BOP,0.429
SP003030,SP004237,KGX,WGC,PBO,12,BPK,WMG,HAT,0.8
SP003031,SP003036,EUS,MAN,BHM,8,XOD,BLY,LBZ,0.286
SP003031,SP003114,EUS,MAN,LIV,13,RUG,NUN,COV,0.464
SP003031,SP003191,EUS,MAN,BPN,17,XCO,SNE,STA,0.607
SP003031,SP003207,EUS,MAN,LIV,17,XCO,SNE,STA,0.63
SP003031,SP003300,EUS,MAN,WRX,17,XCO,SNE,STA,0.81
SP003031,SP003360,EUS,MAN,EDB,13,RUG,NUN,COV,0.464
SP003031,SP003475,EUS,MAN,WVH,11,XHN,XWZ,NMP,0.44
SP003031,SP003568,EUS,MAN,WVH,10,MKC,XHN,WOL,0.357
SP003031,SP003958,EUS,MAN,INV,13,RUG,NUN,COV,0.464
SP003031,SP004012,EUS,MAN,GLC,11,XHN,XWZ,NMP,0.393
SP003031,SP004017,EUS,MAN,PRE,15,XIM,XOI,TAM,0.536
SP003031,SP004025,EUS,MAN,PRE,17,XCO,SNE,STA,0.654
SP003031,SP004034,EUS,MAN,CRE,13,RUG,NUN,COV,0.464
SP003031,SP004036,EUS,MAN,GLC,10,MKC,XHN,WOL,0.357
SP003031,SP004111,EUS,MAN,GLC,10,MKC,XHN,WOL,0.357
SP003031,SP004131,EUS,MAN,BHM,5,WFJ,XOE,KGL,0.179
SP003031,SP004188,EUS,MAN,CRE,15,XIM,XOI,TAM,0.714
SP003031,SP004207,EUS,MAN,CRE,13,RUG,NUN,COV,0.464
SP003031,SP004232,EUS,MAN,INV,10,MKC,XHN,WOL,0.357
SP003031,SP004384,EUS,MAN,WVH,13,RUG,NUN,COV,0.542
SP003031,SP004399,EUS,MAN,GLC,17,XCO,SNE,STA,0.607
SP003031,SP004433,EUS,MAN,NMP,8,XOD,BLY,LBZ,0.571
SP003031,SP004516,EUS,MAN,GLC,17,XCO,SNE,STA,0.607
SP003031,SP004529,EUS,MAN,BHM,5,WFJ,XOE,KGL,0.179
SP003032,SP003290,BAK,HRH,DKG,8,CHE,EPS,EWE,0.615
SP003035,SP003511,PMH,NEM,NEM,15,BSK,FNB,HOK,0.789
SP003035,SP003545,PMH,NEM,NEM,11,XEW,SHW,WIN,0.579
SP003036,SP003114,EUS,BHM,LIV,8,XOD,LBZ,BLY,0.286
SP003036,SP003191,EUS,BHM,BPN,8,XOD,LBZ,BLY,0.286
SP003036,SP003207,EUS,BHM,LIV,8,XOD,LBZ,BLY,0.296
SP003036,SP003300,EUS,BHM,WRX,8,XOD,LBZ,BLY,0.381
SP003036,SP003360,EUS,BHM,EDB,8,XOD,LBZ,BLY,0.286
SP003036,SP003475,EUS,BHM,WVH,8,XOD,LBZ,BLY,0.32
SP003036,SP003568,EUS,BHM,WVH,8,XOD,LBZ,BLY,0.286
SP003036,SP003958,EUS,BHM,INV,8,XOD,LBZ,BLY,0.286
SP003036,SP004012,EUS,BHM,GLC,8,XOD,LBZ,BLY,0.286
SP003036,SP004017,EUS,BHM,PRE,8,XOD,LBZ,BLY,0.286
SP003036,SP004025,EUS,BHM,PRE,8,XOD,LBZ,BLY,0.308
SP003036,SP004034,EUS,BHM,CRE,8,XOD,LBZ,BLY,0.286
SP003036,SP004036,EUS,BHM,GLC,8,XOD,LBZ,BLY,0.286
SP003036,SP004111,EUS,BHM,GLC,8,XOD,LBZ,BLY,0.286
SP003036,SP004131,EUS,BHM,BHM,5,WFJ,XOE,KGL,0.179
SP003036,SP004188,EUS,BHM,CRE,8,XOD,LBZ,BLY,0.381
SP003036,SP004207,EUS,BHM,CRE,8,XOD,LBZ,BLY,0.286
SP003036,SP004232,EUS,BHM,INV,8,XOD,LBZ,BLY,0.286
SP003036,SP004384,EUS,BHM,WVH,8,XOD,LBZ,BLY,0.333
SP003036,SP004399,EUS,BHM,GLC,8,XOD,LBZ,BLY,0.286
SP003036,SP004433,EUS,BHM,NMP,14,NMP,LBK,,1.0
SP003036,SP004516,EUS,BHM,GLC,8,XOD,LBZ,BLY,0.286
SP003036,SP004529,EUS,BHM,BHM,5,WFJ,XOE,KGL,0.179
SP003037,SP003133,TBD,BDM,RDH,6,RDH,XJS,,1.0
SP003037,SP003629,TBD,BDM,BDM,8,PUR,PUO,SCY,0.229
SP003037,SP004196,TBD,BDM,BDM,20,XLJ,XSU,XMK,0.488
SP003038,SP003509,PMH,NEM,NEM,5,PTR,LIS,HSL,0.333
SP003039,SP003329,CRE,NMP,RUG,11,RUG,LBK,,1.0
SP003040,SP003132,BDM,TBD,TBD,17,SPL,ZFD,CTK,0.515
SP003040,SP003389,BDM,TBD,BTN,8,SAC,RDT,HEN,0.242
SP003040,SP003401,BDM,TBD,BTN,8,SAC,RDT,HEN,0.242
SP003040,SP003491,BDM,TBD,BTN,8,SAC,RDT,HEN,0.242
SP003040,SP003627,BDM,TBD,TBD,17,SPL,ZFD,CTK,0.515
SP003040,SP003758,BDM,TBD,BTN,8,SAC,RDT,HEN,0.242
SP003040,SP003861,BDM,TBD,BTN,17,SPL,ZFD,CTK,0.515
SP003040,SP003865,BDM,TBD,BTN,24,NXG,SYD,BCY,0.727
SP003040,SP004203,BDM,TBD,BTN,17,SPL,ZFD,CTK,0.515
SP003040,SP004204,BDM,TBD,BTN,8,SAC,RDT,HEN,0.242
SP003040,SP004596,BDM,TBD,TBD,20,BFR,XMK,EPH,0.606
SP003040,SP004598,BDM,TBD,BTN,8,SAC,RDT,HEN,0.242
SP003041,SP003526,SCA,MAN,MAN,5,CHF,MIK,CFD,0.294
SP003041,SP003531,SCA,MAN,MAN,11,HUD,MSN,SWT,0.647
SP003041,SP003736,SCA,MAN,MAN,5,CHF,MIK,CFD,0.294
SP003042,SP003146,NCL,LIV,LIV,11,LDS,MLY,XES,0.344
SP003042,SP003157,NCL,LIV,YRK,7,YRK,CHF,,1.0
SP003044,SP003189,MIA,SHF,YRK,8,MSN,MRP,HUD,0.727
SP003045,SP004038,LCN,NOT,STP,8,LOW,BUJ,NOT,0.727
SP003046,SP003882,BHM,EUS,MKC,15,MKC,BLY,,1.0
SP003046,SP003967,BHM,EUS,NMP,12,NMP,XHN,,1.0
SP003046,SP004063,BHM,EUS,EUS,22,HML,WFJ,APS,0.815
SP003048,SP003058,MAN,NCL,HUL,7,HUD,WKK,DEW,0.412
SP003048,SP003072,MAN,NCL,SLB,7,HUD,WKK,DEW,0.35
SP003048,SP003075,MAN,NCL,YRK,7,HUD,WKK,MIR,0.467
SP003048,SP003134,MAN,NCL,NCL,7,HUD,WKK,DEW,0.35
SP003048,SP003279,MAN,NCL,YRK,14,YRK,THI,,1.0
SP003048,SP003960,MAN,NCL,YRK,7,HUD,WKK,DEW,0.5
SP003048,SP004138,MAN,NCL,DAR,7,HUD,WKK,DEW,0.412
SP003052,SP003082,NCL,WTB,NNT,16,NNT,GTA,,1.0
SP003052,SP003092,NCL,WTB,GTA,17,GTA,BTT,,1.0
SP003058,SP003072,MAN,HUL,SLB,10,LDS,XES,CRG,0.588
SP003058,SP003075,MAN,HUL,YRK,7,HUD,DEW,MIR,0.467
SP003058,SP003134,MAN,HUL,NCL,12,CFD,SBY,CHF,0.706
SP003058,SP003279,MAN,HUL,YRK,7,HUD,DEW,WKK,0.5
SP003058,SP003960,MAN,HUL,YRK,10,LDS,XES,CRG,0.714
SP003058,SP004138,MAN,HUL,DAR,10,LDS,XES,CRG,0.588
SP003059,SP003378,RAM,GLM,XVJ,15,GLM,,CTM,1.0
SP003059,SP004534,RAM,GLM,CST,10,FAV,TEY,SIT,0.667
SP003059,SP004587,RAM,GLM,XVJ,15,GLM,,CTM,1.0
SP003059,SP004640,RAM,GLM,RTR,15,GLM,,CTM,1.0
SP003060,SP003369,QPW,WMB,SBP,5,SBP,WMB,,1.0
SP003061,SP003495,CDF,MAN,CTR,13,PRS,WTC,WRE,0.765
SP003061,SP003525,CDF,MAN,AGV,5,AGV,HFD,,1.0
SP003061,SP003619,CDF,MAN,CTR,11,SHR,WEM,YRT,0.579
SP003061,SP004084,CDF,MAN,CRE,11,SHR,WEM,YRT,0.611
SP003061,SP004294,CDF,MAN,CTR,17,CRE,SDB,CTR,0.944
SP003062,SP004218,EGR,WSW,BDM,5,OXT,WOH,SNR,0.294
SP003062,SP004576,EGR,WSW,BAK,12,SRS,TTH,SRC,0.8
SP003064,SP004122,BTN,ORE,ORE,5,GLY,PLG,BRK,0.294
SP003064,SP004553,BTN,ORE,ORE,5,GLY,PLG,BRK,0.294
SP003067,SP003069,BTN,SOU,SOU,6,LAC,WRH,EWR,0.24
SP003067,SP003070,BTN,SOU,SOU,17,CSA,PTC,FRM,0.708
SP003067,SP003073,BTN,SOU,SOU,21,HME,SHO,NTL,0.84
SP003067,SP003500,BTN,SOU,SOU,8,WWO,ANG,DUR,0.32
SP003067,SP004135,BTN,SOU,SOU,19,FRM,SNW,BOE,0.792
SP003069,SP003070,BTN,SOU,SOU,6,LAC,EWR,WRH,0.25
SP003069,SP003073,BTN,SOU,SOU,6,LAC,EWR,WRH,0.231
SP003069,SP003500,BTN,SOU,SOU,6,LAC,EWR,WRH,0.231
SP003069,SP004135,BTN,SOU,SOU,6,LAC,EWR,WRH,0.25
SP003070,SP003073,BTN,SOU,SOU,17,CSA,FRM,PTC,0.708
SP003070,SP003500,BTN,SOU,SOU,8,WWO,ANG,DUR,0.333
SP003070,SP004135,BTN,SOU,SOU,17,CSA,FRM,PTC,0.708
SP003072,SP003075,MAN,SLB,YRK,7,HUD,DEW,MIR,0.467
SP003072,SP003134,MAN,SLB,NCL,10,LDS,CRG,XES,0.5
SP003072,SP003279,MAN,SLB,YRK,7,HUD,DEW,WKK,0.5
SP003072,SP003960,MAN,SLB,YRK,14,YRK,THI,,1.0
SP003072,SP004138,MAN,SLB,DAR,16,NTR,YRM,DAR,0.941
SP003073,SP003500,BTN,SOU,SOU,8,WWO,ANG,DUR,0.308
SP003073,SP004135,BTN,SOU,SOU,19,FRM,SNW,BOE,0.792
SP003075,SP003134,MAN,YRK,NCL,7,HUD,MIR,DEW,0.467
SP003075,SP003279,MAN,YRK,YRK,7,HUD,MIR,WKK,0.5
SP003075,SP003960,MAN,YRK,YRK,7,HUD,MIR,DEW,0.5
SP003075,SP004138,MAN,YRK,DAR,7,HUD,MIR,DEW,0.467
SP003078,SP003564,HUL,LDS,YRK,10,SBY,SOM,SIE,0.769
SP003078,SP004292,HUL,LDS,DON,6,GBD,EGN,GOO,0.545
SP003080,SP004221,YRK,LDS,BPN,7,LDS,,NPD,1.0
SP003082,SP003092,NCL,NNT,GTA,16,NNT,,GTA,1.0
SP003088,SP003551,BDT,HUL,YRK,7,HUL,,BUH,1.0
SP003088,SP003553,BDT,HUL,YRK,7,HUL,,BUH,1.0
SP003088,SP003565,BDT,HUL,YRK,7,HUL,,BUH,1.0
SP003088,SP004368,BDT,HUL,YRK,7,HUL,,HES,1.0
SP003089,SP003115,LIV,WAC,NOT,5,HGN,WAW,WID,0.714
SP003089,SP003496,LIV,WAC,SHF,5,HGN,WAW,WAC,0.714
SP003089,SP003657,LIV,WAC,NCL,5,HGN,WAW,WAC,0.714
SP003089,SP004143,LIV,WAC,NRW,5,HGN,WAW,WID,0.714
SP003089,SP004261,LIV,WAC,DON,5,HGN,WAW,WAC,0.714
SP003089,SP004268,LIV,WAC,MIA,5,HGN,WAW,WAC,0.714
SP003089,SP004269,LIV,WAC,NRW,5,HGN,WAW,WID,0.714
SP003090,SP003153,SPX,FAV,AFK,9,EBF,XSR,XXI,0.562
SP003090,SP004271,SPX,FAV,RAM,20,FAV,,WHI,1.0
SP003090,SP004291,SPX,FAV,MAR,20,FAV,,WHI,1.0
SP003090,SP004348,SPX,FAV,MAR,9,EBF,XSR,XXI,0.45
SP003090,SP004380,SPX,FAV,MAR,8,XXJ,EBF,XXI,0.4
SP003090,SP004392,SPX,FAV,DVP,9,EBF,XSR,XXI,0.45
SP003090,SP004396,SPX,FAV,RAM,9,EBF,XSR,XXI,0.45
SP003090,SP004435,SPX,FAV,MDW,12,SOO,XRJ,CUX,0.706
SP003094,SP003127,BTN,SOU,PMS,18,CCH,FSB,EMS,0.818
SP003094,SP003307,BTN,SOU,HAV,11,WWO,DUR,ANG,0.579
SP003094,SP004227,BTN,SOU,CCH,18,CCH,FSB,,1.0
SP003094,SP004230,BTN,SOU,CCH,11,WWO,DUR,ANG,0.688
SP003098,SP003293,SOU,BTN,HRH,16,XXA,ANG,PUL,0.842
SP003098,SP003682,SOU,BTN,BTN,17,ANG,WWO,GBS,0.68
SP003098,SP004200,SOU,BTN,BTN,10,HAV,EMS,WBL,0.4
SP003098,SP004202,SOU,BTN,BTN,7,FRM,PTC,CSA,0.292
SP003098,SP004208,SOU,BTN,BTN,19,WRH,LAC,EWR,0.76
SP003099,SP003233,LIV,WGN,MIA,5,RNH,LEG,SHJ,0.5
SP003099,SP004077,LIV,WGN,NCL,9,NLW,WGN,ECC,0.9
SP003100,SP003504,BIF,MIA,MIA,10,XOU,BSV,CRL,0.5
SP003101,SP004256,MLM,MIA,BIF,6,BIF,ROO,,1.0
SP003102,SP004241,BIF,MIA,LAN,5,CAK,KBK,GOS,0.455
SP003102,SP004592,BIF,MIA,MIA,14,XOU,CRL,BSV,0.583
SP003103,SP003106,ABX,MAI,MAI,19,BNM,MAI,TAP,0.95
SP003103,SP003119,ABX,MAI,MAI,11,EAL,WEA,STL,0.611
SP003103,SP003182,ABX,MAI,RDG,13,STL,HAY,WDT,0.684
SP003103,SP003185,ABX,MAI,RDG,15,WDT,IVR,LNY,0.75
SP003103,SP003186,ABX,MAI,RDG,19,BNM,MAI,TAP,0.95
SP003103,SP003204,ABX,MAI,RDG,10,PDX,EAL,AML,0.5
SP003103,SP003273,ABX,MAI,HWV,10,PDX,EAL,AML,0.556
SP003103,SP003280,ABX,MAI,HWV,10,PDX,EAL,AML,0.588
SP003103,SP003602,ABX,MAI,MAI,18,SLO,BNM,MAI,0.947
SP003103,SP003716,ABX,MAI,PDX,10,PDX,EAL,,1.0
SP003103,SP003730,ABX,MAI,HWV,14,HAY,WDT,HXX,0.875
SP003105,SP003331,WVH,BHM,EUS,10,BHM,,XOZ,1.0
SP003106,SP003119,ABX,MAI,MAI,11,EAL,WEA,STL,0.611
SP003106,SP003182,ABX,MAI,RDG,13,STL,HAY,WDT,0.684
SP003106,SP003185,ABX,MAI,RDG,15,WDT,IVR,LNY,0.714
SP003106,SP003186,ABX,MAI,RDG,21,MAI,,TWY,1.0
SP003106,SP003204,ABX,MAI,RDG,10,PDX,EAL,AML,0.476
SP003106,SP003273,ABX,MAI,HWV,10,PDX,EAL,AML,0.556
SP003106,SP003280,ABX,MAI,HWV,10,PDX,EAL,AML,0.588
SP003106,SP003602,ABX,MAI,MAI,18,SLO,BNM,MAI,0.947
SP003106,SP003716,ABX,MAI,PDX,10,PDX,EAL,,1.0
SP003106,SP003730,ABX,MAI,HWV,14,HAY,WDT,HXX,0.875
SP003109,SP003844,NEM,YVJ,BMH,5,BSK,OVR,MIC,0.333
SP003109,SP003846,NEM,YVJ,BMH,5,BSK,OVR,MIC,0.333
SP003109,SP003849,NEM,YVJ,BMH,5,BSK,OVR,MIC,0.333
SP003109,SP003851,NEM,YVJ,SOU,5,BSK,OVR,MIC,0.385
SP003109,SP004198,NEM,YVJ,POO,5,BSK,OVR,MIC,0.333
SP003111,SP004026,LIV,EUS,CRE,9,CRE,STA,,1.0
SP003113,SP003820,TPB,FST,FST,8,PSE,SFO,LAI,0.533
SP003113,SP003829,TPB,FST,FST,8,PSE,SFO,BSO,0.533
SP003113,SP003852,TPB,FST,FST,8,PSE,SFO,BSO,0.5
SP003113,SP003997,TPB,FST,FST,12,GRY,CFH,PFL,0.632
SP003113,SP004132,TPB,FST,FST,8,PSE,SFO,LAI,0.571
SP003114,SP003191,EUS,LIV,BPN,13,RUG,COV,NUN,0.448
SP003114,SP003207,EUS,LIV,LIV,13,RUG,COV,NUN,0.481
SP003114,SP003300,EUS,LIV,WRX,13,RUG,COV,NUN,0.619
SP003114,SP003360,EUS,LIV,EDB,21,XGJ,DDP,SAD,0.618
SP003114,SP003475,EUS,LIV,WVH,11,XHN,XWZ,NMP,0.44
SP003114,SP003568,EUS,LIV,WVH,10,MKC,XHN,WOL,0.312
SP003114,SP003958,EUS,LIV,INV,17,SCF,XOZ,AST,0.5
SP003114,SP004012,EUS,LIV,GLC,11,XHN,XWZ,NMP,0.324
SP003114,SP004017,EUS,LIV,PRE,13,RUG,COV,NUN,0.464
SP003114,SP004025,EUS,LIV,PRE,13,RUG,COV,NUN,0.5
SP003114,SP004034,EUS,LIV,CRE,21,XGJ,DDP,SAD,0.656
SP003114,SP004036,EUS,LIV,GLC,10,MKC,XHN,WOL,0.294
SP003114,SP004111,EUS,LIV,GLC,10,MKC,XHN,WOL,0.294
SP003114,SP004131,EUS,LIV,BHM,5,WFJ,XOE,KGL,0.156
SP003114,SP004188,EUS,LIV,CRE,13,RUG,COV,NUN,0.619
SP003114,SP004207,EUS,LIV,CRE,21,XGJ,DDP,SAD,0.75
SP003114,SP004232,EUS,LIV,INV,10,MKC,XHN,WOL,0.294
SP003114,SP004384,EUS,LIV,WVH,20,XOS,XGJ,XRA,0.833
SP003114,SP004399,EUS,LIV,GLC,13,RUG,COV,NUN,0.382
SP003114,SP004433,EUS,LIV,NMP,8,XOD,BLY,LBZ,0.571
SP003114,SP004516,EUS,LIV,GLC,13,RUG,COV,NUN,0.382
SP003114,SP004529,EUS,LIV,BHM,5,WFJ,XOE,KGL,0.161
SP003115,SP003496,LIV,NOT,SHF,5,HGN,WID,WAC,0.238
SP003115,SP003657,LIV,NOT,NCL,5,HGN,WID,WAC,0.2
SP003115,SP004143,LIV,NOT,NRW,15,EDL,HOP,BAM,0.6
SP003115,SP004261,LIV,NOT,DON,5,HGN,WID,WAC,0.227
SP003115,SP004268,LIV,NOT,MIA,5,HGN,WID,WAC,0.357
SP003115,SP004269,LIV,NOT,NRW,13,HAZ,CLY,EDL,0.52
SP003117,SP003458,TBW,CHX,CST,5,SEV,DNG,CLD,0.312
SP003119,SP003182,ABX,MAI,RDG,11,EAL,STL,WEA,0.611
SP003119,SP003185,ABX,MAI,RDG,11,EAL,STL,WEA,0.611
SP003119,SP003186,ABX,MAI,RDG,11,EAL,STL,WEA,0.611
SP003119,SP003204,ABX,MAI,RDG,10,PDX,EAL,AML,0.556
SP003119,SP003273,ABX,MAI,HWV,10,PDX,EAL,AML,0.556
SP003119,SP003280,ABX,MAI,HWV,10,PDX,EAL,AML,0.588
SP003119,SP003602,ABX,MAI,MAI,11,EAL,STL,WEA,0.611
SP003119,SP003716,ABX,MAI,PDX,10,PDX,EAL,,1.0
SP003119,SP003730,ABX,MAI,HWV,11,EAL,STL,WEA,0.688
SP003120,SP003173,HHD,EUS,CTR,13,CTR,CRE,,1.0
SP003120,SP003340,HHD,EUS,EUS,16,XCO,XOI,RGL,0.5
SP003120,SP003359,HHD,EUS,CDF,13,CTR,CRE,WRX,0.565
SP003120,SP004015,HHD,EUS,BHM,15,STA,XCO,PKG,0.682
SP003122,SP003425,CST,CST,TON,6,HGR,LEE,GRP,0.462
SP003122,SP004537,CST,CST,DVP,6,HGR,LEE,GRP,0.222
SP003122,SP004538,CST,CST,RAM,6,HGR,LEE,GRP,0.222
SP003123,SP003939,NEM,PMH,PTR,12,PTR,RLN,,1.0
SP003124,SP003592,CTR,HHD,HHD,13,LPG,VAL,BOR,0.867
SP003125,SP003268,YRK,MAN,MIA,5,LDS,COT,XES,0.312
SP003125,SP003606,YRK,MAN,MAN,5,LDS,COT,MLY,0.357
SP003125,SP003607,YRK,MAN,LDS,5,LDS,COT,,1.0
SP003126,SP003205,LST,COL,CLT,5,MYL,FOG,IFD,0.294
SP003126,SP003598,LST,COL,GDP,6,FOG,IFD,MNP,0.462
SP003126,SP003738,LST,COL,HWC,5,MYL,FOG,IFD,0.294
SP003126,SP003741,LST,COL,HPQ,5,MYL,FOG,IFD,0.294
SP003126,SP003743,LST,COL,HPQ,5,MYL,FOG,IFD,0.294
SP003126,SP003905,LST,COL,WTM,5,MYL,FOG,IFD,0.385
SP003126,SP003908,LST,COL,WTM,5,MYL,FOG,IFD,0.417
SP003126,SP003910,LST,COL,BTR,5,MYL,FOG,IFD,0.312
SP003126,SP003922,LST,COL,COL,5,MYL,FOG,IFD,0.333
SP003126,SP003923,LST,COL,COL,5,MYL,FOG,IFD,0.333
SP003126,SP003926,LST,COL,COL,5,MYL,FOG,IFD,0.312
SP003126,SP003947,LST,COL,SMN,5,MYL,FOG,IFD,0.312
SP003126,SP003948,LST,COL,SOV,5,MYL,FOG,MNP,0.294
SP003126,SP003999,LST,COL,CLT,5,MYL,FOG,IFD,0.294
SP003126,SP004024,LST,COL,CLT,5,MYL,FOG,IFD,0.294
SP003126,SP004028,LST,COL,CLT,5,MYL,FOG,IFD,0.294
SP003126,SP004029,LST,COL,CLT,5,MYL,FOG,IFD,0.294
SP003126,SP004039,LST,COL,CLT,5,MYL,FOG,IFD,0.294
SP003126,SP004049,LST,COL,IPS,5,MYL,FOG,IFD,0.294
SP003126,SP004050,LST,COL,IPS,5,MYL,FOG,IFD,0.312
SP003126,SP004053,LST,COL,IPS,5,MYL,FOG,IFD,0.333
SP003126,SP004153,LST,COL,WTM,5,MYL,FOG,IFD,0.385
SP003127,SP003307,BTN,PMS,HAV,11,WWO,DUR,ANG,0.579
SP003127,SP004227,BTN,PMS,CCH,18,CCH,EMS,,1.0
SP003127,SP004230,BTN,PMS,CCH,11,WWO,DUR,ANG,0.688
SP003130,SP003179,BAL,WRH,TBD,5,XJS,ELD,CDS,0.417
SP003130,SP003294,BAL,WRH,HRH,8,TBD,HHE,CRW,0.727
SP003130,SP003298,BAL,WRH,CCH,8,TBD,HHE,CRW,0.421
SP003130,SP003675,BAL,WRH,WRH,12,PRP,BTN,HOV,0.667
SP003130,SP003677,BAL,WRH,WRH,9,HHE,XKM,WVF,0.474
SP003130,SP003756,BAL,WRH,BTN,5,XJS,ELD,RDH,0.333
SP003130,SP004020,BAL,WRH,GTW,7,GTW,TBD,,1.0
SP003130,SP004086,BAL,WRH,WRH,6,ELD,GTW,SAF,0.316
SP003132,SP003389,BDM,TBD,BTN,8,SAC,RDT,HEN,0.242
SP003132,SP003401,BDM,TBD,BTN,8,SAC,RDT,HEN,0.242
SP003132,SP003491,BDM,TBD,BTN,8,SAC,RDT,HEN,0.242
SP003132,SP003627,BDM,TBD,TBD,19,BFR,XMK,EPH,0.576
SP003132,SP003758,BDM,TBD,BTN,8,SAC,RDT,HEN,0.242
SP003132,SP003861,BDM,TBD,BTN,23,NXG,SYD,BCY,0.697
SP003132,SP003865,BDM,TBD,BTN,17,SPL,CTK,ZFD,0.515
SP003132,SP004203,BDM,TBD,BTN,28,XJS,RDH,ELD,0.848
SP003132,SP004204,BDM,TBD,BTN,8,SAC,RDT,HEN,0.242
SP003132,SP004596,BDM,TBD,TBD,17,SPL,CTK,ZFD,0.515
SP003132,SP004598,BDM,TBD,BTN,8,SAC,RDT,HEN,0.242
SP003133,SP003629,TBD,RDH,BDM,6,RDH,,XJS,1.0
SP003133,SP004196,TBD,RDH,BDM,6,RDH,,XJS,1.0
SP003134,SP003279,MAN,NCL,YRK,7,HUD,DEW,WKK,0.5
SP003134,SP003960,MAN,NCL,YRK,10,LDS,XES,CRG,0.714
SP003134,SP004138,MAN,NCL,DAR,10,LDS,XES,CRG,0.588
SP003135,SP003138,HGS,BTN,BTN,7,NSB,PEB,PEV,0.318
SP003135,SP003142,HGS,BTN,BTN,21,MCB,LRB,BTN,0.955
SP003135,SP003144,HGS,BTN,BTN,20,FMR,MCB,BTN,0.952
SP003135,SP003530,HGS,BTN,BTN,6,COB,NSB,PEV,0.3
SP003138,SP003142,HGS,BTN,BTN,7,NSB,PEV,PEB,0.318
SP003138,SP003144,HGS,BTN,BTN,7,NSB,PEV,PEB,0.333
SP003138,SP003530,HGS,BTN,BTN,6,COB,NSB,PEV,0.3
SP003139,SP003679,RAY,GLD,SOU,6,WOK,GLD,FNB,0.857
SP003141,SP003395,BTN,BDM,BDM,10,GTW,HOR,ELD,0.278
SP003141,SP003399,BTN,BDM,BDM,10,GTW,HOR,ELD,0.25
SP003141,SP003546,BTN,BDM,BAL,5,XKM,WVF,HHE,0.357
SP003141,SP003588,BTN,BDM,BDM,11,HOR,ELD,SAF,0.268
SP003141,SP003809,BTN,BDM,WSW,10,GTW,HOR,SAF,0.435
SP003141,SP003989,BTN,BDM,BAK,5,XKM,WVF,HHE,0.278
SP003141,SP004194,BTN,BDM,BDM,11,HOR,ELD,SAF,0.268
SP003141,SP004487,BTN,BDM,BDM,10,GTW,HOR,ELD,0.263
SP003141,SP004582,BTN,BDM,BDM,10,GTW,HOR,SAF,0.244
SP003142,SP003144,HGS,BTN,BTN,20,FMR,MCB,BTN,0.952
SP003142,SP003530,HGS,BTN,BTN,6,COB,NSB,PEV,0.3
SP003143,SP003150,BTN,HGS,ORE,5,XRH,BRK,PLG,0.263
SP003143,SP004123,BTN,HGS,ORE,5,XRH,BRK,PLG,0.263
SP003143,SP004124,BTN,HGS,ORE,5,XRH,BRK,PLG,0.294
SP003144,SP003530,HGS,BTN,BTN,6,COB,NSB,PEV,0.3
SP003146,SP003157,NCL,LIV,YRK,7,YRK,CHF,,1.0
SP003147,SP003149,ORE,BTN,BTN,20,MCB,LRB,BTN,0.952
SP003147,SP003552,ORE,BTN,PLG,7,COB,NSB,PEV,0.5
SP003147,SP004120,ORE,BTN,BTN,5,BEX,CLL,PEV,0.25
SP003147,SP004126,ORE,BTN,BTN,7,COB,NSB,PEV,0.368
SP003147,SP004128,ORE,BTN,BTN,7,COB,NSB,PEV,0.389
SP003149,SP003552,ORE,BTN,PLG,7,COB,NSB,PEV,0.5
SP003149,SP004120,ORE,BTN,BTN,5,BEX,CLL,PEV,0.25
SP003149,SP004126,ORE,BTN,BTN,7,COB,NSB,PEV,0.368
SP003149,SP004128,ORE,BTN,BTN,7,COB,NSB,PEV,0.389
SP003150,SP004123,BTN,ORE,ORE,12,PEV,COB,PEB,0.632
SP003150,SP004124,BTN,ORE,ORE,12,PEV,COB,BEX,0.706
SP003152,SP003155,XVJ,RAM,GLM,11,SAY,OTF,FNR,0.55
SP003152,SP003334,XVJ,RAM,AFK,8,XLY,XMU,XPE,0.533
SP003152,SP003576,XVJ,RAM,AFK,13,XOT,KMS,BRG,0.591
SP003153,SP004271,SPX,AFK,RAM,9,EBF,XXI,XSR,0.562
SP003153,SP004291,SPX,AFK,MAR,9,EBF,XXI,XSR,0.562
SP003153,SP004348,SPX,AFK,MAR,16,AFK,,WYE,1.0
SP003153,SP004380,SPX,AFK,MAR,8,XXJ,EBF,XXI,0.5
SP003153,SP004392,SPX,AFK,DVP,16,AFK,,XSI,1.0
SP003153,SP004396,SPX,AFK,RAM,16,AFK,,XSI,1.0
SP003153,SP004435,SPX,AFK,MDW,9,EBF,XXI,XSR,0.562
SP003155,SP003334,XVJ,GLM,AFK,8,XLY,XMU,XPE,0.533
SP003155,SP003576,XVJ,GLM,AFK,11,SAY,FNR,OTF,0.55
SP003156,SP003188,CHX,CST,ORP,6,HGR,LEE,GRP,0.5
SP003156,SP003315,CHX,CST,GRV,13,CRY,SGR,XRT,0.619
SP003156,SP003760,CHX,CST,GRV,13,CRY,SGR,XRT,0.684
SP003159,SP003615,DVP,CST,CST,13,TON,HLB,SEV,0.542
SP003159,SP004388,DVP,CST,SPX,7,AFK,PLC,XIW,0.318
SP003162,SP003245,AFK,CHX,CST,9,SEV,DNG,ORP,0.474
SP003162,SP003618,AFK,CHX,CHX,7,TON,HLB,SEV,0.412
SP003163,SP003164,RAM,CHX,CHX,16,TON,HLB,SEV,0.615
SP003163,SP003168,RAM,CHX,TON,16,TON,HLB,,1.0
SP003163,SP003170,RAM,CHX,AFK,10,AFK,PLC,,1.0
SP003163,SP004347,RAM,CHX,SPX,10,AFK,PLC,XIW,0.4
SP003164,SP003168,RAM,CHX,TON,16,TON,SEV,,1.0
SP003164,SP003170,RAM,CHX,AFK,10,AFK,PLC,,1.0
SP003164,SP004347,RAM,CHX,SPX,10,AFK,PLC,XIW,0.4
SP003166,SP003187,DVP,CHX,CHX,8,AFK,PLC,HCN,0.348
SP003166,SP003232,DVP,CHX,AFK,8,AFK,PLC,,1.0
SP003166,SP003255,DVP,CHX,CST,14,TON,SEV,HLB,0.583
SP003166,SP004401,DVP,CHX,SPX,5,XSI,SDG,AFK,0.238
SP003167,SP004297,GLQ,ABD,ABD,6,DBL,GLE,PTH,0.333
SP003167,SP004298,GLQ,ABD,INV,6,DBL,GLE,PTH,0.333
SP003167,SP004300,GLQ,ABD,INV,8,PTH,ING,DKD,0.471
SP003168,SP003170,RAM,TON,AFK,10,AFK,PLC,,1.0
SP003168,SP004347,RAM,TON,SPX,10,AFK,PLC,XIW,0.625
SP003170,SP004347,RAM,AFK,SPX,10,AFK,,XIW,1.0
SP003173,SP003340,HHD,CTR,EUS,13,CTR,,CRE,1.0
SP003173,SP003359,HHD,CTR,CDF,13,CTR,,WRX,1.0
SP003173,SP004015,HHD,CTR,BHM,13,CTR,,CRE,1.0
SP003174,SP003376,MOG,LET,WGC,6,FPK,HGY,AAP,0.429
SP003175,SP004237,KGX,HFN,PBO,6,AAP,BOP,NSG,0.429
SP003176,SP003254,KGX,RYS,PBO,9,HIT,LET,ARL,0.692
SP003176,SP003658,KGX,RYS,ELY,13,RYS,,FXN,1.0
SP003176,SP003667,KGX,RYS,YRK,9,HIT,LET,BIW,0.692
SP003177,SP003364,MER,ABA,CDF,15,CDF,NNP,,1.0
SP003178,SP003206,FAV,AFK,CHX,19,AFK,,PLC,1.0
SP003178,SP003263,FAV,AFK,CHX,13,MSR,STU,SDW,0.684
SP003178,SP004398,FAV,AFK,SPX,10,RAM,THP,XMF,0.526
SP003179,SP003294,BAL,TBD,HRH,5,XJS,CDS,ELD,0.455
SP003179,SP003298,BAL,TBD,CCH,5,XJS,CDS,ELD,0.417
SP003179,SP003675,BAL,TBD,WRH,5,XJS,CDS,ELD,0.417
SP003179,SP003677,BAL,TBD,WRH,5,XJS,CDS,ELD,0.417
SP003179,SP003756,BAL,TBD,BTN,5,XJS,CDS,RDH,0.417
SP003179,SP004020,BAL,TBD,GTW,5,XJS,CDS,ELD,0.714
SP003179,SP004086,BAL,TBD,WRH,5,XJS,CDS,ELD,0.417
SP003180,SP003214,PAD,RDG,RDG,5,WDT,IVR,SLO,0.556
SP003181,SP003209,CBW,AFK,CHX,5,AFK,,PLC,1.0
SP003182,SP003185,ABX,RDG,RDG,13,STL,WDT,HAY,0.684
SP003182,SP003186,ABX,RDG,RDG,13,STL,WDT,HAY,0.684
SP003182,SP003204,ABX,RDG,RDG,10,PDX,EAL,AML,0.526
SP003182,SP003273,ABX,RDG,HWV,10,PDX,EAL,AML,0.556
SP003182,SP003280,ABX,RDG,HWV,10,PDX,EAL,AML,0.588
SP003182,SP003602,ABX,RDG,MAI,13,STL,WDT,HAY,0.684
SP003182,SP003716,ABX,RDG,PDX,10,PDX,EAL,,1.0
SP003182,SP003730,ABX,RDG,HWV,13,STL,WDT,HAY,0.812
SP003185,SP003186,ABX,RDG,RDG,15,WDT,LNY,IVR,0.682
SP003185,SP003204,ABX,RDG,RDG,10,PDX,EAL,AML,0.455
SP003185,SP003273,ABX,RDG,HWV,10,PDX,EAL,AML,0.556
SP003185,SP003280,ABX,RDG,HWV,10,PDX,EAL,AML,0.588
SP003185,SP003602,ABX,RDG,MAI,15,WDT,LNY,IVR,0.789
SP003185,SP003716,ABX,RDG,PDX,10,PDX,EAL,,1.0
SP003185,SP003730,ABX,RDG,HWV,14,HAY,WDT,HXX,0.875
SP003186,SP003204,ABX,RDG,RDG,10,PDX,EAL,AML,0.435
SP003186,SP003273,ABX,RDG,HWV,10,PDX,EAL,AML,0.556
SP003186,SP003280,ABX,RDG,HWV,10,PDX,EAL,AML,0.588
SP003186,SP003602,ABX,RDG,MAI,18,SLO,BNM,MAI,0.947
SP003186,SP003716,ABX,RDG,PDX,10,PDX,EAL,,1.0
SP003186,SP003730,ABX,RDG,HWV,14,HAY,WDT,HXX,0.875
SP003187,SP003232,DVP,CHX,AFK,8,AFK,HCN,,1.0
SP003187,SP003255,DVP,CHX,CST,8,AFK,HCN,PLC,0.348
SP003187,SP004401,DVP,CHX,SPX,5,XSI,SDG,AFK,0.238
SP003188,SP003315,CHX,ORP,GRV,6,HGR,GRP,LEE,0.5
SP003188,SP003760,CHX,ORP,GRV,6,HGR,GRP,LEE,0.5
SP003190,SP003410,MYB,AYS,OXF,8,GER,SRG,BCF,0.5
SP003190,SP004159,MYB,AYS,AYS,7,DNM,GER,DGC,0.438
SP003190,SP004182,MYB,AYS,AYS,8,GER,SRG,HWY,0.571
SP003190,SP004233,MYB,AYS,WRU,6,WRU,DNM,,1.0
SP003190,SP004563,MYB,AYS,OXF,8,GER,SRG,HWY,0.5
SP003190,SP004635,MYB,AYS,BMO,6,WRU,DNM,GER,0.375
SP003190,SP004637,MYB,AYS,AYS,8,GER,SRG,BCF,0.533
SP003191,SP003207,EUS,BPN,LIV,20,WSF,ACB,HTF,0.741
SP003191,SP003300,EUS,BPN,WRX,19,CRE,WSF,CTR,0.905
SP003191,SP003360,EUS,BPN,EDB,13,RUG,NUN,COV,0.448
SP003191,SP003475,EUS,BPN,WVH,11,XHN,XWZ,NMP,0.44
SP003191,SP003568,EUS,BPN,WVH,10,MKC,XHN,WOL,0.345
SP003191,SP003958,EUS,BPN,INV,13,RUG,NUN,COV,0.448
SP003191,SP004012,EUS,BPN,GLC,11,XHN,XWZ,NMP,0.379
SP003191,SP004017,EUS,BPN,PRE,15,XIM,XOI,TAM,0.536
SP003191,SP004025,EUS,BPN,PRE,26,PRE,KKM,,1.0
SP003191,SP004034,EUS,BPN,CRE,13,RUG,NUN,COV,0.448
SP003191,SP004036,EUS,BPN,GLC,10,MKC,XHN,WOL,0.345
SP003191,SP004111,EUS,BPN,GLC,10,MKC,XHN,WOL,0.345
SP003191,SP004131,EUS,BPN,BHM,5,WFJ,XOE,KGL,0.172
SP003191,SP004188,EUS,BPN,CRE,15,XIM,XOI,TAM,0.714
SP003191,SP004207,EUS,BPN,CRE,13,RUG,NUN,COV,0.464
SP003191,SP004232,EUS,BPN,INV,10,MKC,XHN,WOL,0.345
SP003191,SP004384,EUS,BPN,WVH,13,RUG,NUN,COV,0.542
SP003191,SP004399,EUS,BPN,GLC,26,PRE,KKM,LAN,0.897
SP003191,SP004433,EUS,BPN,NMP,8,XOD,BLY,LBZ,0.571
SP003191,SP004516,EUS,BPN,GLC,25,XOU,PRE,LAN,0.862
SP003191,SP004529,EUS,BPN,BHM,5,WFJ,XOE,KGL,0.172
SP003198,SP003867,MYB,BAN,OXF,6,GER,BCF,HWY,0.375
SP003198,SP004114,MYB,BAN,BCS,5,WRU,GER,DNM,0.312
SP003198,SP004157,MYB,BAN,BMO,6,GER,BCF,HWY,0.375
SP003198,SP004185,MYB,BAN,BAN,5,WRU,GER,DNM,0.333
SP003198,SP004191,MYB,BAN,SBJ,6,GER,BCF,HWY,0.375
SP003198,SP004257,MYB,BAN,BMO,14,XAN,KGS,BAN,0.875
SP003198,SP004445,MYB,BAN,BAN,12,XJV,BCS,XGY,0.75
SP003198,SP004479,MYB,BAN,PRR,6,GER,BCF,HWY,0.667
SP003198,SP004626,MYB,BAN,OXF,5,WRU,GER,DNM,0.312
SP003198,SP004639,MYB,BAN,BAN,5,WRU,GER,DNM,0.312
SP003198,SP004641,MYB,BAN,BSW,14,XAN,KGS,BAN,0.875
SP003199,SP003714,PAD,RDG,HWV,5,HAY,WDT,HXX,0.714
SP003201,SP003621,PMD,CDF,CDF,28,PYC,CDF,NNP,0.966
SP003201,SP003625,PMD,CDF,CDF,16,LLE,GWN,PTA,0.696
SP003201,SP003750,PMD,CDF,CDF,16,LLE,GWN,SWA,0.552
SP003201,SP003783,PMD,CDF,CMN,11,CMN,XCI,,1.0
SP003202,SP003297,LST,COL,SOV,5,IFD,GDP,RMF,0.385
SP003202,SP004622,LST,COL,SOV,7,SNF,INT,WIC,0.636
SP003203,SP003748,CDF,CMN,SWA,13,SWA,GWN,,1.0
SP003204,SP003273,ABX,RDG,HWV,16,HAY,WDT,HXX,0.889
SP003204,SP003280,ABX,RDG,HWV,13,WEA,HAN,STL,0.765
SP003204,SP003602,ABX,RDG,MAI,10,PDX,AML,EAL,0.526
SP003204,SP003716,ABX,RDG,PDX,10,PDX,AML,,1.0
SP003204,SP003730,ABX,RDG,HWV,10,PDX,AML,EAL,0.625
SP003205,SP003598,LST,CLT,GDP,5,MYL,IFD,FOG,0.385
SP003205,SP003738,LST,CLT,HWC,6,IFD,RMF,GDP,0.316
SP003205,SP003741,LST,CLT,HPQ,6,IFD,RMF,GDP,0.333
SP003205,SP003743,LST,CLT,HPQ,6,IFD,RMF,GDP,0.353
SP003205,SP003905,LST,CLT,WTM,6,IFD,RMF,GDP,0.462
SP003205,SP003908,LST,CLT,WTM,6,IFD,RMF,GDP,0.5
SP003205,SP003910,LST,CLT,BTR,6,IFD,RMF,GDP,0.375
SP003205,SP003922,LST,CLT,COL,6,IFD,RMF,GDP,0.4
SP003205,SP003923,LST,CLT,COL,6,IFD,RMF,GDP,0.4
SP003205,SP003926,LST,CLT,COL,6,IFD,RMF,GDP,0.375
SP003205,SP003947,LST,CLT,SMN,6,IFD,RMF,GDP,0.375
SP003205,SP003948,LST,CLT,SOV,5,MYL,IFD,MNP,0.238
SP003205,SP003999,LST,CLT,CLT,6,IFD,RMF,GDP,0.286
SP003205,SP004024,LST,CLT,CLT,6,IFD,RMF,GDP,0.316
SP003205,SP004028,LST,CLT,CLT,6,IFD,RMF,GDP,0.333
SP003205,SP004029,LST,CLT,CLT,6,IFD,RMF,GDP,0.3
SP003205,SP004039,LST,CLT,CLT,6,IFD,RMF,GDP,0.3
SP003205,SP004049,LST,CLT,IPS,6,IFD,RMF,GDP,0.333
SP003205,SP004050,LST,CLT,IPS,6,IFD,RMF,GDP,0.375
SP003205,SP004053,LST,CLT,IPS,6,IFD,RMF,GDP,0.4
SP003205,SP004153,LST,CLT,WTM,12,BPA,HAP,WTM,0.923
SP003206,SP003263,FAV,CHX,CHX,13,MSR,STU,SDW,0.371
SP003206,SP004398,FAV,CHX,SPX,10,RAM,THP,XMF,0.286
SP003207,SP003300,EUS,LIV,WRX,19,CRE,WSF,CTR,0.905
SP003207,SP003360,EUS,LIV,EDB,13,RUG,NUN,COV,0.481
SP003207,SP003475,EUS,LIV,WVH,11,XHN,XWZ,NMP,0.44
SP003207,SP003568,EUS,LIV,WVH,10,MKC,XHN,WOL,0.37
SP003207,SP003958,EUS,LIV,INV,13,RUG,NUN,COV,0.481
SP003207,SP004012,EUS,LIV,GLC,11,XHN,XWZ,NMP,0.407
SP003207,SP004017,EUS,LIV,PRE,15,XIM,XOI,TAM,0.556
SP003207,SP004025,EUS,LIV,PRE,20,WSF,HTF,ACB,0.769
SP003207,SP004034,EUS,LIV,CRE,13,RUG,NUN,COV,0.481
SP003207,SP004036,EUS,LIV,GLC,10,MKC,XHN,WOL,0.37
SP003207,SP004111,EUS,LIV,GLC,10,MKC,XHN,WOL,0.37
SP003207,SP004131,EUS,LIV,BHM,5,WFJ,XOE,KGL,0.185
SP003207,SP004188,EUS,LIV,CRE,15,XIM,XOI,TAM,0.714
SP003207,SP004207,EUS,LIV,CRE,13,RUG,NUN,COV,0.481
SP003207,SP004232,EUS,LIV,INV,10,MKC,XHN,WOL,0.37
SP003207,SP004384,EUS,LIV,WVH,13,RUG,NUN,COV,0.542
SP003207,SP004399,EUS,LIV,GLC,20,WSF,HTF,ACB,0.741
SP003207,SP004433,EUS,LIV,NMP,8,XOD,BLY,LBZ,0.571
SP003207,SP004516,EUS,LIV,GLC,20,WSF,HTF,ACB,0.741
SP003207,SP004529,EUS,LIV,BHM,5,WFJ,XOE,KGL,0.185
SP003212,SP004129,SHF,STP,DBY,7,DBY,SPO,,1.0
SP003215,SP004629,RDG,PAD,PAD,5,LNY,WDT,IVR,0.5
SP003218,SP003252,RAM,AFK,AFK,8,DVP,FKE,FKC,0.667
SP003218,SP003664,RAM,AFK,CHX,15,AFK,,PLC,1.0
SP003218,SP004404,RAM,AFK,SPX,12,XSI,SDG,AFK,0.8
SP003218,SP004618,RAM,AFK,SPX,12,XSI,SDG,XIW,0.8
SP003221,SP003237,RAM,AFK,CHX,16,AFK,,PLC,1.0
SP003221,SP003241,RAM,AFK,CHX,16,AFK,,PLC,1.0
SP003221,SP004393,RAM,AFK,SPX,13,XSI,SDG,AFK,0.812
SP003226,SP004296,DID,RDG,PAD,6,RDG,,TWY,1.0
SP003226,SP004581,DID,RDG,PAD,6,RDG,,TWY,1.0
SP003228,SP003838,XSU,ECR,CAT,11,ECR,,SCY,1.0
SP003232,SP003255,DVP,AFK,CST,8,AFK,,PLC,1.0
SP003232,SP004401,DVP,AFK,SPX,5,XSI,SDG,AFK,0.625
SP003233,SP004077,LIV,MIA,NCL,5,RNH,SHJ,LEG,0.357
SP003235,SP003238,GCR,WEY,WEY,8,BTH,BOA,FFD,0.364
SP003235,SP003501,GCR,WEY,WEY,8,BTH,BOA,FFD,0.364
SP003235,SP004094,GCR,WEY,PLY,5,BRI,KYN,BWT,0.312
SP003235,SP004403,GCR,WEY,BRI,5,BRI,KYN,,1.0
SP003237,SP003241,RAM,CHX,CHX,22,TON,HLB,SEV,0.688
SP003237,SP004393,RAM,CHX,SPX,13,XSI,SDG,AFK,0.448
SP003238,SP003501,GCR,WEY,WEY,9,FFD,AVF,BOA,0.409
SP003238,SP004094,GCR,WEY,PLY,5,BRI,KYN,BWT,0.312
SP003238,SP004403,GCR,WEY,BRI,5,BRI,KYN,,1.0
SP003241,SP004393,RAM,CHX,SPX,13,XSI,SDG,AFK,0.448
SP003242,SP003437,GMV,BRI,PAD,5,WOS,XAY,WPH,0.357
SP003243,SP003281,GLM,XVJ,BFR,8,XWK,FNR,SAY,0.4
SP003243,SP004531,GLM,XVJ,CST,12,XMU,XLY,CIT,0.571
SP003243,SP004536,GLM,XVJ,CST,5,SOR,MEP,XWK,0.312
SP003244,SP004052,RDG,NBY,BDW,8,NBY,,KIT,1.0
SP003245,SP003618,AFK,CST,CHX,7,TON,HLB,SEV,0.412
SP003250,SP003562,EDB,EUS,EUS,20,STA,PKG,XCO,0.426
SP003250,SP003970,EDB,EUS,EUS,34,RUG,LBK,XWZ,0.739
SP003250,SP004263,EDB,EUS,MIA,14,WGN,WBQ,ECC,0.7
SP003251,SP003381,NOT,CRE,CDF,6,DBY,PEA,BUT,0.4
SP003252,SP003664,RAM,AFK,CHX,8,DVP,FKC,FKE,0.667
SP003252,SP004404,RAM,AFK,SPX,8,DVP,FKC,FKE,0.667
SP003252,SP004618,RAM,AFK,SPX,8,DVP,FKC,FKE,0.667
SP003253,SP003266,MAN,EUS,EUS,8,SNE,XCO,STA,0.308
SP003253,SP003377,MAN,EUS,SOU,8,SNE,XCO,STA,0.308
SP003253,SP004023,MAN,EUS,EUS,10,XOI,XIM,LTV,0.385
SP003254,SP003658,KGX,PBO,ELY,9,HIT,ARL,LET,0.562
SP003254,SP003667,KGX,PBO,YRK,9,HIT,ARL,BIW,0.562
SP003255,SP004401,DVP,CST,SPX,5,XSI,SDG,AFK,0.238
SP003258,SP003516,WEY,GCR,GCR,9,CLC,BRU,FRO,0.409
SP003258,SP004564,WEY,GCR,WSB,12,WSB,TRO,,1.0
SP003259,SP004059,LST,ENF,CHI,5,HAC,REC,CPT,0.455
SP003259,SP004165,LST,ENF,ELY,5,HAC,REC,XMI,0.312
SP003260,SP003261,TON,CST,CHX,9,XPY,SAJ,NWX,0.75
SP003263,SP004398,FAV,CHX,SPX,10,RAM,THP,XMF,0.27
SP003265,SP004498,CRY,BFR,CST,9,XPY,LEW,SAJ,0.692
SP003265,SP004509,CRY,BFR,CHX,5,NEH,MTG,LEE,0.455
SP003266,SP003377,MAN,EUS,SOU,13,DDP,SAD,XGJ,0.371
SP003266,SP004023,MAN,EUS,EUS,8,SNE,STA,XCO,0.296
SP003268,SP003606,YRK,MIA,MAN,5,LDS,XES,MLY,0.357
SP003268,SP003607,YRK,MIA,LDS,5,LDS,XES,,1.0
SP003269,SP003356,CRE,BHI,MFH,6,WEM,YRT,SHR,0.273
SP003270,SP004447,GLC,ASB,ADN,12,ASB,,ADN,1.0
SP003272,SP003284,SNF,HWV,HWV,19,PDX,EAL,AML,0.76
SP003273,SP003280,ABX,HWV,HWV,13,WEA,HAN,STL,0.765
SP003273,SP003602,ABX,HWV,MAI,10,PDX,AML,EAL,0.556
SP003273,SP003716,ABX,HWV,PDX,10,PDX,AML,,1.0
SP003273,SP003730,ABX,HWV,HWV,10,PDX,AML,EAL,0.625
SP003274,SP003668,MCO,SOP,SOP,12,PBL,BCB,HSC,0.8
SP003275,SP003412,PAD,HWV,PNZ,7,HAY,HXX,WDT,0.778
SP003279,SP003960,MAN,YRK,YRK,7,HUD,WKK,DEW,0.5
SP003279,SP004138,MAN,YRK,DAR,7,HUD,WKK,DEW,0.5
SP003280,SP003602,ABX,HWV,MAI,10,PDX,AML,EAL,0.588
SP003280,SP003716,ABX,HWV,PDX,10,PDX,AML,,1.0
SP003280,SP003730,ABX,HWV,HWV,10,PDX,AML,EAL,0.625
SP003281,SP004531,GLM,BFR,CST,8,XWK,SAY,FNR,0.4
SP003281,SP004536,GLM,BFR,CST,5,SOR,MEP,XWK,0.312
SP003282,SP004528,BFR,RTR,MDE,13,SAY,XWK,OTF,0.684
SP003283,SP003556,DKG,BAK,BAL,8,SUO,CSH,WLT,0.571
SP003283,SP003640,DKG,BAK,BAK,5,EPS,EWE,CHE,0.385
SP003283,SP004554,DKG,BAK,BAK,13,BAL,WSW,BAK,0.929
SP003285,SP003415,PGN,EXD,PAD,7,DWW,EXT,EXD,0.778
SP003285,SP003513,PGN,EXD,CDF,7,DWW,EXT,SCS,0.778
SP003285,SP004093,PGN,EXD,BRI,7,DWW,EXT,EXD,0.778
SP003285,SP004167,PGN,EXD,PAD,7,DWW,EXT,EXD,0.778
SP003287,SP003515,CBG,KGX,KGX,7,RYS,BDK,AWM,0.318
SP003292,SP003707,MIA,LAN,BPN,5,DGT,ECC,SLD,0.5
SP003292,SP004451,MIA,LAN,OXN,5,DGT,ECC,SLD,0.5
SP003292,SP004500,MIA,LAN,LIV,5,DGT,ECC,SFD,0.5
SP003293,SP003682,SOU,HRH,BTN,16,XXA,PUL,ANG,0.842
SP003293,SP004200,SOU,HRH,BTN,10,HAV,EMS,WBL,0.526
SP003293,SP004202,SOU,HRH,BTN,7,FRM,PTC,CSA,0.368
SP003293,SP004208,SOU,HRH,BTN,16,XXA,PUL,ANG,0.842
SP003294,SP003298,BAL,HRH,CCH,11,HRH,,CHH,1.0
SP003294,SP003675,BAL,HRH,WRH,8,TBD,CRW,HHE,0.727
SP003294,SP003677,BAL,HRH,WRH,8,TBD,CRW,HHE,0.727
SP003294,SP003756,BAL,HRH,BTN,5,XJS,ELD,RDH,0.455
SP003294,SP004020,BAL,HRH,GTW,7,GTW,TBD,,1.0
SP003294,SP004086,BAL,HRH,WRH,6,ELD,GTW,SAF,0.545
SP003297,SP004622,LST,SOV,SOV,5,IFD,RMF,GDP,0.455
SP003298,SP003675,BAL,CCH,WRH,8,TBD,CRW,HHE,0.444
SP003298,SP003677,BAL,CCH,WRH,8,TBD,CRW,HHE,0.421
SP003298,SP003756,BAL,CCH,BTN,5,XJS,ELD,RDH,0.333
SP003298,SP004020,BAL,CCH,GTW,7,GTW,TBD,,1.0
SP003298,SP004086,BAL,CCH,WRH,6,ELD,GTW,SAF,0.3
SP003300,SP003360,EUS,WRX,EDB,13,RUG,NUN,COV,0.619
SP003300,SP003475,EUS,WRX,WVH,11,XHN,XWZ,NMP,0.524
SP003300,SP003568,EUS,WRX,WVH,10,MKC,XHN,WOL,0.476
SP003300,SP003958,EUS,WRX,INV,13,RUG,NUN,COV,0.619
SP003300,SP004012,EUS,WRX,GLC,11,XHN,XWZ,NMP,0.524
SP003300,SP004017,EUS,WRX,PRE,15,XIM,XOI,TAM,0.714
SP003300,SP004025,EUS,WRX,PRE,19,CRE,CTR,WSF,0.905
SP003300,SP004034,EUS,WRX,CRE,13,RUG,NUN,COV,0.619
SP003300,SP004036,EUS,WRX,GLC,10,MKC,XHN,WOL,0.476
SP003300,SP004111,EUS,WRX,GLC,10,MKC,XHN,WOL,0.476
SP003300,SP004131,EUS,WRX,BHM,5,WFJ,XOE,KGL,0.238
SP003300,SP004188,EUS,WRX,CRE,15,XIM,XOI,TAM,0.714
SP003300,SP004207,EUS,WRX,CRE,13,RUG,NUN,COV,0.619
SP003300,SP004232,EUS,WRX,INV,10,MKC,XHN,WOL,0.476
SP003300,SP004384,EUS,WRX,WVH,13,RUG,NUN,COV,0.619
SP003300,SP004399,EUS,WRX,GLC,19,CRE,CTR,WSF,0.905
SP003300,SP004433,EUS,WRX,NMP,8,XOD,BLY,LBZ,0.571
SP003300,SP004516,EUS,WRX,GLC,19,CRE,CTR,WSF,0.905
SP003300,SP004529,EUS,WRX,BHM,5,WFJ,XOE,KGL,0.238
SP003303,SP003549,PBO,KGX,KGX,10,GDH,ENC,BOP,0.667
SP003303,SP003599,PBO,KGX,KGX,10,GDH,ENC,BOP,0.625
SP003303,SP003991,PBO,KGX,HRH,8,SVG,HFN,XGN,0.421
SP003303,SP003992,PBO,KGX,HRH,8,SVG,HFN,XGN,0.421
SP003303,SP003994,PBO,KGX,KGX,8,SVG,HFN,XGN,0.533
SP003303,SP003996,PBO,KGX,KGX,8,SVG,HFN,XGN,0.471
SP003303,SP004155,PBO,KGX,HRH,8,SVG,HFN,XGN,0.421
SP003303,SP004339,PBO,KGX,HRH,8,SVG,HFN,XGN,0.421
SP003303,SP004341,PBO,KGX,HRH,8,SVG,HFN,XGN,0.421
SP003304,SP003324,PDX,WHX,ABX,6,WHX,,CWX,1.0
SP003307,SP004227,BTN,HAV,CCH,11,WWO,ANG,DUR,0.611
SP003307,SP004230,BTN,HAV,CCH,16,CCH,SOB,,1.0
SP003309,SP003338,RDG,ABX,ABX,7,LNY,IVR,WDT,0.318
SP003309,SP003363,RDG,ABX,ABX,11,STL,WEA,HAN,0.478
SP003309,SP003596,RDG,ABX,PAD,7,LNY,IVR,WDT,0.583
SP003309,SP004040,RDG,ABX,PAD,13,EAL,PDX,PAD,0.929
SP003309,SP004520,RDG,ABX,PAD,6,SLO,LNY,HAY,0.462
SP003310,SP003765,LAN,EUS,EUS,10,STA,PKG,XCO,0.345
SP003312,SP003710,HAF,ABX,SNF,14,WHX,CWX,SRA,0.778
SP003314,SP003479,CST,RTR,ORP,5,LEW,BKH,XPY,0.385
SP003315,SP003760,CHX,GRV,GRV,17,GNH,SWM,XSR,0.895
SP003316,SP003998,LDS,BPN,BPN,9,MLH,BMB,CYT,0.562
SP003318,SP003614,MAI,ABX,PAD,10,EAL,PDX,PAD,0.909
SP003321,SP003880,BTR,WTM,LST,5,WTM,,HAP,1.0
SP003321,SP003888,BTR,WTM,LST,5,WTM,,HAP,1.0
SP003321,SP004156,BTR,WTM,SNF,5,WTM,,BPA,1.0
SP003323,SP004009,GLC,MIA,EUS,13,XOU,WGN,EBA,0.65
SP003323,SP004033,GLC,MIA,EUS,14,WGN,ECC,WBQ,0.7
SP003323,SP004044,GLC,MIA,EUS,13,XOU,WGN,EBA,0.65
SP003326,SP004089,PPD,CDB,CDF,8,CDQ,CDB,CDF,0.889
SP003327,SP004360,SFO,BKG,FST,8,BKG,,WEH,1.0
SP003332,SP003380,MAI,ABX,ABX,9,STL,HAN,WEA,0.429
SP003332,SP003611,MAI,ABX,PAD,9,STL,HAN,EAL,0.818
SP003334,SP003576,XVJ,AFK,AFK,8,XLY,XPE,XMU,0.533
SP003338,SP003363,RDG,ABX,ABX,7,LNY,WDT,IVR,0.318
SP003338,SP003596,RDG,ABX,PAD,10,STL,WEA,EAL,0.833
SP003338,SP004040,RDG,ABX,PAD,7,LNY,WDT,IVR,0.5
SP003338,SP004520,RDG,ABX,PAD,6,SLO,LNY,HAY,0.462
SP003340,SP003359,HHD,EUS,CDF,13,CTR,CRE,WRX,0.565
SP003340,SP004015,HHD,EUS,BHM,15,STA,XCO,PKG,0.682
SP003346,SP004019,BHM,EDB,GLC,25,LOC,SLA,SDM,0.893
SP003349,SP003351,PAD,SWA,OXF,6,WDT,LNY,IVR,0.353
SP003352,SP003702,SLB,BIA,NCL,12,DAR,NRD,DHM,0.8
SP003353,SP003354,BRI,PMH,PAD,5,WSB,WMN,PEW,0.25
SP003353,SP003793,BRI,PMH,PAD,5,WSB,WMN,PEW,0.278
SP003354,SP003793,BRI,PAD,PAD,15,MAI,TAP,SLO,0.833
SP003355,SP003462,SWA,PAD,PAD,6,BGN,PCD,LWM,0.214
SP003355,SP003464,SWA,PAD,PAD,23,SLO,STL,HAY,0.821
SP003357,SP003503,LET,KGX,KGX,7,AAP,HGY,FPK,0.7
SP003358,SP003394,EDB,GLT,LEV,14,GLT,,CBX,1.0
SP003358,SP003761,EDB,GLT,COW,11,COW,LCG,,1.0
SP003358,SP003833,EDB,GLT,GLT,7,INK,ROS,DAG,0.538
SP003358,SP003878,EDB,GLT,PTH,14,GLT,,MNC,1.0
SP003359,SP004015,HHD,CDF,BHM,13,CTR,WRX,CRE,0.591
SP003360,SP003475,EUS,EDB,WVH,11,XHN,XWZ,NMP,0.44
SP003360,SP003568,EUS,EDB,WVH,10,MKC,XHN,WOL,0.312
SP003360,SP003958,EUS,EDB,INV,17,SCF,XOZ,AST,0.37
SP003360,SP004012,EUS,EDB,GLC,11,XHN,XWZ,NMP,0.289
SP003360,SP004017,EUS,EDB,PRE,13,RUG,COV,NUN,0.464
SP003360,SP004025,EUS,EDB,PRE,13,RUG,COV,NUN,0.5
SP003360,SP004034,EUS,EDB,CRE,27,STA,CRE,SNE,0.844
SP003360,SP004036,EUS,EDB,GLC,10,MKC,XHN,WOL,0.233
SP003360,SP004111,EUS,EDB,GLC,10,MKC,XHN,WOL,0.227
SP003360,SP004131,EUS,EDB,BHM,5,WFJ,XOE,KGL,0.156
SP003360,SP004188,EUS,EDB,CRE,13,RUG,COV,NUN,0.619
SP003360,SP004207,EUS,EDB,CRE,28,CRE,WSF,,1.0
SP003360,SP004232,EUS,EDB,INV,10,MKC,XHN,WOL,0.217
SP003360,SP004384,EUS,EDB,WVH,20,XOS,XGJ,XRA,0.833
SP003360,SP004399,EUS,EDB,GLC,13,RUG,COV,NUN,0.361
SP003360,SP004433,EUS,EDB,NMP,8,XOD,BLY,LBZ,0.571
SP003360,SP004516,EUS,EDB,GLC,13,RUG,COV,NUN,0.351
SP003360,SP004529,EUS,EDB,BHM,5,WFJ,XOE,KGL,0.161
SP003362,SP003467,BYI,BGD,BGD,20,PGM,GFF,BGD,0.952
SP003362,SP004262,BYI,BGD,YSM,18,YSM,HNG,,1.0
SP003363,SP003596,RDG,ABX,PAD,7,LNY,IVR,WDT,0.583
SP003363,SP004040,RDG,ABX,PAD,11,STL,HAN,WEA,0.786
SP003363,SP004520,RDG,ABX,PAD,6,SLO,LNY,HAY,0.462
SP003365,SP003366,PLY,PAD,PAD,11,CLC,WSB,BDW,0.44
SP003365,SP003368,PLY,PAD,PAD,20,MAI,TAP,SLO,0.87
SP003365,SP003372,PLY,PAD,PAD,11,CLC,WSB,BDW,0.524
SP003365,SP003616,PLY,PAD,LDS,10,TAU,CLC,BWT,0.345
SP003365,SP003651,PLY,PAD,PAD,12,WSB,PEW,BDW,0.545
SP003366,SP003368,PLY,PAD,PAD,11,CLC,BDW,WSB,0.478
SP003366,SP003372,PLY,PAD,PAD,18,MAI,TAP,SLO,0.857
SP003366,SP003616,PLY,PAD,LDS,10,TAU,CLC,BWT,0.4
SP003366,SP003651,PLY,PAD,PAD,11,CLC,BDW,WSB,0.5
SP003368,SP003372,PLY,PAD,PAD,11,CLC,WSB,BDW,0.524
SP003368,SP003616,PLY,PAD,LDS,10,TAU,CLC,BWT,0.435
SP003368,SP003651,PLY,PAD,PAD,12,WSB,PEW,BDW,0.545
SP003370,SP003444,SWA,MFH,CMN,6,FYS,XCI,CMN,0.857
SP003370,SP003780,SWA,MFH,CMN,8,CMN,WTL,,1.0
SP003370,SP003784,SWA,MFH,FGH,11,CLR,HVF,FGW,0.846
SP003371,SP003649,PNZ,PAD,PAD,23,TAU,CLC,BWT,0.676
SP003371,SP004277,PNZ,PAD,PLY,11,LSK,SGM,MEN,0.733
SP003371,SP004492,PNZ,PAD,PLY,11,LSK,SGM,MEN,0.647
SP003371,SP004494,PNZ,PAD,PLY,11,LSK,SGM,MEN,0.688
SP003372,SP003616,PLY,PAD,LDS,10,TAU,CLC,BWT,0.476
SP003372,SP003651,PLY,PAD,PAD,11,CLC,BDW,WSB,0.524
SP003375,SP003461,BPW,WSB,PMS,13,WSB,,WMN,1.0
SP003377,SP004023,MAN,SOU,EUS,8,SNE,STA,XCO,0.296
SP003378,SP004534,RAM,XVJ,CST,10,FAV,TEY,SIT,0.345
SP003378,SP004587,RAM,XVJ,XVJ,27,XLY,BMS,BKL,0.794
SP003378,SP004640,RAM,XVJ,RTR,17,RTR,XRJ,,1.0
SP003379,SP003382,CDF,PNZ,TAU,6,FIT,BRI,SRD,0.316
SP003379,SP003414,CDF,PNZ,PMH,7,BRI,BMT,BTH,0.259
SP003379,SP003427,CDF,PNZ,FRO,7,BRI,BMT,KYN,0.538
SP003379,SP003469,CDF,PNZ,PAD,5,PWY,FIT,BPW,0.333
SP003379,SP004249,CDF,PNZ,PMH,7,BRI,BMT,KYN,0.259
SP003380,SP003611,MAI,ABX,PAD,9,STL,WEA,EAL,0.818
SP003382,SP003414,CDF,TAU,PMH,6,FIT,SRD,BRI,0.316
SP003382,SP003427,CDF,TAU,FRO,6,FIT,SRD,BRI,0.462
SP003382,SP003469,CDF,TAU,PAD,5,PWY,FIT,BPW,0.333
SP003382,SP004249,CDF,TAU,PMH,6,FIT,SRD,BRI,0.316
SP003384,SP003476,EDB,BRI,KGX,14,YRK,CHF,DON,0.412
SP003384,SP004602,EDB,BRI,KGX,14,YRK,CHF,DON,0.326
SP003385,SP003417,PAD,PGN,CDF,6,RDG,THE,GOR,0.4
SP003385,SP003420,PAD,PGN,WOS,6,RDG,THE,GOR,0.353
SP003385,SP003428,PAD,PGN,WSB,7,THE,NBY,THA,0.5
SP003385,SP003429,PAD,PGN,CMN,6,RDG,THE,GOR,0.261
SP003385,SP003434,PAD,PGN,SWA,6,RDG,THE,GOR,0.286
SP003385,SP003440,PAD,PGN,SWA,6,RDG,THE,GOR,0.273
SP003385,SP003448,PAD,PGN,TAU,6,RDG,THE,GOR,0.316
SP003385,SP003480,PAD,PGN,PNZ,19,NTA,EDS,TOT,0.826
SP003385,SP003666,PAD,PGN,TAU,6,RDG,THE,GOR,0.3
SP003385,SP003788,PAD,PGN,SWA,6,RDG,THE,GOR,0.261
SP003385,SP004186,PAD,PGN,FRO,7,THE,NBY,THA,0.467
SP003385,SP004248,PAD,PGN,WPH,6,RDG,THE,GOR,0.353
SP003385,SP004338,PAD,PGN,BPW,6,RDG,THE,GOR,0.6
SP003385,SP004416,PAD,PGN,BDW,6,RDG,THE,RDW,0.375
SP003385,SP004476,PAD,PGN,BAN,6,RDG,THE,GOR,0.545
SP003385,SP004599,PAD,PGN,WOS,6,RDG,THE,GOR,0.429
SP003387,SP003400,CHX,DVP,RAM,15,HCN,AFK,PLC,0.652
SP003387,SP004546,CHX,DVP,HGS,11,TON,PDW,HIB,0.55
SP003387,SP004547,CHX,DVP,HGS,6,GRP,CIT,ESD,0.261
SP003387,SP004549,CHX,DVP,HGS,9,ORP,SEV,CLD,0.391
SP003387,SP004551,CHX,DVP,HGS,11,TON,PDW,HIB,0.5
SP003389,SP003401,BDM,BTN,BTN,14,SPL,ZFD,CTK,0.4
SP003389,SP003491,BDM,BTN,BTN,14,SPL,ZFD,CTK,0.378
SP003389,SP003627,BDM,BTN,TBD,8,SAC,HEN,RDT,0.229
SP003389,SP003758,BDM,BTN,BTN,18,XMK,XSU,XLJ,0.5
SP003389,SP003861,BDM,BTN,BTN,8,SAC,HEN,RDT,0.216
SP003389,SP003865,BDM,BTN,BTN,8,SAC,HEN,RDT,0.216
SP003389,SP004203,BDM,BTN,BTN,8,SAC,HEN,RDT,0.216
SP003389,SP004204,BDM,BTN,BTN,22,SYD,NWD,ECR,0.595
SP003389,SP004596,BDM,BTN,TBD,8,SAC,HEN,RDT,0.222
SP003389,SP004598,BDM,BTN,BTN,17,BFR,XMK,EPH,0.459
SP003391,SP003993,HRH,PBO,PBO,9,RDH,MHM,XJS,0.257
SP003391,SP004190,HRH,PBO,PBO,7,HOR,ELD,SAF,0.189
SP003391,SP004192,HRH,PBO,PBO,7,HOR,ELD,SAF,0.194
SP003391,SP004345,HRH,PBO,PBO,7,HOR,ELD,SAF,0.194
SP003391,SP004482,HRH,PBO,PBO,7,HOR,ELD,SAF,0.184
SP003392,SP004189,OXF,PAD,PAD,6,MAI,TAP,SLO,0.6
SP003393,SP003446,RDG,ABX,ABX,9,EAL,PDX,AML,0.474
SP003394,SP003761,EDB,LEV,COW,11,COW,LCG,,1.0
SP003394,SP003833,EDB,LEV,GLT,7,INK,ROS,DAG,0.538
SP003394,SP003878,EDB,LEV,PTH,14,GLT,CBX,MNC,0.875
SP003395,SP003399,BTN,BDM,BDM,15,ECR,SYD,NWD,0.417
SP003395,SP003546,BTN,BDM,BAL,5,XKM,WVF,HHE,0.357
SP003395,SP003588,BTN,BDM,BDM,10,GTW,ELD,HOR,0.278
SP003395,SP003809,BTN,BDM,WSW,10,GTW,ELD,SAF,0.435
SP003395,SP003989,BTN,BDM,BAK,5,XKM,WVF,HHE,0.278
SP003395,SP004194,BTN,BDM,BDM,10,GTW,ELD,HOR,0.278
SP003395,SP004487,BTN,BDM,BDM,14,PUR,ECR,SCY,0.389
SP003395,SP004582,BTN,BDM,BDM,10,GTW,ELD,SAF,0.278
SP003396,SP004620,EDB,LEV,LEV,6,INK,DAG,DFE,0.6
SP003398,SP004474,CLH,MCV,MCV,10,BON,MSS,FNW,0.714
SP003399,SP003546,BTN,BDM,BAL,5,XKM,WVF,HHE,0.357
SP003399,SP003588,BTN,BDM,BDM,10,GTW,ELD,HOR,0.25
SP003399,SP003809,BTN,BDM,WSW,10,GTW,ELD,SAF,0.435
SP003399,SP003989,BTN,BDM,BAK,5,XKM,WVF,HHE,0.278
SP003399,SP004194,BTN,BDM,BDM,10,GTW,ELD,HOR,0.25
SP003399,SP004487,BTN,BDM,BDM,14,PUR,ECR,SCY,0.368
SP003399,SP004582,BTN,BDM,BDM,10,GTW,ELD,SAF,0.25
SP003400,SP004546,CHX,RAM,HGS,11,TON,PDW,HIB,0.55
SP003400,SP004547,CHX,RAM,HGS,6,GRP,CIT,ESD,0.2
SP003400,SP004549,CHX,RAM,HGS,9,ORP,SEV,CLD,0.36
SP003400,SP004551,CHX,RAM,HGS,11,TON,PDW,HIB,0.5
SP003401,SP003491,BDM,BTN,BTN,16,BFR,XMK,EPH,0.457
SP003401,SP003627,BDM,BTN,TBD,8,SAC,HEN,RDT,0.229
SP003401,SP003758,BDM,BTN,BTN,14,SPL,CTK,ZFD,0.4
SP003401,SP003861,BDM,BTN,BTN,8,SAC,HEN,RDT,0.229
SP003401,SP003865,BDM,BTN,BTN,8,SAC,HEN,RDT,0.229
SP003401,SP004203,BDM,BTN,BTN,8,SAC,HEN,RDT,0.229
SP003401,SP004204,BDM,BTN,BTN,14,SPL,CTK,ZFD,0.4
SP003401,SP004596,BDM,BTN,TBD,8,SAC,HEN,RDT,0.229
SP003401,SP004598,BDM,BTN,BTN,14,SPL,CTK,ZFD,0.4
SP003404,SP004260,NOT,LEI,STP,7,LEI,,MHR,1.0
SP003409,SP003532,BRI,PMH,SAL,9,WSB,WMN,DMH,0.75
SP003410,SP004159,MYB,OXF,AYS,7,DNM,GER,DGC,0.412
SP003410,SP004182,MYB,OXF,AYS,8,GER,BCF,HWY,0.571
SP003410,SP004233,MYB,OXF,WRU,6,WRU,DNM,,1.0
SP003410,SP004563,MYB,OXF,OXF,8,GER,BCF,HWY,0.471
SP003410,SP004635,MYB,OXF,BMO,6,WRU,DNM,GER,0.316
SP003410,SP004637,MYB,OXF,AYS,12,PRR,HDM,MRS,0.8
SP003411,SP003856,DBY,STP,STP,14,FLT,HLN,LUT,0.636
SP003414,SP003427,CDF,PMH,FRO,7,BRI,BTH,KYN,0.538
SP003414,SP003469,CDF,PMH,PAD,5,PWY,FIT,BPW,0.333
SP003414,SP004249,CDF,PMH,PMH,7,BRI,BTH,KYN,0.259
SP003415,SP003513,PGN,PAD,CDF,7,DWW,EXD,SCS,0.304
SP003415,SP004093,PGN,PAD,BRI,10,TAU,CLC,BWT,0.769
SP003415,SP004167,PGN,PAD,PAD,12,WSB,PEW,BDW,0.545
SP003416,SP004491,SWI,WOS,CNM,6,CNM,ASC,,1.0
SP003417,SP003420,PAD,CDF,WOS,9,SWI,BPW,KEM,0.6
SP003417,SP003428,PAD,CDF,WSB,6,RDG,GOR,THE,0.429
SP003417,SP003429,PAD,CDF,CMN,15,CDF,,PYC,1.0
SP003417,SP003434,PAD,CDF,SWA,15,CDF,,NNP,1.0
SP003417,SP003440,PAD,CDF,SWA,15,CDF,,CAD,1.0
SP003417,SP003448,PAD,CDF,TAU,9,SWI,BPW,CPM,0.6
SP003417,SP003480,PAD,CDF,PNZ,6,RDG,GOR,THE,0.4
SP003417,SP003666,PAD,CDF,TAU,9,SWI,BPW,CPM,0.6
SP003417,SP003788,PAD,CDF,SWA,9,SWI,BPW,CPM,0.6
SP003417,SP004186,PAD,CDF,FRO,6,RDG,GOR,THE,0.4
SP003417,SP004248,PAD,CDF,WPH,7,GOR,DID,OXF,0.467
SP003417,SP004338,PAD,CDF,BPW,10,BPW,PWY,,1.0
SP003417,SP004416,PAD,CDF,BDW,6,RDG,GOR,RDW,0.4
SP003417,SP004476,PAD,CDF,BAN,7,GOR,DID,OXF,0.636
SP003417,SP004599,PAD,CDF,WOS,9,SWI,BPW,KEM,0.643
SP003418,SP004107,CDF,NOT,NOT,27,BUT,WIL,DBY,0.818
SP003419,SP003862,SHF,CLE,CLE,7,HFS,TNS,CWE,0.5
SP003420,SP003428,PAD,WOS,WSB,6,RDG,GOR,THE,0.429
SP003420,SP003429,PAD,WOS,CMN,9,SWI,KEM,BPW,0.529
SP003420,SP003434,PAD,WOS,SWA,9,SWI,KEM,BPW,0.529
SP003420,SP003440,PAD,WOS,SWA,9,SWI,KEM,BPW,0.529
SP003420,SP003448,PAD,WOS,TAU,9,SWI,KEM,CPM,0.529
SP003420,SP003480,PAD,WOS,PNZ,6,RDG,GOR,THE,0.353
SP003420,SP003666,PAD,WOS,TAU,9,SWI,KEM,CPM,0.529
SP003420,SP003788,PAD,WOS,SWA,9,SWI,KEM,CPM,0.529
SP003420,SP004186,PAD,WOS,FRO,6,RDG,GOR,THE,0.4
SP003420,SP004248,PAD,WOS,WPH,7,GOR,DID,OXF,0.412
SP003420,SP004338,PAD,WOS,BPW,9,SWI,KEM,BPW,0.9
SP003420,SP004416,PAD,WOS,BDW,6,RDG,GOR,RDW,0.375
SP003420,SP004476,PAD,WOS,BAN,7,GOR,DID,OXF,0.636
SP003420,SP004599,PAD,WOS,WOS,10,KEM,STD,CNM,0.714
SP003421,SP003863,DON,LIV,LIV,10,HAZ,WSR,SPT,0.435
SP003425,SP004537,CST,TON,DVP,8,CIT,XPE,XMU,0.615
SP003425,SP004538,CST,TON,RAM,8,CIT,XPE,XMU,0.615
SP003427,SP003469,CDF,FRO,PAD,5,PWY,FIT,BPW,0.385
SP003427,SP004249,CDF,FRO,PMH,12,WSB,FRO,WMN,0.923
SP003428,SP003429,PAD,WSB,CMN,6,RDG,THE,GOR,0.429
SP003428,SP003434,PAD,WSB,SWA,6,RDG,THE,GOR,0.429
SP003428,SP003440,PAD,WSB,SWA,6,RDG,THE,GOR,0.429
SP003428,SP003448,PAD,WSB,TAU,6,RDG,THE,GOR,0.429
SP003428,SP003480,PAD,WSB,PNZ,7,THE,THA,NBY,0.5
SP003428,SP003666,PAD,WSB,TAU,6,RDG,THE,GOR,0.429
SP003428,SP003788,PAD,WSB,SWA,6,RDG,THE,GOR,0.429
SP003428,SP004186,PAD,WSB,FRO,14,WSB,,FRO,1.0
SP003428,SP004248,PAD,WSB,WPH,6,RDG,THE,GOR,0.429
SP003428,SP004338,PAD,WSB,BPW,6,RDG,THE,GOR,0.6
SP003428,SP004416,PAD,WSB,BDW,6,RDG,THE,RDW,0.429
SP003428,SP004476,PAD,WSB,BAN,6,RDG,THE,GOR,0.545
SP003428,SP004599,PAD,WSB,WOS,6,RDG,THE,GOR,0.429
SP003429,SP003434,PAD,CMN,SWA,15,CDF,PYC,NNP,0.714
SP003429,SP003440,PAD,CMN,SWA,15,CDF,PYC,CAD,0.682
SP003429,SP003448,PAD,CMN,TAU,9,SWI,BPW,CPM,0.474
SP003429,SP003480,PAD,CMN,PNZ,6,RDG,GOR,THE,0.222
SP003429,SP003666,PAD,CMN,TAU,9,SWI,BPW,CPM,0.45
SP003429,SP003788,PAD,CMN,SWA,9,SWI,BPW,CPM,0.375
SP003429,SP004186,PAD,CMN,FRO,6,RDG,GOR,THE,0.4
SP003429,SP004248,PAD,CMN,WPH,7,GOR,DID,OXF,0.412
SP003429,SP004338,PAD,CMN,BPW,10,BPW,PWY,,1.0
SP003429,SP004416,PAD,CMN,BDW,6,RDG,GOR,RDW,0.375
SP003429,SP004476,PAD,CMN,BAN,7,GOR,DID,OXF,0.636
SP003429,SP004599,PAD,CMN,WOS,9,SWI,BPW,KEM,0.643
SP003430,SP004571,BDW,PAD,PAD,6,THE,RDW,RDG,0.5
SP003434,SP003440,PAD,SWA,SWA,15,CDF,NNP,CAD,0.714
SP003434,SP003448,PAD,SWA,TAU,9,SWI,BPW,CPM,0.474
SP003434,SP003480,PAD,SWA,PNZ,6,RDG,GOR,THE,0.286
SP003434,SP003666,PAD,SWA,TAU,9,SWI,BPW,CPM,0.45
SP003434,SP003788,PAD,SWA,SWA,9,SWI,BPW,CPM,0.429
SP003434,SP004186,PAD,SWA,FRO,6,RDG,GOR,THE,0.4
SP003434,SP004248,PAD,SWA,WPH,7,GOR,DID,OXF,0.412
SP003434,SP004338,PAD,SWA,BPW,10,BPW,PWY,,1.0
SP003434,SP004416,PAD,SWA,BDW,6,RDG,GOR,RDW,0.375
SP003434,SP004476,PAD,SWA,BAN,7,GOR,DID,OXF,0.636
SP003434,SP004599,PAD,SWA,WOS,9,SWI,BPW,KEM,0.643
SP003436,SP003751,WOS,PAD,BRI,5,GCR,SHU,YAE,0.556
SP003438,SP003845,WOF,PAD,PAD,12,OXF,DID,GOR,0.632
SP003440,SP003448,PAD,SWA,TAU,9,SWI,BPW,CPM,0.474
SP003440,SP003480,PAD,SWA,PNZ,6,RDG,GOR,THE,0.273
SP003440,SP003666,PAD,SWA,TAU,9,SWI,BPW,CPM,0.45
SP003440,SP003788,PAD,SWA,SWA,9,SWI,BPW,CPM,0.409
SP003440,SP004186,PAD,SWA,FRO,6,RDG,GOR,THE,0.4
SP003440,SP004248,PAD,SWA,WPH,7,GOR,DID,OXF,0.412
SP003440,SP004338,PAD,SWA,BPW,10,BPW,PWY,,1.0
SP003440,SP004416,PAD,SWA,BDW,6,RDG,GOR,RDW,0.375
SP003440,SP004476,PAD,SWA,BAN,7,GOR,DID,OXF,0.636
SP003440,SP004599,PAD,SWA,WOS,9,SWI,BPW,KEM,0.643
SP003441,SP003811,WOS,PAD,PAD,15,MAI,TAP,SLO,0.833
SP003443,SP003875,HFD,PAD,BHM,8,WOF,WOS,DTW,0.444
SP003444,SP003780,SWA,CMN,CMN,6,FYS,CMN,XCI,0.857
SP003444,SP003784,SWA,CMN,FGH,6,FYS,CMN,XCI,0.857
SP003448,SP003480,PAD,TAU,PNZ,6,RDG,GOR,THE,0.316
SP003448,SP003666,PAD,TAU,TAU,15,WOR,WSM,WNM,0.789
SP003448,SP003788,PAD,TAU,SWA,12,BRI,NLS,FIT,0.632
SP003448,SP004186,PAD,TAU,FRO,6,RDG,GOR,THE,0.4
SP003448,SP004248,PAD,TAU,WPH,7,GOR,DID,OXF,0.412
SP003448,SP004338,PAD,TAU,BPW,9,SWI,CPM,BPW,0.9
SP003448,SP004416,PAD,TAU,BDW,6,RDG,GOR,RDW,0.375
SP003448,SP004476,PAD,TAU,BAN,7,GOR,DID,OXF,0.636
SP003448,SP004599,PAD,TAU,WOS,9,SWI,CPM,KEM,0.643
SP003452,SP003483,BDM,GTW,BTN,10,HEN,CRI,BCZ,0.323
SP003455,SP003498,PMH,CDF,WSB,5,FRM,SNW,BOE,0.294
SP003455,SP004502,PMH,CDF,BRI,5,FRM,SNW,BOE,0.238
SP003462,SP003464,SWA,PAD,PAD,6,BGN,LWM,PCD,0.214
SP003467,SP004262,BYI,BGD,YSM,18,YSM,HNG,,1.0
SP003469,SP004249,CDF,PAD,PMH,5,PWY,BPW,FIT,0.333
SP003470,SP003474,CMN,PAD,BPW,18,BPW,SWI,,1.0
SP003470,SP003744,CMN,PAD,CDF,6,LLE,SWA,GWN,0.3
SP003472,SP003502,RHY,BGN,CDF,5,BGD,PGM,GFF,0.278
SP003473,SP003894,HYN,BHG,EDB,15,BHG,,LSN,1.0
SP003473,SP004289,HYN,BHG,SPR,6,BLG,CAY,DST,0.6
SP003474,SP003744,CMN,BPW,CDF,6,LLE,SWA,GWN,0.333
SP003475,SP003568,EUS,WVH,WVH,10,MKC,XHN,WOL,0.4
SP003475,SP003958,EUS,WVH,INV,11,XHN,NMP,XWZ,0.44
SP003475,SP004012,EUS,WVH,GLC,14,RUG,COV,NUN,0.56
SP003475,SP004017,EUS,WVH,PRE,11,XHN,NMP,XWZ,0.44
SP003475,SP004025,EUS,WVH,PRE,11,XHN,NMP,XWZ,0.44
SP003475,SP004034,EUS,WVH,CRE,11,XHN,NMP,XWZ,0.44
SP003475,SP004036,EUS,WVH,GLC,10,MKC,XHN,WOL,0.4
SP003475,SP004111,EUS,WVH,GLC,10,MKC,XHN,WOL,0.4
SP003475,SP004131,EUS,WVH,BHM,5,WFJ,XOE,KGL,0.2
SP003475,SP004188,EUS,WVH,CRE,11,XHN,NMP,XWZ,0.524
SP003475,SP004207,EUS,WVH,CRE,11,XHN,NMP,XWZ,0.44
SP003475,SP004232,EUS,WVH,INV,10,MKC,XHN,WOL,0.4
SP003475,SP004384,EUS,WVH,WVH,11,XHN,NMP,XWZ,0.458
SP003475,SP004399,EUS,WVH,GLC,11,XHN,NMP,XWZ,0.44
SP003475,SP004433,EUS,WVH,NMP,8,XOD,BLY,LBZ,0.571
SP003475,SP004516,EUS,WVH,GLC,11,XHN,NMP,XWZ,0.44
SP003475,SP004529,EUS,WVH,BHM,5,WFJ,XOE,KGL,0.2
SP003476,SP004602,EDB,KGX,KGX,21,HUN,SDY,SNO,0.618
SP003480,SP003666,PAD,PNZ,TAU,6,RDG,THE,GOR,0.3
SP003480,SP003788,PAD,PNZ,SWA,6,RDG,THE,GOR,0.25
SP003480,SP004186,PAD,PNZ,FRO,7,THE,NBY,THA,0.467
SP003480,SP004248,PAD,PNZ,WPH,6,RDG,THE,GOR,0.353
SP003480,SP004338,PAD,PNZ,BPW,6,RDG,THE,GOR,0.6
SP003480,SP004416,PAD,PNZ,BDW,6,RDG,THE,RDW,0.375
SP003480,SP004476,PAD,PNZ,BAN,6,RDG,THE,GOR,0.545
SP003480,SP004599,PAD,PNZ,WOS,6,RDG,THE,GOR,0.429
SP003481,SP004284,BRI,EXD,WSM,5,WSM,HIG,,1.0
SP003482,SP004105,CDF,GCR,NOT,7,GCR,,CNM,1.0
SP003485,SP003488,MAN,CDF,CDF,13,WEM,SHR,YRT,0.542
SP003485,SP003492,MAN,CDF,CRE,8,CRE,NAN,,1.0
SP003485,SP003590,MAN,CDF,FGH,24,CDF,,PYC,1.0
SP003485,SP003617,MAN,CDF,CDF,10,WRE,WTC,PRS,0.455
SP003485,SP003676,MAN,CDF,CDF,10,WRE,WTC,PRS,0.435
SP003485,SP003678,MAN,CDF,FGH,20,AGV,PPL,CWM,0.833
SP003485,SP003686,MAN,CDF,PMD,20,AGV,PPL,CWM,0.833
SP003485,SP003692,MAN,CDF,CMN,24,CDF,,PYC,1.0
SP003485,SP004209,MAN,CDF,SHR,13,WEM,SHR,YRT,0.867
SP003485,SP004565,MAN,CDF,MFH,24,CDF,,PYC,1.0
SP003488,SP003492,MAN,CDF,CRE,8,CRE,NAN,,1.0
SP003488,SP003590,MAN,CDF,FGH,13,WEM,YRT,SHR,0.52
SP003488,SP003617,MAN,CDF,CDF,10,WRE,WTC,PRS,0.455
SP003488,SP003676,MAN,CDF,CDF,10,WRE,WTC,PRS,0.435
SP003488,SP003678,MAN,CDF,FGH,13,WEM,YRT,SHR,0.52
SP003488,SP003686,MAN,CDF,PMD,13,WEM,YRT,SHR,0.52
SP003488,SP003692,MAN,CDF,CMN,13,WEM,YRT,SHR,0.52
SP003488,SP004209,MAN,CDF,SHR,15,SHR,CTT,,1.0
SP003488,SP004565,MAN,CDF,MFH,13,WEM,YRT,SHR,0.52
SP003491,SP003627,BDM,BTN,TBD,8,SAC,HEN,RDT,0.229
SP003491,SP003758,BDM,BTN,BTN,14,SPL,CTK,ZFD,0.389
SP003491,SP003861,BDM,BTN,BTN,8,SAC,HEN,RDT,0.216
SP003491,SP003865,BDM,BTN,BTN,8,SAC,HEN,RDT,0.216
SP003491,SP004203,BDM,BTN,BTN,8,SAC,HEN,RDT,0.216
SP003491,SP004204,BDM,BTN,BTN,14,SPL,CTK,ZFD,0.378
SP003491,SP004596,BDM,BTN,TBD,8,SAC,HEN,RDT,0.222
SP003491,SP004598,BDM,BTN,BTN,14,SPL,CTK,ZFD,0.378
SP003492,SP003590,MAN,CRE,FGH,8,CRE,,NAN,1.0
SP003492,SP003617,MAN,CRE,CDF,8,CRE,,NAN,1.0
SP003492,SP003676,MAN,CRE,CDF,8,CRE,,NAN,1.0
SP003492,SP003678,MAN,CRE,FGH,8,CRE,,NAN,1.0
SP003492,SP003686,MAN,CRE,PMD,8,CRE,,NAN,1.0
SP003492,SP003692,MAN,CRE,CMN,8,CRE,,NAN,1.0
SP003492,SP004209,MAN,CRE,SHR,8,CRE,,NAN,1.0
SP003492,SP004565,MAN,CRE,MFH,8,CRE,,NAN,1.0
SP003495,SP003525,CDF,CTR,AGV,5,AGV,HFD,,1.0
SP003495,SP003619,CDF,CTR,CTR,11,SHR,WEM,YRT,0.647
SP003495,SP004084,CDF,CTR,CRE,11,SHR,WEM,YRT,0.647
SP003495,SP004294,CDF,CTR,CTR,13,PRS,WRE,WTC,0.765
SP003496,SP003657,LIV,SHF,NCL,7,BWD,IRL,DGT,0.333
SP003496,SP004143,LIV,SHF,NRW,5,HGN,WAC,WID,0.238
SP003496,SP004261,LIV,SHF,DON,12,MAN,ABY,SPT,0.571
SP003496,SP004268,LIV,SHF,MIA,12,MAN,ABY,HDG,0.857
SP003496,SP004269,LIV,SHF,NRW,5,HGN,WAC,WID,0.238
SP003498,SP004502,PMH,WSB,BRI,17,WSB,,TRO,1.0
SP003499,SP004115,CAR,LDS,LDS,7,GSD,DNT,RHD,0.438
SP003500,SP004135,BTN,SOU,SOU,8,WWO,DUR,ANG,0.333
SP003501,SP004094,GCR,WEY,PLY,5,BRI,KYN,BWT,0.312
SP003501,SP004403,GCR,WEY,BRI,5,BRI,KYN,,1.0
SP003511,SP003545,PMH,NEM,NEM,11,XEW,SHW,WIN,0.478
SP003512,SP003529,LDS,SBY,YRK,6,SOM,SBY,CHF,0.857
SP003512,SP003571,LDS,SBY,HUL,7,SBY,,HOW,1.0
SP003513,SP004093,PGN,CDF,BRI,7,DWW,SCS,EXD,0.538
SP003513,SP004167,PGN,CDF,PAD,7,DWW,SCS,EXD,0.318
SP003514,SP003517,EXM,CDF,BNP,11,EXD,TVP,NTC,0.524
SP003514,SP004333,EXM,CDF,PGN,11,EXD,TVP,EXT,0.524
SP003516,SP004564,WEY,GCR,WSB,9,CLC,FRO,BRU,0.75
SP003517,SP004333,EXM,BNP,PGN,11,EXD,NTC,EXT,0.524
SP003522,SP003636,HWV,SNF,PAD,6,EAL,PDX,PAD,0.857
SP003524,SP004575,TBD,BDM,BDM,11,XLJ,XSU,XMK,0.379
SP003525,SP003619,CDF,AGV,CTR,5,AGV,,HFD,1.0
SP003525,SP004084,CDF,AGV,CRE,5,AGV,,HFD,1.0
SP003525,SP004294,CDF,AGV,CTR,5,AGV,,HFD,1.0
SP003526,SP003531,SCA,MAN,MAN,5,CHF,CFD,MIK,0.294
SP003526,SP003736,SCA,MAN,MAN,8,LDS,MLY,XES,0.471
SP003528,SP003544,NEM,SOU,PMH,14,WIN,SHW,XEW,0.667
SP003528,SP003928,NEM,SOU,BSK,5,BFN,WOK,WBY,0.385
SP003529,SP003571,LDS,YRK,HUL,6,SOM,CHF,SBY,0.75
SP003531,SP003736,SCA,MAN,MAN,5,CHF,MIK,CFD,0.278
SP003534,SP004601,GLD,RAY,RAY,5,EFF,CSD,BKA,0.417
SP003534,SP004603,GLD,RAY,EAD,11,NEM,RAY,EAD,0.917
SP003540,SP003600,KGX,GLQ,CBG,9,HIT,BIW,LET,0.474
SP003540,SP003669,KGX,GLQ,INV,19,DON,THI,YRK,0.475
SP003542,SP003986,GLQ,KGX,KGX,33,SVG,HFN,XGN,0.825
SP003544,SP003928,NEM,PMH,BSK,5,BFN,WOK,WBY,0.385
SP003546,SP003588,BTN,BAL,BDM,5,XKM,HHE,WVF,0.357
SP003546,SP003809,BTN,BAL,WSW,5,XKM,HHE,WVF,0.357
SP003546,SP003989,BTN,BAL,BAK,8,GTW,ELD,SAF,0.571
SP003546,SP004194,BTN,BAL,BDM,5,XKM,HHE,WVF,0.357
SP003546,SP004487,BTN,BAL,BDM,5,XKM,HHE,WVF,0.357
SP003546,SP004582,BTN,BAL,BDM,5,XKM,HHE,WVF,0.357
SP003549,SP003599,PBO,KGX,KGX,12,AAP,FPK,HGY,0.8
SP003549,SP003991,PBO,KGX,HRH,8,SVG,HFN,XGN,0.533
SP003549,SP003992,PBO,KGX,HRH,8,SVG,HFN,XGN,0.533
SP003549,SP003994,PBO,KGX,KGX,8,SVG,HFN,XGN,0.533
SP003549,SP003996,PBO,KGX,KGX,8,SVG,HFN,XGN,0.533
SP003549,SP004155,PBO,KGX,HRH,8,SVG,HFN,XGN,0.533
SP003549,SP004339,PBO,KGX,HRH,8,SVG,HFN,XGN,0.533
SP003549,SP004341,PBO,KGX,HRH,8,SVG,HFN,XGN,0.533
SP003550,SP004552,BTN,HGS,HGS,6,XRH,GLY,BRK,0.3
SP003551,SP003553,BDT,YRK,YRK,9,GBD,EGN,HOW,0.6
SP003551,SP003565,BDT,YRK,YRK,9,GBD,EGN,HOW,0.6
SP003551,SP004368,BDT,YRK,YRK,7,HUL,BUH,HES,0.467
SP003552,SP004120,ORE,PLG,BTN,5,BEX,CLL,PEV,0.357
SP003552,SP004126,ORE,PLG,BTN,14,PLG,,XRH,1.0
SP003552,SP004128,ORE,PLG,BTN,14,PLG,,XRH,1.0
SP003553,SP003565,BDT,YRK,YRK,10,HOW,SBY,WRS,0.667
SP003553,SP004368,BDT,YRK,YRK,7,HUL,BUH,HES,0.467
SP003555,SP003567,BDT,YRK,YRK,8,HUL,HES,BUH,0.615
SP003556,SP003640,DKG,BAL,BAK,5,EPS,EWE,CHE,0.385
SP003556,SP004554,DKG,BAL,BAK,8,SUO,WLT,CSH,0.571
SP003562,SP003970,EDB,EUS,EUS,20,STA,XCO,PKG,0.435
SP003562,SP004263,EDB,EUS,MIA,14,WGN,WBQ,ECC,0.7
SP003564,SP004292,HUL,YRK,DON,6,GBD,EGN,GOO,0.545
SP003565,SP004368,BDT,YRK,YRK,7,HUL,BUH,HES,0.467
SP003566,SP004461,SBY,LDS,HFX,7,LDS,,BLE,1.0
SP003568,SP003958,EUS,WVH,INV,10,MKC,WOL,XHN,0.312
SP003568,SP004012,EUS,WVH,GLC,10,MKC,WOL,XHN,0.312
SP003568,SP004017,EUS,WVH,PRE,10,MKC,WOL,XHN,0.357
SP003568,SP004025,EUS,WVH,PRE,10,MKC,WOL,XHN,0.385
SP003568,SP004034,EUS,WVH,CRE,10,MKC,WOL,XHN,0.312
SP003568,SP004036,EUS,WVH,GLC,14,RUG,COV,NUN,0.438
SP003568,SP004111,EUS,WVH,GLC,14,RUG,COV,NUN,0.438
SP003568,SP004131,EUS,WVH,BHM,5,WFJ,XOE,KGL,0.156
SP003568,SP004188,EUS,WVH,CRE,10,MKC,WOL,XHN,0.476
SP003568,SP004207,EUS,WVH,CRE,10,MKC,WOL,XHN,0.357
SP003568,SP004232,EUS,WVH,INV,23,SCF,XOZ,AST,0.719
SP003568,SP004384,EUS,WVH,WVH,10,MKC,WOL,XHN,0.417
SP003568,SP004399,EUS,WVH,GLC,10,MKC,WOL,XHN,0.312
SP003568,SP004433,EUS,WVH,NMP,8,XOD,BLY,LBZ,0.571
SP003568,SP004516,EUS,WVH,GLC,10,MKC,WOL,XHN,0.312
SP003568,SP004529,EUS,WVH,BHM,5,WFJ,XOE,KGL,0.161
SP003569,SP004593,YRK,BDT,HUL,6,HUL,CGM,,1.0
SP003573,SP003985,SHF,YRK,LDS,8,MRP,PFR,FZW,0.727
SP003578,SP003620,MFH,CDF,CDF,17,NTH,PTA,BNF,0.739
SP003578,SP003623,MFH,CDF,CMN,7,CMN,XCI,,1.0
SP003578,SP003709,MFH,CDF,MAN,14,SWA,LAS,NTH,0.609
SP003578,SP003713,MFH,CDF,MAN,14,SWA,LAS,NTH,0.609
SP003578,SP003883,MFH,CDF,CDF,17,NTH,PTA,BNF,0.739
SP003578,SP003963,MFH,CDF,CDF,14,SWA,LAS,NTH,0.667
SP003580,SP003594,FGH,CDF,CMN,6,CMN,XCI,,1.0
SP003580,SP003712,FGH,CDF,MAN,19,CDF,,NWP,1.0
SP003582,SP004075,ABA,CDF,CDF,11,RDR,CDQ,DCT,0.846
SP003587,SP004008,CBG,KGX,KGX,10,SVG,HFN,XGN,0.588
SP003587,SP004481,CBG,KGX,BTN,10,SVG,HFN,XGN,0.588
SP003588,SP003809,BTN,BDM,WSW,10,GTW,HOR,SAF,0.435
SP003588,SP003989,BTN,BDM,BAK,5,XKM,WVF,HHE,0.278
SP003588,SP004194,BTN,BDM,BDM,16,PUR,SCY,PUO,0.372
SP003588,SP004487,BTN,BDM,BDM,10,GTW,HOR,ELD,0.263
SP003588,SP004582,BTN,BDM,BDM,10,GTW,HOR,SAF,0.233
SP003590,SP003617,MAN,FGH,CDF,10,WRE,WTC,PRS,0.455
SP003590,SP003676,MAN,FGH,CDF,10,WRE,WTC,PRS,0.435
SP003590,SP003678,MAN,FGH,FGH,20,AGV,PPL,CWM,0.5
SP003590,SP003686,MAN,FGH,PMD,20,AGV,PPL,CWM,0.488
SP003590,SP003692,MAN,FGH,CMN,26,BGN,PTA,PYL,0.634
SP003590,SP004209,MAN,FGH,SHR,13,WEM,SHR,YRT,0.867
SP003590,SP004565,MAN,FGH,MFH,26,BGN,PTA,PYL,0.634
SP003593,SP003603,GTW,BAL,WSW,5,RDH,XJS,MHM,0.333
SP003593,SP004119,GTW,BAL,RDH,5,RDH,XJS,,1.0
SP003594,SP003712,FGH,CMN,MAN,6,CMN,,XCI,1.0
SP003595,SP003822,WSW,GTW,TBD,11,XJS,ELD,CDS,0.733
SP003596,SP004040,RDG,PAD,PAD,7,LNY,WDT,IVR,0.583
SP003596,SP004520,RDG,PAD,PAD,6,SLO,LNY,HAY,0.5
SP003597,SP003816,GDP,LST,PDX,10,SRA,XOW,WHX,0.769
SP003598,SP003738,LST,GDP,HWC,5,MYL,FOG,IFD,0.385
SP003598,SP003741,LST,GDP,HPQ,5,MYL,FOG,IFD,0.385
SP003598,SP003743,LST,GDP,HPQ,5,MYL,FOG,IFD,0.385
SP003598,SP003905,LST,GDP,WTM,5,MYL,FOG,IFD,0.385
SP003598,SP003908,LST,GDP,WTM,5,MYL,FOG,IFD,0.417
SP003598,SP003910,LST,GDP,BTR,5,MYL,FOG,IFD,0.385
SP003598,SP003922,LST,GDP,COL,5,MYL,FOG,IFD,0.385
SP003598,SP003923,LST,GDP,COL,5,MYL,FOG,IFD,0.385
SP003598,SP003926,LST,GDP,COL,5,MYL,FOG,IFD,0.385
SP003598,SP003947,LST,GDP,SMN,5,MYL,FOG,IFD,0.385
SP003598,SP003948,LST,GDP,SOV,5,MYL,FOG,MNP,0.385
SP003598,SP003999,LST,GDP,CLT,5,MYL,FOG,IFD,0.385
SP003598,SP004024,LST,GDP,CLT,5,MYL,FOG,IFD,0.385
SP003598,SP004028,LST,GDP,CLT,5,MYL,FOG,IFD,0.385
SP003598,SP004029,LST,GDP,CLT,5,MYL,FOG,IFD,0.385
SP003598,SP004039,LST,GDP,CLT,5,MYL,FOG,IFD,0.385
SP003598,SP004049,LST,GDP,IPS,5,MYL,FOG,IFD,0.385
SP003598,SP004050,LST,GDP,IPS,5,MYL,FOG,IFD,0.385
SP003598,SP004053,LST,GDP,IPS,5,MYL,FOG,IFD,0.385
SP003598,SP004153,LST,GDP,WTM,5,MYL,FOG,IFD,0.385
SP003599,SP003991,PBO,KGX,HRH,8,SVG,HFN,XGN,0.5
SP003599,SP003992,PBO,KGX,HRH,8,SVG,HFN,XGN,0.5
SP003599,SP003994,PBO,KGX,KGX,8,SVG,HFN,XGN,0.533
SP003599,SP003996,PBO,KGX,KGX,8,SVG,HFN,XGN,0.5
SP003599,SP004155,PBO,KGX,HRH,8,SVG,HFN,XGN,0.5
SP003599,SP004339,PBO,KGX,HRH,8,SVG,HFN,XGN,0.5
SP003599,SP004341,PBO,KGX,HRH,8,SVG,HFN,XGN,0.5
SP003600,SP003669,KGX,CBG,INV,9,HIT,LET,BIW,0.474
SP003602,SP003716,ABX,MAI,PDX,10,PDX,EAL,,1.0
SP003602,SP003730,ABX,MAI,HWV,14,HAY,WDT,HXX,0.875
SP003603,SP004119,GTW,WSW,RDH,5,RDH,MHM,,1.0
SP003605,SP003612,LLJ,LIV,MIA,10,FRD,RUN,RUE,0.714
SP003605,SP003990,LLJ,LIV,MIA,10,FRD,RUN,RUE,0.714
SP003606,SP003607,YRK,MAN,LDS,5,LDS,MLY,,1.0
SP003610,SP003673,BAK,TBD,WRH,8,XJS,CDS,RDH,0.5
SP003610,SP004013,BAK,TBD,HRH,16,TBD,,CRW,1.0
SP003610,SP004142,BAK,TBD,OXT,6,SCY,PUR,SNR,0.545
SP003610,SP004307,BAK,TBD,BTN,8,XJS,CDS,RDH,0.5
SP003612,SP003990,LLJ,MIA,MIA,18,MAN,BNA,EDY,0.857
SP003615,SP004388,DVP,CST,SPX,7,AFK,PLC,XIW,0.318
SP003616,SP003651,PLY,LDS,PAD,10,TAU,BWT,CLC,0.455
SP003617,SP003676,MAN,CDF,CDF,13,SHR,CRV,CTT,0.591
SP003617,SP003678,MAN,CDF,FGH,10,WRE,PRS,WTC,0.455
SP003617,SP003686,MAN,CDF,PMD,10,WRE,PRS,WTC,0.455
SP003617,SP003692,MAN,CDF,CMN,10,WRE,PRS,WTC,0.455
SP003617,SP004209,MAN,CDF,SHR,10,WRE,PRS,WTC,0.667
SP003617,SP004565,MAN,CDF,MFH,10,WRE,PRS,WTC,0.455
SP003619,SP004084,CDF,CTR,CRE,18,CRE,CTR,,1.0
SP003619,SP004294,CDF,CTR,CTR,11,SHR,YRT,WEM,0.611
SP003620,SP003623,MFH,CDF,CMN,7,CMN,XCI,,1.0
SP003620,SP003709,MFH,CDF,MAN,14,SWA,LAS,NTH,0.538
SP003620,SP003713,MFH,CDF,MAN,14,SWA,LAS,NTH,0.538
SP003620,SP003883,MFH,CDF,CDF,22,BGN,LWM,PCD,0.88
SP003620,SP003963,MFH,CDF,CDF,14,SWA,LAS,NTH,0.667
SP003621,SP003625,PMD,CDF,CDF,16,LLE,GWN,PTA,0.696
SP003621,SP003750,PMD,CDF,CDF,16,LLE,GWN,SWA,0.552
SP003621,SP003783,PMD,CDF,CMN,11,CMN,XCI,,1.0
SP003622,SP003634,CDF,CMN,MST,5,BGN,PYL,WMI,0.455
SP003623,SP003709,MFH,CMN,MAN,7,CMN,,XCI,1.0
SP003623,SP003713,MFH,CMN,MAN,7,CMN,,XCI,1.0
SP003623,SP003883,MFH,CMN,CDF,7,CMN,,XCI,1.0
SP003623,SP003963,MFH,CMN,CDF,7,CMN,,XCI,1.0
SP003625,SP003750,PMD,CDF,CDF,16,LLE,PTA,SWA,0.696
SP003625,SP003783,PMD,CDF,CMN,11,CMN,XCI,,1.0
SP003627,SP003758,BDM,TBD,BTN,8,SAC,RDT,HEN,0.229
SP003627,SP003861,BDM,TBD,BTN,19,BFR,EPH,XMK,0.543
SP003627,SP003865,BDM,TBD,BTN,17,SPL,CTK,ZFD,0.486
SP003627,SP004203,BDM,TBD,BTN,19,BFR,EPH,XMK,0.543
SP003627,SP004204,BDM,TBD,BTN,8,SAC,RDT,HEN,0.229
SP003627,SP004596,BDM,TBD,TBD,17,SPL,CTK,ZFD,0.486
SP003627,SP004598,BDM,TBD,BTN,8,SAC,RDT,HEN,0.229
SP003629,SP004196,TBD,BDM,BDM,8,PUR,SCY,PUO,0.229
SP003630,SP004580,DLJ,SQE,WCY,10,SQE,,BCY,1.0
SP003640,SP004554,DKG,BAK,BAK,5,EPS,CHE,EWE,0.385
SP003644,SP004624,EDB,INV,ABD,7,DBL,GLE,PTH,0.438
SP003649,SP004277,PNZ,PAD,PLY,11,LSK,SGM,MEN,0.733
SP003649,SP004492,PNZ,PAD,PLY,11,LSK,SGM,MEN,0.647
SP003649,SP004494,PNZ,PAD,PLY,11,LSK,SGM,MEN,0.688
SP003650,SP003901,MLN,MTH,ADR,7,PTK,EXG,CHC,0.467
SP003650,SP003907,MLN,MTH,EDB,7,PTK,EXG,CHC,0.333
SP003650,SP003909,MLN,MTH,EDB,7,PTK,EXG,CHC,0.333
SP003650,SP003912,MLN,MTH,BHG,7,PTK,EXG,CHC,0.412
SP003650,SP004222,MLN,MTH,MTH,14,RUT,CBL,CML,0.667
SP003650,SP004290,MLN,MTH,SPR,7,PTK,EXG,CHC,0.467
SP003655,SP003661,BHC,ADR,ADR,26,CBS,COA,ADR,0.963
SP003655,SP004302,BHC,ADR,DMR,9,DMR,SIN,,1.0
SP003656,SP003698,CHX,GRV,DFD,6,LEW,XPY,BKH,0.4
SP003656,SP003699,CHX,GRV,ORP,8,HGR,LEE,GRP,0.571
SP003657,SP004143,LIV,NCL,NRW,5,HGN,WAC,WID,0.128
SP003657,SP004261,LIV,NCL,DON,7,BWD,DGT,IRL,0.318
SP003657,SP004268,LIV,NCL,MIA,7,BWD,DGT,IRL,0.5
SP003657,SP004269,LIV,NCL,NRW,5,HGN,WAC,WID,0.128
SP003658,SP003667,KGX,ELY,YRK,9,HIT,LET,BIW,0.45
SP003660,SP003929,ELY,KGX,LST,6,XSP,FXN,WLF,0.3
SP003660,SP003935,ELY,KGX,LST,6,XSP,FXN,WLF,0.316
SP003660,SP004171,ELY,KGX,LST,6,XSP,FXN,SED,0.3
SP003660,SP004176,ELY,KGX,LST,6,XSP,FXN,SED,0.3
SP003660,SP004210,ELY,KGX,LST,6,XSP,FXN,SED,0.3
SP003660,SP004278,ELY,KGX,LST,6,XSP,FXN,WLF,0.3
SP003661,SP004302,BHC,ADR,DMR,9,DMR,SIN,,1.0
SP003664,SP004404,RAM,CHX,SPX,12,XSI,SDG,AFK,0.429
SP003664,SP004618,RAM,CHX,SPX,12,XSI,SDG,XIW,0.444
SP003666,SP003788,PAD,TAU,SWA,12,BRI,NLS,FIT,0.6
SP003666,SP004186,PAD,TAU,FRO,6,RDG,GOR,THE,0.4
SP003666,SP004248,PAD,TAU,WPH,7,GOR,DID,OXF,0.412
SP003666,SP004338,PAD,TAU,BPW,9,SWI,CPM,BPW,0.9
SP003666,SP004416,PAD,TAU,BDW,6,RDG,GOR,RDW,0.375
SP003666,SP004476,PAD,TAU,BAN,7,GOR,DID,OXF,0.636
SP003666,SP004599,PAD,TAU,WOS,9,SWI,CPM,KEM,0.643
SP003670,SP004097,BPN,LIV,MAN,6,XOU,EBA,WGN,0.545
SP003670,SP004229,BPN,LIV,LIV,16,ROB,EDG,BGE,0.889
SP003670,SP004426,BPN,LIV,LIV,8,WGN,BYN,SNH,0.533
SP003670,SP004526,BPN,LIV,MAN,6,XOU,EBA,CRL,0.462
SP003671,SP004285,HUL,SHF,DON,5,GBD,GOO,SAM,0.455
SP003671,SP004286,HUL,SHF,DON,10,DON,MEX,,1.0
SP003673,SP004013,BAK,WRH,HRH,8,XJS,RDH,CDS,0.421
SP003673,SP004142,BAK,WRH,OXT,6,SCY,PUR,SNR,0.545
SP003673,SP004307,BAK,WRH,BTN,10,ELD,SAF,GTW,0.588
SP003675,SP003677,BAL,WRH,WRH,9,HHE,XKM,WVF,0.5
SP003675,SP003756,BAL,WRH,BTN,5,XJS,ELD,RDH,0.333
SP003675,SP004020,BAL,WRH,GTW,7,GTW,TBD,,1.0
SP003675,SP004086,BAL,WRH,WRH,6,ELD,GTW,SAF,0.333
SP003676,SP003678,MAN,CDF,FGH,10,WRE,PRS,WTC,0.435
SP003676,SP003686,MAN,CDF,PMD,10,WRE,PRS,WTC,0.435
SP003676,SP003692,MAN,CDF,CMN,10,WRE,PRS,WTC,0.435
SP003676,SP004209,MAN,CDF,SHR,10,WRE,PRS,WTC,0.667
SP003676,SP004565,MAN,CDF,MFH,10,WRE,PRS,WTC,0.435
SP003677,SP003756,BAL,WRH,BTN,5,XJS,ELD,RDH,0.333
SP003677,SP004020,BAL,WRH,GTW,7,GTW,TBD,,1.0
SP003677,SP004086,BAL,WRH,WRH,6,ELD,GTW,SAF,0.316
SP003678,SP003686,MAN,FGH,PMD,36,WTL,CUW,NAR,0.9
SP003678,SP003692,MAN,FGH,CMN,20,AGV,CWM,PPL,0.5
SP003678,SP004209,MAN,FGH,SHR,13,WEM,SHR,YRT,0.867
SP003678,SP004565,MAN,FGH,MFH,20,AGV,CWM,PPL,0.5
SP003681,SP003774,ADR,BHC,HLC,14,HYN,ANL,GRS,0.583
SP003681,SP003892,ADR,BHC,MLN,16,WES,DMC,BRN,0.842
SP003682,SP004200,SOU,BTN,BTN,10,HAV,EMS,WBL,0.37
SP003682,SP004202,SOU,BTN,BTN,7,FRM,PTC,CSA,0.292
SP003682,SP004208,SOU,BTN,BTN,17,ANG,GBS,WWO,0.654
SP003684,SP003795,LST,SSD,BIS,8,BXB,HWN,RYN,0.727
SP003684,SP003927,LST,SSD,ELY,6,BMD,CHN,WLC,0.545
SP003684,SP003930,LST,SSD,CMB,6,BMD,CHN,WLC,0.545
SP003684,SP003937,LST,SSD,CBG,9,HWN,SST,HWM,0.818
SP003684,SP004065,LST,SSD,ELY,8,BXB,HWN,RYN,0.727
SP003684,SP004066,LST,SSD,CMB,9,HWN,SST,HWM,0.818
SP003684,SP004073,LST,SSD,CMB,8,BXB,HWN,RYN,0.727
SP003684,SP004074,LST,SSD,CMB,9,HWN,SST,SAW,0.818
SP003684,SP004076,LST,SSD,CBG,9,HWN,SST,SAW,0.818
SP003684,SP004082,LST,SSD,HFE,5,TOM,BMD,PON,0.455
SP003684,SP004087,LST,SSD,HFE,5,TOM,BMD,PON,0.455
SP003684,SP004091,LST,SSD,HFE,5,TOM,BMD,NUM,0.455
SP003684,SP004170,LST,SSD,CMB,8,BXB,HWN,RYN,0.727
SP003684,SP004173,LST,SSD,CMB,9,HWN,SST,BIS,0.818
SP003684,SP004193,LST,SSD,CBG,9,HWN,SST,HWM,0.818
SP003684,SP004567,LST,SSD,ELY,5,TOM,BMD,PON,0.455
SP003684,SP004569,LST,SSD,ELY,8,BXB,HWN,RYN,0.727
SP003684,SP004627,LST,SSD,SSD,9,HWN,SST,SAW,0.818
SP003685,SP003747,SSD,TOM,LST,8,TOM,,XMI,1.0
SP003686,SP003692,MAN,PMD,CMN,20,AGV,CWM,PPL,0.488
SP003686,SP004209,MAN,PMD,SHR,13,WEM,SHR,YRT,0.867
SP003686,SP004565,MAN,PMD,MFH,20,AGV,CWM,PPL,0.444
SP003690,SP003704,CUB,DMR,DMR,20,HYN,ANL,JOR,0.769
SP003690,SP003727,CUB,DMR,MLN,22,WES,DMC,BRN,0.88
SP003692,SP004209,MAN,CMN,SHR,13,WEM,SHR,YRT,0.867
SP003692,SP004565,MAN,CMN,MFH,41,CMN,,WTL,1.0
SP003698,SP003699,CHX,DFD,ORP,6,LEW,BKH,XPY,0.429
SP003704,SP003727,CUB,DMR,MLN,20,HYN,JOR,ANL,0.8
SP003707,SP004451,MIA,BPN,OXN,8,XLK,LOT,CRL,0.571
SP003707,SP004500,MIA,BPN,LIV,5,DGT,SLD,SFD,0.278
SP003709,SP003713,MFH,MAN,MAN,22,CWM,AGV,PPL,0.524
SP003709,SP003883,MFH,MAN,CDF,14,SWA,NTH,LAS,0.56
SP003709,SP003963,MFH,MAN,CDF,16,PTA,BGN,PYL,0.762
SP003711,SP004118,MIA,BPN,LIV,9,DGT,SLD,SFD,0.409
SP003711,SP004489,MIA,BPN,CLE,7,MAN,MCO,LVM,0.304
SP003711,SP004503,MIA,BPN,BIF,12,XLK,LOT,HWI,0.522
SP003711,SP004572,MIA,BPN,BPN,14,HWI,CRL,BLK,0.609
SP003711,SP004585,MIA,BPN,SCA,7,MAN,MCO,ADK,0.304
SP003713,SP003883,MFH,MAN,CDF,14,SWA,NTH,LAS,0.56
SP003713,SP003963,MFH,MAN,CDF,16,PTA,BGN,PYL,0.762
SP003716,SP003730,ABX,PDX,HWV,10,PDX,,EAL,1.0
SP003738,SP003741,LST,HWC,HPQ,10,BPA,WTM,HAP,0.556
SP003738,SP003743,LST,HWC,HPQ,17,HPQ,DVC,,1.0
SP003738,SP003905,LST,HWC,WTM,8,SNF,CHM,INT,0.615
SP003738,SP003908,LST,HWC,WTM,8,SNF,CHM,INT,0.667
SP003738,SP003910,LST,HWC,BTR,10,BPA,WTM,HAP,0.625
SP003738,SP003922,LST,HWC,COL,10,BPA,WTM,HAP,0.667
SP003738,SP003923,LST,HWC,COL,8,SNF,CHM,INT,0.533
SP003738,SP003926,LST,HWC,COL,8,SNF,CHM,INT,0.5
SP003738,SP003947,LST,HWC,SMN,8,SNF,CHM,BIC,0.5
SP003738,SP003948,LST,HWC,SOV,5,MYL,IFD,MNP,0.263
SP003738,SP003999,LST,HWC,CLT,10,BPA,WTM,HAP,0.526
SP003738,SP004024,LST,HWC,CLT,11,WTM,KEL,MKT,0.579
SP003738,SP004028,LST,HWC,CLT,14,COL,MNG,HYH,0.778
SP003738,SP004029,LST,HWC,CLT,10,BPA,WTM,HAP,0.526
SP003738,SP004039,LST,HWC,CLT,8,SNF,CHM,INT,0.421
SP003738,SP004049,LST,HWC,IPS,8,SNF,CHM,INT,0.444
SP003738,SP004050,LST,HWC,IPS,15,MNG,MIS,IPS,0.938
SP003738,SP004053,LST,HWC,IPS,11,WTM,KEL,MKT,0.733
SP003738,SP004153,LST,HWC,WTM,6,IFD,GDP,RMF,0.462
SP003739,SP004064,HWC,LST,MNG,6,MNG,COL,,1.0
SP003739,SP004160,HWC,LST,COL,7,COL,MKT,,1.0
SP003739,SP004318,HWC,LST,LST,13,CHM,SNF,INT,0.65
SP003741,SP003743,LST,HPQ,HPQ,10,BPA,HAP,WTM,0.588
SP003741,SP003905,LST,HPQ,WTM,8,SNF,CHM,INT,0.615
SP003741,SP003908,LST,HPQ,WTM,8,SNF,CHM,INT,0.667
SP003741,SP003910,LST,HPQ,BTR,12,WTM,KEL,WNY,0.75
SP003741,SP003922,LST,HPQ,COL,15,COL,MNG,,1.0
SP003741,SP003923,LST,HPQ,COL,8,SNF,CHM,INT,0.533
SP003741,SP003926,LST,HPQ,COL,8,SNF,CHM,INT,0.5
SP003741,SP003947,LST,HPQ,SMN,8,SNF,CHM,BIC,0.5
SP003741,SP003948,LST,HPQ,SOV,5,MYL,IFD,MNP,0.278
SP003741,SP003999,LST,HPQ,CLT,15,COL,MNG,HYH,0.833
SP003741,SP004024,LST,HPQ,CLT,10,BPA,HAP,WTM,0.556
SP003741,SP004028,LST,HPQ,CLT,10,BPA,HAP,WTM,0.556
SP003741,SP004029,LST,HPQ,CLT,12,WTM,KEL,MKT,0.667
SP003741,SP004039,LST,HPQ,CLT,8,SNF,CHM,INT,0.444
SP003741,SP004049,LST,HPQ,IPS,8,SNF,CHM,INT,0.444
SP003741,SP004050,LST,HPQ,IPS,10,BPA,HAP,WTM,0.625
SP003741,SP004053,LST,HPQ,IPS,10,BPA,HAP,WTM,0.667
SP003741,SP004153,LST,HPQ,WTM,6,IFD,GDP,RMF,0.462
SP003743,SP003905,LST,HPQ,WTM,8,SNF,CHM,INT,0.615
SP003743,SP003908,LST,HPQ,WTM,8,SNF,CHM,INT,0.667
SP003743,SP003910,LST,HPQ,BTR,10,BPA,WTM,HAP,0.625
SP003743,SP003922,LST,HPQ,COL,10,BPA,WTM,HAP,0.667
SP003743,SP003923,LST,HPQ,COL,8,SNF,CHM,INT,0.533
SP003743,SP003926,LST,HPQ,COL,8,SNF,CHM,INT,0.5
SP003743,SP003947,LST,HPQ,SMN,8,SNF,CHM,BIC,0.5
SP003743,SP003948,LST,HPQ,SOV,5,MYL,IFD,MNP,0.294
SP003743,SP003999,LST,HPQ,CLT,10,BPA,WTM,HAP,0.588
SP003743,SP004024,LST,HPQ,CLT,11,WTM,KEL,MKT,0.647
SP003743,SP004028,LST,HPQ,CLT,14,COL,MNG,HYH,0.824
SP003743,SP004029,LST,HPQ,CLT,10,BPA,WTM,HAP,0.588
SP003743,SP004039,LST,HPQ,CLT,8,SNF,CHM,INT,0.471
SP003743,SP004049,LST,HPQ,IPS,8,SNF,CHM,INT,0.471
SP003743,SP004050,LST,HPQ,IPS,15,MNG,MIS,IPS,0.938
SP003743,SP004053,LST,HPQ,IPS,11,WTM,KEL,MKT,0.733
SP003743,SP004153,LST,HPQ,WTM,6,IFD,GDP,RMF,0.462
SP003750,SP003783,PMD,CDF,CMN,11,CMN,XCI,,1.0
SP003754,SP004459,LIV,WGN,MCV,12,NLW,WGN,ECC,0.923
SP003755,SP004630,RDG,PAD,PAD,5,STL,PAD,WEA,0.833
SP003756,SP004020,BAL,BTN,GTW,5,XJS,RDH,ELD,0.714
SP003756,SP004086,BAL,BTN,WRH,5,XJS,RDH,ELD,0.333
SP003757,SP003767,EDB,LEV,GLT,12,GLT,CBX,,1.0
SP003758,SP003861,BDM,BTN,BTN,8,SAC,HEN,RDT,0.222
SP003758,SP003865,BDM,BTN,BTN,8,SAC,HEN,RDT,0.222
SP003758,SP004203,BDM,BTN,BTN,8,SAC,HEN,RDT,0.222
SP003758,SP004204,BDM,BTN,BTN,18,XMK,XLJ,XSU,0.5
SP003758,SP004596,BDM,BTN,TBD,8,SAC,HEN,RDT,0.222
SP003758,SP004598,BDM,BTN,BTN,17,BFR,XMK,EPH,0.472
SP003759,SP004505,EBN,BAL,BAK,18,SRS,BAL,SRC,0.947
SP003761,SP003833,EDB,COW,GLT,7,INK,ROS,DAG,0.636
SP003761,SP003878,EDB,COW,PTH,11,COW,,LCG,1.0
SP003766,SP003819,GLQ,FKG,CUB,7,CUB,CMO,,1.0
SP003768,SP003770,HLC,EDB,BHG,7,DMR,CYK,SIN,0.226
SP003768,SP003773,HLC,EDB,ADR,7,DMR,CYK,SIN,0.269
SP003768,SP003782,HLC,EDB,EDB,10,GRS,SCH,HYN,0.323
SP003770,SP003773,HLC,BHG,ADR,26,ADR,DRU,,1.0
SP003770,SP003782,HLC,BHG,EDB,7,DMR,SIN,CYK,0.226
SP003773,SP003782,HLC,ADR,EDB,7,DMR,SIN,CYK,0.269
SP003774,SP003892,ADR,HLC,MLN,14,HYN,GRS,ANL,0.737
SP003776,SP003779,EDB,HLC,HLC,6,BHG,DRU,ARM,0.188
SP003776,SP003792,EDB,HLC,HLC,6,BHG,DRU,ARM,0.188
SP003776,SP003796,EDB,HLC,GRS,6,BHG,DRU,ARM,0.24
SP003776,SP003893,EDB,HLC,MLN,6,BHG,DRU,ARM,0.24
SP003776,SP003897,EDB,HLC,GRS,6,BHG,DRU,ARM,0.286
SP003776,SP003902,EDB,HLC,MLN,6,BHG,DRU,ARM,0.207
SP003776,SP004316,EDB,HLC,ADR,6,BHG,DRU,ARM,0.545
SP003777,SP003778,SRA,BIS,BIS,8,ENL,CHN,WLC,0.571
SP003777,SP003785,SRA,BIS,BIS,5,TOM,MRW,NUM,0.357
SP003777,SP003787,SRA,BIS,BIS,8,ENL,CHN,WLC,0.533
SP003777,SP003791,SRA,BIS,BIS,5,TOM,MRW,NUM,0.357
SP003777,SP004095,SRA,BIS,HFE,5,TOM,MRW,NUM,0.333
SP003777,SP004425,SRA,BIS,HFE,5,TOM,MRW,NUM,0.357
SP003777,SP004428,SRA,BIS,HFE,5,TOM,MRW,NUM,0.357
SP003777,SP004439,SRA,BIS,BIS,5,TOM,MRW,NUM,0.385
SP003777,SP004442,SRA,BIS,BIS,5,TOM,MRW,NUM,0.357
SP003778,SP003785,SRA,BIS,BIS,5,TOM,MRW,NUM,0.357
SP003778,SP003787,SRA,BIS,BIS,11,BXB,HWN,RYN,0.786
SP003778,SP003791,SRA,BIS,BIS,5,TOM,MRW,NUM,0.357
SP003778,SP004095,SRA,BIS,HFE,5,TOM,MRW,NUM,0.357
SP003778,SP004425,SRA,BIS,HFE,5,TOM,MRW,NUM,0.357
SP003778,SP004428,SRA,BIS,HFE,5,TOM,MRW,NUM,0.357
SP003778,SP004439,SRA,BIS,BIS,5,TOM,MRW,NUM,0.385
SP003778,SP004442,SRA,BIS,BIS,5,TOM,MRW,NUM,0.357
SP003779,SP003792,EDB,HLC,HLC,17,SLS,CAY,BLG,0.515
SP003779,SP003796,EDB,HLC,GRS,24,HYN,SCH,GRS,0.96
SP003779,SP003893,EDB,HLC,MLN,11,ADR,COA,CBS,0.44
SP003779,SP003897,EDB,HLC,GRS,11,ADR,COA,CBS,0.524
SP003779,SP003902,EDB,HLC,MLN,24,HYN,SCH,ANL,0.828
SP003779,SP004316,EDB,HLC,ADR,11,ADR,COA,,1.0
SP003780,SP003784,SWA,CMN,FGH,8,CMN,,WTL,1.0
SP003781,SP004106,BPN,LDS,YRK,11,BDI,LDS,NPD,0.917
SP003785,SP003787,SRA,BIS,BIS,5,TOM,NUM,MRW,0.357
SP003785,SP003791,SRA,BIS,BIS,7,BMD,ENL,CHN,0.5
SP003785,SP004095,SRA,BIS,HFE,11,BXB,HWN,RYH,0.786
SP003785,SP004425,SRA,BIS,HFE,8,ENL,WLC,CHN,0.571
SP003785,SP004428,SRA,BIS,HFE,7,BMD,ENL,WLC,0.5
SP003785,SP004439,SRA,BIS,BIS,7,BMD,ENL,WLC,0.538
SP003785,SP004442,SRA,BIS,BIS,7,BMD,ENL,WLC,0.5
SP003787,SP003791,SRA,BIS,BIS,5,TOM,MRW,NUM,0.357
SP003787,SP004095,SRA,BIS,HFE,5,TOM,MRW,NUM,0.333
SP003787,SP004425,SRA,BIS,HFE,5,TOM,MRW,NUM,0.357
SP003787,SP004428,SRA,BIS,HFE,5,TOM,MRW,NUM,0.357
SP003787,SP004439,SRA,BIS,BIS,5,TOM,MRW,NUM,0.385
SP003787,SP004442,SRA,BIS,BIS,5,TOM,MRW,NUM,0.357
SP003788,SP004186,PAD,SWA,FRO,6,RDG,GOR,THE,0.4
SP003788,SP004248,PAD,SWA,WPH,7,GOR,DID,OXF,0.412
SP003788,SP004338,PAD,SWA,BPW,9,SWI,CPM,BPW,0.9
SP003788,SP004416,PAD,SWA,BDW,6,RDG,GOR,RDW,0.375
SP003788,SP004476,PAD,SWA,BAN,7,GOR,DID,OXF,0.636
SP003788,SP004599,PAD,SWA,WOS,9,SWI,CPM,KEM,0.643
SP003791,SP004095,SRA,BIS,HFE,7,BMD,CHN,ENL,0.5
SP003791,SP004425,SRA,BIS,HFE,7,BMD,CHN,ENL,0.5
SP003791,SP004428,SRA,BIS,HFE,7,BMD,CHN,WLC,0.5
SP003791,SP004439,SRA,BIS,BIS,7,BMD,CHN,WLC,0.538
SP003791,SP004442,SRA,BIS,BIS,7,BMD,CHN,WLC,0.5
SP003792,SP003796,EDB,HLC,GRS,17,SLS,BLG,CAY,0.68
SP003792,SP003893,EDB,HLC,MLN,11,ADR,COA,CBS,0.44
SP003792,SP003897,EDB,HLC,GRS,11,ADR,COA,CBS,0.524
SP003792,SP003902,EDB,HLC,MLN,17,SLS,BLG,CAY,0.586
SP003792,SP004316,EDB,HLC,ADR,11,ADR,COA,,1.0
SP003795,SP003927,LST,BIS,ELY,6,BMD,CHN,WLC,0.462
SP003795,SP003930,LST,BIS,CMB,6,BMD,CHN,WLC,0.462
SP003795,SP003937,LST,BIS,CBG,8,BXB,RYN,HWN,0.615
SP003795,SP004065,LST,BIS,ELY,10,HWN,HWM,SAW,0.769
SP003795,SP004066,LST,BIS,CMB,8,BXB,RYN,HWN,0.615
SP003795,SP004073,LST,BIS,CMB,13,BIS,,SST,1.0
SP003795,SP004074,LST,BIS,CMB,8,BXB,RYN,HWN,0.615
SP003795,SP004076,LST,BIS,CBG,8,BXB,RYN,HWN,0.615
SP003795,SP004082,LST,BIS,HFE,5,TOM,BMD,PON,0.385
SP003795,SP004087,LST,BIS,HFE,5,TOM,BMD,PON,0.385
SP003795,SP004091,LST,BIS,HFE,5,TOM,BMD,NUM,0.385
SP003795,SP004170,LST,BIS,CMB,10,HWN,HWM,SAW,0.769
SP003795,SP004173,LST,BIS,CMB,8,BXB,RYN,HWN,0.615
SP003795,SP004193,LST,BIS,CBG,8,BXB,RYN,HWN,0.615
SP003795,SP004567,LST,BIS,ELY,5,TOM,BMD,PON,0.385
SP003795,SP004569,LST,BIS,ELY,13,BIS,,SST,1.0
SP003795,SP004627,LST,BIS,SSD,8,BXB,RYN,HWN,0.615
SP003796,SP003893,EDB,GRS,MLN,11,ADR,COA,CBS,0.44
SP003796,SP003897,EDB,GRS,GRS,11,ADR,COA,CBS,0.524
SP003796,SP003902,EDB,GRS,MLN,24,HYN,GRS,ANL,0.96
SP003796,SP004316,EDB,GRS,ADR,11,ADR,COA,,1.0
SP003799,SP003801,INV,DIN,IGD,5,DIN,,ASS,1.0
SP003799,SP003802,INV,DIN,ARD,5,DIN,,ASS,1.0
SP003799,SP003804,INV,DIN,TAI,5,DIN,,ASS,1.0
SP003799,SP003805,INV,DIN,KYL,5,DIN,,GVE,1.0
SP003801,SP003802,INV,IGD,ARD,7,IGD,,FRN,1.0
SP003801,SP003804,INV,IGD,TAI,7,IGD,,FRN,1.0
SP003801,SP003805,INV,IGD,KYL,5,DIN,ASS,GVE,0.714
SP003802,SP003804,INV,ARD,TAI,9,TAI,ARD,,1.0
SP003802,SP003805,INV,ARD,KYL,5,DIN,ASS,GVE,0.5
SP003804,SP003805,INV,TAI,KYL,5,DIN,ASS,GVE,0.556
SP003807,SP004116,GRS,EDB,EDB,9,BLG,CAY,SLS,0.391
SP003807,SP004287,GRS,EDB,SPR,9,BLG,CAY,DST,0.692
SP003809,SP003989,BTN,WSW,BAK,5,XKM,WVF,HHE,0.278
SP003809,SP004194,BTN,WSW,BDM,10,GTW,SAF,HOR,0.435
SP003809,SP004487,BTN,WSW,BDM,10,GTW,SAF,ELD,0.435
SP003809,SP004582,BTN,WSW,BDM,12,ELD,XJS,RDH,0.522
SP003810,SP004310,ABD,DEE,GLQ,7,CAN,MON,BYF,0.7
SP003810,SP004615,ABD,DEE,GLQ,7,CAN,MON,BYF,0.7
SP003812,SP004147,EBN,HHE,HHE,8,LWS,CBR,PMP,0.667
SP003812,SP004595,EBN,HHE,WSW,13,HHE,,BAB,1.0
SP003820,SP003829,TPB,FST,FST,8,PSE,LAI,BSO,0.533
SP003820,SP003852,TPB,FST,FST,8,PSE,LAI,BSO,0.533
SP003820,SP003997,TPB,FST,FST,8,PSE,LAI,SFO,0.533
SP003820,SP004132,TPB,FST,FST,9,LAI,WHR,UPM,0.643
SP003823,SP003825,SRY,FST,FST,7,LES,BEF,PSE,0.5
SP003823,SP003827,SRY,FST,FST,7,LES,BEF,PSE,0.5
SP003823,SP003830,SRY,FST,FST,9,PSE,LAI,BSO,0.643
SP003823,SP003835,SRY,FST,FST,7,LES,BEF,PSE,0.5
SP003823,SP003848,SRY,FST,FST,9,PSE,LAI,BSO,0.643
SP003823,SP003850,SRY,FST,FST,9,PSE,LAI,BSO,0.643
SP003825,SP003827,SRY,FST,FST,8,PSE,LAI,BSO,0.571
SP003825,SP003830,SRY,FST,FST,7,LES,PSE,BEF,0.5
SP003825,SP003835,SRY,FST,FST,8,PSE,LAI,BSO,0.571
SP003825,SP003848,SRY,FST,FST,7,LES,PSE,BEF,0.5
SP003825,SP003850,SRY,FST,FST,7,LES,PSE,BEF,0.5
SP003827,SP003830,SRY,FST,FST,7,LES,PSE,BEF,0.5
SP003827,SP003835,SRY,FST,FST,10,LAI,UPM,WHR,0.714
SP003827,SP003848,SRY,FST,FST,7,LES,PSE,BEF,0.5
SP003827,SP003850,SRY,FST,FST,7,LES,PSE,BEF,0.5
SP003829,SP003852,TPB,FST,FST,10,LAI,UPM,WHR,0.667
SP003829,SP003997,TPB,FST,FST,8,PSE,BSO,SFO,0.533
SP003829,SP004132,TPB,FST,FST,8,PSE,BSO,LAI,0.571
SP003830,SP003835,SRY,FST,FST,7,LES,BEF,PSE,0.438
SP003830,SP003848,SRY,FST,FST,11,LAI,UPM,WHR,0.688
SP003830,SP003850,SRY,FST,FST,14,WEH,LHS,FST,0.933
SP003833,SP003878,EDB,GLT,PTH,7,INK,DAG,ROS,0.538
SP003835,SP003848,SRY,FST,FST,7,LES,PSE,BEF,0.438
SP003835,SP003850,SRY,FST,FST,7,LES,PSE,BEF,0.467
SP003839,SP003966,SHF,PNS,WKK,6,BNY,DOD,DRT,0.75
SP003839,SP004470,SHF,PNS,LDS,6,BNY,DOD,DRT,0.667
SP003844,SP003846,NEM,BMH,BMH,14,TTN,BCU,ANF,0.667
SP003844,SP003849,NEM,BMH,BMH,15,BCU,SWY,BMH,0.938
SP003844,SP003851,NEM,BMH,SOU,7,WIN,XEW,SHW,0.538
SP003844,SP004198,NEM,BMH,POO,15,BCU,SWY,BMH,0.789
SP003846,SP003849,NEM,BMH,BMH,14,TTN,ANF,BCU,0.875
SP003846,SP003851,NEM,BMH,SOU,7,WIN,XEW,SHW,0.538
SP003846,SP004198,NEM,BMH,POO,14,TTN,ANF,BCU,0.737
SP003848,SP003850,SRY,FST,FST,11,LAI,WHR,UPM,0.733
SP003849,SP003851,NEM,BMH,SOU,7,WIN,XEW,SHW,0.538
SP003849,SP004198,NEM,BMH,POO,16,BMH,,BSM,1.0
SP003851,SP004198,NEM,SOU,POO,7,WIN,SHW,XEW,0.538
SP003852,SP003997,TPB,FST,FST,8,PSE,BSO,SFO,0.5
SP003852,SP004132,TPB,FST,FST,8,PSE,BSO,LAI,0.571
SP003855,SP003859,KGX,ABD,LDS,28,DON,YRK,AWK,0.903
SP003861,SP003865,BDM,BTN,BTN,17,SPL,CTK,ZFD,0.37
SP003861,SP004203,BDM,BTN,BTN,23,NXG,BCY,SYD,0.575
SP003861,SP004204,BDM,BTN,BTN,8,SAC,RDT,HEN,0.216
SP003861,SP004596,BDM,BTN,TBD,17,SPL,CTK,ZFD,0.472
SP003861,SP004598,BDM,BTN,BTN,8,SAC,RDT,HEN,0.2
SP003865,SP004203,BDM,BTN,BTN,17,SPL,ZFD,CTK,0.425
SP003865,SP004204,BDM,BTN,BTN,8,SAC,RDT,HEN,0.216
SP003865,SP004596,BDM,BTN,TBD,20,BFR,XMK,EPH,0.556
SP003865,SP004598,BDM,BTN,BTN,8,SAC,RDT,HEN,0.2
SP003866,SP004220,FTW,EDB,EDB,24,LIN,HYM,EDP,0.889
SP003867,SP004114,MYB,OXF,BCS,5,WRU,GER,DNM,0.312
SP003867,SP004157,MYB,OXF,BMO,11,XJV,XGY,BCS,0.688
SP003867,SP004185,MYB,OXF,BAN,5,WRU,GER,DNM,0.333
SP003867,SP004191,MYB,OXF,SBJ,11,XJV,XGY,BCS,0.688
SP003867,SP004257,MYB,OXF,BMO,6,GER,HWY,BCF,0.375
SP003867,SP004445,MYB,OXF,BAN,6,GER,HWY,BCF,0.375
SP003867,SP004479,MYB,OXF,PRR,9,PRR,HDM,,1.0
SP003867,SP004626,MYB,OXF,OXF,5,WRU,GER,DNM,0.312
SP003867,SP004639,MYB,OXF,BAN,5,WRU,GER,DNM,0.312
SP003867,SP004641,MYB,OXF,BSW,6,GER,HWY,BCF,0.375
SP003869,SP003980,HUL,MAN,HFX,5,SBY,CFD,SOM,0.312
SP003869,SP004117,HUL,MAN,LDS,5,SBY,CFD,SOM,0.455
SP003869,SP004465,HUL,MAN,HFX,5,SBY,CFD,SOM,0.357
SP003871,SP003917,NEM,SAL,BMH,5,FLE,BSK,WNF,0.455
SP003872,SP004266,EXD,SAL,SAL,13,GIL,SAL,TIS,0.929
SP003874,SP003940,PSE,FST,FST,5,GRY,PFL,CFH,0.455
SP003880,SP003888,BTR,LST,LST,8,CHM,SNF,INT,0.533
SP003880,SP004156,BTR,LST,SNF,5,WTM,HAP,BPA,0.625
SP003881,SP003975,SOC,FST,FST,6,PSE,BSO,SFO,0.429
SP003882,SP003967,BHM,MKC,NMP,12,NMP,XHN,,1.0
SP003882,SP004063,BHM,MKC,EUS,15,MKC,,BLY,1.0
SP003883,SP003963,MFH,CDF,CDF,14,SWA,LAS,NTH,0.667
SP003888,SP004156,BTR,LST,SNF,5,WTM,HAP,BPA,0.625
SP003893,SP003897,EDB,MLN,GRS,13,SLS,CAY,BLG,0.619
SP003893,SP003902,EDB,MLN,MLN,11,ADR,CBS,COA,0.44
SP003893,SP004316,EDB,MLN,ADR,11,ADR,CBS,,1.0
SP003894,SP004289,HYN,EDB,SPR,6,BLG,CAY,DST,0.6
SP003897,SP003902,EDB,GRS,MLN,11,ADR,CBS,COA,0.524
SP003897,SP004316,EDB,GRS,ADR,11,ADR,CBS,,1.0
SP003901,SP003907,MLN,ADR,EDB,13,SLS,CBS,GAR,0.867
SP003901,SP003909,MLN,ADR,EDB,13,SLS,CBS,GAR,0.867
SP003901,SP003912,MLN,ADR,BHG,15,ADR,,DRU,1.0
SP003901,SP004222,MLN,ADR,MTH,7,PTK,CHC,EXG,0.467
SP003901,SP004290,MLN,ADR,SPR,11,BLG,CAY,DST,0.733
SP003902,SP004316,EDB,MLN,ADR,11,ADR,COA,,1.0
SP003903,SP004466,WEY,NEM,NEM,6,WRM,HOL,HAM,0.182
SP003905,SP003908,LST,WTM,WTM,11,BPA,HAP,WTM,0.917
SP003905,SP003910,LST,WTM,BTR,8,SNF,INT,CHM,0.615
SP003905,SP003922,LST,WTM,COL,8,SNF,INT,CHM,0.615
SP003905,SP003923,LST,WTM,COL,11,BPA,HAP,WTM,0.846
SP003905,SP003926,LST,WTM,COL,13,WTM,,KEL,1.0
SP003905,SP003947,LST,WTM,SMN,8,SNF,INT,BIC,0.615
SP003905,SP003948,LST,WTM,SOV,5,MYL,IFD,MNP,0.385
SP003905,SP003999,LST,WTM,CLT,8,SNF,INT,CHM,0.615
SP003905,SP004024,LST,WTM,CLT,8,SNF,INT,CHM,0.615
SP003905,SP004028,LST,WTM,CLT,8,SNF,INT,CHM,0.615
SP003905,SP004029,LST,WTM,CLT,8,SNF,INT,CHM,0.615
SP003905,SP004039,LST,WTM,CLT,11,BPA,HAP,WTM,0.846
SP003905,SP004049,LST,WTM,IPS,13,WTM,,KEL,1.0
SP003905,SP004050,LST,WTM,IPS,8,SNF,INT,CHM,0.615
SP003905,SP004053,LST,WTM,IPS,8,SNF,INT,CHM,0.615
SP003905,SP004153,LST,WTM,WTM,6,IFD,GDP,RMF,0.462
SP003907,SP003909,MLN,EDB,EDB,17,CBS,ADR,COA,0.607
SP003907,SP003912,MLN,EDB,BHG,13,SLS,GAR,CBS,0.765
SP003907,SP004222,MLN,EDB,MTH,7,PTK,CHC,EXG,0.333
SP003907,SP004290,MLN,EDB,SPR,11,BLG,CAY,DST,0.733
SP003908,SP003910,LST,WTM,BTR,8,SNF,INT,CHM,0.667
SP003908,SP003922,LST,WTM,COL,8,SNF,INT,CHM,0.667
SP003908,SP003923,LST,WTM,COL,12,WTM,,KEL,1.0
SP003908,SP003926,LST,WTM,COL,11,BPA,WTM,HAP,0.917
SP003908,SP003947,LST,WTM,SMN,8,SNF,INT,BIC,0.667
SP003908,SP003948,LST,WTM,SOV,5,MYL,IFD,MNP,0.417
SP003908,SP003999,LST,WTM,CLT,8,SNF,INT,CHM,0.667
SP003908,SP004024,LST,WTM,CLT,8,SNF,INT,CHM,0.667
SP003908,SP004028,LST,WTM,CLT,8,SNF,INT,CHM,0.667
SP003908,SP004029,LST,WTM,CLT,8,SNF,INT,CHM,0.667
SP003908,SP004039,LST,WTM,CLT,12,WTM,,MKT,1.0
SP003908,SP004049,LST,WTM,IPS,11,BPA,WTM,HAP,0.917
SP003908,SP004050,LST,WTM,IPS,8,SNF,INT,CHM,0.667
SP003908,SP004053,LST,WTM,IPS,8,SNF,INT,CHM,0.667
SP003908,SP004153,LST,WTM,WTM,6,IFD,GDP,RMF,0.5
SP003909,SP003912,MLN,EDB,BHG,13,SLS,GAR,CBS,0.765
SP003909,SP004222,MLN,EDB,MTH,7,PTK,CHC,EXG,0.333
SP003909,SP004290,MLN,EDB,SPR,11,BLG,CAY,DST,0.733
SP003910,SP003922,LST,BTR,COL,12,WTM,WNY,KEL,0.8
SP003910,SP003923,LST,BTR,COL,8,SNF,CHM,INT,0.533
SP003910,SP003926,LST,BTR,COL,8,SNF,CHM,INT,0.5
SP003910,SP003947,LST,BTR,SMN,8,SNF,CHM,BIC,0.5
SP003910,SP003948,LST,BTR,SOV,5,MYL,IFD,MNP,0.312
SP003910,SP003999,LST,BTR,CLT,12,WTM,WNY,KEL,0.75
SP003910,SP004024,LST,BTR,CLT,10,BPA,HAP,WTM,0.625
SP003910,SP004028,LST,BTR,CLT,10,BPA,HAP,WTM,0.625
SP003910,SP004029,LST,BTR,CLT,12,WTM,WNY,MKT,0.75
SP003910,SP004039,LST,BTR,CLT,8,SNF,CHM,INT,0.5
SP003910,SP004049,LST,BTR,IPS,8,SNF,CHM,INT,0.5
SP003910,SP004050,LST,BTR,IPS,10,BPA,HAP,WTM,0.625
SP003910,SP004053,LST,BTR,IPS,10,BPA,HAP,WTM,0.667
SP003910,SP004153,LST,BTR,WTM,6,IFD,GDP,RMF,0.462
SP003912,SP004222,MLN,BHG,MTH,7,PTK,CHC,EXG,0.412
SP003912,SP004290,MLN,BHG,SPR,11,BLG,CAY,DST,0.733
SP003915,SP004591,WHP,RAI,RAI,8,XKE,DEP,NWX,0.242
SP003916,SP004206,DMR,EDB,EDB,14,SLS,GAR,CBS,0.538
SP003916,SP004235,DMR,EDB,CRS,8,PTK,CHC,EXG,0.308
SP003922,SP003923,LST,COL,COL,8,SNF,CHM,INT,0.533
SP003922,SP003926,LST,COL,COL,8,SNF,CHM,INT,0.533
SP003922,SP003947,LST,COL,SMN,8,SNF,CHM,BIC,0.533
SP003922,SP003948,LST,COL,SOV,5,MYL,IFD,MNP,0.333
SP003922,SP003999,LST,COL,CLT,15,COL,,HYH,1.0
SP003922,SP004024,LST,COL,CLT,10,BPA,HAP,WTM,0.667
SP003922,SP004028,LST,COL,CLT,10,BPA,HAP,WTM,0.667
SP003922,SP004029,LST,COL,CLT,12,WTM,KEL,MKT,0.8
SP003922,SP004039,LST,COL,CLT,8,SNF,CHM,INT,0.533
SP003922,SP004049,LST,COL,IPS,8,SNF,CHM,INT,0.533
SP003922,SP004050,LST,COL,IPS,10,BPA,HAP,WTM,0.667
SP003922,SP004053,LST,COL,IPS,10,BPA,HAP,WTM,0.667
SP003922,SP004153,LST,COL,WTM,6,IFD,GDP,RMF,0.462
SP003923,SP003926,LST,COL,COL,11,BPA,WTM,HAP,0.733
SP003923,SP003947,LST,COL,SMN,8,SNF,INT,BIC,0.533
SP003923,SP003948,LST,COL,SOV,5,MYL,IFD,MNP,0.333
SP003923,SP003999,LST,COL,CLT,8,SNF,INT,CHM,0.533
SP003923,SP004024,LST,COL,CLT,8,SNF,INT,CHM,0.533
SP003923,SP004028,LST,COL,CLT,8,SNF,INT,CHM,0.533
SP003923,SP004029,LST,COL,CLT,8,SNF,INT,CHM,0.533
SP003923,SP004039,LST,COL,CLT,12,WTM,KEL,MKT,0.8
SP003923,SP004049,LST,COL,IPS,11,BPA,WTM,HAP,0.733
SP003923,SP004050,LST,COL,IPS,8,SNF,INT,CHM,0.533
SP003923,SP004053,LST,COL,IPS,8,SNF,INT,CHM,0.533
SP003923,SP004153,LST,COL,WTM,6,IFD,GDP,RMF,0.462
SP003926,SP003947,LST,COL,SMN,8,SNF,INT,BIC,0.5
SP003926,SP003948,LST,COL,SOV,5,MYL,IFD,MNP,0.312
SP003926,SP003999,LST,COL,CLT,8,SNF,INT,CHM,0.5
SP003926,SP004024,LST,COL,CLT,8,SNF,INT,CHM,0.5
SP003926,SP004028,LST,COL,CLT,8,SNF,INT,CHM,0.5
SP003926,SP004029,LST,COL,CLT,8,SNF,INT,CHM,0.5
SP003926,SP004039,LST,COL,CLT,11,BPA,HAP,WTM,0.688
SP003926,SP004049,LST,COL,IPS,16,COL,,MNG,1.0
SP003926,SP004050,LST,COL,IPS,8,SNF,INT,CHM,0.5
SP003926,SP004053,LST,COL,IPS,8,SNF,INT,CHM,0.533
SP003926,SP004153,LST,COL,WTM,6,IFD,GDP,RMF,0.462
SP003927,SP003930,LST,ELY,CMB,19,CMB,WBC,,1.0
SP003927,SP003937,LST,ELY,CBG,6,BMD,WLC,CHN,0.333
SP003927,SP004065,LST,ELY,ELY,6,BMD,WLC,CHN,0.286
SP003927,SP004066,LST,ELY,CMB,6,BMD,WLC,CHN,0.286
SP003927,SP004073,LST,ELY,CMB,6,BMD,WLC,CHN,0.286
SP003927,SP004074,LST,ELY,CMB,6,BMD,WLC,CHN,0.333
SP003927,SP004076,LST,ELY,CBG,6,BMD,WLC,CHN,0.353
SP003927,SP004082,LST,ELY,HFE,5,TOM,BMD,PON,0.357
SP003927,SP004087,LST,ELY,HFE,5,TOM,BMD,PON,0.333
SP003927,SP004091,LST,ELY,HFE,5,TOM,BMD,NUM,0.294
SP003927,SP004170,LST,ELY,CMB,6,BMD,WLC,CHN,0.286
SP003927,SP004173,LST,ELY,CMB,6,BMD,WLC,CHN,0.353
SP003927,SP004193,LST,ELY,CBG,6,BMD,WLC,CHN,0.286
SP003927,SP004567,LST,ELY,ELY,5,TOM,BMD,PON,0.238
SP003927,SP004569,LST,ELY,ELY,6,BMD,WLC,CHN,0.286
SP003927,SP004627,LST,ELY,SSD,6,BMD,WLC,CHN,0.462
SP003929,SP003935,ELY,LST,LST,11,HWN,RYN,BXB,0.579
SP003929,SP004171,ELY,LST,LST,6,XSP,WLF,SED,0.273
SP003929,SP004176,ELY,LST,LST,6,XSP,WLF,SED,0.273
SP003929,SP004210,ELY,LST,LST,6,XSP,WLF,SED,0.273
SP003929,SP004278,ELY,LST,LST,18,HAC,LOF,BET,0.9
SP003930,SP003937,LST,CMB,CBG,6,BMD,WLC,CHN,0.333
SP003930,SP004065,LST,CMB,ELY,6,BMD,WLC,CHN,0.316
SP003930,SP004066,LST,CMB,CMB,6,BMD,WLC,CHN,0.316
SP003930,SP004073,LST,CMB,CMB,6,BMD,WLC,CHN,0.316
SP003930,SP004074,LST,CMB,CMB,6,BMD,WLC,CHN,0.333
SP003930,SP004076,LST,CMB,CBG,6,BMD,WLC,CHN,0.353
SP003930,SP004082,LST,CMB,HFE,5,TOM,BMD,PON,0.357
SP003930,SP004087,LST,CMB,HFE,5,TOM,BMD,PON,0.333
SP003930,SP004091,LST,CMB,HFE,5,TOM,BMD,NUM,0.294
SP003930,SP004170,LST,CMB,CMB,6,BMD,WLC,CHN,0.316
SP003930,SP004173,LST,CMB,CMB,6,BMD,WLC,CHN,0.353
SP003930,SP004193,LST,CMB,CBG,6,BMD,WLC,CHN,0.316
SP003930,SP004567,LST,CMB,ELY,5,TOM,BMD,PON,0.263
SP003930,SP004569,LST,CMB,ELY,6,BMD,WLC,CHN,0.316
SP003930,SP004627,LST,CMB,SSD,6,BMD,WLC,CHN,0.462
SP003931,SP003936,CBG,LST,LST,5,AUD,SST,NWE,0.312
SP003931,SP004164,CBG,LST,LST,7,BIS,HWN,SAW,0.438
SP003931,SP004225,CBG,LST,SRA,7,BIS,HWN,SAW,0.438
SP003931,SP004568,CBG,LST,LST,7,BIS,HWN,SAW,0.438
SP003932,SP003934,LIF,LOB,BMV,22,LOB,,BTG,1.0
SP003933,SP004016,BHM,BMV,RDC,9,BTG,BMV,ALV,0.9
SP003935,SP004171,ELY,LST,LST,6,XSP,WLF,SED,0.316
SP003935,SP004176,ELY,LST,LST,6,XSP,WLF,SED,0.316
SP003935,SP004210,ELY,LST,LST,6,XSP,WLF,SED,0.316
SP003935,SP004278,ELY,LST,LST,11,HWN,BXB,RYN,0.579
SP003936,SP004164,CBG,LST,LST,5,AUD,NWE,SST,0.25
SP003936,SP004225,CBG,LST,SRA,5,AUD,NWE,SST,0.25
SP003936,SP004568,CBG,LST,LST,5,AUD,NWE,SST,0.263
SP003937,SP004065,LST,CBG,ELY,8,BXB,HWN,RYN,0.444
SP003937,SP004066,LST,CBG,CMB,13,SST,AUD,ESM,0.722
SP003937,SP004073,LST,CBG,CMB,8,BXB,HWN,RYN,0.444
SP003937,SP004074,LST,CBG,CMB,9,HWN,HWM,SAW,0.5
SP003937,SP004076,LST,CBG,CBG,9,HWN,HWM,SAW,0.529
SP003937,SP004082,LST,CBG,HFE,5,TOM,BMD,PON,0.357
SP003937,SP004087,LST,CBG,HFE,5,TOM,BMD,PON,0.333
SP003937,SP004091,LST,CBG,HFE,5,TOM,BMD,NUM,0.294
SP003937,SP004170,LST,CBG,CMB,8,BXB,HWN,RYN,0.444
SP003937,SP004173,LST,CBG,CMB,9,HWN,HWM,BIS,0.529
SP003937,SP004193,LST,CBG,CBG,13,SST,AUD,ESM,0.722
SP003937,SP004567,LST,CBG,ELY,5,TOM,BMD,PON,0.278
SP003937,SP004569,LST,CBG,ELY,8,BXB,HWN,RYN,0.444
SP003937,SP004627,LST,CBG,SSD,9,HWN,HWM,SAW,0.692
SP003938,SP004071,CBG,LST,LST,11,BIS,HWN,SAW,0.55
SP003938,SP004166,CBG,LST,LST,11,BIS,HWN,SAW,0.55
SP003938,SP004168,CBG,LST,LST,11,BIS,HWN,SAW,0.55
SP003938,SP004632,CBG,LST,BIS,11,BIS,HWN,,1.0
SP003943,SP004130,LDS,HUD,DEW,5,DEW,HUD,,1.0
SP003945,SP003946,SMN,LST,LST,7,WIC,BIC,SNF,0.5
SP003945,SP004231,SMN,LST,WIC,7,WIC,BIC,,1.0
SP003945,SP004385,SMN,LST,LST,10,GDP,IFD,RMF,0.667
SP003946,SP004231,SMN,LST,WIC,7,WIC,SNF,,1.0
SP003946,SP004385,SMN,LST,LST,7,WIC,SNF,BIC,0.5
SP003947,SP003948,LST,SMN,SOV,5,MYL,IFD,MNP,0.312
SP003947,SP003999,LST,SMN,CLT,8,SNF,BIC,CHM,0.5
SP003947,SP004024,LST,SMN,CLT,8,SNF,BIC,CHM,0.5
SP003947,SP004028,LST,SMN,CLT,8,SNF,BIC,CHM,0.5
SP003947,SP004029,LST,SMN,CLT,8,SNF,BIC,CHM,0.5
SP003947,SP004039,LST,SMN,CLT,8,SNF,BIC,INT,0.5
SP003947,SP004049,LST,SMN,IPS,8,SNF,BIC,INT,0.5
SP003947,SP004050,LST,SMN,IPS,8,SNF,BIC,CHM,0.5
SP003947,SP004053,LST,SMN,IPS,8,SNF,BIC,CHM,0.533
SP003947,SP004153,LST,SMN,WTM,6,IFD,GDP,RMF,0.462
SP003948,SP003999,LST,SOV,CLT,5,MYL,MNP,IFD,0.227
SP003948,SP004024,LST,SOV,CLT,5,MYL,MNP,IFD,0.263
SP003948,SP004028,LST,SOV,CLT,5,MYL,MNP,IFD,0.278
SP003948,SP004029,LST,SOV,CLT,5,MYL,MNP,IFD,0.25
SP003948,SP004039,LST,SOV,CLT,5,MYL,MNP,IFD,0.25
SP003948,SP004049,LST,SOV,IPS,5,MYL,MNP,IFD,0.278
SP003948,SP004050,LST,SOV,IPS,5,MYL,MNP,IFD,0.312
SP003948,SP004053,LST,SOV,IPS,5,MYL,MNP,IFD,0.333
SP003948,SP004153,LST,SOV,WTM,5,MYL,MNP,IFD,0.385
SP003950,SP004251,MCV,LIV,LIV,8,RNH,HUY,WHN,0.667
SP003953,SP004275,NRW,SHF,MAN,21,SHF,,GRN,1.0
SP003953,SP004379,NRW,SHF,ELY,7,ELY,XYE,,1.0
SP003953,SP004518,NRW,SHF,LIV,13,GRA,ALK,BTF,0.619
SP003953,SP004628,NRW,SHF,LIV,13,GRA,ALK,BTF,0.619
SP003954,SP003955,SOV,LST,LST,11,RMF,GMY,CTH,0.55
SP003956,SP004022,BHM,SHR,LIV,10,WVH,BBK,XBJ,0.476
SP003958,SP004012,EUS,INV,GLC,11,XHN,XWZ,NMP,0.289
SP003958,SP004017,EUS,INV,PRE,13,RUG,COV,NUN,0.464
SP003958,SP004025,EUS,INV,PRE,13,RUG,COV,NUN,0.5
SP003958,SP004034,EUS,INV,CRE,17,SCF,AST,XOZ,0.531
SP003958,SP004036,EUS,INV,GLC,10,MKC,XHN,WOL,0.233
SP003958,SP004111,EUS,INV,GLC,10,MKC,XHN,WOL,0.227
SP003958,SP004131,EUS,INV,BHM,5,WFJ,XOE,KGL,0.156
SP003958,SP004188,EUS,INV,CRE,13,RUG,COV,NUN,0.619
SP003958,SP004207,EUS,INV,CRE,17,SCF,AST,XOZ,0.607
SP003958,SP004232,EUS,INV,INV,10,MKC,XHN,WOL,0.172
SP003958,SP004384,EUS,INV,WVH,17,SCF,AST,XOZ,0.708
SP003958,SP004399,EUS,INV,GLC,13,RUG,COV,NUN,0.361
SP003958,SP004433,EUS,INV,NMP,8,XOD,BLY,LBZ,0.571
SP003958,SP004516,EUS,INV,GLC,13,RUG,COV,NUN,0.351
SP003958,SP004529,EUS,INV,BHM,5,WFJ,XOE,KGL,0.161
SP003960,SP004138,MAN,YRK,DAR,14,YRK,,THI,1.0
SP003966,SP004470,SHF,WKK,LDS,8,WKK,,NOR,1.0
SP003967,SP004063,BHM,NMP,EUS,12,NMP,,XHN,1.0
SP003970,SP004263,EDB,EUS,MIA,14,WGN,WBQ,ECC,0.7
SP003971,SP004179,BHM,WOF,BRI,9,XSW,DTW,WOP,0.818
SP003976,SP003978,WTE,KID,KID,7,XOH,BMO,SMA,0.333
SP003976,SP003988,WTE,KID,KID,7,XOH,BMO,SMA,0.333
SP003978,SP003988,WTE,KID,KID,20,SBJ,BKD,HAG,0.909
SP003979,SP004212,WDM,PRE,OXN,5,OXN,XOA,,1.0
SP003980,SP004117,HUL,HFX,LDS,11,LDS,BLE,,1.0
SP003980,SP004465,HUL,HFX,HFX,7,MIK,EGF,GRF,0.5
SP003981,SP003982,GYM,NRW,NRW,5,BDA,BGA,XWH,0.714
SP003989,SP004194,BTN,BAK,BDM,5,XKM,HHE,WVF,0.278
SP003989,SP004487,BTN,BAK,BDM,5,XKM,HHE,WVF,0.278
SP003989,SP004582,BTN,BAK,BDM,5,XKM,HHE,WVF,0.278
SP003991,SP003992,PBO,HRH,HRH,26,XJS,RDH,CDS,0.743
SP003991,SP003994,PBO,HRH,KGX,14,XKB,SPL,KGX,0.933
SP003991,SP003996,PBO,HRH,KGX,10,WGC,PBR,HAT,0.588
SP003991,SP004155,PBO,HRH,HRH,24,ECR,PUR,SCY,0.686
SP003991,SP004339,PBO,HRH,HRH,24,ECR,PUR,SCY,0.686
SP003991,SP004341,PBO,HRH,HRH,26,XJS,RDH,CDS,0.743
SP003992,SP003994,PBO,HRH,KGX,14,XKB,SPL,KGX,0.933
SP003992,SP003996,PBO,HRH,KGX,10,WGC,PBR,HAT,0.588
SP003992,SP004155,PBO,HRH,HRH,24,ECR,PUR,SCY,0.649
SP003992,SP004339,PBO,HRH,HRH,24,ECR,PUR,SCY,0.649
SP003992,SP004341,PBO,HRH,HRH,30,ELD,HOR,SAF,0.811
SP003993,SP004190,HRH,PBO,PBO,7,HOR,ELD,SAF,0.2
SP003993,SP004192,HRH,PBO,PBO,7,HOR,ELD,SAF,0.2
SP003993,SP004345,HRH,PBO,PBO,7,HOR,ELD,SAF,0.2
SP003993,SP004482,HRH,PBO,PBO,7,HOR,ELD,SAF,0.2
SP003994,SP003996,PBO,KGX,KGX,10,WGC,PBR,HAT,0.667
SP003994,SP004155,PBO,KGX,HRH,14,XKB,KGX,SPL,0.933
SP003994,SP004339,PBO,KGX,HRH,14,XKB,KGX,SPL,0.933
SP003994,SP004341,PBO,KGX,HRH,14,XKB,KGX,SPL,0.933
SP003996,SP004155,PBO,KGX,HRH,10,WGC,HAT,PBR,0.588
SP003996,SP004339,PBO,KGX,HRH,10,WGC,HAT,PBR,0.588
SP003996,SP004341,PBO,KGX,HRH,10,WGC,HAT,PBR,0.588
SP003997,SP004132,TPB,FST,FST,8,PSE,SFO,LAI,0.571
SP003999,SP004024,LST,CLT,CLT,10,BPA,HAP,WTM,0.526
SP003999,SP004028,LST,CLT,CLT,10,BPA,HAP,WTM,0.556
SP003999,SP004029,LST,CLT,CLT,12,WTM,KEL,MKT,0.6
SP003999,SP004039,LST,CLT,CLT,8,SNF,CHM,INT,0.4
SP003999,SP004049,LST,CLT,IPS,8,SNF,CHM,INT,0.444
SP003999,SP004050,LST,CLT,IPS,10,BPA,HAP,WTM,0.625
SP003999,SP004053,LST,CLT,IPS,10,BPA,HAP,WTM,0.667
SP003999,SP004153,LST,CLT,WTM,6,IFD,GDP,RMF,0.462
SP004000,SP004365,GLC,EUS,EUS,12,XOU,EBA,WGN,0.333
SP004001,SP004366,CLT,LST,LST,14,SNF,BRE,GDP,0.7
SP004003,SP004334,CLT,LST,LST,11,SNF,GDP,BRE,0.647
SP004003,SP004336,CLT,LST,LST,6,MKT,KEL,WTM,0.353
SP004003,SP004607,CLT,LST,LST,12,GDP,IFD,RMF,0.706
SP004004,SP004006,CLT,LST,LST,10,WTM,BPA,HAP,0.526
SP004005,SP004453,MCO,LIV,WAC,10,WAC,WAW,,1.0
SP004007,SP004452,MCO,LIV,WAC,8,IRL,GLZ,BWD,0.727
SP004007,SP004457,MCO,LIV,WAC,10,BWD,PDG,WAC,0.909
SP004008,SP004481,CBG,KGX,BTN,16,XKB,KGX,SPL,0.941
SP004009,SP004033,GLC,EUS,EUS,13,XOU,EBA,WGN,0.295
SP004009,SP004044,GLC,EUS,EUS,21,STA,XCO,PKG,0.477
SP004010,SP004110,GLC,EUS,EUS,13,XOU,WGN,EBA,0.342
SP004010,SP004515,GLC,EUS,EUS,25,RUG,LBK,XWZ,0.676
SP004011,SP004377,SHF,MAN,MAN,8,CLY,NMC,HAZ,0.727
SP004012,SP004017,EUS,GLC,PRE,11,XHN,NMP,XWZ,0.393
SP004012,SP004025,EUS,GLC,PRE,11,XHN,NMP,XWZ,0.423
SP004012,SP004034,EUS,GLC,CRE,11,XHN,NMP,XWZ,0.344
SP004012,SP004036,EUS,GLC,GLC,10,MKC,XHN,WOL,0.263
SP004012,SP004111,EUS,GLC,GLC,10,MKC,XHN,WOL,0.263
SP004012,SP004131,EUS,GLC,BHM,5,WFJ,XOE,KGL,0.156
SP004012,SP004188,EUS,GLC,CRE,11,XHN,NMP,XWZ,0.524
SP004012,SP004207,EUS,GLC,CRE,11,XHN,NMP,XWZ,0.393
SP004012,SP004232,EUS,GLC,INV,10,MKC,XHN,WOL,0.263
SP004012,SP004384,EUS,GLC,WVH,11,XHN,NMP,XWZ,0.458
SP004012,SP004399,EUS,GLC,GLC,11,XHN,NMP,XWZ,0.306
SP004012,SP004433,EUS,GLC,NMP,8,XOD,BLY,LBZ,0.571
SP004012,SP004516,EUS,GLC,GLC,11,XHN,NMP,XWZ,0.297
SP004012,SP004529,EUS,GLC,BHM,5,WFJ,XOE,KGL,0.161
SP004013,SP004142,BAK,HRH,OXT,6,SCY,PUR,SNR,0.545
SP004013,SP004307,BAK,HRH,BTN,8,XJS,CDS,RDH,0.471
SP004017,SP004025,EUS,PRE,PRE,15,XIM,TAM,XOI,0.577
SP004017,SP004034,EUS,PRE,CRE,13,RUG,NUN,COV,0.464
SP004017,SP004036,EUS,PRE,GLC,10,MKC,XHN,WOL,0.357
SP004017,SP004111,EUS,PRE,GLC,10,MKC,XHN,WOL,0.357
SP004017,SP004131,EUS,PRE,BHM,5,WFJ,XOE,KGL,0.179
SP004017,SP004188,EUS,PRE,CRE,21,CRE,WSF,,1.0
SP004017,SP004207,EUS,PRE,CRE,13,RUG,NUN,COV,0.464
SP004017,SP004232,EUS,PRE,INV,10,MKC,XHN,WOL,0.357
SP004017,SP004384,EUS,PRE,WVH,13,RUG,NUN,COV,0.542
SP004017,SP004399,EUS,PRE,GLC,15,XIM,TAM,XOI,0.536
SP004017,SP004433,EUS,PRE,NMP,8,XOD,BLY,LBZ,0.571
SP004017,SP004516,EUS,PRE,GLC,15,XIM,TAM,XOI,0.536
SP004017,SP004529,EUS,PRE,BHM,5,WFJ,XOE,KGL,0.179
SP004020,SP004086,BAL,GTW,WRH,6,ELD,GTW,SAF,0.857
SP004024,SP004028,LST,CLT,CLT,11,WTM,MKT,KEL,0.611
SP004024,SP004029,LST,CLT,CLT,10,BPA,WTM,HAP,0.526
SP004024,SP004039,LST,CLT,CLT,8,SNF,CHM,INT,0.421
SP004024,SP004049,LST,CLT,IPS,8,SNF,CHM,INT,0.444
SP004024,SP004050,LST,CLT,IPS,11,WTM,MKT,KEL,0.688
SP004024,SP004053,LST,CLT,IPS,13,COL,HYH,MNG,0.867
SP004024,SP004153,LST,CLT,WTM,6,IFD,GDP,RMF,0.462
SP004025,SP004034,EUS,PRE,CRE,13,RUG,NUN,COV,0.5
SP004025,SP004036,EUS,PRE,GLC,10,MKC,XHN,WOL,0.385
SP004025,SP004111,EUS,PRE,GLC,10,MKC,XHN,WOL,0.385
SP004025,SP004131,EUS,PRE,BHM,5,WFJ,XOE,KGL,0.192
SP004025,SP004188,EUS,PRE,CRE,15,XIM,XOI,TAM,0.714
SP004025,SP004207,EUS,PRE,CRE,13,RUG,NUN,COV,0.5
SP004025,SP004232,EUS,PRE,INV,10,MKC,XHN,WOL,0.385
SP004025,SP004384,EUS,PRE,WVH,13,RUG,NUN,COV,0.542
SP004025,SP004399,EUS,PRE,GLC,26,PRE,,LAN,1.0
SP004025,SP004433,EUS,PRE,NMP,8,XOD,BLY,LBZ,0.571
SP004025,SP004516,EUS,PRE,GLC,25,XOU,PRE,LAN,0.962
SP004025,SP004529,EUS,PRE,BHM,5,WFJ,XOE,KGL,0.192
SP004028,SP004029,LST,CLT,CLT,10,BPA,WTM,HAP,0.556
SP004028,SP004039,LST,CLT,CLT,8,SNF,CHM,INT,0.444
SP004028,SP004049,LST,CLT,IPS,8,SNF,CHM,INT,0.444
SP004028,SP004050,LST,CLT,IPS,14,COL,HYH,MNG,0.875
SP004028,SP004053,LST,CLT,IPS,11,WTM,KEL,MKT,0.733
SP004028,SP004153,LST,CLT,WTM,6,IFD,GDP,RMF,0.462
SP004029,SP004039,LST,CLT,CLT,8,SNF,CHM,INT,0.4
SP004029,SP004049,LST,CLT,IPS,8,SNF,CHM,INT,0.444
SP004029,SP004050,LST,CLT,IPS,10,BPA,HAP,WTM,0.625
SP004029,SP004053,LST,CLT,IPS,10,BPA,HAP,WTM,0.667
SP004029,SP004153,LST,CLT,WTM,6,IFD,GDP,RMF,0.462
SP004030,SP004043,BHM,FOK,LIF,10,FOK,,BUL,1.0
SP004033,SP004044,GLC,EUS,EUS,13,XOU,WGN,EBA,0.283
SP004034,SP004036,EUS,CRE,GLC,10,MKC,XHN,WOL,0.312
SP004034,SP004111,EUS,CRE,GLC,10,MKC,XHN,WOL,0.312
SP004034,SP004131,EUS,CRE,BHM,5,WFJ,XOE,KGL,0.156
SP004034,SP004188,EUS,CRE,CRE,13,RUG,COV,NUN,0.619
SP004034,SP004207,EUS,CRE,CRE,27,STA,SNE,CRE,0.964
SP004034,SP004232,EUS,CRE,INV,10,MKC,XHN,WOL,0.312
SP004034,SP004384,EUS,CRE,WVH,20,XOS,XGJ,XRA,0.833
SP004034,SP004399,EUS,CRE,GLC,13,RUG,COV,NUN,0.406
SP004034,SP004433,EUS,CRE,NMP,8,XOD,BLY,LBZ,0.571
SP004034,SP004516,EUS,CRE,GLC,13,RUG,COV,NUN,0.406
SP004034,SP004529,EUS,CRE,BHM,5,WFJ,XOE,KGL,0.161
SP004035,SP004410,MBR,WTB,NNT,5,NNT,GTA,,1.0
SP004036,SP004111,EUS,GLC,GLC,32,XOU,PRE,LAN,0.744
SP004036,SP004131,EUS,GLC,BHM,5,WFJ,XOE,KGL,0.156
SP004036,SP004188,EUS,GLC,CRE,10,MKC,WOL,XHN,0.476
SP004036,SP004207,EUS,GLC,CRE,10,MKC,WOL,XHN,0.357
SP004036,SP004232,EUS,GLC,INV,14,RUG,NUN,COV,0.326
SP004036,SP004384,EUS,GLC,WVH,10,MKC,WOL,XHN,0.417
SP004036,SP004399,EUS,GLC,GLC,10,MKC,WOL,XHN,0.278
SP004036,SP004433,EUS,GLC,NMP,8,XOD,BLY,LBZ,0.571
SP004036,SP004516,EUS,GLC,GLC,10,MKC,WOL,XHN,0.27
SP004036,SP004529,EUS,GLC,BHM,5,WFJ,XOE,KGL,0.161
SP004039,SP004049,LST,CLT,IPS,11,BPA,WTM,HAP,0.611
SP004039,SP004050,LST,CLT,IPS,8,SNF,INT,CHM,0.5
SP004039,SP004053,LST,CLT,IPS,8,SNF,INT,CHM,0.533
SP004039,SP004153,LST,CLT,WTM,6,IFD,GDP,RMF,0.462
SP004040,SP004520,RDG,PAD,PAD,6,SLO,LNY,HAY,0.462
SP004046,SP004048,IPS,LST,LST,5,WTM,BPA,HAP,0.333
SP004049,SP004050,LST,IPS,IPS,8,SNF,INT,CHM,0.5
SP004049,SP004053,LST,IPS,IPS,8,SNF,INT,CHM,0.533
SP004049,SP004153,LST,IPS,WTM,6,IFD,GDP,RMF,0.462
SP004050,SP004053,LST,IPS,IPS,11,WTM,KEL,MKT,0.733
SP004050,SP004153,LST,IPS,WTM,6,IFD,GDP,RMF,0.462
SP004053,SP004153,LST,IPS,WTM,6,IFD,GDP,RMF,0.462
SP004056,SP004471,LIV,WAC,WAC,9,WID,WAW,SNK,0.818
SP004056,SP004472,LIV,WAC,WAC,9,WID,WAW,SNK,0.818
SP004059,SP004165,LST,CHI,ELY,5,HAC,CPT,XMI,0.455
SP004064,SP004160,HWC,MNG,COL,6,MNG,,COL,1.0
SP004064,SP004318,HWC,MNG,LST,6,MNG,,COL,1.0
SP004065,SP004066,LST,ELY,CMB,8,BXB,RYN,HWN,0.348
SP004065,SP004073,LST,ELY,CMB,10,HWN,SAW,HWM,0.417
SP004065,SP004074,LST,ELY,CMB,8,BXB,RYN,HWN,0.444
SP004065,SP004076,LST,ELY,CBG,8,BXB,RYN,HWN,0.471
SP004065,SP004082,LST,ELY,HFE,5,TOM,BMD,PON,0.357
SP004065,SP004087,LST,ELY,HFE,5,TOM,BMD,PON,0.333
SP004065,SP004091,LST,ELY,HFE,5,TOM,BMD,NUM,0.294
SP004065,SP004170,LST,ELY,CMB,23,CMB,WBC,,1.0
SP004065,SP004173,LST,ELY,CMB,8,BXB,RYN,HWN,0.471
SP004065,SP004193,LST,ELY,CBG,8,BXB,RYN,HWN,0.364
SP004065,SP004567,LST,ELY,ELY,5,TOM,BMD,PON,0.2
SP004065,SP004569,LST,ELY,ELY,10,HWN,SAW,HWM,0.4
SP004065,SP004627,LST,ELY,SSD,8,BXB,RYN,HWN,0.615
SP004066,SP004073,LST,CMB,CMB,8,BXB,HWN,RYN,0.348
SP004066,SP004074,LST,CMB,CMB,9,HWN,HWM,SAW,0.5
SP004066,SP004076,LST,CMB,CBG,9,HWN,HWM,SAW,0.529
SP004066,SP004082,LST,CMB,HFE,5,TOM,BMD,PON,0.357
SP004066,SP004087,LST,CMB,HFE,5,TOM,BMD,PON,0.333
SP004066,SP004091,LST,CMB,HFE,5,TOM,BMD,NUM,0.294
SP004066,SP004170,LST,CMB,CMB,8,BXB,HWN,RYN,0.348
SP004066,SP004173,LST,CMB,CMB,9,HWN,HWM,BIS,0.529
SP004066,SP004193,LST,CMB,CBG,22,CBG,CMB,,1.0
SP004066,SP004567,LST,CMB,ELY,5,TOM,BMD,PON,0.217
SP004066,SP004569,LST,CMB,ELY,8,BXB,HWN,RYN,0.348
SP004066,SP004627,LST,CMB,SSD,9,HWN,HWM,SAW,0.692
SP004067,SP004068,CMB,LST,LST,12,BIS,HWN,SAW,0.571
SP004067,SP004079,CMB,LST,LST,12,BIS,HWN,SAW,0.571
SP004067,SP004178,CMB,LST,LST,12,BIS,HWN,SAW,0.571
SP004068,SP004079,CMB,LST,LST,15,HWN,BXB,RYN,0.652
SP004068,SP004178,CMB,LST,LST,13,SAW,HWM,HWN,0.565
SP004071,SP004166,CBG,LST,LST,12,SAW,HWN,HWM,0.545
SP004071,SP004168,CBG,LST,LST,12,SAW,HWN,HWM,0.545
SP004071,SP004632,CBG,LST,BIS,11,BIS,SAW,,1.0
SP004073,SP004074,LST,CMB,CMB,8,BXB,RYN,HWN,0.444
SP004073,SP004076,LST,CMB,CBG,8,BXB,RYN,HWN,0.471
SP004073,SP004082,LST,CMB,HFE,5,TOM,BMD,PON,0.357
SP004073,SP004087,LST,CMB,HFE,5,TOM,BMD,PON,0.333
SP004073,SP004091,LST,CMB,HFE,5,TOM,BMD,NUM,0.294
SP004073,SP004170,LST,CMB,CMB,10,HWN,HWM,SAW,0.435
SP004073,SP004173,LST,CMB,CMB,8,BXB,RYN,HWN,0.471
SP004073,SP004193,LST,CMB,CBG,8,BXB,RYN,HWN,0.364
SP004073,SP004567,LST,CMB,ELY,5,TOM,BMD,PON,0.208
SP004073,SP004569,LST,CMB,ELY,24,CMB,,WBC,1.0
SP004073,SP004627,LST,CMB,SSD,8,BXB,RYN,HWN,0.615
SP004074,SP004076,LST,CMB,CBG,17,CBG,CMB,,1.0
SP004074,SP004082,LST,CMB,HFE,5,TOM,BMD,PON,0.357
SP004074,SP004087,LST,CMB,HFE,5,TOM,BMD,PON,0.333
SP004074,SP004091,LST,CMB,HFE,5,TOM,BMD,NUM,0.294
SP004074,SP004170,LST,CMB,CMB,8,BXB,HWN,RYN,0.444
SP004074,SP004173,LST,CMB,CMB,9,HWN,SAW,BIS,0.529
SP004074,SP004193,LST,CMB,CBG,9,HWN,SAW,HWM,0.5
SP004074,SP004567,LST,CMB,ELY,5,TOM,BMD,PON,0.278
SP004074,SP004569,LST,CMB,ELY,8,BXB,HWN,RYN,0.444
SP004074,SP004627,LST,CMB,SSD,12,SST,AUD,SSD,0.923
SP004076,SP004082,LST,CBG,HFE,5,TOM,BMD,PON,0.357
SP004076,SP004087,LST,CBG,HFE,5,TOM,BMD,PON,0.333
SP004076,SP004091,LST,CBG,HFE,5,TOM,BMD,NUM,0.294
SP004076,SP004170,LST,CBG,CMB,8,BXB,HWN,RYN,0.471
SP004076,SP004173,LST,CBG,CMB,9,HWN,SAW,BIS,0.529
SP004076,SP004193,LST,CBG,CBG,9,HWN,SAW,HWM,0.529
SP004076,SP004567,LST,CBG,ELY,5,TOM,BMD,PON,0.294
SP004076,SP004569,LST,CBG,ELY,8,BXB,HWN,RYN,0.471
SP004076,SP004627,LST,CBG,SSD,12,SST,AUD,SSD,0.923
SP004079,SP004178,CMB,LST,LST,13,SAW,HWM,HWN,0.565
SP004082,SP004087,LST,HFE,HFE,8,ENL,CHN,WLC,0.571
SP004082,SP004091,LST,HFE,HFE,5,TOM,PON,NUM,0.357
SP004082,SP004170,LST,HFE,CMB,5,TOM,PON,BMD,0.357
SP004082,SP004173,LST,HFE,CMB,5,TOM,PON,BMD,0.357
SP004082,SP004193,LST,HFE,CBG,5,TOM,PON,BMD,0.357
SP004082,SP004567,LST,HFE,ELY,8,ENL,CHN,WLC,0.571
SP004082,SP004569,LST,HFE,ELY,5,TOM,PON,BMD,0.357
SP004082,SP004627,LST,HFE,SSD,5,TOM,PON,BMD,0.385
SP004083,SP004092,HFE,LST,SRA,9,BMD,PON,NUM,0.6
SP004083,SP004344,HFE,LST,LST,10,PON,TOM,MRW,0.667
SP004083,SP004374,HFE,LST,LST,6,CHN,WLC,ENL,0.429
SP004083,SP004429,HFE,LST,SRA,9,BMD,PON,MRW,0.6
SP004083,SP004610,HFE,LST,LST,10,PON,TOM,MRW,0.667
SP004084,SP004294,CDF,CRE,CTR,11,SHR,YRT,WEM,0.611
SP004087,SP004091,LST,HFE,HFE,5,TOM,PON,NUM,0.333
SP004087,SP004170,LST,HFE,CMB,5,TOM,PON,BMD,0.333
SP004087,SP004173,LST,HFE,CMB,5,TOM,PON,BMD,0.333
SP004087,SP004193,LST,HFE,CBG,5,TOM,PON,BMD,0.333
SP004087,SP004567,LST,HFE,ELY,11,BXB,RYH,RYN,0.733
SP004087,SP004569,LST,HFE,ELY,5,TOM,PON,BMD,0.333
SP004087,SP004627,LST,HFE,SSD,5,TOM,PON,BMD,0.385
SP004091,SP004170,LST,HFE,CMB,5,TOM,NUM,BMD,0.294
SP004091,SP004173,LST,HFE,CMB,5,TOM,NUM,BMD,0.294
SP004091,SP004193,LST,HFE,CBG,5,TOM,NUM,BMD,0.294
SP004091,SP004567,LST,HFE,ELY,5,TOM,NUM,PON,0.294
SP004091,SP004569,LST,HFE,ELY,5,TOM,NUM,BMD,0.294
SP004091,SP004627,LST,HFE,SSD,5,TOM,NUM,BMD,0.385
SP004092,SP004344,HFE,SRA,LST,9,BMD,NUM,PON,0.6
SP004092,SP004374,HFE,SRA,LST,6,CHN,WLC,ENL,0.429
SP004092,SP004429,HFE,SRA,SRA,9,BMD,NUM,MRW,0.6
SP004092,SP004610,HFE,SRA,LST,9,BMD,NUM,PON,0.6
SP004093,SP004167,PGN,BRI,PAD,10,TAU,BWT,CLC,0.769
SP004094,SP004403,GCR,PLY,BRI,5,BRI,BWT,,1.0
SP004095,SP004425,SRA,HFE,HFE,8,ENL,WLC,CHN,0.571
SP004095,SP004428,SRA,HFE,HFE,7,BMD,ENL,WLC,0.5
SP004095,SP004439,SRA,HFE,BIS,7,BMD,ENL,WLC,0.538
SP004095,SP004442,SRA,HFE,BIS,7,BMD,ENL,WLC,0.5
SP004097,SP004229,BPN,MAN,LIV,6,XOU,WGN,EBA,0.545
SP004097,SP004426,BPN,MAN,LIV,6,XOU,WGN,EBA,0.545
SP004097,SP004526,BPN,MAN,MAN,6,XOU,WGN,CRL,0.545
SP004099,SP004555,HGS,TON,CHX,14,TON,,HLB,1.0
SP004099,SP004566,HGS,TON,CST,14,TON,,HLB,1.0
SP004100,SP004108,DDG,WOF,WOF,20,SBJ,HAG,BKD,0.769
SP004100,SP004113,DDG,WOF,WOF,7,XOH,SMA,BMO,0.318
SP004108,SP004113,DDG,WOF,WOF,7,XOH,SMA,BMO,0.318
SP004110,SP004515,GLC,EUS,EUS,13,XOU,EBA,WGN,0.351
SP004111,SP004131,EUS,GLC,BHM,5,WFJ,XOE,KGL,0.156
SP004111,SP004188,EUS,GLC,CRE,10,MKC,WOL,XHN,0.476
SP004111,SP004207,EUS,GLC,CRE,10,MKC,WOL,XHN,0.357
SP004111,SP004232,EUS,GLC,INV,14,RUG,NUN,COV,0.318
SP004111,SP004384,EUS,GLC,WVH,10,MKC,WOL,XHN,0.417
SP004111,SP004399,EUS,GLC,GLC,10,MKC,WOL,XHN,0.278
SP004111,SP004433,EUS,GLC,NMP,8,XOD,BLY,LBZ,0.571
SP004111,SP004516,EUS,GLC,GLC,10,MKC,WOL,XHN,0.27
SP004111,SP004529,EUS,GLC,BHM,5,WFJ,XOE,KGL,0.161
SP004114,SP004157,MYB,BCS,BMO,5,WRU,DNM,GER,0.312
SP004114,SP004185,MYB,BCS,BAN,6,DNM,DGC,GER,0.4
SP004114,SP004191,MYB,BCS,SBJ,5,WRU,DNM,GER,0.312
SP004114,SP004257,MYB,BCS,BMO,5,WRU,DNM,GER,0.312
SP004114,SP004445,MYB,BCS,BAN,5,WRU,DNM,GER,0.312
SP004114,SP004479,MYB,BCS,PRR,5,WRU,DNM,GER,0.556
SP004114,SP004626,MYB,BCS,OXF,6,DNM,DGC,GER,0.375
SP004114,SP004639,MYB,BCS,BAN,6,DNM,DGC,GER,0.375
SP004114,SP004641,MYB,BCS,BSW,5,WRU,DNM,GER,0.312
SP004116,SP004287,GRS,EDB,SPR,9,BLG,SLS,DST,0.692
SP004117,SP004465,HUL,LDS,HFX,7,MIK,EGF,GRF,0.636
SP004118,SP004489,MIA,LIV,CLE,7,MAN,MCO,LVM,0.318
SP004118,SP004503,MIA,LIV,BIF,9,DGT,SFD,SLD,0.409
SP004118,SP004572,MIA,LIV,BPN,9,DGT,SFD,SLD,0.409
SP004118,SP004585,MIA,LIV,SCA,7,MAN,MCO,ADK,0.318
SP004120,SP004126,ORE,BTN,BTN,5,BEX,PEV,CLL,0.263
SP004120,SP004128,ORE,BTN,BTN,5,BEX,PEV,CLL,0.278
SP004121,SP004127,EUS,NMP,NMP,6,WFJ,KGL,HML,0.353
SP004122,SP004553,BTN,ORE,ORE,13,PEV,BEX,NSB,0.722
SP004123,SP004124,BTN,ORE,ORE,12,PEV,PEB,BEX,0.706
SP004126,SP004128,ORE,BTN,BTN,17,FMR,MCB,BTN,0.944
SP004131,SP004188,EUS,BHM,CRE,5,WFJ,KGL,XOE,0.238
SP004131,SP004207,EUS,BHM,CRE,5,WFJ,KGL,XOE,0.179
SP004131,SP004232,EUS,BHM,INV,5,WFJ,KGL,XOE,0.156
SP004131,SP004384,EUS,BHM,WVH,5,WFJ,KGL,XOE,0.208
SP004131,SP004399,EUS,BHM,GLC,5,WFJ,KGL,XOE,0.156
SP004131,SP004433,EUS,BHM,NMP,5,WFJ,KGL,XOE,0.357
SP004131,SP004516,EUS,BHM,GLC,5,WFJ,KGL,XOE,0.156
SP004131,SP004529,EUS,BHM,BHM,28,MGN,LEH,SCF,0.903
SP004136,SP004137,SOU,BTN,LIT,9,EMS,SOB,CCH,0.692
SP004140,SP004293,GLQ,ALO,ABD,6,STG,ALO,DBL,0.857
SP004142,SP004307,BAK,OXT,BTN,6,SCY,SNR,PUR,0.545
SP004143,SP004261,LIV,NRW,DON,5,HGN,WID,WAC,0.227
SP004143,SP004268,LIV,NRW,MIA,5,HGN,WID,WAC,0.357
SP004143,SP004269,LIV,NRW,NRW,13,HAZ,CLY,EDL,0.333
SP004147,SP004595,EBN,HHE,WSW,8,LWS,PMP,CBR,0.667
SP004149,SP004560,OXF,MYB,MYB,15,SRU,WCX,NLT,0.833
SP004149,SP004636,OXF,MYB,MYB,9,HWY,BCF,SRG,0.529
SP004150,SP004561,COL,LST,LST,9,SNF,BRE,GDP,0.562
SP004152,SP004488,OXF,HWY,MYB,10,HWY,,SRG,1.0
SP004152,SP004633,OXF,HWY,MYB,10,HWY,,BCF,1.0
SP004152,SP004643,OXF,HWY,MYB,10,HWY,,BCF,1.0
SP004155,SP004339,PBO,HRH,HRH,27,XJS,CDS,RDH,0.73
SP004155,SP004341,PBO,HRH,HRH,24,ECR,SCY,PUR,0.632
SP004157,SP004185,MYB,BMO,BAN,5,WRU,GER,DNM,0.333
SP004157,SP004191,MYB,BMO,SBJ,26,BMO,,BSW,1.0
SP004157,SP004257,MYB,BMO,BMO,6,GER,HWY,BCF,0.24
SP004157,SP004445,MYB,BMO,BAN,6,GER,HWY,BCF,0.316
SP004157,SP004479,MYB,BMO,PRR,9,PRR,HDM,,1.0
SP004157,SP004626,MYB,BMO,OXF,5,WRU,GER,DNM,0.278
SP004157,SP004639,MYB,BMO,BAN,5,WRU,GER,DNM,0.25
SP004157,SP004641,MYB,BMO,BSW,6,GER,HWY,BCF,0.231
SP004159,SP004182,MYB,AYS,AYS,7,DNM,DGC,GER,0.5
SP004159,SP004233,MYB,AYS,WRU,6,WRU,DNM,,1.0
SP004159,SP004563,MYB,AYS,OXF,7,DNM,DGC,GER,0.412
SP004159,SP004635,MYB,AYS,BMO,6,WRU,DNM,GER,0.353
SP004159,SP004637,MYB,AYS,AYS,7,DNM,DGC,GER,0.467
SP004160,SP004318,HWC,COL,LST,7,COL,,MKT,1.0
SP004161,SP004577,HWY,MYB,MYB,7,SRU,WCX,NLT,0.7
SP004164,SP004225,CBG,LST,SRA,13,CHN,BMD,WLC,0.619
SP004164,SP004568,CBG,LST,LST,17,HAC,LOF,BET,0.895
SP004166,SP004168,CBG,LST,LST,21,HAC,LOF,BET,0.913
SP004166,SP004632,CBG,LST,BIS,11,BIS,SAW,,1.0
SP004168,SP004632,CBG,LST,BIS,11,BIS,SAW,,1.0
SP004170,SP004173,LST,CMB,CMB,8,BXB,RYN,HWN,0.471
SP004170,SP004193,LST,CMB,CBG,8,BXB,RYN,HWN,0.364
SP004170,SP004567,LST,CMB,ELY,5,TOM,BMD,PON,0.217
SP004170,SP004569,LST,CMB,ELY,10,HWN,SAW,HWM,0.435
SP004170,SP004627,LST,CMB,SSD,8,BXB,RYN,HWN,0.615
SP004171,SP004176,ELY,LST,LST,10,AUD,NWE,SST,0.435
SP004171,SP004210,ELY,LST,LST,17,HWN,RYN,BXB,0.68
SP004171,SP004278,ELY,LST,LST,6,XSP,SED,WLF,0.3
SP004173,SP004193,LST,CMB,CBG,9,HWN,BIS,HWM,0.529
SP004173,SP004567,LST,CMB,ELY,5,TOM,BMD,PON,0.294
SP004173,SP004569,LST,CMB,ELY,8,BXB,HWN,RYN,0.471
SP004173,SP004627,LST,CMB,SSD,9,HWN,BIS,SAW,0.692
SP004174,SP004634,BSW,LMS,MYB,11,LMS,,XFC,1.0
SP004174,SP004645,BSW,LMS,MYB,6,DDG,LPW,HTN,0.545
SP004176,SP004210,ELY,LST,LST,10,AUD,SST,NWE,0.435
SP004176,SP004278,ELY,LST,LST,6,XSP,SED,WLF,0.3
SP004182,SP004233,MYB,AYS,WRU,6,WRU,DNM,,1.0
SP004182,SP004563,MYB,AYS,OXF,11,PRR,MRS,HDM,0.786
SP004182,SP004635,MYB,AYS,BMO,6,WRU,DNM,GER,0.429
SP004182,SP004637,MYB,AYS,AYS,8,GER,HWY,BCF,0.571
SP004183,SP004570,BRI,PAD,PAD,9,MAI,TAP,SLO,0.75
SP004185,SP004191,MYB,BAN,SBJ,5,WRU,DNM,GER,0.333
SP004185,SP004257,MYB,BAN,BMO,5,WRU,DNM,GER,0.333
SP004185,SP004445,MYB,BAN,BAN,5,WRU,DNM,GER,0.333
SP004185,SP004479,MYB,BAN,PRR,5,WRU,DNM,GER,0.556
SP004185,SP004626,MYB,BAN,OXF,7,GER,HWY,BCF,0.467
SP004185,SP004639,MYB,BAN,BAN,7,GER,HWY,BCF,0.467
SP004185,SP004641,MYB,BAN,BSW,5,WRU,DNM,GER,0.333
SP004186,SP004248,PAD,FRO,WPH,6,RDG,THE,GOR,0.4
SP004186,SP004338,PAD,FRO,BPW,6,RDG,THE,GOR,0.6
SP004186,SP004416,PAD,FRO,BDW,6,RDG,THE,RDW,0.4
SP004186,SP004476,PAD,FRO,BAN,6,RDG,THE,GOR,0.545
SP004186,SP004599,PAD,FRO,WOS,6,RDG,THE,GOR,0.429
SP004188,SP004207,EUS,CRE,CRE,13,RUG,NUN,COV,0.619
SP004188,SP004232,EUS,CRE,INV,10,MKC,XHN,WOL,0.476
SP004188,SP004384,EUS,CRE,WVH,13,RUG,NUN,COV,0.619
SP004188,SP004399,EUS,CRE,GLC,15,XIM,TAM,XOI,0.714
SP004188,SP004433,EUS,CRE,NMP,8,XOD,BLY,LBZ,0.571
SP004188,SP004516,EUS,CRE,GLC,15,XIM,TAM,XOI,0.714
SP004188,SP004529,EUS,CRE,BHM,5,WFJ,XOE,KGL,0.238
SP004190,SP004192,HRH,PBO,PBO,19,BFR,CTK,ZFD,0.528
SP004190,SP004345,HRH,PBO,PBO,19,BFR,CTK,ZFD,0.528
SP004190,SP004482,HRH,PBO,PBO,10,RDH,XJS,MHM,0.27
SP004191,SP004257,MYB,SBJ,BMO,6,GER,HWY,BCF,0.24
SP004191,SP004445,MYB,SBJ,BAN,6,GER,HWY,BCF,0.316
SP004191,SP004479,MYB,SBJ,PRR,9,PRR,HDM,,1.0
SP004191,SP004626,MYB,SBJ,OXF,5,WRU,GER,DNM,0.278
SP004191,SP004639,MYB,SBJ,BAN,5,WRU,GER,DNM,0.25
SP004191,SP004641,MYB,SBJ,BSW,6,GER,HWY,BCF,0.231
SP004192,SP004345,HRH,PBO,PBO,24,AAP,BOP,PBR,0.667
SP004192,SP004482,HRH,PBO,PBO,10,RDH,XJS,MHM,0.278
SP004193,SP004567,LST,CBG,ELY,5,TOM,BMD,PON,0.227
SP004193,SP004569,LST,CBG,ELY,8,BXB,HWN,RYN,0.364
SP004193,SP004627,LST,CBG,SSD,9,HWN,HWM,SAW,0.692
SP004194,SP004487,BTN,BDM,BDM,10,GTW,HOR,ELD,0.263
SP004194,SP004582,BTN,BDM,BDM,10,GTW,HOR,SAF,0.233
SP004200,SP004202,SOU,BTN,BTN,7,FRM,PTC,CSA,0.292
SP004200,SP004208,SOU,BTN,BTN,10,HAV,WBL,EMS,0.385
SP004202,SP004208,SOU,BTN,BTN,7,FRM,CSA,PTC,0.292
SP004203,SP004204,BDM,BTN,BTN,8,SAC,RDT,HEN,0.216
SP004203,SP004596,BDM,BTN,TBD,17,SPL,CTK,ZFD,0.472
SP004203,SP004598,BDM,BTN,BTN,8,SAC,RDT,HEN,0.2
SP004204,SP004596,BDM,BTN,TBD,8,SAC,HEN,RDT,0.222
SP004204,SP004598,BDM,BTN,BTN,17,BFR,XMK,EPH,0.459
SP004206,SP004235,DMR,EDB,CRS,8,PTK,CHC,EXG,0.308
SP004207,SP004232,EUS,CRE,INV,10,MKC,XHN,WOL,0.357
SP004207,SP004384,EUS,CRE,WVH,20,XOS,XGJ,XRA,0.833
SP004207,SP004399,EUS,CRE,GLC,13,RUG,COV,NUN,0.464
SP004207,SP004433,EUS,CRE,NMP,8,XOD,BLY,LBZ,0.571
SP004207,SP004516,EUS,CRE,GLC,13,RUG,COV,NUN,0.464
SP004207,SP004529,EUS,CRE,BHM,5,WFJ,XOE,KGL,0.179
SP004209,SP004565,MAN,SHR,MFH,13,WEM,YRT,SHR,0.867
SP004210,SP004278,ELY,LST,LST,6,XSP,SED,WLF,0.3
SP004213,SP004279,DON,GOO,HUL,5,GOO,,SAM,1.0
SP004213,SP004283,DON,GOO,HUL,5,GOO,,GBD,1.0
SP004213,SP004301,DON,GOO,HUL,5,GOO,,SAM,1.0
SP004213,SP004315,DON,GOO,HUL,5,GOO,,GBD,1.0
SP004217,SP004574,BTN,CBG,BDM,7,GTW,ELD,HOR,0.2
SP004217,SP004579,BTN,CBG,CBG,22,AAP,BOP,PBR,0.629
SP004218,SP004576,EGR,BDM,BAK,5,OXT,SNR,WOH,0.333
SP004222,SP004290,MLN,MTH,SPR,7,PTK,EXG,CHC,0.467
SP004225,SP004568,CBG,SRA,LST,13,CHN,WLC,BMD,0.684
SP004227,SP004230,BTN,CCH,CCH,11,WWO,DUR,ANG,0.688
SP004228,SP004317,INV,EUS,GLQ,10,PTH,GLE,DBL,0.588
SP004228,SP004382,INV,EUS,EUS,13,STG,LBT,FKG,0.22
SP004229,SP004426,BPN,LIV,LIV,8,WGN,BYN,SNH,0.533
SP004229,SP004526,BPN,LIV,MAN,6,XOU,EBA,CRL,0.462
SP004231,SP004385,SMN,WIC,LST,7,WIC,,BIC,1.0
SP004232,SP004384,EUS,INV,WVH,10,MKC,WOL,XHN,0.417
SP004232,SP004399,EUS,INV,GLC,10,MKC,WOL,XHN,0.278
SP004232,SP004433,EUS,INV,NMP,8,XOD,BLY,LBZ,0.571
SP004232,SP004516,EUS,INV,GLC,10,MKC,WOL,XHN,0.27
SP004232,SP004529,EUS,INV,BHM,5,WFJ,XOE,KGL,0.161
SP004233,SP004563,MYB,WRU,OXF,6,WRU,,DNM,1.0
SP004233,SP004635,MYB,WRU,BMO,6,WRU,,GER,1.0
SP004233,SP004637,MYB,WRU,AYS,6,WRU,,DNM,1.0
SP004241,SP004592,BIF,LAN,MIA,5,CAK,GOS,KBK,0.455
SP004248,SP004338,PAD,WPH,BPW,7,GOR,OXF,DID,0.7
SP004248,SP004416,PAD,WPH,BDW,6,RDG,GOR,RDW,0.375
SP004248,SP004476,PAD,WPH,BAN,8,OXF,HND,HYD,0.727
SP004248,SP004599,PAD,WPH,WOS,7,GOR,OXF,DID,0.5
SP004257,SP004445,MYB,BMO,BAN,12,XJV,BCS,XGY,0.632
SP004257,SP004479,MYB,BMO,PRR,6,GER,BCF,HWY,0.667
SP004257,SP004626,MYB,BMO,OXF,5,WRU,GER,DNM,0.278
SP004257,SP004639,MYB,BMO,BAN,5,WRU,GER,DNM,0.25
SP004257,SP004641,MYB,BMO,BSW,25,BMO,,BSW,1.0
SP004261,SP004268,LIV,DON,MIA,12,MAN,SPT,HDG,0.857
SP004261,SP004269,LIV,DON,NRW,5,HGN,WAC,WID,0.227
SP004265,SP004267,LAN,BIF,MLM,6,GOS,CAK,KBK,0.6
SP004268,SP004269,LIV,MIA,NRW,5,HGN,WAC,WID,0.357
SP004270,SP004590,BSR,SPX,SPX,8,FAV,TEY,SIT,0.296
SP004271,SP004291,SPX,RAM,MAR,24,MAR,BSR,,1.0
SP004271,SP004348,SPX,RAM,MAR,9,EBF,XSR,XXI,0.346
SP004271,SP004380,SPX,RAM,MAR,8,XXJ,EBF,XXI,0.333
SP004271,SP004392,SPX,RAM,DVP,9,EBF,XSR,XXI,0.429
SP004271,SP004396,SPX,RAM,RAM,9,EBF,XSR,XXI,0.346
SP004271,SP004435,SPX,RAM,MDW,12,SOO,XRJ,CUX,0.706
SP004273,SP004535,BSR,SPX,CST,6,FAV,SIT,TEY,0.24
SP004275,SP004379,NRW,MAN,ELY,7,ELY,XYE,,1.0
SP004275,SP004518,NRW,MAN,LIV,13,GRA,ALK,BTF,0.481
SP004275,SP004628,NRW,MAN,LIV,13,GRA,ALK,BTF,0.481
SP004277,SP004492,PNZ,PLY,PLY,14,STS,PLY,SBF,0.933
SP004277,SP004494,PNZ,PLY,PLY,14,STS,PLY,DPT,0.933
SP004279,SP004283,DON,HUL,HUL,5,GOO,SAM,GBD,0.5
SP004279,SP004301,DON,HUL,HUL,7,GBD,BMF,BUH,0.636
SP004279,SP004315,DON,HUL,HUL,5,GOO,SAM,GBD,0.455
SP004283,SP004301,DON,HUL,HUL,5,GOO,GBD,SAM,0.5
SP004283,SP004315,DON,HUL,HUL,6,GBD,BUH,BMF,0.6
SP004285,SP004286,HUL,DON,DON,5,GBD,SAM,GOO,0.5
SP004291,SP004348,SPX,MAR,MAR,9,EBF,XSR,XXI,0.375
SP004291,SP004380,SPX,MAR,MAR,8,XXJ,EBF,XXI,0.333
SP004291,SP004392,SPX,MAR,DVP,9,EBF,XSR,XXI,0.429
SP004291,SP004396,SPX,MAR,RAM,9,EBF,XSR,XXI,0.375
SP004291,SP004435,SPX,MAR,MDW,12,SOO,XRJ,CUX,0.706
SP004296,SP004581,DID,PAD,PAD,8,MAI,TAP,SLO,0.667
SP004297,SP004298,GLQ,ABD,INV,7,PTH,ING,DEE,0.389
SP004297,SP004300,GLQ,ABD,INV,6,DBL,PTH,GLE,0.353
SP004298,SP004300,GLQ,INV,INV,6,DBL,PTH,GLE,0.353
SP004299,SP004532,FAV,SPX,CST,9,XRJ,SOO,SOR,0.409
SP004299,SP004533,FAV,SPX,CST,9,XRJ,SOO,SOR,0.429
SP004301,SP004315,DON,HUL,HUL,5,GOO,SAM,GBD,0.455
SP004303,SP004638,FAV,SPX,CST,8,XRJ,SOO,SOR,0.4
SP004310,SP004615,ABD,GLQ,GLQ,10,PTH,DBL,GLE,0.625
SP004311,SP004312,CBG,NRW,NRW,5,XYE,SPP,BND,0.455
SP004317,SP004382,INV,GLQ,EUS,10,PTH,DBL,GLE,0.588
SP004319,SP004321,INV,GLQ,GLQ,9,PTH,DBL,GLE,0.6
SP004327,SP004444,OBN,GLQ,DAL,5,DAL,TYL,,1.0
SP004330,SP004342,EXM,PGN,PGN,5,DIG,POL,EXC,0.278
SP004330,SP004364,EXM,PGN,PGN,6,POL,EXC,SJP,0.316
SP004334,SP004336,CLT,LST,LST,6,MKT,KEL,WTM,0.333
SP004334,SP004607,CLT,LST,LST,11,SNF,BRE,GDP,0.611
SP004336,SP004607,CLT,LST,LST,6,MKT,WTM,KEL,0.333
SP004338,SP004416,PAD,BPW,BDW,6,RDG,GOR,RDW,0.6
SP004338,SP004476,PAD,BPW,BAN,7,GOR,DID,OXF,0.7
SP004338,SP004599,PAD,BPW,WOS,9,SWI,BPW,KEM,0.9
SP004339,SP004341,PBO,HRH,HRH,24,ECR,SCY,PUR,0.649
SP004342,SP004364,EXM,PGN,PGN,5,DIG,EXC,POL,0.278
SP004344,SP004374,HFE,LST,LST,6,CHN,WLC,ENL,0.429
SP004344,SP004429,HFE,LST,SRA,9,BMD,PON,MRW,0.6
SP004344,SP004610,HFE,LST,LST,15,HAC,LOF,BET,0.882
SP004345,SP004482,HRH,PBO,PBO,10,RDH,XJS,MHM,0.278
SP004348,SP004380,SPX,MAR,MAR,8,XXJ,EBF,XXI,0.333
SP004348,SP004392,SPX,MAR,DVP,16,AFK,WYE,XSI,0.762
SP004348,SP004396,SPX,MAR,RAM,16,AFK,WYE,XSI,0.593
SP004348,SP004435,SPX,MAR,MDW,9,EBF,XXI,XSR,0.529
SP004351,SP004357,MAR,SPX,SPX,16,XXI,XXJ,EBF,0.667
SP004352,SP004422,HGT,LDS,LDS,5,HRS,HDY,LDS,0.833
SP004369,SP004371,FAL,PAR,TRU,6,TRU,SAU,,1.0
SP004374,SP004429,HFE,LST,SRA,6,CHN,ENL,WLC,0.429
SP004374,SP004610,HFE,LST,LST,6,CHN,ENL,WLC,0.429
SP004379,SP004518,NRW,ELY,LIV,7,ELY,,XYE,1.0
SP004379,SP004628,NRW,ELY,LIV,7,ELY,,XYE,1.0
SP004380,SP004392,SPX,MAR,DVP,8,XXJ,XXI,EBF,0.381
SP004380,SP004396,SPX,MAR,RAM,8,XXJ,XXI,EBF,0.333
SP004380,SP004435,SPX,MAR,MDW,8,XXJ,XXI,EBF,0.471
SP004384,SP004399,EUS,WVH,GLC,13,RUG,COV,NUN,0.542
SP004384,SP004433,EUS,WVH,NMP,8,XOD,BLY,LBZ,0.571
SP004384,SP004516,EUS,WVH,GLC,13,RUG,COV,NUN,0.542
SP004384,SP004529,EUS,WVH,BHM,5,WFJ,XOE,KGL,0.208
SP004387,SP004391,SPT,CTR,CTR,11,GBK,MLD,CUD,0.846
SP004390,SP004394,SDW,SPX,SPX,10,XSI,SDG,AFK,0.385
SP004392,SP004396,SPX,DVP,RAM,21,DVP,,XUK,1.0
SP004392,SP004435,SPX,DVP,MDW,9,EBF,XXI,XSR,0.529
SP004396,SP004435,SPX,RAM,MDW,9,EBF,XXI,XSR,0.529
SP004399,SP004433,EUS,GLC,NMP,8,XOD,BLY,LBZ,0.571
SP004399,SP004516,EUS,GLC,GLC,25,XOU,PRE,LAN,0.694
SP004399,SP004529,EUS,GLC,BHM,5,WFJ,XOE,KGL,0.161
SP004404,SP004618,RAM,SPX,SPX,12,XSI,AFK,XIW,0.444
SP004416,SP004476,PAD,BDW,BAN,6,RDG,RDW,GOR,0.545
SP004416,SP004599,PAD,BDW,WOS,6,RDG,RDW,GOR,0.429
SP004425,SP004428,SRA,HFE,HFE,7,BMD,ENL,WLC,0.5
SP004425,SP004439,SRA,HFE,BIS,7,BMD,ENL,WLC,0.538
SP004425,SP004442,SRA,HFE,BIS,7,BMD,ENL,WLC,0.5
SP004426,SP004526,BPN,LIV,MAN,6,XOU,EBA,CRL,0.462
SP004428,SP004439,SRA,HFE,BIS,10,BXB,RYH,RYN,0.769
SP004428,SP004442,SRA,HFE,BIS,10,BXB,RYH,RYN,0.714
SP004429,SP004610,HFE,SRA,LST,9,BMD,MRW,PON,0.6
SP004433,SP004516,EUS,NMP,GLC,8,XOD,LBZ,BLY,0.571
SP004433,SP004529,EUS,NMP,BHM,5,WFJ,XOE,KGL,0.357
SP004439,SP004442,SRA,BIS,BIS,12,HWN,BIS,SAW,0.923
SP004445,SP004479,MYB,BAN,PRR,6,GER,BCF,HWY,0.667
SP004445,SP004626,MYB,BAN,OXF,5,WRU,GER,DNM,0.278
SP004445,SP004639,MYB,BAN,BAN,5,WRU,GER,DNM,0.263
SP004445,SP004641,MYB,BAN,BSW,12,XJV,XGY,BCS,0.632
SP004451,SP004500,MIA,OXN,LIV,5,DGT,SLD,SFD,0.357
SP004452,SP004457,MCO,WAC,WAC,8,IRL,BWD,GLZ,0.727
SP004471,SP004472,LIV,WAC,WAC,10,SNK,WAC,WAW,0.909
SP004476,SP004599,PAD,BAN,WOS,7,GOR,OXF,DID,0.636
SP004479,SP004626,MYB,PRR,OXF,5,WRU,GER,DNM,0.556
SP004479,SP004639,MYB,PRR,BAN,5,WRU,GER,DNM,0.556
SP004479,SP004641,MYB,PRR,BSW,6,GER,HWY,BCF,0.667
SP004487,SP004582,BTN,BDM,BDM,10,GTW,ELD,SAF,0.263
SP004488,SP004633,OXF,MYB,MYB,10,HWY,SRG,BCF,0.556
SP004488,SP004643,OXF,MYB,MYB,10,HWY,SRG,BCF,0.556
SP004489,SP004503,MIA,CLE,BIF,7,MAN,LVM,MCO,0.226
SP004489,SP004572,MIA,CLE,BPN,7,MAN,LVM,MCO,0.269
SP004489,SP004585,MIA,CLE,SCA,7,MAN,LVM,ADK,0.233
SP004492,SP004494,PNZ,PLY,PLY,14,STS,SBF,DPT,0.875
SP004493,SP004501,GRV,CHX,CHX,10,BXY,AYP,SID,0.526
SP004498,SP004509,CRY,CST,CHX,5,NEH,MTG,LEE,0.455
SP004503,SP004572,MIA,BIF,BPN,12,XLK,HWI,LOT,0.462
SP004503,SP004585,MIA,BIF,SCA,7,MAN,MCO,ADK,0.233
SP004516,SP004529,EUS,GLC,BHM,5,WFJ,XOE,KGL,0.161
SP004518,SP004628,NRW,LIV,LIV,14,BTF,ELO,ALK,0.368
SP004531,SP004536,GLM,CST,CST,5,SOR,MEP,XWK,0.312
SP004532,SP004533,FAV,CST,CST,10,SOR,MEP,XWK,0.476
SP004534,SP004587,RAM,CST,XVJ,10,FAV,SIT,TEY,0.345
SP004534,SP004640,RAM,CST,RTR,10,FAV,SIT,TEY,0.588
SP004537,SP004538,CST,DVP,RAM,19,SIT,TEY,FAV,0.655
SP004546,SP004547,CHX,HGS,HGS,6,GRP,CIT,ESD,0.3
SP004546,SP004549,CHX,HGS,HGS,9,ORP,SEV,CLD,0.45
SP004546,SP004551,CHX,HGS,HGS,13,TBW,WAD,FRT,0.65
SP004547,SP004549,CHX,HGS,HGS,6,GRP,ESD,CIT,0.24
SP004547,SP004551,CHX,HGS,HGS,6,GRP,ESD,CIT,0.273
SP004549,SP004551,CHX,HGS,HGS,9,ORP,CLD,SEV,0.409
SP004555,SP004566,HGS,CHX,CST,20,ORP,XPE,PET,0.69
SP004560,SP004636,OXF,MYB,MYB,9,HWY,BCF,SRG,0.529
SP004563,SP004635,MYB,OXF,BMO,6,WRU,DNM,GER,0.353
SP004563,SP004637,MYB,OXF,AYS,8,GER,HWY,BCF,0.533
SP004567,SP004569,LST,ELY,ELY,5,TOM,PON,BMD,0.192
SP004567,SP004627,LST,ELY,SSD,5,TOM,PON,BMD,0.385
SP004569,SP004627,LST,ELY,SSD,8,BXB,RYN,HWN,0.615
SP004572,SP004585,MIA,BPN,SCA,7,MAN,MCO,ADK,0.269
SP004574,SP004579,BTN,BDM,CBG,7,GTW,HOR,ELD,0.2
SP004587,SP004640,RAM,XVJ,RTR,17,RTR,XRJ,,1.0
SP004596,SP004598,BDM,TBD,BTN,8,SAC,RDT,HEN,0.222
SP004601,SP004603,GLD,RAY,EAD,5,EFF,BKA,CSD,0.417
SP004605,SP004613,AFK,CHX,XVJ,19,XMU,CIT,XLY,0.704
SP004617,SP004619,DEE,EDB,EDB,8,INK,EGY,NQU,0.667
SP004626,SP004639,MYB,OXF,BAN,15,BIT,ISP,OXP,0.833
SP004626,SP004641,MYB,OXF,BSW,5,WRU,DNM,GER,0.278
SP004633,SP004643,OXF,MYB,MYB,12,GER,DNM,WRU,0.667
SP004634,SP004645,BSW,MYB,MYB,6,DDG,LPW,HTN,0.222
SP004635,SP004637,MYB,BMO,AYS,6,WRU,GER,DNM,0.4
SP004639,SP004641,MYB,BAN,BSW,5,WRU,DNM,GER,0.25
