crs,station_name,route_id
AAP,Alexandra Palace,R00064
AAP,Alexandra Palace,R00066
AAP,Alexandra Palace,R00073
AAP,Alexandra Palace,R00082
AAP,Alexandra Palace,R00094
AAP,Alexandra Palace,R00128
AAP,Alexandra Palace,R00129
AAP,Alexandra Palace,R00217
AAP,Alexandra Palace,R00271
AAP,Alexandra Palace,R00319
AAP,Alexandra Palace,R00321
AAP,Alexandra Palace,R00361
AAP,Alexandra Palace,R00365
AAP,Alexandra Palace,R00370
AAP,Alexandra Palace,R00373
AAP,Alexandra Palace,R00464
AAP,Alexandra Palace,R00465
AAP,Alexandra Palace,R00470
AAP,Alexandra Palace,R00477
AAP,Alexandra Palace,R00485
AAP,Alexandra Palace,R00496
AAP,Alexandra Palace,R00507
AAP,Alexandra Palace,R00620
AAP,Alexandra Palace,R00628
AAP,Alexandra Palace,R00660
AAP,Alexandra Palace,R00689
AAP,Alexandra Palace,R00690
AAP,Alexandra Palace,R00702
AAP,Alexandra Palace,R00705
AAP,Alexandra Palace,R00707
AAP,Alexandra Palace,R00727
AAP,Alexandra Palace,R00749
AAP,Alexandra Palace,R00819
AAP,Alexandra Palace,R00968
AAP,Alexandra Palace,R00970
AAP,Alexandra Palace,R00993
AAP,Alexandra Palace,R01171
AAP,Alexandra Palace,R01180
AAP,Alexandra Palace,R01283
AAP,Alexandra Palace,R01311
AAP,Alexandra Palace,R01313
AAP,Alexandra Palace,R01323
AAP,Alexandra Palace,R01384
AAP,Alexandra Palace,R01386
AAP,Alexandra Palace,R01492
AAP,Alexandra Palace,R01493
AAP,Alexandra Palace,R01494
AAP,Alexandra Palace,R01517
AAP,Alexandra Palace,R01586
AAP,Alexandra Palace,R01596
AAP,Alexandra Palace,R01606
AAP,Alexandra Palace,R01663
AAP,Alexandra Palace,R01686
AAP,Alexandra Palace,R01687
AAP,Alexandra Palace,R01688
AAP,Alexandra Palace,R01737
AAP,Alexandra Palace,R01764
AAT,Achanalt,R01157
AAT,Achanalt,R01160
ABA,Aberdare,R01364
ABA,Aberdare,R01643
ABA,Aberdare,R01809
ABA,Aberdare,R01919
ABC,Altnabreac,R01156
ABC,Altnabreac,R01157
ABC,Altnabreac,R01159
ABD,Aberdeen,R00073
ABD,Aberdeen,R00139
ABD,Aberdeen,R00145
ABD,Aberdeen,R00162
ABD,Aberdeen,R00467
ABD,Aberdeen,R00582
ABD,Aberdeen,R00687
ABD,Aberdeen,R00690
ABD,Aberdeen,R00749
ABD,Aberdeen,R00750
ABD,Aberdeen,R01028
ABD,Aberdeen,R01129
ABD,Aberdeen,R01130
ABD,Aberdeen,R01142
ABD,Aberdeen,R01185
ABD,Aberdeen,R01244
ABD,Aberdeen,R01314
ABD,Aberdeen,R01315
ABD,Aberdeen,R01316
ABD,Aberdeen,R01327
ABD,Aberdeen,R01449
ABD,Aberdeen,R01544
ABE,Aber,R00080
ABE,Aber,R00266
ABE,Aber,R00278
ABE,Aber,R00605
ABE,Aber,R00682
ABE,Aber,R00709
ABE,Aber,R00728
ABE,Aber,R00840
ABF,,R00412
ABH,Abererch,R00068
ABH,Abererch,R00330
ABW,Abbey Wood,R00076
ABW,Abbey Wood,R00079
ABW,Abbey Wood,R00092
ABW,Abbey Wood,R00125
ABW,Abbey Wood,R00188
ABW,Abbey Wood,R00297
ABW,Abbey Wood,R00491
ABW,Abbey Wood,R00516
ABW,Abbey Wood,R00526
ABW,Abbey Wood,R00536
ABW,Abbey Wood,R00608
ABW,Abbey Wood,R00610
ABW,Abbey Wood,R00654
ABW,Abbey Wood,R00971
ABW,Abbey Wood,R00972
ABW,Abbey Wood,R01503
ABW,Abbey Wood,R01745
ABW,Abbey Wood,R02081
ABX,,R01184
ABX,,R01416
ABX,,R01431
ABX,,R01581
ABX,,R01692
ABX,,R01694
ABX,,R01701
ABX,,R01719
ABY,Ashburys,R00063
ABY,Ashburys,R00082
ABY,Ashburys,R00290
ABY,Ashburys,R00316
ABY,Ashburys,R00326
ABY,Ashburys,R00386
ABY,Ashburys,R00409
ABY,Ashburys,R00432
ABY,Ashburys,R00449
ABY,Ashburys,R00453
ABY,Ashburys,R00456
ABY,Ashburys,R00466
ABY,Ashburys,R00468
ABY,Ashburys,R00473
ABY,Ashburys,R00520
ABY,Ashburys,R00578
ABY,Ashburys,R00640
ABY,Ashburys,R00662
ABY,Ashburys,R00693
ABY,Ashburys,R00771
ABY,Ashburys,R00781
ABY,Ashburys,R00790
ABY,Ashburys,R00842
ABY,Ashburys,R00931
ABY,Ashburys,R00963
ABY,Ashburys,R00976
ABY,Ashburys,R00995
ABY,Ashburys,R01007
ABY,Ashburys,R01061
ABY,Ashburys,R01073
ABY,Ashburys,R01075
ABY,Ashburys,R01081
ABY,Ashburys,R01082
ABY,Ashburys,R01085
ABY,Ashburys,R01087
ABY,Ashburys,R01388
ABY,Ashburys,R01452
ABY,Ashburys,R01908
ABY,Ashburys,R01909
ABY,Ashburys,R01968
ABY,Ashburys,R02044
ACB,Acton Bridge,R00056
ACB,Acton Bridge,R00102
ACB,Acton Bridge,R00114
ACB,Acton Bridge,R00311
ACB,Acton Bridge,R00581
ACB,Acton Bridge,R00647
ACB,Acton Bridge,R00704
ACB,Acton Bridge,R00825
ACB,Acton Bridge,R00939
ACB,Acton Bridge,R01054
ACB,Acton Bridge,R01077
ACB,Acton Bridge,R01198
ACB,Acton Bridge,R01247
ACB,Acton Bridge,R01251
ACB,Acton Bridge,R01256
ACB,Acton Bridge,R01259
ACB,Acton Bridge,R01281
ACB,Acton Bridge,R01432
ACB,Acton Bridge,R01599
ACB,Acton Bridge,R01690
ACB,Acton Bridge,R01691
ACB,Acton Bridge,R01697
ACB,Acton Bridge,R01905
ACB,Acton Bridge,R02088
ACC,Acton Central,R00252
ACC,Acton Central,R00258
ACC,Acton Central,R01071
ACC,Acton Central,R01567
ACG,Acocks Green,R00088
ACG,Acocks Green,R00126
ACG,Acocks Green,R00246
ACG,Acocks Green,R00396
ACG,Acocks Green,R00776
ACG,Acocks Green,R00788
ACG,Acocks Green,R00884
ACG,Acocks Green,R00896
ACG,Acocks Green,R00901
ACG,Acocks Green,R01188
ACG,Acocks Green,R01496
ACG,Acocks Green,R01585
ACG,Acocks Green,R01924
ACH,Achnashellach,R01157
ACH,Achnashellach,R01160
ACK,Acklington,R00531
ACK,Acklington,R00613
ACL,Acle,R00208
ACL,Acle,R01487
ACL,Acle,R01495
ACL,Acle,R01812
ACN,Achnasheen,R01157
ACN,Achnasheen,R01160
ACR,Accrington,R00119
ACR,Accrington,R00121
ACR,Accrington,R00249
ACR,Accrington,R00277
ACR,Accrington,R00360
ACR,Accrington,R00647
ACR,Accrington,R00651
ACR,Accrington,R00836
ACR,Accrington,R01320
ACR,Accrington,R01613
ACR,Accrington,R01804
ACR,Accrington,R01974
ACT,Ascot,R00301
ACT,Ascot,R00715
ACT,Ascot,R00718
ACT,Ascot,R00797
ACT,Ascot,R00798
ACT,Ascot,R00811
ACT,Ascot,R00855
ACT,Ascot,R00861
ACT,Ascot,R01005
ACT,Ascot,R01006
ACT,Ascot,R02102
ACY,Abercynon,R00594
ACY,Abercynon,R01364
ACY,Abercynon,R01643
ACY,Abercynon,R01809
ACY,Abercynon,R01919
ADC,Adlington (Cheshire),R00562
ADC,Adlington (Cheshire),R00780
ADC,Adlington (Cheshire),R01013
ADC,Adlington (Cheshire),R01030
ADC,Adlington (Cheshire),R01031
ADC,Adlington (Cheshire),R01380
ADD,Adderley Park,R00056
ADD,Adderley Park,R00899
ADD,Adderley Park,R00907
ADD,Adderley Park,R01004
ADD,Adderley Park,R01153
ADD,Adderley Park,R01280
ADK,Ardwick,R00063
ADK,Ardwick,R00432
ADK,Ardwick,R00453
ADK,Ardwick,R00466
ADK,Ardwick,R00473
ADK,Ardwick,R00640
ADK,Ardwick,R00842
ADK,Ardwick,R01007
ADK,Ardwick,R01085
ADK,Ardwick,R01388
ADK,Ardwick,R01908
ADK,Ardwick,R02044
ADL,Adlington (Lancashire),R00130
ADL,Adlington (Lancashire),R00206
ADL,Adlington (Lancashire),R00457
ADL,Adlington (Lancashire),R00508
ADL,Adlington (Lancashire),R00640
ADL,Adlington (Lancashire),R00647
ADL,Adlington (Lancashire),R00947
ADL,Adlington (Lancashire),R01077
ADL,Adlington (Lancashire),R01621
ADL,Adlington (Lancashire),R01902
ADM,Adisham,R00125
ADM,Adisham,R00345
ADM,Adisham,R00413
ADM,Adisham,R00414
ADM,Adisham,R00437
ADM,Adisham,R01561
ADM,Adisham,R01627
ADN,Ardrossan Town,R00166
ADN,Ardrossan Town,R01204
ADN,Ardrossan Town,R01205
ADN,Ardrossan Town,R01208
ADN,Ardrossan Town,R01209
ADR,Airdrie,R00106
ADR,Airdrie,R00179
ADR,Airdrie,R00289
ADR,Airdrie,R00378
ADR,Airdrie,R00480
ADR,Airdrie,R00988
ADR,Airdrie,R01155
ADR,Airdrie,R01173
ADR,Airdrie,R01591
ADR,Airdrie,R01844
ADR,Airdrie,R01875
ADR,Airdrie,R01876
ADR,Airdrie,R01879
ADR,Airdrie,R01880
ADR,Airdrie,R02062
ADR,Airdrie,R02097
ADS,Ardrossan Harbour,R00166
ADS,Ardrossan Harbour,R01204
ADS,Ardrossan Harbour,R01205
ADS,Ardrossan Harbour,R01208
ADS,Ardrossan Harbour,R01209
ADS,Ardrossan Harbour,R01925
ADS,Ardrossan Harbour,R02059
ADV,Andover,R00331
ADV,Andover,R00665
ADV,Andover,R00672
ADV,Andover,R00675
ADV,Andover,R00677
ADV,Andover,R00694
ADV,Andover,R00700
ADV,Andover,R00711
ADV,Andover,R00746
ADV,Andover,R00761
ADV,Andover,R01097
ADV,Andover,R01103
ADW,Addiewell,R00183
ADW,Addiewell,R00184
ADW,Addiewell,R01176
ADW,Addiewell,R01221
ADW,Addiewell,R01270
ADW,Addiewell,R01464
AER,,R00191
AER,,R00198
AER,,R00202
AER,,R00204
AFK,Ashford International,R00014
AFK,Ashford International,R00125
AFK,Ashford International,R00221
AFK,Ashford International,R00256
AFK,Ashford International,R00413
AFK,Ashford International,R00436
AFK,Ashford International,R00489
AFK,Ashford International,R00503
AFK,Ashford International,R00514
AFK,Ashford International,R00524
AFK,Ashford International,R00528
AFK,Ashford International,R00539
AFK,Ashford International,R00542
AFK,Ashford International,R00611
AFK,Ashford International,R00664
AFK,Ashford International,R00668
AFK,Ashford International,R00671
AFK,Ashford International,R00854
AFK,Ashford International,R00857
AFK,Ashford International,R00862
AFK,Ashford International,R00950
AFK,Ashford International,R00990
AFK,Ashford International,R01015
AFK,Ashford International,R01090
AFK,Ashford International,R01099
AFK,Ashford International,R01117
AFK,Ashford International,R01134
AFK,Ashford International,R01500
AFK,Ashford International,R01501
AFK,Ashford International,R01568
AFK,Ashford International,R01587
AFK,Ashford International,R01636
AFK,Ashford International,R01637
AFK,Ashford International,R01639
AFK,Ashford International,R01645
AFK,Ashford International,R01660
AFK,Ashford International,R01995
AFK,Ashford International,R01997
AFK,Ashford International,R02005
AFK,Ashford International,R02015
AFK,Ashford International,R02094
AFK,Ashford International,R02098
AFS,Ashford Surrey,R00699
AFS,Ashford Surrey,R00715
AFS,Ashford Surrey,R00718
AFS,Ashford Surrey,R00745
AFS,Ashford Surrey,R00807
AFS,Ashford Surrey,R00980
AFS,Ashford Surrey,R01032
AFS,Ashford Surrey,R01051
AFS,Ashford Surrey,R01052
AFS,Ashford Surrey,R01913
AFS,Ashford Surrey,R01981
AFV,Ansdell & Fairhaven,R01321
AFV,Ansdell & Fairhaven,R01484
AFV,Ansdell & Fairhaven,R01580
AGL,Abergele & Pensarn,R00056
AGL,Abergele & Pensarn,R00058
AGL,Abergele & Pensarn,R00418
AGL,Abergele & Pensarn,R00568
AGL,Abergele & Pensarn,R00578
AGL,Abergele & Pensarn,R00579
AGL,Abergele & Pensarn,R00590
AGL,Abergele & Pensarn,R00592
AGL,Abergele & Pensarn,R00760
AGL,Abergele & Pensarn,R00902
AGL,Abergele & Pensarn,R01047
AGL,Abergele & Pensarn,R01307
AGL,Abergele & Pensarn,R01518
AGL,Abergele & Pensarn,R01526
AGL,Abergele & Pensarn,R01552
AGL,Abergele & Pensarn,R01710
AGS,Argyle Street,R00378
AGS,Argyle Street,R00480
AGS,Argyle Street,R00858
AGS,Argyle Street,R00988
AGS,Argyle Street,R01021
AGS,Argyle Street,R01136
AGS,Argyle Street,R01137
AGS,Argyle Street,R01199
AGS,Argyle Street,R01579
AGS,Argyle Street,R01790
AGS,Argyle Street,R01792
AGS,Argyle Street,R01808
AGT,Aldrington,R00239
AGT,Aldrington,R00657
AGT,Aldrington,R00740
AGT,Aldrington,R00743
AGT,Aldrington,R00812
AGT,Aldrington,R00930
AGT,Aldrington,R00967
AGT,Aldrington,R00969
AGT,Aldrington,R01009
AGT,Aldrington,R01367
AGT,Aldrington,R01419
AGV,Abergavenny,R00077
AGV,Abergavenny,R00562
AGV,Abergavenny,R00590
AGV,Abergavenny,R00592
AGV,Abergavenny,R00600
AGV,Abergavenny,R00785
AGV,Abergavenny,R00796
AGV,Abergavenny,R00916
AGV,Abergavenny,R01063
AGV,Abergavenny,R01123
AGV,Abergavenny,R01248
AGV,Abergavenny,R01265
AGV,Abergavenny,R01307
AGV,Abergavenny,R01554
AGV,Abergavenny,R01738
AGV,Abergavenny,R01773
AHD,Ashtead,R00322
AHD,Ashtead,R00632
AHD,Ashtead,R00799
AHD,Ashtead,R00867
AHD,Ashtead,R00953
AHD,Ashtead,R01042
AHD,Ashtead,R01391
AHD,Ashtead,R01512
AHD,Ashtead,R01683
AHD,Ashtead,R01858
AHS,Ashurst Kent,R00253
AHS,Ashurst Kent,R00666
AHS,Ashurst Kent,R00667
AHS,Ashurst Kent,R01016
AHT,Aldershot,R00597
AHT,Aldershot,R00598
AHT,Aldershot,R00599
AHT,Aldershot,R00616
AHT,Aldershot,R00715
AHT,Aldershot,R00718
AHT,Aldershot,R00926
AHT,Aldershot,R00958
AHT,Aldershot,R00959
AHT,Aldershot,R01005
AHT,Aldershot,R01006
AHT,Aldershot,R01224
AHT,Aldershot,R01752
AHV,Ash Vale,R00597
AHV,Ash Vale,R00598
AHV,Ash Vale,R00599
AHV,Ash Vale,R00616
AHV,Ash Vale,R00715
AHV,Ash Vale,R00718
AHV,Ash Vale,R00926
AHV,Ash Vale,R01005
AHV,Ash Vale,R01006
AHV,Ash Vale,R01224
AHV,Ash Vale,R01752
AIG,Aigburth,R01003
AIG,Aigburth,R01430
AIG,Aigburth,R01759
AIN,Aintree,R01003
AIN,Aintree,R01430
AIN,Aintree,R01749
AIR,Airbles,R00030
AIR,Airbles,R00136
AIR,Airbles,R00378
AIR,Airbles,R00480
AIR,Airbles,R00858
AIR,Airbles,R01792
AIR,Airbles,R01808
ALB,Albrighton,R00058
ALB,Albrighton,R00571
ALB,Albrighton,R00902
ALB,Albrighton,R00999
ALB,Albrighton,R01054
ALB,Albrighton,R01063
ALB,Albrighton,R01259
ALB,Albrighton,R01498
ALB,Albrighton,R01546
ALB,Albrighton,R02075
ALB,Albrighton,R02076
ALD,Alderley Edge,R00056
ALD,Alderley Edge,R00077
ALD,Alderley Edge,R00341
ALD,Alderley Edge,R00527
ALD,Alderley Edge,R00562
ALD,Alderley Edge,R00588
ALD,Alderley Edge,R00592
ALD,Alderley Edge,R00600
ALD,Alderley Edge,R00724
ALD,Alderley Edge,R00758
ALD,Alderley Edge,R00796
ALD,Alderley Edge,R00902
ALD,Alderley Edge,R00964
ALD,Alderley Edge,R01265
ALD,Alderley Edge,R01365
ALD,Alderley Edge,R01773
ALD,Alderley Edge,R02086
ALE,,R00056
ALE,,R00062
ALE,,R00063
ALE,,R00311
ALE,,R00336
ALE,,R00441
ALE,,R00561
ALE,,R00565
ALE,,R00579
ALE,,R00760
ALE,,R00765
ALE,,R00830
ALE,,R00939
ALE,,R01047
ALE,,R01054
ALE,,R01059
ALE,,R01198
ALE,,R01247
ALE,,R01251
ALE,,R01256
ALE,,R01259
ALE,,R01353
ALE,,R01452
ALE,,R01562
ALE,,R01563
ALE,,R01564
ALE,,R01566
ALE,,R01570
ALE,,R01727
ALE,,R01848
ALE,,R02052
ALE,,R02053
ALF,Alfreton,R00063
ALF,Alfreton,R00328
ALF,Alfreton,R00334
ALF,Alfreton,R00336
ALF,Alfreton,R00441
ALF,Alfreton,R00495
ALF,Alfreton,R00830
ALF,Alfreton,R00846
ALF,Alfreton,R01292
ALF,Alfreton,R01450
ALF,Alfreton,R01848
ALF,Alfreton,R01968
ALK,Aslockton,R00063
ALK,Aslockton,R00194
ALK,Aslockton,R00195
ALK,Aslockton,R00196
ALK,Aslockton,R00197
ALK,Aslockton,R00205
ALK,Aslockton,R00218
ALK,Aslockton,R00220
ALK,Aslockton,R00222
ALK,Aslockton,R00336
ALK,Aslockton,R00809
ALK,Aslockton,R00846
ALM,Alnmouth,R00073
ALM,Alnmouth,R00305
ALM,Alnmouth,R00313
ALM,Alnmouth,R00321
ALM,Alnmouth,R00344
ALM,Alnmouth,R00354
ALM,Alnmouth,R00455
ALM,Alnmouth,R00464
ALM,Alnmouth,R00470
ALM,Alnmouth,R00486
ALM,Alnmouth,R00496
ALM,Alnmouth,R00531
ALM,Alnmouth,R00582
ALM,Alnmouth,R00613
ALM,Alnmouth,R00690
ALM,Alnmouth,R00749
ALM,Alnmouth,R00935
ALM,Alnmouth,R00948
ALM,Alnmouth,R01169
ALM,Alnmouth,R02071
ALN,Althorne,R00832
ALN,Althorne,R01891
ALN,Althorne,R01957
ALO,Alloa,R00145
ALO,Alloa,R01929
ALO,Alloa,R01933
ALP,Althorpe,R00062
ALP,Althorpe,R00063
ALP,Althorpe,R00640
ALP,Althorpe,R00765
ALP,Althorpe,R01396
ALP,Althorpe,R01576
ALP,Althorpe,R01726
ALR,Alresford,R00832
ALR,Alresford,R00881
ALR,Alresford,R01351
ALR,Alresford,R01352
ALR,Alresford,R01904
ALT,Altrincham,R00512
ALT,Altrincham,R00519
ALT,Altrincham,R01133
ALT,Altrincham,R02013
ALV,Alvechurch,R00037
ALV,Alvechurch,R00759
ALV,Alvechurch,R01886
ALW,Allens West,R00847
ALW,Allens West,R01523
ALW,Allens West,R01533
ALW,Allens West,R01534
ALX,Alexandria,R00289
ALX,Alexandria,R00375
ALX,Alexandria,R01173
ALX,Alexandria,R01805
ALX,Alexandria,R01807
AMB,Ambergate,R00347
AMB,Ambergate,R00513
AMB,Ambergate,R00515
AMB,Ambergate,R00661
AMB,Ambergate,R01412
AMB,Ambergate,R01425
AMB,Ambergate,R01440
AMB,Ambergate,R01441
AMB,Ambergate,R01893
AMF,Ammanford,R00385
AMF,Ammanford,R00600
AMF,Ammanford,R01851
AMF,Ammanford,R01852
AMF,Ammanford,R01927
AML,Acton Main Line,R00105
AML,Acton Main Line,R00342
AML,Acton Main Line,R00362
AML,Acton Main Line,R00387
AML,Acton Main Line,R00550
AML,Acton Main Line,R00582
AML,Acton Main Line,R00850
AML,Acton Main Line,R00917
AML,Acton Main Line,R01037
AML,Acton Main Line,R01038
AML,Acton Main Line,R01056
AML,Acton Main Line,R01151
AML,Acton Main Line,R01184
AML,Acton Main Line,R01374
AML,Acton Main Line,R01381
AML,Acton Main Line,R01416
AML,Acton Main Line,R01581
AML,Acton Main Line,R01593
AML,Acton Main Line,R01595
AML,Acton Main Line,R01690
AML,Acton Main Line,R01692
AML,Acton Main Line,R01701
AML,Acton Main Line,R01712
AML,Acton Main Line,R01719
AML,Acton Main Line,R01748
AML,Acton Main Line,R01943
AMR,Amersham,R00017
AMR,Amersham,R01308
AMR,Amersham,R01410
AMS,,R01089
AMS,,R01296
AMT,Aldermaston,R00034
AMT,Aldermaston,R00550
AMT,Aldermaston,R00726
AMT,Aldermaston,R01373
AMT,Aldermaston,R01381
AMT,Aldermaston,R01669
AMT,Aldermaston,R02068
AMY,Amberley,R00043
AMY,Amberley,R00199
AMY,Amberley,R00248
AMY,Amberley,R00633
AMY,Amberley,R00655
AMY,Amberley,R00656
AMY,Amberley,R00657
AMY,Amberley,R01011
AMY,Amberley,R01367
ANC,Ancaster,R00195
ANC,Ancaster,R00196
ANC,Ancaster,R00197
ANC,Ancaster,R00205
ANC,Ancaster,R00218
ANC,Ancaster,R00220
ANC,Ancaster,R00222
AND,Anderston,R00378
AND,Anderston,R00480
AND,Anderston,R00858
AND,Anderston,R00988
AND,Anderston,R01021
AND,Anderston,R01136
AND,Anderston,R01137
AND,Anderston,R01199
AND,Anderston,R01579
AND,Anderston,R01790
AND,Anderston,R01792
AND,Anderston,R01808
ANF,Ashurst New Forest,R00329
ANF,Ashurst New Forest,R00331
ANF,Ashurst New Forest,R00431
ANF,Ashurst New Forest,R00626
ANF,Ashurst New Forest,R00629
ANF,Ashurst New Forest,R00631
ANF,Ashurst New Forest,R00753
ANF,Ashurst New Forest,R00783
ANF,Ashurst New Forest,R00786
ANG,Angmering,R00043
ANG,Angmering,R00199
ANG,Angmering,R00239
ANG,Angmering,R00253
ANG,Angmering,R00657
ANG,Angmering,R00740
ANG,Angmering,R00742
ANG,Angmering,R00743
ANG,Angmering,R00748
ANG,Angmering,R00812
ANG,Angmering,R00967
ANG,Angmering,R00969
ANG,Angmering,R01009
ANG,Angmering,R01039
ANG,Angmering,R01097
ANG,Angmering,R01419
ANG,Angmering,R01930
ANL,Anniesland,R00106
ANL,Anniesland,R00179
ANL,Anniesland,R00235
ANL,Anniesland,R00247
ANL,Anniesland,R00289
ANL,Anniesland,R00375
ANL,Anniesland,R00480
ANL,Anniesland,R00858
ANL,Anniesland,R00988
ANL,Anniesland,R01021
ANL,Anniesland,R01136
ANL,Anniesland,R01137
ANL,Anniesland,R01155
ANL,Anniesland,R01173
ANL,Anniesland,R01808
ANL,Anniesland,R01875
ANL,Anniesland,R01876
ANL,Anniesland,R01880
ANL,Anniesland,R02062
ANL,Anniesland,R02097
ANN,Annan,R00383
ANN,Annan,R01215
ANN,Annan,R01304
ANS,Ainsdale,R00557
ANS,Ainsdale,R01345
ANS,Ainsdale,R01611
ANZ,Anerley,R00003
ANZ,Anerley,R00020
ANZ,Anerley,R00075
ANZ,Anerley,R00217
ANZ,Anerley,R00241
ANZ,Anerley,R00575
ANZ,Anerley,R00660
ANZ,Anerley,R00667
ANZ,Anerley,R00727
ANZ,Anerley,R00837
ANZ,Anerley,R00968
ANZ,Anerley,R01180
ANZ,Anerley,R01241
ANZ,Anerley,R01252
ANZ,Anerley,R01257
ANZ,Anerley,R01399
ANZ,Anerley,R01565
ANZ,Anerley,R01600
AON,Alton,R00597
AON,Alton,R00598
AON,Alton,R00599
AON,Alton,R00616
AON,Alton,R01224
AON,Alton,R01752
AON,Alton,R01856
APB,Appley Bridge,R00059
APB,Appley Bridge,R00069
APB,Appley Bridge,R00074
APB,Appley Bridge,R00408
APB,Appley Bridge,R01053
APB,Appley Bridge,R01091
APB,Appley Bridge,R01678
APB,Appley Bridge,R01713
APD,Appledore (Kent),R00503
APD,Appledore (Kent),R00950
APD,Appledore (Kent),R00990
APD,Appledore (Kent),R01117
APD,Appledore (Kent),R01134
APF,Appleford,R00387
APF,Appleford,R00583
APF,Appleford,R01374
APF,Appleford,R01389
APF,Appleford,R01535
APG,Aspley Guise,R00173
APG,Aspley Guise,R00178
APN,,R00546
APN,,R00556
APN,,R00679
APP,Appleby,R00374
APP,Appleby,R01125
APP,Appleby,R01274
APP,Appleby,R01717
APS,Apsley,R00056
APS,Apsley,R00131
APS,Apsley,R00390
APS,Apsley,R00638
APS,Apsley,R00829
APS,Apsley,R00879
APS,Apsley,R01074
APY,Apperley Bridge,R00494
APY,Apperley Bridge,R00848
APY,Apperley Bridge,R00849
APY,Apperley Bridge,R01475
ARA,,R01401
ARA,,R01827
ARA,,R01828
ARB,Arbroath,R00073
ARB,Arbroath,R00139
ARB,Arbroath,R00145
ARB,Arbroath,R00162
ARB,Arbroath,R00467
ARB,Arbroath,R00476
ARB,Arbroath,R00582
ARB,Arbroath,R00687
ARB,Arbroath,R00690
ARB,Arbroath,R00692
ARB,Arbroath,R00749
ARB,Arbroath,R00750
ARB,Arbroath,R01028
ARB,Arbroath,R01129
ARB,Arbroath,R01166
ARB,Arbroath,R01185
ARB,Arbroath,R01244
ARB,Arbroath,R01544
ARB,Arbroath,R01870
ARB,Arbroath,R01873
ARD,Ardgay,R00960
ARD,Ardgay,R01101
ARD,Ardgay,R01156
ARD,Ardgay,R01157
ARD,Ardgay,R01159
ARG,Arisaig,R01140
ARG,Arisaig,R01141
ARG,Arisaig,R01297
ARL,Arlesey,R00073
ARL,Arlesey,R00094
ARL,Arlesey,R00217
ARL,Arlesey,R00319
ARL,Arlesey,R00321
ARL,Arlesey,R00370
ARL,Arlesey,R00465
ARL,Arlesey,R00485
ARL,Arlesey,R00727
ARL,Arlesey,R00749
ARL,Arlesey,R01171
ARL,Arlesey,R01180
ARL,Arlesey,R01494
ARL,Arlesey,R01686
ARM,Armadale,R00106
ARM,Armadale,R00179
ARM,Armadale,R00378
ARM,Armadale,R00480
ARM,Armadale,R01591
ARM,Armadale,R01875
ARM,Armadale,R01879
ARN,Arnside,R00142
ARN,Arnside,R00457
ARN,Arnside,R00640
ARN,Arnside,R00817
ARN,Arnside,R01018
ARN,Arnside,R01242
ARN,Arnside,R01621
ARN,Arnside,R01622
ARN,Arnside,R01966
ARR,Arram,R00228
ARR,Arram,R00460
ARR,Arram,R00769
ARR,Arram,R01404
ARR,Arram,R01485
ART,Arrochar & Tarbet,R00287
ART,Arrochar & Tarbet,R01138
ART,Arrochar & Tarbet,R01139
ART,Arrochar & Tarbet,R01295
ART,Arrochar & Tarbet,R01297
ART,Arrochar & Tarbet,R01865
ART,Arrochar & Tarbet,R02062
ART,Arrochar & Tarbet,R02097
ARU,Arundel,R00043
ARU,Arundel,R00199
ARU,Arundel,R00248
ARU,Arundel,R00253
ARU,Arundel,R00633
ARU,Arundel,R00655
ARU,Arundel,R00656
ARU,Arundel,R00657
ARU,Arundel,R01011
ARU,Arundel,R01367
ARU,Arundel,R01419
ASB,Ardrossan South Beach,R00163
ASB,Ardrossan South Beach,R00166
ASB,Ardrossan South Beach,R01150
ASB,Ardrossan South Beach,R01204
ASB,Ardrossan South Beach,R01205
ASB,Ardrossan South Beach,R01208
ASB,Ardrossan South Beach,R01209
ASC,Ashchurch for Tewkesbury,R00023
ASC,Ashchurch for Tewkesbury,R00028
ASC,Ashchurch for Tewkesbury,R00034
ASC,Ashchurch for Tewkesbury,R00085
ASC,Ashchurch for Tewkesbury,R00089
ASC,Ashchurch for Tewkesbury,R00283
ASC,Ashchurch for Tewkesbury,R00321
ASC,Ashchurch for Tewkesbury,R00347
ASC,Ashchurch for Tewkesbury,R00354
ASC,Ashchurch for Tewkesbury,R00369
ASC,Ashchurch for Tewkesbury,R00372
ASC,Ashchurch for Tewkesbury,R00379
ASC,Ashchurch for Tewkesbury,R00455
ASC,Ashchurch for Tewkesbury,R00465
ASC,Ashchurch for Tewkesbury,R00468
ASC,Ashchurch for Tewkesbury,R00582
ASC,Ashchurch for Tewkesbury,R00661
ASC,Ashchurch for Tewkesbury,R00690
ASC,Ashchurch for Tewkesbury,R00784
ASC,Ashchurch for Tewkesbury,R00880
ASC,Ashchurch for Tewkesbury,R00935
ASC,Ashchurch for Tewkesbury,R00948
ASC,Ashchurch for Tewkesbury,R00974
ASC,Ashchurch for Tewkesbury,R00975
ASC,Ashchurch for Tewkesbury,R00977
ASC,Ashchurch for Tewkesbury,R01106
ASC,Ashchurch for Tewkesbury,R01222
ASC,Ashchurch for Tewkesbury,R01414
ASC,Ashchurch for Tewkesbury,R01725
ASD,Ashley Down,R01344
ASD,Ashley Down,R01346
ASD,Ashley Down,R01747
ASF,Ashfield,R00235
ASF,Ashfield,R00247
ASG,Alsager,R00056
ASG,Alsager,R00341
ASG,Alsager,R00347
ASG,Alsager,R00410
ASG,Alsager,R00459
ASG,Alsager,R00578
ASG,Alsager,R00661
ASG,Alsager,R00964
ASG,Alsager,R01078
ASG,Alsager,R01207
ASG,Alsager,R01425
ASG,Alsager,R01426
ASG,Alsager,R01427
ASG,Alsager,R01428
ASH,Ash,R00233
ASH,Ash,R00422
ASH,Ash,R00427
ASH,Ash,R00927
ASH,Ash,R00958
ASH,Ash,R00959
ASH,Ash,R01187
ASH,Ash,R01287
ASH,Ash,R01290
ASH,Ash,R01291
ASH,Ash,R01445
ASH,Ash,R01476
ASK,Askam,R00142
ASK,Askam,R00814
ASK,Askam,R00817
ASK,Askam,R01018
ASK,Askam,R01242
ASK,Askam,R01622
ASL,Ashington,R00318
ASL,Ashington,R00320
ASL,Ashington,R00433
ASN,Addlestone,R00699
ASN,Addlestone,R00745
ASN,Addlestone,R00980
ASN,Addlestone,R01913
ASN,Addlestone,R01981
ASP,Aspatria,R01588
ASP,Aspatria,R01589
ASP,Aspatria,R01965
ASP,Aspatria,R01970
ASS,Alness,R00960
ASS,Alness,R01101
ASS,Alness,R01156
ASS,Alness,R01157
ASS,Alness,R01159
ASS,Alness,R01842
ASS,Alness,R01843
AST,Aston,R00037
AST,Aston,R00040
AST,Aston,R00056
AST,Aston,R00104
AST,Aston,R00642
AST,Aston,R00704
AST,Aston,R00759
AST,Aston,R00863
AST,Aston,R00907
AST,Aston,R01148
AST,Aston,R01158
AST,Aston,R01225
AST,Aston,R01256
AST,Aston,R01275
AST,Aston,R01310
AST,Aston,R01442
AST,Aston,R01497
AST,Aston,R01834
ASY,Ashley,R00512
ASY,Ashley,R00519
ASY,Ashley,R01133
ASY,Ashley,R02013
ATB,Attenborough,R00023
ATB,Attenborough,R00156
ATB,Attenborough,R00214
ATB,Attenborough,R00459
ATB,Attenborough,R00513
ATB,Attenborough,R00661
ATB,Attenborough,R00992
ATB,Attenborough,R01076
ATB,Attenborough,R01207
ATB,Attenborough,R01412
ATB,Attenborough,R01425
ATB,Attenborough,R01426
ATB,Attenborough,R01427
ATB,Attenborough,R01428
ATB,Attenborough,R01772
ATB,Attenborough,R01940
ATE,,R01377
ATE,,R01638
ATH,Atherstone,R00056
ATH,Atherstone,R00114
ATH,Atherstone,R00311
ATH,Atherstone,R00820
ATH,Atherstone,R00845
ATH,Atherstone,R01077
ATH,Atherstone,R01307
ATH,Atherstone,R01697
ATH,Atherstone,R01905
ATH,Atherstone,R02086
ATL,Attleborough,R00063
ATL,Attleborough,R00156
ATL,Attleborough,R00203
ATL,Attleborough,R00220
ATL,Attleborough,R00304
ATL,Attleborough,R00336
ATL,Attleborough,R00792
ATL,Attleborough,R00846
ATL,Attleborough,R00954
ATL,Attleborough,R01268
ATL,Attleborough,R01335
ATL,Attleborough,R01470
ATL,Attleborough,R01472
ATL,Attleborough,R01982
ATL,Attleborough,R01983
ATN,Atherton,R01040
ATN,Atherton,R01053
ATN,Atherton,R01154
ATN,Atherton,R01161
ATN,Atherton,R01167
ATN,Atherton,R01178
ATT,Attadale,R01157
ATT,Attadale,R01160
AUD,Audley End,R00029
AUD,Audley End,R00187
AUD,Audley End,R00336
AUD,Audley End,R00379
AUD,Audley End,R00628
AUD,Audley End,R00994
AUD,Audley End,R01203
AUD,Audley End,R01210
AUD,Audley End,R01268
AUD,Audley End,R01286
AUD,Audley End,R01348
AUD,Audley End,R01356
AUD,Audley End,R01470
AUD,Audley End,R01887
AUD,Audley End,R01917
AUG,Aughton Park,R01003
AUG,Aughton Park,R01430
AUG,Aughton Park,R01749
AUI,Ardlui,R00287
AUI,Ardlui,R01138
AUI,Ardlui,R01139
AUI,Ardlui,R01295
AUI,Ardlui,R01297
AUI,Ardlui,R01865
AUI,Ardlui,R02062
AUI,Ardlui,R02097
AUK,Auchinleck,R00383
AUK,Auchinleck,R01175
AUK,Auchinleck,R01215
AUK,Auchinleck,R01368
AUK,Auchinleck,R01666
AUR,Aberdour,R00045
AUR,Aberdour,R00048
AUR,Aberdour,R00123
AUR,Aberdour,R00574
AUR,Aberdour,R01244
AUW,Ascott-Under-Wychwood,R00034
AUW,Ascott-Under-Wychwood,R00362
AUW,Ascott-Under-Wychwood,R00368
AUW,Ascott-Under-Wychwood,R00381
AUW,Ascott-Under-Wychwood,R00387
AUW,Ascott-Under-Wychwood,R00583
AUW,Ascott-Under-Wychwood,R01037
AUW,Ascott-Under-Wychwood,R01222
AUW,Ascott-Under-Wychwood,R01298
AUW,Ascott-Under-Wychwood,R01732
AUW,Ascott-Under-Wychwood,R01733
AVF,Avoncliff,R00055
AVF,Avoncliff,R00348
AVF,Avoncliff,R00430
AVF,Avoncliff,R00439
AVF,Avoncliff,R00720
AVF,Avoncliff,R01034
AVF,Avoncliff,R01319
AVF,Avoncliff,R01462
AVF,Avoncliff,R01478
AVF,Avoncliff,R01479
AVF,Avoncliff,R01667
AVF,Avoncliff,R01715
AVM,Aviemore,R00056
AVM,Aviemore,R00073
AVM,Aviemore,R00464
AVM,Aviemore,R00467
AVM,Aviemore,R00474
AVM,Aviemore,R00476
AVM,Aviemore,R00704
AVM,Aviemore,R01129
AVN,Avonmouth,R00042
AVN,Avonmouth,R00070
AVN,Avonmouth,R00430
AVN,Avonmouth,R01214
AVN,Avonmouth,R01361
AVN,Avonmouth,R01376
AVP,Aylesbury Vale Parkway,R00017
AVP,Aylesbury Vale Parkway,R00380
AVP,Aylesbury Vale Parkway,R00389
AVP,Aylesbury Vale Parkway,R01410
AVY,Aberdovey,R00068
AVY,Aberdovey,R00330
AWK,Adwick,R00006
AWK,Adwick,R00064
AWK,Adwick,R00073
AWK,Adwick,R00260
AWK,Adwick,R00361
AWK,Adwick,R00365
AWK,Adwick,R00370
AWK,Adwick,R00477
AWK,Adwick,R00582
AWK,Adwick,R00669
AWK,Adwick,R00749
AWK,Adwick,R00839
AWK,Adwick,R01494
AWK,Adwick,R01577
AWM,Ashwell & Morden,R00073
AWM,Ashwell & Morden,R00129
AWM,Ashwell & Morden,R00271
AWM,Ashwell & Morden,R00319
AWM,Ashwell & Morden,R00620
AWM,Ashwell & Morden,R00628
AWM,Ashwell & Morden,R00660
AWM,Ashwell & Morden,R00749
AWM,Ashwell & Morden,R00819
AWM,Ashwell & Morden,R00968
AWM,Ashwell & Morden,R00970
AWM,Ashwell & Morden,R01494
AWM,Ashwell & Morden,R01869
AWT,Armathwaite,R00374
AWT,Armathwaite,R01125
AWT,Armathwaite,R01274
AXM,Axminster,R00331
AXM,Axminster,R00550
AXM,Axminster,R00604
AXM,Axminster,R00670
AXM,Axminster,R00677
AXM,Axminster,R00711
AXM,Axminster,R00712
AXM,Axminster,R00713
AXM,Axminster,R00761
AXP,Alexandra Parade,R00375
AXP,Alexandra Parade,R00480
AXP,Alexandra Parade,R01173
AXP,Alexandra Parade,R01591
AXP,Alexandra Parade,R01844
AYH,Aylesham,R00125
AYH,Aylesham,R00345
AYH,Aylesham,R00402
AYH,Aylesham,R00413
AYH,Aylesham,R00414
AYH,Aylesham,R00437
AYH,Aylesham,R01561
AYH,Aylesham,R01627
AYL,Aylesford,R00188
AYL,Aylesford,R00461
AYL,Aylesford,R00731
AYL,Aylesford,R00732
AYL,Aylesford,R00733
AYL,Aylesford,R00734
AYL,Aylesford,R01041
AYL,Aylesford,R01100
AYL,Aylesford,R01568
AYL,Aylesford,R02038
AYP,Albany Park,R00014
AYP,Albany Park,R00018
AYP,Albany Park,R00125
AYP,Albany Park,R00297
AYP,Albany Park,R00536
AYP,Albany Park,R00610
AYP,Albany Park,R00654
AYP,Albany Park,R01676
AYP,Albany Park,R01800
AYP,Albany Park,R02064
AYR,Ayr,R00087
AYR,Ayr,R00275
AYR,Ayr,R00353
AYR,Ayr,R00355
AYR,Ayr,R00383
AYR,Ayr,R00906
AYR,Ayr,R00908
AYR,Ayr,R01126
AYR,Ayr,R01186
AYR,Ayr,R01192
AYR,Ayr,R01204
AYR,Ayr,R01212
AYR,Ayr,R01213
AYR,Ayr,R01245
AYR,Ayr,R01254
AYR,Ayr,R01255
AYS,Aylesbury,R00004
AYS,Aylesbury,R00017
AYS,Aylesbury,R00158
AYS,Aylesbury,R00364
AYS,Aylesbury,R00380
AYS,Aylesbury,R00389
AYS,Aylesbury,R00406
AYS,Aylesbury,R00429
AYS,Aylesbury,R00435
AYS,Aylesbury,R01308
AYS,Aylesbury,R01410
AYW,Aberystwyth,R00058
AYW,Aberystwyth,R00141
AYW,Aberystwyth,R00159
AYW,Aberystwyth,R00160
AYW,Aberystwyth,R00191
AYW,Aberystwyth,R00198
AYW,Aberystwyth,R00200
AYW,Aberystwyth,R00202
AYW,Aberystwyth,R00204
AYW,Aberystwyth,R00223
AYW,Aberystwyth,R00227
AYW,Aberystwyth,R00232
AYW,Aberystwyth,R00571
AYW,Aberystwyth,R00581
AYW,Aberystwyth,R01062
AYW,Aberystwyth,R01261
AYW,Aberystwyth,R01787
BAA,Barnham,R00043
BAA,Barnham,R00047
BAA,Barnham,R00049
BAA,Barnham,R00199
BAA,Barnham,R00248
BAA,Barnham,R00253
BAA,Barnham,R00399
BAA,Barnham,R00633
BAA,Barnham,R00653
BAA,Barnham,R00655
BAA,Barnham,R00656
BAA,Barnham,R00657
BAA,Barnham,R00658
BAA,Barnham,R00659
BAA,Barnham,R00739
BAA,Barnham,R00740
BAA,Barnham,R00742
BAA,Barnham,R00743
BAA,Barnham,R00748
BAA,Barnham,R00812
BAA,Barnham,R00914
BAA,Barnham,R00967
BAA,Barnham,R00969
BAA,Barnham,R01009
BAA,Barnham,R01011
BAA,Barnham,R01039
BAA,Barnham,R01043
BAA,Barnham,R01045
BAA,Barnham,R01049
BAA,Barnham,R01070
BAA,Barnham,R01097
BAA,Barnham,R01367
BAA,Barnham,R01419
BAA,Barnham,R01677
BAA,Barnham,R01930
BAA,Barnham,R02089
BAB,Balcombe,R00238
BAB,Balcombe,R00239
BAB,Balcombe,R00265
BAB,Balcombe,R00627
BAB,Balcombe,R00660
BAB,Balcombe,R00968
BAB,Balcombe,R00972
BAB,Balcombe,R01241
BAB,Balcombe,R01367
BAB,Balcombe,R01898
BAB,Balcombe,R01980
BAC,Bache,R00500
BAC,Bache,R00502
BAC,Bache,R00505
BAC,Bache,R00511
BAC,Bache,R00552
BAD,Banstead,R00242
BAD,Banstead,R00535
BAD,Banstead,R01634
BAG,Bagshot,R00715
BAG,Bagshot,R00718
BAG,Bagshot,R01005
BAG,Bagshot,R01006
BAH,Bank Hall,R00557
BAH,Bank Hall,R01345
BAH,Bank Hall,R01611
BAI,Blairhill,R00106
BAI,Blairhill,R00179
BAI,Blairhill,R00289
BAI,Blairhill,R00378
BAI,Blairhill,R00480
BAI,Blairhill,R00988
BAI,Blairhill,R01155
BAI,Blairhill,R01173
BAI,Blairhill,R01591
BAI,Blairhill,R01844
BAI,Blairhill,R02062
BAJ,Baglan,R00077
BAJ,Baglan,R00559
BAJ,Baglan,R00600
BAJ,Baglan,R00796
BAJ,Baglan,R00826
BAJ,Baglan,R01537
BAJ,Baglan,R01670
BAJ,Baglan,R01826
BAJ,Baglan,R01835
BAK,Battersea Park,R00020
BAK,Battersea Park,R00024
BAK,Battersea Park,R00097
BAK,Battersea Park,R00242
BAK,Battersea Park,R00243
BAK,Battersea Park,R00282
BAK,Battersea Park,R00403
BAK,Battersea Park,R00451
BAK,Battersea Park,R00517
BAK,Battersea Park,R00535
BAK,Battersea Park,R00575
BAK,Battersea Park,R00632
BAK,Battersea Park,R00697
BAK,Battersea Park,R00701
BAK,Battersea Park,R00818
BAK,Battersea Park,R00905
BAK,Battersea Park,R00951
BAK,Battersea Park,R00953
BAK,Battersea Park,R00968
BAK,Battersea Park,R01008
BAK,Battersea Park,R01042
BAK,Battersea Park,R01163
BAK,Battersea Park,R01278
BAK,Battersea Park,R01385
BAK,Battersea Park,R01391
BAK,Battersea Park,R01415
BAK,Battersea Park,R01521
BAK,Battersea Park,R01683
BAK,Battersea Park,R01776
BAK,Battersea Park,R01780
BAK,Battersea Park,R01794
BAK,Battersea Park,R01840
BAK,Battersea Park,R01858
BAK,Battersea Park,R01898
BAL,Balham,R00091
BAL,Balham,R00097
BAL,Balham,R00199
BAL,Balham,R00238
BAL,Balham,R00239
BAL,Balham,R00242
BAL,Balham,R00243
BAL,Balham,R00248
BAL,Balham,R00265
BAL,Balham,R00271
BAL,Balham,R00282
BAL,Balham,R00403
BAL,Balham,R00451
BAL,Balham,R00452
BAL,Balham,R00517
BAL,Balham,R00535
BAL,Balham,R00575
BAL,Balham,R00627
BAL,Balham,R00632
BAL,Balham,R00656
BAL,Balham,R00674
BAL,Balham,R00676
BAL,Balham,R00697
BAL,Balham,R00701
BAL,Balham,R00727
BAL,Balham,R00762
BAL,Balham,R00818
BAL,Balham,R00860
BAL,Balham,R00905
BAL,Balham,R00951
BAL,Balham,R00953
BAL,Balham,R00968
BAL,Balham,R00979
BAL,Balham,R01008
BAL,Balham,R01011
BAL,Balham,R01042
BAL,Balham,R01163
BAL,Balham,R01168
BAL,Balham,R01171
BAL,Balham,R01187
BAL,Balham,R01278
BAL,Balham,R01367
BAL,Balham,R01385
BAL,Balham,R01387
BAL,Balham,R01391
BAL,Balham,R01415
BAL,Balham,R01521
BAL,Balham,R01683
BAL,Balham,R01776
BAL,Balham,R01780
BAL,Balham,R01794
BAL,Balham,R01840
BAL,Balham,R01858
BAL,Balham,R01898
BAL,Balham,R01907
BAL,Balham,R01910
BAL,Balham,R01939
BAL,Balham,R02023
BAL,Balham,R02103
BAM,Bamford,R00061
BAM,Bamford,R00062
BAM,Bamford,R00063
BAM,Bamford,R00290
BAM,Bamford,R00336
BAM,Bamford,R00441
BAM,Bamford,R00634
BAM,Bamford,R00640
BAM,Bamford,R00765
BAM,Bamford,R00771
BAM,Bamford,R00772
BAM,Bamford,R00790
BAM,Bamford,R00830
BAM,Bamford,R01073
BAM,Bamford,R01452
BAM,Bamford,R01727
BAM,Bamford,R01761
BAM,Bamford,R01848
BAM,Bamford,R01968
BAN,Banbury,R00004
BAN,Banbury,R00034
BAN,Banbury,R00036
BAN,Banbury,R00053
BAN,Banbury,R00072
BAN,Banbury,R00077
BAN,Banbury,R00124
BAN,Banbury,R00158
BAN,Banbury,R00226
BAN,Banbury,R00246
BAN,Banbury,R00283
BAN,Banbury,R00286
BAN,Banbury,R00333
BAN,Banbury,R00341
BAN,Banbury,R00400
BAN,Banbury,R00405
BAN,Banbury,R00465
BAN,Banbury,R00498
BAN,Banbury,R00583
BAN,Banbury,R00585
BAN,Banbury,R00780
BAN,Banbury,R00875
BAN,Banbury,R00964
BAN,Banbury,R00966
BAN,Banbury,R00989
BAN,Banbury,R00991
BAN,Banbury,R01508
BAN,Banbury,R01535
BAR,Bare Lane,R00487
BAR,Bare Lane,R01125
BAR,Bare Lane,R01545
BAR,Bare Lane,R01594
BAR,Bare Lane,R01598
BAR,Bare Lane,R01977
BAR,Bare Lane,R01994
BAR,Bare Lane,R02001
BAS,Bere Alston,R00777
BAS,Bere Alston,R00778
BAS,Bere Alston,R00779
BAT,Battle,R00014
BAT,Battle,R00044
BAT,Battle,R00046
BAT,Battle,R00052
BAT,Battle,R00125
BAT,Battle,R02078
BAU,Barton-On-Humber,R00765
BAU,Barton-On-Humber,R01429
BAU,Barton-On-Humber,R01453
BAU,Barton-On-Humber,R01884
BAU,Barton-On-Humber,R01885
BAV,Barrow Haven,R00765
BAV,Barrow Haven,R01429
BAV,Barrow Haven,R01453
BAW,Blackwater,R00233
BAW,Blackwater,R00422
BAW,Blackwater,R00427
BAW,Blackwater,R00927
BAW,Blackwater,R01187
BAW,Blackwater,R01287
BAW,Blackwater,R01290
BAW,Blackwater,R01291
BAW,Blackwater,R01445
BAW,Blackwater,R01476
BAY,Bayford,R00319
BAY,Bayford,R00702
BAY,Bayford,R00707
BAY,Bayford,R00993
BAY,Bayford,R01384
BBG,Bishopbriggs,R00073
BBG,Bishopbriggs,R00145
BBG,Bishopbriggs,R00464
BBG,Bishopbriggs,R00467
BBG,Bishopbriggs,R00470
BBG,Bishopbriggs,R00619
BBG,Bishopbriggs,R00625
BBG,Bishopbriggs,R00685
BBG,Bishopbriggs,R00687
BBG,Bishopbriggs,R00688
BBG,Bishopbriggs,R00690
BBG,Bishopbriggs,R00692
BBG,Bishopbriggs,R00704
BBG,Bishopbriggs,R01865
BBG,Bishopbriggs,R01929
BBG,Bishopbriggs,R01931
BBG,Bishopbriggs,R01979
BBK,Bilbrook,R00058
BBK,Bilbrook,R00571
BBK,Bilbrook,R00902
BBK,Bilbrook,R00999
BBK,Bilbrook,R01054
BBK,Bilbrook,R01063
BBK,Bilbrook,R01259
BBK,Bilbrook,R01498
BBK,Bilbrook,R01546
BBK,Bilbrook,R02075
BBK,Bilbrook,R02076
BBL,Bat & Ball,R00913
BBL,Bat & Ball,R01283
BBL,Bat & Ball,R01737
BBL,Bat & Ball,R01739
BBN,Blackburn,R00101
BBN,Blackburn,R00110
BBN,Blackburn,R00119
BBN,Blackburn,R00121
BBN,Blackburn,R00249
BBN,Blackburn,R00277
BBN,Blackburn,R00337
BBN,Blackburn,R00340
BBN,Blackburn,R00360
BBN,Blackburn,R00647
BBN,Blackburn,R00651
BBN,Blackburn,R00730
BBN,Blackburn,R00836
BBN,Blackburn,R01033
BBN,Blackburn,R01320
BBN,Blackburn,R01460
BBN,Blackburn,R01613
BBN,Blackburn,R01804
BBN,Blackburn,R01974
BBW,Berry Brow,R00011
BBW,Berry Brow,R00038
BBW,Berry Brow,R01756
BCB,Burscough Bridge,R00059
BCB,Burscough Bridge,R00069
BCB,Burscough Bridge,R00074
BCB,Burscough Bridge,R00408
BCB,Burscough Bridge,R01053
BCB,Burscough Bridge,R01091
BCB,Burscough Bridge,R01678
BCB,Burscough Bridge,R01713
BCC,Beccles,R00492
BCC,Beccles,R00833
BCC,Beccles,R01288
BCC,Beccles,R01349
BCC,Beccles,R01483
BCE,Bracknell,R00301
BCE,Bracknell,R00797
BCE,Bracknell,R00798
BCE,Bracknell,R00811
BCE,Bracknell,R00855
BCE,Bracknell,R02102
BCF,Beaconsfield,R00004
BCF,Beaconsfield,R00012
BCF,Beaconsfield,R00033
BCF,Beaconsfield,R00036
BCF,Beaconsfield,R00039
BCF,Beaconsfield,R00041
BCF,Beaconsfield,R00053
BCF,Beaconsfield,R00072
BCF,Beaconsfield,R00134
BCF,Beaconsfield,R00155
BCF,Beaconsfield,R00158
BCF,Beaconsfield,R00429
BCF,Beaconsfield,R00435
BCF,Beaconsfield,R00471
BCF,Beaconsfield,R00982
BCF,Beaconsfield,R01513
BCF,Beaconsfield,R01938
BCF,Beaconsfield,R01941
BCG,Birchgrove,R00570
BCG,Birchgrove,R00573
BCG,Birchgrove,R01232
BCH,Birchington-On-Sea,R00125
BCH,Birchington-On-Sea,R00343
BCH,Birchington-On-Sea,R00413
BCH,Birchington-On-Sea,R00436
BCH,Birchington-On-Sea,R00514
BCH,Birchington-On-Sea,R00684
BCH,Birchington-On-Sea,R01568
BCH,Birchington-On-Sea,R01615
BCH,Birchington-On-Sea,R01967
BCH,Birchington-On-Sea,R01969
BCH,Birchington-On-Sea,R01971
BCJ,Burscough Junction,R01282
BCJ,Burscough Junction,R01542
BCK,Buckley,R01538
BCK,Buckley,R01539
BCK,Buckley,R01541
BCN,Branchton,R00190
BCN,Branchton,R00426
BCN,Branchton,R01293
BCS,Bicester North,R00004
BCS,Bicester North,R00036
BCS,Bicester North,R00053
BCS,Bicester North,R00072
BCS,Bicester North,R00158
BCS,Bicester North,R00226
BCS,Bicester North,R00246
BCS,Bicester North,R00405
BCS,Bicester North,R01508
BCS,Bicester North,R01513
BCU,Brockenhurst,R00077
BCU,Brockenhurst,R00283
BCU,Brockenhurst,R00286
BCU,Brockenhurst,R00329
BCU,Brockenhurst,R00331
BCU,Brockenhurst,R00431
BCU,Brockenhurst,R00498
BCU,Brockenhurst,R00626
BCU,Brockenhurst,R00629
BCU,Brockenhurst,R00631
BCU,Brockenhurst,R00646
BCU,Brockenhurst,R00648
BCU,Brockenhurst,R00746
BCU,Brockenhurst,R00753
BCU,Brockenhurst,R00757
BCU,Brockenhurst,R00783
BCU,Brockenhurst,R00786
BCU,Brockenhurst,R00808
BCU,Brockenhurst,R00869
BCU,Brockenhurst,R00964
BCU,Brockenhurst,R00966
BCU,Brockenhurst,R01861
BCV,Bruce Grove,R00215
BCV,Bruce Grove,R01286
BCV,Bruce Grove,R01685
BCY,Brockley,R00003
BCY,Brockley,R00020
BCY,Brockley,R00075
BCY,Brockley,R00217
BCY,Brockley,R00240
BCY,Brockley,R00241
BCY,Brockley,R00243
BCY,Brockley,R00575
BCY,Brockley,R00660
BCY,Brockley,R00663
BCY,Brockley,R00667
BCY,Brockley,R00717
BCY,Brockley,R00727
BCY,Brockley,R00837
BCY,Brockley,R00952
BCY,Brockley,R00968
BCY,Brockley,R01180
BCY,Brockley,R01241
BCY,Brockley,R01252
BCY,Brockley,R01257
BCY,Brockley,R01399
BCY,Brockley,R01565
BCY,Brockley,R01600
BCZ,Brent Cross West,R00002
BCZ,Brent Cross West,R00076
BCZ,Brent Cross West,R00079
BCZ,Brent Cross West,R00156
BCZ,Brent Cross West,R00188
BCZ,Brent Cross West,R00298
BCZ,Brent Cross West,R00398
BCZ,Brent Cross West,R00416
BCZ,Brent Cross West,R00762
BCZ,Brent Cross West,R00968
BCZ,Brent Cross West,R00972
BCZ,Brent Cross West,R00992
BCZ,Brent Cross West,R01076
BCZ,Brent Cross West,R01180
BCZ,Brent Cross West,R01241
BCZ,Brent Cross West,R01450
BCZ,Brent Cross West,R01600
BCZ,Brent Cross West,R01628
BCZ,Brent Cross West,R01724
BCZ,Brent Cross West,R01755
BDA,Brundall,R00203
BDA,Brundall,R00208
BDA,Brundall,R00492
BDA,Brundall,R00787
BDA,Brundall,R01268
BDA,Brundall,R01288
BDA,Brundall,R01335
BDA,Brundall,R01477
BDA,Brundall,R01483
BDA,Brundall,R01487
BDA,Brundall,R01495
BDA,Brundall,R01812
BDA,Brundall,R01900
BDA,Brundall,R01901
BDB,Broadbottom,R00976
BDB,Broadbottom,R00995
BDB,Broadbottom,R01007
BDC,,R00140
BDC,,R01925
BDC,,R02059
BDD,,R00834
BDD,,R00912
BDF,,R00445
BDF,,R00447
BDG,Bridgeton,R00378
BDG,Bridgeton,R00480
BDG,Bridgeton,R00858
BDG,Bridgeton,R00988
BDG,Bridgeton,R01021
BDG,Bridgeton,R01136
BDG,Bridgeton,R01137
BDG,Bridgeton,R01790
BDG,Bridgeton,R01792
BDG,Bridgeton,R01808
BDH,Bedhampton,R00643
BDH,Bedhampton,R00657
BDH,Bedhampton,R00725
BDH,Bedhampton,R00737
BDH,Bedhampton,R00742
BDH,Bedhampton,R00753
BDH,Bedhampton,R01039
BDH,Bedhampton,R01068
BDH,Bedhampton,R01070
BDH,Bedhampton,R01146
BDH,Bedhampton,R01505
BDH,Bedhampton,R01774
BDH,Bedhampton,R01791
BDI,Bradford Interchange,R00064
BDI,Bradford Interchange,R00073
BDI,Bradford Interchange,R00078
BDI,Bradford Interchange,R00082
BDI,Bradford Interchange,R00119
BDI,Bradford Interchange,R00121
BDI,Bradford Interchange,R00138
BDI,Bradford Interchange,R00193
BDI,Bradford Interchange,R00231
BDI,Bradford Interchange,R00284
BDI,Bradford Interchange,R00360
BDI,Bradford Interchange,R00407
BDI,Bradford Interchange,R00647
BDI,Bradford Interchange,R00651
BDI,Bradford Interchange,R00652
BDI,Bradford Interchange,R00736
BDI,Bradford Interchange,R00815
BDI,Bradford Interchange,R01170
BDI,Bradford Interchange,R01608
BDI,Bradford Interchange,R01613
BDI,Bradford Interchange,R01767
BDI,Bradford Interchange,R01895
BDI,Bradford Interchange,R01974
BDK,Baldock,R00073
BDK,Baldock,R00129
BDK,Baldock,R00271
BDK,Baldock,R00319
BDK,Baldock,R00620
BDK,Baldock,R00628
BDK,Baldock,R00660
BDK,Baldock,R00749
BDK,Baldock,R00819
BDK,Baldock,R00968
BDK,Baldock,R00970
BDK,Baldock,R01311
BDK,Baldock,R01494
BDK,Baldock,R01869
BDL,Birkdale,R00557
BDL,Birkdale,R01345
BDL,Birkdale,R01611
BDM,Bedford,R00097
BDM,Bedford,R00156
BDM,Bedford,R00173
BDM,Bedford,R00178
BDM,Bedford,R00271
BDM,Bedford,R00296
BDM,Bedford,R00298
BDM,Bedford,R00299
BDM,Bedford,R00304
BDM,Bedford,R00398
BDM,Bedford,R00459
BDM,Bedford,R00506
BDM,Bedford,R00727
BDM,Bedford,R00762
BDM,Bedford,R00810
BDM,Bedford,R00968
BDM,Bedford,R00972
BDM,Bedford,R00992
BDM,Bedford,R01076
BDM,Bedford,R01122
BDM,Bedford,R01180
BDM,Bedford,R01187
BDM,Bedford,R01239
BDM,Bedford,R01241
BDM,Bedford,R01264
BDM,Bedford,R01272
BDM,Bedford,R01425
BDM,Bedford,R01447
BDM,Bedford,R01450
BDM,Bedford,R01600
BDM,Bedford,R01628
BDM,Bedford,R01654
BDM,Bedford,R01724
BDM,Bedford,R01736
BDM,Bedford,R01755
BDN,Brading,R01547
BDN,Brading,R01548
BDN,Brading,R01572
BDQ,Bradford Forster Square,R00073
BDQ,Bradford Forster Square,R00361
BDQ,Bradford Forster Square,R00377
BDQ,Bradford Forster Square,R00494
BDQ,Bradford Forster Square,R00831
BDQ,Bradford Forster Square,R00848
BDQ,Bradford Forster Square,R00849
BDQ,Bradford Forster Square,R01098
BDQ,Bradford Forster Square,R01300
BDQ,Bradford Forster Square,R01754
BDS,Bond Street,R00850
BDS,Bond Street,R01038
BDS,Bond Street,R01184
BDS,Bond Street,R01416
BDS,Bond Street,R01431
BDS,Bond Street,R01581
BDS,Bond Street,R01593
BDS,Bond Street,R01595
BDS,Bond Street,R01692
BDS,Bond Street,R01694
BDS,Bond Street,R01701
BDS,Bond Street,R01719
BDT,Bridlington,R00027
BDT,Bridlington,R00228
BDT,Bridlington,R00307
BDT,Bridlington,R00317
BDT,Bridlington,R00460
BDT,Bridlington,R00769
BDT,Bridlington,R01400
BDT,Bridlington,R01404
BDT,Bridlington,R01407
BDT,Bridlington,R01408
BDT,Bridlington,R01409
BDT,Bridlington,R01485
BDT,Bridlington,R01695
BDW,Bedwyn,R00034
BDW,Bedwyn,R00372
BDW,Bedwyn,R00455
BDW,Bedwyn,R00550
BDW,Bedwyn,R00582
BDW,Bedwyn,R00719
BDW,Bedwyn,R00726
BDW,Bedwyn,R00941
BDW,Bedwyn,R01057
BDW,Bedwyn,R01235
BDW,Bedwyn,R01237
BDW,Bedwyn,R01381
BDW,Bedwyn,R01669
BDW,Bedwyn,R01712
BDW,Bedwyn,R01762
BDW,Bedwyn,R02055
BDW,Bedwyn,R02067
BDY,Bredbury,R00290
BDY,Bredbury,R00693
BDY,Bredbury,R00771
BDY,Bredbury,R00772
BDY,Bredbury,R00790
BDY,Bredbury,R00963
BDY,Bredbury,R01082
BDY,Bredbury,R01085
BEA,Bridge of Allan,R00162
BEA,Bridge of Allan,R00169
BEA,Bridge of Allan,R00467
BEA,Bridge of Allan,R00685
BEA,Bridge of Allan,R00687
BEA,Bridge of Allan,R00688
BEA,Bridge of Allan,R00692
BEB,Bebington,R00500
BEB,Bebington,R00502
BEB,Bebington,R00505
BEB,Bebington,R00511
BEB,Bebington,R00558
BEC,Beckenham Hill,R00002
BEC,Beckenham Hill,R00076
BEC,Beckenham Hill,R00092
BEC,Beckenham Hill,R00469
BEC,Beckenham Hill,R00913
BEC,Beckenham Hill,R00971
BEC,Beckenham Hill,R01283
BEC,Beckenham Hill,R01575
BEC,Beckenham Hill,R01627
BEC,Beckenham Hill,R01737
BEC,Beckenham Hill,R01739
BEE,Beeston,R00023
BEE,Beeston,R00156
BEE,Beeston,R00214
BEE,Beeston,R00296
BEE,Beeston,R00344
BEE,Beeston,R00347
BEE,Beeston,R00459
BEE,Beeston,R00513
BEE,Beeston,R00661
BEE,Beeston,R00810
BEE,Beeston,R00948
BEE,Beeston,R00966
BEE,Beeston,R00992
BEE,Beeston,R01076
BEE,Beeston,R01197
BEE,Beeston,R01207
BEE,Beeston,R01412
BEE,Beeston,R01425
BEE,Beeston,R01426
BEE,Beeston,R01427
BEE,Beeston,R01428
BEE,Beeston,R01440
BEE,Beeston,R01441
BEE,Beeston,R01654
BEE,Beeston,R01772
BEE,Beeston,R01914
BEE,Beeston,R01940
BEF,Benfleet,R00137
BEF,Benfleet,R00384
BEF,Benfleet,R00434
BEF,Benfleet,R00444
BEF,Benfleet,R00794
BEF,Benfleet,R00978
BEF,Benfleet,R01094
BEF,Benfleet,R01354
BEF,Benfleet,R01402
BEF,Benfleet,R01625
BEF,Benfleet,R01850
BEG,Beltring,R00188
BEG,Beltring,R00731
BEG,Beltring,R00733
BEG,Beltring,R00734
BEH,Bedworth,R01001
BEH,Bedworth,R01471
BEJ,Bedlington,R00318
BEJ,Bedlington,R00320
BEJ,Bedlington,R00433
BEL,Beauly,R00960
BEL,Beauly,R01101
BEL,Beauly,R01156
BEL,Beauly,R01157
BEL,Beauly,R01160
BEL,Beauly,R01841
BEL,Beauly,R01842
BEL,Beauly,R01843
BEM,Bempton,R00228
BEM,Bempton,R00317
BEM,Bempton,R01407
BEM,Bempton,R01485
BEN,Bentham,R00487
BEN,Bentham,R01098
BEN,Bentham,R01125
BEN,Bentham,R01543
BEN,Bentham,R01545
BEN,Bentham,R01551
BEO,,R00234
BEO,,R00244
BEO,,R00245
BEP,Bermuda Park,R01001
BEP,Bermuda Park,R01471
BER,Bearley,R00246
BER,Bearley,R00397
BER,Bearley,R00896
BER,Bearley,R01924
BES,Bescar Lane,R00059
BES,Bescar Lane,R00069
BES,Bescar Lane,R01678
BES,Bescar Lane,R01713
BET,Bethnal Green,R00151
BET,Bethnal Green,R00207
BET,Bethnal Green,R00215
BET,Bethnal Green,R00323
BET,Bethnal Green,R00628
BET,Bethnal Green,R00832
BET,Bethnal Green,R00850
BET,Bethnal Green,R00872
BET,Bethnal Green,R00874
BET,Bethnal Green,R00881
BET,Bethnal Green,R00882
BET,Bethnal Green,R00888
BET,Bethnal Green,R00890
BET,Bethnal Green,R00898
BET,Bethnal Green,R01000
BET,Bethnal Green,R01203
BET,Bethnal Green,R01210
BET,Bethnal Green,R01269
BET,Bethnal Green,R01286
BET,Bethnal Green,R01348
BET,Bethnal Green,R01382
BET,Bethnal Green,R01405
BET,Bethnal Green,R01540
BET,Bethnal Green,R01550
BET,Bethnal Green,R01557
BET,Bethnal Green,R01595
BET,Bethnal Green,R01653
BET,Bethnal Green,R01685
BET,Bethnal Green,R01735
BET,Bethnal Green,R01823
BET,Bethnal Green,R01868
BET,Bethnal Green,R01871
BET,Bethnal Green,R01881
BET,Bethnal Green,R01882
BET,Bethnal Green,R01887
BET,Bethnal Green,R01891
BET,Bethnal Green,R01904
BET,Bethnal Green,R01906
BET,Bethnal Green,R01917
BEU,Beaulieu Road,R00331
BEU,Beaulieu Road,R00626
BEU,Beaulieu Road,R00629
BEU,Beaulieu Road,R00631
BEU,Beaulieu Road,R00753
BEV,Beverley,R00027
BEV,Beverley,R00073
BEV,Beverley,R00228
BEV,Beverley,R00307
BEV,Beverley,R00317
BEV,Beverley,R00460
BEV,Beverley,R00769
BEV,Beverley,R01400
BEV,Beverley,R01404
BEV,Beverley,R01407
BEV,Beverley,R01408
BEV,Beverley,R01409
BEV,Beverley,R01485
BEV,Beverley,R01614
BEV,Beverley,R01616
BEV,Beverley,R01686
BEV,Beverley,R01687
BEV,Beverley,R01695
BEX,Bexhill,R00051
BEX,Bexhill,R00199
BEX,Bexhill,R00238
BEX,Bexhill,R00452
BEX,Bexhill,R00503
BEX,Bexhill,R00517
BEX,Bexhill,R00530
BEX,Bexhill,R00630
BEX,Bexhill,R00950
BEX,Bexhill,R00990
BEX,Bexhill,R01117
BEX,Bexhill,R01134
BEX,Bexhill,R01168
BEX,Bexhill,R01363
BEX,Bexhill,R01510
BEX,Bexhill,R01630
BEY,Ben Rhydding,R00377
BEY,Ben Rhydding,R00623
BEY,Ben Rhydding,R00831
BFA,,R02016
BFA,,R02017
BFD,Brentford,R00699
BFD,Brentford,R00745
BFD,Brentford,R00804
BFD,Brentford,R00859
BFD,Brentford,R00865
BFD,Brentford,R01024
BFD,Brentford,R01032
BFD,Brentford,R01095
BFD,Brentford,R01913
BFD,Brentford,R01981
BFD,Brentford,R02102
BFE,Bere Ferrers,R00778
BFE,Bere Ferrers,R00779
BFF,Blaenau Ffestiniog,R00281
BFF,Blaenau Ffestiniog,R00285
BFF,Blaenau Ffestiniog,R00291
BFF,Blaenau Ffestiniog,R00295
BFF,Blaenau Ffestiniog,R01830
BFF,Blaenau Ffestiniog,R01831
BFF,Blaenau Ffestiniog,R01832
BFN,Byfleet & New Haw,R00440
BFN,Byfleet & New Haw,R00458
BFN,Byfleet & New Haw,R00598
BFN,Byfleet & New Haw,R00599
BFN,Byfleet & New Haw,R00616
BFN,Byfleet & New Haw,R00699
BFN,Byfleet & New Haw,R00747
BFN,Byfleet & New Haw,R00753
BFN,Byfleet & New Haw,R00782
BFN,Byfleet & New Haw,R00800
BFN,Byfleet & New Haw,R00801
BFN,Byfleet & New Haw,R00860
BFN,Byfleet & New Haw,R00866
BFN,Byfleet & New Haw,R00870
BFN,Byfleet & New Haw,R00926
BFN,Byfleet & New Haw,R01095
BFN,Byfleet & New Haw,R01103
BFN,Byfleet & New Haw,R01224
BFN,Byfleet & New Haw,R01226
BFN,Byfleet & New Haw,R01629
BFN,Byfleet & New Haw,R01760
BFN,Byfleet & New Haw,R01791
BFN,Byfleet & New Haw,R01820
BFN,Byfleet & New Haw,R01913
BFR,London Blackfriars,R00002
BFR,London Blackfriars,R00076
BFR,London Blackfriars,R00079
BFR,London Blackfriars,R00092
BFR,London Blackfriars,R00097
BFR,London Blackfriars,R00188
BFR,London Blackfriars,R00217
BFR,London Blackfriars,R00271
BFR,London Blackfriars,R00294
BFR,London Blackfriars,R00398
BFR,London Blackfriars,R00415
BFR,London Blackfriars,R00416
BFR,London Blackfriars,R00469
BFR,London Blackfriars,R00603
BFR,London Blackfriars,R00660
BFR,London Blackfriars,R00727
BFR,London Blackfriars,R00762
BFR,London Blackfriars,R00913
BFR,London Blackfriars,R00968
BFR,London Blackfriars,R00970
BFR,London Blackfriars,R00971
BFR,London Blackfriars,R00972
BFR,London Blackfriars,R01171
BFR,London Blackfriars,R01180
BFR,London Blackfriars,R01187
BFR,London Blackfriars,R01239
BFR,London Blackfriars,R01241
BFR,London Blackfriars,R01257
BFR,London Blackfriars,R01262
BFR,London Blackfriars,R01264
BFR,London Blackfriars,R01272
BFR,London Blackfriars,R01283
BFR,London Blackfriars,R01590
BFR,London Blackfriars,R01600
BFR,London Blackfriars,R01628
BFR,London Blackfriars,R01676
BFR,London Blackfriars,R01682
BFR,London Blackfriars,R01736
BFR,London Blackfriars,R01737
BFR,London Blackfriars,R01739
BFR,London Blackfriars,R01755
BFR,London Blackfriars,R02063
BFR,London Blackfriars,R02072
BGA,Brundall Gardens,R00208
BGA,Brundall Gardens,R00787
BGA,Brundall Gardens,R01487
BGA,Brundall Gardens,R01900
BGD,Bargoed,R00080
BGD,Bargoed,R00266
BGD,Bargoed,R00278
BGD,Bargoed,R00605
BGD,Bargoed,R00682
BGD,Bargoed,R00709
BGD,Bargoed,R00728
BGD,Bargoed,R00840
BGE,Broad Green,R00206
BGE,Broad Green,R00270
BGE,Broad Green,R00454
BGE,Broad Green,R00587
BGE,Broad Green,R00640
BGE,Broad Green,R00944
BGE,Broad Green,R01892
BGE,Broad Green,R01952
BGE,Broad Green,R02039
BGG,Brigg,R00062
BGG,Brigg,R01362
BGH,Brighouse,R00064
BGH,Brighouse,R00073
BGH,Brighouse,R00407
BGH,Brighouse,R00729
BGH,Brighouse,R01165
BGH,Brighouse,R01170
BGH,Brighouse,R01172
BGH,Brighouse,R01301
BGH,Brighouse,R01459
BGH,Brighouse,R01461
BGH,Brighouse,R01757
BGH,Brighouse,R01758
BGH,Brighouse,R01765
BGH,Brighouse,R01771
BGI,Bargeddie,R00378
BGI,Bargeddie,R00480
BGI,Bargeddie,R01136
BGI,Bargeddie,R01137
BGL,Bugle,R01417
BGL,Bugle,R01418
BGL,Bugle,R01420
BGL,Bugle,R01422
BGL,Bugle,R01423
BGM,Bellingham,R00002
BGM,Bellingham,R00076
BGM,Bellingham,R00092
BGM,Bellingham,R00221
BGM,Bellingham,R00437
BGM,Bellingham,R00469
BGM,Bellingham,R00854
BGM,Bellingham,R00856
BGM,Bellingham,R00862
BGM,Bellingham,R00913
BGM,Bellingham,R00971
BGM,Bellingham,R01099
BGM,Bellingham,R01283
BGM,Bellingham,R01333
BGM,Bellingham,R01575
BGM,Bellingham,R01627
BGM,Bellingham,R01655
BGM,Bellingham,R01682
BGM,Bellingham,R01737
BGM,Bellingham,R01739
BGM,Bellingham,R02072
BGN,Bridgend,R00034
BGN,Bridgend,R00077
BGN,Bridgend,R00080
BGN,Bridgend,R00186
BGN,Bridgend,R00266
BGN,Bridgend,R00280
BGN,Bridgend,R00339
BGN,Bridgend,R00559
BGN,Bridgend,R00562
BGN,Bridgend,R00600
BGN,Bridgend,R00601
BGN,Bridgend,R00796
BGN,Bridgend,R00826
BGN,Bridgend,R00840
BGN,Bridgend,R00916
BGN,Bridgend,R00917
BGN,Bridgend,R01037
BGN,Bridgend,R01124
BGN,Bridgend,R01238
BGN,Bridgend,R01537
BGN,Bridgend,R01554
BGN,Bridgend,R01738
BGN,Bridgend,R01740
BGN,Bridgend,R01770
BGN,Bridgend,R01773
BGN,Bridgend,R01782
BGN,Bridgend,R01826
BGN,Bridgend,R01835
BGN,Bridgend,R01877
BGN,Bridgend,R01999
BGN,Bridgend,R02084
BGS,Bogston,R00099
BGS,Bogston,R00164
BGS,Bogston,R00426
BGV,Barking Riverside,R00510
BGV,Barking Riverside,R01019
BHC,Balloch Central,R00289
BHC,Balloch Central,R00375
BHC,Balloch Central,R01173
BHC,Balloch Central,R01805
BHC,Balloch Central,R01807
BHD,Brithdir,R00266
BHD,Brithdir,R00605
BHD,Brithdir,R00709
BHD,Brithdir,R00840
BHG,Bathgate,R00106
BHG,Bathgate,R00179
BHG,Bathgate,R00378
BHG,Bathgate,R00480
BHG,Bathgate,R01155
BHG,Bathgate,R01591
BHG,Bathgate,R01720
BHG,Bathgate,R01844
BHG,Bathgate,R01875
BHG,Bathgate,R01876
BHG,Bathgate,R01879
BHG,Bathgate,R02062
BHG,Bathgate,R02097
BHI,Birmingham International,R00056
BHI,Birmingham International,R00058
BHI,Birmingham International,R00077
BHI,Birmingham International,R00102
BHI,Birmingham International,R00104
BHI,Birmingham International,R00114
BHI,Birmingham International,R00283
BHI,Birmingham International,R00286
BHI,Birmingham International,R00498
BHI,Birmingham International,R00571
BHI,Birmingham International,R00579
BHI,Birmingham International,R00590
BHI,Birmingham International,R00602
BHI,Birmingham International,R00638
BHI,Birmingham International,R00704
BHI,Birmingham International,R00780
BHI,Birmingham International,R00816
BHI,Birmingham International,R00843
BHI,Birmingham International,R00863
BHI,Birmingham International,R00899
BHI,Birmingham International,R00907
BHI,Birmingham International,R00916
BHI,Birmingham International,R00964
BHI,Birmingham International,R00966
BHI,Birmingham International,R01002
BHI,Birmingham International,R01004
BHI,Birmingham International,R01055
BHI,Birmingham International,R01063
BHI,Birmingham International,R01102
BHI,Birmingham International,R01153
BHI,Birmingham International,R01280
BHI,Birmingham International,R01515
BHI,Birmingham International,R01522
BHI,Birmingham International,R01546
BHI,Birmingham International,R01691
BHI,Birmingham International,R01734
BHK,Bush Hill Park,R01286
BHK,Bush Hill Park,R01685
BHM,Birmingham New Street,R00023
BHM,Birmingham New Street,R00029
BHM,Birmingham New Street,R00037
BHM,Birmingham New Street,R00040
BHM,Birmingham New Street,R00056
BHM,Birmingham New Street,R00058
BHM,Birmingham New Street,R00077
BHM,Birmingham New Street,R00102
BHM,Birmingham New Street,R00104
BHM,Birmingham New Street,R00114
BHM,Birmingham New Street,R00187
BHM,Birmingham New Street,R00283
BHM,Birmingham New Street,R00286
BHM,Birmingham New Street,R00293
BHM,Birmingham New Street,R00311
BHM,Birmingham New Street,R00321
BHM,Birmingham New Street,R00341
BHM,Birmingham New Street,R00344
BHM,Birmingham New Street,R00347
BHM,Birmingham New Street,R00354
BHM,Birmingham New Street,R00362
BHM,Birmingham New Street,R00369
BHM,Birmingham New Street,R00372
BHM,Birmingham New Street,R00379
BHM,Birmingham New Street,R00395
BHM,Birmingham New Street,R00455
BHM,Birmingham New Street,R00465
BHM,Birmingham New Street,R00468
BHM,Birmingham New Street,R00498
BHM,Birmingham New Street,R00571
BHM,Birmingham New Street,R00579
BHM,Birmingham New Street,R00581
BHM,Birmingham New Street,R00582
BHM,Birmingham New Street,R00590
BHM,Birmingham New Street,R00602
BHM,Birmingham New Street,R00638
BHM,Birmingham New Street,R00642
BHM,Birmingham New Street,R00661
BHM,Birmingham New Street,R00690
BHM,Birmingham New Street,R00759
BHM,Birmingham New Street,R00780
BHM,Birmingham New Street,R00816
BHM,Birmingham New Street,R00843
BHM,Birmingham New Street,R00863
BHM,Birmingham New Street,R00875
BHM,Birmingham New Street,R00880
BHM,Birmingham New Street,R00886
BHM,Birmingham New Street,R00889
BHM,Birmingham New Street,R00899
BHM,Birmingham New Street,R00900
BHM,Birmingham New Street,R00902
BHM,Birmingham New Street,R00907
BHM,Birmingham New Street,R00909
BHM,Birmingham New Street,R00911
BHM,Birmingham New Street,R00916
BHM,Birmingham New Street,R00935
BHM,Birmingham New Street,R00948
BHM,Birmingham New Street,R00954
BHM,Birmingham New Street,R00964
BHM,Birmingham New Street,R00966
BHM,Birmingham New Street,R00973
BHM,Birmingham New Street,R00974
BHM,Birmingham New Street,R00975
BHM,Birmingham New Street,R00977
BHM,Birmingham New Street,R00989
BHM,Birmingham New Street,R00991
BHM,Birmingham New Street,R00999
BHM,Birmingham New Street,R01002
BHM,Birmingham New Street,R01004
BHM,Birmingham New Street,R01047
BHM,Birmingham New Street,R01054
BHM,Birmingham New Street,R01055
BHM,Birmingham New Street,R01063
BHM,Birmingham New Street,R01102
BHM,Birmingham New Street,R01106
BHM,Birmingham New Street,R01148
BHM,Birmingham New Street,R01153
BHM,Birmingham New Street,R01158
BHM,Birmingham New Street,R01198
BHM,Birmingham New Street,R01220
BHM,Birmingham New Street,R01222
BHM,Birmingham New Street,R01223
BHM,Birmingham New Street,R01225
BHM,Birmingham New Street,R01231
BHM,Birmingham New Street,R01247
BHM,Birmingham New Street,R01256
BHM,Birmingham New Street,R01259
BHM,Birmingham New Street,R01275
BHM,Birmingham New Street,R01280
BHM,Birmingham New Street,R01307
BHM,Birmingham New Street,R01310
BHM,Birmingham New Street,R01442
BHM,Birmingham New Street,R01497
BHM,Birmingham New Street,R01498
BHM,Birmingham New Street,R01515
BHM,Birmingham New Street,R01522
BHM,Birmingham New Street,R01546
BHM,Birmingham New Street,R01691
BHM,Birmingham New Street,R01710
BHM,Birmingham New Street,R01728
BHM,Birmingham New Street,R01734
BHM,Birmingham New Street,R01834
BHM,Birmingham New Street,R01886
BHM,Birmingham New Street,R02076
BHM,Birmingham New Street,R02077
BHM,Birmingham New Street,R02079
BHO,Blackhorse Road,R00510
BHO,Blackhorse Road,R01019
BHR,Builth Road,R00385
BHR,Builth Road,R00600
BHR,Builth Road,R01852
BHS,Brockholes,R00011
BHS,Brockholes,R00038
BHS,Brockholes,R01756
BIA,Bishop Auckland,R01533
BIA,Bishop Auckland,R01534
BIA,Bishop Auckland,R02003
BIB,,R01248
BIB,,R01665
BIC,Billericay,R00832
BIC,Billericay,R00898
BIC,Billericay,R01653
BIC,Billericay,R01891
BID,Bidston,R00001
BID,Bidston,R01538
BID,Bidston,R01539
BID,Bidston,R01541
BIF,Barrow-In-Furness,R00142
BIF,Barrow-In-Furness,R00457
BIF,Barrow-In-Furness,R00640
BIF,Barrow-In-Furness,R00814
BIF,Barrow-In-Furness,R00817
BIF,Barrow-In-Furness,R01018
BIF,Barrow-In-Furness,R01242
BIF,Barrow-In-Furness,R01621
BIF,Barrow-In-Furness,R01622
BIF,Barrow-In-Furness,R01966
BIG,Billingshurst,R00043
BIG,Billingshurst,R00199
BIG,Billingshurst,R00248
BIG,Billingshurst,R00253
BIG,Billingshurst,R00633
BIG,Billingshurst,R00655
BIG,Billingshurst,R00656
BIG,Billingshurst,R00657
BIG,Billingshurst,R00658
BIG,Billingshurst,R00659
BIG,Billingshurst,R00812
BIG,Billingshurst,R01011
BIG,Billingshurst,R01367
BIG,Billingshurst,R01419
BIK,Birkbeck,R00054
BIK,Birkbeck,R00695
BIL,Billingham,R00302
BIL,Billingham,R00306
BIL,Billingham,R00983
BIL,Billingham,R01114
BIL,Billingham,R01118
BIL,Billingham,R01305
BIL,Billingham,R01801
BIN,Bingham,R00063
BIN,Bingham,R00194
BIN,Bingham,R00195
BIN,Bingham,R00196
BIN,Bingham,R00197
BIN,Bingham,R00205
BIN,Bingham,R00218
BIN,Bingham,R00220
BIN,Bingham,R00222
BIN,Bingham,R00336
BIN,Bingham,R00809
BIN,Bingham,R00846
BIO,Baillieston,R00378
BIO,Baillieston,R00480
BIO,Baillieston,R01136
BIO,Baillieston,R01137
BIP,Bishopstone (Sussex),R00411
BIP,Bishopstone (Sussex),R00530
BIP,Bishopstone (Sussex),R00932
BIP,Bishopstone (Sussex),R00933
BIP,Bishopstone (Sussex),R01647
BIP,Bishopstone (Sussex),R02020
BIS,Bishops Stortford,R00144
BIS,Bishops Stortford,R00151
BIS,Bishops Stortford,R00628
BIS,Bishops Stortford,R00791
BIS,Bishops Stortford,R00793
BIS,Bishops Stortford,R01203
BIS,Bishops Stortford,R01210
BIS,Bishops Stortford,R01286
BIS,Bishops Stortford,R01348
BIS,Bishops Stortford,R01356
BIS,Bishops Stortford,R01382
BIS,Bishops Stortford,R01540
BIS,Bishops Stortford,R01735
BIS,Bishops Stortford,R01806
BIS,Bishops Stortford,R01887
BIS,Bishops Stortford,R01917
BIS,Bishops Stortford,R02037
BIS,Bishops Stortford,R02042
BIT,Bicester Village,R00004
BIT,Bicester Village,R00012
BIT,Bicester Village,R00033
BIT,Bicester Village,R00158
BIT,Bicester Village,R00448
BIT,Bicester Village,R01413
BIT,Bicester Village,R01553
BIT,Bicester Village,R01730
BIW,Biggleswade,R00064
BIW,Biggleswade,R00066
BIW,Biggleswade,R00073
BIW,Biggleswade,R00082
BIW,Biggleswade,R00094
BIW,Biggleswade,R00217
BIW,Biggleswade,R00319
BIW,Biggleswade,R00321
BIW,Biggleswade,R00361
BIW,Biggleswade,R00365
BIW,Biggleswade,R00370
BIW,Biggleswade,R00373
BIW,Biggleswade,R00464
BIW,Biggleswade,R00465
BIW,Biggleswade,R00470
BIW,Biggleswade,R00477
BIW,Biggleswade,R00485
BIW,Biggleswade,R00496
BIW,Biggleswade,R00507
BIW,Biggleswade,R00689
BIW,Biggleswade,R00690
BIW,Biggleswade,R00727
BIW,Biggleswade,R00749
BIW,Biggleswade,R01171
BIW,Biggleswade,R01180
BIW,Biggleswade,R01494
BIW,Biggleswade,R01686
BIW,Biggleswade,R01687
BIY,Bingley,R00374
BIY,Bingley,R00487
BIY,Bingley,R00494
BIY,Bingley,R00827
BIY,Bingley,R01098
BIY,Bingley,R01125
BIY,Bingley,R01274
BIY,Bingley,R01475
BIY,Bingley,R01545
BIY,Bingley,R01551
BIY,Bingley,R01555
BIY,Bingley,R01717
BKA,Bookham,R00322
BKA,Bookham,R00799
BKA,Bookham,R00867
BKC,Birkenhead Central,R00500
BKC,Birkenhead Central,R00502
BKC,Birkenhead Central,R00505
BKC,Birkenhead Central,R00511
BKC,Birkenhead Central,R00558
BKD,Blakedown,R00023
BKD,Blakedown,R00088
BKD,Blakedown,R00115
BKD,Blakedown,R00126
BKD,Blakedown,R00246
BKD,Blakedown,R00396
BKD,Blakedown,R00455
BKD,Blakedown,R00768
BKD,Blakedown,R00773
BKD,Blakedown,R00776
BKD,Blakedown,R00880
BKD,Blakedown,R00883
BKD,Blakedown,R00896
BKD,Blakedown,R00901
BKD,Blakedown,R01106
BKD,Blakedown,R01188
BKD,Blakedown,R01585
BKD,Blakedown,R01899
BKD,Blakedown,R01924
BKG,Barking,R00137
BKG,Barking,R00384
BKG,Barking,R00434
BKG,Barking,R00444
BKG,Barking,R00510
BKG,Barking,R00794
BKG,Barking,R00978
BKG,Barking,R01019
BKG,Barking,R01094
BKG,Barking,R01096
BKG,Barking,R01354
BKG,Barking,R01402
BKG,Barking,R01625
BKG,Barking,R01699
BKG,Barking,R01850
BKG,Barking,R01862
BKG,Barking,R01864
BKG,Barking,R01896
BKG,Barking,R01897
BKG,Barking,R01903
BKG,Barking,R02087
BKH,Blackheath,R00079
BKH,Blackheath,R00092
BKH,Blackheath,R00188
BKH,Blackheath,R00491
BKH,Blackheath,R00516
BKH,Blackheath,R00526
BKH,Blackheath,R00536
BKH,Blackheath,R00617
BKH,Blackheath,R00624
BKH,Blackheath,R00654
BKH,Blackheath,R01100
BKH,Blackheath,R01503
BKH,Blackheath,R01556
BKH,Blackheath,R01592
BKH,Blackheath,R01702
BKH,Blackheath,R01745
BKH,Blackheath,R01768
BKH,Blackheath,R01800
BKH,Blackheath,R02081
BKJ,Beckenham Junction,R00002
BKJ,Beckenham Junction,R00014
BKJ,Beckenham Junction,R00221
BKJ,Beckenham Junction,R00294
BKJ,Beckenham Junction,R00343
BKJ,Beckenham Junction,R00345
BKJ,Beckenham Junction,R00413
BKJ,Beckenham Junction,R00514
BKJ,Beckenham Junction,R00522
BKJ,Beckenham Junction,R00525
BKJ,Beckenham Junction,R00528
BKJ,Beckenham Junction,R00539
BKJ,Beckenham Junction,R00542
BKJ,Beckenham Junction,R00603
BKJ,Beckenham Junction,R00857
BKJ,Beckenham Junction,R00862
BKJ,Beckenham Junction,R01283
BKJ,Beckenham Junction,R01590
BKJ,Beckenham Junction,R01615
BKJ,Beckenham Junction,R02063
BKJ,Beckenham Junction,R02065
BKJ,Beckenham Junction,R02093
BKL,Bickley,R00002
BKL,Bickley,R00014
BKL,Bickley,R00076
BKL,Bickley,R00092
BKL,Bickley,R00221
BKL,Bickley,R00343
BKL,Bickley,R00345
BKL,Bickley,R00469
BKL,Bickley,R00514
BKL,Bickley,R00913
BKL,Bickley,R00971
BKL,Bickley,R01112
BKL,Bickley,R01283
BKL,Bickley,R01575
BKL,Bickley,R01737
BKL,Bickley,R01739
BKL,Bickley,R02093
BKM,Berkhamsted,R00056
BKM,Berkhamsted,R00093
BKM,Berkhamsted,R00131
BKM,Berkhamsted,R00390
BKM,Berkhamsted,R00638
BKM,Berkhamsted,R00806
BKM,Berkhamsted,R00829
BKM,Berkhamsted,R00841
BKM,Berkhamsted,R00879
BKM,Berkhamsted,R01074
BKN,Birkenhead North,R00001
BKN,Birkenhead North,R00005
BKO,Brookwood,R00329
BKO,Brookwood,R00440
BKO,Brookwood,R00597
BKO,Brookwood,R00598
BKO,Brookwood,R00599
BKO,Brookwood,R00747
BKO,Brookwood,R00782
BKO,Brookwood,R00805
BKO,Brookwood,R00866
BKO,Brookwood,R01048
BKO,Brookwood,R01097
BKO,Brookwood,R01224
BKO,Brookwood,R01226
BKO,Brookwood,R01752
BKO,Brookwood,R01760
BKP,Birkenhead Park,R00001
BKP,Birkenhead Park,R00005
BKQ,Birkenhead Hamilton Square,R00001
BKQ,Birkenhead Hamilton Square,R00005
BKQ,Birkenhead Hamilton Square,R00500
BKQ,Birkenhead Hamilton Square,R00502
BKQ,Birkenhead Hamilton Square,R00505
BKQ,Birkenhead Hamilton Square,R00511
BKQ,Birkenhead Hamilton Square,R00558
BKR,Blackridge,R00106
BKR,Blackridge,R00179
BKR,Blackridge,R00378
BKR,Blackridge,R00480
BKR,Blackridge,R01591
BKR,Blackridge,R01875
BKR,Blackridge,R01879
BKS,Bekesbourne,R00125
BKS,Bekesbourne,R00345
BKS,Bekesbourne,R00413
BKS,Bekesbourne,R00414
BKS,Bekesbourne,R00437
BKS,Bekesbourne,R01561
BKS,Bekesbourne,R01627
BKT,Blake Street,R00040
BKT,Blake Street,R01158
BKT,Blake Street,R01225
BKT,Blake Street,R01310
BKT,Blake Street,R01442
BKW,Berkswell,R00056
BKW,Berkswell,R00077
BKW,Berkswell,R00102
BKW,Berkswell,R00104
BKW,Berkswell,R00114
BKW,Berkswell,R00283
BKW,Berkswell,R00286
BKW,Berkswell,R00498
BKW,Berkswell,R00602
BKW,Berkswell,R00638
BKW,Berkswell,R00704
BKW,Berkswell,R00780
BKW,Berkswell,R00816
BKW,Berkswell,R00843
BKW,Berkswell,R00863
BKW,Berkswell,R00899
BKW,Berkswell,R00964
BKW,Berkswell,R00966
BKW,Berkswell,R01055
BKW,Berkswell,R01102
BKW,Berkswell,R01153
BKW,Berkswell,R01280
BKW,Berkswell,R01515
BKW,Berkswell,R01522
BKW,Berkswell,R01691
BLA,Blair Atholl,R00056
BLA,Blair Atholl,R00073
BLA,Blair Atholl,R00139
BLA,Blair Atholl,R00464
BLA,Blair Atholl,R00467
BLA,Blair Atholl,R00704
BLA,Blair Atholl,R01129
BLA,Blair Atholl,R01474
BLB,Battlesbridge,R00832
BLB,Battlesbridge,R01891
BLB,Battlesbridge,R01957
BLD,Baildon,R00377
BLD,Baildon,R00831
BLE,Bramley (West Yorkshire),R00078
BLE,Bramley (West Yorkshire),R00082
BLE,Bramley (West Yorkshire),R00193
BLE,Bramley (West Yorkshire),R00231
BLE,Bramley (West Yorkshire),R00284
BLE,Bramley (West Yorkshire),R00652
BLE,Bramley (West Yorkshire),R00736
BLE,Bramley (West Yorkshire),R01767
BLE,Bramley (West Yorkshire),R01895
BLG,Bellgrove,R00106
BLG,Bellgrove,R00179
BLG,Bellgrove,R00287
BLG,Bellgrove,R00289
BLG,Bellgrove,R00375
BLG,Bellgrove,R00378
BLG,Bellgrove,R00480
BLG,Bellgrove,R00988
BLG,Bellgrove,R01155
BLG,Bellgrove,R01173
BLG,Bellgrove,R01297
BLG,Bellgrove,R01591
BLG,Bellgrove,R01844
BLG,Bellgrove,R01875
BLG,Bellgrove,R01876
BLG,Bellgrove,R01879
BLG,Bellgrove,R01880
BLG,Bellgrove,R02062
BLG,Bellgrove,R02097
BLH,Bellshill,R00183
BLH,Bellshill,R00184
BLH,Bellshill,R00472
BLH,Bellshill,R00706
BLH,Bellshill,R01127
BLH,Bellshill,R01145
BLH,Bellshill,R01194
BLH,Bellshill,R01199
BLH,Bellshill,R01270
BLH,Bellshill,R01303
BLH,Bellshill,R01464
BLH,Bellshill,R01790
BLI,,R00318
BLI,,R00320
BLI,,R00433
BLK,Blackrod,R00130
BLK,Blackrod,R00206
BLK,Blackrod,R00457
BLK,Blackrod,R00508
BLK,Blackrod,R00640
BLK,Blackrod,R00647
BLK,Blackrod,R00947
BLK,Blackrod,R01077
BLK,Blackrod,R01621
BLK,Blackrod,R01902
BLL,Bardon Mill,R00302
BLL,Bardon Mill,R00324
BLL,Bardon Mill,R01107
BLL,Bardon Mill,R01111
BLL,Bardon Mill,R01114
BLL,Bardon Mill,R01378
BLM,Belmont,R00242
BLM,Belmont,R00535
BLM,Belmont,R01634
BLN,Blundellsands & Crosby,R00557
BLN,Blundellsands & Crosby,R01345
BLN,Blundellsands & Crosby,R01611
BLO,Blaydon,R00302
BLO,Blaydon,R00324
BLO,Blaydon,R00463
BLO,Blaydon,R01107
BLO,Blaydon,R01111
BLO,Blaydon,R01114
BLO,Blaydon,R01118
BLO,Blaydon,R01284
BLO,Blaydon,R01378
BLO,Blaydon,R01523
BLO,Blaydon,R01573
BLP,Belper,R00347
BLP,Belper,R00513
BLP,Belper,R00515
BLP,Belper,R00661
BLP,Belper,R01412
BLP,Belper,R01425
BLP,Belper,R01440
BLP,Belper,R01441
BLP,Belper,R01447
BLP,Belper,R01456
BLP,Belper,R01893
BLS,,R01799
BLS,,R01802
BLT,Blantyre,R00378
BLT,Blantyre,R00480
BLT,Blantyre,R00858
BLT,Blantyre,R00988
BLT,Blantyre,R01021
BLT,Blantyre,R01792
BLT,Blantyre,R01808
BLU,,R01413
BLU,,R01553
BLV,Belle Vue,R00290
BLV,Belle Vue,R00790
BLV,Belle Vue,R00963
BLV,Belle Vue,R01082
BLV,Belle Vue,R01085
BLW,Bulwell,R01366
BLW,Bulwell,R01433
BLW,Bulwell,R01434
BLW,Bulwell,R01435
BLW,Bulwell,R01436
BLX,Bloxwich,R00863
BLX,Bloxwich,R00907
BLX,Bloxwich,R01002
BLX,Bloxwich,R01004
BLX,Bloxwich,R01497
BLX,Bloxwich,R01498
BLX,Bloxwich,R01834
BLY,Bletchley,R00056
BLY,Bletchley,R00077
BLY,Bletchley,R00102
BLY,Bletchley,R00104
BLY,Bletchley,R00114
BLY,Bletchley,R00131
BLY,Bletchley,R00173
BLY,Bletchley,R00178
BLY,Bletchley,R00283
BLY,Bletchley,R00286
BLY,Bletchley,R00311
BLY,Bletchley,R00314
BLY,Bletchley,R00589
BLY,Bletchley,R00602
BLY,Bletchley,R00638
BLY,Bletchley,R00704
BLY,Bletchley,R00829
BLY,Bletchley,R00838
BLY,Bletchley,R00841
BLY,Bletchley,R00845
BLY,Bletchley,R00863
BLY,Bletchley,R00879
BLY,Bletchley,R00964
BLY,Bletchley,R01055
BLY,Bletchley,R01074
BLY,Bletchley,R01077
BLY,Bletchley,R01102
BLY,Bletchley,R01267
BLY,Bletchley,R01281
BLY,Bletchley,R01307
BLY,Bletchley,R01432
BLY,Bletchley,R01514
BLY,Bletchley,R01515
BLY,Bletchley,R01522
BLY,Bletchley,R01690
BLY,Bletchley,R01691
BLY,Bletchley,R01697
BLY,Bletchley,R01706
BLY,Bletchley,R01905
BLY,Bletchley,R02086
BMB,Bamber Bridge,R00110
BMB,Bamber Bridge,R00360
BMB,Bamber Bridge,R00647
BMB,Bamber Bridge,R00651
BMB,Bamber Bridge,R00836
BMB,Bamber Bridge,R01320
BMB,Bamber Bridge,R01974
BMC,Bromley Cross,R00101
BMC,Bromley Cross,R00337
BMC,Bromley Cross,R00340
BMC,Bromley Cross,R00730
BMC,Bromley Cross,R01033
BMD,Brimsdown,R00144
BMD,Brimsdown,R00151
BMD,Brimsdown,R00628
BMD,Brimsdown,R00791
BMD,Brimsdown,R00793
BMD,Brimsdown,R01203
BMD,Brimsdown,R01210
BMD,Brimsdown,R01286
BMD,Brimsdown,R01348
BMD,Brimsdown,R01382
BMD,Brimsdown,R01405
BMD,Brimsdown,R01540
BMD,Brimsdown,R01806
BMD,Brimsdown,R01887
BMD,Brimsdown,R01917
BMD,Brimsdown,R02037
BMD,Brimsdown,R02042
BME,Broome,R00385
BME,Broome,R00600
BME,Broome,R01672
BME,Broome,R01852
BMF,Broomfleet,R00027
BMF,Broomfleet,R00228
BMF,Broomfleet,R00358
BMF,Broomfleet,R00466
BMF,Broomfleet,R01480
BMF,Broomfleet,R01686
BMF,Broomfleet,R01950
BMF,Broomfleet,R01973
BMG,Barming,R00221
BMG,Barming,R00413
BMG,Barming,R00528
BMG,Barming,R00539
BMG,Barming,R00542
BMG,Barming,R01501
BMG,Barming,R01682
BMG,Barming,R02072
BMH,Bournemouth,R00077
BMH,Bournemouth,R00283
BMH,Bournemouth,R00286
BMH,Bournemouth,R00329
BMH,Bournemouth,R00331
BMH,Bournemouth,R00431
BMH,Bournemouth,R00498
BMH,Bournemouth,R00626
BMH,Bournemouth,R00629
BMH,Bournemouth,R00631
BMH,Bournemouth,R00746
BMH,Bournemouth,R00753
BMH,Bournemouth,R00757
BMH,Bournemouth,R00783
BMH,Bournemouth,R00786
BMH,Bournemouth,R00808
BMH,Bournemouth,R00869
BMH,Bournemouth,R00964
BMH,Bournemouth,R00966
BMH,Bournemouth,R01067
BMH,Bournemouth,R01069
BMH,Bournemouth,R01072
BMH,Bournemouth,R01861
BML,Bramhall,R00562
BML,Bramhall,R00780
BML,Bramhall,R01013
BML,Bramhall,R01030
BML,Bramhall,R01031
BML,Bramhall,R01380
BMN,Bromley North,R00308
BMN,Bromley North,R00310
BMO,Birmingham Moor Street,R00004
BMO,Birmingham Moor Street,R00053
BMO,Birmingham Moor Street,R00072
BMO,Birmingham Moor Street,R00088
BMO,Birmingham Moor Street,R00115
BMO,Birmingham Moor Street,R00126
BMO,Birmingham Moor Street,R00158
BMO,Birmingham Moor Street,R00246
BMO,Birmingham Moor Street,R00396
BMO,Birmingham Moor Street,R00405
BMO,Birmingham Moor Street,R00425
BMO,Birmingham Moor Street,R00446
BMO,Birmingham Moor Street,R00768
BMO,Birmingham Moor Street,R00770
BMO,Birmingham Moor Street,R00773
BMO,Birmingham Moor Street,R00775
BMO,Birmingham Moor Street,R00776
BMO,Birmingham Moor Street,R00788
BMO,Birmingham Moor Street,R00883
BMO,Birmingham Moor Street,R00884
BMO,Birmingham Moor Street,R00892
BMO,Birmingham Moor Street,R00894
BMO,Birmingham Moor Street,R00896
BMO,Birmingham Moor Street,R00901
BMO,Birmingham Moor Street,R01188
BMO,Birmingham Moor Street,R01486
BMO,Birmingham Moor Street,R01488
BMO,Birmingham Moor Street,R01489
BMO,Birmingham Moor Street,R01490
BMO,Birmingham Moor Street,R01496
BMO,Birmingham Moor Street,R01508
BMO,Birmingham Moor Street,R01585
BMO,Birmingham Moor Street,R01924
BMP,Brampton (Cumbria),R00302
BMP,Brampton (Cumbria),R00324
BMP,Brampton (Cumbria),R01107
BMP,Brampton (Cumbria),R01111
BMP,Brampton (Cumbria),R01114
BMP,Brampton (Cumbria),R01378
BMR,Bromborough Rake,R00500
BMR,Bromborough Rake,R00502
BMR,Bromborough Rake,R00505
BMR,Bromborough Rake,R00511
BMR,Bromborough Rake,R00558
BMS,Bromley South,R00002
BMS,Bromley South,R00014
BMS,Bromley South,R00076
BMS,Bromley South,R00092
BMS,Bromley South,R00221
BMS,Bromley South,R00343
BMS,Bromley South,R00345
BMS,Bromley South,R00413
BMS,Bromley South,R00437
BMS,Bromley South,R00469
BMS,Bromley South,R00514
BMS,Bromley South,R00522
BMS,Bromley South,R00525
BMS,Bromley South,R00528
BMS,Bromley South,R00539
BMS,Bromley South,R00542
BMS,Bromley South,R00854
BMS,Bromley South,R00856
BMS,Bromley South,R00857
BMS,Bromley South,R00862
BMS,Bromley South,R00913
BMS,Bromley South,R00971
BMS,Bromley South,R01099
BMS,Bromley South,R01283
BMS,Bromley South,R01333
BMS,Bromley South,R01466
BMS,Bromley South,R01501
BMS,Bromley South,R01575
BMS,Bromley South,R01615
BMS,Bromley South,R01627
BMS,Bromley South,R01655
BMS,Bromley South,R01682
BMS,Bromley South,R01737
BMS,Bromley South,R01739
BMS,Bromley South,R02072
BMS,Bromley South,R02093
BMT,Bedminster,R00042
BMT,Bedminster,R00070
BMT,Bedminster,R00430
BMT,Bedminster,R01246
BMT,Bedminster,R01332
BMT,Bedminster,R01334
BMT,Bedminster,R01376
BMT,Bedminster,R01467
BMV,Bromsgrove,R00023
BMV,Bromsgrove,R00040
BMV,Bromsgrove,R00283
BMV,Bromsgrove,R00293
BMV,Bromsgrove,R00321
BMV,Bromsgrove,R00347
BMV,Bromsgrove,R00354
BMV,Bromsgrove,R00362
BMV,Bromsgrove,R00369
BMV,Bromsgrove,R00372
BMV,Bromsgrove,R00379
BMV,Bromsgrove,R00455
BMV,Bromsgrove,R00465
BMV,Bromsgrove,R00468
BMV,Bromsgrove,R00582
BMV,Bromsgrove,R00661
BMV,Bromsgrove,R00690
BMV,Bromsgrove,R00935
BMV,Bromsgrove,R00948
BMV,Bromsgrove,R00974
BMV,Bromsgrove,R00975
BMV,Bromsgrove,R00977
BMV,Bromsgrove,R01158
BMV,Bromsgrove,R01220
BMV,Bromsgrove,R01222
BMV,Bromsgrove,R01223
BMV,Bromsgrove,R01231
BMV,Bromsgrove,R01886
BMY,Bramley (Hants),R00077
BMY,Bramley (Hants),R00283
BMY,Bramley (Hants),R00286
BMY,Bramley (Hants),R00490
BMY,Bramley (Hants),R00498
BMY,Bramley (Hants),R00665
BMY,Bramley (Hants),R00741
BMY,Bramley (Hants),R00780
BMY,Bramley (Hants),R00851
BMY,Bramley (Hants),R00964
BMY,Bramley (Hants),R00966
BMY,Bramley (Hants),R01413
BMY,Bramley (Hants),R01553
BNA,Burnage,R00454
BNA,Burnage,R00457
BNA,Burnage,R00527
BNA,Burnage,R00568
BNA,Burnage,R00579
BNA,Burnage,R00587
BNA,Burnage,R00588
BNA,Burnage,R00640
BNA,Burnage,R00647
BNA,Burnage,R00724
BNA,Burnage,R00842
BNA,Burnage,R00897
BNA,Burnage,R00947
BNA,Burnage,R01388
BNA,Burnage,R01621
BNA,Burnage,R01902
BNC,Burnley Central,R00836
BNC,Burnley Central,R01320
BND,Brandon,R00063
BND,Brandon,R00156
BND,Brandon,R00203
BND,Brandon,R00220
BND,Brandon,R00304
BND,Brandon,R00336
BND,Brandon,R00792
BND,Brandon,R00846
BND,Brandon,R00954
BND,Brandon,R01268
BND,Brandon,R01335
BND,Brandon,R01470
BND,Brandon,R01472
BND,Brandon,R01982
BND,Brandon,R01983
BNE,Bourne End,R00022
BNE,Bourne End,R00025
BNE,Bourne End,R00273
BNE,Bourne End,R00274
BNE,Bourne End,R00276
BNE,Bourne End,R00279
BNF,Briton Ferry,R00077
BNF,Briton Ferry,R00559
BNF,Briton Ferry,R00600
BNF,Briton Ferry,R00796
BNF,Briton Ferry,R00826
BNF,Briton Ferry,R01537
BNF,Briton Ferry,R01670
BNF,Briton Ferry,R01826
BNF,Briton Ferry,R01835
BNG,Bangor (Gwynedd),R00056
BNG,Bangor (Gwynedd),R00058
BNG,Bangor (Gwynedd),R00141
BNG,Bangor (Gwynedd),R00147
BNG,Bangor (Gwynedd),R00160
BNG,Bangor (Gwynedd),R00229
BNG,Bangor (Gwynedd),R00230
BNG,Bangor (Gwynedd),R00257
BNG,Bangor (Gwynedd),R00269
BNG,Bangor (Gwynedd),R00272
BNG,Bangor (Gwynedd),R00418
BNG,Bangor (Gwynedd),R00568
BNG,Bangor (Gwynedd),R00590
BNG,Bangor (Gwynedd),R00592
BNG,Bangor (Gwynedd),R00902
BNG,Bangor (Gwynedd),R01307
BNG,Bangor (Gwynedd),R01518
BNG,Bangor (Gwynedd),R01526
BNG,Bangor (Gwynedd),R01710
BNH,Barnehurst,R00079
BNH,Barnehurst,R00092
BNH,Barnehurst,R00491
BNH,Barnehurst,R00516
BNH,Barnehurst,R00617
BNH,Barnehurst,R00624
BNH,Barnehurst,R00654
BNH,Barnehurst,R01100
BNH,Barnehurst,R01556
BNH,Barnehurst,R01592
BNH,Barnehurst,R01745
BNH,Barnehurst,R01768
BNH,Barnehurst,R01800
BNI,Barnes Bridge,R00699
BNI,Barnes Bridge,R00745
BNI,Barnes Bridge,R00804
BNI,Barnes Bridge,R00865
BNI,Barnes Bridge,R01024
BNI,Barnes Bridge,R01032
BNI,Barnes Bridge,R01913
BNI,Barnes Bridge,R01981
BNL,Barnhill,R00375
BNL,Barnhill,R00480
BNL,Barnhill,R01173
BNL,Barnhill,R01591
BNL,Barnhill,R01844
BNM,Burnham,R00105
BNM,Burnham,R00342
BNM,Burnham,R00362
BNM,Burnham,R00387
BNM,Burnham,R00550
BNM,Burnham,R00582
BNM,Burnham,R00917
BNM,Burnham,R01037
BNM,Burnham,R01056
BNM,Burnham,R01151
BNM,Burnham,R01374
BNM,Burnham,R01381
BNM,Burnham,R01416
BNM,Burnham,R01507
BNM,Burnham,R01581
BNM,Burnham,R01652
BNM,Burnham,R01694
BNM,Burnham,R01701
BNM,Burnham,R01705
BNM,Burnham,R01712
BNM,Burnham,R01719
BNM,Burnham,R01777
BNM,Burnham,R01943
BNP,Barnstaple,R00259
BNP,Barnstaple,R00264
BNP,Barnstaple,R00325
BNP,Barnstaple,R00338
BNP,Barnstaple,R00371
BNP,Barnstaple,R00388
BNP,Barnstaple,R00604
BNP,Barnstaple,R00606
BNP,Barnstaple,R00607
BNP,Barnstaple,R00609
BNP,Barnstaple,R00612
BNP,Barnstaple,R00744
BNP,Barnstaple,R01317
BNP,Barnstaple,R01783
BNP,Barnstaple,R01785
BNP,Barnstaple,R01793
BNP,Barnstaple,R01797
BNP,Barnstaple,R01798
BNP,Barnstaple,R01810
BNR,Brockley Whins,R00302
BNR,Brockley Whins,R00306
BNR,Brockley Whins,R00324
BNR,Brockley Whins,R00546
BNR,Brockley Whins,R00556
BNR,Brockley Whins,R00572
BNR,Brockley Whins,R00636
BNR,Brockley Whins,R00678
BNR,Brockley Whins,R00679
BNR,Brockley Whins,R00983
BNR,Brockley Whins,R01114
BNR,Brockley Whins,R01118
BNR,Brockley Whins,R01305
BNR,Brockley Whins,R01378
BNR,Brockley Whins,R01801
BNS,Barnes,R00301
BNS,Barnes,R00645
BNS,Barnes,R00699
BNS,Barnes,R00715
BNS,Barnes,R00718
BNS,Barnes,R00745
BNS,Barnes,R00797
BNS,Barnes,R00798
BNS,Barnes,R00802
BNS,Barnes,R00804
BNS,Barnes,R00807
BNS,Barnes,R00861
BNS,Barnes,R00864
BNS,Barnes,R00865
BNS,Barnes,R00957
BNS,Barnes,R00980
BNS,Barnes,R00987
BNS,Barnes,R01024
BNS,Barnes,R01032
BNS,Barnes,R01051
BNS,Barnes,R01064
BNS,Barnes,R01103
BNS,Barnes,R01913
BNS,Barnes,R01978
BNS,Barnes,R01981
BNS,Barnes,R02102
BNT,Brinnington,R00290
BNT,Brinnington,R00693
BNT,Brinnington,R00771
BNT,Brinnington,R00772
BNT,Brinnington,R00790
BNT,Brinnington,R00963
BNT,Brinnington,R01082
BNT,Brinnington,R01085
BNV,Banavie,R01140
BNV,Banavie,R01141
BNV,Banavie,R01190
BNV,Banavie,R01191
BNV,Banavie,R01297
BNW,Bootle New Strand,R00557
BNW,Bootle New Strand,R01345
BNW,Bootle New Strand,R01611
BNY,Barnsley,R00011
BNY,Barnsley,R00038
BNY,Barnsley,R00328
BNY,Barnsley,R00332
BNY,Barnsley,R00334
BNY,Barnsley,R00441
BNY,Barnsley,R00482
BNY,Barnsley,R00495
BNY,Barnsley,R00639
BNY,Barnsley,R00721
BNY,Barnsley,R01525
BNY,Barnsley,R01756
BNY,Barnsley,R02012
BOA,Bradford-On-Avon,R00055
BOA,Bradford-On-Avon,R00348
BOA,Bradford-On-Avon,R00430
BOA,Bradford-On-Avon,R00439
BOA,Bradford-On-Avon,R00720
BOA,Bradford-On-Avon,R00985
BOA,Bradford-On-Avon,R01034
BOA,Bradford-On-Avon,R01103
BOA,Bradford-On-Avon,R01246
BOA,Bradford-On-Avon,R01319
BOA,Bradford-On-Avon,R01462
BOA,Bradford-On-Avon,R01478
BOA,Bradford-On-Avon,R01479
BOA,Bradford-On-Avon,R01509
BOA,Bradford-On-Avon,R01662
BOA,Bradford-On-Avon,R01667
BOA,Bradford-On-Avon,R01712
BOA,Bradford-On-Avon,R01715
BOA,Bradford-On-Avon,R01744
BOA,Bradford-On-Avon,R02100
BOA,Bradford-On-Avon,R02101
BOC,Bootle (Cumbria),R00142
BOC,Bootle (Cumbria),R00376
BOC,Bootle (Cumbria),R00391
BOC,Bootle (Cumbria),R00814
BOC,Bootle (Cumbria),R00817
BOC,Bootle (Cumbria),R01018
BOC,Bootle (Cumbria),R01242
BOD,Bodmin Parkway,R00034
BOD,Bodmin Parkway,R00321
BOD,Bodmin Parkway,R00346
BOD,Bodmin Parkway,R00350
BOD,Bodmin Parkway,R00351
BOD,Bodmin Parkway,R00445
BOD,Bodmin Parkway,R00447
BOD,Bodmin Parkway,R00455
BOD,Bodmin Parkway,R00550
BOD,Bodmin Parkway,R01237
BOD,Bodmin Parkway,R01246
BOD,Bodmin Parkway,R01325
BOD,Bodmin Parkway,R01381
BOD,Bodmin Parkway,R01443
BOD,Bodmin Parkway,R01473
BOD,Bodmin Parkway,R01784
BOD,Bodmin Parkway,R01819
BOE,Botley,R00742
BOE,Botley,R00746
BOE,Botley,R00747
BOE,Botley,R00866
BOE,Botley,R00985
BOE,Botley,R01046
BOE,Botley,R01048
BOE,Botley,R01097
BOE,Botley,R01930
BOG,Bognor Regis,R00047
BOG,Bognor Regis,R00049
BOG,Bognor Regis,R00199
BOG,Bognor Regis,R00248
BOG,Bognor Regis,R00253
BOG,Bognor Regis,R00633
BOG,Bognor Regis,R00653
BOG,Bognor Regis,R00658
BOG,Bognor Regis,R00969
BOG,Bognor Regis,R01009
BOG,Bognor Regis,R01419
BOG,Bognor Regis,R01677
BOH,Bosham,R00043
BOH,Bosham,R00199
BOH,Bosham,R00399
BOH,Bosham,R00655
BOH,Bosham,R00656
BOH,Bosham,R00657
BOH,Bosham,R00658
BOH,Bosham,R00659
BOH,Bosham,R00739
BOH,Bosham,R00742
BOH,Bosham,R00748
BOH,Bosham,R00812
BOH,Bosham,R00969
BOH,Bosham,R01039
BOH,Bosham,R01070
BOH,Bosham,R01367
BOM,Bromborough,R00500
BOM,Bromborough,R00502
BOM,Bromborough,R00505
BOM,Bromborough,R00511
BOM,Bromborough,R00558
BON,Bolton,R00059
BON,Bolton,R00069
BON,Bolton,R00074
BON,Bolton,R00084
BON,Bolton,R00101
BON,Bolton,R00102
BON,Bolton,R00112
BON,Bolton,R00114
BON,Bolton,R00130
BON,Bolton,R00142
BON,Bolton,R00206
BON,Bolton,R00337
BON,Bolton,R00340
BON,Bolton,R00408
BON,Bolton,R00457
BON,Bolton,R00508
BON,Bolton,R00521
BON,Bolton,R00640
BON,Bolton,R00647
BON,Bolton,R00730
BON,Bolton,R00947
BON,Bolton,R01033
BON,Bolton,R01077
BON,Bolton,R01091
BON,Bolton,R01619
BON,Bolton,R01621
BON,Bolton,R01622
BON,Bolton,R01678
BON,Bolton,R01902
BOP,Bowes Park,R00217
BOP,Bowes Park,R00271
BOP,Bowes Park,R00319
BOP,Bowes Park,R00321
BOP,Bowes Park,R00370
BOP,Bowes Park,R00470
BOP,Bowes Park,R00620
BOP,Bowes Park,R00628
BOP,Bowes Park,R00660
BOP,Bowes Park,R00702
BOP,Bowes Park,R00707
BOP,Bowes Park,R00727
BOP,Bowes Park,R00749
BOP,Bowes Park,R00970
BOP,Bowes Park,R00993
BOP,Bowes Park,R01171
BOP,Bowes Park,R01313
BOP,Bowes Park,R01384
BOP,Bowes Park,R01494
BOP,Bowes Park,R01596
BOP,Bowes Park,R01606
BOP,Bowes Park,R01764
BOR,Bodorgan,R00418
BOR,Bodorgan,R00590
BOR,Bodorgan,R00592
BOR,Bodorgan,R01518
BOR,Bodorgan,R01526
BOT,Bootle Oriel Road,R00557
BOT,Bootle Oriel Road,R01345
BOT,Bootle Oriel Road,R01611
BOW,Bow Street,R00058
BOW,Bow Street,R00571
BOW,Bow Street,R00581
BOW,Bow Street,R01062
BOW,Bow Street,R01261
BOW,Bow Street,R01787
BPA,Beaulieu Park,R00207
BPA,Beaulieu Park,R00323
BPA,Beaulieu Park,R00832
BPA,Beaulieu Park,R00872
BPA,Beaulieu Park,R00874
BPA,Beaulieu Park,R00881
BPA,Beaulieu Park,R00882
BPA,Beaulieu Park,R00888
BPA,Beaulieu Park,R00890
BPA,Beaulieu Park,R01000
BPA,Beaulieu Park,R01335
BPA,Beaulieu Park,R01653
BPA,Beaulieu Park,R01823
BPA,Beaulieu Park,R01868
BPA,Beaulieu Park,R01871
BPA,Beaulieu Park,R01881
BPA,Beaulieu Park,R01882
BPA,Beaulieu Park,R01904
BPA,Beaulieu Park,R01906
BPA,Beaulieu Park,R01934
BPA,Beaulieu Park,R01935
BPA,Beaulieu Park,R01936
BPB,Blackpool Pleasure Beach,R01321
BPB,Blackpool Pleasure Beach,R01484
BPB,Blackpool Pleasure Beach,R01580
BPK,Brookmans Park,R00094
BPK,Brookmans Park,R00217
BPK,Brookmans Park,R00319
BPK,Brookmans Park,R00321
BPK,Brookmans Park,R00370
BPK,Brookmans Park,R00465
BPK,Brookmans Park,R00485
BPK,Brookmans Park,R00620
BPK,Brookmans Park,R00660
BPK,Brookmans Park,R00705
BPK,Brookmans Park,R00707
BPK,Brookmans Park,R00727
BPK,Brookmans Park,R00749
BPK,Brookmans Park,R00819
BPK,Brookmans Park,R00968
BPK,Brookmans Park,R01283
BPK,Brookmans Park,R01517
BPK,Brookmans Park,R01686
BPL,,R00251
BPL,,R00813
BPL,,R01162
BPL,,R01182
BPN,Blackpool North,R00056
BPN,Blackpool North,R00090
BPN,Blackpool North,R00110
BPN,Blackpool North,R00119
BPN,Blackpool North,R00121
BPN,Blackpool North,R00130
BPN,Blackpool North,R00206
BPN,Blackpool North,R00360
BPN,Blackpool North,R00454
BPN,Blackpool North,R00508
BPN,Blackpool North,R00640
BPN,Blackpool North,R00647
BPN,Blackpool North,R00651
BPN,Blackpool North,R00947
BPN,Blackpool North,R01613
BPN,Blackpool North,R01626
BPN,Blackpool North,R01902
BPN,Blackpool North,R01974
BPN,Blackpool North,R02088
BPS,Blackpool South,R01321
BPS,Blackpool South,R01484
BPS,Blackpool South,R01580
BPT,Bishopton,R00099
BPT,Bishopton,R00164
BPT,Bishopton,R00190
BPT,Bishopton,R00426
BPT,Bishopton,R01211
BPT,Bishopton,R01227
BPT,Bishopton,R01229
BPT,Bishopton,R01293
BPW,Bristol Parkway,R00028
BPW,Bristol Parkway,R00034
BPW,Bristol Parkway,R00055
BPW,Bristol Parkway,R00070
BPW,Bristol Parkway,R00085
BPW,Bristol Parkway,R00089
BPW,Bristol Parkway,R00283
BPW,Bristol Parkway,R00321
BPW,Bristol Parkway,R00354
BPW,Bristol Parkway,R00369
BPW,Bristol Parkway,R00372
BPW,Bristol Parkway,R00379
BPW,Bristol Parkway,R00455
BPW,Bristol Parkway,R00465
BPW,Bristol Parkway,R00468
BPW,Bristol Parkway,R00582
BPW,Bristol Parkway,R00600
BPW,Bristol Parkway,R00690
BPW,Bristol Parkway,R00720
BPW,Bristol Parkway,R00917
BPW,Bristol Parkway,R00924
BPW,Bristol Parkway,R00935
BPW,Bristol Parkway,R00975
BPW,Bristol Parkway,R00977
BPW,Bristol Parkway,R01037
BPW,Bristol Parkway,R01222
BPW,Bristol Parkway,R01238
BPW,Bristol Parkway,R01246
BPW,Bristol Parkway,R01319
BPW,Bristol Parkway,R01334
BPW,Bristol Parkway,R01478
BPW,Bristol Parkway,R01665
BPW,Bristol Parkway,R01715
BPW,Bristol Parkway,R01716
BPW,Bristol Parkway,R01740
BPW,Bristol Parkway,R01744
BPW,Bristol Parkway,R01750
BPW,Bristol Parkway,R01877
BPW,Bristol Parkway,R01943
BRA,Brora,R01156
BRA,Brora,R01157
BRA,Brora,R01159
BRC,Breich,R00183
BRC,Breich,R00184
BRC,Breich,R01176
BRC,Breich,R01221
BRC,Breich,R01270
BRC,Breich,R01464
BRE,Brentwood,R00207
BRE,Brentwood,R00323
BRE,Brentwood,R00832
BRE,Brentwood,R00850
BRE,Brentwood,R00881
BRE,Brentwood,R00882
BRE,Brentwood,R00888
BRE,Brentwood,R00898
BRE,Brentwood,R01038
BRE,Brentwood,R01184
BRE,Brentwood,R01431
BRE,Brentwood,R01692
BRF,Brierfield,R00836
BRF,Brierfield,R01320
BRG,Borough Green & Wrotham,R00014
BRG,Borough Green & Wrotham,R00221
BRG,Borough Green & Wrotham,R00413
BRG,Borough Green & Wrotham,R00488
BRG,Borough Green & Wrotham,R00489
BRG,Borough Green & Wrotham,R00528
BRG,Borough Green & Wrotham,R00539
BRG,Borough Green & Wrotham,R00542
BRG,Borough Green & Wrotham,R00854
BRG,Borough Green & Wrotham,R00862
BRG,Borough Green & Wrotham,R01099
BRG,Borough Green & Wrotham,R01501
BRG,Borough Green & Wrotham,R01682
BRG,Borough Green & Wrotham,R02072
BRH,Borth,R00058
BRH,Borth,R00571
BRH,Borth,R00581
BRH,Borth,R01062
BRH,Borth,R01261
BRH,Borth,R01787
BRI,Bristol Temple Meads,R00028
BRI,Bristol Temple Meads,R00034
BRI,Bristol Temple Meads,R00042
BRI,Bristol Temple Meads,R00055
BRI,Bristol Temple Meads,R00070
BRI,Bristol Temple Meads,R00085
BRI,Bristol Temple Meads,R00089
BRI,Bristol Temple Meads,R00283
BRI,Bristol Temple Meads,R00321
BRI,Bristol Temple Meads,R00348
BRI,Bristol Temple Meads,R00354
BRI,Bristol Temple Meads,R00369
BRI,Bristol Temple Meads,R00371
BRI,Bristol Temple Meads,R00372
BRI,Bristol Temple Meads,R00379
BRI,Bristol Temple Meads,R00401
BRI,Bristol Temple Meads,R00428
BRI,Bristol Temple Meads,R00430
BRI,Bristol Temple Meads,R00439
BRI,Bristol Temple Meads,R00455
BRI,Bristol Temple Meads,R00465
BRI,Bristol Temple Meads,R00468
BRI,Bristol Temple Meads,R00582
BRI,Bristol Temple Meads,R00690
BRI,Bristol Temple Meads,R00720
BRI,Bristol Temple Meads,R00918
BRI,Bristol Temple Meads,R00924
BRI,Bristol Temple Meads,R00935
BRI,Bristol Temple Meads,R00975
BRI,Bristol Temple Meads,R00977
BRI,Bristol Temple Meads,R00985
BRI,Bristol Temple Meads,R01034
BRI,Bristol Temple Meads,R01037
BRI,Bristol Temple Meads,R01151
BRI,Bristol Temple Meads,R01217
BRI,Bristol Temple Meads,R01222
BRI,Bristol Temple Meads,R01246
BRI,Bristol Temple Meads,R01319
BRI,Bristol Temple Meads,R01329
BRI,Bristol Temple Meads,R01331
BRI,Bristol Temple Meads,R01332
BRI,Bristol Temple Meads,R01334
BRI,Bristol Temple Meads,R01344
BRI,Bristol Temple Meads,R01346
BRI,Bristol Temple Meads,R01361
BRI,Bristol Temple Meads,R01376
BRI,Bristol Temple Meads,R01379
BRI,Bristol Temple Meads,R01443
BRI,Bristol Temple Meads,R01462
BRI,Bristol Temple Meads,R01463
BRI,Bristol Temple Meads,R01465
BRI,Bristol Temple Meads,R01467
BRI,Bristol Temple Meads,R01478
BRI,Bristol Temple Meads,R01479
BRI,Bristol Temple Meads,R01662
BRI,Bristol Temple Meads,R01667
BRI,Bristol Temple Meads,R01712
BRI,Bristol Temple Meads,R01715
BRI,Bristol Temple Meads,R01716
BRI,Bristol Temple Meads,R01723
BRI,Bristol Temple Meads,R01744
BRI,Bristol Temple Meads,R01750
BRI,Bristol Temple Meads,R01784
BRI,Bristol Temple Meads,R01854
BRI,Bristol Temple Meads,R01855
BRI,Bristol Temple Meads,R01857
BRI,Bristol Temple Meads,R01943
BRI,Bristol Temple Meads,R01972
BRI,Bristol Temple Meads,R01996
BRK,Berwick (Sussex),R00051
BRK,Berwick (Sussex),R00199
BRK,Berwick (Sussex),R00238
BRK,Berwick (Sussex),R00253
BRK,Berwick (Sussex),R00452
BRK,Berwick (Sussex),R00517
BRK,Berwick (Sussex),R00530
BRK,Berwick (Sussex),R00627
BRK,Berwick (Sussex),R01168
BRK,Berwick (Sussex),R01630
BRK,Berwick (Sussex),R01650
BRK,Berwick (Sussex),R02022
BRL,Barrhill,R00275
BRL,Barrhill,R00353
BRL,Barrhill,R00355
BRM,Barmouth,R00068
BRM,Barmouth,R00330
BRN,Bearsden,R00179
BRN,Bearsden,R00289
BRN,Bearsden,R00375
BRN,Bearsden,R00480
BRN,Bearsden,R01021
BRN,Bearsden,R01155
BRN,Bearsden,R01808
BRN,Bearsden,R01875
BRN,Bearsden,R01876
BRN,Bearsden,R01880
BRO,Bridge of Orchy,R01140
BRO,Bridge of Orchy,R01297
BRO,Bridge of Orchy,R01865
BRO,Bridge of Orchy,R02062
BRO,Bridge of Orchy,R02097
BRP,Brampton (Suffolk),R00492
BRP,Brampton (Suffolk),R00833
BRP,Brampton (Suffolk),R01349
BRR,Barrhead,R00353
BRR,Barrhead,R00383
BRR,Barrhead,R01174
BRR,Barrhead,R01175
BRR,Barrhead,R01177
BRR,Barrhead,R01215
BRR,Barrhead,R01306
BRR,Barrhead,R01368
BRR,Barrhead,R01666
BRS,Berrylands,R00753
BRS,Berrylands,R00910
BRS,Berrylands,R01218
BRS,Berrylands,R01219
BRS,Berrylands,R01250
BRS,Berrylands,R01642
BRU,Bruton,R00331
BRU,Bruton,R00348
BRU,Bruton,R00550
BRU,Bruton,R00720
BRU,Bruton,R00722
BRU,Bruton,R00756
BRU,Bruton,R01319
BRU,Bruton,R01381
BRU,Bruton,R01446
BRU,Bruton,R01478
BRU,Bruton,R01662
BRV,Bournville,R00037
BRV,Bournville,R00040
BRV,Bournville,R00759
BRV,Bournville,R01158
BRV,Bournville,R01310
BRV,Bournville,R01886
BRW,Brunswick,R01003
BRW,Brunswick,R01430
BRW,Brunswick,R01759
BRX,Brixton,R00002
BRX,Brixton,R00221
BRX,Brixton,R00343
BRX,Brixton,R00345
BRX,Brixton,R00413
BRX,Brixton,R00514
BRX,Brixton,R00528
BRX,Brixton,R00539
BRX,Brixton,R00542
BRX,Brixton,R00854
BRX,Brixton,R00856
BRX,Brixton,R00857
BRX,Brixton,R00862
BRX,Brixton,R01097
BRX,Brixton,R01099
BRX,Brixton,R01100
BRX,Brixton,R01283
BRX,Brixton,R01333
BRX,Brixton,R01615
BRX,Brixton,R01768
BRX,Brixton,R02065
BRY,Barry,R00034
BRY,Barry,R00080
BRY,Barry,R00266
BRY,Barry,R00278
BRY,Barry,R00339
BRY,Barry,R00593
BRY,Barry,R00605
BRY,Barry,R00682
BRY,Barry,R00728
BRY,Barry,R00796
BRY,Barry,R00840
BRY,Barry,R00917
BRY,Barry,R01037
BRY,Barry,R01537
BRY,Barry,R01782
BRY,Barry,R01877
BSB,Bleasby,R00459
BSB,Bleasby,R00764
BSB,Bleasby,R01207
BSB,Bleasby,R01403
BSB,Bleasby,R01425
BSB,Bleasby,R01426
BSB,Bleasby,R01428
BSC,Bescot Stadium,R00056
BSC,Bescot Stadium,R00104
BSC,Bescot Stadium,R00642
BSC,Bescot Stadium,R00704
BSC,Bescot Stadium,R00863
BSC,Bescot Stadium,R00907
BSC,Bescot Stadium,R00999
BSC,Bescot Stadium,R01002
BSC,Bescot Stadium,R01004
BSC,Bescot Stadium,R01256
BSC,Bescot Stadium,R01275
BSC,Bescot Stadium,R01497
BSC,Bescot Stadium,R01498
BSC,Bescot Stadium,R01522
BSC,Bescot Stadium,R01834
BSD,Bearsted,R00014
BSD,Bearsted,R00221
BSD,Bearsted,R00413
BSD,Bearsted,R00489
BSD,Bearsted,R00528
BSD,Bearsted,R00539
BSD,Bearsted,R00542
BSD,Bearsted,R00611
BSD,Bearsted,R01500
BSD,Bearsted,R01501
BSE,Bury St Edmunds,R00484
BSE,Bury St Edmunds,R00509
BSE,Bury St Edmunds,R01312
BSE,Bury St Edmunds,R01357
BSE,Bury St Edmunds,R01358
BSE,Bury St Edmunds,R01359
BSE,Bury St Edmunds,R01932
BSH,Bushey,R00093
BSH,Bushey,R00131
BSH,Bushey,R00390
BSH,Bushey,R00806
BSH,Bushey,R00829
BSH,Bushey,R00841
BSH,Bushey,R00879
BSH,Bushey,R01074
BSI,Balmossie,R00467
BSI,Balmossie,R00692
BSJ,Bedford St Johns,R00173
BSJ,Bedford St Johns,R00178
BSK,Basingstoke,R00077
BSK,Basingstoke,R00283
BSK,Basingstoke,R00286
BSK,Basingstoke,R00329
BSK,Basingstoke,R00331
BSK,Basingstoke,R00440
BSK,Basingstoke,R00490
BSK,Basingstoke,R00498
BSK,Basingstoke,R00626
BSK,Basingstoke,R00631
BSK,Basingstoke,R00665
BSK,Basingstoke,R00672
BSK,Basingstoke,R00675
BSK,Basingstoke,R00677
BSK,Basingstoke,R00694
BSK,Basingstoke,R00700
BSK,Basingstoke,R00711
BSK,Basingstoke,R00741
BSK,Basingstoke,R00746
BSK,Basingstoke,R00747
BSK,Basingstoke,R00753
BSK,Basingstoke,R00757
BSK,Basingstoke,R00761
BSK,Basingstoke,R00780
BSK,Basingstoke,R00782
BSK,Basingstoke,R00805
BSK,Basingstoke,R00851
BSK,Basingstoke,R00866
BSK,Basingstoke,R00964
BSK,Basingstoke,R00966
BSK,Basingstoke,R00996
BSK,Basingstoke,R01048
BSK,Basingstoke,R01097
BSK,Basingstoke,R01224
BSK,Basingstoke,R01226
BSK,Basingstoke,R01413
BSK,Basingstoke,R01553
BSK,Basingstoke,R01629
BSK,Basingstoke,R01760
BSK,Basingstoke,R01861
BSL,Beasdale,R01140
BSL,Beasdale,R01141
BSL,Beasdale,R01297
BSM,Branksome,R00329
BSM,Branksome,R00331
BSM,Branksome,R00431
BSM,Branksome,R00626
BSM,Branksome,R00629
BSM,Branksome,R00746
BSM,Branksome,R00757
BSM,Branksome,R00786
BSM,Branksome,R00808
BSM,Branksome,R01067
BSM,Branksome,R01069
BSM,Branksome,R01072
BSM,Branksome,R01861
BSN,Boston,R00195
BSN,Boston,R00196
BSN,Boston,R00197
BSN,Boston,R00205
BSN,Boston,R00216
BSN,Boston,R00218
BSN,Boston,R00220
BSN,Boston,R00222
BSO,Basildon,R00137
BSO,Basildon,R00434
BSO,Basildon,R00978
BSO,Basildon,R01094
BSO,Basildon,R01354
BSO,Basildon,R01402
BSO,Basildon,R01625
BSO,Basildon,R01850
BSO,Basildon,R01864
BSP,Brondesbury Park,R00177
BSP,Brondesbury Park,R00252
BSP,Brondesbury Park,R00258
BSP,Brondesbury Park,R01093
BSR,Broadstairs,R00125
BSR,Broadstairs,R00343
BSR,Broadstairs,R00413
BSR,Broadstairs,R00436
BSR,Broadstairs,R00514
BSR,Broadstairs,R00668
BSR,Broadstairs,R00684
BSR,Broadstairs,R01090
BSR,Broadstairs,R01568
BSR,Broadstairs,R01967
BSR,Broadstairs,R01969
BSR,Broadstairs,R01971
BSR,Broadstairs,R01997
BSR,Broadstairs,R02098
BSS,Barassie,R01204
BSS,Barassie,R01212
BSS,Barassie,R01213
BSS,Barassie,R01255
BSU,Brunstane,R00171
BSU,Brunstane,R00175
BSV,Buckshaw Parkway,R00130
BSV,Buckshaw Parkway,R00206
BSV,Buckshaw Parkway,R00457
BSV,Buckshaw Parkway,R00508
BSV,Buckshaw Parkway,R00640
BSV,Buckshaw Parkway,R00647
BSV,Buckshaw Parkway,R00947
BSV,Buckshaw Parkway,R01077
BSV,Buckshaw Parkway,R01621
BSV,Buckshaw Parkway,R01902
BSW,Birmingham Snow Hill,R00004
BSW,Birmingham Snow Hill,R00053
BSW,Birmingham Snow Hill,R00088
BSW,Birmingham Snow Hill,R00115
BSW,Birmingham Snow Hill,R00126
BSW,Birmingham Snow Hill,R00158
BSW,Birmingham Snow Hill,R00246
BSW,Birmingham Snow Hill,R00396
BSW,Birmingham Snow Hill,R00768
BSW,Birmingham Snow Hill,R00773
BSW,Birmingham Snow Hill,R00775
BSW,Birmingham Snow Hill,R00776
BSW,Birmingham Snow Hill,R00788
BSW,Birmingham Snow Hill,R00883
BSW,Birmingham Snow Hill,R00884
BSW,Birmingham Snow Hill,R00892
BSW,Birmingham Snow Hill,R00894
BSW,Birmingham Snow Hill,R00896
BSW,Birmingham Snow Hill,R00901
BSW,Birmingham Snow Hill,R01188
BSW,Birmingham Snow Hill,R01496
BSW,Birmingham Snow Hill,R01508
BSW,Birmingham Snow Hill,R01585
BSW,Birmingham Snow Hill,R01899
BSW,Birmingham Snow Hill,R01924
BSY,Brondesbury,R00177
BSY,Brondesbury,R00252
BSY,Brondesbury,R00258
BSY,Brondesbury,R01093
BTB,Barnetby,R00061
BTB,Barnetby,R00062
BTB,Barnetby,R00063
BTB,Barnetby,R00513
BTB,Barnetby,R00640
BTB,Barnetby,R00765
BTB,Barnetby,R01362
BTB,Barnetby,R01403
BTB,Barnetby,R01406
BTB,Barnetby,R01412
BTB,Barnetby,R01440
BTB,Barnetby,R01441
BTB,Barnetby,R01726
BTD,Bolton-On-Dearne,R00111
BTD,Bolton-On-Dearne,R00260
BTD,Bolton-On-Dearne,R00335
BTD,Bolton-On-Dearne,R00949
BTE,Bitterne,R00753
BTE,Bitterne,R00877
BTE,Bitterne,R00878
BTF,Bottesford,R00194
BTF,Bottesford,R00195
BTF,Bottesford,R00196
BTF,Bottesford,R00197
BTF,Bottesford,R00205
BTF,Bottesford,R00218
BTF,Bottesford,R00222
BTF,Bottesford,R00336
BTF,Bottesford,R00809
BTG,Barnt Green,R00023
BTG,Barnt Green,R00037
BTG,Barnt Green,R00040
BTG,Barnt Green,R00283
BTG,Barnt Green,R00293
BTG,Barnt Green,R00321
BTG,Barnt Green,R00347
BTG,Barnt Green,R00354
BTG,Barnt Green,R00362
BTG,Barnt Green,R00369
BTG,Barnt Green,R00372
BTG,Barnt Green,R00379
BTG,Barnt Green,R00455
BTG,Barnt Green,R00465
BTG,Barnt Green,R00468
BTG,Barnt Green,R00582
BTG,Barnt Green,R00661
BTG,Barnt Green,R00690
BTG,Barnt Green,R00759
BTG,Barnt Green,R00935
BTG,Barnt Green,R00948
BTG,Barnt Green,R00974
BTG,Barnt Green,R00975
BTG,Barnt Green,R00977
BTG,Barnt Green,R01158
BTG,Barnt Green,R01220
BTG,Barnt Green,R01222
BTG,Barnt Green,R01223
BTG,Barnt Green,R01231
BTG,Barnt Green,R01886
BTH,Bath Spa,R00034
BTH,Bath Spa,R00042
BTH,Bath Spa,R00055
BTH,Bath Spa,R00070
BTH,Bath Spa,R00348
BTH,Bath Spa,R00401
BTH,Bath Spa,R00428
BTH,Bath Spa,R00430
BTH,Bath Spa,R00439
BTH,Bath Spa,R00455
BTH,Bath Spa,R00720
BTH,Bath Spa,R00868
BTH,Bath Spa,R00918
BTH,Bath Spa,R00985
BTH,Bath Spa,R01034
BTH,Bath Spa,R01037
BTH,Bath Spa,R01097
BTH,Bath Spa,R01103
BTH,Bath Spa,R01151
BTH,Bath Spa,R01217
BTH,Bath Spa,R01246
BTH,Bath Spa,R01319
BTH,Bath Spa,R01462
BTH,Bath Spa,R01463
BTH,Bath Spa,R01478
BTH,Bath Spa,R01479
BTH,Bath Spa,R01509
BTH,Bath Spa,R01662
BTH,Bath Spa,R01667
BTH,Bath Spa,R01712
BTH,Bath Spa,R01715
BTH,Bath Spa,R01723
BTH,Bath Spa,R01744
BTH,Bath Spa,R01747
BTH,Bath Spa,R01854
BTH,Bath Spa,R01855
BTH,Bath Spa,R01857
BTH,Bath Spa,R02100
BTH,Bath Spa,R02101
BTL,Batley,R00063
BTL,Batley,R00064
BTL,Batley,R00409
BTL,Batley,R00466
BTL,Batley,R00473
BTL,Batley,R00729
BTL,Batley,R00940
BTL,Batley,R01165
BTL,Batley,R01170
BTL,Batley,R01301
BTL,Batley,R01388
BTL,Batley,R01888
BTL,Batley,R01908
BTL,Batley,R02027
BTL,Batley,R02044
BTL,Batley,R02095
BTN,Brighton,R00043
BTN,Brighton,R00051
BTN,Brighton,R00199
BTN,Brighton,R00239
BTN,Brighton,R00265
BTN,Brighton,R00271
BTN,Brighton,R00452
BTN,Brighton,R00517
BTN,Brighton,R00530
BTN,Brighton,R00627
BTN,Brighton,R00657
BTN,Brighton,R00660
BTN,Brighton,R00740
BTN,Brighton,R00742
BTN,Brighton,R00743
BTN,Brighton,R00748
BTN,Brighton,R00774
BTN,Brighton,R00812
BTN,Brighton,R00930
BTN,Brighton,R00932
BTN,Brighton,R00933
BTN,Brighton,R00967
BTN,Brighton,R00968
BTN,Brighton,R00969
BTN,Brighton,R00970
BTN,Brighton,R00972
BTN,Brighton,R01039
BTN,Brighton,R01044
BTN,Brighton,R01168
BTN,Brighton,R01241
BTN,Brighton,R01363
BTN,Brighton,R01367
BTN,Brighton,R01419
BTN,Brighton,R01511
BTN,Brighton,R01630
BTN,Brighton,R01707
BTN,Brighton,R01708
BTN,Brighton,R01780
BTN,Brighton,R01898
BTN,Brighton,R01930
BTN,Brighton,R01980
BTN,Brighton,R02090
BTO,Betchworth,R00422
BTO,Betchworth,R00427
BTO,Betchworth,R00927
BTO,Betchworth,R01187
BTO,Betchworth,R01287
BTO,Betchworth,R01291
BTO,Betchworth,R01445
BTO,Betchworth,R01476
BTP,Braintree Freeport,R00832
BTP,Braintree Freeport,R00874
BTP,Braintree Freeport,R01696
BTP,Braintree Freeport,R01934
BTP,Braintree Freeport,R01935
BTR,Braintree,R00832
BTR,Braintree,R00874
BTR,Braintree,R01696
BTR,Braintree,R01934
BTR,Braintree,R01935
BTS,Burntisland,R00035
BTS,Burntisland,R00045
BTS,Burntisland,R00048
BTS,Burntisland,R00073
BTS,Burntisland,R00123
BTS,Burntisland,R00139
BTS,Burntisland,R00574
BTS,Burntisland,R00582
BTS,Burntisland,R00687
BTS,Burntisland,R00690
BTS,Burntisland,R00714
BTS,Burntisland,R00749
BTS,Burntisland,R00750
BTS,Burntisland,R01244
BTS,Burntisland,R01258
BTS,Burntisland,R01260
BTS,Burntisland,R01271
BTS,Burntisland,R01796
BTS,Burntisland,R01853
BTT,Battersby,R00983
BTT,Battersby,R01305
BTT,Battersby,R01911
BTT,Battersby,R02019
BTY,Bentley (Hampshire),R00597
BTY,Bentley (Hampshire),R00598
BTY,Bentley (Hampshire),R00599
BTY,Bentley (Hampshire),R00616
BTY,Bentley (Hampshire),R01224
BTY,Bentley (Hampshire),R01752
BTY,Bentley (Hampshire),R01856
BUA,,R00523
BUA,,R00533
BUB,Burnley Barracks,R00836
BUB,Burnley Barracks,R01320
BUC,Buckenham,R00203
BUC,Buckenham,R01477
BUD,Burneside,R00142
BUD,Burneside,R00521
BUD,Burneside,R01949
BUD,Burneside,R01953
BUE,Bures,R00481
BUE,Bures,R00483
BUE,Bures,R01937
BUG,Burgess Hill,R00199
BUG,Burgess Hill,R00239
BUG,Burgess Hill,R00253
BUG,Burgess Hill,R00265
BUG,Burgess Hill,R00271
BUG,Burgess Hill,R00452
BUG,Burgess Hill,R00660
BUG,Burgess Hill,R00968
BUG,Burgess Hill,R00970
BUG,Burgess Hill,R00972
BUG,Burgess Hill,R01241
BUG,Burgess Hill,R01367
BUG,Burgess Hill,R01511
BUG,Burgess Hill,R01707
BUG,Burgess Hill,R01780
BUG,Burgess Hill,R01898
BUG,Burgess Hill,R01922
BUG,Burgess Hill,R02103
BUH,Brough,R00027
BUH,Brough,R00073
BUH,Brough,R00078
BUH,Brough,R00082
BUH,Brough,R00228
BUH,Brough,R00303
BUH,Brough,R00307
BUH,Brough,R00316
BUH,Brough,R00317
BUH,Brough,R00358
BUH,Brough,R00409
BUH,Brough,R00460
BUH,Brough,R00466
BUH,Brough,R00769
BUH,Brough,R01355
BUH,Brough,R01398
BUH,Brough,R01400
BUH,Brough,R01404
BUH,Brough,R01480
BUH,Brough,R01605
BUH,Brough,R01620
BUH,Brough,R01623
BUH,Brough,R01686
BUH,Brough,R01687
BUH,Brough,R01693
BUH,Brough,R01714
BUH,Brough,R01803
BUH,Brough,R01950
BUH,Brough,R01973
BUI,Burnside,R00107
BUI,Burnside,R00127
BUI,Burnside,R00135
BUJ,Burton Joyce,R00459
BUJ,Burton Joyce,R00513
BUJ,Burton Joyce,R00764
BUJ,Burton Joyce,R01207
BUJ,Burton Joyce,R01403
BUJ,Burton Joyce,R01425
BUJ,Burton Joyce,R01426
BUJ,Burton Joyce,R01427
BUJ,Burton Joyce,R01428
BUJ,Burton Joyce,R01441
BUK,Bucknell,R00385
BUK,Bucknell,R00600
BUK,Bucknell,R01672
BUK,Bucknell,R01852
BUL,Butlers Lane,R00040
BUL,Butlers Lane,R01158
BUL,Butlers Lane,R01225
BUL,Butlers Lane,R01310
BUO,Bursledon,R00348
BUO,Bursledon,R00753
BUO,Bursledon,R00812
BUO,Bursledon,R00877
BUO,Bursledon,R00878
BUO,Bursledon,R00903
BUO,Bursledon,R01079
BUO,Bursledon,R01246
BUO,Bursledon,R01712
BUS,Busby,R00116
BUS,Busby,R00118
BUS,Busby,R00120
BUS,Busby,R01846
BUS,Busby,R01847
BUT,Burton-On-Trent,R00023
BUT,Burton-On-Trent,R00321
BUT,Burton-On-Trent,R00341
BUT,Burton-On-Trent,R00344
BUT,Burton-On-Trent,R00347
BUT,Burton-On-Trent,R00354
BUT,Burton-On-Trent,R00369
BUT,Burton-On-Trent,R00455
BUT,Burton-On-Trent,R00465
BUT,Burton-On-Trent,R00468
BUT,Burton-On-Trent,R00582
BUT,Burton-On-Trent,R00661
BUT,Burton-On-Trent,R00690
BUT,Burton-On-Trent,R00780
BUT,Burton-On-Trent,R00875
BUT,Burton-On-Trent,R00886
BUT,Burton-On-Trent,R00889
BUT,Burton-On-Trent,R00900
BUT,Burton-On-Trent,R00935
BUT,Burton-On-Trent,R00948
BUT,Burton-On-Trent,R00966
BUT,Burton-On-Trent,R00977
BUT,Burton-On-Trent,R00991
BUU,Burnham-On-Crouch,R00832
BUU,Burnham-On-Crouch,R01891
BUU,Burnham-On-Crouch,R01957
BUW,Burley-In-Wharfedale,R00377
BUW,Burley-In-Wharfedale,R00623
BUW,Burley-In-Wharfedale,R00831
BUX,Buxton,R00071
BUX,Buxton,R00634
BUX,Buxton,R00635
BUX,Buxton,R00673
BUX,Buxton,R01322
BUY,Burley Park,R00614
BUY,Burley Park,R01532
BUY,Burley Park,R01612
BUY,Burley Park,R01991
BUY,Burley Park,R01998
BUY,Burley Park,R02029
BUY,Burley Park,R02030
BVD,Belvedere,R00079
BVD,Belvedere,R00092
BVD,Belvedere,R00125
BVD,Belvedere,R00188
BVD,Belvedere,R00297
BVD,Belvedere,R00491
BVD,Belvedere,R00516
BVD,Belvedere,R00526
BVD,Belvedere,R00536
BVD,Belvedere,R00608
BVD,Belvedere,R00610
BVD,Belvedere,R00654
BVD,Belvedere,R00972
BVD,Belvedere,R01503
BVD,Belvedere,R01745
BVD,Belvedere,R02081
BWB,Bow Brickhill,R00173
BWB,Bow Brickhill,R00178
BWD,Birchwood,R00062
BWD,Birchwood,R00063
BWD,Birchwood,R00336
BWD,Birchwood,R00441
BWD,Birchwood,R00765
BWD,Birchwood,R00830
BWD,Birchwood,R01059
BWD,Birchwood,R01452
BWD,Birchwood,R01558
BWD,Birchwood,R01559
BWD,Birchwood,R01560
BWD,Birchwood,R01562
BWD,Birchwood,R01563
BWD,Birchwood,R01564
BWD,Birchwood,R01566
BWD,Birchwood,R01570
BWD,Birchwood,R01727
BWD,Birchwood,R01848
BWE,,R01718
BWE,,R01722
BWG,Bowling,R00179
BWG,Bowling,R00289
BWG,Bowling,R00375
BWG,Bowling,R01173
BWG,Bowling,R01807
BWK,Berwick-Upon-Tweed,R00073
BWK,Berwick-Upon-Tweed,R00305
BWK,Berwick-Upon-Tweed,R00313
BWK,Berwick-Upon-Tweed,R00321
BWK,Berwick-Upon-Tweed,R00344
BWK,Berwick-Upon-Tweed,R00354
BWK,Berwick-Upon-Tweed,R00455
BWK,Berwick-Upon-Tweed,R00464
BWK,Berwick-Upon-Tweed,R00470
BWK,Berwick-Upon-Tweed,R00486
BWK,Berwick-Upon-Tweed,R00496
BWK,Berwick-Upon-Tweed,R00582
BWK,Berwick-Upon-Tweed,R00690
BWK,Berwick-Upon-Tweed,R00749
BWK,Berwick-Upon-Tweed,R00935
BWK,Berwick-Upon-Tweed,R00948
BWK,Berwick-Upon-Tweed,R01169
BWK,Berwick-Upon-Tweed,R01528
BWK,Berwick-Upon-Tweed,R01529
BWN,Bloxwich North,R00863
BWN,Bloxwich North,R00907
BWN,Bloxwich North,R01002
BWN,Bloxwich North,R01004
BWN,Bloxwich North,R01497
BWN,Bloxwich North,R01498
BWN,Bloxwich North,R01834
BWO,Bricket Wood,R00056
BWO,Bricket Wood,R01234
BWO,Bricket Wood,R01439
BWR,,R00538
BWR,,R00548
BWR,,R00560
BWR,,R00576
BWS,Barrow Upon Soar,R00156
BWS,Barrow Upon Soar,R00192
BWS,Barrow Upon Soar,R00214
BWS,Barrow Upon Soar,R00304
BWS,Barrow Upon Soar,R01940
BWT,Bridgwater,R00034
BWT,Bridgwater,R00042
BWT,Bridgwater,R00283
BWT,Bridgwater,R00321
BWT,Bridgwater,R00354
BWT,Bridgwater,R00369
BWT,Bridgwater,R00371
BWT,Bridgwater,R00372
BWT,Bridgwater,R00455
BWT,Bridgwater,R00465
BWT,Bridgwater,R00468
BWT,Bridgwater,R00582
BWT,Bridgwater,R00690
BWT,Bridgwater,R00918
BWT,Bridgwater,R00975
BWT,Bridgwater,R00977
BWT,Bridgwater,R01217
BWT,Bridgwater,R01246
BWT,Bridgwater,R01248
BWT,Bridgwater,R01319
BWT,Bridgwater,R01329
BWT,Bridgwater,R01331
BWT,Bridgwater,R01332
BWT,Bridgwater,R01334
BWT,Bridgwater,R01443
BWT,Bridgwater,R01467
BWT,Bridgwater,R01665
BWT,Bridgwater,R01784
BWT,Bridgwater,R01996
BXB,Broxbourne,R00144
BXB,Broxbourne,R00151
BXB,Broxbourne,R00628
BXB,Broxbourne,R00791
BXB,Broxbourne,R00793
BXB,Broxbourne,R01203
BXB,Broxbourne,R01210
BXB,Broxbourne,R01286
BXB,Broxbourne,R01348
BXB,Broxbourne,R01382
BXB,Broxbourne,R01405
BXB,Broxbourne,R01540
BXB,Broxbourne,R01735
BXB,Broxbourne,R01806
BXB,Broxbourne,R01887
BXB,Broxbourne,R01917
BXB,Broxbourne,R01993
BXB,Broxbourne,R02037
BXB,Broxbourne,R02042
BXD,Buxted,R00253
BXD,Buxted,R00666
BXD,Buxted,R00667
BXD,Buxted,R01016
BXD,Buxted,R01709
BXH,Bexleyheath,R00092
BXH,Bexleyheath,R00491
BXH,Bexleyheath,R00516
BXH,Bexleyheath,R00617
BXH,Bexleyheath,R00624
BXH,Bexleyheath,R00654
BXH,Bexleyheath,R01556
BXH,Bexleyheath,R01592
BXH,Bexleyheath,R01745
BXH,Bexleyheath,R01768
BXH,Bexleyheath,R01800
BXS,,R01089
BXS,,R01296
BXS,,R01342
BXW,Box Hill & Westhumble,R00322
BXW,Box Hill & Westhumble,R00632
BXW,Box Hill & Westhumble,R00953
BXW,Box Hill & Westhumble,R01042
BXW,Box Hill & Westhumble,R01858
BXX,,R01512
BXY,Bexley,R00014
BXY,Bexley,R00018
BXY,Bexley,R00125
BXY,Bexley,R00297
BXY,Bexley,R00536
BXY,Bexley,R00610
BXY,Bexley,R00654
BXY,Bexley,R01502
BXY,Bexley,R01676
BXY,Bexley,R01800
BXY,Bexley,R02064
BYA,Berney Arms,R00787
BYA,Berney Arms,R01900
BYB,Blythe Bridge,R00347
BYB,Blythe Bridge,R00459
BYB,Blythe Bridge,R00661
BYB,Blythe Bridge,R01207
BYB,Blythe Bridge,R01425
BYB,Blythe Bridge,R01426
BYB,Blythe Bridge,R01427
BYB,Blythe Bridge,R01428
BYC,Betws-Y-Coed,R00255
BYC,Betws-Y-Coed,R00257
BYC,Betws-Y-Coed,R00269
BYC,Betws-Y-Coed,R00272
BYC,Betws-Y-Coed,R01830
BYC,Betws-Y-Coed,R01831
BYC,Betws-Y-Coed,R01832
BYD,Barry Docks,R00080
BYD,Barry Docks,R00266
BYD,Barry Docks,R00278
BYD,Barry Docks,R00339
BYD,Barry Docks,R00593
BYD,Barry Docks,R00605
BYD,Barry Docks,R00682
BYD,Barry Docks,R00728
BYD,Barry Docks,R00840
BYE,Bynea,R00385
BYE,Bynea,R00600
BYE,Bynea,R01851
BYE,Bynea,R01852
BYE,Bynea,R01927
BYF,Broughty Ferry,R00073
BYF,Broughty Ferry,R00139
BYF,Broughty Ferry,R00145
BYF,Broughty Ferry,R00162
BYF,Broughty Ferry,R00467
BYF,Broughty Ferry,R00476
BYF,Broughty Ferry,R00582
BYF,Broughty Ferry,R00687
BYF,Broughty Ferry,R00690
BYF,Broughty Ferry,R00692
BYF,Broughty Ferry,R00749
BYF,Broughty Ferry,R00750
BYF,Broughty Ferry,R01028
BYF,Broughty Ferry,R01129
BYF,Broughty Ferry,R01166
BYF,Broughty Ferry,R01185
BYF,Broughty Ferry,R01244
BYF,Broughty Ferry,R01544
BYF,Broughty Ferry,R01870
BYF,Broughty Ferry,R01873
BYI,Barry Island,R00266
BYI,Barry Island,R00278
BYI,Barry Island,R00339
BYI,Barry Island,R00593
BYI,Barry Island,R00605
BYI,Barry Island,R00682
BYI,Barry Island,R00728
BYK,Bentley (South Yorkshire),R00006
BYK,Bentley (South Yorkshire),R00260
BYK,Bentley (South Yorkshire),R00669
BYK,Bentley (South Yorkshire),R00839
BYK,Bentley (South Yorkshire),R01577
BYL,Barry Links,R00467
BYL,Barry Links,R00692
BYM,Burnley Manchester Road,R00119
BYM,Burnley Manchester Road,R00121
BYM,Burnley Manchester Road,R00249
BYM,Burnley Manchester Road,R00277
BYM,Burnley Manchester Road,R00360
BYM,Burnley Manchester Road,R00647
BYM,Burnley Manchester Road,R00651
BYM,Burnley Manchester Road,R01613
BYM,Burnley Manchester Road,R01804
BYM,Burnley Manchester Road,R01974
BYN,Bryn,R00206
BYN,Bryn,R00270
BYN,Bryn,R00454
BYN,Bryn,R01626
BYS,Braystones,R00814
BYS,Braystones,R01018
BYS,Braystones,R01242
CAA,Coventry Arena,R01001
CAA,Coventry Arena,R01471
CAC,Caldercruix,R00106
CAC,Caldercruix,R00179
CAC,Caldercruix,R00378
CAC,Caldercruix,R00480
CAC,Caldercruix,R01591
CAC,Caldercruix,R01875
CAC,Caldercruix,R01879
CAD,Cadoxton,R00034
CAD,Cadoxton,R00080
CAD,Cadoxton,R00266
CAD,Cadoxton,R00278
CAD,Cadoxton,R00339
CAD,Cadoxton,R00593
CAD,Cadoxton,R00605
CAD,Cadoxton,R00682
CAD,Cadoxton,R00728
CAD,Cadoxton,R00796
CAD,Cadoxton,R00840
CAD,Cadoxton,R00917
CAD,Cadoxton,R01037
CAD,Cadoxton,R01537
CAD,Cadoxton,R01782
CAD,Cadoxton,R01877
CAE,,R01377
CAE,,R01638
CAG,Carrbridge,R00056
CAG,Carrbridge,R00073
CAG,Carrbridge,R00153
CAG,Carrbridge,R00464
CAG,Carrbridge,R00467
CAG,Carrbridge,R00704
CAG,Carrbridge,R01129
CAK,Cark,R00142
CAK,Cark,R00457
CAK,Cark,R00640
CAK,Cark,R00817
CAK,Cark,R01018
CAK,Cark,R01242
CAK,Cark,R01622
CAK,Cark,R01966
CAM,Camberley,R00715
CAM,Camberley,R00718
CAM,Camberley,R01005
CAM,Camberley,R01006
CAN,Carnoustie,R00073
CAN,Carnoustie,R00139
CAN,Carnoustie,R00145
CAN,Carnoustie,R00162
CAN,Carnoustie,R00467
CAN,Carnoustie,R00476
CAN,Carnoustie,R00582
CAN,Carnoustie,R00687
CAN,Carnoustie,R00690
CAN,Carnoustie,R00692
CAN,Carnoustie,R00749
CAN,Carnoustie,R00750
CAN,Carnoustie,R01028
CAN,Carnoustie,R01129
CAN,Carnoustie,R01166
CAN,Carnoustie,R01185
CAN,Carnoustie,R01244
CAN,Carnoustie,R01544
CAN,Carnoustie,R01870
CAN,Carnoustie,R01873
CAO,Cannock,R00863
CAO,Cannock,R00907
CAO,Cannock,R01002
CAO,Cannock,R01004
CAO,Cannock,R01497
CAO,Cannock,R01498
CAO,Cannock,R01834
CAP,,R00257
CAP,,R00269
CAP,,R00272
CAR,Carlisle,R00056
CAR,Carlisle,R00090
CAR,Carlisle,R00100
CAR,Carlisle,R00102
CAR,Carlisle,R00114
CAR,Carlisle,R00130
CAR,Carlisle,R00302
CAR,Carlisle,R00324
CAR,Carlisle,R00374
CAR,Carlisle,R00383
CAR,Carlisle,R00463
CAR,Carlisle,R00581
CAR,Carlisle,R01077
CAR,Carlisle,R01107
CAR,Carlisle,R01111
CAR,Carlisle,R01114
CAR,Carlisle,R01125
CAR,Carlisle,R01215
CAR,Carlisle,R01274
CAR,Carlisle,R01281
CAR,Carlisle,R01304
CAR,Carlisle,R01378
CAR,Carlisle,R01454
CAR,Carlisle,R01523
CAR,Carlisle,R01588
CAR,Carlisle,R01589
CAR,Carlisle,R01599
CAR,Carlisle,R01717
CAR,Carlisle,R01905
CAR,Carlisle,R01965
CAR,Carlisle,R01970
CAS,Castleton,R01183
CAS,Castleton,R01196
CAT,Caterham,R00241
CAT,Caterham,R00253
CAT,Caterham,R00575
CAT,Caterham,R01624
CAU,Causeland,R02024
CAU,Causeland,R02026
CAU,Causeland,R02046
CAU,Causeland,R02047
CAX,,R01377
CAX,,R01638
CAY,Carntyne,R00106
CAY,Carntyne,R00179
CAY,Carntyne,R00289
CAY,Carntyne,R00378
CAY,Carntyne,R00480
CAY,Carntyne,R00988
CAY,Carntyne,R01155
CAY,Carntyne,R01173
CAY,Carntyne,R01591
CAY,Carntyne,R01844
CAY,Carntyne,R01875
CAY,Carntyne,R01876
CAY,Carntyne,R01879
CAY,Carntyne,R01880
CAY,Carntyne,R02062
CBB,Carbis Bay,R00154
CBB,Carbis Bay,R00157
CBB,Carbis Bay,R00161
CBB,Carbis Bay,R00168
CBB,Carbis Bay,R00172
CBB,Carbis Bay,R00176
CBB,Carbis Bay,R00182
CBB,Carbis Bay,R00580
CBC,Coatbridge Central,R00056
CBC,Coatbridge Central,R00378
CBC,Coatbridge Central,R00480
CBC,Coatbridge Central,R00708
CBC,Coatbridge Central,R01281
CBC,Coatbridge Central,R01808
CBD,Conon Bridge,R00960
CBD,Conon Bridge,R01101
CBD,Conon Bridge,R01156
CBD,Conon Bridge,R01157
CBD,Conon Bridge,R01160
CBD,Conon Bridge,R01841
CBD,Conon Bridge,R01842
CBD,Conon Bridge,R01843
CBE,Canterbury East,R00125
CBE,Canterbury East,R00345
CBE,Canterbury East,R00402
CBE,Canterbury East,R00413
CBE,Canterbury East,R00414
CBE,Canterbury East,R00437
CBE,Canterbury East,R00854
CBE,Canterbury East,R01561
CBE,Canterbury East,R01601
CBE,Canterbury East,R01627
CBG,Cambridge,R00029
CBG,Cambridge,R00073
CBG,Cambridge,R00129
CBG,Cambridge,R00187
CBG,Cambridge,R00203
CBG,Cambridge,R00271
CBG,Cambridge,R00319
CBG,Cambridge,R00336
CBG,Cambridge,R00379
CBG,Cambridge,R00484
CBG,Cambridge,R00509
CBG,Cambridge,R00620
CBG,Cambridge,R00628
CBG,Cambridge,R00660
CBG,Cambridge,R00749
CBG,Cambridge,R00954
CBG,Cambridge,R00968
CBG,Cambridge,R00970
CBG,Cambridge,R00994
CBG,Cambridge,R01203
CBG,Cambridge,R01210
CBG,Cambridge,R01268
CBG,Cambridge,R01286
CBG,Cambridge,R01348
CBG,Cambridge,R01356
CBG,Cambridge,R01359
CBG,Cambridge,R01470
CBG,Cambridge,R01494
CBG,Cambridge,R01711
CBG,Cambridge,R01887
CBG,Cambridge,R01917
CBG,Cambridge,R01954
CBG,Cambridge,R01982
CBG,Cambridge,R01983
CBH,Cambridge Heath,R00151
CBH,Cambridge Heath,R00215
CBH,Cambridge Heath,R00628
CBH,Cambridge Heath,R01286
CBH,Cambridge Heath,R01348
CBH,Cambridge Heath,R01405
CBH,Cambridge Heath,R01540
CBH,Cambridge Heath,R01557
CBH,Cambridge Heath,R01685
CBH,Cambridge Heath,R01887
CBK,Cranbrook (Devon),R00331
CBK,Cranbrook (Devon),R00604
CBK,Cranbrook (Devon),R00670
CBK,Cranbrook (Devon),R00711
CBK,Cranbrook (Devon),R00712
CBK,Cranbrook (Devon),R00713
CBK,Cranbrook (Devon),R00761
CBL,Cambuslang,R00183
CBL,Cambuslang,R00378
CBL,Cambuslang,R00480
CBL,Cambuslang,R00706
CBL,Cambuslang,R00858
CBL,Cambuslang,R00988
CBL,Cambuslang,R01021
CBL,Cambuslang,R01145
CBL,Cambuslang,R01194
CBL,Cambuslang,R01343
CBL,Cambuslang,R01464
CBL,Cambuslang,R01792
CBL,Cambuslang,R01808
CBN,Camborne,R00034
CBN,Camborne,R00321
CBN,Camborne,R00346
CBN,Camborne,R00350
CBN,Camborne,R00351
CBN,Camborne,R00455
CBN,Camborne,R00550
CBN,Camborne,R01246
CBN,Camborne,R01325
CBN,Camborne,R01381
CBN,Camborne,R01417
CBN,Camborne,R01784
CBN,Camborne,R01819
CBP,Castle Bar Park,R00754
CBP,Castle Bar Park,R00755
CBP,Castle Bar Park,R01748
CBP,Castle Bar Park,R01894
CBR,Cooksbridge,R00199
CBR,Cooksbridge,R00238
CBR,Cooksbridge,R00253
CBR,Cooksbridge,R00262
CBR,Cooksbridge,R00451
CBR,Cooksbridge,R00452
CBR,Cooksbridge,R00517
CBR,Cooksbridge,R00627
CBR,Cooksbridge,R01104
CBR,Cooksbridge,R01168
CBS,Coatbridge Sunnyside,R00106
CBS,Coatbridge Sunnyside,R00179
CBS,Coatbridge Sunnyside,R00289
CBS,Coatbridge Sunnyside,R00378
CBS,Coatbridge Sunnyside,R00480
CBS,Coatbridge Sunnyside,R00988
CBS,Coatbridge Sunnyside,R01155
CBS,Coatbridge Sunnyside,R01173
CBS,Coatbridge Sunnyside,R01591
CBS,Coatbridge Sunnyside,R01844
CBS,Coatbridge Sunnyside,R01875
CBS,Coatbridge Sunnyside,R01876
CBS,Coatbridge Sunnyside,R01879
CBS,Coatbridge Sunnyside,R01880
CBS,Coatbridge Sunnyside,R02062
CBS,Coatbridge Sunnyside,R02097
CBW,Canterbury West,R00014
CBW,Canterbury West,R00125
CBW,Canterbury West,R00413
CBW,Canterbury West,R00436
CBW,Canterbury West,R00437
CBW,Canterbury West,R00539
CBW,Canterbury West,R00668
CBW,Canterbury West,R00854
CBW,Canterbury West,R00857
CBW,Canterbury West,R01090
CBW,Canterbury West,R01328
CBW,Canterbury West,R01330
CBW,Canterbury West,R01333
CBW,Canterbury West,R01568
CBW,Canterbury West,R01637
CBW,Canterbury West,R01645
CBW,Canterbury West,R01997
CBW,Canterbury West,R02005
CBX,Cameron Bridge,R00048
CBX,Cameron Bridge,R00123
CBX,Cameron Bridge,R00357
CBX,Cameron Bridge,R00574
CBX,Cameron Bridge,R01244
CBX,Cameron Bridge,R01860
CBY,Charlbury,R00034
CBY,Charlbury,R00362
CBY,Charlbury,R00368
CBY,Charlbury,R00381
CBY,Charlbury,R00387
CBY,Charlbury,R00583
CBY,Charlbury,R01037
CBY,Charlbury,R01222
CBY,Charlbury,R01298
CBY,Charlbury,R01506
CBY,Charlbury,R01732
CBY,Charlbury,R01733
CBY,Charlbury,R02054
CBY,Charlbury,R02056
CCC,Criccieth,R00068
CCC,Criccieth,R00330
CCH,Chichester,R00043
CCH,Chichester,R00199
CCH,Chichester,R00399
CCH,Chichester,R00655
CCH,Chichester,R00656
CCH,Chichester,R00657
CCH,Chichester,R00658
CCH,Chichester,R00659
CCH,Chichester,R00739
CCH,Chichester,R00740
CCH,Chichester,R00742
CCH,Chichester,R00743
CCH,Chichester,R00748
CCH,Chichester,R00812
CCH,Chichester,R00914
CCH,Chichester,R00967
CCH,Chichester,R00969
CCH,Chichester,R01011
CCH,Chichester,R01039
CCH,Chichester,R01043
CCH,Chichester,R01045
CCH,Chichester,R01049
CCH,Chichester,R01070
CCH,Chichester,R01097
CCH,Chichester,R01367
CCH,Chichester,R01930
CCH,Chichester,R02089
CCT,Cathcart,R00107
CCT,Cathcart,R00133
CCT,Cathcart,R00135
CCT,Cathcart,R01668
CDB,Cardiff Bay,R00766
CDB,Cardiff Bay,R01014
CDB,Cardiff Bay,R01200
CDB,Cardiff Bay,R01698
CDB,Cardiff Bay,R01786
CDD,Cardenden,R00048
CDD,Cardenden,R00098
CDD,Cardenden,R00356
CDD,Cardenden,R00357
CDD,Cardenden,R01244
CDF,Cardiff Central,R00023
CDF,Cardiff Central,R00034
CDF,Cardiff Central,R00042
CDF,Cardiff Central,R00077
CDF,Cardiff Central,R00080
CDF,Cardiff Central,R00186
CDF,Cardiff Central,R00266
CDF,Cardiff Central,R00267
CDF,Cardiff Central,R00278
CDF,Cardiff Central,R00280
CDF,Cardiff Central,R00321
CDF,Cardiff Central,R00339
CDF,Cardiff Central,R00347
CDF,Cardiff Central,R00371
CDF,Cardiff Central,R00372
CDF,Cardiff Central,R00559
CDF,Cardiff Central,R00562
CDF,Cardiff Central,R00570
CDF,Cardiff Central,R00573
CDF,Cardiff Central,R00590
CDF,Cardiff Central,R00592
CDF,Cardiff Central,R00593
CDF,Cardiff Central,R00594
CDF,Cardiff Central,R00600
CDF,Cardiff Central,R00601
CDF,Cardiff Central,R00605
CDF,Cardiff Central,R00622
CDF,Cardiff Central,R00661
CDF,Cardiff Central,R00682
CDF,Cardiff Central,R00709
CDF,Cardiff Central,R00728
CDF,Cardiff Central,R00785
CDF,Cardiff Central,R00796
CDF,Cardiff Central,R00826
CDF,Cardiff Central,R00840
CDF,Cardiff Central,R00880
CDF,Cardiff Central,R00916
CDF,Cardiff Central,R00917
CDF,Cardiff Central,R00923
CDF,Cardiff Central,R00924
CDF,Cardiff Central,R00925
CDF,Cardiff Central,R00948
CDF,Cardiff Central,R00975
CDF,Cardiff Central,R00977
CDF,Cardiff Central,R00985
CDF,Cardiff Central,R01034
CDF,Cardiff Central,R01037
CDF,Cardiff Central,R01063
CDF,Cardiff Central,R01106
CDF,Cardiff Central,R01123
CDF,Cardiff Central,R01124
CDF,Cardiff Central,R01206
CDF,Cardiff Central,R01217
CDF,Cardiff Central,R01232
CDF,Cardiff Central,R01238
CDF,Cardiff Central,R01246
CDF,Cardiff Central,R01265
CDF,Cardiff Central,R01307
CDF,Cardiff Central,R01364
CDF,Cardiff Central,R01462
CDF,Cardiff Central,R01465
CDF,Cardiff Central,R01467
CDF,Cardiff Central,R01537
CDF,Cardiff Central,R01554
CDF,Cardiff Central,R01643
CDF,Cardiff Central,R01698
CDF,Cardiff Central,R01738
CDF,Cardiff Central,R01740
CDF,Cardiff Central,R01746
CDF,Cardiff Central,R01770
CDF,Cardiff Central,R01773
CDF,Cardiff Central,R01782
CDF,Cardiff Central,R01786
CDF,Cardiff Central,R01809
CDF,Cardiff Central,R01826
CDF,Cardiff Central,R01835
CDF,Cardiff Central,R01877
CDF,Cardiff Central,R01972
CDF,Cardiff Central,R01999
CDF,Cardiff Central,R02084
CDI,Crediton,R00259
CDI,Crediton,R00264
CDI,Crediton,R00325
CDI,Crediton,R00338
CDI,Crediton,R00371
CDI,Crediton,R00388
CDI,Crediton,R00604
CDI,Crediton,R00606
CDI,Crediton,R00607
CDI,Crediton,R00609
CDI,Crediton,R00612
CDI,Crediton,R00680
CDI,Crediton,R00681
CDI,Crediton,R00683
CDI,Crediton,R00686
CDI,Crediton,R00696
CDI,Crediton,R00698
CDI,Crediton,R00703
CDI,Crediton,R00744
CDI,Crediton,R01317
CDI,Crediton,R01810
CDN,Coulsdon Town,R00956
CDN,Coulsdon Town,R01012
CDO,Cardonald,R00099
CDO,Cardonald,R00190
CDO,Cardonald,R00426
CDO,Cardonald,R01213
CDO,Cardonald,R01254
CDQ,Cardiff Queen Street,R00080
CDQ,Cardiff Queen Street,R00266
CDQ,Cardiff Queen Street,R00278
CDQ,Cardiff Queen Street,R00570
CDQ,Cardiff Queen Street,R00573
CDQ,Cardiff Queen Street,R00593
CDQ,Cardiff Queen Street,R00594
CDQ,Cardiff Queen Street,R00605
CDQ,Cardiff Queen Street,R00682
CDQ,Cardiff Queen Street,R00709
CDQ,Cardiff Queen Street,R00728
CDQ,Cardiff Queen Street,R00766
CDQ,Cardiff Queen Street,R00840
CDQ,Cardiff Queen Street,R01014
CDQ,Cardiff Queen Street,R01200
CDQ,Cardiff Queen Street,R01206
CDQ,Cardiff Queen Street,R01232
CDQ,Cardiff Queen Street,R01364
CDQ,Cardiff Queen Street,R01643
CDQ,Cardiff Queen Street,R01698
CDQ,Cardiff Queen Street,R01786
CDR,Cardross,R00106
CDR,Cardross,R00179
CDR,Cardross,R00289
CDR,Cardross,R01155
CDR,Cardross,R01295
CDR,Cardross,R01837
CDS,Coulsdon South,R00199
CDS,Coulsdon South,R00217
CDS,Coulsdon South,R00238
CDS,Coulsdon South,R00282
CDS,Coulsdon South,R00452
CDS,Coulsdon South,R00727
CDS,Coulsdon South,R00972
CDS,Coulsdon South,R01171
CDS,Coulsdon South,R01180
CDS,Coulsdon South,R01187
CDS,Coulsdon South,R01264
CDS,Coulsdon South,R01272
CDS,Coulsdon South,R01776
CDS,Coulsdon South,R01780
CDS,Coulsdon South,R01910
CDS,Coulsdon South,R01939
CDT,Caldicot,R00023
CDT,Caldicot,R00347
CDT,Caldicot,R00880
CDT,Caldicot,R00923
CDT,Caldicot,R00975
CDT,Caldicot,R01106
CDT,Caldicot,R01728
CDU,Cam & Dursley,R00028
CDU,Cam & Dursley,R00085
CDU,Cam & Dursley,R00089
CDU,Cam & Dursley,R00582
CDU,Cam & Dursley,R01222
CDU,Cam & Dursley,R01334
CDU,Cam & Dursley,R01750
CDY,Cartsdyke,R00099
CDY,Cartsdyke,R00164
CDY,Cartsdyke,R00426
CDY,Cartsdyke,R01227
CEA,Cleland,R00183
CEA,Cleland,R00184
CEA,Cleland,R01176
CEA,Cleland,R01270
CEA,Cleland,R01464
CED,Cheddington,R00056
CED,Cheddington,R00131
CED,Cheddington,R00829
CED,Cheddington,R00879
CEF,Chapel-En-Le-Frith,R00071
CEF,Chapel-En-Le-Frith,R00634
CEF,Chapel-En-Le-Frith,R00635
CEF,Chapel-En-Le-Frith,R00673
CEF,Chapel-En-Le-Frith,R01322
CEH,Coleshill Parkway,R00023
CEH,Coleshill Parkway,R00029
CEH,Coleshill Parkway,R00187
CEH,Coleshill Parkway,R00379
CEH,Coleshill Parkway,R00582
CEH,Coleshill Parkway,R00661
CEH,Coleshill Parkway,R00954
CEH,Coleshill Parkway,R00973
CEH,Coleshill Parkway,R00974
CEL,Chelford,R00056
CEL,Chelford,R00077
CEL,Chelford,R00341
CEL,Chelford,R00527
CEL,Chelford,R00562
CEL,Chelford,R00588
CEL,Chelford,R00592
CEL,Chelford,R00600
CEL,Chelford,R00724
CEL,Chelford,R00758
CEL,Chelford,R00796
CEL,Chelford,R00902
CEL,Chelford,R00964
CEL,Chelford,R01265
CEL,Chelford,R01773
CEL,Chelford,R02086
CEN,,R00255
CEN,,R00257
CEN,,R00272
CES,Cressing,R00832
CES,Cressing,R00874
CES,Cressing,R01696
CES,Cressing,R01934
CES,Cressing,R01935
CET,Colchester Town,R00832
CET,Colchester Town,R00872
CET,Colchester Town,R00895
CET,Colchester Town,R01350
CET,Colchester Town,R01351
CET,Colchester Town,R01352
CEY,Cononley,R00374
CEY,Cononley,R00494
CEY,Cononley,R00827
CEY,Cononley,R01098
CEY,Cononley,R01475
CEY,Cononley,R01555
CFB,Catford Bridge,R00014
CFB,Catford Bridge,R00212
CFB,Catford Bridge,R00497
CFB,Catford Bridge,R01609
CFB,Catford Bridge,R02093
CFC,,R01370
CFC,,R01371
CFC,,R01372
CFC,,R01375
CFD,Castleford,R00038
CFD,Castleford,R00082
CFD,Castleford,R00316
CFD,Castleford,R00326
CFD,Castleford,R00409
CFD,Castleford,R00449
CFD,Castleford,R00453
CFD,Castleford,R00456
CFD,Castleford,R00466
CFD,Castleford,R00473
CFD,Castleford,R00640
CFD,Castleford,R00641
CFD,Castleford,R00721
CFD,Castleford,R01388
CFD,Castleford,R01617
CFD,Castleford,R01951
CFD,Castleford,R01964
CFD,Castleford,R02011
CFF,Croftfoot,R00107
CFF,Croftfoot,R00127
CFF,Croftfoot,R00135
CFH,Chafford Hundred,R00444
CFH,Chafford Hundred,R00794
CFH,Chafford Hundred,R01094
CFH,Chafford Hundred,R01096
CFH,Chafford Hundred,R01402
CFH,Chafford Hundred,R01625
CFH,Chafford Hundred,R01699
CFH,Chafford Hundred,R01862
CFL,Crossflatts,R00374
CFL,Crossflatts,R00494
CFL,Crossflatts,R00827
CFL,Crossflatts,R01098
CFL,Crossflatts,R01475
CFL,Crossflatts,R01555
CFN,Clifton Down,R00042
CFN,Clifton Down,R00070
CFN,Clifton Down,R00430
CFN,Clifton Down,R01361
CFN,Clifton Down,R01376
CFN,Clifton Down,R01379
CFO,Chalfont & Latimer,R00017
CFO,Chalfont & Latimer,R01308
CFO,Chalfont & Latimer,R01410
CFR,Chandlers Ford,R01027
CFR,Chandlers Ford,R01035
CFR,Chandlers Ford,R01889
CFR,Chandlers Ford,R01890
CFS,,R00141
CFS,,R00147
CFS,,R00159
CFS,,R00160
CFS,,R00229
CFS,,R00230
CFS,,R00285
CFS,,R00291
CFS,,R00292
CFS,,R00309
CFT,Crofton Park,R00002
CFT,Crofton Park,R00076
CFT,Crofton Park,R00092
CFT,Crofton Park,R00469
CFT,Crofton Park,R00913
CFT,Crofton Park,R00971
CFT,Crofton Park,R01283
CFT,Crofton Park,R01627
CFT,Crofton Park,R01655
CFT,Crofton Park,R01737
CFT,Crofton Park,R01739
CGD,Craigendoran,R00106
CGD,Craigendoran,R00179
CGD,Craigendoran,R00289
CGD,Craigendoran,R01155
CGD,Craigendoran,R01837
CGM,Cottingham,R00027
CGM,Cottingham,R00073
CGM,Cottingham,R00228
CGM,Cottingham,R00307
CGM,Cottingham,R00317
CGM,Cottingham,R00460
CGM,Cottingham,R00769
CGM,Cottingham,R01400
CGM,Cottingham,R01404
CGM,Cottingham,R01407
CGM,Cottingham,R01408
CGM,Cottingham,R01409
CGM,Cottingham,R01485
CGM,Cottingham,R01614
CGM,Cottingham,R01616
CGM,Cottingham,R01686
CGM,Cottingham,R01687
CGN,Cogan,R00080
CGN,Cogan,R00266
CGN,Cogan,R00278
CGN,Cogan,R00339
CGN,Cogan,R00593
CGN,Cogan,R00605
CGN,Cogan,R00682
CGN,Cogan,R00728
CGN,Cogan,R00840
CGT,,R02018
CGT,,R02031
CGW,Caergwrle,R01538
CGW,Caergwrle,R01539
CGW,Caergwrle,R01541
CHC,Charing Cross (Glasgow),R00106
CHC,Charing Cross (Glasgow),R00179
CHC,Charing Cross (Glasgow),R00289
CHC,Charing Cross (Glasgow),R00375
CHC,Charing Cross (Glasgow),R00378
CHC,Charing Cross (Glasgow),R00480
CHC,Charing Cross (Glasgow),R00988
CHC,Charing Cross (Glasgow),R01155
CHC,Charing Cross (Glasgow),R01173
CHC,Charing Cross (Glasgow),R01591
CHC,Charing Cross (Glasgow),R01844
CHC,Charing Cross (Glasgow),R01875
CHC,Charing Cross (Glasgow),R01876
CHC,Charing Cross (Glasgow),R01879
CHC,Charing Cross (Glasgow),R01880
CHC,Charing Cross (Glasgow),R02062
CHD,Chesterfield,R00063
CHD,Chesterfield,R00296
CHD,Chesterfield,R00298
CHD,Chesterfield,R00321
CHD,Chesterfield,R00328
CHD,Chesterfield,R00334
CHD,Chesterfield,R00336
CHD,Chesterfield,R00341
CHD,Chesterfield,R00344
CHD,Chesterfield,R00354
CHD,Chesterfield,R00369
CHD,Chesterfield,R00441
CHD,Chesterfield,R00455
CHD,Chesterfield,R00465
CHD,Chesterfield,R00468
CHD,Chesterfield,R00482
CHD,Chesterfield,R00495
CHD,Chesterfield,R00582
CHD,Chesterfield,R00690
CHD,Chesterfield,R00780
CHD,Chesterfield,R00830
CHD,Chesterfield,R00846
CHD,Chesterfield,R00873
CHD,Chesterfield,R00875
CHD,Chesterfield,R00935
CHD,Chesterfield,R00948
CHD,Chesterfield,R00991
CHD,Chesterfield,R01076
CHD,Chesterfield,R01292
CHD,Chesterfield,R01438
CHD,Chesterfield,R01447
CHD,Chesterfield,R01450
CHD,Chesterfield,R01455
CHD,Chesterfield,R01456
CHD,Chesterfield,R01504
CHD,Chesterfield,R01848
CHD,Chesterfield,R01968
CHE,Cheam,R00240
CHE,Cheam,R00253
CHE,Cheam,R00575
CHE,Cheam,R00632
CHE,Cheam,R00953
CHE,Cheam,R01008
CHE,Cheam,R01042
CHE,Cheam,R01385
CHE,Cheam,R01387
CHE,Cheam,R01391
CHE,Cheam,R01415
CHE,Cheam,R01683
CHE,Cheam,R01858
CHE,Cheam,R02023
CHF,Church Fenton,R00027
CHF,Church Fenton,R00063
CHF,Church Fenton,R00082
CHF,Church Fenton,R00111
CHF,Church Fenton,R00119
CHF,Church Fenton,R00121
CHF,Church Fenton,R00138
CHF,Church Fenton,R00307
CHF,Church Fenton,R00316
CHF,Church Fenton,R00317
CHF,Church Fenton,R00321
CHF,Church Fenton,R00326
CHF,Church Fenton,R00344
CHF,Church Fenton,R00354
CHF,Church Fenton,R00358
CHF,Church Fenton,R00360
CHF,Church Fenton,R00404
CHF,Church Fenton,R00409
CHF,Church Fenton,R00449
CHF,Church Fenton,R00453
CHF,Church Fenton,R00455
CHF,Church Fenton,R00460
CHF,Church Fenton,R00465
CHF,Church Fenton,R00466
CHF,Church Fenton,R00468
CHF,Church Fenton,R00473
CHF,Church Fenton,R00486
CHF,Church Fenton,R00578
CHF,Church Fenton,R00582
CHF,Church Fenton,R00640
CHF,Church Fenton,R00647
CHF,Church Fenton,R00662
CHF,Church Fenton,R00690
CHF,Church Fenton,R00769
CHF,Church Fenton,R00935
CHF,Church Fenton,R00942
CHF,Church Fenton,R00948
CHF,Church Fenton,R00949
CHF,Church Fenton,R01061
CHF,Church Fenton,R01388
CHF,Church Fenton,R01398
CHF,Church Fenton,R01400
CHF,Church Fenton,R01411
CHF,Church Fenton,R01480
CHF,Church Fenton,R01613
CHF,Church Fenton,R01766
CHF,Church Fenton,R01908
CHF,Church Fenton,R01909
CHF,Church Fenton,R01974
CHF,Church Fenton,R02011
CHF,Church Fenton,R02044
CHG,Charing,R00014
CHG,Charing,R00221
CHG,Charing,R00413
CHG,Charing,R00489
CHG,Charing,R00528
CHG,Charing,R00539
CHG,Charing,R00542
CHG,Charing,R00611
CHG,Charing,R00854
CHG,Charing,R00862
CHG,Charing,R01099
CHH,Christs Hospital,R00043
CHH,Christs Hospital,R00199
CHH,Christs Hospital,R00248
CHH,Christs Hospital,R00253
CHH,Christs Hospital,R00633
CHH,Christs Hospital,R00655
CHH,Christs Hospital,R00656
CHH,Christs Hospital,R00657
CHH,Christs Hospital,R01011
CHH,Christs Hospital,R01367
CHH,Christs Hospital,R01419
CHI,Chingford,R01286
CHI,Chingford,R01550
CHI,Chingford,R01557
CHK,Chiswick,R00699
CHK,Chiswick,R00745
CHK,Chiswick,R00804
CHK,Chiswick,R00865
CHK,Chiswick,R01024
CHK,Chiswick,R01032
CHK,Chiswick,R01913
CHK,Chiswick,R01981
CHL,Chilworth,R00233
CHL,Chilworth,R00422
CHL,Chilworth,R00427
CHL,Chilworth,R00676
CHL,Chilworth,R00860
CHL,Chilworth,R00927
CHL,Chilworth,R01187
CHL,Chilworth,R01287
CHL,Chilworth,R01290
CHL,Chilworth,R01291
CHL,Chilworth,R01445
CHL,Chilworth,R01476
CHM,Chelmsford,R00207
CHM,Chelmsford,R00323
CHM,Chelmsford,R00832
CHM,Chelmsford,R00872
CHM,Chelmsford,R00874
CHM,Chelmsford,R00881
CHM,Chelmsford,R00882
CHM,Chelmsford,R00888
CHM,Chelmsford,R00890
CHM,Chelmsford,R01000
CHM,Chelmsford,R01335
CHM,Chelmsford,R01514
CHM,Chelmsford,R01653
CHM,Chelmsford,R01823
CHM,Chelmsford,R01868
CHM,Chelmsford,R01871
CHM,Chelmsford,R01881
CHM,Chelmsford,R01882
CHM,Chelmsford,R01904
CHM,Chelmsford,R01906
CHM,Chelmsford,R01934
CHM,Chelmsford,R01935
CHM,Chelmsford,R01936
CHN,Cheshunt,R00144
CHN,Cheshunt,R00151
CHN,Cheshunt,R00215
CHN,Cheshunt,R00628
CHN,Cheshunt,R00791
CHN,Cheshunt,R00793
CHN,Cheshunt,R01203
CHN,Cheshunt,R01210
CHN,Cheshunt,R01286
CHN,Cheshunt,R01348
CHN,Cheshunt,R01382
CHN,Cheshunt,R01405
CHN,Cheshunt,R01540
CHN,Cheshunt,R01735
CHN,Cheshunt,R01806
CHN,Cheshunt,R01887
CHN,Cheshunt,R01917
CHN,Cheshunt,R02037
CHN,Cheshunt,R02042
CHO,Cholsey,R00034
CHO,Cholsey,R00105
CHO,Cholsey,R00504
CHO,Cholsey,R01037
CHO,Cholsey,R01374
CHO,Cholsey,R01958
CHO,Cholsey,R01962
CHP,Chipstead,R00956
CHP,Chipstead,R01012
CHR,Christchurch,R00329
CHR,Christchurch,R00331
CHR,Christchurch,R00431
CHR,Christchurch,R00626
CHR,Christchurch,R00629
CHR,Christchurch,R00631
CHR,Christchurch,R00746
CHR,Christchurch,R00753
CHR,Christchurch,R00783
CHR,Christchurch,R00786
CHR,Christchurch,R00808
CHT,Chathill,R00531
CHT,Chathill,R00613
CHT,Chathill,R02071
CHU,Cheadle Hulme,R00056
CHU,Cheadle Hulme,R00077
CHU,Cheadle Hulme,R00283
CHU,Cheadle Hulme,R00372
CHU,Cheadle Hulme,R00498
CHU,Cheadle Hulme,R00562
CHU,Cheadle Hulme,R00592
CHU,Cheadle Hulme,R00600
CHU,Cheadle Hulme,R00724
CHU,Cheadle Hulme,R00758
CHU,Cheadle Hulme,R00780
CHU,Cheadle Hulme,R00796
CHU,Cheadle Hulme,R00902
CHU,Cheadle Hulme,R00935
CHU,Cheadle Hulme,R01013
CHU,Cheadle Hulme,R01030
CHU,Cheadle Hulme,R01031
CHU,Cheadle Hulme,R01131
CHU,Cheadle Hulme,R01265
CHU,Cheadle Hulme,R01365
CHU,Cheadle Hulme,R01380
CHU,Cheadle Hulme,R01773
CHU,Cheadle Hulme,R02086
CHW,Chalkwell,R00137
CHW,Chalkwell,R00384
CHW,Chalkwell,R00434
CHW,Chalkwell,R00444
CHW,Chalkwell,R00794
CHW,Chalkwell,R01094
CHW,Chalkwell,R01354
CHW,Chalkwell,R01402
CHW,Chalkwell,R01625
CHX,London Charing Cross,R00014
CHX,London Charing Cross,R00018
CHX,London Charing Cross,R00044
CHX,London Charing Cross,R00046
CHX,London Charing Cross,R00052
CHX,London Charing Cross,R00122
CHX,London Charing Cross,R00212
CHX,London Charing Cross,R00221
CHX,London Charing Cross,R00254
CHX,London Charing Cross,R00256
CHX,London Charing Cross,R00436
CHX,London Charing Cross,R00488
CHX,London Charing Cross,R00489
CHX,London Charing Cross,R00497
CHX,London Charing Cross,R00516
CHX,London Charing Cross,R00522
CHX,London Charing Cross,R00524
CHX,London Charing Cross,R00525
CHX,London Charing Cross,R00526
CHX,London Charing Cross,R00536
CHX,London Charing Cross,R00610
CHX,London Charing Cross,R00617
CHX,London Charing Cross,R01578
CHX,London Charing Cross,R01587
CHX,London Charing Cross,R01609
CHX,London Charing Cross,R01636
CHX,London Charing Cross,R01637
CHX,London Charing Cross,R01639
CHX,London Charing Cross,R01645
CHX,London Charing Cross,R01660
CHX,London Charing Cross,R01674
CHX,London Charing Cross,R01676
CHX,London Charing Cross,R01800
CHX,London Charing Cross,R02064
CHX,London Charing Cross,R02066
CHX,London Charing Cross,R02073
CHX,London Charing Cross,R02093
CHY,Chertsey,R00699
CHY,Chertsey,R00745
CHY,Chertsey,R00859
CHY,Chertsey,R00860
CHY,Chertsey,R00980
CHY,Chertsey,R01095
CHY,Chertsey,R01103
CHY,Chertsey,R01913
CHY,Chertsey,R01981
CIC,,R00546
CIC,,R00556
CIC,,R00572
CIC,,R00678
CIC,,R00679
CIL,Chilham,R00014
CIL,Chilham,R00125
CIL,Chilham,R00413
CIL,Chilham,R00436
CIL,Chilham,R00539
CIL,Chilham,R00668
CIL,Chilham,R01568
CIL,Chilham,R01637
CIL,Chilham,R01645
CIL,Chilham,R01997
CIM,Cilmeri,R00385
CIM,Cilmeri,R00600
CIM,Cilmeri,R01852
CIN,,R01377
CIN,,R01638
CIR,Caledonian Road & Barnsbury,R00177
CIR,Caledonian Road & Barnsbury,R00252
CIR,Caledonian Road & Barnsbury,R00258
CIR,Caledonian Road & Barnsbury,R01092
CIR,Caledonian Road & Barnsbury,R01093
CIT,Chislehurst,R00014
CIT,Chislehurst,R00044
CIT,Chislehurst,R00046
CIT,Chislehurst,R00052
CIT,Chislehurst,R00122
CIT,Chislehurst,R00125
CIT,Chislehurst,R00221
CIT,Chislehurst,R00254
CIT,Chislehurst,R00256
CIT,Chislehurst,R00343
CIT,Chislehurst,R00436
CIT,Chislehurst,R00469
CIT,Chislehurst,R00488
CIT,Chislehurst,R00489
CIT,Chislehurst,R00491
CIT,Chislehurst,R00524
CIT,Chislehurst,R00525
CIT,Chislehurst,R00610
CIT,Chislehurst,R01578
CIT,Chislehurst,R01587
CIT,Chislehurst,R01636
CIT,Chislehurst,R01637
CIT,Chislehurst,R01639
CIT,Chislehurst,R01645
CIT,Chislehurst,R01660
CIT,Chislehurst,R01674
CIT,Chislehurst,R01800
CIT,Chislehurst,R01969
CIT,Chislehurst,R01975
CIT,Chislehurst,R01976
CIT,Chislehurst,R02066
CIT,Chislehurst,R02073
CKH,Corkerhill,R00096
CKH,Corkerhill,R00393
CKL,Corkickle,R00142
CKL,Corkickle,R00363
CKL,Corkickle,R00366
CKL,Corkickle,R00376
CKL,Corkickle,R00391
CKL,Corkickle,R00394
CKL,Corkickle,R00814
CKL,Corkickle,R00817
CKL,Corkickle,R01018
CKL,Corkickle,R01242
CKN,Crewkerne,R00331
CKN,Crewkerne,R00550
CKN,Crewkerne,R00670
CKN,Crewkerne,R00677
CKN,Crewkerne,R00711
CKN,Crewkerne,R00713
CKN,Crewkerne,R00761
CKS,Clarkston,R00116
CKS,Clarkston,R00118
CKS,Clarkston,R00120
CKS,Clarkston,R01846
CKS,Clarkston,R01847
CKT,Crookston,R00096
CKT,Crookston,R00393
CKT,Crookston,R01640
CKT,Crookston,R01641
CKY,Crosskeys,R00280
CKY,Crosskeys,R00601
CKY,Crosskeys,R00824
CKY,Crosskeys,R01746
CKY,Crosskeys,R01999
CLA,Clandon,R00322
CLA,Clandon,R00799
CLA,Clandon,R00867
CLA,Clandon,R00928
CLA,Clandon,R00929
CLC,Castle Cary,R00034
CLC,Castle Cary,R00331
CLC,Castle Cary,R00348
CLC,Castle Cary,R00372
CLC,Castle Cary,R00455
CLC,Castle Cary,R00550
CLC,Castle Cary,R00582
CLC,Castle Cary,R00720
CLC,Castle Cary,R00722
CLC,Castle Cary,R00756
CLC,Castle Cary,R01235
CLC,Castle Cary,R01237
CLC,Castle Cary,R01319
CLC,Castle Cary,R01381
CLC,Castle Cary,R01446
CLC,Castle Cary,R01478
CLC,Castle Cary,R01662
CLD,Chelsfield,R00014
CLD,Chelsfield,R00044
CLD,Chelsfield,R00046
CLD,Chelsfield,R00125
CLD,Chelsfield,R00254
CLD,Chelsfield,R00514
CLD,Chelsfield,R00522
CLD,Chelsfield,R00525
CLD,Chelsfield,R00610
CLD,Chelsfield,R01578
CLD,Chelsfield,R01587
CLD,Chelsfield,R01636
CLD,Chelsfield,R01637
CLD,Chelsfield,R01660
CLD,Chelsfield,R01674
CLD,Chelsfield,R02093
CLE,Cleethorpes,R00061
CLE,Cleethorpes,R00062
CLE,Cleethorpes,R00063
CLE,Cleethorpes,R00513
CLE,Cleethorpes,R00640
CLE,Cleethorpes,R00765
CLE,Cleethorpes,R01362
CLE,Cleethorpes,R01406
CLE,Cleethorpes,R01412
CLE,Cleethorpes,R01429
CLE,Cleethorpes,R01441
CLE,Cleethorpes,R01453
CLE,Cleethorpes,R01726
CLG,Claygate,R00799
CLG,Claygate,R00928
CLG,Claygate,R00929
CLH,Clitheroe,R00101
CLH,Clitheroe,R00337
CLH,Clitheroe,R00340
CLH,Clitheroe,R01460
CLI,Clifton,R00069
CLI,Clifton,R01091
CLK,Clock House,R00212
CLK,Clock House,R00497
CLK,Clock House,R01609
CLL,Collington,R00199
CLL,Collington,R00238
CLL,Collington,R00452
CLL,Collington,R00503
CLL,Collington,R00517
CLL,Collington,R00530
CLL,Collington,R00950
CLL,Collington,R01117
CLL,Collington,R01134
CLL,Collington,R01168
CLL,Collington,R01363
CLL,Collington,R01510
CLL,Collington,R01630
CLM,Collingham,R00062
CLM,Collingham,R00109
CLM,Collingham,R00214
CLM,Collingham,R00459
CLM,Collingham,R00513
CLM,Collingham,R00764
CLM,Collingham,R00765
CLM,Collingham,R01207
CLM,Collingham,R01403
CLM,Collingham,R01412
CLM,Collingham,R01425
CLM,Collingham,R01440
CLM,Collingham,R01441
CLN,Chapeltown,R00011
CLN,Chapeltown,R00038
CLN,Chapeltown,R00639
CLN,Chapeltown,R00721
CLO,,R00149
CLO,,R01347
CLP,Clapham High Street,R00003
CLP,Clapham High Street,R00020
CLP,Clapham High Street,R00021
CLP,Clapham High Street,R00024
CLR,Clarbeston Road,R00077
CLR,Clarbeston Road,R00186
CLR,Clarbeston Road,R00562
CLR,Clarbeston Road,R00796
CLR,Clarbeston Road,R00916
CLR,Clarbeston Road,R00920
CLR,Clarbeston Road,R00922
CLR,Clarbeston Road,R01266
CLR,Clarbeston Road,R01554
CLR,Clarbeston Road,R01738
CLR,Clarbeston Road,R01741
CLR,Clarbeston Road,R01773
CLR,Clarbeston Road,R01835
CLR,Clarbeston Road,R01836
CLS,Chester-Le-Street,R00063
CLS,Chester-Le-Street,R00300
CLS,Chester-Le-Street,R00409
CLS,Chester-Le-Street,R00443
CLS,Chester-Le-Street,R00473
CLS,Chester-Le-Street,R00586
CLS,Chester-Le-Street,R01061
CLS,Chester-Le-Street,R01523
CLS,Chester-Le-Street,R01533
CLT,Clacton-On-Sea,R00832
CLT,Clacton-On-Sea,R00881
CLT,Clacton-On-Sea,R00882
CLT,Clacton-On-Sea,R01904
CLT,Clacton-On-Sea,R01923
CLT,Clacton-On-Sea,R01986
CLU,Carluke,R00183
CLU,Carluke,R00378
CLU,Carluke,R00706
CLU,Carluke,R01127
CLU,Carluke,R01128
CLU,Carluke,R01145
CLU,Carluke,R01194
CLU,Carluke,R01199
CLU,Carluke,R01201
CLU,Carluke,R01324
CLU,Carluke,R01343
CLU,Carluke,R01369
CLU,Carluke,R01790
CLV,Claverdon,R00246
CLV,Claverdon,R00397
CLV,Claverdon,R00896
CLV,Claverdon,R01924
CLV,Claverdon,R02082
CLW,Chorleywood,R00017
CLW,Chorleywood,R01308
CLW,Chorleywood,R01410
CLY,Chinley,R00063
CLY,Chinley,R00290
CLY,Chinley,R00634
CLY,Chinley,R00771
CLY,Chinley,R00772
CLY,Chinley,R00790
CLY,Chinley,R00830
CLY,Chinley,R00963
CLY,Chinley,R01761
CLY,Chinley,R01848
CMA,,R01783
CMA,,R01785
CMB,Cambridge North,R00029
CMB,Cambridge North,R00073
CMB,Cambridge North,R00187
CMB,Cambridge North,R00203
CMB,Cambridge North,R00336
CMB,Cambridge North,R00379
CMB,Cambridge North,R00620
CMB,Cambridge North,R00628
CMB,Cambridge North,R00749
CMB,Cambridge North,R00954
CMB,Cambridge North,R01203
CMB,Cambridge North,R01210
CMB,Cambridge North,R01268
CMB,Cambridge North,R01286
CMB,Cambridge North,R01470
CMB,Cambridge North,R01494
CMB,Cambridge North,R01711
CMB,Cambridge North,R01917
CMB,Cambridge North,R01954
CMB,Cambridge North,R01982
CMB,Cambridge North,R01983
CMD,Camden Road,R00177
CMD,Camden Road,R00252
CMD,Camden Road,R00258
CMD,Camden Road,R01092
CMD,Camden Road,R01093
CME,Combe,R00387
CME,Combe,R00583
CMF,Cromford,R00347
CMF,Cromford,R00513
CMF,Cromford,R00515
CMF,Cromford,R00661
CMF,Cromford,R01425
CMF,Cromford,R01440
CMF,Cromford,R01441
CMF,Cromford,R01893
CMH,Cwmbach,R01364
CMH,Cwmbach,R01643
CMH,Cwmbach,R01809
CMH,Cwmbach,R01919
CML,Carmyle,R00090
CML,Carmyle,R00100
CML,Carmyle,R00378
CML,Carmyle,R00480
CML,Carmyle,R01136
CML,Carmyle,R01137
CMN,Carmarthen,R00034
CMN,Carmarthen,R00077
CMN,Carmarthen,R00186
CMN,Carmarthen,R00191
CMN,Carmarthen,R00198
CMN,Carmarthen,R00200
CMN,Carmarthen,R00202
CMN,Carmarthen,R00204
CMN,Carmarthen,R00223
CMN,Carmarthen,R00559
CMN,Carmarthen,R00562
CMN,Carmarthen,R00600
CMN,Carmarthen,R00796
CMN,Carmarthen,R00885
CMN,Carmarthen,R00916
CMN,Carmarthen,R00920
CMN,Carmarthen,R00921
CMN,Carmarthen,R00922
CMN,Carmarthen,R01238
CMN,Carmarthen,R01266
CMN,Carmarthen,R01537
CMN,Carmarthen,R01554
CMN,Carmarthen,R01738
CMN,Carmarthen,R01770
CMN,Carmarthen,R01773
CMN,Carmarthen,R01782
CMN,Carmarthen,R01835
CMN,Carmarthen,R01838
CMN,Carmarthen,R01839
CMN,Carmarthen,R02084
CMO,Camelon,R00056
CMO,Camelon,R00162
CMO,Camelon,R00169
CMO,Camelon,R00619
CMO,Camelon,R00704
CMO,Camelon,R01675
CMO,Camelon,R01833
CMR,Cromer,R00210
CMR,Cromer,R00537
CMR,Cromer,R00541
CMR,Cromer,R00543
CMR,Cromer,R00544
CMR,Cromer,R00545
CMR,Cromer,R00547
CMR,Cromer,R00549
CMR,Cromer,R01289
CMS,,R00029
CMS,,R00073
CMS,,R00129
CMS,,R00187
CMS,,R00271
CMS,,R00319
CMS,,R00336
CMS,,R00379
CMS,,R00620
CMS,,R00628
CMS,,R00660
CMS,,R00749
CMS,,R00968
CMS,,R00970
CMS,,R00994
CMS,,R01203
CMS,,R01210
CMS,,R01268
CMS,,R01286
CMS,,R01348
CMS,,R01356
CMS,,R01470
CMS,,R01494
CMS,,R01887
CMS,,R01917
CMY,Crossmyloof,R00116
CMY,Crossmyloof,R00118
CMY,Crossmyloof,R00120
CMY,Crossmyloof,R01174
CMY,Crossmyloof,R01177
CMY,Crossmyloof,R01306
CMY,Crossmyloof,R01846
CNA,,R02058
CNE,Colne,R00836
CNE,Colne,R01320
CNF,Carnforth,R00142
CNF,Carnforth,R00185
CNF,Carnforth,R00457
CNF,Carnforth,R00487
CNF,Carnforth,R00640
CNF,Carnforth,R00817
CNF,Carnforth,R01018
CNF,Carnforth,R01098
CNF,Carnforth,R01125
CNF,Carnforth,R01242
CNF,Carnforth,R01543
CNF,Carnforth,R01545
CNF,Carnforth,R01551
CNF,Carnforth,R01621
CNF,Carnforth,R01622
CNF,Carnforth,R01883
CNF,Carnforth,R01966
CNF,Carnforth,R02001
CNG,Congleton,R00056
CNG,Congleton,R00283
CNG,Congleton,R00372
CNG,Congleton,R00498
CNG,Congleton,R00562
CNG,Congleton,R00780
CNG,Congleton,R00902
CNG,Congleton,R00935
CNG,Congleton,R01013
CNG,Congleton,R01030
CNG,Congleton,R01031
CNL,Canley,R00056
CNL,Canley,R00102
CNL,Canley,R00104
CNL,Canley,R00114
CNL,Canley,R00638
CNL,Canley,R00704
CNL,Canley,R00780
CNL,Canley,R00816
CNL,Canley,R00843
CNL,Canley,R00863
CNL,Canley,R00899
CNL,Canley,R00964
CNL,Canley,R01102
CNL,Canley,R01280
CNL,Canley,R01522
CNM,Cheltenham Spa,R00023
CNM,Cheltenham Spa,R00028
CNM,Cheltenham Spa,R00034
CNM,Cheltenham Spa,R00057
CNM,Cheltenham Spa,R00085
CNM,Cheltenham Spa,R00089
CNM,Cheltenham Spa,R00283
CNM,Cheltenham Spa,R00321
CNM,Cheltenham Spa,R00342
CNM,Cheltenham Spa,R00347
CNM,Cheltenham Spa,R00354
CNM,Cheltenham Spa,R00369
CNM,Cheltenham Spa,R00372
CNM,Cheltenham Spa,R00379
CNM,Cheltenham Spa,R00455
CNM,Cheltenham Spa,R00465
CNM,Cheltenham Spa,R00468
CNM,Cheltenham Spa,R00582
CNM,Cheltenham Spa,R00661
CNM,Cheltenham Spa,R00690
CNM,Cheltenham Spa,R00784
CNM,Cheltenham Spa,R00880
CNM,Cheltenham Spa,R00923
CNM,Cheltenham Spa,R00935
CNM,Cheltenham Spa,R00948
CNM,Cheltenham Spa,R00974
CNM,Cheltenham Spa,R00975
CNM,Cheltenham Spa,R00977
CNM,Cheltenham Spa,R01106
CNM,Cheltenham Spa,R01222
CNM,Cheltenham Spa,R01414
CNM,Cheltenham Spa,R01725
CNM,Cheltenham Spa,R01728
CNM,Cheltenham Spa,R01750
CNN,Canonbury,R00177
CNN,Canonbury,R00252
CNN,Canonbury,R00258
CNN,Canonbury,R01092
CNN,Canonbury,R01093
CNO,Chetnole,R00348
CNO,Chetnole,R01319
CNO,Chetnole,R01446
CNO,Chetnole,R01478
CNO,Chetnole,R01662
CNP,Conway Park,R00001
CNP,Conway Park,R00005
CNR,Crianlarich,R00287
CNR,Crianlarich,R01138
CNR,Crianlarich,R01139
CNR,Crianlarich,R01140
CNR,Crianlarich,R01295
CNR,Crianlarich,R01297
CNR,Crianlarich,R01865
CNR,Crianlarich,R02062
CNR,Crianlarich,R02097
CNS,Conisbrough,R00006
CNS,Conisbrough,R00303
CNS,Conisbrough,R00839
CNS,Conisbrough,R01527
CNW,Conwy,R00418
CNW,Conwy,R00568
CNW,Conwy,R00590
CNW,Conwy,R00592
CNW,Conwy,R01518
CNY,Cantley,R00203
CNY,Cantley,R00492
CNY,Cantley,R00787
CNY,Cantley,R01268
CNY,Cantley,R01288
CNY,Cantley,R01335
CNY,Cantley,R01477
CNY,Cantley,R01483
CNY,Cantley,R01900
CNY,Cantley,R01901
COA,Coatdyke,R00106
COA,Coatdyke,R00179
COA,Coatdyke,R00289
COA,Coatdyke,R00378
COA,Coatdyke,R00480
COA,Coatdyke,R00988
COA,Coatdyke,R01155
COA,Coatdyke,R01173
COA,Coatdyke,R01591
COA,Coatdyke,R01844
COA,Coatdyke,R02062
COB,Cooden Beach,R00051
COB,Cooden Beach,R00199
COB,Cooden Beach,R00238
COB,Cooden Beach,R00452
COB,Cooden Beach,R00503
COB,Cooden Beach,R00517
COB,Cooden Beach,R00530
COB,Cooden Beach,R00950
COB,Cooden Beach,R01117
COB,Cooden Beach,R01134
COB,Cooden Beach,R01168
COB,Cooden Beach,R01363
COB,Cooden Beach,R01510
COB,Cooden Beach,R01630
COC,,R00412
COE,Coombe,R02026
COE,Coombe,R02047
COH,Crowborough,R00253
COH,Crowborough,R00412
COH,Crowborough,R00666
COH,Crowborough,R00667
COH,Crowborough,R01016
COH,Crowborough,R01709
COI,Crosshill,R00107
COI,Crosshill,R00127
COI,Crosshill,R00133
COI,Crosshill,R00135
COL,Colchester,R00207
COL,Colchester,R00323
COL,Colchester,R00493
COL,Colchester,R00832
COL,Colchester,R00872
COL,Colchester,R00881
COL,Colchester,R00882
COL,Colchester,R00888
COL,Colchester,R00890
COL,Colchester,R00895
COL,Colchester,R01000
COL,Colchester,R01335
COL,Colchester,R01350
COL,Colchester,R01351
COL,Colchester,R01352
COL,Colchester,R01357
COL,Colchester,R01653
COL,Colchester,R01823
COL,Colchester,R01824
COL,Colchester,R01881
COL,Colchester,R01904
COL,Colchester,R01906
COL,Colchester,R01932
COL,Colchester,R01936
COL,Colchester,R01937
COM,Commondale,R00983
COM,Commondale,R01305
COM,Commondale,R01911
CON,Connel Ferry,R00287
CON,Connel Ferry,R01138
CON,Connel Ferry,R01139
CON,Connel Ferry,R01295
CON,Connel Ferry,R02040
COO,Cookham,R00022
COO,Cookham,R00025
COO,Cookham,R00273
COO,Cookham,R00276
COP,Copplestone,R00259
COP,Copplestone,R00264
COP,Copplestone,R00325
COP,Copplestone,R00338
COP,Copplestone,R00371
COP,Copplestone,R00388
COP,Copplestone,R00604
COP,Copplestone,R00606
COP,Copplestone,R00607
COP,Copplestone,R00609
COP,Copplestone,R00612
COP,Copplestone,R00744
COR,Corby,R00296
COR,Corby,R00506
COR,Corby,R00844
COR,Corby,R00852
COR,Corby,R00853
COR,Corby,R01076
COR,Corby,R01724
COS,Cosford,R00058
COS,Cosford,R00395
COS,Cosford,R00571
COS,Cosford,R00579
COS,Cosford,R00581
COS,Cosford,R00590
COS,Cosford,R00902
COS,Cosford,R00916
COS,Cosford,R00999
COS,Cosford,R01047
COS,Cosford,R01054
COS,Cosford,R01063
COS,Cosford,R01119
COS,Cosford,R01259
COS,Cosford,R01498
COS,Cosford,R01546
COS,Cosford,R01734
COS,Cosford,R02075
COS,Cosford,R02076
COT,Cottingley,R00063
COT,Cottingley,R00064
COT,Cottingley,R00409
COT,Cottingley,R00466
COT,Cottingley,R00473
COT,Cottingley,R00729
COT,Cottingley,R00940
COT,Cottingley,R01170
COT,Cottingley,R01301
COT,Cottingley,R01388
COT,Cottingley,R01888
COT,Cottingley,R01908
COT,Cottingley,R02027
COT,Cottingley,R02044
COT,Cottingley,R02095
COV,Coventry,R00056
COV,Coventry,R00077
COV,Coventry,R00102
COV,Coventry,R00104
COV,Coventry,R00114
COV,Coventry,R00283
COV,Coventry,R00286
COV,Coventry,R00498
COV,Coventry,R00602
COV,Coventry,R00638
COV,Coventry,R00704
COV,Coventry,R00780
COV,Coventry,R00816
COV,Coventry,R00838
COV,Coventry,R00843
COV,Coventry,R00863
COV,Coventry,R00899
COV,Coventry,R00964
COV,Coventry,R00966
COV,Coventry,R01001
COV,Coventry,R01055
COV,Coventry,R01102
COV,Coventry,R01153
COV,Coventry,R01280
COV,Coventry,R01471
COV,Coventry,R01515
COV,Coventry,R01522
COV,Coventry,R01691
COW,Cowdenbeath,R00048
COW,Cowdenbeath,R00098
COW,Cowdenbeath,R00356
COW,Cowdenbeath,R00357
COW,Cowdenbeath,R00574
COW,Cowdenbeath,R00619
COW,Cowdenbeath,R01152
COW,Cowdenbeath,R01244
COW,Cowdenbeath,R01273
COW,Cowdenbeath,R01673
COW,Cowdenbeath,R01860
COW,Cowdenbeath,R01979
COY,Coryton,R00570
COY,Coryton,R00573
COY,Coryton,R01232
CPA,Corpach,R01140
CPA,Corpach,R01141
CPA,Corpach,R01297
CPG,,R00538
CPG,,R00560
CPH,Caerphilly,R00080
CPH,Caerphilly,R00266
CPH,Caerphilly,R00278
CPH,Caerphilly,R00570
CPH,Caerphilly,R00593
CPH,Caerphilly,R00605
CPH,Caerphilly,R00682
CPH,Caerphilly,R00709
CPH,Caerphilly,R00728
CPH,Caerphilly,R00840
CPK,Carpenders Park,R00150
CPK,Carpenders Park,R00236
CPM,Chippenham,R00031
CPM,Chippenham,R00034
CPM,Chippenham,R00042
CPM,Chippenham,R00057
CPM,Chippenham,R00070
CPM,Chippenham,R00401
CPM,Chippenham,R00455
CPM,Chippenham,R00918
CPM,Chippenham,R01037
CPM,Chippenham,R01151
CPM,Chippenham,R01217
CPM,Chippenham,R01414
CPM,Chippenham,R01444
CPM,Chippenham,R01723
CPM,Chippenham,R01854
CPM,Chippenham,R01855
CPM,Chippenham,R01857
CPN,Chapleton,R00325
CPN,Chapleton,R00338
CPN,Chapleton,R00607
CPN,Chapleton,R00612
CPT,Clapton,R01286
CPT,Clapton,R01550
CPT,Clapton,R01557
CPU,Capenhurst,R00500
CPU,Capenhurst,R00502
CPU,Capenhurst,R00505
CPU,Capenhurst,R00511
CPU,Capenhurst,R00552
CPW,Chepstow,R00023
CPW,Chepstow,R00321
CPW,Chepstow,R00347
CPW,Chepstow,R00661
CPW,Chepstow,R00880
CPW,Chepstow,R00923
CPW,Chepstow,R00948
CPW,Chepstow,R00975
CPW,Chepstow,R00977
CPW,Chepstow,R01106
CPW,Chepstow,R01728
CPY,Clapham (North Yorkshire),R00487
CPY,Clapham (North Yorkshire),R01098
CPY,Clapham (North Yorkshire),R01125
CPY,Clapham (North Yorkshire),R01543
CPY,Clapham (North Yorkshire),R01545
CPY,Clapham (North Yorkshire),R01551
CRA,Cradley Heath,R00004
CRA,Cradley Heath,R00088
CRA,Cradley Heath,R00115
CRA,Cradley Heath,R00126
CRA,Cradley Heath,R00246
CRA,Cradley Heath,R00396
CRA,Cradley Heath,R00768
CRA,Cradley Heath,R00773
CRA,Cradley Heath,R00775
CRA,Cradley Heath,R00776
CRA,Cradley Heath,R00883
CRA,Cradley Heath,R00896
CRA,Cradley Heath,R00901
CRA,Cradley Heath,R01188
CRA,Cradley Heath,R01585
CRA,Cradley Heath,R01899
CRA,Cradley Heath,R01924
CRB,Corbridge,R00324
CRB,Corbridge,R01107
CRB,Corbridge,R01111
CRB,Corbridge,R01114
CRB,Corbridge,R01118
CRB,Corbridge,R01523
CRD,Chester Road,R00037
CRD,Chester Road,R00040
CRD,Chester Road,R00759
CRD,Chester Road,R01148
CRD,Chester Road,R01158
CRD,Chester Road,R01225
CRD,Chester Road,R01310
CRE,Crewe,R00056
CRE,Crewe,R00077
CRE,Crewe,R00102
CRE,Crewe,R00114
CRE,Crewe,R00311
CRE,Crewe,R00314
CRE,Crewe,R00341
CRE,Crewe,R00347
CRE,Crewe,R00410
CRE,Crewe,R00421
CRE,Crewe,R00459
CRE,Crewe,R00527
CRE,Crewe,R00562
CRE,Crewe,R00579
CRE,Crewe,R00581
CRE,Crewe,R00588
CRE,Crewe,R00589
CRE,Crewe,R00590
CRE,Crewe,R00592
CRE,Crewe,R00600
CRE,Crewe,R00602
CRE,Crewe,R00647
CRE,Crewe,R00661
CRE,Crewe,R00704
CRE,Crewe,R00724
CRE,Crewe,R00758
CRE,Crewe,R00763
CRE,Crewe,R00796
CRE,Crewe,R00820
CRE,Crewe,R00845
CRE,Crewe,R00902
CRE,Crewe,R00916
CRE,Crewe,R00939
CRE,Crewe,R00964
CRE,Crewe,R01047
CRE,Crewe,R01054
CRE,Crewe,R01077
CRE,Crewe,R01078
CRE,Crewe,R01115
CRE,Crewe,R01123
CRE,Crewe,R01198
CRE,Crewe,R01207
CRE,Crewe,R01247
CRE,Crewe,R01251
CRE,Crewe,R01256
CRE,Crewe,R01259
CRE,Crewe,R01265
CRE,Crewe,R01281
CRE,Crewe,R01307
CRE,Crewe,R01425
CRE,Crewe,R01426
CRE,Crewe,R01427
CRE,Crewe,R01428
CRE,Crewe,R01457
CRE,Crewe,R01526
CRE,Crewe,R01531
CRE,Crewe,R01546
CRE,Crewe,R01597
CRE,Crewe,R01599
CRE,Crewe,R01691
CRE,Crewe,R01697
CRE,Crewe,R01706
CRE,Crewe,R01710
CRE,Crewe,R01734
CRE,Crewe,R01773
CRE,Crewe,R01874
CRE,Crewe,R01905
CRE,Crewe,R02086
CRE,Crewe,R02088
CRF,Carfin,R00183
CRF,Carfin,R00184
CRF,Carfin,R01176
CRF,Carfin,R01270
CRF,Carfin,R01464
CRG,Cross Gates,R00063
CRG,Cross Gates,R00078
CRG,Cross Gates,R00082
CRG,Cross Gates,R00119
CRG,Cross Gates,R00121
CRG,Cross Gates,R00138
CRG,Cross Gates,R00316
CRG,Cross Gates,R00321
CRG,Cross Gates,R00326
CRG,Cross Gates,R00344
CRG,Cross Gates,R00354
CRG,Cross Gates,R00358
CRG,Cross Gates,R00360
CRG,Cross Gates,R00404
CRG,Cross Gates,R00409
CRG,Cross Gates,R00449
CRG,Cross Gates,R00455
CRG,Cross Gates,R00462
CRG,Cross Gates,R00465
CRG,Cross Gates,R00466
CRG,Cross Gates,R00468
CRG,Cross Gates,R00473
CRG,Cross Gates,R00486
CRG,Cross Gates,R00578
CRG,Cross Gates,R00582
CRG,Cross Gates,R00640
CRG,Cross Gates,R00647
CRG,Cross Gates,R00662
CRG,Cross Gates,R00690
CRG,Cross Gates,R00935
CRG,Cross Gates,R00942
CRG,Cross Gates,R00948
CRG,Cross Gates,R01061
CRG,Cross Gates,R01195
CRG,Cross Gates,R01480
CRG,Cross Gates,R01605
CRG,Cross Gates,R01613
CRG,Cross Gates,R01623
CRG,Cross Gates,R01721
CRG,Cross Gates,R01767
CRG,Cross Gates,R01908
CRG,Cross Gates,R01909
CRG,Cross Gates,R01974
CRG,Cross Gates,R02044
CRH,Crouch Hill,R00510
CRH,Crouch Hill,R01019
CRI,Cricklewood,R00002
CRI,Cricklewood,R00076
CRI,Cricklewood,R00079
CRI,Cricklewood,R00097
CRI,Cricklewood,R00156
CRI,Cricklewood,R00188
CRI,Cricklewood,R00271
CRI,Cricklewood,R00296
CRI,Cricklewood,R00298
CRI,Cricklewood,R00299
CRI,Cricklewood,R00304
CRI,Cricklewood,R00398
CRI,Cricklewood,R00416
CRI,Cricklewood,R00459
CRI,Cricklewood,R00506
CRI,Cricklewood,R00727
CRI,Cricklewood,R00762
CRI,Cricklewood,R00810
CRI,Cricklewood,R00968
CRI,Cricklewood,R00972
CRI,Cricklewood,R00992
CRI,Cricklewood,R01076
CRI,Cricklewood,R01180
CRI,Cricklewood,R01187
CRI,Cricklewood,R01239
CRI,Cricklewood,R01241
CRI,Cricklewood,R01262
CRI,Cricklewood,R01264
CRI,Cricklewood,R01272
CRI,Cricklewood,R01425
CRI,Cricklewood,R01447
CRI,Cricklewood,R01450
CRI,Cricklewood,R01600
CRI,Cricklewood,R01628
CRI,Cricklewood,R01654
CRI,Cricklewood,R01724
CRI,Cricklewood,R01736
CRI,Cricklewood,R01755
CRK,Chirk,R00058
CRK,Chirk,R00561
CRK,Chirk,R00579
CRK,Chirk,R00590
CRK,Chirk,R00592
CRK,Chirk,R01047
CRK,Chirk,R01063
CRK,Chirk,R01307
CRK,Chirk,R01874
CRL,Chorley,R00102
CRL,Chorley,R00112
CRL,Chorley,R00114
CRL,Chorley,R00130
CRL,Chorley,R00142
CRL,Chorley,R00206
CRL,Chorley,R00457
CRL,Chorley,R00508
CRL,Chorley,R00521
CRL,Chorley,R00640
CRL,Chorley,R00647
CRL,Chorley,R00947
CRL,Chorley,R01077
CRL,Chorley,R01621
CRL,Chorley,R01622
CRL,Chorley,R01902
CRM,Cramlington,R00321
CRM,Cramlington,R00327
CRM,Cramlington,R00531
CRM,Cramlington,R00534
CRM,Cramlington,R00613
CRM,Cramlington,R01118
CRM,Cramlington,R02071
CRN,Crowthorne,R00422
CRN,Crowthorne,R00427
CRN,Crowthorne,R00927
CRN,Crowthorne,R01187
CRN,Crowthorne,R01290
CRN,Crowthorne,R01445
CRN,Crowthorne,R01476
CRO,Croy,R00073
CRO,Croy,R00145
CRO,Croy,R00464
CRO,Croy,R00467
CRO,Croy,R00470
CRO,Croy,R00619
CRO,Croy,R00625
CRO,Croy,R00685
CRO,Croy,R00687
CRO,Croy,R00688
CRO,Croy,R00690
CRO,Croy,R00692
CRO,Croy,R00704
CRO,Croy,R01865
CRO,Croy,R01929
CRO,Croy,R01931
CRO,Croy,R01979
CRP,,R00906
CRP,,R00908
CRP,,R02016
CRP,,R02017
CRR,Corrour,R01140
CRR,Corrour,R01297
CRR,Corrour,R01865
CRR,Corrour,R02062
CRR,Corrour,R02097
CRS,Carstairs,R00056
CRS,Carstairs,R00183
CRS,Carstairs,R00378
CRS,Carstairs,R01127
CRS,Carstairs,R01128
CRS,Carstairs,R01143
CRS,Carstairs,R01194
CRS,Carstairs,R01199
CRS,Carstairs,R01201
CRS,Carstairs,R01324
CRS,Carstairs,R01454
CRS,Carstairs,R01790
CRS,Carstairs,R01845
CRS,Carstairs,R01905
CRS,Carstairs,R02061
CRT,Chartham,R00014
CRT,Chartham,R00125
CRT,Chartham,R00413
CRT,Chartham,R00436
CRT,Chartham,R00539
CRT,Chartham,R00668
CRT,Chartham,R01568
CRT,Chartham,R01637
CRT,Chartham,R01645
CRT,Chartham,R01997
CRU,,R01661
CRU,,R01947
CRU,,R01948
CRV,Craven Arms,R00077
CRV,Craven Arms,R00385
CRV,Craven Arms,R00562
CRV,Craven Arms,R00590
CRV,Craven Arms,R00592
CRV,Craven Arms,R00600
CRV,Craven Arms,R00796
CRV,Craven Arms,R00916
CRV,Craven Arms,R01063
CRV,Craven Arms,R01123
CRV,Craven Arms,R01265
CRV,Craven Arms,R01307
CRV,Craven Arms,R01554
CRV,Craven Arms,R01672
CRV,Craven Arms,R01738
CRV,Craven Arms,R01773
CRV,Craven Arms,R01852
CRV,Craven Arms,R01866
CRW,Crawley,R00043
CRW,Crawley,R00199
CRW,Crawley,R00217
CRW,Crawley,R00248
CRW,Crawley,R00253
CRW,Crawley,R00655
CRW,Crawley,R00656
CRW,Crawley,R00727
CRW,Crawley,R01011
CRW,Crawley,R01171
CRW,Crawley,R01367
CRW,Crawley,R01419
CRW,Crawley,R01776
CRW,Crawley,R01780
CRY,Crayford,R00014
CRY,Crayford,R00018
CRY,Crayford,R00125
CRY,Crayford,R00297
CRY,Crayford,R00536
CRY,Crayford,R00610
CRY,Crayford,R00654
CRY,Crayford,R01502
CRY,Crayford,R01676
CRY,Crayford,R01800
CRY,Crayford,R02064
CSA,Cosham,R00348
CSA,Cosham,R00399
CSA,Cosham,R00737
CSA,Cosham,R00739
CSA,Cosham,R00742
CSA,Cosham,R00746
CSA,Cosham,R00747
CSA,Cosham,R00753
CSA,Cosham,R00812
CSA,Cosham,R00866
CSA,Cosham,R00877
CSA,Cosham,R00878
CSA,Cosham,R00914
CSA,Cosham,R00969
CSA,Cosham,R00985
CSA,Cosham,R01046
CSA,Cosham,R01048
CSA,Cosham,R01068
CSA,Cosham,R01079
CSA,Cosham,R01080
CSA,Cosham,R01083
CSA,Cosham,R01097
CSA,Cosham,R01246
CSA,Cosham,R01667
CSA,Cosham,R01712
CSA,Cosham,R01715
CSA,Cosham,R01930
CSA,Cosham,R02089
CSB,Carshalton Beeches,R00240
CSB,Carshalton Beeches,R00242
CSB,Carshalton Beeches,R00253
CSB,Carshalton Beeches,R00535
CSB,Carshalton Beeches,R00575
CSB,Carshalton Beeches,R00951
CSB,Carshalton Beeches,R00955
CSB,Carshalton Beeches,R01634
CSD,Cobham & Stoke Dabernon,R00799
CSD,Cobham & Stoke Dabernon,R00928
CSD,Cobham & Stoke Dabernon,R00929
CSG,Cressington,R01003
CSG,Cressington,R01430
CSG,Cressington,R01759
CSH,Carshalton,R00076
CSH,Carshalton,R00092
CSH,Carshalton,R00416
CSH,Carshalton,R00632
CSH,Carshalton,R00695
CSH,Carshalton,R00762
CSH,Carshalton,R00953
CSH,Carshalton,R00971
CSH,Carshalton,R01008
CSH,Carshalton,R01042
CSH,Carshalton,R01385
CSH,Carshalton,R01387
CSH,Carshalton,R01391
CSH,Carshalton,R01415
CSH,Carshalton,R01683
CSH,Carshalton,R02023
CSK,Calstock,R00777
CSK,Calstock,R00778
CSK,Calstock,R00779
CSL,Codsall,R00058
CSL,Codsall,R00395
CSL,Codsall,R00902
CSL,Codsall,R00999
CSL,Codsall,R01054
CSL,Codsall,R01259
CSL,Codsall,R01498
CSL,Codsall,R01546
CSL,Codsall,R02075
CSL,Codsall,R02076
CSM,Castleton Moor,R00983
CSM,Castleton Moor,R01305
CSM,Castleton Moor,R01911
CSN,Chessington North,R00803
CSN,Chessington North,R00997
CSN,Chessington North,R00998
CSO,Croston,R01282
CSO,Croston,R01542
CSR,Chassen Road,R01059
CSR,Chassen Road,R01558
CSR,Chassen Road,R01559
CSR,Chassen Road,R01562
CSR,Chassen Road,R01566
CSR,Chassen Road,R01570
CSS,Chessington South,R00803
CSS,Chessington South,R00997
CSS,Chessington South,R00998
CST,London Cannon Street,R00044
CST,London Cannon Street,R00046
CST,London Cannon Street,R00122
CST,London Cannon Street,R00125
CST,London Cannon Street,R00188
CST,London Cannon Street,R00254
CST,London Cannon Street,R00297
CST,London Cannon Street,R00343
CST,London Cannon Street,R00469
CST,London Cannon Street,R00491
CST,London Cannon Street,R00524
CST,London Cannon Street,R00526
CST,London Cannon Street,R00536
CST,London Cannon Street,R00608
CST,London Cannon Street,R00610
CST,London Cannon Street,R00624
CST,London Cannon Street,R00654
CST,London Cannon Street,R01587
CST,London Cannon Street,R01636
CST,London Cannon Street,R01639
CST,London Cannon Street,R01674
CST,London Cannon Street,R01676
CST,London Cannon Street,R01745
CST,London Cannon Street,R01969
CST,London Cannon Street,R01975
CST,London Cannon Street,R01976
CSW,Chestfield & Swalecliffe,R00125
CSW,Chestfield & Swalecliffe,R00343
CSW,Chestfield & Swalecliffe,R00413
CSW,Chestfield & Swalecliffe,R00436
CSW,Chestfield & Swalecliffe,R00514
CSW,Chestfield & Swalecliffe,R00684
CSW,Chestfield & Swalecliffe,R01615
CSW,Chestfield & Swalecliffe,R01967
CSY,Coseley,R00056
CSY,Coseley,R00102
CSY,Coseley,R00104
CSY,Coseley,R00114
CSY,Coseley,R00395
CSY,Coseley,R00571
CSY,Coseley,R00602
CSY,Coseley,R00780
CSY,Coseley,R00863
CSY,Coseley,R00907
CSY,Coseley,R00964
CSY,Coseley,R01063
CSY,Coseley,R01198
CSY,Coseley,R01247
CSY,Coseley,R01259
CSY,Coseley,R01546
CSY,Coseley,R01710
CTB,,R01945
CTB,,R01946
CTE,Chatelherault,R00988
CTE,Chatelherault,R01021
CTF,Catford,R00002
CTF,Catford,R00076
CTF,Catford,R00092
CTF,Catford,R00469
CTF,Catford,R00913
CTF,Catford,R00971
CTF,Catford,R01283
CTF,Catford,R01627
CTF,Catford,R01737
CTF,Catford,R01739
CTH,Chadwell Heath,R00323
CTH,Chadwell Heath,R00832
CTH,Chadwell Heath,R00850
CTH,Chadwell Heath,R00898
CTH,Chadwell Heath,R01038
CTH,Chadwell Heath,R01184
CTH,Chadwell Heath,R01431
CTH,Chadwell Heath,R01595
CTH,Chadwell Heath,R01692
CTK,City Thameslink,R00002
CTK,City Thameslink,R00076
CTK,City Thameslink,R00079
CTK,City Thameslink,R00092
CTK,City Thameslink,R00097
CTK,City Thameslink,R00188
CTK,City Thameslink,R00217
CTK,City Thameslink,R00271
CTK,City Thameslink,R00398
CTK,City Thameslink,R00416
CTK,City Thameslink,R00660
CTK,City Thameslink,R00727
CTK,City Thameslink,R00762
CTK,City Thameslink,R00968
CTK,City Thameslink,R00970
CTK,City Thameslink,R00971
CTK,City Thameslink,R00972
CTK,City Thameslink,R01171
CTK,City Thameslink,R01180
CTK,City Thameslink,R01187
CTK,City Thameslink,R01239
CTK,City Thameslink,R01241
CTK,City Thameslink,R01257
CTK,City Thameslink,R01262
CTK,City Thameslink,R01264
CTK,City Thameslink,R01272
CTK,City Thameslink,R01283
CTK,City Thameslink,R01600
CTK,City Thameslink,R01736
CTK,City Thameslink,R01737
CTK,City Thameslink,R01739
CTK,City Thameslink,R01755
CTL,Cattal,R00614
CTL,Cattal,R01612
CTM,Chatham,R00014
CTM,Chatham,R00076
CTM,Chatham,R00079
CTM,Chatham,R00092
CTM,Chatham,R00125
CTM,Chatham,R00188
CTM,Chatham,R00343
CTM,Chatham,R00345
CTM,Chatham,R00413
CTM,Chatham,R00437
CTM,Chatham,R00469
CTM,Chatham,R00514
CTM,Chatham,R00731
CTM,Chatham,R00971
CTM,Chatham,R00972
CTM,Chatham,R01338
CTM,Chatham,R01466
CTM,Chatham,R01503
CTM,Chatham,R01568
CTM,Chatham,R01627
CTM,Chatham,R01655
CTM,Chatham,R01702
CTM,Chatham,R01967
CTM,Chatham,R01969
CTM,Chatham,R01971
CTM,Chatham,R01975
CTM,Chatham,R01976
CTN,Charlton,R00076
CTN,Charlton,R00079
CTN,Charlton,R00092
CTN,Charlton,R00125
CTN,Charlton,R00188
CTN,Charlton,R00297
CTN,Charlton,R00491
CTN,Charlton,R00516
CTN,Charlton,R00526
CTN,Charlton,R00536
CTN,Charlton,R00608
CTN,Charlton,R00610
CTN,Charlton,R00654
CTN,Charlton,R00971
CTN,Charlton,R00972
CTN,Charlton,R01503
CTN,Charlton,R01702
CTN,Charlton,R01745
CTN,Charlton,R02081
CTO,Carlton,R00214
CTO,Carlton,R00459
CTO,Carlton,R00513
CTO,Carlton,R00764
CTO,Carlton,R01207
CTO,Carlton,R01403
CTO,Carlton,R01425
CTO,Carlton,R01426
CTO,Carlton,R01427
CTO,Carlton,R01428
CTO,Carlton,R01441
CTR,Chester,R00056
CTR,Chester,R00058
CTR,Chester,R00314
CTR,Chester,R00349
CTR,Chester,R00352
CTR,Chester,R00418
CTR,Chester,R00421
CTR,Chester,R00500
CTR,Chester,R00502
CTR,Chester,R00505
CTR,Chester,R00511
CTR,Chester,R00512
CTR,Chester,R00519
CTR,Chester,R00552
CTR,Chester,R00561
CTR,Chester,R00565
CTR,Chester,R00568
CTR,Chester,R00579
CTR,Chester,R00590
CTR,Chester,R00592
CTR,Chester,R00760
CTR,Chester,R00763
CTR,Chester,R00891
CTR,Chester,R00897
CTR,Chester,R00902
CTR,Chester,R01047
CTR,Chester,R01063
CTR,Chester,R01113
CTR,Chester,R01115
CTR,Chester,R01307
CTR,Chester,R01518
CTR,Chester,R01526
CTR,Chester,R01531
CTR,Chester,R01546
CTR,Chester,R01706
CTR,Chester,R01710
CTR,Chester,R01734
CTR,Chester,R01789
CTR,Chester,R01872
CTR,Chester,R01874
CTR,Chester,R02013
CTT,Church Stretton,R00077
CTT,Church Stretton,R00385
CTT,Church Stretton,R00562
CTT,Church Stretton,R00590
CTT,Church Stretton,R00592
CTT,Church Stretton,R00600
CTT,Church Stretton,R00796
CTT,Church Stretton,R00916
CTT,Church Stretton,R01063
CTT,Church Stretton,R01123
CTT,Church Stretton,R01265
CTT,Church Stretton,R01307
CTT,Church Stretton,R01554
CTT,Church Stretton,R01672
CTT,Church Stretton,R01852
CTT,Church Stretton,R01866
CTW,Church & Oswaldtwistle,R00836
CTW,Church & Oswaldtwistle,R01320
CUA,Culrain,R01101
CUA,Culrain,R01156
CUA,Culrain,R01157
CUA,Culrain,R01159
CUB,Cumbernauld,R00056
CUB,Cumbernauld,R00378
CUB,Cumbernauld,R00480
CUB,Cumbernauld,R00708
CUB,Cumbernauld,R01281
CUB,Cumbernauld,R01675
CUB,Cumbernauld,R01808
CUB,Cumbernauld,R01833
CUB,Cumbernauld,R01849
CUD,Cuddington,R00512
CUD,Cuddington,R00519
CUD,Cuddington,R02013
CUF,Cuffley,R00319
CUF,Cuffley,R00702
CUF,Cuffley,R00707
CUF,Cuffley,R00993
CUF,Cuffley,R01384
CUF,Cuffley,R01606
CUF,Cuffley,R01764
CUH,Curriehill,R00183
CUH,Curriehill,R00184
CUH,Curriehill,R01176
CUH,Curriehill,R01201
CUH,Curriehill,R01221
CUH,Curriehill,R01303
CUH,Curriehill,R01464
CUL,,R01584
CUM,Culham,R00333
CUM,Culham,R00387
CUM,Culham,R00583
CUM,Culham,R01374
CUM,Culham,R01389
CUM,Culham,R01392
CUM,Culham,R01397
CUM,Culham,R01535
CUP,Cupar,R00035
CUP,Cupar,R00073
CUP,Cupar,R00139
CUP,Cupar,R00582
CUP,Cupar,R00619
CUP,Cupar,R00687
CUP,Cupar,R00690
CUP,Cupar,R00714
CUP,Cupar,R00749
CUP,Cupar,R00750
CUP,Cupar,R01244
CUP,Cupar,R01258
CUP,Cupar,R01260
CUP,Cupar,R01673
CUP,Cupar,R01796
CUP,Cupar,R01979
CUS,Custom House,R01184
CUS,Custom House,R01416
CUS,Custom House,R01431
CUS,Custom House,R01581
CUS,Custom House,R01692
CUS,Custom House,R01694
CUS,Custom House,R01701
CUS,Custom House,R01719
CUW,Clunderwen,R00077
CUW,Clunderwen,R00186
CUW,Clunderwen,R00562
CUW,Clunderwen,R00796
CUW,Clunderwen,R00916
CUW,Clunderwen,R00920
CUW,Clunderwen,R00922
CUW,Clunderwen,R01266
CUW,Clunderwen,R01554
CUW,Clunderwen,R01738
CUW,Clunderwen,R01773
CUW,Clunderwen,R01835
CUX,Cuxton,R00188
CUX,Cuxton,R00461
CUX,Cuxton,R00731
CUX,Cuxton,R00732
CUX,Cuxton,R00733
CUX,Cuxton,R00734
CUX,Cuxton,R01041
CUX,Cuxton,R01100
CUX,Cuxton,R01568
CUX,Cuxton,R02038
CWB,Colwyn Bay,R00056
CWB,Colwyn Bay,R00058
CWB,Colwyn Bay,R00418
CWB,Colwyn Bay,R00568
CWB,Colwyn Bay,R00578
CWB,Colwyn Bay,R00579
CWB,Colwyn Bay,R00590
CWB,Colwyn Bay,R00592
CWB,Colwyn Bay,R00760
CWB,Colwyn Bay,R00902
CWB,Colwyn Bay,R01047
CWB,Colwyn Bay,R01307
CWB,Colwyn Bay,R01518
CWB,Colwyn Bay,R01526
CWB,Colwyn Bay,R01552
CWB,Colwyn Bay,R01710
CWC,Chappel & Wakes Colne,R00481
CWC,Chappel & Wakes Colne,R00483
CWC,Chappel & Wakes Colne,R01937
CWD,Creswell,R01366
CWD,Creswell,R01433
CWD,Creswell,R01434
CWD,Creswell,R01436
CWE,Crowle,R00061
CWE,Crowle,R00062
CWE,Crowle,R00063
CWE,Crowle,R00640
CWE,Crowle,R00765
CWE,Crowle,R01396
CWE,Crowle,R01576
CWE,Crowle,R01726
CWH,Crews Hill,R00319
CWH,Crews Hill,R00702
CWH,Crews Hill,R00707
CWH,Crews Hill,R00993
CWH,Crews Hill,R01384
CWH,Crews Hill,R01606
CWL,Colwall,R00034
CWL,Colwall,R00293
CWL,Colwall,R00362
CWL,Colwall,R01236
CWM,Cwmbran,R00077
CWM,Cwmbran,R00562
CWM,Cwmbran,R00590
CWM,Cwmbran,R00592
CWM,Cwmbran,R00600
CWM,Cwmbran,R00785
CWM,Cwmbran,R00796
CWM,Cwmbran,R00916
CWM,Cwmbran,R01063
CWM,Cwmbran,R01123
CWM,Cwmbran,R01265
CWM,Cwmbran,R01307
CWM,Cwmbran,R01554
CWM,Cwmbran,R01738
CWM,Cwmbran,R01773
CWN,Cowden,R00253
CWN,Cowden,R00666
CWN,Cowden,R00667
CWN,Cowden,R01016
CWS,Caersws,R00058
CWS,Caersws,R00571
CWS,Caersws,R00581
CWS,Caersws,R01261
CWS,Caersws,R01787
CWU,Crowhurst,R00014
CWU,Crowhurst,R00046
CWU,Crowhurst,R00125
CWU,Crowhurst,R02078
CWX,Canary Wharf,R01184
CWX,Canary Wharf,R01416
CWX,Canary Wharf,R01431
CWX,Canary Wharf,R01581
CWX,Canary Wharf,R01692
CWX,Canary Wharf,R01694
CWX,Canary Wharf,R01701
CWX,Canary Wharf,R01719
CYA,,R01659
CYB,Cefn-Y-Bedd,R01538
CYB,Cefn-Y-Bedd,R01539
CYB,Cefn-Y-Bedd,R01541
CYK,Clydebank,R00106
CYK,Clydebank,R00179
CYK,Clydebank,R00287
CYK,Clydebank,R00289
CYK,Clydebank,R00375
CYK,Clydebank,R00378
CYK,Clydebank,R00858
CYK,Clydebank,R01021
CYK,Clydebank,R01136
CYK,Clydebank,R01137
CYK,Clydebank,R01155
CYK,Clydebank,R01173
CYK,Clydebank,R01297
CYK,Clydebank,R01579
CYK,Clydebank,R01808
CYN,Cynghordy,R00385
CYN,Cynghordy,R00600
CYN,Cynghordy,R01852
CYP,Crystal Palace,R00003
CYP,Crystal Palace,R00020
CYP,Crystal Palace,R00054
CYP,Crystal Palace,R00243
CYP,Crystal Palace,R00575
CYP,Crystal Palace,R00663
CYP,Crystal Palace,R00695
CYP,Crystal Palace,R00697
CYP,Crystal Palace,R00701
CYP,Crystal Palace,R00717
CYP,Crystal Palace,R00818
CYP,Crystal Palace,R00952
CYP,Crystal Palace,R01116
CYS,Cathays,R00594
CYS,Cathays,R00766
CYS,Cathays,R01206
CYS,Cathays,R01364
CYS,Cathays,R01643
CYS,Cathays,R01698
CYT,Cherry Tree,R00110
CYT,Cherry Tree,R00647
CYT,Cherry Tree,R00651
CYT,Cherry Tree,R00836
CYT,Cherry Tree,R01320
DAG,Dalgety Bay,R00045
DAG,Dalgety Bay,R00048
DAG,Dalgety Bay,R00123
DAG,Dalgety Bay,R00574
DAG,Dalgety Bay,R01244
DAG,Dalgety Bay,R01258
DAG,Dalgety Bay,R01260
DAG,Dalgety Bay,R01853
DAK,Dalmarnock,R00378
DAK,Dalmarnock,R00480
DAK,Dalmarnock,R00858
DAK,Dalmarnock,R00988
DAK,Dalmarnock,R01021
DAK,Dalmarnock,R01136
DAK,Dalmarnock,R01137
DAK,Dalmarnock,R01792
DAK,Dalmarnock,R01808
DAL,Dalmally,R00287
DAL,Dalmally,R01138
DAL,Dalmally,R01139
DAL,Dalmally,R01295
DAL,Dalmally,R02040
DAM,Dalmeny,R00035
DAM,Dalmeny,R00045
DAM,Dalmeny,R00098
DAM,Dalmeny,R00123
DAM,Dalmeny,R00356
DAM,Dalmeny,R00357
DAM,Dalmeny,R00574
DAM,Dalmeny,R00690
DAM,Dalmeny,R00749
DAM,Dalmeny,R00750
DAM,Dalmeny,R01152
DAM,Dalmeny,R01244
DAM,Dalmeny,R01853
DAM,Dalmeny,R01860
DAN,Darnall,R00328
DAN,Darnall,R00332
DAN,Darnall,R00334
DAN,Darnall,R00359
DAN,Darnall,R01574
DAR,Darlington,R00063
DAR,Darlington,R00073
DAR,Darlington,R00300
DAR,Darlington,R00321
DAR,Darlington,R00341
DAR,Darlington,R00344
DAR,Darlington,R00354
DAR,Darlington,R00409
DAR,Darlington,R00443
DAR,Darlington,R00455
DAR,Darlington,R00464
DAR,Darlington,R00465
DAR,Darlington,R00470
DAR,Darlington,R00473
DAR,Darlington,R00486
DAR,Darlington,R00496
DAR,Darlington,R00582
DAR,Darlington,R00586
DAR,Darlington,R00644
DAR,Darlington,R00690
DAR,Darlington,R00749
DAR,Darlington,R00780
DAR,Darlington,R00847
DAR,Darlington,R00873
DAR,Darlington,R00875
DAR,Darlington,R00935
DAR,Darlington,R00948
DAR,Darlington,R01061
DAR,Darlington,R01169
DAR,Darlington,R01523
DAR,Darlington,R01533
DAR,Darlington,R01534
DAR,Darlington,R01631
DAR,Darlington,R01635
DAR,Darlington,R02003
DAR,Darlington,R02018
DAR,Darlington,R02031
DAR,Darlington,R02080
DAS,Darlaston,R00999
DAS,Darlaston,R01498
DAS,Darlaston,R02075
DAT,Datchet,R00718
DAT,Datchet,R00807
DAT,Datchet,R01050
DAT,Datchet,R01052
DBC,Dumbarton Central,R00106
DBC,Dumbarton Central,R00179
DBC,Dumbarton Central,R00287
DBC,Dumbarton Central,R00289
DBC,Dumbarton Central,R00375
DBC,Dumbarton Central,R00625
DBC,Dumbarton Central,R01138
DBC,Dumbarton Central,R01139
DBC,Dumbarton Central,R01155
DBC,Dumbarton Central,R01173
DBC,Dumbarton Central,R01295
DBC,Dumbarton Central,R01297
DBC,Dumbarton Central,R01805
DBC,Dumbarton Central,R01807
DBC,Dumbarton Central,R01837
DBC,Dumbarton Central,R01865
DBC,Dumbarton Central,R02062
DBC,Dumbarton Central,R02097
DBD,Denby Dale,R00011
DBD,Denby Dale,R00038
DBD,Denby Dale,R01756
DBE,Dumbarton East,R00106
DBE,Dumbarton East,R00179
DBE,Dumbarton East,R00289
DBE,Dumbarton East,R00375
DBE,Dumbarton East,R01155
DBE,Dumbarton East,R01173
DBE,Dumbarton East,R01805
DBE,Dumbarton East,R01807
DBE,Dumbarton East,R01837
DBG,Mottisfont & Dunbridge,R01027
DBG,Mottisfont & Dunbridge,R01035
DBG,Mottisfont & Dunbridge,R01890
DBL,Dunblane,R00056
DBL,Dunblane,R00073
DBL,Dunblane,R00145
DBL,Dunblane,R00162
DBL,Dunblane,R00169
DBL,Dunblane,R00464
DBL,Dunblane,R00467
DBL,Dunblane,R00685
DBL,Dunblane,R00687
DBL,Dunblane,R00688
DBL,Dunblane,R00690
DBL,Dunblane,R00692
DBL,Dunblane,R00704
DBL,Dunblane,R01129
DBR,Derby Road,R00499
DBR,Derby Road,R00501
DBY,Derby,R00023
DBY,Derby,R00296
DBY,Derby,R00298
DBY,Derby,R00321
DBY,Derby,R00336
DBY,Derby,R00341
DBY,Derby,R00344
DBY,Derby,R00347
DBY,Derby,R00354
DBY,Derby,R00369
DBY,Derby,R00455
DBY,Derby,R00459
DBY,Derby,R00465
DBY,Derby,R00468
DBY,Derby,R00513
DBY,Derby,R00515
DBY,Derby,R00582
DBY,Derby,R00661
DBY,Derby,R00690
DBY,Derby,R00780
DBY,Derby,R00873
DBY,Derby,R00875
DBY,Derby,R00886
DBY,Derby,R00889
DBY,Derby,R00900
DBY,Derby,R00935
DBY,Derby,R00948
DBY,Derby,R00966
DBY,Derby,R00977
DBY,Derby,R00991
DBY,Derby,R00992
DBY,Derby,R01076
DBY,Derby,R01197
DBY,Derby,R01207
DBY,Derby,R01412
DBY,Derby,R01425
DBY,Derby,R01426
DBY,Derby,R01427
DBY,Derby,R01428
DBY,Derby,R01438
DBY,Derby,R01440
DBY,Derby,R01441
DBY,Derby,R01447
DBY,Derby,R01450
DBY,Derby,R01455
DBY,Derby,R01456
DBY,Derby,R01468
DBY,Derby,R01469
DBY,Derby,R01504
DBY,Derby,R01654
DBY,Derby,R01724
DBY,Derby,R01893
DCG,Duncraig,R01157
DCG,Duncraig,R01160
DCH,Dorchester South,R00329
DCH,Dorchester South,R00331
DCH,Dorchester South,R00431
DCH,Dorchester South,R00746
DCH,Dorchester South,R00757
DCH,Dorchester South,R00808
DCH,Dorchester South,R01067
DCT,Danescourt,R00925
DCT,Danescourt,R01364
DCT,Danescourt,R01643
DCT,Danescourt,R01809
DCW,Dorchester West,R00348
DCW,Dorchester West,R01319
DCW,Dorchester West,R01446
DCW,Dorchester West,R01478
DCW,Dorchester West,R01662
DDG,Dorridge,R00004
DDG,Dorridge,R00053
DDG,Dorridge,R00072
DDG,Dorridge,R00088
DDG,Dorridge,R00126
DDG,Dorridge,R00158
DDG,Dorridge,R00246
DDG,Dorridge,R00341
DDG,Dorridge,R00396
DDG,Dorridge,R00405
DDG,Dorridge,R00425
DDG,Dorridge,R00446
DDG,Dorridge,R00465
DDG,Dorridge,R00776
DDG,Dorridge,R00780
DDG,Dorridge,R00788
DDG,Dorridge,R00875
DDG,Dorridge,R00884
DDG,Dorridge,R00894
DDG,Dorridge,R00896
DDG,Dorridge,R00901
DDG,Dorridge,R00989
DDG,Dorridge,R00991
DDG,Dorridge,R01188
DDG,Dorridge,R01496
DDG,Dorridge,R01508
DDG,Dorridge,R01585
DDG,Dorridge,R01924
DDK,Dagenham Dock,R00137
DDK,Dagenham Dock,R00384
DDK,Dagenham Dock,R01094
DDK,Dagenham Dock,R01096
DDK,Dagenham Dock,R01625
DDK,Dagenham Dock,R01897
DDK,Dagenham Dock,R01903
DDK,Dagenham Dock,R02087
DDP,Dudley Port,R00056
DDP,Dudley Port,R00058
DDP,Dudley Port,R00077
DDP,Dudley Port,R00102
DDP,Dudley Port,R00104
DDP,Dudley Port,R00114
DDP,Dudley Port,R00283
DDP,Dudley Port,R00311
DDP,Dudley Port,R00341
DDP,Dudley Port,R00372
DDP,Dudley Port,R00395
DDP,Dudley Port,R00498
DDP,Dudley Port,R00571
DDP,Dudley Port,R00579
DDP,Dudley Port,R00581
DDP,Dudley Port,R00590
DDP,Dudley Port,R00602
DDP,Dudley Port,R00780
DDP,Dudley Port,R00863
DDP,Dudley Port,R00902
DDP,Dudley Port,R00907
DDP,Dudley Port,R00916
DDP,Dudley Port,R00935
DDP,Dudley Port,R00964
DDP,Dudley Port,R00999
DDP,Dudley Port,R01047
DDP,Dudley Port,R01054
DDP,Dudley Port,R01055
DDP,Dudley Port,R01063
DDP,Dudley Port,R01198
DDP,Dudley Port,R01247
DDP,Dudley Port,R01259
DDP,Dudley Port,R01275
DDP,Dudley Port,R01307
DDP,Dudley Port,R01515
DDP,Dudley Port,R01546
DDP,Dudley Port,R01691
DDP,Dudley Port,R01710
DDP,Dudley Port,R01734
DEA,Deal,R00014
DEA,Deal,R00125
DEA,Deal,R00256
DEA,Deal,R00436
DEA,Deal,R00664
DEA,Deal,R00671
DEA,Deal,R00684
DEA,Deal,R01568
DEA,Deal,R01660
DEA,Deal,R02015
DEA,Deal,R02098
DEB,,R02000
DEB,,R02007
DEE,Dundee,R00035
DEE,Dundee,R00073
DEE,Dundee,R00139
DEE,Dundee,R00143
DEE,Dundee,R00145
DEE,Dundee,R00162
DEE,Dundee,R00467
DEE,Dundee,R00476
DEE,Dundee,R00582
DEE,Dundee,R00619
DEE,Dundee,R00687
DEE,Dundee,R00688
DEE,Dundee,R00690
DEE,Dundee,R00692
DEE,Dundee,R00714
DEE,Dundee,R00749
DEE,Dundee,R00750
DEE,Dundee,R01028
DEE,Dundee,R01129
DEE,Dundee,R01166
DEE,Dundee,R01185
DEE,Dundee,R01244
DEE,Dundee,R01258
DEE,Dundee,R01260
DEE,Dundee,R01474
DEE,Dundee,R01544
DEE,Dundee,R01673
DEE,Dundee,R01796
DEE,Dundee,R01870
DEE,Dundee,R01873
DEE,Dundee,R01979
DEN,Dean,R00348
DEN,Dean,R00985
DEN,Dean,R01027
DEN,Dean,R01035
DEN,Dean,R01246
DEN,Dean,R01444
DEN,Dean,R01479
DEN,Dean,R01667
DEN,Dean,R01712
DEN,Dean,R01715
DEN,Dean,R01889
DEN,Dean,R01890
DEP,Deptford,R00076
DEP,Deptford,R00079
DEP,Deptford,R00092
DEP,Deptford,R00125
DEP,Deptford,R00188
DEP,Deptford,R00297
DEP,Deptford,R00491
DEP,Deptford,R00526
DEP,Deptford,R00608
DEP,Deptford,R00610
DEP,Deptford,R00654
DEP,Deptford,R00971
DEP,Deptford,R00972
DEP,Deptford,R01745
DEW,Dewsbury,R00063
DEW,Dewsbury,R00064
DEW,Dewsbury,R00082
DEW,Dewsbury,R00316
DEW,Dewsbury,R00409
DEW,Dewsbury,R00449
DEW,Dewsbury,R00466
DEW,Dewsbury,R00468
DEW,Dewsbury,R00473
DEW,Dewsbury,R00578
DEW,Dewsbury,R00662
DEW,Dewsbury,R00729
DEW,Dewsbury,R00940
DEW,Dewsbury,R01061
DEW,Dewsbury,R01165
DEW,Dewsbury,R01170
DEW,Dewsbury,R01172
DEW,Dewsbury,R01301
DEW,Dewsbury,R01388
DEW,Dewsbury,R01888
DEW,Dewsbury,R01908
DEW,Dewsbury,R01909
DEW,Dewsbury,R02027
DEW,Dewsbury,R02044
DEW,Dewsbury,R02095
DFD,Dartford,R00014
DFD,Dartford,R00018
DFD,Dartford,R00076
DFD,Dartford,R00079
DFD,Dartford,R00092
DFD,Dartford,R00188
DFD,Dartford,R00491
DFD,Dartford,R00516
DFD,Dartford,R00526
DFD,Dartford,R00536
DFD,Dartford,R00610
DFD,Dartford,R00617
DFD,Dartford,R00654
DFD,Dartford,R00971
DFD,Dartford,R00972
DFD,Dartford,R01100
DFD,Dartford,R01338
DFD,Dartford,R01502
DFD,Dartford,R01503
DFD,Dartford,R01556
DFD,Dartford,R01592
DFD,Dartford,R01702
DFD,Dartford,R01768
DFD,Dartford,R01800
DFD,Dartford,R02064
DFD,Dartford,R02081
DFE,Dunfermline City,R00048
DFE,Dunfermline City,R00098
DFE,Dunfermline City,R00356
DFE,Dunfermline City,R00357
DFE,Dunfermline City,R00574
DFE,Dunfermline City,R00619
DFE,Dunfermline City,R01152
DFE,Dunfermline City,R01244
DFE,Dunfermline City,R01273
DFE,Dunfermline City,R01673
DFE,Dunfermline City,R01860
DFE,Dunfermline City,R01979
DFI,Duffield,R00347
DFI,Duffield,R00513
DFI,Duffield,R00515
DFI,Duffield,R00661
DFI,Duffield,R01412
DFI,Duffield,R01425
DFI,Duffield,R01440
DFI,Duffield,R01441
DFI,Duffield,R01893
DFL,Dunfermline Queen Margaret,R00048
DFL,Dunfermline Queen Margaret,R00098
DFL,Dunfermline Queen Margaret,R00356
DFL,Dunfermline Queen Margaret,R00357
DFL,Dunfermline Queen Margaret,R00574
DFL,Dunfermline Queen Margaret,R00619
DFL,Dunfermline Queen Margaret,R01152
DFL,Dunfermline Queen Margaret,R01244
DFP,,R01395
DFP,,R02050
DFR,Drumfrochar,R00190
DFR,Drumfrochar,R00426
DFR,Drumfrochar,R01293
DGC,Denham Golf Club,R00004
DGC,Denham Golf Club,R00012
DGC,Denham Golf Club,R00033
DGC,Denham Golf Club,R00039
DGC,Denham Golf Club,R00041
DGC,Denham Golf Club,R00158
DGC,Denham Golf Club,R00226
DGC,Denham Golf Club,R00429
DGC,Denham Golf Club,R00471
DGC,Denham Golf Club,R01513
DGC,Denham Golf Club,R01938
DGL,Dingle Road,R00266
DGL,Dingle Road,R00267
DGL,Dingle Road,R00570
DGL,Dingle Road,R00573
DGL,Dingle Road,R00593
DGL,Dingle Road,R00622
DGS,,R00821
DGS,,R00823
DGS,,R01610
DGT,Deansgate,R00058
DGT,Deansgate,R00062
DGT,Deansgate,R00063
DGT,Deansgate,R00069
DGT,Deansgate,R00074
DGT,Deansgate,R00102
DGT,Deansgate,R00108
DGT,Deansgate,R00112
DGT,Deansgate,R00114
DGT,Deansgate,R00130
DGT,Deansgate,R00142
DGT,Deansgate,R00206
DGT,Deansgate,R00336
DGT,Deansgate,R00418
DGT,Deansgate,R00441
DGT,Deansgate,R00454
DGT,Deansgate,R00457
DGT,Deansgate,R00473
DGT,Deansgate,R00508
DGT,Deansgate,R00521
DGT,Deansgate,R00568
DGT,Deansgate,R00579
DGT,Deansgate,R00587
DGT,Deansgate,R00640
DGT,Deansgate,R00647
DGT,Deansgate,R00765
DGT,Deansgate,R00830
DGT,Deansgate,R00897
DGT,Deansgate,R00944
DGT,Deansgate,R00947
DGT,Deansgate,R01059
DGT,Deansgate,R01061
DGT,Deansgate,R01077
DGT,Deansgate,R01452
DGT,Deansgate,R01454
DGT,Deansgate,R01558
DGT,Deansgate,R01559
DGT,Deansgate,R01560
DGT,Deansgate,R01562
DGT,Deansgate,R01563
DGT,Deansgate,R01564
DGT,Deansgate,R01566
DGT,Deansgate,R01570
DGT,Deansgate,R01619
DGT,Deansgate,R01621
DGT,Deansgate,R01622
DGT,Deansgate,R01678
DGT,Deansgate,R01727
DGT,Deansgate,R01789
DGT,Deansgate,R01848
DGT,Deansgate,R01902
DGY,Deganwy,R00760
DGY,Deganwy,R01047
DGY,Deganwy,R01602
DGY,Deganwy,R01788
DGY,Deganwy,R01831
DGY,Deganwy,R01832
DHM,Durham,R00063
DHM,Durham,R00073
DHM,Durham,R00300
DHM,Durham,R00321
DHM,Durham,R00341
DHM,Durham,R00344
DHM,Durham,R00354
DHM,Durham,R00409
DHM,Durham,R00443
DHM,Durham,R00455
DHM,Durham,R00464
DHM,Durham,R00465
DHM,Durham,R00470
DHM,Durham,R00473
DHM,Durham,R00486
DHM,Durham,R00496
DHM,Durham,R00507
DHM,Durham,R00582
DHM,Durham,R00586
DHM,Durham,R00644
DHM,Durham,R00690
DHM,Durham,R00749
DHM,Durham,R00780
DHM,Durham,R00873
DHM,Durham,R00875
DHM,Durham,R00935
DHM,Durham,R00948
DHM,Durham,R01061
DHM,Durham,R01169
DHM,Durham,R01284
DHM,Durham,R01523
DHM,Durham,R01533
DHN,Deighton,R00063
DHN,Deighton,R00432
DHN,Deighton,R00453
DHN,Deighton,R00466
DHN,Deighton,R00473
DHN,Deighton,R00640
DHN,Deighton,R00842
DHN,Deighton,R00940
DHN,Deighton,R01388
DHN,Deighton,R01757
DHN,Deighton,R01758
DHN,Deighton,R01765
DHN,Deighton,R01769
DHN,Deighton,R01771
DHN,Deighton,R01908
DHN,Deighton,R02027
DHN,Deighton,R02044
DID,Didcot Parkway,R00034
DID,Didcot Parkway,R00042
DID,Didcot Parkway,R00070
DID,Didcot Parkway,R00089
DID,Didcot Parkway,R00105
DID,Didcot Parkway,R00333
DID,Didcot Parkway,R00342
DID,Didcot Parkway,R00362
DID,Didcot Parkway,R00387
DID,Didcot Parkway,R00401
DID,Didcot Parkway,R00455
DID,Didcot Parkway,R00465
DID,Didcot Parkway,R00504
DID,Didcot Parkway,R00583
DID,Didcot Parkway,R00600
DID,Didcot Parkway,R00875
DID,Didcot Parkway,R00917
DID,Didcot Parkway,R00918
DID,Didcot Parkway,R01037
DID,Didcot Parkway,R01056
DID,Didcot Parkway,R01151
DID,Didcot Parkway,R01217
DID,Didcot Parkway,R01222
DID,Didcot Parkway,R01246
DID,Didcot Parkway,R01298
DID,Didcot Parkway,R01299
DID,Didcot Parkway,R01374
DID,Didcot Parkway,R01389
DID,Didcot Parkway,R01392
DID,Didcot Parkway,R01397
DID,Didcot Parkway,R01535
DID,Didcot Parkway,R01665
DID,Didcot Parkway,R01723
DID,Didcot Parkway,R01733
DID,Didcot Parkway,R01740
DID,Didcot Parkway,R01877
DID,Didcot Parkway,R01943
DID,Didcot Parkway,R01958
DID,Didcot Parkway,R01962
DIG,Digby & Sowton,R00032
DIG,Digby & Sowton,R00371
DIG,Digby & Sowton,R00372
DIG,Digby & Sowton,R00392
DIG,Digby & Sowton,R00744
DIG,Digby & Sowton,R01989
DIG,Digby & Sowton,R01996
DIN,Dingwall,R00960
DIN,Dingwall,R01101
DIN,Dingwall,R01156
DIN,Dingwall,R01157
DIN,Dingwall,R01159
DIN,Dingwall,R01160
DIN,Dingwall,R01841
DIN,Dingwall,R01842
DIN,Dingwall,R01843
DIS,Diss,R00207
DIS,Diss,R00832
DIS,Diss,R01335
DIS,Diss,R01340
DIS,Diss,R01664
DKD,Dunkeld & Birnam,R00056
DKD,Dunkeld & Birnam,R00073
DKD,Dunkeld & Birnam,R00139
DKD,Dunkeld & Birnam,R00464
DKD,Dunkeld & Birnam,R00467
DKD,Dunkeld & Birnam,R00704
DKD,Dunkeld & Birnam,R01129
DKG,Dorking,R00322
DKG,Dorking,R00632
DKG,Dorking,R00953
DKG,Dorking,R01042
DKG,Dorking,R01391
DKG,Dorking,R01512
DKG,Dorking,R01683
DKG,Dorking,R01858
DKT,Dorking West,R00233
DKT,Dorking West,R00422
DKT,Dorking West,R00427
DKT,Dorking West,R00676
DKT,Dorking West,R00860
DKT,Dorking West,R00927
DKT,Dorking West,R01187
DKT,Dorking West,R01287
DKT,Dorking West,R01290
DKT,Dorking West,R01291
DKT,Dorking West,R01445
DKT,Dorking West,R01476
DLG,Dolgarrog,R01831
DLG,Dolgarrog,R01832
DLH,Doleham,R00503
DLH,Doleham,R00950
DLH,Doleham,R01117
DLJ,Dalston Junction,R00003
DLJ,Dalston Junction,R00010
DLJ,Dalston Junction,R00020
DLJ,Dalston Junction,R00021
DLJ,Dalston Junction,R00024
DLJ,Dalston Junction,R00075
DLJ,Dalston Junction,R00717
DLK,Dalston Kingsland,R00177
DLK,Dalston Kingsland,R00252
DLK,Dalston Kingsland,R00258
DLK,Dalston Kingsland,R01092
DLK,Dalston Kingsland,R01093
DLM,Delamere,R00512
DLM,Delamere,R00519
DLM,Delamere,R02013
DLR,Dalreoch,R00106
DLR,Dalreoch,R00179
DLR,Dalreoch,R00287
DLR,Dalreoch,R00289
DLR,Dalreoch,R00375
DLR,Dalreoch,R00625
DLR,Dalreoch,R01138
DLR,Dalreoch,R01139
DLR,Dalreoch,R01155
DLR,Dalreoch,R01173
DLR,Dalreoch,R01295
DLR,Dalreoch,R01297
DLR,Dalreoch,R01805
DLR,Dalreoch,R01807
DLR,Dalreoch,R01837
DLR,Dalreoch,R01865
DLR,Dalreoch,R02062
DLR,Dalreoch,R02097
DLS,Dalston (Cumbria),R01588
DLS,Dalston (Cumbria),R01589
DLS,Dalston (Cumbria),R01965
DLS,Dalston (Cumbria),R01970
DLT,Dalton,R00142
DLT,Dalton,R00457
DLT,Dalton,R00640
DLT,Dalton,R00817
DLT,Dalton,R01018
DLT,Dalton,R01242
DLT,Dalton,R01621
DLT,Dalton,R01622
DLT,Dalton,R01966
DLW,Dalwhinnie,R00056
DLW,Dalwhinnie,R00073
DLW,Dalwhinnie,R00139
DLW,Dalwhinnie,R00143
DLW,Dalwhinnie,R00464
DLW,Dalwhinnie,R00467
DLW,Dalwhinnie,R00704
DLW,Dalwhinnie,R01129
DLW,Dalwhinnie,R01474
DLY,Dalry,R00163
DLY,Dalry,R00166
DLY,Dalry,R01150
DLY,Dalry,R01204
DLY,Dalry,R01205
DLY,Dalry,R01208
DLY,Dalry,R01209
DLY,Dalry,R01212
DLY,Dalry,R01213
DLY,Dalry,R01245
DLY,Dalry,R01254
DLY,Dalry,R01255
DMC,Drumchapel,R00106
DMC,Drumchapel,R00179
DMC,Drumchapel,R00289
DMC,Drumchapel,R00858
DMC,Drumchapel,R00988
DMC,Drumchapel,R01136
DMC,Drumchapel,R01137
DMC,Drumchapel,R01173
DMC,Drumchapel,R01808
DMF,Dumfries,R00383
DMF,Dumfries,R01215
DMF,Dumfries,R01304
DMF,Dumfries,R01368
DMF,Dumfries,R01666
DMG,Dinas Rhondda,R00594
DMG,Dinas Rhondda,R01206
DMH,Dilton Marsh,R00055
DMH,Dilton Marsh,R00067
DMH,Dilton Marsh,R00348
DMH,Dilton Marsh,R00430
DMH,Dilton Marsh,R00439
DMH,Dilton Marsh,R00752
DMH,Dilton Marsh,R00985
DMH,Dilton Marsh,R01246
DMH,Dilton Marsh,R01444
DMH,Dilton Marsh,R01479
DMH,Dilton Marsh,R01667
DMK,Denmark Hill,R00002
DMK,Denmark Hill,R00003
DMK,Denmark Hill,R00020
DMK,Denmark Hill,R00021
DMK,Denmark Hill,R00024
DMK,Denmark Hill,R00076
DMK,Denmark Hill,R00092
DMK,Denmark Hill,R00221
DMK,Denmark Hill,R00437
DMK,Denmark Hill,R00469
DMK,Denmark Hill,R00617
DMK,Denmark Hill,R00854
DMK,Denmark Hill,R00856
DMK,Denmark Hill,R00862
DMK,Denmark Hill,R00913
DMK,Denmark Hill,R00971
DMK,Denmark Hill,R01099
DMK,Denmark Hill,R01100
DMK,Denmark Hill,R01283
DMK,Denmark Hill,R01333
DMK,Denmark Hill,R01503
DMK,Denmark Hill,R01556
DMK,Denmark Hill,R01575
DMK,Denmark Hill,R01592
DMK,Denmark Hill,R01627
DMK,Denmark Hill,R01655
DMK,Denmark Hill,R01676
DMK,Denmark Hill,R01682
DMK,Denmark Hill,R01702
DMK,Denmark Hill,R01737
DMK,Denmark Hill,R01739
DMK,Denmark Hill,R01768
DMK,Denmark Hill,R02072
DMP,Dumpton Park,R00125
DMP,Dumpton Park,R00343
DMP,Dumpton Park,R00413
DMP,Dumpton Park,R00436
DMP,Dumpton Park,R00514
DMP,Dumpton Park,R00684
DMP,Dumpton Park,R01997
DMR,Dalmuir,R00106
DMR,Dalmuir,R00179
DMR,Dalmuir,R00287
DMR,Dalmuir,R00289
DMR,Dalmuir,R00375
DMR,Dalmuir,R00378
DMR,Dalmuir,R00858
DMR,Dalmuir,R00988
DMR,Dalmuir,R01021
DMR,Dalmuir,R01136
DMR,Dalmuir,R01137
DMR,Dalmuir,R01138
DMR,Dalmuir,R01139
DMR,Dalmuir,R01155
DMR,Dalmuir,R01173
DMR,Dalmuir,R01295
DMR,Dalmuir,R01297
DMR,Dalmuir,R01579
DMR,Dalmuir,R01805
DMR,Dalmuir,R01807
DMR,Dalmuir,R01808
DMR,Dalmuir,R01837
DMR,Dalmuir,R01865
DMR,Dalmuir,R02062
DMR,Dalmuir,R02097
DMS,Dormans,R00091
DMS,Dormans,R00097
DMS,Dormans,R00238
DMS,Dormans,R00253
DMS,Dormans,R00972
DMS,Dormans,R01241
DMS,Dormans,R01252
DMS,Dormans,R01257
DMS,Dormans,R01264
DMS,Dormans,R01278
DMS,Dormans,R01394
DMS,Dormans,R01521
DMY,Drumry,R00106
DMY,Drumry,R00179
DMY,Drumry,R00289
DMY,Drumry,R00858
DMY,Drumry,R00988
DMY,Drumry,R01136
DMY,Drumry,R01137
DMY,Drumry,R01173
DMY,Drumry,R01808
DND,Dinsdale,R00847
DND,Dinsdale,R01523
DND,Dinsdale,R01533
DND,Dinsdale,R01534
DNG,Dunton Green,R00014
DNG,Dunton Green,R00046
DNG,Dunton Green,R00254
DNG,Dunton Green,R00514
DNG,Dunton Green,R00522
DNG,Dunton Green,R00610
DNG,Dunton Green,R01578
DNG,Dunton Green,R01587
DNG,Dunton Green,R01636
DNG,Dunton Green,R01637
DNG,Dunton Green,R01660
DNG,Dunton Green,R02093
DNL,Dunlop,R00353
DNL,Dunlop,R00383
DNL,Dunlop,R01174
DNL,Dunlop,R01175
DNL,Dunlop,R01177
DNL,Dunlop,R01215
DNL,Dunlop,R01368
DNL,Dunlop,R01666
DNM,Denham,R00004
DNM,Denham,R00012
DNM,Denham,R00033
DNM,Denham,R00039
DNM,Denham,R00041
DNM,Denham,R00134
DNM,Denham,R00158
DNM,Denham,R00226
DNM,Denham,R00429
DNM,Denham,R00471
DNM,Denham,R00479
DNM,Denham,R01513
DNM,Denham,R01938
DNM,Denham,R01941
DNO,Dunrobin Castle,R01156
DNO,Dunrobin Castle,R01157
DNO,Dunrobin Castle,R01159
DNS,Dinas Powys,R00080
DNS,Dinas Powys,R00266
DNS,Dinas Powys,R00278
DNS,Dinas Powys,R00339
DNS,Dinas Powys,R00593
DNS,Dinas Powys,R00605
DNS,Dinas Powys,R00682
DNS,Dinas Powys,R00728
DNS,Dinas Powys,R00840
DNT,Dent,R00374
DNT,Dent,R01125
DNT,Dent,R01274
DNY,Danby,R00983
DNY,Danby,R01305
DNY,Danby,R01911
DOC,Dockyard,R00350
DOC,Dockyard,R00455
DOC,Dockyard,R00550
DOC,Dockyard,R00778
DOC,Dockyard,R00779
DOC,Dockyard,R01325
DOC,Dockyard,R01381
DOC,Dockyard,R01448
DOC,Dockyard,R01473
DOD,Dodworth,R00011
DOD,Dodworth,R00038
DOD,Dodworth,R01756
DOG,,R00141
DOG,,R00147
DOG,,R00159
DOG,,R00160
DOG,,R00227
DOG,,R00232
DOL,Dolau,R00385
DOL,Dolau,R00600
DOL,Dolau,R01672
DOL,Dolau,R01852
DON,Doncaster,R00006
DON,Doncaster,R00061
DON,Doncaster,R00062
DON,Doncaster,R00063
DON,Doncaster,R00064
DON,Doncaster,R00066
DON,Doncaster,R00073
DON,Doncaster,R00082
DON,Doncaster,R00094
DON,Doncaster,R00113
DON,Doncaster,R00167
DON,Doncaster,R00170
DON,Doncaster,R00228
DON,Doncaster,R00260
DON,Doncaster,R00303
DON,Doncaster,R00307
DON,Doncaster,R00317
DON,Doncaster,R00321
DON,Doncaster,R00341
DON,Doncaster,R00361
DON,Doncaster,R00365
DON,Doncaster,R00370
DON,Doncaster,R00464
DON,Doncaster,R00465
DON,Doncaster,R00470
DON,Doncaster,R00477
DON,Doncaster,R00485
DON,Doncaster,R00496
DON,Doncaster,R00507
DON,Doncaster,R00578
DON,Doncaster,R00582
DON,Doncaster,R00640
DON,Doncaster,R00669
DON,Doncaster,R00689
DON,Doncaster,R00690
DON,Doncaster,R00749
DON,Doncaster,R00765
DON,Doncaster,R00780
DON,Doncaster,R00839
DON,Doncaster,R00873
DON,Doncaster,R00875
DON,Doncaster,R00991
DON,Doncaster,R01169
DON,Doncaster,R01396
DON,Doncaster,R01480
DON,Doncaster,R01494
DON,Doncaster,R01527
DON,Doncaster,R01576
DON,Doncaster,R01577
DON,Doncaster,R01686
DON,Doncaster,R01687
DON,Doncaster,R01693
DON,Doncaster,R01726
DON,Doncaster,R01727
DON,Doncaster,R01803
DON,Doncaster,R01950
DOR,Dore & Totley,R00062
DOR,Dore & Totley,R00063
DOR,Dore & Totley,R00290
DOR,Dore & Totley,R00634
DOR,Dore & Totley,R00765
DOR,Dore & Totley,R00771
DOR,Dore & Totley,R00772
DOR,Dore & Totley,R00790
DOR,Dore & Totley,R00830
DOR,Dore & Totley,R01452
DOR,Dore & Totley,R01727
DOR,Dore & Totley,R01761
DOR,Dore & Totley,R01848
DOT,Dunston,R00324
DOT,Dunston,R00438
DOT,Dunston,R00577
DOT,Dunston,R01111
DOT,Dunston,R01114
DOT,Dunston,R01118
DOT,Dunston,R01573
DOW,Downham Market,R00073
DOW,Downham Market,R00419
DOW,Downham Market,R00420
DOW,Downham Market,R00423
DOW,Downham Market,R00424
DOW,Downham Market,R00620
DOW,Downham Market,R00749
DOW,Downham Market,R00954
DPD,Dorking Deepdene,R00233
DPD,Dorking Deepdene,R00422
DPD,Dorking Deepdene,R00427
DPD,Dorking Deepdene,R00927
DPD,Dorking Deepdene,R01187
DPD,Dorking Deepdene,R01287
DPD,Dorking Deepdene,R01290
DPD,Dorking Deepdene,R01291
DPD,Dorking Deepdene,R01445
DPD,Dorking Deepdene,R01476
DPS,,R01920
DPS,,R02051
DPT,Devonport,R00350
DPT,Devonport,R00351
DPT,Devonport,R00455
DPT,Devonport,R00550
DPT,Devonport,R00778
DPT,Devonport,R00779
DPT,Devonport,R01325
DPT,Devonport,R01381
DPT,Devonport,R01448
DPT,Devonport,R01473
DPT,Devonport,R01819
DRF,Driffield,R00027
DRF,Driffield,R00228
DRF,Driffield,R00307
DRF,Driffield,R00317
DRF,Driffield,R00460
DRF,Driffield,R00769
DRF,Driffield,R01400
DRF,Driffield,R01404
DRF,Driffield,R01407
DRF,Driffield,R01408
DRF,Driffield,R01409
DRF,Driffield,R01485
DRF,Driffield,R01695
DRG,Drayton Green,R00754
DRG,Drayton Green,R00755
DRG,Drayton Green,R01748
DRG,Drayton Green,R01894
DRI,Drigg,R00142
DRI,Drigg,R00376
DRI,Drigg,R00391
DRI,Drigg,R00814
DRI,Drigg,R00817
DRI,Drigg,R01018
DRI,Drigg,R01242
DRM,Drem,R00073
DRM,Drem,R00180
DRM,Drem,R00181
DRM,Drem,R00305
DRM,Drem,R00313
DRM,Drem,R00321
DRM,Drem,R00344
DRM,Drem,R00354
DRM,Drem,R00455
DRM,Drem,R00464
DRM,Drem,R00470
DRM,Drem,R00486
DRM,Drem,R00582
DRM,Drem,R00690
DRM,Drem,R00749
DRM,Drem,R00935
DRM,Drem,R00938
DRM,Drem,R00948
DRM,Drem,R01149
DRM,Drem,R01169
DRM,Drem,R01202
DRM,Drem,R02036
DRN,Duirinish,R01157
DRN,Duirinish,R01160
DRO,Dronfield,R00063
DRO,Dronfield,R00328
DRO,Dronfield,R00334
DRO,Dronfield,R00441
DRO,Dronfield,R00482
DRO,Dronfield,R00495
DRO,Dronfield,R01292
DRO,Dronfield,R01456
DRO,Dronfield,R01848
DRT,Darton,R00038
DRT,Darton,R00721
DRU,Drumgelloch,R00106
DRU,Drumgelloch,R00179
DRU,Drumgelloch,R00378
DRU,Drumgelloch,R00480
DRU,Drumgelloch,R01155
DRU,Drumgelloch,R01591
DRU,Drumgelloch,R01844
DRU,Drumgelloch,R01875
DRU,Drumgelloch,R01876
DRU,Drumgelloch,R01879
DSL,Disley,R00071
DSL,Disley,R00634
DSL,Disley,R00635
DSL,Disley,R00673
DSL,Disley,R01322
DSM,Darsham,R00492
DSM,Darsham,R00833
DSM,Darsham,R01349
DST,Duke Street,R00375
DST,Duke Street,R00480
DST,Duke Street,R01173
DST,Duke Street,R01591
DST,Duke Street,R01844
DSY,Daisy Hill,R01040
DSY,Daisy Hill,R01053
DSY,Daisy Hill,R01154
DSY,Daisy Hill,R01161
DSY,Daisy Hill,R01167
DSY,Daisy Hill,R01178
DTG,Dinting,R00386
DTG,Dinting,R00976
DTG,Dinting,R00995
DTG,Dinting,R01007
DTW,Droitwich Spa,R00023
DTW,Droitwich Spa,R00088
DTW,Droitwich Spa,R00115
DTW,Droitwich Spa,R00126
DTW,Droitwich Spa,R00246
DTW,Droitwich Spa,R00293
DTW,Droitwich Spa,R00362
DTW,Droitwich Spa,R00396
DTW,Droitwich Spa,R00455
DTW,Droitwich Spa,R00776
DTW,Droitwich Spa,R00880
DTW,Droitwich Spa,R00896
DTW,Droitwich Spa,R00901
DTW,Droitwich Spa,R00975
DTW,Droitwich Spa,R01106
DTW,Droitwich Spa,R01188
DTW,Droitwich Spa,R01220
DTW,Droitwich Spa,R01222
DTW,Droitwich Spa,R01223
DTW,Droitwich Spa,R01231
DTW,Droitwich Spa,R01924
DUD,Duddeston,R00037
DUD,Duddeston,R00040
DUD,Duddeston,R00104
DUD,Duddeston,R00759
DUD,Duddeston,R00863
DUD,Duddeston,R00907
DUD,Duddeston,R01158
DUD,Duddeston,R01225
DUD,Duddeston,R01275
DUD,Duddeston,R01310
DUD,Duddeston,R01497
DUL,Dullingham,R00484
DUL,Dullingham,R00509
DUL,Dullingham,R01359
DUM,Dumbreck,R00096
DUM,Dumbreck,R00393
DUM,Dumbreck,R01632
DUM,Dumbreck,R01633
DUN,Dunbar,R00073
DUN,Dunbar,R00181
DUN,Dunbar,R00305
DUN,Dunbar,R00313
DUN,Dunbar,R00321
DUN,Dunbar,R00344
DUN,Dunbar,R00354
DUN,Dunbar,R00455
DUN,Dunbar,R00464
DUN,Dunbar,R00470
DUN,Dunbar,R00486
DUN,Dunbar,R00582
DUN,Dunbar,R00690
DUN,Dunbar,R00749
DUN,Dunbar,R00935
DUN,Dunbar,R00948
DUN,Dunbar,R01149
DUN,Dunbar,R01169
DUN,Dunbar,R01202
DUO,,R00919
DUR,Durrington-On-Sea,R00199
DUR,Durrington-On-Sea,R00239
DUR,Durrington-On-Sea,R00253
DUR,Durrington-On-Sea,R00657
DUR,Durrington-On-Sea,R00740
DUR,Durrington-On-Sea,R00742
DUR,Durrington-On-Sea,R00743
DUR,Durrington-On-Sea,R00748
DUR,Durrington-On-Sea,R00812
DUR,Durrington-On-Sea,R00967
DUR,Durrington-On-Sea,R00969
DUR,Durrington-On-Sea,R01009
DUR,Durrington-On-Sea,R01039
DUR,Durrington-On-Sea,R01419
DUU,,R01528
DUU,,R01529
DVC,Dovercourt,R00832
DVC,Dovercourt,R01823
DVC,Dovercourt,R01824
DVC,Dovercourt,R01916
DVH,Dove Holes,R00071
DVH,Dove Holes,R00634
DVH,Dove Holes,R00673
DVN,Davenport,R00071
DVN,Davenport,R00336
DVN,Davenport,R00634
DVN,Davenport,R00635
DVN,Davenport,R00640
DVN,Davenport,R00649
DVN,Davenport,R00673
DVN,Davenport,R00723
DVN,Davenport,R00765
DVN,Davenport,R00830
DVN,Davenport,R01285
DVN,Davenport,R01322
DVN,Davenport,R01727
DVP,Dover Priory,R00014
DVP,Dover Priory,R00125
DVP,Dover Priory,R00256
DVP,Dover Priory,R00345
DVP,Dover Priory,R00402
DVP,Dover Priory,R00413
DVP,Dover Priory,R00414
DVP,Dover Priory,R00436
DVP,Dover Priory,R00437
DVP,Dover Priory,R00664
DVP,Dover Priory,R00671
DVP,Dover Priory,R00684
DVP,Dover Priory,R00854
DVP,Dover Priory,R00862
DVP,Dover Priory,R01015
DVP,Dover Priory,R01561
DVP,Dover Priory,R01568
DVP,Dover Priory,R01587
DVP,Dover Priory,R01601
DVP,Dover Priory,R01627
DVP,Dover Priory,R01639
DVP,Dover Priory,R01660
DVP,Dover Priory,R02015
DVP,Dover Priory,R02094
DVP,Dover Priory,R02098
DVY,Dovey Junction,R00058
DVY,Dovey Junction,R00068
DVY,Dovey Junction,R00330
DVY,Dovey Junction,R00571
DVY,Dovey Junction,R00581
DVY,Dovey Junction,R01062
DVY,Dovey Junction,R01261
DVY,Dovey Junction,R01787
DWD,Dolwyddelan,R01831
DWD,Dolwyddelan,R01832
DWL,Dawlish,R00034
DWL,Dawlish,R00283
DWL,Dawlish,R00321
DWL,Dawlish,R00350
DWL,Dawlish,R00354
DWL,Dawlish,R00369
DWL,Dawlish,R00371
DWL,Dawlish,R00372
DWL,Dawlish,R00455
DWL,Dawlish,R00465
DWL,Dawlish,R00468
DWL,Dawlish,R00550
DWL,Dawlish,R00582
DWL,Dawlish,R00609
DWL,Dawlish,R00690
DWL,Dawlish,R00975
DWL,Dawlish,R00977
DWL,Dawlish,R01237
DWL,Dawlish,R01246
DWL,Dawlish,R01319
DWL,Dawlish,R01381
DWL,Dawlish,R01443
DWL,Dawlish,R01784
DWL,Dawlish,R01984
DWL,Dawlish,R01985
DWL,Dawlish,R01987
DWL,Dawlish,R01989
DWN,Darwen,R00101
DWN,Darwen,R00337
DWN,Darwen,R00340
DWN,Darwen,R00730
DWN,Darwen,R01033
DWW,Dawlish Warren,R00034
DWW,Dawlish Warren,R00283
DWW,Dawlish Warren,R00321
DWW,Dawlish Warren,R00350
DWW,Dawlish Warren,R00354
DWW,Dawlish Warren,R00369
DWW,Dawlish Warren,R00371
DWW,Dawlish Warren,R00372
DWW,Dawlish Warren,R00455
DWW,Dawlish Warren,R00465
DWW,Dawlish Warren,R00468
DWW,Dawlish Warren,R00550
DWW,Dawlish Warren,R00582
DWW,Dawlish Warren,R00609
DWW,Dawlish Warren,R00690
DWW,Dawlish Warren,R00975
DWW,Dawlish Warren,R00977
DWW,Dawlish Warren,R01237
DWW,Dawlish Warren,R01246
DWW,Dawlish Warren,R01319
DWW,Dawlish Warren,R01381
DWW,Dawlish Warren,R01443
DWW,Dawlish Warren,R01784
DWW,Dawlish Warren,R01984
DWW,Dawlish Warren,R01985
DWW,Dawlish Warren,R01987
DWW,Dawlish Warren,R01989
DYC,Dyce,R00139
DYC,Dyce,R00467
DYC,Dyce,R00476
DYC,Dyce,R00750
DYC,Dyce,R01028
DYC,Dyce,R01130
DYC,Dyce,R01142
DYC,Dyce,R01185
DYC,Dyce,R01314
DYC,Dyce,R01315
DYC,Dyce,R01316
DYC,Dyce,R01327
DYF,Dyffryn Ardudwy,R00068
DYF,Dyffryn Ardudwy,R00330
DYP,Drayton Park,R00702
DYP,Drayton Park,R00705
DYP,Drayton Park,R00707
DYP,Drayton Park,R00993
DYP,Drayton Park,R01313
DYP,Drayton Park,R01318
DYP,Drayton Park,R01323
DYP,Drayton Park,R01586
DZY,Danzey,R00115
DZY,Danzey,R00768
DZY,Danzey,R00770
DZY,Danzey,R00773
DZY,Danzey,R00775
DZY,Danzey,R00776
EAD,Earlsfield,R00322
EAD,Earlsfield,R00458
EAD,Earlsfield,R00632
EAD,Earlsfield,R00753
EAD,Earlsfield,R00799
EAD,Earlsfield,R00800
EAD,Earlsfield,R00801
EAD,Earlsfield,R00802
EAD,Earlsfield,R00803
EAD,Earlsfield,R00804
EAD,Earlsfield,R00864
EAD,Earlsfield,R00870
EAD,Earlsfield,R00876
EAD,Earlsfield,R00929
EAD,Earlsfield,R00946
EAD,Earlsfield,R00961
EAD,Earlsfield,R00962
EAD,Earlsfield,R00986
EAD,Earlsfield,R00998
EAD,Earlsfield,R01253
EAD,Earlsfield,R01820
EAD,Earlsfield,R01978
EAG,Eaglescliffe,R00066
EAG,Eaglescliffe,R00073
EAG,Eaglescliffe,R00409
EAG,Eaglescliffe,R00466
EAG,Eaglescliffe,R00486
EAG,Eaglescliffe,R00578
EAG,Eaglescliffe,R00662
EAG,Eaglescliffe,R00689
EAG,Eaglescliffe,R00847
EAG,Eaglescliffe,R01523
EAG,Eaglescliffe,R01533
EAG,Eaglescliffe,R01534
EAG,Eaglescliffe,R01908
EAG,Eaglescliffe,R01909
EAG,Eaglescliffe,R02045
EAL,Ealing Broadway,R00105
EAL,Ealing Broadway,R00342
EAL,Ealing Broadway,R00362
EAL,Ealing Broadway,R00387
EAL,Ealing Broadway,R00540
EAL,Ealing Broadway,R00550
EAL,Ealing Broadway,R00582
EAL,Ealing Broadway,R00754
EAL,Ealing Broadway,R00850
EAL,Ealing Broadway,R00917
EAL,Ealing Broadway,R01038
EAL,Ealing Broadway,R01056
EAL,Ealing Broadway,R01151
EAL,Ealing Broadway,R01184
EAL,Ealing Broadway,R01374
EAL,Ealing Broadway,R01381
EAL,Ealing Broadway,R01416
EAL,Ealing Broadway,R01581
EAL,Ealing Broadway,R01593
EAL,Ealing Broadway,R01595
EAL,Ealing Broadway,R01644
EAL,Ealing Broadway,R01652
EAL,Ealing Broadway,R01656
EAL,Ealing Broadway,R01657
EAL,Ealing Broadway,R01658
EAL,Ealing Broadway,R01692
EAL,Ealing Broadway,R01694
EAL,Ealing Broadway,R01701
EAL,Ealing Broadway,R01712
EAL,Ealing Broadway,R01719
EAL,Ealing Broadway,R01748
EAL,Ealing Broadway,R01781
EAL,Ealing Broadway,R01894
EAL,Ealing Broadway,R01912
EAL,Ealing Broadway,R01943
EAR,Earley,R00233
EAR,Earley,R00301
EAR,Earley,R00422
EAR,Earley,R00427
EAR,Earley,R00797
EAR,Earley,R00798
EAR,Earley,R00811
EAR,Earley,R00855
EAR,Earley,R00927
EAR,Earley,R01187
EAR,Earley,R01287
EAR,Earley,R01290
EAR,Earley,R01291
EAR,Earley,R01445
EAR,Earley,R01476
EAR,Earley,R02102
EAS,,R01528
EAS,,R01529
EBA,Euxton Balshaw Lane,R00056
EBA,Euxton Balshaw Lane,R00090
EBA,Euxton Balshaw Lane,R00114
EBA,Euxton Balshaw Lane,R00206
EBA,Euxton Balshaw Lane,R00454
EBA,Euxton Balshaw Lane,R00647
EBA,Euxton Balshaw Lane,R01077
EBA,Euxton Balshaw Lane,R01454
EBA,Euxton Balshaw Lane,R01599
EBA,Euxton Balshaw Lane,R01626
EBA,Euxton Balshaw Lane,R01697
EBA,Euxton Balshaw Lane,R01905
EBB,Ebbw Vale Town,R00280
EBB,Ebbw Vale Town,R00601
EBB,Ebbw Vale Town,R00824
EBB,Ebbw Vale Town,R01746
EBB,Ebbw Vale Town,R01999
EBF,,R00256
EBF,,R00436
EBF,,R01090
EBF,,R01568
EBF,,R01587
EBF,,R01637
EBF,,R01639
EBF,,R01660
EBF,,R01967
EBF,,R01969
EBF,,R01971
EBF,,R01975
EBF,,R01976
EBF,,R01995
EBF,,R01997
EBF,,R02005
EBF,,R02015
EBF,,R02038
EBF,,R02094
EBK,Eastbrook,R00080
EBK,Eastbrook,R00266
EBK,Eastbrook,R00278
EBK,Eastbrook,R00339
EBK,Eastbrook,R00593
EBK,Eastbrook,R00605
EBK,Eastbrook,R00682
EBK,Eastbrook,R00728
EBK,Eastbrook,R00840
EBL,East Boldon,R00546
EBL,East Boldon,R00556
EBL,East Boldon,R00572
EBL,East Boldon,R00636
EBL,East Boldon,R00678
EBL,East Boldon,R00679
EBN,Eastbourne,R00051
EBN,Eastbourne,R00199
EBN,Eastbourne,R00238
EBN,Eastbourne,R00253
EBN,Eastbourne,R00262
EBN,Eastbourne,R00451
EBN,Eastbourne,R00452
EBN,Eastbourne,R00503
EBN,Eastbourne,R00517
EBN,Eastbourne,R00530
EBN,Eastbourne,R00627
EBN,Eastbourne,R00630
EBN,Eastbourne,R00950
EBN,Eastbourne,R00990
EBN,Eastbourne,R01117
EBN,Eastbourne,R01134
EBN,Eastbourne,R01168
EBN,Eastbourne,R01363
EBN,Eastbourne,R01390
EBN,Eastbourne,R01510
EBN,Eastbourne,R01630
EBN,Eastbourne,R01779
EBN,Eastbourne,R02022
EBR,Edenbridge,R00674
EBR,Edenbridge,R01689
EBR,Edenbridge,R01729
EBT,Edenbridge Town,R00253
EBT,Edenbridge Town,R00412
EBT,Edenbridge Town,R00666
EBT,Edenbridge Town,R00667
EBT,Edenbridge Town,R01016
EBV,Ebbw Vale Parkway,R00280
EBV,Ebbw Vale Parkway,R00601
EBV,Ebbw Vale Parkway,R00824
EBV,Ebbw Vale Parkway,R01746
EBV,Ebbw Vale Parkway,R01999
ECC,Eccles,R00058
ECC,Eccles,R00102
ECC,Eccles,R00108
ECC,Eccles,R00114
ECC,Eccles,R00130
ECC,Eccles,R00142
ECC,Eccles,R00206
ECC,Eccles,R00418
ECC,Eccles,R00454
ECC,Eccles,R00457
ECC,Eccles,R00473
ECC,Eccles,R00568
ECC,Eccles,R00579
ECC,Eccles,R00587
ECC,Eccles,R00640
ECC,Eccles,R00897
ECC,Eccles,R00944
ECC,Eccles,R01061
ECC,Eccles,R01086
ECC,Eccles,R01360
ECC,Eccles,R01454
ECC,Eccles,R01789
ECC,Eccles,R01892
ECC,Eccles,R01952
ECL,Eccleston Park,R00206
ECL,Eccleston Park,R00270
ECL,Eccleston Park,R00454
ECL,Eccleston Park,R01626
ECL,Eccleston Park,R01915
ECP,Energlyn & Churchill Park,R00266
ECP,Energlyn & Churchill Park,R00278
ECP,Energlyn & Churchill Park,R00605
ECP,Energlyn & Churchill Park,R00682
ECP,Energlyn & Churchill Park,R00709
ECP,Energlyn & Churchill Park,R00728
ECR,East Croydon,R00091
ECR,East Croydon,R00097
ECR,East Croydon,R00199
ECR,East Croydon,R00217
ECR,East Croydon,R00238
ECR,East Croydon,R00239
ECR,East Croydon,R00241
ECR,East Croydon,R00242
ECR,East Croydon,R00248
ECR,East Croydon,R00253
ECR,East Croydon,R00265
ECR,East Croydon,R00271
ECR,East Croydon,R00282
ECR,East Croydon,R00403
ECR,East Croydon,R00451
ECR,East Croydon,R00452
ECR,East Croydon,R00517
ECR,East Croydon,R00575
ECR,East Croydon,R00627
ECR,East Croydon,R00656
ECR,East Croydon,R00660
ECR,East Croydon,R00666
ECR,East Croydon,R00667
ECR,East Croydon,R00674
ECR,East Croydon,R00676
ECR,East Croydon,R00695
ECR,East Croydon,R00727
ECR,East Croydon,R00860
ECR,East Croydon,R00968
ECR,East Croydon,R00970
ECR,East Croydon,R00972
ECR,East Croydon,R00979
ECR,East Croydon,R01011
ECR,East Croydon,R01016
ECR,East Croydon,R01168
ECR,East Croydon,R01171
ECR,East Croydon,R01180
ECR,East Croydon,R01187
ECR,East Croydon,R01239
ECR,East Croydon,R01241
ECR,East Croydon,R01252
ECR,East Croydon,R01257
ECR,East Croydon,R01262
ECR,East Croydon,R01264
ECR,East Croydon,R01272
ECR,East Croydon,R01278
ECR,East Croydon,R01367
ECR,East Croydon,R01419
ECR,East Croydon,R01521
ECR,East Croydon,R01565
ECR,East Croydon,R01600
ECR,East Croydon,R01624
ECR,East Croydon,R01628
ECR,East Croydon,R01651
ECR,East Croydon,R01736
ECR,East Croydon,R01755
ECR,East Croydon,R01776
ECR,East Croydon,R01780
ECR,East Croydon,R01840
ECR,East Croydon,R01898
ECR,East Croydon,R01907
ECR,East Croydon,R01910
ECR,East Croydon,R01939
ECR,East Croydon,R02025
ECR,East Croydon,R02103
ECS,Eccles Road,R00954
ECS,Eccles Road,R01470
ECS,Eccles Road,R01983
EDA,,R01179
EDA,,R01230
EDA,,R01243
EDA,,R01309
EDB,Edinburgh Waverley,R00035
EDB,Edinburgh Waverley,R00045
EDB,Edinburgh Waverley,R00048
EDB,Edinburgh Waverley,R00056
EDB,Edinburgh Waverley,R00073
EDB,Edinburgh Waverley,R00098
EDB,Edinburgh Waverley,R00102
EDB,Edinburgh Waverley,R00106
EDB,Edinburgh Waverley,R00123
EDB,Edinburgh Waverley,R00130
EDB,Edinburgh Waverley,R00132
EDB,Edinburgh Waverley,R00139
EDB,Edinburgh Waverley,R00162
EDB,Edinburgh Waverley,R00169
EDB,Edinburgh Waverley,R00171
EDB,Edinburgh Waverley,R00175
EDB,Edinburgh Waverley,R00179
EDB,Edinburgh Waverley,R00180
EDB,Edinburgh Waverley,R00181
EDB,Edinburgh Waverley,R00183
EDB,Edinburgh Waverley,R00184
EDB,Edinburgh Waverley,R00305
EDB,Edinburgh Waverley,R00313
EDB,Edinburgh Waverley,R00321
EDB,Edinburgh Waverley,R00344
EDB,Edinburgh Waverley,R00354
EDB,Edinburgh Waverley,R00356
EDB,Edinburgh Waverley,R00357
EDB,Edinburgh Waverley,R00378
EDB,Edinburgh Waverley,R00455
EDB,Edinburgh Waverley,R00464
EDB,Edinburgh Waverley,R00470
EDB,Edinburgh Waverley,R00472
EDB,Edinburgh Waverley,R00480
EDB,Edinburgh Waverley,R00486
EDB,Edinburgh Waverley,R00574
EDB,Edinburgh Waverley,R00581
EDB,Edinburgh Waverley,R00582
EDB,Edinburgh Waverley,R00625
EDB,Edinburgh Waverley,R00687
EDB,Edinburgh Waverley,R00690
EDB,Edinburgh Waverley,R00704
EDB,Edinburgh Waverley,R00714
EDB,Edinburgh Waverley,R00749
EDB,Edinburgh Waverley,R00750
EDB,Edinburgh Waverley,R00871
EDB,Edinburgh Waverley,R00935
EDB,Edinburgh Waverley,R00938
EDB,Edinburgh Waverley,R00948
EDB,Edinburgh Waverley,R01127
EDB,Edinburgh Waverley,R01128
EDB,Edinburgh Waverley,R01129
EDB,Edinburgh Waverley,R01143
EDB,Edinburgh Waverley,R01149
EDB,Edinburgh Waverley,R01152
EDB,Edinburgh Waverley,R01169
EDB,Edinburgh Waverley,R01176
EDB,Edinburgh Waverley,R01201
EDB,Edinburgh Waverley,R01202
EDB,Edinburgh Waverley,R01221
EDB,Edinburgh Waverley,R01244
EDB,Edinburgh Waverley,R01258
EDB,Edinburgh Waverley,R01260
EDB,Edinburgh Waverley,R01270
EDB,Edinburgh Waverley,R01271
EDB,Edinburgh Waverley,R01273
EDB,Edinburgh Waverley,R01303
EDB,Edinburgh Waverley,R01464
EDB,Edinburgh Waverley,R01591
EDB,Edinburgh Waverley,R01673
EDB,Edinburgh Waverley,R01720
EDB,Edinburgh Waverley,R01795
EDB,Edinburgh Waverley,R01796
EDB,Edinburgh Waverley,R01844
EDB,Edinburgh Waverley,R01845
EDB,Edinburgh Waverley,R01853
EDB,Edinburgh Waverley,R01860
EDB,Edinburgh Waverley,R01865
EDB,Edinburgh Waverley,R01879
EDB,Edinburgh Waverley,R02036
EDB,Edinburgh Waverley,R02061
EDB,Edinburgh Waverley,R02062
EDB,Edinburgh Waverley,R02097
EDG,Edge Hill,R00056
EDG,Edge Hill,R00062
EDG,Edge Hill,R00063
EDG,Edge Hill,R00090
EDG,Edge Hill,R00100
EDG,Edge Hill,R00112
EDG,Edge Hill,R00114
EDG,Edge Hill,R00130
EDG,Edge Hill,R00206
EDG,Edge Hill,R00213
EDG,Edge Hill,R00270
EDG,Edge Hill,R00311
EDG,Edge Hill,R00336
EDG,Edge Hill,R00441
EDG,Edge Hill,R00454
EDG,Edge Hill,R00473
EDG,Edge Hill,R00561
EDG,Edge Hill,R00565
EDG,Edge Hill,R00579
EDG,Edge Hill,R00587
EDG,Edge Hill,R00640
EDG,Edge Hill,R00760
EDG,Edge Hill,R00765
EDG,Edge Hill,R00830
EDG,Edge Hill,R00939
EDG,Edge Hill,R00944
EDG,Edge Hill,R01047
EDG,Edge Hill,R01054
EDG,Edge Hill,R01059
EDG,Edge Hill,R01061
EDG,Edge Hill,R01198
EDG,Edge Hill,R01247
EDG,Edge Hill,R01251
EDG,Edge Hill,R01256
EDG,Edge Hill,R01259
EDG,Edge Hill,R01353
EDG,Edge Hill,R01452
EDG,Edge Hill,R01562
EDG,Edge Hill,R01563
EDG,Edge Hill,R01564
EDG,Edge Hill,R01566
EDG,Edge Hill,R01570
EDG,Edge Hill,R01626
EDG,Edge Hill,R01727
EDG,Edge Hill,R01848
EDG,Edge Hill,R01892
EDG,Edge Hill,R01915
EDG,Edge Hill,R01952
EDG,Edge Hill,R02032
EDG,Edge Hill,R02039
EDG,Edge Hill,R02052
EDG,Edge Hill,R02053
EDL,Edale,R00061
EDL,Edale,R00062
EDL,Edale,R00063
EDL,Edale,R00290
EDL,Edale,R00336
EDL,Edale,R00441
EDL,Edale,R00634
EDL,Edale,R00640
EDL,Edale,R00765
EDL,Edale,R00771
EDL,Edale,R00772
EDL,Edale,R00790
EDL,Edale,R00830
EDL,Edale,R01073
EDL,Edale,R01452
EDL,Edale,R01727
EDL,Edale,R01761
EDL,Edale,R01848
EDL,Edale,R01968
EDN,Eden Park,R00212
EDN,Eden Park,R00497
EDN,Eden Park,R01609
EDP,Edinburgh Park,R00056
EDP,Edinburgh Park,R00106
EDP,Edinburgh Park,R00162
EDP,Edinburgh Park,R00169
EDP,Edinburgh Park,R00179
EDP,Edinburgh Park,R00378
EDP,Edinburgh Park,R00480
EDP,Edinburgh Park,R00704
EDP,Edinburgh Park,R01591
EDP,Edinburgh Park,R01720
EDP,Edinburgh Park,R01844
EDP,Edinburgh Park,R01865
EDP,Edinburgh Park,R01879
EDP,Edinburgh Park,R02062
EDR,Edmonton Green,R00215
EDR,Edmonton Green,R01286
EDR,Edmonton Green,R01685
EDS,,R00034
EDS,,R00283
EDS,,R00371
EDS,,R00609
EDS,,R00975
EDS,,R01984
EDS,,R01985
EDS,,R01987
EDS,,R01989
EDW,East Dulwich,R00054
EDW,East Dulwich,R00403
EDW,East Dulwich,R00695
EDW,East Dulwich,R00762
EDW,East Dulwich,R00951
EDW,East Dulwich,R00965
EDW,East Dulwich,R01029
EDW,East Dulwich,R01036
EDW,East Dulwich,R01116
EDY,East Didsbury,R00418
EDY,East Didsbury,R00454
EDY,East Didsbury,R00457
EDY,East Didsbury,R00508
EDY,East Didsbury,R00527
EDY,East Didsbury,R00568
EDY,East Didsbury,R00579
EDY,East Didsbury,R00587
EDY,East Didsbury,R00588
EDY,East Didsbury,R00640
EDY,East Didsbury,R00647
EDY,East Didsbury,R00842
EDY,East Didsbury,R00897
EDY,East Didsbury,R01077
EDY,East Didsbury,R01388
EDY,East Didsbury,R01621
EDY,East Didsbury,R01902
EDY,East Didsbury,R02099
EFF,Effingham Junction,R00322
EFF,Effingham Junction,R00417
EFF,Effingham Junction,R00643
EFF,Effingham Junction,R00799
EFF,Effingham Junction,R00867
EFF,Effingham Junction,R00928
EFF,Effingham Junction,R00929
EFL,East Farleigh,R00188
EFL,East Farleigh,R00674
EFL,East Farleigh,R00731
EFL,East Farleigh,R00733
EFL,East Farleigh,R00734
EFL,East Farleigh,R01041
EGF,East Garforth,R00063
EGF,East Garforth,R00078
EGF,East Garforth,R00082
EGF,East Garforth,R00119
EGF,East Garforth,R00358
EGF,East Garforth,R00360
EGF,East Garforth,R00466
EGF,East Garforth,R00582
EGF,East Garforth,R00640
EGF,East Garforth,R01195
EGF,East Garforth,R01480
EGF,East Garforth,R01767
EGF,East Garforth,R01908
EGF,East Garforth,R02044
EGG,Eggesford,R00259
EGG,Eggesford,R00264
EGG,Eggesford,R00325
EGG,Eggesford,R00338
EGG,Eggesford,R00371
EGG,Eggesford,R00388
EGG,Eggesford,R00604
EGG,Eggesford,R00606
EGG,Eggesford,R00607
EGG,Eggesford,R00609
EGG,Eggesford,R00612
EGG,Eggesford,R00744
EGG,Eggesford,R01317
EGG,Eggesford,R01810
EGH,Egham,R00699
EGH,Egham,R00715
EGH,Egham,R00718
EGH,Egham,R00745
EGH,Egham,R00797
EGH,Egham,R00798
EGH,Egham,R00811
EGH,Egham,R00855
EGH,Egham,R00861
EGH,Egham,R00980
EGH,Egham,R01913
EGH,Egham,R01981
EGN,Eastrington,R00027
EGN,Eastrington,R00307
EGN,Eastrington,R00358
EGN,Eastrington,R00466
EGN,Eastrington,R00769
EGN,Eastrington,R01398
EGN,Eastrington,R01480
EGN,Eastrington,R01686
EGN,Eastrington,R01973
EGR,East Grinstead,R00091
EGR,East Grinstead,R00097
EGR,East Grinstead,R00238
EGR,East Grinstead,R00253
EGR,East Grinstead,R00972
EGR,East Grinstead,R01241
EGR,East Grinstead,R01252
EGR,East Grinstead,R01257
EGR,East Grinstead,R01264
EGR,East Grinstead,R01278
EGR,East Grinstead,R01394
EGR,East Grinstead,R01521
EGR,East Grinstead,R02025
EGT,Egton,R00983
EGT,Egton,R01305
EGT,Egton,R01911
EGT,Egton,R02019
EGY,Edinburgh Gateway,R00035
EGY,Edinburgh Gateway,R00045
EGY,Edinburgh Gateway,R00048
EGY,Edinburgh Gateway,R00098
EGY,Edinburgh Gateway,R00123
EGY,Edinburgh Gateway,R00356
EGY,Edinburgh Gateway,R00357
EGY,Edinburgh Gateway,R00574
EGY,Edinburgh Gateway,R00690
EGY,Edinburgh Gateway,R00714
EGY,Edinburgh Gateway,R00749
EGY,Edinburgh Gateway,R00750
EGY,Edinburgh Gateway,R01152
EGY,Edinburgh Gateway,R01244
EGY,Edinburgh Gateway,R01258
EGY,Edinburgh Gateway,R01260
EGY,Edinburgh Gateway,R01271
EGY,Edinburgh Gateway,R01273
EGY,Edinburgh Gateway,R01673
EGY,Edinburgh Gateway,R01853
EGY,Edinburgh Gateway,R01860
EIG,,R01017
EIG,,R02058
EKB,Eskbank,R00171
EKB,Eskbank,R00175
EKL,East Kilbride,R00116
EKL,East Kilbride,R00118
EKL,East Kilbride,R00120
EKL,East Kilbride,R01846
EKL,East Kilbride,R01847
ELD,Earlswood (Surrey),R00199
ELD,Earlswood (Surrey),R00217
ELD,Earlswood (Surrey),R00233
ELD,Earlswood (Surrey),R00238
ELD,Earlswood (Surrey),R00239
ELD,Earlswood (Surrey),R00248
ELD,Earlswood (Surrey),R00253
ELD,Earlswood (Surrey),R00265
ELD,Earlswood (Surrey),R00271
ELD,Earlswood (Surrey),R00422
ELD,Earlswood (Surrey),R00427
ELD,Earlswood (Surrey),R00451
ELD,Earlswood (Surrey),R00452
ELD,Earlswood (Surrey),R00517
ELD,Earlswood (Surrey),R00627
ELD,Earlswood (Surrey),R00656
ELD,Earlswood (Surrey),R00660
ELD,Earlswood (Surrey),R00727
ELD,Earlswood (Surrey),R00751
ELD,Earlswood (Surrey),R00927
ELD,Earlswood (Surrey),R00968
ELD,Earlswood (Surrey),R00970
ELD,Earlswood (Surrey),R00972
ELD,Earlswood (Surrey),R01011
ELD,Earlswood (Surrey),R01168
ELD,Earlswood (Surrey),R01171
ELD,Earlswood (Surrey),R01180
ELD,Earlswood (Surrey),R01187
ELD,Earlswood (Surrey),R01239
ELD,Earlswood (Surrey),R01240
ELD,Earlswood (Surrey),R01241
ELD,Earlswood (Surrey),R01262
ELD,Earlswood (Surrey),R01264
ELD,Earlswood (Surrey),R01272
ELD,Earlswood (Surrey),R01287
ELD,Earlswood (Surrey),R01290
ELD,Earlswood (Surrey),R01291
ELD,Earlswood (Surrey),R01367
ELD,Earlswood (Surrey),R01419
ELD,Earlswood (Surrey),R01600
ELD,Earlswood (Surrey),R01628
ELD,Earlswood (Surrey),R01736
ELD,Earlswood (Surrey),R01755
ELD,Earlswood (Surrey),R01776
ELD,Earlswood (Surrey),R01780
ELD,Earlswood (Surrey),R01898
ELD,Earlswood (Surrey),R01907
ELD,Earlswood (Surrey),R01910
ELD,Earlswood (Surrey),R01939
ELD,Earlswood (Surrey),R01992
ELD,Earlswood (Surrey),R02103
ELE,Elmers End,R00212
ELE,Elmers End,R00497
ELE,Elmers End,R00522
ELE,Elmers End,R01609
ELG,Elgin,R00467
ELG,Elgin,R00476
ELG,Elgin,R00478
ELG,Elgin,R00750
ELG,Elgin,R01028
ELG,Elgin,R01130
ELG,Elgin,R01132
ELG,Elgin,R01481
ELG,Elgin,R01482
ELG,Elgin,R01499
ELO,Elton & Orston,R00194
ELO,Elton & Orston,R00222
ELO,Elton & Orston,R00336
ELP,Ellesmere Port,R00502
ELP,Ellesmere Port,R00511
ELP,Ellesmere Port,R00558
ELP,Ellesmere Port,R00563
ELP,Ellesmere Port,R02033
ELP,Ellesmere Port,R02035
ELP,Ellesmere Port,R02039
ELR,Elsecar,R00011
ELR,Elsecar,R00038
ELR,Elsecar,R00639
ELR,Elsecar,R00721
ELS,Elstree & Borehamwood,R00002
ELS,Elstree & Borehamwood,R00076
ELS,Elstree & Borehamwood,R00079
ELS,Elstree & Borehamwood,R00156
ELS,Elstree & Borehamwood,R00188
ELS,Elstree & Borehamwood,R00298
ELS,Elstree & Borehamwood,R00398
ELS,Elstree & Borehamwood,R00416
ELS,Elstree & Borehamwood,R00506
ELS,Elstree & Borehamwood,R00762
ELS,Elstree & Borehamwood,R00968
ELS,Elstree & Borehamwood,R00972
ELS,Elstree & Borehamwood,R00992
ELS,Elstree & Borehamwood,R01076
ELS,Elstree & Borehamwood,R01180
ELS,Elstree & Borehamwood,R01241
ELS,Elstree & Borehamwood,R01450
ELS,Elstree & Borehamwood,R01600
ELS,Elstree & Borehamwood,R01628
ELS,Elstree & Borehamwood,R01724
ELT,East Linton,R00181
ELT,East Linton,R00305
ELT,East Linton,R00313
ELT,East Linton,R01149
ELT,East Linton,R01202
ELW,Eltham,R00079
ELW,Eltham,R00092
ELW,Eltham,R00491
ELW,Eltham,R00516
ELW,Eltham,R00617
ELW,Eltham,R00624
ELW,Eltham,R00654
ELW,Eltham,R01100
ELW,Eltham,R01556
ELW,Eltham,R01592
ELW,Eltham,R01745
ELW,Eltham,R01768
ELW,Eltham,R01800
ELY,Ely,R00029
ELY,Ely,R00063
ELY,Ely,R00073
ELY,Ely,R00156
ELY,Ely,R00187
ELY,Ely,R00203
ELY,Ely,R00220
ELY,Ely,R00304
ELY,Ely,R00336
ELY,Ely,R00379
ELY,Ely,R00423
ELY,Ely,R00424
ELY,Ely,R00484
ELY,Ely,R00620
ELY,Ely,R00628
ELY,Ely,R00749
ELY,Ely,R00792
ELY,Ely,R00846
ELY,Ely,R00954
ELY,Ely,R01203
ELY,Ely,R01268
ELY,Ely,R01286
ELY,Ely,R01312
ELY,Ely,R01357
ELY,Ely,R01470
ELY,Ely,R01472
ELY,Ely,R01494
ELY,Ely,R01711
ELY,Ely,R01932
ELY,Ely,R01982
ELY,Ely,R01983
EMA,,R01468
EMA,,R01469
EMD,East Midlands Parkway,R00156
EMD,East Midlands Parkway,R00214
EMD,East Midlands Parkway,R00296
EMD,East Midlands Parkway,R00298
EMD,East Midlands Parkway,R00304
EMD,East Midlands Parkway,R00459
EMD,East Midlands Parkway,R00810
EMD,East Midlands Parkway,R00992
EMD,East Midlands Parkway,R01076
EMD,East Midlands Parkway,R01425
EMD,East Midlands Parkway,R01450
EMD,East Midlands Parkway,R01455
EMD,East Midlands Parkway,R01654
EMD,East Midlands Parkway,R01724
EMD,East Midlands Parkway,R01772
EMD,East Midlands Parkway,R01914
EMD,East Midlands Parkway,R01940
EML,East Malling,R00221
EML,East Malling,R00413
EML,East Malling,R00528
EML,East Malling,R00539
EML,East Malling,R00542
EML,East Malling,R01108
EML,East Malling,R01682
EML,East Malling,R02072
EMP,Emerson Park,R00261
EMP,Emerson Park,R00263
EMS,Emsworth,R00043
EMS,Emsworth,R00199
EMS,Emsworth,R00399
EMS,Emsworth,R00655
EMS,Emsworth,R00656
EMS,Emsworth,R00657
EMS,Emsworth,R00658
EMS,Emsworth,R00659
EMS,Emsworth,R00739
EMS,Emsworth,R00742
EMS,Emsworth,R00743
EMS,Emsworth,R00748
EMS,Emsworth,R00812
EMS,Emsworth,R00914
EMS,Emsworth,R00969
EMS,Emsworth,R01011
EMS,Emsworth,R01039
EMS,Emsworth,R01043
EMS,Emsworth,R01070
EMS,Emsworth,R01097
EMS,Emsworth,R01367
EMS,Emsworth,R01930
EMS,Emsworth,R02089
ENC,Enfield Chase,R00217
ENC,Enfield Chase,R00319
ENC,Enfield Chase,R00702
ENC,Enfield Chase,R00707
ENC,Enfield Chase,R00727
ENC,Enfield Chase,R00749
ENC,Enfield Chase,R00993
ENC,Enfield Chase,R01313
ENC,Enfield Chase,R01384
ENC,Enfield Chase,R01596
ENC,Enfield Chase,R01606
ENC,Enfield Chase,R01764
ENF,Enfield Town,R01286
ENF,Enfield Town,R01685
ENL,Enfield Lock,R00144
ENL,Enfield Lock,R00791
ENL,Enfield Lock,R01203
ENL,Enfield Lock,R01286
ENL,Enfield Lock,R01348
ENL,Enfield Lock,R01405
ENL,Enfield Lock,R02037
ENL,Enfield Lock,R02042
ENT,Entwistle,R00101
ENT,Entwistle,R00337
ENT,Entwistle,R00340
ENT,Entwistle,R01033
EPD,Epsom Downs,R00242
EPD,Epsom Downs,R00535
EPD,Epsom Downs,R01634
EPD,Epsom Downs,R01684
EPH,Elephant & Castle,R00002
EPH,Elephant & Castle,R00076
EPH,Elephant & Castle,R00092
EPH,Elephant & Castle,R00294
EPH,Elephant & Castle,R00398
EPH,Elephant & Castle,R00415
EPH,Elephant & Castle,R00416
EPH,Elephant & Castle,R00469
EPH,Elephant & Castle,R00603
EPH,Elephant & Castle,R00762
EPH,Elephant & Castle,R00913
EPH,Elephant & Castle,R00968
EPH,Elephant & Castle,R00971
EPH,Elephant & Castle,R01171
EPH,Elephant & Castle,R01180
EPH,Elephant & Castle,R01241
EPH,Elephant & Castle,R01283
EPH,Elephant & Castle,R01590
EPH,Elephant & Castle,R01676
EPH,Elephant & Castle,R01682
EPH,Elephant & Castle,R01737
EPH,Elephant & Castle,R01739
EPH,Elephant & Castle,R02063
EPH,Elephant & Castle,R02072
EPS,Epsom,R00240
EPS,Epsom,R00253
EPS,Epsom,R00322
EPS,Epsom,R00575
EPS,Epsom,R00632
EPS,Epsom,R00799
EPS,Epsom,R00867
EPS,Epsom,R00876
EPS,Epsom,R00953
EPS,Epsom,R01008
EPS,Epsom,R01042
EPS,Epsom,R01385
EPS,Epsom,R01387
EPS,Epsom,R01391
EPS,Epsom,R01415
EPS,Epsom,R01512
EPS,Epsom,R01683
EPS,Epsom,R01858
EPS,Epsom,R02023
ERA,Eastham Rake,R00500
ERA,Eastham Rake,R00502
ERA,Eastham Rake,R00505
ERA,Eastham Rake,R00511
ERA,Eastham Rake,R00558
ERB,,R00412
ERD,Erdington,R00037
ERD,Erdington,R00040
ERD,Erdington,R00759
ERD,Erdington,R01148
ERD,Erdington,R01158
ERD,Erdington,R01225
ERD,Erdington,R01310
ERH,Erith,R00079
ERH,Erith,R00092
ERH,Erith,R00125
ERH,Erith,R00188
ERH,Erith,R00297
ERH,Erith,R00491
ERH,Erith,R00516
ERH,Erith,R00526
ERH,Erith,R00536
ERH,Erith,R00608
ERH,Erith,R00610
ERH,Erith,R00654
ERH,Erith,R00972
ERH,Erith,R01503
ERH,Erith,R01745
ERH,Erith,R02081
ERI,Eridge,R00253
ERI,Eridge,R00666
ERI,Eridge,R00667
ERI,Eridge,R01016
ERL,Earlestown,R00058
ERL,Earlestown,R00130
ERL,Earlestown,R00349
ERL,Earlestown,R00352
ERL,Earlestown,R00418
ERL,Earlestown,R00454
ERL,Earlestown,R00473
ERL,Earlestown,R00568
ERL,Earlestown,R00579
ERL,Earlestown,R00587
ERL,Earlestown,R00640
ERL,Earlestown,R00891
ERL,Earlestown,R00893
ERL,Earlestown,R00897
ERL,Earlestown,R00944
ERL,Earlestown,R01061
ERL,Earlestown,R01789
ERL,Earlestown,R01892
ERL,Earlestown,R01952
ERL,Earlestown,R02032
ERL,Earlestown,R02039
ESD,Elmstead Woods,R00014
ESD,Elmstead Woods,R00046
ESD,Elmstead Woods,R00122
ESD,Elmstead Woods,R00125
ESD,Elmstead Woods,R00221
ESD,Elmstead Woods,R00254
ESD,Elmstead Woods,R00469
ESD,Elmstead Woods,R00491
ESD,Elmstead Woods,R00610
ESD,Elmstead Woods,R01578
ESD,Elmstead Woods,R01587
ESD,Elmstead Woods,R01636
ESD,Elmstead Woods,R01637
ESD,Elmstead Woods,R01660
ESD,Elmstead Woods,R01800
ESD,Elmstead Woods,R01975
ESD,Elmstead Woods,R02066
ESH,Esher,R00458
ESH,Esher,R00599
ESH,Esher,R00753
ESH,Esher,R00800
ESH,Esher,R00801
ESH,Esher,R00870
ESH,Esher,R00926
ESH,Esher,R01224
ESH,Esher,R01226
ESL,Eastleigh,R00077
ESL,Eastleigh,R00283
ESL,Eastleigh,R00286
ESL,Eastleigh,R00329
ESL,Eastleigh,R00331
ESL,Eastleigh,R00498
ESL,Eastleigh,R00626
ESL,Eastleigh,R00631
ESL,Eastleigh,R00742
ESL,Eastleigh,R00746
ESL,Eastleigh,R00747
ESL,Eastleigh,R00753
ESL,Eastleigh,R00757
ESL,Eastleigh,R00780
ESL,Eastleigh,R00782
ESL,Eastleigh,R00783
ESL,Eastleigh,R00786
ESL,Eastleigh,R00805
ESL,Eastleigh,R00866
ESL,Eastleigh,R00964
ESL,Eastleigh,R00966
ESL,Eastleigh,R00985
ESL,Eastleigh,R01027
ESL,Eastleigh,R01035
ESL,Eastleigh,R01046
ESL,Eastleigh,R01048
ESL,Eastleigh,R01629
ESL,Eastleigh,R01861
ESL,Eastleigh,R01889
ESL,Eastleigh,R01890
ESL,Eastleigh,R01930
ESM,Elsenham,R00628
ESM,Elsenham,R01203
ESM,Elsenham,R01210
ESM,Elsenham,R01286
ESM,Elsenham,R01348
ESM,Elsenham,R01356
ESM,Elsenham,R01887
EST,Easterhouse,R00106
EST,Easterhouse,R00179
EST,Easterhouse,R00289
EST,Easterhouse,R00378
EST,Easterhouse,R00480
EST,Easterhouse,R00988
EST,Easterhouse,R01155
EST,Easterhouse,R01173
EST,Easterhouse,R01591
EST,Easterhouse,R01844
EST,Easterhouse,R02062
ESW,Elmswell,R00484
ESW,Elmswell,R00509
ESW,Elmswell,R01358
ESW,Elmswell,R01359
ETC,Etchingham,R00014
ETC,Etchingham,R00044
ETC,Etchingham,R00046
ETC,Etchingham,R00052
ETC,Etchingham,R00125
ETC,Etchingham,R02078
ETL,East Tilbury,R00137
ETL,East Tilbury,R00384
ETL,East Tilbury,R00444
ETL,East Tilbury,R00794
ETL,East Tilbury,R01094
ETL,East Tilbury,R01096
ETL,East Tilbury,R01402
ETL,East Tilbury,R01625
ETL,East Tilbury,R01699
EUS,London Euston,R00056
EUS,London Euston,R00077
EUS,London Euston,R00093
EUS,London Euston,R00102
EUS,London Euston,R00104
EUS,London Euston,R00114
EUS,London Euston,R00131
EUS,London Euston,R00150
EUS,London Euston,R00236
EUS,London Euston,R00283
EUS,London Euston,R00286
EUS,London Euston,R00311
EUS,London Euston,R00314
EUS,London Euston,R00390
EUS,London Euston,R00589
EUS,London Euston,R00602
EUS,London Euston,R00638
EUS,London Euston,R00704
EUS,London Euston,R00806
EUS,London Euston,R00829
EUS,London Euston,R00838
EUS,London Euston,R00841
EUS,London Euston,R00845
EUS,London Euston,R00863
EUS,London Euston,R00879
EUS,London Euston,R00964
EUS,London Euston,R01055
EUS,London Euston,R01074
EUS,London Euston,R01077
EUS,London Euston,R01102
EUS,London Euston,R01267
EUS,London Euston,R01279
EUS,London Euston,R01281
EUS,London Euston,R01307
EUS,London Euston,R01515
EUS,London Euston,R01522
EUS,London Euston,R01691
EUS,London Euston,R01697
EUS,London Euston,R01706
EUS,London Euston,R01859
EUS,London Euston,R01905
EUS,London Euston,R02086
EVE,Evesham,R00034
EVE,Evesham,R00362
EVE,Evesham,R00368
EVE,Evesham,R00381
EVE,Evesham,R00387
EVE,Evesham,R00583
EVE,Evesham,R01037
EVE,Evesham,R01222
EVE,Evesham,R01298
EVE,Evesham,R01506
EVE,Evesham,R01732
EVE,Evesham,R01733
EVE,Evesham,R02054
EVE,Evesham,R02056
EWD,Earlswood (West Midlands),R00115
EWD,Earlswood (West Midlands),R00768
EWD,Earlswood (West Midlands),R00770
EWD,Earlswood (West Midlands),R00773
EWD,Earlswood (West Midlands),R00775
EWD,Earlswood (West Midlands),R00776
EWD,Earlswood (West Midlands),R00892
EWE,Ewell East,R00240
EWE,Ewell East,R00253
EWE,Ewell East,R00575
EWE,Ewell East,R00632
EWE,Ewell East,R00953
EWE,Ewell East,R01008
EWE,Ewell East,R01042
EWE,Ewell East,R01683
EWE,Ewell East,R01858
EWE,Ewell East,R02023
EWR,East Worthing,R00043
EWR,East Worthing,R00199
EWR,East Worthing,R00239
EWR,East Worthing,R00657
EWR,East Worthing,R00740
EWR,East Worthing,R00742
EWR,East Worthing,R00743
EWR,East Worthing,R00748
EWR,East Worthing,R00812
EWR,East Worthing,R00930
EWR,East Worthing,R00967
EWR,East Worthing,R00969
EWR,East Worthing,R01009
EWR,East Worthing,R01039
EWR,East Worthing,R01367
EWR,East Worthing,R01419
EWW,Ewell West,R00322
EWW,Ewell West,R00632
EWW,Ewell West,R00799
EWW,Ewell West,R00867
EWW,Ewell West,R00876
EXC,Exeter Central,R00032
EXC,Exeter Central,R00259
EXC,Exeter Central,R00331
EXC,Exeter Central,R00338
EXC,Exeter Central,R00371
EXC,Exeter Central,R00372
EXC,Exeter Central,R00388
EXC,Exeter Central,R00392
EXC,Exeter Central,R00550
EXC,Exeter Central,R00604
EXC,Exeter Central,R00606
EXC,Exeter Central,R00607
EXC,Exeter Central,R00609
EXC,Exeter Central,R00612
EXC,Exeter Central,R00670
EXC,Exeter Central,R00683
EXC,Exeter Central,R00686
EXC,Exeter Central,R00698
EXC,Exeter Central,R00703
EXC,Exeter Central,R00711
EXC,Exeter Central,R00712
EXC,Exeter Central,R00713
EXC,Exeter Central,R00744
EXC,Exeter Central,R00761
EXC,Exeter Central,R01989
EXC,Exeter Central,R01996
EXD,Exeter St Davids,R00032
EXD,Exeter St Davids,R00034
EXD,Exeter St Davids,R00259
EXD,Exeter St Davids,R00264
EXD,Exeter St Davids,R00283
EXD,Exeter St Davids,R00321
EXD,Exeter St Davids,R00325
EXD,Exeter St Davids,R00331
EXD,Exeter St Davids,R00338
EXD,Exeter St Davids,R00350
EXD,Exeter St Davids,R00354
EXD,Exeter St Davids,R00369
EXD,Exeter St Davids,R00371
EXD,Exeter St Davids,R00372
EXD,Exeter St Davids,R00388
EXD,Exeter St Davids,R00392
EXD,Exeter St Davids,R00455
EXD,Exeter St Davids,R00465
EXD,Exeter St Davids,R00468
EXD,Exeter St Davids,R00550
EXD,Exeter St Davids,R00582
EXD,Exeter St Davids,R00604
EXD,Exeter St Davids,R00606
EXD,Exeter St Davids,R00607
EXD,Exeter St Davids,R00609
EXD,Exeter St Davids,R00612
EXD,Exeter St Davids,R00670
EXD,Exeter St Davids,R00680
EXD,Exeter St Davids,R00681
EXD,Exeter St Davids,R00683
EXD,Exeter St Davids,R00686
EXD,Exeter St Davids,R00690
EXD,Exeter St Davids,R00696
EXD,Exeter St Davids,R00698
EXD,Exeter St Davids,R00703
EXD,Exeter St Davids,R00711
EXD,Exeter St Davids,R00712
EXD,Exeter St Davids,R00713
EXD,Exeter St Davids,R00744
EXD,Exeter St Davids,R00761
EXD,Exeter St Davids,R00918
EXD,Exeter St Davids,R00975
EXD,Exeter St Davids,R00977
EXD,Exeter St Davids,R01235
EXD,Exeter St Davids,R01237
EXD,Exeter St Davids,R01246
EXD,Exeter St Davids,R01317
EXD,Exeter St Davids,R01319
EXD,Exeter St Davids,R01329
EXD,Exeter St Davids,R01331
EXD,Exeter St Davids,R01332
EXD,Exeter St Davids,R01334
EXD,Exeter St Davids,R01381
EXD,Exeter St Davids,R01443
EXD,Exeter St Davids,R01467
EXD,Exeter St Davids,R01784
EXD,Exeter St Davids,R01810
EXD,Exeter St Davids,R01984
EXD,Exeter St Davids,R01985
EXD,Exeter St Davids,R01987
EXD,Exeter St Davids,R01989
EXD,Exeter St Davids,R01996
EXG,Exhibition Centre,R00378
EXG,Exhibition Centre,R00480
EXG,Exhibition Centre,R00858
EXG,Exhibition Centre,R00988
EXG,Exhibition Centre,R01021
EXG,Exhibition Centre,R01136
EXG,Exhibition Centre,R01137
EXG,Exhibition Centre,R01579
EXG,Exhibition Centre,R01790
EXG,Exhibition Centre,R01792
EXG,Exhibition Centre,R01808
EXM,Exmouth,R00032
EXM,Exmouth,R00371
EXM,Exmouth,R00372
EXM,Exmouth,R00392
EXM,Exmouth,R00744
EXM,Exmouth,R01989
EXM,Exmouth,R01996
EXN,Exton,R00032
EXN,Exton,R00371
EXN,Exton,R00372
EXN,Exton,R00744
EXN,Exton,R01996
EXR,Essex Road,R00702
EXR,Essex Road,R00705
EXR,Essex Road,R00707
EXR,Essex Road,R00993
EXR,Essex Road,R01313
EXR,Essex Road,R01318
EXR,Essex Road,R01323
EXR,Essex Road,R01586
EXT,Exeter St Thomas,R00371
EXT,Exeter St Thomas,R00372
EXT,Exeter St Thomas,R00550
EXT,Exeter St Thomas,R00609
EXT,Exeter St Thomas,R01381
EXT,Exeter St Thomas,R01984
EXT,Exeter St Thomas,R01987
EXT,Exeter St Thomas,R01989
EYN,Eynsford,R00221
EYN,Eynsford,R00913
EYN,Eynsford,R01283
EYN,Eynsford,R01737
EYN,Eynsford,R01739
FAL,Falmouth Docks,R00584
FAL,Falmouth Docks,R00591
FAL,Falmouth Docks,R02008
FAL,Falmouth Docks,R02010
FAV,Faversham,R00125
FAV,Faversham,R00343
FAV,Faversham,R00345
FAV,Faversham,R00402
FAV,Faversham,R00413
FAV,Faversham,R00414
FAV,Faversham,R00436
FAV,Faversham,R00437
FAV,Faversham,R00514
FAV,Faversham,R00684
FAV,Faversham,R00854
FAV,Faversham,R01333
FAV,Faversham,R01561
FAV,Faversham,R01568
FAV,Faversham,R01601
FAV,Faversham,R01615
FAV,Faversham,R01627
FAV,Faversham,R01967
FAV,Faversham,R01969
FAV,Faversham,R01971
FAV,Faversham,R01975
FAV,Faversham,R01976
FAZ,Fazakerley,R00551
FAZ,Fazakerley,R00553
FBY,Formby,R00557
FBY,Formby,R01345
FBY,Formby,R01611
FCN,Falconwood,R00092
FCN,Falconwood,R00491
FCN,Falconwood,R00516
FCN,Falconwood,R00617
FCN,Falconwood,R00624
FCN,Falconwood,R00654
FCN,Falconwood,R01556
FCN,Falconwood,R01592
FCN,Falconwood,R01745
FCN,Falconwood,R01768
FCN,Falconwood,R01800
FDX,,R00850
FDX,,R01038
FDX,,R01184
FDX,,R01416
FDX,,R01431
FDX,,R01581
FDX,,R01593
FDX,,R01595
FDX,,R01692
FDX,,R01694
FDX,,R01701
FDX,,R01719
FEA,Featherstone,R00529
FEA,Featherstone,R00532
FEG,,R00546
FEG,,R00556
FEG,,R00572
FEG,,R00636
FEG,,R00678
FEG,,R00679
FEL,Feltham,R00301
FEL,Feltham,R00699
FEL,Feltham,R00715
FEL,Feltham,R00718
FEL,Feltham,R00745
FEL,Feltham,R00797
FEL,Feltham,R00798
FEL,Feltham,R00807
FEL,Feltham,R00859
FEL,Feltham,R00861
FEL,Feltham,R00980
FEL,Feltham,R01032
FEL,Feltham,R01051
FEL,Feltham,R01052
FEL,Feltham,R01095
FEL,Feltham,R01103
FEL,Feltham,R01913
FEL,Feltham,R01981
FEL,Feltham,R02102
FEN,Fenny Stratford,R00173
FEN,Fenny Stratford,R00178
FER,Fernhill,R01364
FER,Fernhill,R01643
FER,Fernhill,R01809
FER,Fernhill,R01919
FFA,Ffairfach,R00385
FFA,Ffairfach,R00600
FFA,Ffairfach,R01851
FFA,Ffairfach,R01852
FFA,Ffairfach,R01927
FFD,Freshford,R00055
FFD,Freshford,R00348
FFD,Freshford,R00430
FFD,Freshford,R00439
FFD,Freshford,R00720
FFD,Freshford,R00985
FFD,Freshford,R01034
FFD,Freshford,R01319
FFD,Freshford,R01462
FFD,Freshford,R01478
FFD,Freshford,R01479
FFD,Freshford,R01667
FFD,Freshford,R01715
FGH,Fishguard Harbour,R00077
FGH,Fishguard Harbour,R00186
FGH,Fishguard Harbour,R00554
FGH,Fishguard Harbour,R00555
FGH,Fishguard Harbour,R00562
FGH,Fishguard Harbour,R00922
FGH,Fishguard Harbour,R01266
FGH,Fishguard Harbour,R01554
FGH,Fishguard Harbour,R01738
FGH,Fishguard Harbour,R01741
FGH,Fishguard Harbour,R01773
FGH,Fishguard Harbour,R01836
FGT,Faygate,R00199
FGT,Faygate,R00217
FGT,Faygate,R00248
FGT,Faygate,R00656
FGT,Faygate,R00727
FGT,Faygate,R01367
FGW,Fishguard & Goodwick,R00077
FGW,Fishguard & Goodwick,R00186
FGW,Fishguard & Goodwick,R00562
FGW,Fishguard & Goodwick,R00922
FGW,Fishguard & Goodwick,R01266
FGW,Fishguard & Goodwick,R01554
FGW,Fishguard & Goodwick,R01738
FGW,Fishguard & Goodwick,R01741
FGW,Fishguard & Goodwick,R01773
FGW,Fishguard & Goodwick,R01836
FIL,Filey,R00228
FIL,Filey,R00317
FIL,Filey,R01407
FIL,Filey,R01485
FIL,Filey,R01695
FIN,Finstock,R00387
FIN,Finstock,R00583
FIT,Filton Abbey Wood,R00028
FIT,Filton Abbey Wood,R00034
FIT,Filton Abbey Wood,R00042
FIT,Filton Abbey Wood,R00055
FIT,Filton Abbey Wood,R00070
FIT,Filton Abbey Wood,R00085
FIT,Filton Abbey Wood,R00089
FIT,Filton Abbey Wood,R00283
FIT,Filton Abbey Wood,R00321
FIT,Filton Abbey Wood,R00354
FIT,Filton Abbey Wood,R00369
FIT,Filton Abbey Wood,R00371
FIT,Filton Abbey Wood,R00372
FIT,Filton Abbey Wood,R00379
FIT,Filton Abbey Wood,R00455
FIT,Filton Abbey Wood,R00465
FIT,Filton Abbey Wood,R00468
FIT,Filton Abbey Wood,R00582
FIT,Filton Abbey Wood,R00690
FIT,Filton Abbey Wood,R00720
FIT,Filton Abbey Wood,R00924
FIT,Filton Abbey Wood,R00935
FIT,Filton Abbey Wood,R00975
FIT,Filton Abbey Wood,R00977
FIT,Filton Abbey Wood,R00985
FIT,Filton Abbey Wood,R01034
FIT,Filton Abbey Wood,R01037
FIT,Filton Abbey Wood,R01217
FIT,Filton Abbey Wood,R01222
FIT,Filton Abbey Wood,R01246
FIT,Filton Abbey Wood,R01248
FIT,Filton Abbey Wood,R01319
FIT,Filton Abbey Wood,R01334
FIT,Filton Abbey Wood,R01344
FIT,Filton Abbey Wood,R01346
FIT,Filton Abbey Wood,R01462
FIT,Filton Abbey Wood,R01465
FIT,Filton Abbey Wood,R01467
FIT,Filton Abbey Wood,R01478
FIT,Filton Abbey Wood,R01665
FIT,Filton Abbey Wood,R01715
FIT,Filton Abbey Wood,R01716
FIT,Filton Abbey Wood,R01744
FIT,Filton Abbey Wood,R01747
FIT,Filton Abbey Wood,R01750
FIT,Filton Abbey Wood,R01943
FIT,Filton Abbey Wood,R01972
FIZ,,R01377
FIZ,,R01638
FKC,Folkestone Central,R00014
FKC,Folkestone Central,R00125
FKC,Folkestone Central,R00256
FKC,Folkestone Central,R00436
FKC,Folkestone Central,R00542
FKC,Folkestone Central,R00664
FKC,Folkestone Central,R00671
FKC,Folkestone Central,R00854
FKC,Folkestone Central,R00862
FKC,Folkestone Central,R01015
FKC,Folkestone Central,R01336
FKC,Folkestone Central,R01337
FKC,Folkestone Central,R01568
FKC,Folkestone Central,R01587
FKC,Folkestone Central,R01639
FKC,Folkestone Central,R01660
FKC,Folkestone Central,R02015
FKC,Folkestone Central,R02094
FKC,Folkestone Central,R02098
FKE,,R00014
FKE,,R00125
FKE,,R00256
FKE,,R00436
FKE,,R00664
FKE,,R00671
FKE,,R00854
FKE,,R00862
FKE,,R01015
FKE,,R01336
FKE,,R01337
FKE,,R01568
FKE,,R01639
FKE,,R01660
FKE,,R02015
FKE,,R02098
FKG,Falkirk Grahamston,R00056
FKG,Falkirk Grahamston,R00073
FKG,Falkirk Grahamston,R00162
FKG,Falkirk Grahamston,R00169
FKG,Falkirk Grahamston,R00464
FKG,Falkirk Grahamston,R00619
FKG,Falkirk Grahamston,R00704
FKG,Falkirk Grahamston,R01675
FKG,Falkirk Grahamston,R01833
FKG,Falkirk Grahamston,R01979
FKK,Falkirk High,R00073
FKK,Falkirk High,R00470
FKK,Falkirk High,R00625
FKK,Falkirk High,R01865
FKW,Folkestone West,R00014
FKW,Folkestone West,R00125
FKW,Folkestone West,R00256
FKW,Folkestone West,R00436
FKW,Folkestone West,R00542
FKW,Folkestone West,R00664
FKW,Folkestone West,R00671
FKW,Folkestone West,R00854
FKW,Folkestone West,R01015
FKW,Folkestone West,R01099
FKW,Folkestone West,R01336
FKW,Folkestone West,R01337
FKW,Folkestone West,R01568
FKW,Folkestone West,R01587
FKW,Folkestone West,R01639
FKW,Folkestone West,R01660
FKW,Folkestone West,R02015
FKW,Folkestone West,R02094
FKW,Folkestone West,R02098
FLD,Fauldhouse,R00183
FLD,Fauldhouse,R00184
FLD,Fauldhouse,R01176
FLD,Fauldhouse,R01221
FLD,Fauldhouse,R01270
FLD,Fauldhouse,R01464
FLE,Fleet,R00329
FLE,Fleet,R00440
FLE,Fleet,R00746
FLE,Fleet,R00747
FLE,Fleet,R00753
FLE,Fleet,R00782
FLE,Fleet,R00805
FLE,Fleet,R00866
FLE,Fleet,R00996
FLE,Fleet,R01048
FLE,Fleet,R01097
FLE,Fleet,R01224
FLE,Fleet,R01226
FLE,Fleet,R01629
FLE,Fleet,R01760
FLF,Flowery Field,R00976
FLF,Flowery Field,R00995
FLF,Flowery Field,R01007
FLI,Flixton,R01059
FLI,Flixton,R01558
FLI,Flixton,R01559
FLI,Flixton,R01560
FLI,Flixton,R01562
FLI,Flixton,R01563
FLI,Flixton,R01564
FLI,Flixton,R01566
FLI,Flixton,R01570
FLM,Flimby,R00394
FLM,Flimby,R01588
FLM,Flimby,R01589
FLM,Flimby,R01965
FLN,Flint,R00056
FLN,Flint,R00058
FLN,Flint,R00418
FLN,Flint,R00568
FLN,Flint,R00578
FLN,Flint,R00579
FLN,Flint,R00590
FLN,Flint,R00592
FLN,Flint,R00760
FLN,Flint,R00902
FLN,Flint,R01047
FLN,Flint,R01307
FLN,Flint,R01518
FLN,Flint,R01526
FLN,Flint,R01552
FLN,Flint,R01710
FLT,Flitwick,R00097
FLT,Flitwick,R00156
FLT,Flitwick,R00271
FLT,Flitwick,R00296
FLT,Flitwick,R00298
FLT,Flitwick,R00299
FLT,Flitwick,R00304
FLT,Flitwick,R00398
FLT,Flitwick,R00459
FLT,Flitwick,R00506
FLT,Flitwick,R00727
FLT,Flitwick,R00762
FLT,Flitwick,R00810
FLT,Flitwick,R00968
FLT,Flitwick,R00972
FLT,Flitwick,R00992
FLT,Flitwick,R01076
FLT,Flitwick,R01180
FLT,Flitwick,R01187
FLT,Flitwick,R01239
FLT,Flitwick,R01241
FLT,Flitwick,R01264
FLT,Flitwick,R01272
FLT,Flitwick,R01425
FLT,Flitwick,R01447
FLT,Flitwick,R01450
FLT,Flitwick,R01600
FLT,Flitwick,R01628
FLT,Flitwick,R01654
FLT,Flitwick,R01724
FLT,Flitwick,R01736
FLT,Flitwick,R01755
FLW,Fulwell,R00718
FLW,Fulwell,R00802
FLW,Fulwell,R00804
FLW,Fulwell,R00864
FLW,Fulwell,R00943
FLW,Fulwell,R00945
FLW,Fulwell,R00946
FLW,Fulwell,R00957
FLX,Felixstowe,R00499
FLX,Felixstowe,R00501
FML,Frimley,R00715
FML,Frimley,R00718
FML,Frimley,R01005
FML,Frimley,R01006
FMR,Falmer,R00051
FMR,Falmer,R00517
FMR,Falmer,R00530
FMR,Falmer,R00627
FMR,Falmer,R00774
FMR,Falmer,R00932
FMR,Falmer,R00933
FMR,Falmer,R01044
FMR,Falmer,R01168
FMR,Falmer,R01363
FMR,Falmer,R01630
FMR,Falmer,R01708
FMT,Falmouth Town,R00584
FMT,Falmouth Town,R00591
FMT,Falmouth Town,R02008
FMT,Falmouth Town,R02010
FNB,Farnborough Main,R00329
FNB,Farnborough Main,R00331
FNB,Farnborough Main,R00440
FNB,Farnborough Main,R00626
FNB,Farnborough Main,R00631
FNB,Farnborough Main,R00665
FNB,Farnborough Main,R00672
FNB,Farnborough Main,R00675
FNB,Farnborough Main,R00677
FNB,Farnborough Main,R00694
FNB,Farnborough Main,R00711
FNB,Farnborough Main,R00746
FNB,Farnborough Main,R00747
FNB,Farnborough Main,R00753
FNB,Farnborough Main,R00757
FNB,Farnborough Main,R00761
FNB,Farnborough Main,R00782
FNB,Farnborough Main,R00805
FNB,Farnborough Main,R00866
FNB,Farnborough Main,R00996
FNB,Farnborough Main,R01048
FNB,Farnborough Main,R01097
FNB,Farnborough Main,R01103
FNB,Farnborough Main,R01224
FNB,Farnborough Main,R01226
FNB,Farnborough Main,R01629
FNB,Farnborough Main,R01760
FNB,Farnborough Main,R01861
FNC,Farncombe,R00417
FNC,Farncombe,R00643
FNC,Farncombe,R00657
FNC,Farncombe,R00725
FNC,Farncombe,R00737
FNC,Farncombe,R00753
FNC,Farncombe,R00812
FNC,Farncombe,R01020
FNC,Farncombe,R01068
FNC,Farncombe,R01070
FNC,Farncombe,R01079
FNC,Farncombe,R01080
FNC,Farncombe,R01083
FNC,Farncombe,R01084
FNC,Farncombe,R01774
FNC,Farncombe,R01791
FNH,Farnham,R00597
FNH,Farnham,R00598
FNH,Farnham,R00599
FNH,Farnham,R00616
FNH,Farnham,R00715
FNH,Farnham,R00958
FNH,Farnham,R00959
FNH,Farnham,R01005
FNH,Farnham,R01224
FNH,Farnham,R01752
FNH,Farnham,R01856
FNN,Farnborough North,R00422
FNN,Farnborough North,R00427
FNN,Farnborough North,R00927
FNN,Farnborough North,R01187
FNN,Farnborough North,R01290
FNN,Farnborough North,R01291
FNN,Farnborough North,R01445
FNN,Farnborough North,R01476
FNR,Farningham Road,R00343
FNR,Farningham Road,R00345
FNR,Farningham Road,R00413
FNR,Farningham Road,R00437
FNR,Farningham Road,R00469
FNR,Farningham Road,R00514
FNR,Farningham Road,R01466
FNR,Farningham Road,R01627
FNR,Farningham Road,R01655
FNR,Farningham Road,R01975
FNT,Feniton,R00331
FNT,Feniton,R00550
FNT,Feniton,R00604
FNT,Feniton,R00670
FNT,Feniton,R00711
FNT,Feniton,R00712
FNT,Feniton,R00713
FNT,Feniton,R00761
FNV,Furness Vale,R00071
FNV,Furness Vale,R00634
FNV,Furness Vale,R00635
FNV,Furness Vale,R00673
FNV,Furness Vale,R01322
FNW,Farnworth,R00059
FNW,Farnworth,R00069
FNW,Farnworth,R00074
FNW,Farnworth,R00084
FNW,Farnworth,R00101
FNW,Farnworth,R00337
FNW,Farnworth,R01619
FNY,Finchley Road & Frognal,R00177
FNY,Finchley Road & Frognal,R00252
FNY,Finchley Road & Frognal,R00258
FNY,Finchley Road & Frognal,R01093
FOC,Falls of Cruachan,R00287
FOC,Falls of Cruachan,R01138
FOC,Falls of Cruachan,R01139
FOD,Ford,R00043
FOD,Ford,R00049
FOD,Ford,R00199
FOD,Ford,R00248
FOD,Ford,R00253
FOD,Ford,R00399
FOD,Ford,R00633
FOD,Ford,R00655
FOD,Ford,R00656
FOD,Ford,R00657
FOD,Ford,R00658
FOD,Ford,R00659
FOD,Ford,R00740
FOD,Ford,R00742
FOD,Ford,R00743
FOD,Ford,R00748
FOD,Ford,R00812
FOD,Ford,R00914
FOD,Ford,R00967
FOD,Ford,R00969
FOD,Ford,R01009
FOD,Ford,R01011
FOD,Ford,R01039
FOD,Ford,R01045
FOD,Ford,R01049
FOD,Ford,R01070
FOD,Ford,R01097
FOD,Ford,R01367
FOD,Ford,R01419
FOD,Ford,R01677
FOD,Ford,R01930
FOG,Forest Gate,R00207
FOG,Forest Gate,R00323
FOG,Forest Gate,R00832
FOG,Forest Gate,R00850
FOG,Forest Gate,R00881
FOG,Forest Gate,R00882
FOG,Forest Gate,R00888
FOG,Forest Gate,R00898
FOG,Forest Gate,R01038
FOG,Forest Gate,R01184
FOG,Forest Gate,R01431
FOG,Forest Gate,R01595
FOG,Forest Gate,R01692
FOH,Forest Hill,R00003
FOH,Forest Hill,R00020
FOH,Forest Hill,R00075
FOH,Forest Hill,R00217
FOH,Forest Hill,R00240
FOH,Forest Hill,R00243
FOH,Forest Hill,R00575
FOH,Forest Hill,R00660
FOH,Forest Hill,R00663
FOH,Forest Hill,R00667
FOH,Forest Hill,R00717
FOH,Forest Hill,R00727
FOH,Forest Hill,R00837
FOH,Forest Hill,R00952
FOH,Forest Hill,R00968
FOH,Forest Hill,R01180
FOH,Forest Hill,R01241
FOH,Forest Hill,R01252
FOH,Forest Hill,R01257
FOH,Forest Hill,R01399
FOH,Forest Hill,R01565
FOH,Forest Hill,R01600
FOH,Forest Hill,R01624
FOK,Four Oaks,R00037
FOK,Four Oaks,R00040
FOK,Four Oaks,R00759
FOK,Four Oaks,R01148
FOK,Four Oaks,R01158
FOK,Four Oaks,R01225
FOK,Four Oaks,R01310
FOK,Four Oaks,R01442
FOR,Forres,R00467
FOR,Forres,R00476
FOR,Forres,R00478
FOR,Forres,R00750
FOR,Forres,R01028
FOR,Forres,R01130
FOR,Forres,R01132
FOX,Foxfield,R00142
FOX,Foxfield,R00814
FOX,Foxfield,R00817
FOX,Foxfield,R01018
FOX,Foxfield,R01242
FOX,Foxfield,R01622
FPK,Finsbury Park,R00064
FPK,Finsbury Park,R00066
FPK,Finsbury Park,R00073
FPK,Finsbury Park,R00082
FPK,Finsbury Park,R00094
FPK,Finsbury Park,R00128
FPK,Finsbury Park,R00129
FPK,Finsbury Park,R00217
FPK,Finsbury Park,R00271
FPK,Finsbury Park,R00319
FPK,Finsbury Park,R00321
FPK,Finsbury Park,R00361
FPK,Finsbury Park,R00365
FPK,Finsbury Park,R00370
FPK,Finsbury Park,R00373
FPK,Finsbury Park,R00464
FPK,Finsbury Park,R00465
FPK,Finsbury Park,R00470
FPK,Finsbury Park,R00477
FPK,Finsbury Park,R00485
FPK,Finsbury Park,R00496
FPK,Finsbury Park,R00507
FPK,Finsbury Park,R00620
FPK,Finsbury Park,R00628
FPK,Finsbury Park,R00660
FPK,Finsbury Park,R00689
FPK,Finsbury Park,R00690
FPK,Finsbury Park,R00702
FPK,Finsbury Park,R00705
FPK,Finsbury Park,R00707
FPK,Finsbury Park,R00727
FPK,Finsbury Park,R00749
FPK,Finsbury Park,R00819
FPK,Finsbury Park,R00968
FPK,Finsbury Park,R00970
FPK,Finsbury Park,R00993
FPK,Finsbury Park,R01171
FPK,Finsbury Park,R01180
FPK,Finsbury Park,R01283
FPK,Finsbury Park,R01311
FPK,Finsbury Park,R01313
FPK,Finsbury Park,R01318
FPK,Finsbury Park,R01323
FPK,Finsbury Park,R01335
FPK,Finsbury Park,R01384
FPK,Finsbury Park,R01492
FPK,Finsbury Park,R01493
FPK,Finsbury Park,R01494
FPK,Finsbury Park,R01517
FPK,Finsbury Park,R01586
FPK,Finsbury Park,R01596
FPK,Finsbury Park,R01606
FPK,Finsbury Park,R01663
FPK,Finsbury Park,R01686
FPK,Finsbury Park,R01687
FPK,Finsbury Park,R01688
FPK,Finsbury Park,R01737
FPK,Finsbury Park,R01739
FPK,Finsbury Park,R01764
FRB,Fairbourne,R00068
FRB,Fairbourne,R00330
FRD,Frodsham,R00058
FRD,Frodsham,R00349
FRD,Frodsham,R00352
FRD,Frodsham,R00418
FRD,Frodsham,R00561
FRD,Frodsham,R00565
FRD,Frodsham,R00568
FRD,Frodsham,R00579
FRD,Frodsham,R00760
FRD,Frodsham,R00891
FRD,Frodsham,R00897
FRD,Frodsham,R01047
FRD,Frodsham,R01789
FRE,Freshfield,R00557
FRE,Freshfield,R01345
FRE,Freshfield,R01611
FRF,Fairfield,R00520
FRF,Fairfield,R00781
FRF,Fairfield,R01007
FRF,Fairfield,R01075
FRI,Frinton-On-Sea,R01351
FRI,Frinton-On-Sea,R01352
FRI,Frinton-On-Sea,R01906
FRI,Frinton-On-Sea,R01923
FRI,Frinton-On-Sea,R01986
FRI,Frinton-On-Sea,R01988
FRI,Frinton-On-Sea,R01990
FRL,Fairlie,R00163
FRL,Fairlie,R00166
FRM,Fareham,R00348
FRM,Fareham,R00399
FRM,Fareham,R00737
FRM,Fareham,R00739
FRM,Fareham,R00742
FRM,Fareham,R00746
FRM,Fareham,R00747
FRM,Fareham,R00753
FRM,Fareham,R00812
FRM,Fareham,R00866
FRM,Fareham,R00877
FRM,Fareham,R00878
FRM,Fareham,R00903
FRM,Fareham,R00914
FRM,Fareham,R00969
FRM,Fareham,R00985
FRM,Fareham,R01046
FRM,Fareham,R01048
FRM,Fareham,R01068
FRM,Fareham,R01079
FRM,Fareham,R01080
FRM,Fareham,R01083
FRM,Fareham,R01097
FRM,Fareham,R01246
FRM,Fareham,R01667
FRM,Fareham,R01712
FRM,Fareham,R01715
FRM,Fareham,R01930
FRM,Fareham,R02089
FRN,Fearn,R00960
FRN,Fearn,R01101
FRN,Fearn,R01156
FRN,Fearn,R01157
FRN,Fearn,R01159
FRN,Fearn,R01843
FRO,Frome,R00034
FRO,Frome,R00268
FRO,Frome,R00331
FRO,Frome,R00348
FRO,Frome,R00582
FRO,Frome,R00720
FRO,Frome,R00722
FRO,Frome,R00756
FRO,Frome,R00941
FRO,Frome,R01246
FRO,Frome,R01319
FRO,Frome,R01446
FRO,Frome,R01462
FRO,Frome,R01478
FRO,Frome,R01509
FRO,Frome,R01662
FRO,Frome,R01743
FRS,Forsinard,R01156
FRS,Forsinard,R01157
FRS,Forsinard,R01159
FRT,Frant,R00014
FRT,Frant,R00046
FRT,Frant,R00125
FRT,Frant,R02078
FRW,Fairwater,R00925
FRW,Fairwater,R01364
FRW,Fairwater,R01643
FRW,Fairwater,R01809
FRY,Ferriby,R00027
FRY,Ferriby,R00078
FRY,Ferriby,R00228
FRY,Ferriby,R00307
FRY,Ferriby,R00358
FRY,Ferriby,R00460
FRY,Ferriby,R00466
FRY,Ferriby,R00769
FRY,Ferriby,R01355
FRY,Ferriby,R01480
FRY,Ferriby,R01620
FRY,Ferriby,R01686
FRY,Ferriby,R01803
FRY,Ferriby,R01950
FRY,Ferriby,R01973
FSB,Fishbourne,R00043
FSB,Fishbourne,R00199
FSB,Fishbourne,R00399
FSB,Fishbourne,R00655
FSB,Fishbourne,R00656
FSB,Fishbourne,R00657
FSB,Fishbourne,R00658
FSB,Fishbourne,R00659
FSB,Fishbourne,R00739
FSB,Fishbourne,R00742
FSB,Fishbourne,R00748
FSB,Fishbourne,R00812
FSB,Fishbourne,R00969
FSB,Fishbourne,R01039
FSB,Fishbourne,R01070
FSB,Fishbourne,R01367
FSG,Fishersgate,R00239
FSG,Fishersgate,R00657
FSG,Fishersgate,R00740
FSG,Fishersgate,R00743
FSG,Fishersgate,R00812
FSG,Fishersgate,R00930
FSG,Fishersgate,R00967
FSG,Fishersgate,R00969
FSG,Fishersgate,R01009
FSG,Fishersgate,R01039
FSG,Fishersgate,R01367
FSG,Fishersgate,R01419
FSK,Fiskerton,R00214
FSK,Fiskerton,R00459
FSK,Fiskerton,R00513
FSK,Fiskerton,R00764
FSK,Fiskerton,R01207
FSK,Fiskerton,R01403
FSK,Fiskerton,R01412
FSK,Fiskerton,R01425
FSK,Fiskerton,R01426
FSK,Fiskerton,R01427
FSK,Fiskerton,R01428
FSK,Fiskerton,R01440
FSK,Fiskerton,R01441
FST,London Fenchurch Street,R00137
FST,London Fenchurch Street,R00384
FST,London Fenchurch Street,R00434
FST,London Fenchurch Street,R00444
FST,London Fenchurch Street,R00978
FST,London Fenchurch Street,R01094
FST,London Fenchurch Street,R01096
FST,London Fenchurch Street,R01354
FST,London Fenchurch Street,R01402
FST,London Fenchurch Street,R01625
FST,London Fenchurch Street,R01699
FST,London Fenchurch Street,R01850
FST,London Fenchurch Street,R01862
FST,London Fenchurch Street,R01864
FST,London Fenchurch Street,R01896
FST,London Fenchurch Street,R01897
FST,London Fenchurch Street,R02087
FTM,Fort Matilda,R00099
FTM,Fort Matilda,R00164
FTM,Fort Matilda,R00426
FTM,Fort Matilda,R01211
FTM,Fort Matilda,R01227
FTM,Fort Matilda,R01229
FTN,Fratton,R00043
FTN,Fratton,R00199
FTN,Fratton,R00348
FTN,Fratton,R00399
FTN,Fratton,R00417
FTN,Fratton,R00643
FTN,Fratton,R00655
FTN,Fratton,R00657
FTN,Fratton,R00658
FTN,Fratton,R00659
FTN,Fratton,R00725
FTN,Fratton,R00737
FTN,Fratton,R00739
FTN,Fratton,R00742
FTN,Fratton,R00743
FTN,Fratton,R00746
FTN,Fratton,R00747
FTN,Fratton,R00748
FTN,Fratton,R00866
FTN,Fratton,R00877
FTN,Fratton,R00878
FTN,Fratton,R00969
FTN,Fratton,R00985
FTN,Fratton,R01039
FTN,Fratton,R01043
FTN,Fratton,R01046
FTN,Fratton,R01048
FTN,Fratton,R01070
FTN,Fratton,R01146
FTN,Fratton,R01246
FTN,Fratton,R01367
FTN,Fratton,R01505
FTN,Fratton,R01667
FTN,Fratton,R01712
FTN,Fratton,R01715
FTN,Fratton,R01751
FTN,Fratton,R01774
FTN,Fratton,R01791
FTW,Fort William,R01140
FTW,Fort William,R01141
FTW,Fort William,R01189
FTW,Fort William,R01190
FTW,Fort William,R01191
FTW,Fort William,R01297
FTW,Fort William,R01865
FTW,Fort William,R02062
FTW,Fort William,R02097
FWY,Five Ways,R00023
FWY,Five Ways,R00037
FWY,Five Ways,R00040
FWY,Five Ways,R00293
FWY,Five Ways,R00321
FWY,Five Ways,R00347
FWY,Five Ways,R00354
FWY,Five Ways,R00362
FWY,Five Ways,R00369
FWY,Five Ways,R00372
FWY,Five Ways,R00379
FWY,Five Ways,R00455
FWY,Five Ways,R00465
FWY,Five Ways,R00468
FWY,Five Ways,R00582
FWY,Five Ways,R00661
FWY,Five Ways,R00759
FWY,Five Ways,R00935
FWY,Five Ways,R00948
FWY,Five Ways,R00974
FWY,Five Ways,R00977
FWY,Five Ways,R01158
FWY,Five Ways,R01220
FWY,Five Ways,R01222
FWY,Five Ways,R01223
FWY,Five Ways,R01231
FWY,Five Ways,R01310
FWY,Five Ways,R01886
FXN,Foxton,R00073
FXN,Foxton,R00129
FXN,Foxton,R00271
FXN,Foxton,R00319
FXN,Foxton,R00620
FXN,Foxton,R00628
FXN,Foxton,R00660
FXN,Foxton,R00749
FXN,Foxton,R00968
FXN,Foxton,R00970
FXN,Foxton,R01494
FYS,Ferryside,R00034
FYS,Ferryside,R00077
FYS,Ferryside,R00186
FYS,Ferryside,R00559
FYS,Ferryside,R00562
FYS,Ferryside,R00600
FYS,Ferryside,R00796
FYS,Ferryside,R00916
FYS,Ferryside,R01238
FYS,Ferryside,R01266
FYS,Ferryside,R01537
FYS,Ferryside,R01554
FYS,Ferryside,R01738
FYS,Ferryside,R01770
FYS,Ferryside,R01773
FYS,Ferryside,R01782
FYS,Ferryside,R01835
FYS,Ferryside,R02084
FZH,Frizinghall,R00377
FZH,Frizinghall,R00494
FZH,Frizinghall,R00831
FZH,Frizinghall,R00848
FZH,Frizinghall,R00849
FZH,Frizinghall,R01098
FZH,Frizinghall,R01300
FZH,Frizinghall,R01754
FZP,Furze Platt,R00022
FZP,Furze Platt,R00025
FZP,Furze Platt,R00273
FZP,Furze Platt,R00276
FZW,Fitzwilliam,R00111
FZW,Fitzwilliam,R00260
FZW,Fitzwilliam,R00335
FZW,Fitzwilliam,R00669
GAL,Galashiels,R00171
GAL,Galashiels,R00175
GAR,Garrowhill,R00106
GAR,Garrowhill,R00179
GAR,Garrowhill,R00289
GAR,Garrowhill,R00378
GAR,Garrowhill,R00480
GAR,Garrowhill,R00988
GAR,Garrowhill,R01155
GAR,Garrowhill,R01173
GAR,Garrowhill,R01591
GAR,Garrowhill,R01844
GAR,Garrowhill,R02062
GBD,Gilberdyke,R00027
GBD,Gilberdyke,R00073
GBD,Gilberdyke,R00078
GBD,Gilberdyke,R00082
GBD,Gilberdyke,R00228
GBD,Gilberdyke,R00303
GBD,Gilberdyke,R00307
GBD,Gilberdyke,R00316
GBD,Gilberdyke,R00317
GBD,Gilberdyke,R00358
GBD,Gilberdyke,R00409
GBD,Gilberdyke,R00460
GBD,Gilberdyke,R00466
GBD,Gilberdyke,R00769
GBD,Gilberdyke,R01355
GBD,Gilberdyke,R01398
GBD,Gilberdyke,R01400
GBD,Gilberdyke,R01404
GBD,Gilberdyke,R01480
GBD,Gilberdyke,R01605
GBD,Gilberdyke,R01620
GBD,Gilberdyke,R01623
GBD,Gilberdyke,R01686
GBD,Gilberdyke,R01687
GBD,Gilberdyke,R01693
GBD,Gilberdyke,R01714
GBD,Gilberdyke,R01803
GBD,Gilberdyke,R01950
GBD,Gilberdyke,R01973
GBG,Gorebridge,R00171
GBG,Gorebridge,R00175
GBK,Greenbank,R00512
GBK,Greenbank,R00519
GBK,Greenbank,R02013
GBL,Gainsborough Lea Road,R00113
GBL,Gainsborough Lea Road,R00167
GBL,Gainsborough Lea Road,R00170
GBL,Gainsborough Lea Road,R00332
GBL,Gainsborough Lea Road,R00334
GBL,Gainsborough Lea Road,R00359
GBS,Goring-By-Sea,R00199
GBS,Goring-By-Sea,R00239
GBS,Goring-By-Sea,R00253
GBS,Goring-By-Sea,R00657
GBS,Goring-By-Sea,R00740
GBS,Goring-By-Sea,R00742
GBS,Goring-By-Sea,R00743
GBS,Goring-By-Sea,R00748
GBS,Goring-By-Sea,R00812
GBS,Goring-By-Sea,R00967
GBS,Goring-By-Sea,R00969
GBS,Goring-By-Sea,R01009
GBS,Goring-By-Sea,R01039
GBS,Goring-By-Sea,R01419
GCH,Garelochhead,R00287
GCH,Garelochhead,R01138
GCH,Garelochhead,R01139
GCH,Garelochhead,R01295
GCH,Garelochhead,R01297
GCH,Garelochhead,R01865
GCH,Garelochhead,R02062
GCH,Garelochhead,R02097
GCL,,R00378
GCL,,R00480
GCL,,R00858
GCL,,R00988
GCL,,R01021
GCL,,R01136
GCL,,R01137
GCL,,R01199
GCL,,R01579
GCL,,R01790
GCL,,R01792
GCL,,R01808
GCR,Gloucester,R00023
GCR,Gloucester,R00028
GCR,Gloucester,R00034
GCR,Gloucester,R00055
GCR,Gloucester,R00057
GCR,Gloucester,R00085
GCR,Gloucester,R00089
GCR,Gloucester,R00321
GCR,Gloucester,R00342
GCR,Gloucester,R00347
GCR,Gloucester,R00379
GCR,Gloucester,R00582
GCR,Gloucester,R00661
GCR,Gloucester,R00720
GCR,Gloucester,R00784
GCR,Gloucester,R00880
GCR,Gloucester,R00923
GCR,Gloucester,R00948
GCR,Gloucester,R00974
GCR,Gloucester,R00975
GCR,Gloucester,R00977
GCR,Gloucester,R01106
GCR,Gloucester,R01222
GCR,Gloucester,R01319
GCR,Gloucester,R01334
GCR,Gloucester,R01414
GCR,Gloucester,R01444
GCR,Gloucester,R01478
GCR,Gloucester,R01725
GCR,Gloucester,R01728
GCR,Gloucester,R01744
GCR,Gloucester,R01750
GCT,Great Coates,R00640
GCT,Great Coates,R00765
GCT,Great Coates,R01403
GCT,Great Coates,R01406
GCT,Great Coates,R01429
GCT,Great Coates,R01453
GCT,Great Coates,R01726
GCW,Glan Conwy,R01831
GCW,Glan Conwy,R01832
GDH,Gordon Hill,R00217
GDH,Gordon Hill,R00271
GDH,Gordon Hill,R00319
GDH,Gordon Hill,R00321
GDH,Gordon Hill,R00370
GDH,Gordon Hill,R00470
GDH,Gordon Hill,R00620
GDH,Gordon Hill,R00628
GDH,Gordon Hill,R00660
GDH,Gordon Hill,R00702
GDH,Gordon Hill,R00707
GDH,Gordon Hill,R00727
GDH,Gordon Hill,R00749
GDH,Gordon Hill,R00970
GDH,Gordon Hill,R00993
GDH,Gordon Hill,R01171
GDH,Gordon Hill,R01313
GDH,Gordon Hill,R01384
GDH,Gordon Hill,R01494
GDH,Gordon Hill,R01596
GDH,Gordon Hill,R01606
GDH,Gordon Hill,R01764
GDL,Godley,R00976
GDL,Godley,R00995
GDL,Godley,R01007
GDN,Godstone,R00674
GDN,Godstone,R01689
GDN,Godstone,R01729
GDP,Gidea Park,R00207
GDP,Gidea Park,R00323
GDP,Gidea Park,R00832
GDP,Gidea Park,R00850
GDP,Gidea Park,R00872
GDP,Gidea Park,R00874
GDP,Gidea Park,R00881
GDP,Gidea Park,R00882
GDP,Gidea Park,R00888
GDP,Gidea Park,R00890
GDP,Gidea Park,R00898
GDP,Gidea Park,R01000
GDP,Gidea Park,R01038
GDP,Gidea Park,R01184
GDP,Gidea Park,R01269
GDP,Gidea Park,R01335
GDP,Gidea Park,R01431
GDP,Gidea Park,R01514
GDP,Gidea Park,R01595
GDP,Gidea Park,R01653
GDP,Gidea Park,R01692
GDP,Gidea Park,R01823
GDP,Gidea Park,R01868
GDP,Gidea Park,R01871
GDP,Gidea Park,R01881
GDP,Gidea Park,R01882
GDP,Gidea Park,R01891
GDP,Gidea Park,R01904
GDP,Gidea Park,R01906
GEA,Gretna Green,R00383
GEA,Gretna Green,R01215
GEA,Gretna Green,R01304
GER,Gerrards Cross,R00004
GER,Gerrards Cross,R00012
GER,Gerrards Cross,R00033
GER,Gerrards Cross,R00036
GER,Gerrards Cross,R00039
GER,Gerrards Cross,R00041
GER,Gerrards Cross,R00053
GER,Gerrards Cross,R00072
GER,Gerrards Cross,R00134
GER,Gerrards Cross,R00146
GER,Gerrards Cross,R00155
GER,Gerrards Cross,R00158
GER,Gerrards Cross,R00209
GER,Gerrards Cross,R00226
GER,Gerrards Cross,R00246
GER,Gerrards Cross,R00429
GER,Gerrards Cross,R00435
GER,Gerrards Cross,R00471
GER,Gerrards Cross,R00479
GER,Gerrards Cross,R00981
GER,Gerrards Cross,R00982
GER,Gerrards Cross,R01508
GER,Gerrards Cross,R01513
GER,Gerrards Cross,R01938
GER,Gerrards Cross,R01941
GFD,Greenford,R00754
GFD,Greenford,R00755
GFD,Greenford,R01748
GFD,Greenford,R01894
GFF,Gilfach Fargoed,R00266
GFF,Gilfach Fargoed,R00278
GFF,Gilfach Fargoed,R00605
GFF,Gilfach Fargoed,R00682
GFF,Gilfach Fargoed,R00709
GFN,Giffnock,R00116
GFN,Giffnock,R00118
GFN,Giffnock,R00120
GGJ,Georgemas Junction,R01156
GGJ,Georgemas Junction,R01157
GGJ,Georgemas Junction,R01159
GGV,Gargrave,R00374
GGV,Gargrave,R00487
GGV,Gargrave,R00827
GGV,Gargrave,R01098
GGV,Gargrave,R01125
GGV,Gargrave,R01274
GGV,Gargrave,R01543
GGV,Gargrave,R01545
GGV,Gargrave,R01551
GGV,Gargrave,R01717
GGV,Gargrave,R02011
GIG,Giggleswick,R00487
GIG,Giggleswick,R01098
GIG,Giggleswick,R01125
GIG,Giggleswick,R01543
GIG,Giggleswick,R01545
GIG,Giggleswick,R01551
GIL,Gillingham (Dorset),R00331
GIL,Gillingham (Dorset),R00670
GIL,Gillingham (Dorset),R00672
GIL,Gillingham (Dorset),R00675
GIL,Gillingham (Dorset),R00677
GIL,Gillingham (Dorset),R00694
GIL,Gillingham (Dorset),R00710
GIL,Gillingham (Dorset),R00711
GIL,Gillingham (Dorset),R00713
GIL,Gillingham (Dorset),R00761
GIP,Gipsy Hill,R00054
GIP,Gipsy Hill,R00243
GIP,Gipsy Hill,R00575
GIP,Gipsy Hill,R00695
GIP,Gipsy Hill,R00697
GIP,Gipsy Hill,R00701
GIP,Gipsy Hill,R00818
GIP,Gipsy Hill,R00952
GIP,Gipsy Hill,R01116
GIR,Girvan,R00087
GIR,Girvan,R00275
GIR,Girvan,R00353
GIR,Girvan,R00355
GIR,Girvan,R00383
GIR,Girvan,R01126
GIR,Girvan,R01186
GKC,Greenock Central,R00099
GKC,Greenock Central,R00164
GKC,Greenock Central,R00426
GKC,Greenock Central,R01211
GKC,Greenock Central,R01227
GKC,Greenock Central,R01229
GKW,Greenock West,R00099
GKW,Greenock West,R00164
GKW,Greenock West,R00426
GKW,Greenock West,R01211
GKW,Greenock West,R01227
GKW,Greenock West,R01229
GLC,Glasgow Central,R00056
GLC,Glasgow Central,R00090
GLC,Glasgow Central,R00096
GLC,Glasgow Central,R00099
GLC,Glasgow Central,R00100
GLC,Glasgow Central,R00107
GLC,Glasgow Central,R00114
GLC,Glasgow Central,R00116
GLC,Glasgow Central,R00118
GLC,Glasgow Central,R00120
GLC,Glasgow Central,R00127
GLC,Glasgow Central,R00130
GLC,Glasgow Central,R00133
GLC,Glasgow Central,R00135
GLC,Glasgow Central,R00163
GLC,Glasgow Central,R00164
GLC,Glasgow Central,R00166
GLC,Glasgow Central,R00183
GLC,Glasgow Central,R00184
GLC,Glasgow Central,R00190
GLC,Glasgow Central,R00353
GLC,Glasgow Central,R00354
GLC,Glasgow Central,R00383
GLC,Glasgow Central,R00393
GLC,Glasgow Central,R00426
GLC,Glasgow Central,R00472
GLC,Glasgow Central,R00581
GLC,Glasgow Central,R00582
GLC,Glasgow Central,R00706
GLC,Glasgow Central,R00871
GLC,Glasgow Central,R01077
GLC,Glasgow Central,R01127
GLC,Glasgow Central,R01128
GLC,Glasgow Central,R01145
GLC,Glasgow Central,R01150
GLC,Glasgow Central,R01174
GLC,Glasgow Central,R01175
GLC,Glasgow Central,R01177
GLC,Glasgow Central,R01194
GLC,Glasgow Central,R01201
GLC,Glasgow Central,R01204
GLC,Glasgow Central,R01205
GLC,Glasgow Central,R01208
GLC,Glasgow Central,R01209
GLC,Glasgow Central,R01211
GLC,Glasgow Central,R01212
GLC,Glasgow Central,R01213
GLC,Glasgow Central,R01215
GLC,Glasgow Central,R01227
GLC,Glasgow Central,R01229
GLC,Glasgow Central,R01245
GLC,Glasgow Central,R01254
GLC,Glasgow Central,R01255
GLC,Glasgow Central,R01270
GLC,Glasgow Central,R01293
GLC,Glasgow Central,R01303
GLC,Glasgow Central,R01306
GLC,Glasgow Central,R01343
GLC,Glasgow Central,R01368
GLC,Glasgow Central,R01454
GLC,Glasgow Central,R01464
GLC,Glasgow Central,R01599
GLC,Glasgow Central,R01632
GLC,Glasgow Central,R01633
GLC,Glasgow Central,R01640
GLC,Glasgow Central,R01641
GLC,Glasgow Central,R01666
GLC,Glasgow Central,R01668
GLC,Glasgow Central,R01845
GLC,Glasgow Central,R01846
GLC,Glasgow Central,R01847
GLC,Glasgow Central,R01905
GLD,Guildford,R00233
GLD,Guildford,R00322
GLD,Guildford,R00417
GLD,Guildford,R00422
GLD,Guildford,R00427
GLD,Guildford,R00458
GLD,Guildford,R00518
GLD,Guildford,R00643
GLD,Guildford,R00657
GLD,Guildford,R00725
GLD,Guildford,R00737
GLD,Guildford,R00753
GLD,Guildford,R00799
GLD,Guildford,R00801
GLD,Guildford,R00812
GLD,Guildford,R00860
GLD,Guildford,R00867
GLD,Guildford,R00870
GLD,Guildford,R00926
GLD,Guildford,R00927
GLD,Guildford,R00928
GLD,Guildford,R00929
GLD,Guildford,R00958
GLD,Guildford,R00959
GLD,Guildford,R01020
GLD,Guildford,R01068
GLD,Guildford,R01070
GLD,Guildford,R01079
GLD,Guildford,R01080
GLD,Guildford,R01083
GLD,Guildford,R01084
GLD,Guildford,R01095
GLD,Guildford,R01187
GLD,Guildford,R01287
GLD,Guildford,R01290
GLD,Guildford,R01291
GLD,Guildford,R01445
GLD,Guildford,R01476
GLD,Guildford,R01516
GLD,Guildford,R01629
GLD,Guildford,R01774
GLD,Guildford,R01791
GLE,Gleneagles,R00056
GLE,Gleneagles,R00073
GLE,Gleneagles,R00145
GLE,Gleneagles,R00464
GLE,Gleneagles,R00467
GLE,Gleneagles,R00685
GLE,Gleneagles,R00687
GLE,Gleneagles,R00688
GLE,Gleneagles,R00690
GLE,Gleneagles,R00692
GLE,Gleneagles,R00704
GLE,Gleneagles,R01129
GLF,Glenfinnan,R01140
GLF,Glenfinnan,R01141
GLF,Glenfinnan,R01190
GLF,Glenfinnan,R01297
GLG,Glengarnock,R00163
GLG,Glengarnock,R00166
GLG,Glengarnock,R01150
GLG,Glengarnock,R01204
GLG,Glengarnock,R01205
GLG,Glengarnock,R01208
GLG,Glengarnock,R01213
GLG,Glengarnock,R01254
GLG,Glengarnock,R01255
GLH,Glasshoughton,R00641
GLH,Glasshoughton,R01617
GLH,Glasshoughton,R01964
GLM,Gillingham (Kent),R00014
GLM,Gillingham (Kent),R00076
GLM,Gillingham (Kent),R00079
GLM,Gillingham (Kent),R00092
GLM,Gillingham (Kent),R00125
GLM,Gillingham (Kent),R00188
GLM,Gillingham (Kent),R00343
GLM,Gillingham (Kent),R00345
GLM,Gillingham (Kent),R00413
GLM,Gillingham (Kent),R00437
GLM,Gillingham (Kent),R00469
GLM,Gillingham (Kent),R00514
GLM,Gillingham (Kent),R00731
GLM,Gillingham (Kent),R00854
GLM,Gillingham (Kent),R00856
GLM,Gillingham (Kent),R00971
GLM,Gillingham (Kent),R00972
GLM,Gillingham (Kent),R01333
GLM,Gillingham (Kent),R01338
GLM,Gillingham (Kent),R01466
GLM,Gillingham (Kent),R01503
GLM,Gillingham (Kent),R01561
GLM,Gillingham (Kent),R01568
GLM,Gillingham (Kent),R01607
GLM,Gillingham (Kent),R01615
GLM,Gillingham (Kent),R01627
GLM,Gillingham (Kent),R01655
GLM,Gillingham (Kent),R01702
GLM,Gillingham (Kent),R01967
GLM,Gillingham (Kent),R01969
GLM,Gillingham (Kent),R01971
GLM,Gillingham (Kent),R01975
GLM,Gillingham (Kent),R01976
GLO,Glossop,R00976
GLO,Glossop,R00995
GLO,Glossop,R01007
GLQ,Glasgow Queen Street,R00073
GLQ,Glasgow Queen Street,R00145
GLQ,Glasgow Queen Street,R00235
GLQ,Glasgow Queen Street,R00247
GLQ,Glasgow Queen Street,R00287
GLQ,Glasgow Queen Street,R00464
GLQ,Glasgow Queen Street,R00467
GLQ,Glasgow Queen Street,R00470
GLQ,Glasgow Queen Street,R00619
GLQ,Glasgow Queen Street,R00625
GLQ,Glasgow Queen Street,R00685
GLQ,Glasgow Queen Street,R00687
GLQ,Glasgow Queen Street,R00688
GLQ,Glasgow Queen Street,R00690
GLQ,Glasgow Queen Street,R00692
GLQ,Glasgow Queen Street,R00704
GLQ,Glasgow Queen Street,R01138
GLQ,Glasgow Queen Street,R01139
GLQ,Glasgow Queen Street,R01295
GLQ,Glasgow Queen Street,R01297
GLQ,Glasgow Queen Street,R01675
GLQ,Glasgow Queen Street,R01833
GLQ,Glasgow Queen Street,R01849
GLQ,Glasgow Queen Street,R01929
GLQ,Glasgow Queen Street,R01931
GLQ,Glasgow Queen Street,R01979
GLS,Glaisdale,R00983
GLS,Glaisdale,R01305
GLS,Glaisdale,R01911
GLS,Glaisdale,R02019
GLT,Glenrothes with Thornton,R00048
GLT,Glenrothes with Thornton,R00098
GLT,Glenrothes with Thornton,R00356
GLT,Glenrothes with Thornton,R00357
GLT,Glenrothes with Thornton,R00619
GLT,Glenrothes with Thornton,R01244
GLT,Glenrothes with Thornton,R01273
GLT,Glenrothes with Thornton,R01673
GLT,Glenrothes with Thornton,R01853
GLT,Glenrothes with Thornton,R01860
GLT,Glenrothes with Thornton,R01979
GLY,Glynde,R00051
GLY,Glynde,R00199
GLY,Glynde,R00238
GLY,Glynde,R00253
GLY,Glynde,R00262
GLY,Glynde,R00452
GLY,Glynde,R00517
GLY,Glynde,R00530
GLY,Glynde,R00627
GLY,Glynde,R01168
GLY,Glynde,R02022
GLZ,Glazebrook,R01059
GLZ,Glazebrook,R01558
GLZ,Glazebrook,R01562
GLZ,Glazebrook,R01563
GLZ,Glazebrook,R01564
GLZ,Glazebrook,R01566
GLZ,Glazebrook,R01570
GMB,Grimsby Town,R00061
GMB,Grimsby Town,R00062
GMB,Grimsby Town,R00063
GMB,Grimsby Town,R00513
GMB,Grimsby Town,R00640
GMB,Grimsby Town,R00765
GMB,Grimsby Town,R01362
GMB,Grimsby Town,R01403
GMB,Grimsby Town,R01406
GMB,Grimsby Town,R01412
GMB,Grimsby Town,R01429
GMB,Grimsby Town,R01440
GMB,Grimsby Town,R01441
GMB,Grimsby Town,R01453
GMB,Grimsby Town,R01726
GMD,Grimsby Docks,R00513
GMD,Grimsby Docks,R00640
GMD,Grimsby Docks,R00765
GMD,Grimsby Docks,R01406
GMD,Grimsby Docks,R01412
GMD,Grimsby Docks,R01429
GMD,Grimsby Docks,R01441
GMD,Grimsby Docks,R01726
GMG,Garth (Mid Glamorgan),R00280
GMG,Garth (Mid Glamorgan),R00559
GMG,Garth (Mid Glamorgan),R00601
GMG,Garth (Mid Glamorgan),R01782
GMN,Great Missenden,R00017
GMN,Great Missenden,R01308
GMN,Great Missenden,R01410
GMT,Grosmont,R00983
GMT,Grosmont,R01305
GMT,Grosmont,R01911
GMT,Grosmont,R02019
GMV,Great Malvern,R00028
GMV,Great Malvern,R00034
GMV,Great Malvern,R00293
GMV,Great Malvern,R00362
GMV,Great Malvern,R01037
GMV,Great Malvern,R01220
GMV,Great Malvern,R01222
GMV,Great Malvern,R01236
GMY,Goodmayes,R00207
GMY,Goodmayes,R00323
GMY,Goodmayes,R00832
GMY,Goodmayes,R00850
GMY,Goodmayes,R00881
GMY,Goodmayes,R00882
GMY,Goodmayes,R00888
GMY,Goodmayes,R00898
GMY,Goodmayes,R01038
GMY,Goodmayes,R01184
GMY,Goodmayes,R01431
GMY,Goodmayes,R01595
GMY,Goodmayes,R01692
GNB,Gainsborough Central,R00062
GNB,Gainsborough Central,R01362
GNF,Greenfield,R00063
GNF,Greenfield,R00082
GNF,Greenfield,R00316
GNF,Greenfield,R00326
GNF,Greenfield,R00409
GNF,Greenfield,R00432
GNF,Greenfield,R00449
GNF,Greenfield,R00453
GNF,Greenfield,R00456
GNF,Greenfield,R00466
GNF,Greenfield,R00468
GNF,Greenfield,R00473
GNF,Greenfield,R00578
GNF,Greenfield,R00640
GNF,Greenfield,R00662
GNF,Greenfield,R00842
GNF,Greenfield,R00931
GNF,Greenfield,R01061
GNF,Greenfield,R01087
GNF,Greenfield,R01388
GNF,Greenfield,R01813
GNF,Greenfield,R01908
GNF,Greenfield,R01909
GNF,Greenfield,R01928
GNF,Greenfield,R02044
GNH,Greenhithe for Bluewater,R00014
GNH,Greenhithe for Bluewater,R00076
GNH,Greenhithe for Bluewater,R00079
GNH,Greenhithe for Bluewater,R00092
GNH,Greenhithe for Bluewater,R00188
GNH,Greenhithe for Bluewater,R00491
GNH,Greenhithe for Bluewater,R00516
GNH,Greenhithe for Bluewater,R00536
GNH,Greenhithe for Bluewater,R00610
GNH,Greenhithe for Bluewater,R00971
GNH,Greenhithe for Bluewater,R00972
GNH,Greenhithe for Bluewater,R01338
GNH,Greenhithe for Bluewater,R01502
GNH,Greenhithe for Bluewater,R01503
GNH,Greenhithe for Bluewater,R01556
GNH,Greenhithe for Bluewater,R01592
GNH,Greenhithe for Bluewater,R01800
GNH,Greenhithe for Bluewater,R02064
GNL,Green Lane,R00500
GNL,Green Lane,R00502
GNL,Green Lane,R00505
GNL,Green Lane,R00511
GNL,Green Lane,R00558
GNR,Green Road,R00142
GNR,Green Road,R00814
GNR,Green Road,R00817
GNR,Green Road,R01018
GNR,Green Road,R01242
GNR,Green Road,R01622
GNT,Gunton,R00210
GNT,Gunton,R00537
GNT,Gunton,R00543
GNT,Gunton,R00545
GNW,Greenwich,R00076
GNW,Greenwich,R00079
GNW,Greenwich,R00092
GNW,Greenwich,R00125
GNW,Greenwich,R00188
GNW,Greenwich,R00297
GNW,Greenwich,R00491
GNW,Greenwich,R00526
GNW,Greenwich,R00608
GNW,Greenwich,R00610
GNW,Greenwich,R00654
GNW,Greenwich,R00971
GNW,Greenwich,R00972
GNW,Greenwich,R01745
GOB,Gobowen,R00058
GOB,Gobowen,R00561
GOB,Gobowen,R00579
GOB,Gobowen,R00590
GOB,Gobowen,R00592
GOB,Gobowen,R01047
GOB,Gobowen,R01063
GOB,Gobowen,R01307
GOB,Gobowen,R01874
GOB,Gobowen,R02096
GOD,Godalming,R00417
GOD,Godalming,R00643
GOD,Godalming,R00657
GOD,Godalming,R00725
GOD,Godalming,R00737
GOD,Godalming,R00753
GOD,Godalming,R00812
GOD,Godalming,R01020
GOD,Godalming,R01068
GOD,Godalming,R01070
GOD,Godalming,R01079
GOD,Godalming,R01080
GOD,Godalming,R01083
GOD,Godalming,R01084
GOD,Godalming,R01791
GOE,Goldthorpe,R00111
GOE,Goldthorpe,R00260
GOE,Goldthorpe,R00335
GOE,Goldthorpe,R00949
GOF,Golf Street,R00467
GOF,Golf Street,R00692
GOL,Golspie,R01156
GOL,Golspie,R01157
GOL,Golspie,R01159
GOM,Gomshall,R00233
GOM,Gomshall,R00422
GOM,Gomshall,R00427
GOM,Gomshall,R00676
GOM,Gomshall,R00860
GOM,Gomshall,R00927
GOM,Gomshall,R01187
GOM,Gomshall,R01287
GOM,Gomshall,R01290
GOM,Gomshall,R01291
GOM,Gomshall,R01445
GOM,Gomshall,R01476
GOO,Goole,R00228
GOO,Goole,R00303
GOO,Goole,R00307
GOO,Goole,R00317
GOO,Goole,R00641
GOO,Goole,R01480
GOO,Goole,R01620
GOO,Goole,R01693
GOO,Goole,R01803
GOO,Goole,R01950
GOO,Goole,R01964
GOR,Goring & Streatley,R00034
GOR,Goring & Streatley,R00042
GOR,Goring & Streatley,R00070
GOR,Goring & Streatley,R00077
GOR,Goring & Streatley,R00089
GOR,Goring & Streatley,R00105
GOR,Goring & Streatley,R00124
GOR,Goring & Streatley,R00283
GOR,Goring & Streatley,R00286
GOR,Goring & Streatley,R00301
GOR,Goring & Streatley,R00341
GOR,Goring & Streatley,R00342
GOR,Goring & Streatley,R00362
GOR,Goring & Streatley,R00387
GOR,Goring & Streatley,R00401
GOR,Goring & Streatley,R00455
GOR,Goring & Streatley,R00465
GOR,Goring & Streatley,R00498
GOR,Goring & Streatley,R00504
GOR,Goring & Streatley,R00600
GOR,Goring & Streatley,R00780
GOR,Goring & Streatley,R00875
GOR,Goring & Streatley,R00917
GOR,Goring & Streatley,R00918
GOR,Goring & Streatley,R00964
GOR,Goring & Streatley,R00966
GOR,Goring & Streatley,R00989
GOR,Goring & Streatley,R00991
GOR,Goring & Streatley,R01037
GOR,Goring & Streatley,R01056
GOR,Goring & Streatley,R01151
GOR,Goring & Streatley,R01217
GOR,Goring & Streatley,R01222
GOR,Goring & Streatley,R01246
GOR,Goring & Streatley,R01263
GOR,Goring & Streatley,R01298
GOR,Goring & Streatley,R01299
GOR,Goring & Streatley,R01374
GOR,Goring & Streatley,R01413
GOR,Goring & Streatley,R01553
GOR,Goring & Streatley,R01665
GOR,Goring & Streatley,R01723
GOR,Goring & Streatley,R01732
GOR,Goring & Streatley,R01733
GOR,Goring & Streatley,R01740
GOR,Goring & Streatley,R01877
GOR,Goring & Streatley,R01943
GOR,Goring & Streatley,R01958
GOR,Goring & Streatley,R01962
GOR,Goring & Streatley,R02102
GOS,Grange-Over-Sands,R00142
GOS,Grange-Over-Sands,R00457
GOS,Grange-Over-Sands,R00640
GOS,Grange-Over-Sands,R00817
GOS,Grange-Over-Sands,R01018
GOS,Grange-Over-Sands,R01242
GOS,Grange-Over-Sands,R01621
GOS,Grange-Over-Sands,R01622
GOS,Grange-Over-Sands,R01966
GOX,Goxhill,R00765
GOX,Goxhill,R01429
GOX,Goxhill,R01453
GPK,Grange Park,R00319
GPK,Grange Park,R00321
GPK,Grange Park,R00702
GPK,Grange Park,R00707
GPK,Grange Park,R00727
GPK,Grange Park,R00749
GPK,Grange Park,R00993
GPK,Grange Park,R01384
GPK,Grange Park,R01596
GPK,Grange Park,R01606
GPO,Gospel Oak,R00177
GPO,Gospel Oak,R00252
GPO,Gospel Oak,R00258
GPO,Gospel Oak,R00510
GPO,Gospel Oak,R01019
GPO,Gospel Oak,R01093
GQL,,R00106
GQL,,R00179
GQL,,R00287
GQL,,R00289
GQL,,R00375
GQL,,R00378
GQL,,R00480
GQL,,R00988
GQL,,R01155
GQL,,R01173
GQL,,R01297
GQL,,R01591
GQL,,R01844
GQL,,R01875
GQL,,R01876
GQL,,R01879
GQL,,R01880
GQL,,R02062
GQL,,R02097
GRA,Grantham,R00063
GRA,Grantham,R00064
GRA,Grantham,R00066
GRA,Grantham,R00073
GRA,Grantham,R00082
GRA,Grantham,R00094
GRA,Grantham,R00194
GRA,Grantham,R00195
GRA,Grantham,R00196
GRA,Grantham,R00197
GRA,Grantham,R00205
GRA,Grantham,R00218
GRA,Grantham,R00220
GRA,Grantham,R00222
GRA,Grantham,R00321
GRA,Grantham,R00336
GRA,Grantham,R00361
GRA,Grantham,R00365
GRA,Grantham,R00370
GRA,Grantham,R00373
GRA,Grantham,R00464
GRA,Grantham,R00465
GRA,Grantham,R00470
GRA,Grantham,R00477
GRA,Grantham,R00485
GRA,Grantham,R00496
GRA,Grantham,R00507
GRA,Grantham,R00689
GRA,Grantham,R00690
GRA,Grantham,R00749
GRA,Grantham,R00809
GRA,Grantham,R00846
GRA,Grantham,R01494
GRA,Grantham,R01686
GRA,Grantham,R01687
GRB,Great Bentley,R00832
GRB,Great Bentley,R00881
GRB,Great Bentley,R01351
GRB,Great Bentley,R01352
GRB,Great Bentley,R01904
GRC,Great Chesterford,R00628
GRC,Great Chesterford,R01203
GRC,Great Chesterford,R01210
GRC,Great Chesterford,R01286
GRC,Great Chesterford,R01356
GRC,Great Chesterford,R01887
GRF,Garforth,R00078
GRF,Garforth,R00082
GRF,Garforth,R00119
GRF,Garforth,R00121
GRF,Garforth,R00138
GRF,Garforth,R00358
GRF,Garforth,R00360
GRF,Garforth,R00409
GRF,Garforth,R00647
GRF,Garforth,R00942
GRF,Garforth,R01613
GRF,Garforth,R01623
GRF,Garforth,R01721
GRF,Garforth,R01767
GRF,Garforth,R01974
GRH,Gartcosh,R01675
GRH,Gartcosh,R01833
GRH,Gartcosh,R01849
GRK,Gourock,R00099
GRK,Gourock,R00164
GRK,Gourock,R00426
GRK,Gourock,R01211
GRK,Gourock,R01227
GRK,Gourock,R01229
GRL,Greenfaulds,R00056
GRL,Greenfaulds,R00378
GRL,Greenfaulds,R00480
GRL,Greenfaulds,R00708
GRL,Greenfaulds,R01281
GRL,Greenfaulds,R01675
GRL,Greenfaulds,R01808
GRL,Greenfaulds,R01833
GRL,Greenfaulds,R01849
GRN,Grindleford,R00061
GRN,Grindleford,R00062
GRN,Grindleford,R00063
GRN,Grindleford,R00290
GRN,Grindleford,R00336
GRN,Grindleford,R00441
GRN,Grindleford,R00634
GRN,Grindleford,R00640
GRN,Grindleford,R00765
GRN,Grindleford,R00771
GRN,Grindleford,R00772
GRN,Grindleford,R00790
GRN,Grindleford,R00830
GRN,Grindleford,R01073
GRN,Grindleford,R01452
GRN,Grindleford,R01727
GRN,Grindleford,R01761
GRN,Grindleford,R01848
GRN,Grindleford,R01968
GRP,Grove Park,R00014
GRP,Grove Park,R00044
GRP,Grove Park,R00046
GRP,Grove Park,R00052
GRP,Grove Park,R00122
GRP,Grove Park,R00125
GRP,Grove Park,R00221
GRP,Grove Park,R00254
GRP,Grove Park,R00256
GRP,Grove Park,R00308
GRP,Grove Park,R00310
GRP,Grove Park,R00343
GRP,Grove Park,R00436
GRP,Grove Park,R00469
GRP,Grove Park,R00488
GRP,Grove Park,R00489
GRP,Grove Park,R00491
GRP,Grove Park,R00524
GRP,Grove Park,R00525
GRP,Grove Park,R00610
GRP,Grove Park,R01578
GRP,Grove Park,R01587
GRP,Grove Park,R01636
GRP,Grove Park,R01637
GRP,Grove Park,R01639
GRP,Grove Park,R01645
GRP,Grove Park,R01660
GRP,Grove Park,R01674
GRP,Grove Park,R01800
GRP,Grove Park,R01969
GRP,Grove Park,R01975
GRP,Grove Park,R01976
GRP,Grove Park,R02066
GRP,Grove Park,R02073
GRS,Garscadden,R00106
GRS,Garscadden,R00179
GRS,Garscadden,R00287
GRS,Garscadden,R00289
GRS,Garscadden,R00375
GRS,Garscadden,R00378
GRS,Garscadden,R00858
GRS,Garscadden,R01021
GRS,Garscadden,R01136
GRS,Garscadden,R01137
GRS,Garscadden,R01155
GRS,Garscadden,R01173
GRS,Garscadden,R01297
GRS,Garscadden,R01579
GRS,Garscadden,R01790
GRS,Garscadden,R01808
GRS,Garscadden,R01844
GRS,Garscadden,R01879
GRT,Grateley,R00331
GRT,Grateley,R00665
GRT,Grateley,R00672
GRT,Grateley,R00675
GRT,Grateley,R00677
GRT,Grateley,R00694
GRT,Grateley,R00700
GRT,Grateley,R00711
GRT,Grateley,R00746
GRT,Grateley,R00761
GRT,Grateley,R01097
GRT,Grateley,R01103
GRV,Gravesend,R00014
GRV,Gravesend,R00076
GRV,Gravesend,R00079
GRV,Gravesend,R00092
GRV,Gravesend,R00188
GRV,Gravesend,R00461
GRV,Gravesend,R00491
GRV,Gravesend,R00516
GRV,Gravesend,R00536
GRV,Gravesend,R00610
GRV,Gravesend,R00971
GRV,Gravesend,R00972
GRV,Gravesend,R01100
GRV,Gravesend,R01338
GRV,Gravesend,R01502
GRV,Gravesend,R01503
GRV,Gravesend,R01556
GRV,Gravesend,R01568
GRV,Gravesend,R01592
GRV,Gravesend,R01702
GRV,Gravesend,R01800
GRV,Gravesend,R01967
GRV,Gravesend,R01969
GRV,Gravesend,R01971
GRV,Gravesend,R01975
GRV,Gravesend,R01976
GRV,Gravesend,R02038
GRV,Gravesend,R02064
GRY,Grays,R00137
GRY,Grays,R00384
GRY,Grays,R00444
GRY,Grays,R00794
GRY,Grays,R01094
GRY,Grays,R01096
GRY,Grays,R01402
GRY,Grays,R01625
GRY,Grays,R01699
GRY,Grays,R01862
GRY,Grays,R01897
GRY,Grays,R01903
GRY,Grays,R02087
GSC,Gilshochill,R00235
GSC,Gilshochill,R00247
GSC,Gilshochill,R01295
GSD,Garsdale,R00374
GSD,Garsdale,R01125
GSD,Garsdale,R01274
GSD,Garsdale,R01717
GSL,Gunnislake,R00777
GSL,Gunnislake,R00778
GSL,Gunnislake,R00779
GSN,Garston,R00056
GSN,Garston,R01234
GSN,Garston,R01439
GST,Gathurst,R00059
GST,Gathurst,R00069
GST,Gathurst,R00074
GST,Gathurst,R00408
GST,Gathurst,R01053
GST,Gathurst,R01091
GST,Gathurst,R01678
GST,Gathurst,R01713
GSW,Garswood,R00090
GSW,Garswood,R00206
GSW,Garswood,R00270
GSW,Garswood,R00454
GSW,Garswood,R01626
GSW,Garswood,R01915
GSY,Guiseley,R00377
GSY,Guiseley,R00623
GSY,Guiseley,R00831
GTA,Great Ayton,R00983
GTA,Great Ayton,R01305
GTA,Great Ayton,R01801
GTA,Great Ayton,R01911
GTH,Garth (Powys),R00385
GTH,Garth (Powys),R00600
GTH,Garth (Powys),R01852
GTN,Grangetown,R00080
GTN,Grangetown,R00266
GTN,Grangetown,R00267
GTN,Grangetown,R00278
GTN,Grangetown,R00339
GTN,Grangetown,R00570
GTN,Grangetown,R00573
GTN,Grangetown,R00593
GTN,Grangetown,R00605
GTN,Grangetown,R00622
GTN,Grangetown,R00682
GTN,Grangetown,R00728
GTN,Grangetown,R00840
GTO,Gorton,R00063
GTO,Gorton,R00432
GTO,Gorton,R00453
GTO,Gorton,R00466
GTO,Gorton,R00473
GTO,Gorton,R00520
GTO,Gorton,R00640
GTO,Gorton,R00781
GTO,Gorton,R00842
GTO,Gorton,R00995
GTO,Gorton,R01007
GTO,Gorton,R01081
GTO,Gorton,R01388
GTO,Gorton,R01908
GTO,Gorton,R02044
GTR,Goostrey,R00527
GTR,Goostrey,R00562
GTR,Goostrey,R00592
GTR,Goostrey,R00724
GTR,Goostrey,R00964
GTR,Goostrey,R02086
GTW,Gatwick Airport,R00043
GTW,Gatwick Airport,R00199
GTW,Gatwick Airport,R00217
GTW,Gatwick Airport,R00233
GTW,Gatwick Airport,R00238
GTW,Gatwick Airport,R00239
GTW,Gatwick Airport,R00248
GTW,Gatwick Airport,R00253
GTW,Gatwick Airport,R00265
GTW,Gatwick Airport,R00271
GTW,Gatwick Airport,R00422
GTW,Gatwick Airport,R00427
GTW,Gatwick Airport,R00451
GTW,Gatwick Airport,R00452
GTW,Gatwick Airport,R00517
GTW,Gatwick Airport,R00627
GTW,Gatwick Airport,R00656
GTW,Gatwick Airport,R00660
GTW,Gatwick Airport,R00727
GTW,Gatwick Airport,R00751
GTW,Gatwick Airport,R00927
GTW,Gatwick Airport,R00968
GTW,Gatwick Airport,R00970
GTW,Gatwick Airport,R00972
GTW,Gatwick Airport,R01011
GTW,Gatwick Airport,R01168
GTW,Gatwick Airport,R01171
GTW,Gatwick Airport,R01180
GTW,Gatwick Airport,R01187
GTW,Gatwick Airport,R01239
GTW,Gatwick Airport,R01241
GTW,Gatwick Airport,R01262
GTW,Gatwick Airport,R01264
GTW,Gatwick Airport,R01272
GTW,Gatwick Airport,R01287
GTW,Gatwick Airport,R01290
GTW,Gatwick Airport,R01291
GTW,Gatwick Airport,R01367
GTW,Gatwick Airport,R01419
GTW,Gatwick Airport,R01600
GTW,Gatwick Airport,R01628
GTW,Gatwick Airport,R01736
GTW,Gatwick Airport,R01755
GTW,Gatwick Airport,R01776
GTW,Gatwick Airport,R01780
GTW,Gatwick Airport,R01898
GTW,Gatwick Airport,R01907
GTW,Gatwick Airport,R01910
GTW,Gatwick Airport,R01939
GTW,Gatwick Airport,R01980
GTW,Gatwick Airport,R01992
GTW,Gatwick Airport,R02090
GTW,Gatwick Airport,R02103
GTY,Gatley,R00142
GTY,Gatley,R00454
GTY,Gatley,R00457
GTY,Gatley,R00521
GTY,Gatley,R00527
GTY,Gatley,R00568
GTY,Gatley,R00579
GTY,Gatley,R00587
GTY,Gatley,R00588
GTY,Gatley,R00640
GTY,Gatley,R00647
GTY,Gatley,R00724
GTY,Gatley,R00842
GTY,Gatley,R00897
GTY,Gatley,R00947
GTY,Gatley,R01077
GTY,Gatley,R01388
GTY,Gatley,R01621
GTY,Gatley,R01622
GTY,Gatley,R01902
GTY,Gatley,R02099
GUI,Guide Bridge,R00063
GUI,Guide Bridge,R00082
GUI,Guide Bridge,R00316
GUI,Guide Bridge,R00326
GUI,Guide Bridge,R00386
GUI,Guide Bridge,R00409
GUI,Guide Bridge,R00432
GUI,Guide Bridge,R00449
GUI,Guide Bridge,R00453
GUI,Guide Bridge,R00466
GUI,Guide Bridge,R00468
GUI,Guide Bridge,R00473
GUI,Guide Bridge,R00520
GUI,Guide Bridge,R00578
GUI,Guide Bridge,R00640
GUI,Guide Bridge,R00662
GUI,Guide Bridge,R00781
GUI,Guide Bridge,R00842
GUI,Guide Bridge,R00931
GUI,Guide Bridge,R00976
GUI,Guide Bridge,R00995
GUI,Guide Bridge,R01007
GUI,Guide Bridge,R01061
GUI,Guide Bridge,R01075
GUI,Guide Bridge,R01081
GUI,Guide Bridge,R01087
GUI,Guide Bridge,R01388
GUI,Guide Bridge,R01908
GUI,Guide Bridge,R01909
GUI,Guide Bridge,R02044
GUN,Gunnersbury,R00252
GUN,Gunnersbury,R00258
GUN,Gunnersbury,R00564
GUN,Gunnersbury,R00567
GUN,Gunnersbury,R01071
GUN,Gunnersbury,R01110
GUN,Gunnersbury,R01121
GUN,Gunnersbury,R01326
GUN,Gunnersbury,R01339
GUN,Gunnersbury,R01341
GUN,Gunnersbury,R01567
GUN,Gunnersbury,R02043
GVE,Garve,R01157
GVE,Garve,R01160
GVH,Gravelly Hill,R00037
GVH,Gravelly Hill,R00040
GVH,Gravelly Hill,R00759
GVH,Gravelly Hill,R01148
GVH,Gravelly Hill,R01158
GVH,Gravelly Hill,R01225
GVH,Gravelly Hill,R01310
GWE,Gwersyllt,R01538
GWE,Gwersyllt,R01539
GWE,Gwersyllt,R01541
GWN,Gowerton,R00034
GWN,Gowerton,R00077
GWN,Gowerton,R00186
GWN,Gowerton,R00385
GWN,Gowerton,R00559
GWN,Gowerton,R00562
GWN,Gowerton,R00600
GWN,Gowerton,R00796
GWN,Gowerton,R00826
GWN,Gowerton,R00828
GWN,Gowerton,R00885
GWN,Gowerton,R00887
GWN,Gowerton,R00916
GWN,Gowerton,R01238
GWN,Gowerton,R01266
GWN,Gowerton,R01537
GWN,Gowerton,R01554
GWN,Gowerton,R01670
GWN,Gowerton,R01738
GWN,Gowerton,R01773
GWN,Gowerton,R01835
GWN,Gowerton,R01852
GWN,Gowerton,R01927
GYM,Great Yarmouth,R00208
GYM,Great Yarmouth,R00787
GYM,Great Yarmouth,R01288
GYM,Great Yarmouth,R01487
GYM,Great Yarmouth,R01495
GYM,Great Yarmouth,R01812
GYM,Great Yarmouth,R01900
GYM,Great Yarmouth,R01901
GYP,Gypsy Lane,R00306
GYP,Gypsy Lane,R00983
GYP,Gypsy Lane,R01118
GYP,Gypsy Lane,R01305
GYP,Gypsy Lane,R01801
GYP,Gypsy Lane,R01911
GYP,Gypsy Lane,R02019
HAB,Habrough,R00061
HAB,Habrough,R00062
HAB,Habrough,R00063
HAB,Habrough,R00513
HAB,Habrough,R00640
HAB,Habrough,R00765
HAB,Habrough,R01362
HAB,Habrough,R01403
HAB,Habrough,R01406
HAB,Habrough,R01412
HAB,Habrough,R01429
HAB,Habrough,R01440
HAB,Habrough,R01441
HAB,Habrough,R01453
HAB,Habrough,R01726
HAC,Hackney Downs,R00151
HAC,Hackney Downs,R00215
HAC,Hackney Downs,R00628
HAC,Hackney Downs,R01203
HAC,Hackney Downs,R01210
HAC,Hackney Downs,R01286
HAC,Hackney Downs,R01348
HAC,Hackney Downs,R01382
HAC,Hackney Downs,R01405
HAC,Hackney Downs,R01540
HAC,Hackney Downs,R01550
HAC,Hackney Downs,R01557
HAC,Hackney Downs,R01685
HAC,Hackney Downs,R01735
HAC,Hackney Downs,R01887
HAC,Hackney Downs,R01917
HAD,Haddiscoe,R00203
HAD,Haddiscoe,R00787
HAD,Haddiscoe,R01268
HAD,Haddiscoe,R01288
HAD,Haddiscoe,R01477
HAF,Heathrow Terminal 4 Rail,R00540
HAF,Heathrow Terminal 4 Rail,R01374
HAF,Heathrow Terminal 4 Rail,R01381
HAF,Heathrow Terminal 4 Rail,R01581
HAF,Heathrow Terminal 4 Rail,R01593
HAF,Heathrow Terminal 4 Rail,R01595
HAF,Heathrow Terminal 4 Rail,R01692
HAF,Heathrow Terminal 4 Rail,R01781
HAF,Heathrow Terminal 4 Rail,R01912
HAG,Hagley,R00088
HAG,Hagley,R00115
HAG,Hagley,R00126
HAG,Hagley,R00246
HAG,Hagley,R00396
HAG,Hagley,R00773
HAG,Hagley,R00776
HAG,Hagley,R00883
HAG,Hagley,R00896
HAG,Hagley,R00901
HAG,Hagley,R01188
HAG,Hagley,R01585
HAG,Hagley,R01924
HAI,Halling,R00188
HAI,Halling,R00731
HAI,Halling,R00732
HAI,Halling,R00733
HAI,Halling,R00734
HAI,Halling,R01041
HAL,Hale,R00512
HAL,Hale,R00519
HAL,Hale,R01133
HAL,Hale,R02013
HAM,Hamworthy,R00329
HAM,Hamworthy,R00331
HAM,Hamworthy,R00431
HAM,Hamworthy,R00746
HAM,Hamworthy,R00757
HAM,Hamworthy,R00808
HAM,Hamworthy,R01067
HAN,Hanwell,R00105
HAN,Hanwell,R00550
HAN,Hanwell,R00850
HAN,Hanwell,R01037
HAN,Hanwell,R01184
HAN,Hanwell,R01374
HAN,Hanwell,R01381
HAN,Hanwell,R01416
HAN,Hanwell,R01432
HAN,Hanwell,R01581
HAN,Hanwell,R01593
HAN,Hanwell,R01595
HAN,Hanwell,R01692
HAN,Hanwell,R01701
HAP,Hatfield Peverel,R00323
HAP,Hatfield Peverel,R00832
HAP,Hatfield Peverel,R00872
HAP,Hatfield Peverel,R00874
HAP,Hatfield Peverel,R00881
HAP,Hatfield Peverel,R00888
HAP,Hatfield Peverel,R00890
HAP,Hatfield Peverel,R01000
HAP,Hatfield Peverel,R01823
HAP,Hatfield Peverel,R01868
HAP,Hatfield Peverel,R01904
HAP,Hatfield Peverel,R01936
HAR,,R01371
HAR,,R01372
HAS,Halesworth,R00492
HAS,Halesworth,R00833
HAS,Halesworth,R01349
HAT,Hatfield,R00073
HAT,Hatfield,R00094
HAT,Hatfield,R00128
HAT,Hatfield,R00129
HAT,Hatfield,R00217
HAT,Hatfield,R00319
HAT,Hatfield,R00321
HAT,Hatfield,R00370
HAT,Hatfield,R00465
HAT,Hatfield,R00485
HAT,Hatfield,R00620
HAT,Hatfield,R00660
HAT,Hatfield,R00705
HAT,Hatfield,R00707
HAT,Hatfield,R00727
HAT,Hatfield,R00749
HAT,Hatfield,R00819
HAT,Hatfield,R00968
HAT,Hatfield,R01283
HAT,Hatfield,R01311
HAT,Hatfield,R01386
HAT,Hatfield,R01492
HAT,Hatfield,R01493
HAT,Hatfield,R01517
HAT,Hatfield,R01663
HAT,Hatfield,R01686
HAT,Hatfield,R01688
HAT,Hatfield,R01737
HAV,Havant,R00043
HAV,Havant,R00199
HAV,Havant,R00399
HAV,Havant,R00417
HAV,Havant,R00643
HAV,Havant,R00655
HAV,Havant,R00656
HAV,Havant,R00657
HAV,Havant,R00658
HAV,Havant,R00659
HAV,Havant,R00725
HAV,Havant,R00737
HAV,Havant,R00739
HAV,Havant,R00742
HAV,Havant,R00743
HAV,Havant,R00748
HAV,Havant,R00753
HAV,Havant,R00812
HAV,Havant,R00914
HAV,Havant,R00969
HAV,Havant,R01011
HAV,Havant,R01039
HAV,Havant,R01043
HAV,Havant,R01068
HAV,Havant,R01070
HAV,Havant,R01079
HAV,Havant,R01080
HAV,Havant,R01083
HAV,Havant,R01084
HAV,Havant,R01097
HAV,Havant,R01146
HAV,Havant,R01367
HAV,Havant,R01505
HAV,Havant,R01774
HAV,Havant,R01791
HAV,Havant,R01930
HAV,Havant,R02089
HAY,Hayes & Harlington,R00105
HAY,Hayes & Harlington,R00362
HAY,Hayes & Harlington,R00387
HAY,Hayes & Harlington,R00540
HAY,Hayes & Harlington,R00550
HAY,Hayes & Harlington,R00582
HAY,Hayes & Harlington,R00850
HAY,Hayes & Harlington,R00917
HAY,Hayes & Harlington,R01037
HAY,Hayes & Harlington,R01038
HAY,Hayes & Harlington,R01056
HAY,Hayes & Harlington,R01184
HAY,Hayes & Harlington,R01374
HAY,Hayes & Harlington,R01381
HAY,Hayes & Harlington,R01416
HAY,Hayes & Harlington,R01581
HAY,Hayes & Harlington,R01593
HAY,Hayes & Harlington,R01595
HAY,Hayes & Harlington,R01644
HAY,Hayes & Harlington,R01652
HAY,Hayes & Harlington,R01656
HAY,Hayes & Harlington,R01657
HAY,Hayes & Harlington,R01658
HAY,Hayes & Harlington,R01692
HAY,Hayes & Harlington,R01694
HAY,Hayes & Harlington,R01701
HAY,Hayes & Harlington,R01781
HAY,Hayes & Harlington,R01912
HAZ,Hazel Grove,R00061
HAZ,Hazel Grove,R00062
HAZ,Hazel Grove,R00063
HAZ,Hazel Grove,R00071
HAZ,Hazel Grove,R00290
HAZ,Hazel Grove,R00336
HAZ,Hazel Grove,R00441
HAZ,Hazel Grove,R00634
HAZ,Hazel Grove,R00635
HAZ,Hazel Grove,R00640
HAZ,Hazel Grove,R00649
HAZ,Hazel Grove,R00673
HAZ,Hazel Grove,R00723
HAZ,Hazel Grove,R00765
HAZ,Hazel Grove,R00830
HAZ,Hazel Grove,R01285
HAZ,Hazel Grove,R01322
HAZ,Hazel Grove,R01727
HAZ,Hazel Grove,R01761
HAZ,Hazel Grove,R01848
HBB,Hubberts Bridge,R00195
HBB,Hubberts Bridge,R00196
HBB,Hubberts Bridge,R00197
HBB,Hubberts Bridge,R00205
HBB,Hubberts Bridge,R00218
HBB,Hubberts Bridge,R00220
HBB,Hubberts Bridge,R00222
HBD,Hebden Bridge,R00119
HBD,Hebden Bridge,R00121
HBD,Hebden Bridge,R00138
HBD,Hebden Bridge,R00193
HBD,Hebden Bridge,R00231
HBD,Hebden Bridge,R00284
HBD,Hebden Bridge,R00360
HBD,Hebden Bridge,R00647
HBD,Hebden Bridge,R00651
HBD,Hebden Bridge,R00652
HBD,Hebden Bridge,R00729
HBD,Hebden Bridge,R00815
HBD,Hebden Bridge,R01165
HBD,Hebden Bridge,R01170
HBD,Hebden Bridge,R01172
HBD,Hebden Bridge,R01608
HBD,Hebden Bridge,R01613
HBD,Hebden Bridge,R01895
HBD,Hebden Bridge,R01974
HBF,,R00412
HBL,Headbolt Lane,R00551
HBL,Headbolt Lane,R00553
HBL,Headbolt Lane,R01053
HBL,Headbolt Lane,R01154
HBL,Headbolt Lane,R01161
HBN,Hollingbourne,R00014
HBN,Hollingbourne,R00221
HBN,Hollingbourne,R00413
HBN,Hollingbourne,R00539
HBN,Hollingbourne,R00542
HBN,Hollingbourne,R00611
HBP,Hornbeam Park,R00614
HBP,Hornbeam Park,R01612
HBP,Hornbeam Park,R01961
HBP,Hornbeam Park,R01998
HBP,Hornbeam Park,R02029
HBP,Hornbeam Park,R02030
HBY,Hartlebury,R00023
HBY,Hartlebury,R00088
HBY,Hartlebury,R00115
HBY,Hartlebury,R00126
HBY,Hartlebury,R00246
HBY,Hartlebury,R00396
HBY,Hartlebury,R00455
HBY,Hartlebury,R00776
HBY,Hartlebury,R00880
HBY,Hartlebury,R00896
HBY,Hartlebury,R00901
HBY,Hartlebury,R01106
HBY,Hartlebury,R01188
HBY,Hartlebury,R01924
HCB,Hackbridge,R00076
HCB,Hackbridge,R00092
HCB,Hackbridge,R00416
HCB,Hackbridge,R00632
HCB,Hackbridge,R00695
HCB,Hackbridge,R00762
HCB,Hackbridge,R00953
HCB,Hackbridge,R00971
HCB,Hackbridge,R01008
HCB,Hackbridge,R01042
HCB,Hackbridge,R01391
HCB,Hackbridge,R01415
HCB,Hackbridge,R01683
HCB,Hackbridge,R02023
HCH,Holmes Chapel,R00527
HCH,Holmes Chapel,R00562
HCH,Holmes Chapel,R00588
HCH,Holmes Chapel,R00592
HCH,Holmes Chapel,R00724
HCH,Holmes Chapel,R00964
HCH,Holmes Chapel,R02086
HCN,Headcorn,R00014
HCN,Headcorn,R00125
HCN,Headcorn,R00256
HCN,Headcorn,R00413
HCN,Headcorn,R00436
HCN,Headcorn,R00514
HCN,Headcorn,R00524
HCN,Headcorn,R00671
HCN,Headcorn,R00857
HCN,Headcorn,R00862
HCN,Headcorn,R01587
HCN,Headcorn,R01636
HCN,Headcorn,R01637
HCN,Headcorn,R01639
HCN,Headcorn,R01645
HCN,Headcorn,R01660
HCT,Huncoat,R00836
HCT,Huncoat,R01320
HDB,Haydon Bridge,R00302
HDB,Haydon Bridge,R00324
HDB,Haydon Bridge,R00463
HDB,Haydon Bridge,R01107
HDB,Haydon Bridge,R01111
HDB,Haydon Bridge,R01114
HDB,Haydon Bridge,R01284
HDB,Haydon Bridge,R01378
HDB,Haydon Bridge,R01523
HDE,Hedge End,R00746
HDE,Hedge End,R00747
HDE,Hedge End,R00866
HDE,Hedge End,R01046
HDE,Hedge End,R01048
HDF,Hadfield,R00386
HDF,Hadfield,R00976
HDF,Hadfield,R00995
HDF,Hadfield,R01007
HDG,Heald Green,R00056
HDG,Heald Green,R00061
HDG,Heald Green,R00063
HDG,Heald Green,R00102
HDG,Heald Green,R00108
HDG,Heald Green,R00112
HDG,Heald Green,R00114
HDG,Heald Green,R00130
HDG,Heald Green,R00142
HDG,Heald Green,R00206
HDG,Heald Green,R00326
HDG,Heald Green,R00341
HDG,Heald Green,R00418
HDG,Heald Green,R00454
HDG,Heald Green,R00457
HDG,Heald Green,R00508
HDG,Heald Green,R00521
HDG,Heald Green,R00527
HDG,Heald Green,R00568
HDG,Heald Green,R00579
HDG,Heald Green,R00587
HDG,Heald Green,R00588
HDG,Heald Green,R00640
HDG,Heald Green,R00647
HDG,Heald Green,R00724
HDG,Heald Green,R00738
HDG,Heald Green,R00758
HDG,Heald Green,R00842
HDG,Heald Green,R00897
HDG,Heald Green,R00947
HDG,Heald Green,R00964
HDG,Heald Green,R01061
HDG,Heald Green,R01073
HDG,Heald Green,R01077
HDG,Heald Green,R01087
HDG,Heald Green,R01088
HDG,Heald Green,R01388
HDG,Heald Green,R01621
HDG,Heald Green,R01622
HDG,Heald Green,R01902
HDG,Heald Green,R02099
HDH,Hampstead Heath,R00177
HDH,Hampstead Heath,R00252
HDH,Hampstead Heath,R00258
HDH,Hampstead Heath,R01093
HDL,Headstone Lane,R00150
HDL,Headstone Lane,R00236
HDM,Haddenham & Thame Parkway,R00004
HDM,Haddenham & Thame Parkway,R00012
HDM,Haddenham & Thame Parkway,R00033
HDM,Haddenham & Thame Parkway,R00036
HDM,Haddenham & Thame Parkway,R00053
HDM,Haddenham & Thame Parkway,R00072
HDM,Haddenham & Thame Parkway,R00158
HDM,Haddenham & Thame Parkway,R00226
HDM,Haddenham & Thame Parkway,R00246
HDM,Haddenham & Thame Parkway,R01508
HDM,Haddenham & Thame Parkway,R01513
HDN,Harlesden,R00008
HDN,Harlesden,R00016
HDN,Harlesden,R00150
HDN,Harlesden,R00224
HDN,Harlesden,R00236
HDN,Harlesden,R00382
HDN,Harlesden,R00795
HDN,Harlesden,R01603
HDW,Hadley Wood,R00094
HDW,Hadley Wood,R00217
HDW,Hadley Wood,R00319
HDW,Hadley Wood,R00321
HDW,Hadley Wood,R00370
HDW,Hadley Wood,R00465
HDW,Hadley Wood,R00485
HDW,Hadley Wood,R00620
HDW,Hadley Wood,R00660
HDW,Hadley Wood,R00705
HDW,Hadley Wood,R00707
HDW,Hadley Wood,R00727
HDW,Hadley Wood,R00749
HDW,Hadley Wood,R00819
HDW,Hadley Wood,R00968
HDW,Hadley Wood,R01283
HDW,Hadley Wood,R01517
HDW,Hadley Wood,R01663
HDW,Hadley Wood,R01686
HDW,Hadley Wood,R01688
HDY,Headingley,R00614
HDY,Headingley,R01532
HDY,Headingley,R01612
HDY,Headingley,R01991
HDY,Headingley,R01998
HDY,Headingley,R02029
HDY,Headingley,R02030
HEC,Heckington,R00195
HEC,Heckington,R00196
HEC,Heckington,R00197
HEC,Heckington,R00205
HEC,Heckington,R00218
HEC,Heckington,R00220
HEC,Heckington,R00222
HED,Halewood,R01059
HED,Halewood,R01353
HED,Halewood,R01562
HED,Halewood,R01566
HED,Halewood,R02052
HED,Halewood,R02053
HEH,,R01371
HEH,,R01372
HEI,Heighington,R01533
HEI,Heighington,R01534
HEI,Heighington,R02003
HEI,Heighington,R02080
HEL,Hensall,R00641
HEL,Hensall,R01964
HEN,Hendon,R00002
HEN,Hendon,R00076
HEN,Hendon,R00079
HEN,Hendon,R00097
HEN,Hendon,R00156
HEN,Hendon,R00188
HEN,Hendon,R00271
HEN,Hendon,R00296
HEN,Hendon,R00298
HEN,Hendon,R00299
HEN,Hendon,R00304
HEN,Hendon,R00398
HEN,Hendon,R00416
HEN,Hendon,R00459
HEN,Hendon,R00506
HEN,Hendon,R00727
HEN,Hendon,R00762
HEN,Hendon,R00810
HEN,Hendon,R00968
HEN,Hendon,R00972
HEN,Hendon,R00992
HEN,Hendon,R01076
HEN,Hendon,R01180
HEN,Hendon,R01187
HEN,Hendon,R01239
HEN,Hendon,R01241
HEN,Hendon,R01262
HEN,Hendon,R01264
HEN,Hendon,R01272
HEN,Hendon,R01425
HEN,Hendon,R01447
HEN,Hendon,R01450
HEN,Hendon,R01600
HEN,Hendon,R01628
HEN,Hendon,R01654
HEN,Hendon,R01724
HEN,Hendon,R01736
HEN,Hendon,R01755
HER,Hersham,R00458
HER,Hersham,R00753
HER,Hersham,R00800
HER,Hersham,R00801
HER,Hersham,R00870
HER,Hersham,R00926
HES,Hessle,R00027
HES,Hessle,R00078
HES,Hessle,R00228
HES,Hessle,R00307
HES,Hessle,R00358
HES,Hessle,R00460
HES,Hessle,R00466
HES,Hessle,R00769
HES,Hessle,R01355
HES,Hessle,R01480
HES,Hessle,R01620
HES,Hessle,R01686
HES,Hessle,R01803
HES,Hessle,R01950
HES,Hessle,R01973
HEV,Hever,R00253
HEV,Hever,R00666
HEV,Hever,R00667
HEV,Hever,R01016
HEW,Heworth,R00302
HEW,Heworth,R00306
HEW,Heworth,R00324
HEW,Heworth,R00983
HEW,Heworth,R01114
HEW,Heworth,R01118
HEW,Heworth,R01305
HEW,Heworth,R01801
HEX,Hexham,R00302
HEX,Hexham,R00324
HEX,Hexham,R00463
HEX,Hexham,R01107
HEX,Hexham,R01111
HEX,Hexham,R01114
HEX,Hexham,R01118
HEX,Hexham,R01284
HEX,Hexham,R01378
HEX,Hexham,R01523
HEZ,,R00546
HEZ,,R00556
HEZ,,R00572
HEZ,,R00636
HEZ,,R00678
HEZ,,R00679
HFD,Hereford,R00034
HFD,Hereford,R00077
HFD,Hereford,R00293
HFD,Hereford,R00362
HFD,Hereford,R00562
HFD,Hereford,R00590
HFD,Hereford,R00592
HFD,Hereford,R00600
HFD,Hereford,R00785
HFD,Hereford,R00796
HFD,Hereford,R00916
HFD,Hereford,R01063
HFD,Hereford,R01123
HFD,Hereford,R01236
HFD,Hereford,R01248
HFD,Hereford,R01265
HFD,Hereford,R01307
HFD,Hereford,R01554
HFD,Hereford,R01738
HFD,Hereford,R01773
HFE,Hertford East,R00144
HFE,Hertford East,R01203
HFE,Hertford East,R01286
HFE,Hertford East,R01405
HFE,Hertford East,R01993
HFN,Hertford North,R00217
HFN,Hertford North,R00271
HFN,Hertford North,R00319
HFN,Hertford North,R00321
HFN,Hertford North,R00370
HFN,Hertford North,R00470
HFN,Hertford North,R00620
HFN,Hertford North,R00628
HFN,Hertford North,R00660
HFN,Hertford North,R00702
HFN,Hertford North,R00707
HFN,Hertford North,R00727
HFN,Hertford North,R00749
HFN,Hertford North,R00970
HFN,Hertford North,R00993
HFN,Hertford North,R01171
HFN,Hertford North,R01383
HFN,Hertford North,R01384
HFN,Hertford North,R01491
HFN,Hertford North,R01494
HFN,Hertford North,R01596
HFN,Hertford North,R01606
HFN,Hertford North,R01646
HFN,Hertford North,R01764
HFS,Hatfield & Stainforth,R00061
HFS,Hatfield & Stainforth,R00062
HFS,Hatfield & Stainforth,R00063
HFS,Hatfield & Stainforth,R00228
HFS,Hatfield & Stainforth,R00303
HFS,Hatfield & Stainforth,R00307
HFS,Hatfield & Stainforth,R00317
HFS,Hatfield & Stainforth,R00640
HFS,Hatfield & Stainforth,R00765
HFS,Hatfield & Stainforth,R01396
HFS,Hatfield & Stainforth,R01480
HFS,Hatfield & Stainforth,R01576
HFS,Hatfield & Stainforth,R01693
HFS,Hatfield & Stainforth,R01726
HFS,Hatfield & Stainforth,R01803
HFS,Hatfield & Stainforth,R01950
HFX,Halifax,R00064
HFX,Halifax,R00073
HFX,Halifax,R00078
HFX,Halifax,R00082
HFX,Halifax,R00119
HFX,Halifax,R00121
HFX,Halifax,R00138
HFX,Halifax,R00193
HFX,Halifax,R00231
HFX,Halifax,R00284
HFX,Halifax,R00360
HFX,Halifax,R00407
HFX,Halifax,R00647
HFX,Halifax,R00651
HFX,Halifax,R00652
HFX,Halifax,R00736
HFX,Halifax,R00815
HFX,Halifax,R01170
HFX,Halifax,R01608
HFX,Halifax,R01613
HFX,Halifax,R01765
HFX,Halifax,R01767
HFX,Halifax,R01771
HFX,Halifax,R01895
HFX,Halifax,R01974
HGD,Hungerford,R00034
HGD,Hungerford,R00372
HGD,Hungerford,R00455
HGD,Hungerford,R00550
HGD,Hungerford,R00582
HGD,Hungerford,R00719
HGD,Hungerford,R00726
HGD,Hungerford,R00941
HGD,Hungerford,R01057
HGD,Hungerford,R01235
HGD,Hungerford,R01237
HGD,Hungerford,R01381
HGD,Hungerford,R01669
HGD,Hungerford,R01712
HGD,Hungerford,R01762
HGD,Hungerford,R02055
HGD,Hungerford,R02067
HGF,Hag Fold,R01040
HGF,Hag Fold,R01053
HGF,Hag Fold,R01154
HGF,Hag Fold,R01161
HGF,Hag Fold,R01167
HGF,Hag Fold,R01178
HGG,Haggerston,R00003
HGG,Haggerston,R00010
HGG,Haggerston,R00020
HGG,Haggerston,R00021
HGG,Haggerston,R00024
HGG,Haggerston,R00075
HGG,Haggerston,R00717
HGM,Higham,R00014
HGM,Higham,R00076
HGM,Higham,R00079
HGM,Higham,R00092
HGM,Higham,R00188
HGM,Higham,R00491
HGM,Higham,R00971
HGM,Higham,R00972
HGM,Higham,R01338
HGM,Higham,R01503
HGM,Higham,R01967
HGM,Higham,R01975
HGM,Higham,R02064
HGN,Hough Green,R00062
HGN,Hough Green,R00063
HGN,Hough Green,R00336
HGN,Hough Green,R00441
HGN,Hough Green,R00765
HGN,Hough Green,R00830
HGN,Hough Green,R01059
HGN,Hough Green,R01353
HGN,Hough Green,R01452
HGN,Hough Green,R01562
HGN,Hough Green,R01563
HGN,Hough Green,R01564
HGN,Hough Green,R01566
HGN,Hough Green,R01570
HGN,Hough Green,R01727
HGN,Hough Green,R01848
HGN,Hough Green,R02052
HGN,Hough Green,R02053
HGR,Hither Green,R00014
HGR,Hither Green,R00018
HGR,Hither Green,R00044
HGR,Hither Green,R00046
HGR,Hither Green,R00052
HGR,Hither Green,R00122
HGR,Hither Green,R00125
HGR,Hither Green,R00221
HGR,Hither Green,R00254
HGR,Hither Green,R00256
HGR,Hither Green,R00343
HGR,Hither Green,R00436
HGR,Hither Green,R00469
HGR,Hither Green,R00488
HGR,Hither Green,R00489
HGR,Hither Green,R00491
HGR,Hither Green,R00524
HGR,Hither Green,R00525
HGR,Hither Green,R00536
HGR,Hither Green,R00610
HGR,Hither Green,R00654
HGR,Hither Green,R01502
HGR,Hither Green,R01578
HGR,Hither Green,R01587
HGR,Hither Green,R01636
HGR,Hither Green,R01637
HGR,Hither Green,R01639
HGR,Hither Green,R01645
HGR,Hither Green,R01660
HGR,Hither Green,R01674
HGR,Hither Green,R01676
HGR,Hither Green,R01800
HGR,Hither Green,R01969
HGR,Hither Green,R01975
HGR,Hither Green,R01976
HGR,Hither Green,R02064
HGR,Hither Green,R02066
HGR,Hither Green,R02073
HGS,Hastings,R00014
HGS,Hastings,R00044
HGS,Hastings,R00046
HGS,Hastings,R00051
HGS,Hastings,R00052
HGS,Hastings,R00125
HGS,Hastings,R00199
HGS,Hastings,R00238
HGS,Hastings,R00452
HGS,Hastings,R00503
HGS,Hastings,R00517
HGS,Hastings,R00530
HGS,Hastings,R00630
HGS,Hastings,R00950
HGS,Hastings,R00990
HGS,Hastings,R01117
HGS,Hastings,R01134
HGS,Hastings,R01168
HGS,Hastings,R01363
HGS,Hastings,R01510
HGS,Hastings,R01630
HGS,Hastings,R02078
HGT,Harrogate,R00073
HGT,Harrogate,R00477
HGT,Harrogate,R00614
HGT,Harrogate,R01612
HGT,Harrogate,R01961
HGT,Harrogate,R01963
HGT,Harrogate,R01998
HGT,Harrogate,R02029
HGT,Harrogate,R02030
HGY,Harringay,R00094
HGY,Harringay,R00128
HGY,Harringay,R00217
HGY,Harringay,R00319
HGY,Harringay,R00321
HGY,Harringay,R00370
HGY,Harringay,R00465
HGY,Harringay,R00485
HGY,Harringay,R00620
HGY,Harringay,R00660
HGY,Harringay,R00702
HGY,Harringay,R00705
HGY,Harringay,R00707
HGY,Harringay,R00727
HGY,Harringay,R00819
HGY,Harringay,R00968
HGY,Harringay,R00993
HGY,Harringay,R01283
HGY,Harringay,R01311
HGY,Harringay,R01313
HGY,Harringay,R01323
HGY,Harringay,R01335
HGY,Harringay,R01517
HGY,Harringay,R01586
HGY,Harringay,R01596
HGY,Harringay,R01606
HGY,Harringay,R01686
HGY,Harringay,R01688
HGY,Harringay,R01737
HHB,Heysham Port,R01598
HHB,Heysham Port,R01994
HHD,Holyhead,R00056
HHD,Holyhead,R00058
HHD,Holyhead,R00418
HHD,Holyhead,R00568
HHD,Holyhead,R00590
HHD,Holyhead,R00592
HHD,Holyhead,R00902
HHD,Holyhead,R01307
HHD,Holyhead,R01395
HHD,Holyhead,R01518
HHD,Holyhead,R01526
HHD,Holyhead,R01710
HHD,Holyhead,R01920
HHD,Holyhead,R02050
HHD,Holyhead,R02051
HHE,Haywards Heath,R00199
HHE,Haywards Heath,R00238
HHE,Haywards Heath,R00239
HHE,Haywards Heath,R00253
HHE,Haywards Heath,R00262
HHE,Haywards Heath,R00265
HHE,Haywards Heath,R00271
HHE,Haywards Heath,R00451
HHE,Haywards Heath,R00452
HHE,Haywards Heath,R00517
HHE,Haywards Heath,R00627
HHE,Haywards Heath,R00660
HHE,Haywards Heath,R00968
HHE,Haywards Heath,R00970
HHE,Haywards Heath,R00972
HHE,Haywards Heath,R01104
HHE,Haywards Heath,R01168
HHE,Haywards Heath,R01241
HHE,Haywards Heath,R01272
HHE,Haywards Heath,R01367
HHE,Haywards Heath,R01393
HHE,Haywards Heath,R01511
HHE,Haywards Heath,R01707
HHE,Haywards Heath,R01779
HHE,Haywards Heath,R01780
HHE,Haywards Heath,R01898
HHE,Haywards Heath,R01922
HHE,Haywards Heath,R01980
HHE,Haywards Heath,R02021
HHE,Haywards Heath,R02090
HHE,Haywards Heath,R02103
HHL,Heath High Level,R00080
HHL,Heath High Level,R00266
HHL,Heath High Level,R00278
HHL,Heath High Level,R00570
HHL,Heath High Level,R00593
HHL,Heath High Level,R00605
HHL,Heath High Level,R00682
HHL,Heath High Level,R00709
HHL,Heath High Level,R00728
HHL,Heath High Level,R00840
HHY,Highbury & Islington,R00702
HHY,Highbury & Islington,R00705
HHY,Highbury & Islington,R00707
HHY,Highbury & Islington,R00993
HHY,Highbury & Islington,R01313
HHY,Highbury & Islington,R01318
HHY,Highbury & Islington,R01323
HHY,Highbury & Islington,R01586
HIA,Hampton-In-Arden,R00056
HIA,Hampton-In-Arden,R00104
HIA,Hampton-In-Arden,R00114
HIA,Hampton-In-Arden,R00638
HIA,Hampton-In-Arden,R00704
HIA,Hampton-In-Arden,R00780
HIA,Hampton-In-Arden,R00816
HIA,Hampton-In-Arden,R00843
HIA,Hampton-In-Arden,R00863
HIA,Hampton-In-Arden,R00899
HIA,Hampton-In-Arden,R00964
HIA,Hampton-In-Arden,R01102
HIA,Hampton-In-Arden,R01280
HIA,Hampton-In-Arden,R01522
HIB,High Brooms,R00014
HIB,High Brooms,R00044
HIB,High Brooms,R00046
HIB,High Brooms,R00052
HIB,High Brooms,R00083
HIB,High Brooms,R00125
HIB,High Brooms,R00254
HIB,High Brooms,R00522
HIB,High Brooms,R01681
HIB,High Brooms,R02078
HID,Hall i' th' Wood,R00101
HID,Hall i' th' Wood,R00337
HID,Hall i' th' Wood,R00340
HID,Hall i' th' Wood,R00730
HID,Hall i' th' Wood,R01033
HIG,Highbridge & Burnham,R00034
HIG,Highbridge & Burnham,R00042
HIG,Highbridge & Burnham,R00371
HIG,Highbridge & Burnham,R00372
HIG,Highbridge & Burnham,R01217
HIG,Highbridge & Burnham,R01246
HIG,Highbridge & Burnham,R01329
HIG,Highbridge & Burnham,R01331
HIG,Highbridge & Burnham,R01332
HIG,Highbridge & Burnham,R01334
HIG,Highbridge & Burnham,R01443
HIG,Highbridge & Burnham,R01467
HIG,Highbridge & Burnham,R01996
HII,,R00177
HII,,R00252
HII,,R00258
HII,,R01092
HII,,R01093
HIL,Hillside,R00557
HIL,Hillside,R01345
HIL,Hillside,R01611
HIN,Hindley,R00059
HIN,Hindley,R00069
HIN,Hindley,R00074
HIN,Hindley,R00084
HIN,Hindley,R00408
HIN,Hindley,R01040
HIN,Hindley,R01053
HIN,Hindley,R01091
HIN,Hindley,R01154
HIN,Hindley,R01161
HIN,Hindley,R01167
HIN,Hindley,R01178
HIN,Hindley,R01619
HIN,Hindley,R01678
HIP,Highams Park,R01286
HIP,Highams Park,R01550
HIP,Highams Park,R01557
HIR,Horton in Ribblesdale,R00374
HIR,Horton in Ribblesdale,R00827
HIR,Horton in Ribblesdale,R01125
HIR,Horton in Ribblesdale,R01274
HIT,Hitchin,R00064
HIT,Hitchin,R00066
HIT,Hitchin,R00073
HIT,Hitchin,R00082
HIT,Hitchin,R00094
HIT,Hitchin,R00128
HIT,Hitchin,R00129
HIT,Hitchin,R00217
HIT,Hitchin,R00271
HIT,Hitchin,R00319
HIT,Hitchin,R00321
HIT,Hitchin,R00361
HIT,Hitchin,R00365
HIT,Hitchin,R00370
HIT,Hitchin,R00373
HIT,Hitchin,R00464
HIT,Hitchin,R00465
HIT,Hitchin,R00470
HIT,Hitchin,R00477
HIT,Hitchin,R00485
HIT,Hitchin,R00496
HIT,Hitchin,R00507
HIT,Hitchin,R00620
HIT,Hitchin,R00628
HIT,Hitchin,R00660
HIT,Hitchin,R00689
HIT,Hitchin,R00690
HIT,Hitchin,R00707
HIT,Hitchin,R00727
HIT,Hitchin,R00749
HIT,Hitchin,R00819
HIT,Hitchin,R00968
HIT,Hitchin,R00970
HIT,Hitchin,R01171
HIT,Hitchin,R01180
HIT,Hitchin,R01311
HIT,Hitchin,R01383
HIT,Hitchin,R01494
HIT,Hitchin,R01596
HIT,Hitchin,R01686
HIT,Hitchin,R01687
HIT,Hitchin,R01869
HKC,Hackney Central,R00177
HKC,Hackney Central,R00252
HKC,Hackney Central,R00258
HKC,Hackney Central,R01092
HKC,Hackney Central,R01093
HKH,Hawkhead,R00096
HKH,Hawkhead,R00393
HKH,Hawkhead,R01640
HKH,Hawkhead,R01641
HKM,Hykeham,R00062
HKM,Hykeham,R00109
HKM,Hykeham,R00214
HKM,Hykeham,R00459
HKM,Hykeham,R00513
HKM,Hykeham,R00764
HKM,Hykeham,R00765
HKM,Hykeham,R01207
HKM,Hykeham,R01403
HKM,Hykeham,R01412
HKM,Hykeham,R01425
HKM,Hykeham,R01426
HKM,Hykeham,R01427
HKM,Hykeham,R01440
HKM,Hykeham,R01441
HKN,Hucknall,R01366
HKN,Hucknall,R01433
HKN,Hucknall,R01434
HKN,Hucknall,R01435
HKN,Hucknall,R01436
HKN,Hucknall,R01451
HKW,Hackney Wick,R00177
HKW,Hackney Wick,R00252
HKW,Hackney Wick,R00258
HKW,Hackney Wick,R01092
HKW,Hackney Wick,R01093
HLB,Hildenborough,R00014
HLB,Hildenborough,R00044
HLB,Hildenborough,R00046
HLB,Hildenborough,R00125
HLB,Hildenborough,R00254
HLB,Hildenborough,R00514
HLB,Hildenborough,R00522
HLB,Hildenborough,R00525
HLB,Hildenborough,R01587
HLB,Hildenborough,R01636
HLB,Hildenborough,R01637
HLB,Hildenborough,R01639
HLB,Hildenborough,R01660
HLB,Hildenborough,R02093
HLC,Helensburgh Central,R00106
HLC,Helensburgh Central,R00179
HLC,Helensburgh Central,R00289
HLC,Helensburgh Central,R01155
HLC,Helensburgh Central,R01837
HLD,Hellifield,R00374
HLD,Hellifield,R00487
HLD,Hellifield,R00827
HLD,Hellifield,R01098
HLD,Hellifield,R01125
HLD,Hellifield,R01274
HLD,Hellifield,R01543
HLD,Hellifield,R01545
HLD,Hellifield,R01551
HLD,Hellifield,R01717
HLD,Hellifield,R02011
HLE,Hillington East,R00099
HLE,Hillington East,R00190
HLE,Hillington East,R00426
HLE,Hillington East,R01213
HLE,Hillington East,R01254
HLE,Hillington East,R01255
HLF,Hillfoot,R00179
HLF,Hillfoot,R00289
HLF,Hillfoot,R00375
HLF,Hillfoot,R00480
HLF,Hillfoot,R01021
HLF,Hillfoot,R01155
HLF,Hillfoot,R01808
HLF,Hillfoot,R01875
HLF,Hillfoot,R01876
HLF,Hillfoot,R01880
HLG,Hall Green,R00115
HLG,Hall Green,R00768
HLG,Hall Green,R00770
HLG,Hall Green,R00773
HLG,Hall Green,R00775
HLG,Hall Green,R00776
HLG,Hall Green,R00788
HLG,Hall Green,R00883
HLG,Hall Green,R00892
HLI,Healing,R00640
HLI,Healing,R00765
HLI,Healing,R01403
HLI,Healing,R01406
HLI,Healing,R01429
HLI,Healing,R01453
HLI,Healing,R01726
HLL,Heath Low Level,R00570
HLL,Heath Low Level,R00573
HLL,Heath Low Level,R01232
HLM,Holmwood,R00953
HLM,Holmwood,R01042
HLM,Holmwood,R01512
HLM,Holmwood,R01858
HLN,Harlington,R00097
HLN,Harlington,R00156
HLN,Harlington,R00271
HLN,Harlington,R00298
HLN,Harlington,R00398
HLN,Harlington,R00506
HLN,Harlington,R00727
HLN,Harlington,R00762
HLN,Harlington,R00968
HLN,Harlington,R00972
HLN,Harlington,R00992
HLN,Harlington,R01076
HLN,Harlington,R01180
HLN,Harlington,R01187
HLN,Harlington,R01239
HLN,Harlington,R01241
HLN,Harlington,R01272
HLN,Harlington,R01450
HLN,Harlington,R01600
HLN,Harlington,R01628
HLN,Harlington,R01724
HLN,Harlington,R01736
HLN,Harlington,R01755
HLR,Hall Road,R00557
HLR,Hall Road,R01345
HLR,Hall Road,R01611
HLS,Hilsea,R00043
HLS,Hilsea,R00199
HLS,Hilsea,R00399
HLS,Hilsea,R00643
HLS,Hilsea,R00655
HLS,Hilsea,R00657
HLS,Hilsea,R00659
HLS,Hilsea,R00725
HLS,Hilsea,R00737
HLS,Hilsea,R00742
HLS,Hilsea,R00746
HLS,Hilsea,R00747
HLS,Hilsea,R00748
HLS,Hilsea,R00866
HLS,Hilsea,R00877
HLS,Hilsea,R00878
HLS,Hilsea,R01039
HLS,Hilsea,R01046
HLS,Hilsea,R01048
HLS,Hilsea,R01070
HLS,Hilsea,R01146
HLS,Hilsea,R01367
HLS,Hilsea,R01505
HLS,Hilsea,R01774
HLS,Hilsea,R01791
HLU,Helensburgh Upper,R00287
HLU,Helensburgh Upper,R01138
HLU,Helensburgh Upper,R01139
HLU,Helensburgh Upper,R01295
HLU,Helensburgh Upper,R01297
HLU,Helensburgh Upper,R01865
HLU,Helensburgh Upper,R02062
HLU,Helensburgh Upper,R02097
HLW,Hillington West,R00099
HLW,Hillington West,R00190
HLW,Hillington West,R00426
HLW,Hillington West,R01150
HLW,Hillington West,R01213
HLW,Hillington West,R01254
HLW,Hillington West,R01255
HLY,Holytown,R00183
HLY,Holytown,R00184
HLY,Holytown,R01176
HLY,Holytown,R01270
HLY,Holytown,R01303
HLY,Holytown,R01464
HLY,Holytown,R01790
HMC,Hampton Court,R00961
HMC,Hampton Court,R00962
HMD,Hampden Park,R00051
HMD,Hampden Park,R00199
HMD,Hampden Park,R00238
HMD,Hampden Park,R00253
HMD,Hampden Park,R00262
HMD,Hampden Park,R00451
HMD,Hampden Park,R00452
HMD,Hampden Park,R00503
HMD,Hampden Park,R00517
HMD,Hampden Park,R00530
HMD,Hampden Park,R00627
HMD,Hampden Park,R00630
HMD,Hampden Park,R00950
HMD,Hampden Park,R00990
HMD,Hampden Park,R01117
HMD,Hampden Park,R01134
HMD,Hampden Park,R01168
HMD,Hampden Park,R01363
HMD,Hampden Park,R01390
HMD,Hampden Park,R01510
HMD,Hampden Park,R01630
HMD,Hampden Park,R01779
HMD,Hampden Park,R02022
HME,Hamble,R00399
HME,Hamble,R00737
HME,Hamble,R00739
HME,Hamble,R00742
HME,Hamble,R00753
HME,Hamble,R00877
HME,Hamble,R00878
HME,Hamble,R00903
HME,Hamble,R00914
HME,Hamble,R00969
HME,Hamble,R00985
HME,Hamble,R01667
HME,Hamble,R02089
HML,Hemel Hempstead,R00056
HML,Hemel Hempstead,R00093
HML,Hemel Hempstead,R00131
HML,Hemel Hempstead,R00390
HML,Hemel Hempstead,R00638
HML,Hemel Hempstead,R00806
HML,Hemel Hempstead,R00829
HML,Hemel Hempstead,R00841
HML,Hemel Hempstead,R00879
HML,Hemel Hempstead,R01074
HMM,Hammerton,R00614
HMM,Hammerton,R01612
HMN,Homerton,R00177
HMN,Homerton,R00252
HMN,Homerton,R00258
HMN,Homerton,R01092
HMN,Homerton,R01093
HMP,Hampton,R00718
HMP,Hampton,R00802
HMP,Hampton,R00804
HMP,Hampton,R00864
HMP,Hampton,R00943
HMP,Hampton,R00945
HMP,Hampton,R00946
HMS,Helmsdale,R01156
HMS,Helmsdale,R01157
HMS,Helmsdale,R01159
HMT,Ham Street,R00503
HMT,Ham Street,R00950
HMT,Ham Street,R00990
HMT,Ham Street,R01117
HMT,Ham Street,R01134
HMW,Hampton Wick,R00802
HMW,Hampton Wick,R00804
HMW,Hampton Wick,R00864
HMW,Hampton Wick,R00943
HMW,Hampton Wick,R00945
HMW,Hampton Wick,R00946
HMW,Hampton Wick,R00987
HMW,Hampton Wick,R01253
HMW,Hampton Wick,R01978
HMY,Hairmyres,R00116
HMY,Hairmyres,R00118
HMY,Hairmyres,R00120
HMY,Hairmyres,R01846
HMY,Hairmyres,R01847
HNA,Hinton Admiral,R00329
HNA,Hinton Admiral,R00331
HNA,Hinton Admiral,R00431
HNA,Hinton Admiral,R00626
HNA,Hinton Admiral,R00629
HNA,Hinton Admiral,R00631
HNA,Hinton Admiral,R00746
HNA,Hinton Admiral,R00753
HNA,Hinton Admiral,R00783
HNA,Hinton Admiral,R00786
HNA,Hinton Admiral,R00808
HNB,Herne Bay,R00125
HNB,Herne Bay,R00343
HNB,Herne Bay,R00413
HNB,Herne Bay,R00436
HNB,Herne Bay,R00437
HNB,Herne Bay,R00514
HNB,Herne Bay,R00684
HNB,Herne Bay,R00854
HNB,Herne Bay,R01333
HNB,Herne Bay,R01568
HNB,Herne Bay,R01615
HNB,Herne Bay,R01967
HNB,Herne Bay,R01969
HNB,Herne Bay,R01971
HNC,Hamilton Central,R00030
HNC,Hamilton Central,R00136
HNC,Hamilton Central,R00378
HNC,Hamilton Central,R00480
HNC,Hamilton Central,R00858
HNC,Hamilton Central,R00988
HNC,Hamilton Central,R01021
HNC,Hamilton Central,R01792
HNC,Hamilton Central,R01808
HND,Hanborough,R00034
HND,Hanborough,R00362
HND,Hanborough,R00368
HND,Hanborough,R00387
HND,Hanborough,R00583
HND,Hanborough,R01037
HND,Hanborough,R01222
HND,Hanborough,R01298
HND,Hanborough,R01506
HND,Hanborough,R01732
HND,Hanborough,R01733
HND,Hanborough,R02054
HND,Hanborough,R02056
HNF,Hednesford,R00863
HNF,Hednesford,R00907
HNF,Hednesford,R01002
HNF,Hednesford,R01004
HNF,Hednesford,R01497
HNF,Hednesford,R01498
HNF,Hednesford,R01834
HNG,Hengoed,R00080
HNG,Hengoed,R00266
HNG,Hengoed,R00278
HNG,Hengoed,R00605
HNG,Hengoed,R00682
HNG,Hengoed,R00709
HNG,Hengoed,R00728
HNG,Hengoed,R00840
HNH,Herne Hill,R00002
HNH,Herne Hill,R00076
HNH,Herne Hill,R00092
HNH,Herne Hill,R00221
HNH,Herne Hill,R00294
HNH,Herne Hill,R00343
HNH,Herne Hill,R00345
HNH,Herne Hill,R00398
HNH,Herne Hill,R00413
HNH,Herne Hill,R00415
HNH,Herne Hill,R00416
HNH,Herne Hill,R00514
HNH,Herne Hill,R00528
HNH,Herne Hill,R00539
HNH,Herne Hill,R00542
HNH,Herne Hill,R00603
HNH,Herne Hill,R00762
HNH,Herne Hill,R00857
HNH,Herne Hill,R00862
HNH,Herne Hill,R00968
HNH,Herne Hill,R00971
HNH,Herne Hill,R01097
HNH,Herne Hill,R01171
HNH,Herne Hill,R01180
HNH,Herne Hill,R01241
HNH,Herne Hill,R01283
HNH,Herne Hill,R01590
HNH,Herne Hill,R01615
HNH,Herne Hill,R02063
HNH,Herne Hill,R02065
HNK,Hinckley,R00029
HNK,Hinckley,R00187
HNK,Hinckley,R00379
HNK,Hinckley,R00825
HNK,Hinckley,R00954
HNK,Hinckley,R00973
HNK,Hinckley,R00974
HNK,Hinckley,R01553
HNL,Henley-In-Arden,R00115
HNL,Henley-In-Arden,R00768
HNL,Henley-In-Arden,R00770
HNL,Henley-In-Arden,R00773
HNL,Henley-In-Arden,R00775
HNL,Henley-In-Arden,R00776
HNL,Henley-In-Arden,R00892
HNL,Henley-In-Arden,R01486
HNL,Henley-In-Arden,R01488
HNT,Huntly,R00139
HNT,Huntly,R00467
HNT,Huntly,R00476
HNT,Huntly,R00750
HNT,Huntly,R01028
HNT,Huntly,R01130
HNT,Huntly,R01315
HNW,Hamilton West,R00030
HNW,Hamilton West,R00136
HNW,Hamilton West,R00378
HNW,Hamilton West,R00480
HNW,Hamilton West,R00858
HNW,Hamilton West,R00988
HNW,Hamilton West,R01021
HNW,Hamilton West,R01792
HNW,Hamilton West,R01808
HNX,Hunts Cross,R00062
HNX,Hunts Cross,R00063
HNX,Hunts Cross,R00336
HNX,Hunts Cross,R00441
HNX,Hunts Cross,R00765
HNX,Hunts Cross,R00830
HNX,Hunts Cross,R01003
HNX,Hunts Cross,R01059
HNX,Hunts Cross,R01353
HNX,Hunts Cross,R01430
HNX,Hunts Cross,R01452
HNX,Hunts Cross,R01562
HNX,Hunts Cross,R01563
HNX,Hunts Cross,R01564
HNX,Hunts Cross,R01566
HNX,Hunts Cross,R01570
HNX,Hunts Cross,R01727
HNX,Hunts Cross,R01759
HNX,Hunts Cross,R01848
HNX,Hunts Cross,R02052
HNX,Hunts Cross,R02053
HNY,,R00251
HNY,,R00813
HNY,,R01162
HNY,,R01182
HOC,Hockley,R00832
HOC,Hockley,R00898
HOC,Hockley,R01269
HOC,Hockley,R01653
HOH,Harrow-on-the-Hill,R00017
HOH,Harrow-on-the-Hill,R01308
HOH,Harrow-on-the-Hill,R01410
HOK,Hook,R00329
HOK,Hook,R00440
HOK,Hook,R00747
HOK,Hook,R00753
HOK,Hook,R00782
HOK,Hook,R00805
HOK,Hook,R00866
HOK,Hook,R01048
HOK,Hook,R01224
HOK,Hook,R01226
HOK,Hook,R01760
HOL,Holton Heath,R00329
HOL,Holton Heath,R00331
HOL,Holton Heath,R00431
HOL,Holton Heath,R00746
HOL,Holton Heath,R00808
HOL,Holton Heath,R01067
HON,Honiton,R00331
HON,Honiton,R00550
HON,Honiton,R00604
HON,Honiton,R00670
HON,Honiton,R00677
HON,Honiton,R00711
HON,Honiton,R00712
HON,Honiton,R00713
HON,Honiton,R00761
HOO,Hooton,R00500
HOO,Hooton,R00502
HOO,Hooton,R00505
HOO,Hooton,R00511
HOO,Hooton,R00552
HOO,Hooton,R00558
HOO,Hooton,R00563
HOP,Hope (Derbyshire),R00063
HOP,Hope (Derbyshire),R00290
HOP,Hope (Derbyshire),R00634
HOP,Hope (Derbyshire),R00771
HOP,Hope (Derbyshire),R00772
HOP,Hope (Derbyshire),R00790
HOP,Hope (Derbyshire),R00830
HOP,Hope (Derbyshire),R01761
HOR,Horley,R00199
HOR,Horley,R00217
HOR,Horley,R00233
HOR,Horley,R00238
HOR,Horley,R00239
HOR,Horley,R00265
HOR,Horley,R00271
HOR,Horley,R00452
HOR,Horley,R00660
HOR,Horley,R00727
HOR,Horley,R00751
HOR,Horley,R00968
HOR,Horley,R00972
HOR,Horley,R01171
HOR,Horley,R01180
HOR,Horley,R01187
HOR,Horley,R01240
HOR,Horley,R01241
HOR,Horley,R01262
HOR,Horley,R01264
HOR,Horley,R01272
HOR,Horley,R01367
HOR,Horley,R01628
HOR,Horley,R01776
HOR,Horley,R01780
HOR,Horley,R01898
HOR,Horley,R01910
HOR,Horley,R01939
HOT,Henley-On-Thames,R00050
HOT,Henley-On-Thames,R00789
HOT,Henley-On-Thames,R01164
HOT,Henley-On-Thames,R01458
HOU,Hounslow,R00699
HOU,Hounslow,R00745
HOU,Hounslow,R00804
HOU,Hounslow,R00859
HOU,Hounslow,R00865
HOU,Hounslow,R01024
HOU,Hounslow,R01032
HOU,Hounslow,R01064
HOU,Hounslow,R01913
HOU,Hounslow,R01981
HOU,Hounslow,R02102
HOV,Hove,R00043
HOV,Hove,R00199
HOV,Hove,R00239
HOV,Hove,R00253
HOV,Hove,R00657
HOV,Hove,R00740
HOV,Hove,R00742
HOV,Hove,R00743
HOV,Hove,R00748
HOV,Hove,R00812
HOV,Hove,R00930
HOV,Hove,R00967
HOV,Hove,R00969
HOV,Hove,R01009
HOV,Hove,R01039
HOV,Hove,R01097
HOV,Hove,R01367
HOV,Hove,R01419
HOV,Hove,R01780
HOV,Hove,R01922
HOV,Hove,R01930
HOV,Hove,R02103
HOW,Howden,R00027
HOW,Howden,R00073
HOW,Howden,R00078
HOW,Howden,R00082
HOW,Howden,R00228
HOW,Howden,R00307
HOW,Howden,R00316
HOW,Howden,R00317
HOW,Howden,R00358
HOW,Howden,R00409
HOW,Howden,R00460
HOW,Howden,R00466
HOW,Howden,R00769
HOW,Howden,R01355
HOW,Howden,R01398
HOW,Howden,R01400
HOW,Howden,R01404
HOW,Howden,R01480
HOW,Howden,R01605
HOW,Howden,R01623
HOW,Howden,R01686
HOW,Howden,R01687
HOW,Howden,R01714
HOW,Howden,R01973
HOX,Hoxton,R00003
HOX,Hoxton,R00010
HOX,Hoxton,R00020
HOX,Hoxton,R00021
HOX,Hoxton,R00024
HOX,Hoxton,R00075
HOX,Hoxton,R00717
HOY,Honley,R00011
HOY,Honley,R00038
HOY,Honley,R01756
HOZ,Howwood,R00163
HOZ,Howwood,R00166
HOZ,Howwood,R01150
HOZ,Howwood,R01205
HOZ,Howwood,R01213
HPA,Honor Oak Park,R00003
HPA,Honor Oak Park,R00020
HPA,Honor Oak Park,R00075
HPA,Honor Oak Park,R00240
HPA,Honor Oak Park,R00241
HPA,Honor Oak Park,R00243
HPA,Honor Oak Park,R00575
HPA,Honor Oak Park,R00663
HPA,Honor Oak Park,R00667
HPA,Honor Oak Park,R00717
HPA,Honor Oak Park,R00727
HPA,Honor Oak Park,R00837
HPA,Honor Oak Park,R00952
HPA,Honor Oak Park,R00968
HPA,Honor Oak Park,R01180
HPA,Honor Oak Park,R01241
HPA,Honor Oak Park,R01399
HPA,Honor Oak Park,R01565
HPA,Honor Oak Park,R01600
HPD,Harpenden,R00002
HPD,Harpenden,R00076
HPD,Harpenden,R00079
HPD,Harpenden,R00097
HPD,Harpenden,R00156
HPD,Harpenden,R00188
HPD,Harpenden,R00271
HPD,Harpenden,R00298
HPD,Harpenden,R00398
HPD,Harpenden,R00506
HPD,Harpenden,R00727
HPD,Harpenden,R00762
HPD,Harpenden,R00968
HPD,Harpenden,R00972
HPD,Harpenden,R00992
HPD,Harpenden,R01076
HPD,Harpenden,R01180
HPD,Harpenden,R01187
HPD,Harpenden,R01239
HPD,Harpenden,R01241
HPD,Harpenden,R01262
HPD,Harpenden,R01264
HPD,Harpenden,R01272
HPD,Harpenden,R01450
HPD,Harpenden,R01600
HPD,Harpenden,R01628
HPD,Harpenden,R01724
HPD,Harpenden,R01736
HPD,Harpenden,R01755
HPE,Hope (Flintshire),R01538
HPE,Hope (Flintshire),R01539
HPE,Hope (Flintshire),R01541
HPL,Hartlepool,R00066
HPL,Hartlepool,R00073
HPL,Hartlepool,R00302
HPL,Hartlepool,R00306
HPL,Hartlepool,R00324
HPL,Hartlepool,R00983
HPL,Hartlepool,R01114
HPL,Hartlepool,R01118
HPL,Hartlepool,R01305
HPL,Hartlepool,R01378
HPL,Hartlepool,R01801
HPN,Hapton,R00836
HPN,Hapton,R01320
HPQ,Harwich International,R00509
HPQ,Harwich International,R00595
HPQ,Harwich International,R00596
HPQ,Harwich International,R00832
HPQ,Harwich International,R00833
HPQ,Harwich International,R01000
HPQ,Harwich International,R01349
HPQ,Harwich International,R01359
HPQ,Harwich International,R01823
HPQ,Harwich International,R01824
HPQ,Harwich International,R01916
HPT,Hopton Heath,R00385
HPT,Hopton Heath,R00600
HPT,Hopton Heath,R01672
HPT,Hopton Heath,R01852
HRD,Harling Road,R00954
HRD,Harling Road,R01470
HRD,Harling Road,R01983
HRE,Horden,R00302
HRE,Horden,R00306
HRE,Horden,R00983
HRE,Horden,R01114
HRE,Horden,R01118
HRE,Horden,R01305
HRE,Horden,R01801
HRH,Horsham,R00043
HRH,Horsham,R00199
HRH,Horsham,R00217
HRH,Horsham,R00248
HRH,Horsham,R00253
HRH,Horsham,R00633
HRH,Horsham,R00655
HRH,Horsham,R00656
HRH,Horsham,R00657
HRH,Horsham,R00658
HRH,Horsham,R00659
HRH,Horsham,R00727
HRH,Horsham,R00812
HRH,Horsham,R00953
HRH,Horsham,R01011
HRH,Horsham,R01042
HRH,Horsham,R01171
HRH,Horsham,R01367
HRH,Horsham,R01419
HRH,Horsham,R01512
HRH,Horsham,R01776
HRH,Horsham,R01780
HRH,Horsham,R01858
HRL,Harlech,R00068
HRL,Harlech,R00330
HRM,Harrietsham,R00014
HRM,Harrietsham,R00221
HRM,Harrietsham,R00413
HRM,Harrietsham,R00539
HRM,Harrietsham,R00542
HRM,Harrietsham,R00611
HRN,Hornsey,R00319
HRN,Hornsey,R00321
HRN,Hornsey,R00370
HRN,Hornsey,R00465
HRN,Hornsey,R00485
HRN,Hornsey,R00620
HRN,Hornsey,R00660
HRN,Hornsey,R00702
HRN,Hornsey,R00705
HRN,Hornsey,R00707
HRN,Hornsey,R00727
HRN,Hornsey,R00749
HRN,Hornsey,R00819
HRN,Hornsey,R00968
HRN,Hornsey,R00993
HRN,Hornsey,R01283
HRN,Hornsey,R01517
HRN,Hornsey,R01586
HRN,Hornsey,R01596
HRN,Hornsey,R01606
HRN,Hornsey,R01686
HRO,Harold Wood,R00207
HRO,Harold Wood,R00323
HRO,Harold Wood,R00832
HRO,Harold Wood,R00850
HRO,Harold Wood,R00881
HRO,Harold Wood,R00882
HRO,Harold Wood,R00888
HRO,Harold Wood,R00898
HRO,Harold Wood,R01038
HRO,Harold Wood,R01184
HRO,Harold Wood,R01431
HRO,Harold Wood,R01692
HRR,Harrington,R00391
HRR,Harrington,R00394
HRR,Harrington,R01588
HRR,Harrington,R01589
HRS,Horsforth,R00073
HRS,Horsforth,R00477
HRS,Horsforth,R00614
HRS,Horsforth,R01532
HRS,Horsforth,R01612
HRS,Horsforth,R01961
HRS,Horsforth,R01963
HRS,Horsforth,R01991
HRS,Horsforth,R01998
HRS,Horsforth,R02029
HRS,Horsforth,R02030
HRW,Harrow & Wealdstone,R00056
HRW,Harrow & Wealdstone,R00077
HRW,Harrow & Wealdstone,R00093
HRW,Harrow & Wealdstone,R00102
HRW,Harrow & Wealdstone,R00104
HRW,Harrow & Wealdstone,R00114
HRW,Harrow & Wealdstone,R00131
HRW,Harrow & Wealdstone,R00177
HRW,Harrow & Wealdstone,R00283
HRW,Harrow & Wealdstone,R00286
HRW,Harrow & Wealdstone,R00311
HRW,Harrow & Wealdstone,R00314
HRW,Harrow & Wealdstone,R00390
HRW,Harrow & Wealdstone,R00403
HRW,Harrow & Wealdstone,R00589
HRW,Harrow & Wealdstone,R00602
HRW,Harrow & Wealdstone,R00638
HRW,Harrow & Wealdstone,R00704
HRW,Harrow & Wealdstone,R00806
HRW,Harrow & Wealdstone,R00829
HRW,Harrow & Wealdstone,R00838
HRW,Harrow & Wealdstone,R00841
HRW,Harrow & Wealdstone,R00845
HRW,Harrow & Wealdstone,R00863
HRW,Harrow & Wealdstone,R00879
HRW,Harrow & Wealdstone,R00905
HRW,Harrow & Wealdstone,R00964
HRW,Harrow & Wealdstone,R00979
HRW,Harrow & Wealdstone,R01055
HRW,Harrow & Wealdstone,R01074
HRW,Harrow & Wealdstone,R01077
HRW,Harrow & Wealdstone,R01102
HRW,Harrow & Wealdstone,R01267
HRW,Harrow & Wealdstone,R01279
HRW,Harrow & Wealdstone,R01281
HRW,Harrow & Wealdstone,R01307
HRW,Harrow & Wealdstone,R01432
HRW,Harrow & Wealdstone,R01514
HRW,Harrow & Wealdstone,R01515
HRW,Harrow & Wealdstone,R01522
HRW,Harrow & Wealdstone,R01690
HRW,Harrow & Wealdstone,R01691
HRW,Harrow & Wealdstone,R01697
HRW,Harrow & Wealdstone,R01706
HRW,Harrow & Wealdstone,R01905
HRW,Harrow & Wealdstone,R02086
HRY,Harringay Green Lanes,R00510
HRY,Harringay Green Lanes,R01019
HSB,Helsby,R00058
HSB,Helsby,R00349
HSB,Helsby,R00352
HSB,Helsby,R00418
HSB,Helsby,R00561
HSB,Helsby,R00565
HSB,Helsby,R00568
HSB,Helsby,R00579
HSB,Helsby,R00760
HSB,Helsby,R00891
HSB,Helsby,R00897
HSB,Helsby,R01047
HSB,Helsby,R01552
HSB,Helsby,R01789
HSB,Helsby,R02033
HSB,Helsby,R02035
HSB,Helsby,R02039
HSC,Hoscar,R00059
HSC,Hoscar,R00069
HSC,Hoscar,R01678
HSC,Hoscar,R01713
HSD,Hamstead,R00104
HSD,Hamstead,R00863
HSD,Hamstead,R00907
HSD,Hamstead,R01275
HSD,Hamstead,R01497
HSD,Hamstead,R01834
HSG,Hathersage,R00061
HSG,Hathersage,R00063
HSG,Hathersage,R00290
HSG,Hathersage,R00634
HSG,Hathersage,R00640
HSG,Hathersage,R00771
HSG,Hathersage,R00772
HSG,Hathersage,R00790
HSG,Hathersage,R00830
HSG,Hathersage,R01073
HSG,Hathersage,R01761
HSG,Hathersage,R01968
HSK,Hassocks,R00199
HSK,Hassocks,R00239
HSK,Hassocks,R00265
HSK,Hassocks,R00452
HSK,Hassocks,R00660
HSK,Hassocks,R00968
HSK,Hassocks,R00970
HSK,Hassocks,R00972
HSK,Hassocks,R01241
HSK,Hassocks,R01367
HSK,Hassocks,R01511
HSK,Hassocks,R01898
HSL,Haslemere,R00417
HSL,Haslemere,R00643
HSL,Haslemere,R00657
HSL,Haslemere,R00725
HSL,Haslemere,R00737
HSL,Haslemere,R00753
HSL,Haslemere,R00812
HSL,Haslemere,R01020
HSL,Haslemere,R01068
HSL,Haslemere,R01070
HSL,Haslemere,R01079
HSL,Haslemere,R01080
HSL,Haslemere,R01083
HSL,Haslemere,R01084
HSL,Haslemere,R01774
HSL,Haslemere,R01791
HST,High Street,R00106
HST,High Street,R00179
HST,High Street,R00289
HST,High Street,R00375
HST,High Street,R00378
HST,High Street,R00480
HST,High Street,R00988
HST,High Street,R01155
HST,High Street,R01173
HST,High Street,R01591
HST,High Street,R01844
HST,High Street,R01875
HST,High Street,R01876
HST,High Street,R01879
HST,High Street,R01880
HSW,Heswall,R01538
HSW,Heswall,R01539
HSW,Heswall,R01541
HSY,Horsley,R00322
HSY,Horsley,R00799
HSY,Horsley,R00867
HSY,Horsley,R00928
HSY,Horsley,R00929
HTC,Heaton Chapel,R00071
HTC,Heaton Chapel,R00336
HTC,Heaton Chapel,R00519
HTC,Heaton Chapel,R00562
HTC,Heaton Chapel,R00592
HTC,Heaton Chapel,R00634
HTC,Heaton Chapel,R00635
HTC,Heaton Chapel,R00640
HTC,Heaton Chapel,R00649
HTC,Heaton Chapel,R00724
HTC,Heaton Chapel,R00765
HTC,Heaton Chapel,R00780
HTC,Heaton Chapel,R00830
HTC,Heaton Chapel,R01030
HTC,Heaton Chapel,R01031
HTC,Heaton Chapel,R01131
HTC,Heaton Chapel,R01135
HTC,Heaton Chapel,R01322
HTC,Heaton Chapel,R01365
HTC,Heaton Chapel,R02086
HTE,Hatch End,R00150
HTE,Hatch End,R00236
HTF,Hartford,R00056
HTF,Hartford,R00311
HTF,Hartford,R01054
HTF,Hartford,R01198
HTF,Hartford,R01247
HTF,Hartford,R01251
HTF,Hartford,R01259
HTH,Handforth,R00562
HTH,Handforth,R00592
HTH,Handforth,R00724
HTH,Handforth,R01131
HTH,Handforth,R01365
HTH,Handforth,R02086
HTN,Hatton,R00004
HTN,Hatton,R00053
HTN,Hatton,R00072
HTN,Hatton,R00158
HTN,Hatton,R00246
HTN,Hatton,R00341
HTN,Hatton,R00396
HTN,Hatton,R00397
HTN,Hatton,R00400
HTN,Hatton,R00405
HTN,Hatton,R00425
HTN,Hatton,R00446
HTN,Hatton,R00465
HTN,Hatton,R00780
HTN,Hatton,R00875
HTN,Hatton,R00884
HTN,Hatton,R00896
HTN,Hatton,R00901
HTN,Hatton,R00904
HTN,Hatton,R00989
HTN,Hatton,R00991
HTN,Hatton,R01496
HTN,Hatton,R01508
HTN,Hatton,R02082
HTO,Hightown,R00557
HTO,Hightown,R01345
HTO,Hightown,R01611
HTW,Hartwood,R00183
HTW,Hartwood,R00184
HTW,Hartwood,R01176
HTW,Hartwood,R01270
HTW,Hartwood,R01464
HTY,Hattersley,R00976
HTY,Hattersley,R00995
HTY,Hattersley,R01007
HUB,Hunmanby,R00228
HUB,Hunmanby,R00317
HUB,Hunmanby,R01407
HUB,Hunmanby,R01485
HUB,Hunmanby,R01695
HUD,Huddersfield,R00011
HUD,Huddersfield,R00038
HUD,Huddersfield,R00063
HUD,Huddersfield,R00082
HUD,Huddersfield,R00316
HUD,Huddersfield,R00326
HUD,Huddersfield,R00407
HUD,Huddersfield,R00409
HUD,Huddersfield,R00432
HUD,Huddersfield,R00449
HUD,Huddersfield,R00453
HUD,Huddersfield,R00456
HUD,Huddersfield,R00466
HUD,Huddersfield,R00468
HUD,Huddersfield,R00473
HUD,Huddersfield,R00578
HUD,Huddersfield,R00640
HUD,Huddersfield,R00662
HUD,Huddersfield,R00842
HUD,Huddersfield,R00931
HUD,Huddersfield,R00940
HUD,Huddersfield,R01061
HUD,Huddersfield,R01087
HUD,Huddersfield,R01170
HUD,Huddersfield,R01388
HUD,Huddersfield,R01459
HUD,Huddersfield,R01461
HUD,Huddersfield,R01756
HUD,Huddersfield,R01757
HUD,Huddersfield,R01758
HUD,Huddersfield,R01765
HUD,Huddersfield,R01769
HUD,Huddersfield,R01771
HUD,Huddersfield,R01813
HUD,Huddersfield,R01815
HUD,Huddersfield,R01816
HUD,Huddersfield,R01888
HUD,Huddersfield,R01908
HUD,Huddersfield,R01909
HUD,Huddersfield,R01928
HUD,Huddersfield,R02027
HUD,Huddersfield,R02044
HUD,Huddersfield,R02095
HUL,Hull,R00027
HUL,Hull,R00073
HUL,Hull,R00078
HUL,Hull,R00082
HUL,Hull,R00228
HUL,Hull,R00303
HUL,Hull,R00307
HUL,Hull,R00316
HUL,Hull,R00317
HUL,Hull,R00358
HUL,Hull,R00409
HUL,Hull,R00460
HUL,Hull,R00466
HUL,Hull,R00769
HUL,Hull,R01355
HUL,Hull,R01398
HUL,Hull,R01400
HUL,Hull,R01404
HUL,Hull,R01407
HUL,Hull,R01408
HUL,Hull,R01409
HUL,Hull,R01480
HUL,Hull,R01485
HUL,Hull,R01605
HUL,Hull,R01614
HUL,Hull,R01616
HUL,Hull,R01620
HUL,Hull,R01623
HUL,Hull,R01686
HUL,Hull,R01687
HUL,Hull,R01693
HUL,Hull,R01695
HUL,Hull,R01714
HUL,Hull,R01803
HUL,Hull,R01950
HUL,Hull,R01973
HUN,Huntingdon,R00064
HUN,Huntingdon,R00066
HUN,Huntingdon,R00073
HUN,Huntingdon,R00082
HUN,Huntingdon,R00094
HUN,Huntingdon,R00217
HUN,Huntingdon,R00319
HUN,Huntingdon,R00321
HUN,Huntingdon,R00361
HUN,Huntingdon,R00365
HUN,Huntingdon,R00370
HUN,Huntingdon,R00373
HUN,Huntingdon,R00464
HUN,Huntingdon,R00465
HUN,Huntingdon,R00470
HUN,Huntingdon,R00477
HUN,Huntingdon,R00485
HUN,Huntingdon,R00496
HUN,Huntingdon,R00507
HUN,Huntingdon,R00689
HUN,Huntingdon,R00690
HUN,Huntingdon,R00727
HUN,Huntingdon,R00749
HUN,Huntingdon,R01171
HUN,Huntingdon,R01180
HUN,Huntingdon,R01494
HUN,Huntingdon,R01686
HUN,Huntingdon,R01687
HUP,Humphrey Park,R01059
HUP,Humphrey Park,R01558
HUP,Humphrey Park,R01559
HUP,Humphrey Park,R01560
HUP,Humphrey Park,R01562
HUP,Humphrey Park,R01570
HUR,Hurst Green,R00091
HUR,Hurst Green,R00097
HUR,Hurst Green,R00238
HUR,Hurst Green,R00253
HUR,Hurst Green,R00412
HUR,Hurst Green,R00666
HUR,Hurst Green,R00667
HUR,Hurst Green,R00972
HUR,Hurst Green,R01016
HUR,Hurst Green,R01241
HUR,Hurst Green,R01252
HUR,Hurst Green,R01257
HUR,Hurst Green,R01264
HUR,Hurst Green,R01278
HUR,Hurst Green,R01394
HUR,Hurst Green,R01521
HUS,,R01022
HUS,,R01023
HUT,Hutton Cranswick,R00027
HUT,Hutton Cranswick,R00228
HUT,Hutton Cranswick,R00307
HUT,Hutton Cranswick,R00317
HUT,Hutton Cranswick,R00460
HUT,Hutton Cranswick,R00769
HUT,Hutton Cranswick,R01400
HUT,Hutton Cranswick,R01404
HUT,Hutton Cranswick,R01407
HUT,Hutton Cranswick,R01485
HUU,,R01884
HUU,,R01885
HUY,Huyton,R00090
HUY,Huyton,R00100
HUY,Huyton,R00112
HUY,Huyton,R00114
HUY,Huyton,R00130
HUY,Huyton,R00206
HUY,Huyton,R00213
HUY,Huyton,R00270
HUY,Huyton,R00454
HUY,Huyton,R00473
HUY,Huyton,R00587
HUY,Huyton,R00640
HUY,Huyton,R00944
HUY,Huyton,R01061
HUY,Huyton,R01626
HUY,Huyton,R01892
HUY,Huyton,R01915
HUY,Huyton,R01952
HUY,Huyton,R02032
HUY,Huyton,R02039
HVF,Haverfordwest,R00077
HVF,Haverfordwest,R00186
HVF,Haverfordwest,R00796
HVF,Haverfordwest,R00916
HVF,Haverfordwest,R00920
HVF,Haverfordwest,R01266
HVF,Haverfordwest,R01835
HVH,,R00595
HVH,,R00596
HVN,Havenhouse,R00196
HVN,Havenhouse,R00218
HVN,Havenhouse,R00222
HWB,Hawarden Bridge,R01538
HWB,Hawarden Bridge,R01539
HWB,Hawarden Bridge,R01541
HWC,Harwich Town,R00832
HWC,Harwich Town,R01823
HWC,Harwich Town,R01824
HWC,Harwich Town,R01916
HWD,Hawarden,R01538
HWD,Hawarden,R01539
HWD,Hawarden,R01541
HWH,Haltwhistle,R00302
HWH,Haltwhistle,R00324
HWH,Haltwhistle,R00463
HWH,Haltwhistle,R01107
HWH,Haltwhistle,R01111
HWH,Haltwhistle,R01114
HWH,Haltwhistle,R01284
HWH,Haltwhistle,R01378
HWH,Haltwhistle,R01523
HWI,Horwich Parkway,R00130
HWI,Horwich Parkway,R00142
HWI,Horwich Parkway,R00206
HWI,Horwich Parkway,R00457
HWI,Horwich Parkway,R00508
HWI,Horwich Parkway,R00640
HWI,Horwich Parkway,R00647
HWI,Horwich Parkway,R00947
HWI,Horwich Parkway,R01077
HWI,Horwich Parkway,R01621
HWI,Horwich Parkway,R01902
HWM,Harlow Mill,R00144
HWM,Harlow Mill,R00628
HWM,Harlow Mill,R00791
HWM,Harlow Mill,R01203
HWM,Harlow Mill,R01210
HWM,Harlow Mill,R01286
HWM,Harlow Mill,R01348
HWM,Harlow Mill,R01887
HWM,Harlow Mill,R02037
HWM,Harlow Mill,R02042
HWN,Harlow Town,R00144
HWN,Harlow Town,R00151
HWN,Harlow Town,R00628
HWN,Harlow Town,R00791
HWN,Harlow Town,R00793
HWN,Harlow Town,R01203
HWN,Harlow Town,R01210
HWN,Harlow Town,R01286
HWN,Harlow Town,R01348
HWN,Harlow Town,R01382
HWN,Harlow Town,R01540
HWN,Harlow Town,R01735
HWN,Harlow Town,R01806
HWN,Harlow Town,R01887
HWN,Harlow Town,R01917
HWN,Harlow Town,R02037
HWN,Harlow Town,R02042
HWV,Heathrow Terminal 5 Rail,R00540
HWV,Heathrow Terminal 5 Rail,R00621
HWV,Heathrow Terminal 5 Rail,R00850
HWV,Heathrow Terminal 5 Rail,R01037
HWV,Heathrow Terminal 5 Rail,R01038
HWV,Heathrow Terminal 5 Rail,R01184
HWV,Heathrow Terminal 5 Rail,R01249
HWV,Heathrow Terminal 5 Rail,R01374
HWV,Heathrow Terminal 5 Rail,R01381
HWV,Heathrow Terminal 5 Rail,R01581
HWV,Heathrow Terminal 5 Rail,R01652
HWV,Heathrow Terminal 5 Rail,R01656
HWV,Heathrow Terminal 5 Rail,R01942
HWW,How Wood,R00056
HWW,How Wood,R01234
HWW,How Wood,R01439
HWX,,R00518
HWX,,R01516
HWX,,R01519
HWX,,R01520
HWX,,R01775
HWX,,R01778
HWY,High Wycombe,R00004
HWY,High Wycombe,R00012
HWY,High Wycombe,R00033
HWY,High Wycombe,R00036
HWY,High Wycombe,R00039
HWY,High Wycombe,R00041
HWY,High Wycombe,R00053
HWY,High Wycombe,R00072
HWY,High Wycombe,R00134
HWY,High Wycombe,R00155
HWY,High Wycombe,R00158
HWY,High Wycombe,R00209
HWY,High Wycombe,R00226
HWY,High Wycombe,R00246
HWY,High Wycombe,R00429
HWY,High Wycombe,R00435
HWY,High Wycombe,R00471
HWY,High Wycombe,R00982
HWY,High Wycombe,R01508
HWY,High Wycombe,R01513
HWY,High Wycombe,R01938
HWY,High Wycombe,R01941
HXM,Hoveton & Wroxham,R00210
HXM,Hoveton & Wroxham,R00537
HXM,Hoveton & Wroxham,R00541
HXM,Hoveton & Wroxham,R00543
HXM,Hoveton & Wroxham,R00544
HXM,Hoveton & Wroxham,R00545
HXM,Hoveton & Wroxham,R00547
HXM,Hoveton & Wroxham,R00549
HXM,Hoveton & Wroxham,R01289
HXX,Heathrow Terminals 1-2-3 Rail,R00540
HXX,Heathrow Terminals 1-2-3 Rail,R00621
HXX,Heathrow Terminals 1-2-3 Rail,R00850
HXX,Heathrow Terminals 1-2-3 Rail,R01037
HXX,Heathrow Terminals 1-2-3 Rail,R01038
HXX,Heathrow Terminals 1-2-3 Rail,R01184
HXX,Heathrow Terminals 1-2-3 Rail,R01249
HXX,Heathrow Terminals 1-2-3 Rail,R01374
HXX,Heathrow Terminals 1-2-3 Rail,R01381
HXX,Heathrow Terminals 1-2-3 Rail,R01581
HXX,Heathrow Terminals 1-2-3 Rail,R01593
HXX,Heathrow Terminals 1-2-3 Rail,R01595
HXX,Heathrow Terminals 1-2-3 Rail,R01652
HXX,Heathrow Terminals 1-2-3 Rail,R01656
HXX,Heathrow Terminals 1-2-3 Rail,R01692
HXX,Heathrow Terminals 1-2-3 Rail,R01781
HXX,Heathrow Terminals 1-2-3 Rail,R01912
HXX,Heathrow Terminals 1-2-3 Rail,R01942
HYB,Honeybourne,R00034
HYB,Honeybourne,R00362
HYB,Honeybourne,R00368
HYB,Honeybourne,R00381
HYB,Honeybourne,R00387
HYB,Honeybourne,R00583
HYB,Honeybourne,R01037
HYB,Honeybourne,R01222
HYB,Honeybourne,R01298
HYB,Honeybourne,R01506
HYB,Honeybourne,R01732
HYB,Honeybourne,R01733
HYB,Honeybourne,R02054
HYB,Honeybourne,R02056
HYC,Hyde Central,R00520
HYC,Hyde Central,R00781
HYC,Hyde Central,R01075
HYC,Hyde Central,R01081
HYD,Heyford,R00004
HYD,Heyford,R00034
HYD,Heyford,R00077
HYD,Heyford,R00124
HYD,Heyford,R00283
HYD,Heyford,R00286
HYD,Heyford,R00333
HYD,Heyford,R00341
HYD,Heyford,R00465
HYD,Heyford,R00498
HYD,Heyford,R00583
HYD,Heyford,R00585
HYD,Heyford,R00780
HYD,Heyford,R00875
HYD,Heyford,R00964
HYD,Heyford,R00966
HYD,Heyford,R00989
HYD,Heyford,R00991
HYD,Heyford,R01535
HYH,Hythe,R00832
HYH,Hythe,R00881
HYH,Hythe,R00882
HYH,Hythe,R01351
HYH,Hythe,R01352
HYH,Hythe,R01904
HYH,Hythe,R01906
HYK,Hoylake,R00001
HYL,Hayle,R00034
HYL,Hayle,R00321
HYL,Hayle,R00346
HYL,Hayle,R00350
HYL,Hayle,R00351
HYL,Hayle,R00455
HYL,Hayle,R01246
HYL,Hayle,R01325
HYL,Hayle,R01381
HYL,Hayle,R01417
HYL,Hayle,R01784
HYL,Hayle,R01819
HYM,Haymarket,R00035
HYM,Haymarket,R00045
HYM,Haymarket,R00048
HYM,Haymarket,R00056
HYM,Haymarket,R00073
HYM,Haymarket,R00098
HYM,Haymarket,R00102
HYM,Haymarket,R00106
HYM,Haymarket,R00123
HYM,Haymarket,R00130
HYM,Haymarket,R00139
HYM,Haymarket,R00162
HYM,Haymarket,R00169
HYM,Haymarket,R00179
HYM,Haymarket,R00180
HYM,Haymarket,R00183
HYM,Haymarket,R00184
HYM,Haymarket,R00354
HYM,Haymarket,R00356
HYM,Haymarket,R00357
HYM,Haymarket,R00378
HYM,Haymarket,R00464
HYM,Haymarket,R00470
HYM,Haymarket,R00472
HYM,Haymarket,R00480
HYM,Haymarket,R00574
HYM,Haymarket,R00581
HYM,Haymarket,R00582
HYM,Haymarket,R00625
HYM,Haymarket,R00687
HYM,Haymarket,R00690
HYM,Haymarket,R00704
HYM,Haymarket,R00714
HYM,Haymarket,R00749
HYM,Haymarket,R00750
HYM,Haymarket,R00871
HYM,Haymarket,R01127
HYM,Haymarket,R01128
HYM,Haymarket,R01129
HYM,Haymarket,R01143
HYM,Haymarket,R01152
HYM,Haymarket,R01176
HYM,Haymarket,R01179
HYM,Haymarket,R01201
HYM,Haymarket,R01221
HYM,Haymarket,R01244
HYM,Haymarket,R01258
HYM,Haymarket,R01260
HYM,Haymarket,R01270
HYM,Haymarket,R01271
HYM,Haymarket,R01273
HYM,Haymarket,R01303
HYM,Haymarket,R01309
HYM,Haymarket,R01464
HYM,Haymarket,R01591
HYM,Haymarket,R01673
HYM,Haymarket,R01720
HYM,Haymarket,R01796
HYM,Haymarket,R01844
HYM,Haymarket,R01845
HYM,Haymarket,R01853
HYM,Haymarket,R01860
HYM,Haymarket,R01865
HYM,Haymarket,R01879
HYM,Haymarket,R02036
HYM,Haymarket,R02061
HYM,Haymarket,R02062
HYM,Haymarket,R02097
HYN,Hyndland,R00106
HYN,Hyndland,R00179
HYN,Hyndland,R00289
HYN,Hyndland,R00375
HYN,Hyndland,R00378
HYN,Hyndland,R00480
HYN,Hyndland,R00858
HYN,Hyndland,R00988
HYN,Hyndland,R01021
HYN,Hyndland,R01136
HYN,Hyndland,R01137
HYN,Hyndland,R01155
HYN,Hyndland,R01173
HYN,Hyndland,R01297
HYN,Hyndland,R01579
HYN,Hyndland,R01591
HYN,Hyndland,R01790
HYN,Hyndland,R01792
HYN,Hyndland,R01808
HYN,Hyndland,R01844
HYN,Hyndland,R01875
HYN,Hyndland,R01876
HYN,Hyndland,R01879
HYN,Hyndland,R01880
HYP,,R01377
HYP,,R01638
HYR,Haydons Road,R00076
HYR,Haydons Road,R00092
HYR,Haydons Road,R00398
HYR,Haydons Road,R00416
HYR,Haydons Road,R01097
HYS,Hayes (Kent),R00212
HYS,Hayes (Kent),R00497
HYS,Hayes (Kent),R00522
HYS,Hayes (Kent),R01609
HYT,Hyde North,R00520
HYT,Hyde North,R00781
HYT,Hyde North,R01075
HYT,Hyde North,R01081
HYW,Hinchley Wood,R00799
HYW,Hinchley Wood,R00928
HYW,Hinchley Wood,R00929
IBS,,R00103
IBS,,R00835
IFD,Ilford,R00207
IFD,Ilford,R00323
IFD,Ilford,R00832
IFD,Ilford,R00850
IFD,Ilford,R00872
IFD,Ilford,R00874
IFD,Ilford,R00881
IFD,Ilford,R00882
IFD,Ilford,R00888
IFD,Ilford,R00890
IFD,Ilford,R00898
IFD,Ilford,R01000
IFD,Ilford,R01038
IFD,Ilford,R01184
IFD,Ilford,R01269
IFD,Ilford,R01335
IFD,Ilford,R01431
IFD,Ilford,R01514
IFD,Ilford,R01595
IFD,Ilford,R01653
IFD,Ilford,R01692
IFD,Ilford,R01823
IFD,Ilford,R01868
IFD,Ilford,R01871
IFD,Ilford,R01881
IFD,Ilford,R01882
IFD,Ilford,R01891
IFD,Ilford,R01904
IFD,Ilford,R01906
IFI,Ifield,R00043
IFI,Ifield,R00199
IFI,Ifield,R00217
IFI,Ifield,R00248
IFI,Ifield,R00655
IFI,Ifield,R00656
IFI,Ifield,R00727
IFI,Ifield,R01171
IFI,Ifield,R01367
IGD,Invergordon,R00960
IGD,Invergordon,R01101
IGD,Invergordon,R01156
IGD,Invergordon,R01157
IGD,Invergordon,R01159
IGD,Invergordon,R01842
IGD,Invergordon,R01843
IHS,,R01783
IHS,,R01785
ILK,Ilkley,R00377
ILK,Ilkley,R00623
ILK,Ilkley,R00831
ILN,Ilkeston,R00063
ILN,Ilkeston,R00328
ILN,Ilkeston,R00334
ILN,Ilkeston,R00336
ILN,Ilkeston,R00441
ILN,Ilkeston,R00495
ILN,Ilkeston,R00846
ILN,Ilkeston,R01292
ILN,Ilkeston,R01968
IMW,Imperial Wharf,R00174
IMW,Imperial Wharf,R00177
IMW,Imperial Wharf,R00252
IMW,Imperial Wharf,R00403
IMW,Imperial Wharf,R00905
IMW,Imperial Wharf,R00979
IMW,Imperial Wharf,R01010
IMW,Imperial Wharf,R01105
INB,,R01294
INB,,R01302
INC,Ince,R00059
INC,Ince,R00069
INC,Ince,R00074
INC,Ince,R00084
INC,Ince,R00408
INC,Ince,R01053
INC,Ince,R01091
INC,Ince,R01167
INC,Ince,R01178
INC,Ince,R01619
INC,Ince,R01678
INE,Ince & Elton,R02033
INE,Ince & Elton,R02035
INE,Ince & Elton,R02039
ING,Invergowrie,R00145
ING,Invergowrie,R00467
ING,Invergowrie,R00687
ING,Invergowrie,R00688
ING,Invergowrie,R00690
ING,Invergowrie,R00692
INH,Invershin,R01101
INH,Invershin,R01156
INH,Invershin,R01157
INH,Invershin,R01159
INK,Inverkeithing,R00035
INK,Inverkeithing,R00045
INK,Inverkeithing,R00048
INK,Inverkeithing,R00073
INK,Inverkeithing,R00098
INK,Inverkeithing,R00123
INK,Inverkeithing,R00139
INK,Inverkeithing,R00356
INK,Inverkeithing,R00357
INK,Inverkeithing,R00574
INK,Inverkeithing,R00582
INK,Inverkeithing,R00619
INK,Inverkeithing,R00687
INK,Inverkeithing,R00690
INK,Inverkeithing,R00714
INK,Inverkeithing,R00749
INK,Inverkeithing,R00750
INK,Inverkeithing,R01152
INK,Inverkeithing,R01230
INK,Inverkeithing,R01243
INK,Inverkeithing,R01244
INK,Inverkeithing,R01258
INK,Inverkeithing,R01260
INK,Inverkeithing,R01271
INK,Inverkeithing,R01273
INK,Inverkeithing,R01673
INK,Inverkeithing,R01796
INK,Inverkeithing,R01853
INK,Inverkeithing,R01860
INK,Inverkeithing,R01979
INP,Inverkip,R00190
INP,Inverkip,R00426
INP,Inverkip,R01293
INR,Inverurie,R00467
INR,Inverurie,R00476
INR,Inverurie,R00750
INR,Inverurie,R01028
INR,Inverurie,R01130
INR,Inverurie,R01142
INR,Inverurie,R01185
INR,Inverurie,R01314
INR,Inverurie,R01315
INR,Inverurie,R01316
INR,Inverurie,R01327
INS,Insch,R00139
INS,Insch,R00467
INS,Insch,R00750
INS,Insch,R01028
INS,Insch,R01130
INS,Insch,R01315
INT,Ingatestone,R00323
INT,Ingatestone,R00832
INT,Ingatestone,R00872
INT,Ingatestone,R00874
INT,Ingatestone,R00881
INT,Ingatestone,R00882
INT,Ingatestone,R01653
INT,Ingatestone,R01823
INT,Ingatestone,R01868
INT,Ingatestone,R01882
INT,Ingatestone,R01904
INT,Ingatestone,R01936
INV,Inverness,R00056
INV,Inverness,R00073
INV,Inverness,R00464
INV,Inverness,R00467
INV,Inverness,R00704
INV,Inverness,R00750
INV,Inverness,R00960
INV,Inverness,R01028
INV,Inverness,R01101
INV,Inverness,R01129
INV,Inverness,R01130
INV,Inverness,R01132
INV,Inverness,R01156
INV,Inverness,R01157
INV,Inverness,R01159
INV,Inverness,R01160
INV,Inverness,R01841
INV,Inverness,R01842
INV,Inverness,R01843
IPS,Ipswich,R00207
IPS,Ipswich,R00484
IPS,Ipswich,R00492
IPS,Ipswich,R00493
IPS,Ipswich,R00499
IPS,Ipswich,R00501
IPS,Ipswich,R00509
IPS,Ipswich,R00832
IPS,Ipswich,R00833
IPS,Ipswich,R00888
IPS,Ipswich,R00890
IPS,Ipswich,R01312
IPS,Ipswich,R01335
IPS,Ipswich,R01340
IPS,Ipswich,R01349
IPS,Ipswich,R01357
IPS,Ipswich,R01358
IPS,Ipswich,R01359
IPS,Ipswich,R01664
IPS,Ipswich,R01932
IRL,Irlam,R00062
IRL,Irlam,R00063
IRL,Irlam,R01059
IRL,Irlam,R01452
IRL,Irlam,R01558
IRL,Irlam,R01559
IRL,Irlam,R01560
IRL,Irlam,R01562
IRL,Irlam,R01563
IRL,Irlam,R01564
IRL,Irlam,R01566
IRL,Irlam,R01570
IRL,Irlam,R01727
IRV,Irvine,R01204
IRV,Irvine,R01212
IRV,Irvine,R01213
IRV,Irvine,R01245
IRV,Irvine,R01254
IRV,Irvine,R01255
ISL,Isleworth,R00699
ISL,Isleworth,R00745
ISL,Isleworth,R00804
ISL,Isleworth,R00865
ISL,Isleworth,R01024
ISL,Isleworth,R01032
ISL,Isleworth,R01913
ISL,Isleworth,R01981
ISP,Islip,R00004
ISP,Islip,R00033
ISP,Islip,R00158
ISP,Islip,R01730
IVA,Inverness Airport,R00467
IVA,Inverness Airport,R00476
IVA,Inverness Airport,R00478
IVA,Inverness Airport,R00750
IVA,Inverness Airport,R01028
IVA,Inverness Airport,R01130
IVA,Inverness Airport,R01132
IVA,Inverness Airport,R01294
IVA,Inverness Airport,R01302
IVR,Iver,R01037
IVR,Iver,R01374
IVR,Iver,R01381
IVR,Iver,R01416
IVR,Iver,R01581
IVR,Iver,R01644
IVR,Iver,R01652
IVR,Iver,R01657
IVR,Iver,R01694
IVR,Iver,R01701
IVY,Ivybridge,R00034
IVY,Ivybridge,R00321
IVY,Ivybridge,R00350
IVY,Ivybridge,R00354
IVY,Ivybridge,R00369
IVY,Ivybridge,R00455
IVY,Ivybridge,R00465
IVY,Ivybridge,R00468
IVY,Ivybridge,R00550
IVY,Ivybridge,R00582
IVY,Ivybridge,R00690
IVY,Ivybridge,R00977
IVY,Ivybridge,R01237
IVY,Ivybridge,R01246
IVY,Ivybridge,R01319
IVY,Ivybridge,R01381
IVY,Ivybridge,R01443
IVY,Ivybridge,R01784
JCH,James Cook University Hospital,R00306
JCH,James Cook University Hospital,R00983
JCH,James Cook University Hospital,R01118
JCH,James Cook University Hospital,R01305
JCH,James Cook University Hospital,R01801
JCH,James Cook University Hospital,R01911
JCH,James Cook University Hospital,R02019
JEQ,Jewellery Quarter,R00004
JEQ,Jewellery Quarter,R00088
JEQ,Jewellery Quarter,R00115
JEQ,Jewellery Quarter,R00126
JEQ,Jewellery Quarter,R00246
JEQ,Jewellery Quarter,R00396
JEQ,Jewellery Quarter,R00768
JEQ,Jewellery Quarter,R00773
JEQ,Jewellery Quarter,R00775
JEQ,Jewellery Quarter,R00776
JEQ,Jewellery Quarter,R00883
JEQ,Jewellery Quarter,R00896
JEQ,Jewellery Quarter,R00901
JEQ,Jewellery Quarter,R01188
JEQ,Jewellery Quarter,R01508
JEQ,Jewellery Quarter,R01585
JEQ,Jewellery Quarter,R01899
JEQ,Jewellery Quarter,R01924
JHN,Johnstone,R00163
JHN,Johnstone,R00166
JHN,Johnstone,R01150
JHN,Johnstone,R01204
JHN,Johnstone,R01205
JHN,Johnstone,R01208
JHN,Johnstone,R01209
JHN,Johnstone,R01212
JHN,Johnstone,R01213
JHN,Johnstone,R01254
JHN,Johnstone,R01255
JOH,Johnston,R00077
JOH,Johnston,R00186
JOH,Johnston,R00796
JOH,Johnston,R00916
JOH,Johnston,R00920
JOH,Johnston,R01266
JOH,Johnston,R01835
JOR,Jordanhill,R00375
JOR,Jordanhill,R00378
JOR,Jordanhill,R00858
JOR,Jordanhill,R01021
JOR,Jordanhill,R01136
JOR,Jordanhill,R01137
JOR,Jordanhill,R01173
JOR,Jordanhill,R01579
JOR,Jordanhill,R01808
JOR,Jordanhill,R01844
KBC,Kinbrace,R01156
KBC,Kinbrace,R01157
KBC,Kinbrace,R01159
KBF,Kirkby-In-Furness,R00142
KBF,Kirkby-In-Furness,R00814
KBF,Kirkby-In-Furness,R00817
KBF,Kirkby-In-Furness,R01018
KBF,Kirkby-In-Furness,R01242
KBF,Kirkby-In-Furness,R01622
KBK,Kents Bank,R00142
KBK,Kents Bank,R00457
KBK,Kents Bank,R00640
KBK,Kents Bank,R00817
KBK,Kents Bank,R01018
KBK,Kents Bank,R01242
KBK,Kents Bank,R01622
KBK,Kents Bank,R01966
KBN,Kilburn High Road,R00150
KBN,Kilburn High Road,R00236
KBN,Kilburn High Road,R01859
KBS,,R01811
KBS,,R01814
KBS,,R01817
KBS,,R01818
KBW,Knebworth,R00073
KBW,Knebworth,R00094
KBW,Knebworth,R00128
KBW,Knebworth,R00129
KBW,Knebworth,R00217
KBW,Knebworth,R00319
KBW,Knebworth,R00321
KBW,Knebworth,R00370
KBW,Knebworth,R00465
KBW,Knebworth,R00485
KBW,Knebworth,R00620
KBW,Knebworth,R00660
KBW,Knebworth,R00727
KBW,Knebworth,R00749
KBW,Knebworth,R00819
KBW,Knebworth,R00968
KBW,Knebworth,R01311
KBW,Knebworth,R01386
KBW,Knebworth,R01492
KBW,Knebworth,R01493
KBW,Knebworth,R01686
KBW,Knebworth,R01867
KBX,Kirby Cross,R01351
KBX,Kirby Cross,R01352
KBX,Kirby Cross,R01906
KBX,Kirby Cross,R01923
KBX,Kirby Cross,R01986
KBX,Kirby Cross,R01988
KBX,Kirby Cross,R01990
KCG,,R00915
KCK,Knockholt,R00014
KCK,Knockholt,R00046
KCK,Knockholt,R00254
KCK,Knockholt,R00514
KCK,Knockholt,R00610
KCK,Knockholt,R01578
KCK,Knockholt,R01587
KCK,Knockholt,R01636
KCK,Knockholt,R01637
KCK,Knockholt,R01660
KCK,Knockholt,R02093
KDB,Kidbrooke,R00092
KDB,Kidbrooke,R00491
KDB,Kidbrooke,R00516
KDB,Kidbrooke,R00617
KDB,Kidbrooke,R00624
KDB,Kidbrooke,R00654
KDB,Kidbrooke,R01556
KDB,Kidbrooke,R01592
KDB,Kidbrooke,R01745
KDB,Kidbrooke,R01768
KDB,Kidbrooke,R01800
KDG,Kidsgrove,R00056
KDG,Kidsgrove,R00283
KDG,Kidsgrove,R00341
KDG,Kidsgrove,R00347
KDG,Kidsgrove,R00372
KDG,Kidsgrove,R00410
KDG,Kidsgrove,R00459
KDG,Kidsgrove,R00498
KDG,Kidsgrove,R00562
KDG,Kidsgrove,R00578
KDG,Kidsgrove,R00661
KDG,Kidsgrove,R00780
KDG,Kidsgrove,R00902
KDG,Kidsgrove,R00935
KDG,Kidsgrove,R00964
KDG,Kidsgrove,R01013
KDG,Kidsgrove,R01030
KDG,Kidsgrove,R01031
KDG,Kidsgrove,R01078
KDG,Kidsgrove,R01207
KDG,Kidsgrove,R01425
KDG,Kidsgrove,R01426
KDG,Kidsgrove,R01427
KDG,Kidsgrove,R01428
KDY,Kirkcaldy,R00035
KDY,Kirkcaldy,R00045
KDY,Kirkcaldy,R00048
KDY,Kirkcaldy,R00073
KDY,Kirkcaldy,R00123
KDY,Kirkcaldy,R00139
KDY,Kirkcaldy,R00574
KDY,Kirkcaldy,R00582
KDY,Kirkcaldy,R00687
KDY,Kirkcaldy,R00690
KDY,Kirkcaldy,R00714
KDY,Kirkcaldy,R00749
KDY,Kirkcaldy,R00750
KDY,Kirkcaldy,R01244
KDY,Kirkcaldy,R01258
KDY,Kirkcaldy,R01260
KDY,Kirkcaldy,R01271
KDY,Kirkcaldy,R01796
KDY,Kirkcaldy,R01853
KEH,Keith,R00467
KEH,Keith,R00750
KEH,Keith,R01028
KEH,Keith,R01130
KEI,Keighley,R00073
KEI,Keighley,R00365
KEI,Keighley,R00374
KEI,Keighley,R00487
KEI,Keighley,R00494
KEI,Keighley,R00827
KEI,Keighley,R01098
KEI,Keighley,R01125
KEI,Keighley,R01274
KEI,Keighley,R01475
KEI,Keighley,R01545
KEI,Keighley,R01551
KEI,Keighley,R01555
KEI,Keighley,R01717
KEI,Keighley,R02011
KEL,Kelvedon,R00323
KEL,Kelvedon,R00832
KEL,Kelvedon,R00872
KEL,Kelvedon,R00881
KEL,Kelvedon,R00882
KEL,Kelvedon,R00890
KEL,Kelvedon,R01000
KEL,Kelvedon,R01823
KEL,Kelvedon,R01904
KEL,Kelvedon,R01906
KEL,Kelvedon,R01936
KEM,Kemble,R00034
KEM,Kemble,R00057
KEM,Kemble,R00089
KEM,Kemble,R00342
KEM,Kemble,R01414
KEM,Kemble,R01444
KEM,Kemble,R01725
KEN,Kendal,R00142
KEN,Kendal,R00521
KEN,Kendal,R01949
KEN,Kendal,R01953
KEN,Kendal,R01955
KEN,Kendal,R01960
KET,Kettering,R00156
KET,Kettering,R00296
KET,Kettering,R00298
KET,Kettering,R00299
KET,Kettering,R00304
KET,Kettering,R00459
KET,Kettering,R00506
KET,Kettering,R00810
KET,Kettering,R00844
KET,Kettering,R00852
KET,Kettering,R00853
KET,Kettering,R00992
KET,Kettering,R01076
KET,Kettering,R01425
KET,Kettering,R01447
KET,Kettering,R01450
KET,Kettering,R01654
KET,Kettering,R01724
KET,Kettering,R01914
KEY,Keyham,R00350
KEY,Keyham,R00351
KEY,Keyham,R00455
KEY,Keyham,R00550
KEY,Keyham,R00778
KEY,Keyham,R00779
KEY,Keyham,R01325
KEY,Keyham,R01381
KEY,Keyham,R01448
KEY,Keyham,R01473
KGE,Kingsknowe,R00183
KGE,Kingsknowe,R00184
KGE,Kingsknowe,R01176
KGE,Kingsknowe,R01201
KGE,Kingsknowe,R01221
KGE,Kingsknowe,R01303
KGE,Kingsknowe,R01464
KGH,Kinghorn,R00045
KGH,Kinghorn,R00048
KGH,Kinghorn,R00123
KGH,Kinghorn,R00574
KGH,Kinghorn,R01244
KGL,Kings Langley,R00056
KGL,Kings Langley,R00131
KGL,Kings Langley,R00390
KGL,Kings Langley,R00638
KGL,Kings Langley,R00806
KGL,Kings Langley,R00829
KGL,Kings Langley,R00879
KGL,Kings Langley,R01074
KGM,Kingham,R00034
KGM,Kingham,R00362
KGM,Kingham,R00368
KGM,Kingham,R00387
KGM,Kingham,R00583
KGM,Kingham,R01037
KGM,Kingham,R01222
KGM,Kingham,R01298
KGM,Kingham,R01506
KGM,Kingham,R01732
KGM,Kingham,R01733
KGM,Kingham,R02054
KGM,Kingham,R02056
KGN,Kings Nympton,R00259
KGN,Kings Nympton,R00325
KGN,Kings Nympton,R00338
KGN,Kings Nympton,R00371
KGN,Kings Nympton,R00604
KGN,Kings Nympton,R00607
KGN,Kings Nympton,R00744
KGP,Kings Park,R00107
KGP,Kings Park,R00127
KGP,Kings Park,R00135
KGS,Kings Sutton,R00004
KGS,Kings Sutton,R00036
KGS,Kings Sutton,R00053
KGS,Kings Sutton,R00072
KGS,Kings Sutton,R00246
KGS,Kings Sutton,R00333
KGS,Kings Sutton,R00583
KGS,Kings Sutton,R00585
KGS,Kings Sutton,R01513
KGS,Kings Sutton,R01535
KGT,Kilgetty,R00077
KGT,Kilgetty,R00559
KGT,Kilgetty,R00921
KGT,Kilgetty,R01266
KGT,Kilgetty,R01537
KGX,London Kings Cross,R00064
KGX,London Kings Cross,R00066
KGX,London Kings Cross,R00073
KGX,London Kings Cross,R00082
KGX,London Kings Cross,R00094
KGX,London Kings Cross,R00128
KGX,London Kings Cross,R00129
KGX,London Kings Cross,R00217
KGX,London Kings Cross,R00319
KGX,London Kings Cross,R00321
KGX,London Kings Cross,R00361
KGX,London Kings Cross,R00365
KGX,London Kings Cross,R00370
KGX,London Kings Cross,R00373
KGX,London Kings Cross,R00464
KGX,London Kings Cross,R00465
KGX,London Kings Cross,R00470
KGX,London Kings Cross,R00477
KGX,London Kings Cross,R00485
KGX,London Kings Cross,R00496
KGX,London Kings Cross,R00507
KGX,London Kings Cross,R00620
KGX,London Kings Cross,R00628
KGX,London Kings Cross,R00660
KGX,London Kings Cross,R00689
KGX,London Kings Cross,R00690
KGX,London Kings Cross,R00705
KGX,London Kings Cross,R00749
KGX,London Kings Cross,R00819
KGX,London Kings Cross,R00970
KGX,London Kings Cross,R01311
KGX,London Kings Cross,R01494
KGX,London Kings Cross,R01517
KGX,London Kings Cross,R01596
KGX,London Kings Cross,R01606
KGX,London Kings Cross,R01663
KGX,London Kings Cross,R01686
KGX,London Kings Cross,R01687
KGX,London Kings Cross,R01688
KGX,London Kings Cross,R01764
KID,Kidderminster,R00023
KID,Kidderminster,R00088
KID,Kidderminster,R00115
KID,Kidderminster,R00126
KID,Kidderminster,R00246
KID,Kidderminster,R00396
KID,Kidderminster,R00455
KID,Kidderminster,R00768
KID,Kidderminster,R00773
KID,Kidderminster,R00776
KID,Kidderminster,R00880
KID,Kidderminster,R00883
KID,Kidderminster,R00896
KID,Kidderminster,R00901
KID,Kidderminster,R01106
KID,Kidderminster,R01188
KID,Kidderminster,R01585
KID,Kidderminster,R01899
KID,Kidderminster,R01924
KIH,Kings Heath,R00909
KIH,Kings Heath,R00911
KIH,Kings Heath,R02077
KIH,Kings Heath,R02079
KIL,Kildonan,R01156
KIL,Kildonan,R01157
KIL,Kildonan,R01159
KIN,Kingussie,R00056
KIN,Kingussie,R00073
KIN,Kingussie,R00139
KIN,Kingussie,R00464
KIN,Kingussie,R00467
KIN,Kingussie,R00704
KIN,Kingussie,R01129
KIN,Kingussie,R01474
KIR,Kirkby,R00551
KIR,Kirkby,R00553
KIT,Kintbury,R00034
KIT,Kintbury,R00550
KIT,Kintbury,R00719
KIT,Kintbury,R00726
KIT,Kintbury,R00941
KIT,Kintbury,R01057
KIT,Kintbury,R01381
KIT,Kintbury,R01669
KIT,Kintbury,R01712
KIT,Kintbury,R01762
KIT,Kintbury,R02055
KIT,Kintbury,R02067
KIV,Kiveton Bridge,R00328
KIV,Kiveton Bridge,R00332
KIV,Kiveton Bridge,R00334
KIV,Kiveton Bridge,R00359
KIV,Kiveton Bridge,R01574
KKB,Kirkby in Ashfield,R01366
KKB,Kirkby in Ashfield,R01433
KKB,Kirkby in Ashfield,R01434
KKB,Kirkby in Ashfield,R01435
KKB,Kirkby in Ashfield,R01436
KKB,Kirkby in Ashfield,R01451
KKD,Kirkdale,R00551
KKD,Kirkdale,R00553
KKD,Kirkdale,R01003
KKD,Kirkdale,R01430
KKD,Kirkdale,R01749
KKH,Kirkhill,R00107
KKH,Kirkhill,R00127
KKH,Kirkhill,R00135
KKM,Kirkham & Wesham,R00056
KKM,Kirkham & Wesham,R00090
KKM,Kirkham & Wesham,R00110
KKM,Kirkham & Wesham,R00119
KKM,Kirkham & Wesham,R00121
KKM,Kirkham & Wesham,R00130
KKM,Kirkham & Wesham,R00206
KKM,Kirkham & Wesham,R00360
KKM,Kirkham & Wesham,R00454
KKM,Kirkham & Wesham,R00508
KKM,Kirkham & Wesham,R00640
KKM,Kirkham & Wesham,R00647
KKM,Kirkham & Wesham,R00651
KKM,Kirkham & Wesham,R00947
KKM,Kirkham & Wesham,R01321
KKM,Kirkham & Wesham,R01484
KKM,Kirkham & Wesham,R01580
KKM,Kirkham & Wesham,R01613
KKM,Kirkham & Wesham,R01626
KKM,Kirkham & Wesham,R01902
KKM,Kirkham & Wesham,R01974
KKM,Kirkham & Wesham,R02088
KKN,Kirknewton,R00183
KKN,Kirknewton,R00184
KKN,Kirknewton,R01176
KKN,Kirknewton,R01201
KKN,Kirknewton,R01221
KKN,Kirknewton,R01303
KKN,Kirknewton,R01464
KKS,Kirk Sandall,R00061
KKS,Kirk Sandall,R00062
KKS,Kirk Sandall,R00063
KKS,Kirk Sandall,R00228
KKS,Kirk Sandall,R00303
KKS,Kirk Sandall,R00307
KKS,Kirk Sandall,R00317
KKS,Kirk Sandall,R00640
KKS,Kirk Sandall,R00765
KKS,Kirk Sandall,R01396
KKS,Kirk Sandall,R01480
KKS,Kirk Sandall,R01576
KKS,Kirk Sandall,R01693
KKS,Kirk Sandall,R01726
KKS,Kirk Sandall,R01803
KKS,Kirk Sandall,R01950
KLB,,R02000
KLB,,R02002
KLB,,R02004
KLB,,R02006
KLB,,R02007
KLB,,R02014
KLD,Kildale,R00983
KLD,Kildale,R01305
KLD,Kildale,R01911
KLF,Kirkstall Forge,R00494
KLF,Kirkstall Forge,R00848
KLF,Kirkstall Forge,R00849
KLF,Kirkstall Forge,R01475
KLF,Kirkstall Forge,R01555
KLM,Kilmaurs,R00353
KLM,Kilmaurs,R00383
KLM,Kilmaurs,R01174
KLM,Kilmaurs,R01175
KLM,Kilmaurs,R01177
KLM,Kilmaurs,R01215
KLM,Kilmaurs,R01368
KLM,Kilmaurs,R01666
KLN,Kings Lynn,R00073
KLN,Kings Lynn,R00419
KLN,Kings Lynn,R00420
KLN,Kings Lynn,R00620
KLN,Kings Lynn,R00749
KLN,Kings Lynn,R00954
KLN,Kings Lynn,R01023
KLS,,R01022
KLY,Kenley,R00241
KLY,Kenley,R00253
KLY,Kenley,R00575
KLY,Kenley,R01624
KMH,Kempston Hardwick,R00173
KMH,Kempston Hardwick,R00178
KMK,Kilmarnock,R00353
KMK,Kilmarnock,R00355
KMK,Kilmarnock,R00383
KMK,Kilmarnock,R01174
KMK,Kilmarnock,R01175
KMK,Kilmarnock,R01177
KMK,Kilmarnock,R01186
KMK,Kilmarnock,R01192
KMK,Kilmarnock,R01215
KMK,Kilmarnock,R01368
KMK,Kilmarnock,R01666
KML,Kemsley,R00013
KML,Kemsley,R00026
KML,Kemsley,R01607
KMP,Kempton Park,R00802
KMP,Kempton Park,R00804
KMP,Kempton Park,R00943
KMP,Kempton Park,R00946
KMS,Kemsing,R00221
KMS,Kemsing,R00413
KMS,Kemsing,R00539
KNA,Knaresborough,R00614
KNA,Knaresborough,R01612
KNA,Knaresborough,R02029
KND,Kingswood,R00956
KND,Kingswood,R01012
KNE,Kennett,R00484
KNE,Kennett,R00509
KNE,Kennett,R01312
KNE,Kennett,R01357
KNE,Kennett,R01359
KNE,Kennett,R01932
KNF,Knutsford,R00512
KNF,Knutsford,R00519
KNF,Knutsford,R01133
KNF,Knutsford,R02013
KNG,Kingston,R00802
KNG,Kingston,R00804
KNG,Kingston,R00864
KNG,Kingston,R00943
KNG,Kingston,R00945
KNG,Kingston,R00946
KNG,Kingston,R00987
KNG,Kingston,R01253
KNG,Kingston,R01978
KNI,Knighton,R00385
KNI,Knighton,R00600
KNI,Knighton,R01672
KNI,Knighton,R01852
KNI,Knighton,R01866
KNL,Kensal Green,R00008
KNL,Kensal Green,R00016
KNL,Kensal Green,R00150
KNL,Kensal Green,R00224
KNL,Kensal Green,R00236
KNL,Kensal Green,R00382
KNL,Kensal Green,R00795
KNL,Kensal Green,R01603
KNL,Kensal Green,R01859
KNN,Kings Norton,R00023
KNN,Kings Norton,R00037
KNN,Kings Norton,R00040
KNN,Kings Norton,R00283
KNN,Kings Norton,R00293
KNN,Kings Norton,R00321
KNN,Kings Norton,R00347
KNN,Kings Norton,R00354
KNN,Kings Norton,R00362
KNN,Kings Norton,R00369
KNN,Kings Norton,R00372
KNN,Kings Norton,R00379
KNN,Kings Norton,R00455
KNN,Kings Norton,R00465
KNN,Kings Norton,R00468
KNN,Kings Norton,R00582
KNN,Kings Norton,R00661
KNN,Kings Norton,R00690
KNN,Kings Norton,R00759
KNN,Kings Norton,R00909
KNN,Kings Norton,R00911
KNN,Kings Norton,R00935
KNN,Kings Norton,R00948
KNN,Kings Norton,R00974
KNN,Kings Norton,R00975
KNN,Kings Norton,R00977
KNN,Kings Norton,R01158
KNN,Kings Norton,R01220
KNN,Kings Norton,R01222
KNN,Kings Norton,R01223
KNN,Kings Norton,R01231
KNN,Kings Norton,R01310
KNN,Kings Norton,R01886
KNN,Kings Norton,R02077
KNN,Kings Norton,R02079
KNO,Knottingley,R00529
KNO,Knottingley,R00532
KNO,Knottingley,R00641
KNO,Knottingley,R01617
KNO,Knottingley,R01964
KNR,Kensal Rise,R00177
KNR,Kensal Rise,R00252
KNR,Kensal Rise,R00258
KNR,Kensal Rise,R01093
KNS,Kennishead,R01174
KNS,Kennishead,R01177
KNS,Kennishead,R01306
KNS,Kennishead,R01666
KNT,Kenton,R00008
KNT,Kenton,R00150
KNT,Kenton,R00224
KNT,Kenton,R00236
KNT,Kenton,R00315
KNT,Kenton,R00382
KNT,Kenton,R00795
KNT,Kenton,R00822
KNU,Knucklas,R00385
KNU,Knucklas,R00600
KNU,Knucklas,R01672
KNU,Knucklas,R01852
KNW,Kenilworth,R01001
KNW,Kenilworth,R01471
KPA,Kensington Olympia,R00174
KPA,Kensington Olympia,R00177
KPA,Kensington Olympia,R00252
KPA,Kensington Olympia,R00403
KPA,Kensington Olympia,R00859
KPA,Kensington Olympia,R00905
KPA,Kensington Olympia,R00979
KPA,Kensington Olympia,R01010
KPA,Kensington Olympia,R01095
KPA,Kensington Olympia,R01105
KPT,Kilpatrick,R00179
KPT,Kilpatrick,R00289
KPT,Kilpatrick,R00375
KPT,Kilpatrick,R01173
KPT,Kilpatrick,R01807
KRK,Kirkconnel,R00383
KRK,Kirkconnel,R01215
KRK,Kirkconnel,R01368
KRK,Kirkconnel,R01666
KSL,Kearsley,R00059
KSL,Kearsley,R00069
KSL,Kearsley,R00074
KSL,Kearsley,R00084
KSL,Kearsley,R01091
KSL,Kearsley,R01619
KSN,Kearsney,R00125
KSN,Kearsney,R00345
KSN,Kearsney,R00402
KSN,Kearsney,R00413
KSN,Kearsney,R00414
KSN,Kearsney,R00437
KSN,Kearsney,R01561
KSN,Kearsney,R01627
KSW,Kirkby Stephen,R00374
KSW,Kirkby Stephen,R01125
KSW,Kirkby Stephen,R01274
KSW,Kirkby Stephen,R01717
KTH,Kent House,R00002
KTH,Kent House,R00221
KTH,Kent House,R00294
KTH,Kent House,R00343
KTH,Kent House,R00345
KTH,Kent House,R00413
KTH,Kent House,R00514
KTH,Kent House,R00528
KTH,Kent House,R00539
KTH,Kent House,R00542
KTH,Kent House,R00603
KTH,Kent House,R00857
KTH,Kent House,R00862
KTH,Kent House,R01283
KTH,Kent House,R01590
KTH,Kent House,R01615
KTH,Kent House,R02063
KTH,Kent House,R02065
KTL,Kirton Lindsey,R00062
KTL,Kirton Lindsey,R01362
KTN,Kentish Town,R00002
KTN,Kentish Town,R00076
KTN,Kentish Town,R00079
KTN,Kentish Town,R00092
KTN,Kentish Town,R00097
KTN,Kentish Town,R00156
KTN,Kentish Town,R00188
KTN,Kentish Town,R00271
KTN,Kentish Town,R00296
KTN,Kentish Town,R00298
KTN,Kentish Town,R00299
KTN,Kentish Town,R00304
KTN,Kentish Town,R00398
KTN,Kentish Town,R00416
KTN,Kentish Town,R00459
KTN,Kentish Town,R00506
KTN,Kentish Town,R00727
KTN,Kentish Town,R00762
KTN,Kentish Town,R00810
KTN,Kentish Town,R00968
KTN,Kentish Town,R00971
KTN,Kentish Town,R00972
KTN,Kentish Town,R00992
KTN,Kentish Town,R01076
KTN,Kentish Town,R01180
KTN,Kentish Town,R01187
KTN,Kentish Town,R01239
KTN,Kentish Town,R01241
KTN,Kentish Town,R01262
KTN,Kentish Town,R01264
KTN,Kentish Town,R01272
KTN,Kentish Town,R01425
KTN,Kentish Town,R01447
KTN,Kentish Town,R01450
KTN,Kentish Town,R01600
KTN,Kentish Town,R01628
KTN,Kentish Town,R01654
KTN,Kentish Town,R01724
KTN,Kentish Town,R01736
KTN,Kentish Town,R01755
KTR,Kintore,R00750
KTR,Kintore,R01028
KTR,Kintore,R01130
KTR,Kintore,R01142
KTR,Kintore,R01185
KTR,Kintore,R01314
KTR,Kintore,R01315
KTR,Kintore,R01316
KTR,Kintore,R01327
KTW,Kentish Town West,R00177
KTW,Kentish Town West,R00252
KTW,Kentish Town West,R00258
KTW,Kentish Town West,R01093
KVD,Kelvindale,R00235
KVD,Kelvindale,R00247
KVP,Kiveton Park,R00062
KVP,Kiveton Park,R00328
KVP,Kiveton Park,R00332
KVP,Kiveton Park,R00334
KVP,Kiveton Park,R00359
KVP,Kiveton Park,R01362
KVP,Kiveton Park,R01574
KVP,Kiveton Park,R01753
KWB,Kew Bridge,R00699
KWB,Kew Bridge,R00745
KWB,Kew Bridge,R00804
KWB,Kew Bridge,R00865
KWB,Kew Bridge,R01024
KWB,Kew Bridge,R01032
KWB,Kew Bridge,R01913
KWB,Kew Bridge,R01981
KWB,Kew Bridge,R02102
KWD,Kirkwood,R00378
KWD,Kirkwood,R00480
KWD,Kirkwood,R01136
KWD,Kirkwood,R01137
KWG,Kew Gardens,R00252
KWG,Kew Gardens,R00258
KWG,Kew Gardens,R00564
KWG,Kew Gardens,R00567
KWG,Kew Gardens,R01071
KWG,Kew Gardens,R01110
KWG,Kew Gardens,R01121
KWG,Kew Gardens,R01326
KWG,Kew Gardens,R01339
KWG,Kew Gardens,R01341
KWG,Kew Gardens,R01567
KWG,Kew Gardens,R02043
KWK,,R00618
KWK,,R00650
KWL,Kidwelly,R00034
KWL,Kidwelly,R00077
KWL,Kidwelly,R00186
KWL,Kidwelly,R00559
KWL,Kidwelly,R00562
KWL,Kidwelly,R00600
KWL,Kidwelly,R00796
KWL,Kidwelly,R00916
KWL,Kidwelly,R01238
KWL,Kidwelly,R01266
KWL,Kidwelly,R01537
KWL,Kidwelly,R01554
KWL,Kidwelly,R01738
KWL,Kidwelly,R01770
KWL,Kidwelly,R01773
KWL,Kidwelly,R01782
KWL,Kidwelly,R01835
KWL,Kidwelly,R02084
KWN,Kilwinning,R00163
KWN,Kilwinning,R00166
KWN,Kilwinning,R01150
KWN,Kilwinning,R01204
KWN,Kilwinning,R01205
KWN,Kilwinning,R01208
KWN,Kilwinning,R01209
KWN,Kilwinning,R01212
KWN,Kilwinning,R01213
KWN,Kilwinning,R01245
KWN,Kilwinning,R01254
KWN,Kilwinning,R01255
KYK,,R00834
KYK,,R00912
KYL,Kyle of Lochalsh,R00148
KYL,Kyle of Lochalsh,R00153
KYL,Kyle of Lochalsh,R00475
KYL,Kyle of Lochalsh,R00478
KYL,Kyle of Lochalsh,R00834
KYL,Kyle of Lochalsh,R00912
KYL,Kyle of Lochalsh,R01157
KYL,Kyle of Lochalsh,R01160
KYL,Kyle of Lochalsh,R01481
KYN,Keynsham,R00034
KYN,Keynsham,R00055
KYN,Keynsham,R00348
KYN,Keynsham,R00428
KYN,Keynsham,R00430
KYN,Keynsham,R00439
KYN,Keynsham,R00720
KYN,Keynsham,R00985
KYN,Keynsham,R01034
KYN,Keynsham,R01246
KYN,Keynsham,R01319
KYN,Keynsham,R01462
KYN,Keynsham,R01463
KYN,Keynsham,R01478
KYN,Keynsham,R01479
KYN,Keynsham,R01662
KYN,Keynsham,R01667
KYN,Keynsham,R01715
KYN,Keynsham,R01723
KYN,Keynsham,R01744
KYN,Keynsham,R01747
LAA,,R00211
LAA,,R00219
LAC,Lancing,R00043
LAC,Lancing,R00199
LAC,Lancing,R00239
LAC,Lancing,R00253
LAC,Lancing,R00657
LAC,Lancing,R00740
LAC,Lancing,R00742
LAC,Lancing,R00743
LAC,Lancing,R00748
LAC,Lancing,R00812
LAC,Lancing,R00930
LAC,Lancing,R00967
LAC,Lancing,R00969
LAC,Lancing,R01009
LAC,Lancing,R01039
LAC,Lancing,R01367
LAC,Lancing,R01419
LAC,Lancing,R01780
LAC,Lancing,R01922
LAC,Lancing,R01930
LAD,Ladywell,R00212
LAD,Ladywell,R00497
LAD,Ladywell,R01609
LAD,Ladywell,R02093
LAG,Langwith - Whaley Thorns,R01366
LAG,Langwith - Whaley Thorns,R01433
LAG,Langwith - Whaley Thorns,R01436
LAI,Laindon,R00137
LAI,Laindon,R00434
LAI,Laindon,R00978
LAI,Laindon,R01094
LAI,Laindon,R01354
LAI,Laindon,R01402
LAI,Laindon,R01625
LAI,Laindon,R01850
LAI,Laindon,R01864
LAI,Laindon,R01896
LAM,Lamphey,R00077
LAM,Lamphey,R00559
LAM,Lamphey,R00921
LAM,Lamphey,R01266
LAM,Lamphey,R01537
LAN,Lancaster,R00056
LAN,Lancaster,R00090
LAN,Lancaster,R00100
LAN,Lancaster,R00102
LAN,Lancaster,R00108
LAN,Lancaster,R00112
LAN,Lancaster,R00114
LAN,Lancaster,R00130
LAN,Lancaster,R00142
LAN,Lancaster,R00457
LAN,Lancaster,R00487
LAN,Lancaster,R00521
LAN,Lancaster,R00581
LAN,Lancaster,R00640
LAN,Lancaster,R00704
LAN,Lancaster,R00817
LAN,Lancaster,R00825
LAN,Lancaster,R01018
LAN,Lancaster,R01077
LAN,Lancaster,R01098
LAN,Lancaster,R01125
LAN,Lancaster,R01242
LAN,Lancaster,R01281
LAN,Lancaster,R01432
LAN,Lancaster,R01454
LAN,Lancaster,R01543
LAN,Lancaster,R01545
LAN,Lancaster,R01551
LAN,Lancaster,R01552
LAN,Lancaster,R01594
LAN,Lancaster,R01598
LAN,Lancaster,R01599
LAN,Lancaster,R01621
LAN,Lancaster,R01622
LAN,Lancaster,R01690
LAN,Lancaster,R01691
LAN,Lancaster,R01697
LAN,Lancaster,R01905
LAN,Lancaster,R01949
LAN,Lancaster,R01966
LAN,Lancaster,R01977
LAN,Lancaster,R01994
LAN,Lancaster,R02001
LAP,Lapford,R00259
LAP,Lapford,R00325
LAP,Lapford,R00338
LAP,Lapford,R00371
LAP,Lapford,R00606
LAP,Lapford,R00607
LAP,Lapford,R00612
LAP,Lapford,R00744
LAR,Largs,R00163
LAR,Largs,R00166
LAR,Largs,R01584
LAS,Llansamlet,R00077
LAS,Llansamlet,R00559
LAS,Llansamlet,R00562
LAS,Llansamlet,R00600
LAS,Llansamlet,R00796
LAS,Llansamlet,R00826
LAS,Llansamlet,R00916
LAS,Llansamlet,R00917
LAS,Llansamlet,R01037
LAS,Llansamlet,R01537
LAS,Llansamlet,R01554
LAS,Llansamlet,R01670
LAS,Llansamlet,R01826
LAS,Llansamlet,R01835
LAU,Laurencekirk,R00073
LAU,Laurencekirk,R00139
LAU,Laurencekirk,R00145
LAU,Laurencekirk,R00162
LAU,Laurencekirk,R00467
LAU,Laurencekirk,R00476
LAU,Laurencekirk,R00582
LAU,Laurencekirk,R00687
LAU,Laurencekirk,R00690
LAU,Laurencekirk,R00749
LAU,Laurencekirk,R00750
LAU,Laurencekirk,R01028
LAU,Laurencekirk,R01129
LAU,Laurencekirk,R01142
LAU,Laurencekirk,R01185
LAU,Laurencekirk,R01244
LAU,Laurencekirk,R01327
LAU,Laurencekirk,R01544
LAW,Landywood,R00863
LAW,Landywood,R00907
LAW,Landywood,R01002
LAW,Landywood,R01004
LAW,Landywood,R01497
LAW,Landywood,R01498
LAW,Landywood,R01834
LAY,Layton,R00130
LAY,Layton,R00508
LAY,Layton,R00640
LAY,Layton,R00947
LAY,Layton,R01902
LBK,Long Buckby,R00056
LBK,Long Buckby,R00102
LBK,Long Buckby,R00104
LBK,Long Buckby,R00283
LBK,Long Buckby,R00638
LBK,Long Buckby,R00816
LBK,Long Buckby,R00820
LBK,Long Buckby,R00838
LBK,Long Buckby,R00843
LBK,Long Buckby,R00845
LBK,Long Buckby,R01102
LBK,Long Buckby,R01181
LBK,Long Buckby,R01267
LBK,Long Buckby,R01280
LBK,Long Buckby,R01413
LBK,Long Buckby,R01432
LBK,Long Buckby,R01522
LBK,Long Buckby,R01553
LBK,Long Buckby,R01690
LBK,Long Buckby,R01905
LBO,Loughborough,R00156
LBO,Loughborough,R00189
LBO,Loughborough,R00192
LBO,Loughborough,R00214
LBO,Loughborough,R00296
LBO,Loughborough,R00298
LBO,Loughborough,R00299
LBO,Loughborough,R00304
LBO,Loughborough,R00459
LBO,Loughborough,R00792
LBO,Loughborough,R00810
LBO,Loughborough,R00825
LBO,Loughborough,R00992
LBO,Loughborough,R01076
LBO,Loughborough,R01335
LBO,Loughborough,R01425
LBO,Loughborough,R01447
LBO,Loughborough,R01450
LBO,Loughborough,R01455
LBO,Loughborough,R01553
LBO,Loughborough,R01654
LBO,Loughborough,R01724
LBO,Loughborough,R01772
LBO,Loughborough,R01914
LBO,Loughborough,R01940
LBR,Llanbedr,R00068
LBR,Llanbedr,R00330
LBT,Larbert,R00056
LBT,Larbert,R00145
LBT,Larbert,R00162
LBT,Larbert,R00169
LBT,Larbert,R00685
LBT,Larbert,R00687
LBT,Larbert,R00688
LBT,Larbert,R00704
LBT,Larbert,R01281
LBT,Larbert,R01929
LBT,Larbert,R01931
LBZ,Leighton Buzzard,R00056
LBZ,Leighton Buzzard,R00131
LBZ,Leighton Buzzard,R00638
LBZ,Leighton Buzzard,R00829
LBZ,Leighton Buzzard,R00841
LBZ,Leighton Buzzard,R00879
LBZ,Leighton Buzzard,R01074
LBZ,Leighton Buzzard,R01102
LCB,,R01944
LCC,Lochluichart,R01157
LCC,Lochluichart,R01160
LCG,Lochgelly,R00048
LCG,Lochgelly,R00098
LCG,Lochgelly,R00356
LCG,Lochgelly,R00357
LCG,Lochgelly,R01244
LCH,,R01065
LCH,,R02057
LCH,,R02069
LCH,,R02070
LCK,Lockwood,R00011
LCK,Lockwood,R00038
LCK,Lockwood,R01756
LCL,Lochailort,R01140
LCL,Lochailort,R01141
LCL,Lochailort,R01297
LCN,Lincoln Central,R00062
LCN,Lincoln Central,R00073
LCN,Lincoln Central,R00109
LCN,Lincoln Central,R00113
LCN,Lincoln Central,R00117
LCN,Lincoln Central,R00165
LCN,Lincoln Central,R00167
LCN,Lincoln Central,R00170
LCN,Lincoln Central,R00214
LCN,Lincoln Central,R00332
LCN,Lincoln Central,R00334
LCN,Lincoln Central,R00359
LCN,Lincoln Central,R00373
LCN,Lincoln Central,R00459
LCN,Lincoln Central,R00513
LCN,Lincoln Central,R00764
LCN,Lincoln Central,R00765
LCN,Lincoln Central,R00767
LCN,Lincoln Central,R01207
LCN,Lincoln Central,R01403
LCN,Lincoln Central,R01406
LCN,Lincoln Central,R01412
LCN,Lincoln Central,R01425
LCN,Lincoln Central,R01426
LCN,Lincoln Central,R01427
LCN,Lincoln Central,R01440
LCN,Lincoln Central,R01441
LCP,,R01793
LCP,,R01797
LCP,,R01798
LCS,Locheilside,R01140
LCS,Locheilside,R01141
LCS,Locheilside,R01297
LDN,Llandanwg,R00068
LDN,Llandanwg,R00330
LDS,Leeds,R00038
LDS,Leeds,R00063
LDS,Leeds,R00064
LDS,Leeds,R00073
LDS,Leeds,R00078
LDS,Leeds,R00082
LDS,Leeds,R00111
LDS,Leeds,R00119
LDS,Leeds,R00121
LDS,Leeds,R00138
LDS,Leeds,R00193
LDS,Leeds,R00231
LDS,Leeds,R00260
LDS,Leeds,R00284
LDS,Leeds,R00316
LDS,Leeds,R00321
LDS,Leeds,R00326
LDS,Leeds,R00328
LDS,Leeds,R00332
LDS,Leeds,R00334
LDS,Leeds,R00335
LDS,Leeds,R00344
LDS,Leeds,R00354
LDS,Leeds,R00358
LDS,Leeds,R00360
LDS,Leeds,R00361
LDS,Leeds,R00365
LDS,Leeds,R00367
LDS,Leeds,R00369
LDS,Leeds,R00370
LDS,Leeds,R00374
LDS,Leeds,R00404
LDS,Leeds,R00409
LDS,Leeds,R00441
LDS,Leeds,R00449
LDS,Leeds,R00455
LDS,Leeds,R00462
LDS,Leeds,R00465
LDS,Leeds,R00466
LDS,Leeds,R00468
LDS,Leeds,R00473
LDS,Leeds,R00477
LDS,Leeds,R00482
LDS,Leeds,R00486
LDS,Leeds,R00487
LDS,Leeds,R00494
LDS,Leeds,R00495
LDS,Leeds,R00529
LDS,Leeds,R00532
LDS,Leeds,R00578
LDS,Leeds,R00582
LDS,Leeds,R00614
LDS,Leeds,R00623
LDS,Leeds,R00640
LDS,Leeds,R00641
LDS,Leeds,R00647
LDS,Leeds,R00651
LDS,Leeds,R00652
LDS,Leeds,R00662
LDS,Leeds,R00669
LDS,Leeds,R00690
LDS,Leeds,R00721
LDS,Leeds,R00729
LDS,Leeds,R00736
LDS,Leeds,R00749
LDS,Leeds,R00827
LDS,Leeds,R00831
LDS,Leeds,R00848
LDS,Leeds,R00849
LDS,Leeds,R00935
LDS,Leeds,R00940
LDS,Leeds,R00942
LDS,Leeds,R00948
LDS,Leeds,R01061
LDS,Leeds,R01125
LDS,Leeds,R01165
LDS,Leeds,R01170
LDS,Leeds,R01172
LDS,Leeds,R01195
LDS,Leeds,R01274
LDS,Leeds,R01301
LDS,Leeds,R01388
LDS,Leeds,R01475
LDS,Leeds,R01480
LDS,Leeds,R01494
LDS,Leeds,R01530
LDS,Leeds,R01532
LDS,Leeds,R01536
LDS,Leeds,R01545
LDS,Leeds,R01551
LDS,Leeds,R01555
LDS,Leeds,R01605
LDS,Leeds,R01608
LDS,Leeds,R01612
LDS,Leeds,R01613
LDS,Leeds,R01617
LDS,Leeds,R01623
LDS,Leeds,R01717
LDS,Leeds,R01721
LDS,Leeds,R01767
LDS,Leeds,R01815
LDS,Leeds,R01816
LDS,Leeds,R01888
LDS,Leeds,R01895
LDS,Leeds,R01908
LDS,Leeds,R01909
LDS,Leeds,R01951
LDS,Leeds,R01961
LDS,Leeds,R01963
LDS,Leeds,R01964
LDS,Leeds,R01974
LDS,Leeds,R01991
LDS,Leeds,R01998
LDS,Leeds,R02012
LDS,Leeds,R02027
LDS,Leeds,R02029
LDS,Leeds,R02030
LDS,Leeds,R02044
LDS,Leeds,R02083
LDS,Leeds,R02085
LDS,Leeds,R02095
LDY,Ladybank,R00035
LDY,Ladybank,R00045
LDY,Ladybank,R00048
LDY,Ladybank,R00073
LDY,Ladybank,R00139
LDY,Ladybank,R00356
LDY,Ladybank,R00582
LDY,Ladybank,R00619
LDY,Ladybank,R00687
LDY,Ladybank,R00690
LDY,Ladybank,R00714
LDY,Ladybank,R00749
LDY,Ladybank,R00750
LDY,Ladybank,R01244
LDY,Ladybank,R01258
LDY,Ladybank,R01260
LDY,Ladybank,R01271
LDY,Ladybank,R01273
LDY,Ladybank,R01673
LDY,Ladybank,R01796
LDY,Ladybank,R01979
LEA,Leagrave,R00097
LEA,Leagrave,R00156
LEA,Leagrave,R00271
LEA,Leagrave,R00298
LEA,Leagrave,R00398
LEA,Leagrave,R00506
LEA,Leagrave,R00727
LEA,Leagrave,R00762
LEA,Leagrave,R00968
LEA,Leagrave,R00972
LEA,Leagrave,R00992
LEA,Leagrave,R01076
LEA,Leagrave,R01180
LEA,Leagrave,R01187
LEA,Leagrave,R01239
LEA,Leagrave,R01241
LEA,Leagrave,R01272
LEA,Leagrave,R01450
LEA,Leagrave,R01600
LEA,Leagrave,R01628
LEA,Leagrave,R01724
LEA,Leagrave,R01736
LEA,Leagrave,R01755
LEB,Lea Bridge,R00144
LEB,Lea Bridge,R00566
LEB,Lea Bridge,R00569
LEB,Lea Bridge,R00791
LEB,Lea Bridge,R00793
LEB,Lea Bridge,R01348
LEB,Lea Bridge,R01405
LEB,Lea Bridge,R02037
LEB,Lea Bridge,R02042
LED,Ledbury,R00034
LED,Ledbury,R00293
LED,Ledbury,R00362
LED,Ledbury,R01236
LEE,Lee,R00014
LEE,Lee,R00018
LEE,Lee,R00125
LEE,Lee,R00297
LEE,Lee,R00536
LEE,Lee,R00610
LEE,Lee,R00654
LEE,Lee,R01502
LEE,Lee,R01676
LEE,Lee,R01800
LEE,Lee,R02064
LEG,Lea Green,R00130
LEG,Lea Green,R00454
LEG,Lea Green,R00473
LEG,Lea Green,R00587
LEG,Lea Green,R00640
LEG,Lea Green,R00944
LEG,Lea Green,R01061
LEG,Lea Green,R01892
LEG,Lea Green,R01952
LEG,Lea Green,R02032
LEG,Lea Green,R02039
LEH,Lea Hall,R00056
LEH,Lea Hall,R00102
LEH,Lea Hall,R00104
LEH,Lea Hall,R00114
LEH,Lea Hall,R00571
LEH,Lea Hall,R00704
LEH,Lea Hall,R00780
LEH,Lea Hall,R00816
LEH,Lea Hall,R00863
LEH,Lea Hall,R00899
LEH,Lea Hall,R00907
LEH,Lea Hall,R00964
LEH,Lea Hall,R01002
LEH,Lea Hall,R01004
LEH,Lea Hall,R01063
LEH,Lea Hall,R01102
LEH,Lea Hall,R01153
LEH,Lea Hall,R01280
LEH,Lea Hall,R01546
LEI,Leicester,R00029
LEI,Leicester,R00156
LEI,Leicester,R00187
LEI,Leicester,R00189
LEI,Leicester,R00192
LEI,Leicester,R00214
LEI,Leicester,R00296
LEI,Leicester,R00298
LEI,Leicester,R00299
LEI,Leicester,R00304
LEI,Leicester,R00379
LEI,Leicester,R00459
LEI,Leicester,R00810
LEI,Leicester,R00954
LEI,Leicester,R00973
LEI,Leicester,R00974
LEI,Leicester,R00992
LEI,Leicester,R01076
LEI,Leicester,R01425
LEI,Leicester,R01447
LEI,Leicester,R01450
LEI,Leicester,R01455
LEI,Leicester,R01654
LEI,Leicester,R01724
LEI,Leicester,R01772
LEI,Leicester,R01914
LEI,Leicester,R01940
LEL,Lelant,R00154
LEL,Lelant,R00157
LEL,Lelant,R00161
LEL,Lelant,R00168
LEL,Lelant,R00172
LEL,Lelant,R00580
LEM,Leyton Midland Road,R00510
LEM,Leyton Midland Road,R01019
LEN,Lenham,R00014
LEN,Lenham,R00221
LEN,Lenham,R00413
LEN,Lenham,R00539
LEN,Lenham,R00542
LEN,Lenham,R00611
LEN,Lenham,R01500
LEN,Lenham,R01501
LEO,Leominster,R00077
LEO,Leominster,R00562
LEO,Leominster,R00590
LEO,Leominster,R00592
LEO,Leominster,R00600
LEO,Leominster,R00796
LEO,Leominster,R00916
LEO,Leominster,R01063
LEO,Leominster,R01123
LEO,Leominster,R01248
LEO,Leominster,R01265
LEO,Leominster,R01307
LEO,Leominster,R01554
LEO,Leominster,R01738
LEO,Leominster,R01773
LER,Leytonstone High Road,R00510
LER,Leytonstone High Road,R01019
LES,Leigh-on-Sea,R00137
LES,Leigh-on-Sea,R00384
LES,Leigh-on-Sea,R00434
LES,Leigh-on-Sea,R00444
LES,Leigh-on-Sea,R00794
LES,Leigh-on-Sea,R00978
LES,Leigh-on-Sea,R01094
LES,Leigh-on-Sea,R01354
LES,Leigh-on-Sea,R01402
LES,Leigh-on-Sea,R01625
LES,Leigh-on-Sea,R01850
LES,Leigh-on-Sea,R01864
LET,Letchworth Garden City,R00073
LET,Letchworth Garden City,R00128
LET,Letchworth Garden City,R00129
LET,Letchworth Garden City,R00271
LET,Letchworth Garden City,R00319
LET,Letchworth Garden City,R00620
LET,Letchworth Garden City,R00628
LET,Letchworth Garden City,R00660
LET,Letchworth Garden City,R00707
LET,Letchworth Garden City,R00749
LET,Letchworth Garden City,R00819
LET,Letchworth Garden City,R00968
LET,Letchworth Garden City,R00970
LET,Letchworth Garden City,R01311
LET,Letchworth Garden City,R01383
LET,Letchworth Garden City,R01494
LET,Letchworth Garden City,R01596
LET,Letchworth Garden City,R01869
LEU,Leuchars,R00035
LEU,Leuchars,R00073
LEU,Leuchars,R00139
LEU,Leuchars,R00582
LEU,Leuchars,R00619
LEU,Leuchars,R00687
LEU,Leuchars,R00690
LEU,Leuchars,R00714
LEU,Leuchars,R00749
LEU,Leuchars,R00750
LEU,Leuchars,R01228
LEU,Leuchars,R01244
LEU,Leuchars,R01258
LEU,Leuchars,R01260
LEU,Leuchars,R01277
LEU,Leuchars,R01673
LEU,Leuchars,R01796
LEU,Leuchars,R01979
LEV,Leven,R00048
LEV,Leven,R00123
LEV,Leven,R00357
LEV,Leven,R00574
LEV,Leven,R01244
LEV,Leven,R01860
LEW,Lewisham,R00018
LEW,Lewisham,R00079
LEW,Lewisham,R00092
LEW,Lewisham,R00122
LEW,Lewisham,R00188
LEW,Lewisham,R00212
LEW,Lewisham,R00491
LEW,Lewisham,R00516
LEW,Lewisham,R00526
LEW,Lewisham,R00536
LEW,Lewisham,R00610
LEW,Lewisham,R00617
LEW,Lewisham,R00624
LEW,Lewisham,R00654
LEW,Lewisham,R01100
LEW,Lewisham,R01502
LEW,Lewisham,R01503
LEW,Lewisham,R01556
LEW,Lewisham,R01578
LEW,Lewisham,R01592
LEW,Lewisham,R01609
LEW,Lewisham,R01676
LEW,Lewisham,R01702
LEW,Lewisham,R01745
LEW,Lewisham,R01768
LEW,Lewisham,R01800
LEW,Lewisham,R02081
LEY,Leyland,R00090
LEY,Leyland,R00130
LEY,Leyland,R00206
LEY,Leyland,R00454
LEY,Leyland,R00508
LEY,Leyland,R00640
LEY,Leyland,R00647
LEY,Leyland,R01626
LEY,Leyland,R01902
LFD,Lingfield,R00091
LFD,Lingfield,R00097
LFD,Lingfield,R00238
LFD,Lingfield,R00253
LFD,Lingfield,R00972
LFD,Lingfield,R01241
LFD,Lingfield,R01252
LFD,Lingfield,R01257
LFD,Lingfield,R01264
LFD,Lingfield,R01278
LFD,Lingfield,R01394
LFD,Lingfield,R01521
LGB,Langbank,R00099
LGB,Langbank,R00190
LGB,Langbank,R00426
LGB,Langbank,R01227
LGD,Lingwood,R00208
LGD,Lingwood,R01487
LGD,Lingwood,R01495
LGD,Lingwood,R01812
LGE,Long Eaton,R00023
LGE,Long Eaton,R00296
LGE,Long Eaton,R00298
LGE,Long Eaton,R00336
LGE,Long Eaton,R00344
LGE,Long Eaton,R00347
LGE,Long Eaton,R00459
LGE,Long Eaton,R00513
LGE,Long Eaton,R00661
LGE,Long Eaton,R00900
LGE,Long Eaton,R00948
LGE,Long Eaton,R00992
LGE,Long Eaton,R01076
LGE,Long Eaton,R01207
LGE,Long Eaton,R01412
LGE,Long Eaton,R01425
LGE,Long Eaton,R01426
LGE,Long Eaton,R01427
LGE,Long Eaton,R01428
LGE,Long Eaton,R01440
LGE,Long Eaton,R01441
LGE,Long Eaton,R01450
LGE,Long Eaton,R01455
LGE,Long Eaton,R01654
LGF,Longfield,R00343
LGF,Longfield,R00345
LGF,Longfield,R00413
LGF,Longfield,R00437
LGF,Longfield,R00469
LGF,Longfield,R00514
LGF,Longfield,R01466
LGF,Longfield,R01627
LGF,Longfield,R01655
LGF,Longfield,R01682
LGF,Longfield,R01975
LGG,Langley Green,R00004
LGG,Langley Green,R00088
LGG,Langley Green,R00115
LGG,Langley Green,R00126
LGG,Langley Green,R00768
LGG,Langley Green,R00773
LGG,Langley Green,R00775
LGG,Langley Green,R00776
LGG,Langley Green,R00883
LGG,Langley Green,R00896
LGG,Langley Green,R00901
LGG,Langley Green,R01899
LGJ,Loughborough Junction,R00002
LGJ,Loughborough Junction,R00076
LGJ,Loughborough Junction,R00092
LGJ,Loughborough Junction,R00294
LGJ,Loughborough Junction,R00398
LGJ,Loughborough Junction,R00415
LGJ,Loughborough Junction,R00416
LGJ,Loughborough Junction,R00469
LGJ,Loughborough Junction,R00603
LGJ,Loughborough Junction,R00762
LGJ,Loughborough Junction,R00913
LGJ,Loughborough Junction,R00968
LGJ,Loughborough Junction,R00971
LGJ,Loughborough Junction,R01171
LGJ,Loughborough Junction,R01180
LGJ,Loughborough Junction,R01241
LGJ,Loughborough Junction,R01283
LGJ,Loughborough Junction,R01590
LGJ,Loughborough Junction,R01676
LGJ,Loughborough Junction,R01682
LGJ,Loughborough Junction,R01737
LGJ,Loughborough Junction,R01739
LGJ,Loughborough Junction,R02063
LGJ,Loughborough Junction,R02072
LGK,Longbeck,R00409
LGK,Longbeck,R00486
LGK,Longbeck,R00578
LGK,Longbeck,R00847
LGK,Longbeck,R01284
LGK,Longbeck,R01533
LGK,Longbeck,R01534
LGK,Longbeck,R01908
LGM,Langley Mill,R00063
LGM,Langley Mill,R00328
LGM,Langley Mill,R00334
LGM,Langley Mill,R00336
LGM,Langley Mill,R00441
LGM,Langley Mill,R00495
LGM,Langley Mill,R00830
LGM,Langley Mill,R00846
LGM,Langley Mill,R01292
LGM,Langley Mill,R01450
LGM,Langley Mill,R01848
LGM,Langley Mill,R01968
LGN,Longton,R00347
LGN,Longton,R00459
LGN,Longton,R00578
LGN,Longton,R00661
LGN,Longton,R01207
LGN,Longton,R01425
LGN,Longton,R01426
LGN,Longton,R01427
LGN,Longton,R01428
LGO,Llangynllo,R00385
LGO,Llangynllo,R00600
LGO,Llangynllo,R01672
LGO,Llangynllo,R01852
LGS,Langside,R00107
LGS,Langside,R00127
LGS,Langside,R00135
LGW,Langwathby,R00374
LGW,Langwathby,R01125
LGW,Langwathby,R01274
LHA,Loch Awe,R00287
LHA,Loch Awe,R01138
LHA,Loch Awe,R01139
LHA,Loch Awe,R01295
LHA,Loch Awe,R02040
LHD,Leatherhead,R00322
LHD,Leatherhead,R00632
LHD,Leatherhead,R00799
LHD,Leatherhead,R00867
LHD,Leatherhead,R00953
LHD,Leatherhead,R01042
LHD,Leatherhead,R01391
LHD,Leatherhead,R01512
LHD,Leatherhead,R01683
LHD,Leatherhead,R01858
LHE,Loch Eil Outward Bound,R01140
LHE,Loch Eil Outward Bound,R01141
LHE,Loch Eil Outward Bound,R01297
LHM,Lealholm,R00983
LHM,Lealholm,R01305
LHM,Lealholm,R01911
LHO,Langho,R00101
LHO,Langho,R00337
LHO,Langho,R00340
LHO,Langho,R01460
LHS,Limehouse,R00137
LHS,Limehouse,R00978
LHS,Limehouse,R01094
LHS,Limehouse,R01096
LHS,Limehouse,R01402
LHS,Limehouse,R01625
LHS,Limehouse,R01699
LHS,Limehouse,R01850
LHS,Limehouse,R01862
LHS,Limehouse,R01896
LHS,Limehouse,R01897
LHS,Limehouse,R02087
LHW,Lochwinnoch,R00163
LHW,Lochwinnoch,R00166
LHW,Lochwinnoch,R01150
LHW,Lochwinnoch,R01204
LHW,Lochwinnoch,R01205
LHW,Lochwinnoch,R01208
LHW,Lochwinnoch,R01209
LHW,Lochwinnoch,R01212
LHW,Lochwinnoch,R01213
LHW,Lochwinnoch,R01245
LHW,Lochwinnoch,R01254
LHW,Lochwinnoch,R01255
LIC,Lichfield City,R00040
LIC,Lichfield City,R01158
LIC,Lichfield City,R01225
LIC,Lichfield City,R01310
LIC,Lichfield City,R01442
LID,Lidlington,R00173
LID,Lidlington,R00178
LIF,,R00040
LIF,,R01158
LIF,,R01225
LIF,,R01310
LIF,,R01442
LIH,Leigh (Kent),R01689
LIH,Leigh (Kent),R01729
LIN,Linlithgow,R00056
LIN,Linlithgow,R00073
LIN,Linlithgow,R00162
LIN,Linlithgow,R00169
LIN,Linlithgow,R00464
LIN,Linlithgow,R00470
LIN,Linlithgow,R00619
LIN,Linlithgow,R00625
LIN,Linlithgow,R00704
LIN,Linlithgow,R01129
LIN,Linlithgow,R01865
LIN,Linlithgow,R01979
LIP,Liphook,R00417
LIP,Liphook,R00643
LIP,Liphook,R00657
LIP,Liphook,R00725
LIP,Liphook,R00737
LIP,Liphook,R00753
LIP,Liphook,R01068
LIP,Liphook,R01070
LIP,Liphook,R01079
LIP,Liphook,R01083
LIP,Liphook,R01774
LIP,Liphook,R01791
LIS,Liss,R00417
LIS,Liss,R00643
LIS,Liss,R00657
LIS,Liss,R00725
LIS,Liss,R00737
LIS,Liss,R00753
LIS,Liss,R01068
LIS,Liss,R01070
LIS,Liss,R01079
LIS,Liss,R01083
LIS,Liss,R01774
LIS,Liss,R01791
LIT,Littlehampton,R00043
LIT,Littlehampton,R00049
LIT,Littlehampton,R00199
LIT,Littlehampton,R00239
LIT,Littlehampton,R00253
LIT,Littlehampton,R00399
LIT,Littlehampton,R00657
LIT,Littlehampton,R00748
LIT,Littlehampton,R00914
LIT,Littlehampton,R00967
LIT,Littlehampton,R00969
LIT,Littlehampton,R01045
LIT,Littlehampton,R01049
LIT,Littlehampton,R01070
LIT,Littlehampton,R01419
LIT,Littlehampton,R01677
LIT,Littlehampton,R01930
LIV,Liverpool Lime Street,R00056
LIV,Liverpool Lime Street,R00062
LIV,Liverpool Lime Street,R00063
LIV,Liverpool Lime Street,R00090
LIV,Liverpool Lime Street,R00100
LIV,Liverpool Lime Street,R00112
LIV,Liverpool Lime Street,R00114
LIV,Liverpool Lime Street,R00130
LIV,Liverpool Lime Street,R00206
LIV,Liverpool Lime Street,R00213
LIV,Liverpool Lime Street,R00270
LIV,Liverpool Lime Street,R00311
LIV,Liverpool Lime Street,R00336
LIV,Liverpool Lime Street,R00441
LIV,Liverpool Lime Street,R00454
LIV,Liverpool Lime Street,R00473
LIV,Liverpool Lime Street,R00561
LIV,Liverpool Lime Street,R00565
LIV,Liverpool Lime Street,R00579
LIV,Liverpool Lime Street,R00587
LIV,Liverpool Lime Street,R00640
LIV,Liverpool Lime Street,R00760
LIV,Liverpool Lime Street,R00765
LIV,Liverpool Lime Street,R00830
LIV,Liverpool Lime Street,R00939
LIV,Liverpool Lime Street,R00944
LIV,Liverpool Lime Street,R01047
LIV,Liverpool Lime Street,R01054
LIV,Liverpool Lime Street,R01059
LIV,Liverpool Lime Street,R01061
LIV,Liverpool Lime Street,R01198
LIV,Liverpool Lime Street,R01247
LIV,Liverpool Lime Street,R01251
LIV,Liverpool Lime Street,R01256
LIV,Liverpool Lime Street,R01259
LIV,Liverpool Lime Street,R01353
LIV,Liverpool Lime Street,R01452
LIV,Liverpool Lime Street,R01457
LIV,Liverpool Lime Street,R01562
LIV,Liverpool Lime Street,R01563
LIV,Liverpool Lime Street,R01564
LIV,Liverpool Lime Street,R01566
LIV,Liverpool Lime Street,R01570
LIV,Liverpool Lime Street,R01626
LIV,Liverpool Lime Street,R01727
LIV,Liverpool Lime Street,R01848
LIV,Liverpool Lime Street,R01892
LIV,Liverpool Lime Street,R01915
LIV,Liverpool Lime Street,R01952
LIV,Liverpool Lime Street,R02032
LIV,Liverpool Lime Street,R02039
LIV,Liverpool Lime Street,R02052
LIV,Liverpool Lime Street,R02053
LKE,Lake,R01547
LKE,Lake,R01548
LKE,Lake,R01572
LLA,Llanaber,R00068
LLA,Llanaber,R00330
LLB,,R00058
LLB,,R00571
LLB,,R00581
LLB,,R01062
LLB,,R01261
LLB,,R01787
LLC,Llandecwyn,R00068
LLC,Llandecwyn,R00330
LLD,Llandudno,R00578
LLD,Llandudno,R00760
LLD,Llandudno,R01047
LLD,Llandudno,R01552
LLD,Llandudno,R01602
LLD,Llandudno,R01788
LLD,Llandudno,R01831
LLD,Llandudno,R01832
LLE,Llanelli,R00034
LLE,Llanelli,R00077
LLE,Llanelli,R00186
LLE,Llanelli,R00385
LLE,Llanelli,R00559
LLE,Llanelli,R00562
LLE,Llanelli,R00600
LLE,Llanelli,R00796
LLE,Llanelli,R00826
LLE,Llanelli,R00828
LLE,Llanelli,R00885
LLE,Llanelli,R00887
LLE,Llanelli,R00916
LLE,Llanelli,R01238
LLE,Llanelli,R01266
LLE,Llanelli,R01537
LLE,Llanelli,R01554
LLE,Llanelli,R01670
LLE,Llanelli,R01738
LLE,Llanelli,R01770
LLE,Llanelli,R01773
LLE,Llanelli,R01782
LLE,Llanelli,R01835
LLE,Llanelli,R01851
LLE,Llanelli,R01852
LLE,Llanelli,R01927
LLE,Llanelli,R02084
LLF,Llanfairfechan,R00418
LLF,Llanfairfechan,R00568
LLF,Llanfairfechan,R00590
LLF,Llanfairfechan,R00592
LLF,Llanfairfechan,R01518
LLG,Llangadog,R00385
LLG,Llangadog,R00600
LLG,Llangadog,R01851
LLG,Llangadog,R01852
LLG,Llangadog,R01927
LLH,Llangennech,R00385
LLH,Llangennech,R00600
LLH,Llangennech,R01851
LLH,Llangennech,R01852
LLH,Llangennech,R01927
LLI,Llandybie,R00385
LLI,Llandybie,R00600
LLI,Llandybie,R01851
LLI,Llandybie,R01852
LLI,Llandybie,R01927
LLJ,Llandudno Junction,R00056
LLJ,Llandudno Junction,R00058
LLJ,Llandudno Junction,R00418
LLJ,Llandudno Junction,R00568
LLJ,Llandudno Junction,R00579
LLJ,Llandudno Junction,R00590
LLJ,Llandudno Junction,R00592
LLJ,Llandudno Junction,R00760
LLJ,Llandudno Junction,R00902
LLJ,Llandudno Junction,R01047
LLJ,Llandudno Junction,R01307
LLJ,Llandudno Junction,R01518
LLJ,Llandudno Junction,R01526
LLJ,Llandudno Junction,R01552
LLJ,Llandudno Junction,R01602
LLJ,Llandudno Junction,R01710
LLJ,Llandudno Junction,R01788
LLJ,Llandudno Junction,R01830
LLJ,Llandudno Junction,R01831
LLJ,Llandudno Junction,R01832
LLL,Llandeilo,R00385
LLL,Llandeilo,R00600
LLL,Llandeilo,R01851
LLL,Llandeilo,R01852
LLL,Llandeilo,R01927
LLM,Llangammarch,R00385
LLM,Llangammarch,R00600
LLM,Llangammarch,R01852
LLN,Llandaf,R00594
LLN,Llandaf,R00766
LLN,Llandaf,R01206
LLN,Llandaf,R01364
LLN,Llandaf,R01643
LLN,Llandaf,R01698
LLO,Llandrindod,R00385
LLO,Llandrindod,R00600
LLO,Llandrindod,R01672
LLO,Llandrindod,R01852
LLO,Llandrindod,R01866
LLP,,R01793
LLP,,R01798
LLR,Llanharan,R00280
LLR,Llanharan,R00559
LLR,Llanharan,R00600
LLR,Llanharan,R00601
LLR,Llanharan,R00826
LLR,Llanharan,R01537
LLR,Llanharan,R01826
LLR,Llanharan,R01835
LLR,Llanharan,R01999
LLS,Llanishen,R00080
LLS,Llanishen,R00266
LLS,Llanishen,R00278
LLS,Llanishen,R00570
LLS,Llanishen,R00593
LLS,Llanishen,R00605
LLS,Llanishen,R00682
LLS,Llanishen,R00709
LLS,Llanishen,R00728
LLS,Llanishen,R00840
LLT,Llanbister Road,R00385
LLT,Llanbister Road,R00600
LLT,Llanbister Road,R01672
LLT,Llanbister Road,R01852
LLV,Llandovery,R00385
LLV,Llandovery,R00600
LLV,Llandovery,R01851
LLV,Llandovery,R01852
LLV,Llandovery,R01927
LLW,Llwyngwril,R00068
LLW,Llwyngwril,R00330
LLY,Llwynypia,R00594
LLY,Llwynypia,R01206
LMR,Low Moor,R00064
LMR,Low Moor,R00073
LMR,Low Moor,R00082
LMR,Low Moor,R00193
LMR,Low Moor,R00231
LMR,Low Moor,R00407
LMR,Low Moor,R00652
LMR,Low Moor,R00736
LMR,Low Moor,R01170
LMR,Low Moor,R01608
LMR,Low Moor,R01895
LMS,Leamington Spa,R00004
LMS,Leamington Spa,R00053
LMS,Leamington Spa,R00072
LMS,Leamington Spa,R00077
LMS,Leamington Spa,R00158
LMS,Leamington Spa,R00246
LMS,Leamington Spa,R00283
LMS,Leamington Spa,R00286
LMS,Leamington Spa,R00341
LMS,Leamington Spa,R00396
LMS,Leamington Spa,R00397
LMS,Leamington Spa,R00400
LMS,Leamington Spa,R00405
LMS,Leamington Spa,R00425
LMS,Leamington Spa,R00446
LMS,Leamington Spa,R00465
LMS,Leamington Spa,R00498
LMS,Leamington Spa,R00780
LMS,Leamington Spa,R00875
LMS,Leamington Spa,R00884
LMS,Leamington Spa,R00896
LMS,Leamington Spa,R00901
LMS,Leamington Spa,R00904
LMS,Leamington Spa,R00964
LMS,Leamington Spa,R00966
LMS,Leamington Spa,R00989
LMS,Leamington Spa,R00991
LMS,Leamington Spa,R01001
LMS,Leamington Spa,R01471
LMS,Leamington Spa,R01496
LMS,Leamington Spa,R01508
LMS,Leamington Spa,R02082
LNB,Llanbradach,R00080
LNB,Llanbradach,R00266
LNB,Llanbradach,R00278
LNB,Llanbradach,R00605
LNB,Llanbradach,R00682
LNB,Llanbradach,R00709
LNB,Llanbradach,R00728
LNB,Llanbradach,R00840
LND,Longniddry,R00180
LND,Longniddry,R00181
LND,Longniddry,R02036
LNG,Longcross,R00715
LNG,Longcross,R00797
LNG,Longcross,R00798
LNK,Lanark,R00706
LNK,Lanark,R01145
LNK,Lanark,R01343
LNK,Lanark,R01369
LNR,Llanwrda,R00385
LNR,Llanwrda,R00600
LNR,Llanwrda,R01851
LNR,Llanwrda,R01852
LNR,Llanwrda,R01927
LNW,Llanwrtyd,R00385
LNW,Llanwrtyd,R00600
LNW,Llanwrtyd,R01852
LNY,Langley,R01037
LNY,Langley,R01374
LNY,Langley,R01381
LNY,Langley,R01416
LNY,Langley,R01581
LNY,Langley,R01644
LNY,Langley,R01652
LNY,Langley,R01657
LNY,Langley,R01694
LNY,Langley,R01701
LNZ,Lenzie,R00073
LNZ,Lenzie,R00145
LNZ,Lenzie,R00464
LNZ,Lenzie,R00467
LNZ,Lenzie,R00470
LNZ,Lenzie,R00619
LNZ,Lenzie,R00625
LNZ,Lenzie,R00685
LNZ,Lenzie,R00687
LNZ,Lenzie,R00688
LNZ,Lenzie,R00690
LNZ,Lenzie,R00692
LNZ,Lenzie,R00704
LNZ,Lenzie,R01865
LNZ,Lenzie,R01929
LNZ,Lenzie,R01931
LNZ,Lenzie,R01979
LOB,Longbridge,R00023
LOB,Longbridge,R00037
LOB,Longbridge,R00040
LOB,Longbridge,R00283
LOB,Longbridge,R00293
LOB,Longbridge,R00321
LOB,Longbridge,R00347
LOB,Longbridge,R00354
LOB,Longbridge,R00362
LOB,Longbridge,R00369
LOB,Longbridge,R00372
LOB,Longbridge,R00379
LOB,Longbridge,R00455
LOB,Longbridge,R00465
LOB,Longbridge,R00468
LOB,Longbridge,R00582
LOB,Longbridge,R00661
LOB,Longbridge,R00690
LOB,Longbridge,R00759
LOB,Longbridge,R00935
LOB,Longbridge,R00948
LOB,Longbridge,R00974
LOB,Longbridge,R00975
LOB,Longbridge,R00977
LOB,Longbridge,R01158
LOB,Longbridge,R01220
LOB,Longbridge,R01222
LOB,Longbridge,R01223
LOB,Longbridge,R01231
LOB,Longbridge,R01310
LOB,Longbridge,R01886
LOC,Lockerbie,R00056
LOC,Lockerbie,R00090
LOC,Lockerbie,R00100
LOC,Lockerbie,R00102
LOC,Lockerbie,R00114
LOC,Lockerbie,R00130
LOC,Lockerbie,R00581
LOC,Lockerbie,R00704
LOC,Lockerbie,R01077
LOC,Lockerbie,R01281
LOC,Lockerbie,R01454
LOC,Lockerbie,R01599
LOC,Lockerbie,R01905
LOF,London Fields,R00151
LOF,London Fields,R00215
LOF,London Fields,R00628
LOF,London Fields,R01286
LOF,London Fields,R01348
LOF,London Fields,R01405
LOF,London Fields,R01540
LOF,London Fields,R01557
LOF,London Fields,R01685
LOF,London Fields,R01887
LOH,Lostock Hall,R00110
LOH,Lostock Hall,R00360
LOH,Lostock Hall,R00647
LOH,Lostock Hall,R00651
LOH,Lostock Hall,R00836
LOH,Lostock Hall,R01320
LOH,Lostock Hall,R01974
LOO,Looe,R02024
LOO,Looe,R02026
LOO,Looe,R02028
LOO,Looe,R02046
LOO,Looe,R02047
LOO,Looe,R02048
LOS,Lostwithiel,R00034
LOS,Lostwithiel,R00321
LOS,Lostwithiel,R00346
LOS,Lostwithiel,R00350
LOS,Lostwithiel,R00351
LOS,Lostwithiel,R00455
LOS,Lostwithiel,R00550
LOS,Lostwithiel,R01237
LOS,Lostwithiel,R01246
LOS,Lostwithiel,R01325
LOS,Lostwithiel,R01381
LOS,Lostwithiel,R01443
LOS,Lostwithiel,R01473
LOS,Lostwithiel,R01784
LOS,Lostwithiel,R01819
LOT,Lostock,R00130
LOT,Lostock,R00206
LOT,Lostock,R00508
LOT,Lostock,R00640
LOT,Lostock,R00647
LOT,Lostock,R01902
LOW,Lowdham,R00214
LOW,Lowdham,R00459
LOW,Lowdham,R00513
LOW,Lowdham,R00764
LOW,Lowdham,R01207
LOW,Lowdham,R01403
LOW,Lowdham,R01412
LOW,Lowdham,R01425
LOW,Lowdham,R01426
LOW,Lowdham,R01427
LOW,Lowdham,R01428
LOW,Lowdham,R01440
LOW,Lowdham,R01441
LPG,Llanfairpwll,R00056
LPG,Llanfairpwll,R00058
LPG,Llanfairpwll,R00418
LPG,Llanfairpwll,R00568
LPG,Llanfairpwll,R00590
LPG,Llanfairpwll,R00592
LPG,Llanfairpwll,R00902
LPG,Llanfairpwll,R01307
LPG,Llanfairpwll,R01518
LPG,Llanfairpwll,R01526
LPG,Llanfairpwll,R01710
LPR,Long Preston,R00374
LPR,Long Preston,R00487
LPR,Long Preston,R00827
LPR,Long Preston,R01098
LPR,Long Preston,R01125
LPR,Long Preston,R01274
LPR,Long Preston,R01543
LPR,Long Preston,R01545
LPR,Long Preston,R01551
LPT,Longport,R00410
LPT,Longport,R00562
LPT,Longport,R00661
LPT,Longport,R00780
LPT,Longport,R00964
LPT,Longport,R01013
LPT,Longport,R01031
LPT,Longport,R01078
LPW,Lapworth,R00004
LPW,Lapworth,R00053
LPW,Lapworth,R00072
LPW,Lapworth,R00126
LPW,Lapworth,R00246
LPW,Lapworth,R00396
LPW,Lapworth,R00425
LPW,Lapworth,R00776
LPW,Lapworth,R00896
LPW,Lapworth,R00901
LPW,Lapworth,R01188
LPW,Lapworth,R01585
LPW,Lapworth,R01924
LPY,Liverpool South Parkway,R01003
LPY,Liverpool South Parkway,R01430
LPY,Liverpool South Parkway,R01759
LRB,London Road (Brighton),R00517
LRB,London Road (Brighton),R00530
LRB,London Road (Brighton),R00627
LRB,London Road (Brighton),R00774
LRB,London Road (Brighton),R00932
LRB,London Road (Brighton),R00933
LRB,London Road (Brighton),R01168
LRB,London Road (Brighton),R01708
LRD,London Road (Guildford),R00322
LRD,London Road (Guildford),R00799
LRD,London Road (Guildford),R00867
LRD,London Road (Guildford),R00928
LRD,London Road (Guildford),R00929
LRG,Lairg,R01101
LRG,Lairg,R01156
LRG,Lairg,R01157
LRG,Lairg,R01159
LRH,Larkhall,R00988
LRH,Larkhall,R01021
LSK,Liskeard,R00034
LSK,Liskeard,R00321
LSK,Liskeard,R00346
LSK,Liskeard,R00350
LSK,Liskeard,R00351
LSK,Liskeard,R00455
LSK,Liskeard,R00550
LSK,Liskeard,R01237
LSK,Liskeard,R01246
LSK,Liskeard,R01325
LSK,Liskeard,R01381
LSK,Liskeard,R01443
LSK,Liskeard,R01448
LSK,Liskeard,R01473
LSK,Liskeard,R01784
LSK,Liskeard,R01819
LSK,Liskeard,R02024
LSK,Liskeard,R02026
LSK,Liskeard,R02028
LSK,Liskeard,R02034
LSK,Liskeard,R02046
LSK,Liskeard,R02047
LSK,Liskeard,R02048
LSM,,R00615
LSM,,R00637
LSN,Livingston North,R00106
LSN,Livingston North,R00179
LSN,Livingston North,R00378
LSN,Livingston North,R00480
LSN,Livingston North,R01591
LSN,Livingston North,R01720
LSN,Livingston North,R01844
LSN,Livingston North,R01879
LST,London Liverpool Street,R00151
LST,London Liverpool Street,R00207
LST,London Liverpool Street,R00215
LST,London Liverpool Street,R00323
LST,London Liverpool Street,R00628
LST,London Liverpool Street,R00832
LST,London Liverpool Street,R00850
LST,London Liverpool Street,R00872
LST,London Liverpool Street,R00874
LST,London Liverpool Street,R00881
LST,London Liverpool Street,R00882
LST,London Liverpool Street,R00888
LST,London Liverpool Street,R00890
LST,London Liverpool Street,R00898
LST,London Liverpool Street,R01000
LST,London Liverpool Street,R01203
LST,London Liverpool Street,R01210
LST,London Liverpool Street,R01269
LST,London Liverpool Street,R01286
LST,London Liverpool Street,R01348
LST,London Liverpool Street,R01382
LST,London Liverpool Street,R01405
LST,London Liverpool Street,R01540
LST,London Liverpool Street,R01550
LST,London Liverpool Street,R01557
LST,London Liverpool Street,R01595
LST,London Liverpool Street,R01653
LST,London Liverpool Street,R01685
LST,London Liverpool Street,R01735
LST,London Liverpool Street,R01823
LST,London Liverpool Street,R01868
LST,London Liverpool Street,R01871
LST,London Liverpool Street,R01881
LST,London Liverpool Street,R01882
LST,London Liverpool Street,R01887
LST,London Liverpool Street,R01891
LST,London Liverpool Street,R01904
LST,London Liverpool Street,R01906
LST,London Liverpool Street,R01917
LSW,Leasowe,R00001
LSX,,R00850
LSX,,R01038
LSX,,R01184
LSX,,R01416
LSX,,R01431
LSX,,R01581
LSX,,R01593
LSX,,R01595
LSX,,R01692
LSX,,R01694
LSX,,R01701
LSX,,R01719
LSY,Lower Sydenham,R00014
LSY,Lower Sydenham,R00212
LSY,Lower Sydenham,R00497
LSY,Lower Sydenham,R01609
LSY,Lower Sydenham,R02093
LTG,Lostock Gralam,R00512
LTG,Lostock Gralam,R00519
LTG,Lostock Gralam,R02013
LTH,Llanhilleth,R00280
LTH,Llanhilleth,R00601
LTH,Llanhilleth,R00824
LTH,Llanhilleth,R01746
LTH,Llanhilleth,R01999
LTK,Little Kimble,R00004
LTK,Little Kimble,R00158
LTK,Little Kimble,R00364
LTK,Little Kimble,R00406
LTK,Little Kimble,R00429
LTK,Little Kimble,R00435
LTL,Littleborough,R00193
LTL,Littleborough,R00231
LTL,Littleborough,R00249
LTL,Littleborough,R00277
LTL,Littleborough,R00284
LTL,Littleborough,R00652
LTL,Littleborough,R00815
LTL,Littleborough,R01608
LTL,Littleborough,R01804
LTM,Lytham,R01321
LTM,Lytham,R01484
LTM,Lytham,R01580
LTN,Luton Airport Parkway,R00002
LTN,Luton Airport Parkway,R00076
LTN,Luton Airport Parkway,R00079
LTN,Luton Airport Parkway,R00097
LTN,Luton Airport Parkway,R00156
LTN,Luton Airport Parkway,R00188
LTN,Luton Airport Parkway,R00271
LTN,Luton Airport Parkway,R00296
LTN,Luton Airport Parkway,R00298
LTN,Luton Airport Parkway,R00398
LTN,Luton Airport Parkway,R00506
LTN,Luton Airport Parkway,R00727
LTN,Luton Airport Parkway,R00762
LTN,Luton Airport Parkway,R00810
LTN,Luton Airport Parkway,R00968
LTN,Luton Airport Parkway,R00972
LTN,Luton Airport Parkway,R00992
LTN,Luton Airport Parkway,R01076
LTN,Luton Airport Parkway,R01180
LTN,Luton Airport Parkway,R01187
LTN,Luton Airport Parkway,R01239
LTN,Luton Airport Parkway,R01241
LTN,Luton Airport Parkway,R01262
LTN,Luton Airport Parkway,R01272
LTN,Luton Airport Parkway,R01450
LTN,Luton Airport Parkway,R01600
LTN,Luton Airport Parkway,R01628
LTN,Luton Airport Parkway,R01724
LTN,Luton Airport Parkway,R01736
LTN,Luton Airport Parkway,R01755
LTP,Littleport,R00073
LTP,Littleport,R00423
LTP,Littleport,R00424
LTP,Littleport,R00620
LTP,Littleport,R00749
LTP,Littleport,R00954
LTR,,R00191
LTR,,R00200
LTR,,R00204
LTR,,R00223
LTS,Lelant Saltings,R00161
LTS,Lelant Saltings,R00172
LTT,Little Sutton,R00502
LTT,Little Sutton,R00511
LTT,Little Sutton,R00558
LTT,Little Sutton,R00563
LTV,Lichfield Trent Valley,R00056
LTV,Lichfield Trent Valley,R00114
LTV,Lichfield Trent Valley,R00283
LTV,Lichfield Trent Valley,R00311
LTV,Lichfield Trent Valley,R00589
LTV,Lichfield Trent Valley,R00820
LTV,Lichfield Trent Valley,R00845
LTV,Lichfield Trent Valley,R01077
LTV,Lichfield Trent Valley,R01307
LTV,Lichfield Trent Valley,R01691
LTV,Lichfield Trent Valley,R01697
LTV,Lichfield Trent Valley,R01905
LTV,Lichfield Trent Valley,R02086
LUB,,R01025
LUB,,R01026
LUD,Ludlow,R00077
LUD,Ludlow,R00562
LUD,Ludlow,R00590
LUD,Ludlow,R00592
LUD,Ludlow,R00600
LUD,Ludlow,R00796
LUD,Ludlow,R00916
LUD,Ludlow,R01063
LUD,Ludlow,R01123
LUD,Ludlow,R01265
LUD,Ludlow,R01307
LUD,Ludlow,R01554
LUD,Ludlow,R01738
LUD,Ludlow,R01773
LUT,Luton,R00002
LUT,Luton,R00076
LUT,Luton,R00079
LUT,Luton,R00097
LUT,Luton,R00156
LUT,Luton,R00188
LUT,Luton,R00271
LUT,Luton,R00296
LUT,Luton,R00298
LUT,Luton,R00299
LUT,Luton,R00304
LUT,Luton,R00398
LUT,Luton,R00459
LUT,Luton,R00506
LUT,Luton,R00727
LUT,Luton,R00762
LUT,Luton,R00810
LUT,Luton,R00968
LUT,Luton,R00972
LUT,Luton,R00992
LUT,Luton,R01076
LUT,Luton,R01180
LUT,Luton,R01187
LUT,Luton,R01239
LUT,Luton,R01241
LUT,Luton,R01262
LUT,Luton,R01264
LUT,Luton,R01272
LUT,Luton,R01425
LUT,Luton,R01447
LUT,Luton,R01450
LUT,Luton,R01600
LUT,Luton,R01628
LUT,Luton,R01654
LUT,Luton,R01724
LUT,Luton,R01736
LUT,Luton,R01755
LUX,Luxulyan,R01417
LUX,Luxulyan,R01418
LUX,Luxulyan,R01420
LUX,Luxulyan,R01422
LUX,Luxulyan,R01423
LVC,Liverpool Central,R00551
LVC,Liverpool Central,R00553
LVC,Liverpool Central,R00557
LVC,Liverpool Central,R01003
LVC,Liverpool Central,R01345
LVC,Liverpool Central,R01430
LVC,Liverpool Central,R01749
LVC,Liverpool Central,R01759
LVG,Livingston South,R00030
LVG,Livingston South,R00183
LVG,Livingston South,R00184
LVG,Livingston South,R00472
LVG,Livingston South,R01176
LVG,Livingston South,R01221
LVG,Livingston South,R01270
LVG,Livingston South,R01303
LVG,Livingston South,R01464
LVJ,James Street,R00001
LVJ,James Street,R00005
LVJ,James Street,R00500
LVJ,James Street,R00502
LVJ,James Street,R00505
LVJ,James Street,R00511
LVJ,James Street,R00558
LVL,,R00001
LVL,,R00005
LVL,,R00500
LVL,,R00502
LVL,,R00505
LVL,,R00511
LVL,,R00558
LVM,Levenshulme,R00071
LVM,Levenshulme,R00336
LVM,Levenshulme,R00519
LVM,Levenshulme,R00562
LVM,Levenshulme,R00592
LVM,Levenshulme,R00634
LVM,Levenshulme,R00640
LVM,Levenshulme,R00649
LVM,Levenshulme,R00724
LVM,Levenshulme,R00765
LVM,Levenshulme,R00780
LVM,Levenshulme,R00830
LVM,Levenshulme,R01031
LVM,Levenshulme,R01131
LVM,Levenshulme,R01135
LVM,Levenshulme,R01322
LVM,Levenshulme,R01365
LVN,Littlehaven,R00043
LVN,Littlehaven,R00199
LVN,Littlehaven,R00217
LVN,Littlehaven,R00248
LVN,Littlehaven,R00253
LVN,Littlehaven,R00655
LVN,Littlehaven,R00656
LVN,Littlehaven,R00727
LVN,Littlehaven,R01011
LVN,Littlehaven,R01171
LVN,Littlehaven,R01367
LVN,Littlehaven,R01419
LVN,Littlehaven,R01776
LVN,Littlehaven,R01780
LVS,,R00821
LVS,,R00823
LVT,Lisvane & Thornhill,R00080
LVT,Lisvane & Thornhill,R00266
LVT,Lisvane & Thornhill,R00278
LVT,Lisvane & Thornhill,R00570
LVT,Lisvane & Thornhill,R00593
LVT,Lisvane & Thornhill,R00605
LVT,Lisvane & Thornhill,R00682
LVT,Lisvane & Thornhill,R00709
LVT,Lisvane & Thornhill,R00728
LVT,Lisvane & Thornhill,R00840
LWH,Lawrence Hill,R00042
LWH,Lawrence Hill,R00070
LWH,Lawrence Hill,R00430
LWH,Lawrence Hill,R01034
LWH,Lawrence Hill,R01246
LWH,Lawrence Hill,R01344
LWH,Lawrence Hill,R01346
LWH,Lawrence Hill,R01361
LWH,Lawrence Hill,R01376
LWH,Lawrence Hill,R01379
LWH,Lawrence Hill,R01465
LWH,Lawrence Hill,R01467
LWH,Lawrence Hill,R01715
LWH,Lawrence Hill,R01716
LWH,Lawrence Hill,R01747
LWM,Llantwit Major,R00034
LWM,Llantwit Major,R00080
LWM,Llantwit Major,R00266
LWM,Llantwit Major,R00339
LWM,Llantwit Major,R00796
LWM,Llantwit Major,R00840
LWM,Llantwit Major,R00917
LWM,Llantwit Major,R01037
LWM,Llantwit Major,R01537
LWM,Llantwit Major,R01782
LWM,Llantwit Major,R01877
LWR,Llanrwst,R01830
LWR,Llanrwst,R01831
LWR,Llanrwst,R01832
LWS,Lewes,R00051
LWS,Lewes,R00199
LWS,Lewes,R00238
LWS,Lewes,R00253
LWS,Lewes,R00262
LWS,Lewes,R00411
LWS,Lewes,R00451
LWS,Lewes,R00452
LWS,Lewes,R00517
LWS,Lewes,R00530
LWS,Lewes,R00627
LWS,Lewes,R00774
LWS,Lewes,R00932
LWS,Lewes,R00933
LWS,Lewes,R01044
LWS,Lewes,R01104
LWS,Lewes,R01168
LWS,Lewes,R01363
LWS,Lewes,R01390
LWS,Lewes,R01393
LWS,Lewes,R01630
LWS,Lewes,R01647
LWS,Lewes,R01648
LWS,Lewes,R01649
LWS,Lewes,R01650
LWS,Lewes,R01708
LWS,Lewes,R01779
LWS,Lewes,R02020
LWS,Lewes,R02022
LWT,Lowestoft,R00203
LWT,Lowestoft,R00492
LWT,Lowestoft,R00787
LWT,Lowestoft,R00833
LWT,Lowestoft,R01268
LWT,Lowestoft,R01288
LWT,Lowestoft,R01349
LWT,Lowestoft,R01477
LWT,Lowestoft,R01483
LYC,Lympstone Commando,R00032
LYC,Lympstone Commando,R00371
LYC,Lympstone Commando,R00372
LYC,Lympstone Commando,R00744
LYC,Lympstone Commando,R01996
LYD,Lydney,R00023
LYD,Lydney,R00321
LYD,Lydney,R00347
LYD,Lydney,R00661
LYD,Lydney,R00880
LYD,Lydney,R00923
LYD,Lydney,R00948
LYD,Lydney,R00975
LYD,Lydney,R00977
LYD,Lydney,R01106
LYD,Lydney,R01728
LYE,Lye,R00004
LYE,Lye,R00088
LYE,Lye,R00115
LYE,Lye,R00126
LYE,Lye,R00768
LYE,Lye,R00773
LYE,Lye,R00775
LYE,Lye,R00776
LYE,Lye,R00883
LYE,Lye,R00896
LYE,Lye,R00901
LYE,Lye,R01899
LYM,Lympstone Village,R00032
LYM,Lympstone Village,R00371
LYM,Lympstone Village,R00372
LYM,Lympstone Village,R00392
LYM,Lympstone Village,R00744
LYM,Lympstone Village,R01989
LYM,Lympstone Village,R01996
LYP,Lymington Pier,R00081
LYP,Lymington Pier,R00086
LYP,Lymington Pier,R00646
LYP,Lymington Pier,R00648
LYT,Lymington Town,R00646
LYT,Lymington Town,R00648
LZB,Lazonby & Kirkoswald,R00374
LZB,Lazonby & Kirkoswald,R01125
LZB,Lazonby & Kirkoswald,R01274
LZB,Lazonby & Kirkoswald,R01717
MAB,,R01377
MAB,,R01638
MAC,Macclesfield,R00056
MAC,Macclesfield,R00283
MAC,Macclesfield,R00372
MAC,Macclesfield,R00498
MAC,Macclesfield,R00562
MAC,Macclesfield,R00780
MAC,Macclesfield,R00902
MAC,Macclesfield,R00935
MAC,Macclesfield,R01013
MAC,Macclesfield,R01030
MAC,Macclesfield,R01031
MAC,Macclesfield,R01380
MAC,Macclesfield,R01680
MAG,Maghull,R01003
MAG,Maghull,R01430
MAG,Maghull,R01749
MAI,Maidenhead,R00022
MAI,Maidenhead,R00025
MAI,Maidenhead,R00034
MAI,Maidenhead,R00042
MAI,Maidenhead,R00070
MAI,Maidenhead,R00089
MAI,Maidenhead,R00105
MAI,Maidenhead,R00124
MAI,Maidenhead,R00273
MAI,Maidenhead,R00276
MAI,Maidenhead,R00342
MAI,Maidenhead,R00362
MAI,Maidenhead,R00372
MAI,Maidenhead,R00387
MAI,Maidenhead,R00401
MAI,Maidenhead,R00455
MAI,Maidenhead,R00550
MAI,Maidenhead,R00582
MAI,Maidenhead,R00600
MAI,Maidenhead,R00726
MAI,Maidenhead,R00917
MAI,Maidenhead,R00918
MAI,Maidenhead,R00941
MAI,Maidenhead,R00984
MAI,Maidenhead,R01037
MAI,Maidenhead,R01056
MAI,Maidenhead,R01057
MAI,Maidenhead,R01151
MAI,Maidenhead,R01217
MAI,Maidenhead,R01222
MAI,Maidenhead,R01235
MAI,Maidenhead,R01237
MAI,Maidenhead,R01246
MAI,Maidenhead,R01263
MAI,Maidenhead,R01298
MAI,Maidenhead,R01299
MAI,Maidenhead,R01373
MAI,Maidenhead,R01374
MAI,Maidenhead,R01381
MAI,Maidenhead,R01416
MAI,Maidenhead,R01581
MAI,Maidenhead,R01644
MAI,Maidenhead,R01652
MAI,Maidenhead,R01657
MAI,Maidenhead,R01658
MAI,Maidenhead,R01665
MAI,Maidenhead,R01694
MAI,Maidenhead,R01701
MAI,Maidenhead,R01712
MAI,Maidenhead,R01719
MAI,Maidenhead,R01723
MAI,Maidenhead,R01731
MAI,Maidenhead,R01732
MAI,Maidenhead,R01733
MAI,Maidenhead,R01740
MAI,Maidenhead,R01777
MAI,Maidenhead,R01829
MAI,Maidenhead,R01877
MAI,Maidenhead,R01943
MAI,Maidenhead,R01958
MAL,Malden Manor,R00803
MAL,Malden Manor,R00997
MAL,Malden Manor,R00998
MAN,Manchester Piccadilly,R00056
MAN,Manchester Piccadilly,R00058
MAN,Manchester Piccadilly,R00061
MAN,Manchester Piccadilly,R00062
MAN,Manchester Piccadilly,R00063
MAN,Manchester Piccadilly,R00071
MAN,Manchester Piccadilly,R00077
MAN,Manchester Piccadilly,R00082
MAN,Manchester Piccadilly,R00102
MAN,Manchester Piccadilly,R00108
MAN,Manchester Piccadilly,R00112
MAN,Manchester Piccadilly,R00114
MAN,Manchester Piccadilly,R00130
MAN,Manchester Piccadilly,R00142
MAN,Manchester Piccadilly,R00206
MAN,Manchester Piccadilly,R00283
MAN,Manchester Piccadilly,R00290
MAN,Manchester Piccadilly,R00316
MAN,Manchester Piccadilly,R00326
MAN,Manchester Piccadilly,R00336
MAN,Manchester Piccadilly,R00341
MAN,Manchester Piccadilly,R00349
MAN,Manchester Piccadilly,R00352
MAN,Manchester Piccadilly,R00372
MAN,Manchester Piccadilly,R00386
MAN,Manchester Piccadilly,R00409
MAN,Manchester Piccadilly,R00418
MAN,Manchester Piccadilly,R00432
MAN,Manchester Piccadilly,R00441
MAN,Manchester Piccadilly,R00449
MAN,Manchester Piccadilly,R00453
MAN,Manchester Piccadilly,R00454
MAN,Manchester Piccadilly,R00456
MAN,Manchester Piccadilly,R00457
MAN,Manchester Piccadilly,R00466
MAN,Manchester Piccadilly,R00468
MAN,Manchester Piccadilly,R00473
MAN,Manchester Piccadilly,R00498
MAN,Manchester Piccadilly,R00508
MAN,Manchester Piccadilly,R00512
MAN,Manchester Piccadilly,R00519
MAN,Manchester Piccadilly,R00520
MAN,Manchester Piccadilly,R00521
MAN,Manchester Piccadilly,R00527
MAN,Manchester Piccadilly,R00562
MAN,Manchester Piccadilly,R00568
MAN,Manchester Piccadilly,R00578
MAN,Manchester Piccadilly,R00579
MAN,Manchester Piccadilly,R00587
MAN,Manchester Piccadilly,R00588
MAN,Manchester Piccadilly,R00592
MAN,Manchester Piccadilly,R00600
MAN,Manchester Piccadilly,R00634
MAN,Manchester Piccadilly,R00635
MAN,Manchester Piccadilly,R00640
MAN,Manchester Piccadilly,R00647
MAN,Manchester Piccadilly,R00649
MAN,Manchester Piccadilly,R00662
MAN,Manchester Piccadilly,R00673
MAN,Manchester Piccadilly,R00693
MAN,Manchester Piccadilly,R00723
MAN,Manchester Piccadilly,R00724
MAN,Manchester Piccadilly,R00738
MAN,Manchester Piccadilly,R00758
MAN,Manchester Piccadilly,R00765
MAN,Manchester Piccadilly,R00771
MAN,Manchester Piccadilly,R00772
MAN,Manchester Piccadilly,R00780
MAN,Manchester Piccadilly,R00781
MAN,Manchester Piccadilly,R00790
MAN,Manchester Piccadilly,R00796
MAN,Manchester Piccadilly,R00830
MAN,Manchester Piccadilly,R00842
MAN,Manchester Piccadilly,R00891
MAN,Manchester Piccadilly,R00893
MAN,Manchester Piccadilly,R00897
MAN,Manchester Piccadilly,R00902
MAN,Manchester Piccadilly,R00931
MAN,Manchester Piccadilly,R00935
MAN,Manchester Piccadilly,R00944
MAN,Manchester Piccadilly,R00947
MAN,Manchester Piccadilly,R00963
MAN,Manchester Piccadilly,R00964
MAN,Manchester Piccadilly,R00976
MAN,Manchester Piccadilly,R00995
MAN,Manchester Piccadilly,R01007
MAN,Manchester Piccadilly,R01013
MAN,Manchester Piccadilly,R01030
MAN,Manchester Piccadilly,R01031
MAN,Manchester Piccadilly,R01059
MAN,Manchester Piccadilly,R01061
MAN,Manchester Piccadilly,R01073
MAN,Manchester Piccadilly,R01075
MAN,Manchester Piccadilly,R01077
MAN,Manchester Piccadilly,R01081
MAN,Manchester Piccadilly,R01082
MAN,Manchester Piccadilly,R01085
MAN,Manchester Piccadilly,R01087
MAN,Manchester Piccadilly,R01088
MAN,Manchester Piccadilly,R01131
MAN,Manchester Piccadilly,R01133
MAN,Manchester Piccadilly,R01135
MAN,Manchester Piccadilly,R01265
MAN,Manchester Piccadilly,R01322
MAN,Manchester Piccadilly,R01365
MAN,Manchester Piccadilly,R01380
MAN,Manchester Piccadilly,R01388
MAN,Manchester Piccadilly,R01452
MAN,Manchester Piccadilly,R01454
MAN,Manchester Piccadilly,R01621
MAN,Manchester Piccadilly,R01622
MAN,Manchester Piccadilly,R01727
MAN,Manchester Piccadilly,R01761
MAN,Manchester Piccadilly,R01773
MAN,Manchester Piccadilly,R01789
MAN,Manchester Piccadilly,R01813
MAN,Manchester Piccadilly,R01815
MAN,Manchester Piccadilly,R01816
MAN,Manchester Piccadilly,R01848
MAN,Manchester Piccadilly,R01902
MAN,Manchester Piccadilly,R01908
MAN,Manchester Piccadilly,R01909
MAN,Manchester Piccadilly,R01968
MAN,Manchester Piccadilly,R02044
MAN,Manchester Piccadilly,R02086
MAN,Manchester Piccadilly,R02099
MAO,Martins Heron,R00797
MAO,Martins Heron,R00798
MAO,Martins Heron,R00811
MAO,Martins Heron,R00855
MAR,Margate,R00125
MAR,Margate,R00343
MAR,Margate,R00413
MAR,Margate,R00436
MAR,Margate,R00437
MAR,Margate,R00514
MAR,Margate,R00668
MAR,Margate,R00684
MAR,Margate,R00854
MAR,Margate,R01090
MAR,Margate,R01333
MAR,Margate,R01568
MAR,Margate,R01615
MAR,Margate,R01967
MAR,Margate,R01969
MAR,Margate,R01971
MAR,Margate,R01997
MAR,Margate,R02098
MAS,Manors,R00318
MAS,Manors,R00320
MAS,Manors,R00327
MAS,Manors,R00531
MAS,Manors,R00534
MAS,Manors,R00613
MAS,Manors,R01118
MAS,Manors,R02071
MAT,Matlock,R00347
MAT,Matlock,R00513
MAT,Matlock,R00515
MAT,Matlock,R00661
MAT,Matlock,R01425
MAT,Matlock,R01440
MAT,Matlock,R01441
MAT,Matlock,R01893
MAU,Mauldeth Road,R00454
MAU,Mauldeth Road,R00457
MAU,Mauldeth Road,R00527
MAU,Mauldeth Road,R00587
MAU,Mauldeth Road,R00588
MAU,Mauldeth Road,R00640
MAU,Mauldeth Road,R00647
MAU,Mauldeth Road,R00724
MAU,Mauldeth Road,R00842
MAU,Mauldeth Road,R00947
MAU,Mauldeth Road,R01077
MAU,Mauldeth Road,R01388
MAU,Mauldeth Road,R01621
MAU,Mauldeth Road,R01902
MAU,Mauldeth Road,R02099
MAX,Maxwell Park,R00107
MAX,Maxwell Park,R00127
MAX,Maxwell Park,R00135
MAY,Maybole,R00087
MAY,Maybole,R00275
MAY,Maybole,R00353
MAY,Maybole,R00355
MAY,Maybole,R00383
MAY,Maybole,R01126
MAY,Maybole,R01186
MBK,Millbrook (Hants),R01027
MBK,Millbrook (Hants),R01035
MBK,Millbrook (Hants),R01889
MBK,Millbrook (Hants),R01890
MBR,Middlesbrough,R00073
MBR,Middlesbrough,R00302
MBR,Middlesbrough,R00306
MBR,Middlesbrough,R00324
MBR,Middlesbrough,R00409
MBR,Middlesbrough,R00466
MBR,Middlesbrough,R00486
MBR,Middlesbrough,R00578
MBR,Middlesbrough,R00662
MBR,Middlesbrough,R00689
MBR,Middlesbrough,R00847
MBR,Middlesbrough,R00983
MBR,Middlesbrough,R01114
MBR,Middlesbrough,R01118
MBR,Middlesbrough,R01284
MBR,Middlesbrough,R01305
MBR,Middlesbrough,R01378
MBR,Middlesbrough,R01523
MBR,Middlesbrough,R01533
MBR,Middlesbrough,R01534
MBR,Middlesbrough,R01801
MBR,Middlesbrough,R01863
MBR,Middlesbrough,R01908
MBR,Middlesbrough,R01909
MBR,Middlesbrough,R01911
MBR,Middlesbrough,R02019
MBR,Middlesbrough,R02045
MBT,Marsh Barton,R00371
MBT,Marsh Barton,R00372
MBT,Marsh Barton,R00609
MBT,Marsh Barton,R01985
MBT,Marsh Barton,R01987
MBT,Marsh Barton,R01989
MCB,Moulsecoomb,R00517
MCB,Moulsecoomb,R00530
MCB,Moulsecoomb,R00627
MCB,Moulsecoomb,R00774
MCB,Moulsecoomb,R00932
MCB,Moulsecoomb,R00933
MCB,Moulsecoomb,R01168
MCB,Moulsecoomb,R01630
MCB,Moulsecoomb,R01708
MCE,Metrocentre,R00302
MCE,Metrocentre,R00324
MCE,Metrocentre,R00438
MCE,Metrocentre,R00463
MCE,Metrocentre,R00577
MCE,Metrocentre,R01107
MCE,Metrocentre,R01111
MCE,Metrocentre,R01114
MCE,Metrocentre,R01118
MCE,Metrocentre,R01378
MCE,Metrocentre,R01523
MCE,Metrocentre,R01573
MCH,March,R00029
MCH,March,R00063
MCH,March,R00156
MCH,March,R00187
MCH,March,R00220
MCH,March,R00304
MCH,March,R00336
MCH,March,R00379
MCH,March,R00484
MCH,March,R00792
MCH,March,R00846
MCH,March,R00954
MCH,March,R01312
MCH,March,R01335
MCH,March,R01357
MCH,March,R01932
MCM,Morecambe,R00487
MCM,Morecambe,R01125
MCM,Morecambe,R01545
MCM,Morecambe,R01594
MCM,Morecambe,R01598
MCM,Morecambe,R01977
MCM,Morecambe,R01994
MCM,Morecambe,R02001
MCN,Machynlleth,R00058
MCN,Machynlleth,R00068
MCN,Machynlleth,R00141
MCN,Machynlleth,R00159
MCN,Machynlleth,R00160
MCN,Machynlleth,R00227
MCN,Machynlleth,R00232
MCN,Machynlleth,R00330
MCN,Machynlleth,R00571
MCN,Machynlleth,R00581
MCN,Machynlleth,R01062
MCN,Machynlleth,R01261
MCN,Machynlleth,R01787
MCO,Manchester Oxford Road,R00058
MCO,Manchester Oxford Road,R00062
MCO,Manchester Oxford Road,R00063
MCO,Manchester Oxford Road,R00069
MCO,Manchester Oxford Road,R00074
MCO,Manchester Oxford Road,R00102
MCO,Manchester Oxford Road,R00108
MCO,Manchester Oxford Road,R00112
MCO,Manchester Oxford Road,R00114
MCO,Manchester Oxford Road,R00130
MCO,Manchester Oxford Road,R00142
MCO,Manchester Oxford Road,R00206
MCO,Manchester Oxford Road,R00336
MCO,Manchester Oxford Road,R00349
MCO,Manchester Oxford Road,R00352
MCO,Manchester Oxford Road,R00418
MCO,Manchester Oxford Road,R00441
MCO,Manchester Oxford Road,R00454
MCO,Manchester Oxford Road,R00457
MCO,Manchester Oxford Road,R00473
MCO,Manchester Oxford Road,R00508
MCO,Manchester Oxford Road,R00521
MCO,Manchester Oxford Road,R00568
MCO,Manchester Oxford Road,R00579
MCO,Manchester Oxford Road,R00587
MCO,Manchester Oxford Road,R00640
MCO,Manchester Oxford Road,R00647
MCO,Manchester Oxford Road,R00765
MCO,Manchester Oxford Road,R00830
MCO,Manchester Oxford Road,R00891
MCO,Manchester Oxford Road,R00893
MCO,Manchester Oxford Road,R00897
MCO,Manchester Oxford Road,R00944
MCO,Manchester Oxford Road,R00947
MCO,Manchester Oxford Road,R01059
MCO,Manchester Oxford Road,R01061
MCO,Manchester Oxford Road,R01077
MCO,Manchester Oxford Road,R01452
MCO,Manchester Oxford Road,R01454
MCO,Manchester Oxford Road,R01558
MCO,Manchester Oxford Road,R01559
MCO,Manchester Oxford Road,R01560
MCO,Manchester Oxford Road,R01562
MCO,Manchester Oxford Road,R01563
MCO,Manchester Oxford Road,R01564
MCO,Manchester Oxford Road,R01566
MCO,Manchester Oxford Road,R01570
MCO,Manchester Oxford Road,R01619
MCO,Manchester Oxford Road,R01621
MCO,Manchester Oxford Road,R01622
MCO,Manchester Oxford Road,R01678
MCO,Manchester Oxford Road,R01727
MCO,Manchester Oxford Road,R01789
MCO,Manchester Oxford Road,R01848
MCO,Manchester Oxford Road,R01902
MCV,Manchester Victoria,R00059
MCV,Manchester Victoria,R00069
MCV,Manchester Victoria,R00074
MCV,Manchester Victoria,R00084
MCV,Manchester Victoria,R00101
MCV,Manchester Victoria,R00130
MCV,Manchester Victoria,R00337
MCV,Manchester Victoria,R00340
MCV,Manchester Victoria,R00408
MCV,Manchester Victoria,R00454
MCV,Manchester Victoria,R00640
MCV,Manchester Victoria,R00730
MCV,Manchester Victoria,R00815
MCV,Manchester Victoria,R01033
MCV,Manchester Victoria,R01040
MCV,Manchester Victoria,R01053
MCV,Manchester Victoria,R01061
MCV,Manchester Victoria,R01086
MCV,Manchester Victoria,R01091
MCV,Manchester Victoria,R01154
MCV,Manchester Victoria,R01161
MCV,Manchester Victoria,R01167
MCV,Manchester Victoria,R01178
MCV,Manchester Victoria,R01183
MCV,Manchester Victoria,R01196
MCV,Manchester Victoria,R01216
MCV,Manchester Victoria,R01233
MCV,Manchester Victoria,R01360
MCV,Manchester Victoria,R01804
MCV,Manchester Victoria,R01892
MCV,Manchester Victoria,R01952
MDB,Maidstone Barracks,R00188
MDB,Maidstone Barracks,R00461
MDB,Maidstone Barracks,R00731
MDB,Maidstone Barracks,R00732
MDB,Maidstone Barracks,R00733
MDB,Maidstone Barracks,R00734
MDB,Maidstone Barracks,R01041
MDB,Maidstone Barracks,R01100
MDB,Maidstone Barracks,R01568
MDB,Maidstone Barracks,R02038
MDE,Maidstone East,R00014
MDE,Maidstone East,R00221
MDE,Maidstone East,R00413
MDE,Maidstone East,R00488
MDE,Maidstone East,R00489
MDE,Maidstone East,R00528
MDE,Maidstone East,R00539
MDE,Maidstone East,R00542
MDE,Maidstone East,R00611
MDE,Maidstone East,R00854
MDE,Maidstone East,R00862
MDE,Maidstone East,R01099
MDE,Maidstone East,R01500
MDE,Maidstone East,R01501
MDE,Maidstone East,R01682
MDE,Maidstone East,R02072
MDG,Midgham,R00034
MDG,Midgham,R00550
MDG,Midgham,R00726
MDG,Midgham,R01373
MDG,Midgham,R01381
MDG,Midgham,R01669
MDL,Middlewood,R00071
MDL,Middlewood,R00634
MDL,Middlewood,R00673
MDL,Middlewood,R01322
MDN,Maiden Newton,R00348
MDN,Maiden Newton,R01319
MDN,Maiden Newton,R01446
MDN,Maiden Newton,R01478
MDN,Maiden Newton,R01662
MDS,Morden South,R00076
MDS,Morden South,R00092
MDS,Morden South,R00398
MDS,Morden South,R00416
MDW,Maidstone West,R00188
MDW,Maidstone West,R00461
MDW,Maidstone West,R00674
MDW,Maidstone West,R00731
MDW,Maidstone West,R00732
MDW,Maidstone West,R00733
MDW,Maidstone West,R00734
MDW,Maidstone West,R01041
MDW,Maidstone West,R01100
MDW,Maidstone West,R01568
MDW,Maidstone West,R02038
MEC,Meols Cop,R00059
MEC,Meols Cop,R00069
MEC,Meols Cop,R00074
MEC,Meols Cop,R00408
MEC,Meols Cop,R01053
MEC,Meols Cop,R01091
MEC,Meols Cop,R01678
MEC,Meols Cop,R01713
MEL,Meldreth,R00073
MEL,Meldreth,R00129
MEL,Meldreth,R00319
MEL,Meldreth,R00620
MEL,Meldreth,R00660
MEL,Meldreth,R00749
MEL,Meldreth,R00968
MEL,Meldreth,R01494
MEN,Menheniot,R00350
MEN,Menheniot,R00351
MEN,Menheniot,R00455
MEN,Menheniot,R00550
MEN,Menheniot,R01246
MEN,Menheniot,R01325
MEN,Menheniot,R01448
MEN,Menheniot,R01473
MEO,Meols,R00001
MEP,Meopham,R00343
MEP,Meopham,R00345
MEP,Meopham,R00413
MEP,Meopham,R00437
MEP,Meopham,R00469
MEP,Meopham,R00514
MEP,Meopham,R01466
MEP,Meopham,R01627
MEP,Meopham,R01655
MEP,Meopham,R01682
MEP,Meopham,R01975
MER,Merthyr Tydfil,R00594
MER,Merthyr Tydfil,R01364
MER,Merthyr Tydfil,R01643
MES,Melton,R00492
MES,Melton,R00833
MES,Melton,R01349
MEV,Merthyr Vale,R00594
MEV,Merthyr Vale,R01364
MEV,Merthyr Vale,R01643
MEW,Maesteg (Ewenny Road),R00280
MEW,Maesteg (Ewenny Road),R00559
MEW,Maesteg (Ewenny Road),R00601
MEW,Maesteg (Ewenny Road),R01782
MEX,Mexborough,R00006
MEX,Mexborough,R00061
MEX,Mexborough,R00062
MEX,Mexborough,R00063
MEX,Mexborough,R00228
MEX,Mexborough,R00303
MEX,Mexborough,R00307
MEX,Mexborough,R00317
MEX,Mexborough,R00341
MEX,Mexborough,R00465
MEX,Mexborough,R00578
MEX,Mexborough,R00582
MEX,Mexborough,R00640
MEX,Mexborough,R00765
MEX,Mexborough,R00780
MEX,Mexborough,R00839
MEX,Mexborough,R00873
MEX,Mexborough,R00875
MEX,Mexborough,R00991
MEX,Mexborough,R01396
MEX,Mexborough,R01480
MEX,Mexborough,R01527
MEX,Mexborough,R01693
MEX,Mexborough,R01726
MEX,Mexborough,R01727
MEX,Mexborough,R01803
MEY,Merryton,R00988
MEY,Merryton,R01021
MFA,Morfa Mawddach,R00068
MFA,Morfa Mawddach,R00330
MFF,Minffordd,R00068
MFF,Minffordd,R00330
MFH,Milford Haven,R00077
MFH,Milford Haven,R00186
MFH,Milford Haven,R00796
MFH,Milford Haven,R00916
MFH,Milford Haven,R00920
MFH,Milford Haven,R01266
MFH,Milford Haven,R01835
MFL,Mount Florida,R00107
MFL,Mount Florida,R00127
MFL,Mount Florida,R00133
MFL,Mount Florida,R00135
MFL,Mount Florida,R01668
MFT,Mansfield,R01366
MFT,Mansfield,R01433
MFT,Mansfield,R01434
MFT,Mansfield,R01435
MFT,Mansfield,R01436
MFT,Mansfield,R01451
MGM,Metheringham,R00109
MGM,Metheringham,R00113
MGM,Metheringham,R00117
MGM,Metheringham,R00165
MGN,Marston Green,R00056
MGN,Marston Green,R00102
MGN,Marston Green,R00104
MGN,Marston Green,R00114
MGN,Marston Green,R00571
MGN,Marston Green,R00704
MGN,Marston Green,R00780
MGN,Marston Green,R00816
MGN,Marston Green,R00863
MGN,Marston Green,R00899
MGN,Marston Green,R00907
MGN,Marston Green,R00964
MGN,Marston Green,R01002
MGN,Marston Green,R01004
MGN,Marston Green,R01063
MGN,Marston Green,R01102
MGN,Marston Green,R01153
MGN,Marston Green,R01280
MGN,Marston Green,R01546
MHM,Merstham,R00199
MHM,Merstham,R00217
MHM,Merstham,R00238
MHM,Merstham,R00282
MHM,Merstham,R00452
MHM,Merstham,R00727
MHM,Merstham,R00972
MHM,Merstham,R01171
MHM,Merstham,R01180
MHM,Merstham,R01187
MHM,Merstham,R01264
MHM,Merstham,R01272
MHM,Merstham,R01776
MHM,Merstham,R01780
MHM,Merstham,R01910
MHM,Merstham,R01939
MHR,Market Harborough,R00156
MHR,Market Harborough,R00296
MHR,Market Harborough,R00298
MHR,Market Harborough,R00299
MHR,Market Harborough,R00304
MHR,Market Harborough,R00459
MHR,Market Harborough,R00810
MHR,Market Harborough,R00992
MHR,Market Harborough,R01076
MHR,Market Harborough,R01425
MHR,Market Harborough,R01447
MHR,Market Harborough,R01450
MHR,Market Harborough,R01654
MHR,Market Harborough,R01914
MHS,Meadowhall,R00006
MHS,Meadowhall,R00011
MHS,Meadowhall,R00038
MHS,Meadowhall,R00061
MHS,Meadowhall,R00062
MHS,Meadowhall,R00063
MHS,Meadowhall,R00111
MHS,Meadowhall,R00228
MHS,Meadowhall,R00260
MHS,Meadowhall,R00303
MHS,Meadowhall,R00307
MHS,Meadowhall,R00317
MHS,Meadowhall,R00328
MHS,Meadowhall,R00332
MHS,Meadowhall,R00334
MHS,Meadowhall,R00335
MHS,Meadowhall,R00441
MHS,Meadowhall,R00482
MHS,Meadowhall,R00495
MHS,Meadowhall,R00639
MHS,Meadowhall,R00640
MHS,Meadowhall,R00721
MHS,Meadowhall,R00765
MHS,Meadowhall,R00839
MHS,Meadowhall,R00949
MHS,Meadowhall,R01396
MHS,Meadowhall,R01411
MHS,Meadowhall,R01480
MHS,Meadowhall,R01525
MHS,Meadowhall,R01527
MHS,Meadowhall,R01693
MHS,Meadowhall,R01726
MHS,Meadowhall,R01727
MHS,Meadowhall,R01803
MHS,Meadowhall,R02012
MIA,Manchester Airport,R00061
MIA,Manchester Airport,R00063
MIA,Manchester Airport,R00102
MIA,Manchester Airport,R00108
MIA,Manchester Airport,R00112
MIA,Manchester Airport,R00114
MIA,Manchester Airport,R00130
MIA,Manchester Airport,R00142
MIA,Manchester Airport,R00206
MIA,Manchester Airport,R00326
MIA,Manchester Airport,R00418
MIA,Manchester Airport,R00454
MIA,Manchester Airport,R00457
MIA,Manchester Airport,R00508
MIA,Manchester Airport,R00521
MIA,Manchester Airport,R00527
MIA,Manchester Airport,R00568
MIA,Manchester Airport,R00579
MIA,Manchester Airport,R00587
MIA,Manchester Airport,R00588
MIA,Manchester Airport,R00640
MIA,Manchester Airport,R00647
MIA,Manchester Airport,R00724
MIA,Manchester Airport,R00738
MIA,Manchester Airport,R00758
MIA,Manchester Airport,R00842
MIA,Manchester Airport,R00897
MIA,Manchester Airport,R00947
MIA,Manchester Airport,R01061
MIA,Manchester Airport,R01073
MIA,Manchester Airport,R01077
MIA,Manchester Airport,R01087
MIA,Manchester Airport,R01088
MIA,Manchester Airport,R01388
MIA,Manchester Airport,R01621
MIA,Manchester Airport,R01622
MIA,Manchester Airport,R01902
MIA,Manchester Airport,R02099
MIC,Micheldever,R00077
MIC,Micheldever,R00283
MIC,Micheldever,R00286
MIC,Micheldever,R00329
MIC,Micheldever,R00331
MIC,Micheldever,R00498
MIC,Micheldever,R00626
MIC,Micheldever,R00631
MIC,Micheldever,R00746
MIC,Micheldever,R00747
MIC,Micheldever,R00753
MIC,Micheldever,R00757
MIC,Micheldever,R00780
MIC,Micheldever,R00782
MIC,Micheldever,R00805
MIC,Micheldever,R00866
MIC,Micheldever,R00964
MIC,Micheldever,R00966
MIC,Micheldever,R01048
MIC,Micheldever,R01097
MIC,Micheldever,R01413
MIC,Micheldever,R01553
MIC,Micheldever,R01629
MIC,Micheldever,R01861
MIF,,R00546
MIF,,R00556
MIF,,R00572
MIH,Mills Hill,R01183
MIH,Mills Hill,R01196
MIJ,Mitcham Junction,R00076
MIJ,Mitcham Junction,R00092
MIJ,Mitcham Junction,R00416
MIJ,Mitcham Junction,R00632
MIJ,Mitcham Junction,R00695
MIJ,Mitcham Junction,R00762
MIJ,Mitcham Junction,R00953
MIJ,Mitcham Junction,R00971
MIJ,Mitcham Junction,R01008
MIJ,Mitcham Junction,R01042
MIJ,Mitcham Junction,R01385
MIJ,Mitcham Junction,R01387
MIJ,Mitcham Junction,R01391
MIJ,Mitcham Junction,R01415
MIJ,Mitcham Junction,R01683
MIJ,Mitcham Junction,R02023
MIK,Micklefield,R00063
MIK,Micklefield,R00078
MIK,Micklefield,R00082
MIK,Micklefield,R00119
MIK,Micklefield,R00121
MIK,Micklefield,R00138
MIK,Micklefield,R00316
MIK,Micklefield,R00321
MIK,Micklefield,R00326
MIK,Micklefield,R00344
MIK,Micklefield,R00354
MIK,Micklefield,R00358
MIK,Micklefield,R00360
MIK,Micklefield,R00404
MIK,Micklefield,R00409
MIK,Micklefield,R00449
MIK,Micklefield,R00455
MIK,Micklefield,R00462
MIK,Micklefield,R00465
MIK,Micklefield,R00466
MIK,Micklefield,R00468
MIK,Micklefield,R00473
MIK,Micklefield,R00486
MIK,Micklefield,R00578
MIK,Micklefield,R00582
MIK,Micklefield,R00640
MIK,Micklefield,R00647
MIK,Micklefield,R00662
MIK,Micklefield,R00690
MIK,Micklefield,R00935
MIK,Micklefield,R00942
MIK,Micklefield,R00948
MIK,Micklefield,R01061
MIK,Micklefield,R01195
MIK,Micklefield,R01480
MIK,Micklefield,R01605
MIK,Micklefield,R01613
MIK,Micklefield,R01623
MIK,Micklefield,R01721
MIK,Micklefield,R01767
MIK,Micklefield,R01908
MIK,Micklefield,R01909
MIK,Micklefield,R01974
MIK,Micklefield,R02044
MIL,Mill Hill Broadway,R00002
MIL,Mill Hill Broadway,R00076
MIL,Mill Hill Broadway,R00079
MIL,Mill Hill Broadway,R00156
MIL,Mill Hill Broadway,R00188
MIL,Mill Hill Broadway,R00298
MIL,Mill Hill Broadway,R00398
MIL,Mill Hill Broadway,R00416
MIL,Mill Hill Broadway,R00506
MIL,Mill Hill Broadway,R00762
MIL,Mill Hill Broadway,R00968
MIL,Mill Hill Broadway,R00972
MIL,Mill Hill Broadway,R00992
MIL,Mill Hill Broadway,R01076
MIL,Mill Hill Broadway,R01180
MIL,Mill Hill Broadway,R01241
MIL,Mill Hill Broadway,R01450
MIL,Mill Hill Broadway,R01600
MIL,Mill Hill Broadway,R01628
MIL,Mill Hill Broadway,R01724
MIM,Moreton-In-Marsh,R00034
MIM,Moreton-In-Marsh,R00362
MIM,Moreton-In-Marsh,R00368
MIM,Moreton-In-Marsh,R00381
MIM,Moreton-In-Marsh,R00387
MIM,Moreton-In-Marsh,R00538
MIM,Moreton-In-Marsh,R00548
MIM,Moreton-In-Marsh,R00560
MIM,Moreton-In-Marsh,R00576
MIM,Moreton-In-Marsh,R00583
MIM,Moreton-In-Marsh,R01037
MIM,Moreton-In-Marsh,R01222
MIM,Moreton-In-Marsh,R01298
MIM,Moreton-In-Marsh,R01506
MIM,Moreton-In-Marsh,R01732
MIM,Moreton-In-Marsh,R01733
MIM,Moreton-In-Marsh,R02054
MIM,Moreton-In-Marsh,R02056
MIN,Milliken Park,R00163
MIN,Milliken Park,R00166
MIN,Milliken Park,R01150
MIN,Milliken Park,R01205
MIN,Milliken Park,R01208
MIN,Milliken Park,R01213
MIR,Mirfield,R00063
MIR,Mirfield,R00064
MIR,Mirfield,R00073
MIR,Mirfield,R00082
MIR,Mirfield,R00316
MIR,Mirfield,R00409
MIR,Mirfield,R00432
MIR,Mirfield,R00449
MIR,Mirfield,R00453
MIR,Mirfield,R00456
MIR,Mirfield,R00466
MIR,Mirfield,R00473
MIR,Mirfield,R00640
MIR,Mirfield,R00729
MIR,Mirfield,R00842
MIR,Mirfield,R00931
MIR,Mirfield,R00940
MIR,Mirfield,R01165
MIR,Mirfield,R01170
MIR,Mirfield,R01301
MIR,Mirfield,R01388
MIR,Mirfield,R01908
MIR,Mirfield,R02027
MIR,Mirfield,R02044
MIR,Mirfield,R02095
MIS,Mistley,R00509
MIS,Mistley,R00832
MIS,Mistley,R00833
MIS,Mistley,R01000
MIS,Mistley,R01349
MIS,Mistley,R01359
MIS,Mistley,R01823
MIS,Mistley,R01824
MIS,Mistley,R01916
MKC,Milton Keynes Central,R00056
MKC,Milton Keynes Central,R00077
MKC,Milton Keynes Central,R00102
MKC,Milton Keynes Central,R00104
MKC,Milton Keynes Central,R00114
MKC,Milton Keynes Central,R00131
MKC,Milton Keynes Central,R00283
MKC,Milton Keynes Central,R00286
MKC,Milton Keynes Central,R00311
MKC,Milton Keynes Central,R00314
MKC,Milton Keynes Central,R00589
MKC,Milton Keynes Central,R00602
MKC,Milton Keynes Central,R00638
MKC,Milton Keynes Central,R00704
MKC,Milton Keynes Central,R00829
MKC,Milton Keynes Central,R00838
MKC,Milton Keynes Central,R00841
MKC,Milton Keynes Central,R00843
MKC,Milton Keynes Central,R00845
MKC,Milton Keynes Central,R00863
MKC,Milton Keynes Central,R00964
MKC,Milton Keynes Central,R01055
MKC,Milton Keynes Central,R01074
MKC,Milton Keynes Central,R01077
MKC,Milton Keynes Central,R01102
MKC,Milton Keynes Central,R01267
MKC,Milton Keynes Central,R01276
MKC,Milton Keynes Central,R01281
MKC,Milton Keynes Central,R01307
MKC,Milton Keynes Central,R01432
MKC,Milton Keynes Central,R01514
MKC,Milton Keynes Central,R01515
MKC,Milton Keynes Central,R01522
MKC,Milton Keynes Central,R01690
MKC,Milton Keynes Central,R01691
MKC,Milton Keynes Central,R01697
MKC,Milton Keynes Central,R01706
MKC,Milton Keynes Central,R01905
MKC,Milton Keynes Central,R02086
MKM,Melksham,R00031
MKM,Melksham,R00057
MKM,Melksham,R01414
MKM,Melksham,R01444
MKR,Market Rasen,R00062
MKR,Market Rasen,R00513
MKR,Market Rasen,R00765
MKR,Market Rasen,R01403
MKR,Market Rasen,R01406
MKR,Market Rasen,R01412
MKR,Market Rasen,R01440
MKR,Market Rasen,R01441
MKT,Marks Tey,R00207
MKT,Marks Tey,R00323
MKT,Marks Tey,R00481
MKT,Marks Tey,R00483
MKT,Marks Tey,R00832
MKT,Marks Tey,R00872
MKT,Marks Tey,R00881
MKT,Marks Tey,R00882
MKT,Marks Tey,R00888
MKT,Marks Tey,R00890
MKT,Marks Tey,R01000
MKT,Marks Tey,R01335
MKT,Marks Tey,R01653
MKT,Marks Tey,R01823
MKT,Marks Tey,R01881
MKT,Marks Tey,R01904
MKT,Marks Tey,R01906
MKT,Marks Tey,R01936
MKT,Marks Tey,R01937
MLB,Millbrook (Bedfordshire),R00173
MLB,Millbrook (Bedfordshire),R00178
MLD,Mouldsworth,R00512
MLD,Mouldsworth,R00519
MLD,Mouldsworth,R02013
MLF,Milford (Surrey),R00417
MLF,Milford (Surrey),R00643
MLF,Milford (Surrey),R00657
MLF,Milford (Surrey),R00725
MLF,Milford (Surrey),R00737
MLF,Milford (Surrey),R00753
MLF,Milford (Surrey),R00812
MLF,Milford (Surrey),R01020
MLF,Milford (Surrey),R01068
MLF,Milford (Surrey),R01070
MLF,Milford (Surrey),R01079
MLF,Milford (Surrey),R01084
MLF,Milford (Surrey),R01791
MLG,Mallaig,R01017
MLG,Mallaig,R01140
MLG,Mallaig,R01141
MLG,Mallaig,R01190
MLG,Mallaig,R01191
MLG,Mallaig,R01193
MLG,Mallaig,R01297
MLG,Mallaig,R01401
MLG,Mallaig,R01827
MLG,Mallaig,R01828
MLG,Mallaig,R01944
MLG,Mallaig,R02058
MLH,Mill Hill (Lancs),R00110
MLH,Mill Hill (Lancs),R00360
MLH,Mill Hill (Lancs),R00651
MLH,Mill Hill (Lancs),R00836
MLH,Mill Hill (Lancs),R01320
MLH,Mill Hill (Lancs),R01974
MLM,Millom,R00142
MLM,Millom,R00376
MLM,Millom,R00391
MLM,Millom,R00814
MLM,Millom,R00817
MLM,Millom,R01018
MLM,Millom,R01242
MLM,Millom,R01622
MLN,Milngavie,R00179
MLN,Milngavie,R00289
MLN,Milngavie,R00375
MLN,Milngavie,R00480
MLN,Milngavie,R01021
MLN,Milngavie,R01155
MLN,Milngavie,R01808
MLN,Milngavie,R01875
MLN,Milngavie,R01876
MLN,Milngavie,R01880
MLS,,R01528
MLS,,R01529
MLT,Malton,R00312
MLT,Malton,R00326
MLT,Malton,R00449
MLT,Malton,R00450
MLT,Malton,R00462
MLT,Malton,R00640
MLW,Marlow,R00025
MLW,Marlow,R00273
MLW,Marlow,R00274
MLW,Marlow,R00279
MLY,Morley,R00063
MLY,Morley,R00064
MLY,Morley,R00082
MLY,Morley,R00316
MLY,Morley,R00409
MLY,Morley,R00449
MLY,Morley,R00466
MLY,Morley,R00468
MLY,Morley,R00473
MLY,Morley,R00578
MLY,Morley,R00662
MLY,Morley,R00729
MLY,Morley,R00940
MLY,Morley,R01061
MLY,Morley,R01165
MLY,Morley,R01170
MLY,Morley,R01172
MLY,Morley,R01301
MLY,Morley,R01388
MLY,Morley,R01888
MLY,Morley,R01908
MLY,Morley,R01909
MLY,Morley,R02027
MLY,Morley,R02044
MLY,Morley,R02095
MMO,Melton Mowbray,R00029
MMO,Melton Mowbray,R00156
MMO,Melton Mowbray,R00187
MMO,Melton Mowbray,R00296
MMO,Melton Mowbray,R00304
MMO,Melton Mowbray,R00379
MMO,Melton Mowbray,R00792
MMO,Melton Mowbray,R00852
MMO,Melton Mowbray,R00853
MMO,Melton Mowbray,R00954
MMO,Melton Mowbray,R01076
MMO,Melton Mowbray,R01335
MMO,Melton Mowbray,R01724
MMO,Melton Mowbray,R01940
MNC,Markinch,R00035
MNC,Markinch,R00045
MNC,Markinch,R00048
MNC,Markinch,R00139
MNC,Markinch,R00356
MNC,Markinch,R00582
MNC,Markinch,R00619
MNC,Markinch,R00687
MNC,Markinch,R00690
MNC,Markinch,R00714
MNC,Markinch,R01244
MNC,Markinch,R01258
MNC,Markinch,R01260
MNC,Markinch,R01271
MNC,Markinch,R01273
MNC,Markinch,R01673
MNE,Manea,R00029
MNE,Manea,R00063
MNE,Manea,R00156
MNE,Manea,R00187
MNE,Manea,R00220
MNE,Manea,R00304
MNE,Manea,R00336
MNE,Manea,R00379
MNE,Manea,R00484
MNE,Manea,R00792
MNE,Manea,R00846
MNE,Manea,R00954
MNE,Manea,R01312
MNE,Manea,R01335
MNE,Manea,R01357
MNE,Manea,R01932
MNG,Manningtree,R00207
MNG,Manningtree,R00493
MNG,Manningtree,R00832
MNG,Manningtree,R00888
MNG,Manningtree,R00890
MNG,Manningtree,R01000
MNG,Manningtree,R01335
MNG,Manningtree,R01357
MNG,Manningtree,R01823
MNG,Manningtree,R01824
MNG,Manningtree,R01916
MNG,Manningtree,R01932
MNN,Menston,R00377
MNN,Menston,R00623
MNN,Menston,R00831
MNP,Manor Park,R00207
MNP,Manor Park,R00323
MNP,Manor Park,R00832
MNP,Manor Park,R00850
MNP,Manor Park,R00881
MNP,Manor Park,R00882
MNP,Manor Park,R00888
MNP,Manor Park,R00898
MNP,Manor Park,R01038
MNP,Manor Park,R01184
MNP,Manor Park,R01431
MNP,Manor Park,R01595
MNP,Manor Park,R01692
MNR,Manor Road,R00001
MNS,Maghull North,R01003
MNS,Maghull North,R01430
MNS,Maghull North,R01749
MOB,Mobberley,R00512
MOB,Mobberley,R00519
MOB,Mobberley,R01133
MOB,Mobberley,R02013
MOG,Moorgate,R00702
MOG,Moorgate,R00705
MOG,Moorgate,R00707
MOG,Moorgate,R00993
MOG,Moorgate,R01313
MOG,Moorgate,R01318
MOG,Moorgate,R01323
MOG,Moorgate,R01586
MON,Monifieth,R00139
MON,Monifieth,R00467
MON,Monifieth,R00687
MON,Monifieth,R00690
MON,Monifieth,R00692
MON,Monifieth,R01028
MON,Monifieth,R01166
MON,Monifieth,R01873
MOO,Muir of Ord,R00960
MOO,Muir of Ord,R01101
MOO,Muir of Ord,R01156
MOO,Muir of Ord,R01157
MOO,Muir of Ord,R01159
MOO,Muir of Ord,R01160
MOO,Muir of Ord,R01841
MOO,Muir of Ord,R01842
MOO,Muir of Ord,R01843
MOR,Mortimer,R00490
MOR,Mortimer,R00741
MOR,Mortimer,R00851
MOS,Moss Side,R01321
MOS,Moss Side,R01484
MOS,Moss Side,R01580
MOT,Motspur Park,R00322
MOT,Motspur Park,R00632
MOT,Motspur Park,R00799
MOT,Motspur Park,R00803
MOT,Motspur Park,R00867
MOT,Motspur Park,R00876
MOT,Motspur Park,R00997
MOT,Motspur Park,R00998
MOV,Moseley Village,R00909
MOV,Moseley Village,R00911
MOV,Moseley Village,R02077
MOV,Moseley Village,R02079
MPK,Mosspark,R00096
MPK,Mosspark,R00393
MPK,Mosspark,R01640
MPK,Mosspark,R01641
MPL,Marple,R00290
MPL,Marple,R00693
MPL,Marple,R00771
MPL,Marple,R00772
MPL,Marple,R00790
MPL,Marple,R00963
MPL,Marple,R01082
MPL,Marple,R01085
MPT,Morpeth,R00073
MPT,Morpeth,R00305
MPT,Morpeth,R00313
MPT,Morpeth,R00321
MPT,Morpeth,R00327
MPT,Morpeth,R00344
MPT,Morpeth,R00354
MPT,Morpeth,R00455
MPT,Morpeth,R00464
MPT,Morpeth,R00470
MPT,Morpeth,R00486
MPT,Morpeth,R00496
MPT,Morpeth,R00531
MPT,Morpeth,R00534
MPT,Morpeth,R00582
MPT,Morpeth,R00613
MPT,Morpeth,R00690
MPT,Morpeth,R00749
MPT,Morpeth,R00935
MPT,Morpeth,R00948
MPT,Morpeth,R01118
MPT,Morpeth,R01169
MPT,Morpeth,R02071
MRB,Manorbier,R00077
MRB,Manorbier,R00559
MRB,Manorbier,R00921
MRB,Manorbier,R01266
MRB,Manorbier,R01537
MRD,Morchard Road,R00259
MRD,Morchard Road,R00325
MRD,Morchard Road,R00338
MRD,Morchard Road,R00371
MRD,Morchard Road,R00388
MRD,Morchard Road,R00604
MRD,Morchard Road,R00606
MRD,Morchard Road,R00607
MRD,Morchard Road,R00609
MRD,Morchard Road,R00612
MRD,Morchard Road,R00744
MRF,Moorfields,R00001
MRF,Moorfields,R00005
MRF,Moorfields,R00500
MRF,Moorfields,R00502
MRF,Moorfields,R00505
MRF,Moorfields,R00511
MRF,Moorfields,R00558
MRN,Marden,R00014
MRN,Marden,R00125
MRN,Marden,R00256
MRN,Marden,R00436
MRN,Marden,R00514
MRN,Marden,R00671
MRN,Marden,R01587
MRN,Marden,R01636
MRN,Marden,R01637
MRN,Marden,R01639
MRN,Marden,R01645
MRN,Marden,R01660
MRP,Moorthorpe,R00111
MRP,Moorthorpe,R00260
MRP,Moorthorpe,R00321
MRP,Moorthorpe,R00326
MRP,Moorthorpe,R00335
MRP,Moorthorpe,R00344
MRP,Moorthorpe,R00354
MRP,Moorthorpe,R00367
MRP,Moorthorpe,R00369
MRP,Moorthorpe,R00455
MRP,Moorthorpe,R00465
MRP,Moorthorpe,R00468
MRP,Moorthorpe,R00582
MRP,Moorthorpe,R00690
MRP,Moorthorpe,R00842
MRP,Moorthorpe,R00935
MRP,Moorthorpe,R00948
MRP,Moorthorpe,R00949
MRP,Moorthorpe,R01087
MRP,Moorthorpe,R01411
MRR,Morar,R01140
MRR,Morar,R01141
MRR,Morar,R01297
MRS,Monks Risborough,R00158
MRS,Monks Risborough,R00364
MRS,Monks Risborough,R00406
MRS,Monks Risborough,R00429
MRT,Moreton (Merseyside),R00001
MRW,Meridian Water,R00144
MRW,Meridian Water,R00566
MRW,Meridian Water,R00569
MRW,Meridian Water,R00791
MRW,Meridian Water,R01203
MRW,Meridian Water,R01405
MRW,Meridian Water,R02037
MRW,Meridian Water,R02042
MRY,Maryport,R00394
MRY,Maryport,R01588
MRY,Maryport,R01589
MRY,Maryport,R01965
MRY,Maryport,R01970
MSD,Moorside,R01040
MSD,Moorside,R01053
MSD,Moorside,R01167
MSD,Moorside,R01178
MSH,Mossley Hill,R00336
MSH,Mossley Hill,R00561
MSH,Mossley Hill,R00565
MSH,Mossley Hill,R00765
MSH,Mossley Hill,R00830
MSH,Mossley Hill,R00939
MSH,Mossley Hill,R01059
MSH,Mossley Hill,R01198
MSH,Mossley Hill,R01247
MSH,Mossley Hill,R01251
MSH,Mossley Hill,R01256
MSH,Mossley Hill,R01259
MSH,Mossley Hill,R01353
MSH,Mossley Hill,R01562
MSH,Mossley Hill,R01563
MSH,Mossley Hill,R01564
MSH,Mossley Hill,R01566
MSH,Mossley Hill,R01570
MSH,Mossley Hill,R02052
MSH,Mossley Hill,R02053
MSK,Marske,R00847
MSK,Marske,R01533
MSK,Marske,R01534
MSL,Mossley (Manchester),R00063
MSL,Mossley (Manchester),R00082
MSL,Mossley (Manchester),R00316
MSL,Mossley (Manchester),R00432
MSL,Mossley (Manchester),R00449
MSL,Mossley (Manchester),R00453
MSL,Mossley (Manchester),R00456
MSL,Mossley (Manchester),R00466
MSL,Mossley (Manchester),R00468
MSL,Mossley (Manchester),R00473
MSL,Mossley (Manchester),R00640
MSL,Mossley (Manchester),R00842
MSL,Mossley (Manchester),R00931
MSL,Mossley (Manchester),R01388
MSL,Mossley (Manchester),R01813
MSL,Mossley (Manchester),R01908
MSL,Mossley (Manchester),R01928
MSL,Mossley (Manchester),R02044
MSN,Marsden,R00063
MSN,Marsden,R00082
MSN,Marsden,R00316
MSN,Marsden,R00326
MSN,Marsden,R00409
MSN,Marsden,R00432
MSN,Marsden,R00449
MSN,Marsden,R00453
MSN,Marsden,R00456
MSN,Marsden,R00466
MSN,Marsden,R00468
MSN,Marsden,R00473
MSN,Marsden,R00578
MSN,Marsden,R00640
MSN,Marsden,R00662
MSN,Marsden,R00842
MSN,Marsden,R00931
MSN,Marsden,R01061
MSN,Marsden,R01087
MSN,Marsden,R01388
MSN,Marsden,R01813
MSN,Marsden,R01908
MSN,Marsden,R01909
MSN,Marsden,R01928
MSN,Marsden,R02044
MSO,Moston,R01183
MSO,Moston,R01196
MSR,Minster,R00014
MSR,Minster,R00125
MSR,Minster,R00413
MSR,Minster,R00436
MSR,Minster,R00437
MSR,Minster,R00539
MSR,Minster,R00668
MSR,Minster,R00684
MSR,Minster,R00854
MSR,Minster,R01090
MSR,Minster,R01333
MSR,Minster,R01568
MSR,Minster,R01637
MSR,Minster,R01997
MSS,Moses Gate,R00059
MSS,Moses Gate,R00069
MSS,Moses Gate,R00074
MSS,Moses Gate,R00084
MSS,Moses Gate,R00101
MSS,Moses Gate,R01091
MSS,Moses Gate,R01619
MST,Maesteg,R00280
MST,Maesteg,R00559
MST,Maesteg,R00601
MST,Maesteg,R01782
MSW,Mansfield Woodhouse,R01366
MSW,Mansfield Woodhouse,R01433
MSW,Mansfield Woodhouse,R01434
MSW,Mansfield Woodhouse,R01435
MSW,Mansfield Woodhouse,R01436
MSW,Mansfield Woodhouse,R01451
MTA,Mountain Ash,R01364
MTA,Mountain Ash,R01643
MTA,Mountain Ash,R01809
MTA,Mountain Ash,R01919
MTB,Matlock Bath,R00347
MTB,Matlock Bath,R00513
MTB,Matlock Bath,R00515
MTB,Matlock Bath,R00661
MTB,Matlock Bath,R01425
MTB,Matlock Bath,R01440
MTB,Matlock Bath,R01441
MTB,Matlock Bath,R01893
MTC,Mitcham Eastfields,R00076
MTC,Mitcham Eastfields,R00092
MTC,Mitcham Eastfields,R00416
MTC,Mitcham Eastfields,R00632
MTC,Mitcham Eastfields,R00695
MTC,Mitcham Eastfields,R00762
MTC,Mitcham Eastfields,R00953
MTC,Mitcham Eastfields,R00971
MTC,Mitcham Eastfields,R01008
MTC,Mitcham Eastfields,R01042
MTC,Mitcham Eastfields,R01391
MTC,Mitcham Eastfields,R01415
MTC,Mitcham Eastfields,R01683
MTC,Mitcham Eastfields,R02023
MTG,Mottingham,R00014
MTG,Mottingham,R00018
MTG,Mottingham,R00125
MTG,Mottingham,R00297
MTG,Mottingham,R00536
MTG,Mottingham,R00610
MTG,Mottingham,R00654
MTG,Mottingham,R01502
MTG,Mottingham,R01676
MTG,Mottingham,R01800
MTH,Motherwell,R00056
MTH,Motherwell,R00090
MTH,Motherwell,R00114
MTH,Motherwell,R00130
MTH,Motherwell,R00136
MTH,Motherwell,R00183
MTH,Motherwell,R00354
MTH,Motherwell,R00378
MTH,Motherwell,R00480
MTH,Motherwell,R00581
MTH,Motherwell,R00582
MTH,Motherwell,R00706
MTH,Motherwell,R00708
MTH,Motherwell,R00858
MTH,Motherwell,R00871
MTH,Motherwell,R01127
MTH,Motherwell,R01128
MTH,Motherwell,R01137
MTH,Motherwell,R01145
MTH,Motherwell,R01176
MTH,Motherwell,R01194
MTH,Motherwell,R01201
MTH,Motherwell,R01281
MTH,Motherwell,R01324
MTH,Motherwell,R01343
MTH,Motherwell,R01369
MTH,Motherwell,R01454
MTH,Motherwell,R01792
MTH,Motherwell,R01808
MTH,Motherwell,R01845
MTH,Motherwell,R01905
MTL,Mortlake,R00699
MTL,Mortlake,R00802
MTL,Mortlake,R00804
MTL,Mortlake,R00864
MTL,Mortlake,R00957
MTL,Mortlake,R00980
MTL,Mortlake,R00987
MTL,Mortlake,R01051
MTL,Mortlake,R01064
MTL,Mortlake,R01978
MTM,Martin Mill,R00014
MTM,Martin Mill,R00125
MTM,Martin Mill,R00256
MTM,Martin Mill,R00436
MTM,Martin Mill,R00664
MTM,Martin Mill,R00671
MTM,Martin Mill,R00684
MTM,Martin Mill,R01568
MTM,Martin Mill,R01660
MTM,Martin Mill,R02015
MTM,Martin Mill,R02098
MTN,Moreton (Dorset),R00329
MTN,Moreton (Dorset),R00331
MTN,Moreton (Dorset),R00431
MTN,Moreton (Dorset),R00746
MTN,Moreton (Dorset),R00757
MTN,Moreton (Dorset),R00808
MTN,Moreton (Dorset),R01067
MTO,Marton,R00306
MTO,Marton,R00983
MTO,Marton,R01118
MTO,Marton,R01305
MTO,Marton,R01801
MTO,Marton,R01911
MTP,Montpelier,R00042
MTP,Montpelier,R00070
MTP,Montpelier,R00430
MTP,Montpelier,R01361
MTP,Montpelier,R01376
MTP,Montpelier,R01379
MTS,Montrose,R00073
MTS,Montrose,R00139
MTS,Montrose,R00145
MTS,Montrose,R00162
MTS,Montrose,R00467
MTS,Montrose,R00476
MTS,Montrose,R00582
MTS,Montrose,R00687
MTS,Montrose,R00690
MTS,Montrose,R00749
MTS,Montrose,R00750
MTS,Montrose,R01028
MTS,Montrose,R01129
MTS,Montrose,R01142
MTS,Montrose,R01185
MTS,Montrose,R01244
MTS,Montrose,R01327
MTS,Montrose,R01544
MTV,Mount Vernon,R00378
MTV,Mount Vernon,R00480
MTV,Mount Vernon,R01136
MTV,Mount Vernon,R01137
MUB,Musselburgh,R00180
MUB,Musselburgh,R00181
MUB,Musselburgh,R00938
MUB,Musselburgh,R01149
MUB,Musselburgh,R01202
MUB,Musselburgh,R02036
MUI,Muirend,R00133
MUI,Muirend,R00135
MUI,Muirend,R01668
MUK,,R01017
MUK,,R02058
MVL,Malvern Link,R00028
MVL,Malvern Link,R00034
MVL,Malvern Link,R00293
MVL,Malvern Link,R00362
MVL,Malvern Link,R01037
MVL,Malvern Link,R01220
MVL,Malvern Link,R01222
MVL,Malvern Link,R01236
MYB,London Marylebone,R00004
MYB,London Marylebone,R00012
MYB,London Marylebone,R00017
MYB,London Marylebone,R00033
MYB,London Marylebone,R00036
MYB,London Marylebone,R00039
MYB,London Marylebone,R00041
MYB,London Marylebone,R00053
MYB,London Marylebone,R00060
MYB,London Marylebone,R00072
MYB,London Marylebone,R00095
MYB,London Marylebone,R00134
MYB,London Marylebone,R00146
MYB,London Marylebone,R00155
MYB,London Marylebone,R00158
MYB,London Marylebone,R00201
MYB,London Marylebone,R00209
MYB,London Marylebone,R00226
MYB,London Marylebone,R00246
MYB,London Marylebone,R00429
MYB,London Marylebone,R00435
MYB,London Marylebone,R00471
MYB,London Marylebone,R00479
MYB,London Marylebone,R00981
MYB,London Marylebone,R00982
MYB,London Marylebone,R01308
MYB,London Marylebone,R01410
MYB,London Marylebone,R01508
MYB,London Marylebone,R01513
MYB,London Marylebone,R01938
MYB,London Marylebone,R01941
MYB,London Marylebone,R02041
MYB,London Marylebone,R02092
MYH,Maryhill,R00235
MYH,Maryhill,R00247
MYH,Maryhill,R00625
MYH,Maryhill,R01138
MYH,Maryhill,R01139
MYH,Maryhill,R01295
MYH,Maryhill,R01297
MYH,Maryhill,R01865
MYL,Maryland,R00832
MYL,Maryland,R00850
MYL,Maryland,R00898
MYL,Maryland,R01038
MYL,Maryland,R01184
MYL,Maryland,R01431
MYL,Maryland,R01595
MYL,Maryland,R01692
MYT,Mytholmroyd,R00138
MYT,Mytholmroyd,R00193
MYT,Mytholmroyd,R00231
MYT,Mytholmroyd,R00652
MYT,Mytholmroyd,R00729
MYT,Mytholmroyd,R00815
MYT,Mytholmroyd,R01165
MYT,Mytholmroyd,R01170
MYT,Mytholmroyd,R01172
MYT,Mytholmroyd,R01608
MYT,Mytholmroyd,R01895
MZH,Maze Hill,R00076
MZH,Maze Hill,R00079
MZH,Maze Hill,R00092
MZH,Maze Hill,R00125
MZH,Maze Hill,R00188
MZH,Maze Hill,R00297
MZH,Maze Hill,R00491
MZH,Maze Hill,R00526
MZH,Maze Hill,R00608
MZH,Maze Hill,R00610
MZH,Maze Hill,R00654
MZH,Maze Hill,R00971
MZH,Maze Hill,R00972
MZH,Maze Hill,R01745
NAN,Nantwich,R00077
NAN,Nantwich,R00562
NAN,Nantwich,R00592
NAN,Nantwich,R00600
NAN,Nantwich,R00796
NAN,Nantwich,R00916
NAN,Nantwich,R01123
NAN,Nantwich,R01248
NAN,Nantwich,R01265
NAN,Nantwich,R01546
NAN,Nantwich,R01597
NAN,Nantwich,R01734
NAN,Nantwich,R01773
NAR,Narberth,R00077
NAR,Narberth,R00559
NAR,Narberth,R00921
NAR,Narberth,R01266
NAR,Narberth,R01537
NAY,Newton Aycliffe,R01533
NAY,Newton Aycliffe,R01534
NAY,Newton Aycliffe,R02003
NAY,Newton Aycliffe,R02080
NBA,New Barnet,R00128
NBA,New Barnet,R00129
NBA,New Barnet,R00217
NBA,New Barnet,R00319
NBA,New Barnet,R00321
NBA,New Barnet,R00370
NBA,New Barnet,R00465
NBA,New Barnet,R00485
NBA,New Barnet,R00620
NBA,New Barnet,R00660
NBA,New Barnet,R00705
NBA,New Barnet,R00707
NBA,New Barnet,R00727
NBA,New Barnet,R00749
NBA,New Barnet,R00819
NBA,New Barnet,R00968
NBA,New Barnet,R01283
NBA,New Barnet,R01311
NBA,New Barnet,R01517
NBA,New Barnet,R01663
NBA,New Barnet,R01688
NBA,New Barnet,R01737
NBC,New Beckenham,R00014
NBC,New Beckenham,R00212
NBC,New Beckenham,R00497
NBC,New Beckenham,R00522
NBC,New Beckenham,R00525
NBC,New Beckenham,R01609
NBC,New Beckenham,R02093
NBE,Newbridge,R00280
NBE,Newbridge,R00601
NBE,Newbridge,R00824
NBE,Newbridge,R01746
NBE,Newbridge,R01999
NBN,New Brighton,R00005
NBR,Narborough,R00029
NBR,Narborough,R00187
NBR,Narborough,R00973
NBR,Narborough,R00974
NBT,Norbiton,R00802
NBT,Norbiton,R00804
NBT,Norbiton,R00864
NBT,Norbiton,R00943
NBT,Norbiton,R00946
NBT,Norbiton,R01253
NBT,Norbiton,R01978
NBW,North Berwick,R00180
NBW,North Berwick,R00181
NBW,North Berwick,R00938
NBW,North Berwick,R02036
NBY,Newbury,R00034
NBY,Newbury,R00372
NBY,Newbury,R00455
NBY,Newbury,R00550
NBY,Newbury,R00582
NBY,Newbury,R00719
NBY,Newbury,R00726
NBY,Newbury,R00941
NBY,Newbury,R00984
NBY,Newbury,R01057
NBY,Newbury,R01235
NBY,Newbury,R01237
NBY,Newbury,R01373
NBY,Newbury,R01381
NBY,Newbury,R01669
NBY,Newbury,R01712
NBY,Newbury,R01731
NBY,Newbury,R01762
NBY,Newbury,R01763
NBY,Newbury,R02055
NBY,Newbury,R02067
NBY,Newbury,R02068
NCE,New Clee,R00513
NCE,New Clee,R00640
NCE,New Clee,R00765
NCE,New Clee,R01406
NCE,New Clee,R01412
NCE,New Clee,R01429
NCE,New Clee,R01441
NCE,New Clee,R01726
NCK,New Cumnock,R00383
NCK,New Cumnock,R01215
NCK,New Cumnock,R01368
NCK,New Cumnock,R01666
NCL,Newcastle,R00063
NCL,Newcastle,R00073
NCL,Newcastle,R00300
NCL,Newcastle,R00302
NCL,Newcastle,R00305
NCL,Newcastle,R00306
NCL,Newcastle,R00313
NCL,Newcastle,R00318
NCL,Newcastle,R00320
NCL,Newcastle,R00321
NCL,Newcastle,R00324
NCL,Newcastle,R00327
NCL,Newcastle,R00341
NCL,Newcastle,R00344
NCL,Newcastle,R00354
NCL,Newcastle,R00409
NCL,Newcastle,R00433
NCL,Newcastle,R00438
NCL,Newcastle,R00443
NCL,Newcastle,R00455
NCL,Newcastle,R00463
NCL,Newcastle,R00464
NCL,Newcastle,R00465
NCL,Newcastle,R00470
NCL,Newcastle,R00473
NCL,Newcastle,R00486
NCL,Newcastle,R00496
NCL,Newcastle,R00507
NCL,Newcastle,R00531
NCL,Newcastle,R00534
NCL,Newcastle,R00577
NCL,Newcastle,R00582
NCL,Newcastle,R00586
NCL,Newcastle,R00613
NCL,Newcastle,R00644
NCL,Newcastle,R00690
NCL,Newcastle,R00749
NCL,Newcastle,R00780
NCL,Newcastle,R00873
NCL,Newcastle,R00875
NCL,Newcastle,R00935
NCL,Newcastle,R00948
NCL,Newcastle,R00983
NCL,Newcastle,R01061
NCL,Newcastle,R01107
NCL,Newcastle,R01111
NCL,Newcastle,R01114
NCL,Newcastle,R01118
NCL,Newcastle,R01169
NCL,Newcastle,R01305
NCL,Newcastle,R01378
NCL,Newcastle,R01523
NCL,Newcastle,R01533
NCL,Newcastle,R01573
NCL,Newcastle,R01801
NCL,Newcastle,R02071
NCM,North Camp,R00233
NCM,North Camp,R00422
NCM,North Camp,R00427
NCM,North Camp,R00927
NCM,North Camp,R01187
NCM,North Camp,R01287
NCM,North Camp,R01290
NCM,North Camp,R01291
NCM,North Camp,R01445
NCM,North Camp,R01476
NCO,Newcourt,R00032
NCO,Newcourt,R00371
NCO,Newcourt,R00372
NCO,Newcourt,R00392
NCO,Newcourt,R00744
NCO,Newcourt,R01989
NCO,Newcourt,R01996
NCT,Newark Castle,R00214
NCT,Newark Castle,R00459
NCT,Newark Castle,R00513
NCT,Newark Castle,R00764
NCT,Newark Castle,R01207
NCT,Newark Castle,R01403
NCT,Newark Castle,R01412
NCT,Newark Castle,R01425
NCT,Newark Castle,R01426
NCT,Newark Castle,R01427
NCT,Newark Castle,R01428
NCT,Newark Castle,R01440
NCT,Newark Castle,R01441
NCZ,,R00546
NCZ,,R00556
NCZ,,R00572
NCZ,,R00636
NCZ,,R00678
NCZ,,R00679
NDL,North Dulwich,R00054
NDL,North Dulwich,R00403
NDL,North Dulwich,R00695
NDL,North Dulwich,R00762
NDL,North Dulwich,R00951
NDL,North Dulwich,R00965
NDL,North Dulwich,R01029
NDL,North Dulwich,R01036
NDL,North Dulwich,R01116
NEG,Newtongrange,R00171
NEG,Newtongrange,R00175
NEH,New Eltham,R00014
NEH,New Eltham,R00018
NEH,New Eltham,R00125
NEH,New Eltham,R00297
NEH,New Eltham,R00536
NEH,New Eltham,R00610
NEH,New Eltham,R00654
NEH,New Eltham,R01502
NEH,New Eltham,R01676
NEH,New Eltham,R01800
NEH,New Eltham,R02064
NEI,Neilston,R00133
NEI,Neilston,R00135
NEI,Neilston,R01668
NEL,Nelson,R00836
NEL,Nelson,R01320
NEM,New Malden,R00329
NEM,New Malden,R00331
NEM,New Malden,R00417
NEM,New Malden,R00440
NEM,New Malden,R00458
NEM,New Malden,R00598
NEM,New Malden,R00599
NEM,New Malden,R00616
NEM,New Malden,R00626
NEM,New Malden,R00631
NEM,New Malden,R00643
NEM,New Malden,R00657
NEM,New Malden,R00665
NEM,New Malden,R00672
NEM,New Malden,R00675
NEM,New Malden,R00677
NEM,New Malden,R00694
NEM,New Malden,R00711
NEM,New Malden,R00725
NEM,New Malden,R00737
NEM,New Malden,R00746
NEM,New Malden,R00747
NEM,New Malden,R00753
NEM,New Malden,R00757
NEM,New Malden,R00761
NEM,New Malden,R00782
NEM,New Malden,R00799
NEM,New Malden,R00800
NEM,New Malden,R00801
NEM,New Malden,R00802
NEM,New Malden,R00804
NEM,New Malden,R00805
NEM,New Malden,R00864
NEM,New Malden,R00866
NEM,New Malden,R00870
NEM,New Malden,R00926
NEM,New Malden,R00928
NEM,New Malden,R00929
NEM,New Malden,R00943
NEM,New Malden,R00946
NEM,New Malden,R00961
NEM,New Malden,R00962
NEM,New Malden,R00986
NEM,New Malden,R00996
NEM,New Malden,R01020
NEM,New Malden,R01068
NEM,New Malden,R01070
NEM,New Malden,R01079
NEM,New Malden,R01080
NEM,New Malden,R01083
NEM,New Malden,R01084
NEM,New Malden,R01097
NEM,New Malden,R01218
NEM,New Malden,R01219
NEM,New Malden,R01224
NEM,New Malden,R01226
NEM,New Malden,R01253
NEM,New Malden,R01604
NEM,New Malden,R01629
NEM,New Malden,R01642
NEM,New Malden,R01752
NEM,New Malden,R01760
NEM,New Malden,R01791
NEM,New Malden,R01820
NEM,New Malden,R01861
NEM,New Malden,R01978
NES,Neston,R01538
NES,Neston,R01539
NES,Neston,R01541
NET,Netherfield,R00194
NET,Netherfield,R00195
NET,Netherfield,R00197
NET,Netherfield,R00222
NET,Netherfield,R00336
NET,Netherfield,R00809
NEW,Newcraighall,R00171
NEW,Newcraighall,R00175
NFA,North Fambridge,R00832
NFA,North Fambridge,R01891
NFA,North Fambridge,R01957
NFD,Northfield,R00037
NFD,Northfield,R00040
NFD,Northfield,R00582
NFD,Northfield,R00759
NFD,Northfield,R00975
NFD,Northfield,R01158
NFD,Northfield,R01220
NFD,Northfield,R01310
NFD,Northfield,R01886
NFL,Northfleet - Cooper Arms,R00014
NFL,Northfleet - Cooper Arms,R00076
NFL,Northfleet - Cooper Arms,R00079
NFL,Northfleet - Cooper Arms,R00092
NFL,Northfleet - Cooper Arms,R00188
NFL,Northfleet - Cooper Arms,R00491
NFL,Northfleet - Cooper Arms,R00516
NFL,Northfleet - Cooper Arms,R00536
NFL,Northfleet - Cooper Arms,R00610
NFL,Northfleet - Cooper Arms,R00971
NFL,Northfleet - Cooper Arms,R00972
NFL,Northfleet - Cooper Arms,R01338
NFL,Northfleet - Cooper Arms,R01503
NFL,Northfleet - Cooper Arms,R01800
NFN,Nafferton,R00027
NFN,Nafferton,R00228
NFN,Nafferton,R00307
NFN,Nafferton,R00317
NFN,Nafferton,R00460
NFN,Nafferton,R00769
NFN,Nafferton,R01400
NFN,Nafferton,R01404
NFN,Nafferton,R01407
NFN,Nafferton,R01485
NGT,Newington,R00125
NGT,Newington,R00343
NGT,Newington,R00345
NGT,Newington,R00413
NGT,Newington,R00437
NGT,Newington,R00514
NGT,Newington,R00854
NGT,Newington,R01333
NGT,Newington,R01561
NGT,Newington,R01568
NGT,Newington,R01607
NGT,Newington,R01615
NGT,Newington,R01627
NGT,Newington,R01967
NGT,Newington,R01969
NGT,Newington,R01971
NGT,Newington,R01975
NGT,Newington,R01976
NHD,Nunhead,R00002
NHD,Nunhead,R00076
NHD,Nunhead,R00092
NHD,Nunhead,R00221
NHD,Nunhead,R00437
NHD,Nunhead,R00469
NHD,Nunhead,R00617
NHD,Nunhead,R00854
NHD,Nunhead,R00856
NHD,Nunhead,R00862
NHD,Nunhead,R00913
NHD,Nunhead,R00971
NHD,Nunhead,R01099
NHD,Nunhead,R01100
NHD,Nunhead,R01283
NHD,Nunhead,R01333
NHD,Nunhead,R01503
NHD,Nunhead,R01556
NHD,Nunhead,R01592
NHD,Nunhead,R01627
NHD,Nunhead,R01655
NHD,Nunhead,R01676
NHD,Nunhead,R01682
NHD,Nunhead,R01702
NHD,Nunhead,R01737
NHD,Nunhead,R01739
NHD,Nunhead,R01768
NHD,Nunhead,R02072
NHE,New Hythe,R00188
NHE,New Hythe,R00731
NHE,New Hythe,R00732
NHE,New Hythe,R00733
NHE,New Hythe,R00734
NHE,New Hythe,R01041
NHL,New Holland,R00765
NHL,New Holland,R01429
NHL,New Holland,R01453
NIT,Nitshill,R01174
NIT,Nitshill,R01177
NIT,Nitshill,R01306
NIT,Nitshill,R01666
NLN,New Lane,R00059
NLN,New Lane,R00069
NLN,New Lane,R01678
NLN,New Lane,R01713
NLR,North Llanrwst,R01831
NLR,North Llanrwst,R01832
NLS,Nailsea & Backwell,R00034
NLS,Nailsea & Backwell,R00042
NLS,Nailsea & Backwell,R00070
NLS,Nailsea & Backwell,R00371
NLS,Nailsea & Backwell,R00372
NLS,Nailsea & Backwell,R00401
NLS,Nailsea & Backwell,R00430
NLS,Nailsea & Backwell,R00918
NLS,Nailsea & Backwell,R01217
NLS,Nailsea & Backwell,R01246
NLS,Nailsea & Backwell,R01332
NLS,Nailsea & Backwell,R01334
NLS,Nailsea & Backwell,R01376
NLS,Nailsea & Backwell,R01443
NLS,Nailsea & Backwell,R01467
NLS,Nailsea & Backwell,R01996
NLT,Northolt Park,R00012
NLT,Northolt Park,R00033
NLT,Northolt Park,R00039
NLT,Northolt Park,R00041
NLT,Northolt Park,R00060
NLT,Northolt Park,R00095
NLT,Northolt Park,R00134
NLT,Northolt Park,R00146
NLT,Northolt Park,R00158
NLT,Northolt Park,R00246
NLT,Northolt Park,R00429
NLT,Northolt Park,R00981
NLT,Northolt Park,R00982
NLT,Northolt Park,R01938
NLT,Northolt Park,R02041
NLT,Northolt Park,R02091
NLW,Newton-Le-Willows,R00058
NLW,Newton-Le-Willows,R00130
NLW,Newton-Le-Willows,R00349
NLW,Newton-Le-Willows,R00352
NLW,Newton-Le-Willows,R00418
NLW,Newton-Le-Willows,R00454
NLW,Newton-Le-Willows,R00473
NLW,Newton-Le-Willows,R00568
NLW,Newton-Le-Willows,R00579
NLW,Newton-Le-Willows,R00587
NLW,Newton-Le-Willows,R00640
NLW,Newton-Le-Willows,R00891
NLW,Newton-Le-Willows,R00893
NLW,Newton-Le-Willows,R00897
NLW,Newton-Le-Willows,R00944
NLW,Newton-Le-Willows,R01061
NLW,Newton-Le-Willows,R01789
NLW,Newton-Le-Willows,R01892
NLW,Newton-Le-Willows,R01952
NLW,Newton-Le-Willows,R02032
NMC,New Mills Central,R00063
NMC,New Mills Central,R00290
NMC,New Mills Central,R00693
NMC,New Mills Central,R00771
NMC,New Mills Central,R00772
NMC,New Mills Central,R00790
NMC,New Mills Central,R00963
NMC,New Mills Central,R01073
NMC,New Mills Central,R01082
NMC,New Mills Central,R01085
NMC,New Mills Central,R01452
NMC,New Mills Central,R01968
NMK,Newmarket,R00484
NMK,Newmarket,R00509
NMK,Newmarket,R01359
NMN,New Mills Newtown,R00071
NMN,New Mills Newtown,R00634
NMN,New Mills Newtown,R00635
NMN,New Mills Newtown,R00673
NMN,New Mills Newtown,R01322
NMP,Northampton,R00056
NMP,Northampton,R00102
NMP,Northampton,R00104
NMP,Northampton,R00283
NMP,Northampton,R00638
NMP,Northampton,R00816
NMP,Northampton,R00820
NMP,Northampton,R00829
NMP,Northampton,R00838
NMP,Northampton,R00841
NMP,Northampton,R00843
NMP,Northampton,R00845
NMP,Northampton,R01102
NMP,Northampton,R01181
NMP,Northampton,R01267
NMP,Northampton,R01276
NMP,Northampton,R01280
NMP,Northampton,R01413
NMP,Northampton,R01432
NMP,Northampton,R01522
NMP,Northampton,R01553
NMP,Northampton,R01690
NMP,Northampton,R01905
NMT,Needham Market,R00484
NMT,Needham Market,R00509
NMT,Needham Market,R01358
NMT,Needham Market,R01359
NNG,Newark Northgate,R00062
NNG,Newark Northgate,R00064
NNG,Newark Northgate,R00066
NNG,Newark Northgate,R00073
NNG,Newark Northgate,R00082
NNG,Newark Northgate,R00094
NNG,Newark Northgate,R00109
NNG,Newark Northgate,R00321
NNG,Newark Northgate,R00361
NNG,Newark Northgate,R00365
NNG,Newark Northgate,R00370
NNG,Newark Northgate,R00373
NNG,Newark Northgate,R00464
NNG,Newark Northgate,R00465
NNG,Newark Northgate,R00470
NNG,Newark Northgate,R00477
NNG,Newark Northgate,R00485
NNG,Newark Northgate,R00496
NNG,Newark Northgate,R00507
NNG,Newark Northgate,R00689
NNG,Newark Northgate,R00690
NNG,Newark Northgate,R00749
NNG,Newark Northgate,R00764
NNG,Newark Northgate,R00765
NNG,Newark Northgate,R00767
NNG,Newark Northgate,R01494
NNG,Newark Northgate,R01686
NNG,Newark Northgate,R01687
NNP,Ninian Park,R00034
NNP,Ninian Park,R00925
NNP,Ninian Park,R01364
NNP,Ninian Park,R01537
NNP,Ninian Park,R01643
NNP,Ninian Park,R01770
NNP,Ninian Park,R01809
NNP,Ninian Park,R01835
NNT,Nunthorpe,R00306
NNT,Nunthorpe,R00983
NNT,Nunthorpe,R01118
NNT,Nunthorpe,R01305
NNT,Nunthorpe,R01378
NNT,Nunthorpe,R01801
NNT,Nunthorpe,R01911
NNT,Nunthorpe,R02019
NOA,Newton-On-Ayr,R00353
NOA,Newton-On-Ayr,R00355
NOA,Newton-On-Ayr,R00383
NOA,Newton-On-Ayr,R01186
NOA,Newton-On-Ayr,R01192
NOA,Newton-On-Ayr,R01204
NOA,Newton-On-Ayr,R01212
NOA,Newton-On-Ayr,R01213
NOA,Newton-On-Ayr,R01245
NOA,Newton-On-Ayr,R01254
NOA,Newton-On-Ayr,R01255
NOD,,R01370
NOD,,R01371
NOD,,R01372
NOD,,R01375
NOP,,R00318
NOP,,R00320
NOP,,R00433
NOR,Normanton,R00038
NOR,Normanton,R00316
NOR,Normanton,R00328
NOR,Normanton,R00453
NOR,Normanton,R00456
NOR,Normanton,R00482
NOR,Normanton,R00495
NOR,Normanton,R00721
NOR,Normanton,R02012
NOT,Nottingham,R00023
NOT,Nottingham,R00063
NOT,Nottingham,R00156
NOT,Nottingham,R00194
NOT,Nottingham,R00195
NOT,Nottingham,R00196
NOT,Nottingham,R00197
NOT,Nottingham,R00205
NOT,Nottingham,R00214
NOT,Nottingham,R00218
NOT,Nottingham,R00220
NOT,Nottingham,R00222
NOT,Nottingham,R00296
NOT,Nottingham,R00299
NOT,Nottingham,R00304
NOT,Nottingham,R00328
NOT,Nottingham,R00334
NOT,Nottingham,R00336
NOT,Nottingham,R00344
NOT,Nottingham,R00347
NOT,Nottingham,R00441
NOT,Nottingham,R00459
NOT,Nottingham,R00495
NOT,Nottingham,R00513
NOT,Nottingham,R00661
NOT,Nottingham,R00764
NOT,Nottingham,R00792
NOT,Nottingham,R00809
NOT,Nottingham,R00810
NOT,Nottingham,R00825
NOT,Nottingham,R00830
NOT,Nottingham,R00846
NOT,Nottingham,R00886
NOT,Nottingham,R00889
NOT,Nottingham,R00900
NOT,Nottingham,R00948
NOT,Nottingham,R00966
NOT,Nottingham,R00992
NOT,Nottingham,R01076
NOT,Nottingham,R01197
NOT,Nottingham,R01207
NOT,Nottingham,R01292
NOT,Nottingham,R01366
NOT,Nottingham,R01403
NOT,Nottingham,R01412
NOT,Nottingham,R01425
NOT,Nottingham,R01426
NOT,Nottingham,R01427
NOT,Nottingham,R01428
NOT,Nottingham,R01433
NOT,Nottingham,R01434
NOT,Nottingham,R01435
NOT,Nottingham,R01436
NOT,Nottingham,R01440
NOT,Nottingham,R01441
NOT,Nottingham,R01451
NOT,Nottingham,R01553
NOT,Nottingham,R01654
NOT,Nottingham,R01772
NOT,Nottingham,R01848
NOT,Nottingham,R01914
NOT,Nottingham,R01940
NOT,Nottingham,R01968
NPD,New Pudsey,R00078
NPD,New Pudsey,R00082
NPD,New Pudsey,R00119
NPD,New Pudsey,R00121
NPD,New Pudsey,R00138
NPD,New Pudsey,R00193
NPD,New Pudsey,R00231
NPD,New Pudsey,R00284
NPD,New Pudsey,R00360
NPD,New Pudsey,R00647
NPD,New Pudsey,R00651
NPD,New Pudsey,R00652
NPD,New Pudsey,R00736
NPD,New Pudsey,R01613
NPD,New Pudsey,R01767
NPD,New Pudsey,R01895
NPD,New Pudsey,R01974
NQU,North Queensferry,R00035
NQU,North Queensferry,R00045
NQU,North Queensferry,R00098
NQU,North Queensferry,R00123
NQU,North Queensferry,R00356
NQU,North Queensferry,R00357
NQU,North Queensferry,R00574
NQU,North Queensferry,R00690
NQU,North Queensferry,R00749
NQU,North Queensferry,R00750
NQU,North Queensferry,R01152
NQU,North Queensferry,R01244
NQU,North Queensferry,R01853
NQU,North Queensferry,R01860
NQY,Newquay,R00034
NQY,Newquay,R01237
NQY,Newquay,R01417
NQY,Newquay,R01418
NQY,Newquay,R01420
NQY,Newquay,R01421
NQY,Newquay,R01422
NQY,Newquay,R01423
NQY,Newquay,R01424
NQY,Newquay,R01443
NRB,Norbury,R00097
NRB,Norbury,R00238
NRB,Norbury,R00239
NRB,Norbury,R00242
NRB,Norbury,R00248
NRB,Norbury,R00265
NRB,Norbury,R00403
NRB,Norbury,R00535
NRB,Norbury,R00627
NRB,Norbury,R00656
NRB,Norbury,R00695
NRB,Norbury,R00727
NRB,Norbury,R00905
NRB,Norbury,R00951
NRB,Norbury,R00968
NRB,Norbury,R00979
NRB,Norbury,R01029
NRB,Norbury,R01036
NRB,Norbury,R01187
NRB,Norbury,R01367
NRB,Norbury,R01898
NRC,Newbury Racecourse,R00034
NRC,Newbury Racecourse,R00550
NRC,Newbury Racecourse,R00726
NRC,Newbury Racecourse,R00984
NRC,Newbury Racecourse,R01373
NRC,Newbury Racecourse,R01381
NRC,Newbury Racecourse,R01669
NRC,Newbury Racecourse,R02055
NRD,North Road,R01533
NRD,North Road,R01534
NRD,North Road,R02003
NRD,North Road,R02080
NRN,Nairn,R00467
NRN,Nairn,R00478
NRN,Nairn,R00750
NRN,Nairn,R01028
NRN,Nairn,R01130
NRN,Nairn,R01132
NRN,Nairn,R01481
NRT,Nethertown,R00814
NRT,Nethertown,R01018
NRT,Nethertown,R01242
NRW,Norwich,R00063
NRW,Norwich,R00156
NRW,Norwich,R00203
NRW,Norwich,R00207
NRW,Norwich,R00208
NRW,Norwich,R00210
NRW,Norwich,R00220
NRW,Norwich,R00304
NRW,Norwich,R00336
NRW,Norwich,R00492
NRW,Norwich,R00537
NRW,Norwich,R00541
NRW,Norwich,R00543
NRW,Norwich,R00544
NRW,Norwich,R00545
NRW,Norwich,R00547
NRW,Norwich,R00549
NRW,Norwich,R00787
NRW,Norwich,R00792
NRW,Norwich,R00832
NRW,Norwich,R00846
NRW,Norwich,R00954
NRW,Norwich,R01268
NRW,Norwich,R01288
NRW,Norwich,R01289
NRW,Norwich,R01340
NRW,Norwich,R01470
NRW,Norwich,R01472
NRW,Norwich,R01477
NRW,Norwich,R01483
NRW,Norwich,R01487
NRW,Norwich,R01495
NRW,Norwich,R01664
NRW,Norwich,R01812
NRW,Norwich,R01900
NRW,Norwich,R01901
NRW,Norwich,R01982
NRW,Norwich,R01983
NSB,Normans Bay,R00051
NSB,Normans Bay,R00199
NSB,Normans Bay,R00238
NSB,Normans Bay,R00503
NSB,Normans Bay,R00517
NSB,Normans Bay,R00530
NSB,Normans Bay,R01134
NSB,Normans Bay,R01168
NSB,Normans Bay,R01363
NSB,Normans Bay,R01510
NSB,Normans Bay,R01630
NSD,Newstead,R01366
NSD,Newstead,R01433
NSD,Newstead,R01434
NSD,Newstead,R01435
NSD,Newstead,R01436
NSD,Newstead,R01451
NSG,New Southgate,R00094
NSG,New Southgate,R00217
NSG,New Southgate,R00319
NSG,New Southgate,R00321
NSG,New Southgate,R00370
NSG,New Southgate,R00465
NSG,New Southgate,R00485
NSG,New Southgate,R00620
NSG,New Southgate,R00660
NSG,New Southgate,R00705
NSG,New Southgate,R00707
NSG,New Southgate,R00727
NSG,New Southgate,R00749
NSG,New Southgate,R00819
NSG,New Southgate,R00968
NSG,New Southgate,R01283
NSG,New Southgate,R01517
NSG,New Southgate,R01663
NSG,New Southgate,R01686
NSG,New Southgate,R01688
NSG,New Southgate,R01737
NSH,North Sheen,R00699
NSH,North Sheen,R00802
NSH,North Sheen,R00804
NSH,North Sheen,R00864
NSH,North Sheen,R00957
NSH,North Sheen,R00980
NSH,North Sheen,R00987
NSH,North Sheen,R01051
NSH,North Sheen,R01064
NSH,North Sheen,R01978
NTA,Newton Abbot,R00034
NTA,Newton Abbot,R00283
NTA,Newton Abbot,R00321
NTA,Newton Abbot,R00350
NTA,Newton Abbot,R00354
NTA,Newton Abbot,R00369
NTA,Newton Abbot,R00371
NTA,Newton Abbot,R00372
NTA,Newton Abbot,R00455
NTA,Newton Abbot,R00465
NTA,Newton Abbot,R00468
NTA,Newton Abbot,R00550
NTA,Newton Abbot,R00582
NTA,Newton Abbot,R00609
NTA,Newton Abbot,R00690
NTA,Newton Abbot,R00975
NTA,Newton Abbot,R00977
NTA,Newton Abbot,R01237
NTA,Newton Abbot,R01246
NTA,Newton Abbot,R01319
NTA,Newton Abbot,R01381
NTA,Newton Abbot,R01443
NTA,Newton Abbot,R01784
NTA,Newton Abbot,R01984
NTA,Newton Abbot,R01985
NTA,Newton Abbot,R01987
NTA,Newton Abbot,R01989
NTC,Newton St Cyres,R00264
NTC,Newton St Cyres,R00338
NTC,Newton St Cyres,R00371
NTC,Newton St Cyres,R00388
NTC,Newton St Cyres,R00604
NTC,Newton St Cyres,R00607
NTC,Newton St Cyres,R00609
NTC,Newton St Cyres,R00612
NTC,Newton St Cyres,R00686
NTC,Newton St Cyres,R00696
NTC,Newton St Cyres,R00703
NTH,Neath,R00034
NTH,Neath,R00077
NTH,Neath,R00186
NTH,Neath,R00234
NTH,Neath,R00245
NTH,Neath,R00250
NTH,Neath,R00559
NTH,Neath,R00562
NTH,Neath,R00600
NTH,Neath,R00796
NTH,Neath,R00826
NTH,Neath,R00916
NTH,Neath,R00917
NTH,Neath,R01037
NTH,Neath,R01124
NTH,Neath,R01238
NTH,Neath,R01537
NTH,Neath,R01554
NTH,Neath,R01670
NTH,Neath,R01738
NTH,Neath,R01740
NTH,Neath,R01773
NTH,Neath,R01826
NTH,Neath,R01835
NTH,Neath,R01877
NTL,Netley,R00348
NTL,Netley,R00399
NTL,Netley,R00737
NTL,Netley,R00742
NTL,Netley,R00753
NTL,Netley,R00812
NTL,Netley,R00877
NTL,Netley,R00878
NTL,Netley,R00903
NTL,Netley,R00914
NTL,Netley,R01079
NTL,Netley,R01246
NTL,Netley,R01712
NTN,Newton,R00107
NTN,Newton,R00127
NTN,Newton,R00135
NTN,Newton,R00378
NTN,Newton,R00480
NTN,Newton,R00858
NTN,Newton,R00988
NTN,Newton,R01021
NTN,Newton,R01792
NTN,Newton,R01808
NTR,Northallerton,R00063
NTR,Northallerton,R00066
NTR,Northallerton,R00073
NTR,Northallerton,R00300
NTR,Northallerton,R00321
NTR,Northallerton,R00341
NTR,Northallerton,R00344
NTR,Northallerton,R00354
NTR,Northallerton,R00409
NTR,Northallerton,R00455
NTR,Northallerton,R00464
NTR,Northallerton,R00465
NTR,Northallerton,R00466
NTR,Northallerton,R00470
NTR,Northallerton,R00473
NTR,Northallerton,R00486
NTR,Northallerton,R00496
NTR,Northallerton,R00507
NTR,Northallerton,R00578
NTR,Northallerton,R00582
NTR,Northallerton,R00662
NTR,Northallerton,R00689
NTR,Northallerton,R00690
NTR,Northallerton,R00749
NTR,Northallerton,R00780
NTR,Northallerton,R00873
NTR,Northallerton,R00875
NTR,Northallerton,R00935
NTR,Northallerton,R00948
NTR,Northallerton,R01061
NTR,Northallerton,R01169
NTR,Northallerton,R01631
NTR,Northallerton,R01635
NTR,Northallerton,R01908
NTR,Northallerton,R01909
NTR,Northallerton,R02045
NTR,Northallerton,R02080
NUF,Nutfield,R01689
NUF,Nutfield,R01729
NUM,Northumberland Park,R00144
NUM,Northumberland Park,R00566
NUM,Northumberland Park,R00569
NUM,Northumberland Park,R00791
NUM,Northumberland Park,R01203
NUM,Northumberland Park,R01348
NUM,Northumberland Park,R01405
NUN,Nuneaton,R00029
NUN,Nuneaton,R00056
NUN,Nuneaton,R00077
NUN,Nuneaton,R00102
NUN,Nuneaton,R00114
NUN,Nuneaton,R00187
NUN,Nuneaton,R00283
NUN,Nuneaton,R00311
NUN,Nuneaton,R00314
NUN,Nuneaton,R00379
NUN,Nuneaton,R00589
NUN,Nuneaton,R00820
NUN,Nuneaton,R00825
NUN,Nuneaton,R00845
NUN,Nuneaton,R00954
NUN,Nuneaton,R00973
NUN,Nuneaton,R00974
NUN,Nuneaton,R01001
NUN,Nuneaton,R01077
NUN,Nuneaton,R01281
NUN,Nuneaton,R01307
NUN,Nuneaton,R01413
NUN,Nuneaton,R01432
NUN,Nuneaton,R01471
NUN,Nuneaton,R01514
NUN,Nuneaton,R01553
NUN,Nuneaton,R01690
NUN,Nuneaton,R01691
NUN,Nuneaton,R01697
NUN,Nuneaton,R01706
NUN,Nuneaton,R01905
NUN,Nuneaton,R02086
NUR,,R01377
NUR,,R01638
NUT,Nutbourne,R00043
NUT,Nutbourne,R00199
NUT,Nutbourne,R00399
NUT,Nutbourne,R00655
NUT,Nutbourne,R00656
NUT,Nutbourne,R00657
NUT,Nutbourne,R00659
NUT,Nutbourne,R00739
NUT,Nutbourne,R00742
NUT,Nutbourne,R00748
NUT,Nutbourne,R00812
NUT,Nutbourne,R00969
NUT,Nutbourne,R01039
NUT,Nutbourne,R01070
NUT,Nutbourne,R01367
NVH,Newhaven Harbour,R00411
NVH,Newhaven Harbour,R00530
NVH,Newhaven Harbour,R00774
NVH,Newhaven Harbour,R00932
NVH,Newhaven Harbour,R00933
NVH,Newhaven Harbour,R01647
NVH,Newhaven Harbour,R02020
NVN,Newhaven Town,R00411
NVN,Newhaven Town,R00530
NVN,Newhaven Town,R00774
NVN,Newhaven Town,R00932
NVN,Newhaven Town,R00933
NVN,Newhaven Town,R01647
NVN,Newhaven Town,R02020
NVR,Navigation Road,R00512
NVR,Navigation Road,R00519
NVR,Navigation Road,R01133
NVR,Navigation Road,R02013
NWA,North Walsham,R00210
NWA,North Walsham,R00537
NWA,North Walsham,R00541
NWA,North Walsham,R00543
NWA,North Walsham,R00544
NWA,North Walsham,R00545
NWA,North Walsham,R00547
NWA,North Walsham,R00549
NWA,North Walsham,R01289
NWB,North Wembley,R00008
NWB,North Wembley,R00150
NWB,North Wembley,R00224
NWB,North Wembley,R00236
NWB,North Wembley,R00315
NWB,North Wembley,R00382
NWB,North Wembley,R00795
NWB,North Wembley,R00822
NWD,Norwood Junction,R00003
NWD,Norwood Junction,R00020
NWD,Norwood Junction,R00075
NWD,Norwood Junction,R00097
NWD,Norwood Junction,R00217
NWD,Norwood Junction,R00239
NWD,Norwood Junction,R00240
NWD,Norwood Junction,R00241
NWD,Norwood Junction,R00253
NWD,Norwood Junction,R00271
NWD,Norwood Junction,R00575
NWD,Norwood Junction,R00627
NWD,Norwood Junction,R00660
NWD,Norwood Junction,R00667
NWD,Norwood Junction,R00695
NWD,Norwood Junction,R00697
NWD,Norwood Junction,R00701
NWD,Norwood Junction,R00727
NWD,Norwood Junction,R00818
NWD,Norwood Junction,R00837
NWD,Norwood Junction,R00968
NWD,Norwood Junction,R00970
NWD,Norwood Junction,R00972
NWD,Norwood Junction,R01171
NWD,Norwood Junction,R01180
NWD,Norwood Junction,R01187
NWD,Norwood Junction,R01239
NWD,Norwood Junction,R01241
NWD,Norwood Junction,R01252
NWD,Norwood Junction,R01257
NWD,Norwood Junction,R01262
NWD,Norwood Junction,R01264
NWD,Norwood Junction,R01272
NWD,Norwood Junction,R01399
NWD,Norwood Junction,R01419
NWD,Norwood Junction,R01565
NWD,Norwood Junction,R01600
NWD,Norwood Junction,R01624
NWD,Norwood Junction,R01628
NWD,Norwood Junction,R01736
NWD,Norwood Junction,R01755
NWE,Newport (Essex),R00628
NWE,Newport (Essex),R01203
NWE,Newport (Essex),R01210
NWE,Newport (Essex),R01286
NWE,Newport (Essex),R01348
NWE,Newport (Essex),R01356
NWE,Newport (Essex),R01887
NWH,Newsham,R00318
NWH,Newsham,R00320
NWH,Newsham,R00433
NWI,Northwich,R00512
NWI,Northwich,R00519
NWI,Northwich,R02013
NWM,New Milton,R00329
NWM,New Milton,R00331
NWM,New Milton,R00431
NWM,New Milton,R00626
NWM,New Milton,R00629
NWM,New Milton,R00631
NWM,New Milton,R00746
NWM,New Milton,R00753
NWM,New Milton,R00783
NWM,New Milton,R00786
NWM,New Milton,R00808
NWN,Newton for Hyde,R00976
NWN,Newton for Hyde,R00995
NWN,Newton for Hyde,R01007
NWP,Newport (South Wales),R00023
NWP,Newport (South Wales),R00034
NWP,Newport (South Wales),R00042
NWP,Newport (South Wales),R00077
NWP,Newport (South Wales),R00280
NWP,Newport (South Wales),R00321
NWP,Newport (South Wales),R00347
NWP,Newport (South Wales),R00371
NWP,Newport (South Wales),R00372
NWP,Newport (South Wales),R00562
NWP,Newport (South Wales),R00590
NWP,Newport (South Wales),R00592
NWP,Newport (South Wales),R00600
NWP,Newport (South Wales),R00601
NWP,Newport (South Wales),R00661
NWP,Newport (South Wales),R00785
NWP,Newport (South Wales),R00796
NWP,Newport (South Wales),R00824
NWP,Newport (South Wales),R00880
NWP,Newport (South Wales),R00916
NWP,Newport (South Wales),R00917
NWP,Newport (South Wales),R00923
NWP,Newport (South Wales),R00924
NWP,Newport (South Wales),R00948
NWP,Newport (South Wales),R00975
NWP,Newport (South Wales),R00977
NWP,Newport (South Wales),R00985
NWP,Newport (South Wales),R01034
NWP,Newport (South Wales),R01037
NWP,Newport (South Wales),R01063
NWP,Newport (South Wales),R01106
NWP,Newport (South Wales),R01123
NWP,Newport (South Wales),R01217
NWP,Newport (South Wales),R01238
NWP,Newport (South Wales),R01246
NWP,Newport (South Wales),R01265
NWP,Newport (South Wales),R01307
NWP,Newport (South Wales),R01462
NWP,Newport (South Wales),R01465
NWP,Newport (South Wales),R01467
NWP,Newport (South Wales),R01554
NWP,Newport (South Wales),R01728
NWP,Newport (South Wales),R01738
NWP,Newport (South Wales),R01740
NWP,Newport (South Wales),R01773
NWP,Newport (South Wales),R01877
NWP,Newport (South Wales),R01972
NWR,Newtonmore,R00056
NWR,Newtonmore,R00467
NWR,Newtonmore,R00704
NWR,Newtonmore,R01129
NWT,Newtown (Powys),R00058
NWT,Newtown (Powys),R00571
NWT,Newtown (Powys),R00581
NWT,Newtown (Powys),R01261
NWT,Newtown (Powys),R01787
NWX,New Cross,R00014
NWX,New Cross,R00018
NWX,New Cross,R00044
NWX,New Cross,R00046
NWX,New Cross,R00052
NWX,New Cross,R00079
NWX,New Cross,R00092
NWX,New Cross,R00122
NWX,New Cross,R00125
NWX,New Cross,R00188
NWX,New Cross,R00212
NWX,New Cross,R00221
NWX,New Cross,R00254
NWX,New Cross,R00256
NWX,New Cross,R00343
NWX,New Cross,R00436
NWX,New Cross,R00469
NWX,New Cross,R00488
NWX,New Cross,R00489
NWX,New Cross,R00491
NWX,New Cross,R00497
NWX,New Cross,R00516
NWX,New Cross,R00522
NWX,New Cross,R00524
NWX,New Cross,R00525
NWX,New Cross,R00526
NWX,New Cross,R00536
NWX,New Cross,R00610
NWX,New Cross,R00617
NWX,New Cross,R00624
NWX,New Cross,R00654
NWX,New Cross,R01578
NWX,New Cross,R01587
NWX,New Cross,R01609
NWX,New Cross,R01636
NWX,New Cross,R01637
NWX,New Cross,R01639
NWX,New Cross,R01645
NWX,New Cross,R01660
NWX,New Cross,R01674
NWX,New Cross,R01676
NWX,New Cross,R01745
NWX,New Cross,R01800
NWX,New Cross,R01969
NWX,New Cross,R01975
NWX,New Cross,R01976
NWX,New Cross,R02064
NWX,New Cross,R02066
NWX,New Cross,R02073
NWX,New Cross,R02081
NWX,New Cross,R02093
NXG,New Cross Gate,R00075
NXG,New Cross Gate,R00097
NXG,New Cross Gate,R00217
NXG,New Cross Gate,R00239
NXG,New Cross Gate,R00240
NXG,New Cross Gate,R00241
NXG,New Cross Gate,R00243
NXG,New Cross Gate,R00253
NXG,New Cross Gate,R00271
NXG,New Cross Gate,R00575
NXG,New Cross Gate,R00627
NXG,New Cross Gate,R00660
NXG,New Cross Gate,R00667
NXG,New Cross Gate,R00717
NXG,New Cross Gate,R00727
NXG,New Cross Gate,R00952
NXG,New Cross Gate,R00968
NXG,New Cross Gate,R00970
NXG,New Cross Gate,R00972
NXG,New Cross Gate,R01171
NXG,New Cross Gate,R01180
NXG,New Cross Gate,R01187
NXG,New Cross Gate,R01239
NXG,New Cross Gate,R01241
NXG,New Cross Gate,R01252
NXG,New Cross Gate,R01257
NXG,New Cross Gate,R01262
NXG,New Cross Gate,R01264
NXG,New Cross Gate,R01272
NXG,New Cross Gate,R01399
NXG,New Cross Gate,R01419
NXG,New Cross Gate,R01565
NXG,New Cross Gate,R01600
NXG,New Cross Gate,R01624
NXG,New Cross Gate,R01628
NXG,New Cross Gate,R01736
NXG,New Cross Gate,R01755
OBN,Oban,R00149
OBN,Oban,R00287
OBN,Oban,R00615
OBN,Oban,R00637
OBN,Oban,R01138
OBN,Oban,R01139
OBN,Oban,R01295
OBN,Oban,R01347
OBN,Oban,R01659
OBN,Oban,R01661
OBN,Oban,R01945
OBN,Oban,R01946
OBN,Oban,R01947
OBN,Oban,R01948
OBN,Oban,R02040
OCK,Ockendon,R00444
OCK,Ockendon,R00794
OCK,Ockendon,R01094
OCK,Ockendon,R01096
OCK,Ockendon,R01402
OCK,Ockendon,R01625
OCK,Ockendon,R01699
OCK,Ockendon,R01862
OHL,Old Hill,R00004
OHL,Old Hill,R00088
OHL,Old Hill,R00115
OHL,Old Hill,R00126
OHL,Old Hill,R00768
OHL,Old Hill,R00773
OHL,Old Hill,R00775
OHL,Old Hill,R00776
OHL,Old Hill,R00883
OHL,Old Hill,R00896
OHL,Old Hill,R00901
OHL,Old Hill,R01899
OKE,Okehampton,R00211
OKE,Okehampton,R00219
OKE,Okehampton,R00225
OKE,Okehampton,R00237
OKE,Okehampton,R00523
OKE,Okehampton,R00533
OKE,Okehampton,R00680
OKE,Okehampton,R00681
OKE,Okehampton,R00683
OKE,Okehampton,R00686
OKE,Okehampton,R00696
OKE,Okehampton,R00698
OKE,Okehampton,R00703
OKL,Oakleigh Park,R00094
OKL,Oakleigh Park,R00217
OKL,Oakleigh Park,R00319
OKL,Oakleigh Park,R00321
OKL,Oakleigh Park,R00370
OKL,Oakleigh Park,R00465
OKL,Oakleigh Park,R00485
OKL,Oakleigh Park,R00620
OKL,Oakleigh Park,R00660
OKL,Oakleigh Park,R00705
OKL,Oakleigh Park,R00707
OKL,Oakleigh Park,R00727
OKL,Oakleigh Park,R00749
OKL,Oakleigh Park,R00819
OKL,Oakleigh Park,R00968
OKL,Oakleigh Park,R01283
OKL,Oakleigh Park,R01517
OKL,Oakleigh Park,R01663
OKL,Oakleigh Park,R01686
OKL,Oakleigh Park,R01688
OKL,Oakleigh Park,R01737
OKM,Oakham,R00029
OKM,Oakham,R00156
OKM,Oakham,R00187
OKM,Oakham,R00296
OKM,Oakham,R00304
OKM,Oakham,R00379
OKM,Oakham,R00792
OKM,Oakham,R00852
OKM,Oakham,R00853
OKM,Oakham,R00954
OKM,Oakham,R01076
OKM,Oakham,R01335
OKM,Oakham,R01724
OKM,Oakham,R01940
OKN,Oakengates,R00058
OKN,Oakengates,R00902
OKN,Oakengates,R00999
OKN,Oakengates,R01054
OKN,Oakengates,R01259
OKN,Oakengates,R01498
OKN,Oakengates,R02075
OKN,Oakengates,R02076
OLD,Old Street,R00702
OLD,Old Street,R00705
OLD,Old Street,R00707
OLD,Old Street,R00993
OLD,Old Street,R01313
OLD,Old Street,R01318
OLD,Old Street,R01323
OLD,Old Street,R01586
OLF,Oldfield Park,R00055
OLF,Oldfield Park,R00348
OLF,Oldfield Park,R00428
OLF,Oldfield Park,R00430
OLF,Oldfield Park,R00439
OLF,Oldfield Park,R00720
OLF,Oldfield Park,R00985
OLF,Oldfield Park,R01034
OLF,Oldfield Park,R01246
OLF,Oldfield Park,R01319
OLF,Oldfield Park,R01462
OLF,Oldfield Park,R01463
OLF,Oldfield Park,R01478
OLF,Oldfield Park,R01479
OLF,Oldfield Park,R01662
OLF,Oldfield Park,R01667
OLF,Oldfield Park,R01715
OLF,Oldfield Park,R01744
OLF,Oldfield Park,R01747
OLT,Olton,R00088
OLT,Olton,R00126
OLT,Olton,R00246
OLT,Olton,R00396
OLT,Olton,R00776
OLT,Olton,R00788
OLT,Olton,R00884
OLT,Olton,R00896
OLT,Olton,R00901
OLT,Olton,R01188
OLT,Olton,R01496
OLT,Olton,R01585
OLT,Olton,R01924
OLY,Ockley,R00953
OLY,Ockley,R01042
OLY,Ockley,R01512
OLY,Ockley,R01858
OMS,Ormskirk,R01003
OMS,Ormskirk,R01282
OMS,Ormskirk,R01430
OMS,Ormskirk,R01542
OMS,Ormskirk,R01749
OPK,Orrell Park,R01003
OPK,Orrell Park,R01430
OPK,Orrell Park,R01749
ORE,Ore,R00051
ORE,Ore,R00052
ORE,Ore,R00199
ORE,Ore,R00238
ORE,Ore,R00452
ORE,Ore,R00503
ORE,Ore,R00517
ORE,Ore,R00530
ORE,Ore,R00950
ORE,Ore,R00990
ORE,Ore,R01117
ORE,Ore,R01134
ORE,Ore,R01363
ORE,Ore,R01630
ORN,Old Roan,R01003
ORN,Old Roan,R01430
ORN,Old Roan,R01749
ORP,Orpington,R00002
ORP,Orpington,R00014
ORP,Orpington,R00044
ORP,Orpington,R00046
ORP,Orpington,R00052
ORP,Orpington,R00076
ORP,Orpington,R00092
ORP,Orpington,R00122
ORP,Orpington,R00125
ORP,Orpington,R00254
ORP,Orpington,R00256
ORP,Orpington,R00413
ORP,Orpington,R00436
ORP,Orpington,R00491
ORP,Orpington,R00514
ORP,Orpington,R00522
ORP,Orpington,R00524
ORP,Orpington,R00525
ORP,Orpington,R00610
ORP,Orpington,R00857
ORP,Orpington,R00862
ORP,Orpington,R00913
ORP,Orpington,R00971
ORP,Orpington,R01575
ORP,Orpington,R01578
ORP,Orpington,R01587
ORP,Orpington,R01636
ORP,Orpington,R01637
ORP,Orpington,R01639
ORP,Orpington,R01645
ORP,Orpington,R01660
ORP,Orpington,R01674
ORP,Orpington,R01800
ORP,Orpington,R02066
ORP,Orpington,R02073
ORP,Orpington,R02093
ORR,Orrell,R01053
ORR,Orrell,R01154
ORR,Orrell,R01161
OTF,Otford,R00014
OTF,Otford,R00221
OTF,Otford,R00413
OTF,Otford,R00488
OTF,Otford,R00489
OTF,Otford,R00528
OTF,Otford,R00539
OTF,Otford,R00542
OTF,Otford,R00913
OTF,Otford,R01283
OTF,Otford,R01501
OTF,Otford,R01682
OTF,Otford,R01737
OTF,Otford,R01739
OTF,Otford,R02072
OUN,Oulton Broad North,R00203
OUN,Oulton Broad North,R00492
OUN,Oulton Broad North,R00787
OUN,Oulton Broad North,R01268
OUN,Oulton Broad North,R01288
OUN,Oulton Broad North,R01477
OUN,Oulton Broad North,R01483
OUS,Oulton Broad South,R00492
OUS,Oulton Broad South,R00833
OUS,Oulton Broad South,R01288
OUS,Oulton Broad South,R01349
OUS,Oulton Broad South,R01483
OUT,Outwood,R00111
OUT,Outwood,R00260
OUT,Outwood,R00335
OUT,Outwood,R00669
OVE,Overpool,R00502
OVE,Overpool,R00511
OVE,Overpool,R00558
OVE,Overpool,R00563
OVR,Overton,R00331
OVR,Overton,R00665
OVR,Overton,R00672
OVR,Overton,R00675
OVR,Overton,R00677
OVR,Overton,R00694
OVR,Overton,R00700
OVR,Overton,R00711
OVR,Overton,R00746
OVR,Overton,R00761
OVR,Overton,R01097
OVR,Overton,R01103
OXF,Oxford,R00004
OXF,Oxford,R00012
OXF,Oxford,R00015
OXF,Oxford,R00019
OXF,Oxford,R00033
OXF,Oxford,R00034
OXF,Oxford,R00077
OXF,Oxford,R00124
OXF,Oxford,R00158
OXF,Oxford,R00283
OXF,Oxford,R00286
OXF,Oxford,R00301
OXF,Oxford,R00333
OXF,Oxford,R00341
OXF,Oxford,R00362
OXF,Oxford,R00368
OXF,Oxford,R00381
OXF,Oxford,R00387
OXF,Oxford,R00448
OXF,Oxford,R00465
OXF,Oxford,R00498
OXF,Oxford,R00504
OXF,Oxford,R00583
OXF,Oxford,R00585
OXF,Oxford,R00780
OXF,Oxford,R00875
OXF,Oxford,R00964
OXF,Oxford,R00966
OXF,Oxford,R00989
OXF,Oxford,R00991
OXF,Oxford,R01037
OXF,Oxford,R01056
OXF,Oxford,R01222
OXF,Oxford,R01263
OXF,Oxford,R01298
OXF,Oxford,R01374
OXF,Oxford,R01389
OXF,Oxford,R01392
OXF,Oxford,R01397
OXF,Oxford,R01413
OXF,Oxford,R01506
OXF,Oxford,R01535
OXF,Oxford,R01730
OXF,Oxford,R01732
OXF,Oxford,R01733
OXF,Oxford,R01854
OXF,Oxford,R01855
OXF,Oxford,R01857
OXF,Oxford,R02054
OXF,Oxford,R02056
OXF,Oxford,R02102
OXN,Oxenholme Lake District,R00056
OXN,Oxenholme Lake District,R00090
OXN,Oxenholme Lake District,R00100
OXN,Oxenholme Lake District,R00102
OXN,Oxenholme Lake District,R00112
OXN,Oxenholme Lake District,R00114
OXN,Oxenholme Lake District,R00130
OXN,Oxenholme Lake District,R00142
OXN,Oxenholme Lake District,R00521
OXN,Oxenholme Lake District,R00581
OXN,Oxenholme Lake District,R00704
OXN,Oxenholme Lake District,R01077
OXN,Oxenholme Lake District,R01281
OXN,Oxenholme Lake District,R01284
OXN,Oxenholme Lake District,R01454
OXN,Oxenholme Lake District,R01599
OXN,Oxenholme Lake District,R01905
OXN,Oxenholme Lake District,R01949
OXN,Oxenholme Lake District,R01953
OXN,Oxenholme Lake District,R01955
OXN,Oxenholme Lake District,R01960
OXP,Oxford Parkway,R00004
OXP,Oxford Parkway,R00012
OXP,Oxford Parkway,R00015
OXP,Oxford Parkway,R00019
OXP,Oxford Parkway,R00033
OXP,Oxford Parkway,R00158
OXP,Oxford Parkway,R00301
OXP,Oxford Parkway,R00448
OXP,Oxford Parkway,R01413
OXP,Oxford Parkway,R01553
OXP,Oxford Parkway,R01730
OXP,Oxford Parkway,R02102
OXS,Oxshott,R00799
OXS,Oxshott,R00928
OXS,Oxshott,R00929
OXT,Oxted,R00091
OXT,Oxted,R00097
OXT,Oxted,R00238
OXT,Oxted,R00253
OXT,Oxted,R00412
OXT,Oxted,R00666
OXT,Oxted,R00667
OXT,Oxted,R00972
OXT,Oxted,R01016
OXT,Oxted,R01241
OXT,Oxted,R01252
OXT,Oxted,R01257
OXT,Oxted,R01264
OXT,Oxted,R01278
OXT,Oxted,R01394
OXT,Oxted,R01521
OXT,Oxted,R01651
OXT,Oxted,R01780
OXT,Oxted,R02025
PAD,London Paddington,R00034
PAD,London Paddington,R00042
PAD,London Paddington,R00070
PAD,London Paddington,R00089
PAD,London Paddington,R00105
PAD,London Paddington,R00124
PAD,London Paddington,R00342
PAD,London Paddington,R00362
PAD,London Paddington,R00372
PAD,London Paddington,R00387
PAD,London Paddington,R00401
PAD,London Paddington,R00455
PAD,London Paddington,R00540
PAD,London Paddington,R00550
PAD,London Paddington,R00582
PAD,London Paddington,R00600
PAD,London Paddington,R00621
PAD,London Paddington,R00726
PAD,London Paddington,R00754
PAD,London Paddington,R00917
PAD,London Paddington,R00918
PAD,London Paddington,R00941
PAD,London Paddington,R00984
PAD,London Paddington,R01037
PAD,London Paddington,R01038
PAD,London Paddington,R01056
PAD,London Paddington,R01057
PAD,London Paddington,R01151
PAD,London Paddington,R01217
PAD,London Paddington,R01222
PAD,London Paddington,R01235
PAD,London Paddington,R01237
PAD,London Paddington,R01246
PAD,London Paddington,R01249
PAD,London Paddington,R01263
PAD,London Paddington,R01298
PAD,London Paddington,R01299
PAD,London Paddington,R01373
PAD,London Paddington,R01374
PAD,London Paddington,R01381
PAD,London Paddington,R01416
PAD,London Paddington,R01644
PAD,London Paddington,R01652
PAD,London Paddington,R01656
PAD,London Paddington,R01657
PAD,London Paddington,R01658
PAD,London Paddington,R01694
PAD,London Paddington,R01701
PAD,London Paddington,R01712
PAD,London Paddington,R01723
PAD,London Paddington,R01731
PAD,London Paddington,R01732
PAD,London Paddington,R01733
PAD,London Paddington,R01740
PAD,London Paddington,R01748
PAD,London Paddington,R01777
PAD,London Paddington,R01781
PAD,London Paddington,R01829
PAD,London Paddington,R01877
PAD,London Paddington,R01894
PAD,London Paddington,R01912
PAD,London Paddington,R01942
PAD,London Paddington,R01943
PAD,London Paddington,R01958
PAI,,R00546
PAI,,R00556
PAI,,R00572
PAL,Palmers Green,R00217
PAL,Palmers Green,R00319
PAL,Palmers Green,R00321
PAL,Palmers Green,R00702
PAL,Palmers Green,R00707
PAL,Palmers Green,R00727
PAL,Palmers Green,R00749
PAL,Palmers Green,R00993
PAL,Palmers Green,R01313
PAL,Palmers Green,R01384
PAL,Palmers Green,R01596
PAL,Palmers Green,R01606
PAL,Palmers Green,R01764
PAN,Pangbourne,R00034
PAN,Pangbourne,R00105
PAN,Pangbourne,R01703
PAN,Pangbourne,R01704
PAN,Pangbourne,R01962
PAQ,,R01377
PAQ,,R01638
PAR,Par,R00034
PAR,Par,R00321
PAR,Par,R00346
PAR,Par,R00350
PAR,Par,R00351
PAR,Par,R00455
PAR,Par,R00550
PAR,Par,R01237
PAR,Par,R01246
PAR,Par,R01325
PAR,Par,R01381
PAR,Par,R01417
PAR,Par,R01418
PAR,Par,R01420
PAR,Par,R01421
PAR,Par,R01422
PAR,Par,R01423
PAR,Par,R01424
PAR,Par,R01443
PAR,Par,R01473
PAR,Par,R01784
PAR,Par,R01819
PAR,Par,R02008
PAT,Patricroft,R00454
PAT,Patricroft,R00587
PAT,Patricroft,R00640
PAT,Patricroft,R00944
PAT,Patricroft,R01952
PAW,,R00546
PAW,,R00556
PAW,,R00572
PAW,,R00636
PAW,,R00678
PAW,,R00679
PBL,Parbold,R00059
PBL,Parbold,R00069
PBL,Parbold,R00074
PBL,Parbold,R00408
PBL,Parbold,R01053
PBL,Parbold,R01091
PBL,Parbold,R01678
PBL,Parbold,R01713
PBN,,R01058
PBN,,R01089
PBO,Peterborough,R00029
PBO,Peterborough,R00063
PBO,Peterborough,R00064
PBO,Peterborough,R00066
PBO,Peterborough,R00073
PBO,Peterborough,R00082
PBO,Peterborough,R00094
PBO,Peterborough,R00109
PBO,Peterborough,R00113
PBO,Peterborough,R00117
PBO,Peterborough,R00156
PBO,Peterborough,R00165
PBO,Peterborough,R00187
PBO,Peterborough,R00217
PBO,Peterborough,R00218
PBO,Peterborough,R00220
PBO,Peterborough,R00222
PBO,Peterborough,R00304
PBO,Peterborough,R00319
PBO,Peterborough,R00321
PBO,Peterborough,R00336
PBO,Peterborough,R00361
PBO,Peterborough,R00365
PBO,Peterborough,R00370
PBO,Peterborough,R00373
PBO,Peterborough,R00379
PBO,Peterborough,R00464
PBO,Peterborough,R00465
PBO,Peterborough,R00470
PBO,Peterborough,R00477
PBO,Peterborough,R00484
PBO,Peterborough,R00485
PBO,Peterborough,R00496
PBO,Peterborough,R00507
PBO,Peterborough,R00689
PBO,Peterborough,R00690
PBO,Peterborough,R00727
PBO,Peterborough,R00749
PBO,Peterborough,R00792
PBO,Peterborough,R00846
PBO,Peterborough,R00954
PBO,Peterborough,R01171
PBO,Peterborough,R01180
PBO,Peterborough,R01312
PBO,Peterborough,R01357
PBO,Peterborough,R01494
PBO,Peterborough,R01686
PBO,Peterborough,R01687
PBO,Peterborough,R01932
PBO,Peterborough,R01940
PBO,Peterborough,R02000
PBO,Peterborough,R02002
PBO,Peterborough,R02004
PBO,Peterborough,R02006
PBO,Peterborough,R02007
PBO,Peterborough,R02014
PBR,Potters Bar,R00064
PBR,Potters Bar,R00066
PBR,Potters Bar,R00073
PBR,Potters Bar,R00082
PBR,Potters Bar,R00094
PBR,Potters Bar,R00128
PBR,Potters Bar,R00129
PBR,Potters Bar,R00217
PBR,Potters Bar,R00271
PBR,Potters Bar,R00319
PBR,Potters Bar,R00321
PBR,Potters Bar,R00361
PBR,Potters Bar,R00365
PBR,Potters Bar,R00370
PBR,Potters Bar,R00373
PBR,Potters Bar,R00464
PBR,Potters Bar,R00465
PBR,Potters Bar,R00470
PBR,Potters Bar,R00477
PBR,Potters Bar,R00485
PBR,Potters Bar,R00496
PBR,Potters Bar,R00507
PBR,Potters Bar,R00620
PBR,Potters Bar,R00628
PBR,Potters Bar,R00660
PBR,Potters Bar,R00689
PBR,Potters Bar,R00690
PBR,Potters Bar,R00705
PBR,Potters Bar,R00707
PBR,Potters Bar,R00727
PBR,Potters Bar,R00749
PBR,Potters Bar,R00819
PBR,Potters Bar,R00968
PBR,Potters Bar,R00970
PBR,Potters Bar,R01171
PBR,Potters Bar,R01180
PBR,Potters Bar,R01283
PBR,Potters Bar,R01311
PBR,Potters Bar,R01386
PBR,Potters Bar,R01492
PBR,Potters Bar,R01493
PBR,Potters Bar,R01517
PBR,Potters Bar,R01663
PBR,Potters Bar,R01686
PBR,Potters Bar,R01687
PBR,Potters Bar,R01688
PBR,Potters Bar,R01737
PBY,Pembrey & Burry Port,R00034
PBY,Pembrey & Burry Port,R00077
PBY,Pembrey & Burry Port,R00186
PBY,Pembrey & Burry Port,R00559
PBY,Pembrey & Burry Port,R00562
PBY,Pembrey & Burry Port,R00600
PBY,Pembrey & Burry Port,R00796
PBY,Pembrey & Burry Port,R00885
PBY,Pembrey & Burry Port,R00916
PBY,Pembrey & Burry Port,R01238
PBY,Pembrey & Burry Port,R01266
PBY,Pembrey & Burry Port,R01537
PBY,Pembrey & Burry Port,R01554
PBY,Pembrey & Burry Port,R01738
PBY,Pembrey & Burry Port,R01770
PBY,Pembrey & Burry Port,R01773
PBY,Pembrey & Burry Port,R01782
PBY,Pembrey & Burry Port,R01835
PBY,Pembrey & Burry Port,R02084
PCD,Pencoed,R00280
PCD,Pencoed,R00559
PCD,Pencoed,R00600
PCD,Pencoed,R00601
PCD,Pencoed,R00796
PCD,Pencoed,R00826
PCD,Pencoed,R00917
PCD,Pencoed,R01037
PCD,Pencoed,R01124
PCD,Pencoed,R01537
PCD,Pencoed,R01740
PCD,Pencoed,R01773
PCD,Pencoed,R01826
PCD,Pencoed,R01835
PCD,Pencoed,R01999
PCN,Paisley Canal,R00096
PCN,Paisley Canal,R00393
PCN,Paisley Canal,R01640
PCN,Paisley Canal,R01641
PDG,Padgate,R01059
PDG,Padgate,R01558
PDG,Padgate,R01559
PDG,Padgate,R01562
PDG,Padgate,R01563
PDG,Padgate,R01564
PDG,Padgate,R01566
PDG,Padgate,R01570
PDT,,R00445
PDT,,R00447
PDW,Paddock Wood,R00014
PDW,Paddock Wood,R00125
PDW,Paddock Wood,R00188
PDW,Paddock Wood,R00256
PDW,Paddock Wood,R00413
PDW,Paddock Wood,R00436
PDW,Paddock Wood,R00514
PDW,Paddock Wood,R00524
PDW,Paddock Wood,R00671
PDW,Paddock Wood,R00674
PDW,Paddock Wood,R00731
PDW,Paddock Wood,R00733
PDW,Paddock Wood,R00734
PDW,Paddock Wood,R00857
PDW,Paddock Wood,R00862
PDW,Paddock Wood,R01041
PDW,Paddock Wood,R01587
PDW,Paddock Wood,R01636
PDW,Paddock Wood,R01637
PDW,Paddock Wood,R01639
PDW,Paddock Wood,R01645
PDW,Paddock Wood,R01660
PDX,,R00850
PDX,,R01038
PDX,,R01184
PDX,,R01416
PDX,,R01431
PDX,,R01581
PDX,,R01593
PDX,,R01595
PDX,,R01692
PDX,,R01694
PDX,,R01701
PDX,,R01719
PEA,Peartree,R00347
PEA,Peartree,R00661
PEA,Peartree,R01207
PEB,Pevensey Bay,R00199
PEB,Pevensey Bay,R00238
PEB,Pevensey Bay,R00503
PEB,Pevensey Bay,R00517
PEB,Pevensey Bay,R00530
PEB,Pevensey Bay,R01168
PEB,Pevensey Bay,R01510
PEB,Pevensey Bay,R01630
PEE,,R00834
PEE,,R00912
PEG,Pegswood,R00531
PEG,Pegswood,R00613
PEM,Pemberton,R01053
PEM,Pemberton,R01154
PEM,Pemberton,R01161
PEN,Penarth,R00266
PEN,Penarth,R00267
PEN,Penarth,R00570
PEN,Penarth,R00573
PEN,Penarth,R00593
PEN,Penarth,R00622
PER,Penrhiwceiber,R01364
PER,Penrhiwceiber,R01643
PER,Penrhiwceiber,R01809
PER,Penrhiwceiber,R01919
PES,Pensarn,R00068
PES,Pensarn,R00330
PET,Petts Wood,R00002
PET,Petts Wood,R00014
PET,Petts Wood,R00046
PET,Petts Wood,R00076
PET,Petts Wood,R00092
PET,Petts Wood,R00122
PET,Petts Wood,R00125
PET,Petts Wood,R00254
PET,Petts Wood,R00491
PET,Petts Wood,R00514
PET,Petts Wood,R00610
PET,Petts Wood,R00913
PET,Petts Wood,R00971
PET,Petts Wood,R01578
PET,Petts Wood,R01637
PET,Petts Wood,R01660
PET,Petts Wood,R01800
PEV,Pevensey & Westham,R00051
PEV,Pevensey & Westham,R00199
PEV,Pevensey & Westham,R00238
PEV,Pevensey & Westham,R00452
PEV,Pevensey & Westham,R00503
PEV,Pevensey & Westham,R00517
PEV,Pevensey & Westham,R00530
PEV,Pevensey & Westham,R00630
PEV,Pevensey & Westham,R00950
PEV,Pevensey & Westham,R00990
PEV,Pevensey & Westham,R01117
PEV,Pevensey & Westham,R01134
PEV,Pevensey & Westham,R01168
PEV,Pevensey & Westham,R01363
PEV,Pevensey & Westham,R01510
PEV,Pevensey & Westham,R01630
PEW,Pewsey,R00034
PEW,Pewsey,R00372
PEW,Pewsey,R00550
PEW,Pewsey,R00582
PEW,Pewsey,R00941
PEW,Pewsey,R01235
PEW,Pewsey,R01237
PEW,Pewsey,R01381
PEW,Pewsey,R01712
PFL,Purfleet,R00137
PFL,Purfleet,R00384
PFL,Purfleet,R01094
PFL,Purfleet,R01096
PFL,Purfleet,R01625
PFL,Purfleet,R01897
PFL,Purfleet,R01903
PFL,Purfleet,R02087
PFM,Pontefract Monkhill,R00064
PFM,Pontefract Monkhill,R00073
PFM,Pontefract Monkhill,R00529
PFM,Pontefract Monkhill,R00532
PFM,Pontefract Monkhill,R00641
PFM,Pontefract Monkhill,R01617
PFM,Pontefract Monkhill,R01964
PFR,Pontefract Baghill,R00111
PFR,Pontefract Baghill,R00949
PFR,Pontefract Baghill,R01411
PFY,Poulton-Le-Fylde,R00056
PFY,Poulton-Le-Fylde,R00090
PFY,Poulton-Le-Fylde,R00110
PFY,Poulton-Le-Fylde,R00119
PFY,Poulton-Le-Fylde,R00121
PFY,Poulton-Le-Fylde,R00130
PFY,Poulton-Le-Fylde,R00206
PFY,Poulton-Le-Fylde,R00360
PFY,Poulton-Le-Fylde,R00454
PFY,Poulton-Le-Fylde,R00508
PFY,Poulton-Le-Fylde,R00640
PFY,Poulton-Le-Fylde,R00647
PFY,Poulton-Le-Fylde,R00651
PFY,Poulton-Le-Fylde,R00947
PFY,Poulton-Le-Fylde,R01613
PFY,Poulton-Le-Fylde,R01626
PFY,Poulton-Le-Fylde,R01902
PFY,Poulton-Le-Fylde,R01974
PFY,Poulton-Le-Fylde,R02088
PGM,Pengam,R00080
PGM,Pengam,R00266
PGM,Pengam,R00278
PGM,Pengam,R00605
PGM,Pengam,R00682
PGM,Pengam,R00709
PGM,Pengam,R00728
PGM,Pengam,R00840
PGN,Paignton,R00034
PGN,Paignton,R00283
PGN,Paignton,R00371
PGN,Paignton,R00372
PGN,Paignton,R00609
PGN,Paignton,R00975
PGN,Paignton,R01984
PGN,Paignton,R01985
PGN,Paignton,R01987
PGN,Paignton,R01989
PGR,,R00141
PGR,,R00147
PGR,,R00159
PGR,,R00160
PGR,,R00229
PGR,,R00230
PGR,,R00285
PGR,,R00291
PGR,,R00292
PGR,,R00309
PHG,Penhelig,R00068
PHG,Penhelig,R00330
PHR,Penshurst,R01689
PHR,Penshurst,R01729
PIL,Pilning,R00034
PIL,Pilning,R00042
PIL,Pilning,R00371
PIL,Pilning,R00372
PIL,Pilning,R00600
PIL,Pilning,R00917
PIL,Pilning,R00924
PIL,Pilning,R00985
PIL,Pilning,R01034
PIL,Pilning,R01037
PIL,Pilning,R01217
PIL,Pilning,R01238
PIL,Pilning,R01246
PIL,Pilning,R01248
PIL,Pilning,R01462
PIL,Pilning,R01465
PIL,Pilning,R01467
PIL,Pilning,R01740
PIL,Pilning,R01877
PIL,Pilning,R01972
PIN,Pinhoe,R00331
PIN,Pinhoe,R00550
PIN,Pinhoe,R00604
PIN,Pinhoe,R00670
PIN,Pinhoe,R00711
PIN,Pinhoe,R00712
PIN,Pinhoe,R00713
PIN,Pinhoe,R00761
PIR,Pineapple Road,R00909
PIR,Pineapple Road,R00911
PIR,Pineapple Road,R02077
PIR,Pineapple Road,R02079
PIT,Pitlochry,R00056
PIT,Pitlochry,R00073
PIT,Pitlochry,R00143
PIT,Pitlochry,R00464
PIT,Pitlochry,R00467
PIT,Pitlochry,R00704
PIT,Pitlochry,R01129
PKG,Penkridge,R00056
PKG,Penkridge,R00077
PKG,Penkridge,R00102
PKG,Penkridge,R00114
PKG,Penkridge,R00283
PKG,Penkridge,R00311
PKG,Penkridge,R00341
PKG,Penkridge,R00372
PKG,Penkridge,R00498
PKG,Penkridge,R00581
PKG,Penkridge,R00602
PKG,Penkridge,R00704
PKG,Penkridge,R00780
PKG,Penkridge,R00902
PKG,Penkridge,R00935
PKG,Penkridge,R00964
PKG,Penkridge,R01054
PKG,Penkridge,R01119
PKG,Penkridge,R01198
PKG,Penkridge,R01247
PKG,Penkridge,R01256
PKG,Penkridge,R01259
PKG,Penkridge,R01307
PKG,Penkridge,R01599
PKG,Penkridge,R01691
PKG,Penkridge,R01710
PKS,Parkstone (Dorset),R00329
PKS,Parkstone (Dorset),R00331
PKS,Parkstone (Dorset),R00431
PKS,Parkstone (Dorset),R00626
PKS,Parkstone (Dorset),R00629
PKS,Parkstone (Dorset),R00746
PKS,Parkstone (Dorset),R00757
PKS,Parkstone (Dorset),R00808
PKS,Parkstone (Dorset),R01067
PKS,Parkstone (Dorset),R01069
PKS,Parkstone (Dorset),R01072
PKS,Parkstone (Dorset),R01861
PKT,Park Street,R00056
PKT,Park Street,R01234
PKT,Park Street,R01439
PLC,Pluckley,R00014
PLC,Pluckley,R00125
PLC,Pluckley,R00256
PLC,Pluckley,R00436
PLC,Pluckley,R00514
PLC,Pluckley,R00671
PLC,Pluckley,R01587
PLC,Pluckley,R01636
PLC,Pluckley,R01637
PLC,Pluckley,R01639
PLC,Pluckley,R01645
PLC,Pluckley,R01660
PLD,Portslade,R00043
PLD,Portslade,R00199
PLD,Portslade,R00239
PLD,Portslade,R00253
PLD,Portslade,R00657
PLD,Portslade,R00740
PLD,Portslade,R00742
PLD,Portslade,R00743
PLD,Portslade,R00748
PLD,Portslade,R00812
PLD,Portslade,R00930
PLD,Portslade,R00967
PLD,Portslade,R00969
PLD,Portslade,R01009
PLD,Portslade,R01039
PLD,Portslade,R01367
PLD,Portslade,R01419
PLD,Portslade,R01780
PLD,Portslade,R01922
PLD,Portslade,R01930
PLE,Pollokshields East,R00107
PLE,Pollokshields East,R00127
PLE,Pollokshields East,R00133
PLE,Pollokshields East,R00135
PLG,Polegate,R00051
PLG,Polegate,R00199
PLG,Polegate,R00238
PLG,Polegate,R00253
PLG,Polegate,R00262
PLG,Polegate,R00451
PLG,Polegate,R00452
PLG,Polegate,R00517
PLG,Polegate,R00530
PLG,Polegate,R00627
PLG,Polegate,R01168
PLG,Polegate,R01363
PLG,Polegate,R01390
PLG,Polegate,R01510
PLG,Polegate,R01630
PLG,Polegate,R01648
PLG,Polegate,R01650
PLG,Polegate,R01779
PLG,Polegate,R02022
PLK,Plockton,R01157
PLK,Plockton,R01160
PLM,Plumley,R00512
PLM,Plumley,R00519
PLM,Plumley,R02013
PLN,Portlethen,R00139
PLN,Portlethen,R00145
PLN,Portlethen,R00467
PLN,Portlethen,R00687
PLN,Portlethen,R01028
PLN,Portlethen,R01142
PLN,Portlethen,R01185
PLN,Portlethen,R01244
PLN,Portlethen,R01327
PLS,Pleasington,R00110
PLS,Pleasington,R00647
PLS,Pleasington,R00651
PLS,Pleasington,R00836
PLS,Pleasington,R01320
PLT,Pontlottyn,R00266
PLT,Pontlottyn,R00605
PLT,Pontlottyn,R00709
PLT,Pontlottyn,R00840
PLU,Plumstead,R00076
PLU,Plumstead,R00079
PLU,Plumstead,R00092
PLU,Plumstead,R00125
PLU,Plumstead,R00188
PLU,Plumstead,R00297
PLU,Plumstead,R00491
PLU,Plumstead,R00516
PLU,Plumstead,R00526
PLU,Plumstead,R00536
PLU,Plumstead,R00608
PLU,Plumstead,R00610
PLU,Plumstead,R00654
PLU,Plumstead,R00971
PLU,Plumstead,R00972
PLU,Plumstead,R01503
PLU,Plumstead,R01702
PLU,Plumstead,R01745
PLU,Plumstead,R02081
PLW,Pollokshields West,R00107
PLW,Pollokshields West,R00127
PLW,Pollokshields West,R00135
PLY,Plymouth,R00034
PLY,Plymouth,R00321
PLY,Plymouth,R00346
PLY,Plymouth,R00350
PLY,Plymouth,R00351
PLY,Plymouth,R00354
PLY,Plymouth,R00369
PLY,Plymouth,R00455
PLY,Plymouth,R00465
PLY,Plymouth,R00468
PLY,Plymouth,R00550
PLY,Plymouth,R00582
PLY,Plymouth,R00690
PLY,Plymouth,R00777
PLY,Plymouth,R00778
PLY,Plymouth,R00779
PLY,Plymouth,R00977
PLY,Plymouth,R01237
PLY,Plymouth,R01246
PLY,Plymouth,R01319
PLY,Plymouth,R01325
PLY,Plymouth,R01381
PLY,Plymouth,R01443
PLY,Plymouth,R01448
PLY,Plymouth,R01473
PLY,Plymouth,R01784
PLY,Plymouth,R01819
PLY,Plymouth,R02034
PMA,Portsmouth Arms,R00325
PMA,Portsmouth Arms,R00338
PMA,Portsmouth Arms,R00388
PMA,Portsmouth Arms,R00607
PMA,Portsmouth Arms,R00612
PMB,Pembroke,R00077
PMB,Pembroke,R00559
PMB,Pembroke,R00921
PMB,Pembroke,R01266
PMB,Pembroke,R01537
PMD,Pembroke Dock,R00077
PMD,Pembroke Dock,R00559
PMD,Pembroke Dock,R00921
PMD,Pembroke Dock,R01266
PMD,Pembroke Dock,R01537
PMH,Portsmouth Harbour,R00043
PMH,Portsmouth Harbour,R00199
PMH,Portsmouth Harbour,R00348
PMH,Portsmouth Harbour,R00417
PMH,Portsmouth Harbour,R00643
PMH,Portsmouth Harbour,R00655
PMH,Portsmouth Harbour,R00657
PMH,Portsmouth Harbour,R00658
PMH,Portsmouth Harbour,R00691
PMH,Portsmouth Harbour,R00716
PMH,Portsmouth Harbour,R00725
PMH,Portsmouth Harbour,R00737
PMH,Portsmouth Harbour,R00739
PMH,Portsmouth Harbour,R00742
PMH,Portsmouth Harbour,R00746
PMH,Portsmouth Harbour,R00747
PMH,Portsmouth Harbour,R00748
PMH,Portsmouth Harbour,R00866
PMH,Portsmouth Harbour,R00877
PMH,Portsmouth Harbour,R00985
PMH,Portsmouth Harbour,R01039
PMH,Portsmouth Harbour,R01043
PMH,Portsmouth Harbour,R01046
PMH,Portsmouth Harbour,R01048
PMH,Portsmouth Harbour,R01246
PMH,Portsmouth Harbour,R01367
PMH,Portsmouth Harbour,R01505
PMH,Portsmouth Harbour,R01712
PMH,Portsmouth Harbour,R01751
PMH,Portsmouth Harbour,R01774
PMH,Portsmouth Harbour,R01791
PMP,Plumpton,R00199
PMP,Plumpton,R00238
PMP,Plumpton,R00253
PMP,Plumpton,R00451
PMP,Plumpton,R00452
PMP,Plumpton,R00517
PMP,Plumpton,R00627
PMP,Plumpton,R01168
PMP,Plumpton,R01649
PMP,Plumpton,R02021
PMR,Peckham Rye,R00002
PMR,Peckham Rye,R00076
PMR,Peckham Rye,R00092
PMR,Peckham Rye,R00469
PMR,Peckham Rye,R00617
PMR,Peckham Rye,R00913
PMR,Peckham Rye,R00971
PMR,Peckham Rye,R01283
PMR,Peckham Rye,R01503
PMR,Peckham Rye,R01556
PMR,Peckham Rye,R01592
PMR,Peckham Rye,R01676
PMR,Peckham Rye,R01737
PMR,Peckham Rye,R01739
PMR,Peckham Rye,R01768
PMS,Portsmouth & Southsea,R00043
PMS,Portsmouth & Southsea,R00199
PMS,Portsmouth & Southsea,R00348
PMS,Portsmouth & Southsea,R00399
PMS,Portsmouth & Southsea,R00417
PMS,Portsmouth & Southsea,R00643
PMS,Portsmouth & Southsea,R00655
PMS,Portsmouth & Southsea,R00657
PMS,Portsmouth & Southsea,R00658
PMS,Portsmouth & Southsea,R00659
PMS,Portsmouth & Southsea,R00725
PMS,Portsmouth & Southsea,R00737
PMS,Portsmouth & Southsea,R00739
PMS,Portsmouth & Southsea,R00742
PMS,Portsmouth & Southsea,R00743
PMS,Portsmouth & Southsea,R00746
PMS,Portsmouth & Southsea,R00747
PMS,Portsmouth & Southsea,R00748
PMS,Portsmouth & Southsea,R00866
PMS,Portsmouth & Southsea,R00877
PMS,Portsmouth & Southsea,R00878
PMS,Portsmouth & Southsea,R00969
PMS,Portsmouth & Southsea,R00985
PMS,Portsmouth & Southsea,R01039
PMS,Portsmouth & Southsea,R01043
PMS,Portsmouth & Southsea,R01046
PMS,Portsmouth & Southsea,R01048
PMS,Portsmouth & Southsea,R01070
PMS,Portsmouth & Southsea,R01246
PMS,Portsmouth & Southsea,R01367
PMS,Portsmouth & Southsea,R01505
PMS,Portsmouth & Southsea,R01712
PMS,Portsmouth & Southsea,R01715
PMS,Portsmouth & Southsea,R01751
PMS,Portsmouth & Southsea,R01774
PMS,Portsmouth & Southsea,R01791
PMT,Polmont,R00056
PMT,Polmont,R00073
PMT,Polmont,R00162
PMT,Polmont,R00169
PMT,Polmont,R00464
PMT,Polmont,R00470
PMT,Polmont,R00619
PMT,Polmont,R00625
PMT,Polmont,R00704
PMT,Polmont,R01129
PMT,Polmont,R01865
PMT,Polmont,R01979
PMW,Penmaenmawr,R00056
PMW,Penmaenmawr,R00058
PMW,Penmaenmawr,R00418
PMW,Penmaenmawr,R00568
PMW,Penmaenmawr,R00590
PMW,Penmaenmawr,R00592
PMW,Penmaenmawr,R00902
PMW,Penmaenmawr,R01307
PMW,Penmaenmawr,R01518
PMW,Penmaenmawr,R01526
PMW,Penmaenmawr,R01710
PNA,Penally,R00077
PNA,Penally,R00559
PNA,Penally,R00921
PNA,Penally,R01266
PNA,Penally,R01537
PNC,Penychain,R00068
PNC,Penychain,R00330
PNE,Penge East,R00002
PNE,Penge East,R00221
PNE,Penge East,R00343
PNE,Penge East,R00345
PNE,Penge East,R00514
PNE,Penge East,R00603
PNE,Penge East,R01590
PNF,Penyffordd,R01538
PNF,Penyffordd,R01539
PNF,Penyffordd,R01541
PNL,Pannal,R00614
PNL,Pannal,R01612
PNL,Pannal,R01998
PNL,Pannal,R02029
PNL,Pannal,R02030
PNM,Penmere,R00584
PNM,Penmere,R00591
PNM,Penmere,R02008
PNM,Penmere,R02010
PNQ,,R01671
PNQ,,R01878
PNR,Penrith,R00056
PNR,Penrith,R00090
PNR,Penrith,R00100
PNR,Penrith,R00102
PNR,Penrith,R00114
PNR,Penrith,R00130
PNR,Penrith,R00581
PNR,Penrith,R00618
PNR,Penrith,R00650
PNR,Penrith,R00704
PNR,Penrith,R01077
PNR,Penrith,R01281
PNR,Penrith,R01284
PNR,Penrith,R01454
PNR,Penrith,R01599
PNR,Penrith,R01905
PNS,Penistone,R00011
PNS,Penistone,R00038
PNS,Penistone,R01756
PNW,Penge West,R00003
PNW,Penge West,R00020
PNW,Penge West,R00075
PNW,Penge West,R00217
PNW,Penge West,R00240
PNW,Penge West,R00241
PNW,Penge West,R00575
PNW,Penge West,R00667
PNW,Penge West,R00727
PNW,Penge West,R00837
PNW,Penge West,R00968
PNW,Penge West,R01180
PNW,Penge West,R01252
PNW,Penge West,R01399
PNW,Penge West,R01565
PNW,Penge West,R01600
PNY,Pen-Y-Bont,R00385
PNY,Pen-Y-Bont,R00600
PNY,Pen-Y-Bont,R01672
PNY,Pen-Y-Bont,R01852
PNZ,Penzance,R00034
PNZ,Penzance,R00154
PNZ,Penzance,R00321
PNZ,Penzance,R00346
PNZ,Penzance,R00350
PNZ,Penzance,R00351
PNZ,Penzance,R00455
PNZ,Penzance,R00550
PNZ,Penzance,R00580
PNZ,Penzance,R01246
PNZ,Penzance,R01325
PNZ,Penzance,R01381
PNZ,Penzance,R01417
PNZ,Penzance,R01784
PNZ,Penzance,R01819
POK,Pokesdown,R00329
POK,Pokesdown,R00331
POK,Pokesdown,R00431
POK,Pokesdown,R00626
POK,Pokesdown,R00629
POK,Pokesdown,R00631
POK,Pokesdown,R00746
POK,Pokesdown,R00753
POK,Pokesdown,R00783
POK,Pokesdown,R00786
POK,Pokesdown,R00808
POL,Polsloe Bridge,R00032
POL,Polsloe Bridge,R00371
POL,Polsloe Bridge,R00372
POL,Polsloe Bridge,R00744
POL,Polsloe Bridge,R01989
POL,Polsloe Bridge,R01996
PON,Ponders End,R00791
PON,Ponders End,R01203
PON,Ponders End,R01286
PON,Ponders End,R01405
POO,Poole,R00329
POO,Poole,R00331
POO,Poole,R00431
POO,Poole,R00626
POO,Poole,R00629
POO,Poole,R00746
POO,Poole,R00757
POO,Poole,R00786
POO,Poole,R00808
POO,Poole,R01067
POO,Poole,R01069
POO,Poole,R01072
POO,Poole,R01861
POP,Poppleton,R00614
POP,Poppleton,R01612
POR,Porth,R00594
POR,Porth,R01206
POT,Pontefract Tanshelf,R00529
POT,Pontefract Tanshelf,R00532
PPD,Pontypridd,R00594
PPD,Pontypridd,R00766
PPD,Pontypridd,R01206
PPD,Pontypridd,R01364
PPD,Pontypridd,R01643
PPD,Pontypridd,R01698
PPD,Pontypridd,R01809
PPD,Pontypridd,R01919
PPK,Possilpark & Parkhouse,R00235
PPK,Possilpark & Parkhouse,R00247
PPK,Possilpark & Parkhouse,R01295
PPL,Pontypool and New Inn,R00077
PPL,Pontypool and New Inn,R00562
PPL,Pontypool and New Inn,R00590
PPL,Pontypool and New Inn,R00592
PPL,Pontypool and New Inn,R00600
PPL,Pontypool and New Inn,R00785
PPL,Pontypool and New Inn,R00796
PPL,Pontypool and New Inn,R00916
PPL,Pontypool and New Inn,R01063
PPL,Pontypool and New Inn,R01123
PPL,Pontypool and New Inn,R01307
PPL,Pontypool and New Inn,R01554
PPL,Pontypool and New Inn,R01738
PPL,Pontypool and New Inn,R01773
PRA,Prestwick International Airport,R01204
PRA,Prestwick International Airport,R01212
PRA,Prestwick International Airport,R01213
PRA,Prestwick International Airport,R01255
PRB,Prestbury,R00562
PRB,Prestbury,R00780
PRB,Prestbury,R01013
PRB,Prestbury,R01030
PRB,Prestbury,R01031
PRB,Prestbury,R01380
PRE,Preston,R00056
PRE,Preston,R00090
PRE,Preston,R00100
PRE,Preston,R00102
PRE,Preston,R00108
PRE,Preston,R00110
PRE,Preston,R00112
PRE,Preston,R00114
PRE,Preston,R00119
PRE,Preston,R00121
PRE,Preston,R00130
PRE,Preston,R00142
PRE,Preston,R00206
PRE,Preston,R00360
PRE,Preston,R00454
PRE,Preston,R00457
PRE,Preston,R00508
PRE,Preston,R00521
PRE,Preston,R00581
PRE,Preston,R00640
PRE,Preston,R00647
PRE,Preston,R00651
PRE,Preston,R00704
PRE,Preston,R00836
PRE,Preston,R00947
PRE,Preston,R01077
PRE,Preston,R01242
PRE,Preston,R01281
PRE,Preston,R01282
PRE,Preston,R01320
PRE,Preston,R01321
PRE,Preston,R01432
PRE,Preston,R01454
PRE,Preston,R01484
PRE,Preston,R01542
PRE,Preston,R01580
PRE,Preston,R01599
PRE,Preston,R01613
PRE,Preston,R01621
PRE,Preston,R01622
PRE,Preston,R01626
PRE,Preston,R01691
PRE,Preston,R01697
PRE,Preston,R01902
PRE,Preston,R01966
PRE,Preston,R01974
PRE,Preston,R02088
PRH,Penrhyndeudraeth,R00068
PRH,Penrhyndeudraeth,R00330
PRI,Portway Park & Ride,R00042
PRI,Portway Park & Ride,R00070
PRI,Portway Park & Ride,R00430
PRI,Portway Park & Ride,R01361
PRI,Portway Park & Ride,R01376
PRL,Prittlewell,R00832
PRL,Prittlewell,R00898
PRL,Prittlewell,R01653
PRN,Parton,R00391
PRN,Parton,R00394
PRN,Parton,R01588
PRN,Parton,R01589
PRN,Parton,R01970
PRP,Preston Park,R00199
PRP,Preston Park,R00239
PRP,Preston Park,R00253
PRP,Preston Park,R00265
PRP,Preston Park,R00271
PRP,Preston Park,R00452
PRP,Preston Park,R00660
PRP,Preston Park,R00968
PRP,Preston Park,R00970
PRP,Preston Park,R00972
PRP,Preston Park,R01241
PRP,Preston Park,R01367
PRP,Preston Park,R01511
PRP,Preston Park,R01707
PRP,Preston Park,R01780
PRP,Preston Park,R01898
PRP,Preston Park,R01922
PRP,Preston Park,R01980
PRP,Preston Park,R02090
PRR,Princes Risborough,R00004
PRR,Princes Risborough,R00012
PRR,Princes Risborough,R00033
PRR,Princes Risborough,R00036
PRR,Princes Risborough,R00053
PRR,Princes Risborough,R00072
PRR,Princes Risborough,R00158
PRR,Princes Risborough,R00209
PRR,Princes Risborough,R00226
PRR,Princes Risborough,R00246
PRR,Princes Risborough,R00364
PRR,Princes Risborough,R00406
PRR,Princes Risborough,R00429
PRR,Princes Risborough,R00435
PRR,Princes Risborough,R00471
PRR,Princes Risborough,R01508
PRR,Princes Risborough,R01513
PRS,Prees,R00077
PRS,Prees,R00562
PRS,Prees,R00592
PRS,Prees,R00600
PRS,Prees,R00796
PRS,Prees,R00916
PRS,Prees,R01123
PRS,Prees,R01248
PRS,Prees,R01265
PRS,Prees,R01546
PRS,Prees,R01597
PRS,Prees,R01734
PRS,Prees,R01773
PRT,Prestatyn,R00056
PRT,Prestatyn,R00058
PRT,Prestatyn,R00418
PRT,Prestatyn,R00568
PRT,Prestatyn,R00578
PRT,Prestatyn,R00579
PRT,Prestatyn,R00590
PRT,Prestatyn,R00592
PRT,Prestatyn,R00760
PRT,Prestatyn,R00902
PRT,Prestatyn,R01047
PRT,Prestatyn,R01307
PRT,Prestatyn,R01518
PRT,Prestatyn,R01526
PRT,Prestatyn,R01552
PRT,Prestatyn,R01710
PRU,Prudhoe,R00302
PRU,Prudhoe,R00324
PRU,Prudhoe,R00463
PRU,Prudhoe,R01107
PRU,Prudhoe,R01111
PRU,Prudhoe,R01114
PRU,Prudhoe,R01118
PRU,Prudhoe,R01284
PRU,Prudhoe,R01378
PRU,Prudhoe,R01523
PRU,Prudhoe,R01573
PRW,Perranwell,R00584
PRW,Perranwell,R02008
PRY,Perry Barr,R00104
PRY,Perry Barr,R00863
PRY,Perry Barr,R00907
PRY,Perry Barr,R01275
PRY,Perry Barr,R01497
PSC,Prescot,R00206
PSC,Prescot,R00270
PSC,Prescot,R00454
PSC,Prescot,R01626
PSE,Pitsea,R00137
PSE,Pitsea,R00384
PSE,Pitsea,R00434
PSE,Pitsea,R00444
PSE,Pitsea,R00794
PSE,Pitsea,R00978
PSE,Pitsea,R01094
PSE,Pitsea,R01096
PSE,Pitsea,R01354
PSE,Pitsea,R01402
PSE,Pitsea,R01625
PSE,Pitsea,R01700
PSE,Pitsea,R01850
PSE,Pitsea,R01864
PSE,Pitsea,R02060
PSH,Pershore,R00034
PSH,Pershore,R00362
PSH,Pershore,R00381
PSH,Pershore,R00387
PSH,Pershore,R01037
PSH,Pershore,R01222
PSH,Pershore,R01298
PSH,Pershore,R01506
PSH,Pershore,R02054
PSH,Pershore,R02056
PSL,Port Sunlight,R00500
PSL,Port Sunlight,R00502
PSL,Port Sunlight,R00505
PSL,Port Sunlight,R00511
PSL,Port Sunlight,R00558
PSN,Parson Street,R00042
PSN,Parson Street,R00070
PSN,Parson Street,R00371
PSN,Parson Street,R00372
PSN,Parson Street,R00401
PSN,Parson Street,R00430
PSN,Parson Street,R00455
PSN,Parson Street,R00582
PSN,Parson Street,R00918
PSN,Parson Street,R01217
PSN,Parson Street,R01246
PSN,Parson Street,R01248
PSN,Parson Street,R01332
PSN,Parson Street,R01334
PSN,Parson Street,R01376
PSN,Parson Street,R01467
PSN,Parson Street,R01665
PST,Prestonpans,R00073
PST,Prestonpans,R00180
PST,Prestonpans,R00181
PST,Prestonpans,R00305
PST,Prestonpans,R00313
PST,Prestonpans,R00321
PST,Prestonpans,R00344
PST,Prestonpans,R00354
PST,Prestonpans,R00455
PST,Prestonpans,R00464
PST,Prestonpans,R00470
PST,Prestonpans,R00486
PST,Prestonpans,R00582
PST,Prestonpans,R00690
PST,Prestonpans,R00749
PST,Prestonpans,R00935
PST,Prestonpans,R00938
PST,Prestonpans,R00948
PST,Prestonpans,R01149
PST,Prestonpans,R01169
PST,Prestonpans,R01202
PST,Prestonpans,R02036
PSW,Polesworth,R00056
PSW,Polesworth,R00114
PSW,Polesworth,R00311
PSW,Polesworth,R00820
PSW,Polesworth,R00845
PSW,Polesworth,R01077
PSW,Polesworth,R01307
PSW,Polesworth,R01697
PSW,Polesworth,R01905
PSW,Polesworth,R02086
PTA,Port Talbot Parkway,R00034
PTA,Port Talbot Parkway,R00077
PTA,Port Talbot Parkway,R00186
PTA,Port Talbot Parkway,R00559
PTA,Port Talbot Parkway,R00562
PTA,Port Talbot Parkway,R00600
PTA,Port Talbot Parkway,R00796
PTA,Port Talbot Parkway,R00826
PTA,Port Talbot Parkway,R00916
PTA,Port Talbot Parkway,R00917
PTA,Port Talbot Parkway,R01037
PTA,Port Talbot Parkway,R01124
PTA,Port Talbot Parkway,R01238
PTA,Port Talbot Parkway,R01537
PTA,Port Talbot Parkway,R01554
PTA,Port Talbot Parkway,R01670
PTA,Port Talbot Parkway,R01738
PTA,Port Talbot Parkway,R01740
PTA,Port Talbot Parkway,R01770
PTA,Port Talbot Parkway,R01773
PTA,Port Talbot Parkway,R01782
PTA,Port Talbot Parkway,R01826
PTA,Port Talbot Parkway,R01835
PTA,Port Talbot Parkway,R01877
PTA,Port Talbot Parkway,R02084
PTB,Pentre-Bach,R00594
PTB,Pentre-Bach,R01364
PTB,Pentre-Bach,R01643
PTC,Portchester,R00399
PTC,Portchester,R00737
PTC,Portchester,R00739
PTC,Portchester,R00742
PTC,Portchester,R00746
PTC,Portchester,R00747
PTC,Portchester,R00753
PTC,Portchester,R00812
PTC,Portchester,R00866
PTC,Portchester,R00877
PTC,Portchester,R00878
PTC,Portchester,R00914
PTC,Portchester,R00969
PTC,Portchester,R01046
PTC,Portchester,R01048
PTC,Portchester,R01068
PTC,Portchester,R01080
PTC,Portchester,R01667
PTC,Portchester,R02089
PTD,Pontarddulais,R00385
PTD,Pontarddulais,R00600
PTD,Pontarddulais,R01851
PTD,Pontarddulais,R01852
PTD,Pontarddulais,R01927
PTF,Pantyffynnon,R00385
PTF,Pantyffynnon,R00600
PTF,Pantyffynnon,R01851
PTF,Pantyffynnon,R01852
PTF,Pantyffynnon,R01927
PTG,Port Glasgow,R00099
PTG,Port Glasgow,R00164
PTG,Port Glasgow,R00190
PTG,Port Glasgow,R00426
PTG,Port Glasgow,R01211
PTG,Port Glasgow,R01227
PTG,Port Glasgow,R01229
PTG,Port Glasgow,R01293
PTH,Perth,R00045
PTH,Perth,R00048
PTH,Perth,R00056
PTH,Perth,R00073
PTH,Perth,R00145
PTH,Perth,R00162
PTH,Perth,R00356
PTH,Perth,R00464
PTH,Perth,R00467
PTH,Perth,R00685
PTH,Perth,R00687
PTH,Perth,R00688
PTH,Perth,R00690
PTH,Perth,R00692
PTH,Perth,R00704
PTH,Perth,R01129
PTH,Perth,R01185
PTH,Perth,R01244
PTH,Perth,R01271
PTH,Perth,R01273
PTH,Perth,R01474
PTH,Perth,R01873
PTK,Partick,R00106
PTK,Partick,R00179
PTK,Partick,R00289
PTK,Partick,R00375
PTK,Partick,R00378
PTK,Partick,R00480
PTK,Partick,R00858
PTK,Partick,R00988
PTK,Partick,R01021
PTK,Partick,R01136
PTK,Partick,R01137
PTK,Partick,R01155
PTK,Partick,R01173
PTK,Partick,R01297
PTK,Partick,R01579
PTK,Partick,R01591
PTK,Partick,R01790
PTK,Partick,R01792
PTK,Partick,R01808
PTK,Partick,R01844
PTK,Partick,R01875
PTK,Partick,R01876
PTK,Partick,R01879
PTK,Partick,R01880
PTL,Priesthill & Darnley,R01174
PTL,Priesthill & Darnley,R01177
PTL,Priesthill & Darnley,R01306
PTL,Priesthill & Darnley,R01666
PTM,Porthmadog,R00068
PTM,Porthmadog,R00281
PTM,Porthmadog,R00285
PTM,Porthmadog,R00291
PTM,Porthmadog,R00292
PTM,Porthmadog,R00295
PTM,Porthmadog,R00309
PTM,Porthmadog,R00330
PTR,Petersfield,R00417
PTR,Petersfield,R00643
PTR,Petersfield,R00657
PTR,Petersfield,R00725
PTR,Petersfield,R00737
PTR,Petersfield,R00753
PTR,Petersfield,R00812
PTR,Petersfield,R01068
PTR,Petersfield,R01070
PTR,Petersfield,R01079
PTR,Petersfield,R01080
PTR,Petersfield,R01083
PTR,Petersfield,R01084
PTR,Petersfield,R01505
PTR,Petersfield,R01774
PTR,Petersfield,R01791
PTT,Patterton,R00133
PTT,Patterton,R00135
PTT,Patterton,R01668
PTW,Prestwick Town,R00353
PTW,Prestwick Town,R00355
PTW,Prestwick Town,R00383
PTW,Prestwick Town,R01186
PTW,Prestwick Town,R01192
PTW,Prestwick Town,R01204
PTW,Prestwick Town,R01212
PTW,Prestwick Town,R01213
PTW,Prestwick Town,R01245
PTW,Prestwick Town,R01254
PTW,Prestwick Town,R01255
PUL,Pulborough,R00043
PUL,Pulborough,R00199
PUL,Pulborough,R00248
PUL,Pulborough,R00253
PUL,Pulborough,R00633
PUL,Pulborough,R00655
PUL,Pulborough,R00656
PUL,Pulborough,R00657
PUL,Pulborough,R00658
PUL,Pulborough,R00659
PUL,Pulborough,R00812
PUL,Pulborough,R01011
PUL,Pulborough,R01367
PUL,Pulborough,R01419
PUO,Purley Oaks,R00217
PUO,Purley Oaks,R00238
PUO,Purley Oaks,R00239
PUO,Purley Oaks,R00241
PUO,Purley Oaks,R00248
PUO,Purley Oaks,R00253
PUO,Purley Oaks,R00265
PUO,Purley Oaks,R00282
PUO,Purley Oaks,R00575
PUO,Purley Oaks,R00627
PUO,Purley Oaks,R00656
PUO,Purley Oaks,R00660
PUO,Purley Oaks,R00727
PUO,Purley Oaks,R00968
PUO,Purley Oaks,R01180
PUO,Purley Oaks,R01187
PUO,Purley Oaks,R01241
PUO,Purley Oaks,R01367
PUO,Purley Oaks,R01565
PUO,Purley Oaks,R01600
PUO,Purley Oaks,R01624
PUO,Purley Oaks,R01898
PUO,Purley Oaks,R01910
PUR,Purley,R00199
PUR,Purley,R00217
PUR,Purley,R00238
PUR,Purley,R00239
PUR,Purley,R00241
PUR,Purley,R00248
PUR,Purley,R00253
PUR,Purley,R00265
PUR,Purley,R00271
PUR,Purley,R00282
PUR,Purley,R00451
PUR,Purley,R00452
PUR,Purley,R00517
PUR,Purley,R00575
PUR,Purley,R00627
PUR,Purley,R00656
PUR,Purley,R00660
PUR,Purley,R00674
PUR,Purley,R00676
PUR,Purley,R00727
PUR,Purley,R00860
PUR,Purley,R00956
PUR,Purley,R00968
PUR,Purley,R00970
PUR,Purley,R00972
PUR,Purley,R01011
PUR,Purley,R01012
PUR,Purley,R01168
PUR,Purley,R01171
PUR,Purley,R01180
PUR,Purley,R01187
PUR,Purley,R01239
PUR,Purley,R01241
PUR,Purley,R01262
PUR,Purley,R01264
PUR,Purley,R01272
PUR,Purley,R01367
PUR,Purley,R01419
PUR,Purley,R01565
PUR,Purley,R01600
PUR,Purley,R01624
PUR,Purley,R01628
PUR,Purley,R01736
PUR,Purley,R01755
PUR,Purley,R01776
PUR,Purley,R01780
PUR,Purley,R01898
PUR,Purley,R01907
PUR,Purley,R01910
PUR,Purley,R01939
PUR,Purley,R02103
PUT,Putney,R00645
PUT,Putney,R00699
PUT,Putney,R00718
PUT,Putney,R00745
PUT,Putney,R00798
PUT,Putney,R00802
PUT,Putney,R00804
PUT,Putney,R00807
PUT,Putney,R00861
PUT,Putney,R00864
PUT,Putney,R00865
PUT,Putney,R00957
PUT,Putney,R00980
PUT,Putney,R00987
PUT,Putney,R01024
PUT,Putney,R01032
PUT,Putney,R01051
PUT,Putney,R01064
PUT,Putney,R01913
PUT,Putney,R01978
PUT,Putney,R01981
PWE,Pollokshaws East,R00107
PWE,Pollokshaws East,R00127
PWE,Pollokshaws East,R00135
PWL,Pwllheli,R00068
PWL,Pwllheli,R00330
PWW,Pollokshaws West,R00116
PWW,Pollokshaws West,R00118
PWW,Pollokshaws West,R00120
PWW,Pollokshaws West,R01174
PWW,Pollokshaws West,R01177
PWW,Pollokshaws West,R01306
PWW,Pollokshaws West,R01846
PWY,Patchway,R00034
PWY,Patchway,R00042
PWY,Patchway,R00371
PWY,Patchway,R00372
PWY,Patchway,R00600
PWY,Patchway,R00917
PWY,Patchway,R00924
PWY,Patchway,R00985
PWY,Patchway,R01034
PWY,Patchway,R01037
PWY,Patchway,R01217
PWY,Patchway,R01238
PWY,Patchway,R01246
PWY,Patchway,R01248
PWY,Patchway,R01462
PWY,Patchway,R01465
PWY,Patchway,R01467
PWY,Patchway,R01740
PWY,Patchway,R01877
PWY,Patchway,R01972
PYC,Pontyclun,R00034
PYC,Pontyclun,R00077
PYC,Pontyclun,R00186
PYC,Pontyclun,R00280
PYC,Pontyclun,R00559
PYC,Pontyclun,R00562
PYC,Pontyclun,R00600
PYC,Pontyclun,R00601
PYC,Pontyclun,R00796
PYC,Pontyclun,R00826
PYC,Pontyclun,R00916
PYC,Pontyclun,R00917
PYC,Pontyclun,R01037
PYC,Pontyclun,R01124
PYC,Pontyclun,R01238
PYC,Pontyclun,R01537
PYC,Pontyclun,R01554
PYC,Pontyclun,R01738
PYC,Pontyclun,R01740
PYC,Pontyclun,R01770
PYC,Pontyclun,R01773
PYC,Pontyclun,R01826
PYC,Pontyclun,R01835
PYC,Pontyclun,R01999
PYC,Pontyclun,R02084
PYE,Pye Corner,R00280
PYE,Pye Corner,R00601
PYE,Pye Corner,R00824
PYE,Pye Corner,R01746
PYE,Pye Corner,R01999
PYG,Paisley Gilmour Street,R00099
PYG,Paisley Gilmour Street,R00163
PYG,Paisley Gilmour Street,R00164
PYG,Paisley Gilmour Street,R00166
PYG,Paisley Gilmour Street,R00190
PYG,Paisley Gilmour Street,R00426
PYG,Paisley Gilmour Street,R01150
PYG,Paisley Gilmour Street,R01204
PYG,Paisley Gilmour Street,R01205
PYG,Paisley Gilmour Street,R01208
PYG,Paisley Gilmour Street,R01209
PYG,Paisley Gilmour Street,R01211
PYG,Paisley Gilmour Street,R01212
PYG,Paisley Gilmour Street,R01213
PYG,Paisley Gilmour Street,R01227
PYG,Paisley Gilmour Street,R01229
PYG,Paisley Gilmour Street,R01245
PYG,Paisley Gilmour Street,R01254
PYG,Paisley Gilmour Street,R01255
PYG,Paisley Gilmour Street,R01293
PYJ,Paisley St James,R00099
PYJ,Paisley St James,R00190
PYJ,Paisley St James,R00426
PYJ,Paisley St James,R01227
PYL,Pyle,R00077
PYL,Pyle,R00559
PYL,Pyle,R00600
PYL,Pyle,R00796
PYL,Pyle,R00826
PYL,Pyle,R00917
PYL,Pyle,R01124
PYL,Pyle,R01537
PYL,Pyle,R01770
PYL,Pyle,R01782
PYL,Pyle,R01826
PYL,Pyle,R01835
PYL,Pyle,R02084
PYN,Penryn,R00584
PYN,Penryn,R00591
PYN,Penryn,R02008
PYN,Penryn,R02010
PYP,Pont-Y-Pant,R01831
PYP,Pont-Y-Pant,R01832
PYT,Poynton,R00562
PYT,Poynton,R00780
PYT,Poynton,R01013
PYT,Poynton,R01030
PYT,Poynton,R01031
PYT,Poynton,R01380
QBR,Queenborough,R00013
QBR,Queenborough,R00026
QBR,Queenborough,R01607
QPK,Queens Park (Glasgow),R00107
QPK,Queens Park (Glasgow),R00127
QPK,Queens Park (Glasgow),R00133
QPK,Queens Park (Glasgow),R00135
QPW,Queens Park (London),R00008
QPW,Queens Park (London),R00016
QPW,Queens Park (London),R00150
QPW,Queens Park (London),R00224
QPW,Queens Park (London),R00236
QPW,Queens Park (London),R00382
QPW,Queens Park (London),R00795
QPW,Queens Park (London),R01603
QPW,Queens Park (London),R01859
QRB,Queenstown Road (Battersea),R00440
QRB,Queenstown Road (Battersea),R00645
QRB,Queenstown Road (Battersea),R00699
QRB,Queenstown Road (Battersea),R00715
QRB,Queenstown Road (Battersea),R00718
QRB,Queenstown Road (Battersea),R00745
QRB,Queenstown Road (Battersea),R00797
QRB,Queenstown Road (Battersea),R00798
QRB,Queenstown Road (Battersea),R00801
QRB,Queenstown Road (Battersea),R00802
QRB,Queenstown Road (Battersea),R00804
QRB,Queenstown Road (Battersea),R00807
QRB,Queenstown Road (Battersea),R00861
QRB,Queenstown Road (Battersea),R00864
QRB,Queenstown Road (Battersea),R00865
QRB,Queenstown Road (Battersea),R00957
QRB,Queenstown Road (Battersea),R00987
QRB,Queenstown Road (Battersea),R01024
QRB,Queenstown Road (Battersea),R01032
QRB,Queenstown Road (Battersea),R01051
QRB,Queenstown Road (Battersea),R01064
QRB,Queenstown Road (Battersea),R01760
QRB,Queenstown Road (Battersea),R01913
QRB,Queenstown Road (Battersea),R01978
QRB,Queenstown Road (Battersea),R01981
QRP,Queens Road Peckham,R00003
QRP,Queens Road Peckham,R00020
QRP,Queens Road Peckham,R00021
QRP,Queens Road Peckham,R00024
QRP,Queens Road Peckham,R00054
QRP,Queens Road Peckham,R00403
QRP,Queens Road Peckham,R00695
QRP,Queens Road Peckham,R00762
QRP,Queens Road Peckham,R00951
QRP,Queens Road Peckham,R00965
QRP,Queens Road Peckham,R01029
QRP,Queens Road Peckham,R01036
QRP,Queens Road Peckham,R01116
QUI,Quintrell Downs,R01417
QUI,Quintrell Downs,R01418
QUI,Quintrell Downs,R01420
QUI,Quintrell Downs,R01421
QUI,Quintrell Downs,R01422
QUI,Quintrell Downs,R01423
QUI,Quintrell Downs,R01424
QYD,Quakers Yard,R00594
QYD,Quakers Yard,R01364
QYD,Quakers Yard,R01643
RAD,Radley,R00333
RAD,Radley,R00387
RAD,Radley,R00583
RAD,Radley,R01374
RAD,Radley,R01389
RAD,Radley,R01392
RAD,Radley,R01397
RAD,Radley,R01535
RAI,Rainham (Kent),R00076
RAI,Rainham (Kent),R00079
RAI,Rainham (Kent),R00092
RAI,Rainham (Kent),R00125
RAI,Rainham (Kent),R00343
RAI,Rainham (Kent),R00345
RAI,Rainham (Kent),R00413
RAI,Rainham (Kent),R00437
RAI,Rainham (Kent),R00514
RAI,Rainham (Kent),R00854
RAI,Rainham (Kent),R00971
RAI,Rainham (Kent),R00972
RAI,Rainham (Kent),R01333
RAI,Rainham (Kent),R01338
RAI,Rainham (Kent),R01561
RAI,Rainham (Kent),R01568
RAI,Rainham (Kent),R01607
RAI,Rainham (Kent),R01615
RAI,Rainham (Kent),R01627
RAI,Rainham (Kent),R01967
RAI,Rainham (Kent),R01969
RAI,Rainham (Kent),R01971
RAI,Rainham (Kent),R01975
RAI,Rainham (Kent),R01976
RAM,Ramsgate,R00014
RAM,Ramsgate,R00125
RAM,Ramsgate,R00256
RAM,Ramsgate,R00343
RAM,Ramsgate,R00413
RAM,Ramsgate,R00436
RAM,Ramsgate,R00437
RAM,Ramsgate,R00514
RAM,Ramsgate,R00664
RAM,Ramsgate,R00668
RAM,Ramsgate,R00671
RAM,Ramsgate,R00684
RAM,Ramsgate,R00854
RAM,Ramsgate,R01090
RAM,Ramsgate,R01333
RAM,Ramsgate,R01568
RAM,Ramsgate,R01637
RAM,Ramsgate,R01660
RAM,Ramsgate,R01971
RAM,Ramsgate,R01997
RAM,Ramsgate,R02098
RAN,Rannoch,R01140
RAN,Rannoch,R01297
RAN,Rannoch,R01865
RAN,Rannoch,R02062
RAN,Rannoch,R02097
RAU,Rauceby,R00195
RAU,Rauceby,R00196
RAU,Rauceby,R00197
RAU,Rauceby,R00205
RAU,Rauceby,R00218
RAU,Rauceby,R00220
RAU,Rauceby,R00222
RAV,Ravenglass for Eskdale,R00142
RAV,Ravenglass for Eskdale,R00376
RAV,Ravenglass for Eskdale,R00391
RAV,Ravenglass for Eskdale,R00814
RAV,Ravenglass for Eskdale,R00817
RAV,Ravenglass for Eskdale,R01018
RAV,Ravenglass for Eskdale,R01242
RAY,Raynes Park,R00322
RAY,Raynes Park,R00440
RAY,Raynes Park,R00458
RAY,Raynes Park,R00632
RAY,Raynes Park,R00753
RAY,Raynes Park,R00799
RAY,Raynes Park,R00800
RAY,Raynes Park,R00801
RAY,Raynes Park,R00802
RAY,Raynes Park,R00803
RAY,Raynes Park,R00804
RAY,Raynes Park,R00864
RAY,Raynes Park,R00867
RAY,Raynes Park,R00870
RAY,Raynes Park,R00876
RAY,Raynes Park,R00929
RAY,Raynes Park,R00943
RAY,Raynes Park,R00946
RAY,Raynes Park,R00961
RAY,Raynes Park,R00962
RAY,Raynes Park,R00986
RAY,Raynes Park,R00997
RAY,Raynes Park,R00998
RAY,Raynes Park,R01097
RAY,Raynes Park,R01253
RAY,Raynes Park,R01604
RAY,Raynes Park,R01629
RAY,Raynes Park,R01642
RAY,Raynes Park,R01791
RAY,Raynes Park,R01820
RAY,Raynes Park,R01978
RBR,Robertsbridge,R00014
RBR,Robertsbridge,R00044
RBR,Robertsbridge,R00046
RBR,Robertsbridge,R00052
RBR,Robertsbridge,R00125
RBR,Robertsbridge,R02078
RBU,,R01775
RBU,,R01778
RCA,Risca & Pontymister,R00280
RCA,Risca & Pontymister,R00601
RCA,Risca & Pontymister,R00824
RCA,Risca & Pontymister,R01746
RCA,Risca & Pontymister,R01999
RCC,Redcar Central,R00409
RCC,Redcar Central,R00466
RCC,Redcar Central,R00486
RCC,Redcar Central,R00578
RCC,Redcar Central,R00662
RCC,Redcar Central,R00847
RCC,Redcar Central,R01284
RCC,Redcar Central,R01533
RCC,Redcar Central,R01534
RCC,Redcar Central,R01863
RCC,Redcar Central,R01908
RCC,Redcar Central,R01909
RCC,Redcar Central,R02045
RCD,Rochdale,R00193
RCD,Rochdale,R00231
RCD,Rochdale,R00249
RCD,Rochdale,R00277
RCD,Rochdale,R00284
RCD,Rochdale,R00652
RCD,Rochdale,R00815
RCD,Rochdale,R01183
RCD,Rochdale,R01196
RCD,Rochdale,R01216
RCD,Rochdale,R01233
RCD,Rochdale,R01608
RCD,Rochdale,R01804
RCE,Redcar East,R00847
RCE,Redcar East,R01533
RCE,Redcar East,R01534
RCE,Redcar East,R01908
RDA,Redland,R00042
RDA,Redland,R00070
RDA,Redland,R00430
RDA,Redland,R01361
RDA,Redland,R01376
RDA,Redland,R01379
RDB,Redbridge,R00077
RDB,Redbridge,R00283
RDB,Redbridge,R00286
RDB,Redbridge,R00329
RDB,Redbridge,R00331
RDB,Redbridge,R00348
RDB,Redbridge,R00431
RDB,Redbridge,R00498
RDB,Redbridge,R00626
RDB,Redbridge,R00629
RDB,Redbridge,R00631
RDB,Redbridge,R00746
RDB,Redbridge,R00753
RDB,Redbridge,R00757
RDB,Redbridge,R00783
RDB,Redbridge,R00786
RDB,Redbridge,R00869
RDB,Redbridge,R00964
RDB,Redbridge,R00966
RDB,Redbridge,R00985
RDB,Redbridge,R01027
RDB,Redbridge,R01035
RDB,Redbridge,R01246
RDB,Redbridge,R01444
RDB,Redbridge,R01479
RDB,Redbridge,R01667
RDB,Redbridge,R01712
RDB,Redbridge,R01715
RDB,Redbridge,R01861
RDB,Redbridge,R01889
RDB,Redbridge,R01890
RDC,Redditch,R00037
RDC,Redditch,R00759
RDC,Redditch,R01886
RDD,Riddlesdown,R00091
RDD,Riddlesdown,R00097
RDD,Riddlesdown,R00238
RDD,Riddlesdown,R00666
RDD,Riddlesdown,R00667
RDD,Riddlesdown,R00972
RDD,Riddlesdown,R01241
RDD,Riddlesdown,R01252
RDD,Riddlesdown,R01257
RDD,Riddlesdown,R01278
RDD,Riddlesdown,R01521
RDD,Riddlesdown,R01651
RDD,Riddlesdown,R01780
RDF,Radcliffe (Nottinghamshire),R00063
RDF,Radcliffe (Nottinghamshire),R00194
RDF,Radcliffe (Nottinghamshire),R00195
RDF,Radcliffe (Nottinghamshire),R00196
RDF,Radcliffe (Nottinghamshire),R00197
RDF,Radcliffe (Nottinghamshire),R00205
RDF,Radcliffe (Nottinghamshire),R00218
RDF,Radcliffe (Nottinghamshire),R00220
RDF,Radcliffe (Nottinghamshire),R00222
RDF,Radcliffe (Nottinghamshire),R00336
RDF,Radcliffe (Nottinghamshire),R00809
RDF,Radcliffe (Nottinghamshire),R00846
RDG,Reading,R00034
RDG,Reading,R00042
RDG,Reading,R00070
RDG,Reading,R00077
RDG,Reading,R00089
RDG,Reading,R00105
RDG,Reading,R00124
RDG,Reading,R00233
RDG,Reading,R00283
RDG,Reading,R00286
RDG,Reading,R00301
RDG,Reading,R00341
RDG,Reading,R00342
RDG,Reading,R00362
RDG,Reading,R00372
RDG,Reading,R00387
RDG,Reading,R00401
RDG,Reading,R00455
RDG,Reading,R00465
RDG,Reading,R00490
RDG,Reading,R00498
RDG,Reading,R00504
RDG,Reading,R00550
RDG,Reading,R00582
RDG,Reading,R00600
RDG,Reading,R00665
RDG,Reading,R00726
RDG,Reading,R00741
RDG,Reading,R00780
RDG,Reading,R00851
RDG,Reading,R00875
RDG,Reading,R00917
RDG,Reading,R00918
RDG,Reading,R00927
RDG,Reading,R00941
RDG,Reading,R00964
RDG,Reading,R00966
RDG,Reading,R00984
RDG,Reading,R00989
RDG,Reading,R00991
RDG,Reading,R01037
RDG,Reading,R01056
RDG,Reading,R01057
RDG,Reading,R01151
RDG,Reading,R01217
RDG,Reading,R01222
RDG,Reading,R01235
RDG,Reading,R01237
RDG,Reading,R01246
RDG,Reading,R01263
RDG,Reading,R01298
RDG,Reading,R01299
RDG,Reading,R01373
RDG,Reading,R01374
RDG,Reading,R01381
RDG,Reading,R01416
RDG,Reading,R01445
RDG,Reading,R01458
RDG,Reading,R01581
RDG,Reading,R01644
RDG,Reading,R01652
RDG,Reading,R01657
RDG,Reading,R01658
RDG,Reading,R01665
RDG,Reading,R01669
RDG,Reading,R01712
RDG,Reading,R01719
RDG,Reading,R01723
RDG,Reading,R01731
RDG,Reading,R01732
RDG,Reading,R01733
RDG,Reading,R01740
RDG,Reading,R01763
RDG,Reading,R01777
RDG,Reading,R01829
RDG,Reading,R01877
RDG,Reading,R01943
RDG,Reading,R01958
RDG,Reading,R01962
RDG,Reading,R02067
RDG,Reading,R02068
RDH,Redhill,R00199
RDH,Redhill,R00217
RDH,Redhill,R00233
RDH,Redhill,R00238
RDH,Redhill,R00271
RDH,Redhill,R00282
RDH,Redhill,R00422
RDH,Redhill,R00427
RDH,Redhill,R00451
RDH,Redhill,R00452
RDH,Redhill,R00674
RDH,Redhill,R00676
RDH,Redhill,R00727
RDH,Redhill,R00751
RDH,Redhill,R00860
RDH,Redhill,R00927
RDH,Redhill,R00968
RDH,Redhill,R00972
RDH,Redhill,R01171
RDH,Redhill,R01180
RDH,Redhill,R01187
RDH,Redhill,R01240
RDH,Redhill,R01241
RDH,Redhill,R01262
RDH,Redhill,R01264
RDH,Redhill,R01272
RDH,Redhill,R01287
RDH,Redhill,R01290
RDH,Redhill,R01291
RDH,Redhill,R01445
RDH,Redhill,R01476
RDH,Redhill,R01600
RDH,Redhill,R01628
RDH,Redhill,R01689
RDH,Redhill,R01729
RDH,Redhill,R01736
RDH,Redhill,R01755
RDH,Redhill,R01776
RDH,Redhill,R01780
RDH,Redhill,R01898
RDH,Redhill,R01907
RDH,Redhill,R01910
RDH,Redhill,R01939
RDH,Redhill,R01992
RDM,Riding Mill,R00324
RDM,Riding Mill,R01107
RDM,Riding Mill,R01111
RDM,Riding Mill,R01114
RDM,Riding Mill,R01118
RDM,Riding Mill,R01523
RDN,Reddish North,R00063
RDN,Reddish North,R00290
RDN,Reddish North,R00693
RDN,Reddish North,R00771
RDN,Reddish North,R00772
RDN,Reddish North,R00790
RDN,Reddish North,R00963
RDN,Reddish North,R01073
RDN,Reddish North,R01082
RDN,Reddish North,R01085
RDN,Reddish North,R01452
RDN,Reddish North,R01968
RDR,Radyr,R00594
RDR,Radyr,R00766
RDR,Radyr,R00925
RDR,Radyr,R01206
RDR,Radyr,R01364
RDR,Radyr,R01643
RDR,Radyr,R01698
RDR,Radyr,R01809
RDT,Radlett,R00002
RDT,Radlett,R00076
RDT,Radlett,R00079
RDT,Radlett,R00156
RDT,Radlett,R00188
RDT,Radlett,R00298
RDT,Radlett,R00398
RDT,Radlett,R00416
RDT,Radlett,R00506
RDT,Radlett,R00762
RDT,Radlett,R00968
RDT,Radlett,R00972
RDT,Radlett,R00992
RDT,Radlett,R01076
RDT,Radlett,R01180
RDT,Radlett,R01241
RDT,Radlett,R01450
RDT,Radlett,R01600
RDT,Radlett,R01628
RDT,Radlett,R01724
RDW,Reading West,R00034
RDW,Reading West,R00490
RDW,Reading West,R00726
RDW,Reading West,R00851
RDW,Reading West,R00941
RDW,Reading West,R01057
RDW,Reading West,R01373
RDW,Reading West,R01669
RDZ,,R00422
RDZ,,R00427
RDZ,,R00797
RDZ,,R00798
RDZ,,R00811
RDZ,,R00855
RDZ,,R00927
RDZ,,R01187
RDZ,,R01287
RDZ,,R01290
RDZ,,R01291
RDZ,,R01476
REC,Rectory Road,R00215
REC,Rectory Road,R01286
REC,Rectory Road,R01685
RED,Redruth,R00034
RED,Redruth,R00321
RED,Redruth,R00346
RED,Redruth,R00350
RED,Redruth,R00351
RED,Redruth,R00442
RED,Redruth,R00455
RED,Redruth,R00550
RED,Redruth,R01246
RED,Redruth,R01325
RED,Redruth,R01381
RED,Redruth,R01784
RED,Redruth,R01819
REE,Reedham (Norfolk),R00203
REE,Reedham (Norfolk),R00492
REE,Reedham (Norfolk),R00787
REE,Reedham (Norfolk),R01268
REE,Reedham (Norfolk),R01288
REE,Reedham (Norfolk),R01335
REE,Reedham (Norfolk),R01477
REE,Reedham (Norfolk),R01483
REE,Reedham (Norfolk),R01900
REE,Reedham (Norfolk),R01901
REG,,R00546
REG,,R00556
REG,,R00572
REG,,R00679
REI,Reigate,R00233
REI,Reigate,R00238
REI,Reigate,R00282
REI,Reigate,R00422
REI,Reigate,R00427
REI,Reigate,R00452
REI,Reigate,R00676
REI,Reigate,R00860
REI,Reigate,R00927
REI,Reigate,R01187
REI,Reigate,R01287
REI,Reigate,R01290
REI,Reigate,R01291
REI,Reigate,R01445
REI,Reigate,R01476
RET,Retford,R00064
RET,Retford,R00066
RET,Retford,R00073
RET,Retford,R00082
RET,Retford,R00094
RET,Retford,R00321
RET,Retford,R00328
RET,Retford,R00359
RET,Retford,R00361
RET,Retford,R00365
RET,Retford,R00370
RET,Retford,R00464
RET,Retford,R00465
RET,Retford,R00470
RET,Retford,R00477
RET,Retford,R00485
RET,Retford,R00496
RET,Retford,R00507
RET,Retford,R00689
RET,Retford,R00690
RET,Retford,R00749
RET,Retford,R01494
RET,Retford,R01686
RET,Retford,R01687
RET,Retford,R01753
RFD,Rochford,R00832
RFD,Rochford,R00898
RFD,Rochford,R01653
RFY,Rock Ferry,R00500
RFY,Rock Ferry,R00502
RFY,Rock Ferry,R00505
RFY,Rock Ferry,R00511
RFY,Rock Ferry,R00558
RGL,Rugeley Trent Valley,R00056
RGL,Rugeley Trent Valley,R00114
RGL,Rugeley Trent Valley,R00311
RGL,Rugeley Trent Valley,R00820
RGL,Rugeley Trent Valley,R00845
RGL,Rugeley Trent Valley,R00863
RGL,Rugeley Trent Valley,R00907
RGL,Rugeley Trent Valley,R01002
RGL,Rugeley Trent Valley,R01004
RGL,Rugeley Trent Valley,R01077
RGL,Rugeley Trent Valley,R01307
RGL,Rugeley Trent Valley,R01497
RGL,Rugeley Trent Valley,R01498
RGL,Rugeley Trent Valley,R01697
RGL,Rugeley Trent Valley,R01834
RGL,Rugeley Trent Valley,R01905
RGL,Rugeley Trent Valley,R02086
RGP,Reading Green Park,R00490
RGP,Reading Green Park,R00741
RGP,Reading Green Park,R00851
RGT,Rugeley Town,R00863
RGT,Rugeley Town,R00907
RGT,Rugeley Town,R01002
RGT,Rugeley Town,R01004
RGT,Rugeley Town,R01497
RGT,Rugeley Town,R01498
RGT,Rugeley Town,R01834
RGW,Ramsgreave & Wilpshire,R00101
RGW,Ramsgreave & Wilpshire,R00337
RGW,Ramsgreave & Wilpshire,R00340
RGW,Ramsgreave & Wilpshire,R01460
RHD,Ribblehead,R00374
RHD,Ribblehead,R00827
RHD,Ribblehead,R01125
RHD,Ribblehead,R01274
RHD,Ribblehead,R01717
RHI,Rhiwbina,R00570
RHI,Rhiwbina,R00573
RHI,Rhiwbina,R01232
RHL,Rhyl,R00056
RHL,Rhyl,R00058
RHL,Rhyl,R00418
RHL,Rhyl,R00568
RHL,Rhyl,R00578
RHL,Rhyl,R00579
RHL,Rhyl,R00590
RHL,Rhyl,R00592
RHL,Rhyl,R00760
RHL,Rhyl,R00902
RHL,Rhyl,R01047
RHL,Rhyl,R01307
RHL,Rhyl,R01518
RHL,Rhyl,R01526
RHL,Rhyl,R01552
RHL,Rhyl,R01710
RHM,Reedham (London),R00956
RHM,Reedham (London),R01012
RHO,Rhosneigr,R00418
RHO,Rhosneigr,R00590
RHO,Rhosneigr,R00592
RHO,Rhosneigr,R01518
RHO,Rhosneigr,R01526
RHU,,R02058
RHY,Rhymney,R00080
RHY,Rhymney,R00266
RHY,Rhymney,R00278
RHY,Rhymney,R00605
RHY,Rhymney,R00709
RHY,Rhymney,R00840
RIA,Rhoose Cardiff Airport,R00080
RIA,Rhoose Cardiff Airport,R00266
RIA,Rhoose Cardiff Airport,R00339
RIA,Rhoose Cardiff Airport,R00840
RIA,Rhoose Cardiff Airport,R01109
RIA,Rhoose Cardiff Airport,R01120
RIC,Rickmansworth,R00017
RIC,Rickmansworth,R01308
RIC,Rickmansworth,R01410
RID,Ridgmont,R00173
RID,Ridgmont,R00178
RIL,Rice Lane,R00551
RIL,Rice Lane,R00553
RIS,Rishton,R00836
RIS,Rishton,R01320
RKT,Ruskington,R00109
RKT,Ruskington,R00113
RKT,Ruskington,R00117
RKT,Ruskington,R00165
RLG,Rayleigh,R00832
RLG,Rayleigh,R00898
RLG,Rayleigh,R01653
RLN,Rowlands Castle,R00643
RLN,Rowlands Castle,R00657
RLN,Rowlands Castle,R00725
RLN,Rowlands Castle,R00737
RLN,Rowlands Castle,R00753
RLN,Rowlands Castle,R01068
RLN,Rowlands Castle,R01070
RLN,Rowlands Castle,R01083
RLN,Rowlands Castle,R01505
RLN,Rowlands Castle,R01774
RLN,Rowlands Castle,R01791
RMB,Roman Bridge,R01831
RMB,Roman Bridge,R01832
RMC,Rotherham Central,R00006
RMC,Rotherham Central,R00062
RMC,Rotherham Central,R00063
RMC,Rotherham Central,R00111
RMC,Rotherham Central,R00260
RMC,Rotherham Central,R00303
RMC,Rotherham Central,R00335
RMC,Rotherham Central,R00582
RMC,Rotherham Central,R00765
RMC,Rotherham Central,R00839
RMC,Rotherham Central,R00949
RMC,Rotherham Central,R01377
RMC,Rotherham Central,R01396
RMC,Rotherham Central,R01411
RMC,Rotherham Central,R01527
RMC,Rotherham Central,R01638
RMC,Rotherham Central,R01726
RMC,Rotherham Central,R01727
RMD,Richmond,R00301
RMD,Richmond,R00645
RMD,Richmond,R00699
RMD,Richmond,R00715
RMD,Richmond,R00718
RMD,Richmond,R00797
RMD,Richmond,R00798
RMD,Richmond,R00802
RMD,Richmond,R00804
RMD,Richmond,R00807
RMD,Richmond,R00861
RMD,Richmond,R00864
RMD,Richmond,R00957
RMD,Richmond,R00980
RMD,Richmond,R00987
RMD,Richmond,R01051
RMD,Richmond,R01064
RMD,Richmond,R01103
RMD,Richmond,R01978
RMF,Romford,R00207
RMF,Romford,R00261
RMF,Romford,R00263
RMF,Romford,R00323
RMF,Romford,R00832
RMF,Romford,R00850
RMF,Romford,R00881
RMF,Romford,R00882
RMF,Romford,R00888
RMF,Romford,R00898
RMF,Romford,R01038
RMF,Romford,R01184
RMF,Romford,R01431
RMF,Romford,R01595
RMF,Romford,R01653
RMF,Romford,R01692
RMF,Romford,R01891
RMK,,R02018
RMK,,R02031
RML,Romiley,R00063
RML,Romiley,R00290
RML,Romiley,R00520
RML,Romiley,R00693
RML,Romiley,R00771
RML,Romiley,R00772
RML,Romiley,R00781
RML,Romiley,R00790
RML,Romiley,R00963
RML,Romiley,R01073
RML,Romiley,R01075
RML,Romiley,R01081
RML,Romiley,R01082
RML,Romiley,R01085
RML,Romiley,R01452
RML,Romiley,R01679
RML,Romiley,R01968
RNF,Rainford,R01053
RNF,Rainford,R01154
RNF,Rainford,R01161
RNH,Rainhill,R00130
RNH,Rainhill,R00454
RNH,Rainhill,R00473
RNH,Rainhill,R00587
RNH,Rainhill,R00640
RNH,Rainhill,R00944
RNH,Rainhill,R01061
RNH,Rainhill,R01892
RNH,Rainhill,R01952
RNH,Rainhill,R02032
RNH,Rainhill,R02039
RNM,Rainham (Essex),R00137
RNM,Rainham (Essex),R00384
RNM,Rainham (Essex),R01094
RNM,Rainham (Essex),R01096
RNM,Rainham (Essex),R01625
RNM,Rainham (Essex),R01897
RNM,Rainham (Essex),R01903
RNM,Rainham (Essex),R02087
RNR,Roughton Road,R00210
RNR,Roughton Road,R00537
RNR,Roughton Road,R00543
RNR,Roughton Road,R00544
ROB,Roby,R00090
ROB,Roby,R00100
ROB,Roby,R00112
ROB,Roby,R00114
ROB,Roby,R00130
ROB,Roby,R00206
ROB,Roby,R00213
ROB,Roby,R00270
ROB,Roby,R00454
ROB,Roby,R00473
ROB,Roby,R00587
ROB,Roby,R00640
ROB,Roby,R00944
ROB,Roby,R01061
ROB,Roby,R01626
ROB,Roby,R01892
ROB,Roby,R01915
ROB,Roby,R01952
ROB,Roby,R02032
ROB,Roby,R02039
ROC,Roche,R01417
ROC,Roche,R01418
ROC,Roche,R01420
ROC,Roche,R01422
ROC,Roche,R01423
ROE,Rotherhithe,R00003
ROE,Rotherhithe,R00010
ROE,Rotherhithe,R00020
ROE,Rotherhithe,R00021
ROE,Rotherhithe,R00024
ROE,Rotherhithe,R00075
ROE,Rotherhithe,R00717
ROG,Rogart,R01156
ROG,Rogart,R01157
ROG,Rogart,R01159
ROL,Rolleston,R00459
ROL,Rolleston,R00513
ROL,Rolleston,R00764
ROL,Rolleston,R01207
ROL,Rolleston,R01403
ROL,Rolleston,R01425
ROL,Rolleston,R01427
ROL,Rolleston,R01428
ROM,Romsey,R00348
ROM,Romsey,R00985
ROM,Romsey,R01027
ROM,Romsey,R01035
ROM,Romsey,R01246
ROM,Romsey,R01444
ROM,Romsey,R01479
ROM,Romsey,R01667
ROM,Romsey,R01712
ROM,Romsey,R01715
ROM,Romsey,R01889
ROM,Romsey,R01890
ROO,Roose,R00142
ROO,Roose,R00457
ROO,Roose,R00640
ROO,Roose,R00817
ROO,Roose,R01018
ROO,Roose,R01242
ROO,Roose,R01622
ROO,Roose,R01966
ROR,Rogerstone,R00280
ROR,Rogerstone,R00601
ROR,Rogerstone,R00824
ROR,Rogerstone,R01746
ROR,Rogerstone,R01999
ROS,Rosyth,R00048
ROS,Rosyth,R00098
ROS,Rosyth,R00356
ROS,Rosyth,R00357
ROS,Rosyth,R00574
ROS,Rosyth,R00619
ROS,Rosyth,R01152
ROS,Rosyth,R01244
ROT,,R01089
ROT,,R01296
ROW,Rowley Regis,R00004
ROW,Rowley Regis,R00023
ROW,Rowley Regis,R00088
ROW,Rowley Regis,R00115
ROW,Rowley Regis,R00126
ROW,Rowley Regis,R00246
ROW,Rowley Regis,R00396
ROW,Rowley Regis,R00455
ROW,Rowley Regis,R00768
ROW,Rowley Regis,R00773
ROW,Rowley Regis,R00775
ROW,Rowley Regis,R00776
ROW,Rowley Regis,R00880
ROW,Rowley Regis,R00883
ROW,Rowley Regis,R00896
ROW,Rowley Regis,R00901
ROW,Rowley Regis,R01106
ROW,Rowley Regis,R01188
ROW,Rowley Regis,R01508
ROW,Rowley Regis,R01585
ROW,Rowley Regis,R01899
ROW,Rowley Regis,R01924
RRB,Ryder Brow,R00290
RRB,Ryder Brow,R00693
RRB,Ryder Brow,R00790
RRB,Ryder Brow,R00963
RRB,Ryder Brow,R01082
RRB,Ryder Brow,R01085
RRN,Robroyston,R01675
RRN,Robroyston,R01833
RRN,Robroyston,R01849
RSB,,R00554
RSB,,R00555
RSG,Rose Grove,R00249
RSG,Rose Grove,R00277
RSG,Rose Grove,R00836
RSG,Rose Grove,R01320
RSG,Rose Grove,R01804
RSH,Rose Hill Marple,R00520
RSH,Rose Hill Marple,R00781
RSH,Rose Hill Marple,R01075
RSH,Rose Hill Marple,R01081
RSN,Reston,R00073
RSN,Reston,R00305
RSN,Reston,R00313
RSN,Reston,R00321
RSN,Reston,R00344
RSN,Reston,R00354
RSN,Reston,R00455
RSN,Reston,R00464
RSN,Reston,R00470
RSN,Reston,R00486
RSN,Reston,R00582
RSN,Reston,R00690
RSN,Reston,R00749
RSN,Reston,R00935
RSN,Reston,R00948
RSN,Reston,R01169
RTN,Renton,R00289
RTN,Renton,R00375
RTN,Renton,R01173
RTN,Renton,R01805
RTN,Renton,R01807
RTR,Rochester,R00014
RTR,Rochester,R00076
RTR,Rochester,R00079
RTR,Rochester,R00092
RTR,Rochester,R00125
RTR,Rochester,R00188
RTR,Rochester,R00343
RTR,Rochester,R00345
RTR,Rochester,R00413
RTR,Rochester,R00437
RTR,Rochester,R00469
RTR,Rochester,R00491
RTR,Rochester,R00514
RTR,Rochester,R00731
RTR,Rochester,R00854
RTR,Rochester,R00856
RTR,Rochester,R00971
RTR,Rochester,R00972
RTR,Rochester,R01333
RTR,Rochester,R01338
RTR,Rochester,R01466
RTR,Rochester,R01503
RTR,Rochester,R01568
RTR,Rochester,R01615
RTR,Rochester,R01627
RTR,Rochester,R01655
RTR,Rochester,R01682
RTR,Rochester,R01702
RTR,Rochester,R01967
RTR,Rochester,R01969
RTR,Rochester,R01971
RTR,Rochester,R01975
RTR,Rochester,R01976
RTY,,R01582
RTY,,R01583
RTY,,R01742
RUA,Ruabon,R00058
RUA,Ruabon,R00561
RUA,Ruabon,R00579
RUA,Ruabon,R00590
RUA,Ruabon,R00592
RUA,Ruabon,R01047
RUA,Ruabon,R01063
RUA,Ruabon,R01307
RUA,Ruabon,R01874
RUE,Runcorn East,R00058
RUE,Runcorn East,R00349
RUE,Runcorn East,R00352
RUE,Runcorn East,R00418
RUE,Runcorn East,R00568
RUE,Runcorn East,R00579
RUE,Runcorn East,R00891
RUE,Runcorn East,R00897
RUE,Runcorn East,R01552
RUE,Runcorn East,R01789
RUE,Runcorn East,R02039
RUF,Rufford,R01282
RUF,Rufford,R01542
RUG,Rugby,R00056
RUG,Rugby,R00077
RUG,Rugby,R00102
RUG,Rugby,R00104
RUG,Rugby,R00114
RUG,Rugby,R00283
RUG,Rugby,R00286
RUG,Rugby,R00311
RUG,Rugby,R00314
RUG,Rugby,R00589
RUG,Rugby,R00602
RUG,Rugby,R00638
RUG,Rugby,R00704
RUG,Rugby,R00816
RUG,Rugby,R00820
RUG,Rugby,R00838
RUG,Rugby,R00843
RUG,Rugby,R00845
RUG,Rugby,R00863
RUG,Rugby,R00964
RUG,Rugby,R01055
RUG,Rugby,R01077
RUG,Rugby,R01102
RUG,Rugby,R01181
RUG,Rugby,R01267
RUG,Rugby,R01280
RUG,Rugby,R01281
RUG,Rugby,R01307
RUG,Rugby,R01514
RUG,Rugby,R01515
RUG,Rugby,R01522
RUG,Rugby,R01553
RUG,Rugby,R01691
RUG,Rugby,R01697
RUG,Rugby,R01706
RUG,Rugby,R01905
RUG,Rugby,R02086
RUN,Runcorn,R00056
RUN,Runcorn,R00311
RUN,Runcorn,R00561
RUN,Runcorn,R00565
RUN,Runcorn,R00579
RUN,Runcorn,R00760
RUN,Runcorn,R00939
RUN,Runcorn,R01047
RUN,Runcorn,R01054
RUN,Runcorn,R01198
RUN,Runcorn,R01247
RUN,Runcorn,R01251
RUN,Runcorn,R01256
RUN,Runcorn,R01259
RUN,Runcorn,R01457
RUS,Ruswarp,R00934
RUS,Ruswarp,R00936
RUS,Ruswarp,R00937
RUS,Ruswarp,R00983
RUS,Ruswarp,R01305
RUS,Ruswarp,R01911
RUS,Ruswarp,R02019
RUT,Rutherglen,R00378
RUT,Rutherglen,R00480
RUT,Rutherglen,R00858
RUT,Rutherglen,R00988
RUT,Rutherglen,R01021
RUT,Rutherglen,R01136
RUT,Rutherglen,R01137
RUT,Rutherglen,R01199
RUT,Rutherglen,R01579
RUT,Rutherglen,R01790
RUT,Rutherglen,R01792
RUT,Rutherglen,R01808
RVB,Ravensbourne,R00002
RVB,Ravensbourne,R00076
RVB,Ravensbourne,R00092
RVB,Ravensbourne,R00221
RVB,Ravensbourne,R00437
RVB,Ravensbourne,R00469
RVB,Ravensbourne,R00854
RVB,Ravensbourne,R00856
RVB,Ravensbourne,R00862
RVB,Ravensbourne,R00913
RVB,Ravensbourne,R00971
RVB,Ravensbourne,R01099
RVB,Ravensbourne,R01283
RVB,Ravensbourne,R01333
RVB,Ravensbourne,R01575
RVB,Ravensbourne,R01627
RVB,Ravensbourne,R01655
RVB,Ravensbourne,R01682
RVB,Ravensbourne,R01737
RVB,Ravensbourne,R01739
RVB,Ravensbourne,R02072
RVN,Ravensthorpe,R00063
RVN,Ravensthorpe,R00466
RVN,Ravensthorpe,R00473
RVN,Ravensthorpe,R01388
RVN,Ravensthorpe,R01908
RVN,Ravensthorpe,R02027
RVN,Ravensthorpe,R02044
RWC,Rawcliffe,R00641
RWC,Rawcliffe,R01964
RYB,Roy Bridge,R01140
RYB,Roy Bridge,R01297
RYB,Roy Bridge,R01865
RYB,Roy Bridge,R02062
RYB,Roy Bridge,R02097
RYD,Ryde Esplanade,R01548
RYD,Ryde Esplanade,R01569
RYD,Ryde Esplanade,R01571
RYD,Ryde Esplanade,R01572
RYE,Rye,R00503
RYE,Rye,R00950
RYE,Rye,R00990
RYE,Rye,R01117
RYE,Rye,R01134
RYH,Rye House,R00144
RYH,Rye House,R01203
RYH,Rye House,R01286
RYH,Rye House,R01405
RYH,Rye House,R01993
RYN,Roydon,R00144
RYN,Roydon,R00628
RYN,Roydon,R00791
RYN,Roydon,R00793
RYN,Roydon,R01203
RYN,Roydon,R01210
RYN,Roydon,R01286
RYN,Roydon,R01348
RYN,Roydon,R01887
RYN,Roydon,R02042
RYP,Ryde Pier Head,R00691
RYP,Ryde Pier Head,R00716
RYP,Ryde Pier Head,R01548
RYP,Ryde Pier Head,R01569
RYP,Ryde Pier Head,R01571
RYP,Ryde Pier Head,R01572
RYR,Ryde St Johns Road,R01547
RYR,Ryde St Johns Road,R01548
RYR,Ryde St Johns Road,R01569
RYR,Ryde St Johns Road,R01571
RYR,Ryde St Johns Road,R01572
RYS,Royston,R00073
RYS,Royston,R00129
RYS,Royston,R00271
RYS,Royston,R00319
RYS,Royston,R00620
RYS,Royston,R00628
RYS,Royston,R00660
RYS,Royston,R00749
RYS,Royston,R00819
RYS,Royston,R00968
RYS,Royston,R00970
RYS,Royston,R01311
RYS,Royston,R01494
RYS,Royston,R01869
SAA,St Albans Abbey,R00056
SAA,St Albans Abbey,R01234
SAA,St Albans Abbey,R01437
SAA,St Albans Abbey,R01439
SAB,Smallbrook Junction,R01547
SAB,Smallbrook Junction,R01548
SAB,Smallbrook Junction,R01572
SAC,St Albans,R00002
SAC,St Albans,R00076
SAC,St Albans,R00079
SAC,St Albans,R00097
SAC,St Albans,R00156
SAC,St Albans,R00188
SAC,St Albans,R00271
SAC,St Albans,R00296
SAC,St Albans,R00298
SAC,St Albans,R00299
SAC,St Albans,R00304
SAC,St Albans,R00398
SAC,St Albans,R00416
SAC,St Albans,R00459
SAC,St Albans,R00506
SAC,St Albans,R00727
SAC,St Albans,R00762
SAC,St Albans,R00810
SAC,St Albans,R00968
SAC,St Albans,R00972
SAC,St Albans,R00992
SAC,St Albans,R01076
SAC,St Albans,R01180
SAC,St Albans,R01187
SAC,St Albans,R01239
SAC,St Albans,R01241
SAC,St Albans,R01262
SAC,St Albans,R01264
SAC,St Albans,R01272
SAC,St Albans,R01425
SAC,St Albans,R01447
SAC,St Albans,R01450
SAC,St Albans,R01600
SAC,St Albans,R01628
SAC,St Albans,R01654
SAC,St Albans,R01724
SAC,St Albans,R01736
SAC,St Albans,R01755
SAD,Sandwell & Dudley,R00056
SAD,Sandwell & Dudley,R00058
SAD,Sandwell & Dudley,R00102
SAD,Sandwell & Dudley,R00104
SAD,Sandwell & Dudley,R00114
SAD,Sandwell & Dudley,R00283
SAD,Sandwell & Dudley,R00395
SAD,Sandwell & Dudley,R00571
SAD,Sandwell & Dudley,R00579
SAD,Sandwell & Dudley,R00581
SAD,Sandwell & Dudley,R00590
SAD,Sandwell & Dudley,R00602
SAD,Sandwell & Dudley,R00863
SAD,Sandwell & Dudley,R00907
SAD,Sandwell & Dudley,R00916
SAD,Sandwell & Dudley,R00964
SAD,Sandwell & Dudley,R01047
SAD,Sandwell & Dudley,R01055
SAD,Sandwell & Dudley,R01063
SAD,Sandwell & Dudley,R01259
SAD,Sandwell & Dudley,R01546
SAD,Sandwell & Dudley,R01691
SAD,Sandwell & Dudley,R01710
SAD,Sandwell & Dudley,R01734
SAE,Saltaire,R00374
SAE,Saltaire,R00494
SAE,Saltaire,R00827
SAE,Saltaire,R01098
SAE,Saltaire,R01475
SAE,Saltaire,R01555
SAF,Salfords,R00199
SAF,Salfords,R00217
SAF,Salfords,R00233
SAF,Salfords,R00238
SAF,Salfords,R00239
SAF,Salfords,R00248
SAF,Salfords,R00265
SAF,Salfords,R00422
SAF,Salfords,R00452
SAF,Salfords,R00627
SAF,Salfords,R00656
SAF,Salfords,R00660
SAF,Salfords,R00727
SAF,Salfords,R00751
SAF,Salfords,R00927
SAF,Salfords,R00968
SAF,Salfords,R00970
SAF,Salfords,R00972
SAF,Salfords,R01171
SAF,Salfords,R01180
SAF,Salfords,R01187
SAF,Salfords,R01240
SAF,Salfords,R01241
SAF,Salfords,R01262
SAF,Salfords,R01264
SAF,Salfords,R01272
SAF,Salfords,R01287
SAF,Salfords,R01290
SAF,Salfords,R01291
SAF,Salfords,R01367
SAF,Salfords,R01600
SAF,Salfords,R01736
SAF,Salfords,R01780
SAF,Salfords,R01898
SAH,Salhouse,R00210
SAH,Salhouse,R00537
SAH,Salhouse,R00541
SAH,Salhouse,R00543
SAH,Salhouse,R00544
SAI,,R01377
SAI,,R01638
SAJ,St Johns,R00044
SAJ,St Johns,R00046
SAJ,St Johns,R00079
SAJ,St Johns,R00092
SAJ,St Johns,R00122
SAJ,St Johns,R00125
SAJ,St Johns,R00188
SAJ,St Johns,R00212
SAJ,St Johns,R00254
SAJ,St Johns,R00343
SAJ,St Johns,R00469
SAJ,St Johns,R00491
SAJ,St Johns,R00524
SAJ,St Johns,R00526
SAJ,St Johns,R00536
SAJ,St Johns,R00624
SAJ,St Johns,R00654
SAJ,St Johns,R01587
SAJ,St Johns,R01636
SAJ,St Johns,R01639
SAJ,St Johns,R01674
SAJ,St Johns,R01676
SAJ,St Johns,R01745
SAJ,St Johns,R01800
SAJ,St Johns,R01969
SAJ,St Johns,R01975
SAJ,St Johns,R01976
SAL,Salisbury,R00065
SAL,Salisbury,R00067
SAL,Salisbury,R00331
SAL,Salisbury,R00348
SAL,Salisbury,R00430
SAL,Salisbury,R00439
SAL,Salisbury,R00665
SAL,Salisbury,R00670
SAL,Salisbury,R00672
SAL,Salisbury,R00675
SAL,Salisbury,R00677
SAL,Salisbury,R00694
SAL,Salisbury,R00700
SAL,Salisbury,R00710
SAL,Salisbury,R00711
SAL,Salisbury,R00720
SAL,Salisbury,R00722
SAL,Salisbury,R00746
SAL,Salisbury,R00756
SAL,Salisbury,R00761
SAL,Salisbury,R00985
SAL,Salisbury,R01027
SAL,Salisbury,R01035
SAL,Salisbury,R01246
SAL,Salisbury,R01414
SAL,Salisbury,R01444
SAL,Salisbury,R01479
SAL,Salisbury,R01667
SAL,Salisbury,R01712
SAL,Salisbury,R01715
SAL,Salisbury,R01889
SAL,Salisbury,R01890
SAM,Saltmarshe,R00228
SAM,Saltmarshe,R01480
SAM,Saltmarshe,R01620
SAM,Saltmarshe,R01693
SAM,Saltmarshe,R01803
SAM,Saltmarshe,R01950
SAN,Sandown,R01547
SAN,Sandown,R01548
SAN,Sandown,R01572
SAO,,R01228
SAO,,R01277
SAR,St Andrews Road,R00042
SAR,St Andrews Road,R00070
SAR,St Andrews Road,R00430
SAR,St Andrews Road,R01214
SAR,St Andrews Road,R01361
SAS,St Annes-On-The-Sea,R01321
SAS,St Annes-On-The-Sea,R01484
SAS,St Annes-On-The-Sea,R01580
SAT,South Acton,R00252
SAT,South Acton,R00258
SAT,South Acton,R00859
SAT,South Acton,R01071
SAT,South Acton,R01095
SAT,South Acton,R01567
SAU,St Austell,R00034
SAU,St Austell,R00321
SAU,St Austell,R00346
SAU,St Austell,R00350
SAU,St Austell,R00351
SAU,St Austell,R00455
SAU,St Austell,R00550
SAU,St Austell,R01246
SAU,St Austell,R01325
SAU,St Austell,R01381
SAU,St Austell,R01417
SAU,St Austell,R01784
SAU,St Austell,R01819
SAU,St Austell,R02008
SAV,Stratford-upon-Avon,R00115
SAV,Stratford-upon-Avon,R00126
SAV,Stratford-upon-Avon,R00246
SAV,Stratford-upon-Avon,R00397
SAV,Stratford-upon-Avon,R00400
SAV,Stratford-upon-Avon,R00768
SAV,Stratford-upon-Avon,R00770
SAV,Stratford-upon-Avon,R00773
SAV,Stratford-upon-Avon,R00775
SAV,Stratford-upon-Avon,R00776
SAV,Stratford-upon-Avon,R00788
SAV,Stratford-upon-Avon,R00892
SAV,Stratford-upon-Avon,R00894
SAV,Stratford-upon-Avon,R00896
SAV,Stratford-upon-Avon,R00901
SAV,Stratford-upon-Avon,R00904
SAV,Stratford-upon-Avon,R01188
SAV,Stratford-upon-Avon,R01486
SAV,Stratford-upon-Avon,R01488
SAV,Stratford-upon-Avon,R01585
SAV,Stratford-upon-Avon,R01924
SAV,Stratford-upon-Avon,R02082
SAW,Sawbridgeworth,R00144
SAW,Sawbridgeworth,R00628
SAW,Sawbridgeworth,R00791
SAW,Sawbridgeworth,R00793
SAW,Sawbridgeworth,R01203
SAW,Sawbridgeworth,R01210
SAW,Sawbridgeworth,R01286
SAW,Sawbridgeworth,R01348
SAW,Sawbridgeworth,R01382
SAW,Sawbridgeworth,R01887
SAW,Sawbridgeworth,R02037
SAX,Saxmundham,R00492
SAX,Saxmundham,R00833
SAX,Saxmundham,R01349
SAY,Swanley,R00014
SAY,Swanley,R00125
SAY,Swanley,R00221
SAY,Swanley,R00343
SAY,Swanley,R00345
SAY,Swanley,R00413
SAY,Swanley,R00437
SAY,Swanley,R00469
SAY,Swanley,R00488
SAY,Swanley,R00489
SAY,Swanley,R00514
SAY,Swanley,R00528
SAY,Swanley,R00539
SAY,Swanley,R00542
SAY,Swanley,R00854
SAY,Swanley,R00856
SAY,Swanley,R00862
SAY,Swanley,R00913
SAY,Swanley,R01099
SAY,Swanley,R01112
SAY,Swanley,R01283
SAY,Swanley,R01333
SAY,Swanley,R01466
SAY,Swanley,R01501
SAY,Swanley,R01615
SAY,Swanley,R01627
SAY,Swanley,R01655
SAY,Swanley,R01682
SAY,Swanley,R01737
SAY,Swanley,R01739
SAY,Swanley,R01969
SAY,Swanley,R01975
SAY,Swanley,R01976
SAY,Swanley,R02072
SBE,Starbeck,R00614
SBE,Starbeck,R01612
SBE,Starbeck,R02029
SBF,St Budeaux Ferry Road,R00350
SBF,St Budeaux Ferry Road,R00351
SBF,St Budeaux Ferry Road,R00455
SBF,St Budeaux Ferry Road,R00550
SBF,St Budeaux Ferry Road,R01325
SBF,St Budeaux Ferry Road,R01381
SBF,St Budeaux Ferry Road,R01448
SBF,St Budeaux Ferry Road,R01473
SBF,St Budeaux Ferry Road,R02034
SBJ,Stourbridge Junction,R00004
SBJ,Stourbridge Junction,R00023
SBJ,Stourbridge Junction,R00088
SBJ,Stourbridge Junction,R00115
SBJ,Stourbridge Junction,R00126
SBJ,Stourbridge Junction,R00246
SBJ,Stourbridge Junction,R00396
SBJ,Stourbridge Junction,R00455
SBJ,Stourbridge Junction,R00768
SBJ,Stourbridge Junction,R00773
SBJ,Stourbridge Junction,R00775
SBJ,Stourbridge Junction,R00776
SBJ,Stourbridge Junction,R00880
SBJ,Stourbridge Junction,R00883
SBJ,Stourbridge Junction,R00896
SBJ,Stourbridge Junction,R00901
SBJ,Stourbridge Junction,R01106
SBJ,Stourbridge Junction,R01188
SBJ,Stourbridge Junction,R01508
SBJ,Stourbridge Junction,R01585
SBJ,Stourbridge Junction,R01899
SBJ,Stourbridge Junction,R01924
SBK,South Bank,R00409
SBK,South Bank,R00466
SBK,South Bank,R00486
SBK,South Bank,R00578
SBK,South Bank,R00662
SBK,South Bank,R00847
SBK,South Bank,R01284
SBK,South Bank,R01533
SBK,South Bank,R01863
SBK,South Bank,R01908
SBK,South Bank,R01909
SBK,South Bank,R02045
SBM,South Bermondsey,R00054
SBM,South Bermondsey,R00403
SBM,South Bermondsey,R00695
SBM,South Bermondsey,R00762
SBM,South Bermondsey,R00951
SBM,South Bermondsey,R01029
SBM,South Bermondsey,R01036
SBM,South Bermondsey,R01116
SBP,Stonebridge Park,R00008
SBP,Stonebridge Park,R00016
SBP,Stonebridge Park,R00150
SBP,Stonebridge Park,R00224
SBP,Stonebridge Park,R00236
SBP,Stonebridge Park,R00315
SBP,Stonebridge Park,R00382
SBP,Stonebridge Park,R00795
SBP,Stonebridge Park,R00822
SBP,Stonebridge Park,R01603
SBR,Spean Bridge,R00625
SBR,Spean Bridge,R01140
SBR,Spean Bridge,R01297
SBR,Spean Bridge,R01865
SBR,Spean Bridge,R02062
SBR,Spean Bridge,R02097
SBS,St Bees,R00142
SBS,St Bees,R00376
SBS,St Bees,R00391
SBS,St Bees,R00394
SBS,St Bees,R00814
SBS,St Bees,R00817
SBS,St Bees,R01018
SBS,St Bees,R01242
SBT,Stourbridge Town,R00735
SBU,Southbury,R00215
SBU,Southbury,R01286
SBV,St Budeaux Victoria Road,R00777
SBV,St Budeaux Victoria Road,R00778
SBV,St Budeaux Victoria Road,R00779
SBY,Selby,R00027
SBY,Selby,R00073
SBY,Selby,R00078
SBY,Selby,R00082
SBY,Selby,R00228
SBY,Selby,R00307
SBY,Selby,R00316
SBY,Selby,R00317
SBY,Selby,R00358
SBY,Selby,R00409
SBY,Selby,R00460
SBY,Selby,R00466
SBY,Selby,R00769
SBY,Selby,R01060
SBY,Selby,R01195
SBY,Selby,R01355
SBY,Selby,R01398
SBY,Selby,R01400
SBY,Selby,R01404
SBY,Selby,R01480
SBY,Selby,R01605
SBY,Selby,R01623
SBY,Selby,R01686
SBY,Selby,R01687
SBY,Selby,R01714
SBY,Selby,R01721
SBY,Selby,R01766
SBY,Selby,R01767
SBY,Selby,R01973
SBY,Selby,R02009
SBY,Selby,R02083
SBY,Selby,R02085
SCA,Scarborough,R00228
SCA,Scarborough,R00312
SCA,Scarborough,R00317
SCA,Scarborough,R00326
SCA,Scarborough,R00449
SCA,Scarborough,R00450
SCA,Scarborough,R00462
SCA,Scarborough,R00640
SCA,Scarborough,R01407
SCA,Scarborough,R01485
SCA,Scarborough,R01695
SCB,,R01956
SCB,,R01959
SCF,Stechford,R00056
SCF,Stechford,R00058
SCF,Stechford,R00077
SCF,Stechford,R00102
SCF,Stechford,R00104
SCF,Stechford,R00114
SCF,Stechford,R00283
SCF,Stechford,R00286
SCF,Stechford,R00498
SCF,Stechford,R00571
SCF,Stechford,R00579
SCF,Stechford,R00590
SCF,Stechford,R00602
SCF,Stechford,R00638
SCF,Stechford,R00704
SCF,Stechford,R00780
SCF,Stechford,R00816
SCF,Stechford,R00843
SCF,Stechford,R00863
SCF,Stechford,R00899
SCF,Stechford,R00907
SCF,Stechford,R00916
SCF,Stechford,R00964
SCF,Stechford,R00966
SCF,Stechford,R01002
SCF,Stechford,R01004
SCF,Stechford,R01055
SCF,Stechford,R01063
SCF,Stechford,R01102
SCF,Stechford,R01153
SCF,Stechford,R01280
SCF,Stechford,R01515
SCF,Stechford,R01522
SCF,Stechford,R01546
SCF,Stechford,R01691
SCF,Stechford,R01734
SCG,Stone Crossing,R00014
SCG,Stone Crossing,R00076
SCG,Stone Crossing,R00079
SCG,Stone Crossing,R00092
SCG,Stone Crossing,R00188
SCG,Stone Crossing,R00491
SCG,Stone Crossing,R00516
SCG,Stone Crossing,R00536
SCG,Stone Crossing,R00610
SCG,Stone Crossing,R00971
SCG,Stone Crossing,R00972
SCG,Stone Crossing,R01338
SCG,Stone Crossing,R01502
SCG,Stone Crossing,R01503
SCG,Stone Crossing,R01800
SCH,Scotstounhill,R00106
SCH,Scotstounhill,R00179
SCH,Scotstounhill,R00287
SCH,Scotstounhill,R00375
SCH,Scotstounhill,R00378
SCH,Scotstounhill,R00858
SCH,Scotstounhill,R01021
SCH,Scotstounhill,R01136
SCH,Scotstounhill,R01137
SCH,Scotstounhill,R01173
SCH,Scotstounhill,R01297
SCH,Scotstounhill,R01579
SCH,Scotstounhill,R01808
SCH,Scotstounhill,R01844
SCH,Scotstounhill,R01879
SCN,,R00813
SCN,,R01182
SCR,St Columb Road,R01417
SCR,St Columb Road,R01418
SCR,St Columb Road,R01420
SCR,St Columb Road,R01421
SCR,St Columb Road,R01424
SCS,Starcross,R00371
SCS,Starcross,R00372
SCS,Starcross,R00550
SCS,Starcross,R00609
SCS,Starcross,R01381
SCS,Starcross,R01984
SCS,Starcross,R01987
SCS,Starcross,R01989
SCT,Scotscalder,R01156
SCT,Scotscalder,R01157
SCT,Scotscalder,R01159
SCU,Scunthorpe,R00061
SCU,Scunthorpe,R00062
SCU,Scunthorpe,R00063
SCU,Scunthorpe,R00640
SCU,Scunthorpe,R00765
SCU,Scunthorpe,R01396
SCU,Scunthorpe,R01576
SCU,Scunthorpe,R01726
SCY,South Croydon,R00091
SCY,South Croydon,R00097
SCY,South Croydon,R00217
SCY,South Croydon,R00238
SCY,South Croydon,R00239
SCY,South Croydon,R00241
SCY,South Croydon,R00248
SCY,South Croydon,R00253
SCY,South Croydon,R00265
SCY,South Croydon,R00271
SCY,South Croydon,R00282
SCY,South Croydon,R00452
SCY,South Croydon,R00575
SCY,South Croydon,R00627
SCY,South Croydon,R00656
SCY,South Croydon,R00660
SCY,South Croydon,R00666
SCY,South Croydon,R00667
SCY,South Croydon,R00674
SCY,South Croydon,R00676
SCY,South Croydon,R00727
SCY,South Croydon,R00860
SCY,South Croydon,R00968
SCY,South Croydon,R00972
SCY,South Croydon,R01016
SCY,South Croydon,R01171
SCY,South Croydon,R01180
SCY,South Croydon,R01187
SCY,South Croydon,R01241
SCY,South Croydon,R01252
SCY,South Croydon,R01257
SCY,South Croydon,R01262
SCY,South Croydon,R01264
SCY,South Croydon,R01272
SCY,South Croydon,R01278
SCY,South Croydon,R01367
SCY,South Croydon,R01521
SCY,South Croydon,R01565
SCY,South Croydon,R01600
SCY,South Croydon,R01624
SCY,South Croydon,R01736
SCY,South Croydon,R01780
SCY,South Croydon,R01898
SCY,South Croydon,R01910
SCY,South Croydon,R01939
SDA,Snodland,R00188
SDA,Snodland,R00731
SDA,Snodland,R00732
SDA,Snodland,R00733
SDA,Snodland,R00734
SDA,Snodland,R01041
SDA,Snodland,R01568
SDA,Snodland,R02038
SDB,Sandbach,R00056
SDB,Sandbach,R00077
SDB,Sandbach,R00341
SDB,Sandbach,R00527
SDB,Sandbach,R00562
SDB,Sandbach,R00588
SDB,Sandbach,R00592
SDB,Sandbach,R00600
SDB,Sandbach,R00724
SDB,Sandbach,R00758
SDB,Sandbach,R00796
SDB,Sandbach,R00902
SDB,Sandbach,R00964
SDB,Sandbach,R01265
SDB,Sandbach,R01773
SDB,Sandbach,R02086
SDC,Shoreditch High Street,R00003
SDC,Shoreditch High Street,R00010
SDC,Shoreditch High Street,R00020
SDC,Shoreditch High Street,R00021
SDC,Shoreditch High Street,R00024
SDC,Shoreditch High Street,R00075
SDC,Shoreditch High Street,R00717
SDE,Shadwell,R00003
SDE,Shadwell,R00010
SDE,Shadwell,R00020
SDE,Shadwell,R00021
SDE,Shadwell,R00024
SDE,Shadwell,R00075
SDE,Shadwell,R00717
SDF,Saundersfoot,R00077
SDF,Saundersfoot,R00559
SDF,Saundersfoot,R00921
SDF,Saundersfoot,R01266
SDF,Saundersfoot,R01537
SDG,Sandling,R00014
SDG,Sandling,R00125
SDG,Sandling,R00256
SDG,Sandling,R00436
SDG,Sandling,R00542
SDG,Sandling,R00664
SDG,Sandling,R00671
SDG,Sandling,R01587
SDG,Sandling,R01639
SDG,Sandling,R01660
SDG,Sandling,R02015
SDH,Sudbury Hill Harrow,R00039
SDH,Sudbury Hill Harrow,R00041
SDH,Sudbury Hill Harrow,R00060
SDH,Sudbury Hill Harrow,R00095
SDH,Sudbury Hill Harrow,R00134
SDH,Sudbury Hill Harrow,R00146
SDH,Sudbury Hill Harrow,R00429
SDH,Sudbury Hill Harrow,R02041
SDI,,R00256
SDI,,R00436
SDI,,R01090
SDI,,R01568
SDI,,R01587
SDI,,R01618
SDI,,R01637
SDI,,R01639
SDI,,R01660
SDI,,R01967
SDI,,R01969
SDI,,R01971
SDI,,R01975
SDI,,R01976
SDI,,R01995
SDI,,R01997
SDI,,R02005
SDI,,R02015
SDI,,R02038
SDI,,R02094
SDL,Sandhills,R00551
SDL,Sandhills,R00553
SDL,Sandhills,R00557
SDL,Sandhills,R01003
SDL,Sandhills,R01345
SDL,Sandhills,R01430
SDL,Sandhills,R01611
SDL,Sandhills,R01749
SDL,Sandhills,R01759
SDM,Shieldmuir,R00056
SDM,Shieldmuir,R00090
SDM,Shieldmuir,R00114
SDM,Shieldmuir,R00130
SDM,Shieldmuir,R00183
SDM,Shieldmuir,R00354
SDM,Shieldmuir,R00378
SDM,Shieldmuir,R00581
SDM,Shieldmuir,R00582
SDM,Shieldmuir,R00706
SDM,Shieldmuir,R00871
SDM,Shieldmuir,R01127
SDM,Shieldmuir,R01128
SDM,Shieldmuir,R01145
SDM,Shieldmuir,R01194
SDM,Shieldmuir,R01201
SDM,Shieldmuir,R01281
SDM,Shieldmuir,R01324
SDM,Shieldmuir,R01343
SDM,Shieldmuir,R01369
SDM,Shieldmuir,R01454
SDM,Shieldmuir,R01845
SDM,Shieldmuir,R01905
SDN,St Denys,R00077
SDN,St Denys,R00283
SDN,St Denys,R00286
SDN,St Denys,R00329
SDN,St Denys,R00331
SDN,St Denys,R00348
SDN,St Denys,R00399
SDN,St Denys,R00498
SDN,St Denys,R00626
SDN,St Denys,R00631
SDN,St Denys,R00737
SDN,St Denys,R00739
SDN,St Denys,R00742
SDN,St Denys,R00746
SDN,St Denys,R00753
SDN,St Denys,R00757
SDN,St Denys,R00780
SDN,St Denys,R00782
SDN,St Denys,R00783
SDN,St Denys,R00786
SDN,St Denys,R00805
SDN,St Denys,R00812
SDN,St Denys,R00866
SDN,St Denys,R00877
SDN,St Denys,R00878
SDN,St Denys,R00903
SDN,St Denys,R00914
SDN,St Denys,R00964
SDN,St Denys,R00966
SDN,St Denys,R00969
SDN,St Denys,R00985
SDN,St Denys,R01027
SDN,St Denys,R01035
SDN,St Denys,R01079
SDN,St Denys,R01246
SDN,St Denys,R01629
SDN,St Denys,R01667
SDN,St Denys,R01712
SDN,St Denys,R01715
SDN,St Denys,R01861
SDN,St Denys,R01889
SDN,St Denys,R01890
SDN,St Denys,R01930
SDN,St Denys,R02089
SDP,Sandplace,R02024
SDP,Sandplace,R02026
SDP,Sandplace,R02046
SDP,Sandplace,R02047
SDR,Saunderton,R00004
SDR,Saunderton,R00012
SDR,Saunderton,R00033
SDR,Saunderton,R00036
SDR,Saunderton,R00053
SDR,Saunderton,R00072
SDR,Saunderton,R00158
SDR,Saunderton,R00209
SDR,Saunderton,R00226
SDR,Saunderton,R00246
SDR,Saunderton,R00429
SDR,Saunderton,R00435
SDR,Saunderton,R00471
SDR,Saunderton,R01508
SDR,Saunderton,R01513
SDW,Sandwich,R00014
SDW,Sandwich,R00125
SDW,Sandwich,R00256
SDW,Sandwich,R00436
SDW,Sandwich,R00664
SDW,Sandwich,R00671
SDW,Sandwich,R00684
SDW,Sandwich,R01568
SDW,Sandwich,R01660
SDW,Sandwich,R02015
SDW,Sandwich,R02098
SDY,Sandy,R00064
SDY,Sandy,R00066
SDY,Sandy,R00073
SDY,Sandy,R00082
SDY,Sandy,R00094
SDY,Sandy,R00217
SDY,Sandy,R00319
SDY,Sandy,R00321
SDY,Sandy,R00361
SDY,Sandy,R00365
SDY,Sandy,R00370
SDY,Sandy,R00373
SDY,Sandy,R00464
SDY,Sandy,R00465
SDY,Sandy,R00470
SDY,Sandy,R00477
SDY,Sandy,R00485
SDY,Sandy,R00496
SDY,Sandy,R00507
SDY,Sandy,R00689
SDY,Sandy,R00690
SDY,Sandy,R00727
SDY,Sandy,R00749
SDY,Sandy,R01171
SDY,Sandy,R01180
SDY,Sandy,R01494
SDY,Sandy,R01686
SDY,Sandy,R01687
SEA,Seaham,R00066
SEA,Seaham,R00073
SEA,Seaham,R00302
SEA,Seaham,R00306
SEA,Seaham,R00324
SEA,Seaham,R00983
SEA,Seaham,R01114
SEA,Seaham,R01118
SEA,Seaham,R01305
SEA,Seaham,R01378
SEA,Seaham,R01801
SEB,Seaburn,R00546
SEB,Seaburn,R00556
SEB,Seaburn,R00572
SEB,Seaburn,R00636
SEB,Seaburn,R00678
SEB,Seaburn,R00679
SEC,Seaton Carew,R00302
SEC,Seaton Carew,R00306
SEC,Seaton Carew,R00983
SEC,Seaton Carew,R01114
SEC,Seaton Carew,R01118
SEC,Seaton Carew,R01305
SEC,Seaton Carew,R01801
SED,Shelford,R00628
SED,Shelford,R01203
SED,Shelford,R01210
SED,Shelford,R01286
SED,Shelford,R01356
SED,Shelford,R01887
SEE,Southease,R00530
SEE,Southease,R00774
SEE,Southease,R00933
SEE,Southease,R01647
SEF,Seaford,R00411
SEF,Seaford,R00530
SEF,Seaford,R00932
SEF,Seaford,R00933
SEF,Seaford,R01647
SEF,Seaford,R02020
SEG,Selling,R00125
SEG,Selling,R00345
SEG,Selling,R00402
SEG,Selling,R00413
SEG,Selling,R00414
SEG,Selling,R00437
SEG,Selling,R01561
SEG,Selling,R01627
SEH,Shoreham (Kent),R00221
SEH,Shoreham (Kent),R00913
SEH,Shoreham (Kent),R01283
SEH,Shoreham (Kent),R01737
SEH,Shoreham (Kent),R01739
SEJ,Seaton Delaval,R00318
SEJ,Seaton Delaval,R00320
SEJ,Seaton Delaval,R00433
SEL,Sellafield,R00142
SEL,Sellafield,R00376
SEL,Sellafield,R00391
SEL,Sellafield,R00394
SEL,Sellafield,R00814
SEL,Sellafield,R00817
SEL,Sellafield,R01018
SEL,Sellafield,R01242
SEM,Seamer,R00228
SEM,Seamer,R00312
SEM,Seamer,R00317
SEM,Seamer,R00326
SEM,Seamer,R00449
SEM,Seamer,R00450
SEM,Seamer,R00462
SEM,Seamer,R00640
SEM,Seamer,R01407
SEM,Seamer,R01485
SEM,Seamer,R01695
SEN,Shenstone,R00040
SEN,Shenstone,R01158
SEN,Shenstone,R01225
SEN,Shenstone,R01310
SER,St Erth,R00034
SER,St Erth,R00154
SER,St Erth,R00157
SER,St Erth,R00161
SER,St Erth,R00168
SER,St Erth,R00172
SER,St Erth,R00176
SER,St Erth,R00182
SER,St Erth,R00321
SER,St Erth,R00346
SER,St Erth,R00350
SER,St Erth,R00351
SER,St Erth,R00455
SER,St Erth,R00550
SER,St Erth,R00580
SER,St Erth,R01246
SER,St Erth,R01325
SER,St Erth,R01381
SER,St Erth,R01417
SER,St Erth,R01784
SER,St Erth,R01819
SES,South Elmsall,R00260
SES,South Elmsall,R00669
SET,Settle,R00374
SET,Settle,R00827
SET,Settle,R01125
SET,Settle,R01274
SET,Settle,R01717
SEV,Sevenoaks,R00014
SEV,Sevenoaks,R00044
SEV,Sevenoaks,R00046
SEV,Sevenoaks,R00052
SEV,Sevenoaks,R00125
SEV,Sevenoaks,R00254
SEV,Sevenoaks,R00256
SEV,Sevenoaks,R00413
SEV,Sevenoaks,R00436
SEV,Sevenoaks,R00514
SEV,Sevenoaks,R00522
SEV,Sevenoaks,R00524
SEV,Sevenoaks,R00525
SEV,Sevenoaks,R00610
SEV,Sevenoaks,R00857
SEV,Sevenoaks,R00862
SEV,Sevenoaks,R00913
SEV,Sevenoaks,R01283
SEV,Sevenoaks,R01578
SEV,Sevenoaks,R01587
SEV,Sevenoaks,R01636
SEV,Sevenoaks,R01637
SEV,Sevenoaks,R01639
SEV,Sevenoaks,R01645
SEV,Sevenoaks,R01660
SEV,Sevenoaks,R01674
SEV,Sevenoaks,R01737
SEV,Sevenoaks,R01739
SEV,Sevenoaks,R02093
SFD,Salford Central,R00059
SFD,Salford Central,R00069
SFD,Salford Central,R00074
SFD,Salford Central,R00084
SFD,Salford Central,R00101
SFD,Salford Central,R00130
SFD,Salford Central,R00337
SFD,Salford Central,R00340
SFD,Salford Central,R00408
SFD,Salford Central,R00454
SFD,Salford Central,R00640
SFD,Salford Central,R00730
SFD,Salford Central,R01033
SFD,Salford Central,R01040
SFD,Salford Central,R01053
SFD,Salford Central,R01061
SFD,Salford Central,R01086
SFD,Salford Central,R01091
SFD,Salford Central,R01154
SFD,Salford Central,R01161
SFD,Salford Central,R01167
SFD,Salford Central,R01178
SFD,Salford Central,R01360
SFD,Salford Central,R01892
SFD,Salford Central,R01952
SFI,Shawfair,R00171
SFI,Shawfair,R00175
SFL,Seaforth & Litherland,R00557
SFL,Seaforth & Litherland,R01345
SFL,Seaforth & Litherland,R01611
SFN,Shifnal,R00058
SFN,Shifnal,R00395
SFN,Shifnal,R00902
SFN,Shifnal,R00999
SFN,Shifnal,R01054
SFN,Shifnal,R01259
SFN,Shifnal,R01498
SFN,Shifnal,R02074
SFN,Shifnal,R02075
SFN,Shifnal,R02076
SFO,Stanford-Le-Hope,R00137
SFO,Stanford-Le-Hope,R00384
SFO,Stanford-Le-Hope,R00444
SFO,Stanford-Le-Hope,R00794
SFO,Stanford-Le-Hope,R01094
SFO,Stanford-Le-Hope,R01096
SFO,Stanford-Le-Hope,R01402
SFO,Stanford-Le-Hope,R01625
SFO,Stanford-Le-Hope,R01699
SFO,Stanford-Le-Hope,R01700
SFO,Stanford-Le-Hope,R02060
SFR,Shalford,R00233
SFR,Shalford,R00422
SFR,Shalford,R00427
SFR,Shalford,R00676
SFR,Shalford,R00860
SFR,Shalford,R00927
SFR,Shalford,R01095
SFR,Shalford,R01187
SFR,Shalford,R01287
SFR,Shalford,R01290
SFR,Shalford,R01291
SFR,Shalford,R01445
SFR,Shalford,R01476
SGB,Smethwick Galton Bridge,R00004
SGB,Smethwick Galton Bridge,R00088
SGB,Smethwick Galton Bridge,R00114
SGB,Smethwick Galton Bridge,R00115
SGB,Smethwick Galton Bridge,R00126
SGB,Smethwick Galton Bridge,R00246
SGB,Smethwick Galton Bridge,R00396
SGB,Smethwick Galton Bridge,R00571
SGB,Smethwick Galton Bridge,R00768
SGB,Smethwick Galton Bridge,R00773
SGB,Smethwick Galton Bridge,R00775
SGB,Smethwick Galton Bridge,R00776
SGB,Smethwick Galton Bridge,R00863
SGB,Smethwick Galton Bridge,R00883
SGB,Smethwick Galton Bridge,R00896
SGB,Smethwick Galton Bridge,R00901
SGB,Smethwick Galton Bridge,R01063
SGB,Smethwick Galton Bridge,R01188
SGB,Smethwick Galton Bridge,R01508
SGB,Smethwick Galton Bridge,R01585
SGB,Smethwick Galton Bridge,R01710
SGB,Smethwick Galton Bridge,R01899
SGB,Smethwick Galton Bridge,R01924
SGE,,R01371
SGE,,R01372
SGH,,R00546
SGH,,R00556
SGH,,R00572
SGH,,R00636
SGH,,R00678
SGH,,R00679
SGL,South Gyle,R00035
SGL,South Gyle,R00045
SGL,South Gyle,R00048
SGL,South Gyle,R00098
SGL,South Gyle,R00123
SGL,South Gyle,R00357
SGL,South Gyle,R00690
SGL,South Gyle,R00750
SGL,South Gyle,R01244
SGL,South Gyle,R01271
SGL,South Gyle,R01273
SGL,South Gyle,R01853
SGM,St Germans,R00034
SGM,St Germans,R00321
SGM,St Germans,R00346
SGM,St Germans,R00350
SGM,St Germans,R00351
SGM,St Germans,R00455
SGM,St Germans,R00550
SGM,St Germans,R01237
SGM,St Germans,R01246
SGM,St Germans,R01325
SGM,St Germans,R01381
SGM,St Germans,R01443
SGM,St Germans,R01448
SGM,St Germans,R01473
SGM,St Germans,R01784
SGM,St Germans,R01819
SGM,St Germans,R02034
SGN,South Greenford,R00754
SGN,South Greenford,R00755
SGN,South Greenford,R01748
SGN,South Greenford,R01894
SGQ,,R00251
SGQ,,R01162
SGR,Slade Green,R00076
SGR,Slade Green,R00079
SGR,Slade Green,R00092
SGR,Slade Green,R00125
SGR,Slade Green,R00188
SGR,Slade Green,R00297
SGR,Slade Green,R00491
SGR,Slade Green,R00516
SGR,Slade Green,R00526
SGR,Slade Green,R00536
SGR,Slade Green,R00608
SGR,Slade Green,R00610
SGR,Slade Green,R00654
SGR,Slade Green,R00971
SGR,Slade Green,R00972
SGR,Slade Green,R01503
SGR,Slade Green,R01702
SGR,Slade Green,R01745
SGR,Slade Green,R02081
SHB,Shirebrook,R01366
SHB,Shirebrook,R01433
SHB,Shirebrook,R01434
SHB,Shirebrook,R01436
SHC,Streethouse,R00529
SHC,Streethouse,R00532
SHD,Shildon,R01533
SHD,Shildon,R01534
SHD,Shildon,R02003
SHD,Shildon,R02080
SHE,Sherborne,R00331
SHE,Sherborne,R00670
SHE,Sherborne,R00672
SHE,Sherborne,R00675
SHE,Sherborne,R00677
SHE,Sherborne,R00711
SHE,Sherborne,R00713
SHE,Sherborne,R00761
SHF,Sheffield,R00006
SHF,Sheffield,R00011
SHF,Sheffield,R00038
SHF,Sheffield,R00061
SHF,Sheffield,R00062
SHF,Sheffield,R00063
SHF,Sheffield,R00111
SHF,Sheffield,R00228
SHF,Sheffield,R00260
SHF,Sheffield,R00290
SHF,Sheffield,R00296
SHF,Sheffield,R00298
SHF,Sheffield,R00303
SHF,Sheffield,R00307
SHF,Sheffield,R00317
SHF,Sheffield,R00321
SHF,Sheffield,R00326
SHF,Sheffield,R00328
SHF,Sheffield,R00332
SHF,Sheffield,R00334
SHF,Sheffield,R00335
SHF,Sheffield,R00336
SHF,Sheffield,R00341
SHF,Sheffield,R00344
SHF,Sheffield,R00354
SHF,Sheffield,R00359
SHF,Sheffield,R00367
SHF,Sheffield,R00369
SHF,Sheffield,R00441
SHF,Sheffield,R00455
SHF,Sheffield,R00465
SHF,Sheffield,R00468
SHF,Sheffield,R00482
SHF,Sheffield,R00495
SHF,Sheffield,R00582
SHF,Sheffield,R00634
SHF,Sheffield,R00639
SHF,Sheffield,R00640
SHF,Sheffield,R00690
SHF,Sheffield,R00721
SHF,Sheffield,R00765
SHF,Sheffield,R00771
SHF,Sheffield,R00772
SHF,Sheffield,R00780
SHF,Sheffield,R00790
SHF,Sheffield,R00830
SHF,Sheffield,R00839
SHF,Sheffield,R00842
SHF,Sheffield,R00846
SHF,Sheffield,R00873
SHF,Sheffield,R00875
SHF,Sheffield,R00935
SHF,Sheffield,R00948
SHF,Sheffield,R00949
SHF,Sheffield,R00991
SHF,Sheffield,R01073
SHF,Sheffield,R01076
SHF,Sheffield,R01087
SHF,Sheffield,R01292
SHF,Sheffield,R01362
SHF,Sheffield,R01396
SHF,Sheffield,R01411
SHF,Sheffield,R01438
SHF,Sheffield,R01447
SHF,Sheffield,R01450
SHF,Sheffield,R01452
SHF,Sheffield,R01455
SHF,Sheffield,R01456
SHF,Sheffield,R01480
SHF,Sheffield,R01504
SHF,Sheffield,R01525
SHF,Sheffield,R01527
SHF,Sheffield,R01574
SHF,Sheffield,R01693
SHF,Sheffield,R01726
SHF,Sheffield,R01727
SHF,Sheffield,R01753
SHF,Sheffield,R01761
SHF,Sheffield,R01803
SHF,Sheffield,R01848
SHF,Sheffield,R01968
SHF,Sheffield,R02012
SHH,Shirehampton,R00042
SHH,Shirehampton,R00070
SHH,Shirehampton,R00430
SHH,Shirehampton,R01361
SHH,Shirehampton,R01376
SHI,Shiplake,R00050
SHI,Shiplake,R00789
SHI,Shiplake,R01164
SHI,Shiplake,R01458
SHJ,St Helens Junction,R00130
SHJ,St Helens Junction,R00454
SHJ,St Helens Junction,R00473
SHJ,St Helens Junction,R00587
SHJ,St Helens Junction,R00640
SHJ,St Helens Junction,R00944
SHJ,St Helens Junction,R01061
SHJ,St Helens Junction,R01892
SHJ,St Helens Junction,R01952
SHJ,St Helens Junction,R02032
SHJ,St Helens Junction,R02039
SHL,Shawlands,R00107
SHL,Shawlands,R00127
SHL,Shawlands,R00135
SHM,Sheringham,R00537
SHM,Sheringham,R00541
SHM,Sheringham,R00543
SHM,Sheringham,R00544
SHM,Sheringham,R00545
SHM,Sheringham,R00547
SHM,Sheringham,R00549
SHM,Sheringham,R01289
SHN,Shanklin,R01547
SHN,Shanklin,R01548
SHN,Shanklin,R01572
SHO,Sholing,R00399
SHO,Sholing,R00737
SHO,Sholing,R00739
SHO,Sholing,R00742
SHO,Sholing,R00753
SHO,Sholing,R00877
SHO,Sholing,R00878
SHO,Sholing,R00903
SHO,Sholing,R00914
SHO,Sholing,R00969
SHO,Sholing,R00985
SHO,Sholing,R01667
SHO,Sholing,R02089
SHP,Shepperton,R00718
SHP,Shepperton,R00802
SHP,Shepperton,R00804
SHP,Shepperton,R00864
SHP,Shepperton,R00943
SHP,Shepperton,R00945
SHP,Shepperton,R00946
SHP,Shepperton,R00957
SHQ,,R01377
SHQ,,R01638
SHR,Shrewsbury,R00058
SHR,Shrewsbury,R00077
SHR,Shrewsbury,R00385
SHR,Shrewsbury,R00395
SHR,Shrewsbury,R00561
SHR,Shrewsbury,R00562
SHR,Shrewsbury,R00571
SHR,Shrewsbury,R00579
SHR,Shrewsbury,R00581
SHR,Shrewsbury,R00590
SHR,Shrewsbury,R00592
SHR,Shrewsbury,R00600
SHR,Shrewsbury,R00796
SHR,Shrewsbury,R00902
SHR,Shrewsbury,R00916
SHR,Shrewsbury,R00999
SHR,Shrewsbury,R01047
SHR,Shrewsbury,R01054
SHR,Shrewsbury,R01063
SHR,Shrewsbury,R01119
SHR,Shrewsbury,R01123
SHR,Shrewsbury,R01259
SHR,Shrewsbury,R01261
SHR,Shrewsbury,R01265
SHR,Shrewsbury,R01307
SHR,Shrewsbury,R01498
SHR,Shrewsbury,R01546
SHR,Shrewsbury,R01554
SHR,Shrewsbury,R01597
SHR,Shrewsbury,R01672
SHR,Shrewsbury,R01734
SHR,Shrewsbury,R01738
SHR,Shrewsbury,R01773
SHR,Shrewsbury,R01852
SHR,Shrewsbury,R01866
SHR,Shrewsbury,R01874
SHR,Shrewsbury,R02074
SHR,Shrewsbury,R02075
SHR,Shrewsbury,R02076
SHS,Shotts,R00030
SHS,Shotts,R00136
SHS,Shotts,R00183
SHS,Shotts,R00184
SHS,Shotts,R00472
SHS,Shotts,R01176
SHS,Shotts,R01221
SHS,Shotts,R01270
SHS,Shotts,R01303
SHS,Shotts,R01464
SHT,Shotton,R00056
SHT,Shotton,R00058
SHT,Shotton,R00418
SHT,Shotton,R00568
SHT,Shotton,R00578
SHT,Shotton,R00579
SHT,Shotton,R00590
SHT,Shotton,R00592
SHT,Shotton,R00760
SHT,Shotton,R00902
SHT,Shotton,R01047
SHT,Shotton,R01307
SHT,Shotton,R01518
SHT,Shotton,R01526
SHT,Shotton,R01552
SHT,Shotton,R01710
SHU,Stonehouse,R00034
SHU,Stonehouse,R00057
SHU,Stonehouse,R00089
SHU,Stonehouse,R00342
SHU,Stonehouse,R01414
SHU,Stonehouse,R01444
SHU,Stonehouse,R01725
SHW,Shawford,R00329
SHW,Shawford,R00331
SHW,Shawford,R00626
SHW,Shawford,R00631
SHW,Shawford,R00746
SHW,Shawford,R00747
SHW,Shawford,R00780
SHW,Shawford,R00782
SHW,Shawford,R00783
SHW,Shawford,R00786
SHW,Shawford,R00805
SHW,Shawford,R00866
SHY,Shipley,R00073
SHY,Shipley,R00361
SHY,Shipley,R00365
SHY,Shipley,R00374
SHY,Shipley,R00377
SHY,Shipley,R00487
SHY,Shipley,R00494
SHY,Shipley,R00827
SHY,Shipley,R00831
SHY,Shipley,R00848
SHY,Shipley,R00849
SHY,Shipley,R01098
SHY,Shipley,R01125
SHY,Shipley,R01274
SHY,Shipley,R01300
SHY,Shipley,R01475
SHY,Shipley,R01545
SHY,Shipley,R01551
SHY,Shipley,R01555
SHY,Shipley,R01717
SHY,Shipley,R01754
SHY,Shipley,R02011
SHZ,,R00546
SHZ,,R00556
SHZ,,R00572
SIA,Southend Airport,R00832
SIA,Southend Airport,R00898
SIA,Southend Airport,R01269
SIA,Southend Airport,R01653
SIC,Silecroft,R00142
SIC,Silecroft,R00376
SIC,Silecroft,R00391
SIC,Silecroft,R00814
SIC,Silecroft,R00817
SIC,Silecroft,R01018
SIC,Silecroft,R01242
SID,Sidcup,R00014
SID,Sidcup,R00018
SID,Sidcup,R00125
SID,Sidcup,R00297
SID,Sidcup,R00536
SID,Sidcup,R00610
SID,Sidcup,R00654
SID,Sidcup,R01502
SID,Sidcup,R01676
SID,Sidcup,R01800
SID,Sidcup,R02064
SIE,Sherburn-In-Elmet,R00027
SIE,Sherburn-In-Elmet,R00082
SIE,Sherburn-In-Elmet,R00111
SIE,Sherburn-In-Elmet,R00307
SIE,Sherburn-In-Elmet,R00317
SIE,Sherburn-In-Elmet,R00460
SIE,Sherburn-In-Elmet,R00769
SIE,Sherburn-In-Elmet,R00949
SIE,Sherburn-In-Elmet,R01398
SIE,Sherburn-In-Elmet,R01400
SIE,Sherburn-In-Elmet,R01411
SIE,Sherburn-In-Elmet,R01480
SIE,Sherburn-In-Elmet,R01766
SIH,St Helier,R00076
SIH,St Helier,R00092
SIH,St Helier,R00398
SIH,St Helier,R00416
SIL,Sileby,R00156
SIL,Sileby,R00192
SIL,Sileby,R00214
SIL,Sileby,R00304
SIL,Sileby,R01772
SIL,Sileby,R01940
SIN,Singer,R00106
SIN,Singer,R00179
SIN,Singer,R00289
SIN,Singer,R00858
SIN,Singer,R00988
SIN,Singer,R01136
SIN,Singer,R01137
SIN,Singer,R01173
SIN,Singer,R01295
SIN,Singer,R01808
SIP,Shipton,R00034
SIP,Shipton,R00387
SIP,Shipton,R00583
SIP,Shipton,R01298
SIP,Shipton,R02056
SIT,Sittingbourne,R00013
SIT,Sittingbourne,R00026
SIT,Sittingbourne,R00125
SIT,Sittingbourne,R00343
SIT,Sittingbourne,R00345
SIT,Sittingbourne,R00413
SIT,Sittingbourne,R00437
SIT,Sittingbourne,R00514
SIT,Sittingbourne,R00854
SIT,Sittingbourne,R01333
SIT,Sittingbourne,R01561
SIT,Sittingbourne,R01568
SIT,Sittingbourne,R01615
SIT,Sittingbourne,R01627
SIT,Sittingbourne,R01967
SIT,Sittingbourne,R01969
SIT,Sittingbourne,R01971
SIT,Sittingbourne,R01975
SIT,Sittingbourne,R01976
SIV,St Ives,R00154
SIV,St Ives,R00157
SIV,St Ives,R00161
SIV,St Ives,R00168
SIV,St Ives,R00172
SIV,St Ives,R00176
SIV,St Ives,R00182
SIV,St Ives,R00580
SJP,St James' Park,R00032
SJP,St James' Park,R00371
SJP,St James' Park,R00372
SJP,St James' Park,R00744
SJP,St James' Park,R01989
SJP,St James' Park,R01996
SJS,St James Street,R01286
SJS,St James Street,R01550
SJS,St James Street,R01557
SKE,Skewen,R00077
SKE,Skewen,R00559
SKE,Skewen,R00562
SKE,Skewen,R00600
SKE,Skewen,R00796
SKE,Skewen,R00826
SKE,Skewen,R00916
SKE,Skewen,R00917
SKE,Skewen,R01037
SKE,Skewen,R01537
SKE,Skewen,R01554
SKE,Skewen,R01670
SKE,Skewen,R01826
SKE,Skewen,R01835
SKG,Skegness,R00196
SKG,Skegness,R00197
SKG,Skegness,R00205
SKG,Skegness,R00216
SKG,Skegness,R00218
SKG,Skegness,R00220
SKG,Skegness,R00222
SKI,Skipton,R00073
SKI,Skipton,R00365
SKI,Skipton,R00374
SKI,Skipton,R00487
SKI,Skipton,R00494
SKI,Skipton,R00827
SKI,Skipton,R01098
SKI,Skipton,R01125
SKI,Skipton,R01274
SKI,Skipton,R01475
SKI,Skipton,R01543
SKI,Skipton,R01545
SKI,Skipton,R01551
SKI,Skipton,R01555
SKI,Skipton,R01717
SKI,Skipton,R02011
SKM,Stoke Mandeville,R00017
SKM,Stoke Mandeville,R01308
SKM,Stoke Mandeville,R01410
SKN,St Keyne,R02024
SKN,St Keyne,R02026
SKN,St Keyne,R02046
SKN,St Keyne,R02047
SKS,Stocksfield,R00324
SKS,Stocksfield,R01107
SKS,Stocksfield,R01111
SKS,Stocksfield,R01114
SKS,Stocksfield,R01118
SKS,Stocksfield,R01523
SKW,Stoke Newington,R00215
SKW,Stoke Newington,R01286
SKW,Stoke Newington,R01685
SLA,Slateford,R00056
SLA,Slateford,R00102
SLA,Slateford,R00130
SLA,Slateford,R00183
SLA,Slateford,R00184
SLA,Slateford,R00354
SLA,Slateford,R00472
SLA,Slateford,R00581
SLA,Slateford,R00582
SLA,Slateford,R00704
SLA,Slateford,R00871
SLA,Slateford,R01127
SLA,Slateford,R01128
SLA,Slateford,R01143
SLA,Slateford,R01176
SLA,Slateford,R01201
SLA,Slateford,R01221
SLA,Slateford,R01270
SLA,Slateford,R01303
SLA,Slateford,R01464
SLA,Slateford,R01845
SLA,Slateford,R02061
SLB,Saltburn,R00409
SLB,Saltburn,R00486
SLB,Saltburn,R00578
SLB,Saltburn,R00847
SLB,Saltburn,R01533
SLB,Saltburn,R01534
SLB,Saltburn,R01549
SLB,Saltburn,R01908
SLD,Salford Crescent,R00059
SLD,Salford Crescent,R00069
SLD,Salford Crescent,R00074
SLD,Salford Crescent,R00084
SLD,Salford Crescent,R00101
SLD,Salford Crescent,R00102
SLD,Salford Crescent,R00112
SLD,Salford Crescent,R00114
SLD,Salford Crescent,R00130
SLD,Salford Crescent,R00142
SLD,Salford Crescent,R00206
SLD,Salford Crescent,R00337
SLD,Salford Crescent,R00340
SLD,Salford Crescent,R00408
SLD,Salford Crescent,R00457
SLD,Salford Crescent,R00508
SLD,Salford Crescent,R00521
SLD,Salford Crescent,R00640
SLD,Salford Crescent,R00647
SLD,Salford Crescent,R00730
SLD,Salford Crescent,R00947
SLD,Salford Crescent,R01033
SLD,Salford Crescent,R01040
SLD,Salford Crescent,R01053
SLD,Salford Crescent,R01077
SLD,Salford Crescent,R01091
SLD,Salford Crescent,R01154
SLD,Salford Crescent,R01161
SLD,Salford Crescent,R01167
SLD,Salford Crescent,R01178
SLD,Salford Crescent,R01619
SLD,Salford Crescent,R01621
SLD,Salford Crescent,R01622
SLD,Salford Crescent,R01678
SLD,Salford Crescent,R01902
SLH,Sleights,R00934
SLH,Sleights,R00936
SLH,Sleights,R00937
SLH,Sleights,R00983
SLH,Sleights,R01305
SLH,Sleights,R01911
SLH,Sleights,R02019
SLK,Silkstone Common,R00011
SLK,Silkstone Common,R00038
SLK,Silkstone Common,R01756
SLL,Stallingborough,R00061
SLL,Stallingborough,R00062
SLL,Stallingborough,R00063
SLL,Stallingborough,R00513
SLL,Stallingborough,R00640
SLL,Stallingborough,R00765
SLL,Stallingborough,R01362
SLL,Stallingborough,R01403
SLL,Stallingborough,R01406
SLL,Stallingborough,R01412
SLL,Stallingborough,R01429
SLL,Stallingborough,R01440
SLL,Stallingborough,R01441
SLL,Stallingborough,R01453
SLL,Stallingborough,R01726
SLO,Slough,R00007
SLO,Slough,R00034
SLO,Slough,R00042
SLO,Slough,R00070
SLO,Slough,R00089
SLO,Slough,R00105
SLO,Slough,R00124
SLO,Slough,R00152
SLO,Slough,R00342
SLO,Slough,R00362
SLO,Slough,R00372
SLO,Slough,R00387
SLO,Slough,R00401
SLO,Slough,R00455
SLO,Slough,R00550
SLO,Slough,R00582
SLO,Slough,R00600
SLO,Slough,R00726
SLO,Slough,R00917
SLO,Slough,R00918
SLO,Slough,R00941
SLO,Slough,R00984
SLO,Slough,R01037
SLO,Slough,R01056
SLO,Slough,R01057
SLO,Slough,R01151
SLO,Slough,R01217
SLO,Slough,R01222
SLO,Slough,R01235
SLO,Slough,R01237
SLO,Slough,R01246
SLO,Slough,R01263
SLO,Slough,R01298
SLO,Slough,R01299
SLO,Slough,R01373
SLO,Slough,R01374
SLO,Slough,R01381
SLO,Slough,R01416
SLO,Slough,R01507
SLO,Slough,R01581
SLO,Slough,R01644
SLO,Slough,R01652
SLO,Slough,R01657
SLO,Slough,R01658
SLO,Slough,R01665
SLO,Slough,R01694
SLO,Slough,R01701
SLO,Slough,R01705
SLO,Slough,R01712
SLO,Slough,R01719
SLO,Slough,R01723
SLO,Slough,R01731
SLO,Slough,R01732
SLO,Slough,R01733
SLO,Slough,R01740
SLO,Slough,R01777
SLO,Slough,R01829
SLO,Slough,R01877
SLO,Slough,R01943
SLO,Slough,R01958
SLQ,St Leonards Warrior Square,R00014
SLQ,St Leonards Warrior Square,R00044
SLQ,St Leonards Warrior Square,R00046
SLQ,St Leonards Warrior Square,R00051
SLQ,St Leonards Warrior Square,R00052
SLQ,St Leonards Warrior Square,R00125
SLQ,St Leonards Warrior Square,R00199
SLQ,St Leonards Warrior Square,R00238
SLQ,St Leonards Warrior Square,R00452
SLQ,St Leonards Warrior Square,R00503
SLQ,St Leonards Warrior Square,R00517
SLQ,St Leonards Warrior Square,R00530
SLQ,St Leonards Warrior Square,R00630
SLQ,St Leonards Warrior Square,R00950
SLQ,St Leonards Warrior Square,R00990
SLQ,St Leonards Warrior Square,R01117
SLQ,St Leonards Warrior Square,R01134
SLQ,St Leonards Warrior Square,R01168
SLQ,St Leonards Warrior Square,R01363
SLQ,St Leonards Warrior Square,R01510
SLQ,St Leonards Warrior Square,R01630
SLQ,St Leonards Warrior Square,R02078
SLR,Sleaford,R00109
SLR,Sleaford,R00113
SLR,Sleaford,R00117
SLR,Sleaford,R00195
SLR,Sleaford,R00196
SLR,Sleaford,R00197
SLR,Sleaford,R00205
SLR,Sleaford,R00218
SLR,Sleaford,R00220
SLR,Sleaford,R00222
SLS,Shettleston,R00106
SLS,Shettleston,R00179
SLS,Shettleston,R00289
SLS,Shettleston,R00378
SLS,Shettleston,R00480
SLS,Shettleston,R00988
SLS,Shettleston,R01155
SLS,Shettleston,R01173
SLS,Shettleston,R01591
SLS,Shettleston,R01844
SLS,Shettleston,R01875
SLS,Shettleston,R01876
SLS,Shettleston,R01879
SLS,Shettleston,R01880
SLS,Shettleston,R02062
SLS,Shettleston,R02097
SLT,Saltcoats,R00163
SLT,Saltcoats,R00166
SLT,Saltcoats,R01150
SLT,Saltcoats,R01204
SLT,Saltcoats,R01205
SLT,Saltcoats,R01208
SLT,Saltcoats,R01209
SLV,Silver Street,R00215
SLV,Silver Street,R01286
SLV,Silver Street,R01685
SLW,Salwick,R00640
SLW,Salwick,R00647
SLW,Salwick,R00651
SLW,Salwick,R00947
SLW,Salwick,R01321
SLW,Salwick,R01580
SLW,Salwick,R01902
SLY,Selly Oak,R00023
SLY,Selly Oak,R00037
SLY,Selly Oak,R00040
SLY,Selly Oak,R00293
SLY,Selly Oak,R00321
SLY,Selly Oak,R00347
SLY,Selly Oak,R00354
SLY,Selly Oak,R00362
SLY,Selly Oak,R00369
SLY,Selly Oak,R00372
SLY,Selly Oak,R00379
SLY,Selly Oak,R00455
SLY,Selly Oak,R00465
SLY,Selly Oak,R00468
SLY,Selly Oak,R00582
SLY,Selly Oak,R00661
SLY,Selly Oak,R00690
SLY,Selly Oak,R00759
SLY,Selly Oak,R00935
SLY,Selly Oak,R00948
SLY,Selly Oak,R00974
SLY,Selly Oak,R00977
SLY,Selly Oak,R01158
SLY,Selly Oak,R01220
SLY,Selly Oak,R01222
SLY,Selly Oak,R01223
SLY,Selly Oak,R01231
SLY,Selly Oak,R01310
SLY,Selly Oak,R01886
SMA,Small Heath,R00088
SMA,Small Heath,R00115
SMA,Small Heath,R00126
SMA,Small Heath,R00246
SMA,Small Heath,R00768
SMA,Small Heath,R00770
SMA,Small Heath,R00773
SMA,Small Heath,R00775
SMA,Small Heath,R00776
SMA,Small Heath,R00788
SMA,Small Heath,R00883
SMA,Small Heath,R00892
SMA,Small Heath,R00896
SMA,Small Heath,R00901
SMA,Small Heath,R01188
SMA,Small Heath,R01585
SMA,Small Heath,R01924
SMB,Smithy Bridge,R00231
SMB,Smithy Bridge,R00249
SMB,Smithy Bridge,R00284
SMB,Smithy Bridge,R00652
SMB,Smithy Bridge,R00815
SMB,Smithy Bridge,R01608
SMB,Smithy Bridge,R01804
SMD,Stamford,R00029
SMD,Stamford,R00156
SMD,Stamford,R00187
SMD,Stamford,R00304
SMD,Stamford,R00379
SMD,Stamford,R00792
SMD,Stamford,R00954
SMD,Stamford,R01940
SMG,St Margarets (London),R00301
SMG,St Margarets (London),R00645
SMG,St Margarets (London),R00699
SMG,St Margarets (London),R00715
SMG,St Margarets (London),R00798
SMG,St Margarets (London),R00802
SMG,St Margarets (London),R00804
SMG,St Margarets (London),R00807
SMG,St Margarets (London),R00861
SMG,St Margarets (London),R00864
SMG,St Margarets (London),R00957
SMG,St Margarets (London),R00980
SMG,St Margarets (London),R00987
SMG,St Margarets (London),R01051
SMG,St Margarets (London),R01064
SMG,St Margarets (London),R01103
SMG,St Margarets (London),R01978
SMH,Stamford Hill,R00215
SMH,Stamford Hill,R01286
SMH,Stamford Hill,R01685
SMK,Stowmarket,R00207
SMK,Stowmarket,R00484
SMK,Stowmarket,R00509
SMK,Stowmarket,R00832
SMK,Stowmarket,R01312
SMK,Stowmarket,R01335
SMK,Stowmarket,R01340
SMK,Stowmarket,R01357
SMK,Stowmarket,R01358
SMK,Stowmarket,R01359
SMK,Stowmarket,R01664
SMK,Stowmarket,R01932
SML,Sea Mills,R00042
SML,Sea Mills,R00070
SML,Sea Mills,R00430
SML,Sea Mills,R01361
SML,Sea Mills,R01376
SMN,Southminster,R00832
SMN,Southminster,R01891
SMN,Southminster,R01957
SMO,South Merton,R00076
SMO,South Merton,R00092
SMO,South Merton,R00398
SMO,South Merton,R00416
SMQ,,R01671
SMQ,,R01878
SMR,Smethwick Rolfe Street,R00056
SMR,Smethwick Rolfe Street,R00102
SMR,Smethwick Rolfe Street,R00104
SMR,Smethwick Rolfe Street,R00114
SMR,Smethwick Rolfe Street,R00395
SMR,Smethwick Rolfe Street,R00571
SMR,Smethwick Rolfe Street,R00602
SMR,Smethwick Rolfe Street,R00780
SMR,Smethwick Rolfe Street,R00863
SMR,Smethwick Rolfe Street,R00880
SMR,Smethwick Rolfe Street,R00907
SMR,Smethwick Rolfe Street,R00964
SMR,Smethwick Rolfe Street,R01063
SMR,Smethwick Rolfe Street,R01259
SMR,Smethwick Rolfe Street,R01546
SMR,Smethwick Rolfe Street,R01710
SMT,St Margarets (Herts),R00144
SMT,St Margarets (Herts),R01203
SMT,St Margarets (Herts),R01286
SMT,St Margarets (Herts),R01405
SMT,St Margarets (Herts),R01993
SMW,,R00004
SMW,,R00023
SMW,,R00088
SMW,,R00115
SMW,,R00126
SMW,,R00246
SMW,,R00396
SMW,,R00455
SMW,,R00768
SMW,,R00773
SMW,,R00775
SMW,,R00776
SMW,,R00880
SMW,,R00883
SMW,,R00896
SMW,,R00901
SMW,,R01106
SMW,,R01188
SMW,,R01508
SMW,,R01585
SMW,,R01899
SMW,,R01924
SMY,St Mary Cray,R00221
SMY,St Mary Cray,R00343
SMY,St Mary Cray,R00345
SMY,St Mary Cray,R00413
SMY,St Mary Cray,R00437
SMY,St Mary Cray,R00469
SMY,St Mary Cray,R00514
SMY,St Mary Cray,R00528
SMY,St Mary Cray,R00913
SMY,St Mary Cray,R01112
SMY,St Mary Cray,R01283
SMY,St Mary Cray,R01466
SMY,St Mary Cray,R01501
SMY,St Mary Cray,R01627
SMY,St Mary Cray,R01655
SMY,St Mary Cray,R01682
SMY,St Mary Cray,R01737
SMY,St Mary Cray,R01739
SMY,St Mary Cray,R01975
SMY,St Mary Cray,R02072
SNA,Sandal & Agbrigg,R00111
SNA,Sandal & Agbrigg,R00260
SNA,Sandal & Agbrigg,R00669
SND,Sandhurst,R00422
SND,Sandhurst,R00427
SND,Sandhurst,R00927
SND,Sandhurst,R01187
SND,Sandhurst,R01290
SND,Sandhurst,R01445
SND,Sandhurst,R01476
SNE,Stone,R00056
SNE,Stone,R00283
SNE,Stone,R00341
SNE,Stone,R00372
SNE,Stone,R00410
SNE,Stone,R00498
SNE,Stone,R00780
SNE,Stone,R00902
SNE,Stone,R00935
SNE,Stone,R00964
SNE,Stone,R01078
SNF,Shenfield,R00207
SNF,Shenfield,R00323
SNF,Shenfield,R00832
SNF,Shenfield,R00850
SNF,Shenfield,R00872
SNF,Shenfield,R00874
SNF,Shenfield,R00881
SNF,Shenfield,R00882
SNF,Shenfield,R00888
SNF,Shenfield,R00890
SNF,Shenfield,R00898
SNF,Shenfield,R01000
SNF,Shenfield,R01038
SNF,Shenfield,R01184
SNF,Shenfield,R01269
SNF,Shenfield,R01335
SNF,Shenfield,R01431
SNF,Shenfield,R01514
SNF,Shenfield,R01653
SNF,Shenfield,R01692
SNF,Shenfield,R01823
SNF,Shenfield,R01868
SNF,Shenfield,R01871
SNF,Shenfield,R01881
SNF,Shenfield,R01882
SNF,Shenfield,R01891
SNF,Shenfield,R01904
SNF,Shenfield,R01906
SNF,Shenfield,R01934
SNG,Sunningdale,R00715
SNG,Sunningdale,R00718
SNG,Sunningdale,R00797
SNG,Sunningdale,R00798
SNG,Sunningdale,R00811
SNG,Sunningdale,R00855
SNG,Sunningdale,R00861
SNH,St Helens Central,R00090
SNH,St Helens Central,R00100
SNH,St Helens Central,R00112
SNH,St Helens Central,R00114
SNH,St Helens Central,R00206
SNH,St Helens Central,R00213
SNH,St Helens Central,R00270
SNH,St Helens Central,R00454
SNH,St Helens Central,R01626
SNH,St Helens Central,R01915
SNI,Snaith,R00641
SNI,Snaith,R01964
SNK,Sankey for Penketh,R01059
SNK,Sankey for Penketh,R02052
SNK,Sankey for Penketh,R02053
SNL,Stoneleigh,R00322
SNL,Stoneleigh,R00632
SNL,Stoneleigh,R00799
SNL,Stoneleigh,R00867
SNL,Stoneleigh,R00876
SNN,Swinton (Manchester),R01040
SNN,Swinton (Manchester),R01053
SNN,Swinton (Manchester),R01154
SNN,Swinton (Manchester),R01161
SNN,Swinton (Manchester),R01167
SNN,Swinton (Manchester),R01178
SNO,St Neots,R00073
SNO,St Neots,R00094
SNO,St Neots,R00217
SNO,St Neots,R00319
SNO,St Neots,R00321
SNO,St Neots,R00370
SNO,St Neots,R00465
SNO,St Neots,R00485
SNO,St Neots,R00727
SNO,St Neots,R00749
SNO,St Neots,R01171
SNO,St Neots,R01180
SNO,St Neots,R01494
SNO,St Neots,R01686
SNR,Sanderstead,R00091
SNR,Sanderstead,R00097
SNR,Sanderstead,R00238
SNR,Sanderstead,R00253
SNR,Sanderstead,R00666
SNR,Sanderstead,R00667
SNR,Sanderstead,R00972
SNR,Sanderstead,R01016
SNR,Sanderstead,R01241
SNR,Sanderstead,R01252
SNR,Sanderstead,R01257
SNR,Sanderstead,R01264
SNR,Sanderstead,R01278
SNR,Sanderstead,R01521
SNR,Sanderstead,R01651
SNR,Sanderstead,R01780
SNS,Staines,R00301
SNS,Staines,R00699
SNS,Staines,R00715
SNS,Staines,R00718
SNS,Staines,R00745
SNS,Staines,R00797
SNS,Staines,R00798
SNS,Staines,R00807
SNS,Staines,R00811
SNS,Staines,R00855
SNS,Staines,R00859
SNS,Staines,R00861
SNS,Staines,R00980
SNS,Staines,R01032
SNS,Staines,R01050
SNS,Staines,R01051
SNS,Staines,R01052
SNS,Staines,R01095
SNS,Staines,R01103
SNS,Staines,R01913
SNS,Staines,R01981
SNS,Staines,R02102
SNW,Swanwick,R00348
SNW,Swanwick,R00399
SNW,Swanwick,R00737
SNW,Swanwick,R00739
SNW,Swanwick,R00742
SNW,Swanwick,R00753
SNW,Swanwick,R00812
SNW,Swanwick,R00877
SNW,Swanwick,R00878
SNW,Swanwick,R00903
SNW,Swanwick,R00914
SNW,Swanwick,R00969
SNW,Swanwick,R00985
SNW,Swanwick,R01079
SNW,Swanwick,R01246
SNW,Swanwick,R01667
SNW,Swanwick,R01712
SNW,Swanwick,R02089
SNY,Sunnymeads,R00718
SNY,Sunnymeads,R00807
SNY,Sunnymeads,R01050
SNY,Sunnymeads,R01052
SOA,Southampton Airport Parkway,R00077
SOA,Southampton Airport Parkway,R00283
SOA,Southampton Airport Parkway,R00286
SOA,Southampton Airport Parkway,R00329
SOA,Southampton Airport Parkway,R00331
SOA,Southampton Airport Parkway,R00498
SOA,Southampton Airport Parkway,R00626
SOA,Southampton Airport Parkway,R00631
SOA,Southampton Airport Parkway,R00742
SOA,Southampton Airport Parkway,R00746
SOA,Southampton Airport Parkway,R00753
SOA,Southampton Airport Parkway,R00757
SOA,Southampton Airport Parkway,R00780
SOA,Southampton Airport Parkway,R00782
SOA,Southampton Airport Parkway,R00783
SOA,Southampton Airport Parkway,R00786
SOA,Southampton Airport Parkway,R00805
SOA,Southampton Airport Parkway,R00866
SOA,Southampton Airport Parkway,R00964
SOA,Southampton Airport Parkway,R00966
SOA,Southampton Airport Parkway,R00985
SOA,Southampton Airport Parkway,R01027
SOA,Southampton Airport Parkway,R01035
SOA,Southampton Airport Parkway,R01629
SOA,Southampton Airport Parkway,R01715
SOA,Southampton Airport Parkway,R01861
SOA,Southampton Airport Parkway,R01889
SOA,Southampton Airport Parkway,R01890
SOA,Southampton Airport Parkway,R01930
SOB,Southbourne,R00043
SOB,Southbourne,R00199
SOB,Southbourne,R00399
SOB,Southbourne,R00655
SOB,Southbourne,R00656
SOB,Southbourne,R00657
SOB,Southbourne,R00658
SOB,Southbourne,R00659
SOB,Southbourne,R00739
SOB,Southbourne,R00742
SOB,Southbourne,R00748
SOB,Southbourne,R00812
SOB,Southbourne,R00969
SOB,Southbourne,R01039
SOB,Southbourne,R01070
SOB,Southbourne,R01367
SOB,Southbourne,R01930
SOC,Southend Central,R00137
SOC,Southend Central,R00384
SOC,Southend Central,R00434
SOC,Southend Central,R00444
SOC,Southend Central,R00794
SOC,Southend Central,R01094
SOC,Southend Central,R01354
SOC,Southend Central,R01402
SOC,Southend Central,R01625
SOC,Southend Central,R01850
SOE,Southend East,R00137
SOE,Southend East,R00434
SOE,Southend East,R00444
SOE,Southend East,R01354
SOE,Southend East,R01402
SOE,Southend East,R01625
SOE,Southend East,R01850
SOF,South Woodham Ferrers,R00832
SOF,South Woodham Ferrers,R01891
SOF,South Woodham Ferrers,R01957
SOG,Stonegate,R00014
SOG,Stonegate,R00046
SOG,Stonegate,R00125
SOG,Stonegate,R02078
SOH,South Hampstead,R00150
SOH,South Hampstead,R00236
SOH,South Hampstead,R01859
SOI,Stow,R00171
SOI,Stow,R00175
SOJ,Soham,R00484
SOJ,Soham,R01312
SOJ,Soham,R01357
SOJ,Soham,R01932
SOK,South Kenton,R00008
SOK,South Kenton,R00150
SOK,South Kenton,R00224
SOK,South Kenton,R00236
SOK,South Kenton,R00315
SOK,South Kenton,R00382
SOL,Solihull,R00004
SOL,Solihull,R00053
SOL,Solihull,R00072
SOL,Solihull,R00088
SOL,Solihull,R00126
SOL,Solihull,R00158
SOL,Solihull,R00246
SOL,Solihull,R00396
SOL,Solihull,R00405
SOL,Solihull,R00425
SOL,Solihull,R00446
SOL,Solihull,R00776
SOL,Solihull,R00788
SOL,Solihull,R00884
SOL,Solihull,R00896
SOL,Solihull,R00901
SOL,Solihull,R01188
SOL,Solihull,R01496
SOL,Solihull,R01508
SOL,Solihull,R01585
SOL,Solihull,R01924
SOM,South Milford,R00078
SOM,South Milford,R00082
SOM,South Milford,R00358
SOM,South Milford,R00466
SOM,South Milford,R01195
SOM,South Milford,R01480
SOM,South Milford,R01721
SOM,South Milford,R01767
SON,Steeton & Silsden,R00374
SON,Steeton & Silsden,R00494
SON,Steeton & Silsden,R00827
SON,Steeton & Silsden,R01098
SON,Steeton & Silsden,R01274
SON,Steeton & Silsden,R01475
SON,Steeton & Silsden,R01545
SON,Steeton & Silsden,R01551
SON,Steeton & Silsden,R01555
SOO,Strood,R00014
SOO,Strood,R00076
SOO,Strood,R00079
SOO,Strood,R00092
SOO,Strood,R00188
SOO,Strood,R00461
SOO,Strood,R00491
SOO,Strood,R00731
SOO,Strood,R00732
SOO,Strood,R00733
SOO,Strood,R00734
SOO,Strood,R00971
SOO,Strood,R00972
SOO,Strood,R01041
SOO,Strood,R01100
SOO,Strood,R01338
SOO,Strood,R01503
SOO,Strood,R01568
SOO,Strood,R01702
SOO,Strood,R01967
SOO,Strood,R01969
SOO,Strood,R01971
SOO,Strood,R01975
SOO,Strood,R01976
SOO,Strood,R02038
SOO,Strood,R02064
SOP,Southport,R00059
SOP,Southport,R00069
SOP,Southport,R00074
SOP,Southport,R00408
SOP,Southport,R00557
SOP,Southport,R01053
SOP,Southport,R01091
SOP,Southport,R01345
SOP,Southport,R01611
SOP,Southport,R01678
SOP,Southport,R01713
SOR,Sole Street,R00125
SOR,Sole Street,R00343
SOR,Sole Street,R00345
SOR,Sole Street,R00413
SOR,Sole Street,R00437
SOR,Sole Street,R00469
SOR,Sole Street,R00514
SOR,Sole Street,R00854
SOR,Sole Street,R00856
SOR,Sole Street,R01333
SOR,Sole Street,R01615
SOR,Sole Street,R01627
SOR,Sole Street,R01655
SOR,Sole Street,R01682
SOR,Sole Street,R01969
SOR,Sole Street,R01975
SOR,Sole Street,R01976
SOS,,R01956
SOS,,R01959
SOT,Stoke-On-Trent,R00056
SOT,Stoke-On-Trent,R00251
SOT,Stoke-On-Trent,R00283
SOT,Stoke-On-Trent,R00341
SOT,Stoke-On-Trent,R00347
SOT,Stoke-On-Trent,R00372
SOT,Stoke-On-Trent,R00410
SOT,Stoke-On-Trent,R00459
SOT,Stoke-On-Trent,R00498
SOT,Stoke-On-Trent,R00562
SOT,Stoke-On-Trent,R00578
SOT,Stoke-On-Trent,R00661
SOT,Stoke-On-Trent,R00780
SOT,Stoke-On-Trent,R00813
SOT,Stoke-On-Trent,R00902
SOT,Stoke-On-Trent,R00935
SOT,Stoke-On-Trent,R00964
SOT,Stoke-On-Trent,R01013
SOT,Stoke-On-Trent,R01030
SOT,Stoke-On-Trent,R01031
SOT,Stoke-On-Trent,R01078
SOT,Stoke-On-Trent,R01162
SOT,Stoke-On-Trent,R01182
SOT,Stoke-On-Trent,R01207
SOT,Stoke-On-Trent,R01425
SOT,Stoke-On-Trent,R01426
SOT,Stoke-On-Trent,R01427
SOT,Stoke-On-Trent,R01428
SOT,Stoke-On-Trent,R01680
SOU,Southampton Central,R00077
SOU,Southampton Central,R00283
SOU,Southampton Central,R00286
SOU,Southampton Central,R00329
SOU,Southampton Central,R00331
SOU,Southampton Central,R00348
SOU,Southampton Central,R00399
SOU,Southampton Central,R00431
SOU,Southampton Central,R00498
SOU,Southampton Central,R00626
SOU,Southampton Central,R00629
SOU,Southampton Central,R00631
SOU,Southampton Central,R00737
SOU,Southampton Central,R00739
SOU,Southampton Central,R00742
SOU,Southampton Central,R00746
SOU,Southampton Central,R00753
SOU,Southampton Central,R00757
SOU,Southampton Central,R00780
SOU,Southampton Central,R00782
SOU,Southampton Central,R00783
SOU,Southampton Central,R00786
SOU,Southampton Central,R00805
SOU,Southampton Central,R00812
SOU,Southampton Central,R00866
SOU,Southampton Central,R00869
SOU,Southampton Central,R00877
SOU,Southampton Central,R00878
SOU,Southampton Central,R00903
SOU,Southampton Central,R00914
SOU,Southampton Central,R00964
SOU,Southampton Central,R00966
SOU,Southampton Central,R00969
SOU,Southampton Central,R00985
SOU,Southampton Central,R01027
SOU,Southampton Central,R01035
SOU,Southampton Central,R01079
SOU,Southampton Central,R01246
SOU,Southampton Central,R01444
SOU,Southampton Central,R01479
SOU,Southampton Central,R01629
SOU,Southampton Central,R01667
SOU,Southampton Central,R01712
SOU,Southampton Central,R01715
SOU,Southampton Central,R01861
SOU,Southampton Central,R01889
SOU,Southampton Central,R01890
SOU,Southampton Central,R01930
SOU,Southampton Central,R02089
SOV,Southend Victoria,R00832
SOV,Southend Victoria,R00898
SOV,Southend Victoria,R01269
SOV,Southend Victoria,R01653
SOW,Sowerby Bridge,R00121
SOW,Sowerby Bridge,R00138
SOW,Sowerby Bridge,R00193
SOW,Sowerby Bridge,R00231
SOW,Sowerby Bridge,R00652
SOW,Sowerby Bridge,R00729
SOW,Sowerby Bridge,R00815
SOW,Sowerby Bridge,R01165
SOW,Sowerby Bridge,R01170
SOW,Sowerby Bridge,R01172
SOW,Sowerby Bridge,R01608
SOW,Sowerby Bridge,R01895
SOY,,R01524
SOY,,R01926
SPA,Spalding,R00109
SPA,Spalding,R00113
SPA,Spalding,R00117
SPA,Spalding,R00165
SPB,Shepherds Bush,R00174
SPB,Shepherds Bush,R00177
SPB,Shepherds Bush,R00252
SPB,Shepherds Bush,R00403
SPB,Shepherds Bush,R00859
SPB,Shepherds Bush,R00905
SPB,Shepherds Bush,R00979
SPB,Shepherds Bush,R01010
SPB,Shepherds Bush,R01095
SPB,Shepherds Bush,R01105
SPF,Springfield,R00714
SPF,Springfield,R01258
SPF,Springfield,R01260
SPH,Shepherds Well,R00125
SPH,Shepherds Well,R00345
SPH,Shepherds Well,R00402
SPH,Shepherds Well,R00413
SPH,Shepherds Well,R00414
SPH,Shepherds Well,R00437
SPH,Shepherds Well,R00854
SPH,Shepherds Well,R01561
SPH,Shepherds Well,R01601
SPH,Shepherds Well,R01627
SPI,Spital,R00500
SPI,Spital,R00502
SPI,Spital,R00505
SPI,Spital,R00511
SPI,Spital,R00558
SPK,Sutton Parkway,R01366
SPK,Sutton Parkway,R01433
SPK,Sutton Parkway,R01434
SPK,Sutton Parkway,R01435
SPK,Sutton Parkway,R01436
SPK,Sutton Parkway,R01451
SPL,,R00002
SPL,,R00076
SPL,,R00079
SPL,,R00092
SPL,,R00097
SPL,,R00188
SPL,,R00217
SPL,,R00271
SPL,,R00398
SPL,,R00416
SPL,,R00660
SPL,,R00727
SPL,,R00762
SPL,,R00968
SPL,,R00970
SPL,,R00971
SPL,,R00972
SPL,,R01171
SPL,,R01180
SPL,,R01187
SPL,,R01239
SPL,,R01241
SPL,,R01257
SPL,,R01262
SPL,,R01264
SPL,,R01272
SPL,,R01283
SPL,,R01600
SPL,,R01628
SPL,,R01736
SPL,,R01737
SPL,,R01739
SPL,,R01755
SPN,Spooner Row,R00954
SPN,Spooner Row,R01982
SPN,Spooner Row,R01983
SPO,Spondon,R00023
SPO,Spondon,R00296
SPO,Spondon,R00298
SPO,Spondon,R00336
SPO,Spondon,R00344
SPO,Spondon,R00347
SPO,Spondon,R00459
SPO,Spondon,R00513
SPO,Spondon,R00661
SPO,Spondon,R00886
SPO,Spondon,R00889
SPO,Spondon,R00900
SPO,Spondon,R00948
SPO,Spondon,R00966
SPO,Spondon,R00992
SPO,Spondon,R01076
SPO,Spondon,R01197
SPO,Spondon,R01207
SPO,Spondon,R01335
SPO,Spondon,R01412
SPO,Spondon,R01425
SPO,Spondon,R01426
SPO,Spondon,R01427
SPO,Spondon,R01428
SPO,Spondon,R01440
SPO,Spondon,R01441
SPO,Spondon,R01447
SPO,Spondon,R01450
SPO,Spondon,R01455
SPO,Spondon,R01654
SPO,Spondon,R01724
SPP,Shippea Hill,R00954
SPR,Springburn,R00287
SPR,Springburn,R00375
SPR,Springburn,R00480
SPR,Springburn,R01173
SPR,Springburn,R01591
SPR,Springburn,R01675
SPR,Springburn,R01833
SPR,Springburn,R01844
SPR,Springburn,R01849
SPS,Stepps,R01675
SPS,Stepps,R01833
SPS,Stepps,R01849
SPT,Stockport,R00056
SPT,Stockport,R00061
SPT,Stockport,R00062
SPT,Stockport,R00063
SPT,Stockport,R00071
SPT,Stockport,R00077
SPT,Stockport,R00283
SPT,Stockport,R00290
SPT,Stockport,R00336
SPT,Stockport,R00372
SPT,Stockport,R00441
SPT,Stockport,R00498
SPT,Stockport,R00512
SPT,Stockport,R00519
SPT,Stockport,R00562
SPT,Stockport,R00592
SPT,Stockport,R00600
SPT,Stockport,R00634
SPT,Stockport,R00635
SPT,Stockport,R00640
SPT,Stockport,R00649
SPT,Stockport,R00673
SPT,Stockport,R00723
SPT,Stockport,R00724
SPT,Stockport,R00758
SPT,Stockport,R00765
SPT,Stockport,R00780
SPT,Stockport,R00796
SPT,Stockport,R00830
SPT,Stockport,R00902
SPT,Stockport,R00935
SPT,Stockport,R01013
SPT,Stockport,R01030
SPT,Stockport,R01031
SPT,Stockport,R01131
SPT,Stockport,R01133
SPT,Stockport,R01135
SPT,Stockport,R01265
SPT,Stockport,R01285
SPT,Stockport,R01322
SPT,Stockport,R01365
SPT,Stockport,R01380
SPT,Stockport,R01679
SPT,Stockport,R01680
SPT,Stockport,R01727
SPT,Stockport,R01761
SPT,Stockport,R01773
SPT,Stockport,R01848
SPT,Stockport,R02013
SPT,Stockport,R02086
SPU,Staplehurst,R00014
SPU,Staplehurst,R00125
SPU,Staplehurst,R00256
SPU,Staplehurst,R00436
SPU,Staplehurst,R00514
SPU,Staplehurst,R00524
SPU,Staplehurst,R00671
SPU,Staplehurst,R01587
SPU,Staplehurst,R01636
SPU,Staplehurst,R01637
SPU,Staplehurst,R01639
SPU,Staplehurst,R01645
SPU,Staplehurst,R01660
SPX,,R00256
SPX,,R00436
SPX,,R01058
SPX,,R01089
SPX,,R01090
SPX,,R01296
SPX,,R01342
SPX,,R01568
SPX,,R01587
SPX,,R01618
SPX,,R01637
SPX,,R01639
SPX,,R01660
SPX,,R01967
SPX,,R01969
SPX,,R01971
SPX,,R01975
SPX,,R01976
SPX,,R01995
SPX,,R01997
SPX,,R02005
SPX,,R02015
SPX,,R02038
SPX,,R02094
SPY,Shepley,R00011
SPY,Shepley,R00038
SPY,Shepley,R01756
SQE,Surrey Quays,R00003
SQE,Surrey Quays,R00010
SQE,Surrey Quays,R00020
SQE,Surrey Quays,R00021
SQE,Surrey Quays,R00024
SQE,Surrey Quays,R00075
SQE,Surrey Quays,R00717
SQH,Sanquhar,R00383
SQH,Sanquhar,R01215
SQH,Sanquhar,R01368
SQH,Sanquhar,R01666
SQU,Squires Gate,R01321
SQU,Squires Gate,R01484
SQU,Squires Gate,R01580
SRA,Stratford (London),R00144
SRA,Stratford (London),R00177
SRA,Stratford (London),R00207
SRA,Stratford (London),R00252
SRA,Stratford (London),R00258
SRA,Stratford (London),R00323
SRA,Stratford (London),R00566
SRA,Stratford (London),R00569
SRA,Stratford (London),R00791
SRA,Stratford (London),R00793
SRA,Stratford (London),R00832
SRA,Stratford (London),R00850
SRA,Stratford (London),R00872
SRA,Stratford (London),R00874
SRA,Stratford (London),R00881
SRA,Stratford (London),R00882
SRA,Stratford (London),R00888
SRA,Stratford (London),R00890
SRA,Stratford (London),R00898
SRA,Stratford (London),R01000
SRA,Stratford (London),R01038
SRA,Stratford (London),R01092
SRA,Stratford (London),R01093
SRA,Stratford (London),R01184
SRA,Stratford (London),R01269
SRA,Stratford (London),R01335
SRA,Stratford (London),R01348
SRA,Stratford (London),R01405
SRA,Stratford (London),R01431
SRA,Stratford (London),R01514
SRA,Stratford (London),R01593
SRA,Stratford (London),R01595
SRA,Stratford (London),R01653
SRA,Stratford (London),R01692
SRA,Stratford (London),R01823
SRA,Stratford (London),R01868
SRA,Stratford (London),R01871
SRA,Stratford (London),R01881
SRA,Stratford (London),R01882
SRA,Stratford (London),R01891
SRA,Stratford (London),R01904
SRA,Stratford (London),R01906
SRA,Stratford (London),R02037
SRA,Stratford (London),R02042
SRC,Streatham Common,R00097
SRC,Streatham Common,R00238
SRC,Streatham Common,R00239
SRC,Streatham Common,R00242
SRC,Streatham Common,R00248
SRC,Streatham Common,R00265
SRC,Streatham Common,R00282
SRC,Streatham Common,R00403
SRC,Streatham Common,R00451
SRC,Streatham Common,R00535
SRC,Streatham Common,R00627
SRC,Streatham Common,R00632
SRC,Streatham Common,R00656
SRC,Streatham Common,R00695
SRC,Streatham Common,R00727
SRC,Streatham Common,R00860
SRC,Streatham Common,R00905
SRC,Streatham Common,R00951
SRC,Streatham Common,R00968
SRC,Streatham Common,R00979
SRC,Streatham Common,R01029
SRC,Streatham Common,R01036
SRC,Streatham Common,R01171
SRC,Streatham Common,R01180
SRC,Streatham Common,R01187
SRC,Streatham Common,R01241
SRC,Streatham Common,R01278
SRC,Streatham Common,R01521
SRC,Streatham Common,R01780
SRC,Streatham Common,R01858
SRC,Streatham Common,R01898
SRC,Streatham Common,R01939
SRC,Streatham Common,R02023
SRD,Stapleton Road,R00042
SRD,Stapleton Road,R00070
SRD,Stapleton Road,R00430
SRD,Stapleton Road,R01034
SRD,Stapleton Road,R01246
SRD,Stapleton Road,R01344
SRD,Stapleton Road,R01346
SRD,Stapleton Road,R01361
SRD,Stapleton Road,R01376
SRD,Stapleton Road,R01379
SRD,Stapleton Road,R01465
SRD,Stapleton Road,R01467
SRD,Stapleton Road,R01715
SRD,Stapleton Road,R01716
SRD,Stapleton Road,R01747
SRG,Seer Green & Jordans,R00004
SRG,Seer Green & Jordans,R00012
SRG,Seer Green & Jordans,R00033
SRG,Seer Green & Jordans,R00036
SRG,Seer Green & Jordans,R00039
SRG,Seer Green & Jordans,R00041
SRG,Seer Green & Jordans,R00134
SRG,Seer Green & Jordans,R00158
SRG,Seer Green & Jordans,R00246
SRG,Seer Green & Jordans,R00429
SRG,Seer Green & Jordans,R00982
SRH,Streatham Hill,R00243
SRH,Streatham Hill,R00575
SRH,Streatham Hill,R00697
SRH,Streatham Hill,R00701
SRH,Streatham Hill,R00818
SRH,Streatham Hill,R00952
SRH,Streatham Hill,R00965
SRH,Streatham Hill,R01794
SRI,Spring Road,R00115
SRI,Spring Road,R00768
SRI,Spring Road,R00770
SRI,Spring Road,R00773
SRI,Spring Road,R00775
SRI,Spring Road,R00776
SRI,Spring Road,R00788
SRI,Spring Road,R00883
SRI,Spring Road,R00892
SRL,Shirley,R00115
SRL,Shirley,R00768
SRL,Shirley,R00770
SRL,Shirley,R00773
SRL,Shirley,R00775
SRL,Shirley,R00776
SRL,Shirley,R00788
SRL,Shirley,R00883
SRL,Shirley,R00892
SRN,Strines,R00290
SRN,Strines,R00790
SRN,Strines,R00963
SRN,Strines,R01082
SRN,Strines,R01085
SRO,Shireoaks,R00062
SRO,Shireoaks,R00328
SRO,Shireoaks,R00332
SRO,Shireoaks,R00334
SRO,Shireoaks,R00359
SRO,Shireoaks,R01362
SRO,Shireoaks,R01574
SRO,Shireoaks,R01753
SRR,Sarn,R00280
SRR,Sarn,R00559
SRR,Sarn,R00601
SRR,Sarn,R01782
SRS,Selhurst,R00091
SRS,Selhurst,R00097
SRS,Selhurst,R00199
SRS,Selhurst,R00238
SRS,Selhurst,R00239
SRS,Selhurst,R00242
SRS,Selhurst,R00248
SRS,Selhurst,R00265
SRS,Selhurst,R00271
SRS,Selhurst,R00282
SRS,Selhurst,R00403
SRS,Selhurst,R00451
SRS,Selhurst,R00452
SRS,Selhurst,R00517
SRS,Selhurst,R00535
SRS,Selhurst,R00627
SRS,Selhurst,R00632
SRS,Selhurst,R00656
SRS,Selhurst,R00674
SRS,Selhurst,R00676
SRS,Selhurst,R00695
SRS,Selhurst,R00727
SRS,Selhurst,R00860
SRS,Selhurst,R00905
SRS,Selhurst,R00951
SRS,Selhurst,R00968
SRS,Selhurst,R00979
SRS,Selhurst,R01011
SRS,Selhurst,R01029
SRS,Selhurst,R01036
SRS,Selhurst,R01168
SRS,Selhurst,R01171
SRS,Selhurst,R01187
SRS,Selhurst,R01241
SRS,Selhurst,R01367
SRS,Selhurst,R01634
SRS,Selhurst,R01776
SRS,Selhurst,R01780
SRS,Selhurst,R01840
SRS,Selhurst,R01858
SRS,Selhurst,R01898
SRS,Selhurst,R01907
SRS,Selhurst,R01910
SRS,Selhurst,R01939
SRS,Selhurst,R02103
SRT,Shortlands,R00002
SRT,Shortlands,R00014
SRT,Shortlands,R00076
SRT,Shortlands,R00092
SRT,Shortlands,R00221
SRT,Shortlands,R00343
SRT,Shortlands,R00345
SRT,Shortlands,R00413
SRT,Shortlands,R00437
SRT,Shortlands,R00469
SRT,Shortlands,R00514
SRT,Shortlands,R00522
SRT,Shortlands,R00525
SRT,Shortlands,R00528
SRT,Shortlands,R00539
SRT,Shortlands,R00542
SRT,Shortlands,R00854
SRT,Shortlands,R00856
SRT,Shortlands,R00857
SRT,Shortlands,R00862
SRT,Shortlands,R00913
SRT,Shortlands,R00971
SRT,Shortlands,R01099
SRT,Shortlands,R01283
SRT,Shortlands,R01333
SRT,Shortlands,R01575
SRT,Shortlands,R01615
SRT,Shortlands,R01627
SRT,Shortlands,R01655
SRT,Shortlands,R01682
SRT,Shortlands,R01737
SRT,Shortlands,R01739
SRT,Shortlands,R02072
SRT,Shortlands,R02093
SRU,South Ruislip,R00004
SRU,South Ruislip,R00012
SRU,South Ruislip,R00033
SRU,South Ruislip,R00036
SRU,South Ruislip,R00039
SRU,South Ruislip,R00041
SRU,South Ruislip,R00053
SRU,South Ruislip,R00060
SRU,South Ruislip,R00072
SRU,South Ruislip,R00095
SRU,South Ruislip,R00134
SRU,South Ruislip,R00146
SRU,South Ruislip,R00155
SRU,South Ruislip,R00158
SRU,South Ruislip,R00209
SRU,South Ruislip,R00226
SRU,South Ruislip,R00246
SRU,South Ruislip,R00429
SRU,South Ruislip,R00435
SRU,South Ruislip,R00471
SRU,South Ruislip,R00479
SRU,South Ruislip,R00981
SRU,South Ruislip,R00982
SRU,South Ruislip,R01508
SRU,South Ruislip,R01513
SRU,South Ruislip,R01938
SRU,South Ruislip,R01941
SRU,South Ruislip,R02041
SRU,South Ruislip,R02091
SRY,Shoeburyness,R00137
SRY,Shoeburyness,R00434
SRY,Shoeburyness,R00444
SRY,Shoeburyness,R01354
SRY,Shoeburyness,R01402
SRY,Shoeburyness,R01850
SSC,Seascale,R00142
SSC,Seascale,R00376
SSC,Seascale,R00391
SSC,Seascale,R00814
SSC,Seascale,R00817
SSC,Seascale,R01018
SSC,Seascale,R01242
SSD,Stansted Airport,R00029
SSD,Stansted Airport,R00151
SSD,Stansted Airport,R00187
SSD,Stansted Airport,R00336
SSD,Stansted Airport,R00379
SSD,Stansted Airport,R00994
SSD,Stansted Airport,R01203
SSD,Stansted Airport,R01268
SSD,Stansted Airport,R01286
SSD,Stansted Airport,R01348
SSD,Stansted Airport,R01382
SSD,Stansted Airport,R01470
SSD,Stansted Airport,R01735
SSD,Stansted Airport,R01806
SSE,Shoreham-By-Sea,R00043
SSE,Shoreham-By-Sea,R00199
SSE,Shoreham-By-Sea,R00239
SSE,Shoreham-By-Sea,R00253
SSE,Shoreham-By-Sea,R00657
SSE,Shoreham-By-Sea,R00740
SSE,Shoreham-By-Sea,R00742
SSE,Shoreham-By-Sea,R00743
SSE,Shoreham-By-Sea,R00748
SSE,Shoreham-By-Sea,R00812
SSE,Shoreham-By-Sea,R00930
SSE,Shoreham-By-Sea,R00967
SSE,Shoreham-By-Sea,R00969
SSE,Shoreham-By-Sea,R01009
SSE,Shoreham-By-Sea,R01039
SSE,Shoreham-By-Sea,R01097
SSE,Shoreham-By-Sea,R01367
SSE,Shoreham-By-Sea,R01419
SSE,Shoreham-By-Sea,R01780
SSE,Shoreham-By-Sea,R01922
SSE,Shoreham-By-Sea,R01930
SSM,Stocksmoor,R00011
SSM,Stocksmoor,R00038
SSM,Stocksmoor,R01756
SSS,Sheerness-On-Sea,R00013
SSS,Sheerness-On-Sea,R00026
SSS,Sheerness-On-Sea,R01607
SST,Stansted Mountfitchet,R00151
SST,Stansted Mountfitchet,R00628
SST,Stansted Mountfitchet,R01203
SST,Stansted Mountfitchet,R01210
SST,Stansted Mountfitchet,R01286
SST,Stansted Mountfitchet,R01348
SST,Stansted Mountfitchet,R01356
SST,Stansted Mountfitchet,R01382
SST,Stansted Mountfitchet,R01735
SST,Stansted Mountfitchet,R01806
SST,Stansted Mountfitchet,R01887
SST,Stansted Mountfitchet,R01917
STA,Stafford,R00056
STA,Stafford,R00077
STA,Stafford,R00102
STA,Stafford,R00114
STA,Stafford,R00283
STA,Stafford,R00311
STA,Stafford,R00314
STA,Stafford,R00341
STA,Stafford,R00372
STA,Stafford,R00410
STA,Stafford,R00498
STA,Stafford,R00581
STA,Stafford,R00589
STA,Stafford,R00602
STA,Stafford,R00704
STA,Stafford,R00780
STA,Stafford,R00820
STA,Stafford,R00825
STA,Stafford,R00845
STA,Stafford,R00902
STA,Stafford,R00935
STA,Stafford,R00964
STA,Stafford,R01054
STA,Stafford,R01077
STA,Stafford,R01078
STA,Stafford,R01119
STA,Stafford,R01198
STA,Stafford,R01247
STA,Stafford,R01256
STA,Stafford,R01259
STA,Stafford,R01281
STA,Stafford,R01307
STA,Stafford,R01413
STA,Stafford,R01432
STA,Stafford,R01514
STA,Stafford,R01553
STA,Stafford,R01599
STA,Stafford,R01690
STA,Stafford,R01691
STA,Stafford,R01697
STA,Stafford,R01706
STA,Stafford,R01710
STA,Stafford,R01905
STA,Stafford,R02086
STC,Strathcarron,R01157
STC,Strathcarron,R01160
STD,Stroud,R00034
STD,Stroud,R00057
STD,Stroud,R00089
STD,Stroud,R00342
STD,Stroud,R01414
STD,Stroud,R01444
STD,Stroud,R01725
STE,Streatham,R00076
STE,Streatham,R00092
STE,Streatham,R00398
STE,Streatham,R00403
STE,Streatham,R00416
STE,Streatham,R00695
STE,Streatham,R00762
STE,Streatham,R00951
STE,Streatham,R00968
STE,Streatham,R00971
STE,Streatham,R01029
STE,Streatham,R01036
STE,Streatham,R01097
STE,Streatham,R01171
STE,Streatham,R01180
STE,Streatham,R01241
STF,Stromeferry,R01157
STF,Stromeferry,R01160
STG,Stirling,R00056
STG,Stirling,R00073
STG,Stirling,R00145
STG,Stirling,R00162
STG,Stirling,R00169
STG,Stirling,R00464
STG,Stirling,R00467
STG,Stirling,R00685
STG,Stirling,R00687
STG,Stirling,R00688
STG,Stirling,R00690
STG,Stirling,R00692
STG,Stirling,R00704
STG,Stirling,R01129
STG,Stirling,R01281
STG,Stirling,R01929
STG,Stirling,R01931
STG,Stirling,R01933
STH,Shepreth,R00073
STH,Shepreth,R00129
STH,Shepreth,R00319
STH,Shepreth,R00620
STH,Shepreth,R00660
STH,Shepreth,R00749
STH,Shepreth,R00968
STH,Shepreth,R01494
STI,,R00546
STI,,R00556
STI,,R00572
STI,,R00636
STI,,R00678
STI,,R00679
STJ,Severn Tunnel Junction,R00023
STJ,Severn Tunnel Junction,R00034
STJ,Severn Tunnel Junction,R00042
STJ,Severn Tunnel Junction,R00321
STJ,Severn Tunnel Junction,R00347
STJ,Severn Tunnel Junction,R00371
STJ,Severn Tunnel Junction,R00372
STJ,Severn Tunnel Junction,R00600
STJ,Severn Tunnel Junction,R00661
STJ,Severn Tunnel Junction,R00880
STJ,Severn Tunnel Junction,R00917
STJ,Severn Tunnel Junction,R00923
STJ,Severn Tunnel Junction,R00924
STJ,Severn Tunnel Junction,R00948
STJ,Severn Tunnel Junction,R00975
STJ,Severn Tunnel Junction,R00977
STJ,Severn Tunnel Junction,R00985
STJ,Severn Tunnel Junction,R01034
STJ,Severn Tunnel Junction,R01037
STJ,Severn Tunnel Junction,R01106
STJ,Severn Tunnel Junction,R01217
STJ,Severn Tunnel Junction,R01238
STJ,Severn Tunnel Junction,R01246
STJ,Severn Tunnel Junction,R01248
STJ,Severn Tunnel Junction,R01462
STJ,Severn Tunnel Junction,R01465
STJ,Severn Tunnel Junction,R01467
STJ,Severn Tunnel Junction,R01728
STJ,Severn Tunnel Junction,R01740
STJ,Severn Tunnel Junction,R01877
STJ,Severn Tunnel Junction,R01972
STK,Stockton,R00066
STK,Stockton,R00073
STK,Stockton,R00302
STK,Stockton,R00306
STK,Stockton,R00324
STK,Stockton,R00983
STK,Stockton,R01114
STK,Stockton,R01118
STK,Stockton,R01305
STK,Stockton,R01378
STK,Stockton,R01801
STL,Southall,R00034
STL,Southall,R00042
STL,Southall,R00070
STL,Southall,R00089
STL,Southall,R00105
STL,Southall,R00124
STL,Southall,R00342
STL,Southall,R00362
STL,Southall,R00372
STL,Southall,R00387
STL,Southall,R00401
STL,Southall,R00455
STL,Southall,R00540
STL,Southall,R00550
STL,Southall,R00582
STL,Southall,R00600
STL,Southall,R00621
STL,Southall,R00726
STL,Southall,R00850
STL,Southall,R00917
STL,Southall,R00918
STL,Southall,R00941
STL,Southall,R00984
STL,Southall,R01037
STL,Southall,R01038
STL,Southall,R01056
STL,Southall,R01057
STL,Southall,R01151
STL,Southall,R01184
STL,Southall,R01217
STL,Southall,R01222
STL,Southall,R01235
STL,Southall,R01237
STL,Southall,R01246
STL,Southall,R01249
STL,Southall,R01263
STL,Southall,R01298
STL,Southall,R01299
STL,Southall,R01373
STL,Southall,R01374
STL,Southall,R01381
STL,Southall,R01416
STL,Southall,R01581
STL,Southall,R01593
STL,Southall,R01595
STL,Southall,R01644
STL,Southall,R01652
STL,Southall,R01656
STL,Southall,R01657
STL,Southall,R01658
STL,Southall,R01692
STL,Southall,R01694
STL,Southall,R01701
STL,Southall,R01712
STL,Southall,R01719
STL,Southall,R01723
STL,Southall,R01731
STL,Southall,R01732
STL,Southall,R01733
STL,Southall,R01740
STL,Southall,R01777
STL,Southall,R01781
STL,Southall,R01829
STL,Southall,R01877
STL,Southall,R01912
STL,Southall,R01942
STL,Southall,R01943
STL,Southall,R01958
STM,St Michaels,R01003
STM,St Michaels,R01430
STM,St Michaels,R01759
STN,Stonehaven,R00073
STN,Stonehaven,R00139
STN,Stonehaven,R00145
STN,Stonehaven,R00162
STN,Stonehaven,R00467
STN,Stonehaven,R00476
STN,Stonehaven,R00582
STN,Stonehaven,R00687
STN,Stonehaven,R00690
STN,Stonehaven,R00749
STN,Stonehaven,R00750
STN,Stonehaven,R01028
STN,Stonehaven,R01129
STN,Stonehaven,R01142
STN,Stonehaven,R01185
STN,Stonehaven,R01244
STN,Stonehaven,R01327
STN,Stonehaven,R01544
STO,South Tottenham,R00510
STO,South Tottenham,R01019
STP,London St Pancras International,R00156
STP,London St Pancras International,R00296
STP,London St Pancras International,R00298
STP,London St Pancras International,R00299
STP,London St Pancras International,R00304
STP,London St Pancras International,R00459
STP,London St Pancras International,R00506
STP,London St Pancras International,R00810
STP,London St Pancras International,R00992
STP,London St Pancras International,R01076
STP,London St Pancras International,R01425
STP,London St Pancras International,R01447
STP,London St Pancras International,R01450
STP,London St Pancras International,R01654
STP,London St Pancras International,R01724
STR,Stranraer,R00275
STR,Stranraer,R00353
STR,Stranraer,R00355
STS,Saltash,R00034
STS,Saltash,R00321
STS,Saltash,R00346
STS,Saltash,R00350
STS,Saltash,R00351
STS,Saltash,R00455
STS,Saltash,R00550
STS,Saltash,R01237
STS,Saltash,R01246
STS,Saltash,R01325
STS,Saltash,R01381
STS,Saltash,R01443
STS,Saltash,R01448
STS,Saltash,R01473
STS,Saltash,R01784
STS,Saltash,R01819
STS,Saltash,R02034
STT,Stewarton,R00353
STT,Stewarton,R00383
STT,Stewarton,R01174
STT,Stewarton,R01175
STT,Stewarton,R01177
STT,Stewarton,R01215
STT,Stewarton,R01368
STT,Stewarton,R01666
STU,Sturry,R00014
STU,Sturry,R00125
STU,Sturry,R00413
STU,Sturry,R00436
STU,Sturry,R00437
STU,Sturry,R00539
STU,Sturry,R00668
STU,Sturry,R00854
STU,Sturry,R01090
STU,Sturry,R01333
STU,Sturry,R01568
STU,Sturry,R01637
STU,Sturry,R01997
STV,Stevenston,R00163
STV,Stevenston,R00166
STV,Stevenston,R01150
STV,Stevenston,R01204
STV,Stevenston,R01205
STV,Stevenston,R01208
STW,Strawberry Hill,R00645
STW,Strawberry Hill,R00718
STW,Strawberry Hill,R00802
STW,Strawberry Hill,R00804
STW,Strawberry Hill,R00864
STW,Strawberry Hill,R00943
STW,Strawberry Hill,R00957
STW,Strawberry Hill,R00987
STW,Strawberry Hill,R01144
STW,Strawberry Hill,R01978
STY,Stratford-upon-Avon Parkway,R00115
STY,Stratford-upon-Avon Parkway,R00126
STY,Stratford-upon-Avon Parkway,R00246
STY,Stratford-upon-Avon Parkway,R00397
STY,Stratford-upon-Avon Parkway,R00768
STY,Stratford-upon-Avon Parkway,R00770
STY,Stratford-upon-Avon Parkway,R00773
STY,Stratford-upon-Avon Parkway,R00775
STY,Stratford-upon-Avon Parkway,R00776
STY,Stratford-upon-Avon Parkway,R00788
STY,Stratford-upon-Avon Parkway,R00892
STY,Stratford-upon-Avon Parkway,R00894
STY,Stratford-upon-Avon Parkway,R00896
STY,Stratford-upon-Avon Parkway,R00901
STY,Stratford-upon-Avon Parkway,R00904
STY,Stratford-upon-Avon Parkway,R01188
STY,Stratford-upon-Avon Parkway,R01585
STY,Stratford-upon-Avon Parkway,R01924
STY,Stratford-upon-Avon Parkway,R02082
STZ,St Peters,R00546
STZ,St Peters,R00556
STZ,St Peters,R00572
STZ,St Peters,R00636
STZ,St Peters,R00678
STZ,St Peters,R00679
SUC,Sutton Common,R00076
SUC,Sutton Common,R00092
SUC,Sutton Common,R00398
SUC,Sutton Common,R00416
SUD,Sudbury & Harrow Road,R00060
SUD,Sudbury & Harrow Road,R00146
SUD,Sudbury & Harrow Road,R00429
SUD,Sudbury & Harrow Road,R02041
SUG,Sugar Loaf,R00385
SUG,Sugar Loaf,R00600
SUG,Sugar Loaf,R01852
SUM,Summerston,R00235
SUM,Summerston,R00247
SUN,Sunderland,R00066
SUN,Sunderland,R00073
SUN,Sunderland,R00302
SUN,Sunderland,R00306
SUN,Sunderland,R00324
SUN,Sunderland,R00546
SUN,Sunderland,R00556
SUN,Sunderland,R00572
SUN,Sunderland,R00636
SUN,Sunderland,R00678
SUN,Sunderland,R00679
SUN,Sunderland,R00983
SUN,Sunderland,R01114
SUN,Sunderland,R01118
SUN,Sunderland,R01305
SUN,Sunderland,R01378
SUN,Sunderland,R01801
SUO,Sutton (London),R00076
SUO,Sutton (London),R00092
SUO,Sutton (London),R00240
SUO,Sutton (London),R00242
SUO,Sutton (London),R00253
SUO,Sutton (London),R00398
SUO,Sutton (London),R00416
SUO,Sutton (London),R00535
SUO,Sutton (London),R00575
SUO,Sutton (London),R00632
SUO,Sutton (London),R00695
SUO,Sutton (London),R00762
SUO,Sutton (London),R00951
SUO,Sutton (London),R00953
SUO,Sutton (London),R00955
SUO,Sutton (London),R00971
SUO,Sutton (London),R01008
SUO,Sutton (London),R01029
SUO,Sutton (London),R01042
SUO,Sutton (London),R01385
SUO,Sutton (London),R01387
SUO,Sutton (London),R01391
SUO,Sutton (London),R01415
SUO,Sutton (London),R01634
SUO,Sutton (London),R01683
SUO,Sutton (London),R01684
SUO,Sutton (London),R01858
SUO,Sutton (London),R02023
SUP,Sundridge Park,R00308
SUP,Sundridge Park,R00310
SUR,Surbiton,R00329
SUR,Surbiton,R00331
SUR,Surbiton,R00417
SUR,Surbiton,R00440
SUR,Surbiton,R00458
SUR,Surbiton,R00598
SUR,Surbiton,R00599
SUR,Surbiton,R00616
SUR,Surbiton,R00626
SUR,Surbiton,R00631
SUR,Surbiton,R00643
SUR,Surbiton,R00657
SUR,Surbiton,R00665
SUR,Surbiton,R00672
SUR,Surbiton,R00675
SUR,Surbiton,R00677
SUR,Surbiton,R00694
SUR,Surbiton,R00711
SUR,Surbiton,R00725
SUR,Surbiton,R00737
SUR,Surbiton,R00746
SUR,Surbiton,R00747
SUR,Surbiton,R00753
SUR,Surbiton,R00757
SUR,Surbiton,R00761
SUR,Surbiton,R00782
SUR,Surbiton,R00799
SUR,Surbiton,R00800
SUR,Surbiton,R00801
SUR,Surbiton,R00805
SUR,Surbiton,R00866
SUR,Surbiton,R00870
SUR,Surbiton,R00910
SUR,Surbiton,R00926
SUR,Surbiton,R00928
SUR,Surbiton,R00929
SUR,Surbiton,R00961
SUR,Surbiton,R00962
SUR,Surbiton,R00986
SUR,Surbiton,R00996
SUR,Surbiton,R01020
SUR,Surbiton,R01068
SUR,Surbiton,R01070
SUR,Surbiton,R01079
SUR,Surbiton,R01080
SUR,Surbiton,R01083
SUR,Surbiton,R01084
SUR,Surbiton,R01097
SUR,Surbiton,R01147
SUR,Surbiton,R01224
SUR,Surbiton,R01226
SUR,Surbiton,R01250
SUR,Surbiton,R01604
SUR,Surbiton,R01629
SUR,Surbiton,R01752
SUR,Surbiton,R01760
SUR,Surbiton,R01791
SUR,Surbiton,R01820
SUR,Surbiton,R01861
SUT,Sutton Coldfield,R00037
SUT,Sutton Coldfield,R00040
SUT,Sutton Coldfield,R00759
SUT,Sutton Coldfield,R01148
SUT,Sutton Coldfield,R01158
SUT,Sutton Coldfield,R01225
SUT,Sutton Coldfield,R01310
SUT,Sutton Coldfield,R01442
SUU,Sunbury,R00718
SUU,Sunbury,R00802
SUU,Sunbury,R00804
SUU,Sunbury,R00864
SUU,Sunbury,R00943
SUU,Sunbury,R00945
SUU,Sunbury,R00946
SUY,Sudbury Suffolk,R00481
SUY,Sudbury Suffolk,R00483
SUY,Sudbury Suffolk,R01937
SVB,Severn Beach,R00042
SVB,Severn Beach,R00070
SVB,Severn Beach,R00430
SVB,Severn Beach,R01214
SVB,Severn Beach,R01361
SVG,Stevenage,R00064
SVG,Stevenage,R00066
SVG,Stevenage,R00073
SVG,Stevenage,R00082
SVG,Stevenage,R00094
SVG,Stevenage,R00128
SVG,Stevenage,R00129
SVG,Stevenage,R00217
SVG,Stevenage,R00271
SVG,Stevenage,R00319
SVG,Stevenage,R00321
SVG,Stevenage,R00361
SVG,Stevenage,R00365
SVG,Stevenage,R00370
SVG,Stevenage,R00373
SVG,Stevenage,R00464
SVG,Stevenage,R00465
SVG,Stevenage,R00470
SVG,Stevenage,R00477
SVG,Stevenage,R00485
SVG,Stevenage,R00496
SVG,Stevenage,R00507
SVG,Stevenage,R00620
SVG,Stevenage,R00628
SVG,Stevenage,R00660
SVG,Stevenage,R00689
SVG,Stevenage,R00690
SVG,Stevenage,R00702
SVG,Stevenage,R00707
SVG,Stevenage,R00727
SVG,Stevenage,R00749
SVG,Stevenage,R00819
SVG,Stevenage,R00968
SVG,Stevenage,R00970
SVG,Stevenage,R01171
SVG,Stevenage,R01180
SVG,Stevenage,R01311
SVG,Stevenage,R01383
SVG,Stevenage,R01386
SVG,Stevenage,R01491
SVG,Stevenage,R01492
SVG,Stevenage,R01493
SVG,Stevenage,R01494
SVG,Stevenage,R01596
SVG,Stevenage,R01606
SVG,Stevenage,R01646
SVG,Stevenage,R01686
SVG,Stevenage,R01687
SVG,Stevenage,R01764
SVG,Stevenage,R01867
SVG,Stevenage,R01869
SVK,Seven Kings,R00207
SVK,Seven Kings,R00323
SVK,Seven Kings,R00832
SVK,Seven Kings,R00850
SVK,Seven Kings,R00881
SVK,Seven Kings,R00882
SVK,Seven Kings,R00888
SVK,Seven Kings,R00898
SVK,Seven Kings,R01038
SVK,Seven Kings,R01184
SVK,Seven Kings,R01431
SVK,Seven Kings,R01595
SVK,Seven Kings,R01692
SVL,Staveley,R00142
SVL,Staveley,R00521
SVL,Staveley,R01949
SVL,Staveley,R01953
SVR,Silverdale,R00142
SVR,Silverdale,R00457
SVR,Silverdale,R00640
SVR,Silverdale,R00817
SVR,Silverdale,R01018
SVR,Silverdale,R01242
SVR,Silverdale,R01622
SVR,Silverdale,R01966
SVS,Seven Sisters,R00151
SVS,Seven Sisters,R00215
SVS,Seven Sisters,R01210
SVS,Seven Sisters,R01286
SVS,Seven Sisters,R01405
SVS,Seven Sisters,R01685
SVS,Seven Sisters,R01735
SWA,Swansea,R00034
SWA,Swansea,R00077
SWA,Swansea,R00186
SWA,Swansea,R00385
SWA,Swansea,R00559
SWA,Swansea,R00562
SWA,Swansea,R00600
SWA,Swansea,R00796
SWA,Swansea,R00826
SWA,Swansea,R00828
SWA,Swansea,R00885
SWA,Swansea,R00887
SWA,Swansea,R00916
SWA,Swansea,R00917
SWA,Swansea,R01037
SWA,Swansea,R01124
SWA,Swansea,R01238
SWA,Swansea,R01266
SWA,Swansea,R01537
SWA,Swansea,R01554
SWA,Swansea,R01670
SWA,Swansea,R01738
SWA,Swansea,R01740
SWA,Swansea,R01773
SWA,Swansea,R01826
SWA,Swansea,R01835
SWA,Swansea,R01852
SWA,Swansea,R01877
SWA,Swansea,R01927
SWB,,R02000
SWB,,R02004
SWB,,R02006
SWB,,R02007
SWD,Swinderby,R00062
SWD,Swinderby,R00109
SWD,Swinderby,R00214
SWD,Swinderby,R00513
SWD,Swinderby,R00764
SWD,Swinderby,R00765
SWD,Swinderby,R01207
SWD,Swinderby,R01403
SWD,Swinderby,R01425
SWD,Swinderby,R01441
SWE,Swineshead,R00196
SWE,Swineshead,R00205
SWE,Swineshead,R00218
SWE,Swineshead,R00222
SWG,Swaythling,R00631
SWG,Swaythling,R00753
SWG,Swaythling,R00782
SWG,Swaythling,R00783
SWG,Swaythling,R00805
SWG,Swaythling,R00866
SWG,Swaythling,R01027
SWG,Swaythling,R01035
SWG,Swaythling,R01889
SWG,Swaythling,R01890
SWI,Swindon,R00031
SWI,Swindon,R00034
SWI,Swindon,R00042
SWI,Swindon,R00057
SWI,Swindon,R00070
SWI,Swindon,R00089
SWI,Swindon,R00342
SWI,Swindon,R00401
SWI,Swindon,R00455
SWI,Swindon,R00600
SWI,Swindon,R00917
SWI,Swindon,R00918
SWI,Swindon,R01037
SWI,Swindon,R01151
SWI,Swindon,R01217
SWI,Swindon,R01246
SWI,Swindon,R01414
SWI,Swindon,R01444
SWI,Swindon,R01665
SWI,Swindon,R01723
SWI,Swindon,R01725
SWI,Swindon,R01740
SWI,Swindon,R01854
SWI,Swindon,R01855
SWI,Swindon,R01857
SWI,Swindon,R01877
SWI,Swindon,R01943
SWK,Southwick,R00043
SWK,Southwick,R00199
SWK,Southwick,R00239
SWK,Southwick,R00657
SWK,Southwick,R00740
SWK,Southwick,R00742
SWK,Southwick,R00743
SWK,Southwick,R00812
SWK,Southwick,R00930
SWK,Southwick,R00967
SWK,Southwick,R00969
SWK,Southwick,R01009
SWK,Southwick,R01039
SWK,Southwick,R01367
SWK,Southwick,R01419
SWK,Southwick,R01780
SWK,Southwick,R01922
SWK,Southwick,R01930
SWL,Swale,R00013
SWL,Swale,R00026
SWL,Swale,R01607
SWM,Swanscombe- George & Dragon,R00014
SWM,Swanscombe- George & Dragon,R00076
SWM,Swanscombe- George & Dragon,R00079
SWM,Swanscombe- George & Dragon,R00092
SWM,Swanscombe- George & Dragon,R00188
SWM,Swanscombe- George & Dragon,R00491
SWM,Swanscombe- George & Dragon,R00516
SWM,Swanscombe- George & Dragon,R00536
SWM,Swanscombe- George & Dragon,R00610
SWM,Swanscombe- George & Dragon,R00971
SWM,Swanscombe- George & Dragon,R00972
SWM,Swanscombe- George & Dragon,R01338
SWM,Swanscombe- George & Dragon,R01503
SWM,Swanscombe- George & Dragon,R01800
SWN,Swinton (South Yorks),R00006
SWN,Swinton (South Yorks),R00061
SWN,Swinton (South Yorks),R00062
SWN,Swinton (South Yorks),R00063
SWN,Swinton (South Yorks),R00111
SWN,Swinton (South Yorks),R00228
SWN,Swinton (South Yorks),R00260
SWN,Swinton (South Yorks),R00303
SWN,Swinton (South Yorks),R00307
SWN,Swinton (South Yorks),R00317
SWN,Swinton (South Yorks),R00321
SWN,Swinton (South Yorks),R00326
SWN,Swinton (South Yorks),R00335
SWN,Swinton (South Yorks),R00341
SWN,Swinton (South Yorks),R00344
SWN,Swinton (South Yorks),R00354
SWN,Swinton (South Yorks),R00367
SWN,Swinton (South Yorks),R00369
SWN,Swinton (South Yorks),R00455
SWN,Swinton (South Yorks),R00465
SWN,Swinton (South Yorks),R00468
SWN,Swinton (South Yorks),R00582
SWN,Swinton (South Yorks),R00640
SWN,Swinton (South Yorks),R00690
SWN,Swinton (South Yorks),R00839
SWN,Swinton (South Yorks),R00842
SWN,Swinton (South Yorks),R00873
SWN,Swinton (South Yorks),R00935
SWN,Swinton (South Yorks),R00948
SWN,Swinton (South Yorks),R00949
SWN,Swinton (South Yorks),R00991
SWN,Swinton (South Yorks),R01087
SWN,Swinton (South Yorks),R01396
SWN,Swinton (South Yorks),R01411
SWN,Swinton (South Yorks),R01480
SWN,Swinton (South Yorks),R01527
SWN,Swinton (South Yorks),R01693
SWO,Snowdown,R00125
SWO,Snowdown,R00345
SWO,Snowdown,R00413
SWO,Snowdown,R00414
SWO,Snowdown,R00437
SWO,Snowdown,R01561
SWO,Snowdown,R01627
SWR,Stewartby,R00173
SWR,Stewartby,R00178
SWS,South Wigston,R00029
SWS,South Wigston,R00187
SWS,South Wigston,R00974
SWT,Slaithwaite,R00063
SWT,Slaithwaite,R00082
SWT,Slaithwaite,R00316
SWT,Slaithwaite,R00432
SWT,Slaithwaite,R00449
SWT,Slaithwaite,R00453
SWT,Slaithwaite,R00456
SWT,Slaithwaite,R00466
SWT,Slaithwaite,R00468
SWT,Slaithwaite,R00473
SWT,Slaithwaite,R00640
SWT,Slaithwaite,R00842
SWT,Slaithwaite,R00931
SWT,Slaithwaite,R01388
SWT,Slaithwaite,R01813
SWT,Slaithwaite,R01908
SWT,Slaithwaite,R01928
SWT,Slaithwaite,R02044
SWW,,R00538
SWW,,R00548
SWW,,R00560
SWW,,R00576
SWY,Sway,R00329
SWY,Sway,R00331
SWY,Sway,R00431
SWY,Sway,R00626
SWY,Sway,R00629
SWY,Sway,R00631
SWY,Sway,R00746
SWY,Sway,R00753
SWY,Sway,R00783
SWY,Sway,R00786
SWY,Sway,R00808
SXY,Saxilby,R00113
SXY,Saxilby,R00167
SXY,Saxilby,R00170
SXY,Saxilby,R00332
SXY,Saxilby,R00334
SXY,Saxilby,R00359
SYA,Styal,R00527
SYA,Styal,R00587
SYA,Styal,R00588
SYA,Styal,R00724
SYB,Stalybridge,R00063
SYB,Stalybridge,R00082
SYB,Stalybridge,R00316
SYB,Stalybridge,R00326
SYB,Stalybridge,R00409
SYB,Stalybridge,R00432
SYB,Stalybridge,R00449
SYB,Stalybridge,R00453
SYB,Stalybridge,R00456
SYB,Stalybridge,R00466
SYB,Stalybridge,R00468
SYB,Stalybridge,R00473
SYB,Stalybridge,R00578
SYB,Stalybridge,R00640
SYB,Stalybridge,R00662
SYB,Stalybridge,R00842
SYB,Stalybridge,R00931
SYB,Stalybridge,R01061
SYB,Stalybridge,R01087
SYB,Stalybridge,R01388
SYB,Stalybridge,R01813
SYB,Stalybridge,R01908
SYB,Stalybridge,R01928
SYB,Stalybridge,R02044
SYD,Sydenham,R00003
SYD,Sydenham,R00020
SYD,Sydenham,R00075
SYD,Sydenham,R00097
SYD,Sydenham,R00217
SYD,Sydenham,R00239
SYD,Sydenham,R00240
SYD,Sydenham,R00241
SYD,Sydenham,R00243
SYD,Sydenham,R00253
SYD,Sydenham,R00271
SYD,Sydenham,R00575
SYD,Sydenham,R00627
SYD,Sydenham,R00660
SYD,Sydenham,R00663
SYD,Sydenham,R00667
SYD,Sydenham,R00717
SYD,Sydenham,R00727
SYD,Sydenham,R00837
SYD,Sydenham,R00952
SYD,Sydenham,R00968
SYD,Sydenham,R00970
SYD,Sydenham,R00972
SYD,Sydenham,R01171
SYD,Sydenham,R01180
SYD,Sydenham,R01187
SYD,Sydenham,R01239
SYD,Sydenham,R01241
SYD,Sydenham,R01252
SYD,Sydenham,R01257
SYD,Sydenham,R01262
SYD,Sydenham,R01264
SYD,Sydenham,R01272
SYD,Sydenham,R01399
SYD,Sydenham,R01419
SYD,Sydenham,R01565
SYD,Sydenham,R01600
SYD,Sydenham,R01624
SYD,Sydenham,R01628
SYD,Sydenham,R01736
SYD,Sydenham,R01755
SYH,Sydenham Hill,R00002
SYH,Sydenham Hill,R00221
SYH,Sydenham Hill,R00343
SYH,Sydenham Hill,R00345
SYH,Sydenham Hill,R00514
SYH,Sydenham Hill,R00603
SYH,Sydenham Hill,R01590
SYL,Syon Lane,R00699
SYL,Syon Lane,R00745
SYL,Syon Lane,R00804
SYL,Syon Lane,R00865
SYL,Syon Lane,R01024
SYL,Syon Lane,R01032
SYL,Syon Lane,R01913
SYL,Syon Lane,R01981
SYS,Syston,R00156
SYS,Syston,R00192
SYS,Syston,R00214
SYS,Syston,R00304
SYS,Syston,R01772
SYS,Syston,R01940
SYT,Somerleyton,R00203
SYT,Somerleyton,R00492
SYT,Somerleyton,R00787
SYT,Somerleyton,R01268
SYT,Somerleyton,R01288
SYT,Somerleyton,R01477
SYT,Somerleyton,R01483
TAB,Tame Bridge Parkway,R00104
TAB,Tame Bridge Parkway,R00642
TAB,Tame Bridge Parkway,R00863
TAB,Tame Bridge Parkway,R00907
TAB,Tame Bridge Parkway,R00999
TAB,Tame Bridge Parkway,R01002
TAB,Tame Bridge Parkway,R01004
TAB,Tame Bridge Parkway,R01275
TAB,Tame Bridge Parkway,R01497
TAB,Tame Bridge Parkway,R01498
TAB,Tame Bridge Parkway,R01834
TAB,Tame Bridge Parkway,R02075
TAC,Tackley,R00333
TAC,Tackley,R00583
TAC,Tackley,R00585
TAD,Tadworth,R00956
TAD,Tadworth,R01012
TAF,Taffs Well,R00594
TAF,Taffs Well,R00766
TAF,Taffs Well,R01206
TAF,Taffs Well,R01364
TAF,Taffs Well,R01643
TAF,Taffs Well,R01698
TAF,Taffs Well,R01809
TAH,,R00023
TAH,,R00321
TAH,,R00341
TAH,,R00344
TAH,,R00347
TAH,,R00354
TAH,,R00369
TAH,,R00455
TAH,,R00465
TAH,,R00468
TAH,,R00582
TAH,,R00661
TAH,,R00690
TAH,,R00780
TAH,,R00875
TAH,,R00886
TAH,,R00889
TAH,,R00900
TAH,,R00935
TAH,,R00948
TAH,,R00966
TAH,,R00977
TAH,,R00991
TAI,Tain,R00960
TAI,Tain,R01101
TAI,Tain,R01156
TAI,Tain,R01157
TAI,Tain,R01159
TAI,Tain,R01843
TAL,Talsarnau,R00068
TAL,Talsarnau,R00330
TAM,Tamworth,R00056
TAM,Tamworth,R00114
TAM,Tamworth,R00283
TAM,Tamworth,R00311
TAM,Tamworth,R00589
TAM,Tamworth,R00820
TAM,Tamworth,R00845
TAM,Tamworth,R01077
TAM,Tamworth,R01307
TAM,Tamworth,R01691
TAM,Tamworth,R01697
TAM,Tamworth,R01905
TAM,Tamworth,R02086
TAP,Taplow,R00105
TAP,Taplow,R00342
TAP,Taplow,R00362
TAP,Taplow,R00387
TAP,Taplow,R00550
TAP,Taplow,R00582
TAP,Taplow,R00917
TAP,Taplow,R01037
TAP,Taplow,R01056
TAP,Taplow,R01151
TAP,Taplow,R01374
TAP,Taplow,R01381
TAP,Taplow,R01416
TAP,Taplow,R01507
TAP,Taplow,R01581
TAP,Taplow,R01652
TAP,Taplow,R01701
TAP,Taplow,R01705
TAP,Taplow,R01712
TAP,Taplow,R01777
TAP,Taplow,R01943
TAT,Tattenham Corner,R00956
TAT,Tattenham Corner,R01012
TAU,Taunton,R00034
TAU,Taunton,R00042
TAU,Taunton,R00283
TAU,Taunton,R00321
TAU,Taunton,R00354
TAU,Taunton,R00369
TAU,Taunton,R00371
TAU,Taunton,R00372
TAU,Taunton,R00455
TAU,Taunton,R00465
TAU,Taunton,R00468
TAU,Taunton,R00550
TAU,Taunton,R00582
TAU,Taunton,R00690
TAU,Taunton,R00918
TAU,Taunton,R00975
TAU,Taunton,R00977
TAU,Taunton,R01217
TAU,Taunton,R01235
TAU,Taunton,R01237
TAU,Taunton,R01246
TAU,Taunton,R01319
TAU,Taunton,R01329
TAU,Taunton,R01331
TAU,Taunton,R01332
TAU,Taunton,R01334
TAU,Taunton,R01381
TAU,Taunton,R01443
TAU,Taunton,R01467
TAU,Taunton,R01784
TAU,Taunton,R01799
TAU,Taunton,R01802
TAU,Taunton,R01996
TAY,Taynuilt,R00287
TAY,Taynuilt,R01138
TAY,Taynuilt,R01139
TAY,Taynuilt,R01295
TAY,Taynuilt,R02040
TBD,Three Bridges,R00043
TBD,Three Bridges,R00199
TBD,Three Bridges,R00217
TBD,Three Bridges,R00238
TBD,Three Bridges,R00239
TBD,Three Bridges,R00248
TBD,Three Bridges,R00253
TBD,Three Bridges,R00265
TBD,Three Bridges,R00271
TBD,Three Bridges,R00451
TBD,Three Bridges,R00452
TBD,Three Bridges,R00517
TBD,Three Bridges,R00627
TBD,Three Bridges,R00655
TBD,Three Bridges,R00656
TBD,Three Bridges,R00660
TBD,Three Bridges,R00727
TBD,Three Bridges,R00968
TBD,Three Bridges,R00970
TBD,Three Bridges,R00972
TBD,Three Bridges,R01011
TBD,Three Bridges,R01168
TBD,Three Bridges,R01171
TBD,Three Bridges,R01180
TBD,Three Bridges,R01241
TBD,Three Bridges,R01262
TBD,Three Bridges,R01264
TBD,Three Bridges,R01272
TBD,Three Bridges,R01367
TBD,Three Bridges,R01419
TBD,Three Bridges,R01600
TBD,Three Bridges,R01628
TBD,Three Bridges,R01755
TBD,Three Bridges,R01776
TBD,Three Bridges,R01780
TBD,Three Bridges,R01898
TBD,Three Bridges,R01939
TBD,Three Bridges,R01980
TBD,Three Bridges,R02090
TBD,Three Bridges,R02103
TBR,,R01918
TBR,,R01921
TBT,,R01065
TBT,,R02057
TBT,,R02069
TBT,,R02070
TBW,Tunbridge Wells,R00014
TBW,Tunbridge Wells,R00044
TBW,Tunbridge Wells,R00046
TBW,Tunbridge Wells,R00052
TBW,Tunbridge Wells,R00083
TBW,Tunbridge Wells,R00125
TBW,Tunbridge Wells,R00254
TBW,Tunbridge Wells,R00522
TBW,Tunbridge Wells,R01681
TBW,Tunbridge Wells,R02078
TBY,Thornaby,R00073
TBY,Thornaby,R00302
TBY,Thornaby,R00306
TBY,Thornaby,R00324
TBY,Thornaby,R00409
TBY,Thornaby,R00466
TBY,Thornaby,R00486
TBY,Thornaby,R00578
TBY,Thornaby,R00662
TBY,Thornaby,R00689
TBY,Thornaby,R00847
TBY,Thornaby,R00983
TBY,Thornaby,R01114
TBY,Thornaby,R01118
TBY,Thornaby,R01284
TBY,Thornaby,R01305
TBY,Thornaby,R01378
TBY,Thornaby,R01523
TBY,Thornaby,R01533
TBY,Thornaby,R01534
TBY,Thornaby,R01801
TBY,Thornaby,R01908
TBY,Thornaby,R01909
TBY,Thornaby,R02045
TCR,Tottenham Court Road,R00850
TCR,Tottenham Court Road,R01038
TCR,Tottenham Court Road,R01184
TCR,Tottenham Court Road,R01416
TCR,Tottenham Court Road,R01431
TCR,Tottenham Court Road,R01581
TCR,Tottenham Court Road,R01593
TCR,Tottenham Court Road,R01595
TCR,Tottenham Court Road,R01692
TCR,Tottenham Court Road,R01694
TCR,Tottenham Court Road,R01701
TCR,Tottenham Court Road,R01719
TDU,Tondu,R00280
TDU,Tondu,R00559
TDU,Tondu,R00601
TDU,Tondu,R01782
TED,Teddington,R00802
TED,Teddington,R00804
TED,Teddington,R00864
TED,Teddington,R00943
TED,Teddington,R00945
TED,Teddington,R00946
TED,Teddington,R00987
TED,Teddington,R01144
TED,Teddington,R01253
TED,Teddington,R01978
TEE,,R00149
TEE,,R01347
TEN,Tenby,R00077
TEN,Tenby,R00559
TEN,Tenby,R00921
TEN,Tenby,R01266
TEN,Tenby,R01537
TEN,Tenby,R01838
TEN,Tenby,R01839
TEO,Theobalds Grove,R00215
TEO,Theobalds Grove,R01286
TEY,Teynham,R00125
TEY,Teynham,R00343
TEY,Teynham,R00345
TEY,Teynham,R00413
TEY,Teynham,R00437
TEY,Teynham,R00514
TEY,Teynham,R01561
TEY,Teynham,R01615
TEY,Teynham,R01627
TEY,Teynham,R01967
TEY,Teynham,R01969
TEY,Teynham,R01975
TFC,Telford Central,R00058
TFC,Telford Central,R00395
TFC,Telford Central,R00571
TFC,Telford Central,R00579
TFC,Telford Central,R00581
TFC,Telford Central,R00590
TFC,Telford Central,R00902
TFC,Telford Central,R00916
TFC,Telford Central,R00999
TFC,Telford Central,R01047
TFC,Telford Central,R01054
TFC,Telford Central,R01063
TFC,Telford Central,R01259
TFC,Telford Central,R01498
TFC,Telford Central,R01546
TFC,Telford Central,R01734
TFC,Telford Central,R02074
TFC,Telford Central,R02075
TFC,Telford Central,R02076
TGM,Teignmouth,R00034
TGM,Teignmouth,R00283
TGM,Teignmouth,R00321
TGM,Teignmouth,R00350
TGM,Teignmouth,R00354
TGM,Teignmouth,R00369
TGM,Teignmouth,R00371
TGM,Teignmouth,R00372
TGM,Teignmouth,R00455
TGM,Teignmouth,R00465
TGM,Teignmouth,R00468
TGM,Teignmouth,R00550
TGM,Teignmouth,R00582
TGM,Teignmouth,R00609
TGM,Teignmouth,R00690
TGM,Teignmouth,R00975
TGM,Teignmouth,R00977
TGM,Teignmouth,R01237
TGM,Teignmouth,R01246
TGM,Teignmouth,R01319
TGM,Teignmouth,R01381
TGM,Teignmouth,R01443
TGM,Teignmouth,R01784
TGM,Teignmouth,R01984
TGM,Teignmouth,R01985
TGM,Teignmouth,R01987
TGM,Teignmouth,R01989
TGS,Ty Glas,R00570
TGS,Ty Glas,R00573
TGS,Ty Glas,R01232
THA,Thatcham,R00034
THA,Thatcham,R00550
THA,Thatcham,R00726
THA,Thatcham,R00941
THA,Thatcham,R00984
THA,Thatcham,R01057
THA,Thatcham,R01373
THA,Thatcham,R01381
THA,Thatcham,R01669
THA,Thatcham,R01712
THA,Thatcham,R01731
THA,Thatcham,R01763
THA,Thatcham,R02068
THB,Thornliebank,R00116
THB,Thornliebank,R00118
THB,Thornliebank,R00120
THC,Thurnscoe,R00111
THC,Thurnscoe,R00260
THC,Thurnscoe,R00335
THC,Thurnscoe,R00949
THD,Thames Ditton,R00961
THD,Thames Ditton,R00962
THE,Theale,R00034
THE,Theale,R00372
THE,Theale,R00455
THE,Theale,R00550
THE,Theale,R00582
THE,Theale,R00726
THE,Theale,R00941
THE,Theale,R00984
THE,Theale,R01057
THE,Theale,R01235
THE,Theale,R01237
THE,Theale,R01373
THE,Theale,R01381
THE,Theale,R01669
THE,Theale,R01712
THE,Theale,R01731
THE,Theale,R01763
THE,Theale,R02067
THE,Theale,R02068
THH,Thatto Heath,R00206
THH,Thatto Heath,R00270
THH,Thatto Heath,R00454
THH,Thatto Heath,R01626
THH,Thatto Heath,R01915
THI,Thirsk,R00063
THI,Thirsk,R00066
THI,Thirsk,R00073
THI,Thirsk,R00300
THI,Thirsk,R00321
THI,Thirsk,R00341
THI,Thirsk,R00344
THI,Thirsk,R00354
THI,Thirsk,R00409
THI,Thirsk,R00455
THI,Thirsk,R00464
THI,Thirsk,R00465
THI,Thirsk,R00466
THI,Thirsk,R00470
THI,Thirsk,R00473
THI,Thirsk,R00486
THI,Thirsk,R00496
THI,Thirsk,R00507
THI,Thirsk,R00578
THI,Thirsk,R00582
THI,Thirsk,R00662
THI,Thirsk,R00689
THI,Thirsk,R00690
THI,Thirsk,R00749
THI,Thirsk,R00780
THI,Thirsk,R00873
THI,Thirsk,R00875
THI,Thirsk,R00935
THI,Thirsk,R00948
THI,Thirsk,R01061
THI,Thirsk,R01169
THI,Thirsk,R01631
THI,Thirsk,R01635
THI,Thirsk,R01908
THI,Thirsk,R01909
THI,Thirsk,R02045
THI,Thirsk,R02080
THL,Tile Hill,R00056
THL,Tile Hill,R00102
THL,Tile Hill,R00104
THL,Tile Hill,R00114
THL,Tile Hill,R00638
THL,Tile Hill,R00704
THL,Tile Hill,R00780
THL,Tile Hill,R00816
THL,Tile Hill,R00843
THL,Tile Hill,R00863
THL,Tile Hill,R00899
THL,Tile Hill,R00964
THL,Tile Hill,R01102
THL,Tile Hill,R01280
THL,Tile Hill,R01522
THO,Thornford,R00348
THO,Thornford,R01319
THO,Thornford,R01446
THO,Thornford,R01478
THO,Thornford,R01662
THP,Thanet Parkway,R00014
THP,Thanet Parkway,R00125
THP,Thanet Parkway,R00413
THP,Thanet Parkway,R00436
THP,Thanet Parkway,R00664
THP,Thanet Parkway,R00668
THP,Thanet Parkway,R00671
THP,Thanet Parkway,R00684
THP,Thanet Parkway,R01090
THP,Thanet Parkway,R01568
THP,Thanet Parkway,R01637
THP,Thanet Parkway,R01660
THP,Thanet Parkway,R01997
THS,Thurso,R01156
THS,Thurso,R01157
THS,Thurso,R01159
THT,Thorntonhall,R00116
THT,Thorntonhall,R00118
THT,Thorntonhall,R01846
THT,Thorntonhall,R01847
THU,Thurgarton,R00459
THU,Thurgarton,R00764
THU,Thurgarton,R01207
THU,Thurgarton,R01403
THU,Thurgarton,R01425
THU,Thurgarton,R01426
THU,Thurgarton,R01428
THW,The Hawthorns,R00004
THW,The Hawthorns,R00088
THW,The Hawthorns,R00115
THW,The Hawthorns,R00126
THW,The Hawthorns,R00246
THW,The Hawthorns,R00396
THW,The Hawthorns,R00768
THW,The Hawthorns,R00773
THW,The Hawthorns,R00775
THW,The Hawthorns,R00776
THW,The Hawthorns,R00883
THW,The Hawthorns,R00896
THW,The Hawthorns,R00901
THW,The Hawthorns,R01188
THW,The Hawthorns,R01585
THW,The Hawthorns,R01899
THW,The Hawthorns,R01924
TIL,Tilbury Town,R00137
TIL,Tilbury Town,R00384
TIL,Tilbury Town,R00444
TIL,Tilbury Town,R00794
TIL,Tilbury Town,R01094
TIL,Tilbury Town,R01096
TIL,Tilbury Town,R01402
TIL,Tilbury Town,R01625
TIL,Tilbury Town,R01699
TIL,Tilbury Town,R01918
TIL,Tilbury Town,R01921
TIN,,R01377
TIN,,R01638
TIP,Tipton,R00056
TIP,Tipton,R00102
TIP,Tipton,R00104
TIP,Tipton,R00114
TIP,Tipton,R00395
TIP,Tipton,R00571
TIP,Tipton,R00602
TIP,Tipton,R00780
TIP,Tipton,R00863
TIP,Tipton,R00907
TIP,Tipton,R00964
TIP,Tipton,R01063
TIP,Tipton,R01259
TIP,Tipton,R01546
TIP,Tipton,R01710
TIR,Tir-Phil,R00080
TIR,Tir-Phil,R00266
TIR,Tir-Phil,R00278
TIR,Tir-Phil,R00605
TIR,Tir-Phil,R00709
TIR,Tir-Phil,R00840
TIS,Tisbury,R00331
TIS,Tisbury,R00670
TIS,Tisbury,R00672
TIS,Tisbury,R00675
TIS,Tisbury,R00677
TIS,Tisbury,R00694
TIS,Tisbury,R00710
TIS,Tisbury,R00711
TIS,Tisbury,R00761
TLB,Talybont,R00068
TLB,Talybont,R00330
TLC,Tal-Y-Cafn,R01830
TLC,Tal-Y-Cafn,R01831
TLC,Tal-Y-Cafn,R01832
TLH,Tilehurst,R00034
TLH,Tilehurst,R00105
TLH,Tilehurst,R00504
TLH,Tilehurst,R01037
TLH,Tilehurst,R01374
TLH,Tilehurst,R01703
TLH,Tilehurst,R01704
TLH,Tilehurst,R01958
TLH,Tilehurst,R01962
TLK,The Lakes,R00115
TLK,The Lakes,R00768
TLK,The Lakes,R00770
TLK,The Lakes,R00773
TLK,The Lakes,R00775
TLK,The Lakes,R00776
TLS,Thorpe-Le-Soken,R00832
TLS,Thorpe-Le-Soken,R00881
TLS,Thorpe-Le-Soken,R00882
TLS,Thorpe-Le-Soken,R01351
TLS,Thorpe-Le-Soken,R01352
TLS,Thorpe-Le-Soken,R01904
TLS,Thorpe-Le-Soken,R01906
TLS,Thorpe-Le-Soken,R01923
TLS,Thorpe-Le-Soken,R01986
TLS,Thorpe-Le-Soken,R01988
TLS,Thorpe-Le-Soken,R01990
TMC,Templecombe,R00331
TMC,Templecombe,R00670
TMC,Templecombe,R00672
TMC,Templecombe,R00675
TMC,Templecombe,R00677
TMC,Templecombe,R00711
TMC,Templecombe,R00713
TMC,Templecombe,R00761
TNA,Thornton Abbey,R00765
TNA,Thornton Abbey,R01429
TNA,Thornton Abbey,R01453
TNF,Tonfanau,R00068
TNF,Tonfanau,R00330
TNN,Thorne North,R00228
TNN,Thorne North,R00307
TNN,Thorne North,R01480
TNN,Thorne North,R01803
TNN,Thorne North,R01950
TNP,Tonypandy,R00594
TNP,Tonypandy,R01206
TNS,Thorne South,R00062
TNS,Thorne South,R00063
TNS,Thorne South,R00640
TNS,Thorne South,R00765
TNS,Thorne South,R01396
TNS,Thorne South,R01576
TNS,Thorne South,R01726
TOD,Todmorden,R00193
TOD,Todmorden,R00231
TOD,Todmorden,R00249
TOD,Todmorden,R00277
TOD,Todmorden,R00284
TOD,Todmorden,R00652
TOD,Todmorden,R00815
TOD,Todmorden,R01608
TOD,Todmorden,R01804
TOK,Three Oaks,R00503
TOK,Three Oaks,R00950
TOK,Three Oaks,R00990
TOK,Three Oaks,R01117
TOK,Three Oaks,R01134
TOL,Tolworth,R00803
TOL,Tolworth,R00997
TOL,Tolworth,R00998
TOM,Tottenham Hale,R00144
TOM,Tottenham Hale,R00151
TOM,Tottenham Hale,R00566
TOM,Tottenham Hale,R00569
TOM,Tottenham Hale,R00628
TOM,Tottenham Hale,R00791
TOM,Tottenham Hale,R00793
TOM,Tottenham Hale,R01203
TOM,Tottenham Hale,R01210
TOM,Tottenham Hale,R01286
TOM,Tottenham Hale,R01348
TOM,Tottenham Hale,R01382
TOM,Tottenham Hale,R01405
TOM,Tottenham Hale,R01540
TOM,Tottenham Hale,R01806
TOM,Tottenham Hale,R01887
TOM,Tottenham Hale,R01917
TOM,Tottenham Hale,R02037
TOM,Tottenham Hale,R02042
TON,Tonbridge,R00014
TON,Tonbridge,R00044
TON,Tonbridge,R00046
TON,Tonbridge,R00052
TON,Tonbridge,R00083
TON,Tonbridge,R00125
TON,Tonbridge,R00188
TON,Tonbridge,R00254
TON,Tonbridge,R00256
TON,Tonbridge,R00413
TON,Tonbridge,R00436
TON,Tonbridge,R00514
TON,Tonbridge,R00522
TON,Tonbridge,R00524
TON,Tonbridge,R00525
TON,Tonbridge,R00671
TON,Tonbridge,R00674
TON,Tonbridge,R00731
TON,Tonbridge,R00733
TON,Tonbridge,R00862
TON,Tonbridge,R01041
TON,Tonbridge,R01587
TON,Tonbridge,R01636
TON,Tonbridge,R01637
TON,Tonbridge,R01639
TON,Tonbridge,R01645
TON,Tonbridge,R01660
TON,Tonbridge,R01674
TON,Tonbridge,R01681
TON,Tonbridge,R01689
TON,Tonbridge,R01729
TON,Tonbridge,R02078
TON,Tonbridge,R02093
TOO,Tooting,R00076
TOO,Tooting,R00092
TOO,Tooting,R00398
TOO,Tooting,R00416
TOP,Topsham,R00032
TOP,Topsham,R00371
TOP,Topsham,R00372
TOP,Topsham,R00392
TOP,Topsham,R00744
TOP,Topsham,R01989
TOP,Topsham,R01996
TOT,Totnes,R00034
TOT,Totnes,R00321
TOT,Totnes,R00350
TOT,Totnes,R00354
TOT,Totnes,R00369
TOT,Totnes,R00455
TOT,Totnes,R00465
TOT,Totnes,R00468
TOT,Totnes,R00550
TOT,Totnes,R00582
TOT,Totnes,R00690
TOT,Totnes,R00977
TOT,Totnes,R01237
TOT,Totnes,R01246
TOT,Totnes,R01319
TOT,Totnes,R01381
TOT,Totnes,R01443
TOT,Totnes,R01784
TOT,Totnes,R01811
TOT,Totnes,R01814
TOT,Totnes,R01817
TOT,Totnes,R01818
TPB,Thorpe Bay,R00137
TPB,Thorpe Bay,R00434
TPB,Thorpe Bay,R00444
TPB,Thorpe Bay,R01354
TPB,Thorpe Bay,R01402
TPB,Thorpe Bay,R01625
TPB,Thorpe Bay,R01850
TPC,Thorpe Culvert,R00196
TPC,Thorpe Culvert,R00218
TPC,Thorpe Culvert,R00222
TPN,Ton Pentre,R00594
TPN,Ton Pentre,R01206
TQY,Torquay,R00034
TQY,Torquay,R00283
TQY,Torquay,R00371
TQY,Torquay,R00372
TQY,Torquay,R00609
TQY,Torquay,R00975
TQY,Torquay,R01984
TQY,Torquay,R01985
TQY,Torquay,R01987
TQY,Torquay,R01989
TRA,Trafford Park,R01059
TRA,Trafford Park,R01558
TRA,Trafford Park,R01559
TRA,Trafford Park,R01560
TRA,Trafford Park,R01562
TRA,Trafford Park,R01563
TRA,Trafford Park,R01570
TRB,Treherbert,R00594
TRB,Treherbert,R01206
TRD,Troed-Y-Rhiw,R00594
TRD,Troed-Y-Rhiw,R01364
TRD,Troed-Y-Rhiw,R01643
TRE,Trefforest Estate,R00594
TRE,Trefforest Estate,R00766
TRE,Trefforest Estate,R01206
TRE,Trefforest Estate,R01364
TRE,Trefforest Estate,R01643
TRE,Trefforest Estate,R01698
TRE,Trefforest Estate,R01809
TRF,Trefforest,R00594
TRF,Trefforest,R00766
TRF,Trefforest,R01206
TRF,Trefforest,R01364
TRF,Trefforest,R01643
TRF,Trefforest,R01698
TRF,Trefforest,R01809
TRH,Trehafod,R00594
TRH,Trehafod,R01206
TRI,Tring,R00056
TRI,Tring,R00077
TRI,Tring,R00093
TRI,Tring,R00102
TRI,Tring,R00104
TRI,Tring,R00114
TRI,Tring,R00131
TRI,Tring,R00283
TRI,Tring,R00286
TRI,Tring,R00311
TRI,Tring,R00314
TRI,Tring,R00390
TRI,Tring,R00589
TRI,Tring,R00602
TRI,Tring,R00638
TRI,Tring,R00704
TRI,Tring,R00806
TRI,Tring,R00829
TRI,Tring,R00838
TRI,Tring,R00841
TRI,Tring,R00845
TRI,Tring,R00863
TRI,Tring,R00879
TRI,Tring,R00964
TRI,Tring,R01055
TRI,Tring,R01074
TRI,Tring,R01077
TRI,Tring,R01102
TRI,Tring,R01267
TRI,Tring,R01279
TRI,Tring,R01281
TRI,Tring,R01307
TRI,Tring,R01432
TRI,Tring,R01514
TRI,Tring,R01515
TRI,Tring,R01522
TRI,Tring,R01690
TRI,Tring,R01691
TRI,Tring,R01697
TRI,Tring,R01706
TRI,Tring,R01905
TRI,Tring,R02086
TRM,Trimley,R00499
TRM,Trimley,R00501
TRN,Troon,R00288
TRN,Troon,R00353
TRN,Troon,R00355
TRN,Troon,R00383
TRN,Troon,R01186
TRN,Troon,R01192
TRN,Troon,R01204
TRN,Troon,R01212
TRN,Troon,R01213
TRN,Troon,R01245
TRN,Troon,R01254
TRN,Troon,R01255
TRO,Trowbridge,R00031
TRO,Trowbridge,R00055
TRO,Trowbridge,R00057
TRO,Trowbridge,R00348
TRO,Trowbridge,R00430
TRO,Trowbridge,R00439
TRO,Trowbridge,R00720
TRO,Trowbridge,R00985
TRO,Trowbridge,R01034
TRO,Trowbridge,R01246
TRO,Trowbridge,R01319
TRO,Trowbridge,R01414
TRO,Trowbridge,R01444
TRO,Trowbridge,R01462
TRO,Trowbridge,R01478
TRO,Trowbridge,R01479
TRO,Trowbridge,R01509
TRO,Trowbridge,R01662
TRO,Trowbridge,R01667
TRO,Trowbridge,R01712
TRO,Trowbridge,R01715
TRO,Trowbridge,R01744
TRO,Trowbridge,R02100
TRO,Trowbridge,R02101
TRR,Torre,R00034
TRR,Torre,R00371
TRR,Torre,R00372
TRR,Torre,R00609
TRR,Torre,R01984
TRR,Torre,R01985
TRR,Torre,R01987
TRR,Torre,R01989
TRS,Thurston,R00484
TRS,Thurston,R00509
TRS,Thurston,R01358
TRS,Thurston,R01359
TRU,Truro,R00034
TRU,Truro,R00321
TRU,Truro,R00346
TRU,Truro,R00350
TRU,Truro,R00351
TRU,Truro,R00455
TRU,Truro,R00550
TRU,Truro,R00584
TRU,Truro,R00591
TRU,Truro,R01246
TRU,Truro,R01325
TRU,Truro,R01381
TRU,Truro,R01417
TRU,Truro,R01784
TRU,Truro,R01819
TRU,Truro,R02008
TRU,Truro,R02010
TRW,,R00141
TRW,,R00147
TRW,,R00159
TRW,,R00160
TRY,Treorchy,R00594
TRY,Treorchy,R01206
TTF,Thetford,R00063
TTF,Thetford,R00156
TTF,Thetford,R00203
TTF,Thetford,R00220
TTF,Thetford,R00304
TTF,Thetford,R00336
TTF,Thetford,R00792
TTF,Thetford,R00846
TTF,Thetford,R00954
TTF,Thetford,R01268
TTF,Thetford,R01335
TTF,Thetford,R01470
TTF,Thetford,R01472
TTF,Thetford,R01982
TTF,Thetford,R01983
TTH,Thornton Heath,R00097
TTH,Thornton Heath,R00238
TTH,Thornton Heath,R00239
TTH,Thornton Heath,R00242
TTH,Thornton Heath,R00248
TTH,Thornton Heath,R00265
TTH,Thornton Heath,R00282
TTH,Thornton Heath,R00403
TTH,Thornton Heath,R00535
TTH,Thornton Heath,R00627
TTH,Thornton Heath,R00656
TTH,Thornton Heath,R00695
TTH,Thornton Heath,R00727
TTH,Thornton Heath,R00905
TTH,Thornton Heath,R00951
TTH,Thornton Heath,R00968
TTH,Thornton Heath,R00979
TTH,Thornton Heath,R01029
TTH,Thornton Heath,R01036
TTH,Thornton Heath,R01187
TTH,Thornton Heath,R01367
TTH,Thornton Heath,R01898
TTN,Totton,R00077
TTN,Totton,R00283
TTN,Totton,R00286
TTN,Totton,R00329
TTN,Totton,R00331
TTN,Totton,R00431
TTN,Totton,R00498
TTN,Totton,R00626
TTN,Totton,R00629
TTN,Totton,R00631
TTN,Totton,R00746
TTN,Totton,R00753
TTN,Totton,R00757
TTN,Totton,R00783
TTN,Totton,R00786
TTN,Totton,R00869
TTN,Totton,R00964
TTN,Totton,R00966
TTN,Totton,R01861
TUH,Tulse Hill,R00054
TUH,Tulse Hill,R00076
TUH,Tulse Hill,R00092
TUH,Tulse Hill,R00398
TUH,Tulse Hill,R00403
TUH,Tulse Hill,R00416
TUH,Tulse Hill,R00695
TUH,Tulse Hill,R00762
TUH,Tulse Hill,R00951
TUH,Tulse Hill,R00965
TUH,Tulse Hill,R00968
TUH,Tulse Hill,R00971
TUH,Tulse Hill,R01029
TUH,Tulse Hill,R01036
TUH,Tulse Hill,R01097
TUH,Tulse Hill,R01116
TUH,Tulse Hill,R01171
TUH,Tulse Hill,R01180
TUH,Tulse Hill,R01241
TUL,Tulloch,R01140
TUL,Tulloch,R01297
TUL,Tulloch,R01865
TUL,Tulloch,R02062
TUL,Tulloch,R02097
TUR,Turkey Street,R00215
TUR,Turkey Street,R01286
TUT,Tutbury & Hatton,R00347
TUT,Tutbury & Hatton,R00459
TUT,Tutbury & Hatton,R00578
TUT,Tutbury & Hatton,R00661
TUT,Tutbury & Hatton,R01207
TUT,Tutbury & Hatton,R01425
TUT,Tutbury & Hatton,R01426
TUT,Tutbury & Hatton,R01427
TUT,Tutbury & Hatton,R01428
TVP,Tiverton Parkway,R00034
TVP,Tiverton Parkway,R00283
TVP,Tiverton Parkway,R00321
TVP,Tiverton Parkway,R00354
TVP,Tiverton Parkway,R00369
TVP,Tiverton Parkway,R00371
TVP,Tiverton Parkway,R00372
TVP,Tiverton Parkway,R00455
TVP,Tiverton Parkway,R00465
TVP,Tiverton Parkway,R00468
TVP,Tiverton Parkway,R00550
TVP,Tiverton Parkway,R00582
TVP,Tiverton Parkway,R00690
TVP,Tiverton Parkway,R00918
TVP,Tiverton Parkway,R00975
TVP,Tiverton Parkway,R00977
TVP,Tiverton Parkway,R01235
TVP,Tiverton Parkway,R01237
TVP,Tiverton Parkway,R01246
TVP,Tiverton Parkway,R01319
TVP,Tiverton Parkway,R01329
TVP,Tiverton Parkway,R01331
TVP,Tiverton Parkway,R01332
TVP,Tiverton Parkway,R01334
TVP,Tiverton Parkway,R01381
TVP,Tiverton Parkway,R01443
TVP,Tiverton Parkway,R01467
TVP,Tiverton Parkway,R01784
TVP,Tiverton Parkway,R01996
TWB,Tweedbank,R00171
TWB,Tweedbank,R00175
TWI,Twickenham,R00301
TWI,Twickenham,R00645
TWI,Twickenham,R00699
TWI,Twickenham,R00715
TWI,Twickenham,R00718
TWI,Twickenham,R00797
TWI,Twickenham,R00798
TWI,Twickenham,R00802
TWI,Twickenham,R00804
TWI,Twickenham,R00807
TWI,Twickenham,R00861
TWI,Twickenham,R00864
TWI,Twickenham,R00957
TWI,Twickenham,R00980
TWI,Twickenham,R00987
TWI,Twickenham,R01024
TWI,Twickenham,R01051
TWI,Twickenham,R01052
TWI,Twickenham,R01064
TWI,Twickenham,R01103
TWI,Twickenham,R01144
TWI,Twickenham,R01978
TWN,Town Green,R01003
TWN,Town Green,R01430
TWN,Town Green,R01749
TWY,Twyford,R00034
TWY,Twyford,R00042
TWY,Twyford,R00050
TWY,Twyford,R00070
TWY,Twyford,R00089
TWY,Twyford,R00105
TWY,Twyford,R00124
TWY,Twyford,R00342
TWY,Twyford,R00362
TWY,Twyford,R00372
TWY,Twyford,R00387
TWY,Twyford,R00401
TWY,Twyford,R00455
TWY,Twyford,R00550
TWY,Twyford,R00582
TWY,Twyford,R00600
TWY,Twyford,R00726
TWY,Twyford,R00789
TWY,Twyford,R00917
TWY,Twyford,R00918
TWY,Twyford,R00941
TWY,Twyford,R00984
TWY,Twyford,R01037
TWY,Twyford,R01056
TWY,Twyford,R01057
TWY,Twyford,R01151
TWY,Twyford,R01164
TWY,Twyford,R01217
TWY,Twyford,R01222
TWY,Twyford,R01235
TWY,Twyford,R01237
TWY,Twyford,R01246
TWY,Twyford,R01263
TWY,Twyford,R01298
TWY,Twyford,R01299
TWY,Twyford,R01373
TWY,Twyford,R01374
TWY,Twyford,R01381
TWY,Twyford,R01416
TWY,Twyford,R01458
TWY,Twyford,R01581
TWY,Twyford,R01644
TWY,Twyford,R01652
TWY,Twyford,R01657
TWY,Twyford,R01658
TWY,Twyford,R01665
TWY,Twyford,R01712
TWY,Twyford,R01719
TWY,Twyford,R01723
TWY,Twyford,R01731
TWY,Twyford,R01732
TWY,Twyford,R01733
TWY,Twyford,R01740
TWY,Twyford,R01777
TWY,Twyford,R01829
TWY,Twyford,R01877
TWY,Twyford,R01943
TWY,Twyford,R01958
TYC,Ty Croes,R00418
TYC,Ty Croes,R00590
TYC,Ty Croes,R00592
TYC,Ty Croes,R01518
TYC,Ty Croes,R01526
TYG,Tygwyn,R00068
TYG,Tygwyn,R00330
TYL,Tyndrum Lower,R00287
TYL,Tyndrum Lower,R01138
TYL,Tyndrum Lower,R01139
TYL,Tyndrum Lower,R01295
TYS,Tyseley,R00004
TYS,Tyseley,R00053
TYS,Tyseley,R00072
TYS,Tyseley,R00088
TYS,Tyseley,R00115
TYS,Tyseley,R00126
TYS,Tyseley,R00158
TYS,Tyseley,R00246
TYS,Tyseley,R00341
TYS,Tyseley,R00396
TYS,Tyseley,R00405
TYS,Tyseley,R00425
TYS,Tyseley,R00446
TYS,Tyseley,R00465
TYS,Tyseley,R00768
TYS,Tyseley,R00770
TYS,Tyseley,R00773
TYS,Tyseley,R00775
TYS,Tyseley,R00776
TYS,Tyseley,R00780
TYS,Tyseley,R00788
TYS,Tyseley,R00875
TYS,Tyseley,R00883
TYS,Tyseley,R00884
TYS,Tyseley,R00892
TYS,Tyseley,R00894
TYS,Tyseley,R00896
TYS,Tyseley,R00901
TYS,Tyseley,R00989
TYS,Tyseley,R00991
TYS,Tyseley,R01188
TYS,Tyseley,R01486
TYS,Tyseley,R01488
TYS,Tyseley,R01496
TYS,Tyseley,R01508
TYS,Tyseley,R01585
TYS,Tyseley,R01924
TYW,Tywyn,R00068
TYW,Tywyn,R00330
UCK,Uckfield,R00253
UCK,Uckfield,R00666
UCK,Uckfield,R00667
UCK,Uckfield,R01016
UCK,Uckfield,R01709
UDD,Uddingston,R00183
UDD,Uddingston,R00184
UDD,Uddingston,R00706
UDD,Uddingston,R01128
UDD,Uddingston,R01145
UDD,Uddingston,R01194
UDD,Uddingston,R01199
UDD,Uddingston,R01270
UDD,Uddingston,R01303
UDD,Uddingston,R01343
UDD,Uddingston,R01464
UDD,Uddingston,R01790
UHA,Uphall,R00106
UHA,Uphall,R00179
UHA,Uphall,R00378
UHA,Uphall,R00480
UHA,Uphall,R01591
UHA,Uphall,R01720
UHA,Uphall,R01844
UHA,Uphall,R01879
UHA,Uphall,R02062
UHA,Uphall,R02097
UHL,Upper Holloway,R00510
UHL,Upper Holloway,R01019
UIG,,R00834
UIG,,R00912
UIG,,R01065
UIG,,R02057
UIG,,R02069
UIG,,R02070
ULC,Ulceby,R00765
ULC,Ulceby,R01429
ULC,Ulceby,R01453
ULL,Ulleskelf,R00027
ULL,Ulleskelf,R00082
ULL,Ulleskelf,R00111
ULL,Ulleskelf,R00307
ULL,Ulleskelf,R00317
ULL,Ulleskelf,R00358
ULL,Ulleskelf,R00404
ULL,Ulleskelf,R00942
ULL,Ulleskelf,R00949
ULL,Ulleskelf,R01411
ULL,Ulleskelf,R01613
ULL,Ulleskelf,R01766
ULP,,R00103
ULP,,R00835
ULP,,R01524
ULP,,R01926
ULV,Ulverston,R00142
ULV,Ulverston,R00457
ULV,Ulverston,R00640
ULV,Ulverston,R00817
ULV,Ulverston,R01018
ULV,Ulverston,R01242
ULV,Ulverston,R01621
ULV,Ulverston,R01622
ULV,Ulverston,R01966
UMB,Umberleigh,R00259
UMB,Umberleigh,R00264
UMB,Umberleigh,R00325
UMB,Umberleigh,R00338
UMB,Umberleigh,R00371
UMB,Umberleigh,R00388
UMB,Umberleigh,R00604
UMB,Umberleigh,R00606
UMB,Umberleigh,R00607
UMB,Umberleigh,R00609
UMB,Umberleigh,R00612
UMB,Umberleigh,R00744
UMB,Umberleigh,R01317
UNI,University (Birmingham),R00023
UNI,University (Birmingham),R00037
UNI,University (Birmingham),R00040
UNI,University (Birmingham),R00293
UNI,University (Birmingham),R00347
UNI,University (Birmingham),R00362
UNI,University (Birmingham),R00379
UNI,University (Birmingham),R00582
UNI,University (Birmingham),R00661
UNI,University (Birmingham),R00759
UNI,University (Birmingham),R00948
UNI,University (Birmingham),R00974
UNI,University (Birmingham),R00977
UNI,University (Birmingham),R01158
UNI,University (Birmingham),R01220
UNI,University (Birmingham),R01222
UNI,University (Birmingham),R01223
UNI,University (Birmingham),R01231
UNI,University (Birmingham),R01310
UNI,University (Birmingham),R01886
UNV,,R00546
UNV,,R00556
UNV,,R00572
UPH,Upper Halliford,R00718
UPH,Upper Halliford,R00802
UPH,Upper Halliford,R00804
UPH,Upper Halliford,R00864
UPH,Upper Halliford,R00943
UPH,Upper Halliford,R00945
UPH,Upper Halliford,R00946
UPL,Upholland,R01053
UPL,Upholland,R01154
UPL,Upholland,R01161
UPM,Upminster,R00137
UPM,Upminster,R00434
UPM,Upminster,R00444
UPM,Upminster,R00794
UPM,Upminster,R00978
UPM,Upminster,R01094
UPM,Upminster,R01096
UPM,Upminster,R01354
UPM,Upminster,R01402
UPM,Upminster,R01625
UPM,Upminster,R01699
UPM,Upminster,R01850
UPM,Upminster,R01862
UPM,Upminster,R01864
UPM,Upminster,R01896
UPT,Upton,R01538
UPT,Upton,R01539
UPT,Upton,R01541
UPW,Upwey,R00329
UPW,Upwey,R00331
UPW,Upwey,R00348
UPW,Upwey,R00431
UPW,Upwey,R00746
UPW,Upwey,R00808
UPW,Upwey,R01067
UPW,Upwey,R01319
UPW,Upwey,R01446
UPW,Upwey,R01478
UPW,Upwey,R01662
URM,Urmston,R00062
URM,Urmston,R00063
URM,Urmston,R01059
URM,Urmston,R01452
URM,Urmston,R01558
URM,Urmston,R01559
URM,Urmston,R01560
URM,Urmston,R01562
URM,Urmston,R01563
URM,Urmston,R01564
URM,Urmston,R01566
URM,Urmston,R01570
URM,Urmston,R01727
UTT,Uttoxeter,R00347
UTT,Uttoxeter,R00459
UTT,Uttoxeter,R00661
UTT,Uttoxeter,R01207
UTT,Uttoxeter,R01425
UTT,Uttoxeter,R01426
UTT,Uttoxeter,R01427
UTT,Uttoxeter,R01428
UTY,Upper Tyndrum,R01140
UTY,Upper Tyndrum,R01297
UTY,Upper Tyndrum,R01865
UTY,Upper Tyndrum,R02062
UTY,Upper Tyndrum,R02097
UWL,Upper Warlingham,R00091
UWL,Upper Warlingham,R00097
UWL,Upper Warlingham,R00238
UWL,Upper Warlingham,R00666
UWL,Upper Warlingham,R00667
UWL,Upper Warlingham,R00972
UWL,Upper Warlingham,R01241
UWL,Upper Warlingham,R01252
UWL,Upper Warlingham,R01257
UWL,Upper Warlingham,R01278
UWL,Upper Warlingham,R01521
UWL,Upper Warlingham,R01651
UWL,Upper Warlingham,R01780
VAE,,R01377
VAE,,R01638
VAL,Valley,R00056
VAL,Valley,R00058
VAL,Valley,R00418
VAL,Valley,R00568
VAL,Valley,R00590
VAL,Valley,R00592
VAL,Valley,R00902
VAL,Valley,R01307
VAL,Valley,R01518
VAL,Valley,R01526
VAL,Valley,R01710
VIR,Virginia Water,R00301
VIR,Virginia Water,R00699
VIR,Virginia Water,R00715
VIR,Virginia Water,R00718
VIR,Virginia Water,R00745
VIR,Virginia Water,R00797
VIR,Virginia Water,R00798
VIR,Virginia Water,R00811
VIR,Virginia Water,R00855
VIR,Virginia Water,R00859
VIR,Virginia Water,R00861
VIR,Virginia Water,R00980
VIR,Virginia Water,R01095
VIR,Virginia Water,R01103
VIR,Virginia Water,R01913
VIR,Virginia Water,R01981
VIR,Virginia Water,R02102
WAC,Warrington Central,R00062
WAC,Warrington Central,R00063
WAC,Warrington Central,R00336
WAC,Warrington Central,R00441
WAC,Warrington Central,R00765
WAC,Warrington Central,R00830
WAC,Warrington Central,R01059
WAC,Warrington Central,R01353
WAC,Warrington Central,R01452
WAC,Warrington Central,R01558
WAC,Warrington Central,R01559
WAC,Warrington Central,R01560
WAC,Warrington Central,R01562
WAC,Warrington Central,R01563
WAC,Warrington Central,R01564
WAC,Warrington Central,R01566
WAC,Warrington Central,R01570
WAC,Warrington Central,R01727
WAC,Warrington Central,R01848
WAC,Warrington Central,R02052
WAC,Warrington Central,R02053
WAD,Wadhurst,R00014
WAD,Wadhurst,R00044
WAD,Wadhurst,R00046
WAD,Wadhurst,R00052
WAD,Wadhurst,R00125
WAD,Wadhurst,R02078
WAE,London Waterloo East,R00014
WAE,London Waterloo East,R00018
WAE,London Waterloo East,R00044
WAE,London Waterloo East,R00046
WAE,London Waterloo East,R00052
WAE,London Waterloo East,R00122
WAE,London Waterloo East,R00212
WAE,London Waterloo East,R00221
WAE,London Waterloo East,R00254
WAE,London Waterloo East,R00256
WAE,London Waterloo East,R00436
WAE,London Waterloo East,R00488
WAE,London Waterloo East,R00489
WAE,London Waterloo East,R00497
WAE,London Waterloo East,R00516
WAE,London Waterloo East,R00522
WAE,London Waterloo East,R00524
WAE,London Waterloo East,R00525
WAE,London Waterloo East,R00526
WAE,London Waterloo East,R00536
WAE,London Waterloo East,R00610
WAE,London Waterloo East,R00617
WAE,London Waterloo East,R01578
WAE,London Waterloo East,R01587
WAE,London Waterloo East,R01609
WAE,London Waterloo East,R01636
WAE,London Waterloo East,R01637
WAE,London Waterloo East,R01639
WAE,London Waterloo East,R01645
WAE,London Waterloo East,R01660
WAE,London Waterloo East,R01674
WAE,London Waterloo East,R01676
WAE,London Waterloo East,R01800
WAE,London Waterloo East,R02064
WAE,London Waterloo East,R02066
WAE,London Waterloo East,R02073
WAE,London Waterloo East,R02093
WAF,Wallyford,R00180
WAF,Wallyford,R00181
WAF,Wallyford,R01149
WAF,Wallyford,R01202
WAF,Wallyford,R02036
WAL,Walton-On-Thames,R00440
WAL,Walton-On-Thames,R00458
WAL,Walton-On-Thames,R00599
WAL,Walton-On-Thames,R00747
WAL,Walton-On-Thames,R00753
WAL,Walton-On-Thames,R00800
WAL,Walton-On-Thames,R00801
WAL,Walton-On-Thames,R00866
WAL,Walton-On-Thames,R00870
WAL,Walton-On-Thames,R00926
WAL,Walton-On-Thames,R01226
WAL,Walton-On-Thames,R01760
WAL,Walton-On-Thames,R01791
WAM,Walmer,R00014
WAM,Walmer,R00125
WAM,Walmer,R00256
WAM,Walmer,R00436
WAM,Walmer,R00664
WAM,Walmer,R00671
WAM,Walmer,R00684
WAM,Walmer,R01568
WAM,Walmer,R01660
WAM,Walmer,R02015
WAM,Walmer,R02098
WAN,Wanborough,R00422
WAN,Wanborough,R00427
WAN,Wanborough,R00927
WAN,Wanborough,R00958
WAN,Wanborough,R00959
WAN,Wanborough,R01445
WAN,Wanborough,R01476
WAO,Walton (Merseyside),R01003
WAO,Walton (Merseyside),R01430
WAO,Walton (Merseyside),R01749
WAR,Ware,R00144
WAR,Ware,R01203
WAR,Ware,R01286
WAR,Ware,R01405
WAR,Ware,R01993
WAS,Watton-At-Stone,R00319
WAS,Watton-At-Stone,R00702
WAS,Watton-At-Stone,R00707
WAS,Watton-At-Stone,R01383
WAS,Watton-At-Stone,R01491
WAS,Watton-At-Stone,R01646
WAV,Wavertree Technology Park,R00206
WAV,Wavertree Technology Park,R00270
WAV,Wavertree Technology Park,R00454
WAV,Wavertree Technology Park,R00587
WAV,Wavertree Technology Park,R00640
WAV,Wavertree Technology Park,R00944
WAV,Wavertree Technology Park,R01892
WAV,Wavertree Technology Park,R01952
WAV,Wavertree Technology Park,R02039
WAW,Warrington West,R00062
WAW,Warrington West,R00063
WAW,Warrington West,R01059
WAW,Warrington West,R01353
WAW,Warrington West,R01562
WAW,Warrington West,R01563
WAW,Warrington West,R01564
WAW,Warrington West,R01566
WAW,Warrington West,R01570
WAW,Warrington West,R02052
WBC,Waterbeach,R00029
WBC,Waterbeach,R00073
WBC,Waterbeach,R00187
WBC,Waterbeach,R00203
WBC,Waterbeach,R00336
WBC,Waterbeach,R00379
WBC,Waterbeach,R00620
WBC,Waterbeach,R00628
WBC,Waterbeach,R00749
WBC,Waterbeach,R00954
WBC,Waterbeach,R01203
WBC,Waterbeach,R01268
WBC,Waterbeach,R01286
WBC,Waterbeach,R01470
WBC,Waterbeach,R01494
WBC,Waterbeach,R01711
WBC,Waterbeach,R01982
WBC,Waterbeach,R01983
WBD,Whitley Bridge,R00641
WBD,Whitley Bridge,R01964
WBE,,R00445
WBE,,R00447
WBL,Warblington,R00043
WBL,Warblington,R00199
WBL,Warblington,R00399
WBL,Warblington,R00655
WBL,Warblington,R00656
WBL,Warblington,R00657
WBL,Warblington,R00659
WBL,Warblington,R00739
WBL,Warblington,R00742
WBL,Warblington,R00748
WBL,Warblington,R00812
WBL,Warblington,R00969
WBL,Warblington,R01039
WBL,Warblington,R01070
WBL,Warblington,R01367
WBO,Wimbledon Chase,R00076
WBO,Wimbledon Chase,R00092
WBO,Wimbledon Chase,R00398
WBO,Wimbledon Chase,R00416
WBP,West Brompton,R00174
WBP,West Brompton,R00177
WBP,West Brompton,R00252
WBP,West Brompton,R00403
WBP,West Brompton,R00859
WBP,West Brompton,R00905
WBP,West Brompton,R00979
WBP,West Brompton,R01010
WBP,West Brompton,R01095
WBP,West Brompton,R01105
WBQ,Warrington Bank Quay,R00056
WBQ,Warrington Bank Quay,R00058
WBQ,Warrington Bank Quay,R00102
WBQ,Warrington Bank Quay,R00114
WBQ,Warrington Bank Quay,R00418
WBQ,Warrington Bank Quay,R00568
WBQ,Warrington Bank Quay,R00579
WBQ,Warrington Bank Quay,R00581
WBQ,Warrington Bank Quay,R00647
WBQ,Warrington Bank Quay,R00704
WBQ,Warrington Bank Quay,R00825
WBQ,Warrington Bank Quay,R00891
WBQ,Warrington Bank Quay,R00893
WBQ,Warrington Bank Quay,R00897
WBQ,Warrington Bank Quay,R01077
WBQ,Warrington Bank Quay,R01281
WBQ,Warrington Bank Quay,R01552
WBQ,Warrington Bank Quay,R01599
WBQ,Warrington Bank Quay,R01690
WBQ,Warrington Bank Quay,R01691
WBQ,Warrington Bank Quay,R01697
WBQ,Warrington Bank Quay,R01789
WBQ,Warrington Bank Quay,R01905
WBQ,Warrington Bank Quay,R02039
WBQ,Warrington Bank Quay,R02088
WBR,Whaley Bridge,R00071
WBR,Whaley Bridge,R00634
WBR,Whaley Bridge,R00635
WBR,Whaley Bridge,R00673
WBR,Whaley Bridge,R01322
WBY,West Byfleet,R00458
WBY,West Byfleet,R00598
WBY,West Byfleet,R00599
WBY,West Byfleet,R00699
WBY,West Byfleet,R00753
WBY,West Byfleet,R00800
WBY,West Byfleet,R00801
WBY,West Byfleet,R00866
WBY,West Byfleet,R00870
WBY,West Byfleet,R00926
WBY,West Byfleet,R01791
WBY,West Byfleet,R01820
WBY,West Byfleet,R01913
WCB,Westcombe Park,R00076
WCB,Westcombe Park,R00079
WCB,Westcombe Park,R00092
WCB,Westcombe Park,R00125
WCB,Westcombe Park,R00188
WCB,Westcombe Park,R00297
WCB,Westcombe Park,R00491
WCB,Westcombe Park,R00526
WCB,Westcombe Park,R00608
WCB,Westcombe Park,R00610
WCB,Westcombe Park,R00654
WCB,Westcombe Park,R00971
WCB,Westcombe Park,R00972
WCB,Westcombe Park,R01745
WCF,Westcliff,R00137
WCF,Westcliff,R00384
WCF,Westcliff,R00434
WCF,Westcliff,R00444
WCF,Westcliff,R00794
WCF,Westcliff,R01094
WCF,Westcliff,R01354
WCF,Westcliff,R01402
WCF,Westcliff,R01625
WCH,Whitchurch (Hampshire),R00331
WCH,Whitchurch (Hampshire),R00665
WCH,Whitchurch (Hampshire),R00672
WCH,Whitchurch (Hampshire),R00675
WCH,Whitchurch (Hampshire),R00677
WCH,Whitchurch (Hampshire),R00694
WCH,Whitchurch (Hampshire),R00700
WCH,Whitchurch (Hampshire),R00711
WCH,Whitchurch (Hampshire),R00746
WCH,Whitchurch (Hampshire),R00761
WCH,Whitchurch (Hampshire),R01103
WCK,Wick,R01156
WCK,Wick,R01157
WCK,Wick,R01159
WCL,West Calder,R00183
WCL,West Calder,R00184
WCL,West Calder,R00472
WCL,West Calder,R01176
WCL,West Calder,R01221
WCL,West Calder,R01270
WCL,West Calder,R01303
WCL,West Calder,R01464
WCM,Wickham Market,R00492
WCM,Wickham Market,R00833
WCM,Wickham Market,R01349
WCP,Worcester Park,R00322
WCP,Worcester Park,R00632
WCP,Worcester Park,R00799
WCP,Worcester Park,R00867
WCP,Worcester Park,R00876
WCR,Whitecraigs,R00133
WCR,Whitecraigs,R00135
WCR,Whitecraigs,R01668
WCT,,R01799
WCT,,R01802
WCX,Wembley Stadium,R00004
WCX,Wembley Stadium,R00012
WCX,Wembley Stadium,R00033
WCX,Wembley Stadium,R00036
WCX,Wembley Stadium,R00039
WCX,Wembley Stadium,R00041
WCX,Wembley Stadium,R00053
WCX,Wembley Stadium,R00060
WCX,Wembley Stadium,R00072
WCX,Wembley Stadium,R00095
WCX,Wembley Stadium,R00134
WCX,Wembley Stadium,R00146
WCX,Wembley Stadium,R00155
WCX,Wembley Stadium,R00158
WCX,Wembley Stadium,R00201
WCX,Wembley Stadium,R00209
WCX,Wembley Stadium,R00226
WCX,Wembley Stadium,R00246
WCX,Wembley Stadium,R00429
WCX,Wembley Stadium,R00435
WCX,Wembley Stadium,R00471
WCX,Wembley Stadium,R00479
WCX,Wembley Stadium,R00981
WCX,Wembley Stadium,R00982
WCX,Wembley Stadium,R01508
WCX,Wembley Stadium,R01513
WCX,Wembley Stadium,R01938
WCX,Wembley Stadium,R01941
WCX,Wembley Stadium,R02041
WCX,Wembley Stadium,R02091
WCX,Wembley Stadium,R02092
WCY,West Croydon,R00003
WCY,West Croydon,R00020
WCY,West Croydon,R00075
WCY,West Croydon,R00240
WCY,West Croydon,R00242
WCY,West Croydon,R00253
WCY,West Croydon,R00535
WCY,West Croydon,R00575
WCY,West Croydon,R00632
WCY,West Croydon,R00697
WCY,West Croydon,R00701
WCY,West Croydon,R00837
WCY,West Croydon,R00951
WCY,West Croydon,R00955
WCY,West Croydon,R01029
WCY,West Croydon,R01634
WCY,West Croydon,R01858
WDB,Woodbridge,R00492
WDB,Woodbridge,R00833
WDB,Woodbridge,R01349
WDD,Widdrington,R00531
WDD,Widdrington,R00613
WDE,Wood End,R00115
WDE,Wood End,R00768
WDE,Wood End,R00770
WDE,Wood End,R00773
WDE,Wood End,R00775
WDE,Wood End,R00776
WDE,Wood End,R01488
WDH,Woodhouse,R00328
WDH,Woodhouse,R00332
WDH,Woodhouse,R00334
WDH,Woodhouse,R00359
WDH,Woodhouse,R01574
WDL,Woodhall,R00099
WDL,Woodhall,R00190
WDL,Woodhall,R00426
WDL,Woodhall,R01227
WDM,Windermere,R00142
WDM,Windermere,R00521
WDM,Windermere,R01949
WDM,Windermere,R01953
WDM,Windermere,R01955
WDM,Windermere,R01960
WDN,Walsden,R00231
WDN,Walsden,R00284
WDN,Walsden,R00652
WDN,Walsden,R00815
WDN,Walsden,R01608
WDO,Waddon,R00240
WDO,Waddon,R00242
WDO,Waddon,R00253
WDO,Waddon,R00535
WDO,Waddon,R00575
WDO,Waddon,R00951
WDO,Waddon,R00955
WDO,Waddon,R01634
WDS,Woodlesford,R00038
WDS,Woodlesford,R00641
WDS,Woodlesford,R00721
WDS,Woodlesford,R01617
WDS,Woodlesford,R01951
WDS,Woodlesford,R01964
WDT,West Drayton,R01037
WDT,West Drayton,R01374
WDT,West Drayton,R01381
WDT,West Drayton,R01416
WDT,West Drayton,R01581
WDT,West Drayton,R01644
WDT,West Drayton,R01652
WDT,West Drayton,R01657
WDT,West Drayton,R01658
WDT,West Drayton,R01694
WDT,West Drayton,R01701
WDT,West Drayton,R01719
WDU,West Dulwich,R00002
WDU,West Dulwich,R00221
WDU,West Dulwich,R00343
WDU,West Dulwich,R00345
WDU,West Dulwich,R00514
WDU,West Dulwich,R00603
WDU,West Dulwich,R01590
WEA,West Ealing,R00105
WEA,West Ealing,R00342
WEA,West Ealing,R00362
WEA,West Ealing,R00387
WEA,West Ealing,R00582
WEA,West Ealing,R00754
WEA,West Ealing,R00755
WEA,West Ealing,R00850
WEA,West Ealing,R00917
WEA,West Ealing,R01038
WEA,West Ealing,R01056
WEA,West Ealing,R01184
WEA,West Ealing,R01381
WEA,West Ealing,R01416
WEA,West Ealing,R01432
WEA,West Ealing,R01581
WEA,West Ealing,R01593
WEA,West Ealing,R01595
WEA,West Ealing,R01652
WEA,West Ealing,R01657
WEA,West Ealing,R01690
WEA,West Ealing,R01692
WEA,West Ealing,R01694
WEA,West Ealing,R01701
WEA,West Ealing,R01712
WEA,West Ealing,R01719
WEA,West Ealing,R01748
WEA,West Ealing,R01829
WEA,West Ealing,R01894
WEA,West Ealing,R01912
WEA,West Ealing,R01942
WEE,Weeley,R00832
WEE,Weeley,R00881
WEE,Weeley,R01351
WEE,Weeley,R01352
WEH,West Ham,R00137
WEH,West Ham,R00384
WEH,West Ham,R00434
WEH,West Ham,R00444
WEH,West Ham,R00978
WEH,West Ham,R01094
WEH,West Ham,R01096
WEH,West Ham,R01354
WEH,West Ham,R01402
WEH,West Ham,R01625
WEH,West Ham,R01699
WEH,West Ham,R01850
WEH,West Ham,R01862
WEH,West Ham,R01864
WEH,West Ham,R01896
WEH,West Ham,R01897
WEH,West Ham,R02087
WEL,Wellingborough,R00156
WEL,Wellingborough,R00296
WEL,Wellingborough,R00298
WEL,Wellingborough,R00299
WEL,Wellingborough,R00304
WEL,Wellingborough,R00459
WEL,Wellingborough,R00506
WEL,Wellingborough,R00810
WEL,Wellingborough,R00992
WEL,Wellingborough,R01076
WEL,Wellingborough,R01122
WEL,Wellingborough,R01425
WEL,Wellingborough,R01447
WEL,Wellingborough,R01450
WEL,Wellingborough,R01654
WEL,Wellingborough,R01724
WEM,Wem,R00077
WEM,Wem,R00562
WEM,Wem,R00592
WEM,Wem,R00600
WEM,Wem,R00796
WEM,Wem,R00916
WEM,Wem,R01123
WEM,Wem,R01248
WEM,Wem,R01265
WEM,Wem,R01546
WEM,Wem,R01597
WEM,Wem,R01734
WEM,Wem,R01773
WEO,,R00251
WEO,,R00813
WER,,R01162
WER,,R01182
WES,Westerton,R00106
WES,Westerton,R00179
WES,Westerton,R00289
WES,Westerton,R00375
WES,Westerton,R00480
WES,Westerton,R00625
WES,Westerton,R00858
WES,Westerton,R00988
WES,Westerton,R01021
WES,Westerton,R01136
WES,Westerton,R01137
WES,Westerton,R01138
WES,Westerton,R01139
WES,Westerton,R01155
WES,Westerton,R01173
WES,Westerton,R01295
WES,Westerton,R01297
WES,Westerton,R01808
WES,Westerton,R01865
WES,Westerton,R01875
WES,Westerton,R01876
WES,Westerton,R01880
WES,Westerton,R02062
WES,Westerton,R02097
WET,Weeton,R00614
WET,Weeton,R01612
WET,Weeton,R01998
WET,Weeton,R02029
WEY,Weymouth,R00329
WEY,Weymouth,R00331
WEY,Weymouth,R00348
WEY,Weymouth,R00431
WEY,Weymouth,R00746
WEY,Weymouth,R00757
WEY,Weymouth,R00808
WEY,Weymouth,R01067
WEY,Weymouth,R01319
WEY,Weymouth,R01446
WEY,Weymouth,R01478
WEY,Weymouth,R01662
WFF,Whifflet,R00056
WFF,Whifflet,R00090
WFF,Whifflet,R00378
WFF,Whifflet,R00480
WFF,Whifflet,R00708
WFF,Whifflet,R01136
WFF,Whifflet,R01137
WFF,Whifflet,R01281
WFF,Whifflet,R01808
WFH,Watford High Street,R00150
WFH,Watford High Street,R00236
WFI,Westerfield,R00492
WFI,Westerfield,R00499
WFI,Westerfield,R00501
WFI,Westerfield,R00833
WFI,Westerfield,R01349
WFJ,Watford Junction,R00056
WFJ,Watford Junction,R00077
WFJ,Watford Junction,R00093
WFJ,Watford Junction,R00102
WFJ,Watford Junction,R00104
WFJ,Watford Junction,R00114
WFJ,Watford Junction,R00131
WFJ,Watford Junction,R00177
WFJ,Watford Junction,R00283
WFJ,Watford Junction,R00286
WFJ,Watford Junction,R00311
WFJ,Watford Junction,R00314
WFJ,Watford Junction,R00390
WFJ,Watford Junction,R00403
WFJ,Watford Junction,R00589
WFJ,Watford Junction,R00602
WFJ,Watford Junction,R00638
WFJ,Watford Junction,R00704
WFJ,Watford Junction,R00806
WFJ,Watford Junction,R00829
WFJ,Watford Junction,R00838
WFJ,Watford Junction,R00841
WFJ,Watford Junction,R00845
WFJ,Watford Junction,R00863
WFJ,Watford Junction,R00879
WFJ,Watford Junction,R00905
WFJ,Watford Junction,R00964
WFJ,Watford Junction,R00979
WFJ,Watford Junction,R01055
WFJ,Watford Junction,R01074
WFJ,Watford Junction,R01077
WFJ,Watford Junction,R01102
WFJ,Watford Junction,R01234
WFJ,Watford Junction,R01267
WFJ,Watford Junction,R01279
WFJ,Watford Junction,R01281
WFJ,Watford Junction,R01307
WFJ,Watford Junction,R01432
WFJ,Watford Junction,R01437
WFJ,Watford Junction,R01439
WFJ,Watford Junction,R01514
WFJ,Watford Junction,R01515
WFJ,Watford Junction,R01522
WFJ,Watford Junction,R01690
WFJ,Watford Junction,R01691
WFJ,Watford Junction,R01697
WFJ,Watford Junction,R01706
WFJ,Watford Junction,R01905
WFJ,Watford Junction,R02049
WFJ,Watford Junction,R02086
WFL,Wainfleet,R00196
WFL,Wainfleet,R00197
WFL,Wainfleet,R00205
WFL,Wainfleet,R00216
WFL,Wainfleet,R00218
WFL,Wainfleet,R00220
WFL,Wainfleet,R00222
WFN,Watford North,R00056
WFN,Watford North,R01234
WFN,Watford North,R01437
WFN,Watford North,R01439
WGA,Westgate-On-Sea,R00125
WGA,Westgate-On-Sea,R00343
WGA,Westgate-On-Sea,R00413
WGA,Westgate-On-Sea,R00436
WGA,Westgate-On-Sea,R00514
WGA,Westgate-On-Sea,R00684
WGA,Westgate-On-Sea,R01615
WGA,Westgate-On-Sea,R01967
WGC,Welwyn Garden City,R00064
WGC,Welwyn Garden City,R00066
WGC,Welwyn Garden City,R00073
WGC,Welwyn Garden City,R00082
WGC,Welwyn Garden City,R00094
WGC,Welwyn Garden City,R00128
WGC,Welwyn Garden City,R00129
WGC,Welwyn Garden City,R00217
WGC,Welwyn Garden City,R00271
WGC,Welwyn Garden City,R00319
WGC,Welwyn Garden City,R00321
WGC,Welwyn Garden City,R00361
WGC,Welwyn Garden City,R00365
WGC,Welwyn Garden City,R00370
WGC,Welwyn Garden City,R00373
WGC,Welwyn Garden City,R00464
WGC,Welwyn Garden City,R00465
WGC,Welwyn Garden City,R00470
WGC,Welwyn Garden City,R00477
WGC,Welwyn Garden City,R00485
WGC,Welwyn Garden City,R00496
WGC,Welwyn Garden City,R00507
WGC,Welwyn Garden City,R00620
WGC,Welwyn Garden City,R00628
WGC,Welwyn Garden City,R00660
WGC,Welwyn Garden City,R00689
WGC,Welwyn Garden City,R00690
WGC,Welwyn Garden City,R00705
WGC,Welwyn Garden City,R00707
WGC,Welwyn Garden City,R00727
WGC,Welwyn Garden City,R00749
WGC,Welwyn Garden City,R00819
WGC,Welwyn Garden City,R00968
WGC,Welwyn Garden City,R00970
WGC,Welwyn Garden City,R01171
WGC,Welwyn Garden City,R01180
WGC,Welwyn Garden City,R01283
WGC,Welwyn Garden City,R01311
WGC,Welwyn Garden City,R01386
WGC,Welwyn Garden City,R01492
WGC,Welwyn Garden City,R01493
WGC,Welwyn Garden City,R01517
WGC,Welwyn Garden City,R01663
WGC,Welwyn Garden City,R01686
WGC,Welwyn Garden City,R01687
WGC,Welwyn Garden City,R01688
WGC,Welwyn Garden City,R01737
WGC,Welwyn Garden City,R01867
WGN,Wigan North Western,R00056
WGN,Wigan North Western,R00059
WGN,Wigan North Western,R00090
WGN,Wigan North Western,R00100
WGN,Wigan North Western,R00102
WGN,Wigan North Western,R00108
WGN,Wigan North Western,R00112
WGN,Wigan North Western,R00114
WGN,Wigan North Western,R00130
WGN,Wigan North Western,R00142
WGN,Wigan North Western,R00206
WGN,Wigan North Western,R00213
WGN,Wigan North Western,R00270
WGN,Wigan North Western,R00454
WGN,Wigan North Western,R00457
WGN,Wigan North Western,R00581
WGN,Wigan North Western,R00647
WGN,Wigan North Western,R00704
WGN,Wigan North Western,R00825
WGN,Wigan North Western,R01053
WGN,Wigan North Western,R01061
WGN,Wigan North Western,R01077
WGN,Wigan North Western,R01086
WGN,Wigan North Western,R01161
WGN,Wigan North Western,R01178
WGN,Wigan North Western,R01281
WGN,Wigan North Western,R01360
WGN,Wigan North Western,R01432
WGN,Wigan North Western,R01454
WGN,Wigan North Western,R01552
WGN,Wigan North Western,R01599
WGN,Wigan North Western,R01619
WGN,Wigan North Western,R01626
WGN,Wigan North Western,R01691
WGN,Wigan North Western,R01697
WGN,Wigan North Western,R01905
WGN,Wigan North Western,R01915
WGN,Wigan North Western,R02032
WGN,Wigan North Western,R02088
WGR,Woodgrange Park,R00510
WGR,Woodgrange Park,R01019
WGT,Wigton,R01588
WGT,Wigton,R01589
WGT,Wigton,R01965
WGT,Wigton,R01970
WGV,Wargrave,R00050
WGV,Wargrave,R00789
WGV,Wargrave,R01164
WGV,Wargrave,R01458
WGW,Wigan Wallgate,R00059
WGW,Wigan Wallgate,R00069
WGW,Wigan Wallgate,R00074
WGW,Wigan Wallgate,R00084
WGW,Wigan Wallgate,R00408
WGW,Wigan Wallgate,R01040
WGW,Wigan Wallgate,R01053
WGW,Wigan Wallgate,R01091
WGW,Wigan Wallgate,R01154
WGW,Wigan Wallgate,R01161
WGW,Wigan Wallgate,R01167
WGW,Wigan Wallgate,R01678
WGW,Wigan Wallgate,R01713
WHA,Westenhanger,R00014
WHA,Westenhanger,R00125
WHA,Westenhanger,R00256
WHA,Westenhanger,R00436
WHA,Westenhanger,R00542
WHA,Westenhanger,R00664
WHA,Westenhanger,R00671
WHA,Westenhanger,R01587
WHA,Westenhanger,R01639
WHA,Westenhanger,R01660
WHA,Westenhanger,R02015
WHC,Walthamstow Central,R01286
WHC,Walthamstow Central,R01550
WHC,Walthamstow Central,R01557
WHD,West Hampstead,R00177
WHD,West Hampstead,R00252
WHD,West Hampstead,R00258
WHD,West Hampstead,R01093
WHE,Whalley,R00101
WHE,Whalley,R00337
WHE,Whalley,R00340
WHE,Whalley,R01460
WHG,Westhoughton,R00059
WHG,Westhoughton,R00069
WHG,Westhoughton,R00074
WHG,Westhoughton,R00084
WHG,Westhoughton,R00408
WHG,Westhoughton,R01091
WHG,Westhoughton,R01619
WHG,Westhoughton,R01678
WHI,Whitstable,R00125
WHI,Whitstable,R00343
WHI,Whitstable,R00413
WHI,Whitstable,R00436
WHI,Whitstable,R00514
WHI,Whitstable,R00684
WHI,Whitstable,R00854
WHI,Whitstable,R01568
WHI,Whitstable,R01615
WHI,Whitstable,R01967
WHI,Whitstable,R01969
WHI,Whitstable,R01971
WHL,White Hart Lane,R00215
WHL,White Hart Lane,R01286
WHL,White Hart Lane,R01685
WHM,Whimple,R00331
WHM,Whimple,R00670
WHM,Whimple,R00711
WHM,Whimple,R00712
WHM,Whimple,R00713
WHN,Whiston,R00454
WHN,Whiston,R00587
WHN,Whiston,R00640
WHN,Whiston,R00944
WHN,Whiston,R01892
WHN,Whiston,R01952
WHN,Whiston,R02039
WHP,West Hampstead Thameslink,R00002
WHP,West Hampstead Thameslink,R00076
WHP,West Hampstead Thameslink,R00079
WHP,West Hampstead Thameslink,R00092
WHP,West Hampstead Thameslink,R00097
WHP,West Hampstead Thameslink,R00156
WHP,West Hampstead Thameslink,R00188
WHP,West Hampstead Thameslink,R00271
WHP,West Hampstead Thameslink,R00296
WHP,West Hampstead Thameslink,R00298
WHP,West Hampstead Thameslink,R00299
WHP,West Hampstead Thameslink,R00304
WHP,West Hampstead Thameslink,R00398
WHP,West Hampstead Thameslink,R00416
WHP,West Hampstead Thameslink,R00459
WHP,West Hampstead Thameslink,R00506
WHP,West Hampstead Thameslink,R00727
WHP,West Hampstead Thameslink,R00762
WHP,West Hampstead Thameslink,R00810
WHP,West Hampstead Thameslink,R00968
WHP,West Hampstead Thameslink,R00972
WHP,West Hampstead Thameslink,R00992
WHP,West Hampstead Thameslink,R01076
WHP,West Hampstead Thameslink,R01180
WHP,West Hampstead Thameslink,R01187
WHP,West Hampstead Thameslink,R01239
WHP,West Hampstead Thameslink,R01241
WHP,West Hampstead Thameslink,R01262
WHP,West Hampstead Thameslink,R01264
WHP,West Hampstead Thameslink,R01272
WHP,West Hampstead Thameslink,R01425
WHP,West Hampstead Thameslink,R01447
WHP,West Hampstead Thameslink,R01450
WHP,West Hampstead Thameslink,R01600
WHP,West Hampstead Thameslink,R01628
WHP,West Hampstead Thameslink,R01654
WHP,West Hampstead Thameslink,R01724
WHP,West Hampstead Thameslink,R01736
WHP,West Hampstead Thameslink,R01755
WHR,West Horndon,R00137
WHR,West Horndon,R00434
WHR,West Horndon,R00978
WHR,West Horndon,R01094
WHR,West Horndon,R01402
WHR,West Horndon,R01625
WHR,West Horndon,R01896
WHS,Whyteleafe South,R00241
WHS,Whyteleafe South,R00253
WHS,Whyteleafe South,R00575
WHS,Whyteleafe South,R01624
WHT,Whitchurch (Cardiff),R00570
WHT,Whitchurch (Cardiff),R00573
WHT,Whitchurch (Cardiff),R01232
WHX,,R00850
WHX,,R01038
WHX,,R01184
WHX,,R01416
WHX,,R01431
WHX,,R01581
WHX,,R01593
WHX,,R01595
WHX,,R01692
WHX,,R01694
WHX,,R01701
WHX,,R01719
WHY,Whyteleafe,R00241
WHY,Whyteleafe,R00253
WHY,Whyteleafe,R00575
WHY,Whyteleafe,R01624
WIA,Willenhall,R00999
WIA,Willenhall,R01498
WIA,Willenhall,R02075
WIC,Wickford,R00832
WIC,Wickford,R00898
WIC,Wickford,R01269
WIC,Wickford,R01653
WIC,Wickford,R01891
WIC,Wickford,R01957
WID,Widnes,R00063
WID,Widnes,R00336
WID,Widnes,R00441
WID,Widnes,R00830
WID,Widnes,R01059
WID,Widnes,R01353
WID,Widnes,R01562
WID,Widnes,R01564
WID,Widnes,R01566
WID,Widnes,R01848
WID,Widnes,R02052
WID,Widnes,R02053
WIH,Winchmore Hill,R00217
WIH,Winchmore Hill,R00319
WIH,Winchmore Hill,R00321
WIH,Winchmore Hill,R00702
WIH,Winchmore Hill,R00707
WIH,Winchmore Hill,R00993
WIH,Winchmore Hill,R01313
WIH,Winchmore Hill,R01384
WIH,Winchmore Hill,R01596
WIH,Winchmore Hill,R01606
WIH,Winchmore Hill,R01764
WIL,Willington,R00344
WIL,Willington,R00347
WIL,Willington,R00661
WIL,Willington,R00886
WIL,Willington,R00900
WIL,Willington,R00948
WIM,Wimbledon,R00076
WIM,Wimbledon,R00092
WIM,Wimbledon,R00398
WIM,Wimbledon,R00416
WIM,Wimbledon,R01097
WIN,Winchester,R00077
WIN,Winchester,R00283
WIN,Winchester,R00286
WIN,Winchester,R00329
WIN,Winchester,R00331
WIN,Winchester,R00498
WIN,Winchester,R00626
WIN,Winchester,R00631
WIN,Winchester,R00746
WIN,Winchester,R00747
WIN,Winchester,R00753
WIN,Winchester,R00757
WIN,Winchester,R00780
WIN,Winchester,R00782
WIN,Winchester,R00783
WIN,Winchester,R00786
WIN,Winchester,R00805
WIN,Winchester,R00866
WIN,Winchester,R00964
WIN,Winchester,R00966
WIN,Winchester,R01048
WIN,Winchester,R01097
WIN,Winchester,R01413
WIN,Winchester,R01553
WIN,Winchester,R01629
WIN,Winchester,R01861
WIS,,R02000
WIS,,R02002
WIS,,R02004
WIS,,R02006
WIS,,R02007
WIS,,R02014
WIV,Wivenhoe,R00832
WIV,Wivenhoe,R00881
WIV,Wivenhoe,R00882
WIV,Wivenhoe,R01351
WIV,Wivenhoe,R01352
WIV,Wivenhoe,R01904
WIV,Wivenhoe,R01906
WIX,,R00097
WIX,,R00271
WIX,,R00727
WIX,,R00968
WIX,,R00972
WIX,,R01180
WIX,,R01187
WIX,,R01239
WIX,,R01272
WIX,,R01600
WIX,,R01736
WIX,,R01755
WJH,,R00177
WJH,,R00252
WJH,,R00258
WJH,,R01071
WJH,,R01105
WJL,,R00008
WJL,,R00016
WJL,,R00150
WJL,,R00224
WJL,,R00236
WJL,,R00252
WJL,,R00382
WJL,,R00795
WJL,,R01093
WJL,,R01603
WJL,,R01859
WKB,West Kilbride,R00163
WKB,West Kilbride,R00166
WKD,Walkden,R01040
WKD,Walkden,R01053
WKD,Walkden,R01154
WKD,Walkden,R01161
WKD,Walkden,R01167
WKD,Walkden,R01178
WKF,Wakefield Westgate,R00073
WKF,Wakefield Westgate,R00111
WKF,Wakefield Westgate,R00260
WKF,Wakefield Westgate,R00321
WKF,Wakefield Westgate,R00335
WKF,Wakefield Westgate,R00344
WKF,Wakefield Westgate,R00354
WKF,Wakefield Westgate,R00361
WKF,Wakefield Westgate,R00365
WKF,Wakefield Westgate,R00367
WKF,Wakefield Westgate,R00369
WKF,Wakefield Westgate,R00370
WKF,Wakefield Westgate,R00455
WKF,Wakefield Westgate,R00465
WKF,Wakefield Westgate,R00468
WKF,Wakefield Westgate,R00477
WKF,Wakefield Westgate,R00529
WKF,Wakefield Westgate,R00532
WKF,Wakefield Westgate,R00582
WKF,Wakefield Westgate,R00669
WKF,Wakefield Westgate,R00690
WKF,Wakefield Westgate,R00749
WKF,Wakefield Westgate,R00935
WKF,Wakefield Westgate,R00948
WKF,Wakefield Westgate,R01494
WKG,Workington,R00391
WKG,Workington,R00394
WKG,Workington,R01588
WKG,Workington,R01589
WKG,Workington,R01965
WKG,Workington,R01970
WKI,West Kirby,R00001
WKK,Wakefield Kirkgate,R00038
WKK,Wakefield Kirkgate,R00064
WKK,Wakefield Kirkgate,R00073
WKK,Wakefield Kirkgate,R00111
WKK,Wakefield Kirkgate,R00316
WKK,Wakefield Kirkgate,R00326
WKK,Wakefield Kirkgate,R00328
WKK,Wakefield Kirkgate,R00332
WKK,Wakefield Kirkgate,R00334
WKK,Wakefield Kirkgate,R00335
WKK,Wakefield Kirkgate,R00409
WKK,Wakefield Kirkgate,R00432
WKK,Wakefield Kirkgate,R00441
WKK,Wakefield Kirkgate,R00449
WKK,Wakefield Kirkgate,R00453
WKK,Wakefield Kirkgate,R00456
WKK,Wakefield Kirkgate,R00466
WKK,Wakefield Kirkgate,R00473
WKK,Wakefield Kirkgate,R00482
WKK,Wakefield Kirkgate,R00495
WKK,Wakefield Kirkgate,R00529
WKK,Wakefield Kirkgate,R00532
WKK,Wakefield Kirkgate,R00640
WKK,Wakefield Kirkgate,R00721
WKK,Wakefield Kirkgate,R00931
WKK,Wakefield Kirkgate,R01388
WKK,Wakefield Kirkgate,R02012
WKM,Wokingham,R00233
WKM,Wokingham,R00301
WKM,Wokingham,R00422
WKM,Wokingham,R00427
WKM,Wokingham,R00797
WKM,Wokingham,R00798
WKM,Wokingham,R00811
WKM,Wokingham,R00855
WKM,Wokingham,R00927
WKM,Wokingham,R01187
WKM,Wokingham,R01287
WKM,Wokingham,R01290
WKM,Wokingham,R01291
WKM,Wokingham,R01445
WKM,Wokingham,R01476
WKM,Wokingham,R02102
WLC,Waltham Cross,R00144
WLC,Waltham Cross,R00791
WLC,Waltham Cross,R01203
WLC,Waltham Cross,R01286
WLC,Waltham Cross,R01348
WLC,Waltham Cross,R01405
WLC,Waltham Cross,R02037
WLC,Waltham Cross,R02042
WLD,West St Leonards,R00014
WLD,West St Leonards,R00046
WLD,West St Leonards,R00125
WLD,West St Leonards,R02078
WLE,Whittlesea,R00029
WLE,Whittlesea,R00063
WLE,Whittlesea,R00156
WLE,Whittlesea,R00187
WLE,Whittlesea,R00220
WLE,Whittlesea,R00304
WLE,Whittlesea,R00336
WLE,Whittlesea,R00379
WLE,Whittlesea,R00484
WLE,Whittlesea,R00792
WLE,Whittlesea,R00846
WLE,Whittlesea,R00954
WLE,Whittlesea,R01312
WLE,Whittlesea,R01335
WLE,Whittlesea,R01357
WLE,Whittlesea,R01932
WLF,Whittlesford Parkway,R00336
WLF,Whittlesford Parkway,R00628
WLF,Whittlesford Parkway,R01203
WLF,Whittlesford Parkway,R01210
WLF,Whittlesford Parkway,R01268
WLF,Whittlesford Parkway,R01286
WLF,Whittlesford Parkway,R01348
WLF,Whittlesford Parkway,R01356
WLF,Whittlesford Parkway,R01470
WLF,Whittlesford Parkway,R01887
WLF,Whittlesford Parkway,R01917
WLG,Wallasey Grove Road,R00005
WLI,Welling,R00092
WLI,Welling,R00491
WLI,Welling,R00516
WLI,Welling,R00617
WLI,Welling,R00624
WLI,Welling,R00654
WLI,Welling,R01556
WLI,Welling,R01592
WLI,Welling,R01745
WLI,Welling,R01768
WLI,Welling,R01800
WLM,Williamwood,R00133
WLM,Williamwood,R00135
WLM,Williamwood,R01668
WLN,Wellington (Shropshire),R00058
WLN,Wellington (Shropshire),R00395
WLN,Wellington (Shropshire),R00571
WLN,Wellington (Shropshire),R00579
WLN,Wellington (Shropshire),R00581
WLN,Wellington (Shropshire),R00590
WLN,Wellington (Shropshire),R00902
WLN,Wellington (Shropshire),R00916
WLN,Wellington (Shropshire),R00999
WLN,Wellington (Shropshire),R01047
WLN,Wellington (Shropshire),R01054
WLN,Wellington (Shropshire),R01063
WLN,Wellington (Shropshire),R01119
WLN,Wellington (Shropshire),R01259
WLN,Wellington (Shropshire),R01498
WLN,Wellington (Shropshire),R01546
WLN,Wellington (Shropshire),R01734
WLN,Wellington (Shropshire),R02074
WLN,Wellington (Shropshire),R02075
WLN,Wellington (Shropshire),R02076
WLO,Waterloo (Merseyside),R00557
WLO,Waterloo (Merseyside),R01345
WLO,Waterloo (Merseyside),R01611
WLP,Welshpool,R00058
WLP,Welshpool,R00571
WLP,Welshpool,R00581
WLP,Welshpool,R01261
WLP,Welshpool,R01787
WLS,Woolston,R00399
WLS,Woolston,R00737
WLS,Woolston,R00739
WLS,Woolston,R00742
WLS,Woolston,R00753
WLS,Woolston,R00812
WLS,Woolston,R00877
WLS,Woolston,R00878
WLS,Woolston,R00903
WLS,Woolston,R00914
WLS,Woolston,R00969
WLS,Woolston,R02089
WLT,Wallington,R00240
WLT,Wallington,R00242
WLT,Wallington,R00253
WLT,Wallington,R00535
WLT,Wallington,R00575
WLT,Wallington,R00632
WLT,Wallington,R00951
WLT,Wallington,R00955
WLT,Wallington,R01029
WLT,Wallington,R01634
WLT,Wallington,R01858
WLV,Wallasey Village,R00005
WLW,Welwyn North,R00073
WLW,Welwyn North,R00128
WLW,Welwyn North,R00129
WLW,Welwyn North,R00319
WLW,Welwyn North,R00660
WLW,Welwyn North,R00819
WLW,Welwyn North,R01311
WLW,Welwyn North,R01386
WLW,Welwyn North,R01492
WLW,Welwyn North,R01493
WLW,Welwyn North,R01867
WLY,Woodley,R00520
WLY,Woodley,R00781
WLY,Woodley,R01075
WLY,Woodley,R01081
WMA,West Malling,R00014
WMA,West Malling,R00221
WMA,West Malling,R00413
WMA,West Malling,R00488
WMA,West Malling,R00489
WMA,West Malling,R00528
WMA,West Malling,R00539
WMA,West Malling,R00542
WMA,West Malling,R01108
WMA,West Malling,R01501
WMA,West Malling,R01682
WMA,West Malling,R02072
WMB,Wembley Central,R00056
WMB,Wembley Central,R00077
WMB,Wembley Central,R00093
WMB,Wembley Central,R00102
WMB,Wembley Central,R00104
WMB,Wembley Central,R00114
WMB,Wembley Central,R00131
WMB,Wembley Central,R00177
WMB,Wembley Central,R00283
WMB,Wembley Central,R00286
WMB,Wembley Central,R00311
WMB,Wembley Central,R00314
WMB,Wembley Central,R00382
WMB,Wembley Central,R00390
WMB,Wembley Central,R00403
WMB,Wembley Central,R00589
WMB,Wembley Central,R00602
WMB,Wembley Central,R00638
WMB,Wembley Central,R00704
WMB,Wembley Central,R00795
WMB,Wembley Central,R00806
WMB,Wembley Central,R00822
WMB,Wembley Central,R00829
WMB,Wembley Central,R00838
WMB,Wembley Central,R00841
WMB,Wembley Central,R00845
WMB,Wembley Central,R00863
WMB,Wembley Central,R00879
WMB,Wembley Central,R00905
WMB,Wembley Central,R00964
WMB,Wembley Central,R00979
WMB,Wembley Central,R01055
WMB,Wembley Central,R01074
WMB,Wembley Central,R01077
WMB,Wembley Central,R01102
WMB,Wembley Central,R01267
WMB,Wembley Central,R01279
WMB,Wembley Central,R01281
WMB,Wembley Central,R01307
WMB,Wembley Central,R01432
WMB,Wembley Central,R01515
WMB,Wembley Central,R01522
WMB,Wembley Central,R01603
WMB,Wembley Central,R01690
WMB,Wembley Central,R01691
WMB,Wembley Central,R01697
WMB,Wembley Central,R01706
WMB,Wembley Central,R01905
WMB,Wembley Central,R02086
WMC,Wilmcote,R00115
WMC,Wilmcote,R00246
WMC,Wilmcote,R00397
WMC,Wilmcote,R00768
WMC,Wilmcote,R00770
WMC,Wilmcote,R00773
WMC,Wilmcote,R00775
WMC,Wilmcote,R00776
WMC,Wilmcote,R00788
WMC,Wilmcote,R00892
WMC,Wilmcote,R00894
WMC,Wilmcote,R01188
WMC,Wilmcote,R02082
WMD,Wymondham,R00063
WMD,Wymondham,R00156
WMD,Wymondham,R00203
WMD,Wymondham,R00220
WMD,Wymondham,R00304
WMD,Wymondham,R00336
WMD,Wymondham,R00792
WMD,Wymondham,R00846
WMD,Wymondham,R00954
WMD,Wymondham,R01268
WMD,Wymondham,R01335
WMD,Wymondham,R01470
WMD,Wymondham,R01472
WMD,Wymondham,R01982
WMD,Wymondham,R01983
WME,Woodmansterne,R00956
WME,Woodmansterne,R01012
WMG,Welham Green,R00319
WMG,Welham Green,R00705
WMG,Welham Green,R00707
WMI,Wildmill,R00280
WMI,Wildmill,R00559
WMI,Wildmill,R00601
WMI,Wildmill,R01782
WML,Wilmslow,R00056
WML,Wilmslow,R00077
WML,Wilmslow,R00341
WML,Wilmslow,R00527
WML,Wilmslow,R00562
WML,Wilmslow,R00587
WML,Wilmslow,R00588
WML,Wilmslow,R00592
WML,Wilmslow,R00600
WML,Wilmslow,R00724
WML,Wilmslow,R00758
WML,Wilmslow,R00796
WML,Wilmslow,R00902
WML,Wilmslow,R00964
WML,Wilmslow,R01131
WML,Wilmslow,R01265
WML,Wilmslow,R01365
WML,Wilmslow,R01773
WML,Wilmslow,R02086
WMN,Warminster,R00055
WMN,Warminster,R00065
WMN,Warminster,R00067
WMN,Warminster,R00331
WMN,Warminster,R00348
WMN,Warminster,R00430
WMN,Warminster,R00439
WMN,Warminster,R00720
WMN,Warminster,R00722
WMN,Warminster,R00752
WMN,Warminster,R00756
WMN,Warminster,R00985
WMN,Warminster,R01097
WMN,Warminster,R01103
WMN,Warminster,R01246
WMN,Warminster,R01414
WMN,Warminster,R01444
WMN,Warminster,R01479
WMN,Warminster,R01667
WMN,Warminster,R01712
WMN,Warminster,R01715
WMR,Widney Manor,R00088
WMR,Widney Manor,R00126
WMR,Widney Manor,R00246
WMR,Widney Manor,R00396
WMR,Widney Manor,R00776
WMR,Widney Manor,R00788
WMR,Widney Manor,R00884
WMR,Widney Manor,R00896
WMR,Widney Manor,R00901
WMR,Widney Manor,R01188
WMR,Widney Manor,R01496
WMR,Widney Manor,R01585
WMR,Widney Manor,R01924
WMS,Wemyss Bay,R00190
WMS,Wemyss Bay,R00426
WMS,Wemyss Bay,R01293
WMS,Wemyss Bay,R01582
WMS,Wemyss Bay,R01583
WMS,Wemyss Bay,R01742
WMW,Walthamstow Queens Road,R00510
WMW,Walthamstow Queens Road,R01019
WNC,Windsor & Eton Central,R00007
WNC,Windsor & Eton Central,R00152
WND,Wendover,R00017
WND,Wendover,R01308
WND,Wendover,R01410
WNE,Wilnecote,R00344
WNE,Wilnecote,R00347
WNE,Wilnecote,R00465
WNE,Wilnecote,R00582
WNE,Wilnecote,R00661
WNE,Wilnecote,R00886
WNE,Wilnecote,R00889
WNE,Wilnecote,R00948
WNF,Winchfield,R00329
WNF,Winchfield,R00440
WNF,Winchfield,R00746
WNF,Winchfield,R00747
WNF,Winchfield,R00753
WNF,Winchfield,R00782
WNF,Winchfield,R00805
WNF,Winchfield,R00866
WNF,Winchfield,R01048
WNF,Winchfield,R01224
WNF,Winchfield,R01226
WNF,Winchfield,R01760
WNG,Waun-Gron Park,R00925
WNG,Waun-Gron Park,R01364
WNG,Waun-Gron Park,R01643
WNG,Waun-Gron Park,R01809
WNH,Warnham,R00953
WNH,Warnham,R01042
WNH,Warnham,R01512
WNH,Warnham,R01858
WNL,Whinhill,R00190
WNL,Whinhill,R00426
WNL,Whinhill,R01293
WNM,Weston Milton,R00034
WNM,Weston Milton,R00042
WNM,Weston Milton,R00070
WNM,Weston Milton,R00430
WNM,Weston Milton,R01246
WNM,Weston Milton,R01332
WNM,Weston Milton,R01334
WNM,Weston Milton,R01376
WNM,Weston Milton,R01467
WNM,Weston Milton,R01996
WNN,Wennington,R00487
WNN,Wennington,R01098
WNN,Wennington,R01125
WNN,Wennington,R01543
WNN,Wennington,R01545
WNN,Wennington,R01551
WNO,,R01413
WNO,,R01553
WNP,Wanstead Park,R00510
WNP,Wanstead Park,R01019
WNR,Windsor & Eton Riverside,R00718
WNR,Windsor & Eton Riverside,R00807
WNR,Windsor & Eton Riverside,R01050
WNR,Windsor & Eton Riverside,R01052
WNS,Winnersh,R00797
WNS,Winnersh,R00798
WNS,Winnersh,R00811
WNS,Winnersh,R01290
WNS,Winnersh,R01476
WNT,Wandsworth Town,R00699
WNT,Wandsworth Town,R00745
WNT,Wandsworth Town,R00802
WNT,Wandsworth Town,R00804
WNT,Wandsworth Town,R00864
WNT,Wandsworth Town,R00865
WNT,Wandsworth Town,R00957
WNT,Wandsworth Town,R00980
WNT,Wandsworth Town,R00987
WNT,Wandsworth Town,R01024
WNT,Wandsworth Town,R01032
WNT,Wandsworth Town,R01051
WNT,Wandsworth Town,R01064
WNT,Wandsworth Town,R01913
WNW,West Norwood,R00054
WNW,West Norwood,R00243
WNW,West Norwood,R00575
WNW,West Norwood,R00695
WNW,West Norwood,R00697
WNW,West Norwood,R00701
WNW,West Norwood,R00818
WNW,West Norwood,R00952
WNW,West Norwood,R01116
WNY,White Notley,R00832
WNY,White Notley,R00874
WNY,White Notley,R01696
WNY,White Notley,R01934
WNY,White Notley,R01935
WOB,Woburn Sands,R00173
WOB,Woburn Sands,R00178
WOD,,R01377
WOD,,R01638
WOF,Worcester Foregate Street,R00028
WOF,Worcester Foregate Street,R00034
WOF,Worcester Foregate Street,R00085
WOF,Worcester Foregate Street,R00088
WOF,Worcester Foregate Street,R00126
WOF,Worcester Foregate Street,R00246
WOF,Worcester Foregate Street,R00293
WOF,Worcester Foregate Street,R00362
WOF,Worcester Foregate Street,R00396
WOF,Worcester Foregate Street,R00776
WOF,Worcester Foregate Street,R00784
WOF,Worcester Foregate Street,R00896
WOF,Worcester Foregate Street,R00975
WOF,Worcester Foregate Street,R01037
WOF,Worcester Foregate Street,R01188
WOF,Worcester Foregate Street,R01220
WOF,Worcester Foregate Street,R01222
WOF,Worcester Foregate Street,R01223
WOF,Worcester Foregate Street,R01236
WOF,Worcester Foregate Street,R01298
WOF,Worcester Foregate Street,R01414
WOF,Worcester Foregate Street,R01733
WOF,Worcester Foregate Street,R01924
WOH,Woldingham,R00091
WOH,Woldingham,R00097
WOH,Woldingham,R00238
WOH,Woldingham,R00666
WOH,Woldingham,R00667
WOH,Woldingham,R00972
WOH,Woldingham,R01241
WOH,Woldingham,R01252
WOH,Woldingham,R01257
WOH,Woldingham,R01278
WOH,Woldingham,R01521
WOH,Woldingham,R01651
WOH,Woldingham,R01780
WOK,Woking,R00329
WOK,Woking,R00331
WOK,Woking,R00417
WOK,Woking,R00440
WOK,Woking,R00458
WOK,Woking,R00518
WOK,Woking,R00597
WOK,Woking,R00598
WOK,Woking,R00599
WOK,Woking,R00616
WOK,Woking,R00626
WOK,Woking,R00631
WOK,Woking,R00657
WOK,Woking,R00665
WOK,Woking,R00672
WOK,Woking,R00675
WOK,Woking,R00677
WOK,Woking,R00694
WOK,Woking,R00699
WOK,Woking,R00711
WOK,Woking,R00725
WOK,Woking,R00737
WOK,Woking,R00746
WOK,Woking,R00747
WOK,Woking,R00753
WOK,Woking,R00757
WOK,Woking,R00761
WOK,Woking,R00782
WOK,Woking,R00800
WOK,Woking,R00801
WOK,Woking,R00805
WOK,Woking,R00812
WOK,Woking,R00860
WOK,Woking,R00866
WOK,Woking,R00870
WOK,Woking,R00926
WOK,Woking,R00996
WOK,Woking,R01020
WOK,Woking,R01048
WOK,Woking,R01068
WOK,Woking,R01070
WOK,Woking,R01079
WOK,Woking,R01080
WOK,Woking,R01083
WOK,Woking,R01084
WOK,Woking,R01095
WOK,Woking,R01097
WOK,Woking,R01103
WOK,Woking,R01147
WOK,Woking,R01224
WOK,Woking,R01226
WOK,Woking,R01516
WOK,Woking,R01519
WOK,Woking,R01520
WOK,Woking,R01629
WOK,Woking,R01752
WOK,Woking,R01760
WOK,Woking,R01791
WOK,Woking,R01820
WOK,Woking,R01861
WOK,Woking,R01913
WOL,Wolverton,R00056
WOL,Wolverton,R00104
WOL,Wolverton,R00114
WOL,Wolverton,R00311
WOL,Wolverton,R00638
WOL,Wolverton,R00704
WOL,Wolverton,R00829
WOL,Wolverton,R00838
WOL,Wolverton,R00841
WOL,Wolverton,R00843
WOL,Wolverton,R00845
WOL,Wolverton,R00863
WOL,Wolverton,R01077
WOL,Wolverton,R01102
WOL,Wolverton,R01276
WOL,Wolverton,R01307
WOL,Wolverton,R01697
WOL,Wolverton,R01905
WOL,Wolverton,R02086
WOM,Wombwell,R00011
WOM,Wombwell,R00038
WOM,Wombwell,R00639
WOM,Wombwell,R00721
WON,Walton-On-The-Naze,R01351
WON,Walton-On-The-Naze,R01352
WON,Walton-On-The-Naze,R01906
WON,Walton-On-The-Naze,R01923
WON,Walton-On-The-Naze,R01986
WON,Walton-On-The-Naze,R01988
WON,Walton-On-The-Naze,R01990
WOO,Wool,R00329
WOO,Wool,R00331
WOO,Wool,R00431
WOO,Wool,R00746
WOO,Wool,R00757
WOO,Wool,R00808
WOO,Wool,R01067
WOP,Worcestershire Parkway,R00023
WOP,Worcestershire Parkway,R00283
WOP,Worcestershire Parkway,R00347
WOP,Worcestershire Parkway,R00379
WOP,Worcestershire Parkway,R00455
WOP,Worcestershire Parkway,R00582
WOP,Worcestershire Parkway,R00661
WOP,Worcestershire Parkway,R00948
WOP,Worcestershire Parkway,R00974
WOP,Worcestershire Parkway,R00975
WOP,Worcestershire Parkway,R00977
WOP,Worcestershire Parkway,R01506
WOP,Worcestershire Parkway,R02054
WOP,Worcestershire Parkway,R02056
WOR,Worle,R00034
WOR,Worle,R00042
WOR,Worle,R00070
WOR,Worle,R00371
WOR,Worle,R00372
WOR,Worle,R00401
WOR,Worle,R00430
WOR,Worle,R00918
WOR,Worle,R01217
WOR,Worle,R01246
WOR,Worle,R01332
WOR,Worle,R01334
WOR,Worle,R01376
WOR,Worle,R01443
WOR,Worle,R01467
WOR,Worle,R01718
WOR,Worle,R01722
WOR,Worle,R01996
WOS,Worcester Shrub Hill,R00023
WOS,Worcester Shrub Hill,R00028
WOS,Worcester Shrub Hill,R00034
WOS,Worcester Shrub Hill,R00085
WOS,Worcester Shrub Hill,R00088
WOS,Worcester Shrub Hill,R00089
WOS,Worcester Shrub Hill,R00115
WOS,Worcester Shrub Hill,R00293
WOS,Worcester Shrub Hill,R00362
WOS,Worcester Shrub Hill,R00381
WOS,Worcester Shrub Hill,R00387
WOS,Worcester Shrub Hill,R00396
WOS,Worcester Shrub Hill,R00455
WOS,Worcester Shrub Hill,R00784
WOS,Worcester Shrub Hill,R00880
WOS,Worcester Shrub Hill,R00896
WOS,Worcester Shrub Hill,R00901
WOS,Worcester Shrub Hill,R00975
WOS,Worcester Shrub Hill,R01037
WOS,Worcester Shrub Hill,R01106
WOS,Worcester Shrub Hill,R01222
WOS,Worcester Shrub Hill,R01231
WOS,Worcester Shrub Hill,R01236
WOS,Worcester Shrub Hill,R01298
WOS,Worcester Shrub Hill,R01414
WOS,Worcester Shrub Hill,R01725
WOS,Worcester Shrub Hill,R01732
WOS,Worcester Shrub Hill,R01733
WOS,Worcester Shrub Hill,R02054
WOS,Worcester Shrub Hill,R02056
WPE,Wapping,R00003
WPE,Wapping,R00010
WPE,Wapping,R00020
WPE,Wapping,R00021
WPE,Wapping,R00024
WPE,Wapping,R00075
WPE,Wapping,R00717
WPH,,R00034
WPH,,R00362
WPH,,R00381
WPH,,R00387
WPH,,R01037
WPH,,R01222
WPH,,R01298
WPH,,R01732
WPH,,R01733
WPK,,R00440
WPK,,R01760
WPL,Worplesdon,R00417
WPL,Worplesdon,R00657
WPL,Worplesdon,R00737
WPL,Worplesdon,R00753
WPL,Worplesdon,R00812
WPL,Worplesdon,R00870
WPL,Worplesdon,R00926
WPL,Worplesdon,R01020
WPL,Worplesdon,R01068
WPL,Worplesdon,R01070
WPL,Worplesdon,R01079
WPL,Worplesdon,R01080
WPL,Worplesdon,R01084
WRB,Wrabness,R01359
WRB,Wrabness,R01823
WRB,Wrabness,R01824
WRB,Wrabness,R01916
WRE,Wrenbury,R00077
WRE,Wrenbury,R00562
WRE,Wrenbury,R00592
WRE,Wrenbury,R00600
WRE,Wrenbury,R00796
WRE,Wrenbury,R00916
WRE,Wrenbury,R01123
WRE,Wrenbury,R01248
WRE,Wrenbury,R01265
WRE,Wrenbury,R01546
WRE,Wrenbury,R01597
WRE,Wrenbury,R01734
WRE,Wrenbury,R01773
WRH,Worthing,R00043
WRH,Worthing,R00199
WRH,Worthing,R00239
WRH,Worthing,R00253
WRH,Worthing,R00657
WRH,Worthing,R00740
WRH,Worthing,R00742
WRH,Worthing,R00743
WRH,Worthing,R00748
WRH,Worthing,R00812
WRH,Worthing,R00930
WRH,Worthing,R00967
WRH,Worthing,R00969
WRH,Worthing,R01009
WRH,Worthing,R01039
WRH,Worthing,R01097
WRH,Worthing,R01367
WRH,Worthing,R01419
WRH,Worthing,R01780
WRH,Worthing,R01922
WRH,Worthing,R01930
WRK,Worksop,R00062
WRK,Worksop,R00328
WRK,Worksop,R00332
WRK,Worksop,R00334
WRK,Worksop,R00359
WRK,Worksop,R01362
WRK,Worksop,R01366
WRK,Worksop,R01433
WRK,Worksop,R01434
WRK,Worksop,R01436
WRK,Worksop,R01574
WRK,Worksop,R01753
WRL,Wetheral,R00302
WRL,Wetheral,R00324
WRL,Wetheral,R01107
WRL,Wetheral,R01111
WRL,Wetheral,R01114
WRL,Wetheral,R01378
WRL,Wetheral,R01523
WRM,Wareham,R00329
WRM,Wareham,R00331
WRM,Wareham,R00431
WRM,Wareham,R00746
WRM,Wareham,R00757
WRM,Wareham,R00808
WRM,Wareham,R01067
WRM,Wareham,R01370
WRM,Wareham,R01371
WRM,Wareham,R01372
WRM,Wareham,R01375
WRN,West Runton,R00537
WRN,West Runton,R00541
WRN,West Runton,R00543
WRN,West Runton,R00544
WRN,West Runton,R00545
WRN,West Runton,R00547
WRN,West Runton,R01289
WRP,Warwick Parkway,R00004
WRP,Warwick Parkway,R00053
WRP,Warwick Parkway,R00072
WRP,Warwick Parkway,R00158
WRP,Warwick Parkway,R00396
WRP,Warwick Parkway,R00405
WRP,Warwick Parkway,R00446
WRP,Warwick Parkway,R00896
WRP,Warwick Parkway,R00901
WRP,Warwick Parkway,R01496
WRP,Warwick Parkway,R01508
WRS,Wressle,R00027
WRS,Wressle,R00307
WRS,Wressle,R00358
WRS,Wressle,R00460
WRS,Wressle,R00466
WRS,Wressle,R01398
WRS,Wressle,R01400
WRS,Wressle,R01480
WRS,Wressle,R01686
WRS,Wressle,R01973
WRT,Worstead,R00210
WRT,Worstead,R00537
WRT,Worstead,R00541
WRT,Worstead,R00543
WRT,Worstead,R00544
WRU,West Ruislip,R00004
WRU,West Ruislip,R00012
WRU,West Ruislip,R00033
WRU,West Ruislip,R00036
WRU,West Ruislip,R00039
WRU,West Ruislip,R00041
WRU,West Ruislip,R00053
WRU,West Ruislip,R00060
WRU,West Ruislip,R00072
WRU,West Ruislip,R00095
WRU,West Ruislip,R00134
WRU,West Ruislip,R00146
WRU,West Ruislip,R00155
WRU,West Ruislip,R00158
WRU,West Ruislip,R00209
WRU,West Ruislip,R00226
WRU,West Ruislip,R00246
WRU,West Ruislip,R00429
WRU,West Ruislip,R00435
WRU,West Ruislip,R00471
WRU,West Ruislip,R00479
WRU,West Ruislip,R00981
WRU,West Ruislip,R00982
WRU,West Ruislip,R01508
WRU,West Ruislip,R01513
WRU,West Ruislip,R01938
WRU,West Ruislip,R01941
WRU,West Ruislip,R02041
WRU,West Ruislip,R02091
WRW,Warwick,R00004
WRW,Warwick,R00053
WRW,Warwick,R00072
WRW,Warwick,R00158
WRW,Warwick,R00246
WRW,Warwick,R00396
WRW,Warwick,R00397
WRW,Warwick,R00400
WRW,Warwick,R00405
WRW,Warwick,R00425
WRW,Warwick,R00446
WRW,Warwick,R00896
WRW,Warwick,R00901
WRW,Warwick,R01496
WRW,Warwick,R01508
WRW,Warwick,R02082
WRX,Wrexham General,R00056
WRX,Wrexham General,R00058
WRX,Wrexham General,R00421
WRX,Wrexham General,R00561
WRX,Wrexham General,R00579
WRX,Wrexham General,R00590
WRX,Wrexham General,R00592
WRX,Wrexham General,R01047
WRX,Wrexham General,R01063
WRX,Wrexham General,R01307
WRX,Wrexham General,R01531
WRX,Wrexham General,R01538
WRX,Wrexham General,R01539
WRX,Wrexham General,R01541
WRX,Wrexham General,R01706
WRX,Wrexham General,R01872
WRX,Wrexham General,R01874
WRY,Wraysbury,R00718
WRY,Wraysbury,R00807
WRY,Wraysbury,R01050
WRY,Wraysbury,R01052
WSA,West Allerton,R00336
WSA,West Allerton,R00561
WSA,West Allerton,R00565
WSA,West Allerton,R00830
WSA,West Allerton,R01059
WSA,West Allerton,R01251
WSA,West Allerton,R01353
WSA,West Allerton,R01562
WSA,West Allerton,R01563
WSA,West Allerton,R01564
WSA,West Allerton,R01566
WSA,West Allerton,R02052
WSA,West Allerton,R02053
WSB,Westbury,R00031
WSB,Westbury,R00034
WSB,Westbury,R00055
WSB,Westbury,R00057
WSB,Westbury,R00065
WSB,Westbury,R00067
WSB,Westbury,R00268
WSB,Westbury,R00331
WSB,Westbury,R00348
WSB,Westbury,R00372
WSB,Westbury,R00430
WSB,Westbury,R00439
WSB,Westbury,R00550
WSB,Westbury,R00582
WSB,Westbury,R00720
WSB,Westbury,R00722
WSB,Westbury,R00752
WSB,Westbury,R00756
WSB,Westbury,R00941
WSB,Westbury,R00985
WSB,Westbury,R01034
WSB,Westbury,R01235
WSB,Westbury,R01237
WSB,Westbury,R01246
WSB,Westbury,R01319
WSB,Westbury,R01414
WSB,Westbury,R01444
WSB,Westbury,R01446
WSB,Westbury,R01462
WSB,Westbury,R01478
WSB,Westbury,R01479
WSB,Westbury,R01509
WSB,Westbury,R01662
WSB,Westbury,R01667
WSB,Westbury,R01712
WSB,Westbury,R01715
WSB,Westbury,R01743
WSB,Westbury,R01744
WSB,Westbury,R02100
WSB,Westbury,R02101
WSE,Winchelsea,R00503
WSE,Winchelsea,R00950
WSE,Winchelsea,R00990
WSE,Winchelsea,R01117
WSE,Winchelsea,R01134
WSF,Winsford,R00056
WSF,Winsford,R00102
WSF,Winsford,R00114
WSF,Winsford,R00311
WSF,Winsford,R00581
WSF,Winsford,R00647
WSF,Winsford,R00704
WSF,Winsford,R00825
WSF,Winsford,R00939
WSF,Winsford,R01054
WSF,Winsford,R01077
WSF,Winsford,R01198
WSF,Winsford,R01247
WSF,Winsford,R01251
WSF,Winsford,R01256
WSF,Winsford,R01259
WSF,Winsford,R01281
WSF,Winsford,R01432
WSF,Winsford,R01599
WSF,Winsford,R01690
WSF,Winsford,R01691
WSF,Winsford,R01697
WSF,Winsford,R01905
WSF,Winsford,R02088
WSH,Wishaw,R00056
WSH,Wishaw,R00090
WSH,Wishaw,R00100
WSH,Wishaw,R00183
WSH,Wishaw,R00378
WSH,Wishaw,R00706
WSH,Wishaw,R01077
WSH,Wishaw,R01127
WSH,Wishaw,R01128
WSH,Wishaw,R01145
WSH,Wishaw,R01194
WSH,Wishaw,R01199
WSH,Wishaw,R01201
WSH,Wishaw,R01281
WSH,Wishaw,R01324
WSH,Wishaw,R01343
WSH,Wishaw,R01369
WSH,Wishaw,R01599
WSH,Wishaw,R01790
WSL,Walsall,R00056
WSL,Walsall,R00104
WSL,Walsall,R00863
WSL,Walsall,R00907
WSL,Walsall,R01002
WSL,Walsall,R01004
WSL,Walsall,R01275
WSL,Walsall,R01497
WSL,Walsall,R01498
WSL,Walsall,R01522
WSL,Walsall,R01834
WSM,Weston-Super-Mare,R00034
WSM,Weston-Super-Mare,R00042
WSM,Weston-Super-Mare,R00070
WSM,Weston-Super-Mare,R00283
WSM,Weston-Super-Mare,R00321
WSM,Weston-Super-Mare,R00371
WSM,Weston-Super-Mare,R00372
WSM,Weston-Super-Mare,R00401
WSM,Weston-Super-Mare,R00430
WSM,Weston-Super-Mare,R00582
WSM,Weston-Super-Mare,R00918
WSM,Weston-Super-Mare,R01217
WSM,Weston-Super-Mare,R01246
WSM,Weston-Super-Mare,R01329
WSM,Weston-Super-Mare,R01331
WSM,Weston-Super-Mare,R01332
WSM,Weston-Super-Mare,R01334
WSM,Weston-Super-Mare,R01376
WSM,Weston-Super-Mare,R01443
WSM,Weston-Super-Mare,R01467
WSM,Weston-Super-Mare,R01718
WSM,Weston-Super-Mare,R01722
WSM,Weston-Super-Mare,R01996
WSR,Woodsmoor,R00071
WSR,Woodsmoor,R00336
WSR,Woodsmoor,R00634
WSR,Woodsmoor,R00635
WSR,Woodsmoor,R00640
WSR,Woodsmoor,R00649
WSR,Woodsmoor,R00673
WSR,Woodsmoor,R00723
WSR,Woodsmoor,R00765
WSR,Woodsmoor,R00830
WSR,Woodsmoor,R01285
WSR,Woodsmoor,R01322
WSR,Woodsmoor,R01727
WST,Wood Street,R01286
WST,Wood Street,R01550
WST,Wood Street,R01557
WSU,West Sutton,R00076
WSU,West Sutton,R00092
WSU,West Sutton,R00398
WSU,West Sutton,R00416
WSW,Wandsworth Common,R00097
WSW,Wandsworth Common,R00238
WSW,Wandsworth Common,R00239
WSW,Wandsworth Common,R00242
WSW,Wandsworth Common,R00243
WSW,Wandsworth Common,R00248
WSW,Wandsworth Common,R00282
WSW,Wandsworth Common,R00403
WSW,Wandsworth Common,R00535
WSW,Wandsworth Common,R00575
WSW,Wandsworth Common,R00627
WSW,Wandsworth Common,R00632
WSW,Wandsworth Common,R00656
WSW,Wandsworth Common,R00727
WSW,Wandsworth Common,R00818
WSW,Wandsworth Common,R00905
WSW,Wandsworth Common,R00951
WSW,Wandsworth Common,R00968
WSW,Wandsworth Common,R00979
WSW,Wandsworth Common,R01008
WSW,Wandsworth Common,R01042
WSW,Wandsworth Common,R01163
WSW,Wandsworth Common,R01187
WSW,Wandsworth Common,R01278
WSW,Wandsworth Common,R01367
WSW,Wandsworth Common,R01794
WTA,Wester Hailes,R00183
WTA,Wester Hailes,R00184
WTA,Wester Hailes,R01176
WTA,Wester Hailes,R01201
WTA,Wester Hailes,R01221
WTA,Wester Hailes,R01303
WTA,Wester Hailes,R01464
WTB,Whitby,R00934
WTB,Whitby,R00936
WTB,Whitby,R00937
WTB,Whitby,R00983
WTB,Whitby,R01305
WTB,Whitby,R01911
WTB,Whitby,R02019
WTC,Whitchurch (Shropshire),R00077
WTC,Whitchurch (Shropshire),R00562
WTC,Whitchurch (Shropshire),R00592
WTC,Whitchurch (Shropshire),R00600
WTC,Whitchurch (Shropshire),R00796
WTC,Whitchurch (Shropshire),R00916
WTC,Whitchurch (Shropshire),R01265
WTC,Whitchurch (Shropshire),R01546
WTC,Whitchurch (Shropshire),R01597
WTC,Whitchurch (Shropshire),R01773
WTE,Whitlocks End,R00115
WTE,Whitlocks End,R00768
WTE,Whitlocks End,R00770
WTE,Whitlocks End,R00773
WTE,Whitlocks End,R00775
WTE,Whitlocks End,R00776
WTE,Whitlocks End,R00788
WTE,Whitlocks End,R00883
WTE,Whitlocks End,R00892
WTE,Whitlocks End,R01486
WTE,Whitlocks End,R01488
WTG,Watlington,R00073
WTG,Watlington,R00419
WTG,Watlington,R00420
WTG,Watlington,R00620
WTG,Watlington,R00749
WTG,Watlington,R00954
WTH,Whitehaven,R00363
WTH,Whitehaven,R00366
WTH,Whitehaven,R00376
WTH,Whitehaven,R00391
WTH,Whitehaven,R00394
WTH,Whitehaven,R01588
WTH,Whitehaven,R01589
WTH,Whitehaven,R01970
WTI,Winnersh Triangle,R00797
WTI,Winnersh Triangle,R00798
WTI,Winnersh Triangle,R00811
WTL,Whitland,R00077
WTL,Whitland,R00186
WTL,Whitland,R00559
WTL,Whitland,R00562
WTL,Whitland,R00796
WTL,Whitland,R00916
WTL,Whitland,R00920
WTL,Whitland,R00921
WTL,Whitland,R00922
WTL,Whitland,R01266
WTL,Whitland,R01537
WTL,Whitland,R01554
WTL,Whitland,R01738
WTL,Whitland,R01773
WTL,Whitland,R01835
WTL,Whitland,R01838
WTL,Whitland,R01839
WTM,Witham,R00207
WTM,Witham,R00323
WTM,Witham,R00832
WTM,Witham,R00872
WTM,Witham,R00874
WTM,Witham,R00881
WTM,Witham,R00882
WTM,Witham,R00888
WTM,Witham,R00890
WTM,Witham,R01000
WTM,Witham,R01335
WTM,Witham,R01653
WTM,Witham,R01696
WTM,Witham,R01823
WTM,Witham,R01868
WTM,Witham,R01871
WTM,Witham,R01881
WTM,Witham,R01882
WTM,Witham,R01904
WTM,Witham,R01906
WTM,Witham,R01934
WTM,Witham,R01935
WTM,Witham,R01936
WTN,Whitton,R00699
WTN,Whitton,R00715
WTN,Whitton,R00718
WTN,Whitton,R00804
WTN,Whitton,R00807
WTN,Whitton,R00980
WTN,Whitton,R01024
WTN,Whitton,R01051
WTN,Whitton,R01052
WTN,Whitton,R01064
WTO,Water Orton,R00023
WTO,Water Orton,R00029
WTO,Water Orton,R00187
WTO,Water Orton,R00321
WTO,Water Orton,R00341
WTO,Water Orton,R00344
WTO,Water Orton,R00347
WTO,Water Orton,R00354
WTO,Water Orton,R00369
WTO,Water Orton,R00379
WTO,Water Orton,R00455
WTO,Water Orton,R00465
WTO,Water Orton,R00468
WTO,Water Orton,R00582
WTO,Water Orton,R00661
WTO,Water Orton,R00690
WTO,Water Orton,R00780
WTO,Water Orton,R00875
WTO,Water Orton,R00886
WTO,Water Orton,R00889
WTO,Water Orton,R00900
WTO,Water Orton,R00935
WTO,Water Orton,R00948
WTO,Water Orton,R00954
WTO,Water Orton,R00966
WTO,Water Orton,R00973
WTO,Water Orton,R00974
WTO,Water Orton,R00977
WTO,Water Orton,R00991
WTR,Wateringbury,R00188
WTR,Wateringbury,R00674
WTR,Wateringbury,R00731
WTR,Wateringbury,R00733
WTR,Wateringbury,R00734
WTR,Wateringbury,R01041
WTS,Whatstandwell,R00347
WTS,Whatstandwell,R00513
WTS,Whatstandwell,R00515
WTS,Whatstandwell,R00661
WTS,Whatstandwell,R01425
WTS,Whatstandwell,R01440
WTS,Whatstandwell,R01441
WTS,Whatstandwell,R01893
WTT,Witton,R00104
WTT,Witton,R00863
WTT,Witton,R00907
WTT,Witton,R01275
WTT,Witton,R01497
WTY,Witley,R00417
WTY,Witley,R00643
WTY,Witley,R00657
WTY,Witley,R00725
WTY,Witley,R00737
WTY,Witley,R00753
WTY,Witley,R00812
WTY,Witley,R01020
WTY,Witley,R01068
WTY,Witley,R01070
WTY,Witley,R01079
WTY,Witley,R01084
WTY,Witley,R01791
WVF,Wivelsfield,R00199
WVF,Wivelsfield,R00238
WVF,Wivelsfield,R00239
WVF,Wivelsfield,R00253
WVF,Wivelsfield,R00262
WVF,Wivelsfield,R00265
WVF,Wivelsfield,R00451
WVF,Wivelsfield,R00452
WVF,Wivelsfield,R00517
WVF,Wivelsfield,R00627
WVF,Wivelsfield,R00660
WVF,Wivelsfield,R00968
WVF,Wivelsfield,R00972
WVF,Wivelsfield,R01104
WVF,Wivelsfield,R01168
WVF,Wivelsfield,R01241
WVF,Wivelsfield,R01367
WVF,Wivelsfield,R01511
WVF,Wivelsfield,R01898
WVF,Wivelsfield,R01980
WVH,Wolverhampton,R00056
WVH,Wolverhampton,R00058
WVH,Wolverhampton,R00077
WVH,Wolverhampton,R00102
WVH,Wolverhampton,R00104
WVH,Wolverhampton,R00114
WVH,Wolverhampton,R00283
WVH,Wolverhampton,R00311
WVH,Wolverhampton,R00341
WVH,Wolverhampton,R00372
WVH,Wolverhampton,R00395
WVH,Wolverhampton,R00498
WVH,Wolverhampton,R00571
WVH,Wolverhampton,R00579
WVH,Wolverhampton,R00581
WVH,Wolverhampton,R00590
WVH,Wolverhampton,R00602
WVH,Wolverhampton,R00642
WVH,Wolverhampton,R00780
WVH,Wolverhampton,R00863
WVH,Wolverhampton,R00902
WVH,Wolverhampton,R00907
WVH,Wolverhampton,R00916
WVH,Wolverhampton,R00935
WVH,Wolverhampton,R00964
WVH,Wolverhampton,R00999
WVH,Wolverhampton,R01047
WVH,Wolverhampton,R01054
WVH,Wolverhampton,R01055
WVH,Wolverhampton,R01063
WVH,Wolverhampton,R01198
WVH,Wolverhampton,R01247
WVH,Wolverhampton,R01256
WVH,Wolverhampton,R01259
WVH,Wolverhampton,R01275
WVH,Wolverhampton,R01307
WVH,Wolverhampton,R01498
WVH,Wolverhampton,R01515
WVH,Wolverhampton,R01546
WVH,Wolverhampton,R01599
WVH,Wolverhampton,R01691
WVH,Wolverhampton,R01710
WVH,Wolverhampton,R01734
WVH,Wolverhampton,R02074
WVH,Wolverhampton,R02075
WVH,Wolverhampton,R02076
WWA,Woolwich Arsenal,R00076
WWA,Woolwich Arsenal,R00079
WWA,Woolwich Arsenal,R00092
WWA,Woolwich Arsenal,R00125
WWA,Woolwich Arsenal,R00188
WWA,Woolwich Arsenal,R00297
WWA,Woolwich Arsenal,R00491
WWA,Woolwich Arsenal,R00516
WWA,Woolwich Arsenal,R00526
WWA,Woolwich Arsenal,R00536
WWA,Woolwich Arsenal,R00608
WWA,Woolwich Arsenal,R00610
WWA,Woolwich Arsenal,R00654
WWA,Woolwich Arsenal,R00971
WWA,Woolwich Arsenal,R00972
WWA,Woolwich Arsenal,R01503
WWA,Woolwich Arsenal,R01702
WWA,Woolwich Arsenal,R01745
WWA,Woolwich Arsenal,R02081
WWC,Woolwich,R01184
WWC,Woolwich,R01416
WWC,Woolwich,R01431
WWC,Woolwich,R01581
WWC,Woolwich,R01692
WWC,Woolwich,R01694
WWC,Woolwich,R01701
WWC,Woolwich,R01719
WWD,Woolwich Dockyard,R00079
WWD,Woolwich Dockyard,R00092
WWD,Woolwich Dockyard,R00125
WWD,Woolwich Dockyard,R00188
WWD,Woolwich Dockyard,R00297
WWD,Woolwich Dockyard,R00491
WWD,Woolwich Dockyard,R00516
WWD,Woolwich Dockyard,R00526
WWD,Woolwich Dockyard,R00536
WWD,Woolwich Dockyard,R00608
WWD,Woolwich Dockyard,R00610
WWD,Woolwich Dockyard,R00654
WWD,Woolwich Dockyard,R00972
WWD,Woolwich Dockyard,R01503
WWD,Woolwich Dockyard,R01745
WWD,Woolwich Dockyard,R02081
WWI,West Wickham,R00212
WWI,West Wickham,R00497
WWI,West Wickham,R01609
WWL,Whitwell,R01366
WWL,Whitwell,R01434
WWL,Whitwell,R01436
WWO,West Worthing,R00043
WWO,West Worthing,R00199
WWO,West Worthing,R00239
WWO,West Worthing,R00253
WWO,West Worthing,R00657
WWO,West Worthing,R00740
WWO,West Worthing,R00742
WWO,West Worthing,R00743
WWO,West Worthing,R00748
WWO,West Worthing,R00812
WWO,West Worthing,R00930
WWO,West Worthing,R00967
WWO,West Worthing,R00969
WWO,West Worthing,R01009
WWO,West Worthing,R01039
WWO,West Worthing,R01097
WWO,West Worthing,R01419
WWO,West Worthing,R01930
WWR,Wandsworth Road,R00003
WWR,Wandsworth Road,R00020
WWR,Wandsworth Road,R00021
WWR,Wandsworth Road,R00024
WWW,Wootton Wawen,R00115
WWW,Wootton Wawen,R00768
WWW,Wootton Wawen,R00770
WWW,Wootton Wawen,R00773
WWW,Wootton Wawen,R00775
WWW,Wootton Wawen,R00776
WXC,Wrexham Central,R01539
WXC,Wrexham Central,R01541
WYB,Weybridge,R00440
WYB,Weybridge,R00458
WYB,Weybridge,R00598
WYB,Weybridge,R00599
WYB,Weybridge,R00616
WYB,Weybridge,R00699
WYB,Weybridge,R00747
WYB,Weybridge,R00753
WYB,Weybridge,R00782
WYB,Weybridge,R00800
WYB,Weybridge,R00801
WYB,Weybridge,R00866
WYB,Weybridge,R00870
WYB,Weybridge,R00926
WYB,Weybridge,R01224
WYB,Weybridge,R01226
WYB,Weybridge,R01629
WYB,Weybridge,R01760
WYB,Weybridge,R01791
WYB,Weybridge,R01820
WYE,Wye,R00014
WYE,Wye,R00125
WYE,Wye,R00413
WYE,Wye,R00436
WYE,Wye,R00539
WYE,Wye,R00668
WYE,Wye,R00854
WYE,Wye,R00857
WYE,Wye,R01090
WYE,Wye,R01328
WYE,Wye,R01330
WYE,Wye,R01568
WYE,Wye,R01637
WYE,Wye,R01645
WYE,Wye,R01997
WYE,Wye,R02005
WYL,Wylde Green,R00037
WYL,Wylde Green,R00040
WYL,Wylde Green,R00759
WYL,Wylde Green,R01148
WYL,Wylde Green,R01158
WYL,Wylde Green,R01225
WYL,Wylde Green,R01310
WYM,Wylam,R00302
WYM,Wylam,R00324
WYM,Wylam,R00463
WYM,Wylam,R01107
WYM,Wylam,R01111
WYM,Wylam,R01114
WYM,Wylam,R01118
WYM,Wylam,R01284
WYM,Wylam,R01378
WYM,Wylam,R01523
WYM,Wylam,R01573
WYT,Wythall,R00115
WYT,Wythall,R00768
WYT,Wythall,R00770
WYT,Wythall,R00773
WYT,Wythall,R00775
WYT,Wythall,R00776
WYT,Wythall,R00892
XAA,,R01528
XAA,,R01529
XAD,,R01025
XAD,,R01026
XAJ,,R00296
XAJ,,R00298
XAJ,,R00321
XAJ,,R00341
XAJ,,R00344
XAJ,,R00347
XAJ,,R00354
XAJ,,R00369
XAJ,,R00455
XAJ,,R00465
XAJ,,R00468
XAJ,,R00513
XAJ,,R00578
XAJ,,R00582
XAJ,,R00661
XAJ,,R00690
XAJ,,R00780
XAJ,,R00873
XAJ,,R00875
XAJ,,R00935
XAJ,,R00948
XAJ,,R00991
XAJ,,R01076
XAJ,,R01412
XAJ,,R01425
XAJ,,R01438
XAJ,,R01440
XAJ,,R01441
XAJ,,R01447
XAJ,,R01455
XAJ,,R01456
XAJ,,R01893
XAN,,R00004
XAN,,R00034
XAN,,R00036
XAN,,R00053
XAN,,R00072
XAN,,R00077
XAN,,R00124
XAN,,R00158
XAN,,R00226
XAN,,R00246
XAN,,R00283
XAN,,R00286
XAN,,R00333
XAN,,R00341
XAN,,R00405
XAN,,R00465
XAN,,R00498
XAN,,R00583
XAN,,R00585
XAN,,R00780
XAN,,R00875
XAN,,R00964
XAN,,R00966
XAN,,R00989
XAN,,R00991
XAN,,R01508
XAN,,R01513
XAN,,R01535
XAY,,R00023
XAY,,R00028
XAY,,R00034
XAY,,R00085
XAY,,R00089
XAY,,R00283
XAY,,R00321
XAY,,R00347
XAY,,R00354
XAY,,R00369
XAY,,R00372
XAY,,R00379
XAY,,R00455
XAY,,R00465
XAY,,R00468
XAY,,R00582
XAY,,R00661
XAY,,R00690
XAY,,R00784
XAY,,R00880
XAY,,R00935
XAY,,R00948
XAY,,R00974
XAY,,R00975
XAY,,R00977
XAY,,R01106
XAY,,R01222
XAY,,R01414
XAY,,R01725
XAZ,,R00211
XAZ,,R00219
XBJ,,R00056
XBJ,,R00077
XBJ,,R00102
XBJ,,R00114
XBJ,,R00283
XBJ,,R00311
XBJ,,R00341
XBJ,,R00372
XBJ,,R00498
XBJ,,R00581
XBJ,,R00602
XBJ,,R00704
XBJ,,R00780
XBJ,,R00902
XBJ,,R00935
XBJ,,R00964
XBJ,,R01054
XBJ,,R01198
XBJ,,R01247
XBJ,,R01256
XBJ,,R01259
XBJ,,R01307
XBJ,,R01599
XBJ,,R01691
XBJ,,R01710
XBV,,R01799
XBV,,R01802
XBW,,R01802
XCB,,R01643
XCB,,R01809
XCB,,R01919
XCF,,R01109
XCF,,R01120
XCI,,R00034
XCI,,R00077
XCI,,R00186
XCI,,R00559
XCI,,R00562
XCI,,R00600
XCI,,R00796
XCI,,R00916
XCI,,R01238
XCI,,R01266
XCI,,R01537
XCI,,R01554
XCI,,R01738
XCI,,R01770
XCI,,R01773
XCI,,R01782
XCI,,R01835
XCI,,R02084
XCN,,R00030
XCN,,R00132
XCN,,R00136
XCN,,R01795
XCO,,R00056
XCO,,R00077
XCO,,R00102
XCO,,R00114
XCO,,R00283
XCO,,R00311
XCO,,R00314
XCO,,R00589
XCO,,R00820
XCO,,R00825
XCO,,R00845
XCO,,R01077
XCO,,R01281
XCO,,R01307
XCO,,R01413
XCO,,R01432
XCO,,R01514
XCO,,R01553
XCO,,R01690
XCO,,R01691
XCO,,R01697
XCO,,R01706
XCO,,R01905
XCO,,R02086
XCV,,R00225
XCV,,R00237
XDY,,R01799
XDY,,R01802
XEE,,R00523
XES,,R00038
XES,,R00082
XES,,R00111
XES,,R00316
XES,,R00326
XES,,R00328
XES,,R00332
XES,,R00334
XES,,R00409
XES,,R00441
XES,,R00449
XES,,R00466
XES,,R00473
XES,,R00482
XES,,R00495
XES,,R00640
XES,,R00641
XES,,R00721
XES,,R01388
XES,,R01617
XES,,R01951
XES,,R01964
XES,,R02011
XES,,R02012
XEW,,R00077
XEW,,R00283
XEW,,R00286
XEW,,R00329
XEW,,R00331
XEW,,R00498
XEW,,R00626
XEW,,R00631
XEW,,R00746
XEW,,R00747
XEW,,R00753
XEW,,R00757
XEW,,R00780
XEW,,R00782
XEW,,R00783
XEW,,R00786
XEW,,R00805
XEW,,R00866
XEW,,R00964
XEW,,R00966
XEW,,R01048
XEW,,R01097
XEW,,R01413
XEW,,R01553
XEW,,R01629
XEW,,R01861
XFB,,R01413
XFB,,R01553
XFC,,R00004
XFC,,R00053
XFC,,R00072
XFC,,R00077
XFC,,R00158
XFC,,R00246
XFC,,R00283
XFC,,R00286
XFC,,R00341
XFC,,R00400
XFC,,R00405
XFC,,R00465
XFC,,R00498
XFC,,R00780
XFC,,R00875
XFC,,R00964
XFC,,R00966
XFC,,R00989
XFC,,R00991
XFC,,R01508
XFD,,R01335
XGJ,,R00023
XGJ,,R00056
XGJ,,R00058
XGJ,,R00077
XGJ,,R00102
XGJ,,R00104
XGJ,,R00114
XGJ,,R00283
XGJ,,R00311
XGJ,,R00341
XGJ,,R00372
XGJ,,R00395
XGJ,,R00455
XGJ,,R00498
XGJ,,R00571
XGJ,,R00579
XGJ,,R00581
XGJ,,R00590
XGJ,,R00602
XGJ,,R00780
XGJ,,R00863
XGJ,,R00880
XGJ,,R00902
XGJ,,R00907
XGJ,,R00916
XGJ,,R00935
XGJ,,R00964
XGJ,,R00999
XGJ,,R01047
XGJ,,R01054
XGJ,,R01055
XGJ,,R01063
XGJ,,R01106
XGJ,,R01198
XGJ,,R01247
XGJ,,R01259
XGJ,,R01275
XGJ,,R01307
XGJ,,R01515
XGJ,,R01546
XGJ,,R01691
XGJ,,R01710
XGJ,,R01734
XGM,,R00056
XGM,,R00073
XGM,,R00162
XGM,,R00169
XGM,,R00464
XGM,,R00619
XGM,,R00704
XGM,,R01129
XGM,,R01979
XGN,,R00064
XGN,,R00066
XGN,,R00073
XGN,,R00082
XGN,,R00094
XGN,,R00128
XGN,,R00129
XGN,,R00217
XGN,,R00271
XGN,,R00319
XGN,,R00321
XGN,,R00361
XGN,,R00365
XGN,,R00370
XGN,,R00373
XGN,,R00464
XGN,,R00465
XGN,,R00470
XGN,,R00477
XGN,,R00485
XGN,,R00496
XGN,,R00507
XGN,,R00620
XGN,,R00628
XGN,,R00660
XGN,,R00689
XGN,,R00690
XGN,,R00727
XGN,,R00749
XGN,,R00819
XGN,,R00968
XGN,,R00970
XGN,,R01171
XGN,,R01180
XGN,,R01311
XGN,,R01686
XGN,,R01687
XGQ,,R00104
XGQ,,R00311
XGQ,,R00395
XGQ,,R00602
XGQ,,R00780
XGQ,,R00863
XGQ,,R00907
XGQ,,R00964
XGQ,,R00999
XGQ,,R01054
XGQ,,R01259
XGQ,,R01275
XGQ,,R01546
XGS,,R00056
XGS,,R00090
XGS,,R00100
XGS,,R00102
XGS,,R00114
XGS,,R00130
XGS,,R00383
XGS,,R00581
XGS,,R00704
XGS,,R01077
XGS,,R01215
XGS,,R01281
XGS,,R01304
XGS,,R01454
XGS,,R01599
XGS,,R01905
XGU,,R00003
XGU,,R00020
XGU,,R00075
XGU,,R00240
XGU,,R00242
XGU,,R00253
XGU,,R00535
XGU,,R00575
XGU,,R00632
XGU,,R00697
XGU,,R00701
XGU,,R00837
XGU,,R00951
XGU,,R01029
XGU,,R01634
XGU,,R01858
XGY,,R00004
XGY,,R00012
XGY,,R00033
XGY,,R00158
XGY,,R01413
XGY,,R01553
XGZ,,R00936
XGZ,,R00937
XHK,,R00028
XHK,,R00034
XHK,,R00293
XHK,,R00362
XHK,,R01037
XHK,,R01220
XHK,,R01222
XHK,,R01236
XHN,,R00056
XHN,,R00077
XHN,,R00102
XHN,,R00104
XHN,,R00114
XHN,,R00283
XHN,,R00286
XHN,,R00311
XHN,,R00314
XHN,,R00589
XHN,,R00602
XHN,,R00638
XHN,,R00704
XHN,,R00829
XHN,,R00838
XHN,,R00841
XHN,,R00843
XHN,,R00845
XHN,,R00863
XHN,,R00964
XHN,,R01055
XHN,,R01077
XHN,,R01102
XHN,,R01267
XHN,,R01276
XHN,,R01281
XHN,,R01307
XHN,,R01413
XHN,,R01432
XHN,,R01514
XHN,,R01515
XHN,,R01522
XHN,,R01553
XHN,,R01690
XHN,,R01691
XHN,,R01697
XHN,,R01706
XHN,,R01905
XHN,,R02086
XHO,,R00073
XHO,,R00319
XHO,,R00727
XHO,,R00749
XHO,,R01171
XHO,,R01180
XHO,,R01494
XHZ,,R00003
XHZ,,R00010
XHZ,,R00021
XHZ,,R00075
XHZ,,R00717
XIC,,R00003
XIC,,R00010
XIC,,R00021
XIC,,R00075
XIC,,R00717
XIE,,R01058
XIE,,R01089
XIE,,R01296
XIE,,R01342
XIL,,R00051
XIL,,R00199
XIL,,R00238
XIL,,R00253
XIL,,R00262
XIL,,R00451
XIL,,R00452
XIL,,R00503
XIL,,R00517
XIL,,R00530
XIL,,R00627
XIL,,R00630
XIL,,R00950
XIL,,R00990
XIL,,R01117
XIL,,R01134
XIL,,R01168
XIL,,R01363
XIL,,R01510
XIL,,R01630
XIL,,R01779
XIM,,R00056
XIM,,R00077
XIM,,R00102
XIM,,R00114
XIM,,R00283
XIM,,R00311
XIM,,R00314
XIM,,R00589
XIM,,R00820
XIM,,R00825
XIM,,R00845
XIM,,R01077
XIM,,R01281
XIM,,R01307
XIM,,R01413
XIM,,R01432
XIM,,R01514
XIM,,R01553
XIM,,R01690
XIM,,R01691
XIM,,R01697
XIM,,R01706
XIM,,R01905
XIM,,R02086
XIR,,R00283
XIR,,R00341
XIR,,R00362
XIR,,R00372
XIR,,R00465
XIR,,R00582
XIR,,R00780
XIR,,R00875
XIR,,R00909
XIR,,R00911
XIR,,R00935
XIR,,R00975
XIR,,R00989
XIR,,R00991
XIT,,R00056
XIT,,R00090
XIT,,R00100
XIT,,R00102
XIT,,R00114
XIT,,R00130
XIT,,R00581
XIT,,R00704
XIT,,R01077
XIT,,R01281
XIT,,R01284
XIT,,R01454
XIT,,R01599
XIT,,R01905
XIW,,R00256
XIW,,R00436
XIW,,R01058
XIW,,R01089
XIW,,R01090
XIW,,R01296
XIW,,R01342
XIW,,R01568
XIW,,R01587
XIW,,R01637
XIW,,R01639
XIW,,R01660
XIW,,R01995
XIW,,R01997
XIW,,R02005
XIW,,R02015
XIW,,R02094
XJB,,R00030
XJB,,R00136
XJB,,R00183
XJB,,R00184
XJB,,R00472
XJB,,R01176
XJB,,R01221
XJB,,R01270
XJB,,R01303
XJB,,R01464
XJC,,R00177
XJC,,R00252
XJC,,R00258
XJC,,R01092
XJC,,R01093
XJC,,R01335
XJC,,R01514
XJF,,R00034
XJF,,R01665
XJF,,R01854
XJF,,R01855
XJR,,R00510
XJR,,R01019
XJS,,R00199
XJS,,R00217
XJS,,R00238
XJS,,R00239
XJS,,R00248
XJS,,R00253
XJS,,R00265
XJS,,R00271
XJS,,R00282
XJS,,R00451
XJS,,R00452
XJS,,R00517
XJS,,R00627
XJS,,R00656
XJS,,R00660
XJS,,R00674
XJS,,R00676
XJS,,R00727
XJS,,R00860
XJS,,R00968
XJS,,R00970
XJS,,R00972
XJS,,R01011
XJS,,R01168
XJS,,R01171
XJS,,R01180
XJS,,R01187
XJS,,R01239
XJS,,R01241
XJS,,R01262
XJS,,R01264
XJS,,R01272
XJS,,R01367
XJS,,R01419
XJS,,R01600
XJS,,R01628
XJS,,R01736
XJS,,R01755
XJS,,R01776
XJS,,R01780
XJS,,R01898
XJS,,R01907
XJS,,R01910
XJS,,R01939
XJS,,R02103
XJV,,R00004
XJV,,R00012
XJV,,R00033
XJV,,R00036
XJV,,R00053
XJV,,R00072
XJV,,R00158
XJV,,R00226
XJV,,R00246
XJV,,R01508
XJV,,R01513
XKB,,R00064
XKB,,R00066
XKB,,R00073
XKB,,R00082
XKB,,R00094
XKB,,R00128
XKB,,R00129
XKB,,R00217
XKB,,R00271
XKB,,R00319
XKB,,R00321
XKB,,R00361
XKB,,R00365
XKB,,R00370
XKB,,R00373
XKB,,R00464
XKB,,R00465
XKB,,R00470
XKB,,R00477
XKB,,R00485
XKB,,R00496
XKB,,R00507
XKB,,R00620
XKB,,R00628
XKB,,R00660
XKB,,R00689
XKB,,R00690
XKB,,R00705
XKB,,R00727
XKB,,R00749
XKB,,R00819
XKB,,R00968
XKB,,R00970
XKB,,R01171
XKB,,R01180
XKB,,R01283
XKB,,R01311
XKB,,R01494
XKB,,R01517
XKB,,R01596
XKB,,R01606
XKB,,R01663
XKB,,R01686
XKB,,R01687
XKB,,R01688
XKB,,R01737
XKB,,R01739
XKB,,R01764
XKE,,R00044
XKE,,R00046
XKE,,R00076
XKE,,R00079
XKE,,R00092
XKE,,R00122
XKE,,R00125
XKE,,R00188
XKE,,R00254
XKE,,R00297
XKE,,R00343
XKE,,R00469
XKE,,R00491
XKE,,R00524
XKE,,R00526
XKE,,R00536
XKE,,R00608
XKE,,R00610
XKE,,R00624
XKE,,R00654
XKE,,R00971
XKE,,R00972
XKE,,R01587
XKE,,R01636
XKE,,R01639
XKE,,R01674
XKE,,R01676
XKE,,R01745
XKE,,R01800
XKE,,R01969
XKE,,R01975
XKE,,R01976
XKG,,R00177
XKG,,R00252
XKG,,R00258
XKG,,R01093
XKI,,R00023
XKI,,R00321
XKI,,R00341
XKI,,R00344
XKI,,R00347
XKI,,R00354
XKI,,R00369
XKI,,R00455
XKI,,R00465
XKI,,R00468
XKI,,R00582
XKI,,R00661
XKI,,R00690
XKI,,R00780
XKI,,R00875
XKI,,R00886
XKI,,R00889
XKI,,R00900
XKI,,R00935
XKI,,R00948
XKI,,R00966
XKI,,R00977
XKI,,R00991
XKM,,R00199
XKM,,R00238
XKM,,R00239
XKM,,R00253
XKM,,R00262
XKM,,R00265
XKM,,R00271
XKM,,R00451
XKM,,R00452
XKM,,R00517
XKM,,R00627
XKM,,R00660
XKM,,R00968
XKM,,R00970
XKM,,R00972
XKM,,R01168
XKM,,R01241
XKM,,R01367
XKM,,R01511
XKM,,R01707
XKM,,R01779
XKM,,R01780
XKM,,R01898
XKM,,R01922
XKM,,R01980
XKM,,R02090
XKM,,R02103
XLA,,R00936
XLA,,R00937
XLB,,R01530
XLB,,R01536
XLJ,,R00097
XLJ,,R00217
XLJ,,R00239
XLJ,,R00240
XLJ,,R00241
XLJ,,R00243
XLJ,,R00253
XLJ,,R00271
XLJ,,R00575
XLJ,,R00627
XLJ,,R00660
XLJ,,R00667
XLJ,,R00727
XLJ,,R00952
XLJ,,R00968
XLJ,,R00970
XLJ,,R00972
XLJ,,R01171
XLJ,,R01180
XLJ,,R01187
XLJ,,R01239
XLJ,,R01241
XLJ,,R01252
XLJ,,R01257
XLJ,,R01262
XLJ,,R01264
XLJ,,R01272
XLJ,,R01399
XLJ,,R01419
XLJ,,R01565
XLJ,,R01600
XLJ,,R01624
XLJ,,R01628
XLJ,,R01736
XLJ,,R01755
XLK,,R00059
XLK,,R00069
XLK,,R00074
XLK,,R00084
XLK,,R00102
XLK,,R00112
XLK,,R00114
XLK,,R00130
XLK,,R00142
XLK,,R00206
XLK,,R00408
XLK,,R00457
XLK,,R00508
XLK,,R00521
XLK,,R00640
XLK,,R00647
XLK,,R00947
XLK,,R01077
XLK,,R01091
XLK,,R01619
XLK,,R01621
XLK,,R01622
XLK,,R01678
XLK,,R01902
XLS,,R00110
XLS,,R00119
XLS,,R00121
XLS,,R00360
XLS,,R00647
XLS,,R00651
XLS,,R00836
XLS,,R01320
XLS,,R01613
XLS,,R01974
XLV,,R00001
XLV,,R00005
XLV,,R00500
XLV,,R00502
XLV,,R00505
XLV,,R00511
XLV,,R00558
XLX,,R00023
XLX,,R00029
XLX,,R00187
XLX,,R00321
XLX,,R00341
XLX,,R00344
XLX,,R00347
XLX,,R00354
XLX,,R00369
XLX,,R00379
XLX,,R00455
XLX,,R00465
XLX,,R00468
XLX,,R00582
XLX,,R00661
XLX,,R00690
XLX,,R00780
XLX,,R00875
XLX,,R00886
XLX,,R00889
XLX,,R00900
XLX,,R00935
XLX,,R00948
XLX,,R00954
XLX,,R00966
XLX,,R00973
XLX,,R00974
XLX,,R00977
XLX,,R00991
XLY,,R00002
XLY,,R00014
XLY,,R00076
XLY,,R00092
XLY,,R00221
XLY,,R00343
XLY,,R00345
XLY,,R00413
XLY,,R00437
XLY,,R00469
XLY,,R00514
XLY,,R00522
XLY,,R00525
XLY,,R00528
XLY,,R00539
XLY,,R00542
XLY,,R00854
XLY,,R00856
XLY,,R00857
XLY,,R00862
XLY,,R00913
XLY,,R00971
XLY,,R01099
XLY,,R01283
XLY,,R01333
XLY,,R01575
XLY,,R01615
XLY,,R01627
XLY,,R01655
XLY,,R01682
XLY,,R01737
XLY,,R01739
XLY,,R02072
XLY,,R02093
XMB,,R00177
XMB,,R00252
XMB,,R00403
XMB,,R00859
XMB,,R00905
XMB,,R00979
XMB,,R01095
XMB,,R01105
XMD,,R00058
XMD,,R00395
XMD,,R00571
XMD,,R00579
XMD,,R00581
XMD,,R00590
XMD,,R00902
XMD,,R00916
XMD,,R00999
XMD,,R01047
XMD,,R01054
XMD,,R01063
XMD,,R01119
XMD,,R01259
XMD,,R01498
XMD,,R01546
XMD,,R01734
XMF,,R00014
XMF,,R00125
XMF,,R00256
XMF,,R00413
XMF,,R00436
XMF,,R00437
XMF,,R00664
XMF,,R00668
XMF,,R00671
XMF,,R00684
XMF,,R00854
XMF,,R01090
XMF,,R01333
XMF,,R01568
XMF,,R01637
XMF,,R01660
XMF,,R01997
XMF,,R02098
XMI,,R00144
XMI,,R00151
XMI,,R00628
XMI,,R00791
XMI,,R00793
XMI,,R01203
XMI,,R01210
XMI,,R01286
XMI,,R01348
XMI,,R01382
XMI,,R01405
XMI,,R01540
XMI,,R01887
XMI,,R01917
XMI,,R02037
XMI,,R02042
XMJ,,R00029
XMJ,,R00156
XMJ,,R00187
XMJ,,R00296
XMJ,,R00304
XMJ,,R00379
XMJ,,R00792
XMJ,,R00852
XMJ,,R00853
XMJ,,R00954
XMJ,,R01076
XMJ,,R01335
XMJ,,R01724
XMJ,,R01940
XMK,,R00076
XMK,,R00079
XMK,,R00092
XMK,,R00097
XMK,,R00188
XMK,,R00217
XMK,,R00271
XMK,,R00660
XMK,,R00727
XMK,,R00968
XMK,,R00970
XMK,,R00971
XMK,,R00972
XMK,,R01171
XMK,,R01180
XMK,,R01187
XMK,,R01239
XMK,,R01241
XMK,,R01257
XMK,,R01262
XMK,,R01264
XMK,,R01272
XMK,,R01600
XMK,,R01628
XMK,,R01736
XMK,,R01755
XMN,,R00034
XMN,,R00293
XMN,,R00362
XMN,,R01236
XMR,,R00551
XMR,,R00553
XMR,,R00557
XMR,,R01003
XMR,,R01345
XMR,,R01430
XMR,,R01749
XMR,,R01759
XMU,,R00014
XMU,,R00125
XMU,,R00221
XMU,,R00343
XMU,,R00345
XMU,,R00413
XMU,,R00437
XMU,,R00469
XMU,,R00488
XMU,,R00489
XMU,,R00514
XMU,,R00528
XMU,,R00539
XMU,,R00542
XMU,,R00854
XMU,,R00856
XMU,,R00862
XMU,,R00913
XMU,,R01099
XMU,,R01283
XMU,,R01333
XMU,,R01615
XMU,,R01627
XMU,,R01655
XMU,,R01682
XMU,,R01737
XMU,,R01739
XMU,,R01969
XMU,,R01975
XMU,,R01976
XMU,,R02072
XNJ,,R00004
XNJ,,R00012
XNJ,,R00017
XNJ,,R00033
XNJ,,R00036
XNJ,,R00039
XNJ,,R00041
XNJ,,R00053
XNJ,,R00060
XNJ,,R00072
XNJ,,R00095
XNJ,,R00134
XNJ,,R00146
XNJ,,R00155
XNJ,,R00158
XNJ,,R00201
XNJ,,R00209
XNJ,,R00226
XNJ,,R00246
XNJ,,R00429
XNJ,,R00435
XNJ,,R00471
XNJ,,R00479
XNJ,,R00981
XNJ,,R00982
XNJ,,R01308
XNJ,,R01410
XNJ,,R01508
XNJ,,R01513
XNJ,,R01938
XNJ,,R01941
XNJ,,R02041
XNJ,,R02092
XNK,,R00064
XNK,,R00066
XNK,,R00073
XNK,,R00082
XNK,,R00094
XNK,,R00214
XNK,,R00321
XNK,,R00361
XNK,,R00365
XNK,,R00370
XNK,,R00459
XNK,,R00464
XNK,,R00465
XNK,,R00470
XNK,,R00477
XNK,,R00485
XNK,,R00496
XNK,,R00507
XNK,,R00513
XNK,,R00689
XNK,,R00690
XNK,,R00749
XNK,,R00764
XNK,,R01207
XNK,,R01403
XNK,,R01412
XNK,,R01425
XNK,,R01426
XNK,,R01427
XNK,,R01440
XNK,,R01441
XNK,,R01494
XNK,,R01686
XNK,,R01687
XOA,,R00056
XOA,,R00090
XOA,,R00100
XOA,,R00102
XOA,,R00112
XOA,,R00114
XOA,,R00130
XOA,,R00142
XOA,,R00185
XOA,,R00457
XOA,,R00487
XOA,,R00521
XOA,,R00581
XOA,,R00640
XOA,,R00704
XOA,,R00817
XOA,,R00825
XOA,,R01018
XOA,,R01077
XOA,,R01098
XOA,,R01125
XOA,,R01242
XOA,,R01281
XOA,,R01284
XOA,,R01432
XOA,,R01454
XOA,,R01543
XOA,,R01545
XOA,,R01551
XOA,,R01552
XOA,,R01599
XOA,,R01621
XOA,,R01622
XOA,,R01690
XOA,,R01883
XOA,,R01905
XOA,,R01949
XOA,,R01966
XOA,,R02001
XOD,,R00056
XOD,,R00077
XOD,,R00102
XOD,,R00104
XOD,,R00114
XOD,,R00131
XOD,,R00283
XOD,,R00286
XOD,,R00311
XOD,,R00314
XOD,,R00589
XOD,,R00602
XOD,,R00638
XOD,,R00704
XOD,,R00829
XOD,,R00838
XOD,,R00841
XOD,,R00845
XOD,,R00863
XOD,,R00879
XOD,,R00964
XOD,,R01055
XOD,,R01074
XOD,,R01077
XOD,,R01102
XOD,,R01267
XOD,,R01281
XOD,,R01307
XOD,,R01432
XOD,,R01514
XOD,,R01515
XOD,,R01522
XOD,,R01690
XOD,,R01691
XOD,,R01697
XOD,,R01706
XOD,,R01905
XOD,,R02086
XOE,,R00056
XOE,,R00077
XOE,,R00093
XOE,,R00102
XOE,,R00104
XOE,,R00114
XOE,,R00131
XOE,,R00283
XOE,,R00286
XOE,,R00311
XOE,,R00314
XOE,,R00390
XOE,,R00589
XOE,,R00602
XOE,,R00638
XOE,,R00704
XOE,,R00806
XOE,,R00829
XOE,,R00838
XOE,,R00841
XOE,,R00845
XOE,,R00863
XOE,,R00879
XOE,,R00964
XOE,,R01055
XOE,,R01074
XOE,,R01077
XOE,,R01102
XOE,,R01267
XOE,,R01279
XOE,,R01281
XOE,,R01307
XOE,,R01432
XOE,,R01514
XOE,,R01515
XOE,,R01522
XOE,,R01690
XOE,,R01691
XOE,,R01697
XOE,,R01706
XOE,,R01905
XOE,,R02086
XOH,,R00004
XOH,,R00053
XOH,,R00072
XOH,,R00088
XOH,,R00115
XOH,,R00126
XOH,,R00158
XOH,,R00246
XOH,,R00341
XOH,,R00396
XOH,,R00405
XOH,,R00425
XOH,,R00446
XOH,,R00465
XOH,,R00768
XOH,,R00770
XOH,,R00773
XOH,,R00775
XOH,,R00776
XOH,,R00780
XOH,,R00788
XOH,,R00875
XOH,,R00883
XOH,,R00884
XOH,,R00892
XOH,,R00894
XOH,,R00896
XOH,,R00901
XOH,,R00989
XOH,,R00991
XOH,,R01188
XOH,,R01486
XOH,,R01488
XOH,,R01489
XOH,,R01490
XOH,,R01496
XOH,,R01508
XOH,,R01585
XOH,,R01924
XOI,,R00056
XOI,,R00077
XOI,,R00102
XOI,,R00114
XOI,,R00283
XOI,,R00311
XOI,,R00314
XOI,,R00589
XOI,,R00820
XOI,,R00825
XOI,,R00845
XOI,,R01077
XOI,,R01281
XOI,,R01307
XOI,,R01413
XOI,,R01432
XOI,,R01514
XOI,,R01553
XOI,,R01690
XOI,,R01691
XOI,,R01697
XOI,,R01706
XOI,,R01905
XOI,,R02086
XON,,R00283
XON,,R00341
XON,,R00362
XON,,R00372
XON,,R00465
XON,,R00582
XON,,R00780
XON,,R00875
XON,,R00909
XON,,R00911
XON,,R00935
XON,,R00975
XON,,R00989
XON,,R00991
XOP,,R00014
XOP,,R00044
XOP,,R00046
XOP,,R00051
XOP,,R00052
XOP,,R00125
XOP,,R00199
XOP,,R00238
XOP,,R00452
XOP,,R00503
XOP,,R00517
XOP,,R00530
XOP,,R00630
XOP,,R00950
XOP,,R00990
XOP,,R01117
XOP,,R01134
XOP,,R01168
XOP,,R01363
XOP,,R01510
XOP,,R01630
XOP,,R02078
XOS,,R00023
XOS,,R00056
XOS,,R00058
XOS,,R00077
XOS,,R00102
XOS,,R00104
XOS,,R00114
XOS,,R00283
XOS,,R00311
XOS,,R00341
XOS,,R00372
XOS,,R00395
XOS,,R00455
XOS,,R00498
XOS,,R00571
XOS,,R00579
XOS,,R00581
XOS,,R00590
XOS,,R00602
XOS,,R00780
XOS,,R00863
XOS,,R00880
XOS,,R00902
XOS,,R00907
XOS,,R00916
XOS,,R00935
XOS,,R00964
XOS,,R00999
XOS,,R01002
XOS,,R01004
XOS,,R01047
XOS,,R01054
XOS,,R01055
XOS,,R01063
XOS,,R01106
XOS,,R01198
XOS,,R01247
XOS,,R01259
XOS,,R01275
XOS,,R01307
XOS,,R01498
XOS,,R01515
XOS,,R01522
XOS,,R01546
XOS,,R01691
XOS,,R01710
XOS,,R01734
XOT,,R00014
XOT,,R00221
XOT,,R00413
XOT,,R00488
XOT,,R00489
XOT,,R00528
XOT,,R00539
XOT,,R00542
XOT,,R00854
XOT,,R00862
XOT,,R00913
XOT,,R01099
XOT,,R01283
XOT,,R01682
XOT,,R01737
XOT,,R01739
XOT,,R02072
XOU,,R00056
XOU,,R00090
XOU,,R00100
XOU,,R00102
XOU,,R00108
XOU,,R00112
XOU,,R00114
XOU,,R00130
XOU,,R00142
XOU,,R00206
XOU,,R00454
XOU,,R00457
XOU,,R00508
XOU,,R00521
XOU,,R00581
XOU,,R00640
XOU,,R00647
XOU,,R00704
XOU,,R00825
XOU,,R00947
XOU,,R01077
XOU,,R01281
XOU,,R01432
XOU,,R01454
XOU,,R01552
XOU,,R01599
XOU,,R01621
XOU,,R01622
XOU,,R01626
XOU,,R01690
XOU,,R01691
XOU,,R01697
XOU,,R01902
XOU,,R01905
XOU,,R02088
XOW,,R00207
XOW,,R00323
XOW,,R00832
XOW,,R00850
XOW,,R00872
XOW,,R00874
XOW,,R00881
XOW,,R00882
XOW,,R00888
XOW,,R00890
XOW,,R00898
XOW,,R01000
XOW,,R01269
XOW,,R01595
XOW,,R01653
XOW,,R01823
XOW,,R01868
XOW,,R01871
XOW,,R01881
XOW,,R01882
XOW,,R01891
XOW,,R01904
XOW,,R01906
XOZ,,R00023
XOZ,,R00029
XOZ,,R00037
XOZ,,R00040
XOZ,,R00056
XOZ,,R00058
XOZ,,R00077
XOZ,,R00102
XOZ,,R00104
XOZ,,R00114
XOZ,,R00187
XOZ,,R00283
XOZ,,R00286
XOZ,,R00321
XOZ,,R00341
XOZ,,R00344
XOZ,,R00347
XOZ,,R00354
XOZ,,R00362
XOZ,,R00369
XOZ,,R00372
XOZ,,R00379
XOZ,,R00455
XOZ,,R00465
XOZ,,R00468
XOZ,,R00498
XOZ,,R00571
XOZ,,R00579
XOZ,,R00582
XOZ,,R00590
XOZ,,R00602
XOZ,,R00638
XOZ,,R00642
XOZ,,R00661
XOZ,,R00690
XOZ,,R00759
XOZ,,R00780
XOZ,,R00816
XOZ,,R00843
XOZ,,R00863
XOZ,,R00875
XOZ,,R00886
XOZ,,R00889
XOZ,,R00899
XOZ,,R00900
XOZ,,R00907
XOZ,,R00909
XOZ,,R00911
XOZ,,R00916
XOZ,,R00935
XOZ,,R00948
XOZ,,R00954
XOZ,,R00964
XOZ,,R00966
XOZ,,R00973
XOZ,,R00974
XOZ,,R00975
XOZ,,R00977
XOZ,,R00989
XOZ,,R00991
XOZ,,R01002
XOZ,,R01004
XOZ,,R01055
XOZ,,R01063
XOZ,,R01102
XOZ,,R01148
XOZ,,R01153
XOZ,,R01158
XOZ,,R01225
XOZ,,R01256
XOZ,,R01275
XOZ,,R01280
XOZ,,R01310
XOZ,,R01442
XOZ,,R01497
XOZ,,R01515
XOZ,,R01522
XOZ,,R01546
XOZ,,R01691
XOZ,,R01734
XOZ,,R01834
XPE,,R00002
XPE,,R00014
XPE,,R00044
XPE,,R00046
XPE,,R00052
XPE,,R00076
XPE,,R00092
XPE,,R00122
XPE,,R00125
XPE,,R00254
XPE,,R00256
XPE,,R00413
XPE,,R00436
XPE,,R00491
XPE,,R00514
XPE,,R00522
XPE,,R00524
XPE,,R00525
XPE,,R00610
XPE,,R00857
XPE,,R00862
XPE,,R00913
XPE,,R00971
XPE,,R01575
XPE,,R01578
XPE,,R01587
XPE,,R01636
XPE,,R01637
XPE,,R01639
XPE,,R01645
XPE,,R01660
XPE,,R01674
XPE,,R01800
XPE,,R02066
XPE,,R02073
XPE,,R02093
XPJ,,R00056
XPJ,,R00642
XPJ,,R00704
XPJ,,R00999
XPJ,,R01256
XPJ,,R01498
XPK,,R00936
XPK,,R00937
XPR,,R01799
XPY,,R00014
XPY,,R00018
XPY,,R00044
XPY,,R00046
XPY,,R00052
XPY,,R00122
XPY,,R00125
XPY,,R00212
XPY,,R00221
XPY,,R00254
XPY,,R00256
XPY,,R00343
XPY,,R00436
XPY,,R00469
XPY,,R00488
XPY,,R00489
XPY,,R00491
XPY,,R00497
XPY,,R00522
XPY,,R00524
XPY,,R00525
XPY,,R00536
XPY,,R00610
XPY,,R00654
XPY,,R01578
XPY,,R01587
XPY,,R01636
XPY,,R01637
XPY,,R01639
XPY,,R01645
XPY,,R01660
XPY,,R01674
XPY,,R01676
XPY,,R01800
XPY,,R01969
XPY,,R01975
XPY,,R01976
XPY,,R02064
XPY,,R02066
XPY,,R02073
XPY,,R02093
XQW,,R00023
XQW,,R00029
XQW,,R00187
XQW,,R00379
XQW,,R00582
XQW,,R00661
XQW,,R00954
XQW,,R00973
XQW,,R00974
XRA,,R00056
XRA,,R00104
XRA,,R00642
XRA,,R00704
XRA,,R00863
XRA,,R00907
XRA,,R00999
XRA,,R01002
XRA,,R01004
XRA,,R01256
XRA,,R01275
XRA,,R01497
XRA,,R01498
XRA,,R01522
XRA,,R01834
XRH,,R00051
XRH,,R00199
XRH,,R00238
XRH,,R00253
XRH,,R00262
XRH,,R00451
XRH,,R00452
XRH,,R00517
XRH,,R00530
XRH,,R00627
XRH,,R00774
XRH,,R00932
XRH,,R00933
XRH,,R01168
XRH,,R01363
XRH,,R01630
XRH,,R01779
XRJ,,R00014
XRJ,,R00076
XRJ,,R00079
XRJ,,R00092
XRJ,,R00125
XRJ,,R00188
XRJ,,R00343
XRJ,,R00345
XRJ,,R00413
XRJ,,R00437
XRJ,,R00469
XRJ,,R00491
XRJ,,R00514
XRJ,,R00731
XRJ,,R00854
XRJ,,R00856
XRJ,,R00971
XRJ,,R00972
XRJ,,R01333
XRJ,,R01338
XRJ,,R01503
XRJ,,R01568
XRJ,,R01615
XRJ,,R01627
XRJ,,R01655
XRJ,,R01682
XRJ,,R01702
XRJ,,R01967
XRJ,,R01969
XRJ,,R01971
XRJ,,R01975
XRJ,,R01976
XRL,,R00302
XRL,,R00324
XRL,,R00463
XRL,,R01107
XRL,,R01111
XRL,,R01114
XRL,,R01284
XRL,,R01378
XRL,,R01523
XRO,,R00062
XRO,,R00332
XRO,,R00334
XRO,,R00359
XRO,,R01362
XRT,,R00014
XRT,,R00018
XRT,,R00076
XRT,,R00079
XRT,,R00092
XRT,,R00188
XRT,,R00491
XRT,,R00516
XRT,,R00526
XRT,,R00536
XRT,,R00610
XRT,,R00617
XRT,,R00654
XRT,,R00971
XRT,,R00972
XRT,,R01100
XRT,,R01503
XRT,,R01556
XRT,,R01592
XRT,,R01702
XRT,,R01768
XRT,,R01800
XRT,,R02064
XRT,,R02081
XSC,,R01811
XSC,,R01818
XSG,,R00151
XSG,,R00215
XSG,,R01210
XSG,,R01286
XSG,,R01405
XSG,,R01685
XSG,,R01735
XSI,,R00014
XSI,,R00125
XSI,,R00256
XSI,,R00436
XSI,,R00542
XSI,,R00664
XSI,,R00671
XSI,,R00854
XSI,,R00862
XSI,,R01015
XSI,,R01099
XSI,,R01328
XSI,,R01330
XSI,,R01337
XSI,,R01568
XSI,,R01587
XSI,,R01639
XSI,,R01660
XSI,,R02015
XSI,,R02094
XSI,,R02098
XSL,,R00009
XSP,,R00029
XSP,,R00073
XSP,,R00129
XSP,,R00187
XSP,,R00271
XSP,,R00319
XSP,,R00336
XSP,,R00379
XSP,,R00620
XSP,,R00628
XSP,,R00660
XSP,,R00749
XSP,,R00968
XSP,,R00970
XSP,,R00994
XSP,,R01203
XSP,,R01210
XSP,,R01268
XSP,,R01286
XSP,,R01348
XSP,,R01356
XSP,,R01470
XSP,,R01494
XSP,,R01887
XSP,,R01917
XSR,,R00014
XSR,,R00076
XSR,,R00079
XSR,,R00092
XSR,,R00188
XSR,,R00491
XSR,,R00516
XSR,,R00536
XSR,,R00610
XSR,,R00971
XSR,,R00972
XSR,,R01100
XSR,,R01338
XSR,,R01503
XSR,,R01556
XSR,,R01568
XSR,,R01592
XSR,,R01702
XSR,,R01800
XSR,,R01967
XSR,,R01969
XSR,,R01971
XSR,,R01975
XSR,,R01976
XSR,,R02038
XSR,,R02064
XSU,,R00054
XSU,,R00097
XSU,,R00239
XSU,,R00240
XSU,,R00241
XSU,,R00243
XSU,,R00253
XSU,,R00403
XSU,,R00575
XSU,,R00627
XSU,,R00667
XSU,,R00695
XSU,,R00727
XSU,,R00762
XSU,,R00951
XSU,,R00952
XSU,,R00965
XSU,,R00968
XSU,,R01029
XSU,,R01036
XSU,,R01116
XSU,,R01171
XSU,,R01180
XSU,,R01241
XSU,,R01252
XSU,,R01399
XSU,,R01419
XSU,,R01565
XSU,,R01600
XSU,,R01624
XSU,,R01628
XSU,,R01755
XSW,,R00023
XSW,,R00283
XSW,,R00293
XSW,,R00321
XSW,,R00347
XSW,,R00354
XSW,,R00362
XSW,,R00369
XSW,,R00372
XSW,,R00379
XSW,,R00455
XSW,,R00465
XSW,,R00468
XSW,,R00582
XSW,,R00661
XSW,,R00690
XSW,,R00935
XSW,,R00948
XSW,,R00974
XSW,,R00975
XSW,,R00977
XSW,,R01220
XSW,,R01222
XSW,,R01223
XSW,,R01231
XSY,,R00058
XSY,,R00395
XSY,,R00571
XSY,,R00579
XSY,,R00581
XSY,,R00590
XSY,,R00902
XSY,,R00916
XSY,,R00999
XSY,,R01047
XSY,,R01054
XSY,,R01063
XSY,,R01119
XSY,,R01259
XSY,,R01498
XSY,,R01546
XSY,,R01734
XTA,,R00144
XTA,,R00566
XTA,,R00569
XTA,,R00791
XTA,,R00793
XTA,,R01348
XTA,,R01405
XTA,,R02037
XTA,,R02042
XTG,,R00156
XTG,,R00214
XTG,,R00296
XTG,,R00298
XTG,,R00299
XTG,,R00304
XTG,,R00459
XTG,,R00792
XTG,,R00810
XTG,,R00825
XTG,,R00992
XTG,,R01076
XTG,,R01335
XTG,,R01425
XTG,,R01447
XTG,,R01450
XTG,,R01455
XTG,,R01553
XTG,,R01654
XTG,,R01724
XTG,,R01772
XTG,,R01914
XTG,,R01940
XTR,,R00023
XTR,,R00156
XTR,,R00214
XTR,,R00296
XTR,,R00299
XTR,,R00304
XTR,,R00336
XTR,,R00344
XTR,,R00347
XTR,,R00459
XTR,,R00513
XTR,,R00661
XTR,,R00792
XTR,,R00810
XTR,,R00825
XTR,,R00886
XTR,,R00889
XTR,,R00900
XTR,,R00948
XTR,,R00966
XTR,,R00992
XTR,,R01076
XTR,,R01197
XTR,,R01207
XTR,,R01412
XTR,,R01425
XTR,,R01426
XTR,,R01427
XTR,,R01428
XTR,,R01440
XTR,,R01441
XTR,,R01450
XTR,,R01553
XTR,,R01654
XTR,,R01772
XTR,,R01914
XTR,,R01940
XUK,,R00014
XUK,,R00125
XUK,,R00256
XUK,,R00345
XUK,,R00402
XUK,,R00413
XUK,,R00414
XUK,,R00436
XUK,,R00437
XUK,,R00664
XUK,,R00671
XUK,,R00684
XUK,,R00854
XUK,,R01561
XUK,,R01568
XUK,,R01601
XUK,,R01627
XUK,,R01660
XUK,,R02015
XUK,,R02098
XUP,,R00261
XUP,,R00263
XUS,,R01783
XUS,,R01785
XUS,,R01793
XUS,,R01797
XUS,,R01798
XVJ,,R00002
XVJ,,R00003
XVJ,,R00020
XVJ,,R00021
XVJ,,R00024
XVJ,,R00221
XVJ,,R00343
XVJ,,R00345
XVJ,,R00413
XVJ,,R00437
XVJ,,R00469
XVJ,,R00514
XVJ,,R00528
XVJ,,R00539
XVJ,,R00542
XVJ,,R00617
XVJ,,R00854
XVJ,,R00856
XVJ,,R00857
XVJ,,R00862
XVJ,,R01097
XVJ,,R01099
XVJ,,R01100
XVJ,,R01283
XVJ,,R01333
XVJ,,R01503
XVJ,,R01556
XVJ,,R01575
XVJ,,R01592
XVJ,,R01615
XVJ,,R01627
XVJ,,R01655
XVJ,,R01702
XVJ,,R01768
XVJ,,R02065
XWE,,R00023
XWE,,R00321
XWE,,R00341
XWE,,R00344
XWE,,R00347
XWE,,R00354
XWE,,R00369
XWE,,R00455
XWE,,R00465
XWE,,R00468
XWE,,R00582
XWE,,R00661
XWE,,R00690
XWE,,R00780
XWE,,R00875
XWE,,R00886
XWE,,R00889
XWE,,R00900
XWE,,R00935
XWE,,R00948
XWE,,R00966
XWE,,R00977
XWE,,R00991
XWH,,R00203
XWH,,R00208
XWH,,R00210
XWH,,R00492
XWH,,R00537
XWH,,R00541
XWH,,R00543
XWH,,R00544
XWH,,R00545
XWH,,R00547
XWH,,R00549
XWH,,R00787
XWH,,R01268
XWH,,R01288
XWH,,R01289
XWH,,R01335
XWH,,R01477
XWH,,R01483
XWH,,R01487
XWH,,R01495
XWH,,R01812
XWH,,R01900
XWH,,R01901
XWI,,R00056
XWI,,R00077
XWI,,R00093
XWI,,R00102
XWI,,R00104
XWI,,R00114
XWI,,R00131
XWI,,R00177
XWI,,R00283
XWI,,R00286
XWI,,R00311
XWI,,R00314
XWI,,R00390
XWI,,R00403
XWI,,R00589
XWI,,R00602
XWI,,R00638
XWI,,R00704
XWI,,R00806
XWI,,R00829
XWI,,R00838
XWI,,R00841
XWI,,R00845
XWI,,R00859
XWI,,R00863
XWI,,R00879
XWI,,R00905
XWI,,R00964
XWI,,R00979
XWI,,R01055
XWI,,R01074
XWI,,R01077
XWI,,R01102
XWI,,R01267
XWI,,R01279
XWI,,R01281
XWI,,R01307
XWI,,R01514
XWI,,R01515
XWI,,R01522
XWI,,R01691
XWI,,R01697
XWI,,R01706
XWI,,R01905
XWI,,R02086
XWK,,R00125
XWK,,R00343
XWK,,R00345
XWK,,R00413
XWK,,R00437
XWK,,R00469
XWK,,R00514
XWK,,R00854
XWK,,R00856
XWK,,R01333
XWK,,R01615
XWK,,R01627
XWK,,R01655
XWK,,R01682
XWK,,R01969
XWK,,R01975
XWK,,R01976
XWS,,R01095
XWZ,,R00056
XWZ,,R00077
XWZ,,R00102
XWZ,,R00114
XWZ,,R00283
XWZ,,R00286
XWZ,,R00311
XWZ,,R00314
XWZ,,R00589
XWZ,,R00602
XWZ,,R00704
XWZ,,R00845
XWZ,,R00863
XWZ,,R00964
XWZ,,R01055
XWZ,,R01077
XWZ,,R01281
XWZ,,R01307
XWZ,,R01514
XWZ,,R01515
XWZ,,R01691
XWZ,,R01697
XWZ,,R01706
XWZ,,R01905
XWZ,,R02086
XXA,,R00043
XXA,,R00199
XXA,,R00239
XXA,,R00248
XXA,,R00253
XXA,,R00633
XXA,,R00655
XXA,,R00656
XXA,,R00657
XXA,,R00658
XXA,,R00659
XXA,,R00740
XXA,,R00742
XXA,,R00743
XXA,,R00748
XXA,,R00812
XXA,,R00967
XXA,,R00969
XXA,,R01009
XXA,,R01011
XXA,,R01039
XXA,,R01097
XXA,,R01367
XXA,,R01419
XXA,,R01930
XXG,,R00256
XXG,,R00436
XXG,,R01058
XXG,,R01089
XXG,,R01090
XXG,,R01296
XXG,,R01342
XXG,,R01568
XXG,,R01587
XXG,,R01637
XXG,,R01639
XXG,,R01660
XXG,,R01995
XXG,,R01997
XXG,,R02005
XXG,,R02015
XXG,,R02094
XXH,,R00256
XXH,,R00436
XXH,,R01058
XXH,,R01089
XXH,,R01090
XXH,,R01296
XXH,,R01342
XXH,,R01568
XXH,,R01587
XXH,,R01637
XXH,,R01639
XXH,,R01660
XXH,,R01967
XXH,,R01969
XXH,,R01971
XXH,,R01975
XXH,,R01976
XXH,,R01995
XXH,,R01997
XXH,,R02005
XXH,,R02015
XXH,,R02038
XXH,,R02094
XXI,,R00256
XXI,,R00436
XXI,,R01058
XXI,,R01089
XXI,,R01090
XXI,,R01296
XXI,,R01342
XXI,,R01568
XXI,,R01587
XXI,,R01637
XXI,,R01639
XXI,,R01660
XXI,,R01995
XXI,,R01997
XXI,,R02005
XXI,,R02015
XXI,,R02094
XXJ,,R00256
XXJ,,R00436
XXJ,,R01058
XXJ,,R01089
XXJ,,R01090
XXJ,,R01296
XXJ,,R01342
XXJ,,R01568
XXJ,,R01587
XXJ,,R01637
XXJ,,R01639
XXJ,,R01660
XXJ,,R01967
XXJ,,R01969
XXJ,,R01971
XXJ,,R01975
XXJ,,R01976
XXJ,,R01995
XXJ,,R01997
XXJ,,R02005
XXJ,,R02015
XXJ,,R02038
XXJ,,R02094
XXK,,R00256
XXK,,R00436
XXK,,R01058
XXK,,R01089
XXK,,R01090
XXK,,R01296
XXK,,R01342
XXK,,R01568
XXK,,R01587
XXK,,R01637
XXK,,R01639
XXK,,R01660
XXK,,R01995
XXK,,R01997
XXK,,R02005
XXK,,R02015
XXK,,R02094
XXL,,R00256
XXL,,R00436
XXL,,R01058
XXL,,R01089
XXL,,R01090
XXL,,R01296
XXL,,R01342
XXL,,R01568
XXL,,R01587
XXL,,R01637
XXL,,R01639
XXL,,R01660
XXL,,R01995
XXL,,R01997
XXL,,R02005
XXL,,R02015
XXL,,R02094
XXO,,R00256
XXO,,R00436
XXO,,R01058
XXO,,R01089
XXO,,R01090
XXO,,R01296
XXO,,R01342
XXO,,R01568
XXO,,R01587
XXO,,R01637
XXO,,R01639
XXO,,R01660
XXO,,R01995
XXO,,R01997
XXO,,R02005
XXO,,R02015
XXO,,R02094
XXQ,,R00256
XXQ,,R00436
XXQ,,R01058
XXQ,,R01089
XXQ,,R01090
XXQ,,R01296
XXQ,,R01342
XXQ,,R01568
XXQ,,R01587
XXQ,,R01637
XXQ,,R01639
XXQ,,R01660
XXQ,,R01967
XXQ,,R01969
XXQ,,R01971
XXQ,,R01975
XXQ,,R01976
XXQ,,R01995
XXQ,,R01997
XXQ,,R02005
XXQ,,R02015
XXQ,,R02038
XXQ,,R02094
XXR,,R00256
XXR,,R00436
XXR,,R01058
XXR,,R01089
XXR,,R01090
XXR,,R01296
XXR,,R01342
XXR,,R01568
XXR,,R01587
XXR,,R01618
XXR,,R01637
XXR,,R01639
XXR,,R01660
XXR,,R01967
XXR,,R01969
XXR,,R01971
XXR,,R01975
XXR,,R01976
XXR,,R01995
XXR,,R01997
XXR,,R02005
XXR,,R02015
XXR,,R02038
XXR,,R02094
XXU,,R00256
XXU,,R00436
XXU,,R01058
XXU,,R01089
XXU,,R01090
XXU,,R01296
XXU,,R01342
XXU,,R01568
XXU,,R01587
XXU,,R01637
XXU,,R01639
XXU,,R01660
XXU,,R01967
XXU,,R01969
XXU,,R01971
XXU,,R01975
XXU,,R01976
XXU,,R01995
XXU,,R01997
XXU,,R02005
XXU,,R02015
XXU,,R02038
XXU,,R02094
XXW,,R00177
XXW,,R00403
XXW,,R00905
XXW,,R00979
XXW,,R01432
XXW,,R01690
XXX,,R01058
XXX,,R01089
XXX,,R01296
XXX,,R01342
XXY,,R00256
XXY,,R00436
XXY,,R01058
XXY,,R01089
XXY,,R01090
XXY,,R01296
XXY,,R01342
XXY,,R01568
XXY,,R01587
XXY,,R01618
XXY,,R01637
XXY,,R01639
XXY,,R01660
XXY,,R01967
XXY,,R01969
XXY,,R01971
XXY,,R01975
XXY,,R01976
XXY,,R01995
XXY,,R01997
XXY,,R02005
XXY,,R02015
XXY,,R02038
XXY,,R02094
XYA,,R01335
XYE,,R00029
XYE,,R00063
XYE,,R00073
XYE,,R00156
XYE,,R00187
XYE,,R00203
XYE,,R00220
XYE,,R00304
XYE,,R00336
XYE,,R00379
XYE,,R00484
XYE,,R00620
XYE,,R00749
XYE,,R00792
XYE,,R00846
XYE,,R00954
XYE,,R01268
XYE,,R01312
XYE,,R01357
XYE,,R01470
XYE,,R01472
XYE,,R01932
XYE,,R01982
XYE,,R01983
XYJ,,R00056
XYJ,,R00102
XYJ,,R00114
XYJ,,R00311
XYJ,,R00581
XYJ,,R00647
XYJ,,R00704
XYJ,,R00825
XYJ,,R00939
XYJ,,R01054
XYJ,,R01077
XYJ,,R01198
XYJ,,R01247
XYJ,,R01251
XYJ,,R01256
XYJ,,R01259
XYJ,,R01281
XYJ,,R01432
XYJ,,R01599
XYJ,,R01690
XYJ,,R01691
XYJ,,R01697
XYJ,,R01905
XYJ,,R02088
YAE,Yate,R00028
YAE,Yate,R00055
YAE,Yate,R00085
YAE,Yate,R00089
YAE,Yate,R00283
YAE,Yate,R00321
YAE,Yate,R00354
YAE,Yate,R00369
YAE,Yate,R00372
YAE,Yate,R00379
YAE,Yate,R00455
YAE,Yate,R00465
YAE,Yate,R00468
YAE,Yate,R00582
YAE,Yate,R00690
YAE,Yate,R00720
YAE,Yate,R00935
YAE,Yate,R00975
YAE,Yate,R00977
YAE,Yate,R01222
YAE,Yate,R01319
YAE,Yate,R01334
YAE,Yate,R01478
YAE,Yate,R01744
YAE,Yate,R01750
YAL,Yalding,R00188
YAL,Yalding,R00731
YAL,Yalding,R00733
YAL,Yalding,R00734
YAT,Yatton,R00034
YAT,Yatton,R00042
YAT,Yatton,R00070
YAT,Yatton,R00371
YAT,Yatton,R00372
YAT,Yatton,R00401
YAT,Yatton,R00430
YAT,Yatton,R00918
YAT,Yatton,R01217
YAT,Yatton,R01246
YAT,Yatton,R01329
YAT,Yatton,R01332
YAT,Yatton,R01334
YAT,Yatton,R01376
YAT,Yatton,R01443
YAT,Yatton,R01467
YAT,Yatton,R01996
YEO,Yeoford,R00259
YEO,Yeoford,R00264
YEO,Yeoford,R00325
YEO,Yeoford,R00338
YEO,Yeoford,R00371
YEO,Yeoford,R00388
YEO,Yeoford,R00604
YEO,Yeoford,R00606
YEO,Yeoford,R00607
YEO,Yeoford,R00609
YEO,Yeoford,R00612
YEO,Yeoford,R00744
YET,Yetminster,R00348
YET,Yetminster,R01319
YET,Yetminster,R01446
YET,Yetminster,R01478
YET,Yetminster,R01662
YMH,,R00081
YMH,,R00086
YNW,Ynyswen,R00594
YNW,Ynyswen,R01206
YOK,Yoker,R00106
YOK,Yoker,R00179
YOK,Yoker,R00287
YOK,Yoker,R00289
YOK,Yoker,R00375
YOK,Yoker,R00378
YOK,Yoker,R00858
YOK,Yoker,R01021
YOK,Yoker,R01136
YOK,Yoker,R01137
YOK,Yoker,R01155
YOK,Yoker,R01173
YOK,Yoker,R01297
YOK,Yoker,R01579
YOK,Yoker,R01808
YRD,Yardley Wood,R00115
YRD,Yardley Wood,R00768
YRD,Yardley Wood,R00770
YRD,Yardley Wood,R00773
YRD,Yardley Wood,R00775
YRD,Yardley Wood,R00776
YRD,Yardley Wood,R00788
YRD,Yardley Wood,R00883
YRD,Yardley Wood,R00892
YRK,York,R00027
YRK,York,R00063
YRK,York,R00066
YRK,York,R00073
YRK,York,R00082
YRK,York,R00094
YRK,York,R00111
YRK,York,R00119
YRK,York,R00121
YRK,York,R00138
YRK,York,R00300
YRK,York,R00307
YRK,York,R00312
YRK,York,R00316
YRK,York,R00317
YRK,York,R00321
YRK,York,R00326
YRK,York,R00341
YRK,York,R00344
YRK,York,R00354
YRK,York,R00358
YRK,York,R00360
YRK,York,R00404
YRK,York,R00409
YRK,York,R00449
YRK,York,R00450
YRK,York,R00453
YRK,York,R00455
YRK,York,R00456
YRK,York,R00460
YRK,York,R00462
YRK,York,R00464
YRK,York,R00465
YRK,York,R00466
YRK,York,R00468
YRK,York,R00470
YRK,York,R00473
YRK,York,R00486
YRK,York,R00496
YRK,York,R00507
YRK,York,R00578
YRK,York,R00582
YRK,York,R00614
YRK,York,R00640
YRK,York,R00647
YRK,York,R00662
YRK,York,R00689
YRK,York,R00690
YRK,York,R00749
YRK,York,R00769
YRK,York,R00780
YRK,York,R00873
YRK,York,R00875
YRK,York,R00935
YRK,York,R00942
YRK,York,R00948
YRK,York,R00949
YRK,York,R00991
YRK,York,R01060
YRK,York,R01061
YRK,York,R01169
YRK,York,R01388
YRK,York,R01398
YRK,York,R01400
YRK,York,R01404
YRK,York,R01411
YRK,York,R01480
YRK,York,R01494
YRK,York,R01612
YRK,York,R01613
YRK,York,R01631
YRK,York,R01635
YRK,York,R01766
YRK,York,R01908
YRK,York,R01909
YRK,York,R01973
YRK,York,R01974
YRK,York,R02009
YRK,York,R02011
YRK,York,R02044
YRK,York,R02045
YRM,Yarm,R00066
YRM,Yarm,R00073
YRM,Yarm,R00409
YRM,Yarm,R00466
YRM,Yarm,R00486
YRM,Yarm,R00578
YRM,Yarm,R00662
YRM,Yarm,R00689
YRM,Yarm,R01908
YRM,Yarm,R01909
YRM,Yarm,R02045
YRT,Yorton,R00077
YRT,Yorton,R00562
YRT,Yorton,R00592
YRT,Yorton,R00916
YRT,Yorton,R01546
YRT,Yorton,R01597
YSM,Ystrad Mynach,R00080
YSM,Ystrad Mynach,R00266
YSM,Ystrad Mynach,R00278
YSM,Ystrad Mynach,R00605
YSM,Ystrad Mynach,R00682
YSM,Ystrad Mynach,R00709
YSM,Ystrad Mynach,R00728
YSM,Ystrad Mynach,R00840
YSR,Ystrad Rhondda,R00594
YSR,Ystrad Rhondda,R01206
YST,,R00234
YST,,R00244
YST,,R00245
YST,,R00250
YVB,,R01821
YVB,,R01822
YVJ,Yeovil Junction,R00331
YVJ,Yeovil Junction,R00550
YVJ,Yeovil Junction,R00670
YVJ,Yeovil Junction,R00672
YVJ,Yeovil Junction,R00675
YVJ,Yeovil Junction,R00677
YVJ,Yeovil Junction,R00711
YVJ,Yeovil Junction,R00713
YVJ,Yeovil Junction,R00722
YVJ,Yeovil Junction,R00756
YVJ,Yeovil Junction,R00761
YVJ,Yeovil Junction,R01066
YVJ,Yeovil Junction,R01821
YVJ,Yeovil Junction,R01822
YVJ,Yeovil Junction,R01825
YVP,Yeovil Pen Mill,R00331
YVP,Yeovil Pen Mill,R00348
YVP,Yeovil Pen Mill,R00550
YVP,Yeovil Pen Mill,R00675
YVP,Yeovil Pen Mill,R00720
YVP,Yeovil Pen Mill,R00722
YVP,Yeovil Pen Mill,R00756
YVP,Yeovil Pen Mill,R01066
YVP,Yeovil Pen Mill,R01319
YVP,Yeovil Pen Mill,R01446
YVP,Yeovil Pen Mill,R01478
YVP,Yeovil Pen Mill,R01662
YVP,Yeovil Pen Mill,R01821
YVP,Yeovil Pen Mill,R01822
YVP,Yeovil Pen Mill,R01825
ZCW,Canada Water,R00003
ZCW,Canada Water,R00010
ZCW,Canada Water,R00020
ZCW,Canada Water,R00021
ZCW,Canada Water,R00024
ZCW,Canada Water,R00075
ZCW,Canada Water,R00717
ZDE,,R01110
ZDE,,R01341
ZEL,,R00008
ZEL,,R00016
ZEL,,R00224
ZET,,R00567
ZFD,Farringdon,R00002
ZFD,Farringdon,R00076
ZFD,Farringdon,R00079
ZFD,Farringdon,R00092
ZFD,Farringdon,R00097
ZFD,Farringdon,R00188
ZFD,Farringdon,R00217
ZFD,Farringdon,R00271
ZFD,Farringdon,R00398
ZFD,Farringdon,R00416
ZFD,Farringdon,R00660
ZFD,Farringdon,R00727
ZFD,Farringdon,R00762
ZFD,Farringdon,R00968
ZFD,Farringdon,R00970
ZFD,Farringdon,R00971
ZFD,Farringdon,R00972
ZFD,Farringdon,R01171
ZFD,Farringdon,R01180
ZFD,Farringdon,R01187
ZFD,Farringdon,R01239
ZFD,Farringdon,R01241
ZFD,Farringdon,R01257
ZFD,Farringdon,R01262
ZFD,Farringdon,R01264
ZFD,Farringdon,R01272
ZFD,Farringdon,R01283
ZFD,Farringdon,R01600
ZFD,Farringdon,R01628
ZFD,Farringdon,R01736
ZFD,Farringdon,R01737
ZFD,Farringdon,R01739
ZFD,Farringdon,R01755
ZHA,,R01110
ZHS,,R00564
ZHS,,R01110
ZHS,,R01121
ZKB,,R01110
ZKB,,R01339
ZLW,Whitechapel,R00003
ZLW,Whitechapel,R00010
ZLW,Whitechapel,R00020
ZLW,Whitechapel,R00021
ZLW,Whitechapel,R00024
ZLW,Whitechapel,R00075
ZLW,Whitechapel,R00717
ZPU,,R00440
ZPU,,R01760
ZTH,,R00564
ZTH,,R01110
ZTH,,R01121
ZTU,,R00564
ZTU,,R00567
ZTU,,R01110
ZTU,,R01121
ZTU,,R01326
ZTU,,R01339
ZTU,,R01341
ZTU,,R02043
ZUM,,R00564
ZUM,,R00567
ZUM,,R01110
ZUM,,R01121
ZUM,,R01326
ZUM,,R01339
ZUM,,R01341
ZUM,,R02043
