station_id,station_name,crs,latitude,longitude
build_0001,Abbey Wood,ABW,51.490719,0.120343
build_0002,Aber,ABE,51.575363,-3.23089
build_0003,Abercynon,ACY,51.64262,-3.329549
build_0004,Aberdare,ABA,51.715019,-3.44313
build_0005,Aberdeen,ABD,57.143127,-2.097464
build_0006,Aberdour,AUR,56.054646,-3.300575
build_0007,Aberdovey,AVY,52.543934,-4.057118
build_0008,Abererch,ABH,52.898567,-4.37423
build_0009,Abergavenny,AGV,51.81665,-3.009679
build_0010,Abergele & Pensarn,AGL,53.294758,-3.581343
build_0011,Aberystwyth,AYW,52.414017,-4.081946
build_0012,Accrington,ACR,53.753193,-2.370016
build_0013,Achanalt,AAT,57.609921,-4.914243
build_0014,Achnasheen,ACN,57.579205,-5.072421
build_0015,Achnashellach,ACH,57.482697,-5.333001
build_0016,Acklington,ACK,55.307129,-1.651816
build_0017,Acle,ACL,52.634647,1.543981
build_0018,Acocks Green,ACG,52.449291,-1.81898
build_0019,Acton Bridge,ACB,53.265961,-2.602689
build_0020,Acton Central,ACC,51.508717,-0.263601
build_0021,Acton Main Line,AML,51.516865,-0.26762
build_0022,Adderley Park,ADD,52.483505,-1.854184
build_0023,Addiewell,ADW,55.843449,-3.60655
build_0024,Addlestone,ASN,51.372414,-0.48571
build_0025,Adisham,ADM,51.241352,1.199277
build_0026,Adlington (Cheshire),ADC,53.319542,-2.133571
build_0027,Adlington (Lancashire),ADL,53.612926,-2.603084
build_0028,Adwick,AWK,53.572994,-1.181465
build_0029,Aigburth,AIG,53.364614,-2.927041
build_0030,Ainsdale,ANS,53.601818,-3.042691
build_0031,Aintree,AIN,53.473995,-2.956687
build_0032,Airbles,AIR,55.782504,-3.994447
build_0033,Airdrie,ADR,55.864029,-3.982952
build_0034,Albany Park,AYP,51.435745,0.126427
build_0035,Albrighton,ALB,52.637917,-2.268913
build_0036,Alderley Edge,ALD,53.303762,-2.236812
build_0037,Aldermaston,AMT,51.402047,-1.136972
build_0038,Aldershot,AHT,51.246151,-0.760657
build_0039,Aldrington,AGT,50.836601,-0.182151
build_0040,Alexandra Palace,AAP,51.598225,-0.120129
build_0041,Alexandra Parade,AXP,55.863724,-4.211465
build_0042,Alexandria,ALX,55.98513,-4.577534
build_0043,Alfreton,ALF,53.100414,-1.369689
build_0044,Allens West,ALW,54.524128,-1.363418
build_0045,Alloa,ALO,56.1179,-3.7872
build_0046,Alness,ASS,57.694477,-4.249743
build_0047,Alnmouth,ALM,55.392456,-1.636858
build_0048,Alresford,ALR,51.853828,0.997114
build_0049,Alsager,ASG,53.093054,-2.29861
build_0050,Althorne,ALN,51.647526,0.753603
build_0051,Althorpe,ALP,53.585262,-0.732558
build_0052,Altnabreac,ABC,58.388439,-3.705279
build_0053,Alton,AON,51.151947,-0.967658
build_0054,Altrincham,ALT,53.3874,-2.347212
build_0055,Alvechurch,ALV,52.346607,-1.967854
build_0056,Ambergate,AMB,53.060501,-1.4807
build_0057,Amberley,AMY,50.896507,-0.542446
build_0058,Amersham,AMR,51.67439,-0.60613
build_0059,Ammanford,AMF,51.795933,-3.996783
build_0060,Ancaster,ANC,52.987888,-0.535596
build_0061,Anderston,AND,55.859924,-4.271969
build_0062,Andover,ADV,51.212048,-1.493167
build_0063,Anerley,ANZ,51.41163,-0.064348
build_0064,Angmering,ANG,50.816704,-0.489559
build_0065,Annan,ANN,54.98386,-3.262603
build_0066,Anniesland,ANL,55.889553,-4.321684
build_0067,Ansdell & Fairhaven,AFV,53.741558,-2.993077
build_0068,Apperley Bridge,APY,53.84138,-1.703065
build_0069,Appleby,APP,54.58032,-2.486692
build_0070,Appledore (Kent),APD,51.032623,0.816826
build_0071,Appleford,APF,51.639562,-1.242375
build_0072,Appley Bridge,APB,53.579029,-2.718906
build_0073,Apsley,APS,51.732712,-0.463568
build_0074,Arbroath,ARB,56.559628,-2.588928
build_0075,Ardgay,ARD,57.881119,-4.362604
build_0076,Ardlui,AUI,56.302025,-4.721712
build_0077,Ardrossan Harbour,ADS,55.640854,-4.823461
build_0078,Ardrossan South Beach,ASB,55.640495,-4.799593
build_0079,Ardrossan Town,ADN,55.639313,-4.812212
build_0080,Ardwick,ADK,53.47134,-2.213893
build_0081,Argyle Street,AGS,55.855938,-4.244574
build_0082,Arisaig,ARG,56.912617,-5.839141
build_0083,Arlesey,ARL,52.025938,-0.266178
build_0084,Armadale,ARM,55.88639,-3.68504
build_0085,Armathwaite,AWT,54.809611,-2.77209
build_0086,Arnside,ARN,54.202114,-2.827783
build_0087,Arram,ARR,53.884567,-0.426833
build_0088,Arrochar & Tarbet,ART,56.204021,-4.722822
build_0089,Arundel,ARU,50.848003,-0.546796
build_0090,Ascot,ACT,51.406185,-0.675827
build_0091,Ascott-Under-Wychwood,AUW,51.867376,-1.564136
build_0092,Ash,ASH,51.249222,-0.711856
build_0093,Ash Vale,AHV,51.272709,-0.721247
build_0094,Ashburys,ABY,53.471761,-2.194991
build_0095,Ashchurch for Tewkesbury,ASC,51.997158,-2.10921
build_0096,Ashfield,ASF,55.889214,-4.2433
build_0097,Ashford International,AFK,51.14335294,0.875167251
build_0098,Ashford Surrey,AFS,51.436047,-0.469229
build_0099,Ashington,ASL,55.182,-1.573
build_0100,Ashley,ASY,53.355984,-2.341029
build_0101,Ashley Down,ASD,51.4788,-2.5767
build_0102,Ashtead,AHD,51.317822,-0.308126
build_0103,Ashton-Under-Lyne,AHN,53.491264,-2.093415
build_0104,Ashurst Kent,AHS,51.128601,0.152298
build_0105,Ashurst New Forest,ANF,50.888865,-1.525097
build_0106,Ashwell & Morden,AWM,52.030586,-0.10934
build_0107,Askam,ASK,54.189049,-3.204545
build_0108,Aslockton,ALK,52.951351,-0.898541
build_0109,Aspatria,ASP,54.759338,-3.331752
build_0110,Aspley Guise,APG,52.020725,-0.631519
build_0111,Aston,AST,52.505104,-1.871788
build_0112,Atherstone,ATH,52.578949,-1.552808
build_0113,Atherton,ATN,53.528817,-2.478683
build_0114,Attadale,ATT,57.394871,-5.456549
build_0115,Attenborough,ATB,52.906322,-1.231262
build_0116,Attleborough,ATL,52.514214,1.022719
build_0117,Auchinleck,AUK,55.47031,-4.295389
build_0118,Audley End,AUD,52.004398,0.20719
build_0119,Aughton Park,AUG,53.55447,-2.895095
build_0120,Aviemore,AVM,57.18914,-3.828348
build_0121,Avoncliff,AVF,51.339596,-2.281342
build_0122,Avonmouth,AVN,51.500194,-2.699332
build_0123,Axminster,AXM,50.778976,-3.005613
build_0124,Aylesbury,AYS,51.813868,-0.815048
build_0125,Aylesbury Vale Parkway,AVP,51.8327,-0.8623
build_0126,Aylesford,AYL,51.301384,0.465964
build_0127,Aylesham,AYH,51.227185,1.209682
build_0128,Ayr,AYR,55.458248,-4.626878
build_0129,Bache,BAC,53.209312,-2.892386
build_0130,Baglan,BAJ,51.61549,-3.811182
build_0131,Bagshot,BAG,51.364964,-0.688501
build_0132,Baildon,BLD,53.849682,-1.753717
build_0133,Baillieston,BIO,55.844761,-4.11454
build_0134,Balcombe,BAB,51.05624,-0.137881
build_0135,Baldock,BDK,51.993156,-0.188106
build_0136,Balham,BAL,51.443169,-0.152403
build_0137,Balloch Central,BHC,56.002983,-4.583539
build_0138,Balmossie,BSI,56.475548,-2.83764
build_0139,Bamber Bridge,BMB,53.726772,-2.660793
build_0140,Bamford,BAM,53.338985,-1.689078
build_0141,Banavie,BNV,56.84338,-5.095477
build_0142,Banbury,BAN,52.060925,-1.327541
build_0143,Bangor (Gwynedd),BNG,53.222902,-4.135505
build_0144,Bank Hall,BAH,53.437357,-2.987509
build_0145,Banstead,BAD,51.329922,-0.214384
build_0146,Barassie,BSS,55.5611,-4.651181
build_0147,Bardon Mill,BLL,54.974636,-2.349922
build_0148,Bare Lane,BAR,54.074473,-2.835331
build_0149,Bargeddie,BGI,55.851776,-4.071789
build_0150,Bargoed,BGD,51.692268,-3.229717
build_0151,Barking,BKG,51.539982,0.080804
build_0152,Barking Riverside,BGV,51.519108,0.114764
build_0153,Barlaston,BRT,52.942856,-2.168118
build_0154,Barming,BMG,51.284904,0.479428
build_0155,Barmouth,BRM,52.72287,-4.056641
build_0156,Barnehurst,BNH,51.464798,0.160885
build_0157,Barnes,BNS,51.467014,-0.240711
build_0158,Barnes Bridge,BNI,51.471676,-0.252051
build_0159,Barnetby,BTB,53.574219,-0.409679
build_0160,Barnham,BAA,50.831135,-0.639627
build_0161,Barnhill,BNL,55.877895,-4.223463
build_0162,Barnsley,BNY,53.553978,-1.477688
build_0163,Barnstaple,BNP,51.073532,-4.064032
build_0164,Barnt Green,BTG,52.361328,-1.994098
build_0165,Barrhead,BRR,55.804535,-4.396411
build_0166,Barrhill,BRL,55.097031,-4.781834
build_0167,Barrow Haven,BAV,53.697128,-0.391427
build_0168,Barrow Upon Soar,BWS,52.750244,-1.14956
build_0169,Barrow-In-Furness,BIF,54.118879,-3.22614
build_0170,Barry,BRY,51.396729,-3.285023
build_0171,Barry Docks,BYD,51.402393,-3.260749
build_0172,Barry Island,BYI,51.392361,-3.273405
build_0173,Barry Links,BYL,56.493206,-2.745444
build_0174,Barton-On-Humber,BAU,53.688824,-0.443233
build_0175,Basildon,BSO,51.568672,0.457309
build_0176,Basingstoke,BSK,51.26804,-1.086896
build_0177,Bat & Ball,BBL,51.289703,0.194258
build_0178,Bath Spa,BTH,51.378059,-2.356302
build_0179,Bathgate,BHG,55.898678,-3.644019
build_0180,Batley,BTL,53.709129,-1.622734
build_0181,Battersby,BTT,54.457687,-1.092945
build_0182,Battersea Park,BAK,51.477272,-0.148151
build_0183,Battle,BAT,50.91312,0.495169
build_0184,Battlesbridge,BLB,51.624805,0.565826
build_0185,Bayford,BAY,51.758808,-0.096074
build_0186,Beaconsfield,BCF,51.611141,-0.643644
build_0187,Bearley,BER,52.244252,-1.750259
build_0188,Bearsden,BRN,55.917202,-4.332945
build_0189,Bearsted,BSD,51.275589,0.57786
build_0190,Beasdale,BSL,56.899624,-5.763864
build_0191,Beaulieu Park,BPA,51.7574,0.5187
build_0192,Beaulieu Road,BEU,50.854206,-1.505586
build_0193,Beauly,BEL,57.478,-4.4698
build_0194,Bebington,BEB,53.357651,-3.003659
build_0195,Beccles,BCC,52.458481,1.569547
build_0196,Beckenham Hill,BEC,51.424767,-0.016497
build_0197,Beckenham Junction,BKJ,51.411446,-0.027144
build_0198,Bedford,BDM,52.136175,-0.47945
build_0199,Bedford St Johns,BSJ,52.129299,-0.467348
build_0200,Bedhampton,BDH,50.853638,-0.996989
build_0201,Bedlington,BEJ,55.140419,-1.56863
build_0202,Bedminster,BMT,51.440037,-2.594184
build_0203,Bedworth,BEH,52.479133,-1.46749
build_0204,Bedwyn,BDW,51.379715,-1.599077
build_0205,Beeston,BEE,52.920551,-1.207211
build_0206,Bekesbourne,BKS,51.261051,1.136125
build_0207,Belle Vue,BLV,53.462181,-2.180809
build_0208,Bellgrove,BLG,55.857182,-4.22547
build_0209,Bellingham,BGM,51.433826,-0.020421
build_0210,Bellshill,BLH,55.816605,-4.025222
build_0211,Belmont,BLM,51.344086,-0.199471
build_0212,Belper,BLP,53.024555,-1.482622
build_0213,Beltring,BEG,51.204651,0.403518
build_0214,Belvedere,BVD,51.491936,0.152088
build_0215,Bempton,BEM,54.128296,-0.180389
build_0216,Ben Rhydding,BEY,53.926167,-1.797429
build_0217,Benfleet,BEF,51.543964,0.561273
build_0218,Bentham,BEN,54.115791,-2.510918
build_0219,Bentley (Hampshire),BTY,51.180695,-0.868287
build_0220,Bentley (South Yorkshire),BYK,53.542865,-1.148788
build_0221,Bere Alston,BAS,50.485535,-4.200418
build_0222,Bere Ferrers,BFE,50.450798,-4.181901
build_0223,Berkhamsted,BKM,51.763638,-0.562498
build_0224,Berkswell,BKW,52.395851,-1.642845
build_0225,Bermuda Park,BEP,52.5029,-1.4726
build_0226,Berney Arms,BYA,52.589745,1.63043
build_0227,Berry Brow,BBW,53.622368,-1.797371
build_0228,Berrylands,BRS,51.39838,-0.282157
build_0229,Berwick (Sussex),BRK,50.840569,0.164587
build_0230,Berwick-Upon-Tweed,BWK,55.774872,-2.01112
build_0231,Bescar Lane,BES,53.623531,-2.914703
build_0232,Bescot Stadium,BSC,52.562702,-1.991116
build_0233,Betchworth,BTO,51.247993,-0.26771
build_0234,Bethnal Green,BET,51.524406,-0.059747
build_0235,Betws-Y-Coed,BYC,53.092056,-3.80091
build_0236,Beverley,BEV,53.842281,-0.423855
build_0237,Bexhill,BEX,50.840679,0.475678
build_0238,Bexley,BXY,51.440742,0.148248
build_0239,Bexleyheath,BXH,51.463493,0.133471
build_0240,Bicester North,BCS,51.903401,-1.150517
build_0241,Bicester Village,BIT,51.893429,-1.148393
build_0242,Bickley,BKL,51.40033,0.044272
build_0243,Bidston,BID,53.40913,-3.078589
build_0244,Biggleswade,BIW,52.085068,-0.260294
build_0245,Bilbrook,BBK,52.623695,-2.186101
build_0246,Billericay,BIC,51.628834,0.418656
build_0247,Billingham,BIL,54.606327,-1.278525
build_0248,Billingshurst,BIG,51.014938,-0.450348
build_0249,Bingham,BIN,52.954536,-0.952044
build_0250,Bingley,BIY,53.84803,-1.837327
build_0251,Birchgrove,BCG,51.521687,-3.203502
build_0252,Birchington-On-Sea,BCH,51.377956,1.300781
build_0253,Birchwood,BWD,53.41193,-2.52802
build_0254,Birkbeck,BIK,51.403847,-0.056218
build_0255,Birkdale,BDL,53.633514,-3.014742
build_0256,Birkenhead Central,BKC,53.388244,-3.020897
build_0257,Birkenhead Hamilton Square,BKQ,53.39469,-3.01365
build_0258,Birkenhead North,BKN,53.404819,-3.057425
build_0259,Birkenhead Park,BKP,53.397417,-3.03927
build_0260,Birmingham International,BHI,52.450673,-1.725149
build_0261,Birmingham Moor Street,BMO,52.479053,-1.892483
build_0262,Birmingham New Street,BHM,52.478153,-1.898375
build_0263,Birmingham Snow Hill,BSW,52.483555,-1.899833
build_0264,Bishop Auckland,BIA,54.657482,-1.677545
build_0265,Bishopbriggs,BBG,55.903927,-4.224958
build_0266,Bishops Stortford,BIS,51.866692,0.16557
build_0267,Bishopstone (Sussex),BIP,50.78,0.0824
build_0268,Bishopton,BPT,55.902206,-4.501637
build_0269,Bitterne,BTE,50.918343,-1.378279
build_0270,Blackburn,BBN,53.746513,-2.479135
build_0271,Blackheath,BKH,51.465706,0.008317
build_0272,Blackhorse Road,BHO,51.586143,-0.04123
build_0273,Blackpool North,BPN,53.822772,-3.049908
build_0274,Blackpool Pleasure Beach,BPB,53.788154,-3.053856
build_0275,Blackpool South,BPS,53.798611,-3.049081
build_0276,Blackridge,BKR,55.88368,-3.75047
build_0277,Blackrod,BLK,53.591522,-2.56954
build_0278,Blackwater,BAW,51.33176,-0.777023
build_0279,Blaenau Ffestiniog,BFF,52.996284,-3.944449
build_0280,Blair Atholl,BLA,56.765614,-3.85025
build_0281,Blairhill,BAI,55.866653,-4.04221
build_0282,Blake Street,BKT,52.605054,-1.844888
build_0283,Blakedown,BKD,52.406147,-2.176365
build_0284,Blantyre,BLT,55.7976,-4.086466
build_0285,Blaydon,BLO,54.965813,-1.712578
build_0286,Bleasby,BSB,53.041649,-0.942469
build_0287,Bletchley,BLY,51.995339,-0.736368
build_0288,Bloxwich,BLX,52.61853,-2.011783
build_0289,Bloxwich North,BWN,52.625637,-2.019173
build_0290,Blundellsands & Crosby,BLN,53.487675,-3.039889
build_0291,Blythe Bridge,BYB,52.968124,-2.066966
build_0292,Bodmin Parkway,BOD,50.445822,-4.663026
build_0293,Bodorgan,BOR,53.204292,-4.418067
build_0294,Bognor Regis,BOG,50.786594,-0.676384
build_0295,Bogston,BGS,55.937267,-4.713676
build_0296,Bolton,BON,53.573983,-2.425661
build_0297,Bolton-On-Dearne,BTD,53.518986,-1.312217
build_0298,Bond Street,BDS,51.514,-0.15
build_0299,Bookham,BKA,51.288334,-0.385224
build_0300,Bootle (Cumbria),BOC,54.290249,-3.394818
build_0301,Bootle New Strand,BNW,53.453357,-2.994676
build_0302,Bootle Oriel Road,BOT,53.446559,-2.995791
build_0303,Bordesley,BBS,52.471844,-1.877771
build_0304,Borough Green & Wrotham,BRG,51.29295,0.306296
build_0305,Borth,BRH,52.491001,-4.050236
build_0306,Bosham,BOH,50.843262,-0.846655
build_0307,Boston,BSN,52.978802,-0.030949
build_0308,Botley,BOE,50.916748,-1.258809
build_0309,Bottesford,BTF,52.944962,-0.796012
build_0310,Bourne End,BNE,51.576538,-0.711287
build_0311,Bournemouth,BMH,50.727478,-1.863955
build_0312,Bournville,BRV,52.426937,-1.926434
build_0313,Bow Brickhill,BWB,52.003475,-0.696154
build_0314,Bow Street,BOW,52.439914,-4.03036
build_0315,Bowes Park,BOP,51.607216,-0.119761
build_0316,Bowling,BWG,55.931129,-4.493879
build_0317,Box Hill & Westhumble,BXW,51.253376,-0.329128
build_0318,Bracknell,BCE,51.413319,-0.751833
build_0319,Bradford Forster Square,BDQ,53.79575,-1.752505
build_0320,Bradford Interchange,BDI,53.791196,-1.749701
build_0321,Bradford-On-Avon,BOA,51.345058,-2.252669
build_0322,Brading,BDN,50.678509,-1.13801
build_0323,Braintree,BTR,51.874989,0.558261
build_0324,Braintree Freeport,BTP,51.869316,0.568258
build_0325,Bramhall,BML,53.359959,-2.162249
build_0326,Bramley (Hants),BMY,51.32988,-1.061265
build_0327,Bramley (West Yorkshire),BLE,53.803532,-1.630985
build_0328,Brampton (Cumbria),BMP,54.932655,-2.703814
build_0329,Brampton (Suffolk),BRP,52.395397,1.543871
build_0330,Branchton,BCN,55.940647,-4.803598
build_0331,Brandon,BND,52.454479,0.624116
build_0332,Branksome,BSM,50.727528,-1.919211
build_0333,Braystones,BYS,54.43956,-3.543406
build_0334,Bredbury,BDY,53.422939,-2.109823
build_0335,Breich,BRC,55.827351,-3.668147
build_0336,Brent Cross West,BCZ,51.5687,-0.2269
build_0337,Brentford,BFD,51.487804,-0.309048
build_0338,Brentwood,BRE,51.61322,0.30083
build_0339,Bricket Wood,BWO,51.705223,-0.358846
build_0340,Bridge of Allan,BEA,56.157429,-3.956166
build_0341,Bridge of Orchy,BRO,56.515926,-4.763048
build_0342,Bridgend,BGN,51.506481,-3.576296
build_0343,Bridgeton,BDG,55.849968,-4.226668
build_0344,Bridgwater,BWT,51.128025,-2.99031
build_0345,Bridlington,BDT,54.084545,-0.200659
build_0346,Brierfield,BRF,53.824535,-2.236959
build_0347,Brigg,BGG,53.549137,-0.486094
build_0348,Brighouse,BGH,53.698734,-1.781855
build_0349,Brighton,BTN,50.829659,-0.141234
build_0350,Brimsdown,BMD,51.655224,-0.031022
build_0351,Brinnington,BNT,53.431881,-2.134097
build_0352,Bristol Parkway,BPW,51.514061,-2.53461
build_0353,Bristol Temple Meads,BRI,51.449093,-2.581349
build_0354,Brithdir,BHD,51.710266,-3.228765
build_0355,Briton Ferry,BNF,51.637852,-3.8193
build_0356,Brixton,BRX,51.463245,-0.114164
build_0357,Broad Green,BGE,53.40654,-2.893267
build_0358,Broadbottom,BDB,53.440968,-2.01653
build_0359,Broadstairs,BSR,51.360653,1.43317
build_0360,Brockenhurst,BCU,50.816708,-1.574112
build_0361,Brockholes,BHS,53.597149,-1.770299
build_0362,Brockley,BCY,51.464684,-0.037797
build_0363,Brockley Whins,BNR,54.958672,-1.462749
build_0364,Bromborough,BOM,53.322146,-2.987058
build_0365,Bromborough Rake,BMR,53.329899,-2.989644
build_0366,Bromley Cross,BMC,53.613743,-2.409614
build_0367,Bromley North,BMN,51.408894,0.017325
build_0368,Bromley South,BMS,51.399887,0.018374
build_0369,Bromsgrove,BMV,52.322662,-2.048379
build_0370,Brondesbury,BSY,51.545574,-0.203063
build_0371,Brondesbury Park,BSP,51.540896,-0.209955
build_0372,Brookmans Park,BPK,51.720955,-0.204811
build_0373,Brookwood,BKO,51.303215,-0.635753
build_0374,Broome,BME,52.422745,-2.88524
build_0375,Broomfleet,BMF,53.740131,-0.673328
build_0376,Brora,BRA,58.012657,-3.853251
build_0377,Brough,BUH,53.726452,-0.578255
build_0378,Broughty Ferry,BYF,56.467213,-2.873153
build_0379,Broxbourne,BXB,51.745712,-0.011157
build_0380,Bruce Grove,BCV,51.592918,-0.06982
build_0381,Brundall,BDA,52.619747,1.439316
build_0382,Brundall Gardens,BGA,52.623035,1.418896
build_0383,Brunstane,BSU,55.94143,-3.10064
build_0384,Brunswick,BRW,53.382153,-2.975665
build_0385,Bruton,BRU,51.111584,-2.447103
build_0386,Bryn,BYN,53.499893,-2.647233
build_0387,Buckenham,BUC,52.59816,1.47013
build_0388,Buckley,BCK,53.163021,-3.055948
build_0389,Bucknell,BUK,52.357525,-2.948551
build_0390,Buckshaw Parkway,BSV,53.67283,-2.66447
build_0391,Bugle,BGL,50.399979,-4.791736
build_0392,Builth Road,BHR,52.169289,-3.427068
build_0393,Bulwell,BLW,52.999625,-1.196115
build_0394,Bures,BUE,51.97094,0.769021
build_0395,Burgess Hill,BUG,50.953552,-0.127749
build_0396,Burley Park,BUY,53.808743,-1.576277
build_0397,Burley-In-Wharfedale,BUW,53.908112,-1.753363
build_0398,Burnage,BNA,53.421205,-2.215896
build_0399,Burneside,BUD,54.355305,-2.766231
build_0400,Burnham,BNM,51.523538,-0.647335
build_0401,Burnham-On-Crouch,BUU,51.633526,0.813459
build_0402,Burnley Barracks,BUB,53.791237,-2.258014
build_0403,Burnley Central,BNC,53.793776,-2.244644
build_0404,Burnley Manchester Road,BYM,53.784962,-2.248883
build_0405,Burnside,BUI,55.817123,-4.204029
build_0406,Burntisland,BTS,56.057133,-3.233214
build_0407,Burscough Bridge,BCB,53.60519,-2.841758
build_0408,Burscough Junction,BCJ,53.598011,-2.840105
build_0409,Bursledon,BUO,50.882858,-1.304835
build_0410,Burton Joyce,BUJ,52.984047,-1.040698
build_0411,Burton-On-Trent,BUT,52.805798,-1.64246
build_0412,Bury St Edmunds,BSE,52.253727,0.713355
build_0413,Busby,BUS,55.780109,-4.262551
build_0414,Bush Hill Park,BHK,51.642365,-0.06916
build_0415,Bushey,BSH,51.644669,-0.384806
build_0416,Butlers Lane,BUL,52.592376,-1.838163
build_0417,Buxted,BXD,50.990475,0.131651
build_0418,Buxton,BUX,53.26058,-1.913086
build_0419,Byfleet & New Haw,BFN,51.349869,-0.480714
build_0420,Bynea,BYE,51.67276,-4.098396
build_0421,Cadoxton,CAD,51.412422,-3.248087
build_0422,Caergwrle,CGW,53.107922,-3.033069
build_0423,Caerphilly,CPH,51.571903,-3.217805
build_0424,Caersws,CWS,52.516262,-3.43387
build_0425,Caldercruix,CAC,55.88791,-3.88978
build_0426,Caldicot,CDT,51.58474,-2.760598
build_0427,Caledonian Road & Barnsbury,CIR,51.543301,-0.115177
build_0428,Calstock,CSK,50.497487,-4.208665
build_0429,Cam & Dursley,CDU,51.71701,-2.366194
build_0430,Camberley,CAM,51.335911,-0.745328
build_0431,Camborne,CBN,50.210392,-5.297921
build_0432,Cambridge,CBG,52.194519,0.137584
build_0433,Cambridge Heath,CBH,51.53157,-0.057997
build_0434,Cambridge North,CMB,52.223333,0.157778
build_0435,Cambuslang,CBL,55.819458,-4.173839
build_0436,Camden Road,CMD,51.541889,-0.139764
build_0437,Camelon,CMO,56.006775,-3.817015
build_0438,Cameron Bridge,CBX,56.189693,-3.046855
build_0439,Canada Water,ZCW,51.49823,-0.05076
build_0440,Canary Wharf,CWX,51.5061,-0.01578
build_0441,Canley,CNL,52.399418,-1.547232
build_0442,Cannock,CAO,52.686768,-2.022158
build_0443,Canonbury,CNN,51.548747,-0.091614
build_0444,Canterbury East,CBE,51.275261,1.075434
build_0445,Canterbury West,CBW,51.284279,1.074608
build_0446,Cantley,CNY,52.578907,1.512899
build_0447,Capenhurst,CPU,53.260155,-2.942908
build_0448,Carbis Bay,CBB,50.19746,-5.463815
build_0449,Cardenden,CDD,56.141308,-3.261651
build_0450,Cardiff Bay,CDB,51.466324,-3.166049
build_0451,Cardiff Central,CDF,51.475193,-3.177794
build_0452,Cardiff Queen Street,CDQ,51.482464,-3.170782
build_0453,Cardonald,CDO,55.853252,-4.340297
build_0454,Cardross,CDR,55.960163,-4.652782
build_0455,Carfin,CRF,55.806938,-3.956112
build_0456,Cark,CAK,54.177513,-2.972746
build_0457,Carlisle,CAR,54.890675,-2.933833
build_0458,Carlton,CTO,52.964573,-1.078357
build_0459,Carluke,CLU,55.730408,-3.848761
build_0460,Carmarthen,CMN,51.853233,-4.305732
build_0461,Carmyle,CML,55.834053,-4.161873
build_0462,Carnforth,CNF,54.129688,-2.771244
build_0463,Carnoustie,CAN,56.500618,-2.7066
build_0464,Carntyne,CAY,55.854412,-4.17898
build_0465,Carpenders Park,CPK,51.627885,-0.385578
build_0466,Carrbridge,CAG,57.279873,-3.829541
build_0467,Carshalton,CSH,51.367859,-0.16693
build_0468,Carshalton Beeches,CSB,51.357117,-0.17023
build_0469,Carstairs,CRS,55.69075,-3.668696
build_0470,Cartsdyke,CDY,55.942261,-4.731633
build_0471,Castle Bar Park,CBP,51.522865,-0.331575
build_0472,Castle Cary,CLC,51.099583,-2.522683
build_0473,Castleford,CFD,53.724171,-1.355852
build_0474,Castleton,CAS,53.591804,-2.178125
build_0475,Castleton Moor,CSM,54.467297,-0.947707
build_0476,Caterham,CAT,51.282803,-0.078539
build_0477,Catford,CTF,51.444706,-0.025701
build_0478,Catford Bridge,CFB,51.444725,-0.027142
build_0479,Cathays,CYS,51.488678,-3.178149
build_0480,Cathcart,CCT,55.817879,-4.261552
build_0481,Cattal,CTL,53.997515,-1.319808
build_0482,Causeland,CAU,50.405525,-4.466937
build_0483,Cefn-Y-Bedd,CYB,53.098511,-3.031972
build_0484,Chadwell Heath,CTH,51.567905,0.128263
build_0485,Chafford Hundred,CFH,51.502792,0.290938
build_0486,Chalfont & Latimer,CFO,51.66835,-0.560646
build_0487,Chalkwell,CHW,51.53883,0.6706
build_0488,Chandlers Ford,CFR,50.983,-1.3845
build_0489,Chapel-En-Le-Frith,CEF,53.312405,-1.918915
build_0490,Chapeltown,CLN,53.464046,-1.466743
build_0491,Chapleton,CPN,51.01577,-4.024398
build_0492,Chappel & Wakes Colne,CWC,51.925312,0.758944
build_0493,Charing,CHG,51.208649,0.790337
build_0494,Charing Cross (Glasgow),CHC,55.865345,-4.270689
build_0495,Charlbury,CBY,51.872929,-1.490133
build_0496,Charlton,CTN,51.486904,0.030852
build_0497,Chartham,CRT,51.256958,1.018303
build_0498,Chassen Road,CSR,53.44605,-2.368171
build_0499,Chatelherault,CTE,55.76521,-4.00466
build_0500,Chatham,CTM,51.381161,0.520559
build_0501,Chathill,CHT,55.536404,-1.706846
build_0502,Cheadle Hulme,CHU,53.375956,-2.188125
build_0503,Cheam,CHE,51.35601,-0.2148
build_0504,Cheddington,CED,51.857908,-0.662168
build_0505,Chelford,CEL,53.270744,-2.280375
build_0506,Chelmsford,CHM,51.736595,0.469316
build_0507,Chelsfield,CLD,51.35603,0.108373
build_0508,Cheltenham Spa,CNM,51.896465,-2.100245
build_0509,Chepstow,CPW,51.640137,-2.67193
build_0510,Cherry Tree,CYT,53.732868,-2.518401
build_0511,Chertsey,CHY,51.387108,-0.509667
build_0512,Cheshunt,CHN,51.702747,-0.023171
build_0513,Chessington North,CSN,51.364483,-0.300661
build_0514,Chessington South,CSS,51.356491,-0.308144
build_0515,Chester,CTR,53.196815,-2.880152
build_0516,Chester Road,CRD,52.535575,-1.832582
build_0517,Chester-Le-Street,CLS,54.854885,-1.577847
build_0518,Chesterfield,CHD,53.238209,-1.42011
build_0519,Chestfield & Swalecliffe,CSW,51.360004,1.068182
build_0520,Chetnole,CNO,50.866428,-2.574072
build_0521,Chichester,CCH,50.831821,-0.783032
build_0522,Chilham,CIL,51.244549,0.975937
build_0523,Chilworth,CHL,51.21553,-0.523795
build_0524,Chingford,CHI,51.63385,0.009955
build_0525,Chinley,CLY,53.340275,-1.9444
build_0526,Chippenham,CPM,51.462162,-2.115123
build_0527,Chipstead,CHP,51.309444,-0.169259
build_0528,Chirk,CRK,52.932793,-3.066708
build_0529,Chislehurst,CIT,51.405506,0.057437
build_0530,Chiswick,CHK,51.4809,-0.267538
build_0531,Cholsey,CHO,51.570135,-1.157942
build_0532,Chorley,CRL,53.652428,-2.626693
build_0533,Chorleywood,CLW,51.654188,-0.51846
build_0534,Christchurch,CHR,50.738148,-1.784566
build_0535,Christs Hospital,CHH,51.050629,-0.363538
build_0536,Church & Oswaldtwistle,CTW,53.750431,-2.391216
build_0537,Church Fenton,CHF,53.827671,-1.226652
build_0538,Church Stretton,CTT,52.536606,-2.803485
build_0539,Cilmeri,CIM,52.150936,-3.45719
build_0540,City Thameslink,CTK,51.514336,-0.103412
build_0541,Clacton-On-Sea,CLT,51.793953,1.154134
build_0542,Clandon,CLA,51.263832,-0.503622
build_0543,Clapham (North Yorkshire),CPY,54.105392,-2.409858
build_0544,Clapham High Street,CLP,51.46534,-0.1328
build_0545,Clapham Junction,CLJ,51.464134,-0.170281
build_0546,Clapton,CPT,51.56213,-0.056685
build_0547,Clarbeston Road,CLR,51.852207,-4.88221
build_0548,Clarkston,CKS,55.789753,-4.275865
build_0549,Claverdon,CLV,52.276424,-1.696566
build_0550,Claygate,CLG,51.360664,-0.348207
build_0551,Cleethorpes,CLE,53.56316,-0.029584
build_0552,Cleland,CEA,55.804073,-3.909695
build_0553,Clifton,CLI,53.522503,-2.314811
build_0554,Clifton Down,CFN,51.46423,-2.611761
build_0555,Clitheroe,CLH,53.87345,-2.394365
build_0556,Clock House,CLK,51.408096,-0.041668
build_0557,Clunderwen,CUW,51.8405,-4.731915
build_0558,Clydebank,CYK,55.900562,-4.403927
build_0559,Coatbridge Central,CBC,55.863213,-4.032443
build_0560,Coatbridge Sunnyside,CBS,55.866886,-4.027847
build_0561,Coatdyke,COA,55.864567,-4.005343
build_0562,Cobham & Stoke Dabernon,CSD,51.318077,-0.389917
build_0563,Codsall,CSL,52.627262,-2.200891
build_0564,Cogan,CGN,51.445396,-3.189974
build_0565,Colchester,COL,51.900478,0.894085
build_0566,Colchester Town,CET,51.886505,0.904055
build_0567,Coleshill Parkway,CEH,52.5164,-1.7081
build_0568,Collingham,CLM,53.144047,-0.748588
build_0569,Collington,CLL,50.839272,0.457142
build_0570,Colne,CNE,53.85478,-2.181087
build_0571,Colwall,CWL,52.080284,-2.357489
build_0572,Colwyn Bay,CWB,53.296349,-3.725462
build_0573,Combe,CME,51.832277,-1.392817
build_0574,Commondale,COM,54.481018,-0.97514
build_0575,Congleton,CNG,53.157637,-2.192754
build_0576,Conisbrough,CNS,53.48885,-1.234333
build_0577,Connel Ferry,CON,56.451981,-5.384973
build_0578,Conon Bridge,CBD,57.5617,-4.4404
build_0579,Cononley,CEY,53.917351,-2.010631
build_0580,Conway Park,CNP,53.386219,-3.026886
build_0581,Conwy,CNW,53.280093,-3.83046
build_0582,Cooden Beach,COB,50.83271,0.426969
build_0583,Cookham,COO,51.556873,-0.721948
build_0584,Cooksbridge,CBR,50.903938,-0.010272
build_0585,Coombe,COE,50.44479,-4.481655
build_0586,Copplestone,COP,50.814228,-3.751624
build_0587,Corbridge,CRB,54.966152,-2.017141
build_0588,Corby,COR,52.489196,-0.687944
build_0589,Corkerhill,CKH,55.836494,-4.323322
build_0590,Corkickle,CKL,54.541657,-3.582155
build_0591,Corpach,CPA,56.842724,-5.121662
build_0592,Corrour,CRR,56.760181,-4.690966
build_0593,Coryton,COY,51.520512,-3.230858
build_0594,Coseley,CSY,52.545738,-2.086051
build_0595,Cosford,COS,52.645031,-2.301479
build_0596,Cosham,CSA,50.841644,-1.068259
build_0597,Cottingham,CGM,53.781826,-0.406402
build_0598,Cottingley,COT,53.767437,-1.588832
build_0599,Coulsdon South,CDS,51.315231,-0.13746
build_0600,Coulsdon Town,CDN,51.32243,-0.13429
build_0601,Coventry,COV,52.400787,-1.513466
build_0602,Coventry Arena,CAA,52.447032,-1.494559
build_0603,Cowden,CWN,51.155441,0.110653
build_0604,Cowdenbeath,COW,56.111679,-3.344314
build_0605,Cradley Heath,CRA,52.469177,-2.08976
build_0606,Craigendoran,CGD,55.99485,-4.711291
build_0607,Cramlington,CRM,55.088604,-1.598887
build_0608,Cranbrook (Devon),CBK,50.7501,-3.4206
build_0609,Craven Arms,CRV,52.441975,-2.837077
build_0610,Crawley,CRW,51.111874,-0.187083
build_0611,Crayford,CRY,51.448273,0.178826
build_0612,Crediton,CDI,50.783375,-3.646912
build_0613,Cressing,CES,51.852028,0.580186
build_0614,Cressington,CSG,53.3588,-2.91172
build_0615,Creswell,CWD,53.264008,-1.215865
build_0616,Crewe,CRE,53.089607,-2.432987
build_0617,Crewkerne,CKN,50.873337,-2.778815
build_0618,Crews Hill,CWH,51.684334,-0.106441
build_0619,Crianlarich,CNR,56.389652,-4.617778
build_0620,Criccieth,CCC,52.918312,-4.236972
build_0621,Cricklewood,CRI,51.559227,-0.214071
build_0622,Croftfoot,CFF,55.818455,-4.229643
build_0623,Crofton Park,CFT,51.454777,-0.03678
build_0624,Cromer,CMR,52.930595,1.292778
build_0625,Cromford,CMF,53.112915,-1.548788
build_0626,Crookston,CKT,55.84388,-4.36049
build_0627,Cross Gates,CRG,53.804638,-1.451798
build_0628,Crossflatts,CFL,53.858829,-1.844886
build_0629,Crosshill,COI,55.833225,-4.257648
build_0630,Crosskeys,CKY,51.621,-3.1261
build_0631,Crossmyloof,CMY,55.833626,-4.284813
build_0632,Croston,CSO,53.66756,-2.777717
build_0633,Crouch Hill,CRH,51.571205,-0.116907
build_0634,Crowborough,COH,51.046085,0.188422
build_0635,Crowhurst,CWU,50.888702,0.500984
build_0636,Crowle,CWE,53.589725,-0.817042
build_0637,Crowthorne,CRN,51.366356,-0.819194
build_0638,Croy,CRO,55.955734,-4.035697
build_0639,Crystal Palace,CYP,51.417603,-0.072899
build_0640,Cuddington,CUD,53.23991,-2.599329
build_0641,Cuffley,CUF,51.708675,-0.109761
build_0642,Culham,CUM,51.653773,-1.236445
build_0643,Culrain,CUA,57.919842,-4.405676
build_0644,Cumbernauld,CUB,55.941326,-3.982089
build_0645,Cupar,CUP,56.317043,-3.008772
build_0646,Curriehill,CUH,55.901703,-3.317849
build_0647,Custom House,CUS,51.509639,0.025894
build_0648,Cuxton,CUX,51.374298,0.462693
build_0649,Cwmbach,CMH,51.701885,-3.413774
build_0650,Cwmbran,CWM,51.656544,-3.016233
build_0651,Cynghordy,CYN,52.051689,-3.747095
build_0652,Dagenham Dock,DDK,51.526237,0.14505
build_0653,Daisy Hill,DSY,53.539389,-2.516212
build_0654,Dalgety Bay,DAG,56.044178,-3.354809
build_0655,Dalmally,DAL,56.400272,-4.9832
build_0656,Dalmarnock,DAK,55.839371,-4.21647
build_0657,Dalmeny,DAM,55.986362,-3.381645
build_0658,Dalmuir,DMR,55.911793,-4.427038
build_0659,Dalreoch,DLR,55.947365,-4.578226
build_0660,Dalry,DLY,55.705395,-4.711899
build_0661,Dalston (Cumbria),DLS,54.846203,-2.988866
build_0662,Dalston Junction,DLJ,51.546139,-0.07544
build_0663,Dalston Kingsland,DLK,51.548035,-0.074594
build_0664,Dalton,DLT,54.15424,-3.179031
build_0665,Dalwhinnie,DLW,56.934334,-4.246498
build_0666,Danby,DNY,54.466068,-0.910704
build_0667,Danescourt,DCT,51.505199,-3.23332
build_0668,Danzey,DZY,52.324329,-1.819493
build_0669,Darlaston,DAS,52.57638,-2.01953
build_0670,Darlington,DAR,54.520462,-1.54732
build_0671,Darnall,DAN,53.381084,-1.410661
build_0672,Darsham,DSM,52.272812,1.522343
build_0673,Dartford,DFD,51.447548,0.217643
build_0674,Darton,DRT,53.58836,-1.531646
build_0675,Darwen,DWN,53.69804,-2.464958
build_0676,Datchet,DAT,51.483303,-0.579978
build_0677,Davenport,DVN,53.390719,-2.153234
build_0678,Dawlish,DWL,50.580692,-3.464583
build_0679,Dawlish Warren,DWW,50.599311,-3.443903
build_0680,Deal,DEA,51.223129,1.398559
build_0681,Dean,DEN,51.042629,-1.634802
build_0682,Deansgate,DGT,53.473961,-2.250061
build_0683,Deganwy,DGY,53.294739,-3.833424
build_0684,Deighton,DHN,53.669018,-1.751739
build_0685,Delamere,DLM,53.228767,-2.666577
build_0686,Denby Dale,DBD,53.572628,-1.663215
build_0687,Denham,DNM,51.578495,-0.497633
build_0688,Denham Golf Club,DGC,51.580544,-0.517774
build_0689,Denmark Hill,DMK,51.468243,-0.089475
build_0690,Dent,DNT,54.282597,-2.363987
build_0691,Denton,DTN,53.457087,-2.131648
build_0692,Deptford,DEP,51.478897,-0.02711
build_0693,Derby,DBY,52.916381,-1.462555
build_0694,Derby Road,DBR,52.04953,1.182332
build_0695,Devonport,DPT,50.378132,-4.171534
build_0696,Dewsbury,DEW,53.692089,-1.633487
build_0697,Didcot Parkway,DID,51.611275,-1.242614
build_0698,Digby & Sowton,DIG,50.716434,-3.474574
build_0699,Dilton Marsh,DMH,51.248928,-2.207723
build_0700,Dinas Powys,DNS,51.431614,-3.21839
build_0701,Dinas Rhondda,DMG,51.617073,-3.437123
build_0702,Dingle Road,DGL,51.440109,-3.179776
build_0703,Dingwall,DIN,57.594238,-4.422611
build_0704,Dinsdale,DND,54.51474,-1.467051
build_0705,Dinting,DTG,53.449382,-1.970276
build_0706,Disley,DSL,53.358146,-2.042465
build_0707,Diss,DIS,52.373096,1.123274
build_0708,Dockyard,DOC,50.382553,-4.175957
build_0709,Dodworth,DOD,53.545216,-1.530617
build_0710,Dolau,DOL,52.295223,-3.263955
build_0711,Doleham,DLH,50.918686,0.610732
build_0712,Dolgarrog,DLG,53.186123,-3.822808
build_0713,Dolwyddelan,DWD,53.052105,-3.884288
build_0714,Doncaster,DON,53.521469,-1.140225
build_0715,Dorchester South,DCH,50.708752,-2.437593
build_0716,Dorchester West,DCW,50.710526,-2.443274
build_0717,Dore & Totley,DOR,53.327625,-1.514997
build_0718,Dorking,DKG,51.241615,-0.323822
build_0719,Dorking Deepdene,DPD,51.238918,-0.323921
build_0720,Dorking West,DKT,51.236443,-0.339762
build_0721,Dormans,DMS,51.15567,-0.005183
build_0722,Dorridge,DDG,52.371861,-1.753209
build_0723,Dove Holes,DVH,53.300005,-1.890678
build_0724,Dover Priory,DVP,51.125988,1.304227
build_0725,Dovercourt,DVC,51.938892,1.280724
build_0726,Dovey Junction,DVY,52.564133,-3.925273
build_0727,Downham Market,DOW,52.60471,0.365751
build_0728,Drayton Green,DRG,51.516326,-0.330089
build_0729,Drayton Park,DYP,51.552124,-0.104723
build_0730,Drem,DRM,56.005981,-2.785752
build_0731,Driffield,DRF,54.001526,-0.434627
build_0732,Drigg,DRI,54.376968,-3.444066
build_0733,Droitwich Spa,DTW,52.26862,-2.158239
build_0734,Dronfield,DRO,53.301357,-1.468768
build_0735,Drumchapel,DMC,55.904926,-4.364204
build_0736,Drumfrochar,DFR,55.941292,-4.774822
build_0737,Drumgelloch,DRU,55.867233,-3.95114
build_0738,Drumry,DMY,55.904495,-4.386583
build_0739,Duddeston,DUD,52.488018,-1.871842
build_0740,Dudley Port,DDP,52.524517,-2.049401
build_0741,Duffield,DFI,52.987713,-1.486035
build_0742,Duirinish,DRN,57.319847,-5.692103
build_0743,Duke Street,DST,55.859207,-4.212814
build_0744,Dullingham,DUL,52.200943,0.366197
build_0745,Dumbarton Central,DBC,55.946705,-4.56697
build_0746,Dumbarton East,DBE,55.942478,-4.55387
build_0747,Dumbreck,DUM,55.841255,-4.309216
build_0748,Dumfries,DMF,55.072395,-3.605261
build_0749,Dumpton Park,DMP,51.345566,1.426291
build_0750,Dunbar,DUN,55.998428,-2.514625
build_0751,Dunblane,DBL,56.186001,-3.967296
build_0752,Duncraig,DCG,57.336727,-5.637282
build_0753,Dundee,DEE,56.456669,-2.970576
build_0754,Dunfermline City,DFE,56.068233,-3.452033
build_0755,Dunfermline Queen Margaret,DFL,56.080706,-3.42164
build_0756,Dunkeld & Birnam,DKD,56.557301,-3.578097
build_0757,Dunlop,DNL,55.711926,-4.532435
build_0758,Dunrobin Castle,DNO,57.986111,-3.946595
build_0759,Dunston,DOT,54.952164,-1.648648
build_0760,Dunton Green,DNG,51.296425,0.171616
build_0761,Durham,DHM,54.779408,-1.581746
build_0762,Durrington-On-Sea,DUR,50.817463,-0.411463
build_0763,Dyce,DYC,57.205002,-2.191978
build_0764,Dyffryn Ardudwy,DYF,52.78857,-4.104242
build_0765,Eaglescliffe,EAG,54.529449,-1.349426
build_0766,Ealing Broadway,EAL,51.51466,-0.300843
build_0767,Earlestown,ERL,53.451139,-2.637674
build_0768,Earley,EAR,51.441051,-0.917989
build_0769,Earlsfield,EAD,51.441929,-0.188423
build_0770,Earlswood (Surrey),ELD,51.227631,-0.171078
build_0771,Earlswood (West Midlands),EWD,52.366638,-1.861907
build_0772,East Boldon,EBL,54.9468,-1.420767
build_0773,East Croydon,ECR,51.375679,-0.093335
build_0774,East Didsbury,EDY,53.410206,-2.22111
build_0775,East Dulwich,EDW,51.460911,-0.081151
build_0776,East Farleigh,EFL,51.255112,0.48498
build_0777,East Garforth,EGF,53.791622,-1.363933
build_0778,East Grinstead,EGR,51.126213,-0.017887
build_0779,East Kilbride,EKL,55.765388,-4.18199
build_0780,East Linton,ELT,55.9856,-2.6579
build_0781,East Malling,EML,51.285748,0.439308
build_0782,East Midlands Parkway,EMD,52.862,-1.263
build_0783,East Tilbury,ETL,51.485065,0.412479
build_0784,East Worthing,EWR,50.822071,-0.354517
build_0785,Eastbourne,EBN,50.769085,0.281847
build_0786,Eastbrook,EBK,51.437126,-3.207031
build_0787,Easterhouse,EST,55.860157,-4.107389
build_0788,Eastham Rake,ERA,53.307532,-2.9812
build_0789,Eastleigh,ESL,50.968559,-1.350563
build_0790,Eastrington,EGN,53.75481,-0.786612
build_0791,Ebbsfleet International,EBD,51.443009,0.320887
build_0792,Ebbw Vale Parkway,EBV,51.7573,-3.1965
build_0793,Ebbw Vale Town,EBB,51.782007,-3.205996
build_0794,Eccles,ECC,53.485443,-2.333014
build_0795,Eccles Road,ECS,52.470585,0.969656
build_0796,Eccleston Park,ECL,53.430665,-2.780555
build_0797,Edale,EDL,53.36477,-1.817395
build_0798,Eden Park,EDN,51.390762,-0.026587
build_0799,Edenbridge,EBR,51.208508,0.060099
build_0800,Edenbridge Town,EBT,51.200287,0.06689
build_0801,Edge Hill,EDG,53.402663,-2.946986
build_0802,Edinburgh Gateway,EGY,55.941,-3.32
build_0803,Edinburgh Park,EDP,55.927615,-3.307829
build_0804,Edinburgh Waverley,EDB,55.952442,-3.188236
build_0805,Edmonton Green,EDR,51.623802,-0.059665
build_0806,Effingham Junction,EFF,51.291504,-0.419536
build_0807,Eggesford,EGG,50.887848,-3.875235
build_0808,Egham,EGH,51.428925,-0.545701
build_0809,Egton,EGT,54.437679,-0.761896
build_0810,Elephant & Castle,EPH,51.494469,-0.098462
build_0811,Elgin,ELG,57.64299,-3.31163
build_0812,Ellesmere Port,ELP,53.282097,-2.895403
build_0813,Elmers End,ELE,51.398335,-0.049263
build_0814,Elmstead Woods,ESD,51.417435,0.043594
build_0815,Elmswell,ESW,52.238201,0.911625
build_0816,Elsecar,ELR,53.498924,-1.428617
build_0817,Elsenham,ESM,51.92038,0.22779
build_0818,Elstree & Borehamwood,ELS,51.652836,-0.279779
build_0819,Eltham,ELW,51.455101,0.0496
build_0820,Elton & Orston,ELO,52.951843,-0.855362
build_0821,Ely,ELY,52.390846,0.266105
build_0822,Emerson Park,EMP,51.56889,0.220658
build_0823,Emsworth,EMS,50.851326,-0.938784
build_0824,Energlyn & Churchill Park,ECP,51.5838,-3.2287
build_0825,Enfield Chase,ENC,51.652607,-0.090404
build_0826,Enfield Lock,ENL,51.671379,-0.028875
build_0827,Enfield Town,ENF,51.651524,-0.078891
build_0828,Entwistle,ENT,53.655591,-2.413983
build_0829,Epsom,EPS,51.334339,-0.268756
build_0830,Epsom Downs,EPD,51.321365,-0.243411
build_0831,Erdington,ERD,52.528435,-1.839297
build_0832,Eridge,ERI,51.089024,0.200452
build_0833,Erith,ERH,51.481621,0.174651
build_0834,Esher,ESH,51.379642,-0.354714
build_0835,Eskbank,EKB,55.88956,-3.07845
build_0836,Essex Road,EXR,51.540302,-0.096552
build_0837,Etchingham,ETC,51.010479,0.441935
build_0838,Euxton Balshaw Lane,EBA,53.670071,-2.675045
build_0839,Evesham,EVE,52.098793,-1.947413
build_0840,Ewell East,EWE,51.345612,-0.24106
build_0841,Ewell West,EWW,51.349445,-0.256711
build_0842,Exeter Central,EXC,50.726471,-3.532973
build_0843,Exeter St Davids,EXD,50.729019,-3.544387
build_0844,Exeter St Thomas,EXT,50.716529,-3.538759
build_0845,Exhibition Centre,EXG,55.860619,-4.283207
build_0846,Exmouth,EXM,50.620937,-3.415035
build_0847,Exton,EXN,50.668255,-3.443337
build_0848,Eynsford,EYN,51.362377,0.203465
build_0849,Fairbourne,FRB,52.696018,-4.049464
build_0850,Fairfield,FRF,53.471215,-2.14581
build_0851,Fairlie,FRL,55.752514,-4.853834
build_0852,Fairwater,FRW,51.491714,-3.232963
build_0853,Falconwood,FCN,51.459087,0.078571
build_0854,Falkirk Grahamston,FKG,56.002735,-3.786359
build_0855,Falkirk High,FKK,55.991863,-3.792276
build_0856,Falls of Cruachan,FOC,56.386242,-5.114992
build_0857,Falmer,FMR,50.862064,-0.087364
build_0858,Falmouth Docks,FAL,50.15075,-5.0559
build_0859,Falmouth Town,FMT,50.148392,-5.065443
build_0860,Fareham,FRM,50.853352,-1.19162
build_0861,Farnborough Main,FNB,51.296471,-0.756436
build_0862,Farnborough North,FNN,51.301723,-0.743385
build_0863,Farncombe,FNC,51.197639,-0.604522
build_0864,Farnham,FNH,51.211422,-0.793093
build_0865,Farningham Road,FNR,51.401337,0.235533
build_0866,Farnworth,FNW,53.549999,-2.387857
build_0867,Farringdon,ZFD,51.520071,-0.104665
build_0868,Fauldhouse,FLD,55.822163,-3.719006
build_0869,Faversham,FAV,51.311436,0.891278
build_0870,Faygate,FGT,51.095943,-0.263403
build_0871,Fazakerley,FAZ,53.469063,-2.936729
build_0872,Fearn,FRN,57.777828,-3.994245
build_0873,Featherstone,FEA,53.679253,-1.359562
build_0874,Felixstowe,FLX,51.967449,1.352707
build_0875,Feltham,FEL,51.447845,-0.40983
build_0876,Feniton,FNT,50.787022,-3.285259
build_0877,Fenny Stratford,FEN,52.000103,-0.716636
build_0878,Fernhill,FER,51.685932,-3.394469
build_0879,Ferriby,FRY,53.716625,-0.508878
build_0880,Ferryside,FYS,51.76833,-4.36952
build_0881,Ffairfach,FFA,51.87244,-3.992916
build_0882,Filey,FIL,54.209946,-0.293351
build_0883,Filton Abbey Wood,FIT,51.509438,-2.561933
build_0884,Finchley Road & Frognal,FNY,51.550198,-0.183324
build_0885,Finsbury Park,FPK,51.564724,-0.105642
build_0886,Finstock,FIN,51.85305,-1.47003
build_0887,Fishbourne,FSB,50.839352,-0.815495
build_0888,Fishersgate,FSG,50.834469,-0.219161
build_0889,Fishguard & Goodwick,FGW,52.0035,-4.9948
build_0890,Fishguard Harbour,FGH,52.011505,-4.985713
build_0891,Fiskerton,FSK,53.060253,-0.912181
build_0892,Fitzwilliam,FZW,53.632587,-1.375391
build_0893,Five Ways,FWY,52.470078,-1.913116
build_0894,Fleet,FLE,51.290947,-0.831169
build_0895,Flimby,FLM,54.689815,-3.520544
build_0896,Flint,FLN,53.249516,-3.13302
build_0897,Flitwick,FLT,52.003457,-0.4952
build_0898,Flixton,FLI,53.443746,-2.383878
build_0899,Flowery Field,FLF,53.461737,-2.080965
build_0900,Folkestone Central,FKC,51.082985,1.168331
build_0901,Folkestone West,FKW,51.085163,1.154209
build_0902,Ford,FOD,50.829506,-0.578611
build_0903,Forest Gate,FOG,51.549976,0.023568
build_0904,Forest Hill,FOH,51.438869,-0.053297
build_0905,Formby,FBY,53.553796,-3.070706
build_0906,Forres,FOR,57.609661,-3.62847
build_0907,Forsinard,FRS,58.356998,-3.896903
build_0908,Fort Matilda,FTM,55.958809,-4.7953
build_0909,Fort William,FTW,56.820625,-5.106721
build_0910,Four Oaks,FOK,52.579662,-1.8273
build_0911,Foxfield,FOX,54.259041,-3.215796
build_0912,Foxton,FXN,52.119526,0.056572
build_0913,Frant,FRT,51.104321,0.294034
build_0914,Fratton,FTN,50.795818,-1.073422
build_0915,Freshfield,FRE,53.566494,-3.072014
build_0916,Freshford,FFD,51.342251,-2.30146
build_0917,Frimley,FML,51.311653,-0.747426
build_0918,Frinton-On-Sea,FRI,51.838314,1.242907
build_0919,Frizinghall,FZH,53.820957,-1.769072
build_0920,Frodsham,FRD,53.295853,-2.723145
build_0921,Frome,FRO,51.227131,-2.309302
build_0922,Fulwell,FLW,51.433525,-0.349893
build_0923,Furness Vale,FNV,53.348385,-1.989445
build_0924,Furze Platt,FZP,51.533082,-0.728467
build_0925,Gainsborough Central,GNB,53.399574,-0.769674
build_0926,Gainsborough Lea Road,GBL,53.386078,-0.768558
build_0927,Galashiels,GAL,55.610426,-2.809693
build_0928,Garelochhead,GCH,56.079449,-4.826544
build_0929,Garforth,GRF,53.796211,-1.382083
build_0930,Gargrave,GGV,53.97842,-2.105171
build_0931,Garrowhill,GAR,55.855286,-4.129497
build_0932,Garscadden,GRS,55.88784,-4.364757
build_0933,Garsdale,GSD,54.32135,-2.325891
build_0934,Garston,GSN,51.686685,-0.381689
build_0935,Garswood,GSW,53.488518,-2.672149
build_0936,Gartcosh,GRH,55.885,-4.078
build_0937,Garth (Mid Glamorgan),GMG,51.596413,-3.641504
build_0938,Garth (Powys),GTH,52.133816,-3.531142
build_0939,Garve,GVE,57.613129,-4.688429
build_0940,Gathurst,GST,53.559399,-2.694418
build_0941,Gatley,GTY,53.394001,-2.230052
build_0942,Gatwick Airport,GTW,51.156425,-0.161022
build_0943,Georgemas Junction,GGJ,58.513721,-3.45212
build_0944,Gerrards Cross,GER,51.588883,-0.555367
build_0945,Gidea Park,GDP,51.581772,0.205411
build_0946,Giffnock,GFN,55.804688,-4.294289
build_0947,Giggleswick,GIG,54.061775,-2.302644
build_0948,Gilberdyke,GBD,53.747955,-0.732223
build_0949,Gilfach Fargoed,GFF,51.684208,-3.226604
build_0950,Gillingham (Dorset),GIL,51.033886,-2.272361
build_0951,Gillingham (Kent),GLM,51.386829,0.549618
build_0952,Gilshochill,GSC,55.897295,-4.28201
build_0953,Gipsy Hill,GIP,51.424984,-0.084096
build_0954,Girvan,GIR,55.246517,-4.848927
build_0955,Glaisdale,GLS,54.439796,-0.794221
build_0956,Glan Conwy,GCW,53.266644,-3.796892
build_0957,Glasgow Central,GLC,55.860157,-4.259208
build_0958,Glasgow Queen Street,GLQ,55.863003,-4.251385
build_0959,Glasshoughton,GLH,53.70884,-1.34247
build_0960,Glazebrook,GLZ,53.428076,-2.461152
build_0961,Gleneagles,GLE,56.274902,-3.7312
build_0962,Glenfinnan,GLF,56.872753,-5.449219
build_0963,Glengarnock,GLG,55.738579,-4.674364
build_0964,Glenrothes with Thornton,GLT,56.162224,-3.143189
build_0965,Glossop,GLO,53.444503,-1.949403
build_0966,Gloucester,GCR,51.864799,-2.238141
build_0967,Glynde,GLY,50.859398,0.06883
build_0968,Gobowen,GOB,52.893501,-3.036019
build_0969,Godalming,GOD,51.186115,-0.619175
build_0970,Godley,GDL,53.448151,-2.049649
build_0971,Godstone,GDN,51.217606,-0.051188
build_0972,Goldthorpe,GOE,53.533379,-1.313488
build_0973,Golf Street,GOF,56.497852,-2.719541
build_0974,Golspie,GOL,57.971092,-3.98806
build_0975,Gomshall,GOM,51.218964,-0.442065
build_0976,Goodmayes,GMY,51.565502,0.112277
build_0977,Goole,GOO,53.704426,-0.872907
build_0978,Goostrey,GTR,53.222634,-2.32628
build_0979,Gordon Hill,GDH,51.66346,-0.094289
build_0980,Gorebridge,GBG,55.836732,-3.046099
build_0981,Goring & Streatley,GOR,51.521428,-1.133051
build_0982,Goring-By-Sea,GBS,50.817753,-0.432751
build_0983,Gorton,GTO,53.468712,-2.167182
build_0984,Gospel Oak,GPO,51.555546,-0.150737
build_0985,Gourock,GRK,55.962788,-4.818021
build_0986,Gowerton,GWN,51.648701,-4.035124
build_0987,Goxhill,GOX,53.676613,-0.337699
build_0988,Grange Park,GPK,51.642811,-0.096599
build_0989,Grange-Over-Sands,GOS,54.195282,-2.902752
build_0990,Grangetown,GTN,51.466984,-3.189097
build_0991,Grantham,GRA,52.906448,-0.642438
build_0992,Grateley,GRT,51.170269,-1.619497
build_0993,Gravelly Hill,GVH,52.514969,-1.852612
build_0994,Gravesend,GRV,51.441029,0.36699
build_0995,Grays,GRY,51.476089,0.322719
build_0996,Great Ayton,GTA,54.4902,-1.113845
build_0997,Great Bentley,GRB,51.85207,1.065258
build_0998,Great Chesterford,GRC,52.060402,0.1939
build_0999,Great Coates,GCT,53.575542,-0.128701
build_1000,Great Malvern,GMV,52.109165,-2.318289
build_1001,Great Missenden,GMN,51.703304,-0.709132
build_1002,Great Yarmouth,GYM,52.612122,1.720949
build_1003,Green Lane,GNL,53.38271,-3.016281
build_1004,Green Road,GNR,54.244748,-3.245602
build_1005,Greenbank,GBK,53.251664,-2.533185
build_1006,Greenfaulds,GRL,55.932064,-3.999232
build_1007,Greenfield,GNF,53.538835,-2.014189
build_1008,Greenford,GFD,51.54235,-0.3463
build_1009,Greenhithe for Bluewater,GNH,51.450855,0.279694
build_1010,Greenock Central,GKC,55.945385,-4.752692
build_1011,Greenock West,GKW,55.94772,-4.768866
build_1012,Greenwich,GNW,51.477779,-0.014198
build_1013,Gretna Green,GEA,55.001934,-3.064608
build_1014,Grimsby Docks,GMD,53.574699,-0.075873
build_1015,Grimsby Town,GMB,53.564091,-0.086922
build_1016,Grindleford,GRN,53.30555,-1.62629
build_1017,Grosmont,GMT,54.436394,-0.724937
build_1018,Grove Park,GRP,51.430389,0.022597
build_1019,Guide Bridge,GUI,53.474171,-2.112961
build_1020,Guildford,GLD,51.236912,-0.580409
build_1021,Guiseley,GSY,53.875668,-1.715537
build_1022,Gunnersbury,GUN,51.491814,-0.275766
build_1023,Gunnislake,GSL,50.515992,-4.219437
build_1024,Gunton,GNT,52.866077,1.348821
build_1025,Gwersyllt,GWE,53.072559,-3.017913
build_1026,Gypsy Lane,GYP,54.532902,-1.179375
build_1027,Habrough,HAB,53.605507,-0.267936
build_1028,Hackbridge,HCB,51.378437,-0.15358
build_1029,Hackney Central,HKC,51.546825,-0.055896
build_1030,Hackney Downs,HAC,51.548695,-0.060144
build_1031,Hackney Wick,HKW,51.543625,-0.025759
build_1032,Haddenham & Thame Parkway,HDM,51.770788,-0.942121
build_1033,Haddiscoe,HAD,52.528835,1.622451
build_1034,Hadfield,HDF,53.460873,-1.965429
build_1035,Hadley Wood,HDW,51.668365,-0.176519
build_1036,Hag Fold,HGF,53.533442,-2.493744
build_1037,Haggerston,HGG,51.53912,-0.07642
build_1038,Hagley,HAG,52.422375,-2.147018
build_1039,Hairmyres,HMY,55.762012,-4.220047
build_1040,Hale,HAL,53.378669,-2.347383
build_1041,Halesworth,HAS,52.346157,1.506141
build_1042,Halewood,HED,53.364466,-2.830149
build_1043,Halifax,HFX,53.720417,-1.854486
build_1044,Hall Green,HLG,52.436745,-1.845513
build_1045,Hall Road,HLR,53.497442,-3.049607
build_1046,Hall i' th' Wood,HID,53.597546,-2.413986
build_1047,Halling,HAI,51.352169,0.445711
build_1048,Haltwhistle,HWH,54.967972,-2.462321
build_1049,Ham Street,HMT,51.067684,0.854653
build_1050,Hamble,HME,50.871311,-1.329173
build_1051,Hamilton Central,HNC,55.773239,-4.038928
build_1052,Hamilton West,HNW,55.779232,-4.056781
build_1053,Hammerton,HMM,53.996105,-1.283026
build_1054,Hampden Park,HMD,50.796124,0.278906
build_1055,Hampstead Heath,HDH,51.555779,-0.165159
build_1056,Hampton,HMP,51.41607,-0.37199
build_1057,Hampton Court,HMC,51.401947,-0.342412
build_1058,Hampton Wick,HMW,51.41412,-0.313201
build_1059,Hampton-In-Arden,HIA,52.428375,-1.699934
build_1060,Hamstead,HSD,52.530718,-1.92838
build_1061,Hamworthy,HAM,50.725754,-2.018381
build_1062,Hanborough,HND,51.825172,-1.373471
build_1063,Handforth,HTH,53.34639,-2.213263
build_1064,Hanwell,HAN,51.511604,-0.338432
build_1065,Hapton,HPN,53.781393,-2.318115
build_1066,Harlech,HRL,52.861309,-4.109248
build_1067,Harlesden,HDN,51.536518,-0.258214
build_1068,Harling Road,HRD,52.454128,0.908188
build_1069,Harlington,HLN,51.962012,-0.495715
build_1070,Harlow Mill,HWM,51.790878,0.131497
build_1071,Harlow Town,HWN,51.781639,0.094804
build_1072,Harold Wood,HRO,51.592907,0.234819
build_1073,Harpenden,HPD,51.814831,-0.351961
build_1074,Harrietsham,HRM,51.244652,0.673574
build_1075,Harringay,HGY,51.577305,-0.105115
build_1076,Harringay Green Lanes,HRY,51.577336,-0.098104
build_1077,Harrington,HRR,54.613551,-3.565573
build_1078,Harrogate,HGT,53.991959,-1.537814
build_1079,Harrow & Wealdstone,HRW,51.591576,-0.334067
build_1080,Harrow-on-the-Hill,HOH,51.57931,-0.336628
build_1081,Hartford,HTF,53.241721,-2.553978
build_1082,Hartlebury,HBY,52.335049,-2.22158
build_1083,Hartlepool,HPL,54.686771,-1.2073
build_1084,Hartwood,HTW,55.810532,-3.839792
build_1085,Harwich International,HPQ,51.947701,1.255167
build_1086,Harwich Town,HWC,51.944157,1.285469
build_1087,Haslemere,HSL,51.089237,-0.719162
build_1088,Hassocks,HSK,50.923264,-0.146043
build_1089,Hastings,HGS,50.858288,0.57608
build_1090,Hatch End,HTE,51.610054,-0.369499
build_1091,Hatfield,HAT,51.763397,-0.216162
build_1092,Hatfield & Stainforth,HFS,53.589532,-1.020931
build_1093,Hatfield Peverel,HAP,51.779785,0.593463
build_1094,Hathersage,HSG,53.325405,-1.651641
build_1095,Hattersley,HTY,53.445126,-2.040324
build_1096,Hatton,HTN,52.295242,-1.672982
build_1097,Havant,HAV,50.854416,-0.982763
build_1098,Havenhouse,HVN,53.114548,0.272619
build_1099,Haverfordwest,HVF,51.802601,-4.960279
build_1100,Hawarden,HWD,53.185703,-3.032561
build_1101,Hawarden Bridge,HWB,53.218971,-3.031866
build_1102,Hawkhead,HKH,55.843136,-4.398792
build_1103,Haydon Bridge,HDB,54.974888,-2.246809
build_1104,Haydons Road,HYR,51.425755,-0.189073
build_1105,Hayes & Harlington,HAY,51.502973,-0.420785
build_1106,Hayes (Kent),HYS,51.375744,0.010123
build_1107,Hayle,HYL,50.186176,-5.419558
build_1108,Haymarket,HYM,55.945854,-3.218458
build_1109,Haywards Heath,HHE,51.00536,-0.105717
build_1110,Hazel Grove,HAZ,53.377415,-2.122121
build_1111,Headbolt Lane,HBL,53.492835,-2.878862
build_1112,Headcorn,HCN,51.165657,0.627507
build_1113,Headingley,HDY,53.817787,-1.59289
build_1114,Headstone Lane,HDL,51.60268,-0.356766
build_1115,Heald Green,HDG,53.369248,-2.236533
build_1116,Healing,HLI,53.581425,-0.160163
build_1117,Heath High Level,HHL,51.516518,-3.181737
build_1118,Heath Low Level,HLL,51.515606,-3.183163
build_1119,Heathrow Terminal 4 Rail,HAF,51.458214,-0.445447
build_1120,Heathrow Terminal 5 Rail,HWV,51.47,-0.48
build_1121,Heathrow Terminals 1-2-3 Rail,HXX,51.471,-0.456
build_1122,Heaton Chapel,HTC,53.425556,-2.179046
build_1123,Hebden Bridge,HBD,53.737587,-2.009063
build_1124,Heckington,HEC,52.977463,-0.29316
build_1125,Hedge End,HDE,50.927773,-1.297056
build_1126,Hednesford,HNF,52.709922,-2.00199
build_1127,Heighington,HEI,54.596977,-1.582071
build_1128,Helensburgh Central,HLC,56.004261,-4.732803
build_1129,Helensburgh Upper,HLU,56.013268,-4.73184
build_1130,Hellifield,HLD,54.010972,-2.227961
build_1131,Helmsdale,HMS,58.117737,-3.660068
build_1132,Helsby,HSB,53.275784,-2.770786
build_1133,Hemel Hempstead,HML,51.742062,-0.490762
build_1134,Hendon,HEN,51.580057,-0.238652
build_1135,Hengoed,HNG,51.647362,-3.224162
build_1136,Henley-In-Arden,HNL,52.291,-1.784444
build_1137,Henley-On-Thames,HOT,51.534182,-0.900133
build_1138,Hensall,HEL,53.698357,-1.113905
build_1139,Hereford,HFD,52.060715,-2.708854
build_1140,Herne Bay,HNB,51.364059,1.118742
build_1141,Herne Hill,HNH,51.453148,-0.101624
build_1142,Hersham,HER,51.377419,-0.389271
build_1143,Hertford East,HFE,51.799793,-0.072591
build_1144,Hertford North,HFN,51.798328,-0.092961
build_1145,Hessle,HES,53.717567,-0.442169
build_1146,Heswall,HSW,53.32917,-3.073568
build_1147,Hever,HEV,51.180912,0.094648
build_1148,Heworth,HEW,54.951862,-1.554976
build_1149,Hexham,HEX,54.974201,-2.095266
build_1150,Heyford,HYD,51.91902,-1.299262
build_1151,Heysham Port,HHB,54.033284,-2.913179
build_1152,High Brooms,HIB,51.149609,0.277686
build_1153,High Street,HST,55.858719,-4.239953
build_1154,High Wycombe,HWY,51.629793,-0.745139
build_1155,Higham,HGM,51.426376,0.466931
build_1156,Highams Park,HIP,51.608837,0.000183
build_1157,Highbridge & Burnham,HIG,51.218098,-2.972192
build_1158,Highbury & Islington,HHY,51.54668,-0.10206
build_1159,Hightown,HTO,53.525272,-3.057407
build_1160,Hildenborough,HLB,51.214451,0.226465
build_1161,Hillfoot,HLF,55.920143,-4.32032
build_1162,Hillington East,HLE,55.854778,-4.354768
build_1163,Hillington West,HLW,55.85537,-4.370778
build_1164,Hillside,HIL,53.62217,-3.024673
build_1165,Hilsea,HLS,50.828075,-1.058592
build_1166,Hinchley Wood,HYW,51.374939,-0.340508
build_1167,Hinckley,HNK,52.534969,-1.371916
build_1168,Hindley,HIN,53.542053,-2.574909
build_1169,Hinton Admiral,HNA,50.752384,-1.713616
build_1170,Hitchin,HIT,51.952915,-0.262498
build_1171,Hither Green,HGR,51.452374,-0.000906
build_1172,Hockley,HOC,51.603825,0.659971
build_1173,Hollingbourne,HBN,51.265484,0.627465
build_1174,Holmes Chapel,HCH,53.199131,-2.351063
build_1175,Holmwood,HLM,51.180428,-0.321752
build_1176,Holton Heath,HOL,50.711346,-2.077863
build_1177,Holyhead,HHD,53.307674,-4.631062
build_1178,Holytown,HLY,55.812943,-3.973967
build_1179,Homerton,HMN,51.546535,-0.038601
build_1180,Honeybourne,HYB,52.101383,-1.834989
build_1181,Honiton,HON,50.797062,-3.186207
build_1182,Honley,HOY,53.608849,-1.780814
build_1183,Honor Oak Park,HPA,51.450428,-0.045607
build_1184,Hook,HOK,51.279587,-0.961933
build_1185,Hooton,HOO,53.296741,-2.976721
build_1186,Hope (Derbyshire),HOP,53.346283,-1.729587
build_1187,Hope (Flintshire),HPE,53.117344,-3.03691
build_1188,Hopton Heath,HPT,52.391964,-2.912536
build_1189,Horden,HRE,54.763879,-1.307347
build_1190,Horley,HOR,51.168137,-0.161994
build_1191,Hornbeam Park,HBP,53.980236,-1.527272
build_1192,Hornsey,HRN,51.586414,-0.111961
build_1193,Horsforth,HRS,53.847576,-1.630612
build_1194,Horsham,HRH,51.066174,-0.318753
build_1195,Horsley,HSY,51.279114,-0.434304
build_1196,Horton in Ribblesdale,HIR,54.149379,-2.302054
build_1197,Horwich Parkway,HWI,53.579948,-2.543712
build_1198,Hoscar,HSC,53.597366,-2.803828
build_1199,Hough Green,HGN,53.372378,-2.775056
build_1200,Hounslow,HOU,51.462471,-0.361808
build_1201,Hove,HOV,50.835514,-0.170824
build_1202,Hoveton & Wroxham,HXM,52.715084,1.408312
build_1203,How Wood,HWW,51.717697,-0.344594
build_1204,Howden,HOW,53.764526,-0.86068
build_1205,Howwood,HOZ,55.811,-4.56
build_1206,Hoxton,HOX,51.53193,-0.07672
build_1207,Hoylake,HYK,53.390202,-3.178861
build_1208,Hubberts Bridge,HBB,52.975594,-0.110044
build_1209,Hucknall,HKN,53.038265,-1.195793
build_1210,Huddersfield,HUD,53.648407,-1.785142
build_1211,Hull,HUL,53.744144,-0.345645
build_1212,Humphrey Park,HUP,53.452321,-2.327363
build_1213,Huncoat,HCT,53.772144,-2.345903
build_1214,Hungerford,HGD,51.415344,-1.511056
build_1215,Hunmanby,HUB,54.17429,-0.314737
build_1216,Huntingdon,HUN,52.328613,-0.192047
build_1217,Huntly,HNT,57.444401,-2.776354
build_1218,Hunts Cross,HNX,53.360644,-2.855716
build_1219,Hurst Green,HUR,51.244545,0.004397
build_1220,Hutton Cranswick,HUT,53.955669,-0.43331
build_1221,Huyton,HUY,53.409813,-2.842991
build_1222,Hyde Central,HYC,53.451682,-2.085149
build_1223,Hyde North,HYT,53.464306,-2.085829
build_1224,Hykeham,HKM,53.194546,-0.600412
build_1225,Hyndland,HYN,55.879803,-4.314715
build_1226,Hythe,HYH,51.885281,0.926539
build_1227,Ifield,IFI,51.115902,-0.215505
build_1228,Ilford,IFD,51.559078,0.068699
build_1229,Ilkeston,ILN,52.9794,-1.2949
build_1230,Ilkley,ILK,53.925304,-1.821799
build_1231,Imperial Wharf,IMW,51.475134,-0.183026
build_1232,Ince,INC,53.538975,-2.611865
build_1233,Ince & Elton,INE,53.276736,-2.816234
build_1234,Ingatestone,INT,51.667301,0.384556
build_1235,Insch,INS,57.33749,-2.616279
build_1236,Invergordon,IGD,57.688587,-4.175563
build_1237,Invergowrie,ING,56.456795,-3.057897
build_1238,Inverkeithing,INK,56.034725,-3.39621
build_1239,Inverkip,INP,55.905781,-4.873089
build_1240,Inverness,INV,57.480194,-4.223199
build_1241,Inverness Airport,IVA,57.5335,-4.0552
build_1242,Invershin,INH,57.925362,-4.399288
build_1243,Inverurie,INR,57.286343,-2.373224
build_1244,Ipswich,IPS,52.050552,1.144481
build_1245,Irlam,IRL,53.434172,-2.432989
build_1246,Irvine,IRV,55.610916,-4.675196
build_1247,Isleworth,ISL,51.474709,-0.33689
build_1248,Islip,ISP,51.82571,-1.238185
build_1249,Iver,IVR,51.508342,-0.506659
build_1250,Ivybridge,IVY,50.393515,-3.904954
build_1251,James Cook University Hospital,JCH,54.5515,-1.2076
build_1252,James Street,LVJ,53.404748,-2.991993
build_1253,Jewellery Quarter,JEQ,52.489514,-1.913522
build_1254,Johnston,JOH,51.756714,-4.996407
build_1255,Johnstone,JHN,55.834759,-4.50369
build_1256,Jordanhill,JOR,55.882282,-4.326053
build_1257,Kearsley,KSL,53.54419,-2.375032
build_1258,Kearsney,KSN,51.149399,1.271566
build_1259,Keighley,KEI,53.86787,-1.90112
build_1260,Keith,KEH,57.550976,-2.954062
build_1261,Kelvedon,KEL,51.841202,0.701529
build_1262,Kelvindale,KVD,55.8933,-4.3106
build_1263,Kemble,KEM,51.67622,-2.023115
build_1264,Kempston Hardwick,KMH,52.092026,-0.505266
build_1265,Kempton Park,KMP,51.421757,-0.40929
build_1266,Kemsing,KMS,51.297684,0.247716
build_1267,Kemsley,KML,51.361996,0.733559
build_1268,Kendal,KEN,54.332108,-2.739667
build_1269,Kenilworth,KNW,52.3429,-1.5726
build_1270,Kenley,KLY,51.324547,-0.101199
build_1271,Kennett,KNE,52.277523,0.490482
build_1272,Kennishead,KNS,55.813099,-4.325119
build_1273,Kensal Green,KNL,51.530602,-0.223847
build_1274,Kensal Rise,KNR,51.534157,-0.220811
build_1275,Kensington Olympia,KPA,51.497753,-0.210189
build_1276,Kent House,KTH,51.412659,-0.045786
build_1277,Kentish Town,KTN,51.550338,-0.140446
build_1278,Kentish Town West,KTW,51.546501,-0.146778
build_1279,Kenton,KNT,51.581436,-0.317123
build_1280,Kents Bank,KBK,54.172967,-2.925351
build_1281,Kettering,KET,52.393177,-0.731724
build_1282,Kew Bridge,KWB,51.489311,-0.288827
build_1283,Kew Gardens,KWG,51.477558,-0.284949
build_1284,Keyham,KEY,50.389687,-4.179095
build_1285,Keynsham,KYN,51.417122,-2.49465
build_1286,Kidbrooke,KDB,51.462662,0.028331
build_1287,Kidderminster,KID,52.384457,-2.239458
build_1288,Kidsgrove,KDG,53.086555,-2.244828
build_1289,Kidwelly,KWL,51.734299,-4.317046
build_1290,Kilburn High Road,KBN,51.537312,-0.19186
build_1291,Kildale,KLD,54.477268,-1.067829
build_1292,Kildonan,KIL,58.171432,-3.869993
build_1293,Kilgetty,KGT,51.732071,-4.715219
build_1294,Kilmarnock,KMK,55.612835,-4.499048
build_1295,Kilmaurs,KLM,55.636425,-4.532331
build_1296,Kilpatrick,KPT,55.924755,-4.453454
build_1297,Kilwinning,KWN,55.655994,-4.710071
build_1298,Kinbrace,KBC,58.258408,-3.941063
build_1299,Kingham,KGM,51.902222,-1.629331
build_1300,Kinghorn,KGH,56.069389,-3.174161
build_1301,Kings Heath,KIH,52.43141,-1.89297
build_1302,Kings Langley,KGL,51.70631,-0.438411
build_1303,Kings Lynn,KLN,52.754108,0.403475
build_1304,Kings Norton,KNN,52.413456,-1.933801
build_1305,Kings Nympton,KGN,50.935921,-3.905634
build_1306,Kings Park,KGP,55.819935,-4.247294
build_1307,Kings Sutton,KGS,52.020184,-1.280066
build_1308,Kingsknowe,KGE,55.919323,-3.265634
build_1309,Kingston,KNG,51.412155,-0.301768
build_1310,Kingswood,KND,51.294807,-0.211439
build_1311,Kingussie,KIN,57.07785,-4.052227
build_1312,Kintbury,KIT,51.40247,-1.445059
build_1313,Kintore,KTR,57.243611,-2.350278
build_1314,Kirby Cross,KBX,51.840897,1.214045
build_1315,Kirk Sandall,KKS,53.56347,-1.075006
build_1316,Kirkby,KIR,53.486619,-2.902021
build_1317,Kirkby Stephen,KSW,54.455135,-2.368603
build_1318,Kirkby in Ashfield,KKB,53.099758,-1.253278
build_1319,Kirkby-In-Furness,KBF,54.232426,-3.187398
build_1320,Kirkcaldy,KDY,56.112579,-3.167445
build_1321,Kirkconnel,KRK,55.38834,-3.998533
build_1322,Kirkdale,KKD,53.440896,-2.981093
build_1323,Kirkham & Wesham,KKM,53.787373,-2.881834
build_1324,Kirkhill,KKH,55.814156,-4.168751
build_1325,Kirknewton,KKN,55.888744,-3.432526
build_1326,Kirkstall Forge,KLF,53.826,-1.62
build_1327,Kirkwood,KWD,55.85577,-4.048037
build_1328,Kirton Lindsey,KTL,53.484829,-0.593886
build_1329,Kiveton Bridge,KIV,53.340729,-1.265524
build_1330,Kiveton Park,KVP,53.336975,-1.240052
build_1331,Knaresborough,KNA,54.008755,-1.470482
build_1332,Knebworth,KBW,51.86636,-0.187406
build_1333,Knighton,KNI,52.345043,-3.042232
build_1334,Knockholt,KCK,51.34573,0.130865
build_1335,Knottingley,KNO,53.706528,-1.259172
build_1336,Knucklas,KNU,52.359833,-3.096907
build_1337,Knutsford,KNF,53.301956,-2.372101
build_1338,Kyle of Lochalsh,KYL,57.280567,-5.713067
build_1339,Ladybank,LDY,56.273834,-3.122284
build_1340,Ladywell,LAD,51.456291,-0.019445
build_1341,Laindon,LAI,51.567566,0.424063
build_1342,Lairg,LRG,58.001701,-4.401
build_1343,Lake,LKE,50.64814,-1.16686
build_1344,Lakenheath,LAK,52.447456,0.533911
build_1345,Lamphey,LAM,51.667145,-4.873332
build_1346,Lanark,LNK,55.673119,-3.772901
build_1347,Lancaster,LAN,54.048553,-2.807934
build_1348,Lancing,LAC,50.827015,-0.323103
build_1349,Landywood,LAW,52.657101,-2.020659
build_1350,Langbank,LGB,55.924725,-4.586326
build_1351,Langho,LHO,53.804934,-2.447934
build_1352,Langley,LNY,51.508011,-0.541747
build_1353,Langley Green,LGG,52.494385,-2.005857
build_1354,Langley Mill,LGM,53.018236,-1.330982
build_1355,Langside,LGS,55.821175,-4.277696
build_1356,Langwathby,LGW,54.694744,-2.662457
build_1357,Langwith - Whaley Thorns,LAG,53.232885,-1.208882
build_1358,Lapford,LAP,50.857384,-3.811489
build_1359,Lapworth,LPW,52.341232,-1.72549
build_1360,Larbert,LBT,56.022751,-3.830604
build_1361,Largs,LAR,55.792637,-4.867942
build_1362,Larkhall,LRH,55.739258,-3.974445
build_1363,Laurencekirk,LAU,56.835945,-2.466345
build_1364,Lawrence Hill,LWH,51.458168,-2.564183
build_1365,Layton,LAY,53.835625,-3.030249
build_1366,Lazonby & Kirkoswald,LZB,54.750233,-2.702207
build_1367,Lea Bridge,LEB,51.5672,-0.00363
build_1368,Lea Green,LEG,53.42709,-2.72386
build_1369,Lea Hall,LEH,52.480709,-1.786457
build_1370,Leagrave,LEA,51.905304,-0.459139
build_1371,Lealholm,LHM,54.459885,-0.826027
build_1372,Leamington Spa,LMS,52.284893,-1.536723
build_1373,Leasowe,LSW,53.408035,-3.099624
build_1374,Leatherhead,LHD,51.298397,-0.333225
build_1375,Ledbury,LED,52.044991,-2.425728
build_1376,Lee,LEE,51.449432,0.013364
build_1377,Leeds,LDS,53.795158,-1.549089
build_1378,Leicester,LEI,52.631397,-1.125274
build_1379,Leigh (Kent),LIH,51.194057,0.211179
build_1380,Leigh-on-Sea,LES,51.541309,0.640454
build_1381,Leighton Buzzard,LBZ,51.916046,-0.676874
build_1382,Lelant,LEL,50.183887,-5.436207
build_1383,Lelant Saltings,LTS,50.17923,-5.441468
build_1384,Lenham,LEN,51.233986,0.707337
build_1385,Lenzie,LNZ,55.921364,-4.153932
build_1386,Leominster,LEO,52.225109,-2.730506
build_1387,Letchworth Garden City,LET,51.980305,-0.229403
build_1388,Leuchars,LEU,56.375427,-2.893734
build_1389,Leven,LEV,56.1923,-3.002
build_1390,Levenshulme,LVM,53.444405,-2.192676
build_1391,Lewes,LWS,50.870281,0.012455
build_1392,Lewisham,LEW,51.466099,-0.014703
build_1393,Leyland,LEY,53.69886,-2.687101
build_1394,Leyton Midland Road,LEM,51.569393,-0.007313
build_1395,Leytonstone High Road,LER,51.563725,0.008304
build_1396,Lichfield City,LIC,52.680347,-1.825431
build_1397,Lichfield Trent Valley,LTV,52.6869,-1.800014
build_1398,Lidlington,LID,52.041385,-0.558972
build_1399,Limehouse,LHS,51.51239,-0.040071
build_1400,Lincoln Central,LCN,53.227089,-0.540922
build_1401,Lingfield,LFD,51.176392,-0.007151
build_1402,Lingwood,LGD,52.621872,1.489735
build_1403,Linlithgow,LIN,55.975689,-3.596
build_1404,Liphook,LIP,51.071213,-0.801027
build_1405,Liskeard,LSK,50.446711,-4.46753
build_1406,Liss,LIS,51.044254,-0.893023
build_1407,Lisvane & Thornhill,LVT,51.544357,-3.185344
build_1408,Little Kimble,LTK,51.752014,-0.809152
build_1409,Little Sutton,LTT,53.285537,-2.943134
build_1410,Littleborough,LTL,53.642988,-2.094698
build_1411,Littlehampton,LIT,50.810226,-0.546547
build_1412,Littlehaven,LVN,51.079514,-0.308276
build_1413,Littleport,LTP,52.462696,0.316905
build_1414,Liverpool Central,LVC,53.40525,-2.977841
build_1415,Liverpool Lime Street,LIV,53.407299,-2.977746
build_1416,Liverpool South Parkway,LPY,53.3577,-2.8897
build_1417,Livingston North,LSN,55.901736,-3.543357
build_1418,Livingston South,LVG,55.871712,-3.503823
build_1419,Llanaber,LLA,52.741375,-4.078263
build_1420,Llanbedr,LBR,52.820835,-4.110252
build_1421,Llanbister Road,LLT,52.336231,-3.212283
build_1422,Llanbradach,LNB,51.60321,-3.233085
build_1423,Llandaf,LLN,51.507942,-3.229076
build_1424,Llandanwg,LDN,52.835865,-4.124342
build_1425,Llandecwyn,LLC,52.920666,-4.057092
build_1426,Llandeilo,LLL,51.885117,-3.987662
build_1427,Llandovery,LLV,51.99509,-3.803163
build_1428,Llandrindod,LLO,52.242687,-3.37963
build_1429,Llandudno,LLD,53.320911,-3.827043
build_1430,Llandudno Junction,LLJ,53.283953,-3.809102
build_1431,Llandybie,LLI,51.820099,-4.003658
build_1432,Llanelli,LLE,51.673405,-4.162068
build_1433,Llanfairfechan,LLF,53.257278,-3.983256
build_1434,Llanfairpwll,LPG,53.22094,-4.209263
build_1435,Llangadog,LLG,51.940639,-3.892638
build_1436,Llangammarch,LLM,52.113724,-3.55528
build_1437,Llangennech,LLH,51.691093,-4.078988
build_1438,Llangynllo,LGO,52.350227,-3.161273
build_1439,Llanharan,LLR,51.53759,-3.4408
build_1440,Llanhilleth,LTH,51.700339,-3.137033
build_1441,Llanishen,LLS,51.533592,-3.182181
build_1442,Llanrwst,LWR,53.14401,-3.802844
build_1443,Llansamlet,LAS,51.660973,-3.892526
build_1444,Llantwit Major,LWM,51.40623,-3.47503
build_1445,Llanwrda,LNR,51.962551,-3.871719
build_1446,Llanwrtyd,LNW,52.104584,-3.632354
build_1447,Llwyngwril,LLW,52.66658,-4.088024
build_1448,Llwynypia,LLY,51.633957,-3.453557
build_1449,Loch Awe,LHA,56.402481,-5.040117
build_1450,Loch Eil Outward Bound,LHE,56.855343,-5.191638
build_1451,Lochailort,LCL,56.881035,-5.663456
build_1452,Locheilside,LCS,56.855473,-5.290086
build_1453,Lochgelly,LCG,56.13538,-3.312958
build_1454,Lochluichart,LCC,57.621277,-4.809628
build_1455,Lochwinnoch,LHW,55.786549,-4.617038
build_1456,Lockerbie,LOC,55.123085,-3.353242
build_1457,Lockwood,LCK,53.635849,-1.800335
build_1458,London Blackfriars,BFR,51.510735,-0.103554
build_1459,London Bridge,LBG,51.505035,-0.085058
build_1460,London Cannon Street,CST,51.510525,-0.090589
build_1461,London Charing Cross,CHX,51.508362,-0.123835
build_1462,London Euston,EUS,51.528313,-0.134545
build_1463,London Fenchurch Street,FST,51.511234,-0.079039
build_1464,London Fields,LOF,51.541454,-0.057574
build_1465,London Kings Cross,KGX,51.530827,-0.122907
build_1466,London Liverpool Street,LST,51.517551,-0.08021
build_1467,London Marylebone,MYB,51.52248,-0.163605
build_1468,London Paddington,PAD,51.516014,-0.176049
build_1469,London Road (Brighton),LRB,50.836773,-0.136696
build_1470,London Road (Guildford),LRD,51.24067,-0.56506
build_1471,London St Pancras International,STP,51.531921,-0.126361
build_1472,London Victoria,VIC,51.4966,-0.1448
build_1473,London Waterloo,WAT,51.501865,-0.111126
build_1474,London Waterloo East,WAE,51.504513,-0.10814
build_1475,Long Buckby,LBK,52.293964,-1.086469
build_1476,Long Eaton,LGE,52.885105,-1.288114
build_1477,Long Preston,LPR,54.017115,-2.254533
build_1478,Longbeck,LGK,54.592896,-1.028041
build_1479,Longbridge,LOB,52.396385,-1.980861
build_1480,Longcross,LNG,51.384556,-0.594536
build_1481,Longfield,LGF,51.396496,0.299994
build_1482,Longniddry,LND,55.976524,-2.889308
build_1483,Longport,LPT,53.041656,-2.21623
build_1484,Longton,LGN,52.990013,-2.137216
build_1485,Looe,LOO,50.359234,-4.456029
build_1486,Lostock,LOT,53.572969,-2.494276
build_1487,Lostock Gralam,LTG,53.267677,-2.465197
build_1488,Lostock Hall,LOH,53.724316,-2.687069
build_1489,Lostwithiel,LOS,50.40744,-4.665497
build_1490,Loughborough,LBO,52.779327,-1.194952
build_1491,Loughborough Junction,LGJ,51.46666,-0.102499
build_1492,Low Moor,LMR,53.74924,-1.750517
build_1493,Lowdham,LOW,53.007072,-0.998465
build_1494,Lower Sydenham,LSY,51.425056,-0.033746
build_1495,Lowestoft,LWT,52.473618,1.749009
build_1496,Ludlow,LUD,52.370853,-2.715275
build_1497,Luton,LUT,51.882233,-0.414881
build_1498,Luton Airport Parkway,LTN,51.871159,-0.393485
build_1499,Luxulyan,LUX,50.390244,-4.747551
build_1500,Lydney,LYD,51.714584,-2.531189
build_1501,Lye,LYE,52.459267,-2.116233
build_1502,Lymington Pier,LYP,50.758083,-1.529275
build_1503,Lymington Town,LYT,50.760818,-1.537753
build_1504,Lympstone Commando,LYC,50.661121,-3.438876
build_1505,Lympstone Village,LYM,50.648621,-3.431419
build_1506,Lytham,LTM,53.739101,-2.964206
build_1507,Macclesfield,MAC,53.259331,-2.121397
build_1508,Machynlleth,MCN,52.595844,-3.854311
build_1509,Maesteg,MST,51.610607,-3.655003
build_1510,Maesteg (Ewenny Road),MEW,51.605297,-3.649038
build_1511,Maghull,MAG,53.506464,-2.930828
build_1512,Maghull North,MNS,53.5167,-2.9213
build_1513,Maiden Newton,MDN,50.780128,-2.568749
build_1514,Maidenhead,MAI,51.518601,-0.722464
build_1515,Maidstone Barracks,MDB,51.277288,0.514148
build_1516,Maidstone East,MDE,51.277729,0.520618
build_1517,Maidstone West,MDW,51.270943,0.515975
build_1518,Malden Manor,MAL,51.384579,-0.261118
build_1519,Mallaig,MLG,57.005497,-5.8306
build_1520,Malton,MLT,54.13155,-0.798593
build_1521,Malvern Link,MVL,52.12534,-2.31987
build_1522,Manchester Airport,MIA,53.361568,-2.268941
build_1523,Manchester Oxford Road,MCO,53.47398,-2.242531
build_1524,Manchester Piccadilly,MAN,53.476704,-2.228991
build_1525,Manchester United Football Club,MUF,53.463056,-2.291389
build_1526,Manchester Victoria,MCV,53.487465,-2.242607
build_1527,Manea,MNE,52.497692,0.178779
build_1528,Manningtree,MNG,51.948818,1.045653
build_1529,Manor Park,MNP,51.552296,0.045309
build_1530,Manor Road,MNR,53.394772,-3.171468
build_1531,Manorbier,MRB,51.660114,-4.7919
build_1532,Manors,MAS,54.972698,-1.606296
build_1533,Mansfield,MFT,53.142232,-1.198192
build_1534,Mansfield Woodhouse,MSW,53.1636,-1.201651
build_1535,March,MCH,52.560432,0.090409
build_1536,Marden,MRN,51.175785,0.49359
build_1537,Margate,MAR,51.384926,1.371737
build_1538,Market Harborough,MHR,52.480366,-0.908868
build_1539,Market Rasen,MKR,53.384441,-0.337075
build_1540,Markinch,MNC,56.200069,-3.131414
build_1541,Marks Tey,MKT,51.880695,0.782372
build_1542,Marlow,MLW,51.570995,-0.766452
build_1543,Marple,MPL,53.400763,-2.057168
build_1544,Marsden,MSN,53.602737,-1.93197
build_1545,Marsh Barton,MBT,50.704,-3.521
build_1546,Marske,MSK,54.587433,-1.018892
build_1547,Marston Green,MGN,52.467159,-1.755616
build_1548,Martin Mill,MTM,51.170593,1.348907
build_1549,Martins Heron,MAO,51.406689,-0.720386
build_1550,Marton,MTO,54.543808,-1.197708
build_1551,Maryhill,MYH,55.898026,-4.301396
build_1552,Maryland,MYL,51.545784,0.006075
build_1553,Maryport,MRY,54.711597,-3.494738
build_1554,Matlock,MAT,53.138126,-1.558988
build_1555,Matlock Bath,MTB,53.121941,-1.55766
build_1556,Mauldeth Road,MAU,53.432984,-2.209325
build_1557,Maxwell Park,MAX,55.837124,-4.289813
build_1558,Maybole,MAY,55.354485,-4.686269
build_1559,Maze Hill,MZH,51.482883,0.003311
build_1560,Meadowhall,MHS,53.417046,-1.411669
build_1561,Meldreth,MEL,52.090687,0.00853
build_1562,Melksham,MKM,51.379803,-2.14449
build_1563,Melton,MES,52.103683,1.338085
build_1564,Melton Mowbray,MMO,52.760643,-0.885564
build_1565,Menheniot,MEN,50.426183,-4.40938
build_1566,Menston,MNN,53.891895,-1.735205
build_1567,Meols,MEO,53.399356,-3.15431
build_1568,Meols Cop,MEC,53.645519,-2.975696
build_1569,Meopham,MEP,51.386368,0.356977
build_1570,Meridian Water,MRW,51.61,-0.0501
build_1571,Merryton,MEY,55.749013,-3.978667
build_1572,Merstham,MHM,51.264164,-0.149555
build_1573,Merthyr Tydfil,MER,51.745476,-3.377458
build_1574,Merthyr Vale,MEV,51.686607,-3.336622
build_1575,Metheringham,MGM,53.138866,-0.391421
build_1576,Metrocentre,MCE,54.958492,-1.662656
build_1577,Mexborough,MEX,53.490986,-1.28855
build_1578,Micheldever,MIC,51.182034,-1.260283
build_1579,Micklefield,MIK,53.788715,-1.324507
build_1580,Middlesbrough,MBR,54.579086,-1.232596
build_1581,Middlewood,MDL,53.359142,-2.084111
build_1582,Midgham,MDG,51.395805,-1.177683
build_1583,Milford (Surrey),MLF,51.163849,-0.63701
build_1584,Milford Haven,MFH,51.715977,-5.041485
build_1585,Mill Hill (Lancs),MLH,53.735433,-2.501433
build_1586,Mill Hill Broadway,MIL,51.612823,-0.249522
build_1587,Millbrook (Bedfordshire),MLB,52.053822,-0.532724
build_1588,Millbrook (Hants),MBK,50.911434,-1.433848
build_1589,Milliken Park,MIN,55.825157,-4.533405
build_1590,Millom,MLM,54.210831,-3.271108
build_1591,Mills Hill,MIH,53.551393,-2.171484
build_1592,Milngavie,MLN,55.94091,-4.315152
build_1593,Milton Keynes Central,MKC,52.034357,-0.77341
build_1594,Minffordd,MFF,52.926464,-4.085625
build_1595,Minster,MSR,51.329807,1.317431
build_1596,Mirfield,MIR,53.671577,-1.692696
build_1597,Mistley,MIS,51.943417,1.080205
build_1598,Mitcham Eastfields,MTC,51.407725,-0.154764
build_1599,Mitcham Junction,MIJ,51.392887,-0.157308
build_1600,Mobberley,MOB,53.329941,-2.333309
build_1601,Monifieth,MON,56.480167,-2.818249
build_1602,Monks Risborough,MRS,51.735134,-0.829882
build_1603,Montpelier,MTP,51.468205,-2.588525
build_1604,Montrose,MTS,56.71286,-2.47207
build_1605,Moorfields,MRF,53.408534,-2.989182
build_1606,Moorgate,MOG,51.5186,-0.09027
build_1607,Moorside,MSD,53.516354,-2.35146
build_1608,Moorthorpe,MRP,53.594452,-1.304952
build_1609,Morar,MRR,56.969788,-5.821991
build_1610,Morchard Road,MRD,50.831841,-3.776424
build_1611,Morden South,MDS,51.396248,-0.200299
build_1612,Morecambe,MCM,54.070322,-2.869379
build_1613,Moreton (Dorset),MTN,50.701057,-2.312914
build_1614,Moreton (Merseyside),MRT,53.407917,-3.113156
build_1615,Moreton-In-Marsh,MIM,51.992336,-1.7014
build_1616,Morfa Mawddach,MFA,52.7071,-4.032224
build_1617,Morley,MLY,53.75037,-1.592033
build_1618,Morpeth,MPT,55.162537,-1.682903
build_1619,Mortimer,MOR,51.371941,-1.035979
build_1620,Mortlake,MTL,51.468288,-0.266575
build_1621,Moses Gate,MSS,53.55604,-2.400931
build_1622,Moseley Village,MOV,52.44582,-1.88451
build_1623,Moss Side,MOS,53.764431,-2.943548
build_1624,Mossley (Manchester),MSL,53.514963,-2.041263
build_1625,Mossley Hill,MSH,53.379025,-2.915464
build_1626,Mosspark,MPK,55.838947,-4.336232
build_1627,Moston,MSO,53.52264,-2.171925
build_1628,Motherwell,MTH,55.791927,-3.995234
build_1629,Motspur Park,MOT,51.395042,-0.23916
build_1630,Mottingham,MTG,51.439804,0.050353
build_1631,Mottisfont & Dunbridge,DBG,51.033987,-1.546942
build_1632,Mouldsworth,MLD,53.231976,-2.732546
build_1633,Moulsecoomb,MCB,50.844616,-0.12076
build_1634,Mount Florida,MFL,55.826859,-4.262067
build_1635,Mount Vernon,MTV,55.839882,-4.136638
build_1636,Mountain Ash,MTA,51.683422,-3.378478
build_1637,Muir of Ord,MOO,57.518017,-4.460981
build_1638,Muirend,MUI,55.810459,-4.273888
build_1639,Musselburgh,MUB,55.930225,-3.062719
build_1640,Mytholmroyd,MYT,53.729496,-1.981773
build_1641,Nafferton,NFN,54.011684,-0.386948
build_1642,Nailsea & Backwell,NLS,51.419357,-2.750661
build_1643,Nairn,NRN,57.580227,-3.873024
build_1644,Nantwich,NAN,53.063533,-2.518868
build_1645,Narberth,NAR,51.800156,-4.726567
build_1646,Narborough,NBR,52.571712,-1.20318
build_1647,Navigation Road,NVR,53.395412,-2.3435
build_1648,Neath,NTH,51.662315,-3.807267
build_1649,Needham Market,NMT,52.156437,1.051047
build_1650,Neilston,NEI,55.782364,-4.426945
build_1651,Nelson,NEL,53.834469,-2.214223
build_1652,Neston,NES,53.292419,-3.063769
build_1653,Netherfield,NET,52.960972,-1.078427
build_1654,Nethertown,NRT,54.456699,-3.566201
build_1655,Netley,NTL,50.874977,-1.341913
build_1656,New Barnet,NBA,51.648521,-0.172972
build_1657,New Beckenham,NBC,51.416988,-0.035525
build_1658,New Brighton,NBN,53.43726,-3.049191
build_1659,New Clee,NCE,53.574455,-0.060771
build_1660,New Cross,NWX,51.476299,-0.032984
build_1661,New Cross Gate,NXG,51.475544,-0.041655
build_1662,New Cumnock,NCK,55.402271,-4.182457
build_1663,New Eltham,NEH,51.437649,0.0704
build_1664,New Holland,NHL,53.702106,-0.360936
build_1665,New Hythe,NHE,51.312401,0.455075
build_1666,New Lane,NLN,53.611298,-2.86758
build_1667,New Malden,NEM,51.403393,-0.256084
build_1668,New Mills Central,NMC,53.364567,-2.007485
build_1669,New Mills Newtown,NMN,53.359169,-2.00898
build_1670,New Milton,NWM,50.755836,-1.658313
build_1671,New Pudsey,NPD,53.804573,-1.679581
build_1672,New Southgate,NSG,51.613876,-0.142586
build_1673,Newark Castle,NCT,53.079987,-0.813151
build_1674,Newark Northgate,NNG,53.082542,-0.799644
build_1675,Newbridge,NBE,51.665686,-3.142116
build_1676,Newbury,NBY,51.397599,-1.322608
build_1677,Newbury Racecourse,NRC,51.39814,-1.308549
build_1678,Newcastle,NCL,54.968243,-1.617264
build_1679,Newcourt,NCO,50.705418,-3.47259
build_1680,Newcraighall,NEW,55.932619,-3.091582
build_1681,Newhaven Harbour,NVH,50.790398,0.054433
build_1682,Newhaven Town,NVN,50.794888,0.054627
build_1683,Newington,NGT,51.353733,0.66269
build_1684,Newmarket,NMK,52.237904,0.406249
build_1685,Newport (Essex),NWE,51.97995,0.216176
build_1686,Newport (South Wales),NWP,51.590145,-2.998873
build_1687,Newquay,NQY,50.415245,-5.075769
build_1688,Newsham,NWH,55.103279,-1.524313
build_1689,Newstead,NSD,53.069961,-1.222036
build_1690,Newton,NTN,55.819256,-4.133907
build_1691,Newton Abbot,NTA,50.529507,-3.599957
build_1692,Newton Aycliffe,NAY,54.613171,-1.5881
build_1693,Newton St Cyres,NTC,50.77879,-3.588594
build_1694,Newton for Hyde,NWN,53.45623,-2.067735
build_1695,Newton-Le-Willows,NLW,53.452873,-2.614369
build_1696,Newton-On-Ayr,NOA,55.473541,-4.62632
build_1697,Newtongrange,NEG,55.865652,-3.066151
build_1698,Newtonmore,NWR,57.059673,-4.118831
build_1699,Newtown (Powys),NWT,52.512291,-3.311432
build_1700,Ninian Park,NNP,51.475861,-3.200846
build_1701,Nitshill,NIT,55.811531,-4.360126
build_1702,Norbiton,NBT,51.411907,-0.284525
build_1703,Norbury,NRB,51.411236,-0.123492
build_1704,Normans Bay,NSB,50.825382,0.389669
build_1705,Normanton,NOR,53.700249,-1.424378
build_1706,North Berwick,NBW,56.057545,-2.728989
build_1707,North Camp,NCM,51.275517,-0.731195
build_1708,North Dulwich,NDL,51.454712,-0.087163
build_1709,North Fambridge,NFA,51.64859,0.681703
build_1710,North Llanrwst,NLR,53.141348,-3.792723
build_1711,North Queensferry,NQU,56.013168,-3.395426
build_1712,North Road,NRD,54.536667,-1.554856
build_1713,North Sheen,NSH,51.464977,-0.285423
build_1714,North Walsham,NWA,52.817383,1.385142
build_1715,North Wembley,NWB,51.562355,-0.303394
build_1716,Northallerton,NTR,54.333084,-1.441718
build_1717,Northampton,NMP,52.237433,-0.906689
build_1718,Northfield,NFD,52.408073,-1.96469
build_1719,Northfleet - Cooper Arms,NFL,51.446384,0.324092
build_1720,Northolt Park,NLT,51.557762,-0.359827
build_1721,Northumberland Park,NUM,51.601643,-0.053558
build_1722,Northwich,NWI,53.261414,-2.496815
build_1723,Norton Bridge,NTB,52.865513,-2.190102
build_1724,Norwich,NRW,52.627121,1.306879
build_1725,Norwood Junction,NWD,51.396965,-0.075201
build_1726,Nottingham,NOT,52.946905,-1.146441
build_1727,Nuneaton,NUN,52.526436,-1.463431
build_1728,Nunhead,NHD,51.466747,-0.053546
build_1729,Nunthorpe,NNT,54.528347,-1.170195
build_1730,Nutbourne,NUT,50.846313,-0.883508
build_1731,Nutfield,NUF,51.22702,-0.132425
build_1732,Oakengates,OKN,52.693104,-2.451245
build_1733,Oakham,OKM,52.671913,-0.734019
build_1734,Oakleigh Park,OKL,51.637627,-0.166189
build_1735,Oban,OBN,56.411758,-5.473841
build_1736,Ockendon,OCK,51.521687,0.290439
build_1737,Ockley,OLY,51.150955,-0.335692
build_1738,Okehampton,OKE,50.731679,-3.988267
build_1739,Old Hill,OHL,52.470993,-2.055913
build_1740,Old Roan,ORN,53.486871,-2.951095
build_1741,Old Street,OLD,51.525776,-0.088515
build_1742,Oldfield Park,OLF,51.37978,-2.380742
build_1743,Olton,OLT,52.43848,-1.804313
build_1744,Ore,ORE,50.866959,0.590783
build_1745,Ormskirk,OMS,53.569014,-2.881615
build_1746,Orpington,ORP,51.373463,0.089049
build_1747,Orrell,ORR,53.530548,-2.709028
build_1748,Orrell Park,OPK,53.461991,-2.962908
build_1749,Otford,OTF,51.312141,0.196757
build_1750,Oulton Broad North,OUN,52.478226,1.716998
build_1751,Oulton Broad South,OUS,52.469528,1.707425
build_1752,Outwood,OUT,53.714115,-1.512068
build_1753,Overpool,OVE,53.284155,-2.924788
build_1754,Overton,OVR,51.253971,-1.25913
build_1755,Oxenholme Lake District,OXN,54.305169,-2.722249
build_1756,Oxford,OXF,51.753549,-1.270037
build_1757,Oxford Parkway,OXP,51.8042,-1.2745
build_1758,Oxshott,OXS,51.336578,-0.361993
build_1759,Oxted,OXT,51.257298,-0.005075
build_1760,Paddock Wood,PDW,51.182453,0.389485
build_1761,Padgate,PDG,53.405514,-2.556521
build_1762,Paignton,PGN,50.434658,-3.564361
build_1763,Paisley Canal,PCN,55.840878,-4.422606
build_1764,Paisley Gilmour Street,PYG,55.848026,-4.424646
build_1765,Paisley St James,PYJ,55.852165,-4.442486
build_1766,Palmers Green,PAL,51.618736,-0.109164
build_1767,Pangbourne,PAN,51.485231,-1.090522
build_1768,Pannal,PNL,53.958687,-1.533605
build_1769,Pantyffynnon,PTF,51.778835,-3.997481
build_1770,Par,PAR,50.355263,-4.704752
build_1771,Parbold,PBL,53.590856,-2.770679
build_1772,Park Street,PKT,51.725651,-0.340727
build_1773,Parkstone (Dorset),PKS,50.723049,-1.94897
build_1774,Parson Street,PSN,51.432758,-2.60991
build_1775,Partick,PTK,55.869987,-4.310921
build_1776,Parton,PRN,54.569795,-3.580867
build_1777,Patchway,PWY,51.52578,-2.562647
build_1778,Patricroft,PAT,53.484745,-2.357919
build_1779,Patterton,PTT,55.790443,-4.334935
build_1780,Peartree,PEA,52.89684,-1.473198
build_1781,Peckham Rye,PMR,51.470585,-0.067782
build_1782,Pegswood,PEG,55.178616,-1.64509
build_1783,Pemberton,PEM,53.530427,-2.670225
build_1784,Pembrey & Burry Port,PBY,51.683487,-4.247899
build_1785,Pembroke,PMB,51.673546,-4.905563
build_1786,Pembroke Dock,PMD,51.69434,-4.93729
build_1787,Pen-Y-Bont,PNY,52.273914,-3.321972
build_1788,Penally,PNA,51.65905,-4.72243
build_1789,Penarth,PEN,51.435669,-3.173908
build_1790,Pencoed,PCD,51.524567,-3.50053
build_1791,Pengam,PGM,51.670681,-3.230578
build_1792,Penge East,PNE,51.419125,-0.055566
build_1793,Penge West,PNW,51.417419,-0.061402
build_1794,Penhelig,PHG,52.545212,-4.035051
build_1795,Penistone,PNS,53.525757,-1.62134
build_1796,Penkridge,PKG,52.723611,-2.119447
build_1797,Penmaenmawr,PMW,53.270635,-3.923514
build_1798,Penmere,PNM,50.149736,-5.083108
build_1799,Penrhiwceiber,PER,51.671906,-3.363662
build_1800,Penrhyndeudraeth,PRH,52.928623,-4.064905
build_1801,Penrith,PNR,54.661831,-2.758044
build_1802,Penryn,PYN,50.170206,-5.110885
build_1803,Pensarn,PES,52.830692,-4.112216
build_1804,Penshurst,PHR,51.197449,0.174125
build_1805,Pentre-Bach,PTB,51.724976,-3.362362
build_1806,Penychain,PNC,52.903,-4.33845
build_1807,Penyffordd,PNF,53.143253,-3.055472
build_1808,Penzance,PNZ,50.12162,-5.532489
build_1809,Perranwell,PRW,50.216431,-5.111868
build_1810,Perry Barr,PRY,52.516361,-1.90196
build_1811,Pershore,PSH,52.130249,-2.071555
build_1812,Perth,PTH,56.39275,-3.440068
build_1813,Peterborough,PBO,52.574947,-0.24981
build_1814,Petersfield,PTR,51.006924,-0.940951
build_1815,Petts Wood,PET,51.388996,0.075393
build_1816,Pevensey & Westham,PEV,50.815899,0.325291
build_1817,Pevensey Bay,PEB,50.818249,0.342453
build_1818,Pewsey,PEW,51.342411,-1.771691
build_1819,Pilning,PIL,51.556502,-2.627192
build_1820,Pineapple Road,PIR,52.42999,-1.90966
build_1821,Pinhoe,PIN,50.738079,-3.469582
build_1822,Pitlochry,PIT,56.70256,-3.736085
build_1823,Pitsea,PSE,51.560387,0.508806
build_1824,Pleasington,PLS,53.730961,-2.544142
build_1825,Plockton,PLK,57.333172,-5.666848
build_1826,Pluckley,PLC,51.156578,0.748571
build_1827,Plumley,PLM,53.274809,-2.419615
build_1828,Plumpton,PMP,50.929066,-0.060435
build_1829,Plumstead,PLU,51.48959,0.082828
build_1830,Plymouth,PLY,50.377762,-4.143386
build_1831,Pokesdown,POK,50.731022,-1.82568
build_1832,Polegate,PLG,50.820934,0.251705
build_1833,Polesworth,PSW,52.625893,-1.60995
build_1834,Pollokshaws East,PWE,55.824589,-4.287476
build_1835,Pollokshaws West,PWW,55.824318,-4.301826
build_1836,Pollokshields East,PLE,55.841103,-4.269287
build_1837,Pollokshields West,PLW,55.83736,-4.277043
build_1838,Polmont,PMT,55.984856,-3.716614
build_1839,Polsloe Bridge,POL,50.731274,-3.501785
build_1840,Ponders End,PON,51.642693,-0.034453
build_1841,Pont-Y-Pant,PYP,53.065033,-3.862462
build_1842,Pontarddulais,PTD,51.716866,-4.045417
build_1843,Pontefract Baghill,PFR,53.691517,-1.303355
build_1844,Pontefract Monkhill,PFM,53.698711,-1.304749
build_1845,Pontefract Tanshelf,POT,53.694313,-1.319964
build_1846,Pontlottyn,PLT,51.74659,-3.278995
build_1847,Pontyclun,PYC,51.524113,-3.390959
build_1848,Pontypool and New Inn,PPL,51.697926,-3.014277
build_1849,Pontypridd,PPD,51.599312,-3.342715
build_1850,Poole,POO,50.718559,-1.982964
build_1851,Poppleton,POP,53.976345,-1.147657
build_1852,Port Glasgow,PTG,55.9342,-4.689432
build_1853,Port Sunlight,PSL,53.349123,-2.998248
build_1854,Port Talbot Parkway,PTA,51.591671,-3.781362
build_1855,Portchester,PTC,50.848389,-1.126361
build_1856,Porth,POR,51.61203,-3.408079
build_1857,Porthmadog,PTM,52.930954,-4.136431
build_1858,Portlethen,PLN,57.060455,-2.128577
build_1859,Portslade,PLD,50.836044,-0.204898
build_1860,Portsmouth & Southsea,PMS,50.797756,-1.090417
build_1861,Portsmouth Arms,PMA,50.956768,-3.950633
build_1862,Portsmouth Harbour,PMH,50.796097,-1.108895
build_1863,Portway Park & Ride,PRI,51.488611,-2.688056
build_1864,Possilpark & Parkhouse,PPK,55.890717,-4.259381
build_1865,Potters Bar,PBR,51.697392,-0.192715
build_1866,Poulton-Le-Fylde,PFY,53.848128,-2.990212
build_1867,Poynton,PYT,53.350398,-2.13448
build_1868,Prees,PRS,52.89962,-2.689765
build_1869,Prescot,PSC,53.423535,-2.799022
build_1870,Prestatyn,PRT,53.336491,-3.407164
build_1871,Prestbury,PRB,53.293465,-2.14549
build_1872,Preston,PRE,53.755721,-2.707191
build_1873,Preston Park,PRP,50.846054,-0.154787
build_1874,Prestonpans,PST,55.953426,-2.973665
build_1875,Prestwick International Airport,PRA,55.511513,-4.616166
build_1876,Prestwick Town,PTW,55.501675,-4.613935
build_1877,Priesthill & Darnley,PTL,55.812737,-4.344246
build_1878,Princes Risborough,PRR,51.717697,-0.844059
build_1879,Prittlewell,PRL,51.550476,0.71167
build_1880,Prudhoe,PRU,54.966072,-1.864077
build_1881,Pulborough,PUL,50.957355,-0.517751
build_1882,Purfleet,PFL,51.481358,0.236575
build_1883,Purley,PUR,51.337334,-0.113592
build_1884,Purley Oaks,PUO,51.346989,-0.098843
build_1885,Putney,PUT,51.46125,-0.216463
build_1886,Pwllheli,PWL,52.887825,-4.416754
build_1887,Pye Corner,PYE,51.579513,-3.038295
build_1888,Pyle,PYL,51.527199,-3.702439
build_1889,Quakers Yard,QYD,51.660686,-3.322844
build_1890,Queenborough,QBR,51.416473,0.749756
build_1891,Queens Park (Glasgow),QPK,55.835747,-4.267368
build_1892,Queens Park (London),QPW,51.533916,-0.204966
build_1893,Queens Road Peckham,QRP,51.47401,-0.057553
build_1894,Queenstown Road (Battersea),QRB,51.474552,-0.146819
build_1895,Quintrell Downs,QUI,50.403908,-5.029838
build_1896,Radcliffe (Nottinghamshire),RDF,52.948906,-1.031059
build_1897,Radlett,RDT,51.68486,-0.317626
build_1898,Radley,RAD,51.685588,-1.240398
build_1899,Radyr,RDR,51.515831,-3.248028
build_1900,Rainford,RNF,53.51694,-2.789454
build_1901,Rainham (Essex),RNM,51.517449,0.190716
build_1902,Rainham (Kent),RAI,51.36657,0.611698
build_1903,Rainhill,RNH,53.417129,-2.766398
build_1904,Ramsgate,RAM,51.340767,1.405833
build_1905,Ramsgreave & Wilpshire,RGW,53.787868,-2.47657
build_1906,Rannoch,RAN,56.685318,-4.576208
build_1907,Rauceby,RAU,52.985081,-0.455247
build_1908,Ravenglass for Eskdale,RAV,54.355804,-3.409456
build_1909,Ravensbourne,RVB,51.413803,-0.0069
build_1910,Ravensthorpe,RVN,53.675964,-1.653298
build_1911,Rawcliffe,RWC,53.688141,-0.961174
build_1912,Rayleigh,RLG,51.589851,0.601393
build_1913,Raynes Park,RAY,51.409294,-0.22998
build_1914,Reading,RDG,51.458767,-0.972172
build_1915,Reading Green Park,RGP,51.426667,-1.001389
build_1916,Reading West,RDW,51.455077,-0.990143
build_1917,Rectory Road,REC,51.55872,-0.068379
build_1918,Redbridge,RDB,50.919697,-1.470737
build_1919,Redcar Central,RCC,54.615692,-1.069318
build_1920,Redcar East,RCE,54.609257,-1.05088
build_1921,Reddish North,RDN,53.448956,-2.15656
build_1922,Reddish South,RDS,53.435873,-2.159028
build_1923,Redditch,RDC,52.306337,-1.945248
build_1924,Redhill,RDH,51.240124,-0.164851
build_1925,Redland,RDA,51.468792,-2.598875
build_1926,Redruth,RED,50.233111,-5.225877
build_1927,Reedham (London),RHM,51.332108,-0.123854
build_1928,Reedham (Norfolk),REE,52.564045,1.558941
build_1929,Reigate,REI,51.241623,-0.203474
build_1930,Renton,RTN,55.970566,-4.586181
build_1931,Reston,RSN,55.8506,-2.1972
build_1932,Retford,RET,53.315872,-0.94772
build_1933,Rhiwbina,RHI,51.520687,-3.213561
build_1934,Rhoose Cardiff Airport,RIA,51.387454,-3.347599
build_1935,Rhosneigr,RHO,53.234782,-4.505768
build_1936,Rhyl,RHL,53.318409,-3.489144
build_1937,Rhymney,RHY,51.759064,-3.289494
build_1938,Ribblehead,RHD,54.205776,-2.36087
build_1939,Rice Lane,RIL,53.457738,-2.962253
build_1940,Richmond,RMD,51.462505,-0.301346
build_1941,Rickmansworth,RIC,51.640447,-0.473013
build_1942,Riddlesdown,RDD,51.332611,-0.099436
build_1943,Ridgmont,RID,52.026588,-0.594903
build_1944,Riding Mill,RDM,54.949066,-1.97186
build_1945,Risca & Pontymister,RCA,51.60443,-3.093533
build_1946,Rishton,RIS,53.763813,-2.420165
build_1947,Robertsbridge,RBR,50.984726,0.469092
build_1948,Robroyston,RRN,55.887581,-4.172291
build_1949,Roby,ROB,53.410034,-2.855956
build_1950,Rochdale,RCD,53.610293,-2.153444
build_1951,Roche,ROC,50.418911,-4.830658
build_1952,Rochester,RTR,51.384968,0.510698
build_1953,Rochford,RFD,51.581276,0.701959
build_1954,Rock Ferry,RFY,53.372269,-3.010898
build_1955,Rogart,ROG,57.988979,-4.158224
build_1956,Rogerstone,ROR,51.593413,-3.065478
build_1957,Rolleston,ROL,53.065536,-0.900095
build_1958,Roman Bridge,RMB,53.044319,-3.92125
build_1959,Romford,RMF,51.575016,0.181986
build_1960,Romiley,RML,53.414026,-2.089307
build_1961,Romsey,ROM,50.992641,-1.492716
build_1962,Roose,ROO,54.115157,-3.19457
build_1963,Rose Grove,RSG,53.786686,-2.282282
build_1964,Rose Hill Marple,RSH,53.396176,-2.076502
build_1965,Rosyth,ROS,56.046055,-3.427114
build_1966,Rotherham Central,RMC,53.429356,-1.358811
build_1967,Rotherhithe,ROE,51.50098,-0.05353
build_1968,Roughton Road,RNR,52.917828,1.299239
build_1969,Rowlands Castle,RLN,50.892864,-0.957748
build_1970,Rowley Regis,ROW,52.477299,-2.030885
build_1971,Roy Bridge,RYB,56.888184,-4.83645
build_1972,Roydon,RYN,51.775494,0.035088
build_1973,Royston,RYS,52.053509,-0.026686
build_1974,Ruabon,RUA,52.986935,-3.044214
build_1975,Rufford,RUF,53.634817,-2.806792
build_1976,Rugby,RUG,52.378719,-1.249263
build_1977,Rugeley Town,RGT,52.754672,-1.936963
build_1978,Rugeley Trent Valley,RGL,52.769451,-1.930309
build_1979,Runcorn,RUN,53.338696,-2.73919
build_1980,Runcorn East,RUE,53.326929,-2.665102
build_1981,Ruskington,RKT,53.041615,-0.380127
build_1982,Ruswarp,RUS,54.470367,-0.626664
build_1983,Rutherglen,RUT,55.830448,-4.212766
build_1984,Ryde Esplanade,RYD,50.733517,-1.159676
build_1985,Ryde Pier Head,RYP,50.738914,-1.159578
build_1986,Ryde St Johns Road,RYR,50.72361,-1.157028
build_1987,Ryder Brow,RRB,53.457916,-2.176173
build_1988,Rye,RYE,50.951916,0.730782
build_1989,Rye House,RYH,51.76881,0.005796
build_1990,Salford Central,SFD,53.482913,-2.254686
build_1991,Salford Crescent,SLD,53.486462,-2.275715
build_1992,Salfords,SAF,51.201412,-0.162096
build_1993,Salhouse,SAH,52.675083,1.391886
build_1994,Salisbury,SAL,51.070915,-1.805864
build_1995,Saltaire,SAE,53.838066,-1.790246
build_1996,Saltash,STS,50.407108,-4.209449
build_1997,Saltburn,SLB,54.583462,-0.974116
build_1998,Saltcoats,SLT,55.633648,-4.784804
build_1999,Saltmarshe,SAM,53.722675,-0.808765
build_2000,Salwick,SLW,53.781536,-2.817973
build_2001,Sandal & Agbrigg,SNA,53.664574,-1.485404
build_2002,Sandbach,SDB,53.150113,-2.393528
build_2003,Sanderstead,SNR,51.348694,-0.093017
build_2004,Sandhills,SDL,53.430021,-2.9915
build_2005,Sandhurst,SND,51.34642,-0.803911
build_2006,Sandling,SDG,51.09021,1.065995
build_2007,Sandown,SAN,50.657101,-1.162457
build_2008,Sandplace,SDP,50.386684,-4.464549
build_2009,Sandwell & Dudley,SAD,52.508431,-2.011281
build_2010,Sandwich,SDW,51.269711,1.343208
build_2011,Sandy,SDY,52.124931,-0.28065
build_2012,Sankey for Penketh,SNK,53.392452,-2.651094
build_2013,Sanquhar,SQH,55.370633,-3.923437
build_2014,Sarn,SRR,51.540049,-3.589196
build_2015,Saundersfoot,SDF,51.722084,-4.718965
build_2016,Saunderton,SDR,51.675751,-0.825626
build_2017,Sawbridgeworth,SAW,51.814625,0.160177
build_2018,Saxilby,SXY,53.267193,-0.664018
build_2019,Saxmundham,SAX,52.215309,1.489965
build_2020,Scarborough,SCA,54.2798,-0.405666
build_2021,Scotscalder,SCT,58.482891,-3.553764
build_2022,Scotstounhill,SCH,55.884491,-4.351765
build_2023,Scunthorpe,SCU,53.58617,-0.650951
build_2024,Sea Mills,SML,51.480209,-2.649427
build_2025,Seaburn,SEB,54.929558,-1.38667
build_2026,Seaford,SEF,50.772495,0.10045
build_2027,Seaforth & Litherland,SFL,53.466336,-3.005619
build_2028,Seaham,SEA,54.836835,-1.341019
build_2029,Seamer,SEM,54.241287,-0.416367
build_2030,Seascale,SSC,54.395351,-3.48476
build_2031,Seaton Carew,SEC,54.657959,-1.200106
build_2032,Seaton Delaval,SEJ,55.0755,-1.5372
build_2033,Seer Green & Jordans,SRG,51.609524,-0.607809
build_2034,Selby,SBY,53.78336,-1.06355
build_2035,Selhurst,SRS,51.392704,-0.089759
build_2036,Sellafield,SEL,54.416571,-3.510293
build_2037,Selling,SEG,51.277817,0.940801
build_2038,Selly Oak,SLY,52.441322,-1.936708
build_2039,Settle,SET,54.066897,-2.280704
build_2040,Seven Kings,SVK,51.563992,0.096325
build_2041,Seven Sisters,SVS,51.584007,-0.074521
build_2042,Sevenoaks,SEV,51.27734,0.182193
build_2043,Severn Beach,SVB,51.559864,-2.664227
build_2044,Severn Tunnel Junction,STJ,51.584629,-2.777917
build_2045,Shadwell,SDE,51.51093,-0.05743
build_2046,Shalford,SFR,51.214264,-0.566789
build_2047,Shanklin,SHN,50.633842,-1.179841
build_2048,Shawfair,SFI,55.91993,-3.07872
build_2049,Shawford,SHW,51.021488,-1.328428
build_2050,Shawlands,SHL,55.828987,-4.292521
build_2051,Sheerness-On-Sea,SSS,51.440559,0.758397
build_2052,Sheffield,SHF,53.378639,-1.463297
build_2053,Shelford,SED,52.149517,0.139805
build_2054,Shenfield,SNF,51.630615,0.330602
build_2055,Shenstone,SEN,52.638985,-1.844528
build_2056,Shepherds Bush,SPB,51.506,-0.218
build_2057,Shepherds Well,SPH,51.188339,1.229952
build_2058,Shepley,SPY,53.588913,-1.703863
build_2059,Shepperton,SHP,51.397091,-0.447521
build_2060,Shepreth,STH,52.114567,0.031517
build_2061,Sherborne,SHE,50.94405,-2.513816
build_2062,Sherburn-In-Elmet,SIE,53.797142,-1.23176
build_2063,Sheringham,SHM,52.94096,1.210195
build_2064,Shettleston,SLS,55.852959,-4.159731
build_2065,Shieldmuir,SDM,55.775532,-3.952944
build_2066,Shifnal,SFN,52.666405,-2.371116
build_2067,Shildon,SHD,54.626816,-1.637515
build_2068,Shiplake,SHI,51.51121,-0.882452
build_2069,Shipley,SHY,53.833553,-1.773558
build_2070,Shippea Hill,SPP,52.430218,0.412299
build_2071,Shipton,SIP,51.866131,-1.591864
build_2072,Shirebrook,SHB,53.20369,-1.201995
build_2073,Shirehampton,SHH,51.484216,-2.679162
build_2074,Shireoaks,SRO,53.32481,-1.16821
build_2075,Shirley,SRL,52.403473,-1.845632
build_2076,Shoeburyness,SRY,51.531414,0.795616
build_2077,Sholing,SHO,50.896687,-1.36436
build_2078,Shoreditch High Street,SDC,51.523433,-0.075614
build_2079,Shoreham (Kent),SEH,51.332092,0.187665
build_2080,Shoreham-By-Sea,SSE,50.834358,-0.271709
build_2081,Shortlands,SRT,51.405548,0.002798
build_2082,Shotton,SHT,53.21352,-3.037728
build_2083,Shotts,SHS,55.818302,-3.80024
build_2084,Shrewsbury,SHR,52.711369,-2.74897
build_2085,Sidcup,SID,51.434361,0.103342
build_2086,Sileby,SIL,52.731595,-1.109979
build_2087,Silecroft,SIC,54.225966,-3.334281
build_2088,Silkstone Common,SLK,53.537239,-1.560883
build_2089,Silver Street,SLV,51.615364,-0.067415
build_2090,Silverdale,SVR,54.169922,-2.804164
build_2091,Singer,SIN,55.907711,-4.405983
build_2092,Sittingbourne,SIT,51.342201,0.733817
build_2093,Skegness,SKG,53.143032,0.333926
build_2094,Skewen,SKE,51.660789,-3.847692
build_2095,Skipton,SKI,53.958691,-2.025878
build_2096,Slade Green,SGR,51.466957,0.189792
build_2097,Slaithwaite,SWT,53.624275,-1.87901
build_2098,Slateford,SLA,55.926731,-3.243476
build_2099,Sleaford,SLR,52.995274,-0.410174
build_2100,Sleights,SLH,54.46088,-0.66246
build_2101,Slough,SLO,51.511921,-0.591803
build_2102,Small Heath,SMA,52.46283,-1.858673
build_2103,Smallbrook Junction,SAB,50.712822,-1.15721
build_2104,Smethwick Galton Bridge,SGB,52.501826,-1.980632
build_2105,Smethwick Rolfe Street,SMR,52.49632,-1.969885
build_2106,Smithy Bridge,SMB,53.633266,-2.113394
build_2107,Snaith,SNI,53.693192,-1.027678
build_2108,Snodland,SDA,51.330521,0.448864
build_2109,Snowdown,SWO,51.214886,1.213187
build_2110,Soham,SOJ,52.33415,0.3277
build_2111,Sole Street,SOR,51.38327,0.376939
build_2112,Solihull,SOL,52.415081,-1.78972
build_2113,Somerleyton,SYT,52.509892,1.653333
build_2114,South Acton,SAT,51.499813,-0.269697
build_2115,South Bank,SBK,54.582375,-1.186112
build_2116,South Bermondsey,SBM,51.487446,-0.054101
build_2117,South Croydon,SCY,51.362194,-0.093903
build_2118,South Elmsall,SES,53.595234,-1.285286
build_2119,South Greenford,SGN,51.533339,-0.336403
build_2120,South Gyle,SGL,55.936951,-3.298234
build_2121,South Hampstead,SOH,51.541424,-0.178759
build_2122,South Kenton,SOK,51.56963,-0.308894
build_2123,South Merton,SMO,51.40353,-0.205764
build_2124,South Milford,SOM,53.781994,-1.251772
build_2125,South Ruislip,SRU,51.556742,-0.398812
build_2126,South Tottenham,STO,51.58036,-0.071788
build_2127,South Wigston,SWS,52.582451,-1.132918
build_2128,South Woodham Ferrers,SOF,51.64957,0.606512
build_2129,Southall,STL,51.505884,-0.378513
build_2130,Southampton Airport Parkway,SOA,50.950638,-1.36362
build_2131,Southampton Central,SOU,50.907742,-1.413983
build_2132,Southampton Town Quay,STQ,50.895035,-1.405778
build_2133,Southbourne,SOB,50.848343,-0.907601
build_2134,Southbury,SBU,51.648396,-0.052998
build_2135,Southease,SEE,50.831284,0.03066
build_2136,Southend Airport,SIA,51.5687,0.704084
build_2137,Southend Central,SOC,51.536972,0.712305
build_2138,Southend East,SOE,51.539234,0.731196
build_2139,Southend Victoria,SOV,51.542389,0.711184
build_2140,Southminster,SMN,51.660873,0.835397
build_2141,Southport,SOP,53.646597,-3.002229
build_2142,Southwick,SWK,50.832928,-0.236254
build_2143,Sowerby Bridge,SOW,53.707886,-1.90756
build_2144,Spalding,SPA,52.788418,-0.156722
build_2145,Spean Bridge,SBR,56.889839,-4.920321
build_2146,Spital,SPI,53.339869,-2.993903
build_2147,Spondon,SPO,52.912267,-1.410627
build_2148,Spooner Row,SPN,52.535057,1.086088
build_2149,Spring Road,SRI,52.44392,-1.83666
build_2150,Springburn,SPR,55.881363,-4.230064
build_2151,Springfield,SPF,56.295116,-3.051808
build_2152,Squires Gate,SQU,53.776756,-3.049403
build_2153,St Albans,SAC,51.748829,-0.326842
build_2154,St Albans Abbey,SAA,51.744675,-0.342422
build_2155,St Andrews Road,SAR,51.513214,-2.696009
build_2156,St Annes-On-The-Sea,SAS,53.753383,-3.029662
build_2157,St Austell,SAU,50.338863,-4.789557
build_2158,St Bees,SBS,54.492465,-3.591263
build_2159,St Budeaux Ferry Road,SBF,50.401241,-4.186661
build_2160,St Budeaux Victoria Road,SBV,50.403008,-4.188144
build_2161,St Columb Road,SCR,50.399002,-4.94085
build_2162,St Denys,SDN,50.921997,-1.3882
build_2163,St Erth,SER,50.171074,-5.443694
build_2164,St Germans,SGM,50.394386,-4.308757
build_2165,St Helens Central,SNH,53.453117,-2.730328
build_2166,St Helens Junction,SHJ,53.433525,-2.699892
build_2167,St Helier,SIH,51.389935,-0.199115
build_2168,St Ives,SIV,50.208759,-5.477247
build_2169,St James Street,SJS,51.580612,-0.032804
build_2170,St James' Park,SJP,50.731094,-3.523202
build_2171,St Johns,SAJ,51.468937,-0.023225
build_2172,St Keyne,SKN,50.422714,-4.462204
build_2173,St Leonards Warrior Square,SLQ,50.855942,0.560326
build_2174,St Margarets (Herts),SMT,51.787773,0.000837
build_2175,St Margarets (London),SMG,51.454689,-0.320352
build_2176,St Mary Cray,SMY,51.394714,0.107269
build_2177,St Michaels,STM,53.375649,-2.952704
build_2178,St Neots,SNO,52.231438,-0.247244
build_2179,St Peters,STZ,54.91066,-1.38387
build_2180,Stafford,STA,52.804466,-2.123088
build_2181,Staines,SNS,51.432873,-0.502415
build_2182,Stallingborough,SLL,53.587158,-0.182581
build_2183,Stalybridge,SYB,53.484471,-2.06264
build_2184,Stamford,SMD,52.647358,-0.480474
build_2185,Stamford Hill,SMH,51.575035,-0.076343
build_2186,Stanford-Le-Hope,SFO,51.513634,0.422634
build_2187,Stanlow & Thornton,SNT,53.277996,-2.841318
build_2188,Stansted Airport,SSD,51.888979,0.26162
build_2189,Stansted Mountfitchet,SST,51.901495,0.199642
build_2190,Staplehurst,SPU,51.171856,0.55061
build_2191,Stapleton Road,SRD,51.468052,-2.565747
build_2192,Starbeck,SBE,53.999004,-1.501116
build_2193,Starcross,SCS,50.627731,-3.447757
build_2194,Staveley,SVL,54.375629,-2.818961
build_2195,Stechford,SCF,52.485241,-1.810006
build_2196,Steeton & Silsden,SON,53.900257,-1.946704
build_2197,Stepps,SPS,55.890026,-4.147389
build_2198,Stevenage,SVG,51.899025,-0.206437
build_2199,Stevenston,STV,55.633533,-4.749829
build_2200,Stewartby,SWR,52.06974,-0.520596
build_2201,Stewarton,STT,55.681633,-4.519346
build_2202,Stirling,STG,56.119114,-3.934915
build_2203,Stockport,SPT,53.4049,-2.162419
build_2204,Stocksfield,SKS,54.94635,-1.917227
build_2205,Stocksmoor,SSM,53.594349,-1.723478
build_2206,Stockton,STK,54.56971,-1.31784
build_2207,Stoke Mandeville,SKM,51.78772,-0.783575
build_2208,Stoke Newington,SKW,51.565079,-0.07244
build_2209,Stoke-On-Trent,SOT,53.008012,-2.181119
build_2210,Stone,SNE,52.90832,-2.154951
build_2211,Stone Crossing,SCG,51.452053,0.263924
build_2212,Stonebridge Park,SBP,51.543961,-0.275233
build_2213,Stonegate,SOG,51.020184,0.364016
build_2214,Stonehaven,STN,56.966888,-2.225286
build_2215,Stonehouse,SHU,51.746029,-2.279516
build_2216,Stoneleigh,SNL,51.363701,-0.247546
build_2217,Stourbridge Junction,SBJ,52.447563,-2.133857
build_2218,Stourbridge Town,SBT,52.456539,-2.142716
build_2219,Stow,SOI,55.691398,-2.857782
build_2220,Stowmarket,SMK,52.190105,1.000662
build_2221,Stranraer,STR,54.909626,-5.024806
build_2222,Stratford (London),SRA,51.542358,-0.004175
build_2223,Stratford International,SFA,51.544306,-0.009882
build_2224,Stratford-upon-Avon,SAV,52.19376,-1.716148
build_2225,Stratford-upon-Avon Parkway,STY,52.20642,-1.7307
build_2226,Strathcarron,STC,57.422585,-5.429166
build_2227,Strawberry Hill,STW,51.439682,-0.339597
build_2228,Streatham,STE,51.425755,-0.131535
build_2229,Streatham Common,SRC,51.418629,-0.136136
build_2230,Streatham Hill,SRH,51.43829,-0.128136
build_2231,Streethouse,SHC,53.676158,-1.399346
build_2232,Strines,SRN,53.374932,-2.033544
build_2233,Stromeferry,STF,57.352688,-5.550702
build_2234,Strood,SOO,51.396,0.4998
build_2235,Stroud,STD,51.744358,-2.218673
build_2236,Sturry,STU,51.301018,1.121644
build_2237,Styal,SYA,53.348137,-2.240313
build_2238,Sudbury & Harrow Road,SUD,51.554459,-0.316676
build_2239,Sudbury Hill Harrow,SDH,51.558423,-0.336092
build_2240,Sudbury Suffolk,SUY,52.035591,0.735111
build_2241,Sugar Loaf,SUG,52.082237,-3.686991
build_2242,Summerston,SUM,55.89835,-4.283814
build_2243,Sunbury,SUU,51.418262,-0.416611
build_2244,Sunderland,SUN,54.90617,-1.382357
build_2245,Sundridge Park,SUP,51.413338,0.020402
build_2246,Sunningdale,SNG,51.391312,-0.633135
build_2247,Sunnymeads,SNY,51.470451,-0.558781
build_2248,Surbiton,SUR,51.392406,-0.303942
build_2249,Surrey Quays,SQE,51.49279,0.048114
build_2250,Sutton (London),SUO,51.360126,-0.190223
build_2251,Sutton Coldfield,SUT,52.565269,-1.824404
build_2252,Sutton Common,SUC,51.375519,-0.196799
build_2253,Sutton Parkway,SPK,53.122108,-1.236385
build_2254,Swale,SWL,51.390434,0.748194
build_2255,Swanley,SAY,51.392727,0.16755
build_2256,Swanscombe- George & Dragon,SWM,51.449356,0.309854
build_2257,Swansea,SWA,51.625103,-3.941598
build_2258,Swanwick,SNW,50.875427,-1.265151
build_2259,Sway,SWY,50.784454,-1.609864
build_2260,Swaythling,SWG,50.941719,-1.376552
build_2261,Swinderby,SWD,53.168732,-0.702985
build_2262,Swindon,SWI,51.565437,-1.786448
build_2263,Swineshead,SWE,52.969593,-0.186255
build_2264,Swinton (Manchester),SNN,53.514822,-2.337384
build_2265,Swinton (South Yorks),SWN,53.487484,-1.305195
build_2266,Sydenham,SYD,51.427208,-0.055232
build_2267,Sydenham Hill,SYH,51.433002,-0.079444
build_2268,Syon Lane,SYL,51.481735,-0.325116
build_2269,Syston,SYS,52.693111,-1.082611
build_2270,Tackley,TAC,51.88118,-1.297202
build_2271,Tadworth,TAD,51.29158,-0.235953
build_2272,Taffs Well,TAF,51.540848,-3.263129
build_2273,Tain,TAI,57.814651,-4.051826
build_2274,Tal-Y-Cafn,TLC,53.228443,-3.818606
build_2275,Talsarnau,TAL,52.904289,-4.068213
build_2276,Talybont,TLB,52.772507,-4.097534
build_2277,Tame Bridge Parkway,TAB,52.551022,-1.974899
build_2278,Tamworth,TAM,52.63737,-1.687083
build_2279,Taplow,TAP,51.523528,-0.681474
build_2280,Tattenham Corner,TAT,51.308765,-0.242456
build_2281,Taunton,TAU,51.023613,-3.102146
build_2282,Taynuilt,TAY,56.430714,-5.23868
build_2283,Teddington,TED,51.424294,-0.332965
build_2284,Teesside Airport,TEA,54.518147,-1.425305
build_2285,Teignmouth,TGM,50.547993,-3.494712
build_2286,Telford Central,TFC,52.678764,-2.440744
build_2287,Templecombe,TMC,51.001083,-2.417532
build_2288,Tenby,TEN,51.672897,-4.707348
build_2289,Teynham,TEY,51.333248,0.807944
build_2290,Thames Ditton,THD,51.388424,-0.340027
build_2291,Thanet Parkway,THP,51.330843,1.361777
build_2292,Thatcham,THA,51.39384,-1.243048
build_2293,Thatto Heath,THH,53.436585,-2.759419
build_2294,The Hawthorns,THW,52.505165,-1.96313
build_2295,The Lakes,TLK,52.359436,-1.845782
build_2296,Theale,THE,51.433395,-1.074968
build_2297,Theobalds Grove,TEO,51.692162,-0.035216
build_2298,Thetford,TTF,52.419384,0.744109
build_2299,Thirsk,THI,54.228489,-1.372573
build_2300,Thornaby,TBY,54.559734,-1.301006
build_2301,Thorne North,TNN,53.616329,-0.972006
build_2302,Thorne South,TNS,53.602707,-0.957227
build_2303,Thornford,THO,50.911377,-2.57889
build_2304,Thornliebank,THB,55.810642,-4.312201
build_2305,Thornton Abbey,TNA,53.653942,-0.323458
build_2306,Thornton Heath,TTH,51.399181,-0.100981
build_2307,Thorntonhall,THT,55.767746,-4.250674
build_2308,Thorpe Bay,TPB,51.537586,0.762828
build_2309,Thorpe Culvert,TPC,53.123108,0.19982
build_2310,Thorpe-Le-Soken,TLS,51.847698,1.162258
build_2311,Three Bridges,TBD,51.116863,-0.161162
build_2312,Three Oaks,TOK,50.900658,0.612558
build_2313,Thurgarton,THU,53.02924,-0.962157
build_2314,Thurnscoe,THC,53.545033,-1.308775
build_2315,Thurso,THS,58.590092,-3.527548
build_2316,Thurston,TRS,52.249699,0.808347
build_2317,Tilbury Town,TIL,51.462879,0.353724
build_2318,Tile Hill,THL,52.394798,-1.594357
build_2319,Tilehurst,TLH,51.471333,-1.029754
build_2320,Tipton,TIP,52.53039,-2.065499
build_2321,Tir-Phil,TIR,51.72086,-3.246424
build_2322,Tisbury,TIS,51.060257,-2.078456
build_2323,Tiverton Parkway,TVP,50.917477,-3.359979
build_2324,Todmorden,TOD,53.713612,-2.099977
build_2325,Tolworth,TOL,51.37677,-0.280098
build_2326,Ton Pentre,TPN,51.647942,-3.485801
build_2327,Tonbridge,TON,51.191132,0.269715
build_2328,Tondu,TDU,51.548492,-3.595064
build_2329,Tonfanau,TNF,52.613789,-4.123919
build_2330,Tonypandy,TNP,51.61961,-3.450216
build_2331,Tooting,TOO,51.419914,-0.16053
build_2332,Topsham,TOP,50.685989,-3.4637
build_2333,Torquay,TQY,50.461014,-3.544095
build_2334,Torre,TRR,50.472664,-3.547292
build_2335,Totnes,TOT,50.435623,-3.688317
build_2336,Tottenham Court Road,TCR,51.5162,-0.1309
build_2337,Tottenham Hale,TOM,51.588257,-0.059914
build_2338,Totton,TTN,50.917953,-1.482138
build_2339,Town Green,TWN,53.542807,-2.9045
build_2340,Trafford Park,TRA,53.454899,-2.310836
build_2341,Trefforest,TRF,51.591419,-3.325157
build_2342,Trefforest Estate,TRE,51.568417,-3.2913
build_2343,Trehafod,TRH,51.609661,-3.380569
build_2344,Treherbert,TRB,51.671577,-3.53575
build_2345,Treorchy,TRY,51.657593,-3.504922
build_2346,Trimley,TRM,51.976509,1.318431
build_2347,Tring,TRI,51.800327,-0.622253
build_2348,Troed-Y-Rhiw,TRD,51.71257,-3.346066
build_2349,Troon,TRN,55.543045,-4.654731
build_2350,Trowbridge,TRO,51.319954,-2.215222
build_2351,Truro,TRU,50.263603,-5.063017
build_2352,Tulloch,TUL,56.883984,-4.701509
build_2353,Tulse Hill,TUH,51.439713,-0.10506
build_2354,Tunbridge Wells,TBW,51.130119,0.262435
build_2355,Turkey Street,TUR,51.673481,-0.047594
build_2356,Tutbury & Hatton,TUT,52.864342,-1.682085
build_2357,Tweedbank,TWB,55.604394,-2.764936
build_2358,Twickenham,TWI,51.450321,-0.329136
build_2359,Twyford,TWY,51.475605,-0.86389
build_2360,Ty Croes,TYC,53.222885,-4.476033
build_2361,Ty Glas,TGS,51.519104,-3.193341
build_2362,Tygwyn,TYG,52.893307,-4.079579
build_2363,Tyndrum Lower,TYL,56.433407,-4.714873
build_2364,Tyseley,TYS,52.453819,-1.839568
build_2365,Tywyn,TYW,52.584663,-4.092974
build_2366,Uckfield,UCK,50.968651,0.095048
build_2367,Uddingston,UDD,55.823669,-4.086266
build_2368,Ulceby,ULC,53.619457,-0.30063
build_2369,Ulleskelf,ULL,53.85276,-1.215536
build_2370,Ulverston,ULV,54.191872,-3.097327
build_2371,Umberleigh,UMB,50.996704,-3.982228
build_2372,University (Birmingham),UNI,52.451218,-1.936691
build_2373,Uphall,UHA,55.919395,-3.499279
build_2374,Upholland,UPL,53.528192,-2.741346
build_2375,Upminster,UPM,51.559307,0.251938
build_2376,Upper Halliford,UPH,51.413036,-0.429722
build_2377,Upper Holloway,UHL,51.563652,-0.129293
build_2378,Upper Tyndrum,UTY,56.434551,-4.7036
build_2379,Upper Warlingham,UWL,51.307972,-0.077498
build_2380,Upton,UPT,53.385712,-3.084013
build_2381,Upwey,UPW,50.64838,-2.466731
build_2382,Urmston,URM,53.448203,-2.35344
build_2383,Uttoxeter,UTT,52.897041,-1.857258
build_2384,Valley,VAL,53.281281,-4.563436
build_2385,Vauxhall,VXH,51.485686,-0.124025
build_2386,Virginia Water,VIR,51.401257,-0.562389
build_2387,Waddon,WDO,51.367062,-0.116688
build_2388,Wadhurst,WAD,51.07338,0.312483
build_2389,Wainfleet,WFL,53.105373,0.234774
build_2390,Wakefield Kirkgate,WKK,53.67897,-1.488254
build_2391,Wakefield Westgate,WKF,53.681736,-1.506386
build_2392,Walkden,WKD,53.520313,-2.395128
build_2393,Wallasey Grove Road,WLG,53.428049,-3.06982
build_2394,Wallasey Village,WLV,53.422695,-3.069901
build_2395,Wallington,WLT,51.360424,-0.151431
build_2396,Wallyford,WAF,55.942322,-3.013417
build_2397,Walmer,WAM,51.203808,1.382819
build_2398,Walsall,WSL,52.584282,-1.98521
build_2399,Walsden,WDN,53.696056,-2.104719
build_2400,Waltham Cross,WLC,51.684834,-0.026846
build_2401,Walthamstow Central,WHC,51.583092,-0.019715
build_2402,Walthamstow Queens Road,WMW,51.581367,-0.024113
build_2403,Walton (Merseyside),WAO,53.456346,-2.965794
build_2404,Walton-On-Thames,WAL,51.372364,-0.413873
build_2405,Walton-On-The-Naze,WON,51.846603,1.268192
build_2406,Wanborough,WAN,51.245129,-0.66756
build_2407,Wandsworth Common,WSW,51.446072,-0.165239
build_2408,Wandsworth Road,WWR,51.470829,-0.138332
build_2409,Wandsworth Town,WNT,51.460812,-0.187679
build_2410,Wanstead Park,WNP,51.551746,0.025089
build_2411,Wapping,WPE,51.50372,-0.05629
build_2412,Warblington,WBL,50.853382,-0.967163
build_2413,Ware,WAR,51.808056,-0.028729
build_2414,Wareham,WRM,50.692425,-2.114646
build_2415,Wargrave,WGV,51.498217,-0.876589
build_2416,Warminster,WMN,51.206722,-2.177467
build_2417,Warnham,WNH,51.0933,-0.329193
build_2418,Warrington Bank Quay,WBQ,53.385509,-2.602871
build_2419,Warrington Central,WAC,53.391857,-2.592434
build_2420,Warrington West,WAW,53.393744,-2.636929
build_2421,Warwick,WRW,52.286861,-1.582155
build_2422,Warwick Parkway,WRP,52.286268,-1.613493
build_2423,Water Orton,WTO,52.518379,-1.743538
build_2424,Waterbeach,WBC,52.26268,0.196555
build_2425,Wateringbury,WTR,51.249214,0.423039
build_2426,Waterloo (Merseyside),WLO,53.474968,-3.025532
build_2427,Watford High Street,WFH,51.652743,-0.391656
build_2428,Watford Junction,WFJ,51.663475,-0.396506
build_2429,Watford North,WFN,51.675087,-0.3903
build_2430,Watlington,WTG,52.672703,0.382736
build_2431,Watton-At-Stone,WAS,51.857201,-0.119521
build_2432,Waun-Gron Park,WNG,51.486366,-3.228492
build_2433,Wavertree Technology Park,WAV,53.405132,-2.922964
build_2434,Wedgwood,WED,52.951839,-2.171135
build_2435,Weeley,WEE,51.852566,1.114661
build_2436,Weeton,WET,53.923813,-1.581206
build_2437,Welham Green,WMG,51.736324,-0.209989
build_2438,Welling,WLI,51.464966,0.101872
build_2439,Wellingborough,WEL,52.303867,-0.676496
build_2440,Wellington (Shropshire),WLN,52.700928,-2.516438
build_2441,Welshpool,WLP,52.656998,-3.141297
build_2442,Welwyn Garden City,WGC,51.800957,-0.203081
build_2443,Welwyn North,WLW,51.824165,-0.191992
build_2444,Wem,WEM,52.856293,-2.718784
build_2445,Wembley Central,WMB,51.551468,-0.296592
build_2446,Wembley Stadium,WCX,51.553993,-0.284958
build_2447,Wemyss Bay,WMS,55.876656,-4.888525
build_2448,Wendover,WND,51.76193,-0.747778
build_2449,Wennington,WNN,54.123531,-2.587517
build_2450,West Allerton,WSA,53.36912,-2.907
build_2451,West Brompton,WBP,51.487289,-0.195265
build_2452,West Byfleet,WBY,51.339394,-0.505468
build_2453,West Calder,WCL,55.853848,-3.567045
build_2454,West Croydon,WCY,51.378517,-0.101844
build_2455,West Drayton,WDT,51.509827,-0.472515
build_2456,West Dulwich,WDU,51.440388,-0.090646
build_2457,West Ealing,WEA,51.513123,-0.320792
build_2458,West Ham,WEH,51.528709,0.005323
build_2459,West Hampstead,WHD,51.54711,-0.191016
build_2460,West Hampstead Thameslink,WHP,51.548644,-0.1924
build_2461,West Horndon,WHR,51.56744,0.341807
build_2462,West Kilbride,WKB,55.696842,-4.851365
build_2463,West Kirby,WKI,53.373171,-3.183771
build_2464,West Malling,WMA,51.291584,0.418098
build_2465,West Norwood,WNW,51.431583,-0.102517
build_2466,West Ruislip,WRU,51.569708,-0.437812
build_2467,West Runton,WRN,52.935497,1.245516
build_2468,West St Leonards,WLD,50.85368,0.540303
build_2469,West Sutton,WSU,51.365734,-0.20437
build_2470,West Wickham,WWI,51.381577,-0.015495
build_2471,West Worthing,WWO,50.818111,-0.392983
build_2472,Westbury,WSB,51.26693,-2.199202
build_2473,Westcliff,WCF,51.537437,0.692146
build_2474,Westcombe Park,WCB,51.484428,0.017787
build_2475,Westenhanger,WHA,51.095444,1.037775
build_2476,Wester Hailes,WTA,55.913727,-3.284654
build_2477,Westerfield,WFI,52.081417,1.167082
build_2478,Westerton,WES,55.905479,-4.335444
build_2479,Westgate-On-Sea,WGA,51.381386,1.338402
build_2480,Westhoughton,WHG,53.555775,-2.523773
build_2481,Weston Milton,WNM,51.348579,-2.942236
build_2482,Weston-Super-Mare,WSM,51.34454,-2.972301
build_2483,Wetheral,WRL,54.883308,-2.833897
build_2484,Weybridge,WYB,51.361248,-0.457352
build_2485,Weymouth,WEY,50.61515,-2.455103
build_2486,Whaley Bridge,WBR,53.330402,-1.983448
build_2487,Whalley,WHE,53.824165,-2.412186
build_2488,Whatstandwell,WTS,53.083076,-1.504312
build_2489,Whifflet,WFF,55.852596,-4.022313
build_2490,Whimple,WHM,50.768253,-3.354243
build_2491,Whinhill,WNL,55.938396,-4.746744
build_2492,Whiston,WHN,53.413932,-2.796407
build_2493,Whitby,WTB,54.484615,-0.615376
build_2494,Whitchurch (Cardiff),WHT,51.520599,-3.222209
build_2495,Whitchurch (Hampshire),WCH,51.237358,-1.338183
build_2496,Whitchurch (Shropshire),WTC,52.968048,-2.671497
build_2497,White Hart Lane,WHL,51.604622,-0.070759
build_2498,White Notley,WNY,51.839069,0.596874
build_2499,Whitechapel,ZLW,51.519091,-0.061404
build_2500,Whitecraigs,WCR,55.790001,-4.310977
build_2501,Whitehaven,WTH,54.552864,-3.586843
build_2502,Whitland,WTL,51.817989,-4.614454
build_2503,Whitley Bridge,WBD,53.698685,-1.159331
build_2504,Whitlocks End,WTE,52.3918,-1.851545
build_2505,Whitstable,WHI,51.358204,1.033577
build_2506,Whittlesea,WLE,52.549522,-0.116602
build_2507,Whittlesford Parkway,WLF,52.104092,0.165388
build_2508,Whitton,WTN,51.447109,-0.356607
build_2509,Whitwell,WWL,53.280987,-1.20055
build_2510,Whyteleafe,WHY,51.309834,-0.081725
build_2511,Whyteleafe South,WHS,51.303474,-0.077684
build_2512,Wick,WCK,58.441788,-3.097965
build_2513,Wickford,WIC,51.615025,0.519052
build_2514,Wickham Market,WCM,52.151421,1.398685
build_2515,Widdrington,WDD,55.241428,-1.61623
build_2516,Widnes,WID,53.37849,-2.733556
build_2517,Widney Manor,WMR,52.396175,-1.773647
build_2518,Wigan North Western,WGN,53.543564,-2.632287
build_2519,Wigan Wallgate,WGW,53.545353,-2.633814
build_2520,Wigton,WGT,54.829365,-3.164373
build_2521,Wildmill,WMI,51.520824,-3.579684
build_2522,Willesden Junction,WIJ,51.5322,-0.2435
build_2523,Williamwood,WLM,55.79398,-4.290462
build_2524,Willington,WIL,52.854069,-1.563356
build_2525,Wilmcote,WMC,52.222618,-1.755493
build_2526,Wilmslow,WML,53.326595,-2.225177
build_2527,Wilnecote,WNE,52.610817,-1.679499
build_2528,Wimbledon,WIM,51.421528,-0.206496
build_2529,Wimbledon Chase,WBO,51.409958,-0.214138
build_2530,Winchelsea,WSE,50.933716,0.701241
build_2531,Winchester,WIN,51.067303,-1.320628
build_2532,Winchfield,WNF,51.284481,-0.90733
build_2533,Winchmore Hill,WIH,51.633896,-0.101314
build_2534,Windermere,WDM,54.379745,-2.904339
build_2535,Windsor & Eton Central,WNC,51.48275,-0.608806
build_2536,Windsor & Eton Riverside,WNR,51.486309,-0.605804
build_2537,Winnersh,WNS,51.430779,-0.87795
build_2538,Winnersh Triangle,WTI,51.437233,-0.895052
build_2539,Winsford,WSF,53.190505,-2.494669
build_2540,Wishaw,WSH,55.772346,-3.927267
build_2541,Willenhall,WIA,52.58192,-2.05475
build_2542,Witham,WTM,51.805702,0.641373
build_2543,Witley,WTY,51.133362,-0.645059
build_2544,Witton,WTT,52.51141,-1.883566
build_2545,Wivelsfield,WVF,50.964249,-0.121633
build_2546,Wivenhoe,WIV,51.855789,0.955116
build_2547,Woburn Sands,WOB,52.01817,-0.654073
build_2548,Woking,WOK,51.31847,-0.557814
build_2549,Wokingham,WKM,51.411556,-0.842473
build_2550,Woldingham,WOH,51.289547,-0.051013
build_2551,Wolverhampton,WVH,52.587818,-2.119529
build_2552,Wolverton,WOL,52.064861,-0.80377
build_2553,Wombwell,WOM,53.517754,-1.417811
build_2554,Wood End,WDE,52.344143,-1.844372
build_2555,Wood Street,WST,51.587284,-0.00221
build_2556,Woodbridge,WDB,52.089855,1.31807
build_2557,Woodgrange Park,WGR,51.548706,0.04514
build_2558,Woodhall,WDL,55.931339,-4.655614
build_2559,Woodhouse,WDH,53.364639,-1.358278
build_2560,Woodlesford,WDS,53.756969,-1.443328
build_2561,Woodley,WLY,53.429245,-2.093275
build_2562,Woodmansterne,WME,51.31012,-0.154887
build_2563,Woodsmoor,WSR,53.386055,-2.1413
build_2564,Wool,WOO,50.68148,-2.220775
build_2565,Woolston,WLS,50.898556,-1.37713
build_2566,Woolwich,WWC,51.491578,0.071819
build_2567,Woolwich Arsenal,WWA,51.489815,0.069883
build_2568,Woolwich Dockyard,WWD,51.49099,0.054083
build_2569,Wootton Wawen,WWW,52.265831,-1.784561
build_2570,Worcester Foregate Street,WOF,52.194801,-2.220885
build_2571,Worcester Park,WCP,51.381649,-0.245415
build_2572,Worcester Shrub Hill,WOS,52.194817,-2.210642
build_2573,Worcestershire Parkway,WOP,52.15622,-2.1597
build_2574,Workington,WKG,54.645061,-3.558626
build_2575,Worksop,WRK,53.311005,-1.123444
build_2576,Worle,WOR,51.357995,-2.909703
build_2577,Worplesdon,WPL,51.288189,-0.581705
build_2578,Worstead,WRT,52.777256,1.404282
build_2579,Worthing,WRH,50.818768,-0.375924
build_2580,Wrabness,WRB,51.939228,1.17014
build_2581,Wraysbury,WRY,51.457661,-0.541906
build_2582,Wrenbury,WRE,53.019311,-2.596089
build_2583,Wressle,WRS,53.773212,-0.924169
build_2584,Wrexham Central,WXC,53.044876,-2.996385
build_2585,Wrexham General,WRX,53.05022,-3.002467
build_2586,Wye,WYE,51.185463,0.929188
build_2587,Wylam,WYM,54.974991,-1.814058
build_2588,Wylde Green,WYL,52.545599,-1.831461
build_2589,Wymondham,WMD,52.564804,1.11769
build_2590,Wythall,WYT,52.380131,-1.866284
build_2591,Yalding,YAL,51.226067,0.4118
build_2592,Yardley Wood,YRD,52.421478,-1.854396
build_2593,Yarm,YRM,54.506115,-1.35597
build_2594,Yate,YAE,51.540554,-2.432541
build_2595,Yatton,YAT,51.390965,-2.827815
build_2596,Yeoford,YEO,50.77684,-3.726109
build_2597,Yeovil Junction,YVJ,50.924686,-2.613198
build_2598,Yeovil Pen Mill,YVP,50.944466,-2.613461
build_2599,Yetminster,YET,50.896114,-2.573004
build_2600,Ynyswen,YNW,51.668095,-3.526959
build_2601,Yoker,YOK,55.892792,-4.387464
build_2602,York,YRK,53.957966,-1.093159
build_2603,Yorton,YRT,52.809009,-2.73645
build_2604,Ystrad Mynach,YSM,51.640884,-3.241342
build_2605,Ystrad Rhondda,YSR,51.644478,-3.47557
